dG_interface,ddG_interface,dG_complex,ddG_complex,dG_receptor,ddG_receptor,dG_ligand,ddG_ligand,description
-89.754,0.0,-1302.338,0.0,-717.717,0.0,450.685,0.0,relaxed_wt_1.pdb
-89.618,0.137,-1297.122,5.216,-719.039,-1.322,456.889,6.204,relaxed_wt_1_A_30_S_rep2.pdb
-89.625,0.13,-1294.237,8.101,-718.818,-1.101,455.586,4.901,relaxed_wt_1_A_25_S_rep1.pdb
-88.406,1.348,-1276.152,26.186,-721.11,-3.393,480.819,30.134,relaxed_wt_1_A_28_P_rep2.pdb
-89.727,0.027,-1300.17,2.168,-718.85,-1.134,452.627,1.942,relaxed_wt_1_A_83_D_rep2.pdb
-89.419,0.335,-1302.979,-0.641,-719.462,-1.746,448.684,-2.002,relaxed_wt_1_B_100_F_rep5.pdb
-85.909,3.845,-1300.124,2.214,-720.204,-2.488,449.398,-1.287,relaxed_wt_1_A_27_H_rep4.pdb
-88.032,1.722,-1298.73,3.608,-718.871,-1.155,448.265,-2.42,relaxed_wt_1_A_75_T_rep4.pdb
-89.412,0.343,-1286.085,16.253,-718.977,-1.261,401.831,-48.854,relaxed_wt_1_B_14_T_rep3.pdb
-89.468,0.286,-1303.66,-1.323,-718.924,-1.207,447.725,-2.96,relaxed_wt_1_B_54_N_rep4.pdb
-89.122,0.632,-1295.537,6.801,-719.119,-1.402,454.605,3.92,relaxed_wt_1_A_33_V_rep1.pdb
-89.63,0.124,-1292.377,9.961,-718.81,-1.093,455.308,4.623,relaxed_wt_1_A_22_L_rep3.pdb
-89.391,0.364,-1298.745,3.593,-718.916,-1.2,451.431,0.746,relaxed_wt_1_B_59_C_rep1.pdb
-89.612,0.142,-1296.2,6.138,-718.931,-1.215,454.307,3.622,relaxed_wt_1_A_31_C_rep3.pdb
-88.902,0.852,-1300.871,1.467,-718.817,-1.1,449.172,-1.513,relaxed_wt_1_B_58_T_rep3.pdb
-87.795,1.959,-1299.474,2.864,-717.852,-0.135,447.809,-2.876,relaxed_wt_1_A_33_E_rep3.pdb
-82.425,7.33,-1299.411,2.927,-718.652,-0.936,454.884,4.199,relaxed_wt_1_A_40_E_rep4.pdb
-89.069,0.685,-1299.168,3.17,-717.832,-0.116,446.736,-3.949,relaxed_wt_1_A_33_F_rep1.pdb
-89.752,0.003,-1303.182,-0.845,-719.007,-1.29,446.096,-4.589,relaxed_wt_1_A_78_E_rep5.pdb
-83.628,6.126,-1299.18,3.158,-718.997,-1.28,446.331,-4.354,relaxed_wt_1_A_38_S_rep3.pdb
-89.494,0.26,-1299.213,3.125,-718.868,-1.151,451.582,0.897,relaxed_wt_1_A_23_D_rep1.pdb
-89.354,0.401,-1298.631,3.707,-719.347,-1.63,447.058,-3.627,relaxed_wt_1_A_87_H_rep3.pdb
-86.549,3.205,-1295.955,6.383,-719.211,-1.494,448.247,-2.438,relaxed_wt_1_A_73_G_rep3.pdb
-89.542,0.212,-1301.568,0.77,-718.781,-1.064,449.896,-0.789,relaxed_wt_1_A_83_S_rep3.pdb
-89.414,0.341,-1302.499,-0.161,-718.726,-1.009,447.565,-3.12,relaxed_wt_1_B_100_Q_rep1.pdb
-89.84,-0.086,-1297.056,5.282,-719.015,-1.298,454.668,3.983,relaxed_wt_1_A_31_S_rep3.pdb
-86.984,2.771,-1300.243,2.095,-720.133,-2.416,446.648,-4.037,relaxed_wt_1_A_27_C_rep3.pdb
-89.66,0.095,-1296.268,6.07,-718.857,-1.141,453.458,2.773,relaxed_wt_1_A_31_C_rep5.pdb
-88.781,0.973,-1298.712,3.626,-717.973,-0.256,442.56,-8.125,relaxed_wt_1_B_17_W_rep4.pdb
-89.072,0.682,-1301.412,0.926,-718.896,-1.179,444.507,-6.178,relaxed_wt_1_B_54_A_rep2.pdb
-89.259,0.496,-1306.957,-4.619,-718.915,-1.198,441.406,-9.279,relaxed_wt_1_B_101_P_rep1.pdb
-89.58,0.175,-1297.937,4.401,-718.859,-1.142,460.193,9.508,relaxed_wt_1_A_22_P_rep3.pdb
-89.647,0.108,-1292.595,9.743,-718.944,-1.227,456.374,5.689,relaxed_wt_1_A_22_L_rep2.pdb
-89.785,-0.031,-1297.462,4.876,-719.069,-1.352,452.508,1.823,relaxed_wt_1_A_31_S_rep4.pdb
-89.596,0.159,-1303.607,-1.269,-718.785,-1.068,446.36,-4.325,relaxed_wt_1_A_21_E_rep3.pdb
-89.89,-0.136,-1304.172,-1.834,-718.816,-1.099,447.381,-3.304,relaxed_wt_1_B_101_V_rep4.pdb
-88.456,1.298,-1297.671,4.667,-719.226,-1.509,454.834,4.149,relaxed_wt_1_A_85_D_rep1.pdb
-87.772,1.982,-1301.026,1.312,-719.061,-1.345,447.753,-2.933,relaxed_wt_1_A_26_L_rep3.pdb
-89.72,0.034,-1302.239,0.099,-718.887,-1.17,453.003,2.318,relaxed_wt_1_A_24_M_rep2.pdb
-89.818,-0.064,-1303.043,-0.705,-718.934,-1.217,449.326,-1.359,relaxed_wt_1_A_74_Q_rep3.pdb
-89.651,0.103,-1288.974,13.364,-718.882,-1.165,461.669,10.984,relaxed_wt_1_A_25_G_rep5.pdb
-89.088,0.666,-1302.773,-0.435,-718.993,-1.276,446.223,-4.462,relaxed_wt_1_B_56_E_rep5.pdb
-87.668,2.087,-1297.272,5.066,-718.815,-1.098,451.025,0.34,relaxed_wt_1_A_77_A_rep1.pdb
-88.928,0.827,-1299.673,2.665,-718.376,-0.659,449.068,-1.617,relaxed_wt_1_A_33_G_rep1.pdb
-89.495,0.259,-1296.252,6.086,-719.325,-1.608,454.035,3.35,relaxed_wt_1_A_72_S_rep1.pdb
-89.845,-0.091,-1303.995,-1.657,-718.979,-1.262,448.739,-1.946,relaxed_wt_1_A_78_F_rep2.pdb
-89.582,0.173,-1303.096,-0.759,-718.956,-1.239,449.797,-0.888,relaxed_wt_1_A_29_E_rep2.pdb
-89.484,0.27,-1302.592,-0.255,-719.035,-1.318,448.824,-1.861,relaxed_wt_1_A_83_L_rep2.pdb
-85.644,4.111,-1295.336,7.002,-718.206,-0.489,456.174,5.489,relaxed_wt_1_A_36_P_rep3.pdb
-89.567,0.187,-1304.091,-1.753,-718.892,-1.175,447.125,-3.56,relaxed_wt_1_A_27_R_rep3.pdb
-89.348,0.407,-1299.926,2.412,-718.37,-0.654,451.096,0.411,relaxed_wt_1_A_33_M_rep4.pdb
-89.467,0.287,-1301.235,1.103,-718.641,-0.925,444.628,-6.057,relaxed_wt_1_A_36_R_rep2.pdb
-85.62,4.135,-1300.067,2.271,-719.051,-1.334,452.632,1.947,relaxed_wt_1_A_40_H_rep1.pdb
-89.476,0.279,-1301.313,1.025,-718.933,-1.216,448.358,-2.328,relaxed_wt_1_A_87_Q_rep4.pdb
-89.587,0.167,-1301.853,0.484,-718.936,-1.219,449.442,-1.243,relaxed_wt_1_A_26_F_rep1.pdb
-89.666,0.088,-1290.48,11.857,-718.779,-1.062,461.208,10.523,relaxed_wt_1_A_39_G_rep1.pdb
-88.433,1.322,-1298.417,3.921,-718.025,-0.308,455.305,4.62,relaxed_wt_1_A_82_Q_rep4.pdb
-89.469,0.285,-1296.616,5.722,-719.072,-1.356,453.343,2.658,relaxed_wt_1_A_37_S_rep5.pdb
-87.559,2.196,-1299.27,3.068,-717.636,0.081,449.049,-1.636,relaxed_wt_1_A_28_H_rep4.pdb
-89.374,0.38,-1300.149,2.189,-718.847,-1.13,449.158,-1.527,relaxed_wt_1_B_59_D_rep5.pdb
-88.293,1.461,-1302.583,-0.245,-721.788,-4.071,459.048,8.363,relaxed_wt_1_A_22_M_rep3.pdb
-88.238,1.516,-1204.551,97.787,-716.485,1.232,35.108,-415.577,relaxed_wt_1_B_14_R_rep4.pdb
-91.918,-2.164,-1302.247,0.091,-718.277,-0.56,450.698,0.013,relaxed_wt_1_A_32_H_rep3.pdb
-89.54,0.214,-1303.864,-1.527,-718.816,-1.099,449.407,-1.278,relaxed_wt_1_B_12_Q_rep4.pdb
-91.868,-2.114,-1300.159,2.179,-717.931,-0.215,451.068,0.383,relaxed_wt_1_B_98_F_rep3.pdb
-90.187,-0.433,-1301.833,0.505,-717.98,-0.263,451.971,1.286,relaxed_wt_1_A_78_R_rep4.pdb
-88.043,1.711,-1299.425,2.912,-719.459,-1.742,451.359,0.674,relaxed_wt_1_A_80_M_rep5.pdb
-88.745,1.009,-1301.503,0.835,-719.207,-1.49,446.682,-4.003,relaxed_wt_1_A_34_R_rep2.pdb
-88.235,1.519,-1299.386,2.952,-721.714,-3.997,449.019,-1.666,relaxed_wt_1_A_23_R_rep5.pdb
-89.659,0.095,-1301.065,1.273,-719.003,-1.286,449.149,-1.536,relaxed_wt_1_A_24_D_rep2.pdb
-89.619,0.136,-1302.236,0.102,-718.846,-1.129,442.115,-8.57,relaxed_wt_1_B_17_H_rep1.pdb
-85.159,4.596,-1264.264,38.074,-719.008,-1.291,479.713,29.027,relaxed_wt_1_B_15_P_rep4.pdb
-90.243,-0.489,-1301.299,1.039,-718.102,-0.385,451.637,0.951,relaxed_wt_1_A_35_V_rep2.pdb
-89.519,0.236,-1303.146,-0.808,-718.813,-1.096,446.86,-3.825,relaxed_wt_1_A_86_L_rep2.pdb
-89.574,0.18,-1301.285,1.053,-718.857,-1.14,448.781,-1.904,relaxed_wt_1_A_83_R_rep4.pdb
-89.53,0.225,-1292.135,10.203,-718.918,-1.201,455.383,4.698,relaxed_wt_1_B_17_Y_rep3.pdb
-89.211,0.543,-1300.424,1.914,-718.939,-1.222,449.382,-1.303,relaxed_wt_1_A_79_T_rep2.pdb
-89.519,0.236,-1303.109,-0.771,-719.035,-1.318,445.206,-5.48,relaxed_wt_1_A_29_E_rep4.pdb
-89.48,0.274,-1272.729,29.609,-718.736,-1.019,487.215,36.53,relaxed_wt_1_A_72_M_rep1.pdb
-87.342,2.412,-1296.269,6.069,-717.163,0.554,451.613,0.928,relaxed_wt_1_A_75_L_rep1.pdb
-83.762,5.993,-1159.518,142.82,-717.484,0.233,575.427,124.742,relaxed_wt_1_A_73_P_rep3.pdb
-89.662,0.092,-1301.09,1.248,-718.908,-1.191,451.85,1.165,relaxed_wt_1_A_71_M_rep3.pdb
-85.089,4.665,-1296.077,6.261,-714.879,2.838,458.831,8.146,relaxed_wt_1_A_35_L_rep4.pdb
-89.568,0.187,-1303.731,-1.393,-718.918,-1.201,448.109,-2.576,relaxed_wt_1_A_75_I_rep3.pdb
-81.987,7.767,-1296.583,5.754,-719.042,-1.326,451.701,1.016,relaxed_wt_1_A_38_W_rep1.pdb
-90.897,-1.143,-1300.713,1.625,-718.392,-0.676,453.264,2.579,relaxed_wt_1_A_32_W_rep3.pdb
-88.972,0.782,-1300.461,1.877,-718.845,-1.128,450.935,0.25,relaxed_wt_1_A_85_R_rep2.pdb
-89.662,0.092,-1298.805,3.533,-717.999,-0.282,450.371,-0.314,relaxed_wt_1_A_87_K_rep2.pdb
-82.242,7.512,-1255.781,46.557,-719.145,-1.429,499.998,49.313,relaxed_wt_1_A_40_P_rep4.pdb
-88.846,0.908,-1296.54,5.798,-718.231,-0.515,455.423,4.738,relaxed_wt_1_A_82_H_rep2.pdb
-89.732,0.022,-1302.25,0.088,-718.736,-1.02,450.55,-0.135,relaxed_wt_1_B_98_M_rep4.pdb
-90.001,-0.247,-1305.052,-2.715,-719.396,-1.679,443.882,-6.803,relaxed_wt_1_B_17_Q_rep3.pdb
-86.551,3.203,-1297.574,4.764,-717.642,0.075,451.551,0.866,relaxed_wt_1_B_55_K_rep1.pdb
-89.38,0.374,-1302.683,-0.345,-718.982,-1.265,449.005,-1.68,relaxed_wt_1_B_100_S_rep2.pdb
-89.557,0.197,-1303.772,-1.435,-718.96,-1.243,447.478,-3.207,relaxed_wt_1_B_15_E_rep4.pdb
-91.623,-1.869,-1273.556,28.782,-716.926,0.791,477.146,26.461,relaxed_wt_1_B_11_R_rep4.pdb
-89.307,0.448,-1298.864,3.474,-718.903,-1.186,456.543,5.858,relaxed_wt_1_B_13_N_rep3.pdb
-89.786,-0.032,-1300.45,1.888,-717.198,0.518,448.376,-2.309,relaxed_wt_1_A_32_L_rep5.pdb
-85.238,4.516,-1295.597,6.741,-718.127,-0.41,457.161,6.475,relaxed_wt_1_A_82_E_rep4.pdb
-89.435,0.319,-1302.333,0.005,-718.901,-1.184,448.043,-2.642,relaxed_wt_1_B_100_Q_rep5.pdb
-89.573,0.181,-1303.765,-1.427,-718.95,-1.233,446.708,-3.977,relaxed_wt_1_A_75_I_rep1.pdb
-86.303,3.451,-1298.508,3.83,-720.329,-2.613,448.151,-2.534,relaxed_wt_1_A_27_G_rep4.pdb
-89.18,0.574,-1294.249,8.089,-717.974,-0.257,456.713,6.027,relaxed_wt_1_A_28_V_rep5.pdb
-89.501,0.254,-1303.735,-1.397,-718.941,-1.225,443.925,-6.76,relaxed_wt_1_B_59_Q_rep4.pdb
-91.505,-1.751,-1300.471,1.866,-717.691,0.026,449.371,-1.314,relaxed_wt_1_A_32_F_rep3.pdb
-89.749,0.005,-1288.834,13.504,-718.822,-1.106,461.368,10.683,relaxed_wt_1_A_31_V_rep3.pdb
-89.644,0.11,-1302.135,0.203,-718.949,-1.232,449.18,-1.505,relaxed_wt_1_A_25_V_rep1.pdb
-89.096,0.659,-1300.731,1.607,-718.553,-0.836,449.791,-0.894,relaxed_wt_1_A_34_D_rep4.pdb
-85.401,4.354,-1299.83,2.508,-719.064,-1.348,443.909,-6.777,relaxed_wt_1_B_15_T_rep3.pdb
-89.419,0.336,-1301.404,0.934,-718.986,-1.27,449.673,-1.012,relaxed_wt_1_A_26_H_rep3.pdb
-89.894,-0.139,-1302.246,0.092,-718.784,-1.067,449.506,-1.179,relaxed_wt_1_B_57_I_rep2.pdb
-89.531,0.223,-1302.3,0.038,-718.909,-1.192,447.485,-3.2,relaxed_wt_1_A_21_A_rep5.pdb
-89.864,-0.11,-1300.506,1.832,-718.98,-1.264,448.565,-2.12,relaxed_wt_1_A_24_P_rep5.pdb
-89.518,0.236,-1303.73,-1.392,-718.882,-1.165,446.885,-3.8,relaxed_wt_1_A_32_R_rep1.pdb
-87.755,1.999,-1290.699,11.639,-717.305,0.412,471.785,21.1,relaxed_wt_1_A_41_F_rep3.pdb
-90.76,-1.006,-1303.554,-1.216,-719.079,-1.363,447.38,-3.305,relaxed_wt_1_A_34_V_rep4.pdb
-90.918,-1.164,-1303.318,-0.98,-719.02,-1.304,446.526,-4.159,relaxed_wt_1_A_34_V_rep3.pdb
-89.526,0.228,-1304.008,-1.67,-718.905,-1.188,443.239,-7.446,relaxed_wt_1_A_21_Y_rep4.pdb
-88.971,0.783,-1300.86,1.477,-718.952,-1.236,450.26,-0.425,relaxed_wt_1_B_102_D_rep5.pdb
-89.123,0.631,-1296.076,6.262,-719.185,-1.468,451.762,1.077,relaxed_wt_1_A_33_V_rep5.pdb
-89.771,-0.016,-1299.681,2.657,-718.896,-1.179,449.579,-1.106,relaxed_wt_1_A_76_S_rep3.pdb
-85.109,4.645,-1302.709,-0.372,-719.413,-1.696,446.105,-4.58,relaxed_wt_1_B_56_P_rep4.pdb
-89.763,-0.009,-1298.313,4.025,-718.841,-1.124,453.126,2.44,relaxed_wt_1_A_30_C_rep2.pdb
-86.15,3.604,-1278.541,23.797,-714.892,2.824,474.776,24.091,relaxed_wt_1_A_41_I_rep3.pdb
-89.7,0.055,-1301.666,0.672,-718.942,-1.226,449.845,-0.84,relaxed_wt_1_A_79_C_rep4.pdb
-89.543,0.211,-1298.833,3.505,-718.857,-1.14,455.441,4.756,relaxed_wt_1_A_22_R_rep1.pdb
-88.669,1.085,-1296.467,5.871,-719.037,-1.32,454.285,3.6,relaxed_wt_1_A_85_G_rep5.pdb
-88.138,1.617,-1301.465,0.873,-718.613,-0.896,445.689,-4.996,relaxed_wt_1_B_101_N_rep5.pdb
-89.622,0.132,-1301.563,0.775,-718.851,-1.135,450.769,0.084,relaxed_wt_1_B_12_G_rep3.pdb
-88.261,1.493,-1303.689,-1.351,-719.082,-1.365,447.02,-3.665,relaxed_wt_1_B_101_S_rep1.pdb
-86.278,3.476,-1304.777,-2.439,-723.033,-5.316,443.222,-7.463,relaxed_wt_1_A_27_E_rep5.pdb
-88.982,0.772,-1298.777,3.561,-719.249,-1.532,446.625,-4.06,relaxed_wt_1_A_87_Y_rep5.pdb
-89.584,0.171,-1303.606,-1.268,-718.81,-1.093,445.866,-4.819,relaxed_wt_1_A_38_L_rep4.pdb
-89.343,0.412,-1301.744,0.594,-718.859,-1.142,447.819,-2.866,relaxed_wt_1_A_86_M_rep3.pdb
-69.735,20.019,-1067.79,234.548,-680.566,37.15,516.041,65.356,relaxed_wt_1_A_30_P_rep2.pdb
-89.555,0.199,-1303.342,-1.004,-718.918,-1.201,448.988,-1.697,relaxed_wt_1_A_86_S_rep2.pdb
-89.683,0.072,-1300.612,1.726,-719.057,-1.34,450.852,0.167,relaxed_wt_1_A_31_N_rep3.pdb
-85.471,4.283,-1303.206,-0.868,-723.026,-5.309,443.456,-7.229,relaxed_wt_1_A_27_S_rep5.pdb
-88.472,1.282,-1299.935,2.403,-719.107,-1.39,446.95,-3.735,relaxed_wt_1_A_81_C_rep2.pdb
-89.512,0.242,-1296.213,6.125,-719.025,-1.308,456.099,5.414,relaxed_wt_1_A_39_A_rep2.pdb
-88.072,1.682,-1300.606,1.732,-719.15,-1.433,446.251,-4.435,relaxed_wt_1_B_56_G_rep2.pdb
-90.193,-0.439,-1300.191,2.147,-717.025,0.692,439.83,-10.855,relaxed_wt_1_B_15_M_rep3.pdb
-89.287,0.467,-1304.554,-2.216,-718.921,-1.204,445.453,-5.232,relaxed_wt_1_A_79_E_rep3.pdb
-89.319,0.435,-1301.715,0.623,-718.982,-1.265,450.333,-0.352,relaxed_wt_1_B_100_L_rep1.pdb
-84.002,5.753,-1299.562,2.776,-719.07,-1.353,450.229,-0.456,relaxed_wt_1_A_38_N_rep1.pdb
-85.207,4.547,-1295.97,6.368,-717.765,-0.048,457.173,6.488,relaxed_wt_1_A_82_E_rep5.pdb
-89.402,0.352,-1298.902,3.436,-718.859,-1.142,449.646,-1.039,relaxed_wt_1_A_87_M_rep1.pdb
-87.175,2.579,-1299.994,2.344,-718.654,-0.938,452.255,1.57,relaxed_wt_1_B_54_R_rep3.pdb
-89.763,-0.009,-1301.246,1.092,-718.959,-1.242,449.688,-0.998,relaxed_wt_1_A_24_H_rep4.pdb
-89.104,0.65,-1265.193,37.145,-719.371,-1.655,480.139,29.454,relaxed_wt_1_A_29_P_rep5.pdb
-88.896,0.858,-1303.662,-1.324,-721.829,-4.112,450.429,-0.256,relaxed_wt_1_A_28_C_rep5.pdb
-89.137,0.617,-1302.747,-0.409,-718.856,-1.139,447.532,-3.153,relaxed_wt_1_A_37_Y_rep4.pdb
-89.687,0.067,-1290.687,11.651,-718.95,-1.233,461.61,10.925,relaxed_wt_1_A_31_Y_rep5.pdb
-89.566,0.188,-1293.071,9.267,-719.026,-1.309,459.392,8.707,relaxed_wt_1_A_23_G_rep2.pdb
-89.587,0.167,-1283.06,19.278,-718.675,-0.958,474.8,24.115,relaxed_wt_1_B_11_V_rep1.pdb
-89.562,0.192,-1279.814,22.524,-718.533,-0.816,439.18,-11.505,relaxed_wt_1_B_14_E_rep4.pdb
-90.054,-0.299,-1291.869,10.469,-718.663,-0.947,459.887,9.202,relaxed_wt_1_A_31_F_rep2.pdb
-89.663,0.091,-1289.511,12.827,-718.827,-1.11,461.256,10.571,relaxed_wt_1_A_31_W_rep5.pdb
-89.563,0.192,-1299.141,3.197,-718.857,-1.14,452.597,1.912,relaxed_wt_1_A_21_G_rep1.pdb
-89.417,0.337,-1299.292,3.046,-719.64,-1.923,449.989,-0.696,relaxed_wt_1_A_80_T_rep1.pdb
-89.603,0.152,-1303.843,-1.505,-718.829,-1.113,443.63,-7.055,relaxed_wt_1_B_17_S_rep4.pdb
-86.827,2.927,-1298.77,3.568,-717.559,0.157,450.369,-0.316,relaxed_wt_1_A_73_V_rep3.pdb
-89.62,0.134,-1301.87,0.467,-718.883,-1.166,447.533,-3.152,relaxed_wt_1_A_83_Q_rep5.pdb
-88.7,1.054,-1295.615,6.723,-719.387,-1.67,454.338,3.653,relaxed_wt_1_A_85_W_rep2.pdb
-89.568,0.186,-1301.324,1.014,-718.939,-1.223,452.274,1.589,relaxed_wt_1_A_22_Q_rep5.pdb
-89.313,0.441,-1296.256,6.082,-717.849,-0.132,458.886,8.201,relaxed_wt_1_A_82_H_rep1.pdb
-83.371,6.383,-1298.6,3.738,-719.483,-1.767,448.863,-1.822,relaxed_wt_1_B_55_D_rep4.pdb
-89.024,0.73,-1304.167,-1.83,-719.73,-2.014,449.298,-1.387,relaxed_wt_1_A_79_S_rep3.pdb
-89.029,0.725,-1300.805,1.533,-718.742,-1.025,450.607,-0.078,relaxed_wt_1_B_13_R_rep5.pdb
-89.945,-0.191,-1294.015,8.323,-718.95,-1.233,456.466,5.781,relaxed_wt_1_A_30_R_rep3.pdb
-89.638,0.116,-1303.908,-1.57,-718.708,-0.991,445.663,-5.022,relaxed_wt_1_A_82_P_rep3.pdb
-88.167,1.587,-1300.366,1.971,-718.986,-1.269,449.085,-1.6,relaxed_wt_1_B_56_G_rep1.pdb
-86.409,3.346,-1300.728,1.61,-720.09,-2.373,447.628,-3.057,relaxed_wt_1_A_27_D_rep4.pdb
-87.698,2.057,-1273.724,28.614,-721.475,-3.759,482.407,31.722,relaxed_wt_1_B_11_Q_rep5.pdb
-91.643,-1.889,-1282.107,20.231,-719.537,-1.82,471.369,20.684,relaxed_wt_1_A_34_P_rep1.pdb
-88.727,1.027,-1299.735,2.603,-718.73,-1.014,451.471,0.786,relaxed_wt_1_A_85_I_rep5.pdb
-89.572,0.182,-1303.975,-1.637,-718.899,-1.182,445.189,-5.496,relaxed_wt_1_A_76_E_rep3.pdb
-92.902,-3.148,-1302.687,-0.349,-718.67,-0.953,449.859,-0.826,relaxed_wt_1_B_57_M_rep3.pdb
-89.745,0.01,-1297.465,4.873,-718.85,-1.133,455.069,4.384,relaxed_wt_1_A_30_S_rep3.pdb
-88.631,1.123,-1292.989,9.349,-718.748,-1.031,454.994,4.309,relaxed_wt_1_A_74_W_rep2.pdb
-90.389,-0.634,-1301.833,0.505,-717.895,-0.178,450.218,-0.467,relaxed_wt_1_A_78_Q_rep2.pdb
-87.433,2.322,-1296.636,5.702,-717.599,0.117,458.695,8.01,relaxed_wt_1_A_82_Y_rep1.pdb
-90.034,-0.28,-1288.068,14.27,-718.796,-1.079,468.694,18.009,relaxed_wt_1_B_14_D_rep2.pdb
-89.418,0.336,-1293.987,8.351,-718.807,-1.09,456.89,6.205,relaxed_wt_1_A_37_D_rep5.pdb
-89.656,0.099,-1303.857,-1.519,-718.844,-1.128,446.587,-4.098,relaxed_wt_1_B_98_A_rep5.pdb
-89.669,0.085,-1299.051,3.287,-718.522,-0.805,452.905,2.22,relaxed_wt_1_A_33_C_rep1.pdb
-89.472,0.282,-1281.008,21.33,-718.062,-0.345,469.922,19.236,relaxed_wt_1_A_39_Y_rep5.pdb
-88.436,1.318,-1300.621,1.717,-718.937,-1.22,448.606,-2.079,relaxed_wt_1_A_85_H_rep4.pdb
-89.689,0.065,-1303.672,-1.334,-718.806,-1.09,447.053,-3.632,relaxed_wt_1_A_38_L_rep3.pdb
-89.623,0.131,-1300.928,1.41,-717.999,-0.282,447.332,-3.353,relaxed_wt_1_A_83_F_rep1.pdb
-80.877,8.877,-1284.992,17.346,-716.368,1.349,456.823,6.138,relaxed_wt_1_A_75_R_rep5.pdb
-89.665,0.089,-1278.039,24.299,-718.79,-1.073,458.802,8.117,relaxed_wt_1_B_11_T_rep1.pdb
-89.558,0.196,-1297.94,4.398,-718.937,-1.221,459.687,9.002,relaxed_wt_1_A_22_P_rep2.pdb
-85.904,3.85,-1298.683,3.655,-719.12,-1.403,447.004,-3.681,relaxed_wt_1_A_77_S_rep5.pdb
-89.825,-0.07,-1302.238,0.1,-719.001,-1.284,446.895,-3.79,relaxed_wt_1_A_32_T_rep5.pdb
-89.145,0.61,-1297.244,5.094,-718.252,-0.535,450.662,-0.023,relaxed_wt_1_A_78_G_rep5.pdb
-84.511,5.243,-1295.512,6.826,-717.395,0.322,451.592,0.907,relaxed_wt_1_B_15_K_rep5.pdb
-89.602,0.152,-1283.093,19.245,-718.938,-1.222,472.898,22.213,relaxed_wt_1_A_76_P_rep1.pdb
-90.185,-0.431,-1300.993,1.345,-718.648,-0.931,452.368,1.683,relaxed_wt_1_A_24_K_rep2.pdb
-91.502,-1.748,-1304.07,-1.732,-718.663,-0.946,441.933,-8.752,relaxed_wt_1_B_100_Y_rep1.pdb
-90.701,-0.947,-1300.446,1.892,-718.698,-0.981,451.069,0.384,relaxed_wt_1_A_76_C_rep4.pdb
-84.396,5.358,-1295.055,7.283,-717.925,-0.208,456.307,5.622,relaxed_wt_1_A_40_C_rep2.pdb
-89.774,-0.02,-1283.49,18.848,-717.605,0.111,456.298,5.613,relaxed_wt_1_A_87_L_rep3.pdb
-93.869,-4.115,-1303.649,-1.311,-717.852,-0.136,453.604,2.919,relaxed_wt_1_A_32_Y_rep3.pdb
-89.765,-0.011,-1301.105,1.233,-718.681,-0.964,448.952,-1.733,relaxed_wt_1_B_98_I_rep1.pdb
-90.941,-1.187,-1303.441,-1.103,-718.598,-0.881,462.344,11.659,relaxed_wt_1_B_54_W_rep3.pdb
-89.683,0.071,-1278.065,24.273,-718.79,-1.074,459.899,9.214,relaxed_wt_1_B_11_T_rep2.pdb
-84.959,4.795,-1302.512,-0.174,-718.685,-0.968,446.126,-4.559,relaxed_wt_1_A_40_Y_rep4.pdb
-89.483,0.272,-1303.613,-1.276,-718.838,-1.121,448.997,-1.688,relaxed_wt_1_A_35_A_rep1.pdb
-89.56,0.194,-1303.837,-1.499,-718.968,-1.251,446.06,-4.625,relaxed_wt_1_A_28_R_rep4.pdb
-85.657,4.097,-1303.095,-0.757,-723.039,-5.322,446.116,-4.57,relaxed_wt_1_A_27_D_rep2.pdb
-89.862,-0.108,-1302.423,-0.085,-718.926,-1.209,448.625,-2.06,relaxed_wt_1_B_57_I_rep1.pdb
-89.939,-0.185,-1282.925,19.413,-718.683,-0.967,472.463,21.778,relaxed_wt_1_B_14_N_rep2.pdb
-90.408,-0.654,-1300.466,1.872,-718.904,-1.187,451.847,1.162,relaxed_wt_1_A_32_M_rep5.pdb
-89.582,0.172,-1298.145,4.193,-718.899,-1.182,451.69,1.005,relaxed_wt_1_A_23_R_rep1.pdb
-89.056,0.698,-1297.858,4.48,-718.078,-0.361,451.799,1.114,relaxed_wt_1_A_81_W_rep1.pdb
-89.571,0.183,-1303.773,-1.435,-718.889,-1.172,445.752,-4.933,relaxed_wt_1_A_26_S_rep2.pdb
-86.359,3.395,-1300.633,1.705,-718.09,-0.373,447.03,-3.655,relaxed_wt_1_A_77_Y_rep4.pdb
-88.678,1.076,-1303.22,-0.882,-719.19,-1.474,448.631,-2.054,relaxed_wt_1_A_28_N_rep4.pdb
-80.481,9.273,-1293.678,8.66,-718.071,-0.354,455.073,4.388,relaxed_wt_1_A_35_K_rep1.pdb
-90.272,-0.518,-1265.389,36.949,-716.937,0.78,451.263,0.578,relaxed_wt_1_B_11_I_rep1.pdb
-84.247,5.507,-1299.515,2.823,-718.899,-1.182,448.419,-2.266,relaxed_wt_1_B_55_Y_rep2.pdb
-89.621,0.133,-1301.874,0.464,-718.915,-1.198,448.826,-1.859,relaxed_wt_1_A_21_A_rep1.pdb
-91.076,-1.322,-1300.906,1.432,-718.838,-1.121,448.852,-1.833,relaxed_wt_1_B_58_F_rep3.pdb
-87.883,1.871,-1302.353,-0.015,-719.136,-1.419,447.197,-3.488,relaxed_wt_1_A_73_N_rep5.pdb
-88.177,1.578,-1272.401,29.936,-716.732,0.985,281.894,-168.791,relaxed_wt_1_B_14_P_rep3.pdb
-87.313,2.441,-1298.293,4.045,-717.865,-0.148,443.82,-6.865,relaxed_wt_1_B_15_C_rep5.pdb
-85.658,4.096,-1290.223,12.115,-719.167,-1.45,460.891,10.206,relaxed_wt_1_A_41_F_rep2.pdb
-89.866,-0.112,-1299.871,2.467,-718.977,-1.26,449.209,-1.476,relaxed_wt_1_A_76_S_rep4.pdb
-90.766,-1.012,-1300.722,1.616,-718.841,-1.124,449.828,-0.857,relaxed_wt_1_B_59_M_rep5.pdb
-89.74,0.014,-1301.257,1.081,-718.809,-1.092,452.025,1.34,relaxed_wt_1_A_24_L_rep1.pdb
-89.687,0.067,-1303.834,-1.496,-718.929,-1.213,442.522,-8.163,relaxed_wt_1_B_17_A_rep4.pdb
-89.264,0.49,-1302.96,-0.622,-718.807,-1.09,448.919,-1.766,relaxed_wt_1_B_100_M_rep4.pdb
-91.575,-1.821,-1298.096,4.242,-717.847,-0.13,456.069,5.384,relaxed_wt_1_B_98_W_rep3.pdb
-90.023,-0.269,-1299.497,2.841,-718.744,-1.028,450.518,-0.167,relaxed_wt_1_A_24_R_rep2.pdb
-89.717,0.038,-1303.607,-1.269,-718.962,-1.245,445.359,-5.327,relaxed_wt_1_A_78_E_rep1.pdb
-88.662,1.092,-1300.882,1.456,-718.851,-1.134,449.707,-0.979,relaxed_wt_1_A_85_L_rep2.pdb
-89.582,0.172,-1299.158,3.18,-718.894,-1.177,470.064,19.379,relaxed_wt_1_A_22_C_rep4.pdb
-82.709,7.045,-1297.915,4.423,-718.096,-0.379,456.839,6.154,relaxed_wt_1_A_40_D_rep1.pdb
-89.925,-0.17,-1294.019,8.319,-718.772,-1.055,452.243,1.558,relaxed_wt_1_A_29_V_rep2.pdb
-86.443,3.311,-1297.531,4.806,-717.542,0.175,449.331,-1.354,relaxed_wt_1_A_73_T_rep4.pdb
-89.58,0.174,-1294.715,7.623,-718.868,-1.151,455.487,4.802,relaxed_wt_1_A_25_D_rep5.pdb
-89.845,-0.091,-1299.489,2.849,-718.316,-0.599,447.929,-2.757,relaxed_wt_1_B_15_W_rep5.pdb
-86.574,3.181,-1298.607,3.73,-717.729,-0.012,458.49,7.805,relaxed_wt_1_A_40_I_rep2.pdb
-84.058,5.696,-1285.316,17.021,-714.975,2.741,462.701,12.016,relaxed_wt_1_A_41_R_rep3.pdb
-82.055,7.7,-1298.379,3.959,-719.263,-1.547,446.003,-4.682,relaxed_wt_1_A_38_D_rep2.pdb
-89.504,0.25,-1301.667,0.671,-719.001,-1.284,452.132,1.447,relaxed_wt_1_A_29_N_rep2.pdb
-87.658,2.096,-1300.348,1.99,-718.628,-0.911,448.119,-2.566,relaxed_wt_1_A_36_E_rep1.pdb
-84.069,5.685,-1282.714,19.624,-715.274,2.443,487.42,36.734,relaxed_wt_1_B_13_Y_rep1.pdb
-88.012,1.743,-1302.286,0.052,-721.728,-4.012,447.57,-3.115,relaxed_wt_1_A_26_A_rep3.pdb
-87.314,2.441,-1301.71,0.628,-719.993,-2.276,449.497,-1.188,relaxed_wt_1_A_27_L_rep4.pdb
-89.475,0.279,-1302.633,-0.296,-718.95,-1.234,449.32,-1.365,relaxed_wt_1_A_21_W_rep3.pdb
-89.439,0.315,-1300.498,1.84,-718.962,-1.245,449.0,-1.685,relaxed_wt_1_A_87_N_rep3.pdb
-89.195,0.559,-1300.904,1.434,-718.925,-1.208,450.297,-0.388,relaxed_wt_1_B_102_Q_rep5.pdb
-88.414,1.34,-1301.797,0.541,-719.201,-1.484,448.608,-2.077,relaxed_wt_1_A_26_E_rep1.pdb
-88.78,0.975,-1300.946,1.392,-718.976,-1.259,445.053,-5.632,relaxed_wt_1_B_54_A_rep5.pdb
-90.197,-0.443,-1293.088,9.25,-718.893,-1.176,459.747,9.062,relaxed_wt_1_A_30_M_rep2.pdb
-89.394,0.36,-1296.042,6.296,-718.82,-1.104,447.296,-3.389,relaxed_wt_1_B_13_F_rep3.pdb
-85.275,4.479,-1298.777,3.561,-719.936,-2.219,448.38,-2.305,relaxed_wt_1_B_55_G_rep5.pdb
-89.673,0.081,-1293.125,9.213,-719.013,-1.296,458.561,7.876,relaxed_wt_1_A_30_G_rep4.pdb
-89.778,-0.024,-1295.927,6.411,-718.564,-0.847,453.596,2.911,relaxed_wt_1_A_31_L_rep1.pdb
-89.335,0.42,-1298.7,3.638,-718.899,-1.183,453.694,3.009,relaxed_wt_1_B_13_S_rep2.pdb
-86.797,2.958,-1283.18,19.158,-718.777,-1.06,472.528,21.843,relaxed_wt_1_B_55_P_rep4.pdb
-84.517,5.237,-1294.546,7.792,-717.888,-0.171,459.557,8.872,relaxed_wt_1_A_82_K_rep4.pdb
-89.58,0.175,-1303.657,-1.319,-718.836,-1.119,446.531,-4.154,relaxed_wt_1_B_15_E_rep2.pdb
-89.744,0.01,-1303.87,-1.532,-718.896,-1.179,449.927,-0.758,relaxed_wt_1_B_56_A_rep4.pdb
-78.731,11.023,-1093.069,209.269,-718.209,-0.493,672.837,222.152,relaxed_wt_1_B_11_Y_rep5.pdb
-86.938,2.817,-1300.276,2.062,-720.13,-2.414,446.146,-4.539,relaxed_wt_1_A_27_C_rep5.pdb
-89.694,0.06,-1301.682,0.656,-718.782,-1.065,450.996,0.311,relaxed_wt_1_B_54_M_rep3.pdb
-90.186,-0.432,-1300.849,1.489,-718.924,-1.207,451.355,0.67,relaxed_wt_1_A_24_Q_rep5.pdb
-89.649,0.106,-1303.467,-1.129,-718.821,-1.105,447.95,-2.735,relaxed_wt_1_B_12_R_rep5.pdb
-88.11,1.644,-1261.715,40.623,-716.766,0.951,449.564,-1.121,relaxed_wt_1_A_25_W_rep4.pdb
-90.112,-0.358,-1288.628,13.71,-718.874,-1.158,457.745,7.06,relaxed_wt_1_A_39_E_rep2.pdb
-89.62,0.134,-1288.104,14.234,-718.77,-1.053,460.418,9.733,relaxed_wt_1_A_41_D_rep1.pdb
-88.307,1.447,-1279.132,23.206,-719.159,-1.442,463.858,13.173,relaxed_wt_1_A_25_R_rep4.pdb
-86.006,3.748,-1296.364,5.974,-717.486,0.231,448.637,-2.048,relaxed_wt_1_A_84_L_rep1.pdb
-86.441,3.313,-1301.056,1.282,-719.798,-2.082,450.391,-0.294,relaxed_wt_1_A_27_K_rep4.pdb
-87.871,1.883,-1284.461,17.877,-715.459,2.258,488.951,38.266,relaxed_wt_1_A_41_W_rep1.pdb
-85.773,3.982,-1300.074,2.264,-716.428,1.289,442.476,-8.209,relaxed_wt_1_A_40_Y_rep3.pdb
-88.46,1.294,-1298.043,4.294,-718.845,-1.128,455.857,5.172,relaxed_wt_1_B_13_K_rep1.pdb
-89.455,0.299,-1298.158,4.18,-718.915,-1.198,452.474,1.789,relaxed_wt_1_B_59_V_rep1.pdb
-89.316,0.438,-1302.289,0.049,-719.223,-1.506,446.888,-3.797,relaxed_wt_1_A_34_S_rep4.pdb
-87.624,2.13,-1303.882,-1.544,-719.006,-1.289,445.904,-4.781,relaxed_wt_1_A_28_R_rep2.pdb
-89.917,-0.163,-1301.105,1.233,-718.099,-0.382,449.092,-1.593,relaxed_wt_1_A_83_Y_rep2.pdb
-88.467,1.287,-1299.757,2.581,-718.856,-1.14,450.293,-0.392,relaxed_wt_1_A_82_S_rep2.pdb
-89.603,0.152,-1303.679,-1.341,-719.009,-1.292,447.056,-3.629,relaxed_wt_1_A_38_L_rep5.pdb
-86.281,3.473,-1297.484,4.854,-718.566,-0.849,454.975,4.29,relaxed_wt_1_B_58_Q_rep1.pdb
-89.573,0.181,-1303.679,-1.341,-718.91,-1.193,447.741,-2.944,relaxed_wt_1_A_79_R_rep3.pdb
-89.05,0.705,-1292.775,9.563,-718.44,-0.723,455.082,4.397,relaxed_wt_1_A_76_F_rep2.pdb
-89.86,-0.105,-1302.737,-0.399,-719.339,-1.622,449.438,-1.247,relaxed_wt_1_A_74_L_rep4.pdb
-88.42,1.334,-1300.149,2.188,-718.796,-1.079,450.825,0.14,relaxed_wt_1_A_85_Q_rep4.pdb
-90.428,-0.673,-1296.524,5.814,-717.525,0.192,440.839,-9.846,relaxed_wt_1_A_30_F_rep1.pdb
-86.527,3.227,-1284.084,18.254,-716.133,1.584,471.375,20.69,relaxed_wt_1_A_41_W_rep3.pdb
-86.3,3.455,-1286.889,15.449,-718.004,-0.287,462.343,11.658,relaxed_wt_1_A_75_G_rep2.pdb
-91.211,-1.456,-1279.477,22.861,-716.906,0.811,467.3,16.615,relaxed_wt_1_B_11_M_rep1.pdb
-83.173,6.581,-1272.941,29.397,-717.615,0.102,474.342,23.657,relaxed_wt_1_A_38_P_rep4.pdb
-89.373,0.382,-1299.79,2.548,-718.897,-1.18,452.196,1.511,relaxed_wt_1_B_13_A_rep4.pdb
-88.133,1.621,-1301.14,1.198,-718.496,-0.78,450.97,0.285,relaxed_wt_1_A_35_Q_rep3.pdb
-85.41,4.344,-1298.843,3.495,-718.682,-0.965,449.748,-0.937,relaxed_wt_1_A_77_E_rep5.pdb
-87.588,2.166,-1296.9,5.438,-718.779,-1.062,451.709,1.024,relaxed_wt_1_B_58_D_rep2.pdb
-89.503,0.251,-1298.071,4.267,-718.867,-1.15,445.926,-4.759,relaxed_wt_1_B_11_S_rep4.pdb
-90.248,-0.494,-1298.644,3.694,-717.634,0.083,459.468,8.783,relaxed_wt_1_A_82_F_rep4.pdb
-88.473,1.281,-1303.992,-1.654,-719.435,-1.718,445.203,-5.482,relaxed_wt_1_A_34_T_rep3.pdb
-89.933,-0.179,-1281.87,20.468,-718.696,-0.98,475.161,24.476,relaxed_wt_1_B_14_H_rep3.pdb
-90.937,-1.183,-1181.592,120.746,-718.434,-0.717,575.803,125.118,relaxed_wt_1_B_98_P_rep1.pdb
-89.591,0.163,-1304.062,-1.724,-718.854,-1.138,443.673,-7.012,relaxed_wt_1_B_17_K_rep4.pdb
-86.082,3.672,-1287.482,14.856,-719.928,-2.211,479.132,28.447,relaxed_wt_1_A_41_R_rep2.pdb
-90.563,-0.809,-1296.637,5.701,-717.554,0.163,443.528,-7.157,relaxed_wt_1_A_30_F_rep3.pdb
-89.502,0.252,-1292.102,10.236,-718.85,-1.133,455.853,5.168,relaxed_wt_1_A_72_G_rep2.pdb
-89.893,-0.139,-1295.464,6.874,-718.266,-0.549,454.646,3.961,relaxed_wt_1_B_58_K_rep1.pdb
-89.549,0.205,-1300.009,2.329,-718.961,-1.244,447.8,-2.885,relaxed_wt_1_A_83_C_rep5.pdb
-91.192,-1.437,-1299.18,3.158,-717.568,0.149,459.443,8.758,relaxed_wt_1_A_82_M_rep2.pdb
-85.638,4.116,-1300.062,2.276,-719.028,-1.312,451.444,0.759,relaxed_wt_1_A_40_H_rep2.pdb
-90.153,-0.399,-1301.399,0.939,-718.986,-1.269,452.19,1.505,relaxed_wt_1_A_24_Q_rep4.pdb
-89.722,0.032,-1294.268,8.07,-718.78,-1.063,456.799,6.114,relaxed_wt_1_A_25_S_rep3.pdb
-90.059,-0.305,-1303.417,-1.079,-718.906,-1.19,448.735,-1.95,relaxed_wt_1_A_33_R_rep3.pdb
-88.837,0.917,-1279.099,23.239,-719.019,-1.303,465.844,15.159,relaxed_wt_1_A_25_R_rep2.pdb
-89.414,0.34,-1300.717,1.621,-718.973,-1.256,449.788,-0.897,relaxed_wt_1_A_76_D_rep3.pdb
-89.043,0.711,-1293.846,8.492,-718.15,-0.433,456.891,6.206,relaxed_wt_1_A_74_F_rep3.pdb
-89.849,-0.095,-1299.685,2.652,-718.781,-1.064,449.857,-0.828,relaxed_wt_1_A_76_S_rep1.pdb
-88.67,1.084,-1293.331,9.007,-717.971,-0.254,457.088,6.403,relaxed_wt_1_A_74_F_rep1.pdb
-89.569,0.185,-1303.629,-1.291,-718.861,-1.144,447.53,-3.155,relaxed_wt_1_A_41_P_rep3.pdb
-89.534,0.22,-1300.062,2.276,-719.01,-1.294,449.671,-1.014,relaxed_wt_1_A_23_S_rep2.pdb
-89.502,0.252,-1300.548,1.79,-718.876,-1.16,451.096,0.411,relaxed_wt_1_B_100_C_rep5.pdb
-88.51,1.244,-1299.106,3.232,-717.901,-0.184,451.057,0.372,relaxed_wt_1_A_26_K_rep2.pdb
-89.628,0.126,-1304.6,-2.262,-719.009,-1.293,447.004,-3.681,relaxed_wt_1_B_12_N_rep5.pdb
-89.594,0.16,-1301.708,0.63,-718.857,-1.141,447.843,-2.842,relaxed_wt_1_A_24_I_rep2.pdb
-83.292,6.462,-1297.898,4.44,-719.543,-1.827,446.396,-4.289,relaxed_wt_1_B_55_D_rep1.pdb
-89.518,0.236,-1296.299,6.039,-718.826,-1.11,455.636,4.951,relaxed_wt_1_A_39_N_rep1.pdb
-88.098,1.656,-1300.388,1.95,-718.933,-1.216,445.492,-5.193,relaxed_wt_1_B_56_G_rep3.pdb
-89.827,-0.072,-1291.666,10.672,-718.728,-1.011,453.981,3.296,relaxed_wt_1_A_25_H_rep3.pdb
-89.467,0.287,-1302.575,-0.237,-718.883,-1.166,449.215,-1.47,relaxed_wt_1_B_100_A_rep4.pdb
-89.107,0.647,-1303.641,-1.303,-718.789,-1.072,446.092,-4.593,relaxed_wt_1_B_98_N_rep5.pdb
-89.345,0.409,-1287.115,15.223,-718.59,-0.873,463.844,13.159,relaxed_wt_1_A_80_V_rep1.pdb
-78.492,11.262,-1291.447,10.891,-719.123,-1.406,442.711,-7.974,relaxed_wt_1_A_38_K_rep4.pdb
-85.87,3.884,-1262.683,39.655,-718.822,-1.105,485.281,34.596,relaxed_wt_1_A_83_P_rep5.pdb
-89.996,-0.242,-1254.495,47.843,-716.995,0.721,327.596,-123.089,relaxed_wt_1_B_14_Y_rep3.pdb
-87.502,2.252,-1300.979,1.359,-719.34,-1.623,446.168,-4.517,relaxed_wt_1_A_36_Q_rep3.pdb
-89.442,0.312,-1302.624,-0.287,-718.96,-1.243,449.525,-1.16,relaxed_wt_1_B_100_A_rep2.pdb
-89.507,0.247,-1296.629,5.708,-718.796,-1.079,462.455,11.77,relaxed_wt_1_A_22_G_rep1.pdb
-89.078,0.676,-1290.564,11.774,-719.128,-1.412,460.39,9.705,relaxed_wt_1_A_31_F_rep4.pdb
-89.774,-0.02,-1305.876,-3.538,-719.113,-1.396,446.235,-4.45,relaxed_wt_1_B_101_H_rep3.pdb
-89.845,-0.091,-1302.152,0.186,-718.89,-1.174,446.26,-4.425,relaxed_wt_1_A_24_F_rep5.pdb
-88.488,1.267,-1293.198,9.14,-718.668,-0.951,461.866,11.181,relaxed_wt_1_B_13_D_rep2.pdb
-89.864,-0.109,-1298.561,3.777,-718.837,-1.12,453.001,2.316,relaxed_wt_1_A_31_E_rep5.pdb
-78.994,10.76,-1283.563,18.775,-717.659,0.058,463.573,12.888,relaxed_wt_1_A_75_K_rep1.pdb
-87.3,2.454,-1301.088,1.25,-718.821,-1.104,445.636,-5.049,relaxed_wt_1_A_73_D_rep5.pdb
-89.857,-0.103,-1294.043,8.295,-718.898,-1.181,458.658,7.973,relaxed_wt_1_A_31_K_rep5.pdb
-89.533,0.221,-1303.825,-1.487,-718.969,-1.252,444.932,-5.753,relaxed_wt_1_B_17_M_rep5.pdb
-89.324,0.43,-1294.9,7.438,-718.913,-1.196,457.792,7.107,relaxed_wt_1_B_59_Y_rep1.pdb
-90.582,-0.827,-1301.407,0.931,-719.089,-1.373,448.729,-1.956,relaxed_wt_1_A_26_W_rep4.pdb
-89.418,0.336,-1293.987,8.351,-718.807,-1.09,456.89,6.205,relaxed_wt_1_A_37_D_rep3.pdb
-88.079,1.675,-1297.889,4.449,-716.588,1.129,451.703,1.018,relaxed_wt_1_A_27_W_rep1.pdb
-91.0,-1.245,-1305.537,-3.199,-718.985,-1.269,446.947,-3.738,relaxed_wt_1_A_28_K_rep1.pdb
-89.544,0.21,-1287.787,14.551,-719.617,-1.9,462.435,11.75,relaxed_wt_1_A_80_I_rep3.pdb
-82.685,7.069,-1297.927,4.411,-718.178,-0.461,456.572,5.887,relaxed_wt_1_A_40_D_rep5.pdb
-89.718,0.036,-1304.207,-1.869,-718.811,-1.094,446.757,-3.928,relaxed_wt_1_B_12_S_rep4.pdb
-89.498,0.256,-1296.666,5.672,-719.048,-1.331,456.045,5.36,relaxed_wt_1_B_59_G_rep1.pdb
-89.707,0.047,-1281.479,20.859,-718.798,-1.081,462.92,12.235,relaxed_wt_1_A_25_K_rep3.pdb
-89.461,0.293,-1290.706,11.632,-718.352,-0.636,462.998,12.313,relaxed_wt_1_A_37_I_rep3.pdb
-89.649,0.105,-1271.133,31.205,-718.776,-1.059,478.788,28.103,relaxed_wt_1_B_11_D_rep1.pdb
-90.132,-0.378,-1298.509,3.829,-718.065,-0.349,454.286,3.601,relaxed_wt_1_A_28_I_rep1.pdb
-89.703,0.051,-1302.363,-0.025,-718.943,-1.226,447.792,-2.893,relaxed_wt_1_A_83_L_rep3.pdb
-88.958,0.796,-1271.653,30.685,-718.77,-1.053,481.681,30.996,relaxed_wt_1_B_11_Q_rep4.pdb
-87.461,2.293,-1299.429,2.909,-717.791,-0.074,452.999,2.314,relaxed_wt_1_A_36_H_rep3.pdb
-88.856,0.898,-1299.009,3.329,-718.82,-1.104,450.686,0.001,relaxed_wt_1_A_85_A_rep3.pdb
-89.521,0.233,-1299.709,2.629,-718.92,-1.204,452.576,1.891,relaxed_wt_1_A_23_D_rep2.pdb
-91.165,-1.411,-1301.721,0.617,-718.575,-0.858,448.361,-2.324,relaxed_wt_1_A_36_M_rep5.pdb
-89.407,0.347,-1303.023,-0.685,-720.532,-2.815,447.294,-3.391,relaxed_wt_1_A_36_G_rep4.pdb
-88.429,1.325,-1302.198,0.139,-719.168,-1.451,448.431,-2.254,relaxed_wt_1_B_101_G_rep4.pdb
-89.478,0.277,-1300.056,2.281,-718.929,-1.213,449.267,-1.419,relaxed_wt_1_A_23_A_rep4.pdb
-89.274,0.48,-1294.192,8.146,-718.936,-1.219,457.503,6.818,relaxed_wt_1_A_26_I_rep2.pdb
-89.404,0.35,-1298.299,4.038,-718.87,-1.154,454.581,3.896,relaxed_wt_1_B_13_H_rep3.pdb
-82.239,7.515,-1299.336,3.002,-718.312,-0.595,452.703,2.018,relaxed_wt_1_A_40_E_rep2.pdb
-88.992,0.763,-1295.601,6.737,-719.053,-1.336,452.646,1.961,relaxed_wt_1_A_28_V_rep1.pdb
-88.818,0.936,-1296.459,5.879,-718.909,-1.192,452.565,1.88,relaxed_wt_1_A_85_G_rep3.pdb
-75.099,14.655,-1127.568,174.77,-687.893,29.824,405.713,-44.972,relaxed_wt_1_A_30_P_rep3.pdb
-88.818,0.936,-1299.346,2.992,-718.267,-0.55,449.778,-0.907,relaxed_wt_1_A_81_D_rep4.pdb
-39.94,49.814,-861.523,440.815,-604.432,113.284,750.371,299.686,relaxed_wt_1_A_80_P_rep1.pdb
-89.414,0.341,-1299.809,2.529,-718.94,-1.223,447.197,-3.488,relaxed_wt_1_A_23_K_rep4.pdb
-89.625,0.129,-1295.055,7.282,-718.918,-1.201,460.204,9.519,relaxed_wt_1_B_12_P_rep3.pdb
-89.6,0.154,-1301.781,0.557,-718.812,-1.095,446.97,-3.715,relaxed_wt_1_A_87_S_rep1.pdb
-86.506,3.248,-1299.217,3.121,-718.903,-1.186,456.332,5.647,relaxed_wt_1_A_40_V_rep2.pdb
-87.125,2.63,-1301.79,0.548,-717.654,0.063,447.408,-3.277,relaxed_wt_1_A_40_F_rep4.pdb
-89.167,0.587,-1301.074,1.263,-719.116,-1.399,450.136,-0.55,relaxed_wt_1_A_29_F_rep2.pdb
-89.355,0.399,-1298.547,3.791,-719.218,-1.501,449.208,-1.477,relaxed_wt_1_A_87_H_rep5.pdb
-89.466,0.288,-1300.379,1.959,-718.953,-1.236,449.06,-1.625,relaxed_wt_1_A_23_L_rep2.pdb
-86.984,2.77,-1298.776,3.562,-718.042,-0.325,453.585,2.9,relaxed_wt_1_A_81_Y_rep4.pdb
-93.953,-4.199,-1303.697,-1.359,-717.912,-0.195,450.816,0.131,relaxed_wt_1_A_32_Y_rep2.pdb
-90.191,-0.436,-1303.02,-0.683,-718.736,-1.019,451.285,0.6,relaxed_wt_1_A_76_V_rep5.pdb
-88.534,1.22,-1302.848,-0.51,-718.5,-0.784,444.543,-6.142,relaxed_wt_1_A_73_H_rep1.pdb
-82.542,7.212,-1298.443,3.895,-718.257,-0.54,453.937,3.252,relaxed_wt_1_A_40_D_rep4.pdb
-89.531,0.223,-1302.776,-0.438,-719.038,-1.322,452.001,1.316,relaxed_wt_1_A_71_T_rep1.pdb
-89.69,0.064,-1303.217,-0.879,-718.962,-1.246,445.803,-4.882,relaxed_wt_1_A_74_M_rep3.pdb
-89.671,0.084,-1303.552,-1.214,-718.801,-1.084,448.989,-1.696,relaxed_wt_1_A_78_V_rep4.pdb
-87.937,1.818,-1304.732,-2.394,-718.718,-1.001,447.203,-3.482,relaxed_wt_1_A_79_D_rep1.pdb
-89.271,0.483,-1300.456,1.882,-718.891,-1.174,449.846,-0.84,relaxed_wt_1_A_79_T_rep3.pdb
-92.554,-2.8,-1303.775,-1.437,-716.941,0.776,447.869,-2.816,relaxed_wt_1_B_12_F_rep5.pdb
-87.359,2.395,-1300.668,1.67,-718.994,-1.277,449.167,-1.518,relaxed_wt_1_B_54_S_rep1.pdb
-88.838,0.916,-1294.664,7.674,-718.846,-1.129,455.643,4.958,relaxed_wt_1_A_85_W_rep5.pdb
-84.325,5.429,-1293.817,8.521,-717.85,-0.133,450.988,0.303,relaxed_wt_1_A_84_C_rep5.pdb
-89.423,0.331,-1304.67,-2.332,-719.04,-1.323,448.029,-2.656,relaxed_wt_1_B_56_K_rep5.pdb
-89.69,0.064,-1302.921,-0.583,-718.972,-1.255,449.462,-1.223,relaxed_wt_1_A_74_Q_rep2.pdb
-89.689,0.065,-1297.584,4.754,-718.777,-1.061,453.761,3.076,relaxed_wt_1_A_31_Q_rep2.pdb
-88.301,1.454,-1303.165,-0.827,-718.446,-0.73,447.566,-3.119,relaxed_wt_1_A_76_I_rep4.pdb
-91.216,-1.462,-1302.676,-0.338,-718.559,-0.842,447.54,-3.145,relaxed_wt_1_A_36_V_rep1.pdb
-84.194,5.56,-1300.248,2.09,-717.995,-0.279,451.484,0.799,relaxed_wt_1_A_35_H_rep2.pdb
-89.648,0.106,-1304.27,-1.932,-718.948,-1.231,446.624,-4.061,relaxed_wt_1_B_12_S_rep5.pdb
-89.581,0.174,-1303.036,-0.698,-718.964,-1.247,447.605,-3.081,relaxed_wt_1_A_75_V_rep2.pdb
-89.862,-0.108,-1302.292,0.046,-719.008,-1.291,449.527,-1.159,relaxed_wt_1_A_32_T_rep2.pdb
-89.504,0.25,-1299.946,2.392,-718.986,-1.269,449.328,-1.358,relaxed_wt_1_A_23_K_rep1.pdb
-89.678,0.077,-1301.911,0.427,-718.972,-1.255,447.013,-3.672,relaxed_wt_1_A_26_F_rep4.pdb
-87.391,2.363,-1299.696,2.642,-719.057,-1.34,453.235,2.55,relaxed_wt_1_A_27_Y_rep4.pdb
-87.069,2.685,-1296.922,5.415,-718.188,-0.472,450.731,0.046,relaxed_wt_1_A_75_T_rep1.pdb
-88.426,1.328,-1303.422,-1.084,-719.326,-1.61,446.235,-4.45,relaxed_wt_1_A_34_T_rep5.pdb
-88.985,0.769,-1280.241,22.096,-718.869,-1.152,285.03,-165.655,relaxed_wt_1_A_22_H_rep4.pdb
-89.29,0.464,-1296.602,5.735,-717.844,-0.127,459.665,8.98,relaxed_wt_1_A_82_H_rep3.pdb
-89.687,0.067,-1296.898,5.44,-718.829,-1.112,454.247,3.562,relaxed_wt_1_A_41_G_rep2.pdb
-87.646,2.108,-1306.487,-4.149,-721.375,-3.659,442.877,-7.809,relaxed_wt_1_A_28_S_rep5.pdb
-91.944,-2.189,-1302.217,0.12,-718.4,-0.683,446.465,-4.22,relaxed_wt_1_B_100_H_rep2.pdb
-93.071,-3.316,-1305.666,-3.328,-718.853,-1.137,446.251,-4.434,relaxed_wt_1_B_57_Y_rep2.pdb
-89.866,-0.112,-1301.357,0.981,-718.832,-1.116,450.372,-0.313,relaxed_wt_1_A_39_I_rep4.pdb
-87.523,2.231,-1297.672,4.666,-719.361,-1.644,452.384,1.699,relaxed_wt_1_A_77_A_rep5.pdb
-88.314,1.44,-1300.825,1.513,-719.255,-1.539,445.906,-4.779,relaxed_wt_1_A_34_K_rep3.pdb
-89.2,0.554,-1296.125,6.213,-719.143,-1.426,452.366,1.681,relaxed_wt_1_A_33_I_rep1.pdb
-88.4,1.355,-1301.309,1.029,-719.169,-1.452,447.054,-3.631,relaxed_wt_1_A_81_A_rep1.pdb
-87.912,1.842,-1297.958,4.38,-718.067,-0.35,449.473,-1.212,relaxed_wt_1_A_84_M_rep1.pdb
-89.476,0.279,-1303.662,-1.324,-718.894,-1.177,446.275,-4.41,relaxed_wt_1_A_77_I_rep1.pdb
-89.487,0.267,-1279.201,23.137,-718.442,-0.725,438.929,-11.756,relaxed_wt_1_B_14_E_rep2.pdb
-89.49,0.265,-1300.201,2.137,-719.188,-1.471,448.329,-2.356,relaxed_wt_1_A_82_V_rep4.pdb
-89.714,0.04,-1297.693,4.645,-718.767,-1.05,450.489,-0.196,relaxed_wt_1_A_25_N_rep4.pdb
-88.923,0.831,-1299.578,2.76,-719.363,-1.647,450.704,0.019,relaxed_wt_1_B_58_C_rep5.pdb
-90.129,-0.375,-1301.829,0.509,-718.117,-0.401,450.17,-0.515,relaxed_wt_1_A_78_R_rep2.pdb
-89.464,0.29,-1301.576,0.761,-718.971,-1.254,451.92,1.235,relaxed_wt_1_A_71_A_rep5.pdb
-87.622,2.132,-1297.046,5.292,-718.853,-1.137,451.09,0.404,relaxed_wt_1_B_58_D_rep1.pdb
-89.555,0.199,-1303.726,-1.388,-718.882,-1.165,445.639,-5.047,relaxed_wt_1_A_28_R_rep3.pdb
-88.837,0.917,-1302.872,-0.534,-718.716,-0.999,447.464,-3.221,relaxed_wt_1_A_73_Q_rep3.pdb
-94.096,-4.342,-1304.148,-1.81,-717.92,-0.203,452.669,1.983,relaxed_wt_1_A_32_Y_rep5.pdb
-88.295,1.459,-1299.321,3.017,-718.553,-0.836,451.082,0.397,relaxed_wt_1_A_34_H_rep4.pdb
-89.212,0.542,-1298.362,3.976,-718.546,-0.829,453.348,2.663,relaxed_wt_1_A_81_W_rep4.pdb
-86.464,3.29,-1298.536,3.802,-718.522,-0.805,449.131,-1.554,relaxed_wt_1_A_35_G_rep2.pdb
-92.056,-2.302,-1302.779,-0.441,-718.767,-1.05,451.704,1.019,relaxed_wt_1_B_58_Y_rep5.pdb
-90.988,-1.234,-1298.351,3.987,-718.016,-0.3,457.477,6.792,relaxed_wt_1_B_98_W_rep2.pdb
-89.444,0.31,-1298.833,3.505,-718.979,-1.263,451.803,1.118,relaxed_wt_1_A_32_C_rep1.pdb
-89.439,0.315,-1299.961,2.377,-718.284,-0.567,450.457,-0.228,relaxed_wt_1_A_33_M_rep5.pdb
-90.609,-0.855,-1300.621,1.717,-718.833,-1.116,451.307,0.622,relaxed_wt_1_B_59_M_rep1.pdb
-89.647,0.107,-1300.114,2.224,-718.87,-1.154,456.908,6.223,relaxed_wt_1_A_22_E_rep1.pdb
-88.527,1.228,-1300.248,2.09,-719.213,-1.497,447.136,-3.549,relaxed_wt_1_A_34_K_rep5.pdb
-89.597,0.157,-1300.833,1.505,-718.882,-1.165,449.331,-1.354,relaxed_wt_1_A_71_C_rep3.pdb
-89.54,0.215,-1301.933,0.405,-718.789,-1.072,457.64,6.955,relaxed_wt_1_A_22_T_rep2.pdb
-89.41,0.344,-1303.9,-1.562,-718.943,-1.226,446.549,-4.136,relaxed_wt_1_A_86_Q_rep4.pdb
-90.417,-0.663,-1298.157,4.181,-717.775,-0.058,452.613,1.928,relaxed_wt_1_A_39_L_rep5.pdb
-89.853,-0.099,-1302.7,-0.362,-719.358,-1.641,447.95,-2.735,relaxed_wt_1_A_74_L_rep2.pdb
-89.241,0.514,-1302.56,-0.222,-718.46,-0.744,460.619,9.934,relaxed_wt_1_B_54_Y_rep1.pdb
-90.625,-0.871,-1300.518,1.82,-718.875,-1.159,450.434,-0.251,relaxed_wt_1_B_102_F_rep3.pdb
-92.379,-2.624,-1266.764,35.574,-716.606,1.11,441.216,-9.469,relaxed_wt_1_B_11_L_rep5.pdb
-89.486,0.268,-1300.679,1.659,-718.779,-1.062,449.926,-0.759,relaxed_wt_1_A_71_C_rep2.pdb
-87.8,1.954,-1299.475,2.863,-717.944,-0.227,449.385,-1.3,relaxed_wt_1_A_33_E_rep2.pdb
-86.741,3.014,-1299.082,3.256,-717.796,-0.079,451.882,1.197,relaxed_wt_1_A_81_Y_rep3.pdb
-89.514,0.241,-1301.879,0.459,-718.931,-1.215,446.315,-4.37,relaxed_wt_1_A_21_A_rep4.pdb
-88.935,0.819,-1296.327,6.011,-719.288,-1.571,448.974,-1.711,relaxed_wt_1_A_87_F_rep3.pdb
-89.456,0.298,-1300.182,2.156,-718.911,-1.194,448.37,-2.315,relaxed_wt_1_B_59_L_rep2.pdb
-88.155,1.599,-1294.252,8.085,-718.132,-0.415,459.055,8.37,relaxed_wt_1_A_75_M_rep5.pdb
-89.566,0.188,-1303.04,-0.702,-718.846,-1.13,447.446,-3.239,relaxed_wt_1_A_86_E_rep5.pdb
-86.56,3.194,-1282.273,20.065,-716.917,0.799,460.768,10.083,relaxed_wt_1_A_39_H_rep2.pdb
-90.042,-0.288,-1303.602,-1.264,-719.009,-1.292,445.74,-4.945,relaxed_wt_1_A_78_L_rep4.pdb
-89.692,0.062,-1296.848,5.49,-718.899,-1.182,451.939,1.254,relaxed_wt_1_B_17_V_rep5.pdb
-90.031,-0.277,-1303.565,-1.227,-718.561,-0.845,449.759,-0.926,relaxed_wt_1_A_76_I_rep2.pdb
-89.279,0.475,-1300.486,1.852,-718.995,-1.278,451.131,0.446,relaxed_wt_1_A_79_T_rep4.pdb
-87.026,2.728,-1261.196,41.142,-715.466,2.251,460.681,9.996,relaxed_wt_1_A_72_W_rep5.pdb
-89.671,0.083,-1302.915,-0.577,-720.629,-2.913,448.597,-2.088,relaxed_wt_1_A_36_G_rep3.pdb
-89.782,-0.027,-1299.66,2.678,-717.57,0.147,443.576,-7.109,relaxed_wt_1_B_55_K_rep4.pdb
-89.368,0.387,-1303.146,-0.808,-719.398,-1.681,449.601,-1.084,relaxed_wt_1_B_100_S_rep5.pdb
-89.678,0.076,-1297.159,5.179,-718.998,-1.281,455.058,4.373,relaxed_wt_1_A_30_E_rep3.pdb
-89.615,0.14,-1302.53,-0.192,-718.829,-1.112,448.039,-2.646,relaxed_wt_1_A_75_V_rep5.pdb
-86.612,3.142,-1300.1,2.238,-719.678,-1.961,447.253,-3.432,relaxed_wt_1_A_80_E_rep1.pdb
-93.475,-3.721,-1274.498,27.84,-716.786,0.93,477.958,27.273,relaxed_wt_1_B_11_R_rep5.pdb
-84.641,5.113,-1294.55,7.788,-717.226,0.491,448.853,-1.832,relaxed_wt_1_B_55_W_rep4.pdb
-89.747,0.007,-1297.734,4.604,-718.941,-1.224,451.641,0.956,relaxed_wt_1_A_24_G_rep5.pdb
-88.076,1.678,-1297.896,4.442,-716.63,1.087,452.313,1.628,relaxed_wt_1_A_27_W_rep5.pdb
-78.438,11.317,-1116.443,185.895,-712.364,5.353,648.194,197.508,relaxed_wt_1_B_11_Y_rep1.pdb
-86.254,3.5,-1297.014,5.324,-718.719,-1.002,457.576,6.891,relaxed_wt_1_B_54_K_rep2.pdb
-89.424,0.33,-1299.39,2.948,-718.847,-1.13,451.227,0.542,relaxed_wt_1_A_87_M_rep2.pdb
-87.194,2.56,-1300.841,1.497,-718.404,-0.687,447.059,-3.626,relaxed_wt_1_B_101_D_rep4.pdb
-86.789,2.965,-1298.183,4.155,-717.3,0.417,444.572,-6.113,relaxed_wt_1_B_15_N_rep1.pdb
-90.249,-0.495,-1300.664,1.674,-717.609,0.108,453.388,2.703,relaxed_wt_1_A_33_Y_rep1.pdb
-92.592,-2.837,-1305.055,-2.717,-718.887,-1.171,450.976,0.291,relaxed_wt_1_A_34_Q_rep2.pdb
-89.481,0.273,-1303.696,-1.358,-718.616,-0.9,444.544,-6.141,relaxed_wt_1_A_73_M_rep4.pdb
-89.618,0.136,-1295.739,6.599,-718.694,-0.977,455.002,4.317,relaxed_wt_1_A_25_C_rep1.pdb
-89.517,0.237,-1303.294,-0.956,-718.476,-0.759,449.113,-1.572,relaxed_wt_1_A_30_V_rep3.pdb
-88.293,1.461,-1302.132,0.206,-718.998,-1.282,446.793,-3.892,relaxed_wt_1_A_81_E_rep1.pdb
-81.378,8.376,-1292.994,9.344,-717.983,-0.267,454.271,3.586,relaxed_wt_1_A_84_E_rep1.pdb
-88.446,1.308,-1299.804,2.534,-719.117,-1.4,446.219,-4.467,relaxed_wt_1_A_81_C_rep5.pdb
-89.59,0.164,-1305.104,-2.766,-718.905,-1.188,444.542,-6.143,relaxed_wt_1_A_78_D_rep3.pdb
-91.618,-1.864,-1301.909,0.429,-718.206,-0.489,447.963,-2.722,relaxed_wt_1_B_56_M_rep2.pdb
-89.672,0.082,-1293.21,9.128,-719.033,-1.316,459.214,8.529,relaxed_wt_1_A_30_G_rep2.pdb
-84.443,5.311,-1290.909,11.429,-710.793,6.924,460.922,10.237,relaxed_wt_1_A_35_W_rep2.pdb
-89.958,-0.204,-1298.974,3.364,-716.738,0.979,456.535,5.85,relaxed_wt_1_A_36_F_rep5.pdb
-84.042,5.712,-1291.038,11.3,-719.095,-1.379,452.2,1.515,relaxed_wt_1_A_77_G_rep3.pdb
-89.582,0.172,-1298.594,3.744,-717.893,-0.177,449.771,-0.914,relaxed_wt_1_A_23_S_rep5.pdb
-84.911,4.844,-1301.005,1.333,-718.794,-1.077,446.844,-3.841,relaxed_wt_1_A_35_D_rep5.pdb
-88.797,0.958,-1299.634,2.704,-719.124,-1.407,446.551,-4.134,relaxed_wt_1_A_74_I_rep3.pdb
-89.403,0.351,-1288.518,13.82,-718.521,-0.804,443.036,-7.649,relaxed_wt_1_A_25_F_rep3.pdb
-89.857,-0.102,-1302.624,-0.286,-718.916,-1.199,446.957,-3.728,relaxed_wt_1_B_56_Q_rep4.pdb
-87.314,2.441,-1304.905,-2.567,-721.87,-4.153,448.901,-1.784,relaxed_wt_1_A_28_D_rep1.pdb
-89.839,-0.085,-1296.251,6.087,-718.804,-1.087,456.347,5.662,relaxed_wt_1_A_30_N_rep1.pdb
-86.519,3.236,-1284.102,18.236,-715.995,1.722,431.337,-19.349,relaxed_wt_1_B_13_W_rep2.pdb
-85.615,4.139,-1298.777,3.561,-718.631,-0.914,447.332,-3.353,relaxed_wt_1_A_77_D_rep4.pdb
-89.51,0.244,-1280.74,21.598,-718.329,-0.612,458.104,7.419,relaxed_wt_1_A_25_Y_rep4.pdb
-89.47,0.284,-1299.832,2.506,-718.934,-1.218,449.236,-1.449,relaxed_wt_1_B_59_T_rep3.pdb
-89.586,0.168,-1292.417,9.921,-718.887,-1.17,455.469,4.784,relaxed_wt_1_A_22_L_rep4.pdb
-84.969,4.785,-1296.373,5.965,-714.817,2.9,456.61,5.925,relaxed_wt_1_A_35_L_rep5.pdb
-89.347,0.408,-1294.49,7.848,-718.828,-1.111,456.887,6.202,relaxed_wt_1_B_59_F_rep5.pdb
-89.177,0.577,-1294.732,7.606,-717.758,-0.041,461.238,10.553,relaxed_wt_1_A_34_W_rep1.pdb
-89.336,0.418,-1301.808,0.529,-718.928,-1.211,447.853,-2.832,relaxed_wt_1_B_100_T_rep2.pdb
-89.3,0.454,-1300.359,1.979,-718.886,-1.169,450.498,-0.187,relaxed_wt_1_B_13_A_rep1.pdb
-89.571,0.184,-1304.192,-1.854,-718.979,-1.262,447.509,-3.177,relaxed_wt_1_A_78_V_rep3.pdb
-90.301,-0.547,-1303.017,-0.679,-718.135,-0.419,448.308,-2.377,relaxed_wt_1_A_33_R_rep4.pdb
-85.92,3.835,-1301.213,1.125,-719.376,-1.659,455.265,4.58,relaxed_wt_1_B_55_Q_rep5.pdb
-89.449,0.305,-1298.577,3.761,-718.809,-1.093,451.036,0.351,relaxed_wt_1_B_59_C_rep2.pdb
-88.969,0.785,-1263.779,38.559,-717.619,0.098,460.275,9.589,relaxed_wt_1_A_72_F_rep5.pdb
-84.105,5.65,-1292.498,9.84,-717.687,0.03,461.518,10.833,relaxed_wt_1_A_82_W_rep1.pdb
-89.041,0.713,-1302.623,-0.285,-718.637,-0.92,443.883,-6.802,relaxed_wt_1_A_81_Q_rep2.pdb
-89.701,0.054,-1281.037,21.301,-718.704,-0.988,461.994,11.309,relaxed_wt_1_A_25_K_rep2.pdb
-88.09,1.664,-1248.465,53.873,-719.792,-2.076,518.178,67.493,relaxed_wt_1_A_23_P_rep4.pdb
-88.599,1.155,-1305.157,-2.82,-721.654,-3.937,447.805,-2.88,relaxed_wt_1_B_56_A_rep5.pdb
-88.289,1.466,-1298.31,4.028,-718.856,-1.139,451.041,0.356,relaxed_wt_1_B_55_R_rep3.pdb
-87.017,2.738,-1299.99,2.348,-717.071,0.646,441.364,-9.321,relaxed_wt_1_B_55_A_rep4.pdb
-86.261,3.493,-1296.336,6.002,-719.233,-1.516,448.694,-1.991,relaxed_wt_1_A_26_P_rep5.pdb
-89.629,0.125,-1303.967,-1.629,-718.829,-1.112,446.831,-3.854,relaxed_wt_1_A_39_V_rep5.pdb
-88.806,0.949,-1299.543,2.794,-719.228,-1.512,453.319,2.634,relaxed_wt_1_A_85_A_rep5.pdb
-88.759,0.995,-1301.842,0.496,-719.199,-1.483,446.934,-3.751,relaxed_wt_1_A_34_R_rep5.pdb
-89.595,0.159,-1300.105,2.233,-719.172,-1.456,448.757,-1.928,relaxed_wt_1_A_82_V_rep5.pdb
-88.444,1.31,-1296.815,5.523,-719.223,-1.506,452.273,1.588,relaxed_wt_1_A_26_P_rep2.pdb
-86.502,3.253,-1301.822,0.516,-719.067,-1.351,444.688,-5.997,relaxed_wt_1_B_55_T_rep2.pdb
-84.835,4.919,-1295.464,6.874,-718.869,-1.152,454.313,3.628,relaxed_wt_1_B_58_E_rep4.pdb
-89.467,0.287,-1301.334,1.004,-718.891,-1.174,449.936,-0.749,relaxed_wt_1_A_83_K_rep5.pdb
-90.102,-0.348,-1304.076,-1.738,-718.609,-0.892,446.945,-3.74,relaxed_wt_1_A_80_H_rep2.pdb
-90.078,-0.324,-1300.807,1.531,-716.814,0.903,454.944,4.259,relaxed_wt_1_A_36_Y_rep5.pdb
-89.457,0.297,-1300.249,2.089,-718.952,-1.236,450.478,-0.207,relaxed_wt_1_A_21_N_rep4.pdb
-89.504,0.25,-1300.766,1.572,-718.999,-1.282,449.327,-1.358,relaxed_wt_1_A_86_F_rep4.pdb
-89.47,0.285,-1298.798,3.54,-718.879,-1.162,451.795,1.11,relaxed_wt_1_A_39_C_rep5.pdb
-88.629,1.125,-1299.545,2.792,-717.393,0.323,449.996,-0.689,relaxed_wt_1_A_77_L_rep1.pdb
-89.448,0.306,-1299.115,3.223,-719.479,-1.762,449.956,-0.729,relaxed_wt_1_A_80_T_rep5.pdb
-90.295,-0.541,-1301.323,1.015,-718.162,-0.445,451.56,0.875,relaxed_wt_1_A_35_V_rep4.pdb
-89.646,0.108,-1295.442,6.896,-719.282,-1.565,455.068,4.383,relaxed_wt_1_A_39_D_rep2.pdb
-89.543,0.211,-1302.273,0.065,-718.92,-1.203,447.316,-3.369,relaxed_wt_1_A_83_Q_rep4.pdb
-89.592,0.162,-1299.264,3.074,-718.925,-1.208,470.024,19.339,relaxed_wt_1_A_22_C_rep2.pdb
-89.587,0.168,-1303.085,-0.747,-719.238,-1.522,449.246,-1.439,relaxed_wt_1_A_80_R_rep3.pdb
-90.333,-0.579,-1279.613,22.724,-717.346,0.371,461.919,11.234,relaxed_wt_1_B_58_P_rep5.pdb
-90.863,-1.109,-1272.455,29.883,-715.83,1.886,467.945,17.259,relaxed_wt_1_B_11_R_rep2.pdb
-86.717,3.038,-1300.844,1.494,-717.997,-0.28,455.377,4.692,relaxed_wt_1_A_40_M_rep3.pdb
-89.637,0.117,-1299.507,2.831,-718.978,-1.262,468.088,17.403,relaxed_wt_1_A_22_C_rep1.pdb
-88.779,0.976,-1294.645,7.693,-718.813,-1.096,453.517,2.832,relaxed_wt_1_A_85_W_rep1.pdb
-88.149,1.605,-1295.558,6.78,-717.87,-0.153,465.173,14.488,relaxed_wt_1_A_41_C_rep3.pdb
-89.512,0.242,-1302.023,0.315,-718.833,-1.116,448.449,-2.236,relaxed_wt_1_A_86_V_rep1.pdb
-87.04,2.714,-1261.154,41.184,-715.461,2.255,460.344,9.659,relaxed_wt_1_A_72_W_rep2.pdb
-89.788,-0.034,-1302.746,-0.408,-718.959,-1.242,448.922,-1.764,relaxed_wt_1_A_79_L_rep3.pdb
-87.939,1.815,-1302.717,-0.379,-718.525,-0.808,442.541,-8.144,relaxed_wt_1_B_12_Y_rep5.pdb
-89.54,0.214,-1300.629,1.708,-718.252,-0.535,447.172,-3.513,relaxed_wt_1_A_33_A_rep4.pdb
-88.371,1.384,-1300.724,1.614,-718.934,-1.217,450.104,-0.581,relaxed_wt_1_A_85_H_rep1.pdb
-84.606,5.148,-1299.769,2.569,-719.238,-1.521,445.947,-4.738,relaxed_wt_1_A_38_Y_rep2.pdb
-89.565,0.19,-1302.289,0.049,-718.88,-1.163,449.506,-1.18,relaxed_wt_1_A_23_W_rep2.pdb
-89.536,0.219,-1300.142,2.196,-718.998,-1.281,449.514,-1.171,relaxed_wt_1_A_74_A_rep3.pdb
-89.332,0.422,-1220.539,81.798,-718.906,-1.189,516.361,65.676,relaxed_wt_1_A_21_P_rep4.pdb
-86.759,2.996,-1300.527,1.811,-718.31,-0.593,443.254,-7.431,relaxed_wt_1_B_15_A_rep1.pdb
-87.26,2.495,-1301.529,0.808,-719.793,-2.076,444.923,-5.762,relaxed_wt_1_A_27_P_rep4.pdb
-90.193,-0.439,-1303.59,-1.252,-718.893,-1.177,448.003,-2.682,relaxed_wt_1_A_85_K_rep2.pdb
-88.569,1.186,-1305.605,-3.267,-718.863,-1.146,443.878,-6.808,relaxed_wt_1_A_79_N_rep5.pdb
-89.565,0.189,-1271.227,31.111,-718.989,-1.272,479.107,28.422,relaxed_wt_1_B_11_D_rep5.pdb
-88.822,0.932,-1298.263,4.075,-719.306,-1.589,452.068,1.383,relaxed_wt_1_A_29_C_rep4.pdb
-84.772,4.982,-1288.579,13.759,-717.198,0.518,482.071,31.386,relaxed_wt_1_A_41_H_rep1.pdb
-89.204,0.55,-1297.836,4.502,-717.008,0.709,455.566,4.881,relaxed_wt_1_A_34_F_rep3.pdb
-89.042,0.712,-1300.874,1.464,-718.769,-1.053,450.654,-0.031,relaxed_wt_1_B_13_R_rep2.pdb
-73.927,15.827,-1138.516,163.822,-686.646,31.071,518.681,67.996,relaxed_wt_1_A_30_P_rep5.pdb
-89.376,0.379,-1301.719,0.619,-718.76,-1.043,448.997,-1.688,relaxed_wt_1_B_100_K_rep1.pdb
-89.407,0.347,-1302.395,-0.057,-718.846,-1.13,447.251,-3.434,relaxed_wt_1_B_100_F_rep2.pdb
-89.565,0.19,-1303.662,-1.324,-718.854,-1.138,446.704,-3.981,relaxed_wt_1_B_11_A_rep4.pdb
-86.566,3.188,-1292.583,9.755,-715.903,1.814,459.639,8.954,relaxed_wt_1_A_84_W_rep1.pdb
-88.682,1.073,-1302.636,-0.298,-719.037,-1.32,446.028,-4.657,relaxed_wt_1_B_56_S_rep4.pdb
-91.092,-1.338,-1304.622,-2.284,-718.93,-1.213,447.295,-3.39,relaxed_wt_1_B_57_K_rep5.pdb
-91.22,-1.466,-1303.357,-1.019,-718.437,-0.72,445.82,-4.865,relaxed_wt_1_B_56_L_rep1.pdb
-89.526,0.229,-1301.749,0.589,-718.997,-1.28,449.712,-0.973,relaxed_wt_1_B_98_G_rep4.pdb
-89.72,0.034,-1299.817,2.521,-718.851,-1.134,449.774,-0.911,relaxed_wt_1_A_79_Y_rep3.pdb
-89.623,0.131,-1301.918,0.42,-718.583,-0.866,449.406,-1.279,relaxed_wt_1_A_80_Q_rep3.pdb
-89.573,0.181,-1301.068,1.27,-718.871,-1.154,450.856,0.171,relaxed_wt_1_A_29_H_rep5.pdb
-89.54,0.214,-1304.165,-1.827,-718.799,-1.083,445.1,-5.585,relaxed_wt_1_A_71_V_rep2.pdb
-89.461,0.293,-1303.022,-0.684,-718.885,-1.168,448.18,-2.505,relaxed_wt_1_B_98_C_rep5.pdb
-89.655,0.1,-1291.663,10.675,-718.869,-1.152,458.423,7.738,relaxed_wt_1_A_72_N_rep5.pdb
-89.233,0.522,-1307.255,-4.917,-718.824,-1.108,442.065,-8.62,relaxed_wt_1_B_101_P_rep3.pdb
-88.025,1.729,-1297.514,4.824,-718.056,-0.339,449.442,-1.243,relaxed_wt_1_A_84_M_rep2.pdb
-89.623,0.131,-1289.411,12.927,-718.825,-1.108,459.35,8.665,relaxed_wt_1_A_72_D_rep5.pdb
-90.091,-0.337,-1299.163,3.174,-719.235,-1.518,450.459,-0.226,relaxed_wt_1_A_37_H_rep1.pdb
-90.387,-0.633,-1302.959,-0.621,-718.826,-1.109,448.805,-1.88,relaxed_wt_1_B_102_M_rep5.pdb
-89.258,0.496,-1299.033,3.305,-719.024,-1.307,451.119,0.434,relaxed_wt_1_B_58_Q_rep3.pdb
-89.654,0.1,-1303.859,-1.521,-718.964,-1.247,447.065,-3.62,relaxed_wt_1_B_12_D_rep3.pdb
-89.587,0.167,-1297.856,4.482,-718.914,-1.197,449.71,-0.975,relaxed_wt_1_A_87_T_rep5.pdb
-89.419,0.335,-1295.861,6.477,-718.657,-0.94,447.878,-2.807,relaxed_wt_1_B_13_F_rep4.pdb
-88.867,0.887,-1299.737,2.601,-718.929,-1.213,450.647,-0.038,relaxed_wt_1_B_58_A_rep1.pdb
-90.732,-0.978,-1300.967,1.371,-718.665,-0.948,450.496,-0.189,relaxed_wt_1_A_26_R_rep3.pdb
-86.931,2.823,-1301.474,0.864,-719.185,-1.468,451.523,0.838,relaxed_wt_1_A_38_F_rep3.pdb
-90.584,-0.83,-1300.293,2.045,-718.705,-0.988,451.122,0.436,relaxed_wt_1_B_102_F_rep5.pdb
-89.444,0.311,-1303.704,-1.366,-718.787,-1.071,446.364,-4.321,relaxed_wt_1_A_28_L_rep1.pdb
-83.648,6.107,-1295.715,6.623,-718.384,-0.668,452.618,1.933,relaxed_wt_1_A_77_R_rep4.pdb
-89.51,0.244,-1296.02,6.318,-718.751,-1.034,452.44,1.755,relaxed_wt_1_A_72_A_rep3.pdb
-89.53,0.224,-1302.136,0.202,-718.906,-1.189,448.955,-1.731,relaxed_wt_1_A_86_V_rep5.pdb
-91.454,-1.699,-1299.808,2.53,-719.062,-1.345,450.684,-0.001,relaxed_wt_1_B_58_W_rep2.pdb
-91.345,-1.59,-1289.491,12.847,-718.163,-0.446,453.721,3.036,relaxed_wt_1_B_100_P_rep2.pdb
-87.179,2.575,-1301.74,0.598,-717.624,0.093,448.201,-2.484,relaxed_wt_1_A_40_F_rep3.pdb
-89.378,0.376,-1299.111,3.227,-719.53,-1.813,449.981,-0.704,relaxed_wt_1_A_80_T_rep3.pdb
-89.53,0.224,-1303.827,-1.49,-718.983,-1.266,447.093,-3.592,relaxed_wt_1_A_22_V_rep4.pdb
-88.303,1.451,-1299.788,2.55,-719.151,-1.434,448.252,-2.433,relaxed_wt_1_A_81_L_rep4.pdb
-92.914,-3.16,-1258.299,44.039,-716.745,0.972,446.625,-4.06,relaxed_wt_1_B_14_W_rep5.pdb
-90.545,-0.79,-1302.858,-0.52,-719.103,-1.387,450.792,0.107,relaxed_wt_1_B_101_R_rep5.pdb
-89.16,0.594,-1298.39,3.948,-718.585,-0.868,456.997,6.312,relaxed_wt_1_B_13_N_rep1.pdb
-88.759,0.995,-1301.842,0.496,-719.199,-1.483,446.934,-3.751,relaxed_wt_1_A_34_R_rep1.pdb
-89.762,-0.007,-1303.265,-0.928,-719.008,-1.291,445.887,-4.799,relaxed_wt_1_A_78_E_rep3.pdb
-89.343,0.411,-1298.576,3.762,-719.233,-1.516,448.181,-2.504,relaxed_wt_1_A_87_H_rep4.pdb
-89.196,0.558,-1299.244,3.094,-717.424,0.293,447.379,-3.306,relaxed_wt_1_B_15_M_rep1.pdb
-89.873,-0.119,-1303.97,-1.632,-718.978,-1.262,447.395,-3.29,relaxed_wt_1_A_78_N_rep3.pdb
-89.647,0.107,-1302.369,-0.031,-718.904,-1.187,449.832,-0.853,relaxed_wt_1_B_12_C_rep5.pdb
-90.569,-0.815,-1302.729,-0.391,-718.203,-0.486,446.536,-4.149,relaxed_wt_1_A_82_I_rep4.pdb
-89.623,0.131,-1301.677,0.661,-718.856,-1.139,451.441,0.756,relaxed_wt_1_A_21_T_rep1.pdb
-90.549,-0.795,-1300.479,1.859,-718.84,-1.124,450.404,-0.281,relaxed_wt_1_B_102_F_rep2.pdb
-85.437,4.317,-1296.62,5.718,-718.236,-0.519,450.564,-0.121,relaxed_wt_1_A_84_L_rep5.pdb
-89.928,-0.174,-1287.995,14.343,-718.693,-0.977,468.515,17.83,relaxed_wt_1_B_14_D_rep5.pdb
-89.459,0.295,-1301.099,1.238,-718.925,-1.208,447.999,-2.686,relaxed_wt_1_A_23_H_rep2.pdb
-89.467,0.287,-1300.841,1.497,-718.886,-1.169,448.263,-2.422,relaxed_wt_1_A_26_H_rep1.pdb
-89.429,0.325,-1290.957,11.381,-718.95,-1.234,460.469,9.784,relaxed_wt_1_A_79_V_rep3.pdb
-86.779,2.976,-1294.307,8.031,-716.094,1.623,451.591,0.906,relaxed_wt_1_A_82_D_rep1.pdb
-91.9,-2.145,-1301.337,1.001,-717.189,0.527,452.133,1.448,relaxed_wt_1_B_102_R_rep2.pdb
-89.87,-0.116,-1293.773,8.565,-718.789,-1.072,455.176,4.49,relaxed_wt_1_A_30_R_rep1.pdb
-88.664,1.09,-1297.331,5.007,-718.798,-1.081,453.751,3.066,relaxed_wt_1_A_85_Y_rep4.pdb
-86.671,3.083,-1293.126,9.212,-717.799,-0.083,455.747,5.062,relaxed_wt_1_A_75_S_rep3.pdb
-88.324,1.43,-1302.927,-0.589,-718.708,-0.991,444.615,-6.07,relaxed_wt_1_A_73_H_rep3.pdb
-86.261,3.493,-1262.844,39.494,-718.867,-1.15,485.539,34.854,relaxed_wt_1_A_83_P_rep4.pdb
-90.832,-1.078,-1299.73,2.607,-718.107,-0.39,453.5,2.815,relaxed_wt_1_A_78_W_rep3.pdb
-88.227,1.528,-1296.347,5.991,-717.658,0.059,459.521,8.836,relaxed_wt_1_A_41_T_rep5.pdb
-90.579,-0.825,-1302.114,0.224,-717.922,-0.205,455.511,4.826,relaxed_wt_1_A_82_L_rep1.pdb
-89.649,0.106,-1298.958,3.38,-718.534,-0.817,450.931,0.245,relaxed_wt_1_A_33_C_rep3.pdb
-89.871,-0.117,-1265.94,36.398,-718.476,-0.76,400.662,-50.023,relaxed_wt_1_B_14_F_rep4.pdb
-86.425,3.329,-1298.669,3.669,-718.62,-0.903,448.427,-2.258,relaxed_wt_1_A_35_G_rep3.pdb
-90.176,-0.422,-1299.607,2.731,-717.655,0.061,455.013,4.328,relaxed_wt_1_A_82_N_rep3.pdb
-88.378,1.376,-1272.317,30.021,-716.757,0.96,284.93,-165.755,relaxed_wt_1_B_14_P_rep2.pdb
-89.559,0.196,-1295.12,7.218,-718.899,-1.182,455.47,4.785,relaxed_wt_1_A_71_L_rep4.pdb
-89.619,0.136,-1305.212,-2.874,-719.04,-1.323,445.808,-4.877,relaxed_wt_1_A_78_D_rep4.pdb
-89.458,0.296,-1273.785,28.553,-715.27,2.446,463.228,12.543,relaxed_wt_1_A_72_K_rep4.pdb
-83.449,6.305,-1298.602,3.736,-719.475,-1.758,446.33,-4.355,relaxed_wt_1_B_55_D_rep5.pdb
-86.395,3.36,-1293.115,9.223,-713.359,4.358,457.892,7.207,relaxed_wt_1_A_35_I_rep3.pdb
-89.581,0.173,-1302.78,-0.442,-718.935,-1.219,448.325,-2.36,relaxed_wt_1_A_23_W_rep5.pdb
-87.189,2.565,-1300.741,1.597,-718.346,-0.629,445.304,-5.381,relaxed_wt_1_B_101_D_rep3.pdb
-91.929,-2.175,-1305.051,-2.713,-718.561,-0.844,448.479,-2.206,relaxed_wt_1_B_101_M_rep2.pdb
-91.008,-1.254,-1305.435,-3.097,-718.96,-1.243,447.539,-3.146,relaxed_wt_1_A_28_K_rep3.pdb
-88.736,1.018,-1301.978,0.36,-718.597,-0.88,452.885,2.2,relaxed_wt_1_A_35_Q_rep2.pdb
-89.562,0.192,-1303.831,-1.493,-718.976,-1.259,448.098,-2.587,relaxed_wt_1_A_31_D_rep5.pdb
-88.834,0.92,-1283.708,18.63,-717.846,-0.129,457.246,6.561,relaxed_wt_1_A_87_V_rep3.pdb
-82.422,7.333,-1289.101,13.237,-717.696,0.021,460.109,9.424,relaxed_wt_1_A_75_E_rep2.pdb
-89.681,0.074,-1294.457,7.881,-718.723,-1.006,456.114,5.429,relaxed_wt_1_A_37_D_rep4.pdb
-88.458,1.296,-1297.952,4.386,-718.827,-1.11,457.511,6.826,relaxed_wt_1_B_13_K_rep2.pdb
-88.683,1.071,-1307.675,-5.337,-721.731,-4.014,444.541,-6.144,relaxed_wt_1_A_26_D_rep4.pdb
-89.423,0.331,-1300.717,1.621,-719.026,-1.309,447.562,-3.123,relaxed_wt_1_A_72_T_rep4.pdb
-89.262,0.492,-1294.036,8.302,-718.888,-1.171,460.929,10.244,relaxed_wt_1_B_13_D_rep5.pdb
-88.838,0.916,-1300.83,1.508,-718.173,-0.456,450.833,0.148,relaxed_wt_1_A_34_Y_rep4.pdb
-92.534,-2.78,-1303.062,-0.724,-717.803,-0.086,452.506,1.821,relaxed_wt_1_B_100_H_rep3.pdb
-89.402,0.352,-1299.716,2.622,-716.322,1.395,439.634,-11.051,relaxed_wt_1_B_15_F_rep5.pdb
-89.123,0.632,-1295.627,6.711,-719.236,-1.519,452.843,2.158,relaxed_wt_1_A_33_V_rep3.pdb
-83.994,5.76,-1300.006,2.332,-719.346,-1.629,447.56,-3.125,relaxed_wt_1_A_38_N_rep2.pdb
-89.489,0.265,-1300.045,2.293,-718.986,-1.269,450.964,0.279,relaxed_wt_1_B_100_G_rep2.pdb
-89.223,0.531,-1296.195,6.142,-719.018,-1.301,452.793,2.108,relaxed_wt_1_A_28_I_rep3.pdb
-89.389,0.365,-1300.111,2.227,-718.949,-1.232,450.645,-0.04,relaxed_wt_1_A_29_M_rep2.pdb
-89.601,0.153,-1303.715,-1.377,-718.618,-0.901,446.252,-4.433,relaxed_wt_1_B_102_A_rep3.pdb
-87.183,2.571,-1300.847,1.491,-718.979,-1.263,447.37,-3.315,relaxed_wt_1_A_77_T_rep1.pdb
-88.593,1.162,-1292.572,9.766,-718.19,-0.473,455.808,5.123,relaxed_wt_1_A_74_Y_rep2.pdb
-90.02,-0.266,-1301.69,0.648,-718.673,-0.957,449.006,-1.679,relaxed_wt_1_A_24_I_rep4.pdb
-85.933,3.822,-1300.787,1.551,-719.268,-1.552,443.494,-7.192,relaxed_wt_1_B_15_H_rep5.pdb
-89.466,0.288,-1297.924,4.414,-719.059,-1.342,451.991,1.306,relaxed_wt_1_B_59_I_rep2.pdb
-89.654,0.1,-1302.242,0.096,-718.864,-1.147,451.522,0.837,relaxed_wt_1_A_41_A_rep5.pdb
-89.272,0.482,-1285.024,17.314,-718.795,-1.078,454.282,3.597,relaxed_wt_1_A_87_L_rep4.pdb
-90.065,-0.311,-1299.439,2.899,-718.778,-1.061,447.362,-3.323,relaxed_wt_1_A_24_R_rep3.pdb
-89.451,0.303,-1299.846,2.492,-718.98,-1.263,451.677,0.991,relaxed_wt_1_A_83_M_rep1.pdb
-89.712,0.042,-1301.104,1.234,-718.076,-0.359,447.684,-3.001,relaxed_wt_1_A_83_F_rep5.pdb
-87.936,1.818,-1300.152,2.185,-718.906,-1.189,450.471,-0.214,relaxed_wt_1_B_59_R_rep4.pdb
-89.555,0.2,-1304.688,-2.35,-718.939,-1.222,446.071,-4.614,relaxed_wt_1_A_79_S_rep5.pdb
-89.463,0.291,-1306.452,-4.114,-718.877,-1.16,444.862,-5.823,relaxed_wt_1_B_98_R_rep5.pdb
-90.802,-1.048,-1292.993,9.345,-718.584,-0.868,460.576,9.891,relaxed_wt_1_A_30_W_rep1.pdb
-87.011,2.743,-1299.917,2.421,-718.704,-0.988,450.521,-0.164,relaxed_wt_1_B_54_R_rep1.pdb
-88.893,0.861,-1302.959,-0.621,-719.403,-1.686,448.838,-1.847,relaxed_wt_1_A_26_Y_rep3.pdb
-87.291,2.464,-1305.517,-3.179,-721.665,-3.948,445.365,-5.32,relaxed_wt_1_A_28_S_rep3.pdb
-89.22,0.534,-1291.373,10.965,-718.888,-1.171,460.0,9.315,relaxed_wt_1_A_76_W_rep3.pdb
-90.484,-0.73,-1300.578,1.76,-718.908,-1.192,451.022,0.337,relaxed_wt_1_A_32_M_rep1.pdb
-89.519,0.235,-1295.087,7.251,-717.909,-0.192,452.389,1.704,relaxed_wt_1_A_87_F_rep1.pdb
-91.49,-1.736,-1299.787,2.551,-718.905,-1.188,451.305,0.62,relaxed_wt_1_B_58_W_rep1.pdb
-89.638,0.116,-1304.489,-2.151,-719.003,-1.287,446.355,-4.33,relaxed_wt_1_B_12_S_rep2.pdb
-86.247,3.508,-1282.801,19.537,-718.89,-1.174,475.058,24.372,relaxed_wt_1_B_55_P_rep3.pdb
-89.464,0.29,-1300.975,1.363,-718.879,-1.162,450.121,-0.564,relaxed_wt_1_B_100_C_rep2.pdb
-85.229,4.526,-1297.328,5.01,-718.05,-0.334,459.99,9.305,relaxed_wt_1_A_40_T_rep3.pdb
-89.52,0.234,-1296.45,5.887,-718.775,-1.058,453.267,2.582,relaxed_wt_1_A_72_A_rep5.pdb
-88.792,0.962,-1299.696,2.642,-718.86,-1.143,450.583,-0.102,relaxed_wt_1_A_34_M_rep3.pdb
-89.888,-0.133,-1300.139,2.199,-718.511,-0.794,451.034,0.349,relaxed_wt_1_A_33_W_rep2.pdb
-89.548,0.207,-1302.0,0.338,-718.414,-0.697,446.458,-4.227,relaxed_wt_1_A_33_L_rep3.pdb
-85.246,4.509,-1295.432,6.906,-717.722,-0.006,458.403,7.718,relaxed_wt_1_A_82_E_rep1.pdb
-91.054,-1.299,-1258.094,44.244,-717.608,0.109,224.099,-226.586,relaxed_wt_1_A_22_Y_rep2.pdb
-89.735,0.019,-1300.8,1.538,-718.809,-1.092,452.777,2.092,relaxed_wt_1_A_24_L_rep2.pdb
-88.557,1.198,-1303.197,-0.859,-719.351,-1.634,448.549,-2.136,relaxed_wt_1_A_28_N_rep1.pdb
-86.772,2.982,-1297.813,4.525,-717.882,-0.165,449.744,-0.941,relaxed_wt_1_A_84_H_rep2.pdb
-90.621,-0.867,-1301.575,0.763,-718.897,-1.18,449.768,-0.917,relaxed_wt_1_A_26_W_rep5.pdb
-89.47,0.284,-1302.151,0.187,-719.027,-1.31,446.477,-4.208,relaxed_wt_1_A_81_F_rep4.pdb
-88.566,1.188,-1297.984,4.354,-718.8,-1.083,452.793,2.108,relaxed_wt_1_A_85_C_rep1.pdb
-89.551,0.203,-1303.811,-1.473,-718.962,-1.245,447.579,-3.106,relaxed_wt_1_B_11_A_rep1.pdb
-89.149,0.605,-1299.77,2.568,-718.893,-1.176,451.865,1.18,relaxed_wt_1_A_71_F_rep1.pdb
-82.047,7.707,-1289.764,12.574,-717.432,0.285,456.227,5.541,relaxed_wt_1_A_75_Q_rep4.pdb
-89.416,0.338,-1286.114,16.224,-718.954,-1.238,401.852,-48.833,relaxed_wt_1_B_14_T_rep1.pdb
-89.495,0.259,-1300.097,2.241,-719.036,-1.32,449.653,-1.032,relaxed_wt_1_A_23_S_rep1.pdb
-89.553,0.201,-1301.341,0.997,-718.777,-1.06,450.409,-0.276,relaxed_wt_1_A_21_M_rep4.pdb
-89.499,0.255,-1301.841,0.497,-719.013,-1.296,448.216,-2.469,relaxed_wt_1_A_87_Q_rep3.pdb
-89.648,0.106,-1303.97,-1.632,-718.553,-0.836,442.242,-8.443,relaxed_wt_1_A_73_M_rep3.pdb
-89.757,-0.003,-1299.261,3.077,-718.974,-1.257,449.296,-1.389,relaxed_wt_1_A_24_C_rep2.pdb
-89.559,0.196,-1304.266,-1.928,-719.416,-1.699,451.367,0.682,relaxed_wt_1_A_41_P_rep4.pdb
-83.943,5.811,-1289.154,13.184,-717.887,-0.17,460.782,10.097,relaxed_wt_1_A_75_H_rep4.pdb
-89.827,-0.073,-1283.695,18.643,-717.771,-0.054,456.485,5.8,relaxed_wt_1_A_87_L_rep5.pdb
-89.473,0.281,-1279.283,23.055,-718.512,-0.795,440.179,-10.506,relaxed_wt_1_B_14_E_rep3.pdb
-86.157,3.597,-1297.823,4.515,-717.741,-0.024,445.214,-5.471,relaxed_wt_1_A_33_D_rep4.pdb
-83.156,6.598,-1274.647,27.691,-705.295,12.421,460.547,9.862,relaxed_wt_1_A_75_R_rep2.pdb
-86.694,3.06,-1293.485,8.853,-717.679,0.037,454.494,3.809,relaxed_wt_1_A_75_S_rep4.pdb
-90.262,-0.508,-1302.452,-0.115,-718.069,-0.353,444.86,-5.825,relaxed_wt_1_B_57_Q_rep2.pdb
-89.535,0.219,-1302.273,0.065,-718.85,-1.133,450.449,-0.236,relaxed_wt_1_A_86_W_rep1.pdb
-87.847,1.907,-1298.649,3.689,-718.866,-1.15,448.89,-1.796,relaxed_wt_1_A_77_C_rep1.pdb
-89.502,0.252,-1290.643,11.695,-719.168,-1.451,461.071,10.386,relaxed_wt_1_A_37_E_rep3.pdb
-89.578,0.177,-1303.823,-1.485,-718.983,-1.267,443.807,-6.878,relaxed_wt_1_B_17_C_rep5.pdb
-90.277,-0.523,-1301.84,0.498,-718.664,-0.947,449.655,-1.03,relaxed_wt_1_B_102_G_rep2.pdb
-88.671,1.083,-1301.495,0.843,-718.694,-0.977,451.147,0.462,relaxed_wt_1_A_35_Q_rep4.pdb
-89.56,0.194,-1303.754,-1.416,-718.906,-1.19,449.907,-0.778,relaxed_wt_1_B_57_N_rep5.pdb
-90.428,-0.673,-1303.621,-1.283,-718.335,-0.618,448.01,-2.675,relaxed_wt_1_B_101_E_rep5.pdb
-84.77,4.985,-1297.774,4.563,-717.954,-0.238,445.784,-4.901,relaxed_wt_1_A_84_V_rep5.pdb
-87.685,2.069,-1300.537,1.801,-718.736,-1.019,449.396,-1.289,relaxed_wt_1_A_36_E_rep5.pdb
-89.549,0.205,-1303.845,-1.507,-718.959,-1.242,446.729,-3.956,relaxed_wt_1_A_37_F_rep3.pdb
-86.332,3.422,-1292.848,9.49,-721.155,-3.438,460.8,10.114,relaxed_wt_1_A_28_W_rep5.pdb
-89.53,0.224,-1287.177,15.161,-717.379,0.338,444.808,-5.877,relaxed_wt_1_A_25_F_rep5.pdb
-88.453,1.301,-1299.17,3.168,-719.302,-1.585,452.166,1.481,relaxed_wt_1_A_80_C_rep5.pdb
-86.962,2.792,-1300.059,2.279,-720.065,-2.349,445.895,-4.791,relaxed_wt_1_A_27_C_rep1.pdb
-83.913,5.841,-1298.929,3.409,-718.95,-1.234,448.277,-2.408,relaxed_wt_1_A_38_S_rep5.pdb
-89.526,0.228,-1298.964,3.374,-718.864,-1.147,450.466,-0.219,relaxed_wt_1_A_29_R_rep2.pdb
-88.662,1.092,-1298.881,3.457,-718.883,-1.166,450.252,-0.433,relaxed_wt_1_A_85_T_rep4.pdb
-89.618,0.136,-1296.685,5.653,-718.795,-1.078,462.125,11.44,relaxed_wt_1_A_22_G_rep2.pdb
-89.744,0.01,-1296.324,6.014,-719.015,-1.298,455.46,4.775,relaxed_wt_1_A_74_G_rep1.pdb
-85.831,3.923,-1304.001,-1.663,-723.014,-5.297,445.132,-5.553,relaxed_wt_1_A_27_A_rep4.pdb
-89.697,0.058,-1272.576,29.762,-718.72,-1.004,479.758,29.072,relaxed_wt_1_A_72_L_rep5.pdb
-87.801,1.953,-1299.584,2.753,-716.985,0.732,444.877,-5.808,relaxed_wt_1_B_15_W_rep1.pdb
-89.726,0.028,-1302.679,-0.341,-719.279,-1.562,447.063,-3.622,relaxed_wt_1_A_80_R_rep2.pdb
-85.521,4.233,-1296.525,5.813,-718.39,-0.674,451.658,0.973,relaxed_wt_1_B_58_E_rep5.pdb
-86.65,3.105,-1301.507,0.831,-718.947,-1.231,449.346,-1.339,relaxed_wt_1_A_38_V_rep1.pdb
-89.393,0.361,-1304.151,-1.813,-718.859,-1.143,443.862,-6.823,relaxed_wt_1_B_12_N_rep1.pdb
-90.481,-0.727,-1300.373,1.965,-718.717,-1.001,450.712,0.027,relaxed_wt_1_A_76_C_rep5.pdb
-88.8,0.954,-1298.387,3.951,-718.848,-1.131,450.574,-0.111,relaxed_wt_1_A_85_T_rep2.pdb
-91.513,-1.758,-1251.472,50.866,-716.367,1.35,444.808,-5.877,relaxed_wt_1_B_11_F_rep1.pdb
-89.493,0.262,-1300.226,2.112,-718.903,-1.186,450.962,0.277,relaxed_wt_1_A_29_K_rep2.pdb
-86.541,3.214,-1298.551,3.787,-717.605,0.112,457.732,7.047,relaxed_wt_1_A_40_I_rep4.pdb
-89.459,0.295,-1302.23,0.107,-718.985,-1.268,444.442,-6.243,relaxed_wt_1_A_74_T_rep4.pdb
-89.593,0.161,-1301.973,0.365,-718.834,-1.117,448.538,-2.147,relaxed_wt_1_A_86_M_rep2.pdb
-86.883,2.871,-1248.44,53.898,-721.936,-4.22,523.487,72.802,relaxed_wt_1_A_23_P_rep1.pdb
-89.638,0.116,-1289.524,12.814,-718.836,-1.119,457.584,6.899,relaxed_wt_1_A_72_D_rep3.pdb
-88.487,1.267,-1294.33,8.008,-719.085,-1.368,453.39,2.705,relaxed_wt_1_A_81_G_rep2.pdb
-86.975,2.779,-1303.035,-0.697,-718.818,-1.101,443.575,-7.111,relaxed_wt_1_A_73_E_rep5.pdb
-89.435,0.319,-1298.477,3.861,-717.44,0.277,456.365,5.68,relaxed_wt_1_A_82_T_rep5.pdb
-90.45,-0.696,-1301.376,0.962,-718.858,-1.141,447.239,-3.447,relaxed_wt_1_A_76_L_rep5.pdb
-87.977,1.777,-1231.149,71.189,-717.865,-0.148,506.369,55.684,relaxed_wt_1_A_72_P_rep5.pdb
-89.551,0.203,-1302.604,-0.266,-719.367,-1.651,449.432,-1.253,relaxed_wt_1_A_86_V_rep3.pdb
-89.527,0.228,-1303.687,-1.349,-718.949,-1.232,446.849,-3.837,relaxed_wt_1_A_26_S_rep5.pdb
-89.539,0.215,-1298.844,3.494,-718.901,-1.184,457.159,6.474,relaxed_wt_1_A_22_R_rep2.pdb
-89.5,0.254,-1303.509,-1.171,-719.117,-1.4,445.211,-5.474,relaxed_wt_1_A_81_H_rep3.pdb
-89.534,0.22,-1300.461,1.877,-718.798,-1.082,447.767,-2.918,relaxed_wt_1_A_86_C_rep5.pdb
-88.74,1.015,-1299.686,2.652,-719.149,-1.432,448.95,-1.735,relaxed_wt_1_A_34_M_rep1.pdb
-87.142,2.612,-1300.012,2.326,-718.694,-0.977,453.949,3.264,relaxed_wt_1_B_54_R_rep5.pdb
-83.135,6.619,-1299.131,3.207,-719.233,-1.517,448.881,-1.804,relaxed_wt_1_A_38_H_rep5.pdb
-89.88,-0.125,-1303.595,-1.257,-718.976,-1.259,447.857,-2.828,relaxed_wt_1_A_78_F_rep4.pdb
-89.538,0.216,-1300.953,1.385,-719.106,-1.389,447.208,-3.477,relaxed_wt_1_A_87_R_rep4.pdb
-89.576,0.178,-1299.852,2.486,-718.921,-1.204,450.233,-0.452,relaxed_wt_1_A_21_R_rep2.pdb
-89.685,0.07,-1302.155,0.183,-718.857,-1.14,458.396,7.711,relaxed_wt_1_A_22_T_rep5.pdb
-88.791,0.963,-1300.069,2.269,-718.476,-0.759,449.02,-1.665,relaxed_wt_1_A_33_G_rep3.pdb
-91.321,-1.566,-1302.476,-0.138,-718.327,-0.61,455.077,4.392,relaxed_wt_1_B_54_V_rep1.pdb
-89.219,0.536,-1300.592,1.746,-719.587,-1.87,450.084,-0.601,relaxed_wt_1_A_80_L_rep2.pdb
-89.348,0.406,-1294.19,8.148,-718.869,-1.152,457.67,6.985,relaxed_wt_1_A_26_I_rep3.pdb
-89.397,0.357,-1301.434,0.903,-718.8,-1.084,450.13,-0.555,relaxed_wt_1_A_83_H_rep3.pdb
-89.942,-0.188,-1293.885,8.453,-718.839,-1.122,454.899,4.214,relaxed_wt_1_A_30_R_rep4.pdb
-89.62,0.135,-1304.888,-2.55,-718.936,-1.219,445.455,-5.23,relaxed_wt_1_B_12_V_rep5.pdb
-91.287,-1.532,-1304.097,-1.759,-718.767,-1.051,447.685,-3.0,relaxed_wt_1_B_56_V_rep3.pdb
-88.661,1.093,-1295.293,7.045,-718.902,-1.185,453.741,3.056,relaxed_wt_1_B_58_G_rep4.pdb
-89.495,0.259,-1288.085,14.253,-716.988,0.729,477.47,26.785,relaxed_wt_1_A_75_Y_rep3.pdb
-89.619,0.136,-1301.67,0.668,-719.012,-1.295,448.604,-2.081,relaxed_wt_1_A_79_C_rep2.pdb
-89.449,0.306,-1304.319,-1.981,-718.937,-1.22,444.926,-5.759,relaxed_wt_1_A_74_R_rep2.pdb
-91.87,-2.116,-1304.777,-2.439,-718.658,-0.941,456.129,5.444,relaxed_wt_1_B_54_L_rep5.pdb
-89.195,0.559,-1300.774,1.564,-718.768,-1.051,447.943,-2.742,relaxed_wt_1_B_102_Q_rep3.pdb
-93.382,-3.628,-1302.861,-0.523,-718.887,-1.171,449.095,-1.59,relaxed_wt_1_B_58_M_rep3.pdb
-86.184,3.57,-1304.51,-2.172,-723.176,-5.46,443.713,-6.972,relaxed_wt_1_A_27_E_rep1.pdb
-90.229,-0.475,-1300.621,1.717,-719.422,-1.705,452.598,1.912,relaxed_wt_1_B_102_P_rep5.pdb
-89.43,0.324,-1300.594,1.744,-718.785,-1.069,450.369,-0.316,relaxed_wt_1_A_83_N_rep5.pdb
-89.542,0.213,-1303.0,-0.662,-718.821,-1.104,451.899,1.214,relaxed_wt_1_A_21_W_rep5.pdb
-88.813,0.941,-1295.192,7.146,-718.972,-1.255,454.608,3.923,relaxed_wt_1_A_85_W_rep3.pdb
-88.623,1.132,-1293.29,9.048,-718.678,-0.961,454.842,4.157,relaxed_wt_1_A_74_W_rep3.pdb
-89.546,0.208,-1294.241,8.097,-718.835,-1.118,455.004,4.319,relaxed_wt_1_A_25_S_rep4.pdb
-84.88,4.874,-1289.474,12.864,-711.439,6.277,448.722,-1.963,relaxed_wt_1_A_35_W_rep3.pdb
-89.694,0.06,-1303.895,-1.557,-718.756,-1.04,446.362,-4.323,relaxed_wt_1_A_29_Q_rep3.pdb
-87.507,2.248,-1294.108,8.23,-717.808,-0.091,454.308,3.623,relaxed_wt_1_A_75_A_rep1.pdb
-89.481,0.274,-1301.748,0.59,-718.901,-1.184,447.011,-3.674,relaxed_wt_1_A_79_M_rep2.pdb
-89.513,0.241,-1302.095,0.243,-718.803,-1.086,447.256,-3.429,relaxed_wt_1_A_83_T_rep5.pdb
-89.54,0.214,-1300.289,2.049,-718.959,-1.242,449.983,-0.702,relaxed_wt_1_A_72_T_rep5.pdb
-87.315,2.439,-1295.975,6.362,-717.317,0.4,450.478,-0.207,relaxed_wt_1_A_75_L_rep4.pdb
-90.699,-0.945,-1300.368,1.97,-718.842,-1.126,450.268,-0.417,relaxed_wt_1_B_102_W_rep1.pdb
-89.585,0.169,-1301.856,0.482,-718.967,-1.25,451.914,1.229,relaxed_wt_1_A_21_A_rep2.pdb
-88.881,0.874,-1304.028,-1.69,-718.927,-1.211,448.205,-2.48,relaxed_wt_1_A_79_H_rep2.pdb
-89.48,0.274,-1248.918,53.42,-718.795,-1.079,496.439,45.754,relaxed_wt_1_A_72_R_rep2.pdb
-89.49,0.264,-1300.213,2.125,-718.844,-1.127,450.754,0.069,relaxed_wt_1_A_83_M_rep5.pdb
-85.413,4.341,-1296.101,6.237,-715.129,2.588,458.285,7.6,relaxed_wt_1_A_35_L_rep3.pdb
-89.399,0.355,-1273.479,28.858,-717.802,-0.086,477.348,26.663,relaxed_wt_1_A_72_Q_rep2.pdb
-92.593,-2.839,-1303.271,-0.933,-716.858,0.858,447.66,-3.025,relaxed_wt_1_B_12_F_rep2.pdb
-88.529,1.225,-1307.281,-4.943,-721.792,-4.076,443.539,-7.146,relaxed_wt_1_A_26_D_rep5.pdb
-84.54,5.215,-1300.741,1.597,-718.877,-1.161,450.168,-0.517,relaxed_wt_1_A_35_P_rep1.pdb
-89.565,0.189,-1300.288,2.05,-718.944,-1.227,449.145,-1.54,relaxed_wt_1_A_21_N_rep3.pdb
-87.2,2.554,-1300.684,1.654,-718.958,-1.242,447.571,-3.114,relaxed_wt_1_A_77_T_rep5.pdb
-89.544,0.21,-1287.05,15.288,-717.594,0.123,445.975,-4.71,relaxed_wt_1_A_25_F_rep4.pdb
-89.796,-0.042,-1302.426,-0.088,-718.825,-1.109,447.701,-2.984,relaxed_wt_1_B_98_M_rep2.pdb
-90.329,-0.575,-1301.809,0.529,-718.686,-0.969,449.205,-1.48,relaxed_wt_1_B_102_G_rep1.pdb
-89.695,0.059,-1298.726,3.612,-718.695,-0.979,448.693,-1.992,relaxed_wt_1_A_25_L_rep2.pdb
-87.96,1.794,-1299.222,3.116,-719.307,-1.59,449.677,-1.008,relaxed_wt_1_A_77_C_rep3.pdb
-87.701,2.054,-1299.548,2.79,-718.887,-1.17,450.648,-0.037,relaxed_wt_1_A_85_E_rep1.pdb
-90.219,-0.465,-1300.943,1.395,-718.896,-1.179,451.132,0.447,relaxed_wt_1_A_24_Q_rep3.pdb
-89.573,0.181,-1301.141,1.197,-718.932,-1.216,451.092,0.407,relaxed_wt_1_A_86_G_rep1.pdb
-89.585,0.169,-1295.979,6.359,-718.924,-1.208,454.03,3.345,relaxed_wt_1_A_25_C_rep5.pdb
-87.038,2.716,-1297.858,4.48,-717.994,-0.277,441.914,-8.771,relaxed_wt_1_B_15_G_rep3.pdb
-89.615,0.139,-1300.971,1.367,-718.091,-0.374,447.686,-2.999,relaxed_wt_1_A_83_F_rep2.pdb
-88.51,1.244,-1298.732,3.606,-716.159,1.558,452.849,2.164,relaxed_wt_1_A_80_F_rep5.pdb
-91.706,-1.952,-1300.068,2.27,-717.191,0.525,452.829,2.143,relaxed_wt_1_B_98_Y_rep1.pdb
-89.58,0.175,-1304.435,-2.097,-718.395,-0.678,444.905,-5.78,relaxed_wt_1_A_73_Y_rep2.pdb
-89.571,0.183,-1299.994,2.344,-718.873,-1.156,448.399,-2.286,relaxed_wt_1_A_83_A_rep1.pdb
-89.579,0.175,-1296.801,5.537,-718.944,-1.228,461.717,11.032,relaxed_wt_1_A_22_G_rep4.pdb
-83.463,6.292,-1298.323,4.015,-718.347,-0.63,457.237,6.552,relaxed_wt_1_A_40_A_rep1.pdb
-87.591,2.163,-1302.31,0.028,-720.191,-2.474,447.651,-3.034,relaxed_wt_1_A_27_Q_rep5.pdb
-89.562,0.193,-1303.804,-1.466,-718.897,-1.18,447.187,-3.498,relaxed_wt_1_A_87_A_rep4.pdb
-89.604,0.15,-1295.218,7.12,-718.276,-0.559,456.088,5.403,relaxed_wt_1_A_74_D_rep5.pdb
-83.821,5.933,-1296.617,5.721,-718.733,-1.016,447.846,-2.839,relaxed_wt_1_A_38_W_rep5.pdb
-89.472,0.282,-1290.19,12.148,-718.455,-0.738,459.122,8.437,relaxed_wt_1_A_76_W_rep5.pdb
-89.593,0.161,-1303.822,-1.484,-718.843,-1.126,444.856,-5.829,relaxed_wt_1_B_17_S_rep3.pdb
-89.596,0.158,-1303.626,-1.288,-718.875,-1.158,446.515,-4.17,relaxed_wt_1_A_25_I_rep2.pdb
-89.442,0.312,-1296.914,5.424,-719.006,-1.29,454.214,3.529,relaxed_wt_1_A_39_S_rep5.pdb
-89.538,0.216,-1300.953,1.385,-719.106,-1.389,447.208,-3.477,relaxed_wt_1_A_87_R_rep5.pdb
-89.664,0.09,-1301.39,0.948,-717.882,-0.165,447.843,-2.842,relaxed_wt_1_A_78_T_rep4.pdb
-89.74,0.014,-1301.44,0.898,-718.744,-1.027,450.385,-0.3,relaxed_wt_1_B_59_K_rep3.pdb
-89.851,-0.097,-1297.826,4.512,-718.917,-1.2,453.605,2.92,relaxed_wt_1_A_24_G_rep4.pdb
-88.672,1.082,-1299.329,3.009,-718.941,-1.224,450.578,-0.107,relaxed_wt_1_A_85_V_rep3.pdb
-89.499,0.256,-1304.151,-1.813,-718.928,-1.212,447.08,-3.605,relaxed_wt_1_A_27_R_rep5.pdb
-90.052,-0.298,-1298.319,4.019,-717.979,-0.262,450.403,-0.282,relaxed_wt_1_A_83_W_rep3.pdb
-88.562,1.193,-1298.812,3.526,-719.233,-1.516,450.702,0.017,relaxed_wt_1_B_55_R_rep2.pdb
-89.673,0.081,-1304.981,-2.643,-718.942,-1.226,446.689,-3.996,relaxed_wt_1_B_12_E_rep3.pdb
-87.584,2.17,-1300.037,2.301,-718.638,-0.921,449.947,-0.739,relaxed_wt_1_A_77_Q_rep1.pdb
-89.82,-0.066,-1292.253,10.085,-718.809,-1.093,459.731,9.046,relaxed_wt_1_A_31_G_rep3.pdb
-89.611,0.143,-1301.737,0.601,-718.863,-1.147,447.055,-3.63,relaxed_wt_1_B_17_L_rep4.pdb
-89.509,0.245,-1303.106,-0.768,-718.863,-1.146,450.566,-0.119,relaxed_wt_1_A_71_E_rep5.pdb
-88.871,0.883,-1294.692,7.646,-718.645,-0.928,458.588,7.903,relaxed_wt_1_A_34_W_rep3.pdb
-90.736,-0.981,-1291.597,10.741,-718.934,-1.217,462.238,11.553,relaxed_wt_1_A_31_I_rep2.pdb
-87.691,2.063,-1302.973,-0.635,-719.016,-1.299,445.531,-5.154,relaxed_wt_1_A_81_T_rep1.pdb
-89.768,-0.013,-1303.531,-1.193,-718.901,-1.184,446.405,-4.28,relaxed_wt_1_A_78_K_rep1.pdb
-88.27,1.485,-1305.826,-3.488,-721.266,-3.55,446.215,-4.47,relaxed_wt_1_B_98_D_rep4.pdb
-89.841,-0.087,-1265.912,36.426,-718.49,-0.774,398.871,-51.814,relaxed_wt_1_B_14_F_rep5.pdb
-90.81,-1.055,-1291.593,10.745,-718.97,-1.253,460.999,10.314,relaxed_wt_1_A_31_I_rep3.pdb
-87.132,2.623,-1303.001,-0.663,-718.503,-0.787,443.195,-7.49,relaxed_wt_1_A_77_F_rep4.pdb
-89.647,0.107,-1303.003,-0.665,-718.868,-1.151,447.344,-3.341,relaxed_wt_1_A_86_E_rep1.pdb
-89.652,0.102,-1304.413,-2.075,-718.906,-1.189,446.63,-4.056,relaxed_wt_1_B_98_A_rep4.pdb
-84.105,5.649,-1298.074,4.264,-718.511,-0.794,455.733,5.048,relaxed_wt_1_A_40_T_rep5.pdb
-91.473,-1.719,-1281.123,21.214,-718.52,-0.804,471.646,20.961,relaxed_wt_1_A_39_Y_rep3.pdb
-89.532,0.222,-1303.593,-1.255,-718.605,-0.888,446.89,-3.795,relaxed_wt_1_B_102_A_rep4.pdb
-89.571,0.184,-1303.701,-1.363,-718.873,-1.156,446.711,-3.974,relaxed_wt_1_A_31_D_rep1.pdb
-89.608,0.146,-1292.565,9.773,-718.946,-1.229,456.415,5.73,relaxed_wt_1_A_22_L_rep1.pdb
-89.817,-0.063,-1297.552,4.786,-718.688,-0.971,451.391,0.705,relaxed_wt_1_A_25_N_rep1.pdb
-89.582,0.172,-1303.719,-1.381,-718.922,-1.205,446.941,-3.745,relaxed_wt_1_A_40_W_rep1.pdb
-88.738,1.017,-1299.709,2.629,-718.763,-1.047,452.29,1.605,relaxed_wt_1_A_85_I_rep3.pdb
-89.58,0.174,-1303.631,-1.293,-718.857,-1.14,447.376,-3.309,relaxed_wt_1_B_17_K_rep2.pdb
-89.607,0.147,-1304.064,-1.726,-718.886,-1.169,447.297,-3.388,relaxed_wt_1_B_12_Q_rep3.pdb
-89.37,0.384,-1253.895,48.443,-718.85,-1.133,485.692,35.007,relaxed_wt_1_B_11_E_rep4.pdb
-88.665,1.09,-1292.981,9.357,-718.7,-0.983,454.744,4.059,relaxed_wt_1_A_74_W_rep4.pdb
-85.941,3.814,-1300.636,1.702,-718.161,-0.444,448.888,-1.797,relaxed_wt_1_A_36_D_rep4.pdb
-85.644,4.111,-1295.336,7.002,-718.206,-0.489,456.174,5.489,relaxed_wt_1_A_36_P_rep5.pdb
-89.58,0.174,-1303.685,-1.347,-718.905,-1.188,448.541,-2.144,relaxed_wt_1_A_82_P_rep2.pdb
-86.209,3.546,-1296.845,5.493,-718.71,-0.993,461.184,10.499,relaxed_wt_1_B_54_K_rep4.pdb
-89.457,0.297,-1303.49,-1.152,-718.84,-1.123,446.98,-3.705,relaxed_wt_1_A_86_Q_rep5.pdb
-89.758,-0.004,-1301.744,0.594,-718.662,-0.945,450.065,-0.62,relaxed_wt_1_B_98_M_rep3.pdb
-89.056,0.698,-1297.858,4.48,-718.078,-0.361,451.799,1.114,relaxed_wt_1_A_81_W_rep5.pdb
-88.787,0.967,-1299.057,3.281,-718.052,-0.335,449.145,-1.54,relaxed_wt_1_A_33_F_rep4.pdb
-89.53,0.224,-1302.816,-0.478,-718.828,-1.111,448.903,-1.782,relaxed_wt_1_A_21_H_rep2.pdb
-89.166,0.588,-1302.587,-0.249,-718.533,-0.816,461.871,11.186,relaxed_wt_1_B_54_F_rep4.pdb
-83.927,5.827,-1298.797,3.541,-718.91,-1.194,449.22,-1.466,relaxed_wt_1_A_38_S_rep1.pdb
-89.24,0.514,-1304.146,-1.808,-719.224,-1.507,443.998,-6.687,relaxed_wt_1_A_74_V_rep5.pdb
-89.626,0.129,-1297.082,5.256,-718.898,-1.181,454.433,3.748,relaxed_wt_1_A_30_A_rep3.pdb
-89.453,0.301,-1280.634,21.703,-718.304,-0.587,459.622,8.937,relaxed_wt_1_A_25_Y_rep3.pdb
-89.013,0.741,-1298.337,4.001,-718.161,-0.445,450.82,0.135,relaxed_wt_1_A_81_W_rep3.pdb
-89.545,0.209,-1301.314,1.024,-718.866,-1.149,448.93,-1.755,relaxed_wt_1_A_83_K_rep4.pdb
-87.92,1.834,-1280.259,22.079,-717.914,-0.198,469.672,18.987,relaxed_wt_1_A_37_P_rep3.pdb
-89.62,0.134,-1298.162,4.176,-719.108,-1.392,450.345,-0.34,relaxed_wt_1_A_87_T_rep3.pdb
-90.652,-0.898,-1299.965,2.373,-718.837,-1.12,452.892,2.207,relaxed_wt_1_B_102_W_rep2.pdb
-89.622,0.132,-1304.08,-1.742,-718.856,-1.139,446.381,-4.304,relaxed_wt_1_B_12_M_rep1.pdb
-89.501,0.253,-1301.68,0.658,-719.031,-1.314,449.452,-1.233,relaxed_wt_1_A_83_R_rep1.pdb
-89.556,0.199,-1302.086,0.252,-718.885,-1.168,459.58,8.895,relaxed_wt_1_A_22_T_rep4.pdb
-89.541,0.213,-1300.51,1.828,-718.856,-1.14,448.163,-2.522,relaxed_wt_1_A_23_E_rep3.pdb
-85.365,4.389,-1299.525,2.813,-717.998,-0.281,446.147,-4.538,relaxed_wt_1_A_84_I_rep1.pdb
-91.413,-1.658,-1302.44,-0.102,-718.26,-0.544,456.677,5.992,relaxed_wt_1_B_54_V_rep2.pdb
-91.184,-1.43,-1301.946,0.392,-718.302,-0.586,453.656,2.971,relaxed_wt_1_B_54_V_rep3.pdb
-87.687,2.067,-1301.371,0.967,-719.131,-1.414,448.346,-2.339,relaxed_wt_1_A_28_G_rep5.pdb
-89.018,0.736,-1301.914,0.424,-719.134,-1.417,449.56,-1.125,relaxed_wt_1_B_57_A_rep1.pdb
-89.548,0.207,-1290.714,11.624,-718.96,-1.244,458.842,8.157,relaxed_wt_1_A_39_G_rep2.pdb
-89.846,-0.092,-1301.914,0.424,-718.775,-1.059,448.415,-2.27,relaxed_wt_1_A_77_M_rep2.pdb
-91.248,-1.494,-1303.52,-1.182,-718.509,-0.793,446.144,-4.541,relaxed_wt_1_B_56_L_rep2.pdb
-84.105,5.65,-1292.498,9.84,-717.687,0.03,461.518,10.833,relaxed_wt_1_A_82_W_rep5.pdb
-91.523,-1.768,-1274.481,27.857,-715.444,2.273,396.068,-54.617,relaxed_wt_1_B_14_L_rep5.pdb
-89.39,0.365,-1304.612,-2.274,-719.058,-1.341,449.173,-1.512,relaxed_wt_1_B_56_K_rep4.pdb
-88.414,1.34,-1153.102,149.236,-718.769,-1.052,583.71,133.025,relaxed_wt_1_A_87_P_rep2.pdb
-89.612,0.142,-1301.873,0.465,-718.289,-0.572,448.358,-2.328,relaxed_wt_1_A_33_L_rep4.pdb
-90.821,-1.067,-1300.352,1.986,-717.816,-0.1,456.292,5.607,relaxed_wt_1_A_79_W_rep3.pdb
-91.874,-2.12,-1303.915,-1.577,-718.407,-0.69,449.596,-1.089,relaxed_wt_1_B_101_Q_rep4.pdb
-89.399,0.355,-1296.473,5.865,-718.908,-1.192,454.526,3.841,relaxed_wt_1_B_59_G_rep4.pdb
-87.681,2.073,-1297.38,4.958,-718.883,-1.166,451.221,0.536,relaxed_wt_1_A_77_A_rep4.pdb
-89.408,0.346,-1300.444,1.894,-716.26,1.456,440.103,-10.582,relaxed_wt_1_B_15_Y_rep2.pdb
-84.467,5.288,-1300.203,2.135,-718.07,-0.353,456.033,5.348,relaxed_wt_1_A_40_Q_rep4.pdb
-88.999,0.755,-1300.302,2.036,-718.986,-1.269,450.386,-0.299,relaxed_wt_1_A_26_N_rep5.pdb
-91.143,-1.389,-1301.345,0.993,-718.346,-0.629,451.397,0.712,relaxed_wt_1_B_98_H_rep4.pdb
-89.677,0.077,-1299.535,2.803,-719.0,-1.283,450.166,-0.519,relaxed_wt_1_A_26_C_rep1.pdb
-89.543,0.211,-1301.78,0.558,-718.852,-1.135,447.503,-3.182,relaxed_wt_1_B_13_V_rep4.pdb
-87.391,2.364,-1300.239,2.099,-718.85,-1.133,449.849,-0.836,relaxed_wt_1_A_38_C_rep2.pdb
-90.407,-0.653,-1303.329,-0.991,-718.688,-0.972,450.089,-0.596,relaxed_wt_1_B_102_S_rep4.pdb
-88.792,0.962,-1299.696,2.642,-718.86,-1.143,450.583,-0.102,relaxed_wt_1_A_34_M_rep5.pdb
-88.461,1.293,-1288.001,14.337,-716.152,1.565,474.228,23.543,relaxed_wt_1_A_75_F_rep3.pdb
-89.539,0.216,-1303.69,-1.352,-718.897,-1.18,446.571,-4.115,relaxed_wt_1_B_17_K_rep5.pdb
-91.159,-1.405,-1149.774,152.563,-718.815,-1.098,605.583,154.898,relaxed_wt_1_A_31_P_rep1.pdb
-88.377,1.377,-1301.378,0.96,-718.606,-0.889,461.552,10.867,relaxed_wt_1_B_54_H_rep4.pdb
-86.539,3.215,-1298.688,3.65,-719.473,-1.757,449.105,-1.58,relaxed_wt_1_A_27_Y_rep3.pdb
-90.962,-1.208,-1303.321,-0.983,-718.752,-1.035,450.147,-0.538,relaxed_wt_1_B_102_E_rep5.pdb
-82.572,7.182,-1297.863,4.475,-718.207,-0.49,455.836,5.151,relaxed_wt_1_A_40_D_rep3.pdb
-89.407,0.348,-1286.103,16.235,-718.921,-1.204,396.778,-53.907,relaxed_wt_1_B_14_T_rep2.pdb
-89.062,0.692,-1300.452,1.886,-718.785,-1.068,448.067,-2.618,relaxed_wt_1_A_85_R_rep1.pdb
-90.552,-0.798,-1301.19,1.148,-718.799,-1.082,451.168,0.483,relaxed_wt_1_A_79_W_rep4.pdb
-92.998,-3.243,-1307.763,-5.425,-718.652,-0.935,436.438,-14.247,relaxed_wt_1_B_17_D_rep1.pdb
-89.423,0.331,-1298.274,4.064,-718.899,-1.183,453.618,2.933,relaxed_wt_1_B_59_V_rep5.pdb
-86.459,3.295,-1300.753,1.584,-718.532,-0.815,447.528,-3.157,relaxed_wt_1_A_33_N_rep2.pdb
-89.295,0.46,-1298.514,3.824,-718.902,-1.186,455.199,4.514,relaxed_wt_1_B_13_N_rep4.pdb
-86.403,3.351,-1299.124,3.214,-718.852,-1.136,449.669,-1.016,relaxed_wt_1_B_55_L_rep3.pdb
-83.568,6.186,-1300.202,2.136,-717.61,0.107,444.52,-6.166,relaxed_wt_1_A_73_T_rep3.pdb
-89.52,0.234,-1298.405,3.933,-717.884,-0.168,449.596,-1.089,relaxed_wt_1_A_23_C_rep1.pdb
-85.644,4.111,-1295.336,7.002,-718.206,-0.489,456.174,5.489,relaxed_wt_1_A_36_P_rep1.pdb
-89.567,0.187,-1292.586,9.752,-719.054,-1.337,459.36,8.675,relaxed_wt_1_A_37_K_rep4.pdb
-88.811,0.944,-1302.339,-0.001,-718.352,-0.635,451.593,0.908,relaxed_wt_1_A_35_M_rep4.pdb
-89.669,0.085,-1301.274,1.064,-718.91,-1.193,450.212,-0.473,relaxed_wt_1_A_24_D_rep3.pdb
-88.889,0.865,-1300.799,1.539,-718.884,-1.167,449.896,-0.789,relaxed_wt_1_A_76_D_rep2.pdb
-82.917,6.837,-1294.222,8.116,-718.499,-0.782,457.791,7.106,relaxed_wt_1_A_40_G_rep4.pdb
-90.053,-0.299,-1300.768,1.57,-716.806,0.911,454.54,3.855,relaxed_wt_1_A_36_Y_rep1.pdb
-89.529,0.226,-1298.284,4.054,-718.994,-1.277,449.382,-1.303,relaxed_wt_1_A_87_T_rep4.pdb
-84.843,4.911,-1299.291,3.047,-719.003,-1.287,449.406,-1.279,relaxed_wt_1_A_38_A_rep2.pdb
-90.125,-0.371,-1303.109,-0.771,-718.915,-1.198,449.266,-1.419,relaxed_wt_1_A_78_H_rep1.pdb
-89.907,-0.153,-1281.784,20.554,-718.772,-1.055,476.987,26.302,relaxed_wt_1_B_14_H_rep2.pdb
-88.777,0.978,-1299.675,2.663,-718.102,-0.386,449.455,-1.23,relaxed_wt_1_A_81_D_rep2.pdb
-89.569,0.185,-1302.306,0.031,-718.85,-1.133,446.816,-3.869,relaxed_wt_1_A_71_K_rep4.pdb
-89.573,0.181,-1300.73,1.608,-718.919,-1.203,449.779,-0.906,relaxed_wt_1_A_86_C_rep4.pdb
-93.09,-3.335,-1305.694,-3.356,-718.946,-1.229,448.772,-1.913,relaxed_wt_1_B_57_Y_rep4.pdb
-88.286,1.468,-1296.355,5.983,-719.215,-1.498,454.37,3.685,relaxed_wt_1_A_82_G_rep3.pdb
-89.488,0.266,-1273.149,29.189,-718.919,-1.202,477.207,26.522,relaxed_wt_1_A_33_P_rep3.pdb
-89.545,0.209,-1300.29,2.048,-718.943,-1.227,453.024,2.339,relaxed_wt_1_A_21_N_rep5.pdb
-88.1,1.654,-1300.705,1.633,-719.121,-1.404,448.009,-2.676,relaxed_wt_1_A_81_M_rep5.pdb
-89.671,0.084,-1301.932,0.406,-718.939,-1.223,447.941,-2.744,relaxed_wt_1_A_26_F_rep3.pdb
-89.589,0.165,-1300.478,1.86,-718.974,-1.257,450.085,-0.601,relaxed_wt_1_A_74_C_rep1.pdb
-85.597,4.157,-1305.98,-3.642,-719.621,-1.905,445.754,-4.932,relaxed_wt_1_B_55_H_rep1.pdb
-89.682,0.072,-1301.609,0.729,-718.874,-1.157,450.669,-0.016,relaxed_wt_1_A_25_V_rep2.pdb
-84.093,5.662,-1299.164,3.174,-717.052,0.665,458.161,7.476,relaxed_wt_1_A_40_Q_rep1.pdb
-89.624,0.13,-1304.029,-1.691,-718.931,-1.214,446.309,-4.376,relaxed_wt_1_A_83_I_rep3.pdb
-89.606,0.149,-1296.949,5.388,-719.001,-1.284,451.321,0.636,relaxed_wt_1_B_17_V_rep1.pdb
-91.082,-1.328,-1303.0,-0.663,-718.116,-0.399,445.764,-4.921,relaxed_wt_1_B_56_W_rep4.pdb
-90.176,-0.422,-1303.001,-0.663,-718.6,-0.883,449.584,-1.101,relaxed_wt_1_A_76_V_rep2.pdb
-90.1,-0.346,-1300.691,1.647,-718.713,-0.996,451.311,0.626,relaxed_wt_1_A_24_S_rep5.pdb
-89.637,0.117,-1288.151,14.187,-718.815,-1.099,460.768,10.083,relaxed_wt_1_A_41_D_rep2.pdb
-86.298,3.457,-1301.39,0.948,-718.463,-0.746,449.118,-1.567,relaxed_wt_1_A_35_E_rep5.pdb
-89.279,0.475,-1301.489,0.848,-719.092,-1.375,447.4,-3.285,relaxed_wt_1_A_34_G_rep5.pdb
-89.986,-0.232,-1294.014,8.324,-718.968,-1.251,455.821,5.136,relaxed_wt_1_A_30_R_rep2.pdb
-89.531,0.224,-1303.573,-1.235,-718.848,-1.132,445.607,-5.078,relaxed_wt_1_A_81_K_rep2.pdb
-87.303,2.451,-1295.907,6.431,-717.237,0.48,452.013,1.328,relaxed_wt_1_A_75_L_rep2.pdb
-88.5,1.254,-1297.531,4.807,-721.415,-3.698,452.758,2.073,relaxed_wt_1_A_37_S_rep2.pdb
-87.77,1.984,-1301.243,1.095,-718.465,-0.749,449.586,-1.099,relaxed_wt_1_A_32_P_rep3.pdb
-89.518,0.236,-1300.879,1.458,-718.854,-1.137,449.335,-1.35,relaxed_wt_1_A_29_H_rep1.pdb
-89.411,0.343,-1303.856,-1.518,-718.851,-1.134,448.439,-2.246,relaxed_wt_1_A_83_I_rep4.pdb
-89.624,0.131,-1302.177,0.161,-718.816,-1.099,443.408,-7.277,relaxed_wt_1_A_21_F_rep1.pdb
-89.433,0.321,-1297.941,4.397,-718.911,-1.194,450.945,0.26,relaxed_wt_1_A_29_G_rep4.pdb
-86.967,2.787,-1304.577,-2.239,-723.08,-5.363,443.386,-7.299,relaxed_wt_1_A_27_Q_rep4.pdb
-89.685,0.069,-1293.756,8.582,-718.358,-0.641,458.575,7.89,relaxed_wt_1_A_37_L_rep4.pdb
-89.704,0.051,-1278.119,24.219,-718.785,-1.068,459.458,8.773,relaxed_wt_1_B_11_T_rep4.pdb
-92.295,-2.541,-1303.823,-1.485,-717.824,-0.107,452.834,2.149,relaxed_wt_1_B_100_M_rep2.pdb
-88.268,1.486,-1299.678,2.66,-719.228,-1.511,447.693,-2.992,relaxed_wt_1_A_81_L_rep1.pdb
-90.481,-0.727,-1300.373,1.965,-718.717,-1.001,450.712,0.027,relaxed_wt_1_A_76_C_rep2.pdb
-89.531,0.223,-1302.723,-0.385,-718.937,-1.22,442.352,-8.333,relaxed_wt_1_A_21_F_rep5.pdb
-88.267,1.487,-1297.309,5.029,-717.583,0.133,462.844,12.159,relaxed_wt_1_A_41_V_rep4.pdb
-90.102,-0.347,-1303.736,-1.399,-719.06,-1.344,446.956,-3.73,relaxed_wt_1_A_78_L_rep3.pdb
-89.516,0.238,-1300.875,1.463,-718.947,-1.23,449.764,-0.921,relaxed_wt_1_A_29_A_rep3.pdb
-88.786,0.969,-1296.33,6.008,-718.925,-1.208,454.775,4.09,relaxed_wt_1_A_85_G_rep1.pdb
-87.994,1.761,-1299.686,2.652,-716.999,0.717,452.806,2.121,relaxed_wt_1_A_80_F_rep4.pdb
-88.911,0.843,-1302.336,0.002,-718.877,-1.161,446.545,-4.14,relaxed_wt_1_B_57_E_rep4.pdb
-89.734,0.02,-1300.442,1.896,-718.464,-0.747,451.574,0.889,relaxed_wt_1_A_33_W_rep4.pdb
-89.956,-0.202,-1295.316,7.022,-718.184,-0.467,454.365,3.68,relaxed_wt_1_B_58_K_rep5.pdb
-89.911,-0.157,-1303.905,-1.567,-718.853,-1.136,447.753,-2.932,relaxed_wt_1_A_78_N_rep2.pdb
-86.501,3.253,-1299.661,2.677,-718.896,-1.179,455.694,5.009,relaxed_wt_1_A_40_V_rep1.pdb
-88.302,1.452,-1300.748,1.59,-718.566,-0.85,447.905,-2.78,relaxed_wt_1_A_33_N_rep4.pdb
-89.592,0.162,-1296.048,6.29,-718.908,-1.192,457.146,6.461,relaxed_wt_1_A_31_R_rep2.pdb
-89.116,0.638,-1300.388,1.95,-719.01,-1.293,452.737,2.052,relaxed_wt_1_A_71_F_rep4.pdb
-89.542,0.212,-1303.872,-1.534,-718.979,-1.262,446.22,-4.465,relaxed_wt_1_A_33_T_rep5.pdb
-87.807,1.947,-1301.16,1.178,-718.845,-1.128,447.987,-2.698,relaxed_wt_1_A_77_N_rep3.pdb
-88.56,1.195,-1290.851,11.487,-716.172,1.545,473.944,23.259,relaxed_wt_1_A_41_Y_rep1.pdb
-85.956,3.798,-1300.802,1.536,-719.267,-1.55,444.888,-5.797,relaxed_wt_1_B_15_H_rep4.pdb
-90.497,-0.742,-1302.779,-0.441,-718.2,-0.484,447.048,-3.637,relaxed_wt_1_A_82_I_rep5.pdb
-89.322,0.432,-1302.795,-0.457,-719.021,-1.304,449.184,-1.501,relaxed_wt_1_B_100_S_rep1.pdb
-92.414,-2.66,-1303.983,-1.645,-717.853,-0.136,453.246,2.561,relaxed_wt_1_B_100_K_rep4.pdb
-89.531,0.223,-1304.257,-1.919,-719.089,-1.372,448.528,-2.157,relaxed_wt_1_B_12_T_rep4.pdb
-89.598,0.156,-1302.486,-0.148,-718.799,-1.082,447.748,-2.937,relaxed_wt_1_A_75_V_rep1.pdb
-89.548,0.206,-1302.108,0.23,-718.996,-1.279,448.454,-2.231,relaxed_wt_1_A_86_I_rep5.pdb
-90.061,-0.306,-1303.953,-1.615,-721.773,-4.057,449.591,-1.094,relaxed_wt_1_B_58_L_rep5.pdb
-89.477,0.278,-1304.493,-2.155,-718.905,-1.188,431.96,-18.725,relaxed_wt_1_A_22_I_rep2.pdb
-89.525,0.229,-1304.124,-1.786,-718.968,-1.252,448.154,-2.531,relaxed_wt_1_A_86_K_rep4.pdb
-87.259,2.495,-1294.936,7.402,-716.849,0.868,461.384,10.699,relaxed_wt_1_A_41_C_rep1.pdb
-86.332,3.422,-1292.848,9.49,-721.155,-3.438,460.8,10.114,relaxed_wt_1_A_28_W_rep2.pdb
-91.13,-1.376,-1302.547,-0.209,-718.652,-0.936,450.05,-0.635,relaxed_wt_1_B_56_F_rep1.pdb
-86.8,2.954,-1298.654,3.684,-717.51,0.207,450.7,0.015,relaxed_wt_1_A_73_V_rep5.pdb
-89.478,0.276,-1301.128,1.209,-716.807,0.91,441.505,-9.18,relaxed_wt_1_B_15_Y_rep1.pdb
-90.359,-0.604,-1302.261,0.077,-716.73,0.987,440.93,-9.755,relaxed_wt_1_B_12_Y_rep2.pdb
-89.96,-0.206,-1300.149,2.189,-718.832,-1.115,448.386,-2.299,relaxed_wt_1_A_76_M_rep3.pdb
-88.643,1.111,-1295.389,6.949,-718.895,-1.178,452.668,1.983,relaxed_wt_1_B_58_G_rep5.pdb
-88.878,0.876,-1296.176,6.162,-718.034,-0.318,453.252,2.567,relaxed_wt_1_A_82_G_rep5.pdb
-89.411,0.343,-1279.778,22.56,-718.519,-0.802,440.571,-10.114,relaxed_wt_1_B_14_E_rep1.pdb
-88.527,1.227,-1297.066,5.272,-718.319,-0.602,455.784,5.099,relaxed_wt_1_A_78_P_rep2.pdb
-90.242,-0.487,-1299.155,3.183,-716.092,1.624,447.106,-3.579,relaxed_wt_1_B_15_N_rep5.pdb
-91.55,-1.796,-1303.799,-1.461,-718.511,-0.794,444.711,-5.974,relaxed_wt_1_B_100_Y_rep2.pdb
-89.525,0.229,-1298.156,4.182,-718.997,-1.28,452.085,1.4,relaxed_wt_1_A_29_G_rep1.pdb
-88.894,0.861,-1300.054,2.284,-716.493,1.224,436.933,-13.752,relaxed_wt_1_B_15_L_rep2.pdb
-90.211,-0.456,-1297.788,4.55,-719.027,-1.31,455.499,4.814,relaxed_wt_1_A_30_D_rep1.pdb
-89.845,-0.09,-1301.919,0.419,-718.902,-1.185,448.308,-2.377,relaxed_wt_1_A_77_M_rep5.pdb
-89.396,0.358,-1288.288,14.05,-716.813,0.904,475.979,25.294,relaxed_wt_1_A_75_Y_rep2.pdb
-82.242,7.512,-1298.788,3.55,-718.326,-0.609,453.155,2.47,relaxed_wt_1_A_40_E_rep5.pdb
-89.423,0.331,-1299.732,2.606,-718.927,-1.211,448.67,-2.015,relaxed_wt_1_A_83_M_rep3.pdb
-85.388,4.366,-1299.834,2.503,-719.113,-1.396,445.078,-5.607,relaxed_wt_1_B_15_T_rep5.pdb
-89.353,0.401,-1295.948,6.39,-718.888,-1.171,455.108,4.423,relaxed_wt_1_B_13_G_rep3.pdb
-84.198,5.556,-1293.738,8.6,-717.904,-0.187,448.946,-1.739,relaxed_wt_1_A_84_C_rep2.pdb
-90.046,-0.292,-1303.07,-0.732,-719.933,-2.216,451.443,0.758,relaxed_wt_1_B_102_R_rep3.pdb
-84.772,4.982,-1300.482,1.856,-718.287,-0.57,454.833,4.148,relaxed_wt_1_A_40_Q_rep2.pdb
-92.46,-2.705,-1300.223,2.115,-717.23,0.487,453.563,2.878,relaxed_wt_1_B_98_Y_rep5.pdb
-90.747,-0.993,-1301.006,1.332,-718.715,-0.999,452.788,2.103,relaxed_wt_1_A_26_R_rep5.pdb
-89.297,0.458,-1304.614,-2.276,-718.946,-1.229,446.205,-4.48,relaxed_wt_1_A_79_E_rep1.pdb
-89.105,0.649,-1292.278,10.06,-718.921,-1.204,460.339,9.653,relaxed_wt_1_B_57_P_rep1.pdb
-85.924,3.83,-1159.004,143.334,-717.089,0.628,567.791,117.106,relaxed_wt_1_A_73_P_rep2.pdb
-89.616,0.139,-1303.802,-1.464,-718.98,-1.263,447.217,-3.468,relaxed_wt_1_B_100_E_rep3.pdb
-89.334,0.42,-1302.427,-0.089,-718.983,-1.266,448.682,-2.003,relaxed_wt_1_B_100_V_rep4.pdb
-91.491,-1.737,-1299.913,2.425,-719.074,-1.357,451.251,0.566,relaxed_wt_1_B_58_W_rep4.pdb
-80.523,9.231,-1284.606,17.732,-717.255,0.462,463.555,12.87,relaxed_wt_1_A_77_P_rep2.pdb
-89.457,0.297,-1301.441,0.897,-718.829,-1.112,449.345,-1.341,relaxed_wt_1_A_23_H_rep3.pdb
-91.499,-1.745,-1302.76,-0.422,-718.954,-1.237,448.415,-2.27,relaxed_wt_1_B_56_I_rep1.pdb
-89.534,0.22,-1302.918,-0.58,-718.875,-1.159,446.001,-4.684,relaxed_wt_1_A_86_S_rep3.pdb
-89.383,0.371,-1303.114,-0.777,-718.412,-0.695,462.528,11.843,relaxed_wt_1_B_54_F_rep2.pdb
-90.236,-0.482,-1303.028,-0.69,-716.587,1.13,441.56,-9.125,relaxed_wt_1_A_33_S_rep4.pdb
-89.967,-0.213,-1303.626,-1.288,-718.681,-0.964,444.342,-6.343,relaxed_wt_1_B_101_L_rep3.pdb
-89.974,-0.22,-1303.886,-1.548,-718.993,-1.276,444.307,-6.379,relaxed_wt_1_B_17_Q_rep5.pdb
-84.516,5.239,-1299.112,3.226,-718.489,-0.772,446.194,-4.491,relaxed_wt_1_A_84_I_rep4.pdb
-89.55,0.205,-1303.625,-1.287,-718.932,-1.215,445.926,-4.759,relaxed_wt_1_B_55_N_rep1.pdb
-90.185,-0.431,-1301.33,1.008,-717.989,-0.272,451.829,1.144,relaxed_wt_1_A_78_R_rep5.pdb
-86.84,2.914,-1301.299,1.039,-720.118,-2.401,446.786,-3.899,relaxed_wt_1_A_27_A_rep1.pdb
-88.576,1.178,-1303.384,-1.046,-721.595,-3.878,447.661,-3.024,relaxed_wt_1_B_56_T_rep2.pdb
-88.956,0.798,-1296.061,6.277,-719.013,-1.296,453.757,3.072,relaxed_wt_1_A_28_V_rep4.pdb
-83.433,6.321,-1296.1,6.238,-719.147,-1.431,451.305,0.62,relaxed_wt_1_A_38_G_rep1.pdb
-88.205,1.549,-1301.705,0.633,-719.132,-1.415,446.587,-4.098,relaxed_wt_1_A_26_E_rep4.pdb
-89.593,0.161,-1305.37,-3.032,-718.758,-1.041,445.854,-4.831,relaxed_wt_1_B_17_R_rep2.pdb
-88.841,0.913,-1299.314,3.023,-718.891,-1.175,450.205,-0.48,relaxed_wt_1_A_85_N_rep4.pdb
-88.984,0.77,-1300.91,1.428,-718.568,-0.851,452.806,2.121,relaxed_wt_1_A_32_D_rep3.pdb
-89.482,0.272,-1296.553,5.785,-718.837,-1.12,454.28,3.595,relaxed_wt_1_A_72_A_rep4.pdb
-88.983,0.771,-1300.038,2.3,-718.919,-1.202,452.304,1.619,relaxed_wt_1_A_26_N_rep2.pdb
-87.645,2.109,-1299.858,2.48,-718.177,-0.461,449.654,-1.031,relaxed_wt_1_A_33_H_rep1.pdb
-93.207,-3.453,-1298.732,3.606,-718.624,-0.908,458.555,7.87,relaxed_wt_1_B_100_W_rep5.pdb
-89.625,0.129,-1302.205,0.133,-718.77,-1.053,449.693,-0.992,relaxed_wt_1_A_41_A_rep3.pdb
-88.704,1.05,-1295.534,6.804,-719.017,-1.3,450.856,0.171,relaxed_wt_1_B_58_G_rep1.pdb
-88.769,0.985,-1300.932,1.405,-718.91,-1.193,448.67,-2.015,relaxed_wt_1_B_58_T_rep1.pdb
-89.765,-0.01,-1302.717,-0.38,-718.958,-1.241,447.839,-2.846,relaxed_wt_1_A_79_L_rep5.pdb
-89.474,0.28,-1300.051,2.287,-718.932,-1.215,451.278,0.593,relaxed_wt_1_A_23_S_rep4.pdb
-89.381,0.373,-1299.127,3.211,-719.598,-1.881,450.905,0.22,relaxed_wt_1_A_80_T_rep2.pdb
-89.056,0.698,-1301.92,0.418,-719.112,-1.395,449.364,-1.321,relaxed_wt_1_B_57_A_rep3.pdb
-87.056,2.698,-1299.154,3.184,-717.761,-0.044,443.106,-7.579,relaxed_wt_1_A_77_N_rep2.pdb
-86.912,2.842,-1301.183,1.155,-720.011,-2.294,445.07,-5.615,relaxed_wt_1_A_27_A_rep2.pdb
-89.572,0.182,-1304.404,-2.066,-718.892,-1.175,446.573,-4.112,relaxed_wt_1_A_83_I_rep5.pdb
-88.543,1.211,-1303.149,-0.811,-719.205,-1.488,444.174,-6.511,relaxed_wt_1_A_34_T_rep1.pdb
-89.716,0.038,-1300.035,2.303,-718.946,-1.229,450.691,0.006,relaxed_wt_1_A_32_A_rep2.pdb
-89.498,0.256,-1303.579,-1.241,-718.886,-1.169,445.455,-5.231,relaxed_wt_1_A_84_F_rep4.pdb
-87.533,2.221,-1302.5,-0.162,-722.011,-4.294,453.898,3.213,relaxed_wt_1_B_13_Q_rep4.pdb
-89.467,0.288,-1301.508,0.829,-718.875,-1.159,449.987,-0.698,relaxed_wt_1_A_23_H_rep4.pdb
-87.871,1.883,-1305.583,-3.245,-721.714,-3.997,447.25,-3.435,relaxed_wt_1_A_28_E_rep1.pdb
-88.671,1.083,-1295.373,6.965,-718.928,-1.211,454.576,3.891,relaxed_wt_1_B_58_G_rep2.pdb
-89.856,-0.102,-1302.895,-0.557,-718.806,-1.089,448.018,-2.667,relaxed_wt_1_B_57_T_rep3.pdb
-91.551,-1.797,-1302.79,-0.452,-718.433,-0.716,449.224,-1.461,relaxed_wt_1_B_57_R_rep3.pdb
-89.532,0.222,-1298.894,3.444,-718.9,-1.184,461.426,10.741,relaxed_wt_1_A_22_A_rep5.pdb
-87.753,2.002,-1299.912,2.426,-718.855,-1.138,446.913,-3.772,relaxed_wt_1_B_15_Q_rep2.pdb
-89.637,0.117,-1296.218,6.12,-719.016,-1.299,457.552,6.867,relaxed_wt_1_A_74_G_rep4.pdb
-83.793,5.962,-1298.857,3.481,-719.065,-1.348,448.689,-1.996,relaxed_wt_1_A_38_S_rep4.pdb
-84.308,5.446,-1293.723,8.615,-717.816,-0.099,450.66,-0.025,relaxed_wt_1_A_84_C_rep1.pdb
-80.241,9.513,-1294.61,7.728,-717.213,0.504,452.687,2.002,relaxed_wt_1_A_40_K_rep4.pdb
-89.812,-0.057,-1289.55,12.788,-718.086,-0.369,463.415,12.73,relaxed_wt_1_A_79_V_rep2.pdb
-86.704,3.05,-1282.672,19.666,-716.775,0.942,460.207,9.522,relaxed_wt_1_A_39_H_rep5.pdb
-89.452,0.302,-1304.058,-1.72,-718.886,-1.169,447.96,-2.725,relaxed_wt_1_A_74_K_rep5.pdb
-85.384,4.37,-1298.149,4.189,-719.106,-1.389,455.363,4.678,relaxed_wt_1_A_40_T_rep1.pdb
-89.591,0.163,-1301.668,0.67,-718.89,-1.173,449.807,-0.878,relaxed_wt_1_B_98_G_rep3.pdb
-88.319,1.435,-1267.078,35.26,-718.446,-0.729,476.506,25.821,relaxed_wt_1_B_59_P_rep3.pdb
-89.511,0.243,-1303.03,-0.692,-718.941,-1.224,448.836,-1.849,relaxed_wt_1_B_98_C_rep1.pdb
-89.558,0.196,-1298.916,3.421,-718.812,-1.095,456.122,5.437,relaxed_wt_1_A_22_R_rep4.pdb
-87.933,1.821,-1300.279,2.059,-719.021,-1.304,452.932,2.247,relaxed_wt_1_B_59_R_rep2.pdb
-87.902,1.852,-1297.436,4.902,-717.745,-0.029,451.98,1.295,relaxed_wt_1_A_75_T_rep3.pdb
-83.574,6.18,-1282.588,19.75,-715.934,1.783,485.951,35.266,relaxed_wt_1_B_13_Y_rep2.pdb
-90.196,-0.442,-1288.529,13.809,-718.76,-1.043,457.563,6.878,relaxed_wt_1_A_39_E_rep3.pdb
-89.521,0.233,-1303.56,-1.222,-718.932,-1.216,446.364,-4.321,relaxed_wt_1_B_101_T_rep3.pdb
-87.48,2.274,-1298.451,3.887,-718.825,-1.108,456.633,5.948,relaxed_wt_1_A_27_F_rep5.pdb
-90.063,-0.309,-1298.994,3.344,-718.802,-1.085,450.314,-0.371,relaxed_wt_1_A_39_L_rep4.pdb
-89.556,0.198,-1302.782,-0.444,-719.039,-1.322,450.911,0.226,relaxed_wt_1_A_21_W_rep2.pdb
-86.768,2.987,-1282.054,20.284,-716.606,1.111,461.139,10.454,relaxed_wt_1_A_39_H_rep1.pdb
-87.957,1.797,-1256.863,45.475,-715.234,2.483,481.708,31.023,relaxed_wt_1_A_39_W_rep3.pdb
-89.589,0.165,-1299.151,3.187,-718.972,-1.255,448.463,-2.222,relaxed_wt_1_A_29_R_rep4.pdb
-88.442,1.312,-1299.456,2.882,-719.452,-1.735,450.717,0.032,relaxed_wt_1_A_80_C_rep3.pdb
-89.457,0.297,-1271.244,31.094,-718.179,-0.462,461.355,10.67,relaxed_wt_1_A_72_H_rep5.pdb
-83.966,5.788,-1299.31,3.028,-718.753,-1.036,446.524,-4.161,relaxed_wt_1_A_38_N_rep5.pdb
-89.145,0.61,-1297.244,5.094,-718.252,-0.535,450.662,-0.023,relaxed_wt_1_A_78_G_rep1.pdb
-88.473,1.281,-1296.989,5.348,-718.327,-0.61,455.468,4.783,relaxed_wt_1_A_78_P_rep4.pdb
-89.899,-0.145,-1298.956,3.382,-718.807,-1.09,453.484,2.799,relaxed_wt_1_A_76_H_rep1.pdb
-89.906,-0.152,-1296.609,5.729,-719.179,-1.463,452.688,2.003,relaxed_wt_1_A_74_D_rep3.pdb
-88.212,1.542,-1297.541,4.797,-718.944,-1.227,451.655,0.97,relaxed_wt_1_B_58_N_rep4.pdb
-91.335,-1.58,-1281.065,21.273,-716.923,0.794,473.725,23.04,relaxed_wt_1_B_14_H_rep1.pdb
-89.291,0.463,-1299.672,2.666,-719.216,-1.5,449.784,-0.901,relaxed_wt_1_A_34_L_rep5.pdb
-83.482,6.272,-1298.8,3.538,-718.942,-1.225,457.17,6.485,relaxed_wt_1_A_40_A_rep5.pdb
-89.494,0.261,-1306.064,-3.726,-718.9,-1.183,443.4,-7.285,relaxed_wt_1_B_98_Q_rep2.pdb
-89.62,0.134,-1288.894,13.444,-718.887,-1.171,460.844,10.159,relaxed_wt_1_A_25_G_rep4.pdb
-89.618,0.136,-1296.685,5.653,-718.795,-1.078,462.125,11.44,relaxed_wt_1_A_22_G_rep5.pdb
-82.059,7.695,-1287.39,14.948,-718.906,-1.19,453.225,2.54,relaxed_wt_1_A_41_K_rep5.pdb
-87.252,2.503,-1294.936,7.401,-717.125,0.592,463.76,13.075,relaxed_wt_1_A_41_C_rep5.pdb
-85.884,3.87,-1289.482,12.856,-718.137,-0.42,462.44,11.755,relaxed_wt_1_A_75_D_rep2.pdb
-89.903,-0.149,-1294.077,8.261,-718.795,-1.078,455.035,4.35,relaxed_wt_1_A_31_M_rep1.pdb
-89.804,-0.05,-1301.516,0.822,-718.834,-1.117,449.154,-1.531,relaxed_wt_1_A_24_N_rep4.pdb
-89.442,0.312,-1300.592,1.746,-718.842,-1.125,448.948,-1.737,relaxed_wt_1_A_83_N_rep2.pdb
-88.113,1.641,-1299.517,2.821,-718.372,-0.655,445.34,-5.345,relaxed_wt_1_B_55_I_rep4.pdb
-89.061,0.693,-1293.889,8.449,-718.194,-0.477,455.891,5.206,relaxed_wt_1_A_74_F_rep4.pdb
-89.65,0.104,-1304.676,-2.338,-718.991,-1.275,445.463,-5.222,relaxed_wt_1_A_74_R_rep5.pdb
-90.12,-0.366,-1282.913,19.425,-718.7,-0.983,476.874,26.189,relaxed_wt_1_A_71_P_rep3.pdb
-89.625,0.129,-1305.554,-3.216,-721.142,-3.425,444.837,-5.848,relaxed_wt_1_A_28_Q_rep5.pdb
-88.644,1.11,-1299.408,2.93,-717.304,0.413,451.134,0.448,relaxed_wt_1_A_77_L_rep2.pdb
-89.516,0.239,-1299.199,3.139,-719.393,-1.676,452.429,1.744,relaxed_wt_1_A_87_D_rep1.pdb
-89.543,0.211,-1303.7,-1.362,-718.865,-1.148,446.616,-4.069,relaxed_wt_1_A_71_Q_rep3.pdb
-89.561,0.194,-1303.996,-1.658,-718.998,-1.282,447.382,-3.303,relaxed_wt_1_A_23_Y_rep5.pdb
-88.041,1.714,-1302.584,-0.246,-718.396,-0.68,443.009,-7.676,relaxed_wt_1_B_56_D_rep1.pdb
-85.268,4.486,-1264.51,37.828,-719.159,-1.443,480.441,29.756,relaxed_wt_1_B_15_P_rep5.pdb
-89.088,0.667,-1299.989,2.349,-719.194,-1.477,449.264,-1.421,relaxed_wt_1_B_55_I_rep5.pdb
-89.031,0.723,-1301.509,0.829,-718.056,-0.339,448.635,-2.05,relaxed_wt_1_A_78_I_rep3.pdb
-89.664,0.091,-1291.934,10.403,-718.967,-1.25,458.056,7.371,relaxed_wt_1_A_31_G_rep5.pdb
-84.164,5.59,-1289.275,13.063,-718.086,-0.369,461.93,11.244,relaxed_wt_1_A_75_H_rep3.pdb
-85.644,4.111,-1295.336,7.002,-718.206,-0.489,456.174,5.489,relaxed_wt_1_A_36_P_rep4.pdb
-86.602,3.152,-1298.702,3.636,-718.956,-1.239,452.939,2.254,relaxed_wt_1_B_54_G_rep5.pdb
-89.327,0.427,-1296.125,6.213,-719.096,-1.38,454.416,3.731,relaxed_wt_1_A_37_S_rep4.pdb
-89.618,0.136,-1293.804,8.534,-718.594,-0.877,458.044,7.359,relaxed_wt_1_A_37_L_rep5.pdb
-90.587,-0.833,-1302.206,0.132,-719.083,-1.366,448.568,-2.117,relaxed_wt_1_A_36_C_rep3.pdb
-91.742,-1.988,-1300.472,1.866,-717.267,0.45,449.194,-1.491,relaxed_wt_1_A_32_L_rep1.pdb
-89.613,0.141,-1291.493,10.845,-718.765,-1.049,458.948,8.263,relaxed_wt_1_A_72_N_rep4.pdb
-91.038,-1.284,-1280.97,21.368,-718.566,-0.849,470.078,19.393,relaxed_wt_1_A_39_Y_rep2.pdb
-90.049,-0.295,-1301.472,0.866,-718.885,-1.168,447.303,-3.382,relaxed_wt_1_A_76_Q_rep2.pdb
-89.13,0.625,-1295.032,7.306,-718.49,-0.773,456.789,6.104,relaxed_wt_1_A_74_H_rep3.pdb
-89.202,0.552,-1297.954,4.384,-717.131,0.586,454.88,4.195,relaxed_wt_1_A_34_F_rep4.pdb
-88.038,1.716,-1302.415,-0.077,-721.807,-4.09,450.23,-0.455,relaxed_wt_1_A_26_A_rep1.pdb
-90.172,-0.418,-1301.47,0.868,-719.159,-1.442,451.555,0.87,relaxed_wt_1_A_76_T_rep2.pdb
-88.848,0.906,-1300.06,2.278,-716.473,1.243,439.665,-11.02,relaxed_wt_1_B_15_L_rep1.pdb
-89.589,0.166,-1301.179,1.159,-718.963,-1.247,448.235,-2.45,relaxed_wt_1_A_86_Y_rep4.pdb
-89.557,0.198,-1304.329,-1.991,-718.939,-1.223,445.573,-5.112,relaxed_wt_1_A_79_S_rep2.pdb
-89.155,0.599,-1291.396,10.942,-717.065,0.652,458.242,7.557,relaxed_wt_1_A_75_W_rep3.pdb
-93.438,-3.684,-1302.807,-0.469,-718.802,-1.085,449.661,-1.024,relaxed_wt_1_B_58_M_rep4.pdb
-86.799,2.956,-1297.909,4.429,-717.886,-0.17,452.431,1.746,relaxed_wt_1_A_84_H_rep5.pdb
-83.697,6.057,-1302.846,-0.508,-720.155,-2.439,447.655,-3.03,relaxed_wt_1_A_80_G_rep4.pdb
-89.531,0.223,-1303.736,-1.398,-718.975,-1.258,447.764,-2.921,relaxed_wt_1_A_79_R_rep1.pdb
-89.865,-0.111,-1302.49,-0.152,-718.962,-1.246,447.401,-3.284,relaxed_wt_1_B_57_V_rep1.pdb
-89.56,0.194,-1302.362,-0.024,-718.859,-1.143,449.95,-0.735,relaxed_wt_1_A_21_Q_rep5.pdb
-89.344,0.41,-1300.521,1.817,-718.895,-1.178,453.12,2.435,relaxed_wt_1_A_71_Y_rep2.pdb
-90.201,-0.447,-1304.738,-2.4,-718.817,-1.101,448.528,-2.157,relaxed_wt_1_A_79_Q_rep5.pdb
-89.671,0.083,-1298.512,3.826,-718.609,-0.892,462.044,11.359,relaxed_wt_1_A_22_A_rep1.pdb
-89.549,0.205,-1304.639,-2.301,-719.395,-1.678,447.297,-3.389,relaxed_wt_1_A_84_F_rep3.pdb
-83.254,6.501,-1295.731,6.607,-718.147,-0.43,449.109,-1.576,relaxed_wt_1_A_84_T_rep3.pdb
-88.448,1.306,-1306.35,-4.012,-721.848,-4.132,446.178,-4.507,relaxed_wt_1_A_28_T_rep3.pdb
-88.626,1.129,-1154.053,148.285,-718.907,-1.19,584.207,133.522,relaxed_wt_1_A_87_P_rep1.pdb
-86.401,3.353,-1292.915,9.423,-721.185,-3.468,459.179,8.494,relaxed_wt_1_A_28_W_rep4.pdb
-89.562,0.192,-1300.445,1.893,-718.958,-1.241,446.217,-4.468,relaxed_wt_1_B_17_W_rep5.pdb
-89.529,0.226,-1298.095,4.242,-718.386,-0.669,454.987,4.302,relaxed_wt_1_A_82_T_rep3.pdb
-88.9,0.854,-1300.954,1.384,-718.931,-1.214,448.982,-1.703,relaxed_wt_1_A_85_R_rep3.pdb
-90.646,-0.892,-1300.57,1.768,-717.317,0.399,455.031,4.346,relaxed_wt_1_B_98_Y_rep3.pdb
-88.284,1.47,-1303.182,-0.844,-721.22,-3.504,447.476,-3.209,relaxed_wt_1_A_33_L_rep1.pdb
-89.561,0.193,-1304.128,-1.79,-718.923,-1.206,447.241,-3.444,relaxed_wt_1_B_56_R_rep5.pdb
-90.025,-0.27,-1299.081,3.257,-719.18,-1.463,452.147,1.462,relaxed_wt_1_B_100_W_rep3.pdb
-87.003,2.751,-1291.155,11.183,-715.782,1.935,471.854,21.169,relaxed_wt_1_A_41_N_rep2.pdb
-89.69,0.064,-1301.757,0.581,-719.216,-1.499,449.876,-0.809,relaxed_wt_1_A_32_S_rep1.pdb
-87.775,1.979,-1301.171,1.167,-719.058,-1.341,447.745,-2.941,relaxed_wt_1_A_26_L_rep2.pdb
-89.044,0.71,-1303.461,-1.123,-719.024,-1.307,447.99,-2.695,relaxed_wt_1_B_101_A_rep5.pdb
-89.589,0.166,-1297.047,5.291,-718.922,-1.205,469.77,19.085,relaxed_wt_1_A_22_N_rep4.pdb
-86.396,3.358,-1299.774,2.564,-719.243,-1.526,449.745,-0.941,relaxed_wt_1_B_55_L_rep1.pdb
-89.529,0.225,-1289.535,12.803,-718.97,-1.254,459.317,8.632,relaxed_wt_1_A_72_D_rep1.pdb
-89.481,0.273,-1303.928,-1.59,-718.839,-1.122,447.057,-3.629,relaxed_wt_1_A_30_I_rep1.pdb
-86.566,3.189,-1299.639,2.699,-719.08,-1.363,450.095,-0.591,relaxed_wt_1_B_55_L_rep5.pdb
-89.582,0.172,-1299.856,2.482,-718.927,-1.211,452.336,1.651,relaxed_wt_1_A_21_R_rep3.pdb
-89.398,0.356,-1301.115,1.223,-718.865,-1.149,448.806,-1.879,relaxed_wt_1_B_100_M_rep1.pdb
-89.758,-0.004,-1300.042,2.296,-718.837,-1.121,450.642,-0.043,relaxed_wt_1_A_24_A_rep5.pdb
-89.756,-0.002,-1297.38,4.958,-717.931,-0.215,454.416,3.731,relaxed_wt_1_A_76_N_rep3.pdb
-89.577,0.178,-1301.067,1.271,-718.806,-1.089,446.858,-3.827,relaxed_wt_1_A_29_T_rep5.pdb
-88.491,1.264,-1303.071,-0.733,-719.194,-1.477,446.92,-3.765,relaxed_wt_1_A_81_S_rep1.pdb
-88.056,1.699,-1304.489,-2.151,-718.79,-1.073,446.177,-4.508,relaxed_wt_1_A_79_D_rep4.pdb
-89.479,0.275,-1280.274,22.064,-718.709,-0.992,475.544,24.859,relaxed_wt_1_A_72_E_rep2.pdb
-89.554,0.2,-1291.986,10.352,-718.798,-1.081,457.996,7.31,relaxed_wt_1_A_72_G_rep3.pdb
-85.821,3.933,-1300.947,1.391,-718.876,-1.159,452.717,2.032,relaxed_wt_1_B_55_Q_rep2.pdb
-86.196,3.558,-1296.955,5.383,-717.841,-0.124,460.105,9.42,relaxed_wt_1_A_82_K_rep2.pdb
-90.634,-0.88,-1305.912,-3.574,-718.884,-1.167,446.93,-3.755,relaxed_wt_1_A_79_K_rep4.pdb
-89.36,0.395,-1273.244,29.094,-718.991,-1.274,476.736,26.051,relaxed_wt_1_A_33_P_rep1.pdb
-89.692,0.062,-1296.026,6.312,-719.009,-1.292,456.577,5.892,relaxed_wt_1_A_37_C_rep4.pdb
-88.648,1.106,-1301.228,1.11,-718.44,-0.723,450.866,0.181,relaxed_wt_1_B_55_C_rep4.pdb
-88.673,1.081,-1293.544,8.794,-718.752,-1.036,454.743,4.058,relaxed_wt_1_A_74_W_rep1.pdb
-89.468,0.286,-1288.108,14.23,-718.46,-0.743,446.063,-4.622,relaxed_wt_1_A_25_F_rep2.pdb
-89.312,0.442,-1301.365,0.973,-719.375,-1.658,448.64,-2.045,relaxed_wt_1_A_34_G_rep1.pdb
-89.432,0.322,-1299.851,2.487,-718.963,-1.246,449.229,-1.457,relaxed_wt_1_A_23_K_rep5.pdb
-83.121,6.634,-1299.154,3.184,-719.173,-1.456,448.587,-2.098,relaxed_wt_1_A_38_H_rep4.pdb
-88.08,1.674,-1300.159,2.179,-718.906,-1.19,450.406,-0.279,relaxed_wt_1_A_26_Q_rep4.pdb
-89.486,0.269,-1301.196,1.142,-718.851,-1.134,448.363,-2.322,relaxed_wt_1_A_83_K_rep3.pdb
-90.078,-0.324,-1304.721,-2.383,-717.439,0.278,440.166,-10.519,relaxed_wt_1_A_79_N_rep1.pdb
-81.403,8.351,-1262.004,40.334,-714.993,2.723,485.476,34.791,relaxed_wt_1_A_75_P_rep4.pdb
-89.622,0.132,-1302.422,-0.084,-718.93,-1.213,446.744,-3.941,relaxed_wt_1_A_86_R_rep3.pdb
-86.099,3.655,-1299.065,3.273,-719.14,-1.424,445.501,-5.184,relaxed_wt_1_B_15_I_rep3.pdb
-89.001,0.753,-1301.354,0.984,-718.562,-0.846,457.452,6.767,relaxed_wt_1_B_13_P_rep5.pdb
-89.622,0.133,-1301.21,1.128,-718.794,-1.078,450.509,-0.176,relaxed_wt_1_A_83_S_rep1.pdb
-86.777,2.978,-1298.68,3.658,-715.034,2.683,445.823,-4.862,relaxed_wt_1_A_35_F_rep1.pdb
-94.998,-5.243,-1306.017,-3.679,-717.822,-0.105,450.315,-0.37,relaxed_wt_1_B_57_F_rep1.pdb
-84.665,5.089,-1289.171,13.167,-717.951,-0.234,462.851,12.166,relaxed_wt_1_A_75_H_rep2.pdb
-89.474,0.28,-1302.473,-0.135,-718.962,-1.245,447.557,-3.128,relaxed_wt_1_A_29_D_rep2.pdb
-89.578,0.176,-1296.795,5.543,-718.901,-1.184,454.437,3.752,relaxed_wt_1_A_39_S_rep3.pdb
-88.246,1.508,-1297.602,4.736,-721.773,-4.056,451.514,0.829,relaxed_wt_1_A_25_C_rep2.pdb
-86.371,3.383,-1300.711,1.627,-718.735,-1.019,448.961,-1.724,relaxed_wt_1_A_38_T_rep5.pdb
-89.323,0.431,-1286.515,15.823,-719.04,-1.323,459.248,8.563,relaxed_wt_1_A_87_I_rep3.pdb
-89.449,0.305,-1304.014,-1.676,-718.86,-1.144,446.22,-4.465,relaxed_wt_1_A_73_R_rep3.pdb
-84.584,5.17,-1295.641,6.697,-715.059,2.658,447.016,-3.669,relaxed_wt_1_A_35_Y_rep2.pdb
-89.558,0.196,-1304.037,-1.699,-718.91,-1.193,446.639,-4.046,relaxed_wt_1_B_58_V_rep5.pdb
-89.806,-0.052,-1301.244,1.094,-718.783,-1.066,447.97,-2.715,relaxed_wt_1_B_98_I_rep2.pdb
-89.708,0.047,-1297.42,4.918,-718.863,-1.146,452.674,1.989,relaxed_wt_1_A_76_G_rep1.pdb
-87.138,2.616,-1290.403,11.935,-717.416,0.3,467.914,17.229,relaxed_wt_1_A_41_F_rep5.pdb
-89.52,0.234,-1305.843,-3.505,-718.846,-1.129,445.056,-5.629,relaxed_wt_1_B_98_Q_rep3.pdb
-89.555,0.199,-1299.555,2.783,-718.974,-1.257,447.946,-2.739,relaxed_wt_1_A_23_N_rep1.pdb
-89.696,0.058,-1291.568,10.77,-718.748,-1.032,453.47,2.785,relaxed_wt_1_A_25_H_rep4.pdb
-88.577,1.178,-1298.986,3.352,-718.926,-1.209,452.049,1.364,relaxed_wt_1_B_58_S_rep2.pdb
-89.565,0.19,-1304.495,-2.157,-719.056,-1.339,446.569,-4.116,relaxed_wt_1_B_14_A_rep5.pdb
-88.75,1.004,-1304.2,-1.862,-719.192,-1.475,446.849,-3.836,relaxed_wt_1_B_101_K_rep3.pdb
-87.902,1.853,-1300.887,1.451,-718.663,-0.946,447.086,-3.599,relaxed_wt_1_A_85_F_rep1.pdb
-81.965,7.789,-1294.678,7.66,-720.593,-2.876,455.256,4.571,relaxed_wt_1_A_84_K_rep5.pdb
-89.474,0.28,-1300.911,1.427,-718.975,-1.258,448.57,-2.115,relaxed_wt_1_A_29_S_rep1.pdb
-89.391,0.363,-1296.014,6.324,-718.643,-0.926,453.698,3.013,relaxed_wt_1_A_31_T_rep1.pdb
-89.09,0.664,-1302.642,-0.304,-718.892,-1.175,444.827,-5.858,relaxed_wt_1_B_56_E_rep1.pdb
-87.129,2.626,-1272.751,29.587,-717.783,-0.066,477.564,26.879,relaxed_wt_1_A_72_Q_rep3.pdb
-94.096,-4.341,-1304.151,-1.813,-717.861,-0.144,452.963,2.277,relaxed_wt_1_A_32_Y_rep1.pdb
-89.541,0.213,-1304.111,-1.773,-718.76,-1.043,447.975,-2.71,relaxed_wt_1_A_72_V_rep3.pdb
-89.546,0.208,-1301.117,1.221,-718.481,-0.764,449.227,-1.458,relaxed_wt_1_A_32_P_rep1.pdb
-89.897,-0.143,-1299.922,2.415,-718.627,-0.911,450.753,0.068,relaxed_wt_1_A_24_A_rep3.pdb
-83.822,5.932,-1293.879,8.459,-718.011,-0.294,453.079,2.394,relaxed_wt_1_A_84_D_rep5.pdb
-89.637,0.117,-1296.786,5.552,-718.851,-1.135,450.991,0.306,relaxed_wt_1_B_17_V_rep4.pdb
-89.148,0.607,-1291.406,10.932,-717.087,0.63,458.598,7.912,relaxed_wt_1_A_75_W_rep4.pdb
-88.408,1.346,-1300.1,2.238,-718.771,-1.054,454.205,3.52,relaxed_wt_1_A_34_E_rep1.pdb
-89.566,0.188,-1302.556,-0.218,-718.938,-1.221,448.898,-1.787,relaxed_wt_1_A_86_M_rep1.pdb
-89.5,0.254,-1301.189,1.149,-719.103,-1.386,446.169,-4.517,relaxed_wt_1_A_82_A_rep1.pdb
-87.79,1.964,-1296.282,6.056,-717.826,-0.11,463.486,12.801,relaxed_wt_1_A_41_V_rep3.pdb
-90.293,-0.538,-1301.156,1.182,-718.899,-1.183,450.405,-0.28,relaxed_wt_1_B_98_V_rep3.pdb
-85.631,4.123,-1295.239,7.099,-718.661,-0.944,459.671,8.986,relaxed_wt_1_A_40_C_rep5.pdb
-87.497,2.258,-1296.54,5.798,-717.564,0.153,454.388,3.703,relaxed_wt_1_A_82_D_rep3.pdb
-90.466,-0.712,-1301.361,0.977,-718.881,-1.164,448.693,-1.992,relaxed_wt_1_A_76_L_rep2.pdb
-89.239,0.515,-1301.069,1.269,-719.139,-1.422,450.894,0.209,relaxed_wt_1_A_29_F_rep3.pdb
-92.01,-2.256,-1302.146,0.192,-718.182,-0.465,451.867,1.182,relaxed_wt_1_A_32_H_rep2.pdb
-84.598,5.157,-1294.346,7.992,-717.961,-0.245,458.298,7.613,relaxed_wt_1_A_82_K_rep1.pdb
-89.84,-0.086,-1300.452,1.886,-718.824,-1.107,447.023,-3.662,relaxed_wt_1_A_24_P_rep3.pdb
-81.024,8.731,-1293.321,9.017,-718.35,-0.633,451.545,0.86,relaxed_wt_1_A_38_R_rep3.pdb
-91.412,-1.658,-1296.904,5.434,-718.524,-0.807,458.146,7.461,relaxed_wt_1_B_59_G_rep3.pdb
-81.694,8.06,-1272.397,29.941,-700.683,17.034,455.63,4.944,relaxed_wt_1_A_75_R_rep1.pdb
-87.384,2.37,-1301.445,0.893,-718.995,-1.278,445.419,-5.266,relaxed_wt_1_A_35_T_rep2.pdb
-87.507,2.247,-1298.802,3.536,-717.936,-0.219,449.925,-0.76,relaxed_wt_1_A_28_H_rep2.pdb
-85.82,3.934,-1289.814,12.524,-718.034,-0.317,460.098,9.413,relaxed_wt_1_A_75_D_rep4.pdb
-89.723,0.031,-1271.72,30.618,-718.602,-0.885,474.205,23.52,relaxed_wt_1_B_11_N_rep5.pdb
-89.884,-0.13,-1301.366,0.972,-718.685,-0.968,448.509,-2.176,relaxed_wt_1_A_78_C_rep1.pdb
-90.803,-1.049,-1291.672,10.666,-718.956,-1.239,461.076,10.391,relaxed_wt_1_A_31_I_rep1.pdb
-87.801,1.953,-1298.282,4.056,-717.147,0.57,456.453,5.768,relaxed_wt_1_A_36_H_rep4.pdb
-78.472,11.282,-1254.367,47.971,-716.384,1.333,489.581,38.896,relaxed_wt_1_A_40_P_rep2.pdb
-89.543,0.212,-1304.668,-2.33,-718.96,-1.244,444.956,-5.729,relaxed_wt_1_A_83_V_rep1.pdb
-90.225,-0.471,-1305.285,-2.947,-721.483,-3.766,447.16,-3.525,relaxed_wt_1_B_56_V_rep4.pdb
-89.619,0.135,-1303.693,-1.355,-718.851,-1.134,448.846,-1.839,relaxed_wt_1_B_12_H_rep2.pdb
-89.321,0.433,-1295.919,6.419,-718.821,-1.104,455.174,4.489,relaxed_wt_1_B_13_G_rep4.pdb
-89.596,0.158,-1299.556,2.782,-718.848,-1.131,451.282,0.597,relaxed_wt_1_B_100_N_rep1.pdb
-85.853,3.901,-1300.745,1.593,-718.971,-1.254,454.684,3.998,relaxed_wt_1_B_55_Q_rep1.pdb
-87.601,2.153,-1300.644,1.693,-718.878,-1.161,448.085,-2.6,relaxed_wt_1_A_36_Q_rep2.pdb
-92.085,-2.33,-1301.0,1.338,-718.435,-0.718,451.634,0.949,relaxed_wt_1_B_98_L_rep2.pdb
-89.057,0.697,-1280.308,22.03,-719.034,-1.317,282.595,-168.09,relaxed_wt_1_A_22_H_rep2.pdb
-89.568,0.186,-1305.436,-3.098,-718.853,-1.136,444.699,-5.986,relaxed_wt_1_B_17_R_rep5.pdb
-87.86,1.894,-1305.166,-2.828,-721.346,-3.629,445.997,-4.688,relaxed_wt_1_A_28_A_rep1.pdb
-85.236,4.518,-1296.581,5.757,-716.472,1.245,442.431,-8.254,relaxed_wt_1_B_15_R_rep3.pdb
-87.09,2.664,-1299.267,3.071,-719.175,-1.458,449.229,-1.456,relaxed_wt_1_B_55_M_rep3.pdb
-91.447,-1.693,-1304.679,-2.341,-719.55,-1.833,447.731,-2.955,relaxed_wt_1_A_36_A_rep1.pdb
-88.632,1.122,-1302.354,-0.016,-719.207,-1.49,444.83,-5.855,relaxed_wt_1_A_36_S_rep4.pdb
-89.324,0.43,-1172.698,129.639,-717.572,0.145,596.374,145.689,relaxed_wt_1_B_11_H_rep4.pdb
-89.266,0.489,-1299.287,3.051,-718.675,-0.958,449.867,-0.818,relaxed_wt_1_A_26_K_rep4.pdb
-84.809,4.945,-1299.148,3.19,-718.941,-1.224,450.542,-0.143,relaxed_wt_1_A_38_A_rep4.pdb
-85.592,4.162,-1301.985,0.353,-718.922,-1.206,438.192,-12.493,relaxed_wt_1_B_55_S_rep1.pdb
-87.572,2.182,-1302.189,0.149,-718.602,-0.885,445.622,-5.063,relaxed_wt_1_A_32_K_rep4.pdb
-89.4,0.354,-1301.288,1.05,-718.626,-0.91,447.146,-3.539,relaxed_wt_1_A_36_R_rep3.pdb
-87.242,2.512,-1301.043,1.295,-718.867,-1.15,446.703,-3.983,relaxed_wt_1_A_73_D_rep3.pdb
-89.798,-0.044,-1294.243,8.095,-718.797,-1.081,452.224,1.539,relaxed_wt_1_B_14_C_rep4.pdb
-88.836,0.918,-1303.076,-0.738,-721.676,-3.959,445.186,-5.5,relaxed_wt_1_A_28_C_rep3.pdb
-90.176,-0.421,-1300.802,1.536,-718.858,-1.141,448.706,-1.979,relaxed_wt_1_A_24_Q_rep2.pdb
-89.579,0.176,-1302.922,-0.584,-719.071,-1.354,448.597,-2.088,relaxed_wt_1_A_83_L_rep1.pdb
-89.592,0.162,-1301.755,0.583,-718.922,-1.205,448.701,-1.984,relaxed_wt_1_B_98_G_rep2.pdb
-89.185,0.569,-1297.008,5.33,-719.16,-1.443,450.725,0.04,relaxed_wt_1_A_28_I_rep2.pdb
-83.595,6.159,-1297.773,4.564,-719.404,-1.687,458.17,7.485,relaxed_wt_1_A_40_S_rep4.pdb
-88.735,1.02,-1304.209,-1.871,-719.156,-1.44,444.314,-6.371,relaxed_wt_1_B_101_K_rep5.pdb
-89.613,0.142,-1297.494,4.844,-718.817,-1.101,454.205,3.519,relaxed_wt_1_A_25_T_rep5.pdb
-89.533,0.221,-1302.371,-0.033,-718.86,-1.144,450.42,-0.265,relaxed_wt_1_A_71_S_rep5.pdb
-89.125,0.629,-1299.883,2.455,-717.632,0.085,449.696,-0.989,relaxed_wt_1_A_24_M_rep5.pdb
-89.679,0.075,-1296.966,5.372,-718.954,-1.238,455.277,4.592,relaxed_wt_1_A_41_G_rep4.pdb
-87.025,2.73,-1299.099,3.239,-719.473,-1.756,449.884,-0.801,relaxed_wt_1_A_80_A_rep5.pdb
-89.584,0.17,-1296.143,6.195,-719.045,-1.328,455.754,5.069,relaxed_wt_1_A_31_R_rep5.pdb
-86.344,3.41,-1286.832,15.506,-717.901,-0.184,460.707,10.022,relaxed_wt_1_A_75_G_rep5.pdb
-89.693,0.061,-1294.026,8.312,-718.856,-1.14,455.334,4.649,relaxed_wt_1_A_25_A_rep1.pdb
-88.983,0.772,-1300.01,2.328,-718.588,-0.871,451.7,1.015,relaxed_wt_1_B_54_P_rep1.pdb
-87.201,2.553,-1300.253,2.085,-718.811,-1.094,450.345,-0.34,relaxed_wt_1_A_38_C_rep3.pdb
-89.257,0.497,-1301.084,1.254,-718.932,-1.215,447.932,-2.753,relaxed_wt_1_A_83_H_rep2.pdb
-87.026,2.728,-1302.606,-0.268,-718.857,-1.14,442.873,-7.813,relaxed_wt_1_A_73_E_rep4.pdb
-89.586,0.168,-1303.822,-1.484,-718.946,-1.229,445.697,-4.988,relaxed_wt_1_B_14_A_rep4.pdb
-89.298,0.456,-1301.079,1.259,-718.592,-0.875,461.153,10.468,relaxed_wt_1_B_13_P_rep2.pdb
-89.405,0.349,-1299.734,2.604,-718.947,-1.23,451.912,1.227,relaxed_wt_1_B_59_A_rep5.pdb
-87.538,2.217,-1305.1,-2.762,-719.045,-1.328,445.705,-4.981,relaxed_wt_1_B_12_L_rep4.pdb
-87.984,1.77,-1303.407,-1.069,-718.008,-0.291,438.12,-12.565,relaxed_wt_1_B_55_S_rep5.pdb
-89.425,0.33,-1298.209,4.129,-719.067,-1.35,446.622,-4.063,relaxed_wt_1_B_11_S_rep1.pdb
-89.392,0.362,-1295.964,6.374,-718.757,-1.041,443.467,-7.218,relaxed_wt_1_A_23_T_rep4.pdb
-85.679,4.075,-1304.071,-1.733,-723.102,-5.385,442.686,-7.999,relaxed_wt_1_A_27_N_rep1.pdb
-89.524,0.23,-1303.635,-1.297,-718.905,-1.188,446.662,-4.023,relaxed_wt_1_B_56_R_rep3.pdb
-89.494,0.26,-1299.715,2.623,-718.776,-1.059,447.133,-3.552,relaxed_wt_1_A_23_L_rep3.pdb
-45.769,43.985,-782.833,519.505,-596.18,121.537,852.962,402.277,relaxed_wt_1_A_80_P_rep2.pdb
-89.462,0.292,-1300.556,1.782,-719.092,-1.375,448.772,-1.913,relaxed_wt_1_B_100_G_rep4.pdb
-86.238,3.516,-1298.162,4.176,-717.936,-0.22,445.79,-4.895,relaxed_wt_1_A_33_D_rep3.pdb
-88.326,1.428,-1299.716,2.622,-719.087,-1.371,448.06,-2.625,relaxed_wt_1_A_81_L_rep2.pdb
-89.452,0.302,-1298.607,3.731,-718.965,-1.249,451.101,0.415,relaxed_wt_1_A_87_D_rep3.pdb
-87.275,2.479,-1296.715,5.623,-721.62,-3.904,454.247,3.562,relaxed_wt_1_A_26_I_rep5.pdb
-89.806,-0.051,-1300.956,1.382,-718.723,-1.006,449.693,-0.992,relaxed_wt_1_A_24_T_rep2.pdb
-88.261,1.493,-1303.667,-1.329,-719.058,-1.341,445.819,-4.866,relaxed_wt_1_B_101_S_rep5.pdb
-89.043,0.711,-1300.56,1.778,-718.592,-0.876,451.889,1.204,relaxed_wt_1_A_32_D_rep5.pdb
-80.404,9.35,-1287.121,15.217,-718.679,-0.962,465.434,14.749,relaxed_wt_1_B_55_F_rep5.pdb
-89.296,0.458,-1300.502,1.836,-718.907,-1.191,446.91,-3.775,relaxed_wt_1_A_86_F_rep2.pdb
-89.627,0.127,-1297.085,5.252,-717.863,-0.146,455.171,4.486,relaxed_wt_1_A_82_C_rep5.pdb
-91.221,-1.467,-1303.908,-1.57,-718.441,-0.725,446.305,-4.381,relaxed_wt_1_B_56_L_rep3.pdb
-89.763,-0.009,-1301.246,1.092,-718.959,-1.242,449.688,-0.998,relaxed_wt_1_A_24_H_rep5.pdb
-86.36,3.394,-1300.845,1.493,-718.944,-1.228,448.757,-1.929,relaxed_wt_1_A_38_T_rep2.pdb
-89.497,0.257,-1300.633,1.705,-719.003,-1.286,450.513,-0.172,relaxed_wt_1_A_29_A_rep2.pdb
-91.0,-1.246,-1260.456,41.882,-717.149,0.568,466.347,15.662,relaxed_wt_1_B_14_Y_rep5.pdb
-89.391,0.363,-1300.863,1.475,-718.951,-1.234,451.892,1.207,relaxed_wt_1_A_26_H_rep5.pdb
-89.328,0.426,-1302.354,-0.016,-719.336,-1.619,447.961,-2.724,relaxed_wt_1_A_34_S_rep2.pdb
-91.431,-1.677,-1299.89,2.448,-719.105,-1.389,453.556,2.871,relaxed_wt_1_B_58_W_rep5.pdb
-89.56,0.194,-1303.745,-1.407,-718.958,-1.241,445.538,-5.147,relaxed_wt_1_A_35_A_rep3.pdb
-89.441,0.313,-1304.147,-1.809,-718.983,-1.266,446.238,-4.448,relaxed_wt_1_A_25_I_rep4.pdb
-89.526,0.229,-1305.549,-3.211,-718.973,-1.257,445.885,-4.801,relaxed_wt_1_B_12_L_rep1.pdb
-89.291,0.463,-1266.882,35.456,-720.17,-2.454,478.59,27.905,relaxed_wt_1_A_29_P_rep2.pdb
-89.832,-0.078,-1295.807,6.531,-719.097,-1.38,455.368,4.683,relaxed_wt_1_A_37_C_rep2.pdb
-89.892,-0.138,-1298.643,3.695,-718.944,-1.227,453.162,2.477,relaxed_wt_1_A_31_E_rep2.pdb
-89.589,0.165,-1299.02,3.318,-719.44,-1.723,456.078,5.393,relaxed_wt_1_A_71_G_rep1.pdb
-89.729,0.025,-1303.497,-1.16,-718.759,-1.043,448.465,-2.22,relaxed_wt_1_B_13_M_rep4.pdb
-85.358,4.396,-1299.444,2.894,-718.006,-0.289,444.567,-6.118,relaxed_wt_1_A_84_I_rep5.pdb
-88.478,1.276,-1302.716,-0.378,-718.775,-1.059,451.299,0.614,relaxed_wt_1_A_38_M_rep1.pdb
-83.348,6.406,-1298.986,3.352,-718.971,-1.254,448.727,-1.958,relaxed_wt_1_A_35_R_rep4.pdb
-86.393,3.361,-1298.69,3.648,-718.636,-0.919,449.385,-1.3,relaxed_wt_1_A_35_G_rep5.pdb
-89.632,0.122,-1301.887,0.451,-718.61,-0.893,449.589,-1.096,relaxed_wt_1_A_80_Q_rep4.pdb
-89.921,-0.167,-1288.035,14.303,-719.553,-1.837,460.072,9.387,relaxed_wt_1_A_80_V_rep2.pdb
-89.534,0.22,-1271.107,31.231,-718.88,-1.164,476.247,25.562,relaxed_wt_1_B_11_D_rep3.pdb
-83.598,6.157,-1297.598,4.74,-719.248,-1.531,457.309,6.624,relaxed_wt_1_A_40_S_rep2.pdb
-89.539,0.215,-1297.596,4.742,-719.101,-1.384,452.682,1.997,relaxed_wt_1_A_39_M_rep3.pdb
-90.48,-0.725,-1302.192,0.146,-719.191,-1.474,451.221,0.536,relaxed_wt_1_A_36_C_rep5.pdb
-89.474,0.28,-1306.426,-4.088,-718.859,-1.142,443.528,-7.157,relaxed_wt_1_B_98_R_rep1.pdb
-89.479,0.275,-1292.452,9.886,-718.709,-0.992,458.026,7.341,relaxed_wt_1_A_31_H_rep4.pdb
-89.534,0.22,-1300.62,1.718,-719.162,-1.445,449.885,-0.8,relaxed_wt_1_A_74_C_rep4.pdb
-89.592,0.162,-1296.288,6.05,-718.758,-1.041,454.991,4.306,relaxed_wt_1_A_39_N_rep4.pdb
-89.474,0.281,-1302.516,-0.178,-719.0,-1.283,447.884,-2.801,relaxed_wt_1_A_86_N_rep4.pdb
-85.131,4.624,-1300.858,1.48,-719.788,-2.072,444.386,-6.299,relaxed_wt_1_A_27_P_rep2.pdb
-90.071,-0.316,-1298.725,3.613,-717.958,-0.242,451.273,0.588,relaxed_wt_1_A_83_W_rep2.pdb
-89.45,0.304,-1303.395,-1.057,-719.011,-1.295,445.15,-5.535,relaxed_wt_1_B_17_M_rep3.pdb
-85.543,4.212,-1297.434,4.904,-718.347,-0.63,454.157,3.472,relaxed_wt_1_A_77_W_rep3.pdb
-89.38,0.374,-1300.334,2.004,-718.909,-1.192,448.048,-2.637,relaxed_wt_1_A_87_N_rep2.pdb
-90.155,-0.401,-1303.715,-1.377,-718.969,-1.252,448.451,-2.234,relaxed_wt_1_A_85_K_rep3.pdb
-81.084,8.67,-1296.775,5.563,-718.819,-1.102,456.391,5.706,relaxed_wt_1_A_35_K_rep5.pdb
-89.534,0.22,-1302.439,-0.102,-718.959,-1.242,448.737,-1.948,relaxed_wt_1_A_21_D_rep3.pdb
-89.534,0.22,-1303.756,-1.418,-718.82,-1.103,448.322,-2.363,relaxed_wt_1_B_12_D_rep4.pdb
-83.239,6.515,-1293.802,8.536,-717.889,-0.172,451.547,0.862,relaxed_wt_1_A_84_D_rep3.pdb
-89.026,0.729,-1304.211,-1.873,-718.808,-1.092,442.235,-8.45,relaxed_wt_1_B_17_N_rep1.pdb
-88.596,1.158,-1298.711,3.627,-718.963,-1.246,451.688,1.003,relaxed_wt_1_B_58_S_rep1.pdb
-89.644,0.11,-1278.036,24.302,-718.732,-1.016,459.504,8.819,relaxed_wt_1_B_11_T_rep3.pdb
-89.646,0.109,-1297.514,4.824,-719.089,-1.373,455.407,4.722,relaxed_wt_1_A_30_S_rep5.pdb
-87.301,2.453,-1297.234,5.104,-716.465,1.251,442.378,-8.307,relaxed_wt_1_B_15_R_rep5.pdb
-88.016,1.738,-1302.637,-0.299,-718.421,-0.704,443.661,-7.024,relaxed_wt_1_B_56_D_rep3.pdb
-89.579,0.175,-1303.577,-1.239,-718.8,-1.083,447.628,-3.057,relaxed_wt_1_A_74_K_rep4.pdb
-87.598,2.156,-1303.903,-1.565,-719.816,-2.099,447.705,-2.98,relaxed_wt_1_A_27_M_rep3.pdb
-90.717,-0.963,-1300.89,1.448,-718.625,-0.908,450.974,0.289,relaxed_wt_1_A_26_R_rep1.pdb
-89.709,0.046,-1295.948,6.39,-718.897,-1.18,453.397,2.712,relaxed_wt_1_A_25_C_rep3.pdb
-89.54,0.215,-1303.704,-1.366,-718.948,-1.231,448.129,-2.556,relaxed_wt_1_A_30_I_rep4.pdb
-90.469,-0.715,-1303.371,-1.033,-719.574,-1.857,450.094,-0.591,relaxed_wt_1_B_101_R_rep1.pdb
-90.185,-0.431,-1300.993,1.345,-718.648,-0.931,452.368,1.683,relaxed_wt_1_A_24_K_rep3.pdb
-90.358,-0.604,-1302.223,0.115,-717.97,-0.254,450.581,-0.104,relaxed_wt_1_A_78_E_rep2.pdb
-89.497,0.257,-1298.32,4.018,-718.899,-1.182,452.536,1.851,relaxed_wt_1_A_39_C_rep4.pdb
-88.413,1.342,-1276.483,25.855,-721.14,-3.423,478.268,27.583,relaxed_wt_1_A_28_P_rep5.pdb
-85.448,4.306,-1299.913,2.425,-717.628,0.088,444.723,-5.963,relaxed_wt_1_A_73_T_rep1.pdb
-89.648,0.106,-1293.244,9.094,-719.077,-1.36,458.354,7.669,relaxed_wt_1_A_30_G_rep1.pdb
-89.481,0.273,-1304.008,-1.67,-718.933,-1.216,447.043,-3.642,relaxed_wt_1_A_82_P_rep5.pdb
-89.778,-0.023,-1303.182,-0.844,-719.5,-1.783,450.246,-0.439,relaxed_wt_1_B_57_T_rep4.pdb
-89.483,0.271,-1304.297,-1.959,-718.829,-1.112,446.493,-4.192,relaxed_wt_1_B_98_S_rep1.pdb
-92.403,-2.649,-1267.35,34.988,-716.635,1.082,435.812,-14.873,relaxed_wt_1_B_11_L_rep1.pdb
-89.574,0.18,-1301.285,1.053,-718.857,-1.14,448.781,-1.904,relaxed_wt_1_A_83_R_rep3.pdb
-86.059,3.695,-1303.566,-1.229,-721.907,-4.19,446.029,-4.656,relaxed_wt_1_A_80_D_rep1.pdb
-87.205,2.55,-1295.078,7.26,-717.026,0.69,459.732,9.047,relaxed_wt_1_A_41_C_rep4.pdb
-89.286,0.468,-1172.764,129.574,-717.542,0.175,598.683,147.998,relaxed_wt_1_B_11_H_rep3.pdb
-88.337,1.417,-1299.779,2.558,-719.178,-1.461,446.899,-3.786,relaxed_wt_1_A_81_L_rep5.pdb
-87.507,2.247,-1298.733,3.605,-717.84,-0.123,450.06,-0.625,relaxed_wt_1_A_28_H_rep3.pdb
-84.897,4.858,-1302.427,-0.089,-723.28,-5.563,444.671,-6.014,relaxed_wt_1_A_27_S_rep1.pdb
-89.641,0.113,-1302.262,0.076,-718.835,-1.118,449.759,-0.926,relaxed_wt_1_A_41_A_rep1.pdb
-80.336,9.419,-1230.454,71.884,-703.123,14.594,279.428,-171.257,relaxed_wt_1_A_74_P_rep1.pdb
-89.605,0.149,-1303.238,-0.9,-719.059,-1.342,447.48,-3.205,relaxed_wt_1_A_74_M_rep1.pdb
-87.02,2.734,-1300.884,1.454,-718.932,-1.215,448.552,-2.133,relaxed_wt_1_B_54_S_rep2.pdb
-89.575,0.179,-1301.765,0.573,-718.9,-1.183,449.869,-0.816,relaxed_wt_1_A_87_S_rep3.pdb
-89.374,0.38,-1271.352,30.986,-717.712,0.005,487.394,36.709,relaxed_wt_1_A_72_M_rep2.pdb
-89.233,0.521,-1304.192,-1.854,-718.584,-0.868,444.356,-6.329,relaxed_wt_1_B_54_Q_rep2.pdb
-91.373,-1.619,-1300.228,2.11,-718.625,-0.909,455.75,5.065,relaxed_wt_1_B_59_T_rep4.pdb
-89.519,0.235,-1295.087,7.251,-717.909,-0.192,452.389,1.704,relaxed_wt_1_A_87_F_rep5.pdb
-88.856,0.898,-1300.915,1.423,-718.778,-1.062,448.484,-2.201,relaxed_wt_1_B_58_T_rep5.pdb
-89.836,-0.081,-1300.567,1.771,-718.867,-1.15,449.237,-1.448,relaxed_wt_1_B_59_R_rep1.pdb
-87.221,2.534,-1304.1,-1.763,-719.243,-1.526,443.353,-7.332,relaxed_wt_1_A_74_V_rep4.pdb
-90.81,-1.055,-1304.968,-2.63,-718.776,-1.059,445.812,-4.873,relaxed_wt_1_A_81_R_rep1.pdb
-89.822,-0.067,-1299.167,3.171,-718.821,-1.105,450.744,0.058,relaxed_wt_1_A_24_C_rep5.pdb
-88.714,1.04,-1299.925,2.413,-718.926,-1.209,449.454,-1.231,relaxed_wt_1_A_85_I_rep1.pdb
-89.669,0.086,-1291.564,10.774,-718.79,-1.074,457.053,6.368,relaxed_wt_1_A_72_N_rep2.pdb
-86.78,2.974,-1293.568,8.77,-718.131,-0.414,456.625,5.94,relaxed_wt_1_A_75_S_rep1.pdb
-89.799,-0.045,-1294.209,8.129,-718.988,-1.271,457.139,6.454,relaxed_wt_1_A_31_K_rep4.pdb
-89.426,0.328,-1293.341,8.996,-718.893,-1.176,462.528,11.843,relaxed_wt_1_A_76_Y_rep5.pdb
-81.643,8.111,-1283.13,19.208,-719.643,-1.926,459.981,9.296,relaxed_wt_1_A_79_P_rep2.pdb
-89.578,0.177,-1300.175,2.163,-718.87,-1.153,450.28,-0.405,relaxed_wt_1_A_23_C_rep2.pdb
-89.407,0.347,-1298.674,3.664,-718.872,-1.156,451.668,0.983,relaxed_wt_1_B_59_C_rep3.pdb
-85.481,4.273,-1296.552,5.786,-718.437,-0.72,451.068,0.383,relaxed_wt_1_B_58_E_rep2.pdb
-86.448,3.306,-1301.182,1.155,-718.333,-0.616,451.256,0.571,relaxed_wt_1_A_35_E_rep1.pdb
-88.634,1.12,-1300.446,1.892,-718.872,-1.156,447.919,-2.766,relaxed_wt_1_B_55_I_rep1.pdb
-91.433,-1.679,-1289.333,13.005,-717.979,-0.262,454.526,3.841,relaxed_wt_1_B_100_P_rep5.pdb
-88.793,0.961,-1300.068,2.269,-716.517,1.2,439.234,-11.451,relaxed_wt_1_B_15_L_rep4.pdb
-89.57,0.184,-1295.458,6.88,-718.785,-1.068,442.774,-7.911,relaxed_wt_1_A_23_T_rep1.pdb
-89.281,0.473,-1292.819,9.519,-718.349,-0.632,459.696,9.011,relaxed_wt_1_A_76_F_rep5.pdb
-87.627,2.127,-1304.098,-1.76,-719.105,-1.388,446.276,-4.41,relaxed_wt_1_A_81_V_rep3.pdb
-89.52,0.234,-1302.478,-0.14,-718.979,-1.262,447.842,-2.844,relaxed_wt_1_A_86_R_rep2.pdb
-90.519,-0.764,-1302.575,-0.237,-718.696,-0.979,445.863,-4.822,relaxed_wt_1_A_76_R_rep4.pdb
-88.73,1.025,-1303.745,-1.407,-719.156,-1.439,446.595,-4.09,relaxed_wt_1_B_101_K_rep1.pdb
-88.584,1.17,-1303.514,-1.176,-719.153,-1.436,443.644,-7.041,relaxed_wt_1_A_81_S_rep4.pdb
-90.915,-1.161,-1303.065,-0.727,-718.512,-0.795,445.924,-4.761,relaxed_wt_1_A_36_T_rep5.pdb
-89.583,0.171,-1297.348,4.99,-719.202,-1.485,453.022,2.337,relaxed_wt_1_A_37_M_rep1.pdb
-89.567,0.188,-1299.515,2.823,-718.956,-1.239,447.185,-3.5,relaxed_wt_1_B_11_G_rep1.pdb
-88.583,1.171,-1292.661,9.677,-718.251,-0.534,457.044,6.359,relaxed_wt_1_A_74_Y_rep3.pdb
-89.447,0.307,-1297.56,4.778,-718.112,-0.395,449.982,-0.703,relaxed_wt_1_A_87_W_rep3.pdb
-89.166,0.588,-1295.833,6.505,-718.798,-1.081,452.953,2.268,relaxed_wt_1_A_28_V_rep3.pdb
-89.527,0.227,-1302.989,-0.651,-718.884,-1.168,453.26,2.575,relaxed_wt_1_A_71_D_rep5.pdb
-85.295,4.459,-1298.849,3.489,-718.639,-0.922,450.185,-0.5,relaxed_wt_1_A_77_E_rep1.pdb
-89.73,0.024,-1275.382,26.955,-717.8,-0.083,457.175,6.49,relaxed_wt_1_A_72_K_rep5.pdb
-89.27,0.485,-1302.874,-0.536,-719.108,-1.392,450.295,-0.39,relaxed_wt_1_B_101_Y_rep1.pdb
-90.677,-0.923,-1296.602,5.736,-719.121,-1.405,456.813,6.128,relaxed_wt_1_A_37_N_rep1.pdb
-79.588,10.166,-1290.836,11.502,-712.92,4.797,461.853,11.168,relaxed_wt_1_A_35_W_rep1.pdb
-89.308,0.446,-1300.567,1.771,-718.911,-1.194,454.16,3.475,relaxed_wt_1_B_13_T_rep2.pdb
-87.919,1.835,-1298.276,4.062,-718.914,-1.197,450.596,-0.09,relaxed_wt_1_B_58_R_rep2.pdb
-89.868,-0.114,-1302.739,-0.401,-719.313,-1.596,449.234,-1.451,relaxed_wt_1_A_74_L_rep3.pdb
-90.318,-0.564,-1297.89,4.448,-718.922,-1.205,455.633,4.948,relaxed_wt_1_A_30_D_rep2.pdb
-91.164,-1.41,-1301.793,0.545,-718.582,-0.866,450.031,-0.654,relaxed_wt_1_A_36_M_rep2.pdb
-89.564,0.19,-1301.724,0.614,-718.863,-1.146,452.43,1.745,relaxed_wt_1_A_21_T_rep2.pdb
-83.005,6.75,-1292.976,9.362,-717.187,0.529,453.72,3.035,relaxed_wt_1_A_38_R_rep2.pdb
-89.574,0.18,-1299.886,2.452,-718.977,-1.26,452.08,1.395,relaxed_wt_1_A_23_C_rep5.pdb
-90.93,-1.176,-1302.536,-0.198,-718.714,-0.997,447.556,-3.129,relaxed_wt_1_B_56_F_rep3.pdb
-89.474,0.28,-1299.164,3.174,-718.953,-1.236,450.763,0.078,relaxed_wt_1_A_79_F_rep2.pdb
-81.88,7.874,-1290.166,12.172,-717.593,0.123,454.975,4.29,relaxed_wt_1_A_75_Q_rep3.pdb
-89.705,0.049,-1290.004,12.334,-719.372,-1.656,463.384,12.699,relaxed_wt_1_A_31_W_rep3.pdb
-91.255,-1.501,-1303.093,-0.755,-718.813,-1.097,451.628,0.943,relaxed_wt_1_B_56_V_rep5.pdb
-89.645,0.109,-1281.355,20.983,-718.729,-1.013,462.918,12.233,relaxed_wt_1_A_25_K_rep5.pdb
-83.233,6.521,-1263.487,38.851,-717.551,0.165,486.12,35.435,relaxed_wt_1_A_75_P_rep3.pdb
-86.884,2.87,-1299.715,2.623,-717.885,-0.168,444.614,-6.071,relaxed_wt_1_B_15_A_rep3.pdb
-89.645,0.109,-1297.235,5.103,-719.094,-1.377,453.605,2.92,relaxed_wt_1_A_30_E_rep1.pdb
-90.388,-0.634,-1302.386,-0.049,-718.783,-1.066,448.991,-1.695,relaxed_wt_1_A_76_R_rep5.pdb
-83.788,5.966,-1286.538,15.8,-715.823,1.894,450.377,-0.308,relaxed_wt_1_A_41_K_rep2.pdb
-88.35,1.404,-1303.567,-1.229,-719.564,-1.847,446.992,-3.694,relaxed_wt_1_A_34_T_rep4.pdb
-89.512,0.243,-1304.088,-1.75,-718.352,-0.635,446.102,-4.583,relaxed_wt_1_B_98_D_rep2.pdb
-89.435,0.319,-1304.541,-2.203,-718.98,-1.263,444.977,-5.708,relaxed_wt_1_A_71_I_rep4.pdb
-83.639,6.115,-1295.83,6.508,-718.489,-0.772,452.699,2.014,relaxed_wt_1_A_77_R_rep5.pdb
-90.671,-0.917,-1281.807,20.531,-719.69,-1.973,470.451,19.766,relaxed_wt_1_A_34_P_rep4.pdb
-89.559,0.195,-1302.411,-0.073,-718.927,-1.211,448.416,-2.269,relaxed_wt_1_A_29_D_rep5.pdb
-90.401,-0.647,-1301.906,0.432,-718.699,-0.982,447.598,-3.087,relaxed_wt_1_A_35_C_rep5.pdb
-86.821,2.933,-1301.688,0.65,-721.821,-4.105,449.058,-1.627,relaxed_wt_1_B_57_G_rep5.pdb
-93.302,-3.548,-1256.896,45.442,-716.648,1.069,448.528,-2.157,relaxed_wt_1_B_14_W_rep2.pdb
-89.155,0.6,-1299.252,3.086,-719.085,-1.368,451.119,0.434,relaxed_wt_1_A_32_G_rep4.pdb
-89.457,0.298,-1300.553,1.785,-719.015,-1.298,449.789,-0.896,relaxed_wt_1_A_29_A_rep1.pdb
-89.543,0.211,-1303.705,-1.367,-718.962,-1.245,444.832,-5.853,relaxed_wt_1_B_102_V_rep5.pdb
-88.404,1.35,-1301.547,0.791,-719.058,-1.342,449.172,-1.513,relaxed_wt_1_B_101_G_rep2.pdb
-89.446,0.308,-1297.486,4.852,-717.995,-0.279,450.662,-0.023,relaxed_wt_1_A_87_W_rep2.pdb
-89.485,0.27,-1298.578,3.76,-718.846,-1.129,452.142,1.457,relaxed_wt_1_A_87_D_rep5.pdb
-89.521,0.233,-1304.111,-1.773,-718.934,-1.218,446.809,-3.876,relaxed_wt_1_B_101_T_rep2.pdb
-85.74,4.014,-1296.411,5.927,-717.87,-0.154,455.087,4.402,relaxed_wt_1_A_27_I_rep5.pdb
-89.43,0.325,-1301.537,0.801,-718.83,-1.113,451.184,0.499,relaxed_wt_1_B_13_Q_rep1.pdb
-89.493,0.261,-1304.613,-2.275,-718.97,-1.253,444.868,-5.817,relaxed_wt_1_A_83_V_rep4.pdb
-89.042,0.712,-1303.159,-0.821,-719.246,-1.529,449.056,-1.629,relaxed_wt_1_A_80_K_rep4.pdb
-89.682,0.072,-1297.768,4.57,-718.825,-1.108,449.727,-0.958,relaxed_wt_1_A_25_N_rep3.pdb
-89.531,0.223,-1303.794,-1.456,-719.03,-1.314,445.392,-5.293,relaxed_wt_1_A_39_V_rep2.pdb
-89.699,0.055,-1298.116,4.222,-718.704,-0.987,453.184,2.499,relaxed_wt_1_A_30_C_rep3.pdb
-92.875,-3.121,-1302.85,-0.512,-718.732,-1.015,447.891,-2.794,relaxed_wt_1_B_57_M_rep5.pdb
-87.084,2.671,-1299.259,3.079,-719.433,-1.716,448.988,-1.697,relaxed_wt_1_A_80_A_rep1.pdb
-89.914,-0.16,-1301.483,0.855,-718.993,-1.276,451.276,0.591,relaxed_wt_1_B_100_D_rep2.pdb
-86.709,3.045,-1299.983,2.355,-719.6,-1.883,447.264,-3.421,relaxed_wt_1_A_80_E_rep2.pdb
-88.109,1.645,-1300.879,1.459,-718.869,-1.152,449.797,-0.888,relaxed_wt_1_B_102_G_rep3.pdb
-89.369,0.385,-1285.117,17.22,-718.032,-0.315,467.836,17.151,relaxed_wt_1_A_37_R_rep1.pdb
-89.546,0.208,-1296.265,6.073,-718.977,-1.26,454.92,4.235,relaxed_wt_1_A_39_A_rep1.pdb
-88.459,1.295,-1294.358,7.98,-719.126,-1.41,453.007,2.322,relaxed_wt_1_A_81_G_rep1.pdb
-89.368,0.386,-1273.629,28.709,-717.919,-0.202,476.243,25.557,relaxed_wt_1_A_72_Q_rep5.pdb
-80.966,8.788,-1296.38,5.958,-719.043,-1.327,452.986,2.301,relaxed_wt_1_A_40_K_rep3.pdb
-89.649,0.106,-1302.28,0.058,-718.889,-1.172,448.435,-2.25,relaxed_wt_1_A_41_A_rep4.pdb
-87.738,2.016,-1301.155,1.183,-718.862,-1.145,446.865,-3.82,relaxed_wt_1_A_77_N_rep5.pdb
-88.766,0.988,-1301.465,0.873,-719.09,-1.373,446.031,-4.654,relaxed_wt_1_A_34_R_rep3.pdb
-89.431,0.324,-1297.577,4.761,-718.764,-1.047,453.674,2.989,relaxed_wt_1_B_59_I_rep3.pdb
-92.669,-2.915,-1301.464,0.874,-718.68,-0.963,450.652,-0.033,relaxed_wt_1_A_34_I_rep1.pdb
-89.535,0.22,-1287.376,14.962,-717.609,0.108,445.123,-5.562,relaxed_wt_1_A_25_F_rep1.pdb
-78.827,10.927,-1291.449,10.889,-717.306,0.411,452.555,1.87,relaxed_wt_1_A_38_K_rep5.pdb
-89.598,0.157,-1299.242,3.096,-718.995,-1.278,459.624,8.938,relaxed_wt_1_A_22_S_rep1.pdb
-89.622,0.133,-1292.772,9.566,-718.792,-1.076,446.731,-3.954,relaxed_wt_1_A_72_I_rep2.pdb
-89.306,0.449,-1304.998,-2.66,-718.891,-1.174,447.499,-3.186,relaxed_wt_1_A_79_E_rep4.pdb
-89.445,0.309,-1304.136,-1.798,-718.391,-0.674,446.619,-4.066,relaxed_wt_1_B_98_D_rep3.pdb
-88.687,1.067,-1076.417,225.921,-717.495,0.222,603.804,153.119,relaxed_wt_1_B_11_W_rep3.pdb
-86.921,2.833,-1298.198,4.14,-719.515,-1.799,451.155,0.47,relaxed_wt_1_B_55_K_rep3.pdb
-87.938,1.817,-1299.105,3.233,-717.665,0.051,448.892,-1.793,relaxed_wt_1_A_73_C_rep2.pdb
-91.578,-1.824,-1304.833,-2.495,-718.884,-1.167,448.244,-2.441,relaxed_wt_1_B_57_H_rep5.pdb
-89.475,0.279,-1303.746,-1.408,-718.832,-1.115,446.4,-4.285,relaxed_wt_1_A_28_L_rep3.pdb
-88.808,0.946,-1296.792,5.546,-718.848,-1.132,453.598,2.913,relaxed_wt_1_A_85_G_rep2.pdb
-87.741,2.013,-1300.168,2.17,-718.176,-0.46,450.688,0.003,relaxed_wt_1_A_28_G_rep1.pdb
-89.732,0.023,-1294.699,7.639,-718.856,-1.139,453.342,2.657,relaxed_wt_1_B_14_C_rep3.pdb
-89.928,-0.174,-1302.551,-0.213,-717.437,0.28,448.674,-2.011,relaxed_wt_1_A_33_K_rep2.pdb
-75.23,14.524,-1221.158,81.18,-718.534,-0.817,533.445,82.76,relaxed_wt_1_A_40_P_rep3.pdb
-89.54,0.214,-1301.077,1.261,-718.938,-1.221,451.053,0.368,relaxed_wt_1_A_86_G_rep5.pdb
-87.459,2.295,-1289.451,12.887,-716.073,1.644,470.543,19.858,relaxed_wt_1_A_41_F_rep1.pdb
-89.791,-0.037,-1302.396,-0.058,-718.779,-1.062,450.774,0.089,relaxed_wt_1_A_24_M_rep1.pdb
-89.629,0.126,-1289.016,13.322,-718.958,-1.242,460.39,9.705,relaxed_wt_1_A_25_G_rep3.pdb
-89.597,0.158,-1300.397,1.94,-718.821,-1.104,448.501,-2.184,relaxed_wt_1_A_23_A_rep2.pdb
-89.586,0.168,-1301.681,0.657,-718.926,-1.209,450.667,-0.018,relaxed_wt_1_B_12_G_rep2.pdb
-89.579,0.176,-1297.028,5.31,-718.965,-1.249,455.082,4.397,relaxed_wt_1_A_25_Q_rep4.pdb
-89.625,0.13,-1294.721,7.617,-718.879,-1.162,454.038,3.353,relaxed_wt_1_A_25_D_rep1.pdb
-83.951,5.803,-1298.619,3.719,-718.63,-0.914,455.816,5.13,relaxed_wt_1_A_40_T_rep2.pdb
-89.483,0.272,-1301.936,0.402,-719.013,-1.297,449.214,-1.471,relaxed_wt_1_A_79_M_rep5.pdb
-89.881,-0.126,-1293.83,8.508,-718.803,-1.087,460.153,9.468,relaxed_wt_1_A_31_K_rep1.pdb
-91.169,-1.415,-1302.829,-0.491,-718.556,-0.839,447.807,-2.878,relaxed_wt_1_B_56_F_rep2.pdb
-86.072,3.682,-1297.824,4.514,-720.063,-2.346,456.074,5.389,relaxed_wt_1_A_27_I_rep4.pdb
-89.766,-0.012,-1303.255,-0.917,-718.91,-1.193,446.577,-4.108,relaxed_wt_1_B_58_I_rep5.pdb
-89.583,0.171,-1303.64,-1.302,-718.867,-1.15,447.926,-2.759,relaxed_wt_1_A_23_F_rep1.pdb
-89.585,0.17,-1301.862,0.476,-718.918,-1.201,448.503,-2.182,relaxed_wt_1_A_87_S_rep2.pdb
-89.641,0.113,-1299.432,2.906,-718.798,-1.081,452.502,1.817,relaxed_wt_1_A_41_S_rep1.pdb
-89.72,0.034,-1297.73,4.608,-718.87,-1.153,453.807,3.121,relaxed_wt_1_A_31_Q_rep5.pdb
-89.573,0.181,-1301.642,0.696,-718.911,-1.194,449.603,-1.082,relaxed_wt_1_A_21_M_rep1.pdb
-89.997,-0.243,-1282.946,19.392,-718.18,-0.463,471.214,20.529,relaxed_wt_1_A_76_P_rep3.pdb
-89.784,-0.03,-1300.951,1.387,-718.809,-1.092,452.718,2.033,relaxed_wt_1_A_24_L_rep5.pdb
-89.604,0.15,-1303.759,-1.422,-718.874,-1.157,447.515,-3.17,relaxed_wt_1_A_75_I_rep5.pdb
-83.597,6.157,-1239.189,63.149,-717.167,0.549,506.26,55.575,relaxed_wt_1_A_85_P_rep1.pdb
-90.236,-0.482,-1301.412,0.926,-718.041,-0.324,448.801,-1.884,relaxed_wt_1_A_78_A_rep5.pdb
-89.52,0.234,-1303.139,-0.801,-718.663,-0.946,443.485,-7.2,relaxed_wt_1_B_56_H_rep3.pdb
-88.069,1.685,-1298.213,4.125,-718.908,-1.191,449.302,-1.383,relaxed_wt_1_B_58_R_rep5.pdb
-89.614,0.141,-1303.144,-0.806,-718.776,-1.059,449.532,-1.153,relaxed_wt_1_A_86_L_rep3.pdb
-90.102,-0.348,-1304.076,-1.738,-718.609,-0.892,446.945,-3.74,relaxed_wt_1_A_80_H_rep5.pdb
-86.231,3.523,-1301.439,0.899,-718.558,-0.842,449.99,-0.695,relaxed_wt_1_A_35_E_rep3.pdb
-89.413,0.341,-1300.628,1.71,-719.03,-1.314,449.858,-0.827,relaxed_wt_1_A_29_M_rep5.pdb
-84.672,5.082,-1289.113,13.225,-717.866,-0.149,461.762,11.077,relaxed_wt_1_A_75_H_rep5.pdb
-91.271,-1.517,-1302.239,0.099,-718.561,-0.844,447.13,-3.555,relaxed_wt_1_A_36_V_rep2.pdb
-91.565,-1.811,-1304.771,-2.433,-718.86,-1.143,448.609,-2.076,relaxed_wt_1_B_57_H_rep4.pdb
-88.433,1.322,-1298.745,3.593,-718.784,-1.067,449.606,-1.079,relaxed_wt_1_A_26_M_rep4.pdb
-86.575,3.179,-1301.914,0.424,-720.137,-2.42,446.2,-4.485,relaxed_wt_1_A_27_N_rep2.pdb
-89.0,0.754,-1263.9,38.438,-717.697,0.02,460.404,9.719,relaxed_wt_1_A_72_F_rep4.pdb
-89.346,0.408,-1298.79,3.548,-718.971,-1.255,451.347,0.662,relaxed_wt_1_A_32_C_rep2.pdb
-89.349,0.405,-1300.665,1.673,-719.006,-1.289,453.107,2.422,relaxed_wt_1_A_71_Y_rep5.pdb
-88.059,1.695,-1300.822,1.516,-719.011,-1.294,448.295,-2.39,relaxed_wt_1_B_56_G_rep5.pdb
-88.425,1.329,-1298.478,3.86,-718.103,-0.387,455.621,4.936,relaxed_wt_1_A_82_Q_rep2.pdb
-90.366,-0.612,-1300.543,1.795,-718.951,-1.234,449.088,-1.597,relaxed_wt_1_A_32_M_rep3.pdb
-90.435,-0.681,-1302.602,-0.264,-718.723,-1.006,447.483,-3.202,relaxed_wt_1_A_76_K_rep3.pdb
-81.676,8.078,-1287.347,14.991,-717.908,-0.191,484.128,33.443,relaxed_wt_1_A_41_E_rep4.pdb
-89.546,0.208,-1303.766,-1.428,-718.959,-1.242,445.417,-5.268,relaxed_wt_1_A_21_E_rep1.pdb
-89.595,0.159,-1299.109,3.229,-718.872,-1.155,460.344,9.659,relaxed_wt_1_A_22_S_rep4.pdb
-89.475,0.279,-1299.31,3.028,-718.934,-1.218,450.028,-0.657,relaxed_wt_1_A_23_D_rep3.pdb
-89.693,0.061,-1296.842,5.496,-719.046,-1.329,452.163,1.478,relaxed_wt_1_A_31_A_rep4.pdb
-89.641,0.113,-1271.466,30.872,-717.884,-0.167,481.65,30.965,relaxed_wt_1_A_33_P_rep5.pdb
-86.853,2.901,-1298.823,3.515,-717.565,0.151,452.28,1.595,relaxed_wt_1_A_73_V_rep1.pdb
-89.458,0.296,-1296.761,5.577,-718.805,-1.088,453.082,2.397,relaxed_wt_1_A_21_L_rep5.pdb
-85.871,3.883,-1159.083,143.255,-717.318,0.399,568.11,117.425,relaxed_wt_1_A_73_P_rep1.pdb
-89.266,0.489,-1300.726,1.611,-719.616,-1.899,450.473,-0.212,relaxed_wt_1_A_80_L_rep4.pdb
-89.908,-0.154,-1304.222,-1.884,-718.802,-1.085,445.617,-5.068,relaxed_wt_1_B_101_V_rep3.pdb
-87.97,1.784,-1299.541,2.797,-717.789,-0.072,444.391,-6.294,relaxed_wt_1_B_15_I_rep5.pdb
-90.03,-0.275,-1301.372,0.966,-718.793,-1.077,449.635,-1.05,relaxed_wt_1_A_76_Q_rep5.pdb
-88.141,1.614,-1300.926,1.412,-718.908,-1.192,450.562,-0.123,relaxed_wt_1_B_102_G_rep4.pdb
-89.527,0.227,-1297.69,4.648,-718.03,-0.314,451.251,0.565,relaxed_wt_1_A_87_Y_rep3.pdb
-91.143,-1.389,-1302.398,-0.06,-718.6,-0.883,452.01,1.325,relaxed_wt_1_A_82_I_rep3.pdb
-87.184,2.57,-1299.719,2.619,-717.66,0.057,449.278,-1.407,relaxed_wt_1_A_84_Y_rep2.pdb
-89.493,0.261,-1303.458,-1.12,-719.036,-1.32,445.206,-5.479,relaxed_wt_1_B_56_H_rep1.pdb
-91.838,-2.084,-1300.869,1.469,-716.589,1.127,444.405,-6.28,relaxed_wt_1_B_15_Q_rep4.pdb
-86.332,3.422,-1292.848,9.49,-721.155,-3.438,460.8,10.114,relaxed_wt_1_A_28_W_rep1.pdb
-89.514,0.24,-1304.889,-2.551,-718.886,-1.17,446.088,-4.597,relaxed_wt_1_B_12_I_rep3.pdb
-91.919,-2.165,-1302.137,0.201,-718.122,-0.406,451.862,1.177,relaxed_wt_1_A_32_H_rep5.pdb
-89.657,0.097,-1296.016,6.322,-718.652,-0.936,449.517,-1.169,relaxed_wt_1_B_13_F_rep1.pdb
-84.299,5.455,-1293.873,8.465,-717.924,-0.207,451.019,0.334,relaxed_wt_1_A_84_C_rep3.pdb
-89.643,0.112,-1294.045,8.293,-718.931,-1.214,455.432,4.747,relaxed_wt_1_A_25_A_rep3.pdb
-89.421,0.333,-1300.079,2.259,-719.036,-1.32,448.735,-1.95,relaxed_wt_1_A_87_K_rep5.pdb
-89.491,0.263,-1298.498,3.84,-719.001,-1.284,453.646,2.961,relaxed_wt_1_A_71_G_rep5.pdb
-88.221,1.533,-1300.662,1.675,-719.088,-1.372,449.525,-1.16,relaxed_wt_1_A_26_Q_rep2.pdb
-90.125,-0.371,-1303.376,-1.038,-718.774,-1.057,449.536,-1.149,relaxed_wt_1_A_78_H_rep5.pdb
-92.55,-2.796,-1302.765,-0.427,-717.794,-0.078,450.668,-0.017,relaxed_wt_1_B_57_L_rep2.pdb
-89.489,0.265,-1292.963,9.375,-719.079,-1.362,459.568,8.883,relaxed_wt_1_A_37_K_rep2.pdb
-89.497,0.258,-1298.904,3.433,-718.87,-1.154,453.189,2.504,relaxed_wt_1_A_71_G_rep3.pdb
-84.954,4.8,-1301.015,1.323,-718.799,-1.082,447.394,-3.291,relaxed_wt_1_A_35_D_rep1.pdb
-89.453,0.302,-1300.467,1.871,-719.386,-1.669,452.36,1.674,relaxed_wt_1_A_29_M_rep1.pdb
-88.425,1.329,-1303.409,-1.071,-719.456,-1.739,445.875,-4.811,relaxed_wt_1_A_34_T_rep2.pdb
-89.478,0.277,-1279.721,22.617,-718.552,-0.835,437.672,-13.013,relaxed_wt_1_B_14_M_rep1.pdb
-89.589,0.165,-1302.851,-0.513,-718.868,-1.151,446.975,-3.711,relaxed_wt_1_A_21_H_rep5.pdb
-87.63,2.124,-1299.913,2.425,-718.907,-1.19,448.567,-2.118,relaxed_wt_1_B_15_Q_rep5.pdb
-88.778,0.976,-1303.621,-1.283,-719.066,-1.35,445.822,-4.863,relaxed_wt_1_B_101_K_rep2.pdb
-87.188,2.566,-1300.691,1.647,-718.236,-0.52,448.558,-2.127,relaxed_wt_1_B_101_D_rep5.pdb
-89.676,0.078,-1292.45,9.887,-717.806,-0.09,449.181,-1.504,relaxed_wt_1_A_72_I_rep4.pdb
-89.458,0.297,-1301.991,0.347,-718.954,-1.237,448.196,-2.489,relaxed_wt_1_A_29_D_rep1.pdb
-89.384,0.371,-1301.215,1.123,-718.95,-1.233,449.451,-1.234,relaxed_wt_1_B_100_L_rep2.pdb
-87.775,1.98,-1295.182,7.156,-718.9,-1.183,455.561,4.875,relaxed_wt_1_A_71_L_rep1.pdb
-87.866,1.888,-1302.519,-0.181,-718.839,-1.122,447.2,-3.485,relaxed_wt_1_A_73_N_rep2.pdb
-90.283,-0.529,-1289.085,13.253,-718.089,-0.372,450.614,-0.071,relaxed_wt_1_A_39_Q_rep4.pdb
-82.637,7.118,-1287.378,14.96,-716.737,0.98,460.997,10.312,relaxed_wt_1_A_75_E_rep1.pdb
-87.426,2.328,-1301.846,0.492,-719.069,-1.353,446.572,-4.113,relaxed_wt_1_A_35_T_rep5.pdb
-90.234,-0.48,-1277.033,25.305,-717.609,0.108,469.169,18.484,relaxed_wt_1_B_58_P_rep4.pdb
-90.01,-0.256,-1295.405,6.933,-719.16,-1.443,453.922,3.237,relaxed_wt_1_A_37_T_rep2.pdb
-89.542,0.212,-1297.595,4.743,-717.891,-0.174,450.92,0.235,relaxed_wt_1_A_87_Y_rep1.pdb
-89.488,0.266,-1301.252,1.086,-719.045,-1.328,449.048,-1.637,relaxed_wt_1_A_29_N_rep3.pdb
-89.138,0.616,-1299.709,2.628,-718.89,-1.173,453.552,2.867,relaxed_wt_1_A_71_F_rep3.pdb
-89.537,0.217,-1303.74,-1.402,-718.979,-1.262,445.714,-4.971,relaxed_wt_1_A_31_D_rep3.pdb
-84.582,5.172,-1284.514,17.824,-719.262,-1.545,467.191,16.506,relaxed_wt_1_B_55_P_rep2.pdb
-88.01,1.744,-1303.943,-1.605,-718.963,-1.247,444.626,-6.059,relaxed_wt_1_B_54_E_rep2.pdb
-89.073,0.682,-1298.678,3.66,-719.181,-1.464,450.871,0.186,relaxed_wt_1_A_78_G_rep4.pdb
-89.48,0.275,-1298.188,4.15,-718.44,-0.723,454.782,4.097,relaxed_wt_1_A_82_T_rep1.pdb
-89.784,-0.03,-1303.513,-1.175,-721.294,-3.578,449.476,-1.209,relaxed_wt_1_B_56_C_rep4.pdb
-81.595,8.16,-1280.501,21.837,-719.423,-1.707,465.389,14.704,relaxed_wt_1_A_79_P_rep1.pdb
-82.205,7.55,-1298.45,3.888,-719.153,-1.436,447.765,-2.92,relaxed_wt_1_A_38_D_rep1.pdb
-87.707,2.047,-1303.152,-0.814,-721.339,-3.622,448.66,-2.025,relaxed_wt_1_A_28_G_rep3.pdb
-88.419,1.336,-1296.787,5.551,-718.82,-1.103,453.096,2.411,relaxed_wt_1_A_85_D_rep2.pdb
-93.43,-3.675,-1302.894,-0.556,-718.862,-1.145,449.036,-1.649,relaxed_wt_1_B_58_M_rep1.pdb
-86.594,3.16,-1305.223,-2.885,-718.86,-1.143,447.913,-2.772,relaxed_wt_1_A_35_P_rep4.pdb
-88.966,0.789,-1302.42,-0.082,-717.312,0.405,440.537,-10.148,relaxed_wt_1_B_12_Y_rep4.pdb
-89.698,0.056,-1289.578,12.759,-718.827,-1.11,461.53,10.845,relaxed_wt_1_A_31_W_rep2.pdb
-87.096,2.658,-1296.297,6.041,-718.856,-1.139,453.657,2.972,relaxed_wt_1_A_27_I_rep2.pdb
-88.358,1.396,-1297.641,4.697,-718.291,-0.575,457.27,6.585,relaxed_wt_1_A_82_R_rep1.pdb
-89.714,0.041,-1303.694,-1.356,-719.006,-1.289,447.875,-2.81,relaxed_wt_1_A_74_M_rep4.pdb
-83.358,6.396,-1296.747,5.591,-721.639,-3.922,457.653,6.968,relaxed_wt_1_A_28_Y_rep5.pdb
-89.489,0.266,-1295.458,6.88,-718.544,-0.827,454.033,3.348,relaxed_wt_1_A_31_T_rep3.pdb
-89.644,0.11,-1301.218,1.12,-718.822,-1.105,450.747,0.062,relaxed_wt_1_A_83_S_rep5.pdb
-90.091,-0.336,-1304.523,-2.185,-721.507,-3.791,447.199,-3.486,relaxed_wt_1_B_56_I_rep2.pdb
-89.955,-0.201,-1299.512,2.826,-718.855,-1.138,449.2,-1.485,relaxed_wt_1_A_76_A_rep3.pdb
-89.486,0.269,-1302.834,-0.496,-718.907,-1.191,449.994,-0.691,relaxed_wt_1_A_21_V_rep1.pdb
-89.484,0.27,-1304.169,-1.831,-718.921,-1.204,445.373,-5.312,relaxed_wt_1_A_72_V_rep5.pdb
-89.498,0.256,-1301.447,0.891,-719.049,-1.333,449.304,-1.381,relaxed_wt_1_A_87_Q_rep1.pdb
-84.22,5.534,-1285.497,16.841,-715.699,2.018,473.234,22.549,relaxed_wt_1_A_41_R_rep5.pdb
-88.39,1.364,-1300.902,1.436,-719.374,-1.657,447.768,-2.917,relaxed_wt_1_A_34_K_rep4.pdb
-86.298,3.456,-1297.695,4.643,-718.647,-0.93,446.246,-4.439,relaxed_wt_1_B_56_P_rep3.pdb
-89.461,0.294,-1299.897,2.441,-719.024,-1.308,450.3,-0.385,relaxed_wt_1_A_23_C_rep4.pdb
-81.665,8.09,-1293.14,9.198,-718.526,-0.809,455.63,4.945,relaxed_wt_1_A_77_K_rep3.pdb
-91.561,-1.807,-1302.775,-0.437,-718.518,-0.801,448.851,-1.834,relaxed_wt_1_B_57_R_rep4.pdb
-85.401,4.354,-1299.83,2.508,-719.064,-1.348,443.909,-6.777,relaxed_wt_1_B_15_T_rep4.pdb
-89.51,0.245,-1297.34,4.998,-718.986,-1.269,453.667,2.982,relaxed_wt_1_A_39_S_rep1.pdb
-87.132,2.622,-1300.929,1.409,-718.976,-1.26,448.058,-2.627,relaxed_wt_1_B_54_S_rep5.pdb
-89.353,0.401,-1298.979,3.358,-718.811,-1.095,450.621,-0.064,relaxed_wt_1_A_79_F_rep3.pdb
-89.485,0.269,-1299.972,2.366,-718.898,-1.181,451.422,0.737,relaxed_wt_1_B_100_G_rep3.pdb
-91.378,-1.624,-1299.189,3.148,-717.892,-0.176,460.185,9.5,relaxed_wt_1_A_82_M_rep3.pdb
-89.535,0.219,-1299.126,3.212,-718.952,-1.235,451.449,0.764,relaxed_wt_1_A_26_V_rep1.pdb
-89.365,0.389,-1298.544,3.794,-719.213,-1.496,449.125,-1.56,relaxed_wt_1_A_87_H_rep2.pdb
-89.568,0.186,-1303.524,-1.186,-719.024,-1.307,446.219,-4.466,relaxed_wt_1_A_23_Y_rep2.pdb
-89.096,0.659,-1300.731,1.607,-718.553,-0.836,449.791,-0.894,relaxed_wt_1_A_34_D_rep1.pdb
-89.686,0.068,-1300.471,1.867,-718.862,-1.146,450.173,-0.512,relaxed_wt_1_A_29_A_rep5.pdb
-89.612,0.143,-1304.143,-1.805,-718.863,-1.146,443.59,-7.095,relaxed_wt_1_B_17_C_rep3.pdb
-89.789,-0.035,-1265.933,36.405,-718.527,-0.81,400.348,-50.337,relaxed_wt_1_B_14_F_rep2.pdb
-90.291,-0.537,-1279.348,22.989,-717.706,0.011,455.971,5.286,relaxed_wt_1_A_39_R_rep5.pdb
-89.389,0.365,-1299.338,3.0,-718.949,-1.232,449.546,-1.139,relaxed_wt_1_A_87_M_rep5.pdb
-87.123,2.631,-1270.46,31.878,-718.87,-1.153,473.569,22.884,relaxed_wt_1_A_25_P_rep2.pdb
-83.387,6.367,-1296.081,6.257,-719.093,-1.376,449.567,-1.118,relaxed_wt_1_A_38_G_rep2.pdb
-89.936,-0.182,-1264.385,37.953,-717.366,0.351,399.941,-50.744,relaxed_wt_1_B_14_F_rep1.pdb
-88.737,1.017,-1275.916,26.422,-718.694,-0.978,277.962,-172.723,relaxed_wt_1_B_14_V_rep5.pdb
-89.621,0.133,-1278.007,24.331,-718.734,-1.017,457.472,6.787,relaxed_wt_1_B_11_T_rep5.pdb
-88.54,1.214,-1298.977,3.361,-718.956,-1.239,451.601,0.916,relaxed_wt_1_B_58_S_rep4.pdb
-90.469,-0.714,-1300.542,1.796,-718.891,-1.174,450.799,0.114,relaxed_wt_1_A_32_M_rep4.pdb
-89.546,0.208,-1303.133,-0.795,-718.89,-1.174,450.211,-0.474,relaxed_wt_1_A_71_E_rep2.pdb
-89.377,0.377,-1279.652,22.686,-718.529,-0.813,437.652,-13.033,relaxed_wt_1_B_14_M_rep3.pdb
-89.672,0.082,-1303.312,-0.974,-719.217,-1.5,447.219,-3.466,relaxed_wt_1_A_80_R_rep5.pdb
-94.0,-4.246,-1303.763,-1.425,-717.946,-0.23,452.725,2.04,relaxed_wt_1_A_32_Y_rep4.pdb
-89.859,-0.105,-1287.803,14.535,-719.72,-2.003,463.503,12.818,relaxed_wt_1_A_80_I_rep2.pdb
-85.839,3.915,-1289.868,12.47,-718.062,-0.345,459.11,8.425,relaxed_wt_1_A_75_D_rep1.pdb
-89.487,0.267,-1248.393,53.945,-718.679,-0.962,497.503,46.818,relaxed_wt_1_A_72_R_rep1.pdb
-89.824,-0.07,-1297.401,4.937,-718.947,-1.23,447.369,-3.316,relaxed_wt_1_A_29_I_rep2.pdb
-89.041,0.713,-1304.264,-1.926,-718.835,-1.119,442.777,-7.908,relaxed_wt_1_B_17_N_rep5.pdb
-89.572,0.183,-1299.208,3.13,-718.885,-1.168,469.167,18.482,relaxed_wt_1_A_22_C_rep5.pdb
-90.03,-0.276,-1302.067,0.271,-718.654,-0.938,451.94,1.255,relaxed_wt_1_B_54_M_rep2.pdb
-89.406,0.348,-1302.711,-0.374,-718.9,-1.184,446.924,-3.761,relaxed_wt_1_B_102_I_rep1.pdb
-89.583,0.171,-1291.124,11.214,-718.253,-0.536,460.97,10.285,relaxed_wt_1_A_37_I_rep4.pdb
-85.391,4.363,-1302.5,-0.162,-723.052,-5.335,443.016,-7.669,relaxed_wt_1_A_27_H_rep2.pdb
-88.421,1.333,-1302.075,0.263,-719.061,-1.344,444.267,-6.418,relaxed_wt_1_A_36_S_rep5.pdb
-80.785,8.969,-1286.128,16.21,-717.892,-0.175,428.286,-22.399,relaxed_wt_1_A_41_K_rep1.pdb
-87.088,2.667,-1296.395,5.943,-717.638,0.078,458.437,7.752,relaxed_wt_1_A_82_Y_rep4.pdb
-90.049,-0.295,-1288.259,14.079,-719.548,-1.831,462.678,11.993,relaxed_wt_1_A_80_V_rep4.pdb
-89.58,0.174,-1303.877,-1.539,-719.024,-1.307,447.286,-3.399,relaxed_wt_1_A_72_V_rep1.pdb
-85.071,4.683,-1298.527,3.811,-716.848,0.868,454.185,3.5,relaxed_wt_1_A_40_I_rep5.pdb
-86.243,3.511,-1301.998,0.34,-719.414,-1.697,443.541,-7.144,relaxed_wt_1_B_55_T_rep5.pdb
-89.647,0.107,-1302.543,-0.205,-718.812,-1.095,449.157,-1.528,relaxed_wt_1_A_83_E_rep1.pdb
-88.689,1.065,-1275.993,26.345,-718.784,-1.067,278.519,-172.166,relaxed_wt_1_B_14_V_rep4.pdb
-89.067,0.687,-1302.565,-0.227,-719.08,-1.363,448.519,-2.166,relaxed_wt_1_A_32_N_rep3.pdb
-91.86,-2.106,-1300.595,1.743,-717.177,0.54,449.84,-0.845,relaxed_wt_1_A_32_L_rep4.pdb
-89.517,0.237,-1304.246,-1.908,-719.036,-1.319,444.759,-5.926,relaxed_wt_1_A_27_R_rep4.pdb
-87.587,2.167,-1296.147,6.191,-717.231,0.486,452.857,2.172,relaxed_wt_1_A_75_L_rep3.pdb
-89.599,0.155,-1304.011,-1.674,-718.862,-1.145,448.325,-2.36,relaxed_wt_1_A_23_Q_rep1.pdb
-89.967,-0.213,-1282.423,19.915,-718.682,-0.965,472.015,21.33,relaxed_wt_1_B_14_N_rep3.pdb
-86.725,3.03,-1298.062,4.276,-716.971,0.746,457.611,6.926,relaxed_wt_1_A_38_I_rep5.pdb
-91.197,-1.443,-1305.157,-2.819,-718.636,-0.919,445.937,-4.748,relaxed_wt_1_B_102_L_rep3.pdb
-89.337,0.418,-1298.73,3.608,-718.891,-1.175,451.996,1.311,relaxed_wt_1_B_13_S_rep3.pdb
-89.346,0.408,-1299.713,2.625,-718.931,-1.214,450.666,-0.019,relaxed_wt_1_B_59_A_rep1.pdb
-89.612,0.142,-1303.791,-1.453,-718.773,-1.056,446.047,-4.638,relaxed_wt_1_B_101_I_rep2.pdb
-87.618,2.136,-1261.818,40.52,-717.165,0.551,450.921,0.236,relaxed_wt_1_A_25_W_rep3.pdb
-89.965,-0.21,-1301.322,1.016,-718.946,-1.229,450.087,-0.598,relaxed_wt_1_B_100_D_rep1.pdb
-78.254,11.501,-1295.599,6.738,-720.631,-2.914,445.2,-5.485,relaxed_wt_1_B_55_E_rep5.pdb
-87.591,2.164,-1298.028,4.31,-716.56,1.157,454.491,3.806,relaxed_wt_1_A_27_W_rep3.pdb
-85.678,4.076,-1305.349,-3.011,-719.645,-1.928,444.837,-5.848,relaxed_wt_1_B_55_H_rep5.pdb
-92.768,-3.014,-1299.984,2.354,-718.406,-0.689,453.22,2.534,relaxed_wt_1_B_13_E_rep2.pdb
-89.616,0.138,-1299.951,2.387,-718.863,-1.147,450.62,-0.065,relaxed_wt_1_A_29_M_rep3.pdb
-89.655,0.099,-1304.951,-2.613,-718.876,-1.159,447.044,-3.641,relaxed_wt_1_B_12_E_rep4.pdb
-89.808,-0.054,-1300.37,1.968,-719.11,-1.393,450.577,-0.108,relaxed_wt_1_A_74_S_rep5.pdb
-89.374,0.38,-1302.021,0.317,-718.876,-1.159,447.832,-2.853,relaxed_wt_1_A_26_T_rep5.pdb
-89.769,-0.015,-1295.777,6.561,-718.485,-0.768,454.869,4.184,relaxed_wt_1_A_31_L_rep3.pdb
-89.822,-0.068,-1294.907,7.431,-718.986,-1.269,457.186,6.501,relaxed_wt_1_A_30_L_rep2.pdb
-88.359,1.395,-1300.005,2.333,-718.721,-1.004,451.698,1.013,relaxed_wt_1_A_34_E_rep5.pdb
-86.864,2.89,-1289.501,12.837,-715.624,2.092,477.803,27.118,relaxed_wt_1_A_41_Y_rep3.pdb
-89.342,0.413,-1302.449,-0.111,-718.908,-1.191,447.424,-3.261,relaxed_wt_1_A_26_T_rep4.pdb
-89.588,0.167,-1299.505,2.833,-719.172,-1.455,451.385,0.7,relaxed_wt_1_A_26_C_rep5.pdb
-90.122,-0.368,-1300.934,1.403,-718.739,-1.023,450.466,-0.219,relaxed_wt_1_A_76_T_rep4.pdb
-87.31,2.444,-1301.415,0.923,-718.972,-1.255,448.131,-2.555,relaxed_wt_1_B_54_D_rep3.pdb
-89.816,-0.062,-1304.128,-1.79,-718.776,-1.06,448.16,-2.525,relaxed_wt_1_A_24_W_rep5.pdb
-89.546,0.208,-1303.949,-1.611,-718.856,-1.139,443.083,-7.602,relaxed_wt_1_A_21_Y_rep2.pdb
-87.566,2.188,-1303.609,-1.271,-718.993,-1.276,445.531,-5.154,relaxed_wt_1_A_30_I_rep3.pdb
-81.693,8.062,-1297.343,4.995,-718.81,-1.093,450.137,-0.548,relaxed_wt_1_A_38_E_rep3.pdb
-87.088,2.667,-1302.677,-0.339,-718.82,-1.103,441.298,-9.387,relaxed_wt_1_A_73_E_rep3.pdb
-90.145,-0.391,-1294.159,8.179,-718.964,-1.247,453.339,2.654,relaxed_wt_1_A_30_K_rep2.pdb
-89.065,0.689,-1301.439,0.899,-718.047,-0.331,450.188,-0.497,relaxed_wt_1_A_78_I_rep5.pdb
-89.531,0.223,-1300.979,1.359,-718.134,-0.417,448.59,-2.095,relaxed_wt_1_A_33_A_rep1.pdb
-85.781,3.973,-1297.935,4.403,-718.574,-0.858,449.101,-1.584,relaxed_wt_1_B_55_G_rep1.pdb
-89.327,0.427,-1303.233,-0.895,-718.966,-1.249,447.335,-3.35,relaxed_wt_1_B_100_S_rep4.pdb
-90.404,-0.65,-1300.532,1.805,-719.02,-1.304,450.142,-0.543,relaxed_wt_1_A_32_M_rep2.pdb
-88.972,0.783,-1302.061,0.277,-719.323,-1.606,461.047,10.362,relaxed_wt_1_A_22_T_rep1.pdb
-89.36,0.394,-1220.481,81.857,-718.83,-1.113,519.055,68.37,relaxed_wt_1_A_21_P_rep5.pdb
-89.854,-0.099,-1300.672,1.666,-718.978,-1.261,450.724,0.039,relaxed_wt_1_B_59_R_rep3.pdb
-89.541,0.213,-1303.2,-0.862,-718.928,-1.212,449.997,-0.688,relaxed_wt_1_A_71_E_rep4.pdb
-90.04,-0.286,-1301.874,0.464,-718.039,-0.322,445.819,-4.866,relaxed_wt_1_A_32_E_rep5.pdb
-84.693,5.061,-1256.276,46.062,-715.972,1.745,331.762,-118.923,relaxed_wt_1_B_14_I_rep1.pdb
-82.316,7.438,-1292.838,9.5,-717.968,-0.251,451.537,0.852,relaxed_wt_1_A_84_A_rep4.pdb
-85.996,3.758,-1301.908,0.43,-719.219,-1.502,449.601,-1.084,relaxed_wt_1_A_35_N_rep1.pdb
-88.279,1.475,-1270.248,32.09,-721.722,-4.005,468.913,18.228,relaxed_wt_1_B_17_F_rep2.pdb
-89.494,0.26,-1303.661,-1.323,-718.634,-0.918,446.181,-4.504,relaxed_wt_1_B_102_A_rep5.pdb
-91.032,-1.278,-1301.382,0.956,-718.102,-0.386,451.411,0.726,relaxed_wt_1_A_32_W_rep2.pdb
-85.428,4.326,-1296.19,6.148,-718.089,-0.372,448.551,-2.134,relaxed_wt_1_A_84_L_rep2.pdb
-91.871,-2.117,-1301.731,0.606,-716.831,0.886,445.647,-5.038,relaxed_wt_1_A_36_L_rep1.pdb
-84.907,4.848,-1293.146,9.192,-717.578,0.139,462.321,11.636,relaxed_wt_1_A_82_W_rep3.pdb
-91.098,-1.344,-1304.19,-1.852,-718.932,-1.215,449.215,-1.47,relaxed_wt_1_B_57_K_rep3.pdb
-90.08,-0.326,-1282.319,20.018,-718.63,-0.913,477.9,27.215,relaxed_wt_1_A_71_P_rep1.pdb
-91.531,-1.777,-1300.957,1.381,-717.698,0.019,450.116,-0.569,relaxed_wt_1_A_32_F_rep5.pdb
-88.662,1.092,-1299.193,3.145,-718.833,-1.116,452.667,1.982,relaxed_wt_1_A_85_N_rep2.pdb
-88.831,0.923,-1303.393,-1.055,-719.188,-1.471,447.249,-3.436,relaxed_wt_1_B_58_V_rep4.pdb
-89.588,0.166,-1303.413,-1.075,-718.903,-1.187,446.248,-4.437,relaxed_wt_1_A_23_Y_rep3.pdb
-89.009,0.745,-1301.94,0.397,-718.051,-0.334,449.027,-1.658,relaxed_wt_1_A_78_I_rep4.pdb
-89.62,0.134,-1301.94,0.398,-718.897,-1.18,448.281,-2.404,relaxed_wt_1_A_26_F_rep2.pdb
-88.969,0.786,-1300.318,2.02,-719.017,-1.3,451.342,0.657,relaxed_wt_1_A_26_N_rep3.pdb
-85.003,4.751,-1297.626,4.712,-719.156,-1.439,446.3,-4.385,relaxed_wt_1_B_15_K_rep4.pdb
-89.511,0.243,-1303.775,-1.437,-718.895,-1.178,448.075,-2.61,relaxed_wt_1_A_37_F_rep4.pdb
-87.992,1.762,-1302.744,-0.406,-719.776,-2.06,444.183,-6.502,relaxed_wt_1_B_55_A_rep2.pdb
-89.49,0.264,-1300.213,2.125,-718.844,-1.127,450.754,0.069,relaxed_wt_1_A_83_M_rep4.pdb
-87.251,2.503,-1304.926,-2.588,-721.866,-4.15,448.357,-2.328,relaxed_wt_1_A_28_D_rep4.pdb
-89.765,-0.011,-1301.959,0.379,-719.131,-1.414,444.775,-5.91,relaxed_wt_1_A_34_A_rep3.pdb
-88.555,1.199,-1296.531,5.807,-718.973,-1.256,454.84,4.155,relaxed_wt_1_A_71_H_rep2.pdb
-89.768,-0.014,-1305.895,-3.557,-719.093,-1.377,445.259,-5.426,relaxed_wt_1_B_101_H_rep5.pdb
-90.396,-0.642,-1303.558,-1.22,-718.402,-0.685,447.391,-3.294,relaxed_wt_1_B_101_E_rep1.pdb
-89.85,-0.096,-1304.273,-1.935,-721.595,-3.878,450.252,-0.433,relaxed_wt_1_B_56_C_rep5.pdb
-89.819,-0.065,-1304.541,-2.204,-718.842,-1.125,445.605,-5.08,relaxed_wt_1_B_101_V_rep5.pdb
-90.481,-0.727,-1300.373,1.965,-718.717,-1.001,450.712,0.027,relaxed_wt_1_A_76_C_rep3.pdb
-89.458,0.296,-1302.97,-0.632,-718.84,-1.123,446.971,-3.714,relaxed_wt_1_A_86_E_rep3.pdb
-91.246,-1.491,-1301.669,0.669,-718.667,-0.95,450.883,0.197,relaxed_wt_1_A_32_I_rep4.pdb
-89.127,0.627,-1300.521,1.817,-718.556,-0.84,451.716,1.031,relaxed_wt_1_A_32_D_rep1.pdb
-89.555,0.199,-1300.37,1.968,-718.924,-1.207,451.953,1.268,relaxed_wt_1_A_83_C_rep3.pdb
-86.433,3.321,-1296.575,5.763,-716.429,1.287,450.769,0.084,relaxed_wt_1_A_73_V_rep2.pdb
-88.449,1.305,-1298.517,3.821,-721.607,-3.89,454.139,3.454,relaxed_wt_1_A_41_G_rep5.pdb
-88.85,0.904,-1303.752,-1.414,-718.395,-0.679,444.4,-6.285,relaxed_wt_1_A_33_S_rep5.pdb
-89.85,-0.096,-1294.166,8.172,-718.909,-1.192,455.474,4.789,relaxed_wt_1_A_31_K_rep2.pdb
-80.993,8.761,-1286.132,16.205,-716.619,1.098,479.165,28.48,relaxed_wt_1_A_41_E_rep2.pdb
-89.1,0.654,-1302.799,-0.461,-718.963,-1.247,445.238,-5.447,relaxed_wt_1_B_56_E_rep4.pdb
-89.464,0.29,-1303.723,-1.385,-719.005,-1.288,445.495,-5.19,relaxed_wt_1_B_56_R_rep1.pdb
-89.593,0.161,-1294.963,7.375,-718.889,-1.172,455.891,5.205,relaxed_wt_1_A_39_D_rep5.pdb
-89.559,0.196,-1304.516,-2.178,-718.853,-1.136,447.262,-3.424,relaxed_wt_1_A_86_P_rep2.pdb
-89.523,0.231,-1303.707,-1.369,-718.924,-1.207,446.811,-3.874,relaxed_wt_1_A_23_F_rep2.pdb
-89.933,-0.179,-1296.744,5.594,-719.126,-1.409,444.71,-5.976,relaxed_wt_1_A_30_H_rep5.pdb
-91.165,-1.411,-1301.833,0.505,-718.521,-0.804,450.292,-0.393,relaxed_wt_1_A_36_M_rep1.pdb
-89.292,0.462,-1298.791,3.547,-719.002,-1.285,452.571,1.886,relaxed_wt_1_B_13_S_rep1.pdb
-89.337,0.417,-1299.734,2.604,-718.59,-0.873,452.231,1.546,relaxed_wt_1_A_30_T_rep4.pdb
-87.092,2.662,-1302.674,-0.336,-718.821,-1.105,443.102,-7.583,relaxed_wt_1_A_73_E_rep2.pdb
-86.516,3.238,-1299.901,2.437,-719.694,-1.977,448.213,-2.472,relaxed_wt_1_A_80_S_rep1.pdb
-83.265,6.489,-1293.711,8.627,-717.976,-0.259,450.73,0.045,relaxed_wt_1_A_84_S_rep1.pdb
-87.934,1.82,-1300.385,1.953,-718.68,-0.963,451.987,1.302,relaxed_wt_1_A_36_E_rep4.pdb
-86.792,2.962,-1301.36,0.977,-719.031,-1.314,449.961,-0.724,relaxed_wt_1_A_38_F_rep2.pdb
-89.451,0.303,-1304.422,-2.084,-718.882,-1.165,432.558,-18.127,relaxed_wt_1_A_22_I_rep5.pdb
-89.535,0.219,-1302.513,-0.175,-719.036,-1.319,447.179,-3.506,relaxed_wt_1_A_71_K_rep2.pdb
-89.531,0.223,-1303.934,-1.596,-718.931,-1.214,448.472,-2.213,relaxed_wt_1_A_86_H_rep3.pdb
-89.146,0.608,-1288.113,14.225,-716.751,0.965,475.858,25.173,relaxed_wt_1_A_75_Y_rep4.pdb
-89.519,0.235,-1295.087,7.251,-717.909,-0.192,452.389,1.704,relaxed_wt_1_A_87_F_rep4.pdb
-89.695,0.059,-1272.443,29.895,-718.75,-1.033,479.192,28.507,relaxed_wt_1_A_72_L_rep3.pdb
-89.813,-0.058,-1300.178,2.16,-718.903,-1.186,449.728,-0.957,relaxed_wt_1_A_74_S_rep1.pdb
-89.551,0.204,-1288.994,13.343,-719.012,-1.296,462.592,11.907,relaxed_wt_1_A_25_G_rep1.pdb
-90.685,-0.931,-1297.887,4.451,-718.828,-1.111,453.571,2.886,relaxed_wt_1_B_13_E_rep4.pdb
-89.6,0.154,-1304.166,-1.828,-718.911,-1.194,446.749,-3.936,relaxed_wt_1_B_12_T_rep5.pdb
-91.365,-1.61,-1289.371,12.967,-718.075,-0.358,455.244,4.558,relaxed_wt_1_B_100_P_rep3.pdb
-89.614,0.141,-1304.098,-1.76,-718.828,-1.112,446.919,-3.766,relaxed_wt_1_A_83_V_rep2.pdb
-89.59,0.164,-1290.041,12.297,-718.882,-1.166,461.809,11.124,relaxed_wt_1_A_31_Y_rep2.pdb
-89.942,-0.188,-1301.757,0.581,-718.825,-1.108,446.124,-4.561,relaxed_wt_1_A_24_F_rep2.pdb
-89.538,0.217,-1304.745,-2.407,-718.836,-1.119,445.982,-4.703,relaxed_wt_1_B_12_V_rep1.pdb
-91.549,-1.795,-1303.879,-1.541,-718.549,-0.833,443.405,-7.28,relaxed_wt_1_B_100_Y_rep3.pdb
-90.03,-0.275,-1301.372,0.966,-718.793,-1.077,449.635,-1.05,relaxed_wt_1_A_76_Q_rep4.pdb
-89.685,0.069,-1301.601,0.737,-718.889,-1.172,450.987,0.302,relaxed_wt_1_B_98_E_rep1.pdb
-89.343,0.411,-1303.151,-0.813,-718.866,-1.15,444.451,-6.234,relaxed_wt_1_B_17_M_rep1.pdb
-89.384,0.37,-1291.06,11.278,-718.291,-0.575,459.512,8.827,relaxed_wt_1_A_37_I_rep2.pdb
-89.58,0.174,-1299.065,3.273,-718.951,-1.234,450.278,-0.407,relaxed_wt_1_A_29_R_rep1.pdb
-87.612,2.142,-1304.093,-1.755,-719.048,-1.331,440.421,-10.264,relaxed_wt_1_A_81_I_rep2.pdb
-89.562,0.192,-1296.915,5.423,-718.89,-1.173,453.893,3.208,relaxed_wt_1_A_25_Q_rep2.pdb
-91.857,-2.102,-1304.063,-1.725,-718.468,-0.751,448.014,-2.671,relaxed_wt_1_B_101_Q_rep1.pdb
-90.902,-1.148,-1279.199,23.139,-717.18,0.537,454.858,4.173,relaxed_wt_1_A_39_R_rep4.pdb
-89.604,0.15,-1303.771,-1.433,-718.977,-1.261,442.68,-8.005,relaxed_wt_1_B_17_A_rep3.pdb
-83.826,5.929,-1286.458,15.88,-715.787,1.93,449.222,-1.463,relaxed_wt_1_A_41_K_rep4.pdb
-88.333,1.421,-1294.918,7.419,-717.904,-0.187,460.52,9.835,relaxed_wt_1_A_82_W_rep2.pdb
-90.411,-0.657,-1301.862,0.476,-718.162,-0.445,450.292,-0.393,relaxed_wt_1_A_78_Y_rep3.pdb
-90.097,-0.343,-1303.844,-1.506,-718.993,-1.277,447.872,-2.813,relaxed_wt_1_A_78_S_rep5.pdb
-87.289,2.465,-1304.852,-2.514,-721.822,-4.105,450.934,0.249,relaxed_wt_1_A_28_D_rep5.pdb
-89.832,-0.078,-1291.568,10.77,-718.679,-0.962,453.694,3.009,relaxed_wt_1_A_25_H_rep1.pdb
-89.5,0.254,-1299.452,2.886,-718.944,-1.227,447.136,-3.549,relaxed_wt_1_A_23_N_rep4.pdb
-88.963,0.791,-1298.759,3.579,-718.709,-0.993,447.536,-3.149,relaxed_wt_1_B_58_C_rep2.pdb
-88.265,1.489,-1297.295,5.043,-717.594,0.123,461.038,10.353,relaxed_wt_1_A_41_V_rep5.pdb
-88.376,1.378,-1295.97,6.368,-718.788,-1.071,451.976,1.291,relaxed_wt_1_A_26_P_rep4.pdb
-89.602,0.152,-1301.4,0.938,-718.925,-1.208,448.987,-1.698,relaxed_wt_1_A_87_E_rep1.pdb
-82.176,7.578,-1288.95,13.388,-717.727,-0.01,459.526,8.841,relaxed_wt_1_A_75_E_rep3.pdb
-89.273,0.482,-1294.225,8.113,-718.993,-1.276,456.874,6.189,relaxed_wt_1_A_26_I_rep4.pdb
-92.609,-2.855,-1301.896,0.442,-718.891,-1.174,450.761,0.076,relaxed_wt_1_A_34_I_rep5.pdb
-93.511,-3.757,-1305.517,-3.179,-718.707,-0.99,448.511,-2.174,relaxed_wt_1_B_57_F_rep5.pdb
-89.898,-0.144,-1301.089,1.249,-718.7,-0.983,450.65,-0.035,relaxed_wt_1_A_76_Q_rep1.pdb
-89.566,0.188,-1297.164,5.174,-719.027,-1.311,455.976,5.291,relaxed_wt_1_A_30_A_rep1.pdb
-90.883,-1.129,-1301.842,0.496,-717.524,0.192,446.101,-4.584,relaxed_wt_1_A_36_T_rep4.pdb
-89.298,0.456,-1301.079,1.259,-718.592,-0.875,461.153,10.468,relaxed_wt_1_B_13_P_rep3.pdb
-90.755,-1.001,-1299.666,2.672,-717.745,-0.028,452.863,2.178,relaxed_wt_1_A_79_W_rep5.pdb
-90.114,-0.359,-1303.56,-1.222,-718.827,-1.11,450.289,-0.396,relaxed_wt_1_A_78_H_rep3.pdb
-88.052,1.703,-1302.699,-0.361,-718.45,-0.733,443.676,-7.009,relaxed_wt_1_B_56_D_rep2.pdb
-89.603,0.152,-1279.182,23.156,-718.53,-0.813,439.693,-10.992,relaxed_wt_1_B_14_E_rep5.pdb
-89.636,0.118,-1293.076,9.262,-718.949,-1.232,460.123,9.438,relaxed_wt_1_A_30_G_rep5.pdb
-90.433,-0.679,-1302.603,-0.265,-718.722,-1.005,447.943,-2.742,relaxed_wt_1_A_76_K_rep4.pdb
-89.849,-0.095,-1302.805,-0.467,-717.623,0.094,446.316,-4.369,relaxed_wt_1_A_33_K_rep5.pdb
-87.337,2.417,-1301.612,0.726,-718.959,-1.242,445.021,-5.664,relaxed_wt_1_A_73_A_rep2.pdb
-89.553,0.202,-1302.954,-0.616,-718.893,-1.176,446.193,-4.492,relaxed_wt_1_A_86_T_rep1.pdb
-86.43,3.324,-1298.66,3.678,-718.552,-0.836,449.199,-1.487,relaxed_wt_1_A_35_G_rep4.pdb
-89.765,-0.01,-1300.361,1.977,-718.803,-1.086,449.619,-1.066,relaxed_wt_1_A_32_A_rep3.pdb
-89.73,0.024,-1296.781,5.557,-718.977,-1.26,454.809,4.124,relaxed_wt_1_A_31_A_rep5.pdb
-89.384,0.37,-1302.04,0.298,-718.934,-1.217,448.925,-1.76,relaxed_wt_1_B_100_F_rep1.pdb
-86.902,2.853,-1301.391,0.947,-719.06,-1.343,448.972,-1.713,relaxed_wt_1_A_38_F_rep5.pdb
-89.51,0.244,-1280.74,21.598,-718.329,-0.612,458.104,7.419,relaxed_wt_1_A_25_Y_rep2.pdb
-82.454,7.301,-1293.63,8.707,-717.263,0.453,453.641,2.956,relaxed_wt_1_B_55_W_rep5.pdb
-90.156,-0.402,-1299.059,3.279,-718.936,-1.219,451.978,1.293,relaxed_wt_1_B_59_W_rep2.pdb
-89.634,0.12,-1302.395,-0.057,-718.952,-1.236,450.066,-0.619,relaxed_wt_1_B_12_C_rep3.pdb
-89.612,0.143,-1294.861,7.477,-718.837,-1.12,455.893,5.208,relaxed_wt_1_A_39_D_rep4.pdb
-89.311,0.444,-1271.892,30.446,-718.854,-1.137,475.902,25.217,relaxed_wt_1_B_11_N_rep1.pdb
-88.907,0.848,-1301.378,0.96,-718.7,-0.983,457.381,6.696,relaxed_wt_1_B_13_P_rep4.pdb
-85.19,4.564,-1299.183,3.155,-719.199,-1.482,444.86,-5.825,relaxed_wt_1_B_15_V_rep2.pdb
-90.274,-0.52,-1306.161,-3.823,-718.572,-0.856,446.07,-4.615,relaxed_wt_1_A_73_L_rep5.pdb
-93.537,-3.783,-1274.7,27.638,-716.815,0.901,479.153,28.468,relaxed_wt_1_B_11_R_rep3.pdb
-83.585,6.169,-1239.626,62.712,-717.484,0.232,505.46,54.775,relaxed_wt_1_A_85_P_rep2.pdb
-84.848,4.906,-1299.479,2.859,-719.039,-1.322,449.214,-1.472,relaxed_wt_1_A_38_A_rep5.pdb
-91.136,-1.382,-1302.498,-0.16,-718.661,-0.944,448.481,-2.204,relaxed_wt_1_B_56_F_rep4.pdb
-89.479,0.275,-1301.15,1.188,-718.95,-1.234,449.89,-0.795,relaxed_wt_1_A_21_M_rep5.pdb
-89.461,0.293,-1302.771,-0.433,-718.969,-1.252,446.429,-4.257,relaxed_wt_1_A_71_K_rep1.pdb
-89.688,0.067,-1273.032,29.306,-718.798,-1.082,478.083,27.398,relaxed_wt_1_A_72_L_rep2.pdb
-88.511,1.244,-1300.735,1.603,-718.97,-1.254,447.966,-2.72,relaxed_wt_1_A_81_A_rep4.pdb
-90.657,-0.903,-1301.559,0.779,-717.84,-0.123,454.949,4.264,relaxed_wt_1_A_82_L_rep3.pdb
-89.54,0.215,-1302.029,0.309,-718.853,-1.137,446.595,-4.09,relaxed_wt_1_A_86_I_rep4.pdb
-93.22,-3.466,-1305.341,-3.003,-718.77,-1.054,447.749,-2.936,relaxed_wt_1_B_57_Y_rep3.pdb
-89.599,0.155,-1298.652,3.686,-717.896,-0.18,449.35,-1.335,relaxed_wt_1_A_23_A_rep5.pdb
-88.353,1.402,-1302.714,-0.376,-718.851,-1.134,450.838,0.153,relaxed_wt_1_A_38_M_rep5.pdb
-86.86,2.894,-1301.331,1.007,-720.055,-2.338,445.205,-5.481,relaxed_wt_1_A_27_A_rep5.pdb
-89.215,0.539,-1302.974,-0.636,-718.556,-0.839,460.576,9.891,relaxed_wt_1_B_54_Y_rep5.pdb
-95.555,-5.801,-1305.896,-3.558,-717.898,-0.181,448.598,-2.087,relaxed_wt_1_B_57_W_rep4.pdb
-89.871,-0.117,-1293.182,9.156,-719.155,-1.439,457.921,7.236,relaxed_wt_1_A_37_G_rep3.pdb
-91.981,-2.227,-1302.448,-0.11,-718.413,-0.696,448.787,-1.898,relaxed_wt_1_B_58_Y_rep4.pdb
-89.608,0.147,-1279.902,22.436,-718.788,-1.072,464.492,13.807,relaxed_wt_1_A_25_R_rep5.pdb
-89.539,0.215,-1298.515,3.823,-718.928,-1.211,455.042,4.357,relaxed_wt_1_A_71_G_rep4.pdb
-89.14,0.614,-1303.916,-1.578,-718.944,-1.227,444.186,-6.499,relaxed_wt_1_A_77_V_rep5.pdb
-89.523,0.231,-1302.724,-0.386,-718.937,-1.22,441.041,-9.644,relaxed_wt_1_A_21_F_rep2.pdb
-90.074,-0.319,-1301.248,1.09,-718.748,-1.032,449.26,-1.425,relaxed_wt_1_A_76_Q_rep3.pdb
-94.084,-4.33,-1299.529,2.809,-715.945,1.771,447.119,-3.566,relaxed_wt_1_B_55_R_rep4.pdb
-88.892,0.862,-1300.061,2.277,-717.212,0.505,451.937,1.252,relaxed_wt_1_A_80_F_rep2.pdb
-89.609,0.145,-1302.749,-0.411,-718.74,-1.024,448.067,-2.618,relaxed_wt_1_A_32_K_rep1.pdb
-89.665,0.089,-1302.116,0.222,-718.751,-1.034,446.406,-4.279,relaxed_wt_1_B_17_H_rep4.pdb
-89.476,0.278,-1292.063,10.275,-718.893,-1.177,454.64,3.955,relaxed_wt_1_B_17_Y_rep1.pdb
-89.156,0.598,-1301.394,0.944,-719.097,-1.381,446.556,-4.13,relaxed_wt_1_A_29_Y_rep4.pdb
-91.148,-1.394,-1279.513,22.825,-716.998,0.719,467.274,16.588,relaxed_wt_1_B_11_M_rep3.pdb
-89.543,0.211,-1301.63,0.708,-718.968,-1.252,446.421,-4.264,relaxed_wt_1_B_59_K_rep4.pdb
-90.475,-0.721,-1301.287,1.051,-718.863,-1.146,448.278,-2.407,relaxed_wt_1_A_76_L_rep3.pdb
-89.797,-0.043,-1297.704,4.634,-718.82,-1.103,452.329,1.644,relaxed_wt_1_A_24_G_rep2.pdb
-86.676,3.078,-1301.458,0.88,-718.81,-1.093,448.778,-1.907,relaxed_wt_1_A_38_V_rep3.pdb
-89.703,0.051,-1301.361,0.977,-718.909,-1.193,447.832,-2.853,relaxed_wt_1_A_24_T_rep5.pdb
-87.623,2.132,-1303.708,-1.371,-719.037,-1.32,443.82,-6.865,relaxed_wt_1_A_81_I_rep4.pdb
-89.309,0.446,-1301.701,0.637,-718.869,-1.152,445.907,-4.778,relaxed_wt_1_A_86_A_rep3.pdb
-86.015,3.739,-1269.132,33.206,-718.11,-0.393,485.62,34.935,relaxed_wt_1_A_81_P_rep2.pdb
-89.781,-0.027,-1302.985,-0.647,-719.043,-1.327,447.853,-2.832,relaxed_wt_1_B_58_I_rep2.pdb
-85.907,3.847,-1302.191,0.147,-719.196,-1.48,448.138,-2.547,relaxed_wt_1_A_35_N_rep3.pdb
-89.075,0.679,-1270.742,31.596,-719.46,-1.744,475.144,24.459,relaxed_wt_1_A_25_P_rep4.pdb
-87.495,2.26,-1298.494,3.844,-717.822,-0.106,452.236,1.551,relaxed_wt_1_A_28_H_rep5.pdb
-89.565,0.189,-1297.742,4.596,-718.783,-1.067,457.698,7.013,relaxed_wt_1_A_22_K_rep4.pdb
-89.56,0.194,-1303.696,-1.358,-718.945,-1.228,446.782,-3.903,relaxed_wt_1_A_33_T_rep1.pdb
-90.387,-0.633,-1297.494,4.844,-717.622,0.095,457.037,6.352,relaxed_wt_1_A_82_F_rep1.pdb
-84.886,4.868,-1300.654,1.684,-718.838,-1.121,446.034,-4.651,relaxed_wt_1_A_35_D_rep2.pdb
-92.316,-2.561,-1267.3,35.038,-716.727,0.989,434.68,-16.005,relaxed_wt_1_B_11_L_rep3.pdb
-89.542,0.212,-1300.412,1.926,-718.898,-1.181,448.856,-1.829,relaxed_wt_1_A_83_A_rep5.pdb
-88.835,0.919,-1300.927,1.411,-718.874,-1.157,448.446,-2.239,relaxed_wt_1_B_58_T_rep2.pdb
-89.561,0.193,-1301.447,0.891,-718.955,-1.238,454.769,4.084,relaxed_wt_1_A_71_R_rep2.pdb
-87.452,2.302,-1301.918,0.42,-718.822,-1.105,445.33,-5.355,relaxed_wt_1_A_73_S_rep3.pdb
-89.291,0.464,-1302.315,0.023,-718.902,-1.185,447.509,-3.176,relaxed_wt_1_B_100_V_rep3.pdb
-91.321,-1.567,-1255.955,46.383,-716.743,0.974,444.725,-5.96,relaxed_wt_1_B_14_W_rep3.pdb
-88.199,1.555,-1300.146,2.191,-717.613,0.104,449.804,-0.881,relaxed_wt_1_A_34_E_rep4.pdb
-92.74,-2.986,-1302.716,-0.378,-718.752,-1.035,449.355,-1.33,relaxed_wt_1_B_57_M_rep4.pdb
-90.042,-0.288,-1303.565,-1.227,-718.865,-1.148,446.755,-3.93,relaxed_wt_1_A_85_K_rep4.pdb
-90.316,-0.562,-1289.195,13.143,-718.187,-0.47,451.153,0.468,relaxed_wt_1_A_39_Q_rep2.pdb
-90.181,-0.427,-1301.21,1.128,-717.947,-0.23,449.894,-0.791,relaxed_wt_1_A_78_R_rep3.pdb
-88.701,1.053,-1303.242,-0.905,-719.216,-1.499,447.372,-3.313,relaxed_wt_1_A_28_N_rep3.pdb
-88.332,1.423,-1301.415,0.923,-718.653,-0.936,458.574,7.889,relaxed_wt_1_B_54_H_rep3.pdb
-86.605,3.15,-1294.522,7.816,-719.203,-1.486,455.982,5.297,relaxed_wt_1_A_81_G_rep5.pdb
-86.997,2.757,-1300.566,1.772,-720.622,-2.906,453.786,3.101,relaxed_wt_1_A_28_F_rep3.pdb
-89.566,0.189,-1303.222,-0.884,-719.432,-1.715,443.399,-7.287,relaxed_wt_1_A_21_F_rep3.pdb
-89.571,0.183,-1303.152,-0.814,-718.909,-1.192,449.523,-1.162,relaxed_wt_1_B_56_N_rep4.pdb
-88.813,0.941,-1292.996,9.342,-718.852,-1.135,460.291,9.606,relaxed_wt_1_B_13_D_rep3.pdb
-89.752,0.002,-1295.644,6.694,-718.57,-0.854,455.135,4.45,relaxed_wt_1_A_31_L_rep4.pdb
-89.475,0.279,-1303.681,-1.343,-718.98,-1.263,446.168,-4.517,relaxed_wt_1_A_35_A_rep5.pdb
-87.776,1.978,-1300.384,1.954,-718.713,-0.997,450.698,0.013,relaxed_wt_1_A_36_E_rep3.pdb
-88.267,1.487,-1296.453,5.885,-718.875,-1.158,448.027,-2.658,relaxed_wt_1_A_26_P_rep3.pdb
-89.506,0.249,-1302.399,-0.061,-718.824,-1.107,450.01,-0.675,relaxed_wt_1_A_86_M_rep5.pdb
-90.278,-0.523,-1306.155,-3.817,-718.486,-0.769,443.322,-7.363,relaxed_wt_1_A_73_L_rep4.pdb
-90.257,-0.503,-1302.261,0.077,-718.632,-0.915,446.255,-4.43,relaxed_wt_1_A_32_E_rep2.pdb
-88.753,1.001,-1299.181,3.157,-718.332,-0.615,452.48,1.795,relaxed_wt_1_A_83_N_rep1.pdb
-89.716,0.038,-1296.893,5.445,-719.05,-1.333,453.062,2.377,relaxed_wt_1_A_31_A_rep2.pdb
-89.583,0.171,-1296.892,5.445,-718.904,-1.187,455.556,4.871,relaxed_wt_1_A_25_Q_rep3.pdb
-89.532,0.222,-1304.111,-1.773,-718.909,-1.192,446.085,-4.6,relaxed_wt_1_A_40_W_rep4.pdb
-85.996,3.758,-1302.026,0.311,-718.898,-1.181,448.781,-1.904,relaxed_wt_1_A_73_N_rep1.pdb
-89.365,0.389,-1301.312,1.026,-718.653,-0.937,449.585,-1.1,relaxed_wt_1_A_33_A_rep2.pdb
-89.688,0.066,-1304.498,-2.16,-718.465,-0.748,442.175,-8.51,relaxed_wt_1_A_73_M_rep1.pdb
-89.636,0.118,-1305.0,-2.662,-718.901,-1.185,445.735,-4.95,relaxed_wt_1_B_12_E_rep5.pdb
-89.62,0.134,-1304.454,-2.116,-718.894,-1.177,445.687,-4.998,relaxed_wt_1_B_12_N_rep3.pdb
-90.293,-0.539,-1299.812,2.525,-718.474,-0.758,448.939,-1.746,relaxed_wt_1_B_98_L_rep1.pdb
-88.734,1.02,-1153.57,148.768,-718.934,-1.217,585.353,134.668,relaxed_wt_1_A_87_P_rep5.pdb
-89.779,-0.025,-1297.762,4.576,-718.809,-1.092,452.331,1.646,relaxed_wt_1_A_31_Q_rep4.pdb
-89.62,0.134,-1303.309,-0.971,-718.901,-1.184,447.469,-3.216,relaxed_wt_1_B_12_H_rep3.pdb
-88.801,0.953,-1297.708,4.63,-718.727,-1.01,449.694,-0.991,relaxed_wt_1_A_75_C_rep1.pdb
-86.525,3.229,-1301.45,0.888,-719.765,-2.048,448.982,-1.704,relaxed_wt_1_A_27_K_rep5.pdb
-86.93,2.825,-1301.266,1.072,-720.065,-2.348,447.901,-2.784,relaxed_wt_1_A_27_A_rep3.pdb
-89.536,0.218,-1247.325,55.013,-717.828,-0.112,499.447,48.762,relaxed_wt_1_A_72_R_rep5.pdb
-89.439,0.315,-1302.709,-0.372,-719.017,-1.301,446.686,-3.999,relaxed_wt_1_B_100_A_rep1.pdb
-89.527,0.228,-1301.818,0.52,-719.207,-1.49,446.536,-4.149,relaxed_wt_1_A_81_F_rep1.pdb
-90.955,-1.201,-1303.498,-1.16,-718.641,-0.924,463.566,12.881,relaxed_wt_1_B_54_W_rep2.pdb
-85.441,4.314,-1299.959,2.379,-719.199,-1.482,444.274,-6.411,relaxed_wt_1_B_15_S_rep1.pdb
-90.276,-0.522,-1301.285,1.053,-718.258,-0.542,451.59,0.904,relaxed_wt_1_A_78_A_rep3.pdb
-89.443,0.311,-1303.032,-0.694,-718.924,-1.208,445.523,-5.162,relaxed_wt_1_A_79_A_rep4.pdb
-89.05,0.704,-1263.161,39.177,-718.801,-1.084,450.267,-0.418,relaxed_wt_1_A_23_I_rep4.pdb
-91.194,-1.44,-1299.022,3.316,-717.724,-0.007,459.083,8.398,relaxed_wt_1_A_82_M_rep4.pdb
-90.584,-0.83,-1300.819,1.519,-718.808,-1.091,451.646,0.961,relaxed_wt_1_A_79_W_rep2.pdb
-91.459,-1.705,-1300.776,1.562,-718.532,-0.815,450.649,-0.036,relaxed_wt_1_B_58_H_rep4.pdb
-82.15,7.604,-1285.235,17.103,-716.454,1.263,471.391,20.706,relaxed_wt_1_B_55_F_rep4.pdb
-88.911,0.844,-1293.594,8.744,-717.923,-0.207,457.274,6.588,relaxed_wt_1_A_34_W_rep5.pdb
-89.318,0.436,-1299.757,2.581,-719.026,-1.31,451.216,0.531,relaxed_wt_1_A_71_W_rep3.pdb
-89.485,0.269,-1298.03,4.308,-719.027,-1.31,456.695,6.01,relaxed_wt_1_A_22_K_rep5.pdb
-87.671,2.083,-1300.609,1.729,-718.968,-1.251,452.711,2.026,relaxed_wt_1_A_86_C_rep1.pdb
-89.469,0.285,-1304.173,-1.835,-718.978,-1.261,446.456,-4.229,relaxed_wt_1_A_34_N_rep5.pdb
-89.543,0.211,-1303.548,-1.21,-718.894,-1.177,447.818,-2.867,relaxed_wt_1_B_12_R_rep2.pdb
-89.885,-0.131,-1294.972,7.366,-719.038,-1.321,456.8,6.115,relaxed_wt_1_A_30_L_rep1.pdb
-89.691,0.063,-1302.194,0.144,-719.117,-1.4,450.272,-0.413,relaxed_wt_1_B_101_F_rep4.pdb
-89.654,0.1,-1294.455,7.883,-719.017,-1.3,455.69,5.005,relaxed_wt_1_A_25_D_rep2.pdb
-82.52,7.234,-1297.735,4.603,-718.096,-0.38,449.149,-1.537,relaxed_wt_1_A_38_H_rep3.pdb
-89.447,0.307,-1297.56,4.778,-718.112,-0.395,449.982,-0.703,relaxed_wt_1_A_87_W_rep1.pdb
-86.264,3.49,-1301.999,0.339,-719.055,-1.339,445.636,-5.049,relaxed_wt_1_A_35_S_rep3.pdb
-89.741,0.013,-1303.934,-1.596,-718.951,-1.234,446.13,-4.555,relaxed_wt_1_A_78_K_rep2.pdb
-88.875,0.879,-1299.375,2.963,-718.919,-1.202,450.718,0.033,relaxed_wt_1_A_85_V_rep2.pdb
-88.986,0.768,-1302.195,0.142,-719.02,-1.303,448.334,-2.351,relaxed_wt_1_B_102_T_rep2.pdb
-89.56,0.194,-1304.166,-1.828,-718.985,-1.268,443.695,-6.99,relaxed_wt_1_A_21_Y_rep5.pdb
-89.932,-0.178,-1298.541,3.797,-716.974,0.743,455.246,4.561,relaxed_wt_1_A_36_F_rep2.pdb
-86.307,3.447,-1300.68,1.658,-718.085,-0.368,446.189,-4.496,relaxed_wt_1_A_77_Y_rep2.pdb
-89.936,-0.181,-1302.722,-0.384,-718.927,-1.21,448.269,-2.417,relaxed_wt_1_A_79_L_rep1.pdb
-89.894,-0.139,-1302.246,0.092,-718.784,-1.067,449.506,-1.179,relaxed_wt_1_B_57_I_rep3.pdb
-89.589,0.165,-1296.94,5.398,-718.812,-1.095,454.261,3.576,relaxed_wt_1_A_30_A_rep5.pdb
-88.099,1.655,-1303.035,-0.697,-718.799,-1.082,442.549,-8.136,relaxed_wt_1_A_73_Q_rep5.pdb
-89.634,0.121,-1294.758,7.58,-719.349,-1.632,456.042,5.357,relaxed_wt_1_A_25_D_rep3.pdb
-89.379,0.375,-1299.76,2.578,-719.007,-1.29,451.14,0.455,relaxed_wt_1_B_59_A_rep2.pdb
-89.924,-0.17,-1299.632,2.706,-718.967,-1.25,449.024,-1.661,relaxed_wt_1_A_76_A_rep4.pdb
-88.729,1.025,-1301.072,1.266,-718.856,-1.139,450.114,-0.571,relaxed_wt_1_A_85_L_rep4.pdb
-88.326,1.428,-1301.701,0.637,-719.102,-1.385,448.228,-2.457,relaxed_wt_1_A_26_E_rep3.pdb
-85.872,3.882,-1298.458,3.88,-719.043,-1.326,447.142,-3.543,relaxed_wt_1_A_77_S_rep3.pdb
-88.968,0.787,-1272.291,30.047,-718.902,-1.185,483.475,32.79,relaxed_wt_1_B_11_Q_rep1.pdb
-85.02,4.734,-1286.664,15.674,-715.842,1.875,454.116,3.431,relaxed_wt_1_A_41_M_rep1.pdb
-89.973,-0.219,-1288.76,13.578,-718.752,-1.035,458.717,8.032,relaxed_wt_1_A_39_E_rep4.pdb
-89.428,0.326,-1292.137,10.201,-718.876,-1.159,455.676,4.991,relaxed_wt_1_B_17_Y_rep4.pdb
-89.611,0.144,-1300.4,1.938,-719.085,-1.368,451.229,0.544,relaxed_wt_1_A_74_A_rep2.pdb
-89.52,0.235,-1304.593,-2.255,-718.983,-1.266,446.006,-4.679,relaxed_wt_1_A_24_W_rep3.pdb
-87.605,2.15,-1297.38,4.958,-719.122,-1.406,447.972,-2.713,relaxed_wt_1_A_29_I_rep5.pdb
-89.219,0.535,-1298.343,3.995,-719.105,-1.388,451.554,0.869,relaxed_wt_1_B_100_I_rep3.pdb
-89.372,0.383,-1304.341,-2.003,-718.91,-1.194,445.762,-4.923,relaxed_wt_1_B_98_S_rep5.pdb
-89.059,0.695,-1288.506,13.832,-716.769,0.948,473.704,23.019,relaxed_wt_1_A_75_F_rep1.pdb
-89.68,0.074,-1297.697,4.641,-718.905,-1.189,453.554,2.869,relaxed_wt_1_A_31_Q_rep3.pdb
-89.323,0.432,-1302.446,-0.108,-719.113,-1.396,450.827,0.142,relaxed_wt_1_B_101_Y_rep4.pdb
-90.092,-0.337,-1283.643,18.695,-718.799,-1.083,472.707,22.022,relaxed_wt_1_A_76_P_rep2.pdb
-92.646,-2.892,-1303.895,-1.557,-717.769,-0.052,452.623,1.938,relaxed_wt_1_B_100_Q_rep4.pdb
-89.903,-0.149,-1299.456,2.882,-718.804,-1.088,450.933,0.248,relaxed_wt_1_A_76_A_rep2.pdb
-89.447,0.307,-1301.504,0.834,-718.825,-1.108,454.124,3.439,relaxed_wt_1_B_13_Q_rep2.pdb
-89.55,0.204,-1304.409,-2.071,-719.475,-1.759,449.942,-0.743,relaxed_wt_1_A_22_V_rep1.pdb
-88.021,1.733,-1300.453,1.885,-718.562,-0.845,450.972,0.287,relaxed_wt_1_A_34_E_rep2.pdb
-89.068,0.686,-1302.721,-0.383,-718.998,-1.281,446.298,-4.387,relaxed_wt_1_B_56_E_rep2.pdb
-89.599,0.155,-1297.045,5.293,-718.92,-1.203,456.209,5.524,relaxed_wt_1_A_30_A_rep2.pdb
-89.47,0.284,-1300.411,1.927,-718.826,-1.109,452.207,1.522,relaxed_wt_1_A_87_G_rep1.pdb
-90.684,-0.93,-1299.9,2.438,-718.813,-1.096,450.268,-0.417,relaxed_wt_1_B_102_W_rep3.pdb
-89.604,0.15,-1302.338,0.0,-718.647,-0.93,450.994,0.309,relaxed_wt_1_A_80_Q_rep2.pdb
-90.691,-0.936,-1300.872,1.466,-718.871,-1.154,452.582,1.897,relaxed_wt_1_B_102_F_rep1.pdb
-87.3,2.454,-1301.449,0.888,-719.721,-2.004,444.126,-6.559,relaxed_wt_1_A_27_P_rep5.pdb
-90.017,-0.263,-1303.663,-1.326,-718.984,-1.267,446.51,-4.175,relaxed_wt_1_A_28_Q_rep2.pdb
-89.512,0.242,-1298.019,4.319,-718.884,-1.167,445.235,-5.45,relaxed_wt_1_B_11_S_rep5.pdb
-88.721,1.033,-1303.232,-0.894,-719.042,-1.325,445.229,-5.456,relaxed_wt_1_B_57_D_rep2.pdb
-89.312,0.442,-1301.957,0.381,-718.872,-1.155,447.517,-3.168,relaxed_wt_1_A_26_T_rep2.pdb
-88.964,0.791,-1302.355,-0.017,-719.633,-1.916,450.404,-0.281,relaxed_wt_1_B_57_A_rep2.pdb
-89.027,0.727,-1301.946,0.392,-718.084,-0.367,448.617,-2.068,relaxed_wt_1_A_78_I_rep1.pdb
-89.685,0.069,-1304.324,-1.986,-718.926,-1.209,446.186,-4.499,relaxed_wt_1_B_17_T_rep5.pdb
-89.676,0.078,-1303.332,-0.994,-718.933,-1.216,448.975,-1.71,relaxed_wt_1_B_12_A_rep3.pdb
-88.204,1.551,-1220.543,81.795,-716.74,0.977,544.676,93.991,relaxed_wt_1_A_72_Y_rep1.pdb
-89.737,0.017,-1300.726,1.612,-718.865,-1.148,450.659,-0.026,relaxed_wt_1_B_59_H_rep2.pdb
-87.198,2.556,-1300.572,1.766,-719.068,-1.352,446.36,-4.325,relaxed_wt_1_A_77_T_rep4.pdb
-90.902,-1.148,-1302.463,-0.125,-718.204,-0.487,446.95,-3.735,relaxed_wt_1_B_56_W_rep3.pdb
-85.204,4.55,-1296.972,5.366,-717.72,-0.003,447.537,-3.148,relaxed_wt_1_A_84_L_rep3.pdb
-86.986,2.768,-1298.77,3.568,-718.02,-0.303,452.099,1.414,relaxed_wt_1_A_81_Y_rep1.pdb
-88.801,0.953,-1299.469,2.868,-719.045,-1.328,450.074,-0.611,relaxed_wt_1_A_34_M_rep2.pdb
-87.359,2.395,-1301.904,0.434,-719.05,-1.333,447.614,-3.072,relaxed_wt_1_A_80_D_rep5.pdb
-88.588,1.166,-1299.605,2.733,-718.393,-0.677,449.22,-1.465,relaxed_wt_1_B_55_I_rep2.pdb
-89.519,0.235,-1301.337,1.001,-718.939,-1.223,448.026,-2.659,relaxed_wt_1_A_21_C_rep3.pdb
-87.07,2.684,-1303.39,-1.053,-719.027,-1.31,442.288,-8.397,relaxed_wt_1_A_73_E_rep1.pdb
-89.831,-0.076,-1303.518,-1.18,-718.845,-1.128,446.467,-4.218,relaxed_wt_1_A_32_Q_rep4.pdb
-86.612,3.143,-1291.119,11.219,-716.122,1.595,473.195,22.51,relaxed_wt_1_A_41_N_rep1.pdb
-91.41,-1.655,-1301.333,1.005,-717.887,-0.17,452.43,1.745,relaxed_wt_1_A_32_W_rep1.pdb
-90.89,-1.136,-1302.258,0.08,-717.723,-0.006,444.848,-5.837,relaxed_wt_1_A_32_E_rep4.pdb
-83.513,6.241,-1293.329,9.009,-718.672,-0.955,456.615,5.93,relaxed_wt_1_A_35_I_rep2.pdb
-89.418,0.336,-1293.987,8.351,-718.807,-1.09,456.89,6.205,relaxed_wt_1_A_37_D_rep2.pdb
-88.856,0.899,-1302.926,-0.588,-718.792,-1.075,446.641,-4.044,relaxed_wt_1_A_73_Q_rep2.pdb
-89.622,0.132,-1304.867,-2.529,-718.804,-1.088,445.595,-5.09,relaxed_wt_1_B_12_N_rep4.pdb
-89.556,0.198,-1303.211,-0.873,-719.311,-1.594,451.029,0.344,relaxed_wt_1_A_21_Q_rep1.pdb
-89.43,0.324,-1301.015,1.323,-718.975,-1.259,447.646,-3.039,relaxed_wt_1_A_87_C_rep4.pdb
-88.633,1.121,-1301.481,0.857,-718.646,-0.93,452.814,2.129,relaxed_wt_1_A_35_Q_rep5.pdb
-83.279,6.475,-1293.734,8.604,-717.994,-0.277,447.203,-3.482,relaxed_wt_1_A_84_S_rep4.pdb
-90.935,-1.181,-1302.877,-0.539,-719.078,-1.361,449.863,-0.822,relaxed_wt_1_B_56_C_rep2.pdb
-89.348,0.406,-1298.512,3.826,-718.891,-1.174,456.151,5.466,relaxed_wt_1_B_13_N_rep5.pdb
-92.559,-2.805,-1303.193,-0.855,-716.819,0.897,449.998,-0.687,relaxed_wt_1_B_12_F_rep4.pdb
-89.357,0.398,-1294.398,7.94,-718.813,-1.096,453.476,2.79,relaxed_wt_1_B_59_F_rep2.pdb
-85.143,4.611,-1268.57,33.768,-718.265,-0.548,481.731,31.046,relaxed_wt_1_A_81_P_rep1.pdb
-89.584,0.17,-1301.737,0.6,-718.857,-1.14,448.169,-2.517,relaxed_wt_1_A_83_T_rep3.pdb
-89.509,0.245,-1298.134,4.204,-718.847,-1.13,453.047,2.362,relaxed_wt_1_A_72_C_rep3.pdb
-86.808,2.946,-1206.123,96.215,-717.524,0.193,26.284,-424.401,relaxed_wt_1_B_14_R_rep1.pdb
-89.895,-0.141,-1298.646,3.692,-718.93,-1.213,452.728,2.043,relaxed_wt_1_A_31_E_rep1.pdb
-89.778,-0.023,-1295.889,6.449,-718.456,-0.74,453.41,2.725,relaxed_wt_1_A_31_L_rep5.pdb
-89.567,0.187,-1303.911,-1.573,-718.968,-1.251,446.82,-3.866,relaxed_wt_1_A_22_V_rep2.pdb
-89.507,0.247,-1299.038,3.3,-718.997,-1.281,451.868,1.183,relaxed_wt_1_A_29_C_rep2.pdb
-89.483,0.271,-1270.574,31.764,-717.911,-0.195,462.898,12.213,relaxed_wt_1_A_72_H_rep3.pdb
-89.598,0.157,-1303.009,-0.671,-719.434,-1.717,450.376,-0.309,relaxed_wt_1_A_21_Q_rep4.pdb
-89.644,0.11,-1301.218,1.12,-718.822,-1.105,450.747,0.062,relaxed_wt_1_A_83_S_rep2.pdb
-89.438,0.317,-1302.651,-0.313,-719.023,-1.306,450.759,0.074,relaxed_wt_1_B_100_A_rep3.pdb
-83.624,6.131,-1296.304,6.034,-718.553,-0.837,451.969,1.284,relaxed_wt_1_A_77_R_rep2.pdb
-89.711,0.043,-1303.111,-0.773,-718.835,-1.119,441.373,-9.312,relaxed_wt_1_B_17_G_rep1.pdb
-89.49,0.264,-1303.509,-1.171,-719.45,-1.733,445.012,-5.673,relaxed_wt_1_A_29_E_rep1.pdb
-83.356,6.399,-1295.69,6.648,-718.026,-0.31,447.345,-3.34,relaxed_wt_1_A_84_T_rep5.pdb
-89.572,0.182,-1303.833,-1.495,-719.0,-1.284,445.604,-5.081,relaxed_wt_1_B_98_K_rep4.pdb
-85.168,4.586,-1294.527,7.81,-718.335,-0.619,455.555,4.87,relaxed_wt_1_A_84_Q_rep4.pdb
-85.587,4.167,-1299.945,2.393,-718.98,-1.264,451.116,0.431,relaxed_wt_1_A_40_H_rep5.pdb
-88.457,1.297,-1299.932,2.406,-719.157,-1.44,447.359,-3.327,relaxed_wt_1_A_81_C_rep4.pdb
-89.253,0.502,-1296.303,6.035,-718.87,-1.153,454.564,3.879,relaxed_wt_1_B_13_G_rep1.pdb
-88.754,1.0,-1285.502,16.836,-719.194,-1.477,401.289,-49.396,relaxed_wt_1_B_14_T_rep5.pdb
-89.175,0.579,-1294.931,7.407,-718.347,-0.63,458.009,7.324,relaxed_wt_1_A_74_H_rep5.pdb
-80.987,8.767,-1286.146,16.192,-716.71,1.006,464.892,14.207,relaxed_wt_1_B_55_F_rep1.pdb
-85.977,3.777,-1285.955,16.383,-716.497,1.22,471.336,20.651,relaxed_wt_1_A_41_L_rep2.pdb
-87.449,2.306,-1302.918,-0.58,-718.963,-1.246,448.937,-1.748,relaxed_wt_1_A_86_D_rep2.pdb
-89.551,0.203,-1290.689,11.649,-718.9,-1.184,458.76,8.075,relaxed_wt_1_A_39_G_rep3.pdb
-89.479,0.275,-1303.717,-1.379,-718.983,-1.267,446.391,-4.294,relaxed_wt_1_A_73_R_rep4.pdb
-89.57,0.184,-1303.674,-1.336,-718.907,-1.191,446.355,-4.33,relaxed_wt_1_A_86_K_rep5.pdb
-89.888,-0.134,-1288.43,13.908,-718.779,-1.062,467.246,16.56,relaxed_wt_1_B_14_D_rep1.pdb
-91.115,-1.361,-1302.897,-0.559,-718.186,-0.469,444.191,-6.494,relaxed_wt_1_B_55_A_rep3.pdb
-82.836,6.918,-1293.994,8.344,-718.316,-0.599,459.732,9.047,relaxed_wt_1_A_40_G_rep3.pdb
-88.688,1.066,-1292.991,9.347,-718.035,-0.318,460.392,9.707,relaxed_wt_1_A_74_Y_rep5.pdb
-89.061,0.693,-1293.968,8.37,-718.22,-0.503,457.068,6.383,relaxed_wt_1_A_74_F_rep2.pdb
-89.985,-0.231,-1301.675,0.663,-718.956,-1.24,450.252,-0.433,relaxed_wt_1_B_102_E_rep2.pdb
-89.48,0.274,-1301.699,0.639,-718.892,-1.175,453.489,2.804,relaxed_wt_1_B_13_Q_rep3.pdb
-89.037,0.717,-1303.516,-1.178,-718.985,-1.268,446.304,-4.381,relaxed_wt_1_B_101_A_rep4.pdb
-87.207,2.548,-1300.669,1.669,-718.756,-1.039,447.145,-3.54,relaxed_wt_1_A_77_H_rep5.pdb
-90.425,-0.67,-1302.704,-0.366,-719.251,-1.534,444.741,-5.944,relaxed_wt_1_A_36_C_rep1.pdb
-89.822,-0.068,-1302.316,0.022,-719.042,-1.325,449.786,-0.899,relaxed_wt_1_A_32_T_rep4.pdb
-89.608,0.146,-1302.26,0.078,-719.265,-1.548,449.44,-1.245,relaxed_wt_1_A_32_S_rep3.pdb
-89.415,0.34,-1273.725,28.613,-717.883,-0.167,477.63,26.945,relaxed_wt_1_A_72_Q_rep4.pdb
-86.91,2.844,-1282.693,19.645,-718.232,-0.515,474.273,23.588,relaxed_wt_1_B_55_P_rep1.pdb
-89.815,-0.061,-1301.191,1.147,-718.951,-1.235,449.221,-1.464,relaxed_wt_1_A_24_N_rep3.pdb
-84.533,5.222,-1295.242,7.095,-717.801,-0.084,450.725,0.039,relaxed_wt_1_A_84_N_rep1.pdb
-89.271,0.483,-1300.386,1.951,-718.857,-1.14,451.481,0.796,relaxed_wt_1_A_79_T_rep1.pdb
-83.303,6.451,-1296.878,5.46,-721.757,-4.04,452.913,2.228,relaxed_wt_1_A_28_Y_rep3.pdb
-89.521,0.233,-1302.099,0.238,-718.916,-1.2,453.242,2.557,relaxed_wt_1_A_71_S_rep1.pdb
-89.568,0.187,-1296.984,5.354,-719.244,-1.527,451.945,1.26,relaxed_wt_1_A_37_M_rep4.pdb
-89.38,0.374,-1299.184,3.154,-719.029,-1.312,450.233,-0.452,relaxed_wt_1_A_26_V_rep5.pdb
-89.505,0.249,-1304.212,-1.874,-718.884,-1.168,443.836,-6.849,relaxed_wt_1_A_74_K_rep1.pdb
-85.946,3.808,-1301.155,1.182,-720.175,-2.459,446.078,-4.607,relaxed_wt_1_A_27_S_rep3.pdb
-89.782,-0.028,-1300.989,1.349,-718.797,-1.08,449.858,-0.827,relaxed_wt_1_A_24_H_rep1.pdb
-89.491,0.263,-1301.739,0.599,-719.193,-1.476,450.885,0.2,relaxed_wt_1_B_101_F_rep3.pdb
-86.967,2.788,-1300.521,1.817,-720.038,-2.321,446.237,-4.448,relaxed_wt_1_A_27_C_rep4.pdb
-89.716,0.038,-1302.428,-0.09,-718.938,-1.221,446.541,-4.145,relaxed_wt_1_A_83_L_rep4.pdb
-87.814,1.94,-1256.602,45.736,-715.216,2.5,481.586,30.901,relaxed_wt_1_A_39_W_rep4.pdb
-90.067,-0.312,-1299.888,2.45,-718.768,-1.051,449.549,-1.136,relaxed_wt_1_A_24_R_rep1.pdb
-89.512,0.242,-1301.882,0.455,-718.942,-1.225,449.935,-0.75,relaxed_wt_1_A_21_S_rep1.pdb
-89.541,0.213,-1303.572,-1.234,-718.861,-1.144,448.185,-2.5,relaxed_wt_1_B_59_Q_rep3.pdb
-89.241,0.513,-1299.28,3.058,-719.576,-1.86,453.488,2.803,relaxed_wt_1_A_29_W_rep3.pdb
-89.525,0.229,-1298.154,4.184,-718.917,-1.2,447.079,-3.606,relaxed_wt_1_B_11_S_rep3.pdb
-91.766,-2.012,-1301.711,0.627,-716.403,1.313,445.746,-4.939,relaxed_wt_1_B_15_D_rep2.pdb
-89.136,0.618,-1298.758,3.58,-719.145,-1.429,452.797,2.112,relaxed_wt_1_A_29_W_rep2.pdb
-88.488,1.267,-1298.137,4.201,-718.866,-1.149,453.926,3.241,relaxed_wt_1_A_85_C_rep2.pdb
-86.922,2.832,-1293.493,8.845,-714.419,3.298,461.444,10.758,relaxed_wt_1_A_35_W_rep5.pdb
-80.861,8.893,-1292.798,9.54,-717.302,0.415,448.483,-2.202,relaxed_wt_1_B_55_W_rep3.pdb
-89.478,0.276,-1300.598,1.74,-718.939,-1.222,449.722,-0.963,relaxed_wt_1_B_100_C_rep3.pdb
-90.808,-1.054,-1302.183,0.155,-717.903,-0.186,448.834,-1.851,relaxed_wt_1_B_57_I_rep5.pdb
-87.945,1.809,-1297.821,4.517,-718.008,-0.291,450.464,-0.221,relaxed_wt_1_A_84_M_rep5.pdb
-91.33,-1.576,-1302.765,-0.427,-718.986,-1.269,450.758,0.073,relaxed_wt_1_B_58_L_rep3.pdb
-89.679,0.075,-1301.477,0.861,-718.84,-1.124,449.106,-1.579,relaxed_wt_1_B_98_E_rep5.pdb
-90.807,-1.053,-1300.73,1.608,-719.122,-1.406,452.91,2.225,relaxed_wt_1_B_102_W_rep4.pdb
-90.179,-0.425,-1294.312,8.026,-719.126,-1.409,454.315,3.63,relaxed_wt_1_A_30_K_rep4.pdb
-89.53,0.225,-1303.159,-0.821,-718.918,-1.201,446.213,-4.472,relaxed_wt_1_B_56_N_rep3.pdb
-89.536,0.218,-1303.724,-1.386,-719.009,-1.292,448.638,-2.048,relaxed_wt_1_A_26_Y_rep4.pdb
-91.093,-1.339,-1149.566,152.772,-718.641,-0.924,607.783,157.097,relaxed_wt_1_A_31_P_rep5.pdb
-88.63,1.124,-1303.425,-1.087,-719.373,-1.656,448.7,-1.985,relaxed_wt_1_A_28_N_rep5.pdb
-90.294,-0.54,-1301.522,0.816,-718.135,-0.418,450.225,-0.46,relaxed_wt_1_A_78_A_rep2.pdb
-89.471,0.284,-1299.259,3.079,-718.761,-1.044,449.847,-0.838,relaxed_wt_1_B_59_N_rep3.pdb
-83.573,6.181,-1298.155,4.183,-719.286,-1.569,459.462,8.777,relaxed_wt_1_A_40_S_rep1.pdb
-91.782,-2.028,-1303.701,-1.364,-716.839,0.877,440.004,-10.681,relaxed_wt_1_A_28_L_rep2.pdb
-84.737,5.017,-1294.303,8.034,-717.727,-0.011,458.547,7.862,relaxed_wt_1_A_40_C_rep1.pdb
-84.737,5.017,-1296.225,6.113,-715.427,2.289,458.426,7.741,relaxed_wt_1_A_35_L_rep2.pdb
-88.807,0.947,-1302.756,-0.418,-718.412,-0.695,447.154,-3.531,relaxed_wt_1_A_33_Q_rep4.pdb
-89.82,-0.065,-1300.849,1.489,-717.462,0.255,452.603,1.918,relaxed_wt_1_A_82_L_rep4.pdb
-89.584,0.17,-1300.425,1.913,-718.864,-1.147,448.836,-1.849,relaxed_wt_1_A_23_E_rep2.pdb
-89.405,0.349,-1300.505,1.833,-719.03,-1.313,449.161,-1.524,relaxed_wt_1_A_87_N_rep4.pdb
-89.647,0.107,-1299.244,3.094,-718.915,-1.198,451.205,0.52,relaxed_wt_1_A_26_C_rep3.pdb
-88.698,1.056,-1076.319,226.019,-717.559,0.158,601.876,151.191,relaxed_wt_1_B_11_W_rep1.pdb
-83.306,6.448,-1296.369,5.969,-719.023,-1.307,449.207,-1.479,relaxed_wt_1_A_38_G_rep3.pdb
-89.467,0.287,-1301.352,0.986,-718.882,-1.165,448.819,-1.866,relaxed_wt_1_A_83_K_rep1.pdb
-88.381,1.373,-1299.871,2.467,-717.821,-0.104,452.267,1.582,relaxed_wt_1_A_36_H_rep1.pdb
-88.825,0.929,-1300.861,1.477,-719.32,-1.603,451.314,0.629,relaxed_wt_1_A_85_Q_rep2.pdb
-89.62,0.134,-1301.876,0.462,-718.94,-1.223,449.984,-0.701,relaxed_wt_1_A_83_Q_rep2.pdb
-83.288,6.466,-1292.887,9.451,-717.702,0.014,457.263,6.578,relaxed_wt_1_A_84_K_rep1.pdb
-87.808,1.947,-1283.996,18.341,-721.655,-3.938,466.93,16.245,relaxed_wt_1_B_11_P_rep3.pdb
-86.769,2.985,-1300.117,2.221,-718.83,-1.113,453.724,3.039,relaxed_wt_1_A_27_L_rep1.pdb
-88.447,1.307,-1298.127,4.211,-718.949,-1.232,455.79,5.105,relaxed_wt_1_B_13_K_rep3.pdb
-89.254,0.5,-1289.576,12.762,-719.237,-1.52,463.283,12.598,relaxed_wt_1_A_79_V_rep4.pdb
-89.036,0.718,-1300.963,1.374,-718.846,-1.13,450.449,-0.236,relaxed_wt_1_B_13_R_rep1.pdb
-91.893,-2.139,-1302.725,-0.387,-717.243,0.474,450.332,-0.353,relaxed_wt_1_B_101_Q_rep3.pdb
-89.291,0.463,-1291.053,11.284,-717.045,0.672,459.585,8.9,relaxed_wt_1_A_75_W_rep5.pdb
-89.488,0.266,-1301.242,1.096,-718.94,-1.223,448.039,-2.646,relaxed_wt_1_A_29_N_rep4.pdb
-89.581,0.173,-1294.852,7.486,-718.916,-1.2,455.609,4.924,relaxed_wt_1_A_25_E_rep4.pdb
-91.229,-1.475,-1298.879,3.459,-717.633,0.083,457.82,7.135,relaxed_wt_1_A_82_M_rep5.pdb
-86.759,2.996,-1302.06,0.278,-720.242,-2.525,448.44,-2.245,relaxed_wt_1_A_27_E_rep2.pdb
-83.108,6.646,-1299.504,2.834,-719.124,-1.408,450.328,-0.357,relaxed_wt_1_A_38_H_rep2.pdb
-88.797,0.957,-1299.717,2.621,-718.86,-1.143,449.503,-1.182,relaxed_wt_1_A_85_S_rep4.pdb
-89.426,0.328,-1300.713,1.625,-718.842,-1.126,450.125,-0.56,relaxed_wt_1_A_83_N_rep4.pdb
-89.696,0.058,-1294.672,7.666,-718.765,-1.049,451.675,0.99,relaxed_wt_1_B_14_C_rep2.pdb
-85.628,4.126,-1298.69,3.648,-719.683,-1.966,445.748,-4.937,relaxed_wt_1_B_15_C_rep1.pdb
-89.647,0.107,-1303.97,-1.632,-718.852,-1.135,446.469,-4.216,relaxed_wt_1_B_12_Q_rep5.pdb
-89.72,0.034,-1302.837,-0.499,-720.458,-2.742,447.67,-3.015,relaxed_wt_1_A_36_G_rep5.pdb
-86.648,3.106,-1292.516,9.822,-718.038,-0.321,457.352,6.667,relaxed_wt_1_A_75_N_rep5.pdb
-89.247,0.508,-1295.919,6.419,-718.845,-1.128,454.565,3.88,relaxed_wt_1_B_13_G_rep5.pdb
-88.361,1.393,-1301.802,0.536,-722.051,-4.334,447.027,-3.658,relaxed_wt_1_A_82_V_rep2.pdb
-90.11,-0.355,-1298.623,3.715,-719.061,-1.344,450.509,-0.176,relaxed_wt_1_A_37_H_rep5.pdb
-89.722,0.032,-1300.272,2.066,-718.921,-1.204,450.19,-0.495,relaxed_wt_1_B_59_H_rep5.pdb
-89.681,0.073,-1298.092,4.246,-718.848,-1.131,448.912,-1.773,relaxed_wt_1_A_25_M_rep4.pdb
-88.976,0.778,-1296.862,5.476,-716.594,1.123,453.876,3.191,relaxed_wt_1_A_82_F_rep3.pdb
-89.407,0.348,-1303.069,-0.732,-718.663,-0.946,445.262,-5.423,relaxed_wt_1_B_56_H_rep5.pdb
-83.913,5.841,-1299.021,3.317,-719.079,-1.362,448.199,-2.486,relaxed_wt_1_A_38_S_rep2.pdb
-89.471,0.283,-1304.226,-1.888,-718.982,-1.265,442.365,-8.32,relaxed_wt_1_B_56_R_rep2.pdb
-84.76,4.994,-1288.602,13.736,-717.22,0.496,481.882,31.197,relaxed_wt_1_A_41_H_rep4.pdb
-89.442,0.312,-1297.981,4.357,-718.806,-1.09,454.254,3.569,relaxed_wt_1_A_72_C_rep1.pdb
-90.576,-0.822,-1300.637,1.701,-718.632,-0.915,453.498,2.813,relaxed_wt_1_A_79_W_rep1.pdb
-89.554,0.2,-1304.601,-2.263,-719.46,-1.744,443.704,-6.981,relaxed_wt_1_A_29_Q_rep4.pdb
-89.641,0.114,-1295.028,7.31,-718.806,-1.09,457.126,6.441,relaxed_wt_1_B_12_P_rep5.pdb
-91.949,-2.195,-1304.381,-2.043,-718.682,-0.965,456.216,5.53,relaxed_wt_1_B_54_L_rep2.pdb
-88.731,1.023,-1299.849,2.489,-718.831,-1.114,452.577,1.892,relaxed_wt_1_A_85_I_rep2.pdb
-91.697,-1.942,-1298.253,4.085,-717.876,-0.159,457.9,7.215,relaxed_wt_1_B_98_W_rep1.pdb
-89.534,0.221,-1303.701,-1.363,-718.917,-1.2,444.95,-5.735,relaxed_wt_1_A_31_D_rep2.pdb
-89.795,-0.041,-1302.058,0.28,-719.181,-1.465,446.456,-4.229,relaxed_wt_1_A_34_A_rep1.pdb
-84.384,5.371,-1301.427,0.911,-718.439,-0.722,448.419,-2.267,relaxed_wt_1_B_56_P_rep2.pdb
-87.625,2.129,-1299.874,2.464,-719.049,-1.332,451.943,1.258,relaxed_wt_1_A_27_Y_rep2.pdb
-88.108,1.646,-1303.31,-0.972,-718.127,-0.41,448.601,-2.084,relaxed_wt_1_A_81_V_rep1.pdb
-89.601,0.153,-1303.764,-1.426,-718.928,-1.211,446.793,-3.892,relaxed_wt_1_A_29_L_rep2.pdb
-89.596,0.158,-1304.451,-2.113,-719.291,-1.574,448.1,-2.585,relaxed_wt_1_A_79_G_rep3.pdb
-90.442,-0.688,-1301.44,0.898,-719.259,-1.543,452.529,1.844,relaxed_wt_1_B_102_Y_rep2.pdb
-91.32,-1.566,-1302.606,-0.268,-717.141,0.576,440.439,-10.246,relaxed_wt_1_B_55_A_rep1.pdb
-89.579,0.175,-1299.465,2.873,-718.926,-1.209,447.663,-3.022,relaxed_wt_1_B_11_G_rep2.pdb
-89.611,0.143,-1301.77,0.568,-718.986,-1.269,451.676,0.991,relaxed_wt_1_B_98_G_rep5.pdb
-88.888,0.866,-1303.405,-1.067,-718.758,-1.041,445.365,-5.32,relaxed_wt_1_A_79_H_rep5.pdb
-89.543,0.211,-1301.922,0.416,-718.849,-1.133,450.92,0.235,relaxed_wt_1_A_71_S_rep3.pdb
-89.697,0.057,-1301.569,0.769,-719.0,-1.284,448.915,-1.77,relaxed_wt_1_A_32_S_rep4.pdb
-86.851,2.904,-1303.065,-0.727,-721.81,-4.093,447.553,-3.132,relaxed_wt_1_A_28_C_rep1.pdb
-88.322,1.433,-1294.842,7.496,-717.889,-0.173,461.751,11.066,relaxed_wt_1_A_82_W_rep4.pdb
-89.552,0.203,-1247.682,54.656,-717.732,-0.015,501.28,50.595,relaxed_wt_1_A_72_R_rep4.pdb
-89.602,0.153,-1297.093,5.245,-718.977,-1.261,471.617,20.932,relaxed_wt_1_A_22_N_rep2.pdb
-89.228,0.527,-1298.78,3.558,-718.952,-1.235,452.251,1.566,relaxed_wt_1_B_13_S_rep4.pdb
-90.749,-0.995,-1293.001,9.337,-718.515,-0.799,461.442,10.757,relaxed_wt_1_A_30_W_rep5.pdb
-89.888,-0.134,-1282.906,19.432,-718.356,-0.639,471.166,20.481,relaxed_wt_1_A_76_P_rep4.pdb
-90.472,-0.718,-1301.111,1.227,-718.589,-0.872,449.963,-0.723,relaxed_wt_1_A_32_V_rep5.pdb
-81.175,8.579,-1293.024,9.314,-717.151,0.565,448.675,-2.01,relaxed_wt_1_B_55_W_rep1.pdb
-89.051,0.704,-1278.389,23.949,-718.769,-1.052,446.373,-4.312,relaxed_wt_1_A_23_V_rep5.pdb
-89.529,0.226,-1304.141,-1.804,-718.906,-1.189,447.472,-3.213,relaxed_wt_1_A_84_F_rep1.pdb
-88.301,1.453,-1301.723,0.615,-719.008,-1.292,449.496,-1.189,relaxed_wt_1_B_102_N_rep5.pdb
-93.785,-4.031,-1266.841,35.497,-716.318,1.399,411.645,-39.04,relaxed_wt_1_B_11_L_rep4.pdb
-88.438,1.316,-1304.123,-1.785,-718.921,-1.204,446.379,-4.306,relaxed_wt_1_A_80_N_rep1.pdb
-88.975,0.779,-1298.651,3.687,-719.123,-1.407,447.132,-3.553,relaxed_wt_1_A_87_Y_rep2.pdb
-89.655,0.099,-1302.862,-0.524,-719.342,-1.625,444.988,-5.697,relaxed_wt_1_A_34_V_rep2.pdb
-87.738,2.016,-1301.155,1.183,-718.862,-1.145,446.865,-3.82,relaxed_wt_1_A_77_N_rep4.pdb
-87.853,1.901,-1305.611,-3.273,-721.747,-4.03,447.176,-3.509,relaxed_wt_1_A_28_E_rep3.pdb
-83.88,5.874,-1284.62,17.718,-717.388,0.328,479.845,29.16,relaxed_wt_1_A_41_L_rep3.pdb
-89.288,0.466,-1300.988,1.35,-718.893,-1.176,455.846,5.161,relaxed_wt_1_B_13_T_rep5.pdb
-89.662,0.092,-1301.515,0.823,-718.922,-1.206,450.445,-0.24,relaxed_wt_1_B_98_E_rep2.pdb
-87.776,1.978,-1299.819,2.519,-717.986,-0.269,450.197,-0.488,relaxed_wt_1_A_33_H_rep4.pdb
-88.681,1.073,-1300.163,2.175,-719.452,-1.736,449.897,-0.788,relaxed_wt_1_A_85_S_rep3.pdb
-86.284,3.47,-1301.808,0.53,-718.534,-0.818,449.014,-1.671,relaxed_wt_1_A_35_E_rep2.pdb
-89.495,0.259,-1303.665,-1.327,-718.98,-1.263,447.282,-3.403,relaxed_wt_1_A_40_W_rep3.pdb
-83.387,6.367,-1292.987,9.351,-717.77,-0.053,456.678,5.993,relaxed_wt_1_A_84_K_rep2.pdb
-87.052,2.702,-1300.341,1.996,-720.479,-2.763,456.472,5.787,relaxed_wt_1_A_28_F_rep5.pdb
-84.592,5.162,-1300.348,1.99,-719.202,-1.486,445.843,-4.842,relaxed_wt_1_A_38_Y_rep1.pdb
-89.93,-0.176,-1300.243,2.095,-718.609,-0.892,450.771,0.086,relaxed_wt_1_A_33_W_rep1.pdb
-89.069,0.685,-1279.978,22.36,-719.096,-1.379,284.77,-165.916,relaxed_wt_1_A_22_H_rep3.pdb
-89.541,0.213,-1300.504,1.833,-716.273,1.444,440.794,-9.891,relaxed_wt_1_B_15_Y_rep5.pdb
-86.475,3.279,-1302.574,-0.236,-718.788,-1.072,444.73,-5.955,relaxed_wt_1_A_73_H_rep2.pdb
-89.707,0.048,-1301.705,0.632,-719.0,-1.283,450.815,0.13,relaxed_wt_1_B_101_F_rep2.pdb
-88.482,1.272,-1298.146,4.192,-718.924,-1.207,454.101,3.416,relaxed_wt_1_B_13_K_rep5.pdb
-89.548,0.206,-1304.101,-1.764,-718.918,-1.201,447.312,-3.373,relaxed_wt_1_B_17_K_rep3.pdb
-91.135,-1.381,-1300.069,2.269,-718.773,-1.057,452.761,2.076,relaxed_wt_1_A_26_G_rep2.pdb
-89.64,0.114,-1300.201,2.137,-718.798,-1.081,450.786,0.101,relaxed_wt_1_A_21_N_rep2.pdb
-89.614,0.14,-1302.316,0.022,-718.509,-0.793,448.11,-2.575,relaxed_wt_1_A_32_K_rep3.pdb
-86.909,2.845,-1298.448,3.89,-714.982,2.735,445.47,-5.215,relaxed_wt_1_A_35_F_rep3.pdb
-89.407,0.347,-1300.697,1.64,-718.874,-1.157,449.099,-1.586,relaxed_wt_1_A_83_N_rep3.pdb
-85.964,3.79,-1301.154,1.184,-720.216,-2.499,447.496,-3.189,relaxed_wt_1_A_27_S_rep2.pdb
-89.917,-0.162,-1267.341,34.997,-717.731,-0.014,469.525,18.84,relaxed_wt_1_B_17_F_rep1.pdb
-89.506,0.248,-1299.104,3.234,-718.957,-1.24,450.558,-0.127,relaxed_wt_1_A_29_R_rep5.pdb
-89.417,0.337,-1292.104,10.234,-718.872,-1.155,456.829,6.144,relaxed_wt_1_B_17_Y_rep2.pdb
-89.622,0.132,-1303.328,-0.99,-719.042,-1.326,443.104,-7.581,relaxed_wt_1_B_17_A_rep2.pdb
-89.875,-0.121,-1300.13,2.208,-718.492,-0.775,450.793,0.108,relaxed_wt_1_A_33_W_rep5.pdb
-88.327,1.427,-1305.411,-3.073,-721.696,-3.979,446.972,-3.713,relaxed_wt_1_B_12_H_rep4.pdb
-89.951,-0.197,-1301.006,1.332,-718.815,-1.099,451.057,0.372,relaxed_wt_1_A_39_I_rep2.pdb
-79.553,10.201,-1281.085,21.253,-714.822,2.895,450.793,0.107,relaxed_wt_1_A_75_R_rep3.pdb
-89.546,0.209,-1279.854,22.484,-718.742,-1.025,466.181,15.496,relaxed_wt_1_A_25_R_rep3.pdb
-89.44,0.314,-1299.428,2.91,-718.167,-0.451,448.552,-2.133,relaxed_wt_1_A_33_M_rep1.pdb
-90.666,-0.912,-1306.126,-3.788,-719.045,-1.328,446.818,-3.867,relaxed_wt_1_A_79_K_rep1.pdb
-91.637,-1.882,-1274.666,27.672,-716.804,0.913,400.265,-50.42,relaxed_wt_1_B_14_L_rep4.pdb
-88.615,1.139,-1299.631,2.707,-718.717,-1.0,451.535,0.85,relaxed_wt_1_A_85_M_rep5.pdb
-89.594,0.16,-1303.972,-1.634,-718.781,-1.064,445.754,-4.931,relaxed_wt_1_A_27_R_rep1.pdb
-86.323,3.432,-1300.644,1.694,-718.1,-0.383,446.948,-3.737,relaxed_wt_1_A_77_Y_rep1.pdb
-88.631,1.123,-1298.852,3.486,-718.051,-0.335,452.06,1.375,relaxed_wt_1_A_82_S_rep5.pdb
-89.595,0.159,-1297.072,5.266,-717.788,-0.071,456.827,6.142,relaxed_wt_1_A_82_C_rep1.pdb
-89.564,0.19,-1303.001,-0.663,-718.927,-1.211,446.656,-4.029,relaxed_wt_1_A_21_H_rep1.pdb
-87.487,2.267,-1296.745,5.593,-717.323,0.394,454.99,4.305,relaxed_wt_1_A_82_D_rep2.pdb
-87.438,2.317,-1301.484,0.854,-719.053,-1.337,446.41,-4.275,relaxed_wt_1_A_35_T_rep3.pdb
-87.438,2.317,-1301.484,0.854,-719.053,-1.337,446.41,-4.275,relaxed_wt_1_A_35_T_rep1.pdb
-89.858,-0.104,-1296.331,6.007,-718.852,-1.136,457.913,7.228,relaxed_wt_1_A_30_N_rep3.pdb
-81.775,7.979,-1291.169,11.169,-718.074,-0.358,453.276,2.591,relaxed_wt_1_A_84_R_rep2.pdb
-89.965,-0.21,-1300.242,2.096,-718.768,-1.052,449.48,-1.205,relaxed_wt_1_A_76_M_rep4.pdb
-89.544,0.21,-1303.786,-1.448,-718.875,-1.158,449.616,-1.069,relaxed_wt_1_A_71_N_rep4.pdb
-84.228,5.526,-1297.417,4.921,-719.228,-1.512,463.232,12.547,relaxed_wt_1_A_40_N_rep4.pdb
-88.898,0.856,-1302.927,-0.589,-718.604,-0.887,446.187,-4.498,relaxed_wt_1_A_81_Q_rep1.pdb
-88.664,1.09,-1283.314,19.024,-719.094,-1.377,471.168,20.483,relaxed_wt_1_A_37_P_rep2.pdb
-89.691,0.063,-1299.063,3.275,-719.128,-1.411,451.069,0.384,relaxed_wt_1_A_74_N_rep1.pdb
-89.787,-0.033,-1304.334,-1.996,-718.928,-1.211,449.189,-1.496,relaxed_wt_1_A_78_N_rep1.pdb
-89.706,0.048,-1303.52,-1.182,-719.23,-1.513,442.942,-7.743,relaxed_wt_1_B_17_G_rep2.pdb
-89.359,0.396,-1304.44,-2.102,-718.499,-0.782,447.159,-3.526,relaxed_wt_1_A_73_Y_rep3.pdb
-90.69,-0.935,-1296.702,5.636,-719.192,-1.475,454.228,3.543,relaxed_wt_1_A_37_N_rep4.pdb
-87.817,1.937,-1299.734,2.604,-718.597,-0.88,447.581,-3.105,relaxed_wt_1_A_77_Q_rep5.pdb
-89.45,0.304,-1302.384,-0.046,-718.919,-1.202,446.552,-4.133,relaxed_wt_1_A_86_R_rep1.pdb
-88.144,1.61,-1294.224,8.114,-718.137,-0.42,458.735,8.049,relaxed_wt_1_A_75_M_rep3.pdb
-88.914,0.84,-1303.557,-1.219,-719.375,-1.658,447.89,-2.795,relaxed_wt_1_A_78_Y_rep4.pdb
-83.731,6.023,-1286.413,15.925,-715.823,1.894,446.937,-3.748,relaxed_wt_1_A_41_K_rep3.pdb
-87.296,2.458,-1301.939,0.399,-719.24,-1.523,447.905,-2.78,relaxed_wt_1_A_80_D_rep3.pdb
-88.401,1.354,-1300.59,1.748,-718.829,-1.112,448.646,-2.039,relaxed_wt_1_A_85_H_rep3.pdb
-89.462,0.293,-1304.189,-1.851,-719.007,-1.291,449.109,-1.576,relaxed_wt_1_A_39_V_rep4.pdb
-84.918,4.836,-1297.535,4.803,-717.221,0.495,454.78,4.095,relaxed_wt_1_A_38_I_rep4.pdb
-89.495,0.259,-1270.597,31.741,-717.998,-0.282,462.206,11.521,relaxed_wt_1_A_72_H_rep4.pdb
-87.214,2.54,-1301.909,0.429,-719.071,-1.354,446.699,-3.986,relaxed_wt_1_B_54_D_rep1.pdb
-82.247,7.507,-1292.724,9.614,-717.119,0.598,445.583,-5.102,relaxed_wt_1_A_84_P_rep4.pdb
-88.776,0.978,-1299.539,2.799,-718.468,-0.751,448.422,-2.263,relaxed_wt_1_A_33_G_rep5.pdb
-88.83,0.925,-1299.698,2.64,-718.862,-1.146,452.188,1.503,relaxed_wt_1_A_85_V_rep4.pdb
-84.283,5.471,-1300.32,2.018,-718.055,-0.338,448.438,-2.247,relaxed_wt_1_A_35_H_rep5.pdb
-89.541,0.213,-1304.171,-1.833,-719.35,-1.633,447.23,-3.455,relaxed_wt_1_B_58_V_rep3.pdb
-89.74,0.014,-1303.172,-0.834,-718.909,-1.192,446.851,-3.834,relaxed_wt_1_A_78_E_rep4.pdb
-89.538,0.216,-1300.9,1.438,-719.007,-1.29,450.001,-0.684,relaxed_wt_1_B_102_H_rep4.pdb
-91.534,-1.78,-1303.178,-0.841,-718.605,-0.888,449.363,-1.322,relaxed_wt_1_B_102_M_rep3.pdb
-91.906,-2.152,-1251.283,51.054,-716.21,1.507,456.263,5.578,relaxed_wt_1_B_11_F_rep3.pdb
-84.914,4.84,-1301.123,1.214,-718.804,-1.087,448.593,-2.092,relaxed_wt_1_A_35_D_rep3.pdb
-82.654,7.1,-1295.314,7.023,-718.453,-0.737,449.451,-1.234,relaxed_wt_1_A_84_T_rep2.pdb
-89.509,0.245,-1298.736,3.602,-718.853,-1.136,460.528,9.842,relaxed_wt_1_A_22_A_rep3.pdb
-89.721,0.033,-1302.284,0.054,-718.861,-1.144,448.562,-2.124,relaxed_wt_1_A_83_E_rep2.pdb
-85.505,4.249,-1297.244,5.094,-718.476,-0.759,455.782,5.097,relaxed_wt_1_A_77_W_rep2.pdb
-88.31,1.444,-1296.232,6.106,-717.93,-0.213,457.574,6.889,relaxed_wt_1_A_41_T_rep4.pdb
-89.468,0.286,-1289.524,12.814,-718.62,-0.903,461.47,10.785,relaxed_wt_1_A_31_W_rep4.pdb
-89.9,-0.146,-1302.796,-0.458,-718.996,-1.279,446.705,-3.98,relaxed_wt_1_B_56_Q_rep5.pdb
-86.757,2.997,-1301.501,0.837,-718.774,-1.057,450.558,-0.127,relaxed_wt_1_A_38_V_rep4.pdb
-89.596,0.159,-1297.442,4.896,-718.928,-1.211,470.026,19.341,relaxed_wt_1_A_22_N_rep3.pdb
-89.267,0.487,-1296.189,6.149,-719.244,-1.528,453.549,2.864,relaxed_wt_1_A_33_I_rep4.pdb
-89.691,0.063,-1301.397,0.941,-718.921,-1.204,450.019,-0.666,relaxed_wt_1_A_24_D_rep4.pdb
-89.52,0.235,-1302.539,-0.201,-718.721,-1.005,445.389,-5.296,relaxed_wt_1_B_17_H_rep2.pdb
-82.826,6.929,-1292.169,10.169,-716.95,0.767,446.009,-4.676,relaxed_wt_1_A_84_P_rep2.pdb
-89.659,0.095,-1258.017,44.321,-715.14,2.577,480.614,29.929,relaxed_wt_1_A_39_W_rep2.pdb
-88.329,1.426,-1298.108,4.23,-718.364,-0.648,458.934,8.249,relaxed_wt_1_A_82_R_rep3.pdb
-90.884,-1.13,-1303.124,-0.786,-718.6,-0.883,444.745,-5.94,relaxed_wt_1_A_36_T_rep3.pdb
-90.273,-0.519,-1300.397,1.941,-718.807,-1.09,449.643,-1.042,relaxed_wt_1_B_102_P_rep3.pdb
-89.656,0.098,-1294.466,7.872,-718.786,-1.069,455.787,5.102,relaxed_wt_1_A_25_A_rep2.pdb
-89.685,0.069,-1301.378,0.96,-718.735,-1.018,450.084,-0.601,relaxed_wt_1_B_98_E_rep4.pdb
-89.415,0.339,-1252.352,49.986,-717.827,-0.11,487.9,37.215,relaxed_wt_1_B_11_E_rep1.pdb
-87.685,2.069,-1301.91,0.428,-719.0,-1.283,450.709,0.024,relaxed_wt_1_A_79_M_rep4.pdb
-89.581,0.173,-1301.887,0.451,-718.987,-1.27,448.643,-2.042,relaxed_wt_1_A_83_Q_rep1.pdb
-89.589,0.165,-1303.7,-1.362,-718.895,-1.178,445.852,-4.833,relaxed_wt_1_A_30_I_rep5.pdb
-89.865,-0.11,-1291.942,10.396,-719.078,-1.361,458.033,7.348,relaxed_wt_1_A_37_Q_rep4.pdb
-86.77,2.985,-1282.256,20.082,-716.775,0.942,462.953,12.268,relaxed_wt_1_A_39_H_rep3.pdb
-89.651,0.103,-1299.837,2.501,-719.017,-1.301,450.414,-0.271,relaxed_wt_1_A_26_C_rep4.pdb
-89.619,0.135,-1303.628,-1.29,-718.897,-1.18,446.753,-3.932,relaxed_wt_1_B_12_R_rep4.pdb
-89.571,0.183,-1303.91,-1.572,-718.903,-1.186,448.178,-2.507,relaxed_wt_1_B_14_A_rep3.pdb
-90.146,-0.392,-1295.763,6.575,-718.106,-0.389,449.587,-1.098,relaxed_wt_1_A_30_H_rep3.pdb
-90.511,-0.757,-1301.329,1.009,-718.097,-0.381,451.49,0.805,relaxed_wt_1_A_35_V_rep1.pdb
-92.004,-2.25,-1302.584,-0.246,-718.369,-0.652,449.971,-0.714,relaxed_wt_1_B_57_R_rep2.pdb
-85.39,4.364,-1300.361,1.977,-719.196,-1.479,444.195,-6.49,relaxed_wt_1_B_15_S_rep3.pdb
-89.74,0.014,-1272.87,29.468,-718.66,-0.943,479.472,28.787,relaxed_wt_1_A_72_L_rep1.pdb
-89.802,-0.047,-1303.5,-1.163,-718.839,-1.122,445.551,-5.134,relaxed_wt_1_A_32_Q_rep1.pdb
-89.497,0.257,-1303.678,-1.34,-718.962,-1.245,447.58,-3.106,relaxed_wt_1_A_41_P_rep2.pdb
-89.091,0.663,-1304.974,-2.636,-718.526,-0.81,442.988,-7.697,relaxed_wt_1_A_73_W_rep1.pdb
-88.545,1.209,-1302.048,0.29,-719.252,-1.535,446.561,-4.124,relaxed_wt_1_B_57_S_rep3.pdb
-89.961,-0.207,-1300.177,2.161,-718.188,-0.471,453.533,2.848,relaxed_wt_1_A_82_N_rep5.pdb
-91.109,-1.354,-1300.662,1.676,-718.856,-1.139,448.049,-2.636,relaxed_wt_1_B_54_C_rep2.pdb
-86.41,3.344,-1293.191,9.147,-713.421,4.296,457.775,7.089,relaxed_wt_1_A_35_I_rep1.pdb
-89.622,0.132,-1301.701,0.637,-718.98,-1.263,449.454,-1.231,relaxed_wt_1_A_25_V_rep4.pdb
-89.816,-0.062,-1301.956,0.382,-718.839,-1.122,446.124,-4.561,relaxed_wt_1_A_24_Y_rep5.pdb
-89.457,0.297,-1279.346,22.992,-718.477,-0.761,427.9,-22.785,relaxed_wt_1_B_14_Q_rep2.pdb
-89.525,0.229,-1303.685,-1.347,-718.966,-1.249,446.11,-4.575,relaxed_wt_1_A_23_Q_rep2.pdb
-85.762,3.992,-1303.473,-1.135,-722.907,-5.191,443.196,-7.489,relaxed_wt_1_A_27_T_rep1.pdb
-87.344,2.41,-1301.092,1.246,-718.849,-1.132,446.025,-4.66,relaxed_wt_1_A_73_D_rep4.pdb
-89.558,0.196,-1304.075,-1.737,-718.898,-1.182,445.936,-4.75,relaxed_wt_1_B_12_M_rep4.pdb
-89.515,0.24,-1302.3,0.038,-718.985,-1.269,446.943,-3.742,relaxed_wt_1_B_17_L_rep2.pdb
-81.354,8.4,-1293.425,8.913,-717.983,-0.267,453.579,2.894,relaxed_wt_1_A_84_E_rep4.pdb
-90.278,-0.524,-1301.758,0.58,-718.632,-0.915,449.879,-0.806,relaxed_wt_1_B_102_G_rep5.pdb
-89.558,0.196,-1300.129,2.209,-718.779,-1.062,450.83,0.145,relaxed_wt_1_A_72_T_rep1.pdb
-89.36,0.394,-1299.438,2.9,-718.407,-0.69,451.326,0.641,relaxed_wt_1_A_33_M_rep3.pdb
-89.311,0.443,-1299.956,2.382,-718.989,-1.272,455.783,5.098,relaxed_wt_1_B_13_C_rep5.pdb
-74.557,15.198,-1177.506,124.832,-684.956,32.761,525.642,74.957,relaxed_wt_1_A_74_P_rep5.pdb
-86.267,3.487,-1297.202,5.136,-718.782,-1.065,456.575,5.89,relaxed_wt_1_B_54_K_rep3.pdb
-89.601,0.153,-1302.1,0.238,-718.838,-1.121,450.067,-0.618,relaxed_wt_1_B_12_G_rep5.pdb
-91.287,-1.533,-1303.647,-1.309,-718.758,-1.041,449.574,-1.111,relaxed_wt_1_B_56_V_rep1.pdb
-84.087,5.667,-1298.032,4.306,-717.933,-0.217,455.574,4.889,relaxed_wt_1_A_40_T_rep4.pdb
-89.498,0.257,-1300.239,2.099,-719.372,-1.655,449.11,-1.575,relaxed_wt_1_A_22_D_rep2.pdb
-89.523,0.231,-1302.023,0.315,-718.917,-1.2,449.502,-1.183,relaxed_wt_1_A_86_V_rep2.pdb
-77.743,12.011,-1293.061,9.277,-717.279,0.438,444.365,-6.32,relaxed_wt_1_A_38_K_rep1.pdb
-89.362,0.392,-1301.412,0.926,-719.046,-1.329,449.449,-1.236,relaxed_wt_1_A_29_F_rep4.pdb
-89.877,-0.123,-1293.073,9.265,-719.503,-1.786,459.066,8.381,relaxed_wt_1_A_37_G_rep2.pdb
-89.556,0.199,-1303.885,-1.547,-718.854,-1.137,445.774,-4.911,relaxed_wt_1_A_29_Q_rep2.pdb
-89.668,0.086,-1287.517,14.821,-719.583,-1.866,462.518,11.833,relaxed_wt_1_A_80_I_rep4.pdb
-89.781,-0.027,-1291.935,10.403,-718.908,-1.191,459.075,8.39,relaxed_wt_1_A_31_G_rep2.pdb
-89.635,0.12,-1294.222,8.115,-718.895,-1.179,455.356,4.671,relaxed_wt_1_A_25_S_rep2.pdb
-88.231,1.523,-1298.026,4.312,-718.997,-1.281,452.221,1.536,relaxed_wt_1_B_58_N_rep1.pdb
-84.187,5.567,-1300.302,2.036,-717.992,-0.275,452.191,1.506,relaxed_wt_1_A_35_H_rep3.pdb
-87.508,2.246,-1293.453,8.885,-717.707,0.009,456.474,5.789,relaxed_wt_1_A_75_A_rep2.pdb
-89.301,0.453,-1303.949,-1.611,-719.042,-1.325,445.289,-5.396,relaxed_wt_1_B_55_N_rep4.pdb
-90.243,-0.489,-1266.132,36.206,-716.948,0.769,464.439,13.754,relaxed_wt_1_B_11_I_rep2.pdb
-86.055,3.699,-1296.683,5.655,-717.519,0.198,458.831,8.146,relaxed_wt_1_A_82_K_rep5.pdb
-89.527,0.228,-1302.575,-0.237,-718.943,-1.226,456.519,5.834,relaxed_wt_1_A_22_T_rep3.pdb
-90.44,-0.686,-1302.38,-0.042,-719.518,-1.801,454.214,3.529,relaxed_wt_1_B_101_W_rep2.pdb
-89.632,0.122,-1299.377,2.961,-718.885,-1.169,451.653,0.968,relaxed_wt_1_A_23_N_rep5.pdb
-89.589,0.165,-1272.661,29.677,-718.873,-1.156,480.101,29.416,relaxed_wt_1_A_33_P_rep2.pdb
-89.961,-0.206,-1291.939,10.399,-719.165,-1.448,458.873,8.188,relaxed_wt_1_A_37_Q_rep2.pdb
-83.446,6.309,-1295.925,6.413,-719.003,-1.286,447.677,-3.008,relaxed_wt_1_A_38_G_rep4.pdb
-89.515,0.239,-1295.992,6.346,-718.833,-1.116,453.499,2.814,relaxed_wt_1_A_72_A_rep1.pdb
-89.445,0.309,-1303.702,-1.364,-719.061,-1.344,448.236,-2.449,relaxed_wt_1_B_98_T_rep1.pdb
-88.322,1.432,-1302.224,0.114,-719.058,-1.342,445.873,-4.812,relaxed_wt_1_A_81_E_rep3.pdb
-84.387,5.367,-1286.556,15.781,-714.53,3.186,467.827,17.142,relaxed_wt_1_A_41_R_rep4.pdb
-89.589,0.165,-1303.988,-1.65,-718.962,-1.245,444.809,-5.876,relaxed_wt_1_B_17_T_rep3.pdb
-89.203,0.551,-1302.687,-0.349,-719.411,-1.695,447.286,-3.399,relaxed_wt_1_A_34_S_rep5.pdb
-91.931,-2.176,-1303.938,-1.6,-718.357,-0.641,447.155,-3.53,relaxed_wt_1_B_101_Q_rep2.pdb
-89.601,0.153,-1301.949,0.389,-718.966,-1.249,447.635,-3.05,relaxed_wt_1_A_26_F_rep5.pdb
-87.856,1.898,-1305.433,-3.095,-721.24,-3.523,446.797,-3.888,relaxed_wt_1_A_28_A_rep5.pdb
-88.83,0.924,-1302.74,-0.402,-719.258,-1.541,450.245,-0.44,relaxed_wt_1_A_71_N_rep1.pdb
-89.593,0.161,-1302.654,-0.316,-718.905,-1.188,443.095,-7.59,relaxed_wt_1_B_17_H_rep3.pdb
-88.056,1.698,-1298.244,4.094,-718.969,-1.252,450.944,0.259,relaxed_wt_1_B_58_R_rep1.pdb
-81.8,7.954,-1287.299,15.039,-717.739,-0.022,482.73,32.045,relaxed_wt_1_A_41_Q_rep3.pdb
-89.778,-0.024,-1304.198,-1.86,-718.391,-0.674,444.96,-5.725,relaxed_wt_1_A_73_F_rep1.pdb
-89.51,0.244,-1280.74,21.598,-718.329,-0.612,458.104,7.419,relaxed_wt_1_A_25_Y_rep5.pdb
-89.548,0.206,-1295.363,6.975,-718.996,-1.279,454.252,3.567,relaxed_wt_1_A_25_E_rep1.pdb
-89.552,0.202,-1299.747,2.591,-718.842,-1.125,445.874,-4.811,relaxed_wt_1_A_23_L_rep5.pdb
-90.054,-0.299,-1301.161,1.177,-718.13,-0.413,450.282,-0.403,relaxed_wt_1_A_35_V_rep3.pdb
-89.583,0.171,-1304.036,-1.698,-719.285,-1.568,449.5,-1.185,relaxed_wt_1_A_86_K_rep2.pdb
-87.682,2.072,-1297.396,4.942,-718.895,-1.178,450.312,-0.374,relaxed_wt_1_A_77_A_rep2.pdb
-89.244,0.51,-1299.604,2.734,-718.958,-1.241,453.033,2.347,relaxed_wt_1_A_71_W_rep1.pdb
-89.553,0.201,-1290.649,11.689,-718.935,-1.218,460.135,9.45,relaxed_wt_1_A_39_G_rep5.pdb
-89.637,0.118,-1297.184,5.154,-718.902,-1.185,452.975,2.29,relaxed_wt_1_A_25_T_rep1.pdb
-89.715,0.039,-1303.467,-1.13,-718.744,-1.027,446.744,-3.941,relaxed_wt_1_B_12_R_rep1.pdb
-89.772,-0.018,-1292.486,9.852,-719.071,-1.354,455.694,5.009,relaxed_wt_1_A_37_G_rep5.pdb
-88.647,1.107,-1303.025,-0.687,-719.013,-1.296,444.416,-6.269,relaxed_wt_1_B_56_S_rep3.pdb
-89.552,0.202,-1302.445,-0.107,-718.822,-1.105,449.747,-0.938,relaxed_wt_1_A_86_N_rep1.pdb
-91.566,-1.812,-1303.997,-1.659,-718.56,-0.843,444.156,-6.529,relaxed_wt_1_B_100_Y_rep4.pdb
-89.151,0.603,-1300.963,1.375,-719.191,-1.474,453.397,2.712,relaxed_wt_1_B_13_M_rep1.pdb
-89.544,0.21,-1304.9,-2.562,-718.85,-1.134,446.128,-4.557,relaxed_wt_1_A_86_P_rep4.pdb
-89.939,-0.185,-1303.623,-1.285,-718.582,-0.866,446.379,-4.306,relaxed_wt_1_B_101_L_rep4.pdb
-84.656,5.098,-1300.252,2.086,-719.281,-1.564,449.736,-0.949,relaxed_wt_1_A_38_Y_rep5.pdb
-89.547,0.207,-1299.974,2.364,-719.337,-1.62,461.193,10.508,relaxed_wt_1_A_22_S_rep5.pdb
-88.243,1.512,-1220.688,81.649,-716.748,0.969,548.087,97.402,relaxed_wt_1_A_72_Y_rep2.pdb
-91.743,-1.988,-1274.97,27.368,-716.882,0.835,401.953,-48.732,relaxed_wt_1_B_14_L_rep1.pdb
-89.444,0.31,-1302.557,-0.219,-718.828,-1.112,448.948,-1.737,relaxed_wt_1_B_100_Q_rep3.pdb
-90.692,-0.937,-1301.554,0.784,-717.704,0.012,455.312,4.627,relaxed_wt_1_A_82_L_rep5.pdb
-90.317,-0.563,-1302.388,-0.05,-718.115,-0.398,450.744,0.059,relaxed_wt_1_B_57_Q_rep3.pdb
-89.554,0.201,-1301.555,0.783,-718.823,-1.107,446.074,-4.611,relaxed_wt_1_A_29_H_rep3.pdb
-89.591,0.163,-1304.102,-1.764,-718.81,-1.093,448.719,-1.966,relaxed_wt_1_A_79_R_rep4.pdb
-90.049,-0.295,-1303.73,-1.392,-719.122,-1.405,446.886,-3.799,relaxed_wt_1_A_78_L_rep1.pdb
-89.654,0.1,-1302.765,-0.427,-719.091,-1.374,451.972,1.287,relaxed_wt_1_A_34_C_rep1.pdb
-91.421,-1.666,-1302.675,-0.337,-718.862,-1.145,450.285,-0.4,relaxed_wt_1_B_58_L_rep4.pdb
-89.292,0.462,-1300.456,1.882,-718.857,-1.14,454.359,3.674,relaxed_wt_1_B_13_T_rep3.pdb
-88.542,1.212,-1306.032,-3.694,-718.839,-1.122,444.283,-6.402,relaxed_wt_1_A_79_N_rep4.pdb
-89.001,0.753,-1304.552,-2.214,-718.45,-0.734,442.705,-7.98,relaxed_wt_1_A_73_W_rep3.pdb
-89.656,0.098,-1301.004,1.333,-718.049,-0.332,447.71,-2.975,relaxed_wt_1_A_83_F_rep4.pdb
-89.035,0.719,-1297.794,4.544,-718.117,-0.4,451.558,0.873,relaxed_wt_1_A_81_W_rep2.pdb
-88.585,1.169,-1296.561,5.776,-718.959,-1.242,453.415,2.73,relaxed_wt_1_A_71_H_rep5.pdb
-88.537,1.217,-1305.563,-3.225,-718.862,-1.146,446.436,-4.249,relaxed_wt_1_A_79_N_rep2.pdb
-89.255,0.5,-1300.237,2.101,-719.661,-1.944,450.147,-0.538,relaxed_wt_1_A_80_L_rep1.pdb
-89.571,0.183,-1303.786,-1.448,-718.948,-1.231,445.986,-4.699,relaxed_wt_1_A_73_R_rep2.pdb
-89.501,0.253,-1297.681,4.657,-718.933,-1.216,450.049,-0.636,relaxed_wt_1_A_23_R_rep3.pdb
-79.174,10.581,-1205.783,96.555,-699.409,18.307,500.18,49.495,relaxed_wt_1_A_74_P_rep3.pdb
-88.84,0.915,-1299.468,2.87,-718.889,-1.172,450.462,-0.223,relaxed_wt_1_A_85_A_rep1.pdb
-88.495,1.259,-1299.76,2.578,-718.993,-1.277,451.122,0.437,relaxed_wt_1_A_81_C_rep1.pdb
-89.544,0.21,-1302.131,0.207,-718.836,-1.119,449.161,-1.524,relaxed_wt_1_A_83_T_rep1.pdb
-89.97,-0.216,-1301.871,0.467,-719.339,-1.622,451.129,0.444,relaxed_wt_1_B_100_D_rep5.pdb
-79.035,10.719,-1283.979,18.359,-717.645,0.072,461.072,10.387,relaxed_wt_1_A_75_K_rep4.pdb
-89.715,0.04,-1300.391,1.947,-719.084,-1.367,453.281,2.596,relaxed_wt_1_A_74_A_rep1.pdb
-89.463,0.291,-1302.783,-0.445,-718.723,-1.006,446.33,-4.355,relaxed_wt_1_A_79_A_rep1.pdb
-78.925,10.83,-1283.308,19.03,-717.35,0.366,462.8,12.114,relaxed_wt_1_A_75_K_rep2.pdb
-84.346,5.408,-1300.774,1.564,-718.979,-1.263,444.964,-5.721,relaxed_wt_1_A_35_D_rep4.pdb
-89.384,0.371,-1304.007,-1.67,-718.908,-1.192,445.186,-5.499,relaxed_wt_1_B_59_E_rep5.pdb
-91.656,-1.902,-1303.55,-1.212,-717.791,-0.074,440.127,-10.558,relaxed_wt_1_B_55_A_rep5.pdb
-88.281,1.473,-1299.35,2.988,-718.6,-0.883,451.38,0.695,relaxed_wt_1_A_34_H_rep1.pdb
-89.492,0.262,-1298.52,3.818,-718.95,-1.233,454.259,3.574,relaxed_wt_1_B_14_S_rep5.pdb
-88.204,1.55,-1292.721,9.617,-718.872,-1.155,457.408,6.723,relaxed_wt_1_A_30_M_rep3.pdb
-82.047,7.707,-1289.764,12.574,-717.432,0.285,456.227,5.541,relaxed_wt_1_A_75_Q_rep1.pdb
-89.647,0.108,-1301.364,0.974,-717.966,-0.249,449.451,-1.234,relaxed_wt_1_A_78_T_rep3.pdb
-90.456,-0.702,-1301.006,1.332,-718.762,-1.045,451.37,0.685,relaxed_wt_1_B_102_Y_rep4.pdb
-87.185,2.569,-1301.872,0.466,-717.57,0.147,449.382,-1.303,relaxed_wt_1_A_40_F_rep2.pdb
-87.821,1.933,-1299.76,2.578,-717.087,0.629,444.134,-6.551,relaxed_wt_1_B_15_W_rep4.pdb
-86.321,3.434,-1300.914,1.424,-718.888,-1.172,447.815,-2.87,relaxed_wt_1_A_38_T_rep4.pdb
-89.636,0.118,-1298.966,3.372,-718.562,-0.845,451.317,0.632,relaxed_wt_1_A_33_C_rep5.pdb
-86.25,3.504,-1300.808,1.529,-720.243,-2.526,446.431,-4.255,relaxed_wt_1_A_27_T_rep4.pdb
-86.626,3.128,-1301.519,0.819,-718.835,-1.118,449.456,-1.229,relaxed_wt_1_A_38_V_rep2.pdb
-89.589,0.165,-1298.019,4.319,-718.943,-1.226,459.802,9.117,relaxed_wt_1_A_22_P_rep5.pdb
-87.636,2.119,-1288.707,13.631,-718.806,-1.09,458.895,8.209,relaxed_wt_1_A_31_V_rep1.pdb
-87.498,2.256,-1293.874,8.464,-717.759,-0.042,455.129,4.444,relaxed_wt_1_A_75_A_rep4.pdb
-89.547,0.207,-1297.317,5.021,-718.82,-1.103,455.308,4.623,relaxed_wt_1_A_21_L_rep2.pdb
-89.716,0.038,-1295.45,6.888,-719.389,-1.672,455.752,5.067,relaxed_wt_1_A_39_D_rep3.pdb
-89.628,0.126,-1299.785,2.553,-718.749,-1.032,452.156,1.471,relaxed_wt_1_A_41_S_rep2.pdb
-89.226,0.528,-1298.597,3.74,-719.025,-1.308,456.027,5.342,relaxed_wt_1_B_13_N_rep2.pdb
-89.641,0.113,-1300.539,1.799,-719.028,-1.311,449.371,-1.314,relaxed_wt_1_A_74_C_rep3.pdb
-90.125,-0.371,-1302.088,0.249,-718.02,-0.303,449.435,-1.25,relaxed_wt_1_A_78_Q_rep3.pdb
-89.463,0.291,-1299.163,3.175,-718.936,-1.219,451.198,0.513,relaxed_wt_1_A_79_F_rep5.pdb
-90.127,-0.373,-1301.205,1.133,-718.962,-1.246,447.493,-3.192,relaxed_wt_1_B_17_E_rep2.pdb
-88.924,0.83,-1300.033,2.305,-718.73,-1.013,450.382,-0.303,relaxed_wt_1_A_34_M_rep4.pdb
-89.671,0.083,-1302.59,-0.252,-718.496,-0.779,463.309,12.624,relaxed_wt_1_B_54_F_rep5.pdb
-90.355,-0.601,-1302.328,0.01,-718.66,-0.943,451.08,0.395,relaxed_wt_1_B_102_N_rep1.pdb
-92.231,-2.477,-1301.308,1.03,-718.544,-0.827,454.871,4.186,relaxed_wt_1_B_54_I_rep3.pdb
-87.727,2.027,-1300.639,1.699,-719.0,-1.283,446.643,-4.042,relaxed_wt_1_A_36_K_rep4.pdb
-95.591,-5.837,-1306.123,-3.785,-718.049,-0.332,449.103,-1.582,relaxed_wt_1_B_57_W_rep2.pdb
-84.839,4.916,-1299.85,2.488,-718.201,-0.484,454.745,4.06,relaxed_wt_1_A_40_Q_rep3.pdb
-89.472,0.282,-1299.826,2.512,-718.879,-1.162,447.967,-2.718,relaxed_wt_1_A_23_K_rep2.pdb
-89.575,0.18,-1299.222,3.116,-718.905,-1.188,461.445,10.76,relaxed_wt_1_A_22_A_rep2.pdb
-89.105,0.649,-1303.608,-1.27,-718.858,-1.142,443.347,-7.338,relaxed_wt_1_B_98_N_rep4.pdb
-89.097,0.657,-1263.041,39.297,-718.657,-0.94,450.745,0.06,relaxed_wt_1_A_23_I_rep5.pdb
-89.516,0.238,-1299.877,2.461,-718.698,-0.981,450.196,-0.489,relaxed_wt_1_B_59_T_rep5.pdb
-89.339,0.415,-1212.635,89.703,-718.607,-0.89,539.65,88.965,relaxed_wt_1_B_11_K_rep3.pdb
-90.166,-0.412,-1300.851,1.487,-718.838,-1.121,450.189,-0.496,relaxed_wt_1_A_24_Q_rep1.pdb
-86.806,2.948,-1288.843,13.495,-715.959,1.757,478.792,28.107,relaxed_wt_1_A_41_H_rep2.pdb
-89.398,0.357,-1291.099,11.239,-718.333,-0.617,460.875,10.19,relaxed_wt_1_A_37_I_rep1.pdb
-85.8,3.955,-1299.753,2.585,-720.277,-2.56,449.512,-1.173,relaxed_wt_1_A_27_H_rep1.pdb
-89.027,0.727,-1260.279,42.059,-719.144,-1.427,182.404,-268.281,relaxed_wt_1_A_22_F_rep2.pdb
-82.852,6.903,-1294.198,8.14,-718.466,-0.749,458.816,8.13,relaxed_wt_1_A_40_G_rep1.pdb
-89.554,0.2,-1279.615,22.723,-718.852,-1.135,464.815,14.13,relaxed_wt_1_B_11_C_rep1.pdb
-82.705,7.049,-1292.046,10.292,-716.41,1.306,446.334,-4.351,relaxed_wt_1_A_84_P_rep1.pdb
-89.564,0.19,-1298.588,3.75,-718.91,-1.193,449.399,-1.286,relaxed_wt_1_B_14_S_rep2.pdb
-81.611,8.144,-1297.962,4.376,-718.959,-1.242,451.132,0.447,relaxed_wt_1_A_38_E_rep5.pdb
-89.54,0.214,-1300.707,1.631,-718.892,-1.175,449.993,-0.692,relaxed_wt_1_A_86_C_rep3.pdb
-92.156,-2.402,-1303.0,-0.662,-718.663,-0.947,452.621,1.936,relaxed_wt_1_B_58_Y_rep2.pdb
-89.491,0.263,-1304.059,-1.721,-718.817,-1.1,447.556,-3.13,relaxed_wt_1_A_72_V_rep4.pdb
-89.695,0.059,-1052.828,249.51,-718.876,-1.16,703.158,252.473,relaxed_wt_1_B_17_P_rep4.pdb
-85.473,4.281,-1305.277,-2.939,-719.55,-1.833,444.907,-5.778,relaxed_wt_1_B_55_H_rep2.pdb
-89.051,0.704,-1302.54,-0.202,-718.954,-1.237,448.953,-1.732,relaxed_wt_1_B_102_T_rep4.pdb
-83.399,6.355,-1302.005,0.333,-719.659,-1.942,443.226,-7.459,relaxed_wt_1_A_80_G_rep3.pdb
-91.321,-1.567,-1276.001,26.336,-716.348,1.369,298.919,-151.767,relaxed_wt_1_B_14_P_rep4.pdb
-88.841,0.913,-1301.091,1.247,-719.024,-1.307,449.165,-1.52,relaxed_wt_1_B_58_T_rep4.pdb
-89.58,0.174,-1299.182,3.156,-718.962,-1.245,451.396,0.711,relaxed_wt_1_B_100_N_rep5.pdb
-89.657,0.098,-1301.561,0.777,-718.871,-1.154,452.321,1.636,relaxed_wt_1_A_71_M_rep4.pdb
-89.799,-0.045,-1302.348,-0.01,-718.319,-0.602,449.912,-0.774,relaxed_wt_1_B_55_C_rep2.pdb
-88.942,0.813,-1263.729,38.608,-717.627,0.09,459.812,9.127,relaxed_wt_1_A_72_F_rep2.pdb
-90.134,-0.38,-1301.04,1.298,-718.799,-1.083,447.645,-3.04,relaxed_wt_1_B_17_E_rep1.pdb
-90.065,-0.311,-1298.349,3.989,-718.009,-0.292,450.211,-0.474,relaxed_wt_1_A_83_W_rep4.pdb
-89.83,-0.076,-1294.176,8.162,-718.853,-1.137,455.19,4.505,relaxed_wt_1_A_31_M_rep3.pdb
-89.525,0.229,-1296.546,5.792,-719.278,-1.561,441.219,-9.466,relaxed_wt_1_A_23_T_rep5.pdb
-89.478,0.276,-1298.403,3.935,-717.99,-0.273,447.228,-3.457,relaxed_wt_1_A_74_A_rep4.pdb
-90.597,-0.842,-1301.225,1.113,-719.044,-1.328,446.746,-3.939,relaxed_wt_1_A_78_W_rep4.pdb
-89.358,0.396,-1291.949,10.389,-718.864,-1.147,454.279,3.594,relaxed_wt_1_A_72_G_rep5.pdb
-84.55,5.204,-1295.394,6.944,-717.889,-0.173,451.353,0.668,relaxed_wt_1_A_84_N_rep5.pdb
-89.8,-0.046,-1299.943,2.395,-718.747,-1.03,451.06,0.375,relaxed_wt_1_A_32_A_rep1.pdb
-86.331,3.423,-1300.691,1.647,-718.821,-1.105,448.6,-2.086,relaxed_wt_1_A_38_T_rep1.pdb
-89.469,0.285,-1303.712,-1.374,-718.953,-1.236,450.407,-0.278,relaxed_wt_1_A_71_N_rep3.pdb
-89.897,-0.143,-1301.075,1.263,-717.604,0.113,450.817,0.132,relaxed_wt_1_B_56_Y_rep4.pdb
-89.635,0.12,-1304.445,-2.107,-718.909,-1.193,446.617,-4.069,relaxed_wt_1_B_12_Q_rep2.pdb
-89.492,0.262,-1301.917,0.421,-718.898,-1.182,449.239,-1.446,relaxed_wt_1_A_29_D_rep3.pdb
-89.545,0.21,-1299.121,3.217,-718.89,-1.173,451.93,1.245,relaxed_wt_1_A_21_G_rep2.pdb
-89.815,-0.061,-1297.683,4.655,-718.799,-1.082,452.837,2.151,relaxed_wt_1_A_24_G_rep3.pdb
-91.478,-1.723,-1299.872,2.466,-719.009,-1.292,452.986,2.301,relaxed_wt_1_B_58_W_rep3.pdb
-86.884,2.87,-1299.715,2.623,-717.885,-0.168,444.614,-6.071,relaxed_wt_1_B_15_A_rep2.pdb
-89.451,0.303,-1303.125,-0.787,-718.98,-1.263,449.085,-1.6,relaxed_wt_1_B_98_C_rep3.pdb
-89.613,0.141,-1299.285,3.053,-718.921,-1.204,451.64,0.955,relaxed_wt_1_B_14_G_rep4.pdb
-89.47,0.284,-1298.164,4.174,-718.969,-1.252,452.788,2.103,relaxed_wt_1_A_72_C_rep4.pdb
-89.338,0.416,-1213.0,89.337,-718.608,-0.891,538.954,88.269,relaxed_wt_1_B_11_K_rep4.pdb
-81.558,8.196,-1286.455,15.883,-716.519,1.198,487.83,37.145,relaxed_wt_1_A_41_Q_rep4.pdb
-90.293,-0.538,-1289.342,12.996,-718.257,-0.54,450.693,0.008,relaxed_wt_1_A_39_Q_rep3.pdb
-89.463,0.291,-1304.027,-1.689,-718.887,-1.171,446.199,-4.486,relaxed_wt_1_B_13_I_rep1.pdb
-82.38,7.374,-1293.512,8.826,-718.374,-0.657,450.621,-0.065,relaxed_wt_1_A_84_D_rep4.pdb
-89.446,0.308,-1301.311,1.027,-719.012,-1.295,448.419,-2.266,relaxed_wt_1_A_29_S_rep2.pdb
-93.5,-3.746,-1305.581,-3.243,-718.723,-1.006,447.299,-3.386,relaxed_wt_1_B_57_F_rep3.pdb
-92.273,-2.519,-1301.502,0.836,-718.969,-1.252,451.718,1.033,relaxed_wt_1_A_34_I_rep2.pdb
-88.043,1.711,-1304.463,-2.125,-718.781,-1.065,445.619,-5.066,relaxed_wt_1_A_79_D_rep3.pdb
-89.178,0.576,-1300.906,1.432,-718.953,-1.236,449.698,-0.987,relaxed_wt_1_B_102_Q_rep4.pdb
-87.771,1.983,-1294.137,8.201,-716.195,1.522,456.363,5.678,relaxed_wt_1_A_36_W_rep4.pdb
-89.189,0.565,-1302.131,0.207,-718.922,-1.206,446.25,-4.435,relaxed_wt_1_B_100_V_rep2.pdb
-87.294,2.461,-1295.027,7.311,-716.895,0.821,460.012,9.327,relaxed_wt_1_A_41_C_rep2.pdb
-87.565,2.189,-1304.83,-2.492,-718.946,-1.229,444.669,-6.016,relaxed_wt_1_B_12_E_rep2.pdb
-90.277,-0.523,-1289.195,13.143,-718.187,-0.47,451.153,0.468,relaxed_wt_1_A_39_Q_rep5.pdb
-86.212,3.542,-1207.759,94.579,-719.466,-1.75,31.546,-419.139,relaxed_wt_1_B_14_R_rep2.pdb
-86.294,3.461,-1284.457,17.881,-716.004,1.713,429.709,-20.976,relaxed_wt_1_B_13_W_rep1.pdb
-89.328,0.426,-1302.354,-0.016,-719.336,-1.619,447.961,-2.724,relaxed_wt_1_A_34_S_rep3.pdb
-91.769,-2.014,-1261.935,40.403,-716.755,0.962,390.525,-60.16,relaxed_wt_1_B_14_K_rep5.pdb
-87.357,2.397,-1297.076,5.262,-718.835,-1.118,450.943,0.258,relaxed_wt_1_A_73_G_rep4.pdb
-89.373,0.382,-1300.716,1.622,-718.928,-1.211,452.164,1.479,relaxed_wt_1_A_71_Y_rep4.pdb
-88.39,1.365,-1301.663,0.674,-719.182,-1.465,446.116,-4.569,relaxed_wt_1_B_101_G_rep1.pdb
-88.116,1.638,-1275.073,27.265,-722.007,-4.29,477.289,26.604,relaxed_wt_1_A_33_P_rep4.pdb
-89.557,0.198,-1296.695,5.643,-719.309,-1.593,454.67,3.985,relaxed_wt_1_A_72_S_rep2.pdb
-85.361,4.394,-1301.94,0.398,-718.014,-0.298,447.514,-3.171,relaxed_wt_1_B_56_P_rep1.pdb
-88.732,1.022,-1298.426,3.911,-718.878,-1.161,450.534,-0.151,relaxed_wt_1_A_85_T_rep5.pdb
-89.552,0.202,-1298.045,4.293,-718.995,-1.278,459.696,9.011,relaxed_wt_1_A_22_P_rep4.pdb
-89.536,0.219,-1303.69,-1.352,-718.899,-1.182,447.665,-3.02,relaxed_wt_1_A_23_Q_rep4.pdb
-91.004,-1.25,-1302.415,-0.077,-718.188,-0.471,445.619,-5.066,relaxed_wt_1_B_56_W_rep1.pdb
-87.393,2.361,-1303.789,-1.451,-719.321,-1.604,446.134,-4.551,relaxed_wt_1_A_73_K_rep1.pdb
-83.661,6.093,-1159.017,143.321,-717.42,0.297,575.729,125.044,relaxed_wt_1_A_73_P_rep5.pdb
-92.418,-2.664,-1307.384,-5.046,-718.095,-0.378,438.721,-11.964,relaxed_wt_1_B_17_D_rep2.pdb
-90.796,-1.042,-1302.028,0.31,-717.844,-0.128,444.895,-5.79,relaxed_wt_1_A_32_E_rep1.pdb
-86.031,3.723,-1230.636,71.702,-717.661,0.056,506.525,55.84,relaxed_wt_1_A_72_P_rep3.pdb
-81.069,8.685,-1289.5,12.838,-720.679,-2.962,481.494,30.809,relaxed_wt_1_A_41_Q_rep1.pdb
-89.339,0.415,-1212.951,89.387,-718.582,-0.865,540.609,89.924,relaxed_wt_1_B_11_K_rep5.pdb
-85.83,3.924,-1303.691,-1.353,-722.887,-5.17,442.385,-8.3,relaxed_wt_1_A_27_T_rep3.pdb
-81.051,8.703,-1296.088,6.25,-719.107,-1.39,453.987,3.302,relaxed_wt_1_A_40_K_rep5.pdb
-89.428,0.326,-1304.694,-2.356,-719.139,-1.422,450.3,-0.385,relaxed_wt_1_B_56_K_rep3.pdb
-89.536,0.218,-1302.677,-0.339,-718.835,-1.118,447.72,-2.965,relaxed_wt_1_A_86_T_rep2.pdb
-90.453,-0.699,-1296.741,5.597,-717.697,0.02,442.401,-8.284,relaxed_wt_1_A_30_F_rep2.pdb
-86.498,3.256,-1300.386,1.952,-719.709,-1.992,449.082,-1.603,relaxed_wt_1_A_80_S_rep2.pdb
-92.081,-2.327,-1302.608,-0.27,-718.853,-1.136,449.123,-1.563,relaxed_wt_1_B_58_Y_rep3.pdb
-89.803,-0.048,-1266.042,36.295,-718.609,-0.893,398.524,-52.161,relaxed_wt_1_B_14_F_rep3.pdb
-89.594,0.16,-1301.366,0.972,-718.865,-1.148,452.887,2.202,relaxed_wt_1_A_22_Q_rep1.pdb
-89.184,0.571,-1298.058,4.28,-718.823,-1.106,453.011,2.326,relaxed_wt_1_B_13_H_rep2.pdb
-84.608,5.146,-1299.617,2.721,-717.825,-0.108,442.117,-8.568,relaxed_wt_1_A_73_T_rep5.pdb
-89.257,0.497,-1306.758,-4.42,-718.666,-0.95,442.346,-8.339,relaxed_wt_1_B_101_P_rep4.pdb
-86.982,2.772,-1299.615,2.723,-718.789,-1.072,457.017,6.332,relaxed_wt_1_A_40_I_rep3.pdb
-89.595,0.159,-1304.207,-1.869,-719.004,-1.287,443.849,-6.836,relaxed_wt_1_B_17_C_rep2.pdb
-89.442,0.313,-1301.569,0.769,-718.841,-1.124,454.164,3.479,relaxed_wt_1_B_13_Q_rep5.pdb
-89.31,0.444,-1290.992,11.346,-716.968,0.749,460.456,9.771,relaxed_wt_1_A_75_W_rep2.pdb
-89.441,0.313,-1304.147,-1.809,-718.983,-1.266,446.238,-4.448,relaxed_wt_1_A_25_I_rep5.pdb
-89.559,0.196,-1303.8,-1.462,-718.907,-1.191,448.627,-2.058,relaxed_wt_1_B_102_V_rep3.pdb
-86.228,3.526,-1300.148,2.19,-719.633,-1.916,448.848,-1.837,relaxed_wt_1_A_80_S_rep5.pdb
-90.806,-1.052,-1238.409,63.929,-716.265,1.452,241.091,-209.594,relaxed_wt_1_A_22_W_rep2.pdb
-86.559,3.196,-1299.614,2.724,-718.655,-0.938,447.98,-2.705,relaxed_wt_1_B_55_Y_rep4.pdb
-89.055,0.699,-1301.446,0.892,-719.178,-1.461,449.559,-1.126,relaxed_wt_1_B_57_A_rep5.pdb
-84.598,5.156,-1294.722,7.616,-718.001,-0.284,459.284,8.599,relaxed_wt_1_A_82_K_rep3.pdb
-89.694,0.06,-1298.783,3.555,-717.981,-0.264,451.965,1.28,relaxed_wt_1_A_87_K_rep3.pdb
-89.56,0.194,-1303.678,-1.34,-718.859,-1.142,446.71,-3.975,relaxed_wt_1_A_71_Q_rep4.pdb
-89.292,0.463,-1271.775,30.563,-718.758,-1.041,472.796,22.111,relaxed_wt_1_B_11_N_rep4.pdb
-88.232,1.522,-1295.884,6.454,-717.7,0.016,457.892,7.207,relaxed_wt_1_A_41_T_rep1.pdb
-80.616,9.138,-1280.382,21.956,-719.44,-1.724,464.954,14.269,relaxed_wt_1_A_79_P_rep3.pdb
-89.512,0.242,-1301.613,0.724,-719.023,-1.306,448.75,-1.935,relaxed_wt_1_A_86_Y_rep5.pdb
-89.594,0.16,-1278.476,23.862,-717.486,0.231,441.24,-9.445,relaxed_wt_1_B_14_M_rep4.pdb
-88.873,0.881,-1297.762,4.576,-718.775,-1.059,448.203,-2.482,relaxed_wt_1_A_75_C_rep3.pdb
-89.602,0.152,-1303.344,-1.006,-718.887,-1.17,447.814,-2.871,relaxed_wt_1_B_12_H_rep1.pdb
-89.464,0.291,-1299.442,2.896,-718.985,-1.269,448.554,-2.131,relaxed_wt_1_A_29_C_rep1.pdb
-88.863,0.891,-1298.717,3.621,-719.165,-1.449,454.737,4.052,relaxed_wt_1_A_41_S_rep5.pdb
-83.649,6.105,-1295.761,6.577,-718.348,-0.631,454.552,3.867,relaxed_wt_1_A_77_R_rep3.pdb
-89.615,0.139,-1303.789,-1.451,-718.893,-1.177,445.229,-5.456,relaxed_wt_1_B_17_C_rep4.pdb
-82.205,7.55,-1298.45,3.888,-719.153,-1.436,447.765,-2.92,relaxed_wt_1_A_38_D_rep5.pdb
-89.568,0.186,-1304.491,-2.153,-718.804,-1.087,444.836,-5.849,relaxed_wt_1_A_71_I_rep3.pdb
-89.564,0.191,-1279.798,22.54,-718.913,-1.196,465.806,15.121,relaxed_wt_1_B_11_C_rep2.pdb
-89.05,0.704,-1303.661,-1.323,-718.92,-1.203,446.211,-4.474,relaxed_wt_1_B_98_N_rep2.pdb
-89.557,0.197,-1301.263,1.075,-718.897,-1.18,453.534,2.849,relaxed_wt_1_A_22_Q_rep3.pdb
-89.578,0.176,-1295.198,7.14,-719.087,-1.37,456.629,5.944,relaxed_wt_1_B_12_P_rep2.pdb
-90.067,-0.313,-1299.335,3.003,-718.921,-1.204,451.986,1.301,relaxed_wt_1_B_59_W_rep4.pdb
-87.472,2.282,-1301.731,0.607,-718.873,-1.156,452.498,1.813,relaxed_wt_1_B_54_D_rep5.pdb
-87.892,1.862,-1306.757,-4.419,-721.798,-4.081,444.365,-6.32,relaxed_wt_1_A_28_S_rep1.pdb
-89.624,0.13,-1297.611,4.727,-718.803,-1.087,450.839,0.154,relaxed_wt_1_A_23_R_rep2.pdb
-89.674,0.081,-1300.595,1.743,-719.035,-1.318,450.507,-0.179,relaxed_wt_1_A_31_N_rep5.pdb
-89.797,-0.043,-1301.602,0.736,-719.025,-1.309,448.316,-2.369,relaxed_wt_1_A_74_E_rep2.pdb
-87.658,2.096,-1295.574,6.764,-718.917,-1.201,455.928,5.243,relaxed_wt_1_A_37_S_rep1.pdb
-89.553,0.202,-1305.418,-3.08,-718.962,-1.246,445.985,-4.7,relaxed_wt_1_B_12_E_rep1.pdb
-89.732,0.022,-1299.87,2.468,-718.771,-1.054,451.007,0.322,relaxed_wt_1_A_24_A_rep2.pdb
-86.15,3.604,-1278.541,23.797,-714.892,2.824,474.776,24.091,relaxed_wt_1_A_41_I_rep1.pdb
-89.145,0.61,-1220.432,81.906,-718.879,-1.162,517.06,66.375,relaxed_wt_1_A_21_P_rep1.pdb
-89.816,-0.062,-1301.302,1.036,-717.737,-0.02,443.829,-6.856,relaxed_wt_1_B_15_H_rep1.pdb
-89.534,0.22,-1295.588,6.75,-718.788,-1.071,453.167,2.482,relaxed_wt_1_A_72_S_rep5.pdb
-89.628,0.126,-1303.991,-1.653,-718.815,-1.098,446.254,-4.431,relaxed_wt_1_B_100_E_rep5.pdb
-86.531,3.223,-1300.197,2.141,-719.515,-1.798,446.626,-4.059,relaxed_wt_1_A_80_E_rep4.pdb
-89.78,-0.026,-1299.785,2.552,-718.892,-1.175,451.834,1.149,relaxed_wt_1_A_83_D_rep4.pdb
-89.143,0.611,-1299.318,3.02,-719.139,-1.422,450.497,-0.188,relaxed_wt_1_A_32_G_rep5.pdb
-90.883,-1.129,-1299.761,2.577,-718.043,-0.326,451.917,1.232,relaxed_wt_1_A_78_W_rep2.pdb
-89.511,0.243,-1301.428,0.91,-718.762,-1.046,449.471,-1.214,relaxed_wt_1_A_29_T_rep3.pdb
-88.309,1.445,-1300.298,2.04,-718.127,-0.411,449.921,-0.765,relaxed_wt_1_A_81_N_rep2.pdb
-87.637,2.117,-1296.962,5.376,-718.853,-1.136,451.711,1.025,relaxed_wt_1_B_58_D_rep5.pdb
-89.069,0.686,-1280.661,21.677,-718.233,-0.516,473.906,23.221,relaxed_wt_1_A_39_Y_rep1.pdb
-89.552,0.202,-1303.603,-1.265,-718.846,-1.129,446.677,-4.008,relaxed_wt_1_A_36_N_rep3.pdb
-91.106,-1.352,-1299.962,2.376,-718.756,-1.039,451.799,1.114,relaxed_wt_1_A_26_G_rep1.pdb
-90.373,-0.618,-1302.414,-0.076,-718.083,-0.366,451.764,1.079,relaxed_wt_1_A_78_Q_rep4.pdb
-89.233,0.521,-1304.192,-1.854,-718.584,-0.868,444.356,-6.329,relaxed_wt_1_B_54_Q_rep1.pdb
-90.917,-1.163,-1279.219,23.119,-717.226,0.491,454.46,3.775,relaxed_wt_1_A_39_R_rep1.pdb
-89.638,0.116,-1302.486,-0.148,-719.147,-1.43,447.17,-3.516,relaxed_wt_1_A_34_C_rep4.pdb
-89.564,0.19,-1303.647,-1.309,-718.853,-1.136,445.449,-5.236,relaxed_wt_1_A_32_R_rep4.pdb
-87.295,2.459,-1303.485,-1.147,-721.767,-4.05,446.719,-3.966,relaxed_wt_1_B_57_S_rep2.pdb
-89.49,0.264,-1290.669,11.669,-719.253,-1.536,461.491,10.806,relaxed_wt_1_A_37_E_rep2.pdb
-85.83,3.924,-1301.092,1.246,-718.903,-1.187,454.081,3.396,relaxed_wt_1_B_55_Q_rep4.pdb
-89.33,0.424,-1302.932,-0.594,-718.884,-1.167,448.134,-2.551,relaxed_wt_1_B_102_C_rep3.pdb
-88.368,1.386,-1301.709,0.629,-719.129,-1.412,446.917,-3.768,relaxed_wt_1_A_26_E_rep5.pdb
-90.547,-0.792,-1302.624,-0.286,-718.19,-0.473,448.297,-2.388,relaxed_wt_1_A_82_I_rep1.pdb
-89.62,0.134,-1301.616,0.722,-718.911,-1.194,448.717,-1.969,relaxed_wt_1_A_87_E_rep4.pdb
-81.341,8.413,-1293.053,9.284,-717.999,-0.282,455.399,4.714,relaxed_wt_1_A_84_E_rep5.pdb
-85.773,3.981,-1298.382,3.956,-719.109,-1.393,445.514,-5.171,relaxed_wt_1_A_77_S_rep1.pdb
-89.533,0.221,-1302.261,0.077,-718.888,-1.171,452.717,2.032,relaxed_wt_1_A_21_Q_rep3.pdb
-89.086,0.668,-1272.042,30.296,-718.728,-1.011,475.725,25.04,relaxed_wt_1_A_39_P_rep1.pdb
-89.48,0.274,-1304.927,-2.589,-718.933,-1.216,433.207,-17.478,relaxed_wt_1_A_22_I_rep3.pdb
-89.633,0.122,-1296.316,6.022,-719.054,-1.337,455.432,4.747,relaxed_wt_1_A_31_C_rep1.pdb
-85.8,3.954,-1289.494,12.844,-718.067,-0.351,458.952,8.267,relaxed_wt_1_A_75_D_rep3.pdb
-90.937,-1.183,-1302.678,-0.34,-718.302,-0.585,449.281,-1.404,relaxed_wt_1_A_33_Q_rep1.pdb
-92.367,-2.612,-1267.39,34.948,-716.67,1.047,436.998,-13.687,relaxed_wt_1_B_11_L_rep2.pdb
-88.809,0.945,-1298.671,3.667,-719.388,-1.671,451.935,1.25,relaxed_wt_1_A_26_V_rep2.pdb
-88.324,1.43,-1300.831,1.507,-718.606,-0.889,448.378,-2.307,relaxed_wt_1_A_33_N_rep5.pdb
-89.55,0.204,-1301.779,0.559,-718.997,-1.281,450.271,-0.414,relaxed_wt_1_A_71_A_rep4.pdb
-88.875,0.879,-1302.945,-0.607,-718.825,-1.108,446.221,-4.464,relaxed_wt_1_B_57_D_rep5.pdb
-89.501,0.253,-1296.188,6.15,-719.14,-1.423,455.273,4.588,relaxed_wt_1_A_31_R_rep1.pdb
-86.253,3.501,-1299.125,3.213,-717.192,0.525,451.067,0.382,relaxed_wt_1_A_36_D_rep3.pdb
-90.351,-0.597,-1301.197,1.141,-718.928,-1.212,450.049,-0.636,relaxed_wt_1_B_98_V_rep2.pdb
-85.928,3.826,-1262.768,39.57,-718.837,-1.12,484.075,33.39,relaxed_wt_1_A_83_P_rep3.pdb
-89.334,0.42,-1301.896,0.442,-718.895,-1.178,448.278,-2.407,relaxed_wt_1_A_26_T_rep3.pdb
-89.654,0.1,-1300.683,1.655,-719.069,-1.353,448.749,-1.936,relaxed_wt_1_A_31_N_rep1.pdb
-89.553,0.201,-1293.33,9.007,-718.897,-1.181,459.696,9.011,relaxed_wt_1_A_23_G_rep1.pdb
-88.287,1.467,-1301.526,0.812,-718.807,-1.09,455.715,5.03,relaxed_wt_1_B_54_H_rep5.pdb
-86.195,3.559,-1285.243,17.095,-717.252,0.465,485.614,34.929,relaxed_wt_1_A_41_W_rep4.pdb
-89.658,0.096,-1296.168,6.17,-718.867,-1.15,453.456,2.771,relaxed_wt_1_A_31_C_rep2.pdb
-86.689,3.065,-1292.573,9.765,-718.048,-0.331,456.356,5.67,relaxed_wt_1_A_75_N_rep4.pdb
-84.579,5.176,-1289.064,13.274,-718.007,-0.29,460.24,9.554,relaxed_wt_1_A_75_H_rep1.pdb
-89.45,0.304,-1298.57,3.768,-718.895,-1.178,455.463,4.778,relaxed_wt_1_A_21_I_rep1.pdb
-89.579,0.176,-1303.358,-1.02,-718.963,-1.246,446.171,-4.514,relaxed_wt_1_B_12_H_rep5.pdb
-87.413,2.341,-1301.476,0.862,-719.023,-1.306,445.389,-5.296,relaxed_wt_1_A_29_Y_rep5.pdb
-89.558,0.197,-1303.678,-1.34,-718.909,-1.192,446.948,-3.737,relaxed_wt_1_A_72_V_rep2.pdb
-84.995,4.759,-1299.953,2.385,-718.128,-0.412,455.159,4.473,relaxed_wt_1_A_40_Q_rep5.pdb
-90.002,-0.248,-1300.628,1.71,-718.877,-1.16,449.558,-1.127,relaxed_wt_1_A_76_M_rep2.pdb
-83.383,6.371,-1297.26,5.078,-721.754,-4.038,454.891,4.206,relaxed_wt_1_A_28_Y_rep2.pdb
-84.271,5.483,-1285.35,16.988,-714.841,2.876,460.647,9.962,relaxed_wt_1_A_41_R_rep1.pdb
-89.563,0.191,-1298.375,3.963,-718.79,-1.073,450.248,-0.437,relaxed_wt_1_A_25_M_rep2.pdb
-82.411,7.343,-1298.777,3.561,-718.177,-0.46,453.818,3.133,relaxed_wt_1_A_40_E_rep3.pdb
-86.59,3.164,-1305.362,-3.024,-722.487,-4.77,446.585,-4.1,relaxed_wt_1_A_27_M_rep5.pdb
-88.998,0.756,-1298.73,3.607,-718.739,-1.022,450.437,-0.248,relaxed_wt_1_B_58_C_rep1.pdb
-91.439,-1.685,-1300.913,1.425,-718.56,-0.843,450.52,-0.165,relaxed_wt_1_B_58_H_rep1.pdb
-89.371,0.384,-1302.474,-0.136,-719.071,-1.355,450.67,-0.015,relaxed_wt_1_B_101_Y_rep5.pdb
-88.275,1.48,-1275.99,26.347,-721.186,-3.469,480.559,29.874,relaxed_wt_1_A_28_P_rep4.pdb
-89.889,-0.134,-1302.08,0.258,-718.736,-1.019,446.119,-4.566,relaxed_wt_1_A_24_V_rep1.pdb
-89.673,0.082,-1304.851,-2.513,-719.025,-1.308,444.648,-6.037,relaxed_wt_1_A_78_D_rep1.pdb
-92.292,-2.538,-1301.754,0.584,-718.568,-0.851,456.093,5.407,relaxed_wt_1_B_54_I_rep1.pdb
-89.562,0.192,-1301.959,0.379,-718.835,-1.118,448.684,-2.001,relaxed_wt_1_A_86_I_rep3.pdb
-87.341,2.413,-1299.328,3.01,-718.944,-1.227,446.351,-4.335,relaxed_wt_1_A_23_K_rep3.pdb
-87.964,1.79,-1298.581,3.757,-718.821,-1.104,447.828,-2.857,relaxed_wt_1_A_75_T_rep2.pdb
-89.577,0.177,-1296.356,5.982,-718.952,-1.235,454.133,3.447,relaxed_wt_1_A_72_S_rep3.pdb
-86.782,2.973,-1301.409,0.929,-719.092,-1.376,447.921,-2.764,relaxed_wt_1_A_73_S_rep1.pdb
-89.464,0.291,-1297.918,4.419,-718.966,-1.25,453.069,2.384,relaxed_wt_1_B_59_I_rep4.pdb
-89.375,0.38,-1301.382,0.956,-717.761,-0.045,447.697,-2.988,relaxed_wt_1_B_102_R_rep4.pdb
-89.334,0.42,-1299.347,2.991,-719.125,-1.408,452.477,1.792,relaxed_wt_1_A_32_C_rep4.pdb
-89.403,0.351,-1294.954,7.384,-718.924,-1.207,454.869,4.184,relaxed_wt_1_B_59_Y_rep2.pdb
-88.677,1.077,-1298.865,3.473,-718.818,-1.101,450.374,-0.311,relaxed_wt_1_A_85_T_rep3.pdb
-89.554,0.2,-1301.76,0.578,-718.943,-1.226,448.938,-1.747,relaxed_wt_1_A_21_A_rep3.pdb
-89.174,0.58,-1303.737,-1.399,-718.841,-1.124,444.721,-5.964,relaxed_wt_1_A_77_V_rep1.pdb
-89.502,0.252,-1297.74,4.598,-718.939,-1.223,449.893,-0.792,relaxed_wt_1_A_23_R_rep4.pdb
-89.541,0.213,-1303.769,-1.431,-718.921,-1.204,447.045,-3.64,relaxed_wt_1_B_98_K_rep2.pdb
-91.084,-1.33,-1300.972,1.366,-718.008,-0.291,451.512,0.827,relaxed_wt_1_A_32_W_rep5.pdb
-90.278,-0.523,-1306.155,-3.817,-718.486,-0.769,443.322,-7.363,relaxed_wt_1_A_73_L_rep2.pdb
-89.538,0.216,-1300.953,1.385,-719.106,-1.389,447.208,-3.477,relaxed_wt_1_A_87_R_rep3.pdb
-87.345,2.41,-1297.32,5.018,-719.387,-1.67,451.154,0.469,relaxed_wt_1_A_73_G_rep5.pdb
-88.393,1.361,-1305.678,-3.34,-721.75,-4.033,445.178,-5.507,relaxed_wt_1_A_28_T_rep1.pdb
-89.845,-0.091,-1300.518,1.82,-718.925,-1.208,449.419,-1.266,relaxed_wt_1_B_59_R_rep5.pdb
-89.665,0.089,-1302.81,-0.472,-720.554,-2.837,447.487,-3.198,relaxed_wt_1_A_36_G_rep2.pdb
-88.906,0.849,-1303.551,-1.213,-718.9,-1.183,447.281,-3.405,relaxed_wt_1_A_79_H_rep3.pdb
-84.954,4.801,-1294.5,7.838,-717.945,-0.228,455.054,4.369,relaxed_wt_1_A_84_Q_rep2.pdb
-89.473,0.281,-1303.24,-0.902,-718.965,-1.249,449.83,-0.855,relaxed_wt_1_A_71_T_rep2.pdb
-87.734,2.021,-1297.993,4.345,-718.343,-0.626,448.875,-1.811,relaxed_wt_1_B_56_P_rep5.pdb
-89.855,-0.101,-1301.545,0.793,-718.179,-0.462,449.52,-1.165,relaxed_wt_1_A_83_Y_rep1.pdb
-88.238,1.516,-1299.424,2.914,-719.493,-1.776,451.393,0.708,relaxed_wt_1_A_80_M_rep3.pdb
-90.847,-1.093,-1304.539,-2.201,-718.595,-0.879,444.952,-5.733,relaxed_wt_1_A_81_R_rep2.pdb
-89.648,0.106,-1303.757,-1.419,-718.982,-1.265,441.65,-9.036,relaxed_wt_1_B_17_A_rep1.pdb
-89.084,0.67,-1300.394,1.944,-718.552,-0.836,452.022,1.337,relaxed_wt_1_A_32_D_rep4.pdb
-89.216,0.538,-1172.718,129.62,-717.646,0.071,598.132,147.447,relaxed_wt_1_B_11_H_rep2.pdb
-89.839,-0.085,-1302.675,-0.337,-717.45,0.267,449.027,-1.658,relaxed_wt_1_A_33_K_rep3.pdb
-89.364,0.39,-1299.05,3.288,-719.304,-1.587,449.441,-1.245,relaxed_wt_1_A_87_H_rep1.pdb
-88.204,1.55,-1297.625,4.713,-719.019,-1.302,453.622,2.937,relaxed_wt_1_B_58_N_rep2.pdb
-89.481,0.273,-1292.625,9.713,-718.816,-1.1,457.589,6.904,relaxed_wt_1_A_31_H_rep5.pdb
-89.569,0.185,-1290.648,11.69,-718.934,-1.217,459.764,9.079,relaxed_wt_1_A_39_G_rep4.pdb
-89.917,-0.162,-1267.341,34.997,-717.731,-0.014,469.525,18.84,relaxed_wt_1_B_17_F_rep5.pdb
-81.408,8.347,-1293.83,8.508,-718.455,-0.738,455.031,4.346,relaxed_wt_1_A_84_E_rep3.pdb
-89.471,0.283,-1298.181,4.156,-718.902,-1.185,452.311,1.625,relaxed_wt_1_B_59_V_rep2.pdb
-88.874,0.88,-1302.299,0.038,-720.719,-3.002,451.258,0.572,relaxed_wt_1_A_28_C_rep2.pdb
-84.904,4.85,-1297.453,4.885,-717.272,0.445,454.296,3.611,relaxed_wt_1_A_38_I_rep2.pdb
-87.522,2.232,-1303.99,-1.652,-719.858,-2.141,445.957,-4.728,relaxed_wt_1_A_27_M_rep1.pdb
-90.677,-0.923,-1304.646,-2.308,-718.577,-0.861,447.828,-2.857,relaxed_wt_1_B_101_M_rep5.pdb
-89.816,-0.062,-1295.757,6.581,-719.027,-1.31,454.398,3.713,relaxed_wt_1_A_37_C_rep1.pdb
-89.785,-0.03,-1297.077,5.261,-719.031,-1.314,454.846,4.161,relaxed_wt_1_A_31_S_rep5.pdb
-89.05,0.704,-1277.944,24.394,-717.127,0.59,460.739,10.053,relaxed_wt_1_B_58_P_rep3.pdb
-89.283,0.471,-1285.097,17.241,-717.984,-0.267,467.921,17.236,relaxed_wt_1_A_37_R_rep5.pdb
-89.567,0.187,-1292.586,9.752,-719.054,-1.337,459.36,8.675,relaxed_wt_1_A_37_K_rep3.pdb
-89.773,-0.018,-1289.567,12.771,-718.863,-1.146,463.078,12.393,relaxed_wt_1_A_31_W_rep1.pdb
-90.295,-0.541,-1305.596,-3.258,-721.393,-3.676,442.79,-7.895,relaxed_wt_1_B_100_Y_rep5.pdb
-89.149,0.605,-1295.596,6.741,-719.104,-1.388,453.34,2.655,relaxed_wt_1_A_33_V_rep4.pdb
-89.094,0.66,-1292.515,9.823,-718.719,-1.002,460.635,9.95,relaxed_wt_1_B_57_P_rep2.pdb
-89.566,0.188,-1301.541,0.797,-718.888,-1.171,449.344,-1.341,relaxed_wt_1_B_59_K_rep5.pdb
-89.586,0.168,-1301.017,1.32,-718.838,-1.121,449.106,-1.579,relaxed_wt_1_A_83_R_rep2.pdb
-89.71,0.045,-1303.09,-0.752,-718.779,-1.062,448.343,-2.342,relaxed_wt_1_B_13_M_rep2.pdb
-89.255,0.499,-1302.345,-0.007,-719.319,-1.602,445.738,-4.947,relaxed_wt_1_A_34_S_rep1.pdb
-72.603,17.152,-1221.578,80.76,-718.948,-1.232,530.145,79.46,relaxed_wt_1_A_40_P_rep5.pdb
-93.093,-3.339,-1302.977,-0.64,-717.72,-0.004,443.477,-7.208,relaxed_wt_1_B_101_W_rep3.pdb
-89.103,0.652,-1301.024,1.314,-718.873,-1.156,444.44,-6.245,relaxed_wt_1_B_54_A_rep3.pdb
-89.456,0.298,-1300.545,1.793,-719.209,-1.492,447.192,-3.493,relaxed_wt_1_A_82_V_rep1.pdb
-89.32,0.434,-1300.111,2.227,-718.944,-1.227,450.88,0.195,relaxed_wt_1_B_100_R_rep4.pdb
-88.06,1.694,-1303.405,-1.067,-718.797,-1.08,445.827,-4.858,relaxed_wt_1_A_73_Q_rep1.pdb
-88.691,1.063,-1299.575,2.763,-717.093,0.624,449.863,-0.823,relaxed_wt_1_A_80_F_rep1.pdb
-89.392,0.362,-1271.411,30.927,-717.776,-0.059,486.274,35.589,relaxed_wt_1_A_72_M_rep3.pdb
-89.601,0.153,-1303.736,-1.399,-718.941,-1.225,448.232,-2.453,relaxed_wt_1_A_28_R_rep5.pdb
-79.702,10.052,-1289.104,13.234,-719.2,-1.483,463.211,12.526,relaxed_wt_1_B_55_F_rep3.pdb
-89.524,0.231,-1302.175,0.163,-718.831,-1.114,446.192,-4.493,relaxed_wt_1_B_98_M_rep1.pdb
-87.203,2.551,-1294.216,8.122,-716.531,1.186,455.308,4.623,relaxed_wt_1_A_36_W_rep1.pdb
-89.486,0.268,-1302.887,-0.549,-718.905,-1.188,446.108,-4.577,relaxed_wt_1_A_86_T_rep3.pdb
-91.393,-1.639,-1296.983,5.355,-718.641,-0.924,457.633,6.948,relaxed_wt_1_B_59_G_rep5.pdb
-86.201,3.553,-1285.979,16.359,-716.631,1.086,480.164,29.479,relaxed_wt_1_A_41_L_rep1.pdb
-90.675,-0.92,-1301.136,1.202,-718.779,-1.063,451.973,1.288,relaxed_wt_1_B_59_M_rep3.pdb
-89.493,0.261,-1300.846,1.492,-718.811,-1.094,451.411,0.726,relaxed_wt_1_A_29_H_rep2.pdb
-87.943,1.811,-1259.882,42.456,-721.884,-4.167,221.579,-229.106,relaxed_wt_1_A_22_Y_rep3.pdb
-87.951,1.803,-1301.418,0.92,-719.185,-1.468,447.894,-2.792,relaxed_wt_1_A_85_F_rep5.pdb
-88.9,0.854,-1299.65,2.688,-718.462,-0.745,449.214,-1.471,relaxed_wt_1_A_33_G_rep4.pdb
-89.444,0.31,-1306.968,-4.63,-718.929,-1.213,443.493,-7.192,relaxed_wt_1_B_98_R_rep3.pdb
-90.159,-0.405,-1299.503,2.835,-718.761,-1.045,450.546,-0.139,relaxed_wt_1_A_24_R_rep4.pdb
-88.991,0.763,-1299.239,3.099,-718.201,-0.484,453.286,2.601,relaxed_wt_1_A_34_F_rep1.pdb
-89.674,0.08,-1290.839,11.499,-718.318,-0.601,463.295,12.61,relaxed_wt_1_A_37_Q_rep5.pdb
-89.502,0.252,-1300.904,1.434,-718.918,-1.201,449.551,-1.134,relaxed_wt_1_B_102_H_rep2.pdb
-89.342,0.413,-1301.265,1.073,-718.783,-1.066,448.712,-1.973,relaxed_wt_1_B_59_K_rep1.pdb
-88.241,1.513,-1281.743,20.595,-721.699,-3.982,462.247,11.562,relaxed_wt_1_B_11_C_rep3.pdb
-89.166,0.588,-1272.176,30.162,-718.724,-1.007,474.713,24.028,relaxed_wt_1_A_39_P_rep4.pdb
-87.327,2.427,-1298.145,4.193,-717.769,-0.053,443.764,-6.921,relaxed_wt_1_B_15_C_rep2.pdb
-91.098,-1.344,-1299.865,2.473,-718.496,-0.779,451.281,0.596,relaxed_wt_1_B_98_L_rep5.pdb
-89.556,0.198,-1304.083,-1.745,-718.856,-1.139,446.467,-4.218,relaxed_wt_1_A_71_Q_rep1.pdb
-89.587,0.167,-1295.128,7.21,-718.909,-1.193,453.384,2.699,relaxed_wt_1_A_71_L_rep3.pdb
-87.915,1.839,-1302.038,0.3,-718.798,-1.081,446.967,-3.718,relaxed_wt_1_A_73_N_rep4.pdb
-91.432,-1.678,-1300.392,1.946,-718.495,-0.778,451.146,0.461,relaxed_wt_1_B_58_H_rep2.pdb
-92.604,-2.85,-1301.31,1.028,-717.794,-0.077,455.249,4.564,relaxed_wt_1_B_100_N_rep2.pdb
-89.553,0.202,-1303.818,-1.48,-718.945,-1.228,446.639,-4.046,relaxed_wt_1_B_13_I_rep5.pdb
-89.77,-0.016,-1301.121,1.216,-718.637,-0.92,451.534,0.849,relaxed_wt_1_B_98_I_rep3.pdb
-89.524,0.23,-1304.142,-1.804,-718.887,-1.17,447.93,-2.755,relaxed_wt_1_B_54_N_rep5.pdb
-88.836,0.918,-1299.269,3.069,-718.161,-0.444,448.7,-1.985,relaxed_wt_1_A_81_D_rep1.pdb
-90.024,-0.27,-1303.676,-1.339,-718.975,-1.258,447.171,-3.514,relaxed_wt_1_A_28_Q_rep3.pdb
-89.856,-0.102,-1303.876,-1.538,-718.932,-1.215,445.81,-4.875,relaxed_wt_1_A_78_N_rep4.pdb
-87.499,2.255,-1266.977,35.361,-719.048,-1.331,476.994,26.309,relaxed_wt_1_B_14_W_rep4.pdb
-87.086,2.668,-1299.342,2.996,-719.599,-1.882,447.54,-3.145,relaxed_wt_1_A_80_A_rep3.pdb
-40.01,49.744,-861.59,440.748,-604.429,113.288,751.395,300.71,relaxed_wt_1_A_80_P_rep5.pdb
-88.144,1.611,-1298.945,3.393,-719.444,-1.728,449.061,-1.624,relaxed_wt_1_A_80_M_rep2.pdb
-89.547,0.207,-1303.737,-1.399,-718.988,-1.272,446.776,-3.909,relaxed_wt_1_A_26_S_rep3.pdb
-87.464,2.29,-1301.89,0.448,-718.898,-1.182,445.753,-4.932,relaxed_wt_1_A_73_S_rep4.pdb
-86.988,2.766,-1298.085,4.252,-719.272,-1.555,451.67,0.985,relaxed_wt_1_B_55_K_rep5.pdb
-87.203,2.551,-1300.409,1.929,-719.02,-1.303,446.502,-4.183,relaxed_wt_1_A_77_T_rep2.pdb
-88.685,1.07,-1273.384,28.954,-718.148,-0.431,479.438,28.753,relaxed_wt_1_A_72_Q_rep1.pdb
-84.354,5.401,-1298.234,4.104,-717.666,0.051,451.409,0.724,relaxed_wt_1_A_35_R_rep1.pdb
-89.494,0.26,-1301.165,1.173,-718.111,-0.394,450.26,-0.425,relaxed_wt_1_A_36_I_rep4.pdb
-86.3,3.454,-1299.13,3.208,-719.37,-1.653,448.514,-2.171,relaxed_wt_1_A_80_M_rep1.pdb
-83.434,6.32,-1298.273,4.065,-718.418,-0.701,457.007,6.322,relaxed_wt_1_A_40_A_rep4.pdb
-88.775,0.979,-1275.978,26.36,-718.759,-1.042,277.005,-173.68,relaxed_wt_1_B_14_V_rep3.pdb
-89.348,0.406,-1213.053,89.285,-718.582,-0.865,539.508,88.823,relaxed_wt_1_B_11_K_rep2.pdb
-89.737,0.017,-1300.774,1.564,-718.926,-1.209,449.524,-1.161,relaxed_wt_1_B_59_H_rep1.pdb
-89.432,0.322,-1257.646,44.692,-718.927,-1.211,220.593,-230.092,relaxed_wt_1_A_22_Y_rep1.pdb
-87.182,2.572,-1299.908,2.43,-717.829,-0.112,449.639,-1.046,relaxed_wt_1_A_84_Y_rep4.pdb
-88.371,1.383,-1302.197,0.141,-718.887,-1.171,446.157,-4.528,relaxed_wt_1_B_102_S_rep2.pdb
-90.849,-1.094,-1180.082,122.256,-717.295,0.422,577.58,126.895,relaxed_wt_1_B_98_P_rep5.pdb
-89.519,0.235,-1295.087,7.251,-717.909,-0.192,452.389,1.704,relaxed_wt_1_A_87_F_rep2.pdb
-89.832,-0.078,-1296.305,6.033,-718.86,-1.143,456.239,5.554,relaxed_wt_1_A_30_N_rep2.pdb
-90.322,-0.568,-1304.654,-2.316,-718.367,-0.65,446.317,-4.368,relaxed_wt_1_B_101_S_rep4.pdb
-90.943,-1.189,-1290.325,12.012,-718.141,-0.424,462.78,12.095,relaxed_wt_1_A_79_I_rep4.pdb
-91.2,-1.446,-1302.237,0.101,-718.535,-0.818,447.652,-3.033,relaxed_wt_1_A_36_M_rep4.pdb
-89.535,0.219,-1301.208,1.13,-718.968,-1.251,448.803,-1.882,relaxed_wt_1_A_86_C_rep2.pdb
-88.977,0.778,-1300.017,2.321,-718.692,-0.976,452.898,2.213,relaxed_wt_1_B_54_P_rep4.pdb
-89.8,-0.046,-1302.431,-0.093,-718.936,-1.219,447.659,-3.026,relaxed_wt_1_B_57_V_rep3.pdb
-89.375,0.379,-1298.204,4.134,-718.752,-1.035,455.678,4.993,relaxed_wt_1_B_13_H_rep1.pdb
-89.622,0.132,-1304.08,-1.742,-718.856,-1.139,446.381,-4.304,relaxed_wt_1_B_12_M_rep5.pdb
-90.978,-1.224,-1289.859,12.479,-718.075,-0.358,464.354,13.669,relaxed_wt_1_A_79_I_rep2.pdb
-88.355,1.399,-1301.066,1.272,-718.849,-1.132,443.617,-7.068,relaxed_wt_1_B_54_A_rep1.pdb
-88.861,0.893,-1302.645,-0.307,-719.202,-1.486,452.65,1.965,relaxed_wt_1_A_21_V_rep4.pdb
-89.567,0.187,-1303.731,-1.393,-718.935,-1.218,448.333,-2.352,relaxed_wt_1_A_24_E_rep5.pdb
-89.853,-0.099,-1303.107,-0.769,-719.373,-1.656,445.408,-5.277,relaxed_wt_1_B_56_Q_rep3.pdb
-89.58,0.175,-1303.718,-1.38,-718.909,-1.192,446.073,-4.612,relaxed_wt_1_B_102_V_rep1.pdb
-89.58,0.174,-1299.084,3.254,-718.842,-1.126,451.26,0.575,relaxed_wt_1_A_21_G_rep5.pdb
-89.341,0.413,-1219.023,83.315,-717.744,-0.027,516.56,65.875,relaxed_wt_1_A_21_P_rep2.pdb
-87.336,2.418,-1302.831,-0.493,-718.938,-1.221,444.604,-6.081,relaxed_wt_1_A_73_K_rep2.pdb
-86.902,2.853,-1301.905,0.433,-719.042,-1.325,449.699,-0.986,relaxed_wt_1_A_38_F_rep4.pdb
-89.873,-0.119,-1302.285,0.053,-718.852,-1.136,448.242,-2.443,relaxed_wt_1_B_57_V_rep5.pdb
-89.873,-0.119,-1299.752,2.586,-718.871,-1.154,450.032,-0.653,relaxed_wt_1_A_76_S_rep2.pdb
-88.485,1.269,-1298.091,4.247,-718.655,-0.938,458.925,8.24,relaxed_wt_1_A_82_R_rep2.pdb
-89.399,0.355,-1304.479,-2.141,-718.893,-1.177,446.685,-4.0,relaxed_wt_1_B_59_E_rep2.pdb
-89.476,0.278,-1302.859,-0.521,-718.863,-1.146,445.853,-4.832,relaxed_wt_1_A_86_D_rep3.pdb
-88.658,1.096,-1301.855,0.483,-718.766,-1.049,452.041,1.356,relaxed_wt_1_B_102_K_rep1.pdb
-90.26,-0.506,-1301.063,1.275,-718.116,-0.399,452.706,2.021,relaxed_wt_1_A_78_A_rep4.pdb
-86.473,3.281,-1299.171,3.166,-719.437,-1.721,445.535,-5.15,relaxed_wt_1_A_27_V_rep3.pdb
-85.044,4.71,-1264.485,37.853,-719.198,-1.481,480.593,29.908,relaxed_wt_1_B_15_P_rep3.pdb
-89.763,-0.009,-1294.136,8.202,-718.975,-1.258,451.643,0.958,relaxed_wt_1_A_29_V_rep1.pdb
-89.756,-0.002,-1301.174,1.164,-718.751,-1.034,449.367,-1.318,relaxed_wt_1_B_98_I_rep5.pdb
-89.918,-0.164,-1303.613,-1.275,-718.93,-1.213,446.502,-4.183,relaxed_wt_1_A_78_K_rep3.pdb
-88.63,1.124,-1299.796,2.542,-716.859,0.858,453.017,2.332,relaxed_wt_1_A_80_Y_rep4.pdb
-89.424,0.33,-1300.155,2.183,-718.975,-1.258,451.032,0.347,relaxed_wt_1_B_59_L_rep4.pdb
-89.562,0.192,-1303.818,-1.48,-717.098,0.619,438.252,-12.433,relaxed_wt_1_B_55_H_rep3.pdb
-88.595,1.159,-1302.37,-0.032,-719.226,-1.509,445.507,-5.178,relaxed_wt_1_A_36_S_rep1.pdb
-89.972,-0.218,-1288.853,13.485,-716.357,1.359,474.451,23.766,relaxed_wt_1_A_75_F_rep4.pdb
-89.758,-0.004,-1303.714,-1.376,-718.879,-1.162,442.926,-7.759,relaxed_wt_1_B_17_C_rep1.pdb
-89.401,0.353,-1302.297,0.041,-718.937,-1.221,448.37,-2.315,relaxed_wt_1_B_100_V_rep1.pdb
-89.474,0.28,-1298.927,3.411,-718.942,-1.225,446.402,-4.283,relaxed_wt_1_A_23_M_rep2.pdb
-91.447,-1.693,-1304.679,-2.341,-719.55,-1.833,447.731,-2.955,relaxed_wt_1_A_36_A_rep4.pdb
-91.045,-1.291,-1301.105,1.233,-718.78,-1.063,449.841,-0.844,relaxed_wt_1_B_58_F_rep4.pdb
-86.106,3.648,-1297.559,4.779,-718.68,-0.964,455.583,4.898,relaxed_wt_1_B_58_Q_rep4.pdb
-89.488,0.266,-1300.602,1.736,-718.901,-1.184,449.67,-1.015,relaxed_wt_1_B_100_C_rep4.pdb
-89.466,0.289,-1304.206,-1.868,-718.454,-0.737,445.092,-5.593,relaxed_wt_1_A_73_F_rep3.pdb
-89.039,0.716,-1279.746,22.592,-719.031,-1.314,286.092,-164.594,relaxed_wt_1_A_22_H_rep1.pdb
-89.922,-0.168,-1301.389,0.949,-718.705,-0.988,449.524,-1.161,relaxed_wt_1_A_39_I_rep3.pdb
-89.521,0.233,-1290.143,12.195,-718.995,-1.278,461.643,10.958,relaxed_wt_1_A_31_Y_rep3.pdb
-88.294,1.46,-1293.016,9.322,-717.989,-0.273,458.031,7.346,relaxed_wt_1_A_74_Y_rep1.pdb
-90.834,-1.08,-1302.659,-0.321,-718.377,-0.661,448.757,-1.928,relaxed_wt_1_A_33_Q_rep5.pdb
-88.43,1.324,-1299.398,2.94,-719.419,-1.702,449.072,-1.613,relaxed_wt_1_A_80_C_rep4.pdb
-90.515,-0.761,-1301.123,1.215,-718.524,-0.808,448.627,-2.058,relaxed_wt_1_A_32_V_rep3.pdb
-89.299,0.455,-1172.701,129.637,-717.586,0.131,598.266,147.581,relaxed_wt_1_B_11_H_rep1.pdb
-89.93,-0.176,-1301.318,1.02,-718.984,-1.267,447.265,-3.42,relaxed_wt_1_B_17_E_rep4.pdb
-89.494,0.261,-1298.214,4.124,-718.461,-0.744,457.046,6.361,relaxed_wt_1_A_82_T_rep4.pdb
-89.525,0.229,-1304.228,-1.89,-718.885,-1.169,447.268,-3.417,relaxed_wt_1_A_71_V_rep1.pdb
-88.607,1.147,-1303.616,-1.278,-719.204,-1.487,444.887,-5.798,relaxed_wt_1_A_81_S_rep2.pdb
-90.203,-0.449,-1266.167,36.171,-716.856,0.861,462.492,11.807,relaxed_wt_1_B_11_I_rep3.pdb
-89.654,0.1,-1303.206,-0.868,-718.779,-1.062,447.473,-3.212,relaxed_wt_1_B_17_M_rep2.pdb
-89.206,0.548,-1299.57,2.768,-718.859,-1.142,447.13,-3.555,relaxed_wt_1_B_59_S_rep1.pdb
-84.208,5.546,-1300.622,1.716,-719.01,-1.294,450.935,0.25,relaxed_wt_1_A_35_P_rep2.pdb
-89.55,0.204,-1303.659,-1.321,-718.882,-1.165,447.755,-2.93,relaxed_wt_1_A_87_A_rep1.pdb
-89.676,0.078,-1297.704,4.634,-717.824,-0.107,456.324,5.639,relaxed_wt_1_A_76_N_rep1.pdb
-86.761,2.993,-1300.877,1.461,-718.04,-0.324,457.508,6.822,relaxed_wt_1_A_40_M_rep4.pdb
-89.581,0.173,-1297.055,5.283,-717.809,-0.092,456.227,5.542,relaxed_wt_1_A_82_C_rep3.pdb
-89.135,0.619,-1302.844,-0.506,-718.988,-1.272,447.926,-2.759,relaxed_wt_1_A_37_Y_rep1.pdb
-89.809,-0.055,-1294.014,8.324,-718.893,-1.177,458.366,7.681,relaxed_wt_1_A_31_K_rep3.pdb
-89.614,0.141,-1304.098,-1.76,-718.828,-1.112,446.919,-3.766,relaxed_wt_1_A_83_V_rep3.pdb
-90.468,-0.714,-1301.832,0.506,-718.723,-1.007,449.94,-0.745,relaxed_wt_1_A_35_C_rep3.pdb
-89.582,0.172,-1302.655,-0.317,-718.737,-1.021,451.891,1.206,relaxed_wt_1_B_13_L_rep3.pdb
-89.569,0.185,-1300.09,2.248,-718.974,-1.257,451.38,0.695,relaxed_wt_1_A_83_A_rep4.pdb
-90.426,-0.671,-1302.94,-0.602,-718.68,-0.963,448.073,-2.612,relaxed_wt_1_A_76_K_rep1.pdb
-88.567,1.187,-1297.792,4.546,-718.902,-1.186,451.857,1.172,relaxed_wt_1_A_85_C_rep5.pdb
-88.056,1.698,-1298.223,4.115,-718.852,-1.136,451.237,0.552,relaxed_wt_1_B_58_R_rep3.pdb
-89.537,0.217,-1303.674,-1.336,-718.967,-1.251,445.825,-4.86,relaxed_wt_1_A_84_F_rep2.pdb
-88.175,1.579,-1294.655,7.683,-716.686,1.03,462.369,11.684,relaxed_wt_1_A_41_T_rep2.pdb
-89.571,0.183,-1303.871,-1.533,-718.983,-1.267,445.122,-5.563,relaxed_wt_1_A_35_A_rep2.pdb
-89.636,0.118,-1305.897,-3.56,-721.114,-3.397,445.902,-4.783,relaxed_wt_1_A_28_Q_rep1.pdb
-90.665,-0.91,-1305.919,-3.581,-720.804,-3.087,443.809,-6.877,relaxed_wt_1_B_57_H_rep3.pdb
-81.89,7.864,-1271.422,30.916,-718.52,-0.804,469.118,18.433,relaxed_wt_1_A_38_P_rep5.pdb
-89.563,0.191,-1304.297,-1.959,-718.871,-1.154,447.577,-3.108,relaxed_wt_1_B_14_A_rep2.pdb
-89.588,0.167,-1303.734,-1.396,-718.885,-1.168,445.597,-5.088,relaxed_wt_1_B_59_Q_rep5.pdb
-89.481,0.273,-1300.713,1.625,-719.017,-1.3,455.824,5.139,relaxed_wt_1_A_22_E_rep4.pdb
-88.542,1.212,-1302.371,-0.034,-719.092,-1.375,446.773,-3.912,relaxed_wt_1_A_81_Q_rep4.pdb
-86.063,3.692,-1285.897,16.441,-716.414,1.303,473.031,22.346,relaxed_wt_1_A_41_L_rep4.pdb
-89.21,0.545,-1300.516,1.821,-718.722,-1.005,446.534,-4.151,relaxed_wt_1_A_87_N_rep1.pdb
-89.068,0.686,-1303.142,-0.804,-718.962,-1.246,447.584,-3.101,relaxed_wt_1_B_56_E_rep3.pdb
-87.003,2.751,-1297.84,4.498,-717.961,-0.244,442.956,-7.729,relaxed_wt_1_B_15_G_rep4.pdb
-87.351,2.403,-1302.908,-0.571,-718.971,-1.255,445.823,-4.862,relaxed_wt_1_A_73_K_rep5.pdb
-81.848,7.907,-1299.093,3.245,-718.192,-0.476,452.851,2.166,relaxed_wt_1_A_40_E_rep1.pdb
-90.813,-1.059,-1305.031,-2.693,-718.729,-1.012,445.743,-4.943,relaxed_wt_1_A_81_R_rep3.pdb
-89.782,-0.028,-1300.989,1.349,-718.797,-1.08,449.858,-0.827,relaxed_wt_1_A_24_H_rep2.pdb
-89.551,0.203,-1279.647,22.691,-718.93,-1.214,465.817,15.132,relaxed_wt_1_B_11_C_rep5.pdb
-92.053,-2.298,-1302.983,-0.645,-718.718,-1.001,447.792,-2.893,relaxed_wt_1_B_58_Y_rep1.pdb
-90.168,-0.414,-1302.156,0.182,-718.715,-0.998,450.703,0.018,relaxed_wt_1_A_33_Y_rep5.pdb
-89.609,0.145,-1305.003,-2.665,-718.922,-1.206,445.757,-4.928,relaxed_wt_1_A_74_R_rep3.pdb
-86.396,3.358,-1293.531,8.807,-713.389,4.328,455.716,5.031,relaxed_wt_1_A_35_I_rep4.pdb
-89.457,0.297,-1299.98,2.358,-718.794,-1.077,448.268,-2.417,relaxed_wt_1_B_59_L_rep1.pdb
-91.768,-2.013,-1302.703,-0.365,-718.844,-1.127,449.023,-1.662,relaxed_wt_1_B_56_V_rep2.pdb
-82.888,6.866,-1296.614,5.724,-716.957,0.76,456.239,5.554,relaxed_wt_1_A_40_D_rep2.pdb
-87.905,1.85,-1299.001,3.337,-717.61,0.107,449.636,-1.049,relaxed_wt_1_A_73_C_rep3.pdb
-87.726,2.028,-1299.037,3.301,-718.857,-1.141,450.583,-0.102,relaxed_wt_1_A_85_E_rep4.pdb
-86.485,3.269,-1301.936,0.402,-719.019,-1.302,444.755,-5.93,relaxed_wt_1_B_55_T_rep3.pdb
-89.817,-0.062,-1299.599,2.739,-718.98,-1.263,453.675,2.99,relaxed_wt_1_A_76_A_rep1.pdb
-90.191,-0.436,-1303.02,-0.683,-718.736,-1.019,451.285,0.6,relaxed_wt_1_A_76_V_rep3.pdb
-88.421,1.333,-1301.655,0.683,-718.843,-1.127,449.715,-0.97,relaxed_wt_1_B_102_N_rep3.pdb
-91.319,-1.564,-1302.697,-0.359,-718.969,-1.252,450.673,-0.012,relaxed_wt_1_B_58_L_rep2.pdb
-89.518,0.236,-1302.929,-0.591,-718.911,-1.195,445.044,-5.641,relaxed_wt_1_A_86_D_rep5.pdb
-88.893,0.861,-1302.452,-0.114,-718.963,-1.246,447.092,-3.593,relaxed_wt_1_B_57_E_rep5.pdb
-89.582,0.173,-1300.302,2.036,-719.123,-1.406,450.397,-0.288,relaxed_wt_1_A_74_A_rep5.pdb
-90.342,-0.588,-1303.221,-0.883,-719.143,-1.426,448.432,-2.253,relaxed_wt_1_B_101_R_rep3.pdb
-89.117,0.637,-1302.23,0.108,-719.063,-1.346,448.155,-2.53,relaxed_wt_1_B_102_A_rep1.pdb
-89.567,0.188,-1304.156,-1.819,-719.373,-1.657,448.327,-2.358,relaxed_wt_1_B_100_E_rep1.pdb
-92.547,-2.793,-1302.854,-0.516,-717.894,-0.177,447.912,-2.773,relaxed_wt_1_B_57_L_rep1.pdb
-89.231,0.523,-1300.774,1.564,-719.782,-2.065,449.351,-1.334,relaxed_wt_1_A_80_L_rep3.pdb
-88.829,0.925,-1286.4,15.938,-717.487,0.23,464.643,13.958,relaxed_wt_1_A_37_W_rep2.pdb
-89.641,0.113,-1303.677,-1.339,-718.84,-1.123,445.069,-5.616,relaxed_wt_1_B_11_A_rep5.pdb
-85.196,4.558,-1296.108,6.23,-718.229,-0.512,456.691,6.005,relaxed_wt_1_A_82_E_rep2.pdb
-87.977,1.777,-1303.845,-1.507,-718.963,-1.246,444.237,-6.448,relaxed_wt_1_B_54_E_rep3.pdb
-88.841,0.913,-1303.822,-1.484,-718.546,-0.829,444.816,-5.87,relaxed_wt_1_A_33_S_rep2.pdb
-89.5,0.254,-1304.857,-2.519,-718.8,-1.083,445.368,-5.317,relaxed_wt_1_B_12_I_rep5.pdb
-89.094,0.66,-1295.82,6.518,-718.713,-0.996,455.162,4.477,relaxed_wt_1_A_28_V_rep2.pdb
-82.951,6.803,-1293.081,9.257,-717.362,0.355,453.224,2.539,relaxed_wt_1_A_38_R_rep1.pdb
-88.51,1.244,-1298.732,3.606,-716.159,1.558,452.849,2.164,relaxed_wt_1_A_80_F_rep3.pdb
-89.487,0.267,-1300.607,1.731,-718.967,-1.25,452.193,1.508,relaxed_wt_1_A_71_Y_rep1.pdb
-89.581,0.173,-1298.914,3.424,-718.833,-1.116,449.224,-1.461,relaxed_wt_1_B_14_S_rep1.pdb
-90.205,-0.451,-1298.271,4.067,-719.188,-1.471,454.21,3.525,relaxed_wt_1_A_39_M_rep1.pdb
-89.788,-0.034,-1305.967,-3.629,-721.65,-3.933,446.908,-3.777,relaxed_wt_1_A_28_M_rep2.pdb
-89.432,0.322,-1302.578,-0.24,-718.893,-1.176,447.646,-3.039,relaxed_wt_1_B_100_Q_rep2.pdb
-90.442,-0.688,-1302.133,0.205,-717.885,-0.168,452.091,1.406,relaxed_wt_1_A_78_Y_rep1.pdb
-89.555,0.199,-1304.306,-1.968,-719.037,-1.32,447.297,-3.388,relaxed_wt_1_B_13_I_rep4.pdb
-91.631,-1.877,-1302.256,0.082,-718.216,-0.499,448.46,-2.225,relaxed_wt_1_B_57_R_rep1.pdb
-88.482,1.272,-1303.518,-1.18,-719.127,-1.411,444.639,-6.046,relaxed_wt_1_A_81_S_rep5.pdb
-88.613,1.141,-1299.404,2.934,-718.859,-1.142,450.366,-0.319,relaxed_wt_1_A_85_A_rep4.pdb
-89.701,0.053,-1301.628,0.71,-718.747,-1.03,449.912,-0.773,relaxed_wt_1_B_98_I_rep4.pdb
-88.905,0.85,-1303.047,-0.709,-719.157,-1.44,447.738,-2.947,relaxed_wt_1_A_80_K_rep5.pdb
-90.924,-1.17,-1302.603,-0.265,-718.25,-0.533,449.3,-1.385,relaxed_wt_1_A_33_Q_rep2.pdb
-89.452,0.302,-1303.041,-0.703,-718.925,-1.209,448.091,-2.594,relaxed_wt_1_B_98_C_rep4.pdb
-88.411,1.343,-1304.022,-1.684,-717.959,-0.242,444.566,-6.119,relaxed_wt_1_B_55_S_rep3.pdb
-89.589,0.165,-1303.988,-1.65,-718.962,-1.245,444.809,-5.876,relaxed_wt_1_B_17_T_rep1.pdb
-89.553,0.202,-1301.334,1.003,-718.869,-1.152,452.428,1.742,relaxed_wt_1_A_71_R_rep5.pdb
-89.679,0.075,-1282.616,19.722,-718.827,-1.11,478.407,27.722,relaxed_wt_1_A_71_P_rep2.pdb
-88.122,1.632,-1298.399,3.939,-720.632,-2.915,456.056,5.371,relaxed_wt_1_B_13_H_rep4.pdb
-89.928,-0.173,-1296.238,6.1,-719.011,-1.294,454.67,3.984,relaxed_wt_1_A_37_A_rep2.pdb
-89.556,0.198,-1302.254,0.084,-718.906,-1.189,449.219,-1.466,relaxed_wt_1_A_83_L_rep5.pdb
-89.979,-0.225,-1303.615,-1.277,-718.597,-0.88,445.438,-5.247,relaxed_wt_1_A_81_H_rep1.pdb
-89.231,0.523,-1299.914,2.424,-719.713,-1.997,450.849,0.164,relaxed_wt_1_A_80_L_rep5.pdb
-88.882,0.872,-1282.898,19.44,-719.081,-1.364,479.248,28.563,relaxed_wt_1_B_11_V_rep4.pdb
-89.534,0.22,-1299.987,2.351,-718.829,-1.113,454.28,3.595,relaxed_wt_1_A_87_G_rep5.pdb
-87.662,2.093,-1298.861,3.477,-718.829,-1.112,447.526,-3.159,relaxed_wt_1_A_77_C_rep2.pdb
-89.493,0.261,-1293.181,9.157,-719.098,-1.381,460.151,9.466,relaxed_wt_1_A_23_G_rep5.pdb
-89.922,-0.167,-1302.139,0.199,-718.71,-0.993,447.377,-3.308,relaxed_wt_1_A_24_V_rep5.pdb
-88.944,0.811,-1301.3,1.038,-719.163,-1.446,450.612,-0.073,relaxed_wt_1_A_83_E_rep4.pdb
-89.594,0.16,-1301.701,0.637,-719.175,-1.458,450.345,-0.341,relaxed_wt_1_A_32_S_rep5.pdb
-86.332,3.422,-1292.848,9.49,-721.155,-3.438,460.8,10.114,relaxed_wt_1_A_28_W_rep3.pdb
-89.605,0.149,-1301.128,1.21,-719.008,-1.292,446.39,-4.295,relaxed_wt_1_A_82_A_rep3.pdb
-89.878,-0.123,-1301.919,0.419,-719.358,-1.641,450.984,0.299,relaxed_wt_1_A_39_I_rep1.pdb
-85.509,4.246,-1297.63,4.708,-718.408,-0.692,453.617,2.932,relaxed_wt_1_A_77_W_rep5.pdb
-89.704,0.051,-1301.766,0.572,-718.842,-1.125,447.901,-2.784,relaxed_wt_1_B_17_L_rep5.pdb
-87.847,1.907,-1298.687,3.651,-718.854,-1.137,449.149,-1.536,relaxed_wt_1_A_77_C_rep4.pdb
-87.265,2.489,-1301.467,0.871,-718.899,-1.183,445.268,-5.417,relaxed_wt_1_A_73_A_rep4.pdb
-88.734,1.02,-1272.387,29.951,-716.442,1.275,285.595,-165.09,relaxed_wt_1_B_14_P_rep5.pdb
-89.39,0.364,-1301.777,0.561,-718.919,-1.202,449.081,-1.604,relaxed_wt_1_B_12_W_rep2.pdb
-89.604,0.15,-1299.174,3.164,-718.854,-1.137,459.386,8.701,relaxed_wt_1_A_22_S_rep2.pdb
-88.994,0.76,-1304.589,-2.251,-718.901,-1.184,446.654,-4.031,relaxed_wt_1_A_26_D_rep3.pdb
-88.57,1.184,-1297.527,4.811,-715.774,1.943,458.676,7.991,relaxed_wt_1_A_80_W_rep5.pdb
-89.796,-0.042,-1299.766,2.572,-718.773,-1.056,450.098,-0.587,relaxed_wt_1_A_83_D_rep1.pdb
-88.581,1.173,-1300.609,1.729,-718.785,-1.068,447.385,-3.3,relaxed_wt_1_B_59_M_rep2.pdb
-89.767,-0.013,-1301.841,0.497,-718.873,-1.156,448.289,-2.396,relaxed_wt_1_B_56_T_rep1.pdb
-89.644,0.11,-1301.7,0.638,-718.952,-1.235,449.684,-1.001,relaxed_wt_1_A_25_V_rep3.pdb
-89.454,0.3,-1299.043,3.294,-718.982,-1.265,451.564,0.879,relaxed_wt_1_A_87_D_rep4.pdb
-89.46,0.295,-1304.058,-1.72,-718.831,-1.114,447.073,-3.612,relaxed_wt_1_A_28_R_rep1.pdb
-89.577,0.177,-1302.37,-0.032,-719.031,-1.314,448.155,-2.53,relaxed_wt_1_A_74_T_rep2.pdb
-85.999,3.755,-1296.58,5.758,-717.478,0.239,457.047,6.362,relaxed_wt_1_A_27_F_rep1.pdb
-86.745,3.01,-1305.47,-3.132,-722.63,-4.913,445.314,-5.371,relaxed_wt_1_A_27_M_rep4.pdb
-89.626,0.129,-1239.155,63.183,-718.44,-0.723,230.849,-219.836,relaxed_wt_1_A_22_W_rep3.pdb
-88.529,1.225,-1295.599,6.739,-718.344,-0.628,454.392,3.707,relaxed_wt_1_A_26_P_rep1.pdb
-88.193,1.561,-1301.526,0.811,-718.708,-0.991,449.955,-0.73,relaxed_wt_1_B_102_Q_rep1.pdb
-88.881,0.873,-1300.895,1.443,-718.844,-1.127,447.977,-2.708,relaxed_wt_1_A_85_L_rep1.pdb
-90.182,-0.428,-1295.799,6.539,-719.075,-1.358,455.806,5.121,relaxed_wt_1_A_37_T_rep5.pdb
-89.612,0.142,-1301.656,0.682,-718.879,-1.162,450.294,-0.391,relaxed_wt_1_B_12_G_rep4.pdb
-88.076,1.678,-1298.539,3.799,-718.761,-1.044,447.976,-2.709,relaxed_wt_1_B_58_R_rep4.pdb
-89.533,0.221,-1279.134,23.204,-717.994,-0.277,465.511,14.825,relaxed_wt_1_A_25_R_rep1.pdb
-93.32,-3.566,-1305.611,-3.273,-718.327,-0.611,449.72,-0.965,relaxed_wt_1_A_34_Q_rep3.pdb
-92.051,-2.296,-1302.245,0.093,-718.238,-0.521,450.089,-0.596,relaxed_wt_1_A_32_H_rep4.pdb
-88.251,1.503,-1297.654,4.684,-719.003,-1.286,452.741,2.056,relaxed_wt_1_B_58_N_rep3.pdb
-87.472,2.282,-1304.889,-2.551,-721.404,-3.687,444.768,-5.917,relaxed_wt_1_A_28_A_rep2.pdb
-89.756,-0.002,-1299.019,3.319,-718.758,-1.042,451.811,1.126,relaxed_wt_1_A_76_H_rep3.pdb
-90.018,-0.263,-1301.581,0.757,-718.9,-1.183,449.85,-0.835,relaxed_wt_1_A_24_T_rep4.pdb
-89.323,0.432,-1303.614,-1.276,-719.031,-1.315,449.815,-0.87,relaxed_wt_1_B_98_T_rep4.pdb
-89.504,0.25,-1303.748,-1.41,-718.939,-1.222,445.431,-5.254,relaxed_wt_1_B_57_N_rep4.pdb
-89.479,0.275,-1291.833,10.505,-718.382,-0.665,458.684,7.999,relaxed_wt_1_A_37_V_rep2.pdb
-93.689,-3.935,-1302.726,-0.388,-717.934,-0.218,451.19,0.505,relaxed_wt_1_B_98_H_rep2.pdb
-89.552,0.203,-1303.611,-1.273,-718.702,-0.985,446.723,-3.962,relaxed_wt_1_A_22_V_rep5.pdb
-89.275,0.48,-1304.95,-2.612,-718.885,-1.168,445.783,-4.902,relaxed_wt_1_A_79_E_rep2.pdb
-89.319,0.435,-1295.062,7.276,-719.426,-1.709,455.905,5.22,relaxed_wt_1_B_59_F_rep1.pdb
-89.545,0.209,-1301.314,1.024,-718.866,-1.149,448.93,-1.755,relaxed_wt_1_A_83_K_rep2.pdb
-88.389,1.366,-1302.019,0.319,-719.041,-1.324,448.069,-2.616,relaxed_wt_1_B_102_K_rep4.pdb
-89.688,0.066,-1292.871,9.467,-718.836,-1.119,447.055,-3.63,relaxed_wt_1_A_72_I_rep1.pdb
-89.514,0.24,-1293.004,9.334,-718.971,-1.254,459.829,9.144,relaxed_wt_1_A_23_G_rep3.pdb
-89.551,0.203,-1303.207,-0.869,-718.929,-1.212,446.082,-4.603,relaxed_wt_1_B_56_N_rep5.pdb
-95.605,-5.851,-1305.648,-3.311,-717.984,-0.267,449.23,-1.455,relaxed_wt_1_B_57_W_rep3.pdb
-89.513,0.241,-1303.49,-1.152,-719.104,-1.387,443.589,-7.096,relaxed_wt_1_A_81_H_rep4.pdb
-86.473,3.281,-1263.021,39.317,-718.826,-1.109,487.015,36.329,relaxed_wt_1_A_83_P_rep1.pdb
-87.272,2.482,-1291.825,10.513,-718.968,-1.252,465.378,14.693,relaxed_wt_1_B_57_P_rep3.pdb
-87.924,1.83,-1230.691,71.647,-717.723,-0.007,506.189,55.504,relaxed_wt_1_A_72_P_rep2.pdb
-88.858,0.896,-1281.537,20.801,-719.612,-1.896,468.954,18.269,relaxed_wt_1_A_34_P_rep3.pdb
-82.029,7.725,-1272.064,30.274,-700.697,17.02,457.38,6.695,relaxed_wt_1_A_75_R_rep4.pdb
-88.805,0.949,-1297.1,5.238,-718.913,-1.196,453.324,2.639,relaxed_wt_1_A_85_Y_rep3.pdb
-86.784,2.97,-1297.388,4.95,-717.787,-0.07,451.204,0.519,relaxed_wt_1_A_84_H_rep4.pdb
-87.601,2.153,-1300.644,1.693,-718.878,-1.161,448.085,-2.6,relaxed_wt_1_A_36_Q_rep1.pdb
-84.544,5.211,-1299.652,2.686,-718.982,-1.265,452.065,1.38,relaxed_wt_1_B_55_Y_rep5.pdb
-89.522,0.233,-1302.909,-0.571,-718.894,-1.177,446.294,-4.392,relaxed_wt_1_A_21_H_rep4.pdb
-89.49,0.264,-1304.086,-1.748,-718.934,-1.217,446.511,-4.174,relaxed_wt_1_B_98_K_rep1.pdb
-89.519,0.235,-1298.961,3.377,-719.346,-1.629,454.722,4.037,relaxed_wt_1_A_71_G_rep2.pdb
-89.551,0.203,-1303.811,-1.473,-718.962,-1.245,447.579,-3.106,relaxed_wt_1_B_11_A_rep2.pdb
-87.846,1.909,-1301.032,1.306,-718.975,-1.258,446.475,-4.21,relaxed_wt_1_A_26_L_rep1.pdb
-89.643,0.111,-1303.085,-0.747,-718.713,-0.997,444.583,-6.102,relaxed_wt_1_B_17_A_rep5.pdb
-87.894,1.861,-1299.045,3.292,-717.693,0.024,448.579,-2.106,relaxed_wt_1_A_73_C_rep5.pdb
-88.634,1.12,-1296.946,5.392,-718.806,-1.089,454.275,3.59,relaxed_wt_1_A_71_H_rep4.pdb
-89.967,-0.213,-1298.923,3.415,-716.933,0.784,455.246,4.561,relaxed_wt_1_A_36_F_rep4.pdb
-86.457,3.297,-1298.709,3.629,-719.09,-1.373,448.047,-2.638,relaxed_wt_1_A_78_G_rep2.pdb
-78.83,10.924,-1291.293,11.045,-717.284,0.433,451.671,0.986,relaxed_wt_1_A_38_K_rep3.pdb
-89.566,0.188,-1303.678,-1.34,-718.93,-1.213,447.318,-3.367,relaxed_wt_1_A_21_E_rep4.pdb
-89.484,0.271,-1296.52,5.817,-718.857,-1.14,453.369,2.684,relaxed_wt_1_A_72_A_rep2.pdb
-89.955,-0.201,-1300.763,1.575,-719.429,-1.713,450.961,0.276,relaxed_wt_1_A_26_W_rep3.pdb
-89.395,0.359,-1300.68,1.658,-719.016,-1.299,449.728,-0.957,relaxed_wt_1_A_39_T_rep5.pdb
-87.274,2.48,-1293.413,8.925,-717.897,-0.181,456.982,6.297,relaxed_wt_1_A_75_N_rep2.pdb
-90.136,-0.382,-1304.761,-2.423,-718.947,-1.231,446.588,-4.097,relaxed_wt_1_A_79_Q_rep1.pdb
-90.852,-1.098,-1301.514,0.824,-718.694,-0.978,450.868,0.183,relaxed_wt_1_B_102_E_rep3.pdb
-85.627,4.128,-1299.193,3.145,-719.119,-1.403,444.429,-6.256,relaxed_wt_1_A_77_D_rep2.pdb
-84.741,5.013,-1300.156,2.182,-718.853,-1.136,449.688,-0.997,relaxed_wt_1_A_38_Y_rep3.pdb
-89.865,-0.111,-1282.486,19.852,-718.784,-1.067,475.424,24.739,relaxed_wt_1_B_14_N_rep4.pdb
-89.697,0.058,-1303.134,-0.796,-719.084,-1.367,447.089,-3.596,relaxed_wt_1_A_80_R_rep1.pdb
-95.669,-5.915,-1306.02,-3.683,-717.907,-0.19,448.243,-2.442,relaxed_wt_1_B_57_W_rep1.pdb
-89.158,0.596,-1262.883,39.455,-718.633,-0.916,449.751,-0.935,relaxed_wt_1_A_23_I_rep1.pdb
-89.586,0.168,-1305.49,-3.152,-718.862,-1.145,445.104,-5.581,relaxed_wt_1_B_12_L_rep2.pdb
-89.377,0.377,-1299.753,2.585,-718.96,-1.243,451.292,0.607,relaxed_wt_1_B_59_S_rep2.pdb
-89.495,0.26,-1303.785,-1.447,-718.94,-1.223,446.498,-4.187,relaxed_wt_1_A_32_R_rep3.pdb
-88.165,1.589,-1258.036,44.302,-718.212,-0.495,332.554,-118.131,relaxed_wt_1_B_14_I_rep3.pdb
-89.484,0.27,-1304.004,-1.666,-718.868,-1.151,447.676,-3.009,relaxed_wt_1_A_34_N_rep4.pdb
-86.789,2.966,-1260.996,41.342,-715.318,2.399,457.239,6.554,relaxed_wt_1_A_72_W_rep4.pdb
-90.026,-0.272,-1300.784,1.554,-716.754,0.963,453.215,2.53,relaxed_wt_1_A_36_Y_rep2.pdb
-88.718,1.037,-1303.819,-1.481,-719.136,-1.419,443.575,-7.11,relaxed_wt_1_B_101_K_rep4.pdb
-92.549,-2.795,-1303.744,-1.406,-716.93,0.787,448.493,-2.192,relaxed_wt_1_B_12_F_rep3.pdb
-89.099,0.655,-1278.432,23.906,-718.846,-1.129,444.106,-6.579,relaxed_wt_1_A_23_V_rep3.pdb
-82.432,7.323,-1289.013,13.325,-717.602,0.115,459.558,8.872,relaxed_wt_1_A_75_E_rep4.pdb
-86.994,2.76,-1300.785,1.553,-718.315,-0.598,446.372,-4.313,relaxed_wt_1_B_101_D_rep1.pdb
-86.779,2.976,-1297.519,4.819,-717.952,-0.236,449.638,-1.048,relaxed_wt_1_A_84_H_rep1.pdb
-83.605,6.15,-1296.346,5.992,-718.886,-1.169,446.462,-4.223,relaxed_wt_1_A_38_W_rep3.pdb
-90.433,-0.679,-1305.13,-2.792,-720.773,-3.056,446.561,-4.124,relaxed_wt_1_B_57_L_rep3.pdb
-90.004,-0.25,-1298.948,3.39,-718.962,-1.245,452.611,1.926,relaxed_wt_1_B_100_W_rep1.pdb
-89.832,-0.078,-1295.807,6.531,-719.097,-1.38,455.368,4.683,relaxed_wt_1_A_37_C_rep5.pdb
-88.964,0.79,-1301.304,1.033,-719.191,-1.474,450.736,0.051,relaxed_wt_1_A_86_I_rep1.pdb
-89.553,0.201,-1304.399,-2.061,-719.314,-1.597,446.977,-3.708,relaxed_wt_1_A_29_Q_rep1.pdb
-86.981,2.773,-1300.048,2.29,-718.789,-1.072,455.964,5.279,relaxed_wt_1_A_40_I_rep1.pdb
-89.616,0.138,-1301.49,0.847,-718.959,-1.242,446.456,-4.229,relaxed_wt_1_A_78_M_rep2.pdb
-89.492,0.262,-1303.549,-1.211,-718.803,-1.086,447.039,-3.646,relaxed_wt_1_B_101_T_rep1.pdb
-89.794,-0.04,-1291.987,10.351,-718.676,-0.959,453.194,2.509,relaxed_wt_1_A_25_H_rep5.pdb
-89.342,0.412,-1299.065,3.273,-718.91,-1.193,449.63,-1.055,relaxed_wt_1_A_79_F_rep4.pdb
-86.478,3.276,-1231.23,71.108,-717.759,-0.043,507.846,57.161,relaxed_wt_1_A_72_P_rep4.pdb
-86.92,2.834,-1300.497,1.84,-716.789,0.928,453.16,2.475,relaxed_wt_1_A_40_L_rep1.pdb
-89.564,0.191,-1297.617,4.721,-717.917,-0.2,457.413,6.728,relaxed_wt_1_A_82_C_rep2.pdb
-89.57,0.184,-1304.328,-1.99,-718.957,-1.24,447.056,-3.629,relaxed_wt_1_A_71_V_rep5.pdb
-89.565,0.189,-1295.618,6.72,-718.793,-1.076,455.566,4.881,relaxed_wt_1_A_83_G_rep4.pdb
-89.576,0.179,-1303.317,-0.979,-718.879,-1.162,446.628,-4.057,relaxed_wt_1_A_86_S_rep5.pdb
-89.328,0.427,-1286.75,15.588,-718.816,-1.099,466.504,15.819,relaxed_wt_1_A_80_I_rep1.pdb
-85.838,3.916,-1299.786,2.552,-720.219,-2.503,449.389,-1.296,relaxed_wt_1_A_27_H_rep3.pdb
-88.873,0.882,-1296.095,6.243,-718.081,-0.364,458.033,7.348,relaxed_wt_1_A_82_H_rep4.pdb
-81.515,8.239,-1287.42,14.918,-717.955,-0.238,482.209,31.524,relaxed_wt_1_A_41_E_rep5.pdb
-91.243,-1.488,-1289.431,12.907,-718.091,-0.374,454.855,4.17,relaxed_wt_1_B_100_P_rep1.pdb
-89.574,0.18,-1292.492,9.846,-718.819,-1.102,457.797,7.112,relaxed_wt_1_A_31_H_rep3.pdb
-89.6,0.154,-1303.52,-1.182,-718.478,-0.761,448.618,-2.067,relaxed_wt_1_B_102_A_rep2.pdb
-93.517,-3.763,-1305.939,-3.602,-718.724,-1.007,450.259,-0.426,relaxed_wt_1_B_57_F_rep2.pdb
-88.265,1.489,-1297.295,5.043,-717.594,0.123,461.038,10.353,relaxed_wt_1_A_41_V_rep2.pdb
-89.558,0.196,-1298.293,4.045,-718.986,-1.269,455.486,4.8,relaxed_wt_1_A_21_I_rep4.pdb
-89.457,0.298,-1297.962,4.376,-718.984,-1.267,457.205,6.52,relaxed_wt_1_A_22_K_rep1.pdb
-87.809,1.946,-1299.778,2.56,-718.651,-0.934,449.776,-0.909,relaxed_wt_1_A_77_Q_rep2.pdb
-89.719,0.035,-1297.379,4.959,-717.876,-0.159,454.146,3.461,relaxed_wt_1_A_76_N_rep5.pdb
-86.576,3.178,-1300.021,2.317,-719.524,-1.807,447.615,-3.07,relaxed_wt_1_A_80_E_rep3.pdb
-89.5,0.254,-1300.485,1.853,-718.944,-1.228,450.072,-0.613,relaxed_wt_1_A_34_K_rep2.pdb
-90.124,-0.37,-1300.604,1.734,-718.634,-0.917,450.492,-0.193,relaxed_wt_1_A_24_S_rep4.pdb
-89.526,0.228,-1299.785,2.553,-718.872,-1.155,446.478,-4.207,relaxed_wt_1_A_22_D_rep4.pdb
-89.786,-0.032,-1302.132,0.206,-718.738,-1.021,449.125,-1.56,relaxed_wt_1_A_83_E_rep5.pdb
-88.424,1.33,-1297.151,5.186,-718.2,-0.484,456.281,5.596,relaxed_wt_1_A_78_P_rep1.pdb
-89.438,0.316,-1306.208,-3.87,-721.464,-3.747,444.733,-5.952,relaxed_wt_1_A_81_R_rep4.pdb
-76.63,13.124,-1223.97,78.368,-698.582,19.135,488.883,38.198,relaxed_wt_1_A_74_P_rep2.pdb
-88.294,1.46,-1305.564,-3.226,-722.211,-4.494,447.033,-3.652,relaxed_wt_1_A_29_E_rep5.pdb
-91.535,-1.781,-1304.87,-2.533,-718.926,-1.209,447.105,-3.58,relaxed_wt_1_B_57_H_rep2.pdb
-89.914,-0.16,-1301.092,1.246,-718.081,-0.364,446.153,-4.532,relaxed_wt_1_A_83_Y_rep4.pdb
-83.368,6.386,-1299.169,3.169,-719.023,-1.306,448.554,-2.131,relaxed_wt_1_A_35_R_rep2.pdb
-88.368,1.386,-1303.883,-1.545,-719.101,-1.384,445.186,-5.499,relaxed_wt_1_A_80_N_rep2.pdb
-89.56,0.194,-1303.802,-1.464,-718.969,-1.252,446.703,-3.982,relaxed_wt_1_A_40_W_rep2.pdb
-89.33,0.424,-1285.146,17.192,-717.994,-0.278,467.128,16.443,relaxed_wt_1_A_37_R_rep4.pdb
-84.579,5.175,-1295.573,6.765,-715.131,2.585,449.332,-1.353,relaxed_wt_1_A_35_Y_rep3.pdb
-86.239,3.515,-1298.669,3.669,-717.912,-0.195,447.061,-3.624,relaxed_wt_1_A_33_D_rep5.pdb
-89.955,-0.201,-1302.411,-0.073,-718.701,-0.984,446.005,-4.68,relaxed_wt_1_A_24_Y_rep3.pdb
-88.988,0.766,-1303.002,-0.664,-719.245,-1.528,447.643,-3.042,relaxed_wt_1_A_80_K_rep2.pdb
-91.928,-2.174,-1300.189,2.149,-717.92,-0.203,453.244,2.559,relaxed_wt_1_B_98_F_rep4.pdb
-87.347,2.407,-1300.038,2.3,-718.899,-1.182,453.204,2.519,relaxed_wt_1_A_38_C_rep5.pdb
-89.073,0.681,-1302.352,-0.014,-719.119,-1.402,448.569,-2.116,relaxed_wt_1_A_32_N_rep2.pdb
-89.506,0.248,-1301.829,0.509,-719.2,-1.484,444.655,-6.03,relaxed_wt_1_A_81_F_rep2.pdb
-91.028,-1.274,-1305.027,-2.689,-718.573,-0.856,446.214,-4.471,relaxed_wt_1_B_102_L_rep5.pdb
-89.946,-0.191,-1301.318,1.02,-718.807,-1.09,448.692,-1.994,relaxed_wt_1_A_24_I_rep5.pdb
-80.961,8.794,-1292.665,9.672,-717.447,0.27,450.545,-0.14,relaxed_wt_1_B_55_W_rep2.pdb
-89.16,0.594,-1300.814,1.524,-718.038,-0.322,451.302,0.617,relaxed_wt_1_A_34_Y_rep5.pdb
-89.531,0.224,-1304.057,-1.719,-718.891,-1.174,446.393,-4.292,relaxed_wt_1_B_102_V_rep4.pdb
-89.676,0.078,-1293.065,9.273,-718.923,-1.206,458.973,8.288,relaxed_wt_1_A_30_G_rep3.pdb
-87.349,2.405,-1302.226,0.112,-717.497,0.22,449.791,-0.895,relaxed_wt_1_A_40_F_rep1.pdb
-89.672,0.083,-1294.158,8.18,-718.926,-1.21,456.171,5.485,relaxed_wt_1_A_25_A_rep5.pdb
-89.363,0.391,-1293.406,8.932,-718.788,-1.071,460.277,9.592,relaxed_wt_1_A_76_F_rep1.pdb
-89.642,0.112,-1299.066,3.272,-718.957,-1.241,450.103,-0.582,relaxed_wt_1_B_17_I_rep2.pdb
-89.275,0.479,-1282.309,20.029,-719.002,-1.285,470.305,19.62,relaxed_wt_1_B_11_P_rep2.pdb
-89.567,0.187,-1303.742,-1.404,-718.917,-1.2,445.12,-5.565,relaxed_wt_1_A_37_F_rep1.pdb
-83.303,6.451,-1296.878,5.46,-721.757,-4.04,452.913,2.228,relaxed_wt_1_A_28_Y_rep4.pdb
-87.378,2.377,-1297.738,4.6,-717.91,-0.194,449.39,-1.295,relaxed_wt_1_A_84_H_rep3.pdb
-89.602,0.152,-1298.922,3.416,-717.964,-0.248,451.102,0.417,relaxed_wt_1_A_87_K_rep1.pdb
-84.072,5.682,-1291.026,11.312,-719.082,-1.365,452.986,2.301,relaxed_wt_1_A_77_G_rep1.pdb
-90.584,-0.83,-1302.198,0.14,-719.077,-1.361,448.783,-1.902,relaxed_wt_1_A_36_C_rep4.pdb
-86.268,3.486,-1301.518,0.82,-719.012,-1.295,446.736,-3.949,relaxed_wt_1_A_35_S_rep4.pdb
-85.788,3.966,-1264.022,38.316,-718.069,-0.353,476.57,25.885,relaxed_wt_1_B_15_P_rep2.pdb
-86.413,3.341,-1301.499,0.839,-719.813,-2.096,446.847,-3.838,relaxed_wt_1_A_27_K_rep2.pdb
-89.544,0.21,-1300.065,2.273,-718.856,-1.14,449.973,-0.712,relaxed_wt_1_B_59_L_rep5.pdb
-89.662,0.092,-1303.933,-1.595,-718.805,-1.089,448.162,-2.523,relaxed_wt_1_A_21_E_rep5.pdb
-89.411,0.343,-1298.383,3.955,-719.149,-1.432,454.382,3.697,relaxed_wt_1_B_59_V_rep3.pdb
-89.546,0.209,-1303.784,-1.446,-718.974,-1.257,443.854,-6.831,relaxed_wt_1_B_54_N_rep3.pdb
-90.147,-0.393,-1301.231,1.107,-717.929,-0.212,451.773,1.088,relaxed_wt_1_A_78_R_rep1.pdb
-89.744,0.01,-1302.97,-0.632,-719.034,-1.317,449.233,-1.452,relaxed_wt_1_B_58_I_rep4.pdb
-89.726,0.028,-1296.802,5.536,-718.781,-1.065,454.782,4.097,relaxed_wt_1_A_41_G_rep3.pdb
-87.819,1.935,-1300.309,2.029,-718.681,-0.964,449.261,-1.424,relaxed_wt_1_A_77_Q_rep3.pdb
-84.545,5.209,-1295.393,6.945,-717.871,-0.154,450.906,0.221,relaxed_wt_1_A_84_N_rep4.pdb
-91.462,-1.708,-1301.849,0.489,-718.191,-0.475,450.592,-0.093,relaxed_wt_1_A_36_I_rep2.pdb
-87.703,2.051,-1302.936,-0.598,-719.035,-1.318,444.936,-5.749,relaxed_wt_1_A_81_T_rep5.pdb
-89.732,0.022,-1299.057,3.281,-718.64,-0.923,449.733,-0.953,relaxed_wt_1_A_25_L_rep4.pdb
-82.065,7.689,-1289.941,12.397,-718.188,-0.472,451.907,1.222,relaxed_wt_1_A_84_G_rep4.pdb
-90.142,-0.388,-1299.329,3.009,-719.149,-1.432,449.435,-1.25,relaxed_wt_1_A_39_L_rep3.pdb
-91.226,-1.472,-1302.47,-0.132,-719.015,-1.298,450.094,-0.591,relaxed_wt_1_A_32_I_rep1.pdb
-90.092,-0.338,-1298.394,3.944,-717.568,0.149,458.799,8.114,relaxed_wt_1_A_82_F_rep5.pdb
-89.482,0.272,-1300.908,1.43,-719.013,-1.296,449.52,-1.165,relaxed_wt_1_A_21_C_rep4.pdb
-87.088,2.666,-1296.4,5.938,-719.305,-1.588,453.445,2.76,relaxed_wt_1_A_27_I_rep3.pdb
-84.962,4.792,-1297.338,5.0,-718.609,-0.893,450.11,-0.575,relaxed_wt_1_B_15_K_rep2.pdb
-89.832,-0.078,-1302.208,0.13,-718.878,-1.161,449.153,-1.532,relaxed_wt_1_A_32_T_rep1.pdb
-89.817,-0.063,-1302.423,-0.085,-718.973,-1.256,445.9,-4.785,relaxed_wt_1_B_57_V_rep4.pdb
-89.952,-0.198,-1288.463,13.875,-718.74,-1.023,467.719,17.034,relaxed_wt_1_B_14_D_rep3.pdb
-89.881,-0.127,-1296.49,5.848,-718.927,-1.21,456.037,5.352,relaxed_wt_1_A_37_A_rep3.pdb
-82.645,7.109,-1289.289,13.049,-718.08,-0.363,452.547,1.862,relaxed_wt_1_A_84_G_rep1.pdb
-86.82,2.934,-1298.766,3.572,-717.585,0.132,451.13,0.445,relaxed_wt_1_A_73_V_rep4.pdb
-90.564,-0.809,-1300.688,1.65,-718.859,-1.142,452.493,1.808,relaxed_wt_1_B_59_M_rep4.pdb
-89.431,0.324,-1298.463,3.875,-718.89,-1.174,451.189,0.504,relaxed_wt_1_A_23_M_rep3.pdb
-89.889,-0.134,-1298.49,3.848,-718.801,-1.084,451.395,0.71,relaxed_wt_1_A_31_E_rep3.pdb
-87.951,1.803,-1298.253,4.085,-716.339,1.377,445.023,-5.662,relaxed_wt_1_B_55_Q_rep3.pdb
-90.489,-0.735,-1302.634,-0.296,-718.783,-1.066,448.379,-2.306,relaxed_wt_1_A_76_R_rep2.pdb
-89.046,0.708,-1304.152,-1.815,-718.831,-1.114,443.487,-7.198,relaxed_wt_1_B_17_N_rep3.pdb
-89.172,0.582,-1303.459,-1.121,-719.008,-1.291,450.048,-0.637,relaxed_wt_1_B_101_A_rep2.pdb
-87.475,2.28,-1297.348,4.99,-716.424,1.293,440.811,-9.874,relaxed_wt_1_B_15_R_rep2.pdb
-89.033,0.722,-1293.963,8.375,-718.266,-0.549,456.778,6.093,relaxed_wt_1_A_74_F_rep5.pdb
-91.791,-2.036,-1301.568,0.77,-716.28,1.437,444.641,-6.044,relaxed_wt_1_B_15_D_rep3.pdb
-89.271,0.483,-1301.08,1.258,-719.185,-1.469,447.102,-3.583,relaxed_wt_1_A_34_G_rep4.pdb
-88.967,0.787,-1300.53,1.808,-718.663,-0.946,452.588,1.903,relaxed_wt_1_B_54_P_rep3.pdb
-91.517,-1.762,-1302.629,-0.291,-718.373,-0.656,450.9,0.215,relaxed_wt_1_B_57_R_rep5.pdb
-84.773,4.981,-1302.291,0.047,-718.536,-0.82,444.637,-6.048,relaxed_wt_1_A_40_Y_rep2.pdb
-87.651,2.104,-1300.477,1.861,-718.9,-1.184,446.173,-4.512,relaxed_wt_1_A_36_K_rep2.pdb
-89.471,0.283,-1294.927,7.411,-719.042,-1.325,457.058,6.373,relaxed_wt_1_A_25_E_rep3.pdb
-85.453,4.302,-1296.145,6.193,-718.148,-0.431,448.415,-2.27,relaxed_wt_1_A_84_L_rep4.pdb
-87.204,2.55,-1282.679,19.659,-718.198,-0.481,475.895,25.21,relaxed_wt_1_B_55_P_rep5.pdb
-88.965,0.789,-1301.766,0.572,-718.928,-1.211,446.587,-4.098,relaxed_wt_1_B_54_T_rep3.pdb
-91.032,-1.278,-1305.239,-2.901,-718.845,-1.128,447.663,-3.022,relaxed_wt_1_A_28_K_rep4.pdb
-89.931,-0.176,-1302.604,-0.266,-719.028,-1.312,449.473,-1.212,relaxed_wt_1_B_57_Q_rep4.pdb
-86.318,3.436,-1300.827,1.511,-722.102,-4.386,448.497,-2.188,relaxed_wt_1_B_57_G_rep4.pdb
-82.625,7.13,-1271.758,30.58,-718.469,-0.752,472.591,21.906,relaxed_wt_1_A_38_P_rep2.pdb
-89.311,0.443,-1299.541,2.797,-718.9,-1.183,450.061,-0.624,relaxed_wt_1_B_59_A_rep4.pdb
-89.91,-0.156,-1301.682,0.656,-718.82,-1.103,447.18,-3.505,relaxed_wt_1_A_24_V_rep2.pdb
-87.677,2.077,-1299.417,2.921,-717.698,0.019,442.573,-8.112,relaxed_wt_1_B_15_F_rep2.pdb
-90.98,-1.226,-1303.749,-1.411,-718.81,-1.094,449.922,-0.763,relaxed_wt_1_B_102_M_rep4.pdb
-89.655,0.099,-1302.288,0.05,-718.824,-1.107,450.463,-0.223,relaxed_wt_1_A_41_A_rep2.pdb
-89.637,0.117,-1297.506,4.832,-719.001,-1.285,452.74,2.055,relaxed_wt_1_A_76_G_rep2.pdb
-87.765,1.989,-1300.099,2.239,-718.783,-1.066,447.975,-2.71,relaxed_wt_1_A_73_C_rep1.pdb
-89.621,0.134,-1296.163,6.175,-718.973,-1.256,453.643,2.958,relaxed_wt_1_A_31_R_rep3.pdb
-90.254,-0.5,-1279.254,23.084,-717.684,0.033,456.827,6.142,relaxed_wt_1_A_39_R_rep2.pdb
-91.084,-1.329,-1303.029,-0.691,-718.171,-0.455,446.952,-3.733,relaxed_wt_1_B_56_W_rep2.pdb
-90.677,-0.922,-1299.875,2.463,-718.82,-1.103,450.323,-0.363,relaxed_wt_1_B_102_W_rep5.pdb
-89.552,0.202,-1300.079,2.259,-719.022,-1.306,447.603,-3.082,relaxed_wt_1_A_23_S_rep3.pdb
-88.38,1.374,-1301.802,0.536,-719.151,-1.434,448.115,-2.57,relaxed_wt_1_A_26_E_rep2.pdb
-89.508,0.246,-1300.144,2.194,-719.24,-1.523,451.973,1.288,relaxed_wt_1_B_59_S_rep5.pdb
-85.563,4.191,-1296.721,5.617,-715.755,1.962,459.046,8.361,relaxed_wt_1_A_35_L_rep1.pdb
-88.669,1.085,-1302.4,-0.062,-719.124,-1.408,445.22,-5.466,relaxed_wt_1_A_36_S_rep2.pdb
-89.296,0.459,-1282.012,20.326,-718.738,-1.021,471.847,21.162,relaxed_wt_1_B_11_P_rep1.pdb
-88.186,1.569,-1302.92,-0.583,-718.129,-0.412,447.269,-3.416,relaxed_wt_1_A_81_V_rep5.pdb
-90.549,-0.795,-1302.288,0.05,-719.17,-1.453,447.725,-2.96,relaxed_wt_1_A_36_C_rep2.pdb
-89.414,0.341,-1280.395,21.943,-718.824,-1.107,475.98,25.295,relaxed_wt_1_A_72_E_rep1.pdb
-89.813,-0.059,-1302.466,-0.128,-718.878,-1.161,450.131,-0.554,relaxed_wt_1_B_57_T_rep1.pdb
-89.69,0.064,-1293.79,8.548,-718.463,-0.746,457.124,6.439,relaxed_wt_1_A_37_L_rep3.pdb
-87.537,2.217,-1296.082,6.256,-718.911,-1.195,451.993,1.308,relaxed_wt_1_A_31_C_rep4.pdb
-89.674,0.08,-1297.006,5.331,-714.885,2.832,450.035,-0.65,relaxed_wt_1_B_98_Y_rep4.pdb
-81.603,8.151,-1293.224,9.113,-718.554,-0.837,454.404,3.719,relaxed_wt_1_A_77_K_rep2.pdb
-90.705,-0.951,-1302.138,0.2,-717.836,-0.12,445.601,-5.084,relaxed_wt_1_A_32_E_rep3.pdb
-88.94,0.814,-1302.41,-0.072,-718.958,-1.242,448.856,-1.829,relaxed_wt_1_B_57_E_rep2.pdb
-90.403,-0.649,-1302.367,-0.029,-718.765,-1.048,448.061,-2.624,relaxed_wt_1_A_35_C_rep4.pdb
-89.887,-0.133,-1304.38,-2.043,-718.616,-0.899,445.874,-4.811,relaxed_wt_1_A_73_M_rep5.pdb
-93.366,-3.612,-1303.098,-0.76,-716.273,1.444,442.583,-8.102,relaxed_wt_1_A_34_V_rep5.pdb
-88.322,1.432,-1301.377,0.961,-718.666,-0.95,459.763,9.078,relaxed_wt_1_B_54_H_rep2.pdb
-89.541,0.214,-1303.798,-1.46,-719.044,-1.327,446.805,-3.88,relaxed_wt_1_A_33_T_rep4.pdb
-86.897,2.857,-1297.691,4.647,-718.909,-1.193,452.674,1.989,relaxed_wt_1_B_55_K_rep2.pdb
-92.78,-3.026,-1300.375,1.963,-718.37,-0.653,453.441,2.756,relaxed_wt_1_B_13_E_rep1.pdb
-91.631,-1.877,-1275.148,27.19,-716.767,0.95,400.84,-49.845,relaxed_wt_1_B_14_L_rep3.pdb
-87.645,2.109,-1297.862,4.476,-718.952,-1.236,451.156,0.471,relaxed_wt_1_A_77_A_rep3.pdb
-89.318,0.436,-1302.349,-0.011,-719.045,-1.329,449.76,-0.925,relaxed_wt_1_B_100_T_rep5.pdb
-89.464,0.29,-1299.938,2.4,-718.931,-1.214,450.056,-0.629,relaxed_wt_1_B_100_G_rep1.pdb
-89.631,0.123,-1304.01,-1.672,-718.813,-1.096,446.589,-4.096,relaxed_wt_1_A_34_N_rep3.pdb
-88.227,1.527,-1302.509,-0.171,-718.072,-0.356,444.785,-5.9,relaxed_wt_1_A_81_I_rep1.pdb
-89.411,0.343,-1300.232,2.106,-718.944,-1.228,450.608,-0.077,relaxed_wt_1_B_59_D_rep3.pdb
-88.847,0.907,-1303.943,-1.605,-719.247,-1.53,446.774,-3.911,relaxed_wt_1_A_86_P_rep5.pdb
-87.081,2.673,-1300.105,2.233,-720.564,-2.847,451.53,0.844,relaxed_wt_1_A_28_F_rep2.pdb
-88.531,1.224,-1300.801,1.537,-718.986,-1.269,447.457,-3.228,relaxed_wt_1_A_81_A_rep3.pdb
-89.535,0.22,-1303.559,-1.221,-718.715,-0.998,446.435,-4.25,relaxed_wt_1_A_78_V_rep5.pdb
-90.417,-0.662,-1303.543,-1.205,-718.323,-0.606,446.961,-3.724,relaxed_wt_1_B_101_E_rep4.pdb
-87.572,2.182,-1300.495,1.843,-718.798,-1.081,447.758,-2.927,relaxed_wt_1_A_36_Q_rep5.pdb
-88.654,1.1,-1296.587,5.751,-718.967,-1.25,453.498,2.813,relaxed_wt_1_A_71_H_rep1.pdb
-88.081,1.673,-1301.374,0.964,-718.445,-0.728,445.388,-5.297,relaxed_wt_1_B_101_N_rep4.pdb
-89.189,0.566,-1298.158,4.18,-718.888,-1.171,449.829,-0.857,relaxed_wt_1_B_100_I_rep5.pdb
-87.026,2.729,-1298.411,3.927,-717.334,0.383,445.861,-4.824,relaxed_wt_1_B_15_W_rep2.pdb
-90.354,-0.6,-1291.792,10.546,-717.898,-0.181,439.762,-10.923,relaxed_wt_1_A_30_Y_rep1.pdb
-89.234,0.52,-1302.555,-0.217,-718.468,-0.751,462.203,11.518,relaxed_wt_1_B_54_Y_rep3.pdb
-89.556,0.198,-1304.083,-1.745,-718.856,-1.139,446.467,-4.218,relaxed_wt_1_A_71_Q_rep2.pdb
-87.975,1.779,-1302.437,-0.099,-721.851,-4.134,449.409,-1.276,relaxed_wt_1_A_26_A_rep2.pdb
-89.799,-0.044,-1301.807,0.531,-718.851,-1.134,451.238,0.553,relaxed_wt_1_B_56_T_rep5.pdb
-87.768,1.986,-1305.935,-3.597,-721.718,-4.002,447.899,-2.786,relaxed_wt_1_A_28_E_rep2.pdb
-90.666,-0.912,-1306.09,-3.752,-718.999,-1.282,446.274,-4.411,relaxed_wt_1_A_79_K_rep5.pdb
-89.416,0.338,-1296.379,5.958,-718.821,-1.104,454.08,3.395,relaxed_wt_1_A_39_N_rep3.pdb
-89.55,0.204,-1303.602,-1.264,-718.874,-1.158,446.741,-3.945,relaxed_wt_1_B_59_Q_rep2.pdb
-88.115,1.639,-1300.545,1.792,-719.006,-1.289,448.296,-2.389,relaxed_wt_1_A_81_M_rep1.pdb
-89.142,0.612,-1295.474,6.864,-719.13,-1.414,453.3,2.615,relaxed_wt_1_A_33_V_rep2.pdb
-89.494,0.26,-1303.574,-1.236,-718.699,-0.982,444.055,-6.63,relaxed_wt_1_B_56_H_rep2.pdb
-89.77,-0.016,-1302.134,0.204,-718.432,-0.715,449.089,-1.596,relaxed_wt_1_B_56_Y_rep3.pdb
-89.719,0.036,-1303.321,-0.983,-718.812,-1.095,441.917,-8.768,relaxed_wt_1_B_17_S_rep2.pdb
-90.066,-0.312,-1301.686,0.651,-718.618,-0.901,450.893,0.208,relaxed_wt_1_B_54_M_rep5.pdb
-88.473,1.281,-1300.112,2.226,-718.763,-1.046,450.538,-0.147,relaxed_wt_1_A_85_H_rep5.pdb
-89.537,0.217,-1296.234,6.104,-718.959,-1.242,452.699,2.014,relaxed_wt_1_A_39_A_rep4.pdb
-89.334,0.42,-1299.007,3.331,-718.933,-1.216,451.421,0.736,relaxed_wt_1_A_29_W_rep4.pdb
-89.452,0.302,-1304.058,-1.72,-718.886,-1.169,447.96,-2.725,relaxed_wt_1_A_74_K_rep2.pdb
-88.398,1.356,-1300.802,1.536,-719.144,-1.427,447.876,-2.809,relaxed_wt_1_A_81_A_rep5.pdb
-89.724,0.03,-1301.441,0.897,-718.967,-1.25,450.849,0.164,relaxed_wt_1_A_74_E_rep1.pdb
-82.053,7.701,-1289.836,12.502,-717.52,0.196,455.674,4.989,relaxed_wt_1_A_75_Q_rep2.pdb
-94.735,-4.98,-1300.485,1.853,-715.726,1.991,448.252,-2.433,relaxed_wt_1_B_55_R_rep1.pdb
-89.545,0.209,-1296.229,6.109,-718.856,-1.139,454.956,4.271,relaxed_wt_1_A_72_S_rep4.pdb
-79.035,10.719,-1283.979,18.359,-717.645,0.072,461.072,10.387,relaxed_wt_1_A_75_K_rep3.pdb
-88.631,1.123,-1300.915,1.423,-721.644,-3.928,449.438,-1.247,relaxed_wt_1_A_24_C_rep3.pdb
-89.523,0.231,-1302.516,-0.178,-718.989,-1.272,448.978,-1.707,relaxed_wt_1_A_86_A_rep4.pdb
-84.869,4.885,-1297.558,4.78,-717.412,0.305,454.645,3.96,relaxed_wt_1_A_38_I_rep1.pdb
-89.508,0.246,-1304.075,-1.737,-718.795,-1.079,448.228,-2.457,relaxed_wt_1_A_73_R_rep1.pdb
-89.67,0.084,-1301.634,0.704,-716.098,1.619,438.333,-12.352,relaxed_wt_1_B_55_S_rep4.pdb
-90.761,-1.007,-1292.904,9.434,-718.25,-0.534,461.92,11.234,relaxed_wt_1_A_30_W_rep2.pdb
-87.696,2.058,-1301.222,1.116,-719.225,-1.508,446.35,-4.335,relaxed_wt_1_A_28_G_rep4.pdb
-89.106,0.649,-1300.625,1.713,-718.712,-0.995,453.24,2.555,relaxed_wt_1_B_13_T_rep1.pdb
-89.573,0.181,-1304.291,-1.953,-718.959,-1.243,445.036,-5.649,relaxed_wt_1_A_87_A_rep3.pdb
-83.897,5.857,-1300.435,1.903,-719.398,-1.681,446.759,-3.926,relaxed_wt_1_A_38_N_rep4.pdb
-89.074,0.68,-1302.421,-0.083,-717.229,0.488,442.933,-7.752,relaxed_wt_1_B_12_Y_rep3.pdb
-89.547,0.207,-1303.693,-1.355,-718.891,-1.174,446.926,-3.759,relaxed_wt_1_A_36_N_rep4.pdb
-89.475,0.279,-1302.084,0.254,-719.04,-1.323,446.697,-3.988,relaxed_wt_1_A_29_D_rep4.pdb
-88.85,0.904,-1298.413,3.925,-716.644,1.073,453.817,3.132,relaxed_wt_1_A_80_W_rep3.pdb
-82.817,6.938,-1293.954,8.384,-718.35,-0.633,456.178,5.492,relaxed_wt_1_A_40_G_rep5.pdb
-89.504,0.25,-1301.667,0.671,-719.001,-1.284,452.132,1.447,relaxed_wt_1_A_29_N_rep1.pdb
-89.646,0.108,-1302.579,-0.241,-719.059,-1.343,450.691,0.006,relaxed_wt_1_B_12_C_rep2.pdb
-89.546,0.208,-1303.63,-1.292,-718.812,-1.095,446.985,-3.7,relaxed_wt_1_B_55_N_rep2.pdb
-89.628,0.126,-1294.923,7.415,-718.869,-1.152,456.976,6.291,relaxed_wt_1_A_39_D_rep1.pdb
-89.824,-0.07,-1299.163,3.175,-718.812,-1.096,449.987,-0.698,relaxed_wt_1_A_24_C_rep4.pdb
-89.776,-0.022,-1303.688,-1.35,-719.03,-1.313,447.256,-3.429,relaxed_wt_1_A_78_K_rep4.pdb
-88.394,1.36,-1267.116,35.222,-718.331,-0.614,476.774,26.089,relaxed_wt_1_B_59_P_rep4.pdb
-89.574,0.18,-1303.592,-1.254,-718.839,-1.122,448.077,-2.608,relaxed_wt_1_A_81_K_rep5.pdb
-86.997,2.757,-1298.79,3.548,-718.032,-0.315,450.466,-0.219,relaxed_wt_1_A_81_Y_rep2.pdb
-85.66,4.094,-1284.038,18.3,-719.431,-1.714,458.781,8.096,relaxed_wt_1_A_39_H_rep4.pdb
-89.853,-0.099,-1302.261,0.077,-718.727,-1.01,444.838,-5.847,relaxed_wt_1_A_24_Y_rep1.pdb
-89.954,-0.2,-1299.44,2.898,-718.892,-1.175,451.071,0.386,relaxed_wt_1_A_76_A_rep5.pdb
-85.215,4.539,-1298.667,3.671,-719.178,-1.461,443.666,-7.02,relaxed_wt_1_B_15_V_rep1.pdb
-86.8,2.955,-1300.395,1.943,-719.981,-2.264,450.114,-0.571,relaxed_wt_1_A_80_E_rep5.pdb
-89.595,0.159,-1303.804,-1.466,-719.089,-1.372,445.157,-5.528,relaxed_wt_1_A_78_Y_rep5.pdb
-88.918,0.837,-1296.606,5.732,-718.042,-0.325,454.178,3.493,relaxed_wt_1_A_82_G_rep1.pdb
-89.485,0.269,-1300.796,1.541,-718.783,-1.066,450.544,-0.141,relaxed_wt_1_B_102_H_rep5.pdb
-82.041,7.713,-1284.613,17.724,-716.498,1.219,469.127,18.442,relaxed_wt_1_B_55_F_rep2.pdb
-89.679,0.075,-1304.179,-1.841,-718.312,-0.596,444.615,-6.07,relaxed_wt_1_A_73_F_rep5.pdb
-89.756,-0.001,-1305.711,-3.373,-718.985,-1.268,448.197,-2.488,relaxed_wt_1_B_101_H_rep2.pdb
-85.458,4.296,-1297.063,5.275,-718.427,-0.71,454.573,3.888,relaxed_wt_1_A_77_W_rep4.pdb
-87.846,1.909,-1305.199,-2.861,-721.335,-3.619,445.009,-5.676,relaxed_wt_1_A_28_A_rep4.pdb
-86.112,3.642,-1297.624,4.713,-718.723,-1.007,452.742,2.057,relaxed_wt_1_B_58_Q_rep2.pdb
-85.424,4.33,-1300.408,1.929,-719.206,-1.489,441.23,-9.455,relaxed_wt_1_B_15_S_rep2.pdb
-89.558,0.196,-1302.382,-0.044,-719.009,-1.293,443.27,-7.415,relaxed_wt_1_A_21_F_rep4.pdb
-89.93,-0.176,-1300.316,2.022,-718.878,-1.161,448.438,-2.247,relaxed_wt_1_A_24_S_rep2.pdb
-89.919,-0.165,-1295.747,6.591,-718.768,-1.052,454.558,3.873,relaxed_wt_1_A_30_Q_rep3.pdb
-91.577,-1.822,-1301.446,0.892,-718.074,-0.358,454.227,3.542,relaxed_wt_1_A_32_W_rep4.pdb
-90.668,-0.913,-1301.318,1.02,-718.888,-1.171,451.163,0.478,relaxed_wt_1_B_57_C_rep3.pdb
-89.709,0.046,-1299.569,2.769,-719.077,-1.36,453.169,2.483,relaxed_wt_1_A_26_C_rep2.pdb
-89.311,0.444,-1301.584,0.754,-718.879,-1.163,448.604,-2.081,relaxed_wt_1_B_100_L_rep4.pdb
-87.361,2.393,-1296.658,5.68,-718.88,-1.163,450.812,0.127,relaxed_wt_1_A_73_G_rep1.pdb
-89.683,0.071,-1302.45,-0.112,-719.065,-1.349,448.683,-2.002,relaxed_wt_1_A_74_T_rep5.pdb
-89.733,0.021,-1300.499,1.839,-718.928,-1.211,449.873,-0.812,relaxed_wt_1_A_76_M_rep5.pdb
-89.526,0.228,-1303.599,-1.262,-718.885,-1.168,447.884,-2.801,relaxed_wt_1_A_33_T_rep2.pdb
-88.392,1.363,-1275.892,26.446,-721.05,-3.333,479.268,28.583,relaxed_wt_1_A_28_P_rep1.pdb
-87.536,2.218,-1294.392,7.946,-716.852,0.865,456.574,5.889,relaxed_wt_1_A_36_W_rep5.pdb
-89.54,0.214,-1296.024,6.314,-718.721,-1.004,455.092,4.407,relaxed_wt_1_A_83_G_rep3.pdb
-89.657,0.098,-1301.561,0.777,-718.871,-1.154,452.321,1.636,relaxed_wt_1_A_71_M_rep1.pdb
-88.405,1.349,-1299.746,2.591,-716.774,0.943,444.379,-6.306,relaxed_wt_1_B_15_W_rep3.pdb
-89.581,0.173,-1302.953,-0.615,-718.942,-1.225,448.893,-1.792,relaxed_wt_1_A_86_T_rep5.pdb
-87.261,2.493,-1301.122,1.215,-718.923,-1.207,444.762,-5.923,relaxed_wt_1_A_73_D_rep1.pdb
-89.655,0.099,-1303.298,-0.96,-718.789,-1.072,448.286,-2.399,relaxed_wt_1_B_101_I_rep1.pdb
-89.493,0.262,-1299.275,3.063,-718.819,-1.102,452.499,1.814,relaxed_wt_1_B_59_N_rep1.pdb
-89.564,0.191,-1271.148,31.19,-718.908,-1.192,478.401,27.716,relaxed_wt_1_B_11_D_rep4.pdb
-89.287,0.467,-1298.648,3.69,-718.864,-1.147,451.734,1.049,relaxed_wt_1_B_13_S_rep5.pdb
-89.59,0.164,-1304.07,-1.732,-719.257,-1.541,447.805,-2.88,relaxed_wt_1_A_29_L_rep1.pdb
-91.276,-1.522,-1305.231,-2.893,-718.534,-0.818,447.595,-3.09,relaxed_wt_1_B_102_L_rep2.pdb
-89.874,-0.12,-1295.425,6.913,-718.179,-0.462,455.733,5.048,relaxed_wt_1_B_58_K_rep3.pdb
-87.525,2.229,-1306.494,-4.156,-721.514,-3.797,444.719,-5.967,relaxed_wt_1_A_28_S_rep2.pdb
-92.994,-3.24,-1307.799,-5.461,-718.275,-0.559,438.761,-11.924,relaxed_wt_1_B_17_D_rep3.pdb
-85.458,4.296,-1301.146,1.192,-719.389,-1.672,448.89,-1.795,relaxed_wt_1_A_35_N_rep2.pdb
-89.239,0.516,-1294.487,7.85,-717.501,0.216,457.132,6.447,relaxed_wt_1_A_34_W_rep4.pdb
-90.19,-0.436,-1301.617,0.721,-719.528,-1.811,450.864,0.179,relaxed_wt_1_A_26_D_rep1.pdb
-89.49,0.265,-1301.305,1.033,-718.957,-1.24,448.006,-2.679,relaxed_wt_1_A_83_R_rep5.pdb
-87.572,2.182,-1300.35,1.988,-718.82,-1.103,449.649,-1.036,relaxed_wt_1_A_87_C_rep2.pdb
-92.949,-3.195,-1302.704,-0.366,-718.664,-0.947,449.869,-0.816,relaxed_wt_1_B_57_M_rep1.pdb
-87.257,2.497,-1303.389,-1.051,-718.886,-1.169,446.764,-3.921,relaxed_wt_1_A_83_I_rep1.pdb
-89.479,0.275,-1304.166,-1.828,-718.93,-1.214,443.279,-7.406,relaxed_wt_1_B_59_E_rep4.pdb
-86.016,3.738,-1285.866,16.472,-716.519,1.198,471.402,20.716,relaxed_wt_1_A_41_L_rep5.pdb
-89.665,0.089,-1297.359,4.979,-718.851,-1.134,452.126,1.441,relaxed_wt_1_A_76_G_rep5.pdb
-89.535,0.219,-1301.858,0.48,-718.839,-1.123,448.413,-2.272,relaxed_wt_1_A_87_S_rep5.pdb
-91.433,-1.678,-1304.502,-2.164,-719.48,-1.764,447.677,-3.008,relaxed_wt_1_A_36_A_rep3.pdb
-88.837,0.917,-1302.872,-0.534,-718.716,-0.999,447.464,-3.221,relaxed_wt_1_A_73_Q_rep4.pdb
-89.403,0.352,-1298.104,4.234,-718.825,-1.108,454.748,4.063,relaxed_wt_1_B_100_I_rep1.pdb
-89.58,0.174,-1300.937,1.401,-718.912,-1.195,450.669,-0.016,relaxed_wt_1_A_21_C_rep1.pdb
-81.653,8.102,-1293.518,8.82,-718.496,-0.779,455.853,5.168,relaxed_wt_1_A_77_K_rep1.pdb
-83.438,6.316,-1297.36,4.978,-718.22,-0.503,459.187,8.502,relaxed_wt_1_A_40_N_rep3.pdb
-89.998,-0.244,-1303.977,-1.639,-718.862,-1.145,441.275,-9.41,relaxed_wt_1_B_17_Q_rep4.pdb
-89.586,0.168,-1302.756,-0.419,-718.944,-1.228,449.163,-1.522,relaxed_wt_1_A_74_T_rep1.pdb
-87.125,2.629,-1301.0,1.338,-718.848,-1.131,445.752,-4.933,relaxed_wt_1_A_84_Y_rep5.pdb
-90.16,-0.406,-1297.903,4.435,-718.217,-0.5,452.826,2.141,relaxed_wt_1_A_37_H_rep2.pdb
-84.319,5.435,-1298.447,3.891,-717.616,0.101,452.009,1.324,relaxed_wt_1_A_35_R_rep5.pdb
-88.947,0.807,-1301.966,0.372,-718.216,-0.499,453.437,2.752,relaxed_wt_1_A_35_M_rep2.pdb
-88.841,0.913,-1303.541,-1.203,-718.809,-1.092,445.01,-5.676,relaxed_wt_1_A_79_H_rep1.pdb
-93.309,-3.555,-1281.743,20.595,-717.517,0.2,464.634,13.949,relaxed_wt_1_A_34_P_rep2.pdb
-89.643,0.111,-1299.293,3.045,-718.94,-1.223,453.931,3.246,relaxed_wt_1_B_14_G_rep3.pdb
-89.281,0.473,-1304.525,-2.187,-718.924,-1.208,447.145,-3.54,relaxed_wt_1_A_79_E_rep5.pdb
-88.801,0.953,-1296.382,5.956,-718.907,-1.19,455.668,4.983,relaxed_wt_1_A_85_G_rep4.pdb
-90.49,-0.736,-1302.548,-0.21,-718.653,-0.937,448.427,-2.258,relaxed_wt_1_A_76_K_rep5.pdb
-82.094,7.66,-1298.369,3.969,-719.29,-1.574,447.518,-3.167,relaxed_wt_1_A_38_D_rep4.pdb
-87.825,1.929,-1221.395,80.943,-717.965,-0.249,546.626,95.941,relaxed_wt_1_A_72_Y_rep3.pdb
-89.497,0.258,-1303.484,-1.146,-718.858,-1.141,447.279,-3.406,relaxed_wt_1_A_86_Q_rep2.pdb
-89.61,0.144,-1299.793,2.545,-718.875,-1.158,450.467,-0.218,relaxed_wt_1_A_79_Y_rep5.pdb
-90.667,-0.912,-1301.392,0.946,-719.006,-1.289,450.98,0.295,relaxed_wt_1_B_57_C_rep1.pdb
-89.913,-0.159,-1303.495,-1.157,-718.949,-1.233,448.213,-2.472,relaxed_wt_1_A_78_F_rep5.pdb
-89.026,0.728,-1300.322,2.016,-718.97,-1.253,449.574,-1.111,relaxed_wt_1_A_26_N_rep1.pdb
-91.585,-1.831,-1304.728,-2.39,-718.879,-1.163,449.245,-1.44,relaxed_wt_1_B_57_H_rep1.pdb
-89.49,0.265,-1304.492,-2.154,-719.024,-1.307,444.599,-6.086,relaxed_wt_1_A_83_I_rep2.pdb
-88.291,1.463,-1302.457,-0.119,-721.73,-4.013,456.005,5.32,relaxed_wt_1_A_22_M_rep1.pdb
-89.496,0.258,-1298.065,4.273,-718.846,-1.129,453.064,2.379,relaxed_wt_1_A_72_C_rep5.pdb
-89.683,0.071,-1297.239,5.099,-718.726,-1.009,455.759,5.074,relaxed_wt_1_A_39_S_rep4.pdb
-88.02,1.734,-1295.979,6.359,-718.715,-0.998,453.636,2.951,relaxed_wt_1_A_30_Q_rep2.pdb
-89.477,0.277,-1301.618,0.72,-719.443,-1.726,451.136,0.451,relaxed_wt_1_A_29_N_rep5.pdb
-89.824,-0.07,-1303.285,-0.947,-719.722,-2.006,446.173,-4.512,relaxed_wt_1_A_36_S_rep3.pdb
-91.152,-1.398,-1250.629,51.709,-716.648,1.069,455.903,5.218,relaxed_wt_1_B_11_F_rep4.pdb
-91.089,-1.335,-1149.653,152.685,-718.75,-1.033,607.674,156.989,relaxed_wt_1_A_31_P_rep3.pdb
-89.567,0.188,-1304.061,-1.723,-719.282,-1.565,449.038,-1.647,relaxed_wt_1_A_79_R_rep5.pdb
-89.149,0.605,-1299.391,2.946,-719.147,-1.43,450.928,0.243,relaxed_wt_1_A_32_G_rep3.pdb
-90.753,-0.999,-1261.221,41.117,-717.41,0.307,389.672,-61.013,relaxed_wt_1_B_14_K_rep4.pdb
-89.393,0.361,-1301.737,0.601,-718.946,-1.229,446.521,-4.164,relaxed_wt_1_B_13_V_rep5.pdb
-87.717,2.037,-1296.649,5.689,-718.842,-1.125,453.1,2.415,relaxed_wt_1_B_58_D_rep3.pdb
-85.812,3.942,-1300.849,1.489,-718.258,-0.542,448.509,-2.176,relaxed_wt_1_A_36_D_rep1.pdb
-89.533,0.221,-1303.088,-0.751,-718.918,-1.202,446.452,-4.233,relaxed_wt_1_B_56_N_rep1.pdb
-89.608,0.146,-1303.852,-1.515,-718.85,-1.133,446.75,-3.936,relaxed_wt_1_B_17_T_rep2.pdb
-90.083,-0.329,-1288.513,13.825,-718.853,-1.136,459.276,8.591,relaxed_wt_1_A_39_E_rep1.pdb
-85.166,4.589,-1299.233,3.105,-719.325,-1.608,445.018,-5.667,relaxed_wt_1_B_15_V_rep5.pdb
-93.484,-3.729,-1302.76,-0.422,-718.699,-0.982,449.176,-1.51,relaxed_wt_1_B_58_M_rep5.pdb
-87.255,2.499,-1305.392,-3.054,-721.843,-4.127,447.834,-2.851,relaxed_wt_1_A_28_D_rep2.pdb
-89.774,-0.019,-1301.292,1.045,-718.786,-1.069,447.703,-2.982,relaxed_wt_1_A_24_T_rep3.pdb
-89.66,0.094,-1299.26,3.078,-718.823,-1.106,450.37,-0.315,relaxed_wt_1_A_83_D_rep3.pdb
-89.377,0.377,-1300.542,1.796,-718.261,-0.544,446.907,-3.778,relaxed_wt_1_A_33_A_rep5.pdb
-89.331,0.423,-1300.328,2.01,-719.38,-1.663,456.82,6.135,relaxed_wt_1_B_13_C_rep4.pdb
-88.126,1.628,-1292.806,9.532,-717.616,0.1,457.358,6.673,relaxed_wt_1_A_74_Y_rep4.pdb
-89.612,0.142,-1301.413,0.925,-718.071,-0.355,448.073,-2.612,relaxed_wt_1_A_83_F_rep3.pdb
-88.535,1.22,-1303.154,-0.816,-719.201,-1.485,445.728,-4.958,relaxed_wt_1_A_81_S_rep3.pdb
-86.306,3.449,-1286.784,15.554,-717.868,-0.151,461.583,10.898,relaxed_wt_1_A_75_G_rep3.pdb
-89.053,0.701,-1302.201,0.137,-719.063,-1.346,447.941,-2.744,relaxed_wt_1_A_32_N_rep1.pdb
-91.884,-2.13,-1302.326,0.012,-717.979,-0.262,449.184,-1.501,relaxed_wt_1_B_98_H_rep1.pdb
-88.249,1.505,-1297.724,4.614,-719.071,-1.354,452.349,1.664,relaxed_wt_1_B_58_N_rep5.pdb
-85.731,4.023,-1293.902,8.435,-721.636,-3.92,456.902,6.217,relaxed_wt_1_B_57_P_rep5.pdb
-88.687,1.067,-1293.357,8.981,-718.709,-0.992,454.571,3.886,relaxed_wt_1_A_74_W_rep5.pdb
-86.719,3.036,-1292.562,9.775,-718.002,-0.286,456.352,5.667,relaxed_wt_1_A_75_N_rep1.pdb
-90.847,-1.093,-1295.082,7.256,-718.257,-0.541,456.645,5.96,relaxed_wt_1_A_37_N_rep5.pdb
-90.363,-0.609,-1300.647,1.691,-718.702,-0.985,451.826,1.141,relaxed_wt_1_B_102_P_rep1.pdb
-89.55,0.204,-1304.525,-2.187,-718.895,-1.178,444.491,-6.194,relaxed_wt_1_A_71_I_rep5.pdb
-88.941,0.813,-1298.923,3.415,-718.772,-1.055,452.736,2.051,relaxed_wt_1_B_58_C_rep4.pdb
-84.592,5.162,-1300.226,2.112,-718.731,-1.015,451.928,1.243,relaxed_wt_1_A_35_P_rep5.pdb
-90.473,-0.719,-1302.548,-0.21,-719.013,-1.296,449.528,-1.157,relaxed_wt_1_B_101_C_rep1.pdb
-87.41,2.344,-1300.632,1.706,-718.956,-1.239,449.723,-0.962,relaxed_wt_1_A_39_T_rep3.pdb
-90.034,-0.28,-1302.227,0.111,-718.837,-1.12,446.288,-4.397,relaxed_wt_1_A_24_V_rep3.pdb
-89.584,0.17,-1304.821,-2.483,-718.843,-1.126,446.67,-4.015,relaxed_wt_1_A_86_P_rep3.pdb
-88.361,1.393,-1267.005,35.333,-718.342,-0.626,477.06,26.375,relaxed_wt_1_B_59_P_rep1.pdb
-90.639,-0.885,-1304.53,-2.192,-718.531,-0.814,445.789,-4.896,relaxed_wt_1_B_101_M_rep1.pdb
-86.677,3.077,-1299.574,2.764,-720.62,-2.903,449.142,-1.543,relaxed_wt_1_A_27_G_rep1.pdb
-91.364,-1.61,-1302.374,-0.036,-719.043,-1.326,449.824,-0.861,relaxed_wt_1_B_58_L_rep1.pdb
-87.751,2.003,-1298.797,3.541,-718.77,-1.053,450.34,-0.345,relaxed_wt_1_A_76_H_rep5.pdb
-89.479,0.276,-1298.208,4.129,-718.898,-1.181,455.477,4.792,relaxed_wt_1_A_21_I_rep3.pdb
-90.099,-0.345,-1293.113,9.225,-718.939,-1.222,457.736,7.05,relaxed_wt_1_A_30_M_rep5.pdb
-88.535,1.219,-1298.783,3.555,-717.786,-0.07,453.191,2.506,relaxed_wt_1_A_26_K_rep5.pdb
-88.919,0.835,-1301.133,1.205,-717.412,0.304,452.205,1.519,relaxed_wt_1_A_73_I_rep4.pdb
-83.934,5.82,-1295.558,6.78,-718.059,-0.343,448.635,-2.05,relaxed_wt_1_A_84_T_rep1.pdb
-89.291,0.463,-1300.182,2.156,-719.452,-1.736,452.472,1.787,relaxed_wt_1_A_74_S_rep3.pdb
-89.359,0.395,-1298.796,3.542,-718.915,-1.198,455.309,4.624,relaxed_wt_1_A_22_R_rep3.pdb
-89.492,0.262,-1303.703,-1.365,-718.906,-1.189,446.742,-3.943,relaxed_wt_1_A_30_I_rep2.pdb
-89.793,-0.039,-1300.561,1.777,-718.893,-1.176,449.239,-1.446,relaxed_wt_1_A_26_M_rep3.pdb
-89.827,-0.073,-1303.904,-1.566,-718.89,-1.173,446.903,-3.782,relaxed_wt_1_A_78_N_rep5.pdb
-88.551,1.204,-1294.424,7.913,-719.098,-1.381,454.09,3.405,relaxed_wt_1_A_81_G_rep3.pdb
-87.362,2.392,-1297.589,4.749,-719.126,-1.41,449.977,-0.708,relaxed_wt_1_B_55_M_rep1.pdb
-90.281,-0.527,-1299.222,3.116,-716.447,1.27,441.052,-9.633,relaxed_wt_1_B_15_M_rep5.pdb
-89.474,0.28,-1303.96,-1.622,-718.822,-1.105,445.634,-5.051,relaxed_wt_1_B_12_M_rep2.pdb
-90.695,-0.941,-1288.842,13.496,-718.391,-0.674,455.991,5.306,relaxed_wt_1_B_100_P_rep4.pdb
-89.486,0.268,-1304.4,-2.062,-718.829,-1.113,443.297,-7.388,relaxed_wt_1_A_21_Y_rep3.pdb
-84.034,5.72,-1291.595,10.743,-716.764,0.953,478.409,27.724,relaxed_wt_1_A_41_M_rep5.pdb
-89.59,0.164,-1298.023,4.315,-718.987,-1.27,459.585,8.9,relaxed_wt_1_A_22_P_rep1.pdb
-89.361,0.393,-1304.349,-2.011,-719.149,-1.432,445.11,-5.575,relaxed_wt_1_A_24_W_rep2.pdb
-89.902,-0.148,-1301.621,0.717,-718.692,-0.976,447.945,-2.741,relaxed_wt_1_A_24_F_rep4.pdb
-89.8,-0.046,-1300.206,2.132,-719.033,-1.316,450.791,0.106,relaxed_wt_1_A_74_S_rep2.pdb
-90.159,-0.405,-1300.74,1.598,-718.73,-1.013,448.158,-2.527,relaxed_wt_1_A_24_K_rep4.pdb
-89.554,0.201,-1300.215,2.123,-718.86,-1.143,457.149,6.463,relaxed_wt_1_A_22_E_rep5.pdb
-89.603,0.151,-1304.255,-1.917,-718.96,-1.244,446.956,-3.729,relaxed_wt_1_A_31_D_rep4.pdb
-81.223,8.531,-1283.325,19.013,-719.838,-2.121,456.505,5.82,relaxed_wt_1_A_79_P_rep5.pdb
-89.488,0.266,-1297.822,4.516,-718.837,-1.12,456.429,5.744,relaxed_wt_1_A_22_K_rep2.pdb
-89.597,0.157,-1304.224,-1.886,-718.892,-1.175,445.412,-5.274,relaxed_wt_1_A_24_W_rep4.pdb
-89.599,0.155,-1303.821,-1.483,-718.885,-1.169,447.958,-2.727,relaxed_wt_1_A_38_L_rep2.pdb
-87.059,2.696,-1300.2,2.138,-720.583,-2.867,453.261,2.576,relaxed_wt_1_A_28_F_rep4.pdb
-90.136,-0.382,-1299.038,3.3,-719.087,-1.37,452.175,1.49,relaxed_wt_1_A_37_H_rep4.pdb
-89.592,0.162,-1304.046,-1.708,-718.82,-1.103,447.385,-3.3,relaxed_wt_1_A_81_K_rep4.pdb
-87.028,2.727,-1300.329,2.009,-720.117,-2.4,443.243,-7.442,relaxed_wt_1_A_27_C_rep2.pdb
-88.523,1.232,-1299.148,3.19,-717.856,-0.139,452.585,1.9,relaxed_wt_1_A_26_K_rep3.pdb
-89.374,0.38,-1300.149,2.189,-718.847,-1.13,449.158,-1.527,relaxed_wt_1_B_59_D_rep1.pdb
-86.581,3.174,-1299.333,3.005,-719.013,-1.296,456.592,5.907,relaxed_wt_1_A_40_V_rep3.pdb
-77.949,11.806,-1264.172,38.166,-702.935,14.782,480.769,30.084,relaxed_wt_1_B_13_Y_rep5.pdb
-88.25,1.504,-1303.561,-1.223,-719.04,-1.324,446.091,-4.594,relaxed_wt_1_B_101_S_rep3.pdb
-89.572,0.182,-1303.037,-0.699,-718.88,-1.163,447.621,-3.065,relaxed_wt_1_A_86_S_rep1.pdb
-90.125,-0.37,-1299.115,3.223,-718.949,-1.233,451.768,1.083,relaxed_wt_1_B_59_W_rep1.pdb
-89.4,0.355,-1300.174,2.164,-718.871,-1.155,450.179,-0.506,relaxed_wt_1_B_59_D_rep4.pdb
-87.899,1.855,-1303.763,-1.425,-718.335,-0.618,446.154,-4.531,relaxed_wt_1_A_77_F_rep5.pdb
-89.478,0.276,-1301.393,0.945,-718.761,-1.044,445.071,-5.614,relaxed_wt_1_A_36_R_rep4.pdb
-89.446,0.308,-1304.781,-2.443,-719.15,-1.433,449.8,-0.885,relaxed_wt_1_B_56_K_rep1.pdb
-90.089,-0.335,-1300.261,2.077,-717.014,0.703,442.631,-8.054,relaxed_wt_1_B_15_Q_rep3.pdb
-90.8,-1.046,-1301.486,0.852,-717.988,-0.272,451.612,0.927,relaxed_wt_1_A_34_V_rep1.pdb
-81.582,8.172,-1287.339,14.999,-717.862,-0.146,482.427,31.742,relaxed_wt_1_A_41_E_rep1.pdb
-89.391,0.363,-1283.018,19.32,-718.738,-1.021,473.939,23.254,relaxed_wt_1_B_11_V_rep2.pdb
-87.31,2.444,-1303.562,-1.224,-721.815,-4.098,446.854,-3.831,relaxed_wt_1_B_57_S_rep4.pdb
-88.937,0.817,-1297.744,4.594,-719.329,-1.612,453.662,2.977,relaxed_wt_1_A_39_C_rep2.pdb
-89.458,0.297,-1301.048,1.29,-718.941,-1.224,448.786,-1.9,relaxed_wt_1_A_87_C_rep5.pdb
-90.432,-0.678,-1301.956,0.382,-718.154,-0.437,451.455,0.77,relaxed_wt_1_A_78_Y_rep2.pdb
-83.47,6.284,-1298.614,3.723,-719.895,-2.178,447.052,-3.633,relaxed_wt_1_B_55_D_rep2.pdb
-86.415,3.34,-1299.259,3.079,-719.363,-1.646,447.286,-3.399,relaxed_wt_1_A_27_V_rep4.pdb
-89.54,0.214,-1295.952,6.385,-718.866,-1.149,452.754,2.069,relaxed_wt_1_A_39_N_rep2.pdb
-90.419,-0.665,-1300.318,2.02,-717.569,0.148,451.115,0.43,relaxed_wt_1_A_36_F_rep3.pdb
-90.346,-0.592,-1300.197,2.141,-718.649,-0.932,451.492,0.807,relaxed_wt_1_B_102_P_rep2.pdb
-88.768,0.987,-1292.299,10.039,-718.397,-0.68,457.005,6.32,relaxed_wt_1_A_26_I_rep1.pdb
-88.884,0.87,-1299.278,3.06,-719.362,-1.645,452.76,2.075,relaxed_wt_1_A_21_R_rep4.pdb
-86.379,3.375,-1271.924,30.414,-703.486,14.231,423.98,-26.706,relaxed_wt_1_B_13_W_rep4.pdb
-88.496,1.259,-1299.454,2.884,-716.55,1.167,446.425,-4.26,relaxed_wt_1_B_55_V_rep1.pdb
-91.482,-1.727,-1300.366,1.972,-718.564,-0.847,450.908,0.223,relaxed_wt_1_B_58_H_rep5.pdb
-85.276,4.478,-1298.104,4.234,-717.642,0.075,452.491,1.806,relaxed_wt_1_A_40_R_rep2.pdb
-85.935,3.819,-1298.753,3.585,-719.148,-1.431,446.222,-4.463,relaxed_wt_1_B_15_I_rep1.pdb
-89.538,0.216,-1304.136,-1.799,-718.922,-1.205,446.016,-4.669,relaxed_wt_1_B_57_N_rep3.pdb
-88.943,0.811,-1300.749,1.589,-717.364,0.353,453.41,2.725,relaxed_wt_1_A_73_I_rep2.pdb
-89.56,0.194,-1300.864,1.474,-718.859,-1.143,450.987,0.302,relaxed_wt_1_A_21_C_rep2.pdb
-89.653,0.101,-1304.013,-1.675,-718.981,-1.264,447.936,-2.749,relaxed_wt_1_A_76_E_rep2.pdb
-89.883,-0.129,-1303.529,-1.191,-718.957,-1.24,448.229,-2.456,relaxed_wt_1_A_78_F_rep1.pdb
-89.949,-0.195,-1296.233,6.105,-718.936,-1.219,455.07,4.385,relaxed_wt_1_A_37_A_rep5.pdb
-89.559,0.195,-1302.376,-0.038,-718.858,-1.141,447.22,-3.465,relaxed_wt_1_A_21_D_rep1.pdb
-89.049,0.705,-1298.584,3.754,-719.107,-1.39,448.903,-1.782,relaxed_wt_1_A_78_G_rep3.pdb
-89.071,0.683,-1260.319,42.019,-719.176,-1.459,178.379,-272.306,relaxed_wt_1_A_22_F_rep1.pdb
-88.384,1.37,-1301.482,0.856,-718.494,-0.778,444.706,-5.979,relaxed_wt_1_A_38_M_rep2.pdb
-89.767,-0.013,-1303.998,-1.661,-718.831,-1.114,446.297,-4.388,relaxed_wt_1_A_32_Q_rep2.pdb
-85.471,4.283,-1300.593,1.745,-719.298,-1.581,443.317,-7.368,relaxed_wt_1_B_15_S_rep5.pdb
-89.629,0.126,-1304.252,-1.914,-718.838,-1.122,448.363,-2.323,relaxed_wt_1_A_24_W_rep1.pdb
-86.909,2.845,-1298.448,3.89,-714.982,2.735,445.47,-5.215,relaxed_wt_1_A_35_F_rep4.pdb
-87.66,2.095,-1297.181,5.157,-718.833,-1.116,456.344,5.659,relaxed_wt_1_A_78_P_rep5.pdb
-88.383,1.372,-1298.902,3.436,-718.147,-0.43,456.319,5.634,relaxed_wt_1_A_82_Q_rep1.pdb
-89.515,0.239,-1303.617,-1.279,-719.023,-1.306,447.48,-3.205,relaxed_wt_1_A_26_Y_rep1.pdb
-89.608,0.147,-1304.386,-2.048,-718.373,-0.656,445.976,-4.709,relaxed_wt_1_A_73_Y_rep4.pdb
-88.319,1.436,-1305.963,-3.625,-722.093,-4.377,444.704,-5.981,relaxed_wt_1_A_76_E_rep5.pdb
-89.828,-0.074,-1303.946,-1.608,-718.548,-0.832,447.843,-2.842,relaxed_wt_1_A_80_H_rep3.pdb
-81.366,8.388,-1293.521,8.817,-718.078,-0.361,455.354,4.669,relaxed_wt_1_A_84_E_rep2.pdb
-88.996,0.758,-1293.483,8.855,-718.661,-0.944,459.514,8.829,relaxed_wt_1_B_13_D_rep1.pdb
-89.732,0.022,-1301.487,0.851,-718.859,-1.142,446.835,-3.85,relaxed_wt_1_A_24_N_rep5.pdb
-89.32,0.434,-1302.627,-0.289,-718.921,-1.204,444.977,-5.708,relaxed_wt_1_B_100_S_rep3.pdb
-89.636,0.118,-1303.246,-0.908,-718.896,-1.179,449.918,-0.767,relaxed_wt_1_B_12_A_rep4.pdb
-87.786,1.968,-1300.433,1.905,-718.769,-1.052,447.769,-2.916,relaxed_wt_1_A_73_C_rep4.pdb
-90.69,-0.935,-1296.702,5.636,-719.192,-1.475,454.228,3.543,relaxed_wt_1_A_37_N_rep3.pdb
-89.443,0.311,-1300.317,2.021,-718.759,-1.042,449.682,-1.003,relaxed_wt_1_B_100_C_rep1.pdb
-88.677,1.077,-1247.967,54.371,-720.212,-2.496,526.689,76.004,relaxed_wt_1_A_23_P_rep3.pdb
-81.788,7.966,-1291.081,11.257,-718.091,-0.374,451.499,0.814,relaxed_wt_1_A_84_R_rep1.pdb
-89.17,0.584,-1303.489,-1.151,-719.02,-1.304,448.167,-2.518,relaxed_wt_1_B_101_A_rep3.pdb
-89.26,0.494,-1253.597,48.741,-716.92,0.797,243.608,-207.077,relaxed_wt_1_B_14_I_rep2.pdb
-89.765,-0.01,-1305.996,-3.658,-719.131,-1.414,446.477,-4.208,relaxed_wt_1_B_101_H_rep1.pdb
-88.028,1.726,-1304.641,-2.303,-722.089,-4.372,449.009,-1.676,relaxed_wt_1_B_56_A_rep3.pdb
-83.249,6.505,-1293.979,8.359,-717.905,-0.188,451.118,0.433,relaxed_wt_1_A_84_D_rep2.pdb
-89.553,0.201,-1304.536,-2.198,-718.877,-1.16,445.338,-5.347,relaxed_wt_1_A_71_I_rep2.pdb
-88.376,1.378,-1300.625,1.713,-717.758,-0.042,446.364,-4.321,relaxed_wt_1_B_55_V_rep5.pdb
-89.634,0.12,-1301.191,1.147,-719.006,-1.29,445.773,-4.912,relaxed_wt_1_A_82_A_rep5.pdb
-89.824,-0.07,-1293.973,8.365,-718.843,-1.126,449.704,-0.981,relaxed_wt_1_A_29_V_rep4.pdb
-87.322,2.432,-1300.626,1.712,-718.943,-1.226,449.473,-1.212,relaxed_wt_1_B_54_S_rep3.pdb
-89.37,0.384,-1303.52,-1.182,-719.036,-1.32,448.601,-2.084,relaxed_wt_1_B_98_T_rep5.pdb
-89.892,-0.137,-1298.924,3.414,-717.731,-0.014,461.572,10.887,relaxed_wt_1_A_82_F_rep2.pdb
-84.187,5.568,-1297.779,4.559,-719.09,-1.373,463.443,12.758,relaxed_wt_1_A_40_N_rep5.pdb
-89.455,0.3,-1291.752,10.586,-718.375,-0.658,459.872,9.187,relaxed_wt_1_A_37_V_rep1.pdb
-88.612,1.142,-1299.907,2.43,-717.363,0.354,451.404,0.719,relaxed_wt_1_A_77_L_rep4.pdb
-88.762,0.992,-1303.243,-0.905,-719.111,-1.394,447.838,-2.848,relaxed_wt_1_A_28_N_rep2.pdb
-90.008,-0.253,-1301.003,1.335,-718.738,-1.022,451.01,0.325,relaxed_wt_1_A_39_I_rep5.pdb
-90.576,-0.822,-1302.203,0.135,-718.654,-0.937,446.89,-3.795,relaxed_wt_1_A_76_R_rep3.pdb
-89.07,0.684,-1299.158,3.18,-718.144,-0.427,454.258,3.573,relaxed_wt_1_A_34_F_rep2.pdb
-89.064,0.691,-1301.889,0.449,-718.205,-0.488,452.971,2.286,relaxed_wt_1_A_35_M_rep3.pdb
-89.45,0.304,-1300.158,2.18,-718.965,-1.248,454.779,4.093,relaxed_wt_1_A_29_M_rep4.pdb
-86.066,3.688,-1267.457,34.881,-717.026,0.69,482.469,31.784,relaxed_wt_1_A_81_P_rep3.pdb
-89.442,0.313,-1300.959,1.379,-718.867,-1.15,447.496,-3.189,relaxed_wt_1_A_87_C_rep3.pdb
-89.694,0.061,-1298.115,4.223,-719.183,-1.466,452.198,1.512,relaxed_wt_1_A_25_N_rep5.pdb
-89.778,-0.023,-1301.627,0.711,-719.053,-1.336,448.492,-2.193,relaxed_wt_1_A_74_E_rep5.pdb
-87.209,2.545,-1300.173,2.164,-718.795,-1.078,449.603,-1.082,relaxed_wt_1_A_38_C_rep1.pdb
-90.149,-0.395,-1283.011,19.326,-718.419,-0.702,457.372,6.687,relaxed_wt_1_A_39_K_rep2.pdb
-86.667,3.087,-1293.117,9.221,-717.78,-0.064,454.105,3.42,relaxed_wt_1_A_75_S_rep2.pdb
-89.452,0.303,-1299.712,2.626,-716.306,1.411,442.398,-8.287,relaxed_wt_1_B_15_F_rep4.pdb
-89.463,0.291,-1302.841,-0.503,-718.854,-1.137,451.852,1.167,relaxed_wt_1_A_71_D_rep1.pdb
-87.271,2.483,-1301.991,0.347,-717.447,0.269,450.562,-0.123,relaxed_wt_1_A_40_F_rep5.pdb
-91.596,-1.841,-1301.444,0.894,-718.606,-0.889,447.086,-3.599,relaxed_wt_1_B_100_H_rep5.pdb
-90.108,-0.354,-1288.321,14.017,-719.637,-1.921,463.57,12.885,relaxed_wt_1_A_80_V_rep5.pdb
-89.735,0.019,-1302.95,-0.612,-718.9,-1.183,452.601,1.916,relaxed_wt_1_B_13_L_rep4.pdb
-86.295,3.459,-1300.652,1.685,-718.971,-1.254,450.509,-0.176,relaxed_wt_1_A_38_Q_rep2.pdb
-90.88,-1.125,-1302.704,-0.366,-718.277,-0.56,448.669,-2.016,relaxed_wt_1_A_33_Q_rep3.pdb
-87.387,2.367,-1303.303,-0.965,-718.89,-1.173,445.138,-5.547,relaxed_wt_1_A_73_K_rep3.pdb
-87.61,2.144,-1301.992,0.346,-717.862,-0.145,449.568,-1.117,relaxed_wt_1_A_40_L_rep4.pdb
-87.542,2.212,-1298.802,3.536,-717.936,-0.219,449.925,-0.76,relaxed_wt_1_A_28_H_rep1.pdb
-83.038,6.716,-1293.06,9.278,-717.265,0.451,453.851,3.166,relaxed_wt_1_A_38_R_rep5.pdb
-90.466,-0.712,-1301.361,0.977,-718.881,-1.164,448.693,-1.992,relaxed_wt_1_A_76_L_rep4.pdb
-89.55,0.205,-1303.4,-1.062,-719.005,-1.288,450.411,-0.274,relaxed_wt_1_A_21_V_rep2.pdb
-88.651,1.103,-1298.067,4.271,-718.495,-0.778,451.472,0.787,relaxed_wt_1_B_55_R_rep5.pdb
-91.026,-1.272,-1301.907,0.431,-718.189,-0.472,448.307,-2.378,relaxed_wt_1_A_82_I_rep2.pdb
-88.36,1.394,-1298.83,3.508,-717.808,-0.092,456.051,5.366,relaxed_wt_1_A_82_Q_rep5.pdb
-88.43,1.325,-1300.368,1.97,-718.61,-0.894,450.488,-0.197,relaxed_wt_1_A_85_H_rep2.pdb
-89.486,0.268,-1302.663,-0.325,-718.862,-1.145,448.003,-2.682,relaxed_wt_1_A_86_L_rep5.pdb
-89.904,-0.15,-1288.06,14.278,-718.732,-1.015,465.606,14.921,relaxed_wt_1_B_14_D_rep4.pdb
-85.969,3.785,-1254.539,47.799,-714.443,3.274,473.559,22.873,relaxed_wt_1_A_39_W_rep1.pdb
-89.577,0.177,-1303.713,-1.375,-718.926,-1.209,446.832,-3.853,relaxed_wt_1_A_24_E_rep1.pdb
-89.245,0.509,-1299.524,2.814,-718.952,-1.236,453.765,3.08,relaxed_wt_1_A_71_W_rep2.pdb
-87.414,2.341,-1301.532,0.806,-718.877,-1.161,445.567,-5.118,relaxed_wt_1_A_73_A_rep5.pdb
-84.346,5.408,-1295.499,6.839,-714.414,3.303,445.974,-4.711,relaxed_wt_1_A_35_Y_rep1.pdb
-89.739,0.015,-1297.299,5.038,-719.116,-1.4,453.873,3.188,relaxed_wt_1_A_30_E_rep2.pdb
-89.943,-0.189,-1239.578,62.76,-718.608,-0.892,234.906,-215.779,relaxed_wt_1_A_22_W_rep4.pdb
-89.739,0.015,-1300.096,2.242,-719.023,-1.306,448.404,-2.281,relaxed_wt_1_A_74_S_rep4.pdb
-89.91,-0.156,-1304.318,-1.98,-718.908,-1.191,448.073,-2.612,relaxed_wt_1_B_101_V_rep1.pdb
-89.246,0.508,-1298.701,3.637,-718.972,-1.255,451.16,0.475,relaxed_wt_1_B_100_I_rep2.pdb
-90.911,-1.156,-1302.167,0.171,-718.914,-1.197,449.482,-1.203,relaxed_wt_1_B_56_C_rep1.pdb
-89.4,0.354,-1301.166,1.172,-718.932,-1.215,448.632,-2.053,relaxed_wt_1_B_100_L_rep5.pdb
-88.265,1.489,-1297.295,5.043,-717.594,0.123,461.038,10.353,relaxed_wt_1_A_41_V_rep1.pdb
-85.104,4.65,-1286.426,15.912,-715.941,1.776,451.021,0.336,relaxed_wt_1_A_41_M_rep2.pdb
-89.543,0.212,-1298.626,3.712,-718.866,-1.149,450.508,-0.177,relaxed_wt_1_B_59_C_rep5.pdb
-89.236,0.518,-1287.215,15.123,-719.099,-1.382,457.656,6.971,relaxed_wt_1_A_87_I_rep2.pdb
-87.753,2.002,-1297.407,4.931,-718.689,-0.972,453.168,2.483,relaxed_wt_1_B_55_M_rep5.pdb
-89.418,0.336,-1293.987,8.351,-718.807,-1.09,456.89,6.205,relaxed_wt_1_A_37_D_rep1.pdb
-89.649,0.105,-1287.696,14.642,-719.549,-1.832,462.658,11.973,relaxed_wt_1_A_80_I_rep5.pdb
-89.563,0.191,-1297.021,5.317,-718.873,-1.156,454.556,3.871,relaxed_wt_1_A_25_Q_rep5.pdb
-89.791,-0.037,-1303.459,-1.121,-718.758,-1.041,446.856,-3.829,relaxed_wt_1_A_32_Q_rep3.pdb
-89.734,0.021,-1294.118,8.22,-718.925,-1.208,449.818,-0.868,relaxed_wt_1_A_29_V_rep5.pdb
-87.717,2.037,-1299.124,3.214,-718.925,-1.208,448.841,-1.844,relaxed_wt_1_A_85_E_rep3.pdb
-89.506,0.248,-1303.028,-0.69,-718.872,-1.155,453.123,2.438,relaxed_wt_1_A_71_D_rep4.pdb
-90.181,-0.427,-1304.787,-2.45,-718.853,-1.136,447.644,-3.041,relaxed_wt_1_A_79_Q_rep4.pdb
-87.389,2.365,-1301.557,0.781,-718.999,-1.282,446.299,-4.386,relaxed_wt_1_A_73_A_rep1.pdb
-89.583,0.171,-1297.348,4.99,-719.202,-1.485,453.022,2.337,relaxed_wt_1_A_37_M_rep3.pdb
-85.611,4.144,-1297.315,5.023,-718.806,-1.089,447.996,-2.689,relaxed_wt_1_B_15_R_rep4.pdb
-90.91,-1.156,-1303.439,-1.101,-718.62,-0.904,462.846,12.161,relaxed_wt_1_B_54_W_rep5.pdb
-89.63,0.124,-1294.064,8.274,-718.808,-1.091,455.48,4.795,relaxed_wt_1_A_25_A_rep4.pdb
-86.544,3.211,-1302.386,-0.048,-722.605,-4.889,446.353,-4.332,relaxed_wt_1_A_27_Y_rep5.pdb
-82.075,7.679,-1289.887,12.451,-718.072,-0.355,454.538,3.853,relaxed_wt_1_A_84_G_rep3.pdb
-89.94,-0.185,-1295.84,6.498,-718.826,-1.109,454.855,4.17,relaxed_wt_1_A_30_Q_rep5.pdb
-89.604,0.15,-1304.871,-2.533,-718.943,-1.226,447.187,-3.499,relaxed_wt_1_B_12_V_rep2.pdb
-89.5,0.254,-1304.337,-1.999,-718.92,-1.203,445.424,-5.261,relaxed_wt_1_B_98_S_rep4.pdb
-89.684,0.07,-1291.905,10.433,-718.987,-1.271,458.101,7.416,relaxed_wt_1_A_31_G_rep1.pdb
-89.498,0.256,-1302.806,-0.468,-718.863,-1.147,447.588,-3.097,relaxed_wt_1_A_86_N_rep3.pdb
-88.744,1.01,-1303.199,-0.862,-719.207,-1.491,446.109,-4.576,relaxed_wt_1_A_80_K_rep3.pdb
-88.168,1.587,-1300.705,1.633,-719.129,-1.412,448.631,-2.054,relaxed_wt_1_A_26_Q_rep1.pdb
-89.593,0.161,-1302.709,-0.371,-718.94,-1.224,448.114,-2.571,relaxed_wt_1_A_75_V_rep4.pdb
-89.382,0.372,-1252.303,50.035,-717.797,-0.081,487.551,36.866,relaxed_wt_1_B_11_E_rep3.pdb
-89.601,0.153,-1299.691,2.647,-718.895,-1.178,460.552,9.867,relaxed_wt_1_A_22_S_rep3.pdb
-88.525,1.229,-1286.338,16.0,-717.709,0.008,467.256,16.571,relaxed_wt_1_A_37_W_rep5.pdb
-89.636,0.118,-1297.273,5.064,-718.861,-1.144,472.148,21.463,relaxed_wt_1_A_22_N_rep1.pdb
-85.66,4.094,-1298.307,4.031,-718.535,-0.818,448.809,-1.876,relaxed_wt_1_A_77_D_rep3.pdb
-89.738,0.016,-1297.266,5.072,-719.013,-1.296,453.068,2.383,relaxed_wt_1_A_37_M_rep2.pdb
-86.578,3.176,-1298.598,3.74,-718.903,-1.186,450.928,0.243,relaxed_wt_1_B_54_G_rep1.pdb
-89.603,0.151,-1297.031,5.307,-717.778,-0.061,453.009,2.324,relaxed_wt_1_A_25_M_rep3.pdb
-88.992,0.762,-1301.88,0.458,-718.084,-0.367,449.111,-1.575,relaxed_wt_1_A_78_I_rep2.pdb
-86.418,3.336,-1293.069,9.269,-713.375,4.342,459.755,9.07,relaxed_wt_1_A_35_I_rep5.pdb
-88.766,0.988,-1299.888,2.45,-718.861,-1.145,450.981,0.296,relaxed_wt_1_A_85_I_rep4.pdb
-85.446,4.308,-1297.88,4.458,-717.618,0.099,452.302,1.617,relaxed_wt_1_A_40_R_rep5.pdb
-89.332,0.422,-1292.337,10.001,-719.032,-1.315,459.155,8.47,relaxed_wt_1_A_76_W_rep1.pdb
-89.947,-0.193,-1300.717,1.621,-718.879,-1.162,448.315,-2.37,relaxed_wt_1_A_76_M_rep1.pdb
-89.549,0.206,-1297.012,5.326,-719.197,-1.48,454.442,3.757,relaxed_wt_1_A_37_M_rep5.pdb
-89.854,-0.1,-1300.05,2.288,-718.811,-1.094,449.345,-1.34,relaxed_wt_1_A_32_A_rep4.pdb
-90.854,-1.099,-1300.346,1.992,-716.599,1.118,444.928,-5.757,relaxed_wt_1_A_34_D_rep2.pdb
-89.258,0.497,-1287.21,15.128,-719.147,-1.43,458.319,7.634,relaxed_wt_1_A_87_I_rep1.pdb
-89.531,0.223,-1301.853,0.485,-718.864,-1.148,448.181,-2.504,relaxed_wt_1_A_87_S_rep4.pdb
-90.286,-0.532,-1298.047,4.291,-719.081,-1.364,455.484,4.799,relaxed_wt_1_A_30_D_rep5.pdb
-88.95,0.805,-1300.821,1.517,-717.408,0.309,452.59,1.905,relaxed_wt_1_A_73_I_rep5.pdb
-89.835,-0.081,-1300.515,1.823,-719.01,-1.294,448.952,-1.733,relaxed_wt_1_A_24_P_rep1.pdb
-93.461,-3.707,-1302.809,-0.471,-718.759,-1.043,449.089,-1.597,relaxed_wt_1_B_58_M_rep2.pdb
-85.259,4.495,-1295.395,6.943,-717.957,-0.241,457.178,6.493,relaxed_wt_1_A_82_E_rep3.pdb
-93.121,-3.367,-1305.36,-3.022,-718.917,-1.2,448.784,-1.901,relaxed_wt_1_B_57_Y_rep5.pdb
-89.54,0.214,-1303.646,-1.308,-718.864,-1.148,446.439,-4.246,relaxed_wt_1_A_32_R_rep2.pdb
-88.251,1.503,-1299.246,3.091,-718.553,-0.836,450.067,-0.618,relaxed_wt_1_A_34_H_rep3.pdb
-89.521,0.233,-1299.375,2.963,-718.887,-1.17,446.044,-4.641,relaxed_wt_1_B_11_G_rep5.pdb
-85.265,4.489,-1296.533,5.805,-718.588,-0.871,448.374,-2.311,relaxed_wt_1_B_58_E_rep1.pdb
-89.3,0.455,-1302.872,-0.534,-718.775,-1.059,450.799,0.114,relaxed_wt_1_A_35_C_rep2.pdb
-89.221,0.533,-1286.825,15.513,-719.223,-1.507,460.004,9.318,relaxed_wt_1_A_87_I_rep4.pdb
-89.036,0.718,-1300.721,1.617,-718.849,-1.132,451.748,1.063,relaxed_wt_1_B_102_D_rep2.pdb
-89.393,0.361,-1298.583,3.755,-718.793,-1.076,449.773,-0.912,relaxed_wt_1_B_59_C_rep4.pdb
-89.507,0.248,-1300.22,2.118,-718.917,-1.201,450.014,-0.671,relaxed_wt_1_A_29_K_rep5.pdb
-88.358,1.396,-1301.356,0.982,-718.586,-0.869,457.054,6.369,relaxed_wt_1_B_54_H_rep1.pdb
-88.969,0.785,-1263.779,38.559,-717.619,0.098,460.275,9.589,relaxed_wt_1_A_72_F_rep1.pdb
-90.376,-0.622,-1302.411,-0.073,-718.78,-1.063,448.293,-2.392,relaxed_wt_1_A_35_C_rep1.pdb
-89.67,0.084,-1302.072,0.266,-718.842,-1.125,452.869,2.184,relaxed_wt_1_A_71_A_rep3.pdb
-89.772,-0.018,-1297.421,4.916,-718.957,-1.24,455.344,4.659,relaxed_wt_1_A_30_S_rep4.pdb
-92.38,-2.626,-1302.741,-0.403,-717.988,-0.271,451.117,0.432,relaxed_wt_1_B_57_L_rep5.pdb
-88.595,1.159,-1290.313,12.025,-716.166,1.55,475.85,25.165,relaxed_wt_1_A_41_Y_rep4.pdb
-89.581,0.173,-1301.766,0.572,-718.085,-0.369,450.128,-0.558,relaxed_wt_1_A_78_T_rep1.pdb
-88.825,0.929,-1299.675,2.663,-718.432,-0.715,447.8,-2.885,relaxed_wt_1_A_33_G_rep2.pdb
-89.952,-0.198,-1301.98,0.358,-718.931,-1.214,447.861,-2.824,relaxed_wt_1_B_57_I_rep4.pdb
-89.51,0.245,-1300.204,2.134,-718.939,-1.222,448.655,-2.03,relaxed_wt_1_B_59_L_rep3.pdb
-88.553,1.201,-1302.117,0.221,-719.315,-1.598,449.453,-1.232,relaxed_wt_1_B_57_S_rep1.pdb
-91.812,-2.058,-1301.925,0.413,-716.571,1.146,445.663,-5.022,relaxed_wt_1_B_15_D_rep1.pdb
-87.767,1.987,-1299.929,2.409,-718.034,-0.318,452.013,1.328,relaxed_wt_1_A_33_H_rep2.pdb
-88.812,0.943,-1299.722,2.616,-719.12,-1.403,446.581,-4.105,relaxed_wt_1_A_74_I_rep2.pdb
-87.63,2.124,-1296.567,5.771,-717.268,0.449,457.321,6.636,relaxed_wt_1_A_82_R_rep4.pdb
-89.174,0.58,-1294.866,7.472,-718.264,-0.547,455.356,4.671,relaxed_wt_1_A_74_H_rep4.pdb
-89.818,-0.064,-1301.851,0.487,-718.861,-1.145,453.733,3.048,relaxed_wt_1_A_24_M_rep4.pdb
-88.521,1.233,-1299.62,2.718,-718.814,-1.097,451.864,1.179,relaxed_wt_1_A_85_S_rep2.pdb
-86.349,3.405,-1286.957,15.381,-717.913,-0.196,461.791,11.105,relaxed_wt_1_A_75_G_rep4.pdb
-90.04,-0.286,-1300.529,1.809,-717.566,0.15,452.103,1.418,relaxed_wt_1_A_76_I_rep5.pdb
-87.984,1.77,-1300.474,1.864,-719.043,-1.326,448.209,-2.476,relaxed_wt_1_A_26_Q_rep3.pdb
-89.574,0.18,-1305.612,-3.275,-718.88,-1.163,444.992,-5.693,relaxed_wt_1_B_17_R_rep3.pdb
-88.828,0.926,-1299.099,3.239,-718.804,-1.087,449.081,-1.604,relaxed_wt_1_A_85_N_rep5.pdb
-86.529,3.226,-1302.359,-0.021,-720.129,-2.412,447.33,-3.355,relaxed_wt_1_A_27_N_rep3.pdb
-89.642,0.112,-1302.663,-0.325,-718.879,-1.162,449.648,-1.038,relaxed_wt_1_A_83_E_rep3.pdb
-89.157,0.597,-1276.534,25.804,-717.801,-0.085,465.716,15.031,relaxed_wt_1_B_58_P_rep2.pdb
-87.109,2.645,-1298.228,4.11,-718.097,-0.38,441.691,-8.994,relaxed_wt_1_B_15_I_rep2.pdb
-89.264,0.49,-1302.631,-0.293,-718.578,-0.861,460.797,10.112,relaxed_wt_1_B_54_Y_rep2.pdb
-90.265,-0.511,-1301.26,1.078,-718.816,-1.1,450.512,-0.173,relaxed_wt_1_B_98_V_rep5.pdb
-87.719,2.035,-1304.252,-1.914,-718.404,-0.687,444.522,-6.163,relaxed_wt_1_A_73_Y_rep5.pdb
-82.502,7.252,-1297.708,4.63,-718.189,-0.473,451.394,0.709,relaxed_wt_1_A_38_H_rep1.pdb
-89.552,0.202,-1296.445,5.893,-718.908,-1.191,453.495,2.81,relaxed_wt_1_A_39_N_rep5.pdb
-89.63,0.124,-1302.417,-0.079,-718.946,-1.229,449.15,-1.535,relaxed_wt_1_B_12_C_rep4.pdb
-89.815,-0.061,-1296.413,5.925,-718.939,-1.222,455.358,4.673,relaxed_wt_1_A_30_N_rep4.pdb
-88.842,0.912,-1299.222,3.116,-718.063,-0.347,451.316,0.631,relaxed_wt_1_A_81_D_rep5.pdb
-89.249,0.505,-1300.451,1.887,-718.906,-1.189,449.084,-1.601,relaxed_wt_1_A_79_T_rep5.pdb
-84.824,4.93,-1301.156,1.182,-718.838,-1.121,446.64,-4.045,relaxed_wt_1_A_38_V_rep5.pdb
-88.69,1.064,-1284.928,17.41,-718.982,-1.265,456.441,5.756,relaxed_wt_1_A_87_V_rep2.pdb
-88.805,0.949,-1300.938,1.4,-719.006,-1.29,444.913,-5.772,relaxed_wt_1_B_54_A_rep4.pdb
-89.705,0.049,-1302.144,0.194,-719.141,-1.424,448.749,-1.936,relaxed_wt_1_A_32_S_rep2.pdb
-89.047,0.708,-1305.225,-2.887,-719.4,-1.683,444.173,-6.512,relaxed_wt_1_B_17_N_rep2.pdb
-89.799,-0.045,-1288.827,13.511,-718.786,-1.07,461.538,10.853,relaxed_wt_1_A_31_V_rep2.pdb
-88.723,1.031,-1274.027,28.311,-717.136,0.581,282.189,-168.496,relaxed_wt_1_B_14_P_rep1.pdb
-87.46,2.294,-1301.787,0.551,-718.766,-1.05,444.688,-5.997,relaxed_wt_1_A_73_S_rep2.pdb
-88.792,0.962,-1299.73,2.608,-719.142,-1.425,446.285,-4.4,relaxed_wt_1_A_74_I_rep5.pdb
-89.593,0.161,-1300.97,1.368,-718.904,-1.188,449.099,-1.586,relaxed_wt_1_A_21_C_rep5.pdb
-87.841,1.913,-1299.888,2.45,-718.722,-1.005,448.681,-2.004,relaxed_wt_1_A_77_Q_rep4.pdb
-87.867,1.887,-1288.623,13.715,-716.478,1.238,470.957,20.272,relaxed_wt_1_A_75_F_rep5.pdb
-89.547,0.207,-1291.326,11.012,-718.349,-0.632,459.644,8.959,relaxed_wt_1_A_37_V_rep5.pdb
-88.849,0.906,-1298.055,4.283,-719.233,-1.516,456.846,6.161,relaxed_wt_1_A_21_I_rep2.pdb
-89.184,0.571,-1278.348,23.99,-718.686,-0.97,446.402,-4.283,relaxed_wt_1_A_23_V_rep4.pdb
-89.343,0.411,-1303.102,-0.764,-718.685,-0.968,443.104,-7.581,relaxed_wt_1_B_56_H_rep4.pdb
-89.536,0.218,-1301.174,1.164,-718.916,-1.199,452.765,2.08,relaxed_wt_1_B_102_H_rep3.pdb
-89.255,0.499,-1286.613,15.725,-718.953,-1.236,458.553,7.868,relaxed_wt_1_A_87_I_rep5.pdb
-89.472,0.283,-1301.01,1.328,-719.007,-1.29,449.08,-1.605,relaxed_wt_1_A_26_H_rep2.pdb
-89.6,0.154,-1302.838,-0.5,-718.87,-1.154,449.583,-1.102,relaxed_wt_1_A_74_Q_rep4.pdb
-89.551,0.203,-1299.954,2.384,-718.777,-1.06,452.48,1.795,relaxed_wt_1_A_87_G_rep4.pdb
-89.567,0.187,-1304.301,-1.964,-718.925,-1.209,447.928,-2.757,relaxed_wt_1_A_71_V_rep3.pdb
-91.402,-1.648,-1304.216,-1.878,-719.544,-1.827,447.771,-2.914,relaxed_wt_1_A_36_A_rep2.pdb
-86.258,3.497,-1300.68,1.658,-719.104,-1.388,451.353,0.668,relaxed_wt_1_A_38_Q_rep1.pdb
-88.906,0.848,-1299.32,3.018,-718.828,-1.111,449.916,-0.769,relaxed_wt_1_B_58_C_rep3.pdb
-90.496,-0.742,-1302.5,-0.163,-718.635,-0.918,447.376,-3.309,relaxed_wt_1_A_76_R_rep1.pdb
-89.415,0.339,-1300.816,1.522,-718.897,-1.181,448.544,-2.141,relaxed_wt_1_A_87_N_rep5.pdb
-89.016,0.738,-1304.674,-2.336,-718.556,-0.839,445.308,-5.378,relaxed_wt_1_A_73_W_rep2.pdb
-89.186,0.568,-1284.896,17.442,-718.718,-1.002,452.818,2.133,relaxed_wt_1_A_87_L_rep1.pdb
-89.683,0.072,-1296.642,5.696,-719.481,-1.764,456.238,5.553,relaxed_wt_1_A_31_R_rep4.pdb
-89.675,0.079,-1300.547,1.791,-719.011,-1.294,449.828,-0.857,relaxed_wt_1_A_31_N_rep2.pdb
-90.001,-0.246,-1304.251,-1.913,-719.012,-1.295,445.385,-5.301,relaxed_wt_1_A_78_S_rep4.pdb
-88.849,0.905,-1302.997,-0.66,-718.88,-1.164,445.193,-5.493,relaxed_wt_1_B_57_D_rep1.pdb
-89.564,0.19,-1299.667,2.67,-718.838,-1.121,452.447,1.762,relaxed_wt_1_A_21_K_rep2.pdb
-91.101,-1.347,-1300.427,1.911,-718.48,-0.763,451.415,0.73,relaxed_wt_1_B_98_L_rep3.pdb
-88.954,0.8,-1301.667,0.671,-718.921,-1.205,449.701,-0.984,relaxed_wt_1_B_54_T_rep5.pdb
-88.996,0.758,-1302.326,0.012,-718.199,-0.482,450.824,0.139,relaxed_wt_1_A_35_M_rep1.pdb
-89.785,-0.031,-1297.453,4.885,-719.057,-1.34,448.509,-2.176,relaxed_wt_1_A_29_I_rep3.pdb
-89.942,-0.188,-1295.93,6.408,-718.861,-1.145,453.635,2.949,relaxed_wt_1_A_30_Q_rep4.pdb
-89.536,0.218,-1302.797,-0.459,-718.872,-1.156,448.175,-2.51,relaxed_wt_1_A_86_T_rep4.pdb
-87.085,2.669,-1302.184,0.154,-720.573,-2.856,448.384,-2.301,relaxed_wt_1_A_27_Q_rep1.pdb
-90.945,-1.191,-1303.537,-1.199,-718.652,-0.935,461.055,10.37,relaxed_wt_1_B_54_W_rep4.pdb
-90.719,-0.964,-1298.611,3.727,-716.321,1.396,457.925,7.24,relaxed_wt_1_B_54_I_rep4.pdb
-89.729,0.025,-1300.282,2.056,-718.746,-1.03,447.004,-3.681,relaxed_wt_1_B_17_W_rep2.pdb
-82.962,6.793,-1263.57,38.768,-717.471,0.246,486.761,36.076,relaxed_wt_1_A_75_P_rep1.pdb
-89.868,-0.114,-1302.855,-0.517,-718.922,-1.206,447.96,-2.725,relaxed_wt_1_A_79_L_rep4.pdb
-89.689,0.065,-1297.395,4.943,-719.09,-1.373,450.948,0.263,relaxed_wt_1_A_30_E_rep5.pdb
-89.846,-0.091,-1301.548,0.79,-718.686,-0.969,450.882,0.196,relaxed_wt_1_B_54_M_rep1.pdb
-89.806,-0.052,-1299.111,3.227,-718.762,-1.046,452.556,1.871,relaxed_wt_1_A_74_N_rep3.pdb
-86.449,3.305,-1301.046,1.292,-719.807,-2.091,448.417,-2.268,relaxed_wt_1_A_27_K_rep3.pdb
-90.962,-1.208,-1303.471,-1.133,-718.61,-0.894,462.415,11.73,relaxed_wt_1_B_54_W_rep1.pdb
-90.516,-0.762,-1301.12,1.218,-718.613,-0.896,448.667,-2.018,relaxed_wt_1_A_32_V_rep1.pdb
-82.3,7.455,-1292.902,9.436,-718.048,-0.332,450.358,-0.327,relaxed_wt_1_A_84_A_rep1.pdb
-89.697,0.057,-1304.007,-1.669,-718.91,-1.193,447.157,-3.528,relaxed_wt_1_B_17_T_rep4.pdb
-88.393,1.362,-1301.813,0.525,-718.896,-1.179,448.741,-1.944,relaxed_wt_1_B_102_N_rep4.pdb
-84.054,5.7,-1290.981,11.357,-719.015,-1.298,452.774,2.089,relaxed_wt_1_A_77_G_rep2.pdb
-89.325,0.429,-1300.171,2.167,-717.854,-0.137,445.818,-4.867,relaxed_wt_1_B_102_D_rep3.pdb
-90.671,-0.917,-1281.807,20.531,-719.69,-1.973,470.451,19.766,relaxed_wt_1_A_34_P_rep5.pdb
-89.825,-0.07,-1294.968,7.37,-719.02,-1.304,459.036,8.351,relaxed_wt_1_A_30_L_rep4.pdb
-89.503,0.251,-1304.088,-1.75,-718.908,-1.191,447.344,-3.341,relaxed_wt_1_B_13_I_rep3.pdb
-90.657,-0.902,-1301.302,1.036,-718.908,-1.192,449.768,-0.917,relaxed_wt_1_B_57_C_rep2.pdb
-88.701,1.053,-1076.266,226.072,-717.523,0.194,606.051,155.366,relaxed_wt_1_B_11_W_rep4.pdb
-89.319,0.436,-1299.644,2.694,-718.648,-0.931,452.773,2.088,relaxed_wt_1_A_30_T_rep5.pdb
-89.677,0.078,-1304.446,-2.108,-718.88,-1.163,446.055,-4.63,relaxed_wt_1_A_74_R_rep1.pdb
-84.199,5.555,-1299.738,2.6,-718.751,-1.035,447.293,-3.392,relaxed_wt_1_B_55_Y_rep1.pdb
-88.888,0.866,-1296.009,6.329,-717.949,-0.232,454.429,3.744,relaxed_wt_1_A_82_G_rep2.pdb
-89.623,0.131,-1304.085,-1.747,-718.83,-1.113,444.76,-5.925,relaxed_wt_1_A_23_F_rep5.pdb
-88.528,1.226,-1305.493,-3.155,-718.847,-1.13,443.485,-7.2,relaxed_wt_1_A_79_N_rep3.pdb
-88.579,1.175,-1298.68,3.658,-719.42,-1.703,452.095,1.41,relaxed_wt_1_A_85_C_rep3.pdb
-89.342,0.412,-1285.123,17.215,-717.982,-0.266,466.521,15.836,relaxed_wt_1_A_37_R_rep2.pdb
-89.956,-0.201,-1299.491,2.847,-718.755,-1.038,448.49,-2.195,relaxed_wt_1_A_24_R_rep5.pdb
-89.527,0.227,-1301.889,0.449,-718.853,-1.136,447.718,-2.967,relaxed_wt_1_A_86_W_rep4.pdb
-89.482,0.273,-1300.246,2.092,-716.784,0.933,443.918,-6.767,relaxed_wt_1_B_15_F_rep3.pdb
-86.95,2.804,-1299.338,3.0,-719.611,-1.895,448.203,-2.483,relaxed_wt_1_A_80_A_rep4.pdb
-86.782,2.972,-1289.598,12.74,-715.684,2.033,477.435,26.75,relaxed_wt_1_A_41_Y_rep2.pdb
-89.364,0.39,-1291.92,10.417,-718.558,-0.841,456.414,5.729,relaxed_wt_1_A_72_G_rep1.pdb
-91.784,-2.03,-1301.713,0.625,-716.395,1.322,442.133,-8.552,relaxed_wt_1_B_15_D_rep4.pdb
-92.45,-2.696,-1302.501,-0.163,-718.002,-0.285,449.322,-1.363,relaxed_wt_1_B_57_L_rep4.pdb
-89.42,0.334,-1300.169,2.169,-718.869,-1.152,451.473,0.788,relaxed_wt_1_B_59_T_rep2.pdb
-85.489,4.265,-1300.269,2.069,-719.03,-1.313,451.654,0.969,relaxed_wt_1_A_40_H_rep4.pdb
-89.35,0.404,-1302.74,-0.402,-718.85,-1.133,446.748,-3.937,relaxed_wt_1_A_86_D_rep4.pdb
-89.535,0.22,-1300.873,1.464,-718.892,-1.175,452.354,1.668,relaxed_wt_1_A_71_C_rep5.pdb
-88.289,1.465,-1304.83,-2.492,-721.809,-4.092,444.619,-6.066,relaxed_wt_1_B_56_N_rep2.pdb
-86.446,3.308,-1299.05,3.288,-720.248,-2.531,448.603,-2.082,relaxed_wt_1_A_27_G_rep5.pdb
-89.606,0.148,-1301.377,0.961,-718.867,-1.15,451.726,1.041,relaxed_wt_1_A_71_R_rep4.pdb
-88.215,1.539,-1300.067,2.271,-719.107,-1.391,451.369,0.684,relaxed_wt_1_B_57_G_rep3.pdb
-92.715,-2.961,-1301.977,0.361,-717.94,-0.223,455.384,4.699,relaxed_wt_1_B_100_N_rep4.pdb
-90.077,-0.322,-1299.643,2.695,-717.758,-0.041,453.828,3.143,relaxed_wt_1_A_82_N_rep4.pdb
-89.609,0.145,-1301.778,0.56,-718.102,-0.386,450.447,-0.238,relaxed_wt_1_A_78_T_rep5.pdb
-89.129,0.625,-1294.812,7.526,-718.294,-0.578,457.06,6.375,relaxed_wt_1_A_74_H_rep1.pdb
-89.334,0.42,-1213.042,89.296,-718.685,-0.968,537.355,86.67,relaxed_wt_1_B_11_K_rep1.pdb
-87.569,2.185,-1304.093,-1.755,-718.95,-1.234,444.989,-5.696,relaxed_wt_1_A_81_I_rep5.pdb
-89.381,0.374,-1257.88,44.458,-715.119,2.598,302.659,-148.026,relaxed_wt_1_B_14_I_rep4.pdb
-89.525,0.229,-1303.721,-1.383,-718.928,-1.211,445.596,-5.089,relaxed_wt_1_A_36_N_rep1.pdb
-88.418,1.337,-1267.202,35.136,-718.307,-0.59,476.295,25.61,relaxed_wt_1_B_59_P_rep5.pdb
-89.596,0.158,-1303.435,-1.097,-718.96,-1.243,447.539,-3.147,relaxed_wt_1_A_23_Y_rep1.pdb
-82.191,7.563,-1296.656,5.682,-719.032,-1.315,447.32,-3.365,relaxed_wt_1_A_38_W_rep2.pdb
-88.989,0.766,-1263.016,39.322,-718.745,-1.028,451.171,0.485,relaxed_wt_1_A_23_I_rep3.pdb
-88.779,0.975,-1299.664,2.674,-719.179,-1.462,448.595,-2.09,relaxed_wt_1_A_74_I_rep1.pdb
-90.724,-0.97,-1283.396,18.942,-718.522,-0.806,471.721,21.036,relaxed_wt_1_A_39_F_rep3.pdb
-87.877,1.877,-1301.061,1.277,-718.975,-1.259,447.132,-3.553,relaxed_wt_1_A_26_L_rep4.pdb
-89.429,0.325,-1302.77,-0.432,-718.848,-1.131,449.413,-1.273,relaxed_wt_1_B_102_I_rep4.pdb
-89.542,0.212,-1301.198,1.139,-718.843,-1.126,450.477,-0.208,relaxed_wt_1_A_71_C_rep4.pdb
-86.239,3.515,-1304.385,-2.047,-723.099,-5.382,444.523,-6.162,relaxed_wt_1_A_27_E_rep4.pdb
-89.828,-0.074,-1298.535,3.803,-718.65,-0.933,451.076,0.391,relaxed_wt_1_A_25_L_rep3.pdb
-89.575,0.179,-1302.687,-0.349,-718.997,-1.28,450.363,-0.322,relaxed_wt_1_A_21_W_rep1.pdb
-89.549,0.205,-1303.896,-1.558,-718.922,-1.206,446.775,-3.91,relaxed_wt_1_A_22_V_rep3.pdb
-81.427,8.327,-1290.242,12.096,-718.028,-0.312,452.408,1.723,relaxed_wt_1_A_84_R_rep3.pdb
-92.509,-2.755,-1300.274,2.063,-717.214,0.503,452.64,1.955,relaxed_wt_1_B_98_Y_rep2.pdb
-89.521,0.233,-1303.709,-1.371,-719.037,-1.32,448.009,-2.676,relaxed_wt_1_A_26_Y_rep5.pdb
-89.364,0.39,-1290.983,11.355,-718.901,-1.184,461.391,10.706,relaxed_wt_1_A_37_E_rep5.pdb
-89.523,0.231,-1302.649,-0.311,-718.651,-0.935,448.176,-2.509,relaxed_wt_1_B_102_I_rep2.pdb
-87.867,1.887,-1301.668,0.67,-721.417,-3.7,452.537,1.852,relaxed_wt_1_B_54_P_rep2.pdb
-89.47,0.285,-1295.497,6.841,-718.587,-0.87,454.458,3.773,relaxed_wt_1_A_31_T_rep5.pdb
-89.384,0.37,-1301.845,0.493,-718.767,-1.051,447.843,-2.842,relaxed_wt_1_B_100_K_rep5.pdb
-88.482,1.273,-1281.656,20.682,-719.513,-1.796,471.175,20.49,relaxed_wt_1_A_37_P_rep1.pdb
-82.367,7.387,-1293.747,8.591,-718.34,-0.623,454.362,3.677,relaxed_wt_1_A_77_K_rep4.pdb
-89.427,0.327,-1298.89,3.448,-718.822,-1.106,449.217,-1.468,relaxed_wt_1_A_87_M_rep4.pdb
-89.495,0.259,-1301.33,1.008,-718.883,-1.166,448.24,-2.445,relaxed_wt_1_A_87_Q_rep2.pdb
-89.698,0.056,-1299.435,2.903,-717.634,0.083,446.957,-3.728,relaxed_wt_1_B_15_M_rep4.pdb
-89.472,0.282,-1299.637,2.701,-718.793,-1.076,449.095,-1.59,relaxed_wt_1_A_83_M_rep2.pdb
-86.913,2.841,-1298.529,3.809,-714.987,2.73,445.445,-5.241,relaxed_wt_1_A_35_F_rep2.pdb
-89.032,0.722,-1301.476,0.862,-719.062,-1.345,449.219,-1.466,relaxed_wt_1_B_57_A_rep4.pdb
-85.344,4.411,-1299.495,2.843,-718.0,-0.284,446.273,-4.412,relaxed_wt_1_A_84_I_rep2.pdb
-87.835,1.919,-1297.471,4.867,-717.818,-0.102,450.415,-0.27,relaxed_wt_1_A_75_T_rep5.pdb
-87.64,2.114,-1303.411,-1.073,-718.797,-1.08,447.825,-2.86,relaxed_wt_1_A_75_I_rep4.pdb
-84.758,4.996,-1299.742,2.596,-718.957,-1.24,450.624,-0.061,relaxed_wt_1_A_38_A_rep3.pdb
-88.393,1.361,-1298.436,3.902,-721.628,-3.911,454.918,4.233,relaxed_wt_1_A_41_G_rep1.pdb
-86.172,3.583,-1299.461,2.877,-719.153,-1.436,446.524,-4.162,relaxed_wt_1_B_55_L_rep2.pdb
-87.651,2.104,-1300.477,1.861,-718.9,-1.184,446.173,-4.512,relaxed_wt_1_A_36_K_rep1.pdb
-89.535,0.219,-1300.776,1.562,-719.425,-1.708,451.994,1.309,relaxed_wt_1_A_21_N_rep1.pdb
-89.475,0.279,-1301.462,0.876,-719.088,-1.371,449.233,-1.452,relaxed_wt_1_A_87_E_rep3.pdb
-89.6,0.154,-1297.019,5.319,-718.99,-1.273,456.608,5.923,relaxed_wt_1_A_30_A_rep4.pdb
-88.918,0.836,-1301.219,1.119,-718.602,-0.886,455.054,4.369,relaxed_wt_1_B_13_P_rep1.pdb
-87.347,2.408,-1303.433,-1.095,-719.038,-1.322,445.287,-5.398,relaxed_wt_1_A_73_K_rep4.pdb
-88.327,1.427,-1301.253,1.085,-718.906,-1.189,445.384,-5.301,relaxed_wt_1_B_102_N_rep2.pdb
-87.97,1.784,-1302.258,0.08,-718.94,-1.223,449.102,-1.583,relaxed_wt_1_A_73_N_rep3.pdb
-89.07,0.684,-1299.158,3.18,-718.144,-0.427,454.258,3.573,relaxed_wt_1_A_34_F_rep5.pdb
-86.188,3.566,-1301.993,0.345,-719.027,-1.311,443.05,-7.635,relaxed_wt_1_A_35_S_rep1.pdb
-88.121,1.633,-1305.506,-3.168,-721.643,-3.926,440.683,-10.002,relaxed_wt_1_A_21_Y_rep1.pdb
-89.656,0.099,-1304.789,-2.451,-718.8,-1.083,446.807,-3.878,relaxed_wt_1_B_12_K_rep5.pdb
-87.232,2.523,-1301.807,0.531,-719.001,-1.284,445.169,-5.516,relaxed_wt_1_B_54_D_rep4.pdb
-89.409,0.345,-1300.126,2.212,-718.871,-1.154,448.874,-1.811,relaxed_wt_1_A_29_K_rep4.pdb
-93.291,-3.537,-1305.649,-3.311,-718.446,-0.729,449.269,-1.416,relaxed_wt_1_A_34_Q_rep1.pdb
-89.429,0.325,-1303.705,-1.367,-719.069,-1.352,449.212,-1.473,relaxed_wt_1_B_98_T_rep2.pdb
-88.854,0.901,-1302.732,-0.394,-718.914,-1.197,448.292,-2.393,relaxed_wt_1_B_57_E_rep1.pdb
-89.488,0.266,-1301.798,0.54,-718.956,-1.239,449.718,-0.967,relaxed_wt_1_A_79_M_rep1.pdb
-89.75,0.004,-1278.86,23.478,-718.302,-0.585,430.253,-20.432,relaxed_wt_1_B_14_Q_rep3.pdb
-89.543,0.211,-1304.401,-2.063,-718.912,-1.195,445.812,-4.873,relaxed_wt_1_A_79_S_rep4.pdb
-89.734,0.02,-1298.194,4.144,-718.698,-0.982,456.159,5.474,relaxed_wt_1_A_30_C_rep5.pdb
-89.95,-0.196,-1282.648,19.69,-718.877,-1.16,472.831,22.146,relaxed_wt_1_B_14_N_rep5.pdb
-89.172,0.582,-1299.282,3.056,-719.059,-1.343,451.609,0.924,relaxed_wt_1_A_32_G_rep1.pdb
-89.657,0.098,-1298.64,3.698,-718.736,-1.019,449.212,-1.473,relaxed_wt_1_A_25_L_rep1.pdb
-89.858,-0.104,-1283.522,18.816,-717.632,0.084,457.775,7.09,relaxed_wt_1_A_87_L_rep2.pdb
-81.752,8.002,-1298.917,3.421,-721.491,-3.774,458.563,7.878,relaxed_wt_1_A_40_A_rep2.pdb
-90.187,-0.432,-1299.201,3.137,-717.541,0.176,454.37,3.685,relaxed_wt_1_A_82_N_rep1.pdb
-89.498,0.256,-1300.607,1.73,-718.958,-1.241,451.274,0.589,relaxed_wt_1_A_39_T_rep1.pdb
-90.738,-0.984,-1292.614,9.723,-718.273,-0.557,461.035,10.35,relaxed_wt_1_A_30_W_rep4.pdb
-89.57,0.184,-1301.484,0.854,-718.926,-1.21,448.441,-2.244,relaxed_wt_1_A_87_E_rep2.pdb
-89.416,0.338,-1294.65,7.688,-718.04,-0.323,458.57,7.885,relaxed_wt_1_A_83_G_rep1.pdb
-89.003,0.751,-1272.299,30.039,-718.793,-1.076,484.648,33.963,relaxed_wt_1_B_11_Q_rep2.pdb
-88.735,1.019,-1298.436,3.902,-718.928,-1.211,450.374,-0.311,relaxed_wt_1_A_85_T_rep1.pdb
-89.193,0.561,-1299.985,2.353,-718.824,-1.107,449.364,-1.321,relaxed_wt_1_B_100_R_rep5.pdb
-89.597,0.158,-1302.802,-0.464,-718.87,-1.153,451.259,0.574,relaxed_wt_1_A_21_V_rep5.pdb
-85.58,4.174,-1300.076,2.262,-719.054,-1.337,452.333,1.648,relaxed_wt_1_A_40_H_rep3.pdb
-89.505,0.25,-1298.161,4.177,-718.957,-1.24,447.775,-2.911,relaxed_wt_1_B_11_S_rep2.pdb
-88.459,1.295,-1300.708,1.63,-718.59,-0.874,450.853,0.168,relaxed_wt_1_A_81_N_rep1.pdb
-89.221,0.533,-1295.905,6.433,-719.107,-1.39,454.614,3.929,relaxed_wt_1_A_33_I_rep5.pdb
-89.153,0.601,-1305.067,-2.729,-719.008,-1.291,444.408,-6.277,relaxed_wt_1_A_73_W_rep5.pdb
-89.559,0.196,-1303.503,-1.165,-718.959,-1.243,448.917,-1.768,relaxed_wt_1_A_71_N_rep2.pdb
-89.535,0.219,-1304.182,-1.844,-718.826,-1.109,448.088,-2.597,relaxed_wt_1_A_81_K_rep1.pdb
-88.111,1.644,-1296.154,6.184,-718.098,-0.382,458.225,7.54,relaxed_wt_1_A_41_T_rep3.pdb
-91.909,-2.155,-1302.112,0.226,-718.423,-0.706,457.526,6.841,relaxed_wt_1_B_54_V_rep4.pdb
-87.414,2.341,-1296.737,5.6,-718.881,-1.165,449.624,-1.061,relaxed_wt_1_A_73_G_rep2.pdb
-87.991,1.763,-1297.388,4.95,-717.998,-0.281,450.12,-0.565,relaxed_wt_1_A_84_M_rep4.pdb
-89.6,0.154,-1299.744,2.594,-718.77,-1.053,446.019,-4.666,relaxed_wt_1_A_23_L_rep1.pdb
-89.73,0.025,-1300.732,1.606,-719.06,-1.343,450.909,0.224,relaxed_wt_1_A_26_M_rep2.pdb
-91.206,-1.452,-1300.663,1.675,-718.801,-1.085,446.716,-3.969,relaxed_wt_1_B_54_C_rep3.pdb
-89.426,0.328,-1301.042,1.296,-718.227,-0.51,448.448,-2.237,relaxed_wt_1_A_33_A_rep3.pdb
-89.449,0.305,-1305.652,-3.314,-718.891,-1.175,444.91,-5.775,relaxed_wt_1_B_98_Q_rep5.pdb
-90.892,-1.138,-1301.772,0.566,-717.569,0.148,446.349,-4.336,relaxed_wt_1_A_36_T_rep1.pdb
-90.417,-0.663,-1303.551,-1.213,-718.378,-0.661,446.362,-4.323,relaxed_wt_1_B_101_E_rep3.pdb
-89.461,0.293,-1290.967,11.371,-718.928,-1.211,458.399,7.714,relaxed_wt_1_A_79_V_rep5.pdb
-91.006,-1.252,-1279.257,23.081,-716.945,0.772,435.376,-15.309,relaxed_wt_1_B_14_M_rep5.pdb
-86.467,3.288,-1277.766,24.572,-716.556,1.16,365.986,-84.699,relaxed_wt_1_B_13_W_rep3.pdb
-89.478,0.276,-1304.982,-2.645,-718.889,-1.172,445.653,-5.032,relaxed_wt_1_B_12_I_rep4.pdb
-89.555,0.199,-1302.886,-0.548,-718.865,-1.148,447.515,-3.17,relaxed_wt_1_A_86_S_rep4.pdb
-85.828,3.926,-1289.228,13.11,-717.92,-0.203,458.181,7.496,relaxed_wt_1_A_75_D_rep5.pdb
-90.256,-0.502,-1301.685,0.653,-719.162,-1.445,450.482,-0.203,relaxed_wt_1_A_24_K_rep1.pdb
-84.486,5.269,-1295.687,6.651,-715.091,2.626,445.488,-5.197,relaxed_wt_1_A_35_Y_rep4.pdb
-90.155,-0.401,-1303.715,-1.377,-718.969,-1.252,448.451,-2.234,relaxed_wt_1_A_85_K_rep1.pdb
-89.587,0.167,-1302.157,0.181,-718.961,-1.244,447.029,-3.656,relaxed_wt_1_A_79_C_rep1.pdb
-84.759,4.995,-1300.516,1.822,-719.341,-1.625,446.737,-3.948,relaxed_wt_1_A_38_Y_rep4.pdb
-91.798,-2.043,-1301.949,0.389,-718.264,-0.547,446.573,-4.112,relaxed_wt_1_B_100_H_rep4.pdb
-89.501,0.253,-1303.371,-1.033,-718.988,-1.271,448.946,-1.739,relaxed_wt_1_A_71_N_rep5.pdb
-90.141,-0.386,-1303.364,-1.026,-718.592,-0.875,450.364,-0.321,relaxed_wt_1_A_76_V_rep4.pdb
-89.786,-0.032,-1296.83,5.508,-718.993,-1.277,453.695,3.01,relaxed_wt_1_A_31_A_rep1.pdb
-89.621,0.134,-1301.579,0.759,-718.877,-1.16,450.502,-0.183,relaxed_wt_1_A_25_V_rep5.pdb
-89.554,0.2,-1301.244,1.094,-718.818,-1.101,450.396,-0.289,relaxed_wt_1_A_71_C_rep1.pdb
-91.564,-1.81,-1301.399,0.939,-718.237,-0.52,451.843,1.158,relaxed_wt_1_A_36_I_rep3.pdb
-89.492,0.262,-1300.816,1.522,-718.929,-1.212,457.231,6.546,relaxed_wt_1_A_22_M_rep5.pdb
-89.497,0.257,-1298.32,4.018,-718.899,-1.182,452.536,1.851,relaxed_wt_1_A_39_C_rep3.pdb
-88.87,0.884,-1299.786,2.552,-718.981,-1.264,451.818,1.133,relaxed_wt_1_B_58_A_rep4.pdb
-88.614,1.14,-1296.989,5.349,-718.918,-1.201,454.177,3.492,relaxed_wt_1_A_85_Y_rep5.pdb
-88.67,1.084,-1299.588,2.75,-718.323,-0.606,449.789,-0.896,relaxed_wt_1_A_81_D_rep3.pdb
-89.534,0.22,-1299.987,2.351,-718.829,-1.113,454.28,3.595,relaxed_wt_1_A_87_G_rep2.pdb
-84.963,4.791,-1302.375,-0.037,-718.538,-0.821,446.269,-4.416,relaxed_wt_1_A_40_Y_rep1.pdb
-89.147,0.607,-1291.389,10.949,-717.111,0.606,458.117,7.432,relaxed_wt_1_A_75_W_rep1.pdb
-89.324,0.43,-1302.907,-0.569,-718.873,-1.156,448.145,-2.54,relaxed_wt_1_B_102_C_rep4.pdb
-89.467,0.287,-1299.435,2.903,-718.921,-1.204,450.281,-0.404,relaxed_wt_1_B_59_N_rep4.pdb
-88.106,1.648,-1298.839,3.499,-719.329,-1.612,451.953,1.268,relaxed_wt_1_A_82_S_rep3.pdb
-86.539,3.215,-1299.981,2.357,-719.689,-1.972,447.71,-2.975,relaxed_wt_1_A_80_S_rep4.pdb
-89.637,0.117,-1299.295,3.043,-717.887,-0.171,448.748,-1.937,relaxed_wt_1_A_23_E_rep1.pdb
-89.49,0.264,-1290.669,11.669,-719.253,-1.536,461.491,10.806,relaxed_wt_1_A_37_E_rep4.pdb
-90.248,-0.493,-1257.324,45.014,-718.517,-0.8,444.725,-5.96,relaxed_wt_1_B_14_Y_rep2.pdb
-88.641,1.113,-1154.254,148.084,-718.891,-1.174,583.568,132.883,relaxed_wt_1_A_87_P_rep3.pdb
-91.078,-1.324,-1300.827,1.511,-718.948,-1.231,445.197,-5.488,relaxed_wt_1_B_54_C_rep1.pdb
-89.769,-0.015,-1296.994,5.344,-718.95,-1.233,452.938,2.253,relaxed_wt_1_A_31_S_rep2.pdb
-89.656,0.098,-1303.586,-1.248,-718.942,-1.226,443.175,-7.51,relaxed_wt_1_B_17_S_rep1.pdb
-89.562,0.193,-1303.797,-1.459,-718.936,-1.219,446.61,-4.075,relaxed_wt_1_A_24_E_rep2.pdb
-89.418,0.336,-1304.242,-1.904,-718.933,-1.216,446.179,-4.506,relaxed_wt_1_B_12_N_rep2.pdb
-88.84,0.914,-1299.993,2.345,-718.846,-1.129,449.516,-1.169,relaxed_wt_1_A_85_Q_rep1.pdb
-89.29,0.465,-1292.845,9.493,-718.286,-0.569,458.641,7.956,relaxed_wt_1_A_76_F_rep3.pdb
-89.576,0.178,-1301.941,0.397,-718.785,-1.068,452.348,1.663,relaxed_wt_1_A_71_A_rep1.pdb
-90.01,-0.256,-1295.405,6.933,-719.16,-1.443,453.922,3.237,relaxed_wt_1_A_37_T_rep3.pdb
-89.545,0.209,-1299.803,2.535,-718.955,-1.238,452.704,2.019,relaxed_wt_1_A_21_K_rep4.pdb
-89.496,0.258,-1301.304,1.033,-718.942,-1.225,452.824,2.139,relaxed_wt_1_A_22_Q_rep4.pdb
-86.441,3.313,-1300.63,1.708,-718.572,-0.855,450.153,-0.532,relaxed_wt_1_A_81_N_rep5.pdb
-89.586,0.168,-1299.867,2.471,-718.937,-1.22,452.771,2.086,relaxed_wt_1_B_100_G_rep5.pdb
-89.831,-0.077,-1302.242,0.096,-718.843,-1.126,447.571,-3.114,relaxed_wt_1_B_57_V_rep2.pdb
-86.959,2.795,-1300.155,2.182,-720.642,-2.925,455.218,4.533,relaxed_wt_1_A_28_F_rep1.pdb
-88.889,0.865,-1302.571,-0.233,-718.794,-1.078,446.853,-3.832,relaxed_wt_1_B_56_S_rep2.pdb
-88.62,1.134,-1299.446,2.892,-718.833,-1.116,449.533,-1.152,relaxed_wt_1_A_85_M_rep1.pdb
-90.471,-0.717,-1297.071,5.267,-717.61,0.107,443.908,-6.777,relaxed_wt_1_A_30_F_rep4.pdb
-88.397,1.357,-1299.815,2.523,-717.778,-0.061,450.496,-0.189,relaxed_wt_1_A_36_H_rep2.pdb
-90.201,-0.447,-1299.222,3.116,-717.538,0.179,453.211,2.526,relaxed_wt_1_A_82_N_rep2.pdb
-89.937,-0.182,-1292.32,10.018,-717.993,-0.277,458.168,7.483,relaxed_wt_1_A_31_H_rep1.pdb
-89.784,-0.03,-1297.489,4.849,-719.0,-1.283,449.056,-1.629,relaxed_wt_1_A_29_I_rep1.pdb
-89.768,-0.014,-1303.019,-0.681,-718.981,-1.265,449.244,-1.441,relaxed_wt_1_A_74_Q_rep5.pdb
-89.432,0.322,-1257.646,44.692,-718.927,-1.211,220.593,-230.092,relaxed_wt_1_A_22_Y_rep5.pdb
-89.381,0.373,-1294.519,7.819,-718.984,-1.267,454.309,3.624,relaxed_wt_1_B_59_F_rep3.pdb
-89.359,0.395,-1253.316,49.022,-718.853,-1.137,486.166,35.481,relaxed_wt_1_B_11_E_rep2.pdb
-80.54,9.214,-1293.26,9.078,-716.083,1.634,446.493,-4.192,relaxed_wt_1_B_55_E_rep1.pdb
-89.578,0.176,-1297.882,4.456,-718.902,-1.185,451.689,1.004,relaxed_wt_1_A_87_T_rep1.pdb
-90.078,-0.324,-1300.215,2.123,-718.772,-1.055,450.951,0.266,relaxed_wt_1_A_24_S_rep3.pdb
-90.203,-0.449,-1304.819,-2.481,-718.87,-1.153,446.067,-4.618,relaxed_wt_1_A_79_Q_rep2.pdb
-84.164,5.59,-1300.414,1.924,-718.974,-1.257,454.027,3.342,relaxed_wt_1_A_35_P_rep3.pdb
-90.079,-0.325,-1298.847,3.491,-719.287,-1.57,452.649,1.964,relaxed_wt_1_A_37_H_rep3.pdb
-89.08,0.674,-1303.484,-1.146,-718.796,-1.08,447.588,-3.097,relaxed_wt_1_B_98_N_rep1.pdb
-89.518,0.236,-1302.079,0.259,-719.427,-1.71,449.04,-1.645,relaxed_wt_1_B_98_G_rep1.pdb
-86.308,3.446,-1300.459,1.879,-718.809,-1.092,447.365,-3.32,relaxed_wt_1_A_38_Q_rep5.pdb
-88.5,1.254,-1301.475,0.863,-718.862,-1.145,448.107,-2.578,relaxed_wt_1_B_102_E_rep4.pdb
-85.56,4.194,-1299.352,2.986,-718.043,-0.326,446.661,-4.024,relaxed_wt_1_A_77_H_rep4.pdb
-86.553,3.202,-1305.764,-3.426,-721.637,-3.921,441.666,-9.019,relaxed_wt_1_B_54_E_rep1.pdb
-92.477,-2.723,-1303.321,-0.983,-716.639,1.078,448.114,-2.571,relaxed_wt_1_B_12_F_rep1.pdb
-89.56,0.194,-1291.307,11.03,-718.231,-0.514,461.687,11.002,relaxed_wt_1_A_37_V_rep4.pdb
-87.522,2.232,-1300.507,1.831,-718.752,-1.036,448.493,-2.192,relaxed_wt_1_A_36_E_rep2.pdb
-88.277,1.478,-1261.581,40.757,-716.587,1.13,447.525,-3.16,relaxed_wt_1_A_25_W_rep5.pdb
-88.11,1.644,-1297.473,4.864,-716.587,1.13,452.282,1.597,relaxed_wt_1_A_27_W_rep2.pdb
-89.474,0.28,-1302.994,-0.656,-718.912,-1.195,448.414,-2.271,relaxed_wt_1_B_98_C_rep2.pdb
-87.54,2.214,-1298.955,3.382,-718.909,-1.192,450.672,-0.013,relaxed_wt_1_A_85_E_rep2.pdb
-92.172,-2.418,-1301.354,0.984,-718.572,-0.855,453.757,3.072,relaxed_wt_1_B_54_I_rep2.pdb
-89.642,0.112,-1300.976,1.362,-718.777,-1.06,448.45,-2.235,relaxed_wt_1_A_23_H_rep5.pdb
-89.736,0.019,-1299.028,3.31,-718.782,-1.066,452.526,1.841,relaxed_wt_1_A_76_H_rep4.pdb
-90.345,-0.591,-1305.114,-2.776,-718.869,-1.152,447.917,-2.768,relaxed_wt_1_B_101_S_rep2.pdb
-89.03,0.724,-1302.19,0.148,-718.962,-1.245,448.674,-2.011,relaxed_wt_1_B_102_T_rep5.pdb
-87.019,2.735,-1299.642,2.696,-719.557,-1.84,447.948,-2.737,relaxed_wt_1_A_80_A_rep2.pdb
-91.019,-1.265,-1301.067,1.271,-718.883,-1.167,451.301,0.616,relaxed_wt_1_B_58_F_rep1.pdb
-88.577,1.177,-1299.38,2.958,-718.874,-1.158,453.583,2.898,relaxed_wt_1_A_85_M_rep4.pdb
-88.479,1.275,-1296.889,5.449,-718.86,-1.144,453.25,2.565,relaxed_wt_1_A_85_D_rep3.pdb
-89.385,0.369,-1296.379,5.959,-719.016,-1.299,454.264,3.579,relaxed_wt_1_A_28_I_rep4.pdb
-89.77,-0.016,-1303.249,-0.911,-718.837,-1.12,453.081,2.396,relaxed_wt_1_B_13_L_rep2.pdb
-89.481,0.274,-1300.663,1.675,-718.918,-1.201,451.774,1.089,relaxed_wt_1_A_39_T_rep2.pdb
-89.505,0.249,-1301.111,1.227,-718.951,-1.234,449.293,-1.392,relaxed_wt_1_A_86_Y_rep1.pdb
-87.7,2.055,-1303.84,-1.502,-718.962,-1.245,446.93,-3.755,relaxed_wt_1_A_86_K_rep1.pdb
-89.517,0.237,-1297.331,5.007,-718.861,-1.145,453.793,3.108,relaxed_wt_1_A_25_Q_rep1.pdb
-89.3,0.454,-1300.359,1.979,-718.886,-1.169,450.498,-0.187,relaxed_wt_1_B_13_A_rep5.pdb
-89.846,-0.092,-1302.694,-0.356,-717.462,0.255,449.469,-1.216,relaxed_wt_1_A_33_K_rep4.pdb
-89.657,0.098,-1301.561,0.777,-718.871,-1.154,452.321,1.636,relaxed_wt_1_A_71_M_rep2.pdb
-89.505,0.25,-1303.672,-1.334,-718.954,-1.237,447.55,-3.136,relaxed_wt_1_B_17_K_rep1.pdb
-88.566,1.188,-1298.938,3.4,-718.962,-1.246,451.627,0.942,relaxed_wt_1_B_58_S_rep5.pdb
-90.455,-0.701,-1301.527,0.811,-718.996,-1.279,451.297,0.612,relaxed_wt_1_B_102_Y_rep1.pdb
-84.746,5.008,-1291.549,10.789,-717.26,0.457,466.887,16.202,relaxed_wt_1_A_41_N_rep5.pdb
-89.617,0.137,-1299.942,2.396,-719.292,-1.575,450.146,-0.539,relaxed_wt_1_B_11_G_rep3.pdb
-89.536,0.218,-1301.715,0.623,-718.889,-1.172,449.172,-1.513,relaxed_wt_1_B_13_V_rep3.pdb
-89.019,0.735,-1300.076,2.261,-718.659,-0.942,451.031,0.346,relaxed_wt_1_B_54_P_rep5.pdb
-88.908,0.846,-1301.302,1.036,-718.932,-1.215,446.923,-3.762,relaxed_wt_1_B_54_T_rep1.pdb
-89.882,-0.128,-1304.08,-1.742,-719.182,-1.465,447.678,-3.007,relaxed_wt_1_B_101_L_rep5.pdb
-93.29,-3.536,-1305.604,-3.266,-718.376,-0.659,450.258,-0.427,relaxed_wt_1_A_34_Q_rep4.pdb
-82.312,7.442,-1292.981,9.357,-717.931,-0.214,450.206,-0.479,relaxed_wt_1_A_84_A_rep5.pdb
-86.371,3.384,-1263.822,38.516,-717.825,-0.108,478.658,27.973,relaxed_wt_1_B_15_P_rep1.pdb
-89.538,0.216,-1303.72,-1.382,-718.795,-1.078,446.527,-4.158,relaxed_wt_1_A_28_L_rep5.pdb
-88.846,0.908,-1296.931,5.407,-718.865,-1.148,454.661,3.976,relaxed_wt_1_A_85_Y_rep2.pdb
-88.489,1.265,-1300.037,2.301,-719.128,-1.412,448.308,-2.377,relaxed_wt_1_A_81_C_rep3.pdb
-83.387,6.367,-1292.987,9.351,-717.77,-0.053,456.678,5.993,relaxed_wt_1_A_84_K_rep4.pdb
-88.41,1.345,-1298.644,3.694,-717.199,0.518,445.248,-5.437,relaxed_wt_1_B_15_N_rep3.pdb
-89.438,0.316,-1303.614,-1.276,-718.931,-1.215,445.322,-5.364,relaxed_wt_1_B_54_N_rep1.pdb
-89.627,0.127,-1303.986,-1.648,-718.883,-1.166,445.783,-4.902,relaxed_wt_1_A_86_H_rep4.pdb
-86.6,3.154,-1296.51,5.828,-716.448,1.269,441.521,-9.164,relaxed_wt_1_B_15_K_rep3.pdb
-89.365,0.39,-1280.421,21.917,-718.841,-1.124,476.021,25.336,relaxed_wt_1_A_72_E_rep3.pdb
-89.28,0.475,-1300.235,2.103,-718.861,-1.144,451.667,0.982,relaxed_wt_1_B_13_A_rep3.pdb
-89.522,0.232,-1302.053,0.285,-718.972,-1.255,447.91,-2.776,relaxed_wt_1_A_86_I_rep2.pdb
-86.618,3.136,-1301.892,0.446,-721.814,-4.098,443.445,-7.24,relaxed_wt_1_A_27_V_rep2.pdb
-89.323,0.431,-1271.1,31.238,-717.799,-0.082,484.85,34.165,relaxed_wt_1_A_72_M_rep4.pdb
-85.382,4.372,-1298.892,3.446,-718.732,-1.015,449.427,-1.258,relaxed_wt_1_A_77_E_rep2.pdb
-89.673,0.081,-1295.573,6.765,-718.067,-0.35,458.542,7.857,relaxed_wt_1_A_74_D_rep2.pdb
-89.512,0.243,-1296.262,6.075,-718.945,-1.228,455.42,4.734,relaxed_wt_1_A_39_A_rep5.pdb
-91.582,-1.828,-1279.476,22.862,-716.748,0.969,468.241,17.556,relaxed_wt_1_B_11_M_rep2.pdb
-90.125,-0.371,-1283.012,19.326,-718.382,-0.666,457.721,7.036,relaxed_wt_1_A_39_K_rep4.pdb
-88.25,1.504,-1306.228,-3.89,-721.711,-3.994,444.275,-6.41,relaxed_wt_1_A_71_I_rep1.pdb
-88.375,1.38,-1302.629,-0.292,-718.849,-1.132,444.503,-6.183,relaxed_wt_1_B_102_S_rep5.pdb
-89.625,0.129,-1304.752,-2.414,-718.857,-1.14,446.617,-4.068,relaxed_wt_1_B_12_V_rep4.pdb
-89.783,-0.028,-1306.466,-4.128,-721.605,-3.889,448.437,-2.248,relaxed_wt_1_A_28_M_rep3.pdb
-89.613,0.141,-1297.144,5.194,-718.926,-1.209,454.53,3.845,relaxed_wt_1_A_25_T_rep2.pdb
-89.835,-0.081,-1297.672,4.666,-718.77,-1.054,451.45,0.765,relaxed_wt_1_A_24_G_rep1.pdb
-85.713,4.042,-1300.738,1.6,-722.981,-5.264,445.149,-5.536,relaxed_wt_1_A_27_G_rep2.pdb
-89.432,0.322,-1301.691,0.647,-718.997,-1.28,446.73,-3.955,relaxed_wt_1_A_29_T_rep4.pdb
-79.046,10.709,-1283.988,18.349,-717.654,0.062,460.946,10.261,relaxed_wt_1_A_75_K_rep5.pdb
-89.912,-0.157,-1303.162,-0.824,-719.02,-1.303,448.296,-2.389,relaxed_wt_1_B_56_Q_rep2.pdb
-89.553,0.202,-1290.065,12.273,-718.927,-1.211,460.333,9.648,relaxed_wt_1_A_31_Y_rep4.pdb
-89.912,-0.158,-1302.364,-0.026,-718.495,-0.778,448.536,-2.149,relaxed_wt_1_B_56_Y_rep5.pdb
-89.61,0.144,-1295.2,7.138,-718.094,-0.377,457.102,6.416,relaxed_wt_1_A_74_D_rep1.pdb
-89.834,-0.08,-1301.939,0.399,-718.873,-1.157,451.053,0.368,relaxed_wt_1_A_77_M_rep4.pdb
-89.612,0.142,-1300.993,1.345,-719.012,-1.296,446.115,-4.57,relaxed_wt_1_A_74_C_rep5.pdb
-86.429,3.325,-1288.457,13.881,-715.782,1.935,478.942,28.257,relaxed_wt_1_A_41_H_rep5.pdb
-85.956,3.798,-1301.856,0.482,-719.201,-1.485,450.203,-0.482,relaxed_wt_1_A_35_N_rep4.pdb
-89.89,-0.136,-1300.85,1.488,-718.744,-1.028,449.922,-0.763,relaxed_wt_1_A_24_D_rep5.pdb
-89.286,0.468,-1302.181,0.157,-718.967,-1.25,447.64,-3.045,relaxed_wt_1_A_21_D_rep4.pdb
-88.61,1.144,-1296.987,5.35,-718.952,-1.235,451.343,0.658,relaxed_wt_1_A_85_Y_rep1.pdb
-89.828,-0.073,-1301.764,0.574,-718.524,-0.807,448.646,-2.039,relaxed_wt_1_A_80_R_rep4.pdb
-89.406,0.349,-1301.19,1.148,-718.004,-0.288,449.207,-1.478,relaxed_wt_1_A_80_Y_rep2.pdb
-89.585,0.17,-1303.627,-1.289,-718.809,-1.092,445.801,-4.884,relaxed_wt_1_A_77_I_rep3.pdb
-87.955,1.799,-1297.445,4.893,-717.426,0.291,450.557,-0.128,relaxed_wt_1_B_15_R_rep1.pdb
-89.631,0.123,-1303.974,-1.636,-718.915,-1.198,444.843,-5.843,relaxed_wt_1_B_98_A_rep3.pdb
-87.254,2.5,-1296.559,5.779,-717.76,-0.043,449.533,-1.152,relaxed_wt_1_A_82_D_rep4.pdb
-88.618,1.136,-1298.061,4.277,-718.813,-1.096,447.448,-3.237,relaxed_wt_1_A_75_C_rep4.pdb
-86.278,3.476,-1301.396,0.942,-718.516,-0.799,448.867,-1.819,relaxed_wt_1_A_35_E_rep4.pdb
-86.161,3.593,-1298.115,4.223,-717.999,-0.283,448.354,-2.331,relaxed_wt_1_A_33_D_rep1.pdb
-90.348,-0.594,-1271.791,30.547,-718.688,-0.972,473.43,22.745,relaxed_wt_1_B_11_N_rep2.pdb
-89.474,0.28,-1299.535,2.803,-719.019,-1.302,449.191,-1.494,relaxed_wt_1_A_23_N_rep2.pdb
-89.509,0.245,-1301.435,0.903,-719.026,-1.309,449.138,-1.547,relaxed_wt_1_A_87_Q_rep5.pdb
-85.738,4.016,-1304.41,-2.072,-722.964,-5.247,444.842,-5.843,relaxed_wt_1_A_27_N_rep5.pdb
-89.731,0.024,-1296.322,6.015,-718.956,-1.239,452.685,2.0,relaxed_wt_1_A_74_G_rep5.pdb
-89.347,0.407,-1301.09,1.248,-718.905,-1.188,450.044,-0.641,relaxed_wt_1_A_71_Y_rep3.pdb
-87.152,2.602,-1293.264,9.074,-716.04,1.676,458.57,7.885,relaxed_wt_1_A_36_W_rep3.pdb
-88.322,1.432,-1302.224,0.114,-719.058,-1.342,445.873,-4.812,relaxed_wt_1_A_81_E_rep5.pdb
-89.631,0.123,-1301.148,1.19,-718.982,-1.265,446.159,-4.526,relaxed_wt_1_A_82_A_rep2.pdb
-89.323,0.432,-1299.928,2.41,-718.924,-1.207,455.122,4.436,relaxed_wt_1_B_13_C_rep1.pdb
-89.794,-0.04,-1303.434,-1.096,-718.786,-1.07,445.862,-4.823,relaxed_wt_1_A_32_Q_rep5.pdb
-88.893,0.861,-1296.038,6.3,-717.878,-0.161,454.15,3.465,relaxed_wt_1_A_82_G_rep4.pdb
-89.056,0.699,-1299.564,2.774,-719.018,-1.301,454.575,3.89,relaxed_wt_1_A_34_L_rep4.pdb
-90.625,-0.871,-1301.368,0.97,-719.047,-1.33,451.435,0.75,relaxed_wt_1_B_57_C_rep5.pdb
-90.982,-1.228,-1302.539,-0.201,-718.332,-0.616,445.618,-5.067,relaxed_wt_1_B_56_W_rep5.pdb
-86.274,3.48,-1297.173,5.165,-718.821,-1.104,457.806,7.121,relaxed_wt_1_B_54_K_rep5.pdb
-89.93,-0.176,-1301.233,1.105,-718.923,-1.206,446.164,-4.521,relaxed_wt_1_B_17_E_rep3.pdb
-86.292,3.463,-1300.509,1.829,-718.933,-1.216,450.552,-0.133,relaxed_wt_1_A_38_Q_rep4.pdb
-89.832,-0.077,-1296.369,5.969,-718.861,-1.144,456.382,5.696,relaxed_wt_1_A_30_N_rep5.pdb
-82.715,7.039,-1292.673,9.665,-718.247,-0.53,454.085,3.4,relaxed_wt_1_A_84_K_rep3.pdb
-89.68,0.074,-1297.292,5.046,-718.777,-1.06,454.949,4.263,relaxed_wt_1_A_76_G_rep3.pdb
-89.998,-0.244,-1301.862,0.476,-719.056,-1.339,448.782,-1.903,relaxed_wt_1_A_78_C_rep4.pdb
-86.489,3.265,-1292.357,9.981,-715.755,1.962,462.315,11.63,relaxed_wt_1_A_84_W_rep2.pdb
-89.772,-0.018,-1299.609,2.729,-718.82,-1.103,448.307,-2.378,relaxed_wt_1_A_24_A_rep1.pdb
-88.911,0.843,-1300.396,1.941,-718.843,-1.126,449.754,-0.931,relaxed_wt_1_A_85_R_rep5.pdb
-88.872,0.883,-1300.112,2.226,-717.299,0.417,446.353,-4.332,relaxed_wt_1_B_15_A_rep5.pdb
-88.246,1.508,-1276.284,26.054,-721.242,-3.525,478.364,27.679,relaxed_wt_1_A_28_P_rep3.pdb
-87.393,2.361,-1297.413,4.925,-718.457,-0.74,451.231,0.546,relaxed_wt_1_A_82_D_rep5.pdb
-89.537,0.217,-1299.319,3.019,-718.827,-1.11,449.252,-1.433,relaxed_wt_1_B_17_I_rep1.pdb
-41.265,48.489,-813.267,489.071,-613.058,104.659,790.84,340.155,relaxed_wt_1_A_80_P_rep4.pdb
-85.97,3.785,-1302.713,-0.375,-721.737,-4.02,449.664,-1.021,relaxed_wt_1_B_54_S_rep4.pdb
-89.789,-0.035,-1302.53,-0.192,-718.919,-1.203,447.119,-3.566,relaxed_wt_1_B_57_T_rep5.pdb
-89.527,0.227,-1305.278,-2.94,-719.362,-1.646,447.549,-3.136,relaxed_wt_1_B_98_S_rep2.pdb
-89.664,0.09,-1301.211,1.127,-717.998,-0.281,450.22,-0.465,relaxed_wt_1_A_78_T_rep2.pdb
-88.494,1.261,-1303.823,-1.485,-719.186,-1.47,446.04,-4.645,relaxed_wt_1_A_80_N_rep5.pdb
-88.705,1.05,-1283.582,18.756,-718.498,-0.782,469.012,18.327,relaxed_wt_1_A_39_F_rep4.pdb
-89.28,0.475,-1300.235,2.103,-718.861,-1.144,451.667,0.982,relaxed_wt_1_B_13_A_rep2.pdb
-87.472,2.282,-1300.571,1.766,-718.962,-1.245,447.715,-2.97,relaxed_wt_1_A_36_Q_rep4.pdb
-88.56,1.194,-1301.735,0.603,-719.31,-1.594,450.584,-0.101,relaxed_wt_1_A_37_Y_rep3.pdb
-88.27,1.485,-1301.851,0.487,-719.143,-1.426,444.975,-5.71,relaxed_wt_1_A_81_E_rep2.pdb
-77.561,12.194,-1292.966,9.372,-717.717,-0.0,444.757,-5.928,relaxed_wt_1_A_38_K_rep2.pdb
-89.548,0.206,-1301.071,1.267,-718.903,-1.187,449.026,-1.659,relaxed_wt_1_A_86_Y_rep3.pdb
-89.431,0.323,-1304.099,-1.761,-718.424,-0.707,445.437,-5.248,relaxed_wt_1_B_98_D_rep5.pdb
-89.3,0.454,-1300.853,1.485,-718.053,-0.336,450.566,-0.119,relaxed_wt_1_A_34_Y_rep1.pdb
-88.534,1.22,-1299.791,2.547,-718.79,-1.074,450.589,-0.096,relaxed_wt_1_A_85_M_rep3.pdb
-93.703,-3.949,-1272.599,29.739,-715.784,1.932,448.878,-1.807,relaxed_wt_1_B_11_M_rep4.pdb
-88.839,0.916,-1299.12,3.217,-719.209,-1.492,450.3,-0.385,relaxed_wt_1_B_59_S_rep3.pdb
-87.133,2.621,-1288.075,14.263,-718.748,-1.031,459.166,8.481,relaxed_wt_1_A_41_D_rep5.pdb
-88.215,1.54,-1294.219,8.119,-718.129,-0.412,459.418,8.733,relaxed_wt_1_A_75_M_rep2.pdb
-89.555,0.199,-1304.72,-2.382,-718.954,-1.237,447.142,-3.543,relaxed_wt_1_A_79_S_rep1.pdb
-89.512,0.242,-1304.34,-2.002,-718.809,-1.093,429.719,-20.966,relaxed_wt_1_A_22_I_rep4.pdb
-89.064,0.69,-1304.433,-2.095,-718.87,-1.153,444.461,-6.224,relaxed_wt_1_B_54_Q_rep4.pdb
-89.91,-0.156,-1302.421,-0.083,-718.788,-1.071,445.831,-4.854,relaxed_wt_1_A_24_Y_rep4.pdb
-81.661,8.093,-1287.421,14.917,-717.881,-0.164,481.443,30.758,relaxed_wt_1_A_41_E_rep3.pdb
-89.007,0.747,-1302.898,-0.56,-719.26,-1.543,447.901,-2.784,relaxed_wt_1_A_86_Q_rep3.pdb
-89.49,0.264,-1292.899,9.439,-718.912,-1.195,460.656,9.971,relaxed_wt_1_A_23_G_rep4.pdb
-83.774,5.98,-1301.67,0.668,-719.41,-1.693,442.953,-7.732,relaxed_wt_1_A_80_G_rep5.pdb
-89.612,0.142,-1301.873,0.465,-718.289,-0.572,448.358,-2.328,relaxed_wt_1_A_33_L_rep2.pdb
-91.857,-2.103,-1302.114,0.224,-718.057,-0.341,450.335,-0.35,relaxed_wt_1_B_98_H_rep3.pdb
-86.202,3.553,-1299.622,2.716,-717.211,0.506,450.05,-0.635,relaxed_wt_1_A_36_D_rep2.pdb
-90.18,-0.426,-1303.776,-1.438,-718.56,-0.844,449.262,-1.423,relaxed_wt_1_A_76_I_rep3.pdb
-89.65,0.104,-1304.226,-1.888,-718.815,-1.099,445.821,-4.864,relaxed_wt_1_B_12_S_rep3.pdb
-89.415,0.34,-1302.189,0.149,-718.962,-1.245,447.307,-3.378,relaxed_wt_1_B_13_V_rep2.pdb
-91.114,-1.36,-1149.586,152.752,-718.812,-1.095,606.146,155.461,relaxed_wt_1_A_31_P_rep2.pdb
-91.542,-1.788,-1300.608,1.73,-717.818,-0.102,449.386,-1.299,relaxed_wt_1_A_32_F_rep2.pdb
-90.528,-0.774,-1302.466,-0.128,-718.879,-1.162,448.645,-2.04,relaxed_wt_1_B_101_C_rep2.pdb
-95.291,-5.537,-1305.575,-3.238,-716.643,1.073,446.409,-4.276,relaxed_wt_1_A_34_Q_rep5.pdb
-89.153,0.601,-1260.788,41.55,-719.633,-1.916,182.154,-268.531,relaxed_wt_1_A_22_F_rep4.pdb
-85.48,4.275,-1303.057,-0.719,-722.947,-5.23,444.413,-6.273,relaxed_wt_1_A_27_D_rep1.pdb
-88.441,1.313,-1298.404,3.934,-717.996,-0.279,454.659,3.974,relaxed_wt_1_A_82_Q_rep3.pdb
-90.534,-0.78,-1300.737,1.601,-718.983,-1.266,452.517,1.832,relaxed_wt_1_B_102_F_rep4.pdb
-89.426,0.328,-1299.687,2.651,-718.941,-1.224,450.291,-0.394,relaxed_wt_1_B_59_T_rep1.pdb
-89.582,0.172,-1298.63,3.708,-717.99,-0.274,450.365,-0.32,relaxed_wt_1_A_23_A_rep1.pdb
-85.235,4.52,-1294.471,7.867,-718.288,-0.571,454.948,4.263,relaxed_wt_1_A_84_Q_rep3.pdb
-89.407,0.347,-1298.795,3.542,-718.81,-1.093,451.269,0.584,relaxed_wt_1_A_87_M_rep3.pdb
-89.462,0.292,-1303.155,-0.817,-719.028,-1.312,447.152,-3.533,relaxed_wt_1_A_79_A_rep3.pdb
-88.813,0.941,-1301.245,1.093,-717.409,0.308,450.594,-0.092,relaxed_wt_1_A_73_I_rep1.pdb
-89.585,0.169,-1303.772,-1.434,-718.9,-1.183,445.277,-5.408,relaxed_wt_1_A_82_P_rep4.pdb
-89.548,0.206,-1303.765,-1.427,-718.879,-1.162,446.938,-3.747,relaxed_wt_1_A_25_I_rep1.pdb
-89.744,0.011,-1298.02,4.318,-718.604,-0.887,454.509,3.824,relaxed_wt_1_A_30_C_rep4.pdb
-88.853,0.901,-1272.201,30.137,-719.092,-1.376,488.292,37.607,relaxed_wt_1_A_72_M_rep5.pdb
-89.547,0.207,-1300.182,2.156,-718.832,-1.115,450.118,-0.567,relaxed_wt_1_A_72_T_rep3.pdb
-86.103,3.651,-1297.686,4.652,-718.798,-1.081,452.836,2.151,relaxed_wt_1_B_58_Q_rep5.pdb
-89.553,0.201,-1295.205,7.132,-718.935,-1.218,453.198,2.513,relaxed_wt_1_A_71_L_rep2.pdb
-75.613,14.141,-1126.412,175.926,-689.891,27.826,468.996,18.311,relaxed_wt_1_A_30_P_rep1.pdb
-89.88,-0.126,-1303.003,-0.665,-719.231,-1.514,448.45,-2.235,relaxed_wt_1_A_74_L_rep1.pdb
-89.589,0.165,-1298.886,3.452,-718.949,-1.232,469.4,18.715,relaxed_wt_1_A_22_C_rep3.pdb
-89.638,0.116,-1303.908,-1.57,-718.708,-0.991,445.663,-5.022,relaxed_wt_1_A_82_P_rep1.pdb
-85.846,3.908,-1297.361,4.977,-719.415,-1.699,456.259,5.574,relaxed_wt_1_A_27_I_rep1.pdb
-89.458,0.296,-1304.668,-2.33,-719.049,-1.332,449.181,-1.504,relaxed_wt_1_B_56_K_rep2.pdb
-80.674,9.081,-1293.585,8.753,-717.856,-0.139,456.09,5.405,relaxed_wt_1_A_35_K_rep3.pdb
-91.613,-1.858,-1301.937,0.401,-718.235,-0.518,448.108,-2.577,relaxed_wt_1_B_56_M_rep3.pdb
-89.536,0.218,-1298.965,3.373,-718.913,-1.196,451.135,0.45,relaxed_wt_1_A_23_M_rep1.pdb
-88.417,1.337,-1294.271,8.067,-722.348,-4.632,460.6,9.915,relaxed_wt_1_A_31_F_rep5.pdb
-90.553,-0.799,-1306.036,-3.698,-719.054,-1.337,447.765,-2.92,relaxed_wt_1_A_79_K_rep2.pdb
-86.019,3.735,-1300.736,1.602,-719.183,-1.466,444.821,-5.864,relaxed_wt_1_B_15_H_rep3.pdb
-88.202,1.552,-1300.907,1.431,-717.82,-0.104,450.169,-0.516,relaxed_wt_1_A_38_M_rep3.pdb
-81.631,8.123,-1293.057,9.281,-718.395,-0.678,457.49,6.805,relaxed_wt_1_A_77_K_rep5.pdb
-85.993,3.761,-1269.545,32.793,-718.201,-0.484,485.875,35.19,relaxed_wt_1_A_81_P_rep4.pdb
-84.512,5.242,-1295.362,6.976,-717.875,-0.159,449.375,-1.31,relaxed_wt_1_A_84_N_rep2.pdb
-89.814,-0.06,-1291.825,10.513,-718.863,-1.146,458.536,7.851,relaxed_wt_1_A_31_G_rep4.pdb
-88.82,0.934,-1299.786,2.552,-717.6,0.117,452.258,1.573,relaxed_wt_1_A_77_L_rep5.pdb
-89.943,-0.188,-1296.732,5.606,-719.161,-1.444,444.772,-5.913,relaxed_wt_1_A_30_H_rep2.pdb
-89.081,0.673,-1299.144,3.194,-718.904,-1.188,454.577,3.892,relaxed_wt_1_A_34_L_rep1.pdb
-90.113,-0.359,-1303.859,-1.521,-718.926,-1.209,447.638,-3.047,relaxed_wt_1_A_78_S_rep3.pdb
-89.885,-0.131,-1303.644,-1.306,-719.083,-1.366,446.6,-4.085,relaxed_wt_1_A_78_F_rep3.pdb
-90.033,-0.279,-1303.909,-1.571,-718.552,-0.835,446.902,-3.783,relaxed_wt_1_A_80_H_rep1.pdb
-85.654,4.1,-1298.686,3.652,-718.507,-0.79,447.891,-2.794,relaxed_wt_1_A_77_D_rep5.pdb
-81.733,8.021,-1291.112,11.226,-718.028,-0.312,452.04,1.355,relaxed_wt_1_A_84_R_rep5.pdb
-90.695,-0.941,-1287.583,14.754,-717.698,0.019,460.961,10.276,relaxed_wt_1_A_39_E_rep5.pdb
-89.535,0.22,-1304.721,-2.383,-718.932,-1.216,446.24,-4.445,relaxed_wt_1_B_12_V_rep3.pdb
-89.866,-0.112,-1282.3,20.038,-718.719,-1.002,472.354,21.668,relaxed_wt_1_B_14_N_rep1.pdb
-87.461,2.293,-1296.006,6.332,-717.504,0.212,458.495,7.81,relaxed_wt_1_A_82_Y_rep5.pdb
-89.501,0.253,-1305.112,-2.774,-718.954,-1.237,445.164,-5.521,relaxed_wt_1_B_12_I_rep1.pdb
-87.787,1.967,-1299.513,2.825,-717.969,-0.252,448.124,-2.561,relaxed_wt_1_A_33_E_rep5.pdb
-91.855,-2.101,-1300.073,2.264,-717.937,-0.221,450.37,-0.315,relaxed_wt_1_B_98_F_rep5.pdb
-87.386,2.368,-1294.147,8.191,-717.766,-0.049,456.574,5.889,relaxed_wt_1_A_75_M_rep4.pdb
-89.462,0.292,-1261.326,41.011,-719.855,-2.139,174.584,-276.101,relaxed_wt_1_A_22_F_rep5.pdb
-89.396,0.358,-1299.241,3.097,-719.06,-1.343,451.796,1.111,relaxed_wt_1_A_26_V_rep3.pdb
-89.465,0.29,-1299.588,2.749,-716.259,1.458,441.232,-9.453,relaxed_wt_1_B_15_F_rep1.pdb
-89.517,0.237,-1302.234,0.104,-718.992,-1.275,446.859,-3.826,relaxed_wt_1_B_17_L_rep1.pdb
-89.602,0.152,-1298.922,3.416,-717.964,-0.248,451.102,0.417,relaxed_wt_1_A_87_K_rep4.pdb
-88.315,1.439,-1301.138,1.2,-718.438,-0.722,448.814,-1.871,relaxed_wt_1_A_33_N_rep3.pdb
-83.597,6.157,-1239.189,63.149,-717.167,0.549,506.26,55.575,relaxed_wt_1_A_85_P_rep4.pdb
-90.475,-0.721,-1301.552,0.786,-715.501,2.216,438.203,-12.482,relaxed_wt_1_A_73_H_rep5.pdb
-89.046,0.708,-1263.054,39.283,-718.747,-1.03,451.027,0.342,relaxed_wt_1_A_23_I_rep2.pdb
-83.908,5.846,-1296.924,5.414,-718.903,-1.186,446.801,-3.884,relaxed_wt_1_A_38_W_rep4.pdb
-89.722,0.032,-1297.238,5.1,-719.022,-1.305,455.039,4.354,relaxed_wt_1_A_30_E_rep4.pdb
-90.104,-0.35,-1303.508,-1.17,-718.863,-1.146,449.537,-1.148,relaxed_wt_1_A_78_H_rep2.pdb
-89.335,0.42,-1295.051,7.287,-717.88,-0.163,455.456,4.771,relaxed_wt_1_A_33_I_rep3.pdb
-88.399,1.355,-1267.204,35.133,-718.386,-0.67,476.662,25.977,relaxed_wt_1_B_59_P_rep2.pdb
-90.509,-0.755,-1301.141,1.197,-718.818,-1.101,449.815,-0.87,relaxed_wt_1_B_102_Y_rep3.pdb
-89.542,0.212,-1297.595,4.743,-717.891,-0.174,450.92,0.235,relaxed_wt_1_A_87_Y_rep4.pdb
-89.44,0.314,-1301.084,1.254,-718.881,-1.164,452.774,2.089,relaxed_wt_1_A_76_D_rep4.pdb
-88.336,1.418,-1300.579,1.759,-717.6,0.117,450.249,-0.436,relaxed_wt_1_B_55_V_rep2.pdb
-89.558,0.197,-1292.361,9.977,-718.898,-1.181,455.38,4.695,relaxed_wt_1_A_22_L_rep5.pdb
-89.52,0.234,-1299.224,3.114,-718.968,-1.252,452.974,2.289,relaxed_wt_1_B_14_G_rep2.pdb
-89.715,0.039,-1281.404,20.934,-718.692,-0.975,462.369,11.684,relaxed_wt_1_A_25_K_rep1.pdb
-89.748,0.006,-1288.19,14.148,-716.992,0.725,476.647,25.962,relaxed_wt_1_A_75_Y_rep1.pdb
-90.478,-0.724,-1301.37,0.968,-718.893,-1.177,448.133,-2.552,relaxed_wt_1_A_76_L_rep1.pdb
-89.7,0.054,-1281.513,20.824,-717.488,0.229,471.205,20.52,relaxed_wt_1_A_37_P_rep5.pdb
-89.535,0.22,-1303.559,-1.221,-718.715,-0.998,446.435,-4.25,relaxed_wt_1_A_78_V_rep2.pdb
-89.652,0.103,-1303.086,-0.748,-718.946,-1.229,447.738,-2.947,relaxed_wt_1_B_58_I_rep1.pdb
-89.609,0.146,-1304.166,-1.828,-718.899,-1.182,447.851,-2.834,relaxed_wt_1_B_12_T_rep1.pdb
-91.357,-1.603,-1302.544,-0.206,-718.383,-0.666,455.583,4.898,relaxed_wt_1_B_54_V_rep5.pdb
-88.358,1.396,-1301.31,1.028,-718.351,-0.634,444.916,-5.77,relaxed_wt_1_A_38_M_rep4.pdb
-88.772,0.982,-1302.923,-0.585,-719.225,-1.508,445.975,-4.71,relaxed_wt_1_A_38_L_rep1.pdb
-89.649,0.106,-1302.908,-0.57,-719.423,-1.706,447.818,-2.867,relaxed_wt_1_A_80_Q_rep5.pdb
-89.339,0.415,-1303.76,-1.422,-718.876,-1.16,444.512,-6.173,relaxed_wt_1_A_86_Q_rep1.pdb
-88.244,1.51,-1300.186,2.151,-718.145,-0.428,448.428,-2.257,relaxed_wt_1_A_81_N_rep4.pdb
-89.831,-0.077,-1301.868,0.47,-718.877,-1.16,448.331,-2.354,relaxed_wt_1_B_56_T_rep4.pdb
-89.568,0.187,-1298.972,3.366,-718.563,-0.847,450.995,0.31,relaxed_wt_1_A_33_C_rep4.pdb
-89.823,-0.069,-1300.653,1.685,-718.819,-1.102,447.689,-2.996,relaxed_wt_1_A_24_H_rep3.pdb
-88.439,1.316,-1299.301,3.037,-719.429,-1.713,450.169,-0.516,relaxed_wt_1_A_80_C_rep2.pdb
-89.481,0.273,-1297.636,4.701,-718.088,-0.371,449.994,-0.691,relaxed_wt_1_A_87_W_rep4.pdb
-89.567,0.187,-1300.814,1.524,-718.871,-1.154,456.758,6.073,relaxed_wt_1_A_22_M_rep4.pdb
-88.815,0.939,-1299.391,2.947,-718.973,-1.256,450.838,0.153,relaxed_wt_1_A_85_N_rep1.pdb
-87.699,2.055,-1274.022,28.316,-721.675,-3.958,478.369,27.684,relaxed_wt_1_B_11_Q_rep3.pdb
-86.034,3.72,-1269.163,33.175,-718.142,-0.426,485.903,35.217,relaxed_wt_1_A_81_P_rep5.pdb
-85.401,4.354,-1299.83,2.508,-719.064,-1.348,443.909,-6.777,relaxed_wt_1_B_15_T_rep2.pdb
-88.834,0.921,-1293.76,8.578,-718.098,-0.382,457.748,7.063,relaxed_wt_1_A_34_W_rep2.pdb
-83.433,6.322,-1296.179,6.159,-719.227,-1.51,449.813,-0.872,relaxed_wt_1_A_38_G_rep5.pdb
-86.097,3.657,-1301.854,0.484,-719.074,-1.358,449.845,-0.84,relaxed_wt_1_A_35_N_rep5.pdb
-88.751,1.003,-1301.986,0.352,-719.213,-1.497,444.206,-6.479,relaxed_wt_1_A_34_R_rep4.pdb
-84.767,4.987,-1297.909,4.429,-718.078,-0.361,443.642,-7.043,relaxed_wt_1_A_84_V_rep3.pdb
-92.786,-3.032,-1300.464,1.874,-718.429,-0.712,452.365,1.68,relaxed_wt_1_B_13_E_rep3.pdb
-89.486,0.268,-1303.554,-1.217,-718.839,-1.123,446.607,-4.078,relaxed_wt_1_B_15_E_rep5.pdb
-89.632,0.122,-1304.81,-2.472,-718.923,-1.206,445.537,-5.148,relaxed_wt_1_B_12_K_rep2.pdb
-88.067,1.687,-1299.364,2.974,-716.374,1.343,449.926,-0.759,relaxed_wt_1_B_55_V_rep3.pdb
-82.475,7.279,-1288.636,13.702,-717.64,0.077,460.526,9.841,relaxed_wt_1_A_75_E_rep5.pdb
-83.332,6.423,-1299.467,2.871,-718.941,-1.224,449.778,-0.907,relaxed_wt_1_A_35_R_rep3.pdb
-89.619,0.136,-1301.182,1.156,-719.055,-1.339,447.234,-3.451,relaxed_wt_1_A_82_A_rep4.pdb
-89.445,0.309,-1298.077,4.261,-718.714,-0.997,455.014,4.329,relaxed_wt_1_B_13_H_rep5.pdb
-89.373,0.381,-1253.721,48.617,-718.801,-1.085,486.549,35.864,relaxed_wt_1_B_11_E_rep5.pdb
-84.635,5.119,-1299.6,2.738,-718.815,-1.098,447.357,-3.328,relaxed_wt_1_B_55_Y_rep3.pdb
-90.657,-0.903,-1301.698,0.64,-719.002,-1.285,450.313,-0.372,relaxed_wt_1_A_26_W_rep1.pdb
-82.304,7.45,-1292.789,9.549,-717.933,-0.216,450.275,-0.41,relaxed_wt_1_A_84_A_rep2.pdb
-91.28,-1.526,-1303.052,-0.714,-718.966,-1.249,445.901,-4.784,relaxed_wt_1_B_56_I_rep4.pdb
-78.259,11.495,-1295.538,6.8,-720.589,-2.872,445.037,-5.648,relaxed_wt_1_B_55_E_rep3.pdb
-82.885,6.869,-1293.541,8.797,-718.292,-0.576,461.55,10.865,relaxed_wt_1_A_40_G_rep2.pdb
-89.157,0.597,-1279.987,22.35,-719.022,-1.305,287.428,-163.257,relaxed_wt_1_A_22_H_rep5.pdb
-88.089,1.666,-1303.27,-0.932,-718.141,-0.424,446.043,-4.642,relaxed_wt_1_A_81_V_rep2.pdb
-89.544,0.21,-1302.131,0.207,-718.836,-1.119,449.161,-1.524,relaxed_wt_1_A_83_T_rep2.pdb
-80.292,9.462,-1284.131,18.207,-717.218,0.498,460.067,9.382,relaxed_wt_1_A_77_P_rep5.pdb
-89.823,-0.069,-1302.732,-0.394,-718.829,-1.113,447.898,-2.787,relaxed_wt_1_A_79_L_rep2.pdb
-92.013,-2.258,-1302.026,0.312,-718.274,-0.557,448.141,-2.544,relaxed_wt_1_B_100_H_rep1.pdb
-86.15,3.604,-1278.541,23.797,-714.892,2.824,474.776,24.091,relaxed_wt_1_A_41_I_rep5.pdb
-89.248,0.507,-1300.38,1.958,-717.419,0.297,453.168,2.483,relaxed_wt_1_A_34_Y_rep2.pdb
-83.597,6.157,-1239.189,63.149,-717.167,0.549,506.26,55.575,relaxed_wt_1_A_85_P_rep5.pdb
-85.614,4.14,-1298.802,3.536,-718.618,-0.901,445.022,-5.663,relaxed_wt_1_A_77_D_rep1.pdb
-89.256,0.498,-1271.762,30.576,-718.37,-0.653,477.201,26.516,relaxed_wt_1_A_39_P_rep3.pdb
-89.482,0.272,-1302.6,-0.262,-718.923,-1.206,443.938,-6.747,relaxed_wt_1_B_17_H_rep5.pdb
-88.225,1.529,-1293.333,9.005,-718.983,-1.267,457.848,7.163,relaxed_wt_1_A_30_M_rep1.pdb
-89.54,0.215,-1297.016,5.321,-719.027,-1.31,454.237,3.552,relaxed_wt_1_B_17_V_rep3.pdb
-83.705,6.049,-1302.333,0.005,-719.59,-1.873,444.676,-6.009,relaxed_wt_1_A_80_G_rep1.pdb
-91.208,-1.453,-1302.159,0.179,-718.728,-1.012,450.75,0.065,relaxed_wt_1_A_32_I_rep3.pdb
-90.67,-0.916,-1301.36,0.978,-718.943,-1.226,450.093,-0.592,relaxed_wt_1_B_57_C_rep4.pdb
-87.863,1.891,-1300.117,2.221,-717.482,0.235,442.269,-8.416,relaxed_wt_1_B_15_Y_rep4.pdb
-88.95,0.805,-1300.821,1.517,-717.408,0.309,452.59,1.905,relaxed_wt_1_A_73_I_rep3.pdb
-89.619,0.135,-1295.87,6.468,-718.736,-1.019,446.902,-3.783,relaxed_wt_1_B_13_F_rep2.pdb
-90.233,-0.479,-1301.599,0.739,-718.709,-0.992,446.428,-4.257,relaxed_wt_1_A_36_R_rep1.pdb
-89.877,-0.122,-1293.898,8.44,-718.88,-1.163,455.452,4.767,relaxed_wt_1_A_30_R_rep5.pdb
-83.563,6.191,-1298.16,4.178,-719.325,-1.608,447.151,-3.534,relaxed_wt_1_B_55_D_rep3.pdb
-89.555,0.199,-1299.507,2.831,-718.921,-1.204,447.159,-3.526,relaxed_wt_1_B_11_G_rep4.pdb
-91.372,-1.618,-1300.61,1.728,-717.862,-0.145,448.177,-2.508,relaxed_wt_1_A_32_F_rep4.pdb
-89.78,-0.026,-1302.542,-0.204,-718.879,-1.162,446.536,-4.149,relaxed_wt_1_B_56_Q_rep1.pdb
-89.201,0.554,-1304.362,-2.024,-719.349,-1.632,446.587,-4.098,relaxed_wt_1_A_77_V_rep4.pdb
-87.691,2.063,-1303.367,-1.029,-718.889,-1.172,447.406,-3.279,relaxed_wt_1_A_25_I_rep3.pdb
-88.379,1.375,-1303.857,-1.519,-719.081,-1.364,445.532,-5.153,relaxed_wt_1_A_80_N_rep4.pdb
-89.711,0.043,-1292.946,9.392,-719.112,-1.396,458.998,8.313,relaxed_wt_1_A_37_G_rep4.pdb
-88.245,1.509,-1302.246,0.092,-717.399,0.318,443.595,-7.09,relaxed_wt_1_B_55_S_rep2.pdb
-90.112,-0.358,-1303.687,-1.349,-719.019,-1.302,445.884,-4.801,relaxed_wt_1_A_78_L_rep2.pdb
-89.337,0.417,-1300.968,1.37,-718.962,-1.245,449.035,-1.65,relaxed_wt_1_B_100_L_rep3.pdb
-89.637,0.118,-1290.26,12.078,-719.043,-1.326,460.498,9.813,relaxed_wt_1_A_31_Y_rep1.pdb
-89.409,0.345,-1295.786,6.551,-718.646,-0.929,447.21,-3.476,relaxed_wt_1_B_13_F_rep5.pdb
-87.411,2.343,-1296.983,5.355,-717.609,0.108,458.18,7.495,relaxed_wt_1_A_82_Y_rep2.pdb
-89.53,0.224,-1301.176,1.162,-718.965,-1.248,449.423,-1.262,relaxed_wt_1_A_29_T_rep2.pdb
-89.14,0.614,-1220.274,82.064,-718.837,-1.121,520.161,69.476,relaxed_wt_1_A_21_P_rep3.pdb
-86.839,2.915,-1261.195,41.143,-715.32,2.397,458.225,7.54,relaxed_wt_1_A_72_W_rep1.pdb
-87.804,1.95,-1299.463,2.875,-717.873,-0.156,447.128,-3.557,relaxed_wt_1_A_33_E_rep1.pdb
-89.582,0.173,-1301.726,0.612,-719.064,-1.347,447.594,-3.091,relaxed_wt_1_A_32_P_rep5.pdb
-89.507,0.247,-1304.161,-1.823,-719.392,-1.675,446.167,-4.518,relaxed_wt_1_B_100_E_rep2.pdb
-84.78,4.975,-1297.423,4.914,-718.069,-0.353,444.819,-5.866,relaxed_wt_1_A_84_V_rep1.pdb
-90.382,-0.628,-1301.915,0.423,-717.996,-0.279,453.293,2.608,relaxed_wt_1_A_78_Q_rep5.pdb
-89.458,0.297,-1300.899,1.439,-719.103,-1.386,451.885,1.2,relaxed_wt_1_A_76_T_rep1.pdb
-87.77,1.984,-1300.946,1.392,-718.101,-0.384,444.396,-6.29,relaxed_wt_1_B_55_C_rep5.pdb
-89.749,0.005,-1305.831,-3.493,-719.148,-1.431,447.551,-3.134,relaxed_wt_1_B_101_H_rep4.pdb
-87.317,2.438,-1270.687,31.651,-719.037,-1.321,474.114,23.429,relaxed_wt_1_A_25_P_rep5.pdb
-89.516,0.238,-1302.898,-0.561,-718.883,-1.166,447.469,-3.216,relaxed_wt_1_A_86_L_rep1.pdb
-87.896,1.859,-1305.558,-3.22,-721.739,-4.023,448.916,-1.77,relaxed_wt_1_A_28_E_rep4.pdb
-86.357,3.397,-1299.64,2.698,-719.455,-1.738,447.897,-2.788,relaxed_wt_1_A_27_V_rep5.pdb
-89.578,0.176,-1302.52,-0.182,-718.854,-1.137,448.053,-2.632,relaxed_wt_1_A_86_A_rep1.pdb
-92.142,-2.388,-1299.793,2.545,-715.853,1.864,448.706,-1.979,relaxed_wt_1_A_36_F_rep1.pdb
-89.789,-0.034,-1299.592,2.746,-718.733,-1.017,452.527,1.841,relaxed_wt_1_A_83_D_rep5.pdb
-89.424,0.33,-1300.299,2.039,-718.914,-1.197,450.619,-0.066,relaxed_wt_1_B_59_D_rep2.pdb
-89.552,0.202,-1304.486,-2.148,-719.22,-1.503,447.675,-3.01,relaxed_wt_1_A_79_G_rep4.pdb
-91.574,-1.82,-1301.346,0.992,-718.262,-0.545,452.317,1.632,relaxed_wt_1_A_36_I_rep1.pdb
-89.666,0.088,-1302.806,-0.468,-718.928,-1.211,449.31,-1.375,relaxed_wt_1_B_12_C_rep1.pdb
-88.905,0.849,-1302.396,-0.058,-718.916,-1.199,447.127,-3.558,relaxed_wt_1_B_57_E_rep3.pdb
-90.278,-0.523,-1306.155,-3.817,-718.486,-0.769,443.322,-7.363,relaxed_wt_1_A_73_L_rep1.pdb
-89.426,0.328,-1303.656,-1.318,-719.022,-1.305,449.414,-1.271,relaxed_wt_1_B_98_T_rep3.pdb
-90.095,-0.341,-1302.667,-0.33,-717.3,0.417,447.806,-2.879,relaxed_wt_1_A_33_K_rep1.pdb
-84.294,5.46,-1295.451,6.887,-714.471,3.245,447.264,-3.421,relaxed_wt_1_A_35_Y_rep5.pdb
-91.936,-2.182,-1300.195,2.143,-717.903,-0.186,450.522,-0.163,relaxed_wt_1_B_98_F_rep2.pdb
-89.487,0.268,-1297.762,4.576,-718.891,-1.174,453.189,2.504,relaxed_wt_1_B_59_I_rep1.pdb
-89.57,0.185,-1303.663,-1.325,-718.846,-1.129,445.388,-5.297,relaxed_wt_1_B_55_N_rep5.pdb
-89.591,0.163,-1303.769,-1.431,-718.95,-1.233,446.705,-3.98,relaxed_wt_1_A_86_K_rep3.pdb
-89.707,0.047,-1301.537,0.801,-718.454,-0.737,447.994,-2.691,relaxed_wt_1_A_32_P_rep2.pdb
-89.65,0.104,-1303.887,-1.549,-718.814,-1.097,447.545,-3.14,relaxed_wt_1_B_98_A_rep1.pdb
-88.3,1.454,-1305.817,-3.479,-721.691,-3.975,447.041,-3.644,relaxed_wt_1_B_13_I_rep2.pdb
-90.251,-0.497,-1294.659,7.679,-719.377,-1.66,453.378,2.693,relaxed_wt_1_A_30_K_rep1.pdb
-89.597,0.157,-1303.251,-0.913,-718.693,-0.976,443.81,-6.875,relaxed_wt_1_A_86_E_rep2.pdb
-87.855,1.9,-1299.801,2.537,-716.904,0.812,449.374,-1.311,relaxed_wt_1_A_34_H_rep5.pdb
-89.644,0.11,-1291.914,10.424,-717.72,-0.003,449.32,-1.365,relaxed_wt_1_A_72_I_rep5.pdb
-81.657,8.097,-1281.921,20.417,-718.803,-1.086,464.052,13.367,relaxed_wt_1_A_79_P_rep4.pdb
-86.499,3.255,-1283.987,18.351,-716.322,1.395,479.332,28.647,relaxed_wt_1_A_41_W_rep5.pdb
-89.432,0.322,-1297.597,4.741,-718.053,-0.336,452.092,1.407,relaxed_wt_1_A_87_W_rep5.pdb
-89.492,0.263,-1281.022,21.316,-718.361,-0.644,456.33,5.645,relaxed_wt_1_A_25_Y_rep1.pdb
-90.329,-0.575,-1301.8,0.538,-717.94,-0.223,450.692,0.007,relaxed_wt_1_A_78_Q_rep1.pdb
-88.795,0.959,-1299.393,2.944,-718.899,-1.182,449.653,-1.032,relaxed_wt_1_A_85_V_rep5.pdb
-90.307,-0.553,-1301.354,0.984,-718.908,-1.191,448.661,-2.024,relaxed_wt_1_B_98_V_rep1.pdb
-87.419,2.335,-1301.944,0.394,-717.98,-0.264,450.682,-0.003,relaxed_wt_1_A_40_L_rep5.pdb
-89.99,-0.236,-1301.231,1.107,-718.723,-1.007,447.71,-2.976,relaxed_wt_1_A_24_I_rep1.pdb
-86.654,3.1,-1284.078,18.26,-716.086,1.631,480.946,30.261,relaxed_wt_1_A_41_W_rep2.pdb
-90.076,-0.322,-1299.865,2.473,-717.738,-0.022,452.382,1.697,relaxed_wt_1_A_34_K_rep1.pdb
-89.766,-0.012,-1299.55,2.788,-718.85,-1.133,449.792,-0.893,relaxed_wt_1_A_24_C_rep1.pdb
-89.568,0.186,-1304.166,-1.828,-718.846,-1.129,444.984,-5.701,relaxed_wt_1_A_83_V_rep5.pdb
-87.094,2.66,-1299.948,2.39,-718.617,-0.9,451.828,1.143,relaxed_wt_1_B_54_R_rep2.pdb
-89.142,0.612,-1300.178,2.16,-718.217,-0.501,451.797,1.112,relaxed_wt_1_A_76_D_rep1.pdb
-85.758,3.996,-1301.145,1.193,-717.44,0.277,441.729,-8.957,relaxed_wt_1_A_40_Y_rep5.pdb
-89.58,0.174,-1294.278,8.06,-718.795,-1.079,456.629,5.944,relaxed_wt_1_A_25_S_rep5.pdb
-86.393,3.361,-1296.978,5.36,-718.586,-0.87,458.776,8.091,relaxed_wt_1_B_54_K_rep1.pdb
-89.756,-0.001,-1303.328,-0.99,-718.794,-1.078,444.999,-5.686,relaxed_wt_1_B_17_S_rep5.pdb
-89.468,0.286,-1301.783,0.555,-718.91,-1.193,450.131,-0.554,relaxed_wt_1_A_21_S_rep4.pdb
-87.606,2.148,-1303.801,-1.463,-719.118,-1.402,444.016,-6.669,relaxed_wt_1_A_81_I_rep3.pdb
-82.092,7.662,-1289.807,12.531,-718.007,-0.29,455.065,4.38,relaxed_wt_1_A_84_G_rep5.pdb
-91.769,-2.015,-1052.532,249.806,-717.143,0.574,696.431,245.746,relaxed_wt_1_B_17_P_rep3.pdb
-39.94,49.814,-861.523,440.815,-604.432,113.284,750.371,299.686,relaxed_wt_1_A_80_P_rep3.pdb
-89.3,0.454,-1298.083,4.255,-718.405,-0.688,455.518,4.833,relaxed_wt_1_A_82_T_rep2.pdb
-87.709,2.046,-1300.696,1.642,-716.881,0.836,443.557,-7.128,relaxed_wt_1_B_56_D_rep4.pdb
-87.426,2.328,-1301.846,0.492,-719.069,-1.353,446.572,-4.113,relaxed_wt_1_A_35_T_rep4.pdb
-89.889,-0.135,-1302.515,-0.177,-719.226,-1.509,450.722,0.037,relaxed_wt_1_A_74_L_rep5.pdb
-83.554,6.2,-1297.547,4.791,-718.276,-0.56,458.674,7.989,relaxed_wt_1_A_40_N_rep1.pdb
-89.501,0.253,-1300.951,1.386,-718.903,-1.187,447.555,-3.13,relaxed_wt_1_A_29_S_rep5.pdb
-89.534,0.22,-1303.697,-1.359,-718.928,-1.211,446.7,-3.985,relaxed_wt_1_A_75_I_rep2.pdb
-88.699,1.055,-1285.022,17.316,-719.101,-1.384,455.074,4.389,relaxed_wt_1_A_87_V_rep5.pdb
-86.618,3.136,-1298.731,3.607,-718.855,-1.138,451.152,0.467,relaxed_wt_1_B_54_G_rep4.pdb
-81.707,8.047,-1289.862,12.476,-717.5,0.216,452.061,1.376,relaxed_wt_1_A_75_Q_rep5.pdb
-89.681,0.073,-1300.671,1.667,-719.072,-1.355,449.723,-0.962,relaxed_wt_1_A_74_C_rep2.pdb
-89.562,0.193,-1302.379,-0.041,-718.921,-1.204,448.562,-2.123,relaxed_wt_1_A_21_D_rep5.pdb
-89.791,-0.037,-1306.041,-3.703,-721.523,-3.806,447.93,-2.755,relaxed_wt_1_A_28_M_rep4.pdb
-89.628,0.126,-1299.33,3.008,-718.687,-0.97,451.002,0.317,relaxed_wt_1_A_41_S_rep3.pdb
-87.101,2.653,-1299.761,2.577,-717.795,-0.078,441.435,-9.25,relaxed_wt_1_B_15_L_rep3.pdb
-90.287,-0.533,-1291.933,10.405,-718.103,-0.386,440.425,-10.26,relaxed_wt_1_A_30_Y_rep2.pdb
-88.55,1.204,-1299.684,2.654,-717.985,-0.269,446.315,-4.37,relaxed_wt_1_B_55_C_rep3.pdb
-89.616,0.139,-1303.6,-1.262,-718.819,-1.102,447.142,-3.543,relaxed_wt_1_B_12_R_rep3.pdb
-89.712,0.043,-1299.163,3.175,-719.195,-1.479,453.113,2.428,relaxed_wt_1_A_74_N_rep2.pdb
-89.529,0.225,-1303.748,-1.41,-718.717,-1.0,445.68,-5.005,relaxed_wt_1_A_28_L_rep4.pdb
-88.448,1.306,-1305.768,-3.43,-721.853,-4.137,447.358,-3.328,relaxed_wt_1_A_28_T_rep4.pdb
-88.038,1.716,-1300.306,2.031,-718.734,-1.017,446.133,-4.552,relaxed_wt_1_A_24_S_rep1.pdb
-88.131,1.623,-1303.533,-1.195,-721.771,-4.054,449.475,-1.211,relaxed_wt_1_B_56_C_rep3.pdb
-89.432,0.322,-1295.539,6.799,-718.619,-0.902,453.43,2.745,relaxed_wt_1_A_31_T_rep4.pdb
-85.385,4.369,-1298.838,3.499,-717.97,-0.253,456.228,5.543,relaxed_wt_1_A_40_V_rep4.pdb
-89.495,0.259,-1306.463,-4.125,-718.852,-1.135,444.203,-6.482,relaxed_wt_1_B_98_R_rep4.pdb
-89.605,0.149,-1293.915,8.423,-719.416,-1.699,454.106,3.42,relaxed_wt_1_A_30_K_rep5.pdb
-90.254,-0.5,-1303.884,-1.546,-719.03,-1.313,449.665,-1.02,relaxed_wt_1_A_76_V_rep1.pdb
-89.514,0.24,-1304.046,-1.708,-718.886,-1.169,446.988,-3.697,relaxed_wt_1_A_34_N_rep1.pdb
-95.669,-5.915,-1306.02,-3.683,-717.907,-0.19,448.243,-2.442,relaxed_wt_1_B_57_W_rep5.pdb
-89.06,0.694,-1302.239,0.099,-719.098,-1.381,448.935,-1.75,relaxed_wt_1_A_32_N_rep5.pdb
-86.674,3.08,-1299.165,3.173,-720.891,-3.175,448.784,-1.901,relaxed_wt_1_A_84_M_rep3.pdb
-89.262,0.492,-1266.91,35.428,-720.195,-2.478,479.96,29.275,relaxed_wt_1_A_29_P_rep4.pdb
-89.639,0.115,-1288.791,13.547,-718.86,-1.143,462.259,11.574,relaxed_wt_1_A_25_G_rep2.pdb
-89.547,0.208,-1292.143,10.194,-718.862,-1.145,458.531,7.845,relaxed_wt_1_A_72_G_rep4.pdb
-89.74,0.014,-1303.554,-1.216,-718.964,-1.247,448.145,-2.54,relaxed_wt_1_B_56_A_rep2.pdb
-90.89,-1.136,-1302.211,0.127,-717.545,0.171,448.263,-2.422,relaxed_wt_1_A_36_T_rep2.pdb
-90.02,-0.266,-1301.533,0.805,-718.651,-0.935,450.193,-0.492,relaxed_wt_1_B_54_M_rep4.pdb
-91.726,-1.972,-1301.914,0.424,-716.873,0.844,445.332,-5.353,relaxed_wt_1_A_36_L_rep2.pdb
-89.474,0.28,-1301.185,1.153,-718.845,-1.128,448.088,-2.597,relaxed_wt_1_A_86_F_rep1.pdb
-88.692,1.062,-1301.09,1.248,-718.934,-1.217,447.304,-3.381,relaxed_wt_1_B_54_T_rep2.pdb
-89.362,0.392,-1301.412,0.926,-719.046,-1.329,449.449,-1.236,relaxed_wt_1_A_29_F_rep1.pdb
-89.555,0.199,-1303.569,-1.231,-721.597,-3.88,448.551,-2.134,relaxed_wt_1_B_56_F_rep5.pdb
-90.753,-0.999,-1292.174,10.164,-719.069,-1.353,461.205,10.52,relaxed_wt_1_A_31_I_rep5.pdb
-91.216,-1.462,-1302.314,0.024,-718.698,-0.981,448.417,-2.268,relaxed_wt_1_A_36_V_rep5.pdb
-89.59,0.164,-1301.155,1.183,-718.885,-1.168,449.65,-1.035,relaxed_wt_1_A_86_F_rep3.pdb
-89.289,0.465,-1301.108,1.23,-718.935,-1.219,448.549,-2.136,relaxed_wt_1_A_83_H_rep5.pdb
-89.283,0.472,-1305.403,-3.065,-721.89,-4.173,450.939,0.254,relaxed_wt_1_A_28_M_rep5.pdb
-90.064,-0.31,-1283.352,18.986,-718.36,-0.644,455.657,4.971,relaxed_wt_1_A_39_K_rep3.pdb
-90.124,-0.369,-1298.984,3.354,-718.896,-1.18,452.915,2.23,relaxed_wt_1_B_59_W_rep3.pdb
-86.525,3.23,-1249.021,53.317,-721.557,-3.84,523.48,72.795,relaxed_wt_1_A_23_P_rep2.pdb
-89.394,0.36,-1296.128,6.21,-718.975,-1.258,440.786,-9.899,relaxed_wt_1_A_23_T_rep2.pdb
-87.61,2.144,-1303.943,-1.605,-719.008,-1.292,443.316,-7.369,relaxed_wt_1_A_81_V_rep4.pdb
-87.369,2.385,-1299.938,2.4,-718.275,-0.559,451.565,0.88,relaxed_wt_1_A_33_H_rep5.pdb
-89.291,0.463,-1266.882,35.456,-720.17,-2.454,478.59,27.905,relaxed_wt_1_A_29_P_rep1.pdb
-89.433,0.321,-1299.079,3.259,-718.942,-1.225,452.249,1.563,relaxed_wt_1_A_79_F_rep1.pdb
-89.494,0.26,-1301.25,1.088,-718.826,-1.109,450.122,-0.563,relaxed_wt_1_A_76_D_rep5.pdb
-89.812,-0.058,-1299.705,2.633,-718.877,-1.161,449.699,-0.986,relaxed_wt_1_A_24_A_rep4.pdb
-90.204,-0.45,-1297.726,4.612,-718.951,-1.234,455.761,5.076,relaxed_wt_1_A_30_D_rep4.pdb
-86.111,3.643,-1300.997,1.341,-718.802,-1.085,447.14,-3.545,relaxed_wt_1_A_38_T_rep3.pdb
-89.041,0.713,-1301.041,1.297,-718.857,-1.141,451.938,1.253,relaxed_wt_1_B_102_D_rep4.pdb
-89.555,0.199,-1303.785,-1.447,-718.892,-1.175,447.783,-2.902,relaxed_wt_1_A_74_K_rep3.pdb
-89.694,0.06,-1303.312,-0.974,-719.04,-1.323,447.455,-3.23,relaxed_wt_1_A_74_M_rep5.pdb
-90.294,-0.54,-1257.709,44.629,-718.559,-0.842,445.515,-5.17,relaxed_wt_1_B_14_Y_rep1.pdb
-89.901,-0.147,-1267.243,35.095,-717.867,-0.15,472.688,22.003,relaxed_wt_1_B_17_F_rep4.pdb
-88.483,1.272,-1300.17,2.167,-718.731,-1.014,453.119,2.434,relaxed_wt_1_A_34_E_rep3.pdb
-89.507,0.247,-1303.962,-1.624,-718.771,-1.054,446.959,-3.726,relaxed_wt_1_B_56_R_rep4.pdb
-89.719,0.035,-1291.652,10.686,-718.802,-1.085,457.215,6.53,relaxed_wt_1_A_72_N_rep1.pdb
-89.464,0.29,-1281.498,20.84,-718.452,-0.735,469.341,18.656,relaxed_wt_1_A_39_Y_rep4.pdb
-88.463,1.291,-1303.997,-1.659,-719.297,-1.581,445.287,-5.398,relaxed_wt_1_A_80_N_rep3.pdb
-89.552,0.202,-1303.785,-1.447,-718.883,-1.167,446.757,-3.929,relaxed_wt_1_A_87_A_rep5.pdb
-89.287,0.467,-1296.059,6.279,-718.943,-1.226,451.382,0.697,relaxed_wt_1_A_39_A_rep3.pdb
-87.664,2.09,-1303.077,-0.739,-719.088,-1.371,444.847,-5.838,relaxed_wt_1_A_81_T_rep3.pdb
-91.114,-1.359,-1304.005,-1.667,-718.714,-0.997,449.306,-1.379,relaxed_wt_1_B_57_K_rep2.pdb
-85.432,4.322,-1298.748,3.59,-718.578,-0.861,449.856,-0.829,relaxed_wt_1_A_77_E_rep3.pdb
-82.56,7.194,-1297.768,4.57,-718.684,-0.967,456.132,5.447,relaxed_wt_1_A_40_S_rep5.pdb
-87.922,1.832,-1247.831,54.507,-720.543,-2.827,525.186,74.501,relaxed_wt_1_A_23_P_rep5.pdb
-89.49,0.264,-1303.663,-1.325,-718.955,-1.238,446.287,-4.398,relaxed_wt_1_B_54_N_rep2.pdb
-90.191,-0.437,-1301.604,0.734,-718.907,-1.191,446.659,-4.026,relaxed_wt_1_B_17_E_rep5.pdb
-89.593,0.162,-1301.982,0.356,-718.971,-1.254,450.593,-0.092,relaxed_wt_1_B_12_W_rep3.pdb
-83.233,6.521,-1263.487,38.851,-717.551,0.165,486.12,35.435,relaxed_wt_1_A_75_P_rep2.pdb
-88.865,0.889,-1303.959,-1.621,-718.898,-1.181,444.829,-5.856,relaxed_wt_1_A_79_H_rep4.pdb
-88.92,0.834,-1303.147,-0.809,-719.36,-1.644,447.723,-2.962,relaxed_wt_1_A_80_K_rep1.pdb
-90.241,-0.486,-1301.171,1.167,-718.149,-0.432,450.395,-0.29,relaxed_wt_1_A_78_A_rep1.pdb
-87.925,1.83,-1300.846,1.492,-718.655,-0.938,446.361,-4.324,relaxed_wt_1_A_85_F_rep2.pdb
-89.542,0.212,-1305.119,-2.781,-718.938,-1.221,446.019,-4.666,relaxed_wt_1_B_12_I_rep2.pdb
-81.692,8.062,-1297.844,4.494,-718.814,-1.097,451.131,0.446,relaxed_wt_1_A_38_E_rep1.pdb
-88.057,1.697,-1300.519,1.819,-719.127,-1.411,447.246,-3.439,relaxed_wt_1_B_56_G_rep4.pdb
-91.523,-1.769,-1301.295,1.042,-718.171,-0.455,450.434,-0.251,relaxed_wt_1_A_36_I_rep5.pdb
-90.129,-0.375,-1303.019,-0.681,-718.389,-0.672,447.063,-3.622,relaxed_wt_1_A_33_R_rep5.pdb
-89.538,0.216,-1303.586,-1.248,-718.87,-1.154,446.834,-3.851,relaxed_wt_1_B_102_V_rep2.pdb
-89.619,0.135,-1303.518,-1.18,-718.76,-1.044,447.621,-3.064,relaxed_wt_1_A_84_F_rep5.pdb
-89.508,0.246,-1304.164,-1.826,-718.959,-1.243,446.964,-3.721,relaxed_wt_1_B_55_N_rep3.pdb
-89.492,0.263,-1303.702,-1.365,-718.956,-1.239,446.286,-4.399,relaxed_wt_1_B_98_K_rep5.pdb
-89.411,0.343,-1303.605,-1.267,-718.461,-0.745,449.51,-1.175,relaxed_wt_1_A_30_V_rep1.pdb
-86.99,2.764,-1266.008,36.33,-719.764,-2.048,479.898,29.213,relaxed_wt_1_A_29_P_rep3.pdb
-88.33,1.424,-1222.021,80.317,-717.97,-0.253,547.867,97.182,relaxed_wt_1_A_72_Y_rep5.pdb
-87.976,1.779,-1304.431,-2.093,-718.822,-1.105,445.939,-4.746,relaxed_wt_1_A_79_D_rep5.pdb
-89.91,-0.156,-1294.879,7.459,-718.851,-1.134,457.308,6.623,relaxed_wt_1_A_30_L_rep5.pdb
-93.453,-3.699,-1305.543,-3.205,-718.836,-1.119,448.424,-2.261,relaxed_wt_1_B_57_F_rep4.pdb
-91.16,-1.406,-1304.144,-1.806,-718.822,-1.105,448.263,-2.422,relaxed_wt_1_B_57_K_rep4.pdb
-89.342,0.413,-1302.248,0.09,-718.963,-1.246,449.212,-1.474,relaxed_wt_1_B_100_T_rep1.pdb
-89.509,0.245,-1299.133,3.205,-718.765,-1.049,451.657,0.971,relaxed_wt_1_A_32_C_rep5.pdb
-90.153,-0.399,-1290.052,12.285,-719.342,-1.625,461.214,10.529,relaxed_wt_1_A_79_I_rep1.pdb
-88.973,0.781,-1274.735,27.603,-717.774,-0.057,278.286,-172.399,relaxed_wt_1_B_14_V_rep1.pdb
-87.342,2.412,-1300.333,2.005,-718.949,-1.232,449.301,-1.384,relaxed_wt_1_A_27_L_rep2.pdb
-89.445,0.309,-1302.379,-0.041,-718.83,-1.113,447.325,-3.36,relaxed_wt_1_B_100_F_rep4.pdb
-89.79,-0.036,-1303.055,-0.717,-718.872,-1.156,452.619,1.934,relaxed_wt_1_B_13_L_rep1.pdb
-85.023,4.731,-1296.928,5.41,-717.691,0.026,447.515,-3.17,relaxed_wt_1_B_15_K_rep1.pdb
-89.643,0.111,-1299.256,3.082,-718.897,-1.18,453.728,3.043,relaxed_wt_1_B_14_G_rep1.pdb
-87.747,2.007,-1302.38,-0.042,-720.188,-2.471,447.354,-3.331,relaxed_wt_1_A_27_Q_rep3.pdb
-89.281,0.473,-1292.761,9.577,-718.525,-0.808,458.758,8.073,relaxed_wt_1_A_76_Y_rep1.pdb
-89.304,0.45,-1303.997,-1.66,-719.081,-1.364,443.55,-7.135,relaxed_wt_1_A_74_V_rep2.pdb
-89.591,0.164,-1294.756,7.582,-718.849,-1.132,456.519,5.834,relaxed_wt_1_A_25_E_rep2.pdb
-87.134,2.62,-1302.443,-0.105,-719.462,-1.745,441.647,-9.039,relaxed_wt_1_B_17_G_rep4.pdb
-84.533,5.221,-1295.323,7.015,-717.999,-0.282,449.607,-1.078,relaxed_wt_1_A_84_N_rep3.pdb
-88.07,1.685,-1298.797,3.541,-719.268,-1.551,451.1,0.415,relaxed_wt_1_A_80_M_rep4.pdb
-79.747,10.007,-1294.583,7.755,-718.078,-0.361,447.679,-3.006,relaxed_wt_1_B_55_E_rep4.pdb
-88.949,0.805,-1302.194,0.144,-719.009,-1.293,446.406,-4.279,relaxed_wt_1_B_102_T_rep1.pdb
-87.337,2.417,-1300.766,1.572,-718.936,-1.219,447.921,-2.764,relaxed_wt_1_A_26_H_rep4.pdb
-85.653,4.101,-1305.421,-3.083,-719.582,-1.866,444.959,-5.726,relaxed_wt_1_B_55_H_rep4.pdb
-89.897,-0.143,-1296.529,5.809,-719.043,-1.327,453.852,3.167,relaxed_wt_1_A_74_D_rep4.pdb
-83.331,6.423,-1293.971,8.367,-718.119,-0.403,447.778,-2.907,relaxed_wt_1_A_84_S_rep3.pdb
-89.534,0.22,-1304.099,-1.761,-718.871,-1.154,446.768,-3.917,relaxed_wt_1_A_29_L_rep4.pdb
-88.322,1.432,-1302.224,0.114,-719.058,-1.342,445.873,-4.812,relaxed_wt_1_A_81_E_rep4.pdb
-89.467,0.288,-1306.063,-3.725,-718.891,-1.174,446.869,-3.816,relaxed_wt_1_B_98_Q_rep1.pdb
-88.793,0.961,-1299.157,3.18,-718.928,-1.211,451.352,0.667,relaxed_wt_1_A_85_A_rep2.pdb
-89.577,0.178,-1303.887,-1.549,-719.39,-1.674,452.338,1.653,relaxed_wt_1_A_21_V_rep3.pdb
-83.365,6.389,-1295.71,6.628,-718.084,-0.367,445.606,-5.079,relaxed_wt_1_A_84_T_rep4.pdb
-89.639,0.116,-1289.561,12.777,-718.891,-1.174,459.098,8.413,relaxed_wt_1_A_72_D_rep4.pdb
-89.342,0.412,-1301.952,0.386,-718.925,-1.208,445.707,-4.978,relaxed_wt_1_A_86_M_rep4.pdb
-88.407,1.348,-1305.945,-3.607,-721.735,-4.018,448.038,-2.647,relaxed_wt_1_A_28_T_rep2.pdb
-89.637,0.118,-1303.215,-0.877,-718.675,-0.958,446.046,-4.639,relaxed_wt_1_B_101_I_rep5.pdb
-87.309,2.445,-1297.755,4.583,-719.198,-1.481,450.39,-0.295,relaxed_wt_1_B_55_M_rep2.pdb
-91.37,-1.616,-1303.071,-0.733,-718.676,-0.959,449.1,-1.586,relaxed_wt_1_B_102_M_rep1.pdb
-89.254,0.5,-1304.005,-1.667,-719.214,-1.497,445.109,-5.576,relaxed_wt_1_A_74_V_rep3.pdb
-87.531,2.223,-1293.932,8.406,-717.804,-0.087,454.192,3.507,relaxed_wt_1_A_75_A_rep5.pdb
-89.748,0.006,-1296.188,6.15,-718.552,-0.835,452.65,1.965,relaxed_wt_1_A_37_S_rep3.pdb
-89.74,0.014,-1300.247,2.091,-718.823,-1.106,451.005,0.32,relaxed_wt_1_B_59_H_rep3.pdb
-89.285,0.469,-1302.581,-0.243,-718.917,-1.201,447.852,-2.833,relaxed_wt_1_B_100_M_rep5.pdb
-88.513,1.242,-1297.826,4.512,-718.953,-1.236,451.556,0.871,relaxed_wt_1_A_85_C_rep4.pdb
-89.499,0.255,-1303.51,-1.172,-718.799,-1.082,445.528,-5.157,relaxed_wt_1_A_35_A_rep4.pdb
-90.819,-1.065,-1291.558,10.78,-718.972,-1.256,463.411,12.726,relaxed_wt_1_A_31_I_rep4.pdb
-89.916,-0.162,-1292.008,10.33,-719.129,-1.412,457.926,7.241,relaxed_wt_1_A_37_Q_rep3.pdb
-90.231,-0.477,-1303.754,-1.416,-719.027,-1.31,450.378,-0.307,relaxed_wt_1_A_76_I_rep1.pdb
-91.196,-1.442,-1301.762,0.576,-718.506,-0.79,449.551,-1.134,relaxed_wt_1_A_36_M_rep3.pdb
-89.558,0.196,-1301.966,0.372,-718.921,-1.204,448.254,-2.431,relaxed_wt_1_A_86_W_rep5.pdb
-88.913,0.841,-1301.213,1.125,-719.416,-1.699,448.893,-1.792,relaxed_wt_1_A_78_M_rep5.pdb
-84.916,4.838,-1297.425,4.913,-717.173,0.544,454.205,3.52,relaxed_wt_1_A_38_I_rep3.pdb
-89.561,0.193,-1302.653,-0.315,-718.964,-1.247,447.154,-3.531,relaxed_wt_1_A_21_W_rep4.pdb
-85.905,3.849,-1299.99,2.348,-720.37,-2.653,449.326,-1.359,relaxed_wt_1_A_27_H_rep5.pdb
-88.721,1.033,-1300.959,1.379,-717.372,0.345,466.064,15.379,relaxed_wt_1_B_54_F_rep3.pdb
-89.569,0.185,-1298.404,3.934,-718.933,-1.216,455.421,4.736,relaxed_wt_1_A_21_I_rep5.pdb
-83.233,6.521,-1263.487,38.851,-717.551,0.165,486.12,35.435,relaxed_wt_1_A_75_P_rep5.pdb
-86.443,3.311,-1286.818,15.52,-718.278,-0.561,464.628,13.943,relaxed_wt_1_A_75_G_rep1.pdb
-89.644,0.11,-1293.644,8.694,-718.548,-0.831,460.108,9.422,relaxed_wt_1_A_37_L_rep1.pdb
-89.672,0.082,-1298.956,3.382,-718.983,-1.266,449.579,-1.106,relaxed_wt_1_B_17_I_rep5.pdb
-89.528,0.226,-1301.902,0.436,-718.95,-1.233,448.697,-1.988,relaxed_wt_1_A_79_M_rep3.pdb
-87.219,2.535,-1301.085,1.253,-718.904,-1.187,444.34,-6.345,relaxed_wt_1_A_73_D_rep2.pdb
-90.135,-0.381,-1304.162,-1.825,-718.976,-1.26,447.232,-3.453,relaxed_wt_1_A_85_K_rep5.pdb
-83.434,6.32,-1298.103,4.234,-718.327,-0.61,458.827,8.142,relaxed_wt_1_A_40_N_rep2.pdb
-89.221,0.534,-1291.456,10.882,-718.319,-0.602,459.291,8.606,relaxed_wt_1_A_37_V_rep3.pdb
-91.003,-1.249,-1305.236,-2.898,-718.753,-1.036,447.428,-3.258,relaxed_wt_1_A_28_K_rep2.pdb
-89.448,0.306,-1298.625,3.713,-719.036,-1.319,450.725,0.04,relaxed_wt_1_A_87_D_rep2.pdb
-89.587,0.167,-1302.723,-0.385,-718.93,-1.213,447.83,-2.856,relaxed_wt_1_A_23_W_rep1.pdb
-89.719,0.035,-1297.379,4.959,-717.876,-0.159,454.146,3.461,relaxed_wt_1_A_76_N_rep4.pdb
-88.096,1.658,-1301.093,1.245,-719.182,-1.466,448.888,-1.797,relaxed_wt_1_A_81_M_rep3.pdb
-90.573,-0.819,-1301.285,1.053,-718.691,-0.974,452.229,1.544,relaxed_wt_1_A_26_R_rep2.pdb
-89.931,-0.177,-1301.301,1.036,-717.511,0.205,449.818,-0.867,relaxed_wt_1_B_102_R_rep5.pdb
-89.528,0.226,-1300.141,2.197,-718.7,-0.983,450.311,-0.374,relaxed_wt_1_A_83_C_rep4.pdb
-88.03,1.724,-1302.48,-0.142,-721.791,-4.074,449.984,-0.701,relaxed_wt_1_A_26_A_rep4.pdb
-89.591,0.163,-1302.239,0.099,-718.487,-0.771,446.631,-4.054,relaxed_wt_1_A_32_K_rep2.pdb
-89.573,0.181,-1298.55,3.788,-718.914,-1.197,449.51,-1.175,relaxed_wt_1_B_14_S_rep4.pdb
-88.868,0.886,-1299.329,3.009,-718.989,-1.272,450.54,-0.145,relaxed_wt_1_B_58_A_rep5.pdb
-89.584,0.17,-1302.842,-0.504,-718.955,-1.238,451.371,0.686,relaxed_wt_1_A_71_T_rep5.pdb
-90.807,-1.053,-1181.566,120.772,-718.728,-1.011,577.814,127.129,relaxed_wt_1_B_98_P_rep2.pdb
-88.795,0.959,-1299.936,2.402,-718.648,-0.931,453.221,2.536,relaxed_wt_1_A_76_C_rep1.pdb
-89.535,0.22,-1302.847,-0.509,-719.451,-1.734,449.922,-0.763,relaxed_wt_1_A_71_K_rep5.pdb
-88.859,0.896,-1298.405,3.933,-718.923,-1.207,449.605,-1.08,relaxed_wt_1_A_75_C_rep5.pdb
-79.139,10.615,-1284.316,18.022,-717.142,0.575,458.092,7.407,relaxed_wt_1_A_77_P_rep4.pdb
-89.417,0.337,-1302.991,-0.653,-718.893,-1.176,453.002,2.317,relaxed_wt_1_A_71_T_rep3.pdb
-89.805,-0.051,-1304.17,-1.832,-718.263,-0.546,445.181,-5.504,relaxed_wt_1_A_73_F_rep4.pdb
-89.945,-0.191,-1294.735,7.603,-718.844,-1.128,456.961,6.276,relaxed_wt_1_A_30_L_rep3.pdb
-89.096,0.658,-1302.835,-0.497,-719.004,-1.287,448.237,-2.448,relaxed_wt_1_A_37_Y_rep5.pdb
-89.802,-0.048,-1268.588,33.75,-718.799,-1.083,469.048,18.363,relaxed_wt_1_B_17_F_rep3.pdb
-87.423,2.331,-1299.893,2.445,-719.143,-1.426,455.832,5.147,relaxed_wt_1_A_27_Y_rep1.pdb
-89.516,0.239,-1298.94,3.398,-719.034,-1.317,460.219,9.534,relaxed_wt_1_A_22_A_rep4.pdb
-86.632,3.122,-1300.743,1.595,-718.1,-0.383,455.25,4.565,relaxed_wt_1_A_40_M_rep5.pdb
-89.917,-0.162,-1302.172,0.166,-718.651,-0.934,446.03,-4.655,relaxed_wt_1_A_24_Y_rep2.pdb
-89.355,0.399,-1291.167,11.171,-718.352,-0.635,460.768,10.083,relaxed_wt_1_A_37_I_rep5.pdb
-89.52,0.234,-1292.004,10.334,-718.834,-1.117,456.273,5.588,relaxed_wt_1_A_72_N_rep3.pdb
-90.113,-0.358,-1295.792,6.546,-718.09,-0.373,447.187,-3.498,relaxed_wt_1_A_30_H_rep1.pdb
-85.291,4.463,-1300.245,2.093,-719.102,-1.386,444.326,-6.359,relaxed_wt_1_B_15_S_rep4.pdb
-86.192,3.562,-1204.872,97.466,-718.141,-0.424,32.525,-418.16,relaxed_wt_1_B_14_R_rep5.pdb
-87.36,2.394,-1302.425,-0.087,-719.177,-1.461,446.032,-4.653,relaxed_wt_1_A_80_D_rep2.pdb
-90.278,-0.523,-1306.155,-3.817,-718.486,-0.769,443.322,-7.363,relaxed_wt_1_A_73_L_rep3.pdb
-90.642,-0.887,-1306.139,-3.801,-719.02,-1.303,446.985,-3.7,relaxed_wt_1_A_79_K_rep3.pdb
-85.275,4.479,-1298.777,3.561,-719.936,-2.219,448.38,-2.305,relaxed_wt_1_B_55_G_rep4.pdb
-89.525,0.229,-1302.815,-0.478,-718.92,-1.203,448.833,-1.853,relaxed_wt_1_A_86_R_rep4.pdb
-82.022,7.732,-1289.407,12.931,-718.09,-0.373,453.115,2.43,relaxed_wt_1_A_84_G_rep2.pdb
-88.744,1.01,-1284.795,17.543,-719.009,-1.292,456.121,5.436,relaxed_wt_1_A_87_V_rep4.pdb
-89.978,-0.224,-1301.878,0.46,-719.008,-1.292,450.662,-0.023,relaxed_wt_1_A_78_C_rep5.pdb
-89.551,0.203,-1297.826,4.512,-718.25,-0.533,453.945,3.26,relaxed_wt_1_A_74_N_rep5.pdb
-89.567,0.188,-1304.099,-1.761,-718.881,-1.164,445.065,-5.62,relaxed_wt_1_A_34_N_rep2.pdb
-89.103,0.651,-1276.786,25.552,-717.999,-0.282,463.35,12.665,relaxed_wt_1_B_58_P_rep1.pdb
-89.557,0.198,-1301.965,0.373,-718.939,-1.222,451.883,1.198,relaxed_wt_1_A_71_S_rep4.pdb
-89.475,0.279,-1299.935,2.403,-718.842,-1.125,452.436,1.751,relaxed_wt_1_A_87_G_rep3.pdb
-89.581,0.174,-1301.716,0.622,-718.798,-1.081,448.403,-2.283,relaxed_wt_1_B_13_V_rep1.pdb
-89.411,0.343,-1302.915,-0.577,-718.868,-1.151,449.443,-1.242,relaxed_wt_1_A_75_V_rep3.pdb
-88.754,1.0,-1301.19,1.148,-719.17,-1.453,450.523,-0.162,relaxed_wt_1_B_100_K_rep3.pdb
-89.504,0.25,-1301.659,0.678,-718.848,-1.132,451.874,1.188,relaxed_wt_1_A_21_T_rep3.pdb
-83.626,6.129,-1296.252,6.086,-718.603,-0.887,452.182,1.497,relaxed_wt_1_B_58_E_rep3.pdb
-89.351,0.403,-1304.873,-2.536,-718.933,-1.216,443.898,-6.787,relaxed_wt_1_B_12_L_rep5.pdb
-89.582,0.172,-1299.278,3.06,-718.895,-1.178,452.995,2.31,relaxed_wt_1_A_21_G_rep3.pdb
-91.579,-1.825,-1303.041,-0.703,-718.831,-1.114,449.651,-1.034,relaxed_wt_1_B_56_I_rep5.pdb
-89.209,0.545,-1302.943,-0.605,-719.042,-1.325,448.455,-2.23,relaxed_wt_1_B_102_C_rep1.pdb
-89.828,-0.074,-1291.609,10.729,-718.722,-1.005,453.572,2.887,relaxed_wt_1_A_25_H_rep2.pdb
-89.365,0.39,-1295.447,6.89,-718.565,-0.848,449.571,-1.114,relaxed_wt_1_A_30_H_rep4.pdb
-89.68,0.075,-1303.929,-1.591,-718.863,-1.146,447.182,-3.504,relaxed_wt_1_B_98_A_rep2.pdb
-88.939,0.815,-1300.288,2.05,-718.619,-0.903,450.887,0.202,relaxed_wt_1_A_34_D_rep3.pdb
-86.794,2.961,-1301.831,0.507,-720.055,-2.338,447.372,-3.313,relaxed_wt_1_A_27_E_rep3.pdb
-86.15,3.604,-1278.541,23.797,-714.892,2.824,474.776,24.091,relaxed_wt_1_A_41_I_rep4.pdb
-89.697,0.057,-1303.687,-1.349,-718.905,-1.188,441.593,-9.092,relaxed_wt_1_B_17_G_rep3.pdb
-89.802,-0.048,-1255.703,46.635,-718.108,-0.391,324.355,-126.33,relaxed_wt_1_B_14_Y_rep4.pdb
-89.542,0.212,-1301.924,0.414,-718.915,-1.198,449.843,-0.842,relaxed_wt_1_A_21_S_rep5.pdb
-91.596,-1.841,-1052.321,250.017,-717.174,0.543,696.178,245.493,relaxed_wt_1_B_17_P_rep1.pdb
-89.538,0.216,-1296.961,5.377,-718.938,-1.221,452.149,1.464,relaxed_wt_1_A_21_L_rep3.pdb
-90.992,-1.238,-1302.935,-0.597,-719.159,-1.442,450.047,-0.638,relaxed_wt_1_B_101_W_rep1.pdb
-89.398,0.356,-1303.95,-1.612,-718.861,-1.144,445.39,-5.295,relaxed_wt_1_A_76_E_rep1.pdb
-88.851,0.904,-1297.891,4.447,-717.203,0.514,448.638,-2.047,relaxed_wt_1_B_15_G_rep5.pdb
-86.19,3.564,-1300.819,1.519,-720.352,-2.635,446.143,-4.542,relaxed_wt_1_A_27_T_rep2.pdb
-90.506,-0.752,-1303.273,-0.935,-719.458,-1.742,449.458,-1.227,relaxed_wt_1_B_101_R_rep4.pdb
-88.439,1.315,-1297.186,5.152,-718.784,-1.067,450.432,-0.253,relaxed_wt_1_A_85_D_rep4.pdb
-89.542,0.212,-1283.156,19.182,-718.533,-0.817,471.322,20.637,relaxed_wt_1_A_76_P_rep5.pdb
-88.969,0.785,-1263.779,38.559,-717.619,0.098,460.275,9.589,relaxed_wt_1_A_72_F_rep3.pdb
-89.63,0.124,-1299.402,2.936,-718.936,-1.219,449.178,-1.507,relaxed_wt_1_B_17_I_rep4.pdb
-89.382,0.372,-1293.212,9.126,-718.957,-1.241,460.165,9.48,relaxed_wt_1_A_76_Y_rep2.pdb
-89.556,0.198,-1295.706,6.632,-718.801,-1.084,455.052,4.367,relaxed_wt_1_A_83_G_rep5.pdb
-89.867,-0.113,-1300.532,1.806,-718.934,-1.217,447.171,-3.514,relaxed_wt_1_A_24_P_rep4.pdb
-86.539,3.216,-1298.958,3.38,-718.554,-0.837,444.632,-6.053,relaxed_wt_1_B_15_I_rep4.pdb
-89.455,0.299,-1303.281,-0.943,-718.919,-1.202,444.029,-6.657,relaxed_wt_1_B_17_M_rep4.pdb
-85.243,4.512,-1303.407,-1.069,-722.938,-5.222,443.41,-7.275,relaxed_wt_1_A_27_S_rep4.pdb
-90.293,-0.539,-1301.649,0.689,-719.48,-1.763,446.114,-4.571,relaxed_wt_1_A_26_D_rep2.pdb
-85.936,3.818,-1300.283,2.055,-718.19,-0.473,448.734,-1.951,relaxed_wt_1_A_36_D_rep5.pdb
-89.832,-0.077,-1302.261,0.077,-718.97,-1.253,449.44,-1.245,relaxed_wt_1_A_32_T_rep3.pdb
-89.757,-0.003,-1294.071,8.267,-718.958,-1.241,457.247,6.562,relaxed_wt_1_A_31_M_rep2.pdb
-89.567,0.187,-1301.173,1.165,-718.917,-1.2,448.702,-1.983,relaxed_wt_1_A_86_Y_rep2.pdb
-89.237,0.517,-1299.818,2.52,-718.831,-1.114,453.158,2.473,relaxed_wt_1_A_71_F_rep2.pdb
-83.597,6.157,-1239.189,63.149,-717.167,0.549,506.26,55.575,relaxed_wt_1_A_85_P_rep3.pdb
-89.488,0.266,-1301.871,0.467,-718.924,-1.207,449.926,-0.76,relaxed_wt_1_A_21_S_rep3.pdb
-89.463,0.291,-1299.37,2.968,-718.954,-1.237,451.133,0.448,relaxed_wt_1_A_23_D_rep4.pdb
-89.565,0.189,-1302.392,-0.054,-718.883,-1.166,448.591,-2.094,relaxed_wt_1_A_21_Q_rep2.pdb
-89.629,0.126,-1301.425,0.913,-719.004,-1.288,447.43,-3.255,relaxed_wt_1_A_78_M_rep3.pdb
-85.432,4.322,-1297.793,4.545,-717.673,0.044,449.987,-0.698,relaxed_wt_1_A_40_R_rep3.pdb
-87.196,2.558,-1300.152,2.186,-718.54,-0.824,447.853,-2.832,relaxed_wt_1_A_34_D_rep5.pdb
-89.155,0.599,-1304.004,-1.666,-718.991,-1.274,445.013,-5.672,relaxed_wt_1_A_77_V_rep3.pdb
-89.933,-0.179,-1302.537,-0.2,-719.484,-1.768,448.865,-1.82,relaxed_wt_1_A_77_M_rep3.pdb
-91.851,-2.097,-1304.859,-2.521,-718.564,-0.848,452.999,2.314,relaxed_wt_1_B_54_L_rep4.pdb
-89.995,-0.241,-1301.789,0.549,-718.979,-1.263,448.486,-2.199,relaxed_wt_1_A_78_C_rep3.pdb
-89.556,0.198,-1300.272,2.066,-718.84,-1.123,451.302,0.617,relaxed_wt_1_A_21_R_rep1.pdb
-87.979,1.776,-1299.543,2.795,-716.554,1.163,451.17,0.485,relaxed_wt_1_B_55_V_rep4.pdb
-88.608,1.146,-1299.271,3.067,-718.799,-1.083,453.124,2.438,relaxed_wt_1_A_85_V_rep1.pdb
-89.548,0.206,-1299.4,2.938,-719.425,-1.708,453.518,2.832,relaxed_wt_1_A_29_C_rep5.pdb
-87.678,2.076,-1300.159,2.179,-718.973,-1.256,448.028,-2.657,relaxed_wt_1_A_36_K_rep5.pdb
-89.578,0.177,-1302.146,0.192,-718.958,-1.241,448.128,-2.557,relaxed_wt_1_A_86_W_rep2.pdb
-88.811,0.943,-1298.782,3.556,-716.697,1.019,452.997,2.312,relaxed_wt_1_A_80_W_rep1.pdb
-84.735,5.019,-1297.849,4.489,-718.041,-0.325,445.002,-5.683,relaxed_wt_1_A_84_V_rep4.pdb
-91.974,-2.22,-1301.348,0.99,-717.226,0.491,451.449,0.764,relaxed_wt_1_B_102_R_rep1.pdb
-89.518,0.236,-1304.044,-1.706,-718.844,-1.127,445.574,-5.111,relaxed_wt_1_B_100_E_rep4.pdb
-89.563,0.191,-1300.684,1.654,-718.945,-1.229,448.235,-2.45,relaxed_wt_1_A_86_G_rep2.pdb
-89.362,0.392,-1303.223,-0.885,-718.56,-0.843,450.454,-0.231,relaxed_wt_1_A_30_V_rep2.pdb
-87.426,2.328,-1301.832,0.506,-718.865,-1.149,443.808,-6.877,relaxed_wt_1_A_73_S_rep5.pdb
-89.622,0.132,-1297.114,5.224,-717.821,-0.104,456.375,5.69,relaxed_wt_1_A_82_C_rep4.pdb
-88.186,1.568,-1300.42,1.918,-719.041,-1.325,445.671,-5.014,relaxed_wt_1_B_55_C_rep1.pdb
-89.537,0.217,-1303.588,-1.25,-718.941,-1.224,447.413,-3.272,relaxed_wt_1_B_12_A_rep5.pdb
-91.165,-1.411,-1300.022,2.316,-718.762,-1.045,451.336,0.651,relaxed_wt_1_A_26_G_rep5.pdb
-89.302,0.452,-1299.997,2.341,-718.995,-1.278,456.105,5.419,relaxed_wt_1_B_13_C_rep2.pdb
-91.081,-1.326,-1300.799,1.539,-718.831,-1.115,448.968,-1.717,relaxed_wt_1_B_58_F_rep5.pdb
-89.724,0.03,-1303.524,-1.186,-718.919,-1.202,448.088,-2.597,relaxed_wt_1_B_56_A_rep1.pdb
-79.768,9.986,-1294.107,8.231,-717.948,-0.232,447.422,-3.263,relaxed_wt_1_B_55_E_rep2.pdb
-85.904,3.85,-1298.683,3.655,-719.12,-1.403,447.004,-3.681,relaxed_wt_1_A_77_S_rep2.pdb
-88.102,1.652,-1299.865,2.473,-719.129,-1.412,449.988,-0.697,relaxed_wt_1_B_57_G_rep1.pdb
-87.448,2.306,-1303.564,-1.226,-718.93,-1.214,444.119,-6.566,relaxed_wt_1_A_36_N_rep5.pdb
-89.654,0.1,-1303.287,-0.949,-718.947,-1.23,448.184,-2.501,relaxed_wt_1_B_12_A_rep2.pdb
-89.432,0.323,-1299.888,2.45,-718.998,-1.281,448.351,-2.334,relaxed_wt_1_A_23_C_rep3.pdb
-89.018,0.736,-1300.371,1.967,-718.706,-0.989,450.49,-0.196,relaxed_wt_1_A_85_R_rep4.pdb
-89.604,0.15,-1298.403,3.935,-718.957,-1.24,452.343,1.658,relaxed_wt_1_A_87_T_rep2.pdb
-89.619,0.135,-1300.573,1.765,-718.892,-1.175,446.013,-4.672,relaxed_wt_1_B_17_W_rep3.pdb
-89.589,0.165,-1305.692,-3.354,-718.993,-1.276,444.836,-5.85,relaxed_wt_1_B_17_R_rep1.pdb
-89.432,0.322,-1295.897,6.441,-718.763,-1.046,440.828,-9.857,relaxed_wt_1_A_23_T_rep3.pdb
-89.766,-0.012,-1301.617,0.721,-719.146,-1.429,449.267,-1.418,relaxed_wt_1_A_74_E_rep4.pdb
-89.694,0.06,-1299.039,3.299,-719.1,-1.383,452.753,2.068,relaxed_wt_1_A_74_N_rep4.pdb
-89.587,0.168,-1299.872,2.466,-718.847,-1.13,453.458,2.773,relaxed_wt_1_A_83_A_rep2.pdb
-89.589,0.165,-1302.451,-0.113,-719.166,-1.449,445.967,-4.718,relaxed_wt_1_A_34_C_rep5.pdb
-87.41,2.345,-1297.099,5.239,-717.658,0.058,457.679,6.994,relaxed_wt_1_A_82_Y_rep3.pdb
-87.312,2.442,-1298.271,4.067,-717.928,-0.211,443.516,-7.169,relaxed_wt_1_B_15_C_rep3.pdb
-89.672,0.082,-1298.173,4.165,-718.788,-1.071,454.678,3.993,relaxed_wt_1_A_30_C_rep1.pdb
-89.701,0.053,-1299.371,2.967,-717.955,-0.238,443.696,-6.989,relaxed_wt_1_B_55_G_rep2.pdb
-89.086,0.668,-1303.628,-1.29,-718.276,-0.559,445.078,-5.607,relaxed_wt_1_A_33_S_rep1.pdb
-90.451,-0.697,-1301.047,1.291,-718.823,-1.106,448.811,-1.874,relaxed_wt_1_B_102_Y_rep5.pdb
-88.479,1.275,-1302.777,-0.439,-719.185,-1.468,444.589,-6.096,relaxed_wt_1_A_81_Q_rep5.pdb
-89.524,0.23,-1302.48,-0.142,-718.983,-1.267,448.434,-2.251,relaxed_wt_1_A_86_W_rep3.pdb
-89.268,0.486,-1295.887,6.451,-718.885,-1.168,455.722,5.036,relaxed_wt_1_B_13_G_rep2.pdb
-88.694,1.06,-1076.457,225.881,-717.583,0.134,603.718,153.033,relaxed_wt_1_B_11_W_rep5.pdb
-89.463,0.291,-1302.841,-0.503,-718.854,-1.137,451.852,1.167,relaxed_wt_1_A_71_D_rep2.pdb
-89.937,-0.183,-1239.504,62.834,-718.589,-0.872,238.919,-211.766,relaxed_wt_1_A_22_W_rep5.pdb
-90.455,-0.7,-1282.311,20.027,-717.331,0.385,459.212,8.527,relaxed_wt_1_A_39_K_rep5.pdb
-89.443,0.311,-1302.765,-0.427,-719.029,-1.312,448.173,-2.512,relaxed_wt_1_B_100_A_rep5.pdb
-89.441,0.313,-1298.182,4.156,-719.02,-1.303,451.287,0.602,relaxed_wt_1_A_29_G_rep3.pdb
-87.344,2.41,-1301.991,0.347,-719.099,-1.383,448.666,-2.019,relaxed_wt_1_A_80_D_rep4.pdb
-87.54,2.214,-1300.783,1.555,-718.869,-1.153,450.638,-0.047,relaxed_wt_1_A_71_R_rep1.pdb
-82.212,7.542,-1287.826,14.512,-717.891,-0.175,481.192,30.507,relaxed_wt_1_A_41_Q_rep2.pdb
-90.526,-0.772,-1282.594,19.744,-717.705,0.012,457.725,7.04,relaxed_wt_1_A_39_K_rep1.pdb
-89.606,0.149,-1302.004,0.334,-718.952,-1.236,450.221,-0.464,relaxed_wt_1_B_12_W_rep1.pdb
-89.72,0.034,-1302.874,-0.536,-720.612,-2.896,447.609,-3.076,relaxed_wt_1_A_36_G_rep1.pdb
-89.178,0.577,-1299.043,3.295,-717.726,-0.01,449.921,-0.764,relaxed_wt_1_A_33_F_rep5.pdb
-83.635,6.119,-1296.263,6.075,-718.505,-0.788,451.509,0.824,relaxed_wt_1_A_77_R_rep1.pdb
-89.184,0.571,-1278.348,23.99,-718.686,-0.97,446.402,-4.283,relaxed_wt_1_A_23_V_rep2.pdb
-89.903,-0.148,-1303.51,-1.172,-718.775,-1.058,446.591,-4.094,relaxed_wt_1_A_78_K_rep5.pdb
-81.842,7.913,-1283.96,18.378,-716.65,1.067,480.785,30.1,relaxed_wt_1_B_13_Y_rep3.pdb
-89.631,0.124,-1303.092,-0.754,-718.802,-1.085,449.254,-1.431,relaxed_wt_1_B_13_M_rep3.pdb
-91.168,-1.414,-1304.726,-2.388,-718.553,-0.836,446.396,-4.289,relaxed_wt_1_B_102_L_rep4.pdb
-85.277,4.477,-1299.47,2.868,-718.035,-0.318,445.237,-5.449,relaxed_wt_1_A_84_I_rep3.pdb
-81.624,8.13,-1286.465,15.872,-716.5,1.217,483.505,32.82,relaxed_wt_1_A_41_Q_rep5.pdb
-89.2,0.554,-1301.373,0.965,-719.175,-1.459,449.829,-0.856,relaxed_wt_1_A_29_Y_rep1.pdb
-89.662,0.092,-1304.656,-2.318,-719.008,-1.291,445.727,-4.958,relaxed_wt_1_A_74_R_rep4.pdb
-88.419,1.335,-1304.773,-2.435,-720.75,-3.033,448.315,-2.37,relaxed_wt_1_A_28_T_rep5.pdb
-87.141,2.613,-1288.138,14.2,-718.805,-1.089,460.937,10.252,relaxed_wt_1_A_41_D_rep4.pdb
-88.922,0.832,-1149.498,152.84,-718.709,-0.993,607.97,157.285,relaxed_wt_1_A_31_P_rep4.pdb
-87.88,1.874,-1300.782,1.556,-718.663,-0.947,448.991,-1.694,relaxed_wt_1_A_85_F_rep4.pdb
-91.203,-1.449,-1259.538,42.8,-715.283,2.433,383.145,-67.54,relaxed_wt_1_B_14_K_rep3.pdb
-87.182,2.572,-1298.252,4.086,-718.685,-0.968,442.461,-8.224,relaxed_wt_1_B_55_G_rep3.pdb
-91.162,-1.408,-1301.7,0.638,-718.731,-1.014,449.481,-1.204,relaxed_wt_1_A_32_I_rep5.pdb
-90.654,-0.9,-1304.37,-2.032,-718.728,-1.011,445.798,-4.887,relaxed_wt_1_B_101_M_rep4.pdb
-92.906,-3.152,-1302.846,-0.508,-718.72,-1.004,451.169,0.484,relaxed_wt_1_B_57_M_rep2.pdb
-89.617,0.137,-1304.152,-1.815,-718.78,-1.063,447.917,-2.768,relaxed_wt_1_B_14_A_rep1.pdb
-86.345,3.41,-1303.332,-0.994,-720.749,-3.033,451.519,0.834,relaxed_wt_1_A_40_L_rep3.pdb
-90.958,-1.204,-1289.871,12.467,-718.116,-0.399,463.42,12.735,relaxed_wt_1_A_79_I_rep3.pdb
-89.476,0.278,-1296.939,5.399,-718.925,-1.208,451.241,0.556,relaxed_wt_1_A_21_L_rep4.pdb
-89.4,0.354,-1295.033,7.305,-718.956,-1.239,455.912,5.227,relaxed_wt_1_B_59_Y_rep5.pdb
-88.297,1.457,-1287.473,14.865,-718.803,-1.087,464.686,14.001,relaxed_wt_1_A_37_W_rep4.pdb
-89.497,0.257,-1298.101,4.237,-718.93,-1.213,452.845,2.16,relaxed_wt_1_A_72_C_rep2.pdb
-87.018,2.737,-1300.129,2.209,-716.851,0.866,454.296,3.611,relaxed_wt_1_A_40_L_rep2.pdb
-89.573,0.181,-1299.362,2.976,-718.122,-0.405,451.263,0.578,relaxed_wt_1_A_33_M_rep2.pdb
-90.991,-1.236,-1300.967,1.371,-718.823,-1.106,449.431,-1.254,relaxed_wt_1_B_58_F_rep2.pdb
-89.706,0.049,-1298.2,4.138,-718.825,-1.108,448.837,-1.848,relaxed_wt_1_A_25_N_rep2.pdb
-89.074,0.68,-1299.223,3.115,-719.083,-1.366,453.704,3.019,relaxed_wt_1_A_32_G_rep2.pdb
-89.544,0.21,-1303.55,-1.212,-718.769,-1.052,447.241,-3.444,relaxed_wt_1_A_77_I_rep4.pdb
-89.543,0.211,-1300.061,2.277,-718.99,-1.274,449.382,-1.303,relaxed_wt_1_A_23_N_rep3.pdb
-89.65,0.104,-1294.354,7.984,-718.981,-1.265,455.371,4.686,relaxed_wt_1_A_25_D_rep4.pdb
-88.071,1.683,-1300.561,1.777,-719.095,-1.378,448.068,-2.617,relaxed_wt_1_A_81_M_rep4.pdb
-89.471,0.283,-1301.344,0.994,-718.976,-1.259,448.518,-2.167,relaxed_wt_1_A_29_S_rep4.pdb
-89.508,0.247,-1303.253,-0.915,-718.705,-0.988,447.373,-3.312,relaxed_wt_1_B_101_I_rep4.pdb
-89.617,0.137,-1294.801,7.537,-718.831,-1.114,455.593,4.908,relaxed_wt_1_A_25_E_rep5.pdb
-89.509,0.245,-1302.962,-0.624,-718.973,-1.256,446.354,-4.331,relaxed_wt_1_A_86_N_rep5.pdb
-89.463,0.291,-1306.493,-4.156,-718.865,-1.148,444.658,-6.027,relaxed_wt_1_B_98_R_rep2.pdb
-90.095,-0.341,-1298.87,3.468,-718.765,-1.048,452.223,1.538,relaxed_wt_1_A_39_L_rep2.pdb
-91.232,-1.478,-1304.49,-2.152,-718.418,-0.701,447.504,-3.181,relaxed_wt_1_B_102_L_rep1.pdb
-89.568,0.186,-1303.446,-1.108,-718.989,-1.272,446.534,-4.151,relaxed_wt_1_A_23_Y_rep4.pdb
-89.115,0.64,-1299.109,3.229,-717.86,-0.143,450.105,-0.58,relaxed_wt_1_A_33_F_rep2.pdb
-89.012,0.743,-1278.433,23.905,-718.742,-1.025,447.843,-2.842,relaxed_wt_1_A_23_V_rep1.pdb
-85.644,4.111,-1295.336,7.002,-718.206,-0.489,456.174,5.489,relaxed_wt_1_A_36_P_rep2.pdb
-89.562,0.192,-1300.869,1.469,-718.865,-1.148,447.839,-2.846,relaxed_wt_1_A_24_N_rep2.pdb
-92.048,-2.294,-1302.039,0.299,-718.185,-0.468,448.386,-2.299,relaxed_wt_1_B_56_M_rep5.pdb
-89.605,0.149,-1278.855,23.483,-718.478,-0.761,429.665,-21.02,relaxed_wt_1_B_14_Q_rep5.pdb
-90.998,-1.244,-1302.853,-0.515,-719.181,-1.465,452.746,2.061,relaxed_wt_1_B_101_W_rep5.pdb
-89.91,-0.155,-1296.093,6.245,-718.928,-1.211,454.272,3.587,relaxed_wt_1_A_37_A_rep1.pdb
-89.556,0.198,-1302.517,-0.179,-719.04,-1.324,448.58,-2.105,relaxed_wt_1_A_86_R_rep5.pdb
-89.714,0.04,-1291.631,10.707,-718.655,-0.939,459.618,8.933,relaxed_wt_1_A_76_W_rep2.pdb
-91.102,-1.347,-1300.399,1.939,-718.666,-0.95,452.766,2.081,relaxed_wt_1_A_26_G_rep4.pdb
-88.377,1.377,-1302.099,0.239,-719.176,-1.46,446.407,-4.279,relaxed_wt_1_B_101_G_rep5.pdb
-90.109,-0.354,-1282.384,19.954,-718.706,-0.989,475.278,24.593,relaxed_wt_1_A_71_P_rep4.pdb
-87.134,2.62,-1297.809,4.529,-718.462,-0.745,454.558,3.873,relaxed_wt_1_A_27_F_rep2.pdb
-87.331,2.423,-1301.554,0.784,-719.774,-2.057,447.993,-2.692,relaxed_wt_1_A_27_L_rep5.pdb
-89.509,0.245,-1299.133,3.205,-718.765,-1.049,451.657,0.971,relaxed_wt_1_A_32_C_rep3.pdb
-89.553,0.201,-1303.724,-1.386,-718.922,-1.205,444.984,-5.701,relaxed_wt_1_A_29_L_rep5.pdb
-86.602,3.152,-1298.702,3.636,-718.956,-1.239,452.939,2.254,relaxed_wt_1_B_54_G_rep3.pdb
-89.848,-0.093,-1299.948,2.39,-719.256,-1.539,450.759,0.074,relaxed_wt_1_A_34_L_rep2.pdb
-89.064,0.691,-1304.334,-1.996,-718.914,-1.198,442.999,-7.686,relaxed_wt_1_B_17_N_rep4.pdb
-89.965,-0.21,-1301.322,1.016,-718.946,-1.229,450.087,-0.598,relaxed_wt_1_B_100_D_rep3.pdb
-89.383,0.371,-1290.837,11.501,-718.881,-1.165,459.267,8.582,relaxed_wt_1_A_37_E_rep1.pdb
-89.515,0.24,-1300.918,1.42,-719.127,-1.411,447.089,-3.596,relaxed_wt_1_A_87_R_rep2.pdb
-86.713,3.041,-1305.842,-3.504,-721.647,-3.93,443.501,-7.184,relaxed_wt_1_B_54_E_rep4.pdb
-91.429,-1.675,-1251.624,50.714,-716.401,1.316,447.497,-3.188,relaxed_wt_1_B_11_F_rep5.pdb
-90.72,-0.966,-1300.861,1.477,-718.577,-0.861,451.682,0.997,relaxed_wt_1_A_26_R_rep4.pdb
-84.731,5.023,-1297.387,4.951,-718.027,-0.311,445.304,-5.381,relaxed_wt_1_A_84_V_rep2.pdb
-89.965,-0.21,-1301.322,1.016,-718.946,-1.229,450.087,-0.598,relaxed_wt_1_B_100_D_rep4.pdb
-88.678,1.076,-1299.052,3.286,-718.114,-0.397,449.074,-1.611,relaxed_wt_1_A_33_F_rep3.pdb
-86.778,2.976,-1293.418,8.92,-718.042,-0.325,456.422,5.737,relaxed_wt_1_A_75_S_rep5.pdb
-89.36,0.394,-1298.099,4.239,-718.921,-1.205,450.866,0.181,relaxed_wt_1_B_59_V_rep4.pdb
-84.966,4.788,-1294.588,7.75,-718.004,-0.287,455.505,4.82,relaxed_wt_1_A_84_Q_rep5.pdb
-89.659,0.096,-1304.41,-2.072,-718.782,-1.065,447.268,-3.417,relaxed_wt_1_B_12_T_rep2.pdb
-90.164,-0.41,-1304.802,-2.464,-718.869,-1.152,446.393,-4.292,relaxed_wt_1_A_79_Q_rep3.pdb
-88.866,0.889,-1301.128,1.21,-718.945,-1.228,448.49,-2.195,relaxed_wt_1_B_102_D_rep1.pdb
-89.782,-0.027,-1302.041,0.297,-718.846,-1.13,447.809,-2.876,relaxed_wt_1_A_24_F_rep1.pdb
-89.227,0.527,-1301.371,0.967,-719.137,-1.42,451.834,1.149,relaxed_wt_1_A_29_Y_rep2.pdb
-91.841,-2.087,-1302.333,0.005,-717.282,0.434,445.086,-5.599,relaxed_wt_1_A_36_L_rep3.pdb
-89.601,0.153,-1297.318,5.02,-718.993,-1.276,453.428,2.743,relaxed_wt_1_A_25_T_rep3.pdb
-89.628,0.127,-1303.942,-1.604,-718.913,-1.196,447.803,-2.882,relaxed_wt_1_A_76_E_rep4.pdb
-89.059,0.695,-1292.709,9.629,-718.412,-0.695,458.063,7.378,relaxed_wt_1_A_76_F_rep4.pdb
-89.756,-0.002,-1301.832,0.506,-718.659,-0.942,449.66,-1.025,relaxed_wt_1_B_98_M_rep5.pdb
-89.337,0.417,-1283.742,18.596,-717.946,-0.229,471.521,20.836,relaxed_wt_1_A_39_F_rep1.pdb
-89.508,0.246,-1299.903,2.435,-718.023,-0.306,453.841,3.156,relaxed_wt_1_A_74_E_rep3.pdb
-89.557,0.197,-1295.667,6.671,-718.831,-1.114,455.347,4.662,relaxed_wt_1_A_83_G_rep2.pdb
-89.477,0.278,-1303.084,-0.746,-719.013,-1.296,447.149,-3.537,relaxed_wt_1_A_29_E_rep3.pdb
-87.431,2.323,-1300.546,1.792,-717.673,0.044,448.571,-2.114,relaxed_wt_1_A_73_A_rep3.pdb
-83.888,5.867,-1293.298,9.039,-718.031,-0.314,450.489,-0.196,relaxed_wt_1_A_84_S_rep5.pdb
-89.577,0.177,-1302.37,-0.032,-719.031,-1.314,448.155,-2.53,relaxed_wt_1_A_74_T_rep3.pdb
-91.285,-1.531,-1302.24,0.098,-718.575,-0.858,448.127,-2.558,relaxed_wt_1_A_36_V_rep4.pdb
-89.239,0.516,-1301.097,1.241,-719.147,-1.43,449.652,-1.033,relaxed_wt_1_A_29_F_rep5.pdb
-86.88,2.874,-1301.82,0.518,-719.007,-1.29,447.607,-3.078,relaxed_wt_1_A_38_F_rep1.pdb
-88.0,1.755,-1302.387,-0.049,-721.775,-4.058,448.598,-2.087,relaxed_wt_1_A_26_A_rep5.pdb
-84.195,5.56,-1300.291,2.047,-718.05,-0.333,450.415,-0.271,relaxed_wt_1_A_35_H_rep4.pdb
-85.413,4.341,-1299.711,2.627,-718.334,-0.618,444.206,-6.479,relaxed_wt_1_A_77_H_rep3.pdb
-85.61,4.144,-1295.741,6.597,-718.85,-1.134,456.585,5.899,relaxed_wt_1_A_40_C_rep3.pdb
-86.36,3.394,-1300.767,1.571,-718.652,-0.935,450.331,-0.354,relaxed_wt_1_A_38_Q_rep3.pdb
-89.61,0.144,-1303.674,-1.336,-718.665,-0.948,443.313,-7.372,relaxed_wt_1_B_101_L_rep2.pdb
-87.463,2.292,-1230.595,71.743,-717.868,-0.152,505.082,54.397,relaxed_wt_1_A_72_P_rep1.pdb
-88.708,1.046,-1076.043,226.295,-717.309,0.408,605.414,154.729,relaxed_wt_1_B_11_W_rep2.pdb
-88.186,1.568,-1294.261,8.077,-718.19,-0.473,460.075,9.39,relaxed_wt_1_A_75_M_rep1.pdb
-87.74,2.014,-1299.031,3.307,-718.916,-1.199,449.822,-0.863,relaxed_wt_1_A_85_E_rep5.pdb
-90.114,-0.36,-1303.174,-0.836,-718.964,-1.247,448.437,-2.248,relaxed_wt_1_A_78_H_rep4.pdb
-89.677,0.078,-1300.996,1.342,-718.705,-0.988,445.881,-4.804,relaxed_wt_1_A_29_H_rep4.pdb
-89.618,0.136,-1293.804,8.534,-718.594,-0.877,458.044,7.359,relaxed_wt_1_A_37_L_rep2.pdb
-89.804,-0.05,-1295.679,6.659,-718.999,-1.283,454.64,3.955,relaxed_wt_1_A_37_C_rep3.pdb
-89.296,0.458,-1248.469,53.869,-718.643,-0.927,496.844,46.159,relaxed_wt_1_A_72_R_rep3.pdb
-90.134,-0.38,-1282.859,19.479,-718.747,-1.03,477.043,26.358,relaxed_wt_1_A_71_P_rep5.pdb
-89.275,0.479,-1292.705,9.633,-718.434,-0.718,460.741,10.056,relaxed_wt_1_A_76_Y_rep4.pdb
-90.493,-0.739,-1302.371,-0.034,-718.9,-1.183,448.274,-2.411,relaxed_wt_1_B_101_C_rep4.pdb
-89.892,-0.137,-1301.612,0.725,-718.093,-0.377,448.492,-2.193,relaxed_wt_1_A_83_Y_rep3.pdb
-86.802,2.952,-1291.794,10.544,-715.268,2.448,459.511,8.826,relaxed_wt_1_A_84_W_rep3.pdb
-89.72,0.034,-1303.113,-0.775,-718.88,-1.163,446.46,-4.225,relaxed_wt_1_A_74_M_rep2.pdb
-89.797,-0.043,-1302.976,-0.638,-718.847,-1.131,454.846,4.161,relaxed_wt_1_B_13_L_rep5.pdb
-90.978,-1.224,-1289.866,12.472,-718.102,-0.385,461.564,10.878,relaxed_wt_1_A_79_I_rep5.pdb
-89.658,0.096,-1303.209,-0.871,-718.697,-0.98,447.168,-3.517,relaxed_wt_1_B_101_I_rep3.pdb
-91.506,-1.752,-1300.794,1.543,-718.443,-0.726,450.02,-0.665,relaxed_wt_1_B_58_H_rep3.pdb
-90.421,-0.666,-1303.58,-1.242,-718.368,-0.651,447.366,-3.319,relaxed_wt_1_B_101_E_rep2.pdb
-89.414,0.34,-1299.854,2.484,-718.722,-1.005,451.614,0.929,relaxed_wt_1_A_30_T_rep3.pdb
-89.573,0.181,-1302.302,0.036,-718.947,-1.23,447.989,-2.696,relaxed_wt_1_A_71_K_rep3.pdb
-91.125,-1.37,-1304.601,-2.263,-718.792,-1.075,445.944,-4.741,relaxed_wt_1_B_57_K_rep1.pdb
-90.292,-0.538,-1266.175,36.163,-716.948,0.769,461.529,10.844,relaxed_wt_1_B_11_I_rep5.pdb
-82.337,7.417,-1292.515,9.823,-717.936,-0.219,451.485,0.8,relaxed_wt_1_A_84_A_rep3.pdb
-87.611,2.143,-1302.96,-0.623,-719.069,-1.353,445.468,-5.217,relaxed_wt_1_A_81_T_rep2.pdb
-81.676,8.078,-1297.962,4.376,-718.923,-1.206,450.889,0.204,relaxed_wt_1_A_38_E_rep2.pdb
-90.157,-0.403,-1303.621,-1.283,-718.905,-1.188,447.983,-2.702,relaxed_wt_1_A_78_S_rep1.pdb
-87.774,1.981,-1303.136,-0.798,-720.049,-2.332,462.054,11.368,relaxed_wt_1_B_54_Y_rep4.pdb
-89.551,0.203,-1303.758,-1.42,-719.026,-1.31,446.763,-3.922,relaxed_wt_1_A_23_Q_rep3.pdb
-88.553,1.201,-1302.031,0.307,-719.216,-1.499,447.06,-3.625,relaxed_wt_1_B_57_S_rep5.pdb
-89.599,0.155,-1301.891,0.447,-718.897,-1.18,450.403,-0.282,relaxed_wt_1_B_12_W_rep4.pdb
-91.12,-1.365,-1303.481,-1.143,-718.527,-0.81,444.295,-6.39,relaxed_wt_1_B_56_L_rep5.pdb
-89.14,0.615,-1304.146,-1.808,-718.799,-1.082,445.946,-4.739,relaxed_wt_1_A_77_V_rep2.pdb
-89.376,0.378,-1286.019,16.319,-718.894,-1.178,400.138,-50.547,relaxed_wt_1_B_14_T_rep4.pdb
-89.796,-0.041,-1302.342,-0.004,-718.911,-1.194,447.77,-2.915,relaxed_wt_1_B_56_T_rep3.pdb
-89.654,0.1,-1303.034,-0.696,-718.754,-1.037,446.159,-4.526,relaxed_wt_1_B_13_M_rep5.pdb
-89.928,-0.174,-1301.103,1.235,-718.047,-0.33,447.96,-2.725,relaxed_wt_1_A_83_Y_rep5.pdb
-89.55,0.204,-1292.631,9.707,-718.664,-0.948,445.376,-5.309,relaxed_wt_1_A_72_I_rep3.pdb
-86.303,3.451,-1300.486,1.852,-718.121,-0.404,447.329,-3.356,relaxed_wt_1_A_77_Y_rep5.pdb
-91.409,-1.655,-1304.67,-2.332,-719.586,-1.87,448.962,-1.723,relaxed_wt_1_A_36_A_rep5.pdb
-89.547,0.207,-1299.857,2.481,-718.934,-1.217,453.55,2.864,relaxed_wt_1_A_21_K_rep1.pdb
-89.727,0.027,-1304.219,-1.881,-718.838,-1.122,446.173,-4.512,relaxed_wt_1_B_12_D_rep2.pdb
-89.043,0.712,-1303.546,-1.208,-719.031,-1.314,446.824,-3.861,relaxed_wt_1_B_101_A_rep1.pdb
-89.602,0.152,-1302.559,-0.221,-718.938,-1.221,450.401,-0.284,relaxed_wt_1_A_34_C_rep3.pdb
-90.18,-0.425,-1295.34,6.998,-719.099,-1.383,453.221,2.536,relaxed_wt_1_A_37_T_rep1.pdb
-89.668,0.086,-1296.753,5.585,-718.881,-1.164,451.847,1.162,relaxed_wt_1_B_17_V_rep2.pdb
-89.479,0.275,-1302.728,-0.39,-718.718,-1.001,446.847,-3.838,relaxed_wt_1_B_102_I_rep5.pdb
-89.523,0.231,-1299.068,3.269,-718.904,-1.187,451.766,1.081,relaxed_wt_1_A_29_R_rep3.pdb
-90.21,-0.456,-1301.099,1.239,-718.721,-1.005,449.419,-1.266,relaxed_wt_1_A_24_K_rep5.pdb
-89.557,0.197,-1299.852,2.486,-718.94,-1.223,453.242,2.557,relaxed_wt_1_A_21_K_rep3.pdb
-90.132,-0.377,-1298.649,3.689,-718.986,-1.269,453.757,3.072,relaxed_wt_1_B_100_W_rep4.pdb
-89.558,0.196,-1301.422,0.916,-719.041,-1.324,452.976,2.29,relaxed_wt_1_A_22_Q_rep2.pdb
-88.464,1.29,-1297.033,5.304,-718.305,-0.588,454.945,4.26,relaxed_wt_1_A_78_P_rep3.pdb
-88.026,1.728,-1302.642,-0.305,-718.451,-0.734,442.965,-7.72,relaxed_wt_1_B_56_D_rep5.pdb
-89.533,0.221,-1304.127,-1.789,-718.913,-1.196,443.992,-6.693,relaxed_wt_1_B_101_T_rep5.pdb
-87.654,2.1,-1299.588,2.75,-717.762,-0.045,454.662,3.977,relaxed_wt_1_A_36_H_rep5.pdb
-88.565,1.189,-1299.951,2.386,-718.896,-1.179,451.252,0.567,relaxed_wt_1_A_85_M_rep2.pdb
-89.633,0.121,-1297.171,5.167,-718.89,-1.173,454.171,3.486,relaxed_wt_1_A_25_T_rep4.pdb
-90.195,-0.441,-1301.357,0.98,-718.965,-1.248,448.733,-1.952,relaxed_wt_1_B_98_V_rep4.pdb
-89.639,0.115,-1301.644,0.694,-718.755,-1.039,451.551,0.866,relaxed_wt_1_A_21_S_rep2.pdb
-89.432,0.323,-1298.095,4.243,-719.027,-1.311,450.532,-0.153,relaxed_wt_1_A_29_G_rep5.pdb
-89.184,0.57,-1298.677,3.661,-718.98,-1.263,452.08,1.395,relaxed_wt_1_B_100_I_rep4.pdb
-89.567,0.187,-1289.927,12.411,-718.944,-1.227,457.409,6.724,relaxed_wt_1_A_72_D_rep2.pdb
-89.708,0.046,-1303.661,-1.323,-719.342,-1.625,442.949,-7.736,relaxed_wt_1_B_17_G_rep5.pdb
-90.056,-0.302,-1303.544,-1.206,-718.866,-1.149,447.861,-2.824,relaxed_wt_1_A_78_L_rep5.pdb
-84.174,5.58,-1296.861,5.477,-717.146,0.57,453.353,2.668,relaxed_wt_1_A_40_R_rep4.pdb
-89.686,0.068,-1303.957,-1.619,-718.448,-0.731,443.164,-7.521,relaxed_wt_1_A_73_M_rep2.pdb
-82.936,6.818,-1293.059,9.278,-717.306,0.411,454.72,4.035,relaxed_wt_1_A_38_R_rep4.pdb
-86.493,3.262,-1298.089,4.249,-717.712,0.005,446.848,-3.837,relaxed_wt_1_A_33_D_rep2.pdb
-82.025,7.729,-1294.053,8.285,-716.807,0.909,451.266,0.58,relaxed_wt_1_A_40_K_rep2.pdb
-89.531,0.223,-1297.923,4.414,-718.855,-1.139,455.636,4.951,relaxed_wt_1_A_22_K_rep3.pdb
-89.575,0.18,-1303.731,-1.393,-718.878,-1.162,446.6,-4.085,relaxed_wt_1_A_32_R_rep5.pdb
-88.44,1.314,-1299.25,3.088,-718.877,-1.16,449.987,-0.698,relaxed_wt_1_A_82_S_rep1.pdb
-88.788,0.966,-1297.751,4.587,-718.757,-1.04,447.76,-2.925,relaxed_wt_1_A_75_C_rep2.pdb
-89.556,0.198,-1296.923,5.415,-718.945,-1.229,453.947,3.262,relaxed_wt_1_A_39_S_rep2.pdb
-86.341,3.414,-1285.528,16.81,-716.935,0.782,433.097,-17.589,relaxed_wt_1_B_13_W_rep5.pdb
-88.495,1.259,-1290.763,11.575,-716.261,1.456,473.118,22.433,relaxed_wt_1_A_41_Y_rep5.pdb
-89.545,0.209,-1299.82,2.518,-718.922,-1.205,451.539,0.854,relaxed_wt_1_A_21_R_rep5.pdb
-89.567,0.187,-1292.586,9.752,-719.054,-1.337,459.36,8.675,relaxed_wt_1_A_37_K_rep1.pdb
-90.059,-0.305,-1291.757,10.581,-718.351,-0.634,464.221,13.536,relaxed_wt_1_A_31_F_rep1.pdb
-90.657,-0.903,-1301.698,0.64,-719.002,-1.285,450.313,-0.372,relaxed_wt_1_A_26_W_rep2.pdb
-75.872,13.882,-1222.392,79.946,-718.127,-0.41,530.458,79.773,relaxed_wt_1_A_40_P_rep1.pdb
-88.329,1.425,-1299.631,2.707,-718.785,-1.068,450.324,-0.361,relaxed_wt_1_A_82_S_rep4.pdb
-89.273,0.481,-1285.188,17.15,-718.074,-0.357,466.872,16.187,relaxed_wt_1_A_37_R_rep3.pdb
-87.008,2.746,-1297.841,4.497,-718.003,-0.287,443.199,-7.486,relaxed_wt_1_B_15_G_rep2.pdb
-88.906,0.848,-1301.895,0.443,-718.194,-0.477,450.898,0.213,relaxed_wt_1_A_35_M_rep5.pdb
-90.045,-0.291,-1301.058,1.28,-719.12,-1.403,448.784,-1.901,relaxed_wt_1_A_26_M_rep1.pdb
-89.979,-0.225,-1301.465,0.873,-719.039,-1.322,448.753,-1.932,relaxed_wt_1_A_78_C_rep2.pdb
-90.915,-1.16,-1291.495,10.843,-717.067,0.65,463.07,12.385,relaxed_wt_1_A_30_W_rep3.pdb
-89.132,0.623,-1302.777,-0.439,-718.983,-1.266,449.175,-1.51,relaxed_wt_1_A_37_Y_rep2.pdb
-89.587,0.167,-1305.019,-2.681,-718.807,-1.091,446.442,-4.243,relaxed_wt_1_B_12_L_rep3.pdb
-89.864,-0.109,-1294.248,8.09,-718.88,-1.163,457.846,7.161,relaxed_wt_1_A_31_M_rep5.pdb
-89.591,0.164,-1279.703,22.635,-718.888,-1.171,463.916,13.231,relaxed_wt_1_B_11_C_rep4.pdb
-89.091,0.663,-1303.538,-1.2,-718.861,-1.144,446.636,-4.049,relaxed_wt_1_B_98_N_rep3.pdb
-89.52,0.234,-1302.245,0.093,-718.534,-0.817,448.47,-2.216,relaxed_wt_1_A_80_Q_rep1.pdb
-83.869,5.885,-1299.303,3.035,-718.813,-1.097,446.986,-3.699,relaxed_wt_1_A_38_N_rep3.pdb
-89.684,0.07,-1296.65,5.688,-717.743,-0.026,452.823,2.138,relaxed_wt_1_A_25_M_rep5.pdb
-89.406,0.349,-1302.371,-0.033,-718.875,-1.159,449.003,-1.682,relaxed_wt_1_B_100_F_rep3.pdb
-89.518,0.236,-1304.345,-2.007,-718.917,-1.2,446.16,-4.525,relaxed_wt_1_A_71_V_rep4.pdb
-89.711,0.044,-1298.616,3.722,-718.939,-1.223,449.188,-1.497,relaxed_wt_1_A_25_M_rep1.pdb
-85.35,4.404,-1297.52,4.818,-718.391,-0.675,458.742,8.057,relaxed_wt_1_A_27_W_rep4.pdb
-90.416,-0.662,-1302.953,-0.615,-718.513,-0.797,449.668,-1.017,relaxed_wt_1_B_102_S_rep1.pdb
-89.5,0.254,-1280.344,21.994,-718.785,-1.069,473.439,22.754,relaxed_wt_1_A_72_E_rep5.pdb
-90.493,-0.739,-1301.575,0.762,-718.601,-0.885,448.976,-1.709,relaxed_wt_1_A_32_V_rep4.pdb
-89.485,0.269,-1303.756,-1.418,-718.902,-1.185,446.293,-4.392,relaxed_wt_1_A_24_E_rep3.pdb
-88.06,1.694,-1300.604,1.734,-719.136,-1.419,447.051,-3.634,relaxed_wt_1_A_81_M_rep2.pdb
-89.623,0.131,-1295.134,7.204,-718.858,-1.141,457.446,6.761,relaxed_wt_1_B_12_P_rep4.pdb
-89.475,0.279,-1304.33,-1.992,-718.905,-1.188,447.192,-3.493,relaxed_wt_1_B_98_S_rep3.pdb
-89.791,-0.036,-1300.993,1.345,-718.893,-1.176,452.737,2.052,relaxed_wt_1_A_24_L_rep3.pdb
-89.522,0.233,-1302.217,0.121,-718.836,-1.119,447.717,-2.968,relaxed_wt_1_A_21_D_rep2.pdb
-89.443,0.311,-1300.403,1.935,-718.935,-1.218,448.773,-1.912,relaxed_wt_1_A_23_A_rep3.pdb
-89.182,0.572,-1298.841,3.497,-719.146,-1.429,451.584,0.899,relaxed_wt_1_A_29_W_rep1.pdb
-89.523,0.231,-1298.56,3.778,-718.911,-1.195,450.475,-0.21,relaxed_wt_1_A_23_M_rep4.pdb
-89.555,0.199,-1296.817,5.521,-718.992,-1.275,461.902,11.217,relaxed_wt_1_A_22_G_rep3.pdb
-91.19,-1.435,-1283.888,18.45,-717.059,0.658,469.631,18.946,relaxed_wt_1_B_11_V_rep5.pdb
-89.497,0.257,-1298.44,3.898,-718.955,-1.238,453.229,2.544,relaxed_wt_1_A_39_C_rep1.pdb
-91.857,-2.103,-1302.148,0.19,-718.118,-0.401,448.51,-2.176,relaxed_wt_1_B_98_H_rep5.pdb
-89.529,0.225,-1301.045,1.293,-718.969,-1.252,450.556,-0.129,relaxed_wt_1_B_102_H_rep1.pdb
-91.802,-2.048,-1301.541,0.797,-716.821,0.896,447.972,-2.713,relaxed_wt_1_A_36_L_rep5.pdb
-91.598,-1.843,-1301.88,0.458,-718.255,-0.538,447.854,-2.831,relaxed_wt_1_B_56_M_rep4.pdb
-82.457,7.297,-1292.216,10.122,-716.735,0.982,447.626,-3.059,relaxed_wt_1_A_84_P_rep3.pdb
-89.403,0.351,-1301.705,0.633,-718.592,-0.875,447.18,-3.505,relaxed_wt_1_A_36_R_rep5.pdb
-90.416,-0.662,-1302.953,-0.615,-718.513,-0.797,449.668,-1.017,relaxed_wt_1_B_102_S_rep3.pdb
-89.918,-0.163,-1239.539,62.798,-718.549,-0.832,234.902,-215.783,relaxed_wt_1_A_22_W_rep1.pdb
-88.42,1.334,-1300.149,2.188,-718.796,-1.079,450.825,0.14,relaxed_wt_1_A_85_Q_rep5.pdb
-87.913,1.841,-1303.83,-1.493,-718.384,-0.668,446.485,-4.201,relaxed_wt_1_A_77_F_rep3.pdb
-90.832,-1.078,-1299.73,2.607,-718.107,-0.39,453.5,2.815,relaxed_wt_1_A_78_W_rep5.pdb
-84.93,4.825,-1294.435,7.903,-717.932,-0.215,455.808,5.123,relaxed_wt_1_A_84_Q_rep1.pdb
-86.363,3.391,-1298.233,4.104,-720.019,-2.302,449.99,-0.695,relaxed_wt_1_A_27_G_rep3.pdb
-89.329,0.425,-1301.708,0.63,-718.988,-1.271,450.894,0.209,relaxed_wt_1_B_102_Q_rep2.pdb
-87.071,2.683,-1306.707,-4.369,-718.851,-1.135,442.15,-8.535,relaxed_wt_1_B_101_P_rep2.pdb
-89.733,0.021,-1294.083,8.254,-719.049,-1.332,450.291,-0.394,relaxed_wt_1_A_29_V_rep3.pdb
-88.479,1.275,-1301.305,1.032,-719.522,-1.806,447.545,-3.14,relaxed_wt_1_A_81_A_rep2.pdb
-89.827,-0.072,-1301.344,0.994,-718.827,-1.11,445.767,-4.918,relaxed_wt_1_A_24_I_rep3.pdb
-89.44,0.314,-1302.985,-0.647,-718.9,-1.184,446.528,-4.157,relaxed_wt_1_A_79_A_rep2.pdb
-90.373,-0.619,-1303.691,-1.353,-718.783,-1.066,448.464,-2.221,relaxed_wt_1_A_78_S_rep2.pdb
-90.355,-0.601,-1300.342,1.996,-717.446,0.271,454.98,4.295,relaxed_wt_1_A_33_Y_rep3.pdb
-89.569,0.185,-1304.505,-2.167,-718.957,-1.24,445.899,-4.786,relaxed_wt_1_A_29_Q_rep5.pdb
-89.72,0.034,-1300.243,2.095,-718.828,-1.111,450.566,-0.119,relaxed_wt_1_A_79_Y_rep2.pdb
-88.297,1.457,-1287.473,14.865,-718.803,-1.087,464.686,14.001,relaxed_wt_1_A_37_W_rep3.pdb
-93.117,-3.363,-1305.302,-2.964,-718.787,-1.071,448.85,-1.835,relaxed_wt_1_B_57_Y_rep1.pdb
-89.716,0.038,-1296.234,6.104,-718.936,-1.219,454.626,3.941,relaxed_wt_1_A_74_G_rep2.pdb
-85.388,4.366,-1299.834,2.503,-719.113,-1.396,445.078,-5.607,relaxed_wt_1_B_15_T_rep1.pdb
-89.622,0.133,-1301.21,1.128,-718.794,-1.078,450.509,-0.176,relaxed_wt_1_A_83_S_rep4.pdb
-91.324,-1.57,-1281.164,21.174,-716.797,0.92,471.545,20.86,relaxed_wt_1_B_14_H_rep5.pdb
-89.273,0.481,-1293.039,9.299,-718.411,-0.694,459.392,8.707,relaxed_wt_1_A_76_Y_rep3.pdb
-88.33,1.425,-1299.832,2.506,-719.247,-1.53,448.288,-2.397,relaxed_wt_1_A_81_L_rep3.pdb
-87.767,1.988,-1300.046,2.292,-719.013,-1.297,448.682,-2.003,relaxed_wt_1_B_15_Q_rep1.pdb
-89.615,0.139,-1302.503,-0.165,-718.691,-0.974,449.32,-1.365,relaxed_wt_1_A_23_W_rep3.pdb
-89.774,-0.02,-1300.923,1.415,-718.843,-1.126,447.356,-3.329,relaxed_wt_1_A_24_D_rep1.pdb
-88.918,0.836,-1300.662,1.675,-719.218,-1.501,453.149,2.464,relaxed_wt_1_A_71_R_rep3.pdb
-84.211,5.544,-1290.306,12.032,-718.17,-0.453,467.995,17.31,relaxed_wt_1_A_41_M_rep4.pdb
-91.914,-2.159,-1303.974,-1.636,-718.352,-0.635,449.13,-1.555,relaxed_wt_1_B_101_Q_rep5.pdb
-89.566,0.188,-1304.808,-2.47,-718.89,-1.173,445.428,-5.257,relaxed_wt_1_B_12_K_rep3.pdb
-89.725,0.029,-1301.422,0.916,-718.791,-1.074,453.112,2.427,relaxed_wt_1_A_71_M_rep5.pdb
-90.295,-0.541,-1300.334,2.004,-718.76,-1.043,450.978,0.293,relaxed_wt_1_B_102_P_rep4.pdb
-91.864,-2.109,-1301.002,1.336,-717.116,0.601,446.887,-3.798,relaxed_wt_1_B_102_K_rep2.pdb
-89.531,0.223,-1304.171,-1.833,-718.863,-1.146,444.994,-5.691,relaxed_wt_1_A_29_L_rep3.pdb
-89.445,0.309,-1299.715,2.623,-718.828,-1.112,447.415,-3.27,relaxed_wt_1_A_22_D_rep3.pdb
-89.717,0.037,-1289.012,13.326,-718.931,-1.214,461.74,11.055,relaxed_wt_1_A_31_V_rep5.pdb
-86.733,3.021,-1292.988,9.35,-718.158,-0.442,455.352,4.667,relaxed_wt_1_A_75_A_rep3.pdb
-89.573,0.182,-1301.787,0.55,-719.04,-1.324,448.265,-2.42,relaxed_wt_1_A_78_M_rep4.pdb
-89.577,0.177,-1300.659,1.679,-718.873,-1.156,448.605,-2.08,relaxed_wt_1_A_86_G_rep4.pdb
-90.208,-0.454,-1295.483,6.855,-719.064,-1.348,453.282,2.597,relaxed_wt_1_A_37_T_rep4.pdb
-86.851,2.903,-1301.827,0.511,-719.663,-1.946,452.17,1.485,relaxed_wt_1_A_27_L_rep3.pdb
-89.178,0.576,-1294.949,7.389,-718.389,-0.672,456.751,6.066,relaxed_wt_1_A_74_H_rep2.pdb
-89.46,0.294,-1296.897,5.441,-719.32,-1.603,455.794,5.109,relaxed_wt_1_B_59_G_rep2.pdb
-89.999,-0.245,-1304.073,-1.735,-718.5,-0.783,442.115,-8.57,relaxed_wt_1_A_81_H_rep5.pdb
-89.575,0.179,-1303.975,-1.637,-718.884,-1.168,444.364,-6.321,relaxed_wt_1_A_86_H_rep2.pdb
-89.939,-0.184,-1301.696,0.642,-718.773,-1.057,444.816,-5.869,relaxed_wt_1_A_24_F_rep3.pdb
-89.316,0.438,-1282.879,19.459,-718.883,-1.166,470.803,20.118,relaxed_wt_1_B_11_P_rep4.pdb
-89.578,0.176,-1304.193,-1.856,-718.964,-1.247,446.923,-3.762,relaxed_wt_1_A_23_F_rep4.pdb
-88.678,1.076,-1283.15,19.188,-718.078,-0.361,468.071,17.386,relaxed_wt_1_A_39_F_rep5.pdb
-84.031,5.723,-1291.447,10.891,-719.087,-1.371,452.55,1.865,relaxed_wt_1_A_77_G_rep4.pdb
-89.582,0.173,-1302.644,-0.306,-718.918,-1.202,449.529,-1.156,relaxed_wt_1_A_86_N_rep2.pdb
-89.397,0.357,-1301.434,0.903,-718.8,-1.084,450.13,-0.555,relaxed_wt_1_A_83_H_rep4.pdb
-89.713,0.041,-1295.993,6.345,-718.896,-1.179,454.424,3.739,relaxed_wt_1_A_25_C_rep4.pdb
-91.82,-2.066,-1279.815,22.523,-716.917,0.8,423.384,-27.301,relaxed_wt_1_B_14_Q_rep1.pdb
-83.518,6.236,-1297.907,4.431,-718.404,-0.688,455.382,4.697,relaxed_wt_1_A_40_A_rep3.pdb
-89.791,-0.037,-1295.915,6.422,-718.512,-0.795,455.982,5.296,relaxed_wt_1_A_31_L_rep2.pdb
-88.88,0.874,-1299.331,3.007,-718.951,-1.234,449.738,-0.947,relaxed_wt_1_B_58_A_rep2.pdb
-91.623,-1.869,-1052.029,250.308,-717.115,0.602,697.567,246.882,relaxed_wt_1_B_17_P_rep5.pdb
-89.531,0.223,-1301.085,1.253,-718.956,-1.239,449.565,-1.12,relaxed_wt_1_A_86_G_rep3.pdb
-85.447,4.308,-1299.927,2.411,-717.651,0.065,445.37,-5.315,relaxed_wt_1_A_73_T_rep2.pdb
-90.326,-0.572,-1302.937,-0.599,-718.107,-0.391,447.502,-3.183,relaxed_wt_1_A_33_R_rep1.pdb
-81.112,8.643,-1295.579,6.759,-718.221,-0.504,450.199,-0.486,relaxed_wt_1_A_40_K_rep1.pdb
-90.191,-0.436,-1299.684,2.654,-718.492,-0.776,449.791,-0.894,relaxed_wt_1_A_34_L_rep3.pdb
-89.568,0.186,-1300.221,2.117,-718.894,-1.178,456.035,5.35,relaxed_wt_1_A_22_E_rep2.pdb
-91.882,-2.128,-1304.652,-2.315,-718.489,-0.772,455.98,5.295,relaxed_wt_1_B_54_L_rep1.pdb
-90.024,-0.27,-1292.051,10.287,-719.167,-1.45,458.741,8.056,relaxed_wt_1_A_37_Q_rep1.pdb
-86.742,3.012,-1300.759,1.579,-717.905,-0.188,456.054,5.369,relaxed_wt_1_A_40_M_rep1.pdb
-89.425,0.329,-1303.979,-1.641,-718.822,-1.106,446.236,-4.449,relaxed_wt_1_B_59_E_rep1.pdb
-86.23,3.524,-1299.866,2.471,-719.532,-1.815,448.753,-1.932,relaxed_wt_1_A_80_S_rep3.pdb
-87.695,2.059,-1305.527,-3.189,-721.82,-4.103,445.758,-4.927,relaxed_wt_1_A_28_E_rep5.pdb
-87.679,2.076,-1306.085,-3.747,-721.354,-3.637,444.108,-6.577,relaxed_wt_1_A_28_S_rep4.pdb
-89.315,0.439,-1303.066,-0.729,-719.076,-1.359,448.348,-2.337,relaxed_wt_1_B_102_C_rep2.pdb
-89.321,0.433,-1307.123,-4.785,-718.656,-0.939,444.821,-5.864,relaxed_wt_1_B_101_P_rep5.pdb
-90.186,-0.432,-1298.917,3.421,-718.708,-0.992,451.217,0.532,relaxed_wt_1_A_39_L_rep1.pdb
-86.43,3.324,-1298.66,3.678,-718.552,-0.836,449.199,-1.487,relaxed_wt_1_A_35_G_rep1.pdb
-83.593,6.161,-1297.676,4.662,-719.334,-1.618,458.178,7.493,relaxed_wt_1_A_40_S_rep3.pdb
-85.476,4.278,-1297.049,5.288,-718.351,-0.634,456.205,5.52,relaxed_wt_1_A_77_W_rep1.pdb
-89.466,0.288,-1295.207,7.131,-718.953,-1.236,454.957,4.272,relaxed_wt_1_A_71_L_rep5.pdb
-89.586,0.169,-1304.19,-1.852,-718.971,-1.254,447.022,-3.663,relaxed_wt_1_A_71_Q_rep5.pdb
-89.006,0.748,-1302.913,-0.575,-719.258,-1.541,447.707,-2.978,relaxed_wt_1_A_86_E_rep4.pdb
-85.674,4.08,-1262.202,40.136,-718.572,-0.856,481.5,30.815,relaxed_wt_1_A_83_P_rep2.pdb
-86.784,2.97,-1293.458,8.88,-715.131,2.585,455.771,5.086,relaxed_wt_1_A_36_W_rep2.pdb
-89.222,0.533,-1296.84,5.498,-719.026,-1.309,452.746,2.061,relaxed_wt_1_A_28_I_rep5.pdb
-89.897,-0.143,-1295.734,6.604,-718.126,-0.409,452.98,2.295,relaxed_wt_1_B_58_K_rep2.pdb
-89.559,0.195,-1299.537,2.801,-718.761,-1.045,450.516,-0.169,relaxed_wt_1_B_59_N_rep5.pdb
-89.033,0.721,-1301.007,1.331,-718.912,-1.196,451.03,0.345,relaxed_wt_1_B_13_R_rep4.pdb
-89.723,0.031,-1303.236,-0.898,-718.928,-1.211,448.054,-2.631,relaxed_wt_1_B_58_I_rep3.pdb
-89.213,0.541,-1295.976,6.362,-719.132,-1.415,453.442,2.757,relaxed_wt_1_A_33_I_rep2.pdb
-89.905,-0.151,-1275.772,26.566,-718.179,-0.462,458.323,7.638,relaxed_wt_1_A_72_K_rep3.pdb
-89.586,0.169,-1300.739,1.599,-718.89,-1.174,450.501,-0.184,relaxed_wt_1_A_72_T_rep2.pdb
-92.418,-2.664,-1307.384,-5.046,-718.095,-0.378,438.721,-11.964,relaxed_wt_1_B_17_D_rep5.pdb
-87.859,1.896,-1301.034,1.303,-718.958,-1.241,447.598,-3.087,relaxed_wt_1_A_26_L_rep5.pdb
-89.459,0.295,-1304.087,-1.75,-718.84,-1.123,447.512,-3.173,relaxed_wt_1_B_58_V_rep2.pdb
-89.425,0.33,-1301.029,1.309,-718.705,-0.988,450.151,-0.534,relaxed_wt_1_A_87_C_rep1.pdb
-89.798,-0.043,-1300.777,1.561,-718.864,-1.148,450.047,-0.638,relaxed_wt_1_A_24_P_rep2.pdb
-89.434,0.32,-1301.23,1.108,-719.022,-1.305,449.197,-1.488,relaxed_wt_1_A_29_T_rep1.pdb
-90.037,-0.283,-1301.482,0.855,-717.046,0.671,453.574,2.889,relaxed_wt_1_A_36_Y_rep4.pdb
-89.457,0.297,-1301.535,0.803,-717.91,-0.193,449.3,-1.385,relaxed_wt_1_A_80_Y_rep3.pdb
-89.771,-0.017,-1303.04,-0.702,-719.094,-1.377,450.426,-0.259,relaxed_wt_1_A_74_Q_rep1.pdb
-89.312,0.442,-1299.534,2.804,-718.916,-1.199,452.723,2.038,relaxed_wt_1_A_71_W_rep4.pdb
-91.622,-1.867,-1278.718,23.62,-716.804,0.912,421.324,-29.361,relaxed_wt_1_B_14_Q_rep4.pdb
-88.361,1.393,-1300.251,2.087,-718.019,-0.302,450.706,0.021,relaxed_wt_1_A_81_N_rep3.pdb
-89.542,0.213,-1302.225,0.113,-718.896,-1.179,448.107,-2.578,relaxed_wt_1_A_83_Q_rep3.pdb
-85.873,3.881,-1159.463,142.875,-717.417,0.3,570.294,119.609,relaxed_wt_1_A_73_P_rep4.pdb
-91.628,-1.873,-1298.281,4.057,-717.9,-0.183,457.861,7.176,relaxed_wt_1_B_98_W_rep5.pdb
-91.75,-1.996,-1302.045,0.293,-718.216,-0.5,450.84,0.155,relaxed_wt_1_B_56_M_rep1.pdb
-90.293,-0.538,-1291.905,10.433,-718.097,-0.38,438.53,-12.155,relaxed_wt_1_A_30_Y_rep5.pdb
-88.364,1.39,-1303.079,-0.741,-718.786,-1.069,443.515,-7.17,relaxed_wt_1_A_73_H_rep4.pdb
-89.546,0.208,-1304.332,-1.994,-718.899,-1.182,445.745,-4.94,relaxed_wt_1_A_86_H_rep5.pdb
-87.206,2.548,-1299.908,2.43,-717.833,-0.116,450.002,-0.683,relaxed_wt_1_A_84_Y_rep3.pdb
-86.147,3.607,-1300.371,1.967,-718.115,-0.398,444.008,-6.677,relaxed_wt_1_A_77_Y_rep3.pdb
-89.329,0.426,-1294.806,7.532,-718.937,-1.22,455.607,4.922,relaxed_wt_1_B_59_Y_rep3.pdb
-87.719,2.035,-1302.926,-0.589,-718.995,-1.278,444.769,-5.917,relaxed_wt_1_A_81_T_rep4.pdb
-87.057,2.697,-1288.018,14.32,-718.758,-1.041,459.551,8.866,relaxed_wt_1_A_41_D_rep3.pdb
-86.726,3.028,-1300.864,1.474,-717.947,-0.23,455.463,4.778,relaxed_wt_1_A_40_M_rep2.pdb
-90.226,-0.472,-1293.197,9.141,-718.217,-0.501,455.985,5.3,relaxed_wt_1_A_30_K_rep3.pdb
-87.186,2.568,-1290.966,11.372,-715.516,2.201,469.463,18.778,relaxed_wt_1_A_41_N_rep3.pdb
-90.097,-0.343,-1298.39,3.948,-718.036,-0.319,450.314,-0.371,relaxed_wt_1_A_83_W_rep5.pdb
-89.6,0.154,-1304.245,-1.907,-718.421,-0.704,445.586,-5.099,relaxed_wt_1_A_73_F_rep2.pdb
-89.802,-0.048,-1299.814,2.523,-718.843,-1.126,450.355,-0.33,relaxed_wt_1_A_79_Y_rep1.pdb
-89.993,-0.239,-1303.735,-1.397,-718.595,-0.879,444.339,-6.346,relaxed_wt_1_A_81_H_rep2.pdb
-88.42,1.334,-1300.149,2.188,-718.796,-1.079,450.825,0.14,relaxed_wt_1_A_85_Q_rep3.pdb
-86.597,3.157,-1299.637,2.701,-719.097,-1.38,449.458,-1.227,relaxed_wt_1_B_55_L_rep4.pdb
-89.538,0.216,-1300.953,1.385,-719.106,-1.389,447.208,-3.477,relaxed_wt_1_A_87_R_rep1.pdb
-89.719,0.035,-1297.379,4.959,-717.876,-0.159,454.146,3.461,relaxed_wt_1_A_76_N_rep2.pdb
-84.206,5.548,-1300.388,1.95,-718.07,-0.353,452.28,1.595,relaxed_wt_1_A_35_H_rep1.pdb
-89.555,0.199,-1299.662,2.676,-719.477,-1.76,450.753,0.068,relaxed_wt_1_B_100_N_rep3.pdb
-89.542,0.212,-1301.003,1.335,-718.823,-1.106,451.988,1.302,relaxed_wt_1_A_21_M_rep3.pdb
-89.399,0.356,-1281.254,21.084,-717.828,-0.111,470.887,20.202,relaxed_wt_1_B_11_P_rep5.pdb
-90.166,-0.412,-1298.941,3.397,-718.836,-1.119,454.316,3.631,relaxed_wt_1_B_59_W_rep5.pdb
-89.62,0.134,-1301.616,0.722,-718.911,-1.194,448.717,-1.969,relaxed_wt_1_A_87_E_rep5.pdb
-88.814,0.94,-1294.906,7.432,-718.868,-1.151,455.853,5.168,relaxed_wt_1_A_85_W_rep4.pdb
-89.317,0.437,-1302.26,0.078,-719.0,-1.283,449.753,-0.932,relaxed_wt_1_B_100_T_rep3.pdb
-89.584,0.17,-1295.612,6.725,-718.933,-1.216,457.458,6.773,relaxed_wt_1_B_12_P_rep1.pdb
-89.821,-0.067,-1304.225,-1.887,-718.88,-1.164,448.427,-2.258,relaxed_wt_1_B_101_V_rep2.pdb
-89.269,0.485,-1300.131,2.207,-718.925,-1.209,449.89,-0.796,relaxed_wt_1_B_100_R_rep1.pdb
-88.795,0.959,-1299.753,2.585,-718.847,-1.13,450.848,0.163,relaxed_wt_1_A_85_S_rep1.pdb
-89.655,0.099,-1292.298,10.04,-718.952,-1.235,455.819,5.134,relaxed_wt_1_A_37_G_rep1.pdb
-89.501,0.253,-1292.08,10.257,-718.864,-1.148,454.322,3.637,relaxed_wt_1_B_17_Y_rep5.pdb
-89.608,0.146,-1301.921,0.417,-719.078,-1.361,448.465,-2.22,relaxed_wt_1_A_78_M_rep1.pdb
-90.987,-1.233,-1303.199,-0.861,-718.737,-1.02,450.247,-0.438,relaxed_wt_1_B_102_E_rep1.pdb
-89.529,0.225,-1301.875,0.463,-719.167,-1.45,446.615,-4.07,relaxed_wt_1_A_81_F_rep3.pdb
-89.615,0.139,-1304.173,-1.835,-718.87,-1.154,446.122,-4.563,relaxed_wt_1_A_27_R_rep2.pdb
-87.651,2.104,-1300.477,1.861,-718.9,-1.184,446.173,-4.512,relaxed_wt_1_A_36_K_rep3.pdb
-90.272,-0.518,-1260.528,41.81,-716.024,1.693,382.892,-67.793,relaxed_wt_1_B_14_K_rep1.pdb
-89.183,0.571,-1298.786,3.552,-719.16,-1.443,453.603,2.918,relaxed_wt_1_A_29_W_rep5.pdb
-86.345,3.409,-1280.959,21.379,-721.382,-3.666,427.433,-23.252,relaxed_wt_1_B_14_M_rep2.pdb
-88.639,1.116,-1296.522,5.816,-718.874,-1.157,453.589,2.904,relaxed_wt_1_A_71_H_rep3.pdb
-85.124,4.63,-1283.191,19.147,-715.681,2.036,490.299,39.614,relaxed_wt_1_B_13_Y_rep4.pdb
-89.336,0.419,-1300.053,2.285,-718.965,-1.248,450.228,-0.457,relaxed_wt_1_B_100_R_rep2.pdb
-89.539,0.216,-1303.703,-1.365,-718.882,-1.166,447.81,-2.875,relaxed_wt_1_B_58_V_rep1.pdb
-95.863,-6.109,-1266.705,35.633,-716.053,1.664,412.2,-38.485,relaxed_wt_1_B_11_M_rep5.pdb
-89.552,0.202,-1303.725,-1.387,-718.885,-1.169,446.095,-4.59,relaxed_wt_1_A_81_K_rep3.pdb
-84.164,5.591,-1290.444,11.894,-711.185,6.532,460.934,10.248,relaxed_wt_1_A_35_W_rep4.pdb
-89.738,0.016,-1300.436,1.902,-719.174,-1.457,447.576,-3.109,relaxed_wt_1_A_82_V_rep3.pdb
-89.681,0.073,-1303.298,-0.96,-718.901,-1.184,447.454,-3.231,relaxed_wt_1_B_12_A_rep1.pdb
-92.645,-2.89,-1301.905,0.433,-718.808,-1.091,449.864,-0.821,relaxed_wt_1_A_34_I_rep3.pdb
-87.403,2.352,-1299.962,2.376,-718.843,-1.127,452.263,1.577,relaxed_wt_1_A_38_C_rep4.pdb
-89.152,0.602,-1303.98,-1.642,-718.851,-1.134,443.662,-7.023,relaxed_wt_1_B_54_Q_rep5.pdb
-90.302,-0.547,-1302.069,0.269,-718.144,-0.428,449.026,-1.659,relaxed_wt_1_B_57_Q_rep5.pdb
-89.438,0.316,-1303.075,-0.737,-718.969,-1.252,447.602,-3.084,relaxed_wt_1_A_79_A_rep5.pdb
-89.233,0.521,-1300.96,1.378,-719.068,-1.351,448.403,-2.282,relaxed_wt_1_A_34_G_rep2.pdb
-87.257,2.497,-1294.068,8.27,-718.167,-0.451,455.478,4.793,relaxed_wt_1_A_75_N_rep3.pdb
-87.982,1.772,-1288.172,14.166,-716.493,1.224,472.201,21.516,relaxed_wt_1_A_75_F_rep2.pdb
-88.998,0.756,-1274.658,27.68,-717.609,0.108,275.954,-174.731,relaxed_wt_1_B_14_V_rep2.pdb
-89.45,0.304,-1300.694,1.644,-718.907,-1.191,449.494,-1.191,relaxed_wt_1_A_86_F_rep5.pdb
-87.245,2.51,-1300.159,2.179,-718.718,-1.001,448.845,-1.84,relaxed_wt_1_A_77_H_rep1.pdb
-88.507,1.247,-1173.281,129.057,-719.086,-1.369,595.599,144.914,relaxed_wt_1_B_11_H_rep5.pdb
-89.532,0.223,-1304.393,-2.055,-718.969,-1.252,447.12,-3.566,relaxed_wt_1_A_86_H_rep1.pdb
-88.731,1.023,-1302.791,-0.453,-719.084,-1.367,446.036,-4.649,relaxed_wt_1_B_56_S_rep5.pdb
-89.651,0.103,-1297.32,5.018,-718.857,-1.14,451.731,1.046,relaxed_wt_1_A_76_G_rep4.pdb
-88.395,1.359,-1301.641,0.697,-719.131,-1.415,446.99,-3.695,relaxed_wt_1_B_101_G_rep3.pdb
-89.665,0.089,-1302.776,-0.438,-718.792,-1.075,448.978,-1.707,relaxed_wt_1_A_21_H_rep3.pdb
-81.733,8.022,-1297.368,4.969,-718.818,-1.102,452.154,1.469,relaxed_wt_1_A_38_E_rep4.pdb
-87.214,2.54,-1300.009,2.328,-718.652,-0.935,449.32,-1.365,relaxed_wt_1_A_77_H_rep2.pdb
-89.727,0.028,-1303.656,-1.319,-718.821,-1.104,445.224,-5.461,relaxed_wt_1_A_23_Q_rep5.pdb
-89.391,0.363,-1299.898,2.44,-718.723,-1.006,454.163,3.478,relaxed_wt_1_A_30_T_rep2.pdb
-89.481,0.273,-1304.056,-1.718,-719.015,-1.299,447.098,-3.587,relaxed_wt_1_A_78_V_rep1.pdb
-89.282,0.473,-1302.349,-0.011,-718.997,-1.28,445.872,-4.813,relaxed_wt_1_B_100_V_rep5.pdb
-89.648,0.106,-1271.109,31.229,-718.818,-1.101,476.174,25.489,relaxed_wt_1_B_11_D_rep2.pdb
-89.681,0.073,-1291.505,10.833,-718.608,-0.891,459.39,8.705,relaxed_wt_1_A_76_W_rep4.pdb
-91.219,-1.465,-1304.03,-1.693,-718.498,-0.781,444.046,-6.639,relaxed_wt_1_B_56_L_rep4.pdb
-88.129,1.625,-1301.421,0.917,-718.554,-0.837,445.492,-5.193,relaxed_wt_1_B_101_N_rep3.pdb
-89.812,-0.058,-1300.563,1.775,-718.874,-1.157,449.548,-1.137,relaxed_wt_1_B_59_H_rep4.pdb
-89.406,0.348,-1302.628,-0.29,-718.846,-1.129,448.56,-2.125,relaxed_wt_1_B_100_M_rep3.pdb
-81.833,7.921,-1298.57,3.768,-719.315,-1.599,444.264,-6.421,relaxed_wt_1_A_38_D_rep3.pdb
-89.315,0.439,-1288.151,14.187,-716.35,1.366,476.162,25.477,relaxed_wt_1_A_75_Y_rep5.pdb
-89.572,0.182,-1304.897,-2.559,-718.987,-1.27,447.825,-2.86,relaxed_wt_1_B_12_K_rep1.pdb
-91.144,-1.389,-1300.212,2.126,-717.507,0.21,449.901,-0.784,relaxed_wt_1_B_15_M_rep2.pdb
-87.82,1.934,-1256.651,45.687,-715.139,2.578,481.632,30.947,relaxed_wt_1_A_39_W_rep5.pdb
-90.251,-0.497,-1291.905,10.433,-718.097,-0.38,438.53,-12.155,relaxed_wt_1_A_30_Y_rep4.pdb
-88.677,1.077,-1299.322,3.016,-718.977,-1.26,450.77,0.085,relaxed_wt_1_A_85_N_rep3.pdb
-89.982,-0.228,-1301.086,1.251,-718.925,-1.209,451.635,0.95,relaxed_wt_1_A_24_T_rep1.pdb
-89.574,0.18,-1303.711,-1.373,-718.92,-1.204,446.883,-3.802,relaxed_wt_1_B_101_T_rep4.pdb
-89.727,0.027,-1299.816,2.522,-718.913,-1.196,452.335,1.65,relaxed_wt_1_A_79_Y_rep4.pdb
-86.948,2.806,-1297.897,4.441,-718.028,-0.312,445.541,-5.144,relaxed_wt_1_B_15_G_rep1.pdb
-89.526,0.228,-1302.031,0.307,-718.879,-1.163,447.375,-3.31,relaxed_wt_1_A_86_V_rep4.pdb
-89.523,0.231,-1303.553,-1.215,-718.781,-1.064,445.381,-5.304,relaxed_wt_1_A_41_P_rep5.pdb
-90.991,-1.237,-1303.004,-0.666,-719.221,-1.504,451.9,1.215,relaxed_wt_1_B_101_W_rep4.pdb
-89.588,0.166,-1299.179,3.159,-718.828,-1.111,450.695,0.01,relaxed_wt_1_A_23_D_rep5.pdb
-89.522,0.232,-1300.691,1.647,-719.414,-1.697,456.993,6.308,relaxed_wt_1_A_22_E_rep3.pdb
-88.651,1.104,-1299.922,2.416,-717.203,0.514,450.451,-0.234,relaxed_wt_1_B_102_K_rep3.pdb
-86.525,3.229,-1301.45,0.888,-719.765,-2.048,448.982,-1.704,relaxed_wt_1_A_27_K_rep1.pdb
-89.558,0.196,-1304.044,-1.706,-718.805,-1.089,446.049,-4.636,relaxed_wt_1_A_77_I_rep5.pdb
-90.762,-1.008,-1283.41,18.928,-718.445,-0.729,472.791,22.106,relaxed_wt_1_A_39_F_rep2.pdb
-89.583,0.171,-1303.58,-1.242,-718.873,-1.157,446.094,-4.591,relaxed_wt_1_A_77_I_rep2.pdb
-87.64,2.115,-1297.027,5.311,-718.912,-1.195,452.957,2.271,relaxed_wt_1_B_58_D_rep4.pdb
-85.492,4.262,-1295.243,7.095,-718.674,-0.957,458.773,8.088,relaxed_wt_1_A_40_C_rep4.pdb
-89.74,0.014,-1296.422,5.916,-719.019,-1.302,452.88,2.195,relaxed_wt_1_A_74_G_rep3.pdb
-89.37,0.384,-1299.15,3.188,-719.068,-1.352,449.175,-1.51,relaxed_wt_1_A_26_V_rep4.pdb
-86.642,3.112,-1298.655,3.683,-718.901,-1.185,450.853,0.168,relaxed_wt_1_B_54_G_rep2.pdb
-88.413,1.342,-1294.427,7.911,-719.227,-1.511,453.813,3.127,relaxed_wt_1_A_81_G_rep4.pdb
-89.552,0.202,-1304.001,-1.663,-718.802,-1.086,446.63,-4.055,relaxed_wt_1_B_12_T_rep3.pdb
-89.539,0.215,-1301.629,0.709,-718.968,-1.251,451.941,1.256,relaxed_wt_1_A_21_M_rep2.pdb
-89.494,0.261,-1304.472,-2.134,-718.94,-1.223,432.075,-18.61,relaxed_wt_1_A_22_I_rep1.pdb
-84.232,5.522,-1293.28,9.058,-717.857,-0.14,448.998,-1.687,relaxed_wt_1_A_84_C_rep4.pdb
-93.498,-3.744,-1274.286,28.052,-716.762,0.955,478.553,27.868,relaxed_wt_1_B_11_R_rep1.pdb
-89.764,-0.01,-1300.013,2.325,-718.867,-1.15,450.308,-0.377,relaxed_wt_1_A_32_A_rep5.pdb
-86.1,3.654,-1293.996,8.341,-721.701,-3.984,455.441,4.756,relaxed_wt_1_A_31_H_rep2.pdb
-89.686,0.069,-1300.437,1.901,-718.187,-0.47,451.455,0.77,relaxed_wt_1_B_101_F_rep5.pdb
-90.563,-0.809,-1304.719,-2.381,-718.69,-0.973,443.379,-7.306,relaxed_wt_1_B_101_M_rep3.pdb
-91.128,-1.374,-1300.471,1.867,-718.816,-1.099,451.744,1.059,relaxed_wt_1_A_26_G_rep3.pdb
-89.282,0.472,-1300.517,1.821,-718.898,-1.181,453.68,2.995,relaxed_wt_1_B_13_T_rep4.pdb
-90.51,-0.756,-1302.476,-0.138,-718.938,-1.221,448.963,-1.722,relaxed_wt_1_B_101_C_rep5.pdb
-91.341,-1.587,-1303.108,-0.77,-718.492,-0.775,448.749,-1.937,relaxed_wt_1_B_102_M_rep2.pdb
-89.647,0.107,-1304.827,-2.489,-718.852,-1.135,447.346,-3.34,relaxed_wt_1_B_12_K_rep4.pdb
-89.952,-0.198,-1296.236,6.102,-718.966,-1.249,454.337,3.652,relaxed_wt_1_A_37_A_rep4.pdb
-92.858,-3.103,-1301.693,0.645,-718.488,-0.772,455.719,5.034,relaxed_wt_1_B_54_I_rep5.pdb
-88.528,1.226,-1301.328,1.01,-718.614,-0.898,449.79,-0.895,relaxed_wt_1_A_35_Q_rep1.pdb
-89.509,0.245,-1301.68,0.658,-719.156,-1.439,451.983,1.298,relaxed_wt_1_B_101_F_rep1.pdb
-85.28,4.475,-1299.6,2.738,-719.175,-1.458,445.996,-4.689,relaxed_wt_1_B_15_A_rep4.pdb
-89.987,-0.233,-1304.499,-2.161,-718.896,-1.179,443.427,-7.258,relaxed_wt_1_B_17_Q_rep1.pdb
-92.209,-2.454,-1266.795,35.543,-716.603,1.114,471.588,20.902,relaxed_wt_1_B_11_I_rep4.pdb
-92.294,-2.54,-1301.965,0.373,-717.91,-0.193,455.298,4.613,relaxed_wt_1_B_100_R_rep3.pdb
-88.998,0.756,-1302.25,0.088,-719.009,-1.293,447.724,-2.961,relaxed_wt_1_B_102_T_rep3.pdb
-89.29,0.464,-1283.098,19.24,-718.779,-1.062,474.247,23.562,relaxed_wt_1_B_11_V_rep3.pdb
-88.629,1.125,-1299.545,2.792,-717.393,0.323,449.996,-0.689,relaxed_wt_1_A_77_L_rep3.pdb
-90.112,-0.357,-1300.789,1.549,-716.825,0.891,455.349,4.664,relaxed_wt_1_A_36_Y_rep3.pdb
-89.561,0.193,-1299.009,3.329,-719.034,-1.317,451.417,0.732,relaxed_wt_1_A_29_C_rep3.pdb
-86.92,2.834,-1292.213,10.125,-718.88,-1.163,461.043,10.358,relaxed_wt_1_B_57_P_rep4.pdb
-89.544,0.21,-1304.103,-1.765,-718.867,-1.151,446.656,-4.029,relaxed_wt_1_A_37_F_rep5.pdb
-89.788,-0.033,-1301.975,0.363,-719.092,-1.376,446.13,-4.555,relaxed_wt_1_A_34_A_rep2.pdb
-89.249,0.505,-1289.575,12.763,-719.232,-1.515,465.714,15.029,relaxed_wt_1_A_79_V_rep1.pdb
-89.463,0.292,-1280.468,21.87,-718.879,-1.162,474.625,23.94,relaxed_wt_1_A_72_E_rep4.pdb
-89.596,0.158,-1297.057,5.281,-718.993,-1.276,469.616,18.931,relaxed_wt_1_A_22_N_rep5.pdb
-88.637,1.118,-1301.36,0.978,-718.854,-1.138,450.23,-0.455,relaxed_wt_1_A_85_L_rep5.pdb
-86.564,3.19,-1301.956,0.382,-720.254,-2.537,446.162,-4.523,relaxed_wt_1_A_27_N_rep4.pdb
-89.542,0.212,-1303.665,-1.327,-718.914,-1.197,445.734,-4.952,relaxed_wt_1_A_79_R_rep2.pdb
-87.827,1.927,-1301.153,1.185,-718.896,-1.179,445.602,-5.083,relaxed_wt_1_A_77_N_rep1.pdb
-90.314,-0.56,-1300.398,1.94,-717.637,0.079,450.961,0.276,relaxed_wt_1_A_33_Y_rep2.pdb
-89.736,0.018,-1301.604,0.734,-718.864,-1.147,448.501,-2.184,relaxed_wt_1_A_79_C_rep3.pdb
-89.596,0.158,-1300.798,1.54,-718.863,-1.147,457.941,7.256,relaxed_wt_1_A_22_M_rep2.pdb
-89.152,0.602,-1304.494,-2.156,-718.912,-1.196,445.587,-5.098,relaxed_wt_1_B_54_Q_rep3.pdb
-88.154,1.6,-1302.201,0.137,-717.79,-0.073,438.363,-12.322,relaxed_wt_1_B_55_T_rep1.pdb
-86.46,3.294,-1204.072,98.266,-717.816,-0.099,22.897,-427.788,relaxed_wt_1_B_14_R_rep3.pdb
-89.571,0.183,-1301.101,1.237,-718.413,-0.696,447.867,-2.818,relaxed_wt_1_A_32_P_rep4.pdb
-88.939,0.815,-1302.409,-0.071,-718.631,-0.915,444.024,-6.661,relaxed_wt_1_A_81_Q_rep3.pdb
-86.241,3.513,-1301.625,0.713,-719.039,-1.323,445.203,-5.482,relaxed_wt_1_A_35_S_rep5.pdb
-90.059,-0.304,-1288.194,14.144,-719.556,-1.84,461.553,10.868,relaxed_wt_1_A_80_V_rep3.pdb
-89.558,0.196,-1303.188,-0.85,-718.905,-1.188,452.811,2.126,relaxed_wt_1_A_71_E_rep1.pdb
-90.205,-0.451,-1259.78,42.558,-715.445,2.272,382.165,-68.521,relaxed_wt_1_B_14_K_rep2.pdb
-90.868,-1.114,-1296.348,5.99,-719.19,-1.473,453.915,3.23,relaxed_wt_1_A_37_N_rep2.pdb
-87.92,1.834,-1280.259,22.079,-717.914,-0.198,469.672,18.987,relaxed_wt_1_A_37_P_rep4.pdb
-88.131,1.623,-1298.122,4.215,-717.667,0.049,444.778,-5.907,relaxed_wt_1_B_15_C_rep4.pdb
-82.768,6.986,-1292.131,10.206,-716.759,0.958,446.781,-3.904,relaxed_wt_1_A_84_P_rep5.pdb
-89.59,0.164,-1299.506,2.832,-718.595,-0.878,450.533,-0.152,relaxed_wt_1_A_33_C_rep2.pdb
-90.625,-0.871,-1302.841,-0.503,-719.086,-1.369,449.016,-1.669,relaxed_wt_1_B_101_R_rep2.pdb
-89.547,0.208,-1304.449,-2.111,-719.28,-1.564,447.562,-3.123,relaxed_wt_1_A_40_W_rep5.pdb
-87.146,2.609,-1270.894,31.444,-719.188,-1.471,471.792,21.107,relaxed_wt_1_A_25_P_rep1.pdb
-89.441,0.313,-1304.216,-1.878,-719.04,-1.323,445.89,-4.795,relaxed_wt_1_A_26_S_rep4.pdb
-89.335,0.419,-1303.868,-1.53,-719.213,-1.496,448.74,-1.945,relaxed_wt_1_A_79_G_rep2.pdb
-88.852,0.902,-1303.107,-0.769,-721.766,-4.049,449.805,-0.88,relaxed_wt_1_A_28_C_rep4.pdb
-75.333,14.421,-1197.286,105.052,-697.897,19.819,530.764,80.079,relaxed_wt_1_A_74_P_rep4.pdb
-89.525,0.229,-1300.818,1.52,-719.039,-1.322,451.087,0.402,relaxed_wt_1_A_39_T_rep4.pdb
-89.525,0.229,-1303.562,-1.224,-718.841,-1.124,445.986,-4.699,relaxed_wt_1_A_36_N_rep2.pdb
-89.566,0.188,-1302.093,0.245,-718.964,-1.247,449.223,-1.462,relaxed_wt_1_A_86_A_rep2.pdb
-86.174,3.58,-1303.325,-0.987,-722.587,-4.871,443.177,-7.508,relaxed_wt_1_A_27_P_rep3.pdb
-86.589,3.165,-1292.435,9.903,-715.72,1.996,460.947,10.262,relaxed_wt_1_A_84_W_rep5.pdb
-90.304,-0.55,-1297.964,4.374,-718.945,-1.228,455.023,4.338,relaxed_wt_1_A_30_D_rep3.pdb
-89.266,0.488,-1269.794,32.544,-716.828,0.888,478.105,27.42,relaxed_wt_1_A_39_P_rep5.pdb
-89.565,0.189,-1302.722,-0.384,-718.894,-1.178,446.699,-3.986,relaxed_wt_1_A_23_W_rep4.pdb
-89.798,-0.043,-1294.204,8.134,-718.85,-1.133,457.272,6.587,relaxed_wt_1_A_31_M_rep4.pdb
-89.556,0.198,-1304.504,-2.166,-718.835,-1.118,445.495,-5.19,relaxed_wt_1_A_86_P_rep1.pdb
-89.396,0.358,-1294.907,7.431,-718.937,-1.22,455.339,4.654,relaxed_wt_1_B_59_Y_rep4.pdb
-81.756,7.998,-1290.716,11.622,-718.097,-0.38,451.636,0.951,relaxed_wt_1_A_84_R_rep4.pdb
-85.076,4.678,-1286.243,16.095,-715.791,1.925,450.277,-0.408,relaxed_wt_1_A_41_M_rep3.pdb
-89.517,0.237,-1301.375,0.963,-719.039,-1.323,448.695,-1.99,relaxed_wt_1_A_29_Y_rep3.pdb
-89.992,-0.238,-1298.957,3.381,-716.134,1.583,447.35,-3.335,relaxed_wt_1_B_15_N_rep2.pdb
-89.841,-0.086,-1303.43,-1.092,-718.637,-0.92,444.917,-5.768,relaxed_wt_1_B_101_L_rep1.pdb
-88.435,1.319,-1298.944,3.394,-718.908,-1.191,449.606,-1.079,relaxed_wt_1_A_26_M_rep5.pdb
-89.57,0.184,-1303.49,-1.152,-718.71,-0.994,446.587,-4.098,relaxed_wt_1_A_79_G_rep5.pdb
-89.364,0.39,-1299.592,2.746,-718.899,-1.183,452.044,1.359,relaxed_wt_1_A_71_W_rep5.pdb
-89.644,0.11,-1302.463,-0.125,-718.574,-0.858,447.169,-3.516,relaxed_wt_1_A_32_K_rep5.pdb
-89.698,0.056,-1272.815,29.523,-718.634,-0.917,478.519,27.834,relaxed_wt_1_A_72_L_rep4.pdb
-89.746,0.008,-1302.478,-0.14,-718.983,-1.266,446.701,-3.984,relaxed_wt_1_B_57_T_rep2.pdb
-93.374,-3.619,-1280.877,21.461,-716.732,0.984,473.321,22.636,relaxed_wt_1_B_14_H_rep4.pdb
-91.269,-1.515,-1300.243,2.095,-717.537,0.18,448.348,-2.337,relaxed_wt_1_A_32_L_rep2.pdb
-86.543,3.211,-1299.148,3.19,-718.865,-1.148,456.186,5.501,relaxed_wt_1_A_40_V_rep5.pdb
-87.476,2.278,-1302.699,-0.361,-720.447,-2.731,445.684,-5.001,relaxed_wt_1_A_27_P_rep1.pdb
-89.556,0.199,-1300.436,1.902,-718.824,-1.107,447.035,-3.65,relaxed_wt_1_A_23_E_rep5.pdb
-86.525,3.229,-1278.91,23.428,-714.764,2.953,476.781,26.095,relaxed_wt_1_A_41_I_rep2.pdb
-87.868,1.887,-1299.029,3.309,-718.629,-0.912,456.346,5.661,relaxed_wt_1_B_54_R_rep4.pdb
-89.489,0.265,-1296.08,6.258,-719.025,-1.308,455.757,5.072,relaxed_wt_1_A_31_T_rep2.pdb
-88.014,1.741,-1303.83,-1.492,-718.829,-1.113,445.385,-5.3,relaxed_wt_1_B_54_E_rep5.pdb
-89.559,0.196,-1302.423,-0.085,-718.908,-1.191,451.844,1.159,relaxed_wt_1_A_71_S_rep2.pdb
-89.059,0.695,-1302.318,0.02,-719.055,-1.338,447.069,-3.616,relaxed_wt_1_A_32_N_rep4.pdb
-89.538,0.216,-1304.165,-1.827,-718.937,-1.221,445.882,-4.803,relaxed_wt_1_A_39_V_rep1.pdb
-88.456,1.298,-1297.671,4.667,-719.226,-1.509,454.834,4.149,relaxed_wt_1_A_85_D_rep5.pdb
-88.07,1.685,-1287.416,14.922,-718.835,-1.119,466.409,15.724,relaxed_wt_1_A_37_W_rep1.pdb
-90.728,-0.973,-1300.946,1.392,-718.887,-1.17,445.443,-5.242,relaxed_wt_1_B_54_C_rep5.pdb
-88.599,1.155,-1303.706,-1.368,-721.9,-4.183,446.526,-4.159,relaxed_wt_1_A_77_M_rep1.pdb
-89.986,-0.232,-1299.998,2.34,-718.118,-0.401,452.61,1.924,relaxed_wt_1_B_98_F_rep1.pdb
-93.062,-3.308,-1307.414,-5.076,-718.276,-0.559,438.03,-12.655,relaxed_wt_1_B_17_D_rep4.pdb
-89.561,0.194,-1298.816,3.521,-718.826,-1.109,454.601,3.916,relaxed_wt_1_A_22_R_rep5.pdb
-89.752,0.002,-1288.732,13.606,-718.704,-0.987,463.144,12.459,relaxed_wt_1_A_31_V_rep4.pdb
-89.544,0.21,-1302.131,0.207,-718.836,-1.119,449.161,-1.524,relaxed_wt_1_A_83_T_rep4.pdb
-87.656,2.098,-1302.766,-0.428,-720.239,-2.523,445.843,-4.842,relaxed_wt_1_A_27_Q_rep2.pdb
-87.96,1.794,-1300.767,1.571,-718.553,-0.836,446.871,-3.814,relaxed_wt_1_A_85_F_rep3.pdb
-88.765,0.989,-1302.665,-0.327,-719.0,-1.283,445.765,-4.92,relaxed_wt_1_B_56_S_rep1.pdb
-86.585,3.169,-1270.486,31.852,-719.477,-1.76,473.674,22.989,relaxed_wt_1_A_25_P_rep3.pdb
-89.224,0.53,-1299.914,2.424,-718.941,-1.225,452.158,1.472,relaxed_wt_1_A_71_F_rep5.pdb
-87.922,1.832,-1298.51,3.828,-718.712,-0.996,449.928,-0.758,relaxed_wt_1_A_77_C_rep5.pdb
-89.367,0.387,-1257.766,44.572,-718.974,-1.257,222.236,-228.449,relaxed_wt_1_A_22_Y_rep4.pdb
-89.564,0.19,-1303.7,-1.362,-718.955,-1.239,447.034,-3.651,relaxed_wt_1_A_23_F_rep3.pdb
-83.435,6.319,-1302.552,-0.214,-719.659,-1.942,444.621,-6.065,relaxed_wt_1_A_80_G_rep2.pdb
-89.55,0.204,-1303.704,-1.366,-718.9,-1.183,446.793,-3.892,relaxed_wt_1_B_15_E_rep1.pdb
-88.812,0.942,-1301.316,1.022,-717.709,0.007,450.769,0.084,relaxed_wt_1_A_80_Y_rep5.pdb
-89.271,0.484,-1302.508,-0.17,-719.101,-1.384,449.829,-0.856,relaxed_wt_1_B_101_Y_rep3.pdb
-87.361,2.393,-1302.796,-0.458,-717.541,0.176,441.578,-9.107,relaxed_wt_1_A_79_D_rep2.pdb
-89.782,-0.027,-1305.944,-3.606,-721.459,-3.743,449.42,-1.265,relaxed_wt_1_A_28_M_rep1.pdb
-89.425,0.329,-1298.626,3.712,-719.025,-1.308,449.193,-1.492,relaxed_wt_1_A_29_G_rep2.pdb
-88.614,1.14,-1297.522,4.815,-715.777,1.94,455.714,5.029,relaxed_wt_1_A_80_W_rep4.pdb
-89.788,-0.034,-1297.017,5.321,-718.988,-1.271,453.504,2.819,relaxed_wt_1_A_31_A_rep3.pdb
-89.157,0.597,-1299.664,2.674,-719.57,-1.853,450.497,-0.188,relaxed_wt_1_A_80_T_rep4.pdb
-89.569,0.185,-1301.833,0.505,-719.135,-1.418,447.42,-3.265,relaxed_wt_1_A_81_F_rep5.pdb
-89.507,0.247,-1303.009,-0.671,-718.464,-0.748,450.469,-0.216,relaxed_wt_1_A_30_V_rep5.pdb
-88.826,0.928,-1298.42,3.918,-716.708,1.008,447.649,-3.036,relaxed_wt_1_B_15_N_rep4.pdb
-89.659,0.095,-1301.602,0.736,-718.904,-1.188,448.794,-1.891,relaxed_wt_1_B_98_E_rep3.pdb
-89.474,0.28,-1302.906,-0.568,-718.901,-1.184,447.27,-3.415,relaxed_wt_1_A_86_L_rep4.pdb
-88.094,1.66,-1298.917,3.421,-718.642,-0.925,449.907,-0.778,relaxed_wt_1_A_34_H_rep2.pdb
-91.271,-1.517,-1302.722,-0.384,-718.616,-0.899,447.52,-3.165,relaxed_wt_1_A_36_V_rep3.pdb
-88.966,0.789,-1301.12,1.218,-718.854,-1.138,451.37,0.685,relaxed_wt_1_B_54_T_rep4.pdb
-89.79,-0.035,-1302.05,0.288,-719.166,-1.45,447.808,-2.877,relaxed_wt_1_A_34_A_rep4.pdb
-89.439,0.316,-1291.717,10.621,-718.177,-0.46,461.018,10.333,relaxed_wt_1_A_37_K_rep5.pdb
-88.244,1.51,-1299.54,2.798,-719.02,-1.304,450.362,-0.323,relaxed_wt_1_B_57_G_rep2.pdb
-87.901,1.853,-1303.884,-1.546,-717.9,-0.183,445.852,-4.833,relaxed_wt_1_A_77_F_rep2.pdb
-89.751,0.003,-1297.323,5.015,-717.716,0.001,450.692,0.007,relaxed_wt_1_A_25_L_rep5.pdb
-92.542,-2.788,-1301.645,0.693,-718.815,-1.098,449.822,-0.863,relaxed_wt_1_A_34_I_rep4.pdb
-90.474,-0.719,-1302.679,-0.341,-718.728,-1.011,447.699,-2.986,relaxed_wt_1_A_76_K_rep2.pdb
-88.88,0.874,-1304.551,-2.213,-718.56,-0.843,445.055,-5.63,relaxed_wt_1_A_73_W_rep4.pdb
-87.201,2.553,-1300.323,2.015,-717.793,-0.076,449.652,-1.033,relaxed_wt_1_A_84_Y_rep1.pdb
-84.807,4.948,-1299.24,3.098,-718.924,-1.207,449.294,-1.392,relaxed_wt_1_A_38_A_rep1.pdb
-89.598,0.157,-1297.242,5.096,-718.796,-1.079,447.868,-2.817,relaxed_wt_1_A_21_L_rep1.pdb
-87.547,2.207,-1299.829,2.509,-719.007,-1.29,447.373,-3.312,relaxed_wt_1_A_23_L_rep4.pdb
-89.534,0.22,-1302.14,0.198,-718.953,-1.236,449.03,-1.656,relaxed_wt_1_A_71_A_rep2.pdb
-89.594,0.16,-1305.21,-2.872,-718.989,-1.272,446.02,-4.665,relaxed_wt_1_A_78_D_rep5.pdb
-89.33,0.424,-1301.046,1.292,-717.84,-0.124,448.59,-2.095,relaxed_wt_1_A_80_Y_rep1.pdb
-89.88,-0.126,-1300.144,2.194,-718.501,-0.784,452.7,2.015,relaxed_wt_1_A_33_W_rep3.pdb
-92.745,-2.991,-1299.99,2.348,-718.358,-0.642,453.028,2.343,relaxed_wt_1_B_13_E_rep5.pdb
-88.272,1.482,-1300.8,1.538,-718.553,-0.836,445.615,-5.07,relaxed_wt_1_A_33_N_rep1.pdb
-91.195,-1.441,-1301.716,0.622,-718.677,-0.961,447.909,-2.776,relaxed_wt_1_A_32_I_rep2.pdb
-87.886,1.868,-1301.271,1.067,-717.771,-0.054,447.221,-3.464,relaxed_wt_1_B_55_T_rep4.pdb
-89.468,0.286,-1303.628,-1.29,-718.457,-0.74,450.908,0.223,relaxed_wt_1_A_30_V_rep4.pdb
-89.617,0.137,-1299.105,3.233,-718.925,-1.208,453.803,3.117,relaxed_wt_1_A_21_G_rep4.pdb
-88.119,1.635,-1301.358,0.98,-718.513,-0.797,445.365,-5.32,relaxed_wt_1_B_101_N_rep2.pdb
-88.876,0.878,-1303.435,-1.098,-718.944,-1.227,447.908,-2.777,relaxed_wt_1_B_57_D_rep3.pdb
-89.486,0.268,-1303.967,-1.629,-718.303,-0.586,446.177,-4.508,relaxed_wt_1_B_98_D_rep1.pdb
-89.492,0.262,-1303.918,-1.58,-718.803,-1.087,446.697,-3.988,relaxed_wt_1_A_79_G_rep1.pdb
-90.039,-0.284,-1295.788,6.55,-718.819,-1.102,456.268,5.583,relaxed_wt_1_A_30_Q_rep1.pdb
-89.309,0.445,-1272.271,30.067,-718.293,-0.576,479.054,28.369,relaxed_wt_1_A_39_P_rep2.pdb
-89.65,0.104,-1298.466,3.872,-717.897,-0.18,456.165,5.48,relaxed_wt_1_B_98_W_rep4.pdb
-91.033,-1.279,-1305.956,-3.618,-718.936,-1.219,447.024,-3.661,relaxed_wt_1_A_28_K_rep5.pdb
-89.559,0.195,-1305.267,-2.93,-721.054,-3.338,446.175,-4.51,relaxed_wt_1_A_28_Q_rep4.pdb
-89.455,0.299,-1270.601,31.737,-718.053,-0.336,463.453,12.768,relaxed_wt_1_A_72_H_rep2.pdb
-87.723,2.031,-1301.445,0.893,-719.147,-1.43,448.133,-2.552,relaxed_wt_1_A_28_G_rep2.pdb
-89.843,-0.088,-1300.185,2.152,-718.875,-1.158,450.371,-0.314,relaxed_wt_1_A_76_S_rep5.pdb
-91.23,-1.476,-1251.341,50.997,-716.394,1.322,449.48,-1.205,relaxed_wt_1_B_11_F_rep2.pdb
-89.715,0.04,-1301.69,0.648,-718.962,-1.246,448.333,-2.352,relaxed_wt_1_A_79_C_rep5.pdb
-87.542,2.212,-1261.896,40.442,-717.231,0.486,447.761,-2.924,relaxed_wt_1_A_25_W_rep1.pdb
-89.647,0.107,-1301.639,0.699,-718.829,-1.112,448.263,-2.423,relaxed_wt_1_B_59_K_rep2.pdb
-89.632,0.123,-1303.935,-1.597,-718.853,-1.136,447.106,-3.579,relaxed_wt_1_B_12_Q_rep1.pdb
-87.572,2.182,-1289.494,12.844,-716.068,1.649,472.217,21.532,relaxed_wt_1_A_41_F_rep4.pdb
-88.052,1.702,-1300.735,1.603,-719.191,-1.474,447.597,-3.088,relaxed_wt_1_A_26_Q_rep5.pdb
-87.896,1.859,-1302.525,-0.187,-720.036,-2.319,463.025,12.34,relaxed_wt_1_B_54_F_rep1.pdb
-88.431,1.323,-1297.844,4.494,-718.161,-0.445,461.888,11.203,relaxed_wt_1_A_82_R_rep5.pdb
-89.551,0.203,-1300.403,1.935,-719.425,-1.709,448.651,-2.034,relaxed_wt_1_A_22_D_rep1.pdb
-84.334,5.42,-1296.708,5.63,-716.769,0.948,451.981,1.296,relaxed_wt_1_A_40_R_rep1.pdb
-90.682,-0.928,-1180.126,122.212,-717.317,0.4,579.103,128.417,relaxed_wt_1_B_98_P_rep3.pdb
-89.485,0.269,-1304.098,-1.76,-718.822,-1.105,447.323,-3.362,relaxed_wt_1_B_57_N_rep1.pdb
-87.223,2.531,-1301.902,0.436,-719.044,-1.327,449.41,-1.275,relaxed_wt_1_B_54_D_rep2.pdb
-89.502,0.252,-1300.16,2.178,-718.908,-1.192,449.962,-0.723,relaxed_wt_1_A_29_K_rep1.pdb
-87.683,2.071,-1303.714,-1.377,-717.909,-0.192,444.047,-6.638,relaxed_wt_1_A_77_F_rep1.pdb
-90.181,-0.427,-1301.019,1.319,-718.789,-1.073,450.5,-0.185,relaxed_wt_1_A_76_T_rep5.pdb
-89.608,0.146,-1302.671,-0.333,-718.733,-1.016,451.928,1.243,relaxed_wt_1_A_71_D_rep3.pdb
-89.432,0.323,-1300.704,1.634,-718.984,-1.267,447.345,-3.34,relaxed_wt_1_A_29_K_rep3.pdb
-83.339,6.415,-1293.853,8.485,-718.019,-0.302,449.686,-1.0,relaxed_wt_1_A_84_S_rep2.pdb
-89.943,-0.189,-1274.579,27.759,-717.286,0.43,402.414,-48.271,relaxed_wt_1_B_14_L_rep2.pdb
-78.828,10.926,-1092.883,209.455,-718.137,-0.42,675.186,224.501,relaxed_wt_1_B_11_Y_rep4.pdb
-85.662,4.092,-1302.968,-0.63,-722.973,-5.256,445.325,-5.36,relaxed_wt_1_A_27_D_rep5.pdb
-88.721,1.033,-1295.594,6.744,-719.102,-1.386,453.458,2.773,relaxed_wt_1_B_58_G_rep3.pdb
-89.458,0.297,-1303.981,-1.643,-718.803,-1.086,447.013,-3.672,relaxed_wt_1_B_15_E_rep3.pdb
-86.249,3.505,-1287.712,14.626,-716.304,1.412,481.425,30.74,relaxed_wt_1_A_41_H_rep3.pdb
-86.843,2.911,-1298.522,3.815,-715.087,2.63,446.874,-3.812,relaxed_wt_1_A_35_F_rep5.pdb
-89.875,-0.121,-1295.966,6.372,-718.319,-0.602,455.463,4.778,relaxed_wt_1_B_58_K_rep4.pdb
-89.53,0.224,-1305.889,-3.552,-718.879,-1.162,444.662,-6.023,relaxed_wt_1_B_17_R_rep4.pdb
-86.298,3.456,-1301.249,1.088,-720.27,-2.553,448.364,-2.321,relaxed_wt_1_A_27_D_rep3.pdb
-86.611,3.143,-1302.014,0.324,-721.943,-4.226,443.206,-7.479,relaxed_wt_1_A_27_V_rep1.pdb
-89.356,0.398,-1301.736,0.602,-718.841,-1.124,451.431,0.745,relaxed_wt_1_B_100_K_rep2.pdb
-92.262,-2.508,-1300.797,1.541,-718.667,-0.95,448.057,-2.628,relaxed_wt_1_B_100_W_rep2.pdb
-89.38,0.374,-1294.461,7.877,-718.901,-1.184,454.527,3.842,relaxed_wt_1_B_59_F_rep4.pdb
-89.619,0.135,-1303.763,-1.425,-718.951,-1.234,447.426,-3.259,relaxed_wt_1_A_24_E_rep4.pdb
-90.049,-0.295,-1303.907,-1.569,-718.552,-0.836,447.569,-3.117,relaxed_wt_1_A_80_H_rep4.pdb
-89.522,0.232,-1304.095,-1.757,-718.865,-1.148,445.211,-5.474,relaxed_wt_1_A_39_V_rep3.pdb
-89.799,-0.045,-1297.411,4.927,-718.965,-1.248,448.514,-2.171,relaxed_wt_1_A_29_I_rep4.pdb
-84.045,5.709,-1290.957,11.381,-719.015,-1.298,451.878,1.193,relaxed_wt_1_A_77_G_rep5.pdb
-89.555,0.199,-1301.736,0.602,-718.903,-1.186,448.36,-2.325,relaxed_wt_1_B_17_L_rep3.pdb
-88.821,0.933,-1300.806,1.532,-718.146,-0.429,451.414,0.729,relaxed_wt_1_A_34_Y_rep3.pdb
-78.724,11.031,-1092.333,210.005,-718.09,-0.373,675.985,225.3,relaxed_wt_1_B_11_Y_rep2.pdb
-89.316,0.439,-1300.203,2.135,-719.405,-1.688,450.335,-0.35,relaxed_wt_1_B_59_S_rep4.pdb
-87.978,1.777,-1302.574,-0.236,-718.41,-0.693,443.438,-7.247,relaxed_wt_1_B_12_Y_rep1.pdb
-89.591,0.163,-1300.009,2.329,-719.015,-1.298,455.135,4.45,relaxed_wt_1_A_21_K_rep5.pdb
-89.574,0.18,-1303.748,-1.41,-718.991,-1.274,446.907,-3.778,relaxed_wt_1_A_37_F_rep2.pdb
-85.025,4.729,-1299.162,3.176,-719.258,-1.541,442.656,-8.029,relaxed_wt_1_B_15_V_rep4.pdb
-90.125,-0.371,-1302.391,-0.053,-718.78,-1.063,451.139,0.454,relaxed_wt_1_B_57_Q_rep1.pdb
-89.466,0.289,-1300.3,2.038,-718.786,-1.069,447.977,-2.708,relaxed_wt_1_A_29_A_rep4.pdb
-89.79,-0.035,-1302.05,0.288,-719.166,-1.45,447.808,-2.877,relaxed_wt_1_A_34_A_rep5.pdb
-89.504,0.25,-1300.615,1.723,-718.915,-1.198,446.778,-3.907,relaxed_wt_1_A_23_E_rep4.pdb
-87.285,2.469,-1298.216,4.122,-719.737,-2.02,451.975,1.29,relaxed_wt_1_B_55_M_rep4.pdb
-89.307,0.447,-1300.882,1.456,-719.042,-1.325,447.571,-3.114,relaxed_wt_1_A_34_G_rep3.pdb
-89.583,0.172,-1301.731,0.607,-718.824,-1.107,449.416,-1.269,relaxed_wt_1_A_21_T_rep5.pdb
-89.414,0.34,-1297.616,4.722,-718.721,-1.004,452.578,1.893,relaxed_wt_1_B_59_I_rep5.pdb
-89.524,0.231,-1302.02,0.318,-718.452,-0.736,447.438,-3.247,relaxed_wt_1_A_33_L_rep5.pdb
-89.767,-0.013,-1297.853,4.484,-718.913,-1.196,452.888,2.203,relaxed_wt_1_A_31_Q_rep1.pdb
-88.916,0.839,-1300.369,1.969,-718.497,-0.78,450.27,-0.415,relaxed_wt_1_B_55_I_rep3.pdb
-89.502,0.253,-1304.1,-1.762,-718.968,-1.252,445.475,-5.21,relaxed_wt_1_A_21_E_rep2.pdb
-89.679,0.076,-1297.34,4.998,-718.849,-1.133,453.713,3.027,relaxed_wt_1_A_30_S_rep1.pdb
-90.277,-0.523,-1289.195,13.143,-718.187,-0.47,451.153,0.468,relaxed_wt_1_A_39_Q_rep1.pdb
-88.614,1.14,-1297.522,4.815,-715.777,1.94,455.714,5.029,relaxed_wt_1_A_80_W_rep2.pdb
-89.507,0.247,-1302.987,-0.649,-718.853,-1.136,447.391,-3.294,relaxed_wt_1_A_86_D_rep1.pdb
-89.112,0.642,-1300.662,1.676,-718.671,-0.955,450.123,-0.562,relaxed_wt_1_A_32_D_rep2.pdb
-89.55,0.205,-1302.025,0.313,-718.854,-1.137,447.179,-3.506,relaxed_wt_1_A_86_A_rep5.pdb
-89.668,0.086,-1300.78,1.558,-719.179,-1.463,451.125,0.44,relaxed_wt_1_A_31_N_rep4.pdb
-90.714,-0.959,-1300.526,1.812,-718.8,-1.083,446.337,-4.348,relaxed_wt_1_B_54_C_rep4.pdb
-90.046,-0.292,-1298.693,3.645,-718.045,-0.328,451.859,1.174,relaxed_wt_1_A_83_W_rep1.pdb
-89.289,0.465,-1300.635,1.703,-718.894,-1.178,446.42,-4.265,relaxed_wt_1_A_29_S_rep3.pdb
-91.58,-1.826,-1300.482,1.856,-717.63,0.087,450.869,0.184,relaxed_wt_1_A_32_F_rep1.pdb
-88.027,1.728,-1220.46,81.878,-716.736,0.981,545.377,94.692,relaxed_wt_1_A_72_Y_rep4.pdb
-78.878,10.876,-1092.976,209.362,-718.145,-0.428,677.898,227.213,relaxed_wt_1_B_11_Y_rep3.pdb
-89.316,0.438,-1299.903,2.435,-718.905,-1.188,452.511,1.826,relaxed_wt_1_B_13_C_rep3.pdb
-89.8,-0.046,-1302.134,0.204,-718.678,-0.961,453.815,3.13,relaxed_wt_1_A_24_M_rep3.pdb
-90.806,-1.052,-1299.43,2.908,-718.119,-0.402,451.456,0.771,relaxed_wt_1_A_78_W_rep1.pdb
-80.819,8.935,-1293.699,8.639,-717.862,-0.145,453.956,3.271,relaxed_wt_1_A_35_K_rep4.pdb
-83.346,6.408,-1296.804,5.534,-721.703,-3.986,457.385,6.7,relaxed_wt_1_A_28_Y_rep1.pdb
-91.885,-2.131,-1302.178,0.16,-718.195,-0.478,450.968,0.283,relaxed_wt_1_A_32_H_rep1.pdb
-89.208,0.546,-1302.26,0.077,-719.073,-1.356,450.214,-0.471,relaxed_wt_1_B_100_T_rep4.pdb
-89.397,0.357,-1301.434,0.903,-718.8,-1.084,450.13,-0.555,relaxed_wt_1_A_83_H_rep1.pdb
-89.605,0.149,-1300.472,1.866,-718.926,-1.209,450.621,-0.064,relaxed_wt_1_A_83_A_rep3.pdb
-90.673,-0.919,-1296.844,5.494,-717.76,-0.043,443.188,-7.497,relaxed_wt_1_A_30_F_rep5.pdb
-91.939,-2.184,-1304.21,-1.872,-718.514,-0.797,459.167,8.482,relaxed_wt_1_B_54_L_rep3.pdb
-85.741,4.013,-1303.579,-1.241,-722.928,-5.211,441.399,-9.287,relaxed_wt_1_A_27_T_rep5.pdb
-91.749,-1.995,-1300.406,1.931,-717.257,0.46,446.674,-4.011,relaxed_wt_1_A_32_L_rep3.pdb
-89.455,0.3,-1271.109,31.229,-718.019,-0.302,463.299,12.614,relaxed_wt_1_A_72_H_rep1.pdb
-89.555,0.199,-1303.862,-1.524,-718.912,-1.196,442.429,-8.256,relaxed_wt_1_B_11_A_rep3.pdb
-90.512,-0.757,-1302.467,-0.129,-718.829,-1.112,448.898,-1.788,relaxed_wt_1_B_101_C_rep3.pdb
-91.482,-1.728,-1303.196,-0.858,-718.83,-1.114,447.227,-3.458,relaxed_wt_1_B_56_I_rep3.pdb
-89.528,0.226,-1300.141,2.197,-718.7,-0.983,450.311,-0.374,relaxed_wt_1_A_83_C_rep1.pdb
-82.668,7.086,-1271.898,30.44,-718.52,-0.803,471.09,20.404,relaxed_wt_1_A_38_P_rep3.pdb
-89.601,0.153,-1275.371,26.967,-718.002,-0.285,457.898,7.213,relaxed_wt_1_A_72_K_rep2.pdb
-89.53,0.224,-1299.759,2.579,-718.909,-1.192,445.623,-5.062,relaxed_wt_1_A_22_D_rep5.pdb
-89.727,0.027,-1304.219,-1.881,-718.838,-1.122,446.173,-4.512,relaxed_wt_1_B_12_D_rep1.pdb
-88.517,1.237,-1298.635,3.702,-719.133,-1.416,451.227,0.541,relaxed_wt_1_B_58_S_rep3.pdb
-89.689,0.065,-1301.448,0.89,-718.797,-1.08,450.083,-0.602,relaxed_wt_1_B_12_W_rep5.pdb
-89.444,0.31,-1304.203,-1.865,-718.999,-1.282,445.795,-4.89,relaxed_wt_1_B_59_E_rep3.pdb
-89.763,-0.009,-1053.212,249.126,-718.83,-1.113,705.207,254.522,relaxed_wt_1_B_17_P_rep2.pdb
-85.291,4.464,-1298.231,4.107,-718.605,-0.888,450.959,0.274,relaxed_wt_1_A_77_E_rep4.pdb
-87.35,2.404,-1295.942,6.396,-717.203,0.513,453.012,2.327,relaxed_wt_1_A_75_L_rep5.pdb
-87.337,2.418,-1304.934,-2.596,-721.932,-4.215,447.941,-2.744,relaxed_wt_1_A_28_D_rep3.pdb
-89.899,-0.145,-1304.508,-2.17,-719.026,-1.309,443.663,-7.022,relaxed_wt_1_B_17_Q_rep2.pdb
-89.273,0.481,-1302.587,-0.249,-719.209,-1.492,449.409,-1.276,relaxed_wt_1_B_101_Y_rep2.pdb
-89.583,0.171,-1303.155,-0.817,-718.871,-1.155,450.137,-0.548,relaxed_wt_1_A_71_T_rep4.pdb
-88.786,0.968,-1300.178,2.16,-718.891,-1.175,451.853,1.168,relaxed_wt_1_A_85_S_rep5.pdb
-86.508,3.246,-1291.663,10.674,-714.998,2.719,460.556,9.871,relaxed_wt_1_A_84_W_rep4.pdb
-88.48,1.274,-1298.144,4.194,-718.848,-1.131,456.105,5.42,relaxed_wt_1_B_13_K_rep4.pdb
-89.275,0.479,-1302.973,-0.635,-718.95,-1.233,448.371,-2.314,relaxed_wt_1_B_102_C_rep5.pdb
-90.564,-0.809,-1180.697,121.641,-718.19,-0.474,574.583,123.898,relaxed_wt_1_B_98_P_rep4.pdb
-88.848,0.906,-1301.505,0.833,-718.887,-1.17,444.288,-6.397,relaxed_wt_1_A_26_T_rep1.pdb
-89.482,0.272,-1298.508,3.83,-718.927,-1.211,450.941,0.256,relaxed_wt_1_A_23_M_rep5.pdb
-86.877,2.877,-1299.09,3.248,-718.141,-0.425,451.108,0.423,relaxed_wt_1_A_81_Y_rep5.pdb
-89.461,0.293,-1305.992,-3.654,-718.9,-1.183,444.46,-6.225,relaxed_wt_1_B_98_Q_rep4.pdb
-82.402,7.352,-1293.474,8.864,-718.432,-0.715,452.406,1.721,relaxed_wt_1_A_84_D_rep1.pdb
-89.805,-0.051,-1301.143,1.195,-717.67,0.047,444.56,-6.125,relaxed_wt_1_B_15_H_rep2.pdb
-87.522,2.232,-1303.99,-1.652,-719.858,-2.141,445.957,-4.728,relaxed_wt_1_A_27_M_rep2.pdb
-89.362,0.392,-1303.446,-1.108,-718.923,-1.207,446.073,-4.612,relaxed_wt_1_B_57_N_rep2.pdb
-89.555,0.199,-1303.777,-1.439,-718.892,-1.175,447.703,-2.982,relaxed_wt_1_A_41_P_rep1.pdb
-89.475,0.28,-1271.706,30.632,-718.575,-0.858,477.057,26.372,relaxed_wt_1_B_11_N_rep3.pdb
-90.043,-0.289,-1291.968,10.37,-718.668,-0.951,460.981,10.296,relaxed_wt_1_A_31_F_rep3.pdb
-89.059,0.696,-1301.04,1.298,-718.865,-1.149,448.876,-1.809,relaxed_wt_1_B_13_R_rep3.pdb
-88.791,0.963,-1299.651,2.687,-719.069,-1.352,447.138,-3.547,relaxed_wt_1_A_74_I_rep4.pdb
-89.67,0.084,-1300.845,1.493,-718.865,-1.148,452.427,1.742,relaxed_wt_1_A_24_L_rep4.pdb
-89.725,0.029,-1301.486,0.851,-718.866,-1.149,447.859,-2.826,relaxed_wt_1_A_24_N_rep1.pdb
-89.55,0.204,-1304.177,-1.839,-719.443,-1.726,451.202,0.517,relaxed_wt_1_A_73_R_rep5.pdb
-89.604,0.151,-1305.175,-2.837,-719.036,-1.319,444.925,-5.76,relaxed_wt_1_A_78_D_rep2.pdb
-91.169,-1.415,-1300.689,1.649,-716.004,1.713,440.713,-9.972,relaxed_wt_1_B_15_Y_rep3.pdb
-89.379,0.375,-1299.708,2.629,-718.999,-1.282,450.603,-0.082,relaxed_wt_1_B_59_A_rep3.pdb
-89.551,0.203,-1303.729,-1.391,-718.905,-1.189,446.643,-4.043,relaxed_wt_1_B_59_Q_rep1.pdb
-89.57,0.184,-1298.628,3.71,-718.899,-1.183,450.29,-0.395,relaxed_wt_1_B_14_S_rep3.pdb
-89.345,0.409,-1294.027,8.311,-718.889,-1.173,461.602,10.917,relaxed_wt_1_B_13_D_rep4.pdb
-90.237,-0.483,-1303.093,-0.755,-718.326,-0.609,447.637,-3.048,relaxed_wt_1_A_33_R_rep2.pdb
-87.215,2.539,-1300.238,2.1,-718.901,-1.184,447.218,-3.467,relaxed_wt_1_A_77_T_rep3.pdb
-89.76,-0.006,-1298.955,3.383,-718.791,-1.075,452.596,1.911,relaxed_wt_1_A_76_H_rep2.pdb
-88.693,1.061,-1284.89,17.448,-718.983,-1.266,457.698,7.013,relaxed_wt_1_A_87_V_rep1.pdb
-89.279,0.475,-1304.133,-1.795,-719.256,-1.54,444.816,-5.869,relaxed_wt_1_A_74_V_rep1.pdb
-89.542,0.212,-1303.603,-1.265,-719.023,-1.307,446.116,-4.569,relaxed_wt_1_A_26_Y_rep2.pdb
-89.891,-0.137,-1298.541,3.797,-718.767,-1.05,452.895,2.21,relaxed_wt_1_A_31_E_rep4.pdb
-89.034,0.72,-1300.359,1.979,-719.0,-1.283,449.118,-1.567,relaxed_wt_1_A_26_N_rep4.pdb
-90.542,-0.788,-1301.029,1.309,-718.558,-0.842,447.869,-2.816,relaxed_wt_1_A_32_V_rep2.pdb
-91.196,-1.442,-1298.687,3.651,-717.536,0.181,458.493,7.808,relaxed_wt_1_A_82_M_rep1.pdb
-89.666,0.088,-1299.272,3.066,-718.928,-1.211,450.251,-0.434,relaxed_wt_1_B_14_G_rep5.pdb
-89.162,0.592,-1303.835,-1.497,-718.33,-0.613,447.151,-3.534,relaxed_wt_1_A_33_S_rep3.pdb
-89.7,0.054,-1301.757,0.581,-718.469,-0.752,446.963,-3.722,relaxed_wt_1_B_56_Y_rep2.pdb
-87.628,2.126,-1299.721,2.617,-718.105,-0.389,451.41,0.725,relaxed_wt_1_A_33_H_rep3.pdb
-90.021,-0.267,-1297.768,4.57,-718.748,-1.031,450.803,0.118,relaxed_wt_1_A_39_M_rep4.pdb
-91.794,-2.04,-1301.943,0.395,-717.24,0.477,441.959,-8.726,relaxed_wt_1_A_34_C_rep2.pdb
-89.687,0.067,-1302.148,0.19,-718.392,-0.675,448.753,-1.933,relaxed_wt_1_B_56_Y_rep1.pdb
-90.62,-0.866,-1291.521,10.817,-717.068,0.649,441.356,-9.329,relaxed_wt_1_A_30_Y_rep3.pdb
-72.015,17.739,-1086.792,215.546,-672.833,44.884,469.164,18.479,relaxed_wt_1_A_30_P_rep4.pdb
-87.91,1.844,-1261.733,40.605,-716.24,1.476,445.415,-5.27,relaxed_wt_1_A_25_W_rep2.pdb
-89.922,-0.167,-1302.139,0.199,-718.71,-0.993,447.377,-3.308,relaxed_wt_1_A_24_V_rep4.pdb
-88.471,1.283,-1300.156,2.182,-718.877,-1.16,450.569,-0.116,relaxed_wt_1_A_26_K_rep1.pdb
-89.536,0.218,-1256.641,45.697,-715.511,2.206,323.366,-127.319,relaxed_wt_1_B_14_I_rep5.pdb
-89.938,-0.183,-1296.826,5.511,-718.8,-1.083,453.622,2.937,relaxed_wt_1_A_31_S_rep1.pdb
-88.467,1.287,-1299.672,2.666,-716.479,1.237,434.068,-16.617,relaxed_wt_1_B_15_L_rep5.pdb
-80.641,9.113,-1293.715,8.623,-718.0,-0.283,454.979,4.294,relaxed_wt_1_A_35_K_rep2.pdb
-88.008,1.746,-1301.551,0.787,-718.649,-0.933,445.82,-4.865,relaxed_wt_1_B_101_N_rep1.pdb
-86.728,3.026,-1298.674,3.664,-717.729,-0.012,442.101,-8.584,relaxed_wt_1_B_15_V_rep3.pdb
-90.269,-0.515,-1301.498,0.84,-718.254,-0.537,452.68,1.995,relaxed_wt_1_A_35_V_rep5.pdb
-89.622,0.132,-1304.08,-1.742,-718.856,-1.139,446.381,-4.304,relaxed_wt_1_B_12_M_rep3.pdb
-89.533,0.221,-1303.141,-0.803,-718.898,-1.181,452.183,1.497,relaxed_wt_1_A_71_E_rep3.pdb
-89.676,0.078,-1299.494,2.844,-718.779,-1.062,450.85,0.165,relaxed_wt_1_A_41_S_rep4.pdb
-87.817,1.938,-1299.554,2.784,-717.919,-0.202,448.618,-2.067,relaxed_wt_1_A_33_E_rep4.pdb
-88.43,1.324,-1299.398,2.94,-719.419,-1.702,449.072,-1.613,relaxed_wt_1_A_80_C_rep1.pdb
-91.323,-1.568,-1255.989,46.349,-716.782,0.935,438.51,-12.175,relaxed_wt_1_B_14_W_rep1.pdb
-89.537,0.217,-1296.702,5.636,-717.972,-0.255,459.332,8.647,relaxed_wt_1_A_82_H_rep5.pdb
-86.793,2.961,-1300.195,2.143,-720.921,-3.204,453.702,3.017,relaxed_wt_1_A_27_F_rep3.pdb
-78.843,10.911,-1282.442,19.895,-717.313,0.404,462.69,12.005,relaxed_wt_1_A_77_P_rep3.pdb
-90.226,-0.472,-1278.691,23.647,-716.88,0.837,452.47,1.785,relaxed_wt_1_A_39_R_rep3.pdb
-88.582,1.173,-1300.854,1.484,-718.465,-0.748,449.99,-0.695,relaxed_wt_1_B_102_K_rep5.pdb
-89.607,0.147,-1280.948,21.39,-718.74,-1.023,462.476,11.791,relaxed_wt_1_A_25_K_rep4.pdb
-89.843,-0.089,-1293.927,8.411,-718.609,-0.892,454.86,4.175,relaxed_wt_1_B_14_C_rep1.pdb
-87.736,2.018,-1261.613,40.725,-721.676,-3.959,178.53,-272.155,relaxed_wt_1_A_22_F_rep3.pdb
-89.559,0.195,-1304.165,-1.827,-718.856,-1.14,447.099,-3.586,relaxed_wt_1_B_12_S_rep1.pdb
-87.013,2.741,-1261.155,41.183,-715.439,2.277,460.603,9.917,relaxed_wt_1_A_72_W_rep3.pdb
-88.686,1.068,-1153.957,148.381,-718.752,-1.036,585.447,134.762,relaxed_wt_1_A_87_P_rep4.pdb
-89.601,0.153,-1275.371,26.967,-718.002,-0.285,457.898,7.213,relaxed_wt_1_A_72_K_rep1.pdb
-87.866,1.888,-1305.15,-2.812,-721.355,-3.638,447.618,-3.067,relaxed_wt_1_A_28_A_rep3.pdb
-89.549,0.205,-1303.747,-1.409,-718.901,-1.184,448.182,-2.503,relaxed_wt_1_A_87_A_rep2.pdb
-86.718,3.036,-1291.1,11.238,-715.945,1.772,475.988,25.303,relaxed_wt_1_A_41_N_rep4.pdb
-80.556,9.199,-1284.529,17.809,-717.314,0.403,462.047,11.362,relaxed_wt_1_A_77_P_rep1.pdb
-89.605,0.149,-1301.742,0.596,-718.975,-1.258,448.762,-1.923,relaxed_wt_1_B_12_G_rep1.pdb
-90.146,-0.392,-1300.979,1.359,-718.767,-1.05,451.041,0.356,relaxed_wt_1_A_76_T_rep3.pdb
-87.231,2.523,-1301.172,1.166,-721.536,-3.819,452.153,1.468,relaxed_wt_1_A_27_F_rep4.pdb
-89.63,0.125,-1303.658,-1.32,-718.915,-1.198,446.509,-4.176,relaxed_wt_1_A_26_S_rep1.pdb
-88.644,1.111,-1301.352,0.985,-718.818,-1.101,449.109,-1.577,relaxed_wt_1_A_85_L_rep3.pdb
-88.166,1.588,-1293.291,9.047,-719.033,-1.316,457.003,6.318,relaxed_wt_1_A_30_M_rep4.pdb
-90.173,-0.419,-1297.789,4.549,-718.747,-1.03,451.131,0.446,relaxed_wt_1_A_39_M_rep5.pdb
-91.003,-1.249,-1301.254,1.084,-716.71,1.007,444.333,-6.352,relaxed_wt_1_B_15_D_rep5.pdb
-89.432,0.322,-1299.264,3.074,-718.852,-1.135,451.114,0.429,relaxed_wt_1_B_59_N_rep2.pdb
-89.465,0.289,-1301.1,1.238,-718.955,-1.238,449.259,-1.426,relaxed_wt_1_A_23_H_rep1.pdb
-89.568,0.186,-1304.767,-2.429,-718.348,-0.632,444.656,-6.029,relaxed_wt_1_A_73_Y_rep1.pdb
-88.837,0.917,-1299.665,2.673,-718.963,-1.247,450.67,-0.015,relaxed_wt_1_B_58_A_rep3.pdb
-89.584,0.17,-1298.993,3.345,-719.0,-1.283,451.321,0.636,relaxed_wt_1_B_17_I_rep3.pdb
-88.266,1.488,-1302.873,-0.535,-719.008,-1.292,446.478,-4.207,relaxed_wt_1_A_81_R_rep5.pdb
-90.314,-0.56,-1300.398,1.94,-717.637,0.079,450.961,0.276,relaxed_wt_1_A_33_Y_rep4.pdb
-89.799,-0.045,-1294.261,8.077,-718.813,-1.096,454.575,3.89,relaxed_wt_1_B_14_C_rep5.pdb
-90.709,-0.955,-1299.864,2.474,-718.609,-0.892,449.487,-1.198,relaxed_wt_1_B_98_L_rep4.pdb
-89.557,0.198,-1304.177,-1.84,-718.939,-1.222,446.652,-4.033,relaxed_wt_1_A_33_T_rep3.pdb
-89.542,0.212,-1303.681,-1.343,-718.896,-1.179,446.424,-4.261,relaxed_wt_1_B_98_K_rep3.pdb
-89.484,0.271,-1301.735,0.603,-718.894,-1.178,450.888,0.203,relaxed_wt_1_A_21_T_rep4.pdb
-85.401,4.353,-1298.413,3.925,-719.946,-2.229,449.228,-1.457,relaxed_wt_1_A_77_S_rep4.pdb
-82.778,6.976,-1273.181,29.157,-717.6,0.117,473.403,22.718,relaxed_wt_1_A_38_P_rep1.pdb
-90.113,-0.359,-1297.83,4.508,-718.771,-1.054,451.16,0.475,relaxed_wt_1_A_39_M_rep2.pdb
-87.137,2.617,-1300.722,1.616,-718.351,-0.634,448.031,-2.654,relaxed_wt_1_B_101_D_rep2.pdb
-89.475,0.279,-1302.622,-0.284,-718.707,-0.99,448.225,-2.46,relaxed_wt_1_B_102_I_rep3.pdb
-88.86,0.894,-1303.555,-1.217,-719.001,-1.284,447.132,-3.553,relaxed_wt_1_B_57_D_rep4.pdb
-86.302,3.452,-1301.973,0.365,-719.031,-1.314,445.231,-5.454,relaxed_wt_1_A_35_S_rep2.pdb
-89.631,0.123,-1304.337,-1.999,-718.999,-1.282,447.657,-3.028,relaxed_wt_1_B_12_D_rep5.pdb
-90.676,-0.921,-1301.549,0.789,-717.72,-0.003,454.571,3.886,relaxed_wt_1_A_82_L_rep2.pdb
-89.392,0.362,-1299.801,2.537,-718.672,-0.955,453.304,2.618,relaxed_wt_1_A_30_T_rep1.pdb
-91.974,-2.219,-1301.483,0.854,-716.805,0.911,446.93,-3.755,relaxed_wt_1_A_36_L_rep4.pdb
-89.562,0.192,-1300.445,1.893,-718.958,-1.241,446.217,-4.468,relaxed_wt_1_B_17_W_rep1.pdb
-89.509,0.245,-1300.291,2.047,-718.942,-1.225,448.798,-1.888,relaxed_wt_1_A_83_C_rep2.pdb
