dG_interface,ddG_interface,dG_complex,ddG_complex,dG_receptor,ddG_receptor,dG_ligand,ddG_ligand,description
-84.045,0.0,-1288.422,0.0,-714.262,0.0,473.914,0.0,relaxed_ortho_3.pdb
-85.527,-1.483,-1286.616,1.806,-714.369,-0.107,487.668,13.754,relaxed_ortho_3_B_56_C_rep5.pdb
-83.936,0.108,-1289.964,-1.543,-714.312,-0.05,472.868,-1.046,relaxed_ortho_3_B_12_N_rep2.pdb
-77.493,6.552,-1274.156,14.265,-714.008,0.254,483.176,9.262,relaxed_ortho_3_A_77_P_rep4.pdb
-82.796,1.248,-1286.443,1.979,-714.399,-0.137,473.953,0.039,relaxed_ortho_3_A_81_E_rep5.pdb
-79.104,4.941,-1281.676,6.746,-713.22,1.042,482.251,8.337,relaxed_ortho_3_A_82_K_rep2.pdb
-83.445,0.6,-1282.178,6.244,-714.501,-0.239,475.173,1.259,relaxed_ortho_3_B_13_G_rep5.pdb
-83.524,0.521,-1262.349,26.073,-714.339,-0.077,499.535,25.621,relaxed_ortho_3_A_72_H_rep2.pdb
-83.772,0.272,-1285.724,2.698,-713.861,0.401,477.812,3.899,relaxed_ortho_3_A_85_S_rep1.pdb
-66.342,17.702,-1244.989,43.432,-711.935,2.327,530.33,56.416,relaxed_ortho_3_A_41_L_rep2.pdb
-78.982,5.062,-1281.334,7.088,-713.912,0.35,475.741,1.827,relaxed_ortho_3_B_58_E_rep2.pdb
-82.829,1.216,-1284.702,3.72,-714.618,-0.356,476.749,2.836,relaxed_ortho_3_A_81_F_rep2.pdb
-88.505,-4.46,-1277.986,10.436,-713.669,0.593,489.084,15.17,relaxed_ortho_3_A_30_Y_rep2.pdb
-83.08,0.965,-1284.153,4.269,-713.581,0.681,479.909,5.996,relaxed_ortho_3_A_29_R_rep4.pdb
-83.801,0.243,-1287.831,0.59,-714.081,0.181,473.528,-0.386,relaxed_ortho_3_B_100_E_rep2.pdb
-79.255,4.789,-1287.198,1.224,-716.905,-2.643,469.289,-4.625,relaxed_ortho_3_A_35_Q_rep1.pdb
-83.107,0.938,-1288.459,-0.038,-713.523,0.739,474.726,0.812,relaxed_ortho_3_A_86_L_rep4.pdb
-83.948,0.096,-1283.432,4.99,-714.491,-0.229,480.601,6.687,relaxed_ortho_3_A_21_G_rep2.pdb
-83.87,0.175,-1284.915,3.507,-714.352,-0.09,478.441,4.527,relaxed_ortho_3_A_23_E_rep2.pdb
-85.636,-1.591,-1285.046,3.376,-714.444,-0.182,480.565,6.651,relaxed_ortho_3_A_76_A_rep3.pdb
-85.632,-1.587,-1290.588,-2.166,-710.764,3.498,471.242,-2.672,relaxed_ortho_3_A_73_F_rep1.pdb
-86.996,-2.952,-1287.837,0.585,-713.565,0.697,475.665,1.751,relaxed_ortho_3_A_26_Y_rep5.pdb
-84.19,-0.145,-1288.135,0.287,-714.327,-0.065,479.083,5.169,relaxed_ortho_3_B_56_K_rep3.pdb
-84.276,-0.232,-1287.732,0.69,-714.229,0.033,474.853,0.939,relaxed_ortho_3_B_100_Y_rep3.pdb
-75.783,8.262,-1280.876,7.546,-712.575,1.687,474.69,0.776,relaxed_ortho_3_A_35_L_rep3.pdb
-84.354,-0.309,-1284.586,3.836,-714.011,0.251,478.937,5.023,relaxed_ortho_3_A_87_Q_rep4.pdb
-84.164,-0.119,-1287.08,1.341,-714.524,-0.262,475.26,1.346,relaxed_ortho_3_B_57_T_rep5.pdb
-83.169,0.876,-1286.843,1.579,-713.134,1.128,476.313,2.399,relaxed_ortho_3_A_32_L_rep4.pdb
-83.878,0.167,-1279.725,8.696,-714.025,0.237,485.36,11.446,relaxed_ortho_3_A_76_P_rep5.pdb
-82.967,1.078,-1287.725,0.697,-713.29,0.972,475.262,1.349,relaxed_ortho_3_A_71_A_rep1.pdb
-83.036,1.009,-1287.837,0.584,-713.351,0.911,474.36,0.446,relaxed_ortho_3_A_86_Q_rep3.pdb
-84.713,-0.669,-1285.551,2.871,-714.372,-0.11,476.351,2.437,relaxed_ortho_3_A_83_F_rep1.pdb
-83.593,0.451,-1286.674,1.747,-713.691,0.571,477.071,3.157,relaxed_ortho_3_B_54_M_rep5.pdb
-84.735,-0.69,-1265.743,22.679,-714.019,0.243,443.757,-30.157,relaxed_ortho_3_A_25_R_rep5.pdb
-84.479,-0.435,-1280.412,8.009,-713.689,0.573,483.22,9.306,relaxed_ortho_3_A_37_Q_rep3.pdb
-89.78,-5.735,-1278.542,9.88,-714.333,-0.071,484.899,10.985,relaxed_ortho_3_A_37_R_rep3.pdb
-83.919,0.126,-1279.671,8.75,-713.876,0.385,484.663,10.749,relaxed_ortho_3_A_76_P_rep2.pdb
-81.7,2.344,-1285.676,2.745,-714.803,-0.541,474.383,0.469,relaxed_ortho_3_A_78_D_rep5.pdb
-84.203,-0.159,-1282.134,6.287,-714.124,0.138,481.122,7.208,relaxed_ortho_3_A_87_M_rep2.pdb
-83.772,0.272,-1282.555,5.867,-714.231,0.031,480.7,6.786,relaxed_ortho_3_A_29_W_rep4.pdb
-83.016,1.029,-1288.483,-0.061,-713.275,0.987,474.207,0.294,relaxed_ortho_3_A_32_R_rep1.pdb
-83.977,0.068,-1257.277,31.145,-714.121,0.141,504.888,30.974,relaxed_ortho_3_B_11_D_rep2.pdb
-81.421,2.624,-1272.366,16.056,-710.522,3.74,494.76,20.847,relaxed_ortho_3_A_41_W_rep4.pdb
-82.81,1.234,-1287.91,0.512,-714.231,0.031,475.608,1.694,relaxed_ortho_3_B_100_E_rep3.pdb
-91.27,-7.225,-1289.992,-1.57,-714.091,0.17,480.366,6.452,relaxed_ortho_3_A_26_R_rep4.pdb
-87.569,-3.524,-1271.709,16.712,-712.433,1.829,473.884,-0.03,relaxed_ortho_3_A_37_P_rep4.pdb
-82.607,1.438,-1285.084,3.338,-713.575,0.687,477.041,3.128,relaxed_ortho_3_B_101_F_rep5.pdb
-84.406,-0.361,-1278.746,9.676,-714.117,0.145,478.63,4.716,relaxed_ortho_3_A_72_I_rep1.pdb
-79.167,4.878,-1281.561,6.861,-713.011,1.251,465.687,-8.227,relaxed_ortho_3_A_84_V_rep3.pdb
-75.809,8.235,-1277.076,11.346,-714.739,-0.477,483.327,9.413,relaxed_ortho_3_A_77_K_rep5.pdb
-72.234,11.811,-1189.594,98.827,-682.944,31.318,534.926,61.013,relaxed_ortho_3_A_74_P_rep4.pdb
-83.706,0.339,-1278.391,10.031,-713.831,0.431,485.101,11.187,relaxed_ortho_3_A_74_W_rep5.pdb
-84.206,-0.161,-1244.364,44.058,-714.086,0.176,449.819,-24.094,relaxed_ortho_3_A_23_I_rep5.pdb
-83.823,0.221,-1281.619,6.803,-714.362,-0.1,478.314,4.4,relaxed_ortho_3_A_22_P_rep1.pdb
-82.971,1.073,-1281.759,6.663,-713.74,0.522,482.473,8.559,relaxed_ortho_3_A_85_G_rep3.pdb
-84.795,-0.75,-1246.781,41.64,-711.858,2.404,521.117,47.204,relaxed_ortho_3_B_14_K_rep4.pdb
-83.096,0.948,-1286.818,1.604,-713.574,0.688,478.331,4.417,relaxed_ortho_3_A_25_V_rep3.pdb
-87.738,-3.693,-1282.094,6.328,-714.256,0.006,483.547,9.633,relaxed_ortho_3_A_31_L_rep4.pdb
-84.829,-0.785,-1285.497,2.925,-714.439,-0.177,480.571,6.657,relaxed_ortho_3_A_74_L_rep4.pdb
-80.318,3.727,-1283.182,5.24,-714.502,-0.24,476.573,2.659,relaxed_ortho_3_A_77_N_rep3.pdb
-78.317,5.727,-1281.521,6.901,-714.532,-0.27,475.79,1.876,relaxed_ortho_3_A_38_G_rep3.pdb
-82.763,1.282,-1251.199,37.223,-714.071,0.191,504.239,30.325,relaxed_ortho_3_B_59_P_rep3.pdb
-86.138,-2.093,-1285.32,3.102,-713.641,0.621,479.245,5.331,relaxed_ortho_3_A_26_T_rep4.pdb
-86.418,-2.373,-1286.439,1.983,-714.391,-0.129,480.127,6.213,relaxed_ortho_3_B_54_V_rep2.pdb
-82.103,1.942,-1285.392,3.03,-714.653,-0.391,477.664,3.751,relaxed_ortho_3_B_57_A_rep1.pdb
-80.78,3.265,-1284.414,4.008,-711.854,2.408,475.504,1.59,relaxed_ortho_3_B_15_L_rep4.pdb
-74.737,9.308,-1280.643,7.779,-713.306,0.956,476.061,2.147,relaxed_ortho_3_A_40_K_rep3.pdb
-83.94,0.104,-1287.735,0.687,-713.484,0.778,477.455,3.541,relaxed_ortho_3_A_76_Q_rep5.pdb
-77.386,6.659,-1288.027,0.395,-716.287,-2.025,466.93,-6.984,relaxed_ortho_3_A_35_K_rep1.pdb
-88.495,-4.451,-1290.633,-2.211,-713.841,0.421,473.756,-0.158,relaxed_ortho_3_A_36_A_rep4.pdb
-83.798,0.247,-1254.866,33.556,-714.01,0.252,507.374,33.46,relaxed_ortho_3_B_14_F_rep3.pdb
-81.327,2.717,-1285.932,2.49,-713.015,1.247,473.865,-0.049,relaxed_ortho_3_A_73_V_rep5.pdb
-83.0,1.044,-1287.331,1.091,-713.267,0.995,476.603,2.689,relaxed_ortho_3_A_86_S_rep1.pdb
-83.57,0.474,-1276.76,11.662,-713.347,0.915,494.796,20.882,relaxed_ortho_3_B_17_Y_rep4.pdb
-83.853,0.192,-1284.889,3.532,-714.362,-0.1,478.338,4.424,relaxed_ortho_3_B_102_H_rep3.pdb
-82.587,1.458,-1276.265,12.157,-713.333,0.929,482.058,8.144,relaxed_ortho_3_A_75_W_rep4.pdb
-82.754,1.29,-1281.403,7.018,-713.72,0.542,483.609,9.695,relaxed_ortho_3_A_30_N_rep1.pdb
-82.58,1.465,-1265.823,22.599,-713.594,0.668,490.535,16.621,relaxed_ortho_3_A_72_Q_rep3.pdb
-84.809,-0.765,-1287.532,0.89,-711.29,2.972,478.535,4.621,relaxed_ortho_3_A_86_T_rep2.pdb
-84.262,-0.217,-1285.132,3.289,-713.976,0.286,487.18,13.266,relaxed_ortho_3_A_24_L_rep2.pdb
-84.334,-0.289,-1289.518,-1.096,-713.202,1.06,474.115,0.201,relaxed_ortho_3_B_101_M_rep2.pdb
-86.017,-1.973,-1285.341,3.081,-713.646,0.616,479.984,6.07,relaxed_ortho_3_A_26_T_rep2.pdb
-80.789,3.256,-1283.181,5.24,-712.523,1.739,475.955,2.041,relaxed_ortho_3_B_15_G_rep4.pdb
-82.952,1.093,-1288.608,-0.186,-713.433,0.829,475.139,1.225,relaxed_ortho_3_A_29_L_rep2.pdb
-76.974,7.071,-1282.154,6.268,-714.354,-0.092,473.668,-0.246,relaxed_ortho_3_A_84_L_rep1.pdb
-82.237,1.807,-1288.84,-0.418,-713.397,0.865,476.519,2.605,relaxed_ortho_3_B_101_S_rep3.pdb
-83.184,0.861,-1286.902,1.519,-713.677,0.585,478.293,4.379,relaxed_ortho_3_A_85_R_rep4.pdb
-84.036,0.008,-1285.676,2.746,-714.284,-0.022,477.44,3.527,relaxed_ortho_3_A_29_T_rep5.pdb
-84.051,-0.006,-1284.247,4.175,-714.132,0.13,476.336,2.422,relaxed_ortho_3_A_24_P_rep1.pdb
-82.347,1.698,-1289.75,-1.328,-713.511,0.75,472.834,-1.08,relaxed_ortho_3_B_13_P_rep1.pdb
-82.25,1.794,-1280.352,8.07,-714.31,-0.048,483.065,9.151,relaxed_ortho_3_A_82_C_rep1.pdb
-82.227,1.817,-1288.562,-0.14,-713.145,1.117,471.647,-2.267,relaxed_ortho_3_B_101_S_rep1.pdb
-82.258,1.786,-1284.444,3.978,-714.316,-0.054,479.01,5.097,relaxed_ortho_3_A_28_I_rep1.pdb
-83.987,0.057,-1287.417,1.005,-713.556,0.706,477.23,3.316,relaxed_ortho_3_B_101_C_rep4.pdb
-85.219,-1.174,-1284.887,3.535,-714.392,-0.13,480.299,6.385,relaxed_ortho_3_B_58_I_rep1.pdb
-82.988,1.056,-1287.497,0.924,-713.517,0.745,476.919,3.005,relaxed_ortho_3_A_32_K_rep5.pdb
-87.454,-3.41,-1252.677,35.745,-709.885,4.377,521.42,47.506,relaxed_ortho_3_B_11_W_rep4.pdb
-82.972,1.072,-1277.465,10.956,-713.639,0.623,484.711,10.797,relaxed_ortho_3_A_72_G_rep4.pdb
-82.454,1.59,-1287.838,0.584,-714.077,0.185,474.489,0.575,relaxed_ortho_3_A_78_V_rep1.pdb
-82.877,1.167,-1281.631,6.791,-713.301,0.961,471.917,-1.997,relaxed_ortho_3_A_22_D_rep3.pdb
-74.978,9.067,-1269.915,18.507,-714.065,0.197,484.184,10.27,relaxed_ortho_3_A_82_H_rep5.pdb
-83.754,0.29,-1279.839,8.583,-714.414,-0.152,474.29,0.376,relaxed_ortho_3_A_23_T_rep5.pdb
-82.829,1.216,-1287.042,1.38,-713.605,0.657,476.821,2.907,relaxed_ortho_3_B_100_V_rep5.pdb
-85.389,-1.344,-1280.117,8.305,-713.326,0.936,481.406,7.492,relaxed_ortho_3_A_37_Q_rep4.pdb
-83.012,1.032,-1287.965,0.457,-713.503,0.759,475.592,1.678,relaxed_ortho_3_A_86_Q_rep1.pdb
-83.984,0.061,-1286.687,1.735,-714.336,-0.074,476.691,2.777,relaxed_ortho_3_A_29_D_rep1.pdb
-77.581,6.464,-1283.568,4.854,-712.812,1.45,477.205,3.291,relaxed_ortho_3_A_40_T_rep4.pdb
-82.672,1.372,-1286.968,1.454,-714.197,0.065,487.725,13.811,relaxed_ortho_3_B_56_D_rep5.pdb
-82.775,1.27,-1280.71,7.712,-713.069,1.193,486.784,12.87,relaxed_ortho_3_A_41_T_rep2.pdb
-83.581,0.463,-1285.859,2.563,-714.318,-0.056,476.623,2.709,relaxed_ortho_3_B_100_L_rep2.pdb
-82.82,1.225,-1285.082,3.34,-713.247,1.015,470.017,-3.897,relaxed_ortho_3_B_58_H_rep2.pdb
-83.336,0.708,-1287.054,1.368,-713.321,0.941,474.395,0.481,relaxed_ortho_3_A_33_Y_rep1.pdb
-80.535,3.509,-1284.968,3.454,-713.298,0.963,478.065,4.151,relaxed_ortho_3_A_36_K_rep2.pdb
-75.783,8.261,-1280.749,7.672,-712.43,1.832,472.487,-1.427,relaxed_ortho_3_A_35_L_rep5.pdb
-87.149,-3.104,-1281.39,7.032,-713.692,0.57,483.241,9.327,relaxed_ortho_3_A_37_S_rep1.pdb
-81.807,2.238,-1285.82,2.602,-714.268,-0.006,475.603,1.689,relaxed_ortho_3_B_101_G_rep5.pdb
-82.628,1.417,-1287.044,1.378,-714.182,0.08,474.851,0.937,relaxed_ortho_3_A_86_I_rep2.pdb
-83.012,1.033,-1288.667,-0.245,-713.601,0.661,475.242,1.328,relaxed_ortho_3_A_31_D_rep4.pdb
-81.022,3.022,-1287.918,0.504,-714.417,-0.155,473.626,-0.288,relaxed_ortho_3_B_55_H_rep3.pdb
-82.598,1.447,-1283.068,5.354,-714.096,0.166,481.273,7.359,relaxed_ortho_3_A_21_L_rep3.pdb
-83.12,0.924,-1286.316,2.106,-714.415,-0.153,475.721,1.807,relaxed_ortho_3_B_102_E_rep3.pdb
-84.679,-0.635,-1246.83,41.592,-711.443,2.819,521.705,47.791,relaxed_ortho_3_B_14_K_rep5.pdb
-84.955,-0.911,-1265.769,22.652,-713.742,0.52,454.241,-19.673,relaxed_ortho_3_B_11_W_rep2.pdb
-83.199,0.845,-1286.782,1.64,-713.607,0.655,478.149,4.235,relaxed_ortho_3_A_85_R_rep1.pdb
-83.584,0.46,-1285.343,3.079,-714.333,-0.071,470.831,-3.083,relaxed_ortho_3_B_13_C_rep2.pdb
-85.487,-1.443,-1279.157,9.265,-713.273,0.989,475.552,1.639,relaxed_ortho_3_A_74_I_rep4.pdb
-82.328,1.716,-1280.244,8.178,-713.345,0.917,477.611,3.697,relaxed_ortho_3_A_75_H_rep4.pdb
-86.954,-2.909,-1287.871,0.551,-713.609,0.653,476.336,2.422,relaxed_ortho_3_A_26_Y_rep2.pdb
-82.756,1.288,-1283.277,5.145,-713.258,1.004,480.381,6.468,relaxed_ortho_3_A_21_L_rep5.pdb
-84.267,-0.223,-1290.049,-1.628,-713.27,0.992,474.293,0.379,relaxed_ortho_3_A_73_M_rep2.pdb
-83.756,0.288,-1287.315,1.107,-714.403,-0.141,474.121,0.207,relaxed_ortho_3_B_98_C_rep5.pdb
-82.657,1.387,-1284.468,3.954,-711.947,2.315,478.147,4.233,relaxed_ortho_3_B_15_M_rep1.pdb
-83.046,0.998,-1288.756,-0.334,-713.561,0.701,475.039,1.125,relaxed_ortho_3_B_12_M_rep2.pdb
-82.802,1.243,-1281.415,7.007,-713.444,0.818,483.146,9.233,relaxed_ortho_3_A_39_A_rep1.pdb
-85.09,-1.045,-1288.13,0.292,-713.354,0.908,478.2,4.286,relaxed_ortho_3_B_101_R_rep1.pdb
-83.007,1.038,-1282.272,6.15,-713.327,0.935,481.459,7.545,relaxed_ortho_3_A_25_T_rep5.pdb
-81.945,2.099,-1287.518,0.904,-713.186,1.076,474.077,0.163,relaxed_ortho_3_A_73_H_rep4.pdb
-83.131,0.913,-1287.221,1.201,-713.698,0.564,477.078,3.165,relaxed_ortho_3_A_86_Y_rep2.pdb
-82.975,1.069,-1284.219,4.202,-713.245,1.017,478.881,4.967,relaxed_ortho_3_A_23_D_rep2.pdb
-83.322,0.722,-1284.885,3.536,-713.147,1.115,479.654,5.741,relaxed_ortho_3_A_32_H_rep1.pdb
-83.454,0.591,-1285.478,2.943,-714.181,0.081,475.607,1.694,relaxed_ortho_3_B_13_T_rep1.pdb
-83.944,0.101,-1285.765,2.657,-713.902,0.36,476.898,2.984,relaxed_ortho_3_A_33_F_rep4.pdb
-85.489,-1.445,-1289.46,-1.039,-712.996,1.266,476.163,2.249,relaxed_ortho_3_A_26_L_rep1.pdb
-77.386,6.659,-1280.39,8.032,-714.404,-0.142,476.679,2.765,relaxed_ortho_3_A_84_S_rep3.pdb
-83.81,0.235,-1281.095,7.326,-714.094,0.168,474.766,0.853,relaxed_ortho_3_A_25_N_rep5.pdb
-83.784,0.26,-1286.216,2.205,-713.776,0.486,476.155,2.241,relaxed_ortho_3_A_80_Y_rep2.pdb
-87.149,-3.104,-1289.377,-0.955,-714.502,-0.24,473.313,-0.601,relaxed_ortho_3_A_34_M_rep3.pdb
-84.135,-0.091,-1285.721,2.701,-714.368,-0.106,477.997,4.083,relaxed_ortho_3_A_39_I_rep1.pdb
-82.485,1.56,-1285.909,2.513,-714.078,0.184,476.825,2.911,relaxed_ortho_3_A_86_F_rep4.pdb
-78.993,5.052,-1281.888,6.534,-714.171,0.091,479.169,5.256,relaxed_ortho_3_A_77_D_rep2.pdb
-82.98,1.065,-1288.55,-0.128,-713.289,0.973,474.202,0.288,relaxed_ortho_3_A_28_R_rep1.pdb
-83.825,0.219,-1285.624,2.798,-714.316,-0.054,478.621,4.707,relaxed_ortho_3_A_71_Y_rep2.pdb
-83.94,0.105,-1282.06,6.362,-713.632,0.63,490.078,16.164,relaxed_ortho_3_B_17_W_rep1.pdb
-77.947,6.097,-1283.594,4.828,-712.496,1.766,478.118,4.204,relaxed_ortho_3_A_40_T_rep3.pdb
-82.736,1.309,-1284.398,4.024,-714.533,-0.271,478.989,5.075,relaxed_ortho_3_A_23_A_rep3.pdb
-83.015,1.03,-1286.104,2.318,-713.347,0.915,477.135,3.221,relaxed_ortho_3_A_83_Q_rep3.pdb
-82.861,1.184,-1289.139,-0.718,-713.32,0.941,473.75,-0.163,relaxed_ortho_3_B_98_S_rep1.pdb
-82.861,1.184,-1283.755,4.667,-713.421,0.841,481.084,7.17,relaxed_ortho_3_A_85_T_rep1.pdb
-83.041,1.004,-1284.279,4.143,-714.546,-0.284,476.026,2.112,relaxed_ortho_3_A_81_C_rep3.pdb
-87.182,-3.138,-1279.793,8.629,-714.455,-0.193,483.996,10.082,relaxed_ortho_3_A_31_R_rep2.pdb
-85.817,-1.773,-1253.589,34.833,-708.824,5.438,490.583,16.669,relaxed_ortho_3_A_25_Y_rep1.pdb
-82.446,1.598,-1284.59,3.832,-713.385,0.877,476.342,2.428,relaxed_ortho_3_B_58_A_rep4.pdb
-82.874,1.171,-1277.121,11.301,-713.439,0.823,218.381,-255.533,relaxed_ortho_3_A_22_L_rep2.pdb
-83.444,0.6,-1285.683,2.739,-714.449,-0.187,476.872,2.958,relaxed_ortho_3_A_78_I_rep4.pdb
-83.095,0.949,-1286.86,1.561,-713.287,0.975,477.98,4.066,relaxed_ortho_3_A_32_T_rep3.pdb
-82.959,1.085,-1286.163,2.259,-713.48,0.782,477.283,3.369,relaxed_ortho_3_A_83_Q_rep4.pdb
-84.117,-0.072,-1285.095,3.327,-714.458,-0.196,493.666,19.752,relaxed_ortho_3_A_24_H_rep1.pdb
-82.052,1.993,-1289.63,-1.209,-713.925,0.337,472.974,-0.939,relaxed_ortho_3_A_81_V_rep1.pdb
-82.531,1.513,-1289.508,-1.086,-713.559,0.703,477.437,3.523,relaxed_ortho_3_A_73_W_rep3.pdb
-81.773,2.272,-1283.15,5.272,-713.28,0.982,475.172,1.258,relaxed_ortho_3_B_55_M_rep1.pdb
-78.307,5.738,-1273.336,15.086,-712.369,1.893,484.48,10.566,relaxed_ortho_3_A_82_Y_rep1.pdb
-84.254,-0.21,-1284.469,3.953,-714.328,-0.066,480.35,6.436,relaxed_ortho_3_A_87_E_rep4.pdb
-83.585,0.46,-1281.825,6.597,-714.336,-0.074,467.443,-6.471,relaxed_ortho_3_B_13_D_rep1.pdb
-86.998,-2.954,-1282.705,5.717,-714.264,-0.002,485.626,11.712,relaxed_ortho_3_A_31_Q_rep1.pdb
-81.899,2.146,-1281.653,6.769,-713.988,0.274,478.669,4.755,relaxed_ortho_3_A_76_W_rep3.pdb
-82.645,1.399,-1286.106,2.316,-712.465,1.797,478.153,4.239,relaxed_ortho_3_B_102_R_rep4.pdb
-83.069,0.975,-1286.85,1.572,-713.288,0.974,474.864,0.95,relaxed_ortho_3_A_86_A_rep4.pdb
-80.012,4.033,-1281.816,6.606,-713.345,0.917,480.297,6.383,relaxed_ortho_3_A_82_R_rep4.pdb
-79.722,4.323,-1283.155,5.267,-714.265,-0.003,479.761,5.847,relaxed_ortho_3_A_40_T_rep1.pdb
-82.481,1.564,-1281.028,7.393,-713.493,0.769,484.103,10.19,relaxed_ortho_3_A_30_D_rep3.pdb
-85.04,-0.995,-1285.474,2.947,-714.523,-0.261,477.86,3.946,relaxed_ortho_3_A_79_W_rep3.pdb
-82.996,1.048,-1291.176,-2.754,-713.359,0.903,471.655,-2.259,relaxed_ortho_3_B_12_R_rep4.pdb
-82.595,1.45,-1284.066,4.356,-714.112,0.15,470.508,-3.406,relaxed_ortho_3_B_13_K_rep1.pdb
-81.737,2.308,-1283.609,4.812,-713.36,0.902,479.602,5.688,relaxed_ortho_3_A_82_L_rep5.pdb
-83.785,0.259,-1288.441,-0.019,-713.126,1.136,485.025,11.111,relaxed_ortho_3_B_56_H_rep4.pdb
-84.238,-0.193,-1282.005,6.416,-713.997,0.265,481.989,8.075,relaxed_ortho_3_A_87_M_rep5.pdb
-80.588,3.457,-1139.882,148.54,-713.729,0.533,615.419,141.505,relaxed_ortho_3_A_73_P_rep4.pdb
-80.217,3.827,-1285.651,2.771,-714.076,0.186,473.712,-0.202,relaxed_ortho_3_B_55_T_rep2.pdb
-85.285,-1.24,-1288.112,0.31,-713.45,0.812,479.786,5.872,relaxed_ortho_3_A_26_K_rep5.pdb
-83.883,0.161,-1285.061,3.361,-714.356,-0.094,491.152,17.238,relaxed_ortho_3_A_24_K_rep2.pdb
-81.77,2.274,-1290.386,-1.964,-714.075,0.187,470.581,-3.333,relaxed_ortho_3_A_33_R_rep5.pdb
-81.909,2.135,-1285.758,2.664,-713.456,0.806,472.651,-1.263,relaxed_ortho_3_B_54_P_rep2.pdb
-82.998,1.046,-1288.516,-0.095,-713.259,1.003,475.33,1.416,relaxed_ortho_3_B_13_I_rep4.pdb
-83.212,0.832,-1286.661,1.761,-713.216,1.046,476.382,2.469,relaxed_ortho_3_A_83_R_rep3.pdb
-84.011,0.033,-1280.323,8.098,-713.701,0.56,482.696,8.782,relaxed_ortho_3_A_37_D_rep2.pdb
-83.085,0.959,-1282.628,5.794,-713.32,0.942,481.148,7.234,relaxed_ortho_3_A_83_D_rep1.pdb
-86.449,-2.405,-1277.913,10.508,-714.281,-0.019,488.257,14.343,relaxed_ortho_3_A_31_V_rep5.pdb
-86.617,-2.572,-1275.317,13.105,-713.854,0.408,491.23,17.316,relaxed_ortho_3_A_87_F_rep2.pdb
-82.998,1.046,-1288.658,-0.236,-713.523,0.739,475.624,1.71,relaxed_ortho_3_A_38_L_rep4.pdb
-82.587,1.457,-1290.863,-2.441,-714.294,-0.032,472.357,-1.557,relaxed_ortho_3_B_98_R_rep3.pdb
-83.581,0.463,-1199.943,88.479,-714.316,-0.054,494.348,20.434,relaxed_ortho_3_B_11_K_rep2.pdb
-76.188,7.856,-1234.64,53.781,-712.815,1.447,515.307,41.393,relaxed_ortho_3_A_40_P_rep5.pdb
-85.658,-1.613,-1282.653,5.769,-711.039,3.223,479.221,5.307,relaxed_ortho_3_B_98_Y_rep2.pdb
-83.06,0.984,-1288.696,-0.274,-713.46,0.802,475.604,1.69,relaxed_ortho_3_B_54_N_rep1.pdb
-84.066,-0.021,-1288.661,-0.24,-714.351,-0.089,474.684,0.771,relaxed_ortho_3_A_29_Q_rep3.pdb
-84.056,-0.011,-1284.757,3.665,-714.355,-0.093,490.645,16.731,relaxed_ortho_3_A_24_R_rep4.pdb
-82.53,1.514,-1278.608,9.814,-712.856,1.406,485.293,11.379,relaxed_ortho_3_A_36_W_rep5.pdb
-81.646,2.399,-1283.439,4.983,-713.652,0.61,476.419,2.506,relaxed_ortho_3_A_79_T_rep1.pdb
-76.653,7.392,-1189.73,98.691,-713.736,0.526,566.468,92.555,relaxed_ortho_3_A_80_P_rep4.pdb
-81.158,2.886,-1287.113,1.309,-713.591,0.671,473.825,-0.089,relaxed_ortho_3_A_33_G_rep4.pdb
-84.022,0.023,-1285.84,2.582,-714.05,0.212,475.441,1.527,relaxed_ortho_3_A_41_A_rep4.pdb
-79.207,4.837,-1283.397,5.025,-711.886,2.375,474.266,0.352,relaxed_ortho_3_A_36_E_rep1.pdb
-84.93,-0.886,-1288.555,-0.133,-713.427,0.835,479.629,5.715,relaxed_ortho_3_A_28_H_rep3.pdb
-81.851,2.194,-1284.722,3.7,-712.623,1.639,474.745,0.831,relaxed_ortho_3_B_102_K_rep5.pdb
-84.53,-0.485,-1265.25,23.172,-714.022,0.24,497.337,23.423,relaxed_ortho_3_A_72_Q_rep4.pdb
-80.542,3.503,-1284.006,4.415,-713.288,0.974,476.34,2.426,relaxed_ortho_3_B_54_G_rep3.pdb
-83.153,0.892,-1286.579,1.843,-714.388,-0.127,475.085,1.171,relaxed_ortho_3_B_57_E_rep5.pdb
-83.089,0.956,-1288.622,-0.2,-713.741,0.521,476.073,2.159,relaxed_ortho_3_A_21_E_rep1.pdb
-84.51,-0.465,-1286.324,2.097,-714.517,-0.255,481.053,7.139,relaxed_ortho_3_A_76_H_rep1.pdb
-83.602,0.443,-1284.8,3.622,-714.387,-0.125,469.659,-4.255,relaxed_ortho_3_B_13_E_rep5.pdb
-82.929,1.116,-1287.513,0.908,-713.444,0.818,477.323,3.409,relaxed_ortho_3_A_82_V_rep1.pdb
-84.207,-0.163,-1287.702,0.72,-714.238,0.024,476.46,2.546,relaxed_ortho_3_A_23_Q_rep4.pdb
-86.566,-2.521,-1275.623,12.799,-714.151,0.111,488.924,15.01,relaxed_ortho_3_A_30_R_rep4.pdb
-83.073,0.972,-1285.902,2.52,-712.059,2.203,482.989,9.075,relaxed_ortho_3_A_40_M_rep2.pdb
-82.412,1.632,-1288.898,-0.476,-713.507,0.755,475.224,1.31,relaxed_ortho_3_A_30_V_rep2.pdb
-89.383,-5.338,-1293.491,-5.069,-715.272,-1.01,474.025,0.111,relaxed_ortho_3_A_34_E_rep2.pdb
-77.721,6.323,-1282.471,5.951,-711.407,2.855,473.121,-0.793,relaxed_ortho_3_A_38_Y_rep4.pdb
-83.844,0.2,-1285.223,3.199,-711.214,3.048,470.206,-3.708,relaxed_ortho_3_A_35_Y_rep3.pdb
-83.273,0.772,-1283.181,5.24,-713.321,0.941,480.646,6.732,relaxed_ortho_3_A_83_W_rep2.pdb
-81.566,2.479,-1284.183,4.239,-712.857,1.405,468.418,-5.496,relaxed_ortho_3_B_55_I_rep2.pdb
-83.148,0.897,-1282.67,5.752,-713.3,0.962,481.008,7.094,relaxed_ortho_3_A_83_D_rep4.pdb
-82.134,1.91,-1288.16,0.261,-713.181,1.081,475.998,2.084,relaxed_ortho_3_A_38_I_rep2.pdb
-83.307,0.738,-1287.044,1.377,-712.737,1.525,486.636,12.722,relaxed_ortho_3_B_54_F_rep2.pdb
-81.939,2.106,-1283.332,5.09,-713.505,0.757,478.667,4.753,relaxed_ortho_3_A_81_D_rep2.pdb
-85.144,-1.099,-1284.997,3.424,-714.143,0.119,477.186,3.272,relaxed_ortho_3_A_78_N_rep5.pdb
-84.406,-0.361,-1278.746,9.676,-714.117,0.145,478.63,4.716,relaxed_ortho_3_A_72_I_rep4.pdb
-87.506,-3.461,-1277.516,10.906,-714.259,0.002,489.813,15.899,relaxed_ortho_3_A_31_W_rep3.pdb
-84.935,-0.891,-1285.288,3.134,-713.929,0.333,475.701,1.787,relaxed_ortho_3_A_29_H_rep2.pdb
-83.799,0.245,-1282.829,5.593,-714.283,-0.021,481.008,7.094,relaxed_ortho_3_A_71_H_rep1.pdb
-83.576,0.469,-1281.707,6.715,-713.406,0.855,487.263,13.349,relaxed_ortho_3_B_17_W_rep3.pdb
-83.05,0.994,-1285.15,3.272,-713.299,0.963,480.117,6.203,relaxed_ortho_3_B_59_H_rep4.pdb
-83.459,0.585,-1284.9,3.522,-713.944,0.318,477.655,3.741,relaxed_ortho_3_A_85_E_rep1.pdb
-82.824,1.221,-1284.542,3.88,-713.481,0.781,479.166,5.253,relaxed_ortho_3_B_59_A_rep5.pdb
-83.771,0.274,-1266.986,21.435,-713.702,0.56,491.278,17.364,relaxed_ortho_3_A_87_I_rep5.pdb
-85.528,-1.483,-1282.911,5.511,-713.883,0.379,477.658,3.744,relaxed_ortho_3_A_78_P_rep1.pdb
-83.434,0.61,-1282.195,6.227,-714.446,-0.184,476.624,2.71,relaxed_ortho_3_B_13_G_rep2.pdb
-82.922,1.123,-1290.273,-1.852,-713.647,0.615,471.843,-2.071,relaxed_ortho_3_A_28_S_rep2.pdb
-84.387,-0.343,-1289.66,-1.238,-713.373,0.889,475.111,1.197,relaxed_ortho_3_B_101_M_rep5.pdb
-83.059,0.986,-1286.627,1.795,-713.377,0.885,477.346,3.432,relaxed_ortho_3_A_86_F_rep3.pdb
-84.085,-0.04,-1284.993,3.429,-714.086,0.176,491.022,17.108,relaxed_ortho_3_A_24_K_rep5.pdb
-82.421,1.623,-1286.053,2.369,-713.286,0.976,475.84,1.927,relaxed_ortho_3_B_58_T_rep5.pdb
-82.186,1.858,-1286.006,2.416,-713.385,0.877,475.62,1.706,relaxed_ortho_3_B_102_N_rep3.pdb
-79.934,4.11,-1281.098,7.324,-713.544,0.718,484.502,10.588,relaxed_ortho_3_A_28_Y_rep1.pdb
-82.916,1.128,-1283.77,4.652,-713.298,0.964,479.016,5.102,relaxed_ortho_3_B_59_V_rep4.pdb
-82.068,1.977,-1288.034,0.388,-713.137,1.125,475.954,2.04,relaxed_ortho_3_A_38_I_rep5.pdb
-83.042,1.003,-1285.213,3.209,-713.549,0.713,479.827,5.913,relaxed_ortho_3_A_21_N_rep4.pdb
-87.333,-3.289,-1272.439,15.983,-713.808,0.454,491.475,17.561,relaxed_ortho_3_A_39_Q_rep3.pdb
-85.423,-1.378,-1281.106,7.315,-713.811,0.451,479.467,5.553,relaxed_ortho_3_A_29_I_rep1.pdb
-83.102,0.942,-1288.926,-0.505,-713.228,1.034,475.205,1.291,relaxed_ortho_3_A_74_K_rep3.pdb
-82.629,1.416,-1284.459,3.963,-714.654,-0.393,477.877,3.963,relaxed_ortho_3_A_78_C_rep3.pdb
-83.261,0.784,-1286.567,1.854,-713.421,0.841,476.496,2.582,relaxed_ortho_3_A_33_F_rep2.pdb
-83.119,0.925,-1288.662,-0.24,-713.45,0.812,474.688,0.775,relaxed_ortho_3_A_81_K_rep3.pdb
-82.986,1.058,-1288.593,-0.171,-713.489,0.773,476.245,2.331,relaxed_ortho_3_A_76_E_rep2.pdb
-82.884,1.16,-1290.446,-2.025,-713.56,0.702,471.14,-2.774,relaxed_ortho_3_B_12_Q_rep1.pdb
-83.631,0.414,-1284.238,4.184,-714.379,-0.117,478.278,4.364,relaxed_ortho_3_A_32_D_rep3.pdb
-83.533,0.512,-1286.635,1.787,-714.284,-0.022,475.714,1.8,relaxed_ortho_3_A_36_Q_rep2.pdb
-83.369,0.675,-1287.537,0.885,-713.653,0.609,482.935,9.021,relaxed_ortho_3_B_17_S_rep5.pdb
-79.784,4.26,-1279.86,8.561,-711.944,2.318,479.003,5.089,relaxed_ortho_3_A_75_L_rep1.pdb
-84.615,-0.57,-1279.254,9.167,-714.542,-0.28,484.448,10.534,relaxed_ortho_3_A_30_Q_rep3.pdb
-82.902,1.143,-1289.335,-0.914,-713.528,0.734,475.167,1.253,relaxed_ortho_3_A_28_A_rep3.pdb
-83.99,0.055,-1285.556,2.866,-713.325,0.937,480.301,6.387,relaxed_ortho_3_B_59_M_rep3.pdb
-81.909,2.135,-1288.204,0.218,-713.991,0.271,475.658,1.744,relaxed_ortho_3_A_79_G_rep4.pdb
-84.554,-0.51,-1286.305,2.117,-714.149,0.113,489.094,15.18,relaxed_ortho_3_A_24_I_rep5.pdb
-83.035,1.01,-1287.418,1.004,-713.803,0.459,476.186,2.272,relaxed_ortho_3_A_83_L_rep3.pdb
-82.45,1.594,-1285.849,2.573,-714.176,0.085,477.26,3.346,relaxed_ortho_3_A_86_H_rep2.pdb
-83.481,0.563,-1288.778,-0.357,-714.071,0.191,469.681,-4.233,relaxed_ortho_3_B_12_F_rep4.pdb
-81.98,2.065,-1284.455,3.966,-715.006,-0.744,477.337,3.423,relaxed_ortho_3_A_78_M_rep4.pdb
-83.844,0.2,-1285.689,2.733,-714.338,-0.076,479.428,5.514,relaxed_ortho_3_A_29_Y_rep3.pdb
-81.538,2.507,-1285.943,2.479,-714.235,0.027,473.452,-0.462,relaxed_ortho_3_A_33_E_rep5.pdb
-83.416,0.628,-1285.221,3.201,-711.2,3.062,476.259,2.345,relaxed_ortho_3_B_15_Q_rep1.pdb
-78.013,6.031,-1274.25,14.171,-710.493,3.769,483.646,9.732,relaxed_ortho_3_B_55_W_rep1.pdb
-82.671,1.374,-1240.965,47.457,-714.263,-0.001,496.789,22.876,relaxed_ortho_3_A_72_R_rep2.pdb
-83.255,0.789,-1289.109,-0.687,-713.31,0.952,474.337,0.423,relaxed_ortho_3_B_101_I_rep2.pdb
-82.693,1.352,-1287.417,1.005,-713.658,0.604,478.248,4.334,relaxed_ortho_3_B_100_A_rep2.pdb
-82.617,1.427,-1284.761,3.66,-712.932,1.33,478.277,4.363,relaxed_ortho_3_A_28_F_rep5.pdb
-83.507,0.538,-1284.146,4.276,-712.831,1.431,481.466,7.552,relaxed_ortho_3_A_82_Y_rep5.pdb
-83.738,0.306,-1289.783,-1.361,-714.374,-0.112,472.459,-1.455,relaxed_ortho_3_B_12_Q_rep3.pdb
-84.441,-0.397,-1284.259,4.163,-714.076,0.186,479.127,5.213,relaxed_ortho_3_A_76_K_rep1.pdb
-84.234,-0.189,-1284.608,3.814,-712.966,1.296,479.037,5.123,relaxed_ortho_3_A_82_L_rep2.pdb
-86.522,-2.478,-1284.503,3.919,-713.333,0.929,479.36,5.446,relaxed_ortho_3_A_26_C_rep4.pdb
-78.796,5.248,-1283.311,5.111,-713.355,0.907,472.549,-1.365,relaxed_ortho_3_A_38_H_rep4.pdb
-86.138,-2.094,-1285.834,2.587,-713.626,0.636,479.207,5.293,relaxed_ortho_3_A_26_N_rep2.pdb
-83.729,0.315,-1281.803,6.619,-714.352,-0.09,462.84,-11.074,relaxed_ortho_3_A_22_N_rep1.pdb
-88.104,-4.06,-1274.539,13.883,-714.141,0.121,497.331,23.418,relaxed_ortho_3_A_39_F_rep1.pdb
-85.749,-1.705,-1271.76,16.662,-713.702,0.56,494.828,20.914,relaxed_ortho_3_A_39_H_rep5.pdb
-83.016,1.029,-1290.802,-2.381,-713.599,0.663,473.892,-0.021,relaxed_ortho_3_B_12_S_rep3.pdb
-85.267,-1.222,-1288.825,-0.403,-713.453,0.809,478.029,4.115,relaxed_ortho_3_A_26_Q_rep2.pdb
-82.917,1.128,-1281.88,6.541,-713.559,0.703,483.887,9.973,relaxed_ortho_3_A_85_G_rep1.pdb
-81.083,2.962,-1286.332,2.09,-714.043,0.219,473.584,-0.33,relaxed_ortho_3_A_78_D_rep1.pdb
-86.894,-2.849,-1288.108,0.313,-712.328,1.934,476.527,2.613,relaxed_ortho_3_A_36_V_rep1.pdb
-81.788,2.257,-1284.985,3.437,-714.426,-0.164,476.127,2.213,relaxed_ortho_3_B_54_S_rep2.pdb
-83.922,0.123,-1284.428,3.994,-714.104,0.158,477.751,3.837,relaxed_ortho_3_A_71_D_rep1.pdb
-82.702,1.343,-1284.348,4.074,-714.406,-0.144,476.318,2.404,relaxed_ortho_3_B_59_D_rep1.pdb
-83.995,0.05,-1281.813,6.609,-714.347,-0.085,474.595,0.681,relaxed_ortho_3_A_41_G_rep3.pdb
-84.846,-0.801,-1283.124,5.298,-711.504,2.757,480.864,6.95,relaxed_ortho_3_A_29_W_rep3.pdb
-81.895,2.15,-1288.91,-0.488,-713.346,0.916,470.668,-3.246,relaxed_ortho_3_A_33_Q_rep5.pdb
-82.902,1.142,-1285.044,3.377,-714.501,-0.239,477.271,3.357,relaxed_ortho_3_A_21_C_rep1.pdb
-86.947,-2.903,-1290.415,-1.993,-713.135,1.127,477.3,3.386,relaxed_ortho_3_B_57_F_rep1.pdb
-85.454,-1.409,-1282.587,5.835,-714.339,-0.077,483.362,9.448,relaxed_ortho_3_A_87_R_rep1.pdb
-81.584,2.46,-1285.785,2.637,-714.896,-0.634,474.716,0.803,relaxed_ortho_3_A_78_D_rep3.pdb
-86.138,-2.094,-1285.834,2.587,-713.626,0.636,479.207,5.293,relaxed_ortho_3_A_26_N_rep4.pdb
-86.878,-2.834,-1288.19,0.232,-712.749,1.513,472.982,-0.932,relaxed_ortho_3_A_36_L_rep5.pdb
-83.435,0.609,-1285.547,2.875,-714.307,-0.045,474.567,0.653,relaxed_ortho_3_B_13_T_rep2.pdb
-81.695,2.35,-1269.803,18.619,-713.235,1.027,486.185,12.271,relaxed_ortho_3_A_82_F_rep4.pdb
-83.281,0.764,-1288.301,0.12,-712.695,1.567,474.87,0.956,relaxed_ortho_3_A_81_Q_rep1.pdb
-82.964,1.081,-1279.785,8.637,-713.258,1.004,480.809,6.895,relaxed_ortho_3_A_22_G_rep1.pdb
-83.935,0.11,-1288.093,0.328,-714.395,-0.133,475.01,1.096,relaxed_ortho_3_A_40_W_rep4.pdb
-87.751,-3.706,-1272.101,16.321,-714.334,-0.072,501.615,27.702,relaxed_ortho_3_A_39_Y_rep4.pdb
-82.897,1.147,-1280.06,8.361,-713.322,0.94,481.636,7.722,relaxed_ortho_3_A_85_W_rep1.pdb
-82.696,1.348,-1283.502,4.919,-713.529,0.733,481.301,7.387,relaxed_ortho_3_B_100_I_rep2.pdb
-82.893,1.151,-1278.173,10.249,-713.445,0.817,484.108,10.194,relaxed_ortho_3_A_72_N_rep5.pdb
-83.955,0.09,-1287.125,1.296,-714.523,-0.261,486.798,12.884,relaxed_ortho_3_B_56_N_rep5.pdb
-85.912,-1.868,-1282.313,6.108,-714.1,0.162,481.917,8.003,relaxed_ortho_3_A_74_F_rep4.pdb
-84.125,-0.081,-1285.93,2.492,-713.222,1.04,477.808,3.894,relaxed_ortho_3_B_102_Y_rep3.pdb
-84.429,-0.384,-1287.757,0.664,-713.245,1.017,485.187,11.273,relaxed_ortho_3_B_56_Y_rep4.pdb
-84.809,-0.765,-1283.658,4.764,-714.581,-0.319,482.39,8.476,relaxed_ortho_3_A_74_A_rep2.pdb
-84.023,0.022,-1281.125,7.297,-714.213,0.049,481.392,7.478,relaxed_ortho_3_A_71_L_rep1.pdb
-83.404,0.641,-1287.38,1.042,-713.635,0.627,477.179,3.265,relaxed_ortho_3_B_57_Q_rep4.pdb
-79.479,4.565,-1281.859,6.563,-712.895,1.367,475.323,1.409,relaxed_ortho_3_B_58_E_rep1.pdb
-83.124,0.921,-1282.541,5.881,-713.38,0.882,482.196,8.282,relaxed_ortho_3_A_83_D_rep3.pdb
-83.885,0.159,-1288.107,0.315,-714.382,-0.12,473.511,-0.403,relaxed_ortho_3_B_15_E_rep1.pdb
-81.168,2.877,-1286.993,1.429,-713.494,0.768,473.093,-0.82,relaxed_ortho_3_A_33_G_rep3.pdb
-84.065,-0.02,-1284.389,4.033,-714.449,-0.187,478.73,4.816,relaxed_ortho_3_A_24_P_rep3.pdb
-83.834,0.21,-1280.76,7.662,-714.314,-0.052,484.762,10.848,relaxed_ortho_3_A_25_M_rep5.pdb
-79.652,4.392,-1282.471,5.951,-714.209,0.053,472.252,-1.662,relaxed_ortho_3_B_55_K_rep2.pdb
-82.929,1.115,-1284.179,4.242,-713.414,0.848,481.204,7.29,relaxed_ortho_3_A_71_G_rep3.pdb
-81.232,2.812,-1281.005,7.416,-714.787,-0.525,479.236,5.322,relaxed_ortho_3_A_78_G_rep5.pdb
-83.109,0.936,-1285.792,2.63,-713.178,1.084,476.469,2.556,relaxed_ortho_3_A_83_E_rep5.pdb
-82.86,1.184,-1284.753,3.668,-713.444,0.818,478.556,4.642,relaxed_ortho_3_A_85_S_rep4.pdb
-79.399,4.646,-1286.949,1.473,-712.188,2.074,469.689,-4.225,relaxed_ortho_3_A_40_L_rep3.pdb
-85.749,-1.705,-1271.76,16.662,-713.702,0.56,494.828,20.914,relaxed_ortho_3_A_39_H_rep3.pdb
-82.619,1.425,-1284.624,3.797,-712.861,1.401,477.917,4.003,relaxed_ortho_3_A_28_F_rep4.pdb
-82.71,1.335,-1286.041,2.381,-712.689,1.573,480.095,6.181,relaxed_ortho_3_B_102_R_rep1.pdb
-83.913,0.132,-1285.795,2.626,-714.329,-0.067,478.012,4.098,relaxed_ortho_3_A_29_N_rep1.pdb
-84.581,-0.537,-1287.681,0.741,-713.126,1.136,484.527,10.613,relaxed_ortho_3_B_56_Y_rep2.pdb
-86.279,-2.234,-1287.593,0.829,-713.111,1.151,480.77,6.856,relaxed_ortho_3_B_57_M_rep3.pdb
-81.85,2.195,-1273.942,14.48,-713.747,0.515,486.565,12.651,relaxed_ortho_3_A_79_I_rep1.pdb
-85.322,-1.277,-1288.971,-0.549,-713.533,0.729,477.711,3.797,relaxed_ortho_3_A_26_Q_rep5.pdb
-85.038,-0.993,-1289.766,-1.344,-713.363,0.899,477.078,3.164,relaxed_ortho_3_B_57_H_rep4.pdb
-83.96,0.084,-1279.083,9.339,-714.435,-0.174,484.237,10.323,relaxed_ortho_3_A_39_D_rep2.pdb
-82.986,1.058,-1288.593,-0.171,-713.489,0.773,476.245,2.331,relaxed_ortho_3_A_76_E_rep1.pdb
-87.037,-2.993,-1280.569,7.853,-713.934,0.328,484.539,10.625,relaxed_ortho_3_A_37_L_rep3.pdb
-83.028,1.016,-1288.607,-0.185,-713.288,0.974,475.717,1.803,relaxed_ortho_3_A_26_S_rep3.pdb
-83.059,0.985,-1281.08,7.342,-713.733,0.529,489.591,15.677,relaxed_ortho_3_A_41_T_rep3.pdb
-83.013,1.031,-1288.606,-0.184,-713.474,0.788,474.711,0.797,relaxed_ortho_3_A_79_R_rep4.pdb
-83.777,0.268,-1284.203,4.219,-714.303,-0.041,477.948,4.034,relaxed_ortho_3_A_29_M_rep3.pdb
-83.147,0.898,-1283.604,4.817,-713.287,0.975,479.766,5.852,relaxed_ortho_3_B_14_S_rep5.pdb
-83.18,0.865,-1287.329,1.092,-712.949,1.313,474.494,0.58,relaxed_ortho_3_B_102_M_rep4.pdb
-82.761,1.284,-1286.767,1.655,-713.465,0.797,477.513,3.599,relaxed_ortho_3_A_32_S_rep5.pdb
-80.083,3.961,-1280.302,8.119,-714.026,0.236,482.065,8.151,relaxed_ortho_3_A_77_R_rep4.pdb
-84.46,-0.415,-1290.031,-1.609,-712.9,1.362,473.252,-0.662,relaxed_ortho_3_A_73_M_rep4.pdb
-82.626,1.418,-1263.8,24.621,-713.273,0.989,293.651,-180.263,relaxed_ortho_3_B_14_V_rep1.pdb
-82.961,1.083,-1283.197,5.225,-713.541,0.721,485.523,11.609,relaxed_ortho_3_A_22_I_rep2.pdb
-82.354,1.691,-1286.455,1.967,-712.289,1.973,468.288,-5.626,relaxed_ortho_3_B_102_I_rep5.pdb
-81.654,2.391,-1278.683,9.739,-714.672,-0.41,482.903,8.989,relaxed_ortho_3_A_81_G_rep3.pdb
-83.702,0.343,-1284.802,3.62,-714.358,-0.096,479.612,5.698,relaxed_ortho_3_B_100_C_rep4.pdb
-84.348,-0.303,-1281.906,6.516,-714.027,0.235,481.619,7.706,relaxed_ortho_3_A_87_D_rep2.pdb
-75.748,8.297,-1273.319,15.103,-711.496,2.766,480.262,6.348,relaxed_ortho_3_B_55_F_rep3.pdb
-84.294,-0.25,-1284.695,3.727,-714.361,-0.099,478.765,4.851,relaxed_ortho_3_A_24_S_rep1.pdb
-83.527,0.518,-1285.107,3.314,-714.162,0.1,471.912,-2.002,relaxed_ortho_3_B_13_C_rep5.pdb
-80.407,3.638,-1274.39,14.032,-710.343,3.919,477.799,3.886,relaxed_ortho_3_A_41_R_rep4.pdb
-84.056,-0.011,-1289.219,-0.797,-713.751,0.511,472.645,-1.269,relaxed_ortho_3_A_34_T_rep3.pdb
-83.231,0.814,-1279.793,8.629,-713.796,0.466,485.141,11.227,relaxed_ortho_3_A_25_E_rep4.pdb
-84.108,-0.063,-1285.65,2.772,-713.959,0.303,488.01,14.096,relaxed_ortho_3_B_56_T_rep5.pdb
-79.494,4.551,-1283.686,4.736,-713.763,0.499,476.382,2.469,relaxed_ortho_3_A_38_N_rep5.pdb
-84.058,-0.014,-1287.672,0.75,-714.269,-0.008,474.192,0.278,relaxed_ortho_3_A_21_F_rep3.pdb
-74.107,9.938,-1279.814,8.607,-714.673,-0.411,478.537,4.623,relaxed_ortho_3_A_38_W_rep1.pdb
-89.955,-5.91,-1290.565,-2.143,-713.87,0.392,473.235,-0.679,relaxed_ortho_3_A_34_H_rep4.pdb
-84.156,-0.112,-1273.056,15.366,-714.21,0.052,476.814,2.9,relaxed_ortho_3_B_11_N_rep4.pdb
-81.378,2.667,-1283.744,4.678,-713.874,0.388,477.871,3.957,relaxed_ortho_3_A_79_F_rep3.pdb
-76.932,7.112,-1281.565,6.857,-714.298,-0.036,470.587,-3.327,relaxed_ortho_3_A_84_E_rep3.pdb
-81.895,2.15,-1273.985,14.436,-713.773,0.489,486.441,12.527,relaxed_ortho_3_A_79_I_rep5.pdb
-83.991,0.054,-1209.886,78.536,-714.304,-0.042,568.504,94.591,relaxed_ortho_3_A_21_P_rep5.pdb
-82.693,1.352,-1287.921,0.501,-714.25,0.012,473.149,-0.765,relaxed_ortho_3_B_14_A_rep3.pdb
-82.309,1.735,-1282.275,6.147,-714.442,-0.18,477.391,3.477,relaxed_ortho_3_A_75_C_rep3.pdb
-83.008,1.036,-1287.755,0.667,-713.373,0.889,478.132,4.218,relaxed_ortho_3_A_71_A_rep3.pdb
-82.927,1.118,-1290.048,-1.626,-713.65,0.612,473.556,-0.357,relaxed_ortho_3_A_28_S_rep1.pdb
-79.35,4.694,-1286.311,2.111,-714.183,0.079,457.472,-16.441,relaxed_ortho_3_B_55_G_rep1.pdb
-86.242,-2.197,-1286.254,2.167,-714.022,0.24,478.938,5.024,relaxed_ortho_3_B_54_V_rep3.pdb
-83.933,0.112,-1285.071,3.351,-714.379,-0.117,478.908,4.994,relaxed_ortho_3_A_29_A_rep5.pdb
-83.752,0.292,-1266.041,22.381,-713.212,1.05,498.14,24.226,relaxed_ortho_3_B_14_M_rep1.pdb
-80.83,3.214,-1285.334,3.088,-713.088,1.174,470.238,-3.676,relaxed_ortho_3_B_55_Y_rep5.pdb
-82.976,1.068,-1285.097,3.325,-713.261,1.001,479.662,5.748,relaxed_ortho_3_A_21_N_rep2.pdb
-85.429,-1.384,-1286.331,2.091,-713.989,0.273,478.685,4.771,relaxed_ortho_3_A_74_V_rep3.pdb
-82.952,1.092,-1285.056,3.366,-713.202,1.06,477.845,3.931,relaxed_ortho_3_A_28_I_rep5.pdb
-85.047,-1.003,-1285.804,2.617,-714.602,-0.34,478.115,4.201,relaxed_ortho_3_A_34_C_rep1.pdb
-82.981,1.064,-1285.094,3.328,-714.593,-0.331,475.786,1.872,relaxed_ortho_3_A_81_A_rep3.pdb
-83.04,1.004,-1288.571,-0.149,-713.341,0.921,473.821,-0.092,relaxed_ortho_3_A_84_F_rep5.pdb
-88.278,-4.234,-1290.695,-2.273,-713.167,1.095,477.194,3.28,relaxed_ortho_3_B_57_W_rep4.pdb
-79.788,4.257,-1251.879,36.543,-712.936,1.326,514.025,40.111,relaxed_ortho_3_B_15_P_rep3.pdb
-83.722,0.323,-1286.332,2.09,-714.747,-0.485,474.777,0.864,relaxed_ortho_3_A_78_Q_rep4.pdb
-88.301,-4.257,-1289.789,-1.367,-713.342,0.92,475.778,1.865,relaxed_ortho_3_A_28_N_rep1.pdb
-81.29,2.754,-1288.094,0.327,-713.927,0.335,471.16,-2.754,relaxed_ortho_3_A_33_A_rep5.pdb
-73.094,10.951,-1271.384,17.038,-712.886,1.376,486.033,12.119,relaxed_ortho_3_A_75_K_rep2.pdb
-83.088,0.956,-1288.772,-0.35,-715.278,-1.016,474.996,1.083,relaxed_ortho_3_A_35_T_rep4.pdb
-82.775,1.269,-1285.965,2.456,-713.614,0.648,481.319,7.405,relaxed_ortho_3_B_54_T_rep1.pdb
-82.739,1.306,-1287.263,1.159,-713.345,0.917,476.834,2.92,relaxed_ortho_3_B_100_A_rep4.pdb
-84.791,-0.746,-1287.909,0.513,-714.284,-0.022,477.617,3.704,relaxed_ortho_3_A_28_H_rep5.pdb
-83.524,0.52,-1285.906,2.516,-714.381,-0.119,472.072,-1.842,relaxed_ortho_3_B_13_A_rep4.pdb
-83.294,0.751,-1287.847,0.575,-713.637,0.625,481.711,7.797,relaxed_ortho_3_B_17_S_rep2.pdb
-75.127,8.917,-1269.833,18.589,-714.112,0.15,482.363,8.449,relaxed_ortho_3_A_82_H_rep1.pdb
-83.809,0.235,-1284.347,4.075,-714.752,-0.49,479.496,5.582,relaxed_ortho_3_A_80_M_rep5.pdb
-81.87,2.175,-1284.598,3.824,-712.044,2.218,480.036,6.122,relaxed_ortho_3_B_15_I_rep4.pdb
-81.529,2.515,-1281.108,7.313,-713.526,0.736,480.415,6.501,relaxed_ortho_3_A_82_G_rep2.pdb
-82.779,1.265,-1288.142,0.28,-713.274,0.988,469.196,-4.718,relaxed_ortho_3_B_55_S_rep5.pdb
-83.945,0.099,-1287.565,0.857,-714.114,0.148,477.323,3.409,relaxed_ortho_3_A_23_Q_rep3.pdb
-83.756,0.288,-1287.315,1.107,-714.403,-0.141,474.121,0.207,relaxed_ortho_3_B_98_C_rep1.pdb
-83.873,0.171,-1284.483,3.939,-714.389,-0.127,477.597,3.683,relaxed_ortho_3_B_11_G_rep5.pdb
-88.477,-4.432,-1280.375,8.047,-714.579,-0.317,487.707,13.793,relaxed_ortho_3_A_37_W_rep4.pdb
-82.74,1.305,-1286.911,1.51,-714.359,-0.097,474.224,0.31,relaxed_ortho_3_A_21_Y_rep4.pdb
-86.478,-2.433,-1285.649,2.772,-713.559,0.703,479.02,5.106,relaxed_ortho_3_A_26_M_rep4.pdb
-83.949,0.095,-1287.638,0.784,-713.782,0.48,477.793,3.879,relaxed_ortho_3_A_76_Q_rep1.pdb
-82.6,1.444,-1287.164,1.258,-713.182,1.08,476.994,3.081,relaxed_ortho_3_B_100_S_rep5.pdb
-76.82,7.224,-1279.908,8.513,-711.885,2.377,472.487,-1.427,relaxed_ortho_3_A_35_H_rep1.pdb
-84.276,-0.231,-1275.776,12.646,-712.913,1.349,467.15,-6.764,relaxed_ortho_3_B_100_P_rep5.pdb
-86.751,-2.707,-1284.641,3.781,-713.588,0.674,480.291,6.378,relaxed_ortho_3_A_26_C_rep5.pdb
-82.44,1.605,-1283.756,4.665,-714.455,-0.193,477.441,3.527,relaxed_ortho_3_B_57_G_rep2.pdb
-83.907,0.138,-1285.124,3.298,-713.381,0.881,486.592,12.678,relaxed_ortho_3_B_17_E_rep2.pdb
-84.507,-0.463,-1285.885,2.537,-714.46,-0.198,475.705,1.792,relaxed_ortho_3_A_24_T_rep3.pdb
-83.18,0.865,-1288.846,-0.424,-713.285,0.977,472.789,-1.125,relaxed_ortho_3_B_98_A_rep2.pdb
-87.368,-3.323,-1281.812,6.61,-714.112,0.15,484.813,10.899,relaxed_ortho_3_A_37_A_rep3.pdb
-83.143,0.902,-1289.057,-0.635,-713.426,0.836,476.451,2.537,relaxed_ortho_3_A_87_A_rep1.pdb
-86.089,-2.044,-1285.497,2.925,-714.343,-0.081,478.688,4.774,relaxed_ortho_3_A_76_C_rep5.pdb
-81.389,2.655,-1271.641,16.78,-712.048,2.214,457.013,-16.901,relaxed_ortho_3_A_41_Y_rep3.pdb
-83.891,0.153,-1257.278,31.144,-714.14,0.122,506.825,32.911,relaxed_ortho_3_B_11_D_rep1.pdb
-82.826,1.219,-1279.478,8.944,-713.417,0.845,483.819,9.905,relaxed_ortho_3_B_59_F_rep1.pdb
-81.056,2.989,-1286.41,2.011,-713.237,1.025,472.502,-1.412,relaxed_ortho_3_A_73_S_rep5.pdb
-82.734,1.311,-1285.362,3.06,-714.608,-0.346,475.656,1.742,relaxed_ortho_3_A_79_M_rep3.pdb
-83.098,0.947,-1283.315,5.107,-713.439,0.823,492.11,18.196,relaxed_ortho_3_A_22_M_rep5.pdb
-78.425,5.62,-1281.688,6.734,-714.714,-0.452,475.906,1.992,relaxed_ortho_3_A_38_G_rep1.pdb
-86.62,-2.576,-1275.101,13.32,-714.846,-0.584,496.459,22.545,relaxed_ortho_3_A_39_F_rep4.pdb
-82.603,1.442,-1280.99,7.432,-714.177,0.085,483.413,9.499,relaxed_ortho_3_A_25_M_rep4.pdb
-82.986,1.058,-1288.593,-0.171,-713.489,0.773,476.245,2.331,relaxed_ortho_3_A_83_I_rep3.pdb
-80.061,3.983,-1283.726,4.696,-711.145,3.117,475.709,1.796,relaxed_ortho_3_A_36_E_rep2.pdb
-82.982,1.062,-1287.273,1.149,-713.506,0.756,476.129,2.215,relaxed_ortho_3_A_71_C_rep2.pdb
-82.429,1.616,-1286.105,2.317,-713.231,1.031,477.776,3.863,relaxed_ortho_3_A_78_T_rep4.pdb
-77.877,6.167,-1282.478,5.944,-711.334,2.928,474.065,0.151,relaxed_ortho_3_A_38_Y_rep5.pdb
-89.363,-5.319,-1285.65,2.772,-712.609,1.653,481.363,7.449,relaxed_ortho_3_A_32_Y_rep1.pdb
-83.302,0.742,-1286.376,2.045,-713.371,0.891,478.795,4.881,relaxed_ortho_3_B_98_I_rep3.pdb
-83.856,0.188,-1290.373,-1.951,-714.356,-0.094,471.899,-2.014,relaxed_ortho_3_B_12_T_rep1.pdb
-86.528,-2.483,-1289.37,-0.948,-713.11,1.152,464.668,-9.246,relaxed_ortho_3_B_58_Y_rep4.pdb
-82.648,1.396,-1281.593,6.829,-714.429,-0.167,479.389,5.475,relaxed_ortho_3_B_14_G_rep3.pdb
-81.965,2.079,-1283.344,5.078,-713.592,0.67,478.238,4.324,relaxed_ortho_3_A_81_D_rep1.pdb
-82.867,1.177,-1287.211,1.211,-713.252,1.01,475.25,1.336,relaxed_ortho_3_A_82_V_rep3.pdb
-86.308,-2.263,-1265.397,23.025,-710.714,3.548,499.629,25.715,relaxed_ortho_3_A_30_W_rep4.pdb
-82.771,1.273,-1284.526,3.896,-710.912,3.35,479.099,5.185,relaxed_ortho_3_B_15_W_rep2.pdb
-83.948,0.096,-1283.432,4.99,-714.491,-0.229,480.601,6.687,relaxed_ortho_3_A_21_G_rep4.pdb
-78.402,5.643,-1276.694,11.728,-711.162,3.1,482.954,9.04,relaxed_ortho_3_A_35_W_rep4.pdb
-81.556,2.489,-1278.71,9.711,-710.072,4.19,474.086,0.172,relaxed_ortho_3_A_35_I_rep2.pdb
-83.024,1.02,-1288.704,-0.283,-713.633,0.629,476.086,2.172,relaxed_ortho_3_A_32_R_rep5.pdb
-76.359,7.685,-1284.536,3.886,-715.742,-1.48,472.712,-1.201,relaxed_ortho_3_A_35_D_rep5.pdb
-80.66,3.385,-1284.279,4.143,-715.027,-0.765,474.757,0.843,relaxed_ortho_3_A_80_S_rep3.pdb
-88.686,-4.642,-1294.081,-5.659,-715.266,-1.004,473.509,-0.405,relaxed_ortho_3_A_34_K_rep3.pdb
-83.67,0.374,-1261.964,26.457,-714.134,0.128,498.24,24.326,relaxed_ortho_3_B_11_I_rep1.pdb
-81.9,2.144,-1285.564,2.858,-714.811,-0.549,477.615,3.701,relaxed_ortho_3_A_78_H_rep3.pdb
-82.83,1.214,-1284.473,3.948,-713.204,1.058,477.245,3.331,relaxed_ortho_3_A_32_G_rep2.pdb
-76.673,7.371,-1282.312,6.11,-714.2,0.062,473.087,-0.826,relaxed_ortho_3_A_35_E_rep5.pdb
-86.8,-2.756,-1286.362,2.06,-712.877,1.385,471.722,-2.192,relaxed_ortho_3_A_35_P_rep4.pdb
-83.037,1.008,-1288.643,-0.221,-713.472,0.79,474.897,0.984,relaxed_ortho_3_B_56_R_rep2.pdb
-83.851,0.194,-1284.142,4.28,-714.181,0.081,477.564,3.65,relaxed_ortho_3_A_23_S_rep2.pdb
-83.82,0.225,-1281.886,6.535,-714.362,-0.1,463.737,-10.176,relaxed_ortho_3_A_22_N_rep4.pdb
-83.027,1.018,-1287.182,1.24,-713.324,0.938,483.4,9.486,relaxed_ortho_3_B_17_M_rep4.pdb
-82.91,1.135,-1283.334,5.087,-713.39,0.872,481.538,7.624,relaxed_ortho_3_A_85_C_rep1.pdb
-85.3,-1.255,-1285.615,2.807,-713.252,1.01,482.023,8.109,relaxed_ortho_3_A_26_G_rep4.pdb
-82.644,1.4,-1284.382,4.04,-714.389,-0.127,470.421,-3.493,relaxed_ortho_3_B_13_K_rep4.pdb
-83.064,0.981,-1286.698,1.724,-713.501,0.761,476.696,2.782,relaxed_ortho_3_A_86_F_rep5.pdb
-82.644,1.4,-1284.382,4.04,-714.389,-0.127,470.421,-3.493,relaxed_ortho_3_B_13_K_rep3.pdb
-89.955,-5.91,-1290.565,-2.143,-713.87,0.392,473.235,-0.679,relaxed_ortho_3_A_34_H_rep2.pdb
-83.087,0.958,-1286.956,1.466,-713.172,1.09,476.833,2.919,relaxed_ortho_3_A_87_S_rep4.pdb
-76.089,7.955,-1283.129,5.293,-712.178,2.084,474.603,0.689,relaxed_ortho_3_A_40_E_rep4.pdb
-82.914,1.13,-1284.569,3.853,-713.332,0.93,476.345,2.431,relaxed_ortho_3_A_85_V_rep4.pdb
-82.107,1.938,-1280.709,7.713,-714.382,-0.12,476.3,2.386,relaxed_ortho_3_A_82_D_rep3.pdb
-83.257,0.788,-1282.27,6.151,-713.327,0.935,487.676,13.762,relaxed_ortho_3_B_17_V_rep3.pdb
-83.991,0.054,-1209.886,78.536,-714.304,-0.042,568.504,94.591,relaxed_ortho_3_A_21_P_rep3.pdb
-80.574,3.471,-1283.923,4.498,-713.466,0.796,477.809,3.895,relaxed_ortho_3_B_54_G_rep1.pdb
-83.029,1.015,-1288.565,-0.143,-713.253,1.008,474.677,0.763,relaxed_ortho_3_A_81_K_rep5.pdb
-80.346,3.698,-1285.363,3.058,-714.444,-0.182,473.04,-0.874,relaxed_ortho_3_A_73_D_rep5.pdb
-82.803,1.242,-1287.795,0.627,-714.777,-0.515,473.408,-0.506,relaxed_ortho_3_A_33_C_rep2.pdb
-84.018,0.026,-1283.547,4.875,-714.377,-0.115,482.18,8.267,relaxed_ortho_3_A_41_S_rep1.pdb
-82.89,1.155,-1285.215,3.207,-713.545,0.717,478.673,4.759,relaxed_ortho_3_A_85_M_rep2.pdb
-83.266,0.779,-1285.752,2.67,-713.142,1.12,475.775,1.861,relaxed_ortho_3_A_28_V_rep4.pdb
-86.008,-1.963,-1287.17,1.252,-711.363,2.899,471.735,-2.179,relaxed_ortho_3_A_35_F_rep3.pdb
-82.691,1.354,-1272.525,15.897,-715.075,-0.813,487.271,13.357,relaxed_ortho_3_A_80_V_rep4.pdb
-80.983,3.061,-1284.647,3.774,-714.256,0.006,487.674,13.761,relaxed_ortho_3_B_56_G_rep5.pdb
-82.878,1.167,-1287.531,0.89,-714.873,-0.611,473.598,-0.316,relaxed_ortho_3_A_33_C_rep5.pdb
-83.142,0.903,-1246.952,41.47,-713.999,0.263,501.043,27.129,relaxed_ortho_3_A_72_Y_rep1.pdb
-82.961,1.084,-1285.931,2.491,-711.509,2.753,466.65,-7.263,relaxed_ortho_3_B_55_V_rep1.pdb
-76.866,7.178,-1273.603,14.819,-711.794,2.468,458.898,-15.016,relaxed_ortho_3_B_13_Y_rep4.pdb
-84.923,-0.878,-1286.093,2.329,-714.446,-0.184,478.138,4.224,relaxed_ortho_3_A_74_Q_rep5.pdb
-78.482,5.563,-1278.98,9.441,-713.159,1.103,477.926,4.012,relaxed_ortho_3_A_77_W_rep2.pdb
-85.289,-1.245,-1260.736,27.686,-711.894,2.368,505.953,32.039,relaxed_ortho_3_B_14_Q_rep2.pdb
-83.078,0.966,-1284.438,3.984,-713.174,1.088,481.767,7.853,relaxed_ortho_3_A_71_V_rep3.pdb
-82.937,1.107,-1278.403,10.019,-714.233,0.029,482.166,8.252,relaxed_ortho_3_A_25_D_rep1.pdb
-85.667,-1.622,-1273.274,15.148,-713.844,0.417,489.694,15.78,relaxed_ortho_3_A_39_Q_rep5.pdb
-82.881,1.164,-1283.081,5.341,-713.567,0.695,480.845,6.931,relaxed_ortho_3_A_85_H_rep1.pdb
-85.274,-1.23,-1287.248,1.173,-713.51,0.752,486.342,12.428,relaxed_ortho_3_B_56_A_rep5.pdb
-78.365,5.68,-1280.905,7.517,-714.833,-0.571,476.709,2.795,relaxed_ortho_3_A_77_E_rep5.pdb
-83.692,0.353,-1283.757,4.665,-714.269,-0.007,479.565,5.651,relaxed_ortho_3_B_59_T_rep1.pdb
-83.823,0.222,-1284.767,3.655,-714.447,-0.185,476.325,2.411,relaxed_ortho_3_A_23_L_rep5.pdb
-83.216,0.828,-1285.077,3.345,-714.424,-0.162,476.593,2.68,relaxed_ortho_3_B_102_D_rep5.pdb
-83.774,0.27,-1290.505,-2.084,-714.935,-0.673,473.471,-0.443,relaxed_ortho_3_B_12_I_rep2.pdb
-82.865,1.18,-1287.851,0.571,-713.121,1.141,473.254,-0.66,relaxed_ortho_3_B_102_I_rep1.pdb
-83.412,0.632,-1286.131,2.291,-714.582,-0.32,475.152,1.238,relaxed_ortho_3_A_78_S_rep3.pdb
-86.725,-2.681,-1278.058,10.364,-714.374,-0.112,489.124,15.21,relaxed_ortho_3_A_31_G_rep1.pdb
-80.198,3.846,-1284.595,3.827,-713.291,0.971,475.151,1.237,relaxed_ortho_3_A_80_D_rep1.pdb
-86.451,-2.407,-1280.174,8.247,-713.837,0.425,485.672,11.758,relaxed_ortho_3_A_37_W_rep3.pdb
-82.709,1.335,-1286.083,2.339,-713.193,1.069,476.487,2.573,relaxed_ortho_3_A_32_E_rep4.pdb
-83.319,0.725,-1287.78,0.642,-713.613,0.649,483.49,9.576,relaxed_ortho_3_B_17_S_rep3.pdb
-83.166,0.879,-1279.35,9.071,-713.489,0.773,487.274,13.361,relaxed_ortho_3_A_25_S_rep5.pdb
-82.885,1.16,-1286.731,1.691,-713.649,0.613,477.828,3.914,relaxed_ortho_3_A_85_L_rep1.pdb
-82.925,1.12,-1287.473,0.948,-713.438,0.824,475.751,1.838,relaxed_ortho_3_B_100_F_rep4.pdb
-84.657,-0.612,-1288.12,0.302,-714.391,-0.129,475.779,1.865,relaxed_ortho_3_A_76_L_rep1.pdb
-82.82,1.225,-1277.204,11.218,-713.631,0.631,230.268,-243.646,relaxed_ortho_3_A_22_R_rep5.pdb
-84.362,-0.317,-1283.649,4.773,-714.024,0.238,480.044,6.13,relaxed_ortho_3_A_76_N_rep1.pdb
-81.07,2.975,-1286.544,1.877,-714.843,-0.581,473.116,-0.798,relaxed_ortho_3_A_80_N_rep5.pdb
-82.97,1.075,-1287.529,0.893,-713.438,0.824,477.546,3.632,relaxed_ortho_3_A_71_T_rep5.pdb
-84.119,-0.075,-1289.436,-1.014,-713.955,0.307,471.345,-2.569,relaxed_ortho_3_A_34_T_rep4.pdb
-82.388,1.657,-1283.391,5.031,-715.202,-0.94,477.352,3.438,relaxed_ortho_3_A_80_C_rep2.pdb
-82.436,1.608,-1287.414,1.008,-713.323,0.938,473.221,-0.693,relaxed_ortho_3_A_38_M_rep4.pdb
-82.99,1.054,-1288.196,0.225,-713.3,0.961,473.635,-0.278,relaxed_ortho_3_A_86_E_rep2.pdb
-82.357,1.687,-1285.383,3.039,-714.024,0.238,479.174,5.26,relaxed_ortho_3_A_76_Y_rep5.pdb
-83.869,0.176,-1290.215,-1.793,-714.376,-0.114,473.264,-0.65,relaxed_ortho_3_B_12_S_rep4.pdb
-81.381,2.663,-1285.382,3.04,-714.973,-0.711,476.708,2.794,relaxed_ortho_3_A_78_H_rep2.pdb
-82.839,1.205,-1277.093,11.329,-713.577,0.685,219.407,-254.507,relaxed_ortho_3_A_22_L_rep5.pdb
-80.527,3.518,-1281.579,6.843,-713.996,0.266,480.238,6.324,relaxed_ortho_3_A_84_M_rep4.pdb
-85.669,-1.624,-1274.091,14.331,-714.057,0.205,479.89,5.976,relaxed_ortho_3_A_25_F_rep3.pdb
-83.905,0.14,-1287.154,1.268,-714.286,-0.024,479.055,5.141,relaxed_ortho_3_B_12_G_rep4.pdb
-79.998,4.047,-1288.359,0.063,-713.961,0.301,471.684,-2.23,relaxed_ortho_3_A_79_D_rep2.pdb
-82.432,1.612,-1289.891,-1.469,-714.347,-0.085,473.101,-0.813,relaxed_ortho_3_B_98_Q_rep4.pdb
-83.155,0.89,-1283.841,4.581,-713.409,0.853,480.174,6.261,relaxed_ortho_3_A_29_C_rep4.pdb
-81.576,2.468,-1285.123,3.299,-714.212,0.05,474.911,0.997,relaxed_ortho_3_A_27_K_rep3.pdb
-83.038,1.006,-1288.563,-0.142,-713.681,0.581,477.274,3.36,relaxed_ortho_3_B_102_V_rep1.pdb
-83.281,0.764,-1288.301,0.12,-712.695,1.567,474.87,0.956,relaxed_ortho_3_A_81_Q_rep5.pdb
-87.19,-3.145,-1251.191,37.231,-710.584,3.678,426.155,-47.759,relaxed_ortho_3_A_25_W_rep5.pdb
-83.059,0.986,-1287.237,1.185,-713.543,0.719,478.438,4.524,relaxed_ortho_3_A_21_Q_rep5.pdb
-84.112,-0.068,-1285.783,2.639,-714.289,-0.027,486.343,12.429,relaxed_ortho_3_B_56_T_rep4.pdb
-83.175,0.869,-1283.67,4.751,-713.491,0.771,479.896,5.982,relaxed_ortho_3_B_14_S_rep3.pdb
-82.526,1.519,-1286.152,2.27,-714.155,0.107,477.314,3.4,relaxed_ortho_3_A_21_D_rep4.pdb
-80.698,3.347,-1283.564,4.858,-714.36,-0.098,474.69,0.776,relaxed_ortho_3_A_77_T_rep4.pdb
-85.295,-1.251,-1284.8,3.622,-714.556,-0.295,482.261,8.347,relaxed_ortho_3_A_74_E_rep1.pdb
-83.942,0.102,-1281.497,6.925,-712.703,1.559,478.761,4.847,relaxed_ortho_3_B_58_K_rep3.pdb
-83.004,1.041,-1282.809,5.613,-713.327,0.935,476.276,2.362,relaxed_ortho_3_A_22_S_rep3.pdb
-76.933,7.111,-1275.666,12.756,-712.981,1.281,481.484,7.57,relaxed_ortho_3_A_84_G_rep1.pdb
-83.842,0.202,-1286.758,1.664,-712.307,1.955,474.261,0.347,relaxed_ortho_3_A_34_E_rep3.pdb
-81.098,2.947,-1290.726,-2.304,-713.585,0.677,470.441,-3.473,relaxed_ortho_3_A_33_S_rep3.pdb
-83.269,0.775,-1286.137,2.285,-713.344,0.918,479.097,5.183,relaxed_ortho_3_B_98_I_rep1.pdb
-82.586,1.459,-1286.049,2.373,-713.334,0.928,477.646,3.732,relaxed_ortho_3_B_100_H_rep2.pdb
-82.611,1.433,-1290.157,-1.735,-714.511,-0.249,473.353,-0.561,relaxed_ortho_3_B_12_N_rep5.pdb
-83.121,0.923,-1286.378,2.044,-713.323,0.939,476.12,2.206,relaxed_ortho_3_B_59_K_rep1.pdb
-83.153,0.891,-1287.226,1.196,-713.437,0.825,477.242,3.329,relaxed_ortho_3_A_87_S_rep1.pdb
-78.056,5.988,-1279.697,8.725,-714.173,0.089,476.005,2.091,relaxed_ortho_3_A_84_Q_rep5.pdb
-83.262,0.783,-1274.799,13.623,-713.458,0.803,488.28,14.366,relaxed_ortho_3_B_14_D_rep3.pdb
-80.281,3.764,-1283.029,5.393,-714.483,-0.221,477.288,3.374,relaxed_ortho_3_A_77_N_rep4.pdb
-86.401,-2.357,-1286.224,2.198,-713.978,0.284,478.556,4.643,relaxed_ortho_3_B_54_I_rep2.pdb
-82.867,1.178,-1288.348,0.074,-714.037,0.225,476.873,2.959,relaxed_ortho_3_A_27_R_rep5.pdb
-82.746,1.299,-1283.903,4.518,-710.764,3.498,477.141,3.227,relaxed_ortho_3_B_15_F_rep2.pdb
-83.219,0.826,-1284.164,4.258,-713.768,0.494,479.973,6.059,relaxed_ortho_3_A_32_C_rep1.pdb
-84.442,-0.397,-1264.618,23.803,-714.325,-0.063,496.137,22.223,relaxed_ortho_3_A_25_K_rep4.pdb
-80.271,3.774,-1285.991,2.431,-713.475,0.787,475.92,2.006,relaxed_ortho_3_A_84_Y_rep1.pdb
-83.358,0.686,-1287.394,1.027,-713.336,0.926,477.02,3.106,relaxed_ortho_3_A_86_M_rep4.pdb
-83.163,0.882,-1283.485,4.936,-714.31,-0.048,481.89,7.976,relaxed_ortho_3_A_27_H_rep2.pdb
-82.845,1.199,-1285.639,2.782,-712.102,2.16,468.506,-5.408,relaxed_ortho_3_A_86_M_rep5.pdb
-84.985,-0.941,-1285.297,3.125,-713.933,0.329,475.466,1.552,relaxed_ortho_3_A_29_H_rep4.pdb
-81.862,2.183,-1284.834,3.587,-714.658,-0.396,475.483,1.569,relaxed_ortho_3_A_78_A_rep4.pdb
-84.493,-0.449,-1289.986,-1.564,-712.96,1.302,473.879,-0.035,relaxed_ortho_3_A_73_M_rep3.pdb
-85.833,-1.789,-1281.357,7.065,-714.497,-0.235,484.375,10.461,relaxed_ortho_3_A_31_C_rep1.pdb
-81.229,2.816,-1287.904,0.518,-714.435,-0.173,470.057,-3.856,relaxed_ortho_3_A_33_H_rep3.pdb
-82.895,1.149,-1286.806,1.616,-712.689,1.573,489.391,15.477,relaxed_ortho_3_B_54_Y_rep5.pdb
-87.381,-3.337,-1251.156,37.266,-710.62,3.642,426.265,-47.648,relaxed_ortho_3_A_25_W_rep4.pdb
-65.947,18.097,-1244.404,44.018,-711.859,2.403,530.332,56.419,relaxed_ortho_3_A_41_L_rep3.pdb
-82.805,1.239,-1284.698,3.724,-714.615,-0.353,476.571,2.657,relaxed_ortho_3_A_81_M_rep2.pdb
-81.145,2.899,-1281.933,6.489,-713.281,0.981,479.628,5.714,relaxed_ortho_3_A_73_G_rep3.pdb
-84.008,0.037,-1284.984,3.438,-714.391,-0.129,480.903,6.989,relaxed_ortho_3_B_58_I_rep4.pdb
-83.011,1.033,-1287.508,0.914,-714.265,-0.003,474.996,1.082,relaxed_ortho_3_B_98_D_rep4.pdb
-72.314,11.731,-1270.16,18.261,-713.351,0.911,486.955,13.041,relaxed_ortho_3_A_75_R_rep2.pdb
-83.702,0.342,-1290.619,-2.197,-713.798,0.464,472.232,-1.682,relaxed_ortho_3_A_79_K_rep4.pdb
-84.157,-0.113,-1290.332,-1.91,-711.253,3.009,470.606,-3.308,relaxed_ortho_3_B_12_Y_rep5.pdb
-82.717,1.328,-1216.985,71.437,-713.106,1.156,574.283,100.369,relaxed_ortho_3_B_17_P_rep1.pdb
-86.293,-2.248,-1275.834,12.588,-713.687,0.575,486.99,13.076,relaxed_ortho_3_A_87_F_rep1.pdb
-85.3,-1.255,-1285.599,2.823,-713.826,0.436,476.53,2.616,relaxed_ortho_3_A_29_H_rep1.pdb
-81.688,2.357,-1229.992,58.43,-714.314,-0.052,517.414,43.501,relaxed_ortho_3_A_72_P_rep3.pdb
-87.213,-3.169,-1287.678,0.743,-711.802,2.46,473.616,-0.298,relaxed_ortho_3_A_36_I_rep1.pdb
-83.261,0.784,-1286.567,1.854,-713.421,0.841,476.496,2.582,relaxed_ortho_3_A_33_F_rep1.pdb
-85.166,-1.122,-1286.033,2.389,-714.215,0.047,479.018,5.104,relaxed_ortho_3_A_74_Q_rep3.pdb
-85.891,-1.847,-1285.084,3.338,-714.677,-0.415,479.148,5.235,relaxed_ortho_3_A_76_A_rep4.pdb
-82.352,1.692,-1280.701,7.721,-714.103,0.159,482.476,8.562,relaxed_ortho_3_A_39_A_rep3.pdb
-67.956,16.089,-1167.571,120.851,-693.691,20.571,486.405,12.491,relaxed_ortho_3_A_83_P_rep1.pdb
-83.296,0.749,-1286.126,2.296,-713.59,0.672,480.43,6.517,relaxed_ortho_3_B_98_I_rep5.pdb
-86.553,-2.508,-1275.519,12.903,-714.311,-0.049,491.391,17.478,relaxed_ortho_3_A_30_R_rep3.pdb
-82.789,1.256,-1283.89,4.532,-714.454,-0.192,478.272,4.358,relaxed_ortho_3_A_27_T_rep1.pdb
-83.828,0.217,-1284.078,4.343,-714.375,-0.113,479.496,5.582,relaxed_ortho_3_A_71_W_rep2.pdb
-78.0,6.045,-1277.406,11.016,-713.365,0.897,482.906,8.992,relaxed_ortho_3_A_75_E_rep1.pdb
-82.793,1.251,-1288.221,0.2,-713.221,1.041,471.895,-2.019,relaxed_ortho_3_B_55_S_rep1.pdb
-84.63,-0.585,-1284.322,4.1,-714.449,-0.187,480.735,6.821,relaxed_ortho_3_A_74_H_rep2.pdb
-82.626,1.418,-1283.81,4.612,-714.311,-0.049,478.944,5.03,relaxed_ortho_3_A_27_D_rep3.pdb
-82.718,1.327,-1287.64,0.781,-713.317,0.945,472.995,-0.919,relaxed_ortho_3_A_77_V_rep1.pdb
-82.513,1.531,-1281.004,7.418,-713.539,0.723,483.719,9.805,relaxed_ortho_3_A_30_D_rep2.pdb
-83.848,0.196,-1287.518,0.904,-714.16,0.102,478.713,4.799,relaxed_ortho_3_A_21_V_rep1.pdb
-83.888,0.156,-1281.118,7.304,-714.093,0.169,475.444,1.53,relaxed_ortho_3_A_25_N_rep1.pdb
-80.416,3.629,-1281.839,6.583,-712.952,1.31,482.114,8.2,relaxed_ortho_3_A_82_R_rep3.pdb
-83.0,1.044,-1288.561,-0.14,-713.289,0.973,475.848,1.935,relaxed_ortho_3_A_24_E_rep4.pdb
-87.921,-3.877,-1282.988,5.434,-714.067,0.195,484.34,10.427,relaxed_ortho_3_A_31_S_rep1.pdb
-86.528,-2.484,-1290.934,-2.512,-712.387,1.875,481.766,7.852,relaxed_ortho_3_B_17_D_rep5.pdb
-83.098,0.947,-1288.565,-0.143,-713.385,0.877,475.603,1.689,relaxed_ortho_3_B_59_Q_rep4.pdb
-87.808,-3.764,-1286.449,1.973,-714.454,-0.192,479.171,5.257,relaxed_ortho_3_A_34_M_rep1.pdb
-82.602,1.443,-1286.506,1.916,-714.282,-0.02,481.304,7.39,relaxed_ortho_3_B_17_M_rep1.pdb
-91.144,-7.099,-1290.073,-1.651,-714.614,-0.352,480.072,6.158,relaxed_ortho_3_A_26_R_rep1.pdb
-84.77,-0.725,-1287.767,0.655,-714.243,0.019,475.993,2.079,relaxed_ortho_3_A_27_M_rep1.pdb
-87.339,-3.294,-1280.323,8.099,-714.331,-0.069,487.121,13.208,relaxed_ortho_3_A_31_K_rep4.pdb
-83.565,0.48,-1276.756,11.666,-713.317,0.945,492.775,18.861,relaxed_ortho_3_B_17_Y_rep2.pdb
-81.664,2.38,-1285.615,2.807,-714.706,-0.444,475.907,1.993,relaxed_ortho_3_A_81_H_rep2.pdb
-83.796,0.248,-1282.891,5.53,-714.344,-0.082,481.319,7.405,relaxed_ortho_3_A_71_H_rep5.pdb
-84.228,-0.184,-1281.49,6.932,-714.289,-0.027,482.496,8.582,relaxed_ortho_3_A_87_T_rep4.pdb
-86.154,-2.109,-1286.953,1.469,-714.191,0.071,490.115,16.201,relaxed_ortho_3_B_56_I_rep5.pdb
-84.72,-0.675,-1266.075,22.347,-714.21,0.052,447.843,-26.071,relaxed_ortho_3_A_25_R_rep1.pdb
-81.136,2.908,-1282.767,5.655,-713.346,0.916,482.596,8.682,relaxed_ortho_3_B_54_K_rep1.pdb
-83.806,0.239,-1254.698,33.724,-714.37,-0.108,507.708,33.794,relaxed_ortho_3_B_12_P_rep1.pdb
-87.288,-3.243,-1280.787,7.635,-713.859,0.403,483.283,9.369,relaxed_ortho_3_A_37_L_rep5.pdb
-82.569,1.475,-1286.87,1.552,-714.445,-0.183,477.242,3.328,relaxed_ortho_3_B_100_M_rep5.pdb
-82.979,1.065,-1288.675,-0.253,-713.398,0.864,474.731,0.818,relaxed_ortho_3_A_27_R_rep3.pdb
-83.114,0.931,-1289.145,-0.723,-713.592,0.67,478.029,4.115,relaxed_ortho_3_A_87_A_rep4.pdb
-83.852,0.192,-1264.071,24.351,-714.219,0.043,496.388,22.474,relaxed_ortho_3_A_25_K_rep5.pdb
-87.256,-3.212,-1280.854,7.568,-713.938,0.324,485.355,11.441,relaxed_ortho_3_A_37_L_rep2.pdb
-83.9,0.144,-1286.787,1.635,-714.709,-0.447,471.648,-2.266,relaxed_ortho_3_A_35_Y_rep4.pdb
-86.939,-2.894,-1282.83,5.591,-714.359,-0.097,485.933,12.019,relaxed_ortho_3_A_31_Q_rep2.pdb
-83.565,0.479,-1276.686,11.736,-713.126,1.136,494.505,20.591,relaxed_ortho_3_B_17_Y_rep1.pdb
-82.902,1.142,-1283.447,4.975,-713.171,1.091,479.937,6.023,relaxed_ortho_3_B_59_C_rep4.pdb
-82.669,1.376,-1277.935,10.487,-713.572,0.69,486.717,12.803,relaxed_ortho_3_A_71_L_rep4.pdb
-82.959,1.085,-1283.423,4.999,-713.486,0.776,480.892,6.978,relaxed_ortho_3_B_59_I_rep1.pdb
-83.01,1.034,-1288.646,-0.224,-713.501,0.761,474.271,0.357,relaxed_ortho_3_A_78_V_rep4.pdb
-82.737,1.308,-1283.818,4.604,-714.399,-0.137,480.649,6.735,relaxed_ortho_3_A_27_T_rep2.pdb
-83.138,0.907,-1287.566,0.855,-713.438,0.824,478.874,4.96,relaxed_ortho_3_A_86_V_rep4.pdb
-82.557,1.487,-1286.34,2.082,-714.289,-0.027,470.118,-3.795,relaxed_ortho_3_B_102_K_rep2.pdb
-83.129,0.915,-1285.639,2.783,-713.778,0.484,478.004,4.09,relaxed_ortho_3_A_86_G_rep1.pdb
-80.74,3.304,-1286.876,1.546,-713.224,1.038,468.912,-5.002,relaxed_ortho_3_B_55_T_rep3.pdb
-84.285,-0.24,-1276.361,12.061,-713.71,0.552,487.088,13.174,relaxed_ortho_3_A_28_W_rep5.pdb
-83.931,0.114,-1263.463,24.959,-714.126,0.136,487.967,14.054,relaxed_ortho_3_B_11_Q_rep3.pdb
-80.497,3.548,-1285.868,2.554,-713.49,0.772,479.468,5.555,relaxed_ortho_3_A_40_H_rep1.pdb
-83.252,0.792,-1286.294,2.128,-713.473,0.789,482.136,8.222,relaxed_ortho_3_B_17_L_rep1.pdb
-83.173,0.872,-1286.882,1.54,-713.646,0.616,476.659,2.745,relaxed_ortho_3_A_85_R_rep5.pdb
-83.379,0.666,-1290.276,-1.854,-714.472,-0.21,469.195,-4.719,relaxed_ortho_3_B_12_Y_rep4.pdb
-82.816,1.228,-1269.02,19.402,-711.43,2.832,479.822,5.908,relaxed_ortho_3_B_55_P_rep2.pdb
-81.147,2.897,-1283.536,4.886,-712.42,1.842,470.099,-3.815,relaxed_ortho_3_B_55_Q_rep2.pdb
-86.78,-2.735,-1285.03,3.392,-714.46,-0.198,480.11,6.196,relaxed_ortho_3_A_76_R_rep4.pdb
-84.058,-0.014,-1287.672,0.75,-714.269,-0.008,474.192,0.278,relaxed_ortho_3_A_21_F_rep1.pdb
-84.004,0.04,-1265.471,22.951,-714.008,0.254,488.286,14.372,relaxed_ortho_3_B_11_L_rep4.pdb
-82.976,1.068,-1272.725,15.697,-714.645,-0.383,488.623,14.71,relaxed_ortho_3_A_79_V_rep3.pdb
-83.028,1.017,-1288.726,-0.305,-713.504,0.758,474.422,0.508,relaxed_ortho_3_B_102_V_rep3.pdb
-77.404,6.641,-1288.04,0.382,-716.288,-2.026,468.409,-5.505,relaxed_ortho_3_A_35_K_rep4.pdb
-83.035,1.009,-1287.797,0.625,-713.261,1.001,477.967,4.053,relaxed_ortho_3_A_86_N_rep4.pdb
-83.944,0.101,-1285.238,3.184,-713.314,0.948,485.664,11.751,relaxed_ortho_3_B_17_E_rep1.pdb
-86.805,-2.76,-1288.669,-0.247,-713.661,0.601,476.252,2.338,relaxed_ortho_3_A_36_D_rep3.pdb
-79.998,4.047,-1290.763,-2.342,-718.156,-3.894,466.493,-7.421,relaxed_ortho_3_A_35_R_rep2.pdb
-83.636,0.409,-1278.256,10.166,-713.386,0.876,494.843,20.929,relaxed_ortho_3_B_14_C_rep3.pdb
-84.52,-0.476,-1268.319,20.103,-711.761,2.501,483.957,10.043,relaxed_ortho_3_B_11_H_rep4.pdb
-80.822,3.223,-1285.193,3.228,-714.888,-0.626,476.041,2.128,relaxed_ortho_3_A_38_F_rep2.pdb
-80.073,3.972,-1276.472,11.95,-713.984,0.278,484.779,10.865,relaxed_ortho_3_A_75_G_rep2.pdb
-85.074,-1.03,-1288.558,-0.136,-714.604,-0.342,475.21,1.297,relaxed_ortho_3_A_28_T_rep5.pdb
-83.33,0.714,-1288.798,-0.376,-714.594,-0.332,475.332,1.418,relaxed_ortho_3_A_71_E_rep3.pdb
-83.824,0.22,-1284.131,4.29,-714.218,0.044,478.158,4.244,relaxed_ortho_3_A_23_C_rep2.pdb
-83.269,0.776,-1287.76,0.661,-713.276,0.986,475.16,1.246,relaxed_ortho_3_A_28_G_rep5.pdb
-82.724,1.32,-1286.614,1.807,-714.458,-0.196,476.005,2.092,relaxed_ortho_3_B_102_S_rep5.pdb
-82.967,1.078,-1285.762,2.66,-713.471,0.791,476.776,2.862,relaxed_ortho_3_A_83_K_rep3.pdb
-78.303,5.741,-1280.686,7.736,-714.079,0.183,474.457,0.543,relaxed_ortho_3_A_84_N_rep2.pdb
-85.134,-1.089,-1266.173,22.249,-711.339,2.923,498.791,24.877,relaxed_ortho_3_B_14_M_rep4.pdb
-81.147,2.897,-1288.121,0.301,-714.547,-0.285,472.31,-1.604,relaxed_ortho_3_A_79_E_rep5.pdb
-81.914,2.131,-1288.283,0.139,-714.064,0.198,472.837,-1.077,relaxed_ortho_3_A_79_G_rep1.pdb
-82.404,1.64,-1286.795,1.626,-714.455,-0.193,478.938,5.025,relaxed_ortho_3_A_71_R_rep2.pdb
-81.851,2.193,-1281.708,6.714,-714.122,0.14,481.584,7.671,relaxed_ortho_3_A_76_W_rep5.pdb
-82.826,1.218,-1287.383,1.039,-713.327,0.935,475.931,2.017,relaxed_ortho_3_B_100_M_rep1.pdb
-84.777,-0.732,-1280.8,7.622,-713.898,0.364,482.097,8.183,relaxed_ortho_3_A_39_M_rep5.pdb
-84.025,0.02,-1290.427,-2.005,-714.463,-0.201,471.309,-2.605,relaxed_ortho_3_B_12_E_rep2.pdb
-87.587,-3.542,-1286.52,1.902,-714.466,-0.204,479.681,5.768,relaxed_ortho_3_A_36_H_rep4.pdb
-84.631,-0.587,-1290.067,-1.645,-713.443,0.819,475.399,1.485,relaxed_ortho_3_A_73_M_rep5.pdb
-85.168,-1.124,-1285.157,3.264,-714.222,0.04,479.391,5.477,relaxed_ortho_3_A_78_N_rep2.pdb
-84.901,-0.857,-1289.673,-1.251,-713.348,0.914,476.523,2.609,relaxed_ortho_3_B_57_H_rep3.pdb
-71.414,12.63,-1258.846,29.576,-714.436,-0.174,494.817,20.903,relaxed_ortho_3_A_79_P_rep1.pdb
-86.681,-2.637,-1286.195,2.226,-714.108,0.154,478.744,4.83,relaxed_ortho_3_B_54_V_rep4.pdb
-82.464,1.581,-1288.67,-0.248,-713.632,0.63,476.937,3.024,relaxed_ortho_3_A_28_E_rep2.pdb
-83.897,0.147,-1254.767,33.655,-714.363,-0.101,506.454,32.54,relaxed_ortho_3_B_12_P_rep2.pdb
-80.077,3.967,-1279.446,8.976,-712.889,1.373,477.868,3.954,relaxed_ortho_3_A_77_W_rep5.pdb
-79.831,4.213,-1281.066,7.356,-713.185,1.077,485.375,11.461,relaxed_ortho_3_B_56_P_rep4.pdb
-82.839,1.206,-1288.255,0.167,-713.345,0.917,474.774,0.86,relaxed_ortho_3_B_101_E_rep5.pdb
-82.286,1.758,-1284.727,3.694,-713.457,0.805,478.514,4.6,relaxed_ortho_3_B_100_R_rep2.pdb
-82.552,1.493,-1282.707,5.715,-714.376,-0.114,479.81,5.896,relaxed_ortho_3_A_21_L_rep2.pdb
-79.079,4.966,-1283.356,5.066,-713.347,0.915,478.059,4.145,relaxed_ortho_3_A_77_F_rep2.pdb
-82.599,1.446,-1281.311,7.111,-713.39,0.872,482.073,8.159,relaxed_ortho_3_A_30_S_rep2.pdb
-82.748,1.296,-1280.711,7.711,-714.512,-0.25,482.004,8.09,relaxed_ortho_3_B_59_G_rep2.pdb
-84.079,-0.034,-1285.074,3.348,-714.372,-0.11,491.213,17.299,relaxed_ortho_3_A_24_K_rep1.pdb
-85.419,-1.374,-1283.724,4.698,-712.956,1.306,478.518,4.604,relaxed_ortho_3_B_98_F_rep4.pdb
-78.135,5.91,-1282.717,5.704,-712.494,1.768,477.229,3.315,relaxed_ortho_3_A_40_R_rep4.pdb
-82.241,1.803,-1284.117,4.305,-713.438,0.824,479.588,5.674,relaxed_ortho_3_A_82_S_rep4.pdb
-83.417,0.628,-1288.508,-0.087,-713.239,1.023,480.733,6.819,relaxed_ortho_3_B_17_T_rep5.pdb
-82.263,1.781,-1284.944,3.477,-713.856,0.406,477.854,3.94,relaxed_ortho_3_A_76_D_rep4.pdb
-84.928,-0.883,-1285.599,2.823,-714.338,-0.076,480.998,7.084,relaxed_ortho_3_A_74_L_rep3.pdb
-83.957,0.088,-1287.79,0.632,-713.59,0.672,476.255,2.341,relaxed_ortho_3_A_76_Q_rep4.pdb
-82.286,1.759,-1285.967,2.455,-712.857,1.405,482.382,8.469,relaxed_ortho_3_B_54_H_rep4.pdb
-86.776,-2.731,-1288.955,-0.533,-714.143,0.119,478.069,4.155,relaxed_ortho_3_A_34_I_rep1.pdb
-82.99,1.054,-1287.061,1.36,-713.513,0.749,476.282,2.369,relaxed_ortho_3_A_71_M_rep5.pdb
-82.86,1.185,-1284.258,4.163,-713.282,0.98,480.293,6.379,relaxed_ortho_3_B_59_N_rep4.pdb
-82.124,1.921,-1285.587,2.834,-711.775,2.487,471.145,-2.768,relaxed_ortho_3_B_15_H_rep3.pdb
-75.404,8.641,-1272.473,15.949,-713.173,1.089,483.981,10.067,relaxed_ortho_3_A_77_P_rep3.pdb
-82.914,1.131,-1283.342,5.08,-713.473,0.789,480.474,6.56,relaxed_ortho_3_A_85_C_rep2.pdb
-82.847,1.198,-1281.476,6.946,-713.45,0.812,482.006,8.092,relaxed_ortho_3_A_39_A_rep5.pdb
-83.6,0.444,-1278.265,10.157,-713.379,0.883,496.225,22.311,relaxed_ortho_3_B_14_C_rep2.pdb
-82.629,1.416,-1286.907,1.515,-714.496,-0.234,476.491,2.577,relaxed_ortho_3_A_71_K_rep4.pdb
-82.627,1.418,-1269.686,18.735,-713.395,0.867,491.859,17.946,relaxed_ortho_3_A_72_E_rep2.pdb
-83.568,0.476,-1281.782,6.64,-713.511,0.751,478.207,4.293,relaxed_ortho_3_A_37_V_rep5.pdb
-83.555,0.489,-1278.106,10.315,-713.131,1.131,495.602,21.688,relaxed_ortho_3_B_14_C_rep5.pdb
-89.592,-5.548,-1251.483,36.939,-708.156,6.105,430.649,-43.265,relaxed_ortho_3_A_25_W_rep3.pdb
-83.881,0.163,-1284.11,4.312,-714.153,0.109,478.428,4.514,relaxed_ortho_3_A_23_C_rep5.pdb
-85.421,-1.376,-1262.638,25.783,-711.265,2.997,504.147,30.233,relaxed_ortho_3_B_14_E_rep5.pdb
-74.426,9.618,-1279.853,8.568,-714.77,-0.508,477.049,3.135,relaxed_ortho_3_A_38_W_rep3.pdb
-83.654,0.391,-1281.588,6.834,-714.375,-0.113,478.003,4.089,relaxed_ortho_3_B_14_G_rep4.pdb
-83.023,1.022,-1288.571,-0.149,-713.475,0.787,476.312,2.398,relaxed_ortho_3_B_101_T_rep3.pdb
-86.714,-2.67,-1287.674,0.748,-713.834,0.428,487.028,13.114,relaxed_ortho_3_B_56_V_rep2.pdb
-82.927,1.118,-1284.755,3.667,-714.543,-0.281,477.335,3.421,relaxed_ortho_3_A_81_M_rep5.pdb
-85.269,-1.224,-1273.3,15.122,-711.727,2.535,470.975,-2.939,relaxed_ortho_3_A_22_E_rep5.pdb
-79.156,4.888,-1280.968,7.454,-714.71,-0.448,478.019,4.105,relaxed_ortho_3_A_77_S_rep3.pdb
-83.226,0.818,-1285.46,2.962,-713.122,1.139,476.508,2.595,relaxed_ortho_3_A_32_A_rep4.pdb
-83.784,0.26,-1281.199,7.223,-714.262,0.0,482.158,8.244,relaxed_ortho_3_A_39_N_rep5.pdb
-88.59,-4.546,-1278.006,10.416,-713.604,0.658,489.437,15.523,relaxed_ortho_3_A_30_Y_rep5.pdb
-82.293,1.751,-1285.518,2.904,-714.246,0.016,478.794,4.88,relaxed_ortho_3_A_76_Y_rep2.pdb
-83.984,0.061,-1286.687,1.735,-714.336,-0.074,476.691,2.777,relaxed_ortho_3_A_29_D_rep3.pdb
-83.926,0.118,-1279.216,9.205,-714.377,-0.115,484.335,10.422,relaxed_ortho_3_A_39_D_rep1.pdb
-83.159,0.886,-1279.396,9.026,-713.509,0.753,485.484,11.57,relaxed_ortho_3_A_25_S_rep4.pdb
-83.071,0.973,-1285.319,3.102,-715.041,-0.779,476.722,2.809,relaxed_ortho_3_A_80_L_rep1.pdb
-82.734,1.311,-1285.733,2.689,-714.465,-0.203,475.158,1.244,relaxed_ortho_3_B_57_S_rep1.pdb
-77.756,6.289,-1283.639,4.783,-712.366,1.896,470.899,-3.015,relaxed_ortho_3_A_40_Q_rep2.pdb
-76.412,7.633,-1274.638,13.784,-710.288,3.974,484.405,10.492,relaxed_ortho_3_A_41_K_rep5.pdb
-83.065,0.98,-1286.752,1.67,-713.598,0.664,474.94,1.026,relaxed_ortho_3_B_98_G_rep2.pdb
-82.965,1.079,-1288.672,-0.25,-714.44,-0.178,475.788,1.874,relaxed_ortho_3_B_101_V_rep1.pdb
-83.013,1.031,-1288.62,-0.199,-713.357,0.905,476.027,2.114,relaxed_ortho_3_A_21_E_rep4.pdb
-83.734,0.311,-1286.162,2.26,-710.836,3.426,465.23,-8.684,relaxed_ortho_3_A_38_L_rep5.pdb
-83.912,0.132,-1234.396,54.026,-713.966,0.296,547.443,73.529,relaxed_ortho_3_A_23_P_rep2.pdb
-83.214,0.83,-1286.981,1.441,-712.563,1.699,486.656,12.742,relaxed_ortho_3_B_54_F_rep4.pdb
-83.626,0.419,-1280.68,7.742,-715.146,-0.884,485.117,11.204,relaxed_ortho_3_A_25_M_rep3.pdb
-80.38,3.665,-1281.203,7.219,-714.062,0.2,477.06,3.146,relaxed_ortho_3_A_77_Q_rep5.pdb
-86.61,-2.566,-1290.861,-2.439,-712.525,1.737,480.8,6.886,relaxed_ortho_3_B_17_D_rep4.pdb
-77.589,6.455,-1283.028,5.394,-713.65,0.612,469.078,-4.836,relaxed_ortho_3_B_55_D_rep2.pdb
-83.879,0.165,-1286.915,1.507,-714.378,-0.116,477.923,4.009,relaxed_ortho_3_A_21_H_rep5.pdb
-82.671,1.374,-1240.965,47.457,-714.263,-0.001,496.789,22.876,relaxed_ortho_3_A_72_R_rep1.pdb
-74.609,9.436,-1270.697,17.725,-712.373,1.889,483.841,9.928,relaxed_ortho_3_A_82_Y_rep3.pdb
-83.441,0.603,-1286.763,1.659,-713.782,0.48,477.676,3.763,relaxed_ortho_3_A_78_W_rep2.pdb
-84.056,-0.011,-1263.833,24.589,-714.062,0.2,497.148,23.234,relaxed_ortho_3_B_11_T_rep4.pdb
-83.933,0.112,-1281.49,6.932,-712.764,1.498,479.347,5.433,relaxed_ortho_3_B_58_K_rep5.pdb
-82.021,2.023,-1290.828,-2.406,-714.188,0.074,470.64,-3.274,relaxed_ortho_3_B_101_P_rep2.pdb
-83.535,0.509,-1275.466,12.956,-713.401,0.861,488.232,14.318,relaxed_ortho_3_B_14_N_rep3.pdb
-83.142,0.903,-1287.066,1.356,-713.189,1.073,475.429,1.515,relaxed_ortho_3_A_87_S_rep2.pdb
-79.523,4.521,-1287.032,1.39,-712.11,2.152,470.016,-3.898,relaxed_ortho_3_A_40_L_rep1.pdb
-83.904,0.141,-1284.227,4.194,-714.185,0.077,477.322,3.408,relaxed_ortho_3_A_23_S_rep4.pdb
-82.808,1.236,-1286.979,1.443,-714.089,0.173,487.587,13.674,relaxed_ortho_3_B_56_D_rep3.pdb
-83.1,0.945,-1286.165,2.257,-713.211,1.051,485.599,11.685,relaxed_ortho_3_B_17_H_rep5.pdb
-82.608,1.436,-1266.81,21.612,-713.618,0.644,497.76,23.847,relaxed_ortho_3_A_72_M_rep3.pdb
-84.144,-0.099,-1282.169,6.253,-714.311,-0.049,476.071,2.157,relaxed_ortho_3_A_25_L_rep2.pdb
-83.109,0.936,-1279.811,8.61,-713.412,0.85,481.906,7.993,relaxed_ortho_3_A_22_G_rep5.pdb
-71.421,12.624,-1269.82,18.602,-712.835,1.427,481.346,7.432,relaxed_ortho_3_A_75_R_rep3.pdb
-67.12,16.924,-1162.937,125.484,-693.945,20.317,518.401,44.487,relaxed_ortho_3_A_83_P_rep4.pdb
-83.048,0.996,-1288.663,-0.242,-713.507,0.755,474.862,0.948,relaxed_ortho_3_A_23_F_rep5.pdb
-82.227,1.817,-1283.843,4.578,-710.63,3.632,478.082,4.168,relaxed_ortho_3_B_15_N_rep4.pdb
-83.096,0.949,-1281.101,7.321,-713.535,0.727,484.086,10.172,relaxed_ortho_3_A_25_C_rep2.pdb
-83.043,1.001,-1285.67,2.752,-713.411,0.851,477.589,3.675,relaxed_ortho_3_A_83_K_rep2.pdb
-81.49,2.555,-1282.018,6.404,-713.148,1.114,474.991,1.077,relaxed_ortho_3_B_58_D_rep5.pdb
-83.547,0.498,-1284.944,3.478,-714.349,-0.087,473.726,-0.188,relaxed_ortho_3_B_13_S_rep1.pdb
-82.994,1.05,-1288.549,-0.127,-713.467,0.795,474.778,0.864,relaxed_ortho_3_A_76_E_rep4.pdb
-84.114,-0.07,-1285.685,2.736,-714.274,-0.013,477.659,3.745,relaxed_ortho_3_A_39_I_rep2.pdb
-83.874,0.171,-1284.15,4.272,-714.393,-0.131,478.04,4.126,relaxed_ortho_3_A_23_S_rep5.pdb
-87.129,-3.085,-1286.58,1.842,-714.296,-0.034,480.318,6.404,relaxed_ortho_3_A_76_S_rep3.pdb
-77.022,7.022,-1272.126,16.296,-710.652,3.61,488.512,14.598,relaxed_ortho_3_A_41_E_rep4.pdb
-82.839,1.206,-1288.236,0.186,-713.377,0.885,476.666,2.752,relaxed_ortho_3_B_101_E_rep1.pdb
-82.678,1.366,-1272.581,15.841,-715.122,-0.86,487.365,13.451,relaxed_ortho_3_A_80_V_rep2.pdb
-83.792,0.253,-1288.044,0.378,-714.525,-0.263,473.177,-0.737,relaxed_ortho_3_B_98_T_rep1.pdb
-82.891,1.153,-1283.812,4.61,-713.241,1.021,477.878,3.964,relaxed_ortho_3_B_59_V_rep2.pdb
-86.818,-2.773,-1273.613,14.809,-712.691,1.571,487.775,13.861,relaxed_ortho_3_A_39_Y_rep5.pdb
-86.354,-2.31,-1277.495,10.927,-714.245,0.017,489.805,15.892,relaxed_ortho_3_A_31_I_rep2.pdb
-82.383,1.661,-1284.799,3.623,-714.651,-0.389,478.156,4.242,relaxed_ortho_3_A_78_A_rep1.pdb
-82.581,1.464,-1287.997,0.425,-714.266,-0.004,476.672,2.758,relaxed_ortho_3_A_41_P_rep1.pdb
-79.598,4.446,-1283.844,4.578,-714.019,0.243,475.767,1.853,relaxed_ortho_3_A_38_N_rep3.pdb
-85.075,-1.03,-1285.119,3.303,-714.558,-0.296,478.849,4.935,relaxed_ortho_3_A_74_T_rep2.pdb
-85.919,-1.874,-1282.072,6.35,-713.979,0.283,481.204,7.29,relaxed_ortho_3_A_39_L_rep4.pdb
-83.763,0.281,-1288.546,-0.124,-713.83,0.432,474.8,0.886,relaxed_ortho_3_A_32_W_rep2.pdb
-83.114,0.931,-1288.573,-0.151,-713.489,0.773,474.166,0.253,relaxed_ortho_3_A_28_Q_rep4.pdb
-83.993,0.052,-1284.507,3.915,-714.396,-0.134,479.634,5.72,relaxed_ortho_3_A_24_S_rep5.pdb
-84.34,-0.295,-1284.503,3.919,-713.815,0.447,480.432,6.518,relaxed_ortho_3_B_100_W_rep5.pdb
-88.363,-4.319,-1289.77,-1.348,-713.015,1.247,477.187,3.273,relaxed_ortho_3_A_28_N_rep4.pdb
-83.98,0.065,-1288.609,-0.187,-714.354,-0.092,473.222,-0.692,relaxed_ortho_3_A_75_V_rep2.pdb
-84.456,-0.411,-1288.634,-0.212,-711.845,2.417,477.513,3.599,relaxed_ortho_3_A_28_E_rep3.pdb
-82.074,1.97,-1284.371,4.051,-714.374,-0.112,476.058,2.144,relaxed_ortho_3_A_73_C_rep4.pdb
-82.586,1.459,-1281.37,7.052,-713.356,0.906,482.163,8.249,relaxed_ortho_3_A_30_N_rep5.pdb
-80.963,3.081,-1289.875,-1.454,-714.023,0.239,470.256,-3.658,relaxed_ortho_3_A_79_N_rep3.pdb
-82.926,1.119,-1288.288,0.134,-713.516,0.746,476.409,2.495,relaxed_ortho_3_A_83_V_rep2.pdb
-83.153,0.892,-1279.083,9.339,-713.589,0.673,485.38,11.466,relaxed_ortho_3_A_25_D_rep5.pdb
-79.843,4.201,-1281.161,7.261,-712.752,1.51,485.358,11.444,relaxed_ortho_3_B_56_P_rep3.pdb
-83.431,0.613,-1287.691,0.731,-714.066,0.196,474.141,0.227,relaxed_ortho_3_B_98_N_rep4.pdb
-81.213,2.832,-1285.222,3.199,-713.063,1.199,474.488,0.574,relaxed_ortho_3_A_73_T_rep5.pdb
-79.737,4.307,-1281.284,7.138,-712.881,1.381,474.458,0.544,relaxed_ortho_3_A_77_H_rep4.pdb
-84.251,-0.207,-1285.289,3.132,-714.388,-0.126,486.964,13.05,relaxed_ortho_3_A_24_L_rep5.pdb
-84.729,-0.684,-1283.14,5.282,-711.735,2.526,483.749,9.836,relaxed_ortho_3_A_22_I_rep1.pdb
-83.903,0.142,-1277.297,11.125,-714.251,0.011,481.378,7.464,relaxed_ortho_3_B_11_P_rep3.pdb
-80.618,3.426,-1250.37,38.052,-713.972,0.29,506.397,32.483,relaxed_ortho_3_A_81_P_rep2.pdb
-82.522,1.522,-1283.961,4.461,-714.404,-0.142,481.092,7.178,relaxed_ortho_3_B_59_S_rep5.pdb
-83.756,0.288,-1287.439,0.982,-713.665,0.597,482.82,8.906,relaxed_ortho_3_B_17_Q_rep5.pdb
-86.5,-2.455,-1287.948,0.473,-713.202,1.06,471.8,-2.114,relaxed_ortho_3_A_36_L_rep4.pdb
-82.465,1.579,-1282.347,6.075,-714.537,-0.275,477.73,3.816,relaxed_ortho_3_A_75_C_rep4.pdb
-80.648,3.397,-1283.808,4.614,-714.157,0.105,476.414,2.5,relaxed_ortho_3_A_84_H_rep4.pdb
-82.871,1.173,-1287.587,0.834,-714.39,-0.128,474.483,0.569,relaxed_ortho_3_A_71_S_rep1.pdb
-80.43,3.614,-1283.967,4.454,-714.907,-0.645,473.973,0.059,relaxed_ortho_3_A_80_E_rep1.pdb
-82.664,1.381,-1286.128,2.294,-713.463,0.799,478.681,4.767,relaxed_ortho_3_B_100_H_rep5.pdb
-84.126,-0.082,-1265.424,22.998,-714.058,0.204,495.747,21.834,relaxed_ortho_3_B_11_L_rep3.pdb
-82.871,1.173,-1284.972,3.45,-713.555,0.707,478.63,4.717,relaxed_ortho_3_A_85_S_rep2.pdb
-82.829,1.216,-1284.702,3.72,-714.618,-0.356,476.749,2.836,relaxed_ortho_3_A_81_F_rep5.pdb
-83.273,0.771,-1288.095,0.327,-713.561,0.701,482.901,8.987,relaxed_ortho_3_B_17_C_rep5.pdb
-84.107,-0.063,-1285.852,2.57,-714.337,-0.075,476.465,2.551,relaxed_ortho_3_A_29_T_rep2.pdb
-86.517,-2.473,-1280.29,8.132,-713.855,0.407,486.809,12.895,relaxed_ortho_3_A_37_W_rep5.pdb
-80.622,3.422,-1268.658,19.764,-710.794,3.468,493.369,19.455,relaxed_ortho_3_A_41_L_rep1.pdb
-85.196,-1.151,-1288.243,0.179,-712.847,1.415,476.831,2.917,relaxed_ortho_3_B_102_M_rep1.pdb
-83.866,0.179,-1285.297,3.125,-713.214,1.048,479.403,5.49,relaxed_ortho_3_B_98_L_rep1.pdb
-83.772,0.272,-1284.136,4.286,-714.486,-0.224,478.365,4.451,relaxed_ortho_3_A_83_N_rep1.pdb
-82.347,1.698,-1285.467,2.955,-714.69,-0.428,474.005,0.091,relaxed_ortho_3_A_81_Y_rep5.pdb
-82.591,1.453,-1266.764,21.658,-713.589,0.673,499.342,25.428,relaxed_ortho_3_A_72_M_rep5.pdb
-87.372,-3.327,-1287.122,1.3,-714.27,-0.008,477.854,3.94,relaxed_ortho_3_A_34_W_rep5.pdb
-83.04,1.005,-1288.709,-0.287,-713.538,0.724,476.44,2.527,relaxed_ortho_3_B_102_V_rep2.pdb
-83.869,0.176,-1290.215,-1.793,-714.376,-0.114,473.264,-0.65,relaxed_ortho_3_B_12_S_rep2.pdb
-80.849,3.195,-1284.465,3.957,-715.059,-0.797,475.201,1.288,relaxed_ortho_3_A_80_S_rep4.pdb
-81.724,2.321,-1290.351,-1.929,-713.947,0.315,469.496,-4.418,relaxed_ortho_3_A_33_R_rep4.pdb
-84.092,-0.048,-1286.551,1.871,-714.311,-0.049,494.339,20.425,relaxed_ortho_3_A_24_F_rep1.pdb
-82.281,1.763,-1285.621,2.801,-712.309,1.953,474.727,0.813,relaxed_ortho_3_A_36_K_rep1.pdb
-80.908,3.136,-1285.277,3.144,-712.194,2.068,473.575,-0.338,relaxed_ortho_3_B_15_S_rep4.pdb
-78.606,5.439,-1279.52,8.902,-714.324,-0.062,477.784,3.87,relaxed_ortho_3_A_84_C_rep3.pdb
-78.993,5.052,-1281.888,6.534,-714.171,0.091,479.169,5.256,relaxed_ortho_3_A_77_D_rep3.pdb
-82.946,1.098,-1287.155,1.267,-713.411,0.851,476.189,2.275,relaxed_ortho_3_B_100_Q_rep2.pdb
-82.958,1.086,-1288.381,0.04,-713.513,0.749,475.414,1.5,relaxed_ortho_3_A_83_V_rep5.pdb
-83.745,0.299,-1288.935,-0.513,-715.464,-1.202,474.913,1.0,relaxed_ortho_3_A_35_V_rep3.pdb
-84.161,-0.117,-1283.594,4.827,-714.44,-0.178,481.683,7.769,relaxed_ortho_3_A_24_N_rep4.pdb
-82.275,1.77,-1286.106,2.315,-714.771,-0.509,477.431,3.517,relaxed_ortho_3_A_78_Y_rep2.pdb
-87.676,-3.631,-1281.282,7.14,-714.191,0.071,485.835,11.921,relaxed_ortho_3_A_31_H_rep2.pdb
-79.413,4.631,-1284.723,3.698,-713.131,1.131,474.475,0.561,relaxed_ortho_3_A_40_Q_rep5.pdb
-82.691,1.353,-1287.388,1.033,-714.007,0.255,473.919,0.005,relaxed_ortho_3_B_98_D_rep5.pdb
-83.327,0.717,-1271.105,17.317,-713.372,0.89,436.903,-37.011,relaxed_ortho_3_B_14_T_rep1.pdb
-82.908,1.137,-1287.597,0.825,-713.537,0.725,476.223,2.309,relaxed_ortho_3_B_100_F_rep2.pdb
-86.789,-2.745,-1287.669,0.752,-713.515,0.747,486.896,12.982,relaxed_ortho_3_B_56_V_rep3.pdb
-83.925,0.12,-1285.919,2.502,-714.369,-0.107,477.51,3.596,relaxed_ortho_3_A_29_N_rep5.pdb
-84.227,-0.183,-1265.043,23.379,-714.218,0.044,495.137,21.223,relaxed_ortho_3_B_11_T_rep1.pdb
-83.903,0.141,-1286.989,1.433,-714.376,-0.114,477.847,3.933,relaxed_ortho_3_A_21_H_rep1.pdb
-82.885,1.159,-1285.192,3.23,-713.534,0.728,478.786,4.872,relaxed_ortho_3_A_85_M_rep3.pdb
-85.075,-1.03,-1287.106,1.316,-713.311,0.951,464.461,-9.453,relaxed_ortho_3_B_58_F_rep2.pdb
-80.11,3.935,-1284.762,3.659,-713.628,0.634,475.776,1.862,relaxed_ortho_3_A_80_D_rep5.pdb
-83.227,0.818,-1268.031,20.391,-713.139,1.123,482.293,8.379,relaxed_ortho_3_B_55_P_rep4.pdb
-78.386,5.659,-1272.989,15.433,-714.086,0.176,488.678,14.764,relaxed_ortho_3_A_82_W_rep5.pdb
-77.6,6.445,-1283.012,5.409,-713.67,0.592,471.934,-1.98,relaxed_ortho_3_B_55_D_rep3.pdb
-81.961,2.083,-1284.37,4.052,-712.311,1.951,466.781,-7.133,relaxed_ortho_3_B_55_I_rep1.pdb
-80.283,3.762,-1282.667,5.755,-713.762,0.5,479.641,5.728,relaxed_ortho_3_A_82_K_rep3.pdb
-85.51,-1.466,-1282.22,6.202,-714.243,0.019,481.314,7.4,relaxed_ortho_3_A_39_L_rep5.pdb
-83.032,1.013,-1258.673,29.748,-713.249,1.013,508.406,34.492,relaxed_ortho_3_A_29_P_rep1.pdb
-84.586,-0.541,-1285.962,2.459,-714.214,0.048,476.047,2.133,relaxed_ortho_3_A_24_T_rep1.pdb
-82.896,1.148,-1288.183,0.238,-713.433,0.829,473.097,-0.817,relaxed_ortho_3_B_55_S_rep3.pdb
-77.821,6.223,-1282.614,5.808,-711.424,2.837,473.993,0.079,relaxed_ortho_3_A_38_Y_rep1.pdb
-84.501,-0.456,-1265.289,23.133,-714.269,-0.007,497.011,23.097,relaxed_ortho_3_A_72_Q_rep5.pdb
-80.276,3.769,-1218.269,70.152,-712.712,1.55,143.743,-330.17,relaxed_ortho_3_B_14_W_rep5.pdb
-83.08,0.965,-1284.256,4.166,-714.325,-0.064,475.92,2.007,relaxed_ortho_3_A_75_T_rep5.pdb
-76.539,7.505,-1279.56,8.862,-713.858,0.404,468.768,-5.146,relaxed_ortho_3_B_55_E_rep3.pdb
-78.345,5.7,-1280.997,7.425,-714.891,-0.629,478.916,5.002,relaxed_ortho_3_A_77_E_rep3.pdb
-79.455,4.59,-1271.521,16.901,-711.592,2.67,500.42,26.506,relaxed_ortho_3_A_41_W_rep2.pdb
-82.526,1.518,-1288.296,0.126,-714.112,0.15,473.026,-0.888,relaxed_ortho_3_B_12_C_rep4.pdb
-83.794,0.25,-1280.675,7.747,-714.223,0.039,484.235,10.321,relaxed_ortho_3_A_25_M_rep2.pdb
-83.517,0.527,-1287.208,1.214,-714.284,-0.022,475.7,1.786,relaxed_ortho_3_B_102_C_rep1.pdb
-82.245,1.799,-1288.481,-0.059,-714.459,-0.197,475.729,1.815,relaxed_ortho_3_A_81_R_rep1.pdb
-82.475,1.569,-1288.415,0.007,-713.297,0.965,473.707,-0.207,relaxed_ortho_3_B_98_N_rep5.pdb
-84.162,-0.118,-1283.557,4.865,-714.232,0.03,482.03,8.116,relaxed_ortho_3_A_87_N_rep5.pdb
-83.147,0.898,-1288.548,-0.126,-713.377,0.885,474.831,0.917,relaxed_ortho_3_A_32_Q_rep3.pdb
-80.592,3.452,-1282.426,5.996,-713.108,1.154,473.259,-0.655,relaxed_ortho_3_B_15_G_rep5.pdb
-82.256,1.789,-1287.264,1.158,-713.274,0.988,486.879,12.965,relaxed_ortho_3_B_56_S_rep1.pdb
-83.529,0.516,-1285.683,2.738,-714.131,0.131,476.629,2.715,relaxed_ortho_3_B_100_L_rep4.pdb
-86.981,-2.937,-1287.101,1.321,-713.53,0.732,478.577,4.663,relaxed_ortho_3_A_26_F_rep2.pdb
-83.555,0.49,-1284.115,4.307,-714.15,0.112,477.527,3.613,relaxed_ortho_3_A_32_D_rep5.pdb
-81.357,2.688,-1283.789,4.633,-713.915,0.347,477.62,3.706,relaxed_ortho_3_A_79_F_rep2.pdb
-85.691,-1.646,-1288.381,0.041,-714.368,-0.106,474.592,0.678,relaxed_ortho_3_A_36_S_rep2.pdb
-82.75,1.294,-1286.849,1.572,-713.525,0.737,478.124,4.21,relaxed_ortho_3_B_100_V_rep4.pdb
-82.358,1.686,-1286.07,2.352,-713.516,0.746,476.995,3.081,relaxed_ortho_3_B_58_T_rep3.pdb
-86.642,-2.597,-1288.208,0.214,-712.637,1.624,473.843,-0.071,relaxed_ortho_3_A_36_V_rep2.pdb
-83.211,0.834,-1278.686,9.736,-713.721,0.541,490.216,16.302,relaxed_ortho_3_A_41_C_rep5.pdb
-82.48,1.565,-1288.352,0.07,-712.948,1.314,470.934,-2.98,relaxed_ortho_3_A_33_L_rep1.pdb
-83.052,0.993,-1286.463,1.958,-713.402,0.86,477.542,3.628,relaxed_ortho_3_B_59_K_rep5.pdb
-84.14,-0.096,-1272.332,16.09,-714.072,0.19,492.867,18.953,relaxed_ortho_3_A_39_E_rep5.pdb
-86.751,-2.707,-1284.641,3.781,-713.588,0.674,480.291,6.378,relaxed_ortho_3_A_26_C_rep1.pdb
-83.252,0.792,-1286.294,2.128,-713.473,0.789,482.136,8.222,relaxed_ortho_3_B_17_L_rep4.pdb
-82.033,2.011,-1286.023,2.399,-713.053,1.209,476.365,2.451,relaxed_ortho_3_A_80_R_rep5.pdb
-82.421,1.623,-1285.984,2.438,-713.192,1.07,477.153,3.239,relaxed_ortho_3_A_78_T_rep2.pdb
-82.39,1.655,-1280.498,7.924,-713.432,0.83,480.528,6.614,relaxed_ortho_3_B_58_G_rep1.pdb
-83.012,1.033,-1287.415,1.007,-713.249,1.013,475.361,1.447,relaxed_ortho_3_A_32_K_rep2.pdb
-82.891,1.154,-1286.155,2.267,-714.478,-0.216,478.356,4.442,relaxed_ortho_3_A_41_A_rep1.pdb
-83.728,0.316,-1285.05,3.372,-713.04,1.222,478.903,4.989,relaxed_ortho_3_B_98_L_rep3.pdb
-82.686,1.358,-1287.982,0.44,-714.234,0.028,475.307,1.393,relaxed_ortho_3_B_12_M_rep4.pdb
-83.343,0.701,-1286.848,1.574,-713.401,0.861,477.842,3.928,relaxed_ortho_3_B_57_I_rep3.pdb
-83.897,0.148,-1283.47,4.952,-714.328,-0.066,479.189,5.275,relaxed_ortho_3_A_83_A_rep2.pdb
-77.363,6.681,-1278.503,9.918,-714.302,-0.04,476.02,2.106,relaxed_ortho_3_A_84_R_rep1.pdb
-80.955,3.089,-1289.229,-0.807,-715.139,-0.877,472.814,-1.1,relaxed_ortho_3_A_33_N_rep1.pdb
-87.365,-3.321,-1280.17,8.252,-714.327,-0.065,487.448,13.534,relaxed_ortho_3_A_31_K_rep5.pdb
-80.107,3.937,-1276.596,11.826,-714.014,0.248,486.558,12.644,relaxed_ortho_3_A_75_G_rep3.pdb
-81.95,2.095,-1287.338,1.084,-713.34,0.922,474.989,1.075,relaxed_ortho_3_B_101_N_rep3.pdb
-82.414,1.63,-1285.002,3.42,-713.401,0.861,479.313,5.399,relaxed_ortho_3_A_30_T_rep3.pdb
-84.482,-0.438,-1284.941,3.481,-714.316,-0.054,477.451,3.537,relaxed_ortho_3_A_24_Q_rep2.pdb
-83.051,0.994,-1287.325,1.097,-713.62,0.642,476.483,2.569,relaxed_ortho_3_A_71_M_rep4.pdb
-82.713,1.331,-1264.003,24.419,-713.722,0.54,292.618,-181.295,relaxed_ortho_3_B_14_V_rep2.pdb
-81.602,2.443,-1287.905,0.517,-713.41,0.852,472.662,-1.251,relaxed_ortho_3_A_73_Q_rep3.pdb
-82.615,1.43,-1284.606,3.816,-712.272,1.99,479.687,5.773,relaxed_ortho_3_B_15_M_rep5.pdb
-83.573,0.471,-1282.863,5.559,-713.827,0.435,465.611,-8.303,relaxed_ortho_3_B_13_H_rep5.pdb
-85.813,-1.769,-1278.95,9.472,-714.016,0.246,485.429,11.515,relaxed_ortho_3_A_87_W_rep5.pdb
-79.965,4.08,-1268.774,19.648,-715.339,-1.077,488.198,14.284,relaxed_ortho_3_A_33_P_rep5.pdb
-82.743,1.301,-1286.182,2.24,-713.187,1.074,477.619,3.706,relaxed_ortho_3_A_32_E_rep3.pdb
-84.952,-0.907,-1248.891,39.53,-713.587,0.675,503.944,30.03,relaxed_ortho_3_A_72_F_rep3.pdb
-84.582,-0.538,-1285.368,3.054,-714.449,-0.187,477.253,3.339,relaxed_ortho_3_A_79_W_rep4.pdb
-85.319,-1.274,-1286.443,1.979,-714.431,-0.169,481.185,7.271,relaxed_ortho_3_A_74_V_rep1.pdb
-85.48,-1.436,-1278.934,9.488,-714.218,0.044,486.815,12.901,relaxed_ortho_3_A_87_H_rep1.pdb
-83.881,0.164,-1284.126,4.296,-714.362,-0.1,477.953,4.039,relaxed_ortho_3_A_23_S_rep1.pdb
-80.621,3.423,-1286.308,2.114,-715.021,-0.759,474.722,0.808,relaxed_ortho_3_A_73_N_rep5.pdb
-82.92,1.124,-1286.302,2.119,-714.422,-0.16,475.277,1.363,relaxed_ortho_3_A_36_Q_rep1.pdb
-84.162,-0.117,-1281.524,6.898,-714.366,-0.104,482.343,8.429,relaxed_ortho_3_A_87_T_rep5.pdb
-87.451,-3.406,-1249.338,39.083,-710.662,3.6,520.608,46.694,relaxed_ortho_3_A_39_W_rep2.pdb
-85.694,-1.649,-1289.488,-1.066,-713.49,0.772,475.704,1.79,relaxed_ortho_3_B_54_L_rep5.pdb
-82.662,1.382,-1272.665,15.757,-715.282,-1.02,487.407,13.493,relaxed_ortho_3_A_80_V_rep5.pdb
-84.686,-0.642,-1284.546,3.876,-714.041,0.221,486.138,12.224,relaxed_ortho_3_A_24_D_rep1.pdb
-82.909,1.136,-1281.674,6.748,-713.292,0.97,482.829,8.915,relaxed_ortho_3_A_39_S_rep1.pdb
-86.883,-2.838,-1287.807,0.615,-713.325,0.937,475.839,1.925,relaxed_ortho_3_A_26_Y_rep3.pdb
-82.846,1.198,-1284.719,3.702,-713.595,0.667,479.5,5.587,relaxed_ortho_3_A_85_V_rep3.pdb
-85.749,-1.705,-1271.76,16.662,-713.702,0.56,494.828,20.914,relaxed_ortho_3_A_39_H_rep2.pdb
-83.834,0.21,-1284.422,3.999,-714.486,-0.224,477.14,3.226,relaxed_ortho_3_A_23_A_rep4.pdb
-84.214,-0.169,-1286.306,2.116,-714.179,0.083,489.974,16.061,relaxed_ortho_3_A_24_V_rep5.pdb
-84.079,-0.034,-1287.219,1.203,-713.224,1.038,477.115,3.201,relaxed_ortho_3_B_54_M_rep1.pdb
-83.779,0.266,-1285.108,3.313,-711.163,3.099,470.69,-3.224,relaxed_ortho_3_A_35_Y_rep1.pdb
-82.745,1.3,-1124.201,164.221,-714.154,0.108,633.709,159.795,relaxed_ortho_3_A_87_P_rep1.pdb
-82.627,1.417,-1216.877,71.545,-712.929,1.333,573.112,99.198,relaxed_ortho_3_B_17_P_rep3.pdb
-87.768,-3.723,-1282.0,6.422,-714.2,0.062,486.481,12.567,relaxed_ortho_3_A_31_L_rep5.pdb
-85.986,-1.941,-1282.186,6.236,-714.041,0.221,483.796,9.882,relaxed_ortho_3_A_74_F_rep2.pdb
-76.497,7.548,-1280.882,7.54,-713.98,0.282,474.024,0.111,relaxed_ortho_3_A_84_T_rep1.pdb
-85.803,-1.759,-1277.651,10.771,-714.587,-0.325,490.515,16.602,relaxed_ortho_3_A_31_I_rep1.pdb
-83.337,0.707,-1286.344,2.078,-714.156,0.106,474.47,0.557,relaxed_ortho_3_B_102_T_rep1.pdb
-83.913,0.131,-1284.701,3.721,-712.966,1.296,478.655,4.741,relaxed_ortho_3_A_36_V_rep3.pdb
-82.238,1.807,-1285.511,2.91,-713.437,0.825,475.175,1.262,relaxed_ortho_3_B_55_C_rep2.pdb
-85.128,-1.084,-1284.774,3.648,-714.395,-0.133,481.627,7.713,relaxed_ortho_3_A_26_P_rep3.pdb
-82.991,1.054,-1288.331,0.091,-713.202,1.06,475.155,1.241,relaxed_ortho_3_A_39_V_rep5.pdb
-82.501,1.543,-1278.49,9.932,-712.789,1.473,487.608,13.694,relaxed_ortho_3_A_36_W_rep4.pdb
-82.507,1.537,-1286.474,1.948,-713.565,0.697,476.682,2.768,relaxed_ortho_3_A_78_F_rep5.pdb
-82.928,1.116,-1278.648,9.774,-714.546,-0.284,481.912,7.998,relaxed_ortho_3_A_81_G_rep4.pdb
-84.167,-0.122,-1287.778,0.643,-714.069,0.193,479.003,5.089,relaxed_ortho_3_B_100_Y_rep4.pdb
-82.905,1.139,-1284.627,3.795,-713.182,1.08,481.945,8.031,relaxed_ortho_3_A_87_G_rep1.pdb
-83.239,0.806,-1272.926,15.496,-713.528,0.734,496.695,22.781,relaxed_ortho_3_A_41_D_rep3.pdb
-82.901,1.144,-1281.814,6.607,-713.404,0.858,483.613,9.699,relaxed_ortho_3_A_30_M_rep4.pdb
-82.783,1.262,-1284.726,3.696,-713.568,0.694,480.234,6.32,relaxed_ortho_3_B_100_G_rep5.pdb
-83.15,0.895,-1286.03,2.392,-713.086,1.176,478.469,4.555,relaxed_ortho_3_B_98_V_rep4.pdb
-80.211,3.833,-1282.785,5.636,-714.428,-0.166,471.724,-2.19,relaxed_ortho_3_B_55_G_rep2.pdb
-84.058,-0.014,-1283.513,4.908,-714.236,0.026,482.686,8.772,relaxed_ortho_3_A_41_S_rep3.pdb
-83.795,0.25,-1287.733,0.689,-714.124,0.138,473.467,-0.446,relaxed_ortho_3_A_23_Y_rep1.pdb
-85.461,-1.416,-1289.115,-0.693,-713.824,0.438,473.417,-0.497,relaxed_ortho_3_B_54_L_rep1.pdb
-83.13,0.914,-1286.413,2.008,-714.174,0.088,473.801,-0.113,relaxed_ortho_3_A_33_W_rep5.pdb
-78.018,6.027,-1281.257,7.165,-711.225,3.037,474.284,0.37,relaxed_ortho_3_B_15_K_rep3.pdb
-84.954,-0.909,-1248.791,39.631,-713.504,0.758,504.557,30.643,relaxed_ortho_3_A_72_F_rep5.pdb
-82.709,1.336,-1286.749,1.673,-713.266,0.996,478.019,4.105,relaxed_ortho_3_B_100_V_rep2.pdb
-80.127,3.918,-1286.269,2.153,-712.422,1.84,476.682,2.768,relaxed_ortho_3_A_40_I_rep5.pdb
-84.037,0.007,-1259.048,29.374,-714.059,0.203,508.452,34.539,relaxed_ortho_3_B_14_H_rep4.pdb
-84.03,0.015,-1284.664,3.758,-713.954,0.308,478.806,4.892,relaxed_ortho_3_A_83_H_rep5.pdb
-83.26,0.785,-1287.103,1.319,-713.339,0.923,477.166,3.252,relaxed_ortho_3_A_32_P_rep4.pdb
-84.2,-0.155,-1285.299,3.123,-713.482,0.78,480.312,6.398,relaxed_ortho_3_B_102_F_rep1.pdb
-82.254,1.79,-1288.145,0.277,-713.611,0.651,475.78,1.866,relaxed_ortho_3_A_81_S_rep1.pdb
-82.904,1.14,-1283.84,4.581,-714.319,-0.057,477.029,3.115,relaxed_ortho_3_A_27_T_rep4.pdb
-82.241,1.803,-1283.583,4.839,-713.612,0.65,477.393,3.479,relaxed_ortho_3_A_75_M_rep5.pdb
-79.835,4.209,-1278.534,9.887,-713.876,0.386,481.405,7.491,relaxed_ortho_3_A_75_Q_rep2.pdb
-82.568,1.476,-1286.915,1.507,-713.487,0.775,475.612,1.698,relaxed_ortho_3_A_71_C_rep1.pdb
-86.656,-2.612,-1288.359,0.063,-713.193,1.069,475.182,1.268,relaxed_ortho_3_B_58_M_rep3.pdb
-83.09,0.955,-1277.198,11.224,-713.55,0.712,231.016,-242.898,relaxed_ortho_3_A_22_K_rep5.pdb
-76.618,7.426,-1189.695,98.727,-713.634,0.628,564.992,91.079,relaxed_ortho_3_A_80_P_rep1.pdb
-77.285,6.759,-1280.264,8.158,-714.381,-0.119,474.806,0.892,relaxed_ortho_3_A_84_S_rep5.pdb
-80.672,3.373,-1283.876,4.546,-714.755,-0.493,474.765,0.851,relaxed_ortho_3_A_77_T_rep3.pdb
-80.549,3.496,-1284.016,4.406,-713.46,0.802,476.013,2.099,relaxed_ortho_3_B_54_G_rep2.pdb
-82.318,1.727,-1282.937,5.485,-713.696,0.566,482.044,8.13,relaxed_ortho_3_A_30_C_rep4.pdb
-85.089,-1.045,-1279.752,8.669,-714.394,-0.132,484.14,10.226,relaxed_ortho_3_A_30_E_rep1.pdb
-83.023,1.022,-1284.43,3.992,-714.745,-0.483,477.522,3.608,relaxed_ortho_3_A_78_M_rep2.pdb
-85.254,-1.21,-1279.599,8.823,-714.198,0.064,483.533,9.619,relaxed_ortho_3_A_30_E_rep2.pdb
-87.183,-3.138,-1250.401,38.02,-714.168,0.094,512.749,38.835,relaxed_ortho_3_A_31_P_rep1.pdb
-81.793,2.252,-1283.121,5.3,-712.683,1.579,480.978,7.064,relaxed_ortho_3_A_32_F_rep5.pdb
-82.251,1.793,-1283.632,4.789,-714.293,-0.031,476.864,2.95,relaxed_ortho_3_A_27_S_rep2.pdb
-83.884,0.161,-1287.498,0.924,-714.101,0.16,472.563,-1.35,relaxed_ortho_3_A_36_G_rep1.pdb
-73.453,10.592,-1279.612,8.809,-713.926,0.336,458.705,-15.209,relaxed_ortho_3_A_38_K_rep5.pdb
-88.296,-4.251,-1290.97,-2.548,-713.593,0.669,477.877,3.963,relaxed_ortho_3_B_57_W_rep2.pdb
-81.778,2.266,-1283.078,5.344,-715.03,-0.768,478.01,4.096,relaxed_ortho_3_A_80_T_rep2.pdb
-84.119,-0.075,-1269.664,18.758,-714.114,0.148,486.067,12.153,relaxed_ortho_3_A_71_P_rep3.pdb
-84.212,-0.168,-1283.665,4.757,-714.333,-0.071,482.165,8.251,relaxed_ortho_3_A_41_S_rep5.pdb
-88.814,-4.769,-1294.099,-5.677,-715.459,-1.198,475.498,1.584,relaxed_ortho_3_A_34_R_rep1.pdb
-85.538,-1.494,-1287.107,1.315,-713.804,0.458,484.243,10.329,relaxed_ortho_3_B_54_W_rep2.pdb
-83.174,0.87,-1259.844,28.578,-713.262,1.0,506.35,32.436,relaxed_ortho_3_B_14_H_rep3.pdb
-83.36,0.684,-1286.063,2.358,-714.606,-0.344,476.748,2.834,relaxed_ortho_3_A_78_Y_rep1.pdb
-84.376,-0.332,-1287.578,0.844,-714.107,0.155,477.108,3.194,relaxed_ortho_3_A_36_F_rep4.pdb
-83.691,0.354,-1287.304,1.117,-713.486,0.776,477.069,3.155,relaxed_ortho_3_B_101_C_rep2.pdb
-83.878,0.166,-1283.766,4.656,-714.427,-0.165,479.017,5.103,relaxed_ortho_3_A_23_D_rep1.pdb
-82.309,1.735,-1284.149,4.273,-713.353,0.909,478.789,4.876,relaxed_ortho_3_A_82_S_rep3.pdb
-83.051,0.994,-1285.22,3.201,-713.351,0.911,479.803,5.889,relaxed_ortho_3_B_59_H_rep5.pdb
-82.26,1.784,-1286.86,1.562,-712.967,1.295,472.092,-1.822,relaxed_ortho_3_A_38_M_rep3.pdb
-83.976,0.069,-1281.66,6.762,-712.761,1.501,477.264,3.35,relaxed_ortho_3_B_58_K_rep4.pdb
-78.444,5.601,-1279.368,9.054,-714.29,-0.028,479.035,5.121,relaxed_ortho_3_A_84_C_rep5.pdb
-83.78,0.265,-1277.68,10.741,-714.346,-0.084,485.813,11.899,relaxed_ortho_3_A_74_W_rep1.pdb
-81.703,2.342,-1285.689,2.733,-713.874,0.388,479.6,5.686,relaxed_ortho_3_A_77_Y_rep3.pdb
-83.975,0.069,-1285.378,3.044,-713.271,0.991,479.572,5.658,relaxed_ortho_3_B_59_M_rep1.pdb
-84.02,0.025,-1263.442,24.98,-713.985,0.277,488.208,14.294,relaxed_ortho_3_B_11_Q_rep5.pdb
-83.327,0.718,-1288.469,-0.047,-712.793,1.469,474.572,0.658,relaxed_ortho_3_A_81_Q_rep4.pdb
-82.033,2.011,-1286.404,2.018,-714.428,-0.166,474.682,0.768,relaxed_ortho_3_B_102_T_rep2.pdb
-78.012,6.033,-1279.847,8.575,-714.021,0.241,477.793,3.879,relaxed_ortho_3_A_84_Q_rep4.pdb
-89.152,-5.108,-1274.872,13.55,-713.834,0.428,491.272,17.358,relaxed_ortho_3_A_37_R_rep5.pdb
-83.903,0.141,-1281.727,6.694,-713.524,0.737,477.119,3.206,relaxed_ortho_3_A_37_V_rep1.pdb
-83.036,1.009,-1282.768,5.653,-713.228,1.034,476.475,2.561,relaxed_ortho_3_A_22_S_rep4.pdb
-88.534,-4.489,-1250.074,38.348,-712.642,1.62,520.052,46.138,relaxed_ortho_3_A_39_W_rep1.pdb
-81.464,2.581,-1277.318,11.104,-712.09,2.172,482.993,9.079,relaxed_ortho_3_A_75_Y_rep4.pdb
-83.576,0.469,-1281.707,6.715,-713.406,0.855,487.263,13.349,relaxed_ortho_3_B_17_W_rep2.pdb
-81.821,2.224,-1285.885,2.537,-713.239,1.023,472.075,-1.839,relaxed_ortho_3_B_54_P_rep3.pdb
-83.432,0.613,-1284.8,3.622,-714.091,0.171,471.973,-1.941,relaxed_ortho_3_B_13_S_rep3.pdb
-83.128,0.917,-1289.032,-0.61,-713.519,0.743,474.679,0.765,relaxed_ortho_3_B_98_A_rep4.pdb
-77.635,6.409,-1283.548,4.874,-712.461,1.801,470.461,-3.453,relaxed_ortho_3_A_40_Q_rep4.pdb
-84.062,-0.017,-1286.712,1.71,-714.415,-0.153,492.973,19.059,relaxed_ortho_3_A_24_F_rep3.pdb
-86.639,-2.594,-1290.308,-1.886,-714.849,-0.587,474.801,0.887,relaxed_ortho_3_A_34_V_rep5.pdb
-87.179,-3.134,-1281.053,7.368,-713.555,0.707,478.799,4.885,relaxed_ortho_3_A_37_E_rep1.pdb
-81.527,2.517,-1282.109,6.313,-713.193,1.069,475.45,1.536,relaxed_ortho_3_B_58_D_rep1.pdb
-87.587,-3.542,-1286.52,1.902,-714.466,-0.204,479.681,5.768,relaxed_ortho_3_A_36_H_rep1.pdb
-84.998,-0.954,-1282.99,5.431,-714.49,-0.228,483.449,9.535,relaxed_ortho_3_A_74_D_rep5.pdb
-82.825,1.219,-1283.917,4.504,-713.217,1.045,480.057,6.143,relaxed_ortho_3_A_29_R_rep3.pdb
-80.466,3.579,-1285.423,2.999,-712.402,1.86,476.537,2.623,relaxed_ortho_3_A_40_M_rep4.pdb
-85.262,-1.217,-1286.366,2.056,-714.453,-0.191,477.835,3.921,relaxed_ortho_3_A_74_V_rep5.pdb
-81.261,2.784,-1288.395,0.027,-714.003,0.259,472.634,-1.28,relaxed_ortho_3_A_79_E_rep2.pdb
-82.644,1.4,-1284.382,4.04,-714.389,-0.127,470.421,-3.493,relaxed_ortho_3_B_13_K_rep5.pdb
-81.739,2.305,-1286.534,1.888,-714.389,-0.127,469.604,-4.31,relaxed_ortho_3_B_55_A_rep3.pdb
-83.068,0.976,-1287.166,1.256,-713.286,0.976,476.672,2.758,relaxed_ortho_3_A_86_Y_rep4.pdb
-84.264,-0.219,-1286.674,1.748,-714.064,0.198,478.191,4.277,relaxed_ortho_3_B_57_R_rep2.pdb
-77.412,6.632,-1283.12,5.301,-713.619,0.643,476.939,3.025,relaxed_ortho_3_A_40_T_rep5.pdb
-82.993,1.051,-1285.827,2.595,-713.281,0.981,478.893,4.979,relaxed_ortho_3_A_86_C_rep4.pdb
-82.667,1.378,-1280.483,7.938,-713.415,0.847,484.087,10.174,relaxed_ortho_3_A_27_I_rep3.pdb
-83.175,0.869,-1277.576,10.846,-713.218,1.044,484.24,10.326,relaxed_ortho_3_A_72_G_rep5.pdb
-83.059,0.985,-1281.08,7.342,-713.733,0.529,489.591,15.677,relaxed_ortho_3_A_41_T_rep1.pdb
-84.058,-0.014,-1283.513,4.908,-714.236,0.026,482.686,8.772,relaxed_ortho_3_A_41_S_rep4.pdb
-82.963,1.082,-1288.52,-0.098,-714.639,-0.377,472.243,-1.67,relaxed_ortho_3_A_81_I_rep3.pdb
-84.262,-0.217,-1288.165,0.257,-713.292,0.97,486.543,12.629,relaxed_ortho_3_B_56_L_rep1.pdb
-83.838,0.207,-1283.341,5.08,-714.438,-0.176,479.031,5.117,relaxed_ortho_3_A_23_K_rep5.pdb
-82.891,1.154,-1286.155,2.267,-714.478,-0.216,478.356,4.442,relaxed_ortho_3_A_41_A_rep3.pdb
-85.617,-1.573,-1284.852,3.569,-714.397,-0.135,479.16,5.246,relaxed_ortho_3_A_76_A_rep1.pdb
-70.443,13.602,-1259.127,29.295,-714.377,-0.115,493.085,19.171,relaxed_ortho_3_A_79_P_rep4.pdb
-83.001,1.043,-1286.881,1.541,-713.456,0.806,478.213,4.299,relaxed_ortho_3_A_86_A_rep1.pdb
-81.632,2.412,-1285.228,3.194,-713.411,0.851,486.421,12.507,relaxed_ortho_3_B_56_G_rep4.pdb
-84.066,-0.021,-1254.852,33.57,-714.301,-0.039,507.532,33.618,relaxed_ortho_3_B_12_P_rep3.pdb
-83.571,0.473,-1283.976,4.446,-713.311,0.951,480.227,6.313,relaxed_ortho_3_B_59_W_rep3.pdb
-83.874,0.17,-1288.051,0.371,-714.374,-0.112,475.11,1.196,relaxed_ortho_3_A_35_A_rep5.pdb
-86.879,-2.834,-1282.751,5.671,-714.217,0.045,483.201,9.287,relaxed_ortho_3_A_31_S_rep4.pdb
-83.169,0.876,-1278.627,9.795,-713.656,0.606,491.669,17.755,relaxed_ortho_3_A_41_C_rep2.pdb
-80.172,3.872,-1284.763,3.659,-713.358,0.904,475.364,1.45,relaxed_ortho_3_A_80_D_rep4.pdb
-82.972,1.072,-1288.497,-0.075,-713.421,0.841,474.038,0.124,relaxed_ortho_3_B_14_A_rep4.pdb
-82.106,1.939,-1286.924,1.498,-713.953,0.309,474.893,0.979,relaxed_ortho_3_A_79_L_rep2.pdb
-82.076,1.968,-1283.481,4.941,-713.784,0.478,478.533,4.62,relaxed_ortho_3_A_81_D_rep5.pdb
-81.607,2.438,-1286.312,2.11,-713.713,0.549,472.351,-1.563,relaxed_ortho_3_A_82_T_rep1.pdb
-84.444,-0.4,-1288.581,-0.16,-711.721,2.541,478.653,4.739,relaxed_ortho_3_A_28_E_rep4.pdb
-81.671,2.373,-1288.033,0.388,-713.254,1.008,474.028,0.114,relaxed_ortho_3_A_73_Q_rep2.pdb
-87.368,-3.323,-1281.812,6.61,-714.112,0.15,484.813,10.899,relaxed_ortho_3_A_37_A_rep5.pdb
-77.629,6.415,-1277.939,10.483,-714.37,-0.108,482.492,8.578,relaxed_ortho_3_A_40_G_rep2.pdb
-83.333,0.711,-1278.244,10.178,-713.298,0.964,487.102,13.189,relaxed_ortho_3_B_17_F_rep5.pdb
-77.942,6.102,-1282.811,5.611,-712.572,1.69,477.052,3.138,relaxed_ortho_3_A_40_N_rep1.pdb
-83.437,0.608,-1286.759,1.663,-714.565,-0.303,475.372,1.458,relaxed_ortho_3_A_79_Y_rep5.pdb
-82.883,1.161,-1284.44,3.982,-713.142,1.12,478.783,4.869,relaxed_ortho_3_B_59_A_rep2.pdb
-77.169,6.876,-1282.667,5.755,-714.052,0.21,470.262,-3.652,relaxed_ortho_3_B_55_D_rep4.pdb
-87.596,-3.552,-1286.384,2.038,-714.251,0.011,477.495,3.581,relaxed_ortho_3_A_36_H_rep3.pdb
-79.589,4.456,-1280.044,8.377,-712.04,2.222,479.203,5.29,relaxed_ortho_3_A_75_L_rep2.pdb
-82.252,1.793,-1283.787,4.635,-713.24,1.022,476.128,2.214,relaxed_ortho_3_B_58_S_rep2.pdb
-77.659,6.385,-1273.245,15.177,-712.974,1.288,484.881,10.967,relaxed_ortho_3_A_77_P_rep1.pdb
-83.681,0.363,-1282.86,5.562,-714.005,0.257,484.594,10.68,relaxed_ortho_3_A_27_F_rep2.pdb
-81.346,2.698,-1272.3,16.122,-710.481,3.781,496.303,22.389,relaxed_ortho_3_A_41_W_rep3.pdb
-76.721,7.324,-1189.811,98.611,-713.72,0.542,566.473,92.559,relaxed_ortho_3_A_80_P_rep3.pdb
-82.876,1.168,-1285.359,3.063,-713.566,0.696,478.663,4.749,relaxed_ortho_3_A_85_I_rep1.pdb
-74.217,9.828,-1280.926,7.496,-713.855,0.407,472.753,-1.161,relaxed_ortho_3_A_38_E_rep4.pdb
-83.057,0.988,-1287.205,1.217,-713.317,0.945,477.811,3.897,relaxed_ortho_3_A_86_Y_rep1.pdb
-82.969,1.076,-1290.938,-2.516,-713.312,0.95,472.149,-1.765,relaxed_ortho_3_B_12_T_rep5.pdb
-83.668,0.376,-1286.01,2.412,-714.285,-0.023,474.823,0.91,relaxed_ortho_3_B_13_V_rep3.pdb
-83.915,0.13,-1279.01,9.412,-714.058,0.204,482.132,8.218,relaxed_ortho_3_A_39_D_rep4.pdb
-82.561,1.483,-1284.182,4.239,-714.209,0.053,478.024,4.11,relaxed_ortho_3_A_29_M_rep1.pdb
-77.931,6.113,-1259.226,29.196,-711.756,2.506,503.579,29.665,relaxed_ortho_3_A_75_P_rep3.pdb
-82.993,1.052,-1288.512,-0.091,-713.278,0.984,473.386,-0.528,relaxed_ortho_3_A_33_T_rep2.pdb
-76.539,7.505,-1279.56,8.862,-713.858,0.404,468.768,-5.146,relaxed_ortho_3_B_55_E_rep5.pdb
-77.5,6.544,-1281.947,6.475,-714.249,0.013,473.736,-0.178,relaxed_ortho_3_A_84_E_rep5.pdb
-81.158,2.886,-1280.292,8.13,-713.635,0.627,479.186,5.272,relaxed_ortho_3_A_75_S_rep5.pdb
-81.876,2.169,-1274.143,14.279,-713.96,0.302,486.943,13.029,relaxed_ortho_3_A_79_I_rep4.pdb
-84.808,-0.763,-1280.919,7.502,-714.53,-0.268,483.368,9.454,relaxed_ortho_3_A_76_G_rep4.pdb
-84.714,-0.67,-1284.333,4.088,-714.519,-0.257,480.724,6.81,relaxed_ortho_3_A_74_H_rep3.pdb
-82.532,1.513,-1287.86,0.561,-714.234,0.028,473.168,-0.746,relaxed_ortho_3_B_11_A_rep2.pdb
-81.094,2.951,-1283.652,4.77,-714.995,-0.733,475.788,1.875,relaxed_ortho_3_A_80_A_rep5.pdb
-83.076,0.969,-1286.05,2.372,-714.09,0.172,473.408,-0.506,relaxed_ortho_3_B_102_A_rep1.pdb
-83.859,0.186,-1284.677,3.745,-714.366,-0.104,480.722,6.808,relaxed_ortho_3_A_71_F_rep4.pdb
-81.69,2.355,-1285.361,3.06,-713.586,0.676,489.101,15.188,relaxed_ortho_3_B_56_G_rep2.pdb
-82.026,2.018,-1286.596,1.825,-714.614,-0.352,477.807,3.893,relaxed_ortho_3_A_78_K_rep2.pdb
-81.666,2.378,-1287.975,0.447,-713.325,0.937,472.548,-1.366,relaxed_ortho_3_A_73_Q_rep1.pdb
-82.945,1.099,-1271.924,16.498,-715.055,-0.793,487.266,13.352,relaxed_ortho_3_A_80_I_rep2.pdb
-82.106,1.939,-1286.924,1.498,-713.953,0.309,474.893,0.979,relaxed_ortho_3_A_79_L_rep1.pdb
-82.571,1.473,-1286.094,2.328,-711.433,2.829,479.964,6.05,relaxed_ortho_3_A_40_H_rep4.pdb
-83.782,0.263,-1273.099,15.323,-714.904,-0.642,488.917,15.003,relaxed_ortho_3_A_37_P_rep2.pdb
-85.919,-1.874,-1277.75,10.672,-713.94,0.322,488.059,14.146,relaxed_ortho_3_A_87_Y_rep1.pdb
-82.912,1.132,-1288.344,0.078,-714.028,0.234,475.747,1.833,relaxed_ortho_3_A_28_Q_rep5.pdb
-80.195,3.849,-1285.824,2.597,-713.206,1.056,476.428,2.514,relaxed_ortho_3_A_84_Y_rep3.pdb
-84.182,-0.138,-1265.253,23.169,-713.93,0.332,491.195,17.281,relaxed_ortho_3_B_11_L_rep2.pdb
-84.144,-0.099,-1282.169,6.253,-714.311,-0.049,476.071,2.157,relaxed_ortho_3_A_25_L_rep5.pdb
-83.097,0.947,-1287.752,0.67,-713.47,0.792,476.101,2.187,relaxed_ortho_3_A_21_W_rep5.pdb
-83.088,0.956,-1288.539,-0.118,-713.284,0.978,472.71,-1.204,relaxed_ortho_3_B_59_Q_rep3.pdb
-81.904,2.141,-1286.376,2.046,-714.793,-0.531,475.056,1.142,relaxed_ortho_3_A_78_K_rep3.pdb
-83.579,0.466,-1289.847,-1.425,-714.36,-0.098,473.049,-0.865,relaxed_ortho_3_B_98_Q_rep2.pdb
-82.957,1.088,-1289.087,-0.665,-713.625,0.637,474.296,0.382,relaxed_ortho_3_B_59_E_rep4.pdb
-82.749,1.296,-1284.796,3.626,-713.606,0.656,480.278,6.364,relaxed_ortho_3_B_100_G_rep1.pdb
-83.74,0.305,-1286.725,1.697,-714.369,-0.107,476.282,2.368,relaxed_ortho_3_A_71_K_rep2.pdb
-82.839,1.206,-1288.255,0.167,-713.345,0.917,474.774,0.86,relaxed_ortho_3_B_101_E_rep4.pdb
-84.365,-0.321,-1283.515,4.907,-713.963,0.299,479.629,5.715,relaxed_ortho_3_A_76_N_rep5.pdb
-83.813,0.232,-1282.749,5.673,-714.046,0.216,479.102,5.188,relaxed_ortho_3_A_23_M_rep3.pdb
-87.41,-3.366,-1286.411,2.01,-713.475,0.787,477.865,3.951,relaxed_ortho_3_A_26_W_rep4.pdb
-80.472,3.572,-1283.999,4.423,-713.823,0.439,477.357,3.443,relaxed_ortho_3_B_54_G_rep4.pdb
-77.841,6.203,-1275.399,13.023,-711.146,3.116,470.488,-3.426,relaxed_ortho_3_A_41_E_rep1.pdb
-83.759,0.285,-1284.583,3.839,-714.398,-0.137,477.984,4.07,relaxed_ortho_3_A_23_L_rep1.pdb
-82.209,1.836,-1282.834,5.588,-714.416,-0.154,479.579,5.666,relaxed_ortho_3_A_23_M_rep1.pdb
-86.72,-2.676,-1288.442,-0.021,-713.614,0.648,476.726,2.812,relaxed_ortho_3_B_58_M_rep4.pdb
-83.131,0.914,-1285.17,3.251,-714.971,-0.709,476.454,2.54,relaxed_ortho_3_A_80_L_rep3.pdb
-82.686,1.359,-1288.825,-0.403,-713.544,0.717,474.517,0.603,relaxed_ortho_3_A_87_A_rep3.pdb
-84.413,-0.368,-1284.862,3.56,-714.371,-0.109,477.992,4.078,relaxed_ortho_3_A_24_Q_rep3.pdb
-84.023,0.021,-1285.295,3.126,-712.858,1.404,476.695,2.781,relaxed_ortho_3_B_102_P_rep3.pdb
-82.126,1.918,-1272.423,15.999,-711.007,3.255,487.965,14.051,relaxed_ortho_3_A_41_H_rep2.pdb
-83.762,0.282,-1287.945,0.477,-714.408,-0.146,475.585,1.672,relaxed_ortho_3_A_27_R_rep1.pdb
-81.95,2.095,-1279.624,8.798,-713.645,0.617,481.819,7.905,relaxed_ortho_3_A_75_H_rep1.pdb
-82.988,1.057,-1288.428,-0.006,-713.242,1.02,476.869,2.956,relaxed_ortho_3_B_13_I_rep1.pdb
-81.538,2.507,-1285.943,2.479,-714.235,0.027,473.452,-0.462,relaxed_ortho_3_A_33_E_rep1.pdb
-82.92,1.125,-1288.482,-0.06,-714.145,0.117,476.13,2.216,relaxed_ortho_3_A_84_F_rep2.pdb
-82.363,1.682,-1280.124,8.298,-713.276,0.986,479.847,5.933,relaxed_ortho_3_A_75_H_rep3.pdb
-84.023,0.021,-1290.364,-1.942,-714.381,-0.119,470.557,-3.356,relaxed_ortho_3_B_12_E_rep5.pdb
-76.472,7.572,-1282.171,6.251,-712.631,1.631,477.594,3.68,relaxed_ortho_3_A_40_S_rep4.pdb
-79.156,4.888,-1280.968,7.454,-714.71,-0.448,478.019,4.105,relaxed_ortho_3_A_77_S_rep2.pdb
-82.516,1.528,-1286.062,2.36,-714.337,-0.075,477.092,3.178,relaxed_ortho_3_A_21_S_rep2.pdb
-83.078,0.966,-1288.334,0.088,-713.545,0.717,475.236,1.322,relaxed_ortho_3_A_86_R_rep1.pdb
-82.217,1.827,-1288.621,-0.199,-713.236,1.026,472.626,-1.288,relaxed_ortho_3_B_101_S_rep4.pdb
-83.425,0.62,-1261.661,26.761,-713.16,1.102,436.912,-37.001,relaxed_ortho_3_B_14_L_rep3.pdb
-82.74,1.305,-1286.911,1.51,-714.359,-0.097,474.224,0.31,relaxed_ortho_3_A_21_Y_rep2.pdb
-85.766,-1.722,-1286.218,2.204,-713.068,1.194,474.41,0.496,relaxed_ortho_3_B_13_E_rep2.pdb
-83.784,0.26,-1281.199,7.223,-714.262,0.0,482.158,8.244,relaxed_ortho_3_A_39_N_rep2.pdb
-83.487,0.558,-1289.403,-0.982,-714.248,0.014,471.847,-2.067,relaxed_ortho_3_B_101_H_rep4.pdb
-82.256,1.789,-1285.705,2.717,-714.552,-0.29,471.554,-2.359,relaxed_ortho_3_B_13_A_rep2.pdb
-81.229,2.816,-1288.197,0.225,-713.987,0.275,471.639,-2.275,relaxed_ortho_3_A_79_E_rep4.pdb
-83.125,0.919,-1287.065,1.357,-713.215,1.047,478.122,4.208,relaxed_ortho_3_A_87_S_rep3.pdb
-84.164,-0.119,-1287.08,1.341,-714.524,-0.262,475.26,1.346,relaxed_ortho_3_B_57_T_rep3.pdb
-82.987,1.057,-1288.636,-0.214,-713.404,0.858,475.334,1.42,relaxed_ortho_3_A_75_I_rep1.pdb
-83.368,0.676,-1288.141,0.281,-713.183,1.079,473.764,-0.15,relaxed_ortho_3_B_101_K_rep3.pdb
-83.434,0.61,-1261.114,27.308,-714.101,0.161,425.03,-48.884,relaxed_ortho_3_A_23_V_rep4.pdb
-78.68,5.365,-1283.356,5.066,-713.428,0.834,473.184,-0.729,relaxed_ortho_3_A_38_H_rep5.pdb
-82.874,1.17,-1287.68,0.742,-714.121,0.141,476.829,2.915,relaxed_ortho_3_B_12_G_rep1.pdb
-83.495,0.549,-1275.468,12.954,-713.33,0.932,490.324,16.41,relaxed_ortho_3_B_14_N_rep1.pdb
-83.013,1.031,-1277.238,11.184,-713.577,0.685,228.958,-244.956,relaxed_ortho_3_A_22_R_rep4.pdb
-81.694,2.351,-1283.176,5.246,-715.084,-0.822,479.028,5.115,relaxed_ortho_3_A_80_T_rep1.pdb
-84.828,-0.783,-1286.65,1.772,-714.363,-0.101,476.561,2.647,relaxed_ortho_3_A_74_M_rep5.pdb
-77.735,6.31,-1282.708,5.714,-713.497,0.765,474.602,0.688,relaxed_ortho_3_A_40_D_rep4.pdb
-83.65,0.395,-1279.705,8.717,-714.393,-0.132,475.226,1.313,relaxed_ortho_3_A_23_T_rep4.pdb
-83.572,0.473,-1284.924,3.498,-714.398,-0.136,472.138,-1.775,relaxed_ortho_3_B_13_S_rep4.pdb
-84.259,-0.214,-1284.787,3.635,-713.404,0.858,482.472,8.558,relaxed_ortho_3_B_102_W_rep2.pdb
-84.754,-0.709,-1243.902,44.52,-713.786,0.476,327.065,-146.849,relaxed_ortho_3_A_22_Y_rep4.pdb
-79.388,4.656,-1283.318,5.104,-714.334,-0.072,474.199,0.285,relaxed_ortho_3_A_84_V_rep1.pdb
-82.433,1.611,-1285.025,3.397,-714.143,0.119,476.343,2.429,relaxed_ortho_3_A_71_N_rep3.pdb
-82.988,1.056,-1288.676,-0.255,-713.395,0.867,473.181,-0.733,relaxed_ortho_3_A_32_R_rep2.pdb
-82.805,1.24,-1284.728,3.694,-714.588,-0.326,477.08,3.166,relaxed_ortho_3_A_81_M_rep3.pdb
-79.752,4.293,-1281.147,7.275,-712.926,1.336,483.269,9.355,relaxed_ortho_3_B_56_P_rep5.pdb
-81.67,2.375,-1288.235,0.187,-714.014,0.248,471.045,-2.869,relaxed_ortho_3_A_79_S_rep5.pdb
-87.895,-3.851,-1283.813,4.609,-713.108,1.154,479.844,5.93,relaxed_ortho_3_A_37_G_rep1.pdb
-84.099,-0.054,-1286.001,2.421,-714.135,0.127,488.768,14.854,relaxed_ortho_3_A_24_I_rep1.pdb
-83.255,0.79,-1288.629,-0.207,-715.195,-0.933,476.847,2.933,relaxed_ortho_3_A_35_T_rep2.pdb
-84.021,0.023,-1262.668,25.754,-714.305,-0.043,496.358,22.445,relaxed_ortho_3_A_75_P_rep4.pdb
-78.63,5.415,-1275.472,12.949,-714.877,-0.615,482.786,8.872,relaxed_ortho_3_A_77_G_rep4.pdb
-86.632,-2.587,-1288.412,0.01,-713.413,0.849,477.197,3.283,relaxed_ortho_3_B_58_M_rep2.pdb
-83.063,0.981,-1288.742,-0.32,-713.602,0.66,472.791,-1.123,relaxed_ortho_3_B_55_N_rep5.pdb
-82.943,1.101,-1281.764,6.658,-713.419,0.843,483.438,9.524,relaxed_ortho_3_A_39_S_rep4.pdb
-83.801,0.244,-1282.221,6.201,-714.331,-0.069,478.997,5.083,relaxed_ortho_3_A_23_R_rep5.pdb
-83.046,0.998,-1285.038,3.384,-713.502,0.76,479.225,5.311,relaxed_ortho_3_A_86_W_rep5.pdb
-87.587,-3.542,-1286.52,1.902,-714.466,-0.204,479.681,5.768,relaxed_ortho_3_A_36_H_rep2.pdb
-84.589,-0.545,-1279.399,9.022,-714.55,-0.288,484.446,10.532,relaxed_ortho_3_A_30_Q_rep1.pdb
-84.757,-0.713,-1288.373,0.049,-713.22,1.042,475.224,1.31,relaxed_ortho_3_A_76_I_rep5.pdb
-87.982,-3.938,-1289.929,-1.507,-713.098,1.164,476.963,3.049,relaxed_ortho_3_A_28_N_rep2.pdb
-82.751,1.293,-1285.475,2.947,-714.65,-0.388,474.795,0.881,relaxed_ortho_3_A_79_M_rep5.pdb
-83.902,0.142,-1283.987,4.435,-714.155,0.107,479.756,5.842,relaxed_ortho_3_A_71_W_rep1.pdb
-85.473,-1.429,-1286.091,2.331,-713.984,0.278,476.611,2.697,relaxed_ortho_3_A_34_G_rep5.pdb
-82.212,1.833,-1285.118,3.303,-713.748,0.514,467.941,-5.973,relaxed_ortho_3_B_55_L_rep2.pdb
-85.32,-1.276,-1283.938,4.484,-714.276,-0.015,482.92,9.007,relaxed_ortho_3_A_74_S_rep1.pdb
-86.758,-2.714,-1285.853,2.569,-714.377,-0.115,480.429,6.515,relaxed_ortho_3_A_74_R_rep5.pdb
-73.151,10.894,-1271.359,17.063,-712.833,1.429,486.079,12.165,relaxed_ortho_3_A_75_K_rep5.pdb
-77.944,6.1,-1277.318,11.104,-713.391,0.871,482.739,8.825,relaxed_ortho_3_A_75_E_rep3.pdb
-86.297,-2.252,-1283.927,4.494,-714.215,0.047,483.505,9.591,relaxed_ortho_3_A_26_V_rep4.pdb
-84.021,0.023,-1283.491,4.931,-714.373,-0.111,481.238,7.324,relaxed_ortho_3_A_24_C_rep3.pdb
-85.848,-1.804,-1278.868,9.554,-713.866,0.396,485.073,11.159,relaxed_ortho_3_A_26_I_rep3.pdb
-80.272,3.772,-1218.244,70.178,-713.139,1.123,149.599,-324.315,relaxed_ortho_3_B_14_W_rep3.pdb
-81.154,2.89,-1283.542,4.88,-712.203,2.059,479.025,5.111,relaxed_ortho_3_B_15_C_rep3.pdb
-83.736,0.309,-1284.609,3.813,-714.271,-0.009,479.128,5.214,relaxed_ortho_3_B_102_F_rep5.pdb
-82.82,1.225,-1286.882,1.54,-714.787,-0.525,477.303,3.389,relaxed_ortho_3_A_78_L_rep1.pdb
-83.077,0.968,-1287.686,0.736,-714.624,-0.362,473.166,-0.747,relaxed_ortho_3_A_81_T_rep2.pdb
-83.153,0.891,-1279.726,8.696,-713.861,0.401,485.131,11.217,relaxed_ortho_3_A_25_E_rep1.pdb
-82.003,2.042,-1168.337,120.085,-714.053,0.209,598.554,124.64,relaxed_ortho_3_B_98_P_rep2.pdb
-84.018,0.026,-1288.661,-0.239,-714.329,-0.067,471.926,-1.988,relaxed_ortho_3_A_29_Q_rep5.pdb
-82.888,1.157,-1283.496,4.926,-713.159,1.103,480.562,6.648,relaxed_ortho_3_A_39_C_rep5.pdb
-87.452,-3.408,-1287.162,1.26,-714.426,-0.164,477.677,3.763,relaxed_ortho_3_A_34_W_rep3.pdb
-79.095,4.949,-1281.874,6.548,-713.35,0.912,483.013,9.099,relaxed_ortho_3_A_82_K_rep1.pdb
-85.714,-1.67,-1282.758,5.663,-711.344,2.918,480.699,6.785,relaxed_ortho_3_B_98_Y_rep1.pdb
-83.043,1.001,-1288.784,-0.363,-713.581,0.681,476.861,2.947,relaxed_ortho_3_A_40_W_rep1.pdb
-81.856,2.189,-1265.327,23.095,-713.104,1.158,495.66,21.746,relaxed_ortho_3_A_33_P_rep3.pdb
-81.228,2.816,-1283.443,4.979,-711.412,2.85,479.908,5.994,relaxed_ortho_3_A_77_F_rep4.pdb
-83.257,0.787,-1288.296,0.126,-713.311,0.951,476.528,2.614,relaxed_ortho_3_A_86_E_rep5.pdb
-83.776,0.268,-1285.858,2.564,-714.149,0.113,477.613,3.699,relaxed_ortho_3_A_21_A_rep1.pdb
-82.189,1.856,-1287.025,1.397,-713.63,0.632,476.072,2.158,relaxed_ortho_3_B_101_Y_rep2.pdb
-83.566,0.479,-1285.959,2.463,-714.204,0.058,476.336,2.422,relaxed_ortho_3_B_100_K_rep2.pdb
-84.548,-0.503,-1285.441,2.981,-713.973,0.289,475.057,1.143,relaxed_ortho_3_B_54_C_rep1.pdb
-84.159,-0.114,-1287.186,1.236,-714.14,0.122,485.843,11.929,relaxed_ortho_3_B_56_Y_rep5.pdb
-84.008,0.036,-1285.478,2.944,-713.481,0.781,479.873,5.959,relaxed_ortho_3_B_59_M_rep5.pdb
-85.723,-1.679,-1287.051,1.371,-711.941,2.321,471.522,-2.391,relaxed_ortho_3_A_35_F_rep5.pdb
-83.025,1.02,-1287.076,1.346,-713.123,1.139,481.682,7.768,relaxed_ortho_3_B_17_M_rep5.pdb
-83.03,1.014,-1282.726,5.696,-713.525,0.737,478.256,4.342,relaxed_ortho_3_A_22_A_rep3.pdb
-83.262,0.782,-1284.906,3.516,-713.195,1.067,479.427,5.513,relaxed_ortho_3_A_83_S_rep2.pdb
-83.052,0.992,-1285.615,2.807,-713.489,0.773,479.28,5.366,relaxed_ortho_3_A_86_G_rep5.pdb
-76.6,7.445,-1280.979,7.443,-714.043,0.219,474.284,0.37,relaxed_ortho_3_A_84_T_rep5.pdb
-82.771,1.274,-1283.385,5.037,-713.804,0.458,477.551,3.637,relaxed_ortho_3_A_27_V_rep3.pdb
-77.669,6.376,-1283.551,4.871,-712.314,1.948,473.514,-0.4,relaxed_ortho_3_A_40_Q_rep1.pdb
-84.069,-0.024,-1287.614,0.807,-714.471,-0.209,476.601,2.687,relaxed_ortho_3_A_29_E_rep3.pdb
-82.458,1.586,-1278.434,9.988,-712.777,1.485,487.299,13.385,relaxed_ortho_3_A_36_W_rep2.pdb
-83.501,0.544,-1284.984,3.438,-713.158,1.104,477.322,3.408,relaxed_ortho_3_A_32_M_rep4.pdb
-83.738,0.306,-1289.783,-1.361,-714.374,-0.112,472.459,-1.455,relaxed_ortho_3_B_12_Q_rep5.pdb
-83.075,0.97,-1286.866,1.556,-713.681,0.581,474.399,0.485,relaxed_ortho_3_A_30_L_rep1.pdb
-84.001,0.044,-1290.503,-2.081,-714.352,-0.091,470.057,-3.857,relaxed_ortho_3_B_12_H_rep2.pdb
-85.36,-1.316,-1289.921,-1.499,-713.538,0.724,477.69,3.776,relaxed_ortho_3_A_26_L_rep3.pdb
-82.404,1.641,-1285.064,3.358,-713.432,0.83,480.554,6.64,relaxed_ortho_3_A_30_T_rep2.pdb
-83.927,0.117,-1287.543,0.879,-714.245,0.017,475.07,1.156,relaxed_ortho_3_A_36_G_rep2.pdb
-82.504,1.541,-1288.377,0.045,-712.975,1.287,471.584,-2.33,relaxed_ortho_3_A_33_L_rep4.pdb
-82.745,1.3,-1283.61,4.812,-713.588,0.673,481.044,7.13,relaxed_ortho_3_B_100_I_rep5.pdb
-83.331,0.714,-1291.186,-2.764,-713.12,1.142,472.658,-1.256,relaxed_ortho_3_A_73_L_rep4.pdb
-83.899,0.146,-1234.309,54.113,-713.924,0.338,547.914,74.001,relaxed_ortho_3_A_23_P_rep1.pdb
-86.003,-1.958,-1284.472,3.95,-713.401,0.86,478.506,4.592,relaxed_ortho_3_A_32_M_rep2.pdb
-85.423,-1.379,-1289.533,-1.111,-713.113,1.149,475.984,2.07,relaxed_ortho_3_A_26_L_rep5.pdb
-83.502,0.543,-1283.055,5.366,-714.202,0.06,466.536,-7.378,relaxed_ortho_3_B_13_H_rep2.pdb
-86.936,-2.891,-1284.937,3.485,-714.194,0.068,481.27,7.356,relaxed_ortho_3_A_76_R_rep1.pdb
-82.383,1.662,-1168.991,119.43,-713.56,0.702,598.138,124.224,relaxed_ortho_3_B_98_P_rep1.pdb
-84.279,-0.234,-1286.08,2.341,-714.108,0.154,497.964,24.05,relaxed_ortho_3_A_24_W_rep4.pdb
-78.709,5.336,-1280.534,7.888,-712.419,1.843,479.78,5.866,relaxed_ortho_3_A_40_C_rep4.pdb
-83.178,0.867,-1286.608,1.814,-713.306,0.956,477.74,3.826,relaxed_ortho_3_A_83_R_rep4.pdb
-82.887,1.157,-1287.54,0.882,-713.188,1.074,486.72,12.806,relaxed_ortho_3_B_56_E_rep4.pdb
-84.707,-0.663,-1279.817,8.604,-714.366,-0.104,486.733,12.819,relaxed_ortho_3_B_98_Y_rep5.pdb
-84.161,-0.117,-1283.594,4.827,-714.44,-0.178,481.683,7.769,relaxed_ortho_3_A_24_N_rep2.pdb
-80.289,3.755,-1286.025,2.397,-713.566,0.696,475.084,1.17,relaxed_ortho_3_A_84_Y_rep5.pdb
-83.804,0.24,-1282.299,6.123,-714.206,0.055,479.059,5.145,relaxed_ortho_3_A_27_G_rep3.pdb
-80.123,3.921,-1279.711,8.71,-714.391,-0.129,482.98,9.067,relaxed_ortho_3_A_82_E_rep4.pdb
-83.118,0.926,-1288.69,-0.268,-713.846,0.416,476.604,2.691,relaxed_ortho_3_A_75_I_rep3.pdb
-82.713,1.331,-1286.162,2.26,-713.939,0.323,472.259,-1.655,relaxed_ortho_3_B_102_K_rep3.pdb
-83.793,0.251,-1287.991,0.431,-714.383,-0.121,473.699,-0.215,relaxed_ortho_3_A_84_F_rep4.pdb
-81.149,2.896,-1285.486,2.936,-713.394,0.868,475.614,1.7,relaxed_ortho_3_A_27_Q_rep4.pdb
-87.676,-3.631,-1281.282,7.14,-714.191,0.071,485.835,11.921,relaxed_ortho_3_A_31_H_rep1.pdb
-82.678,1.366,-1268.708,19.713,-714.286,-0.024,475.616,1.702,relaxed_ortho_3_B_11_V_rep2.pdb
-83.323,0.722,-1287.329,1.093,-713.315,0.947,475.818,1.904,relaxed_ortho_3_A_86_M_rep3.pdb
-77.564,6.48,-1288.103,0.319,-716.187,-1.925,467.852,-6.062,relaxed_ortho_3_A_35_K_rep2.pdb
-85.255,-1.21,-1260.637,27.785,-711.366,2.896,503.684,29.77,relaxed_ortho_3_B_14_Q_rep1.pdb
-81.186,2.859,-1287.313,1.109,-713.469,0.793,472.563,-1.351,relaxed_ortho_3_B_55_A_rep1.pdb
-83.781,0.263,-1287.844,0.578,-714.278,-0.016,471.381,-2.533,relaxed_ortho_3_B_13_Q_rep2.pdb
-84.048,-0.004,-1283.415,5.007,-714.105,0.157,481.503,7.59,relaxed_ortho_3_A_24_C_rep2.pdb
-82.695,1.349,-1285.872,2.55,-713.112,1.15,479.862,5.949,relaxed_ortho_3_B_54_T_rep4.pdb
-85.365,-1.32,-1278.383,10.039,-714.18,0.082,482.874,8.96,relaxed_ortho_3_A_29_V_rep2.pdb
-83.347,0.697,-1282.283,6.139,-713.226,1.036,486.956,13.042,relaxed_ortho_3_B_17_V_rep5.pdb
-79.297,4.748,-1283.584,4.838,-714.353,-0.091,476.869,2.955,relaxed_ortho_3_A_77_N_rep2.pdb
-86.123,-2.079,-1285.36,3.062,-713.636,0.626,477.818,3.904,relaxed_ortho_3_A_26_T_rep3.pdb
-83.79,0.254,-1289.068,-0.646,-713.455,0.807,477.58,3.666,relaxed_ortho_3_A_28_T_rep3.pdb
-85.739,-1.694,-1275.08,13.342,-713.87,0.392,488.703,14.789,relaxed_ortho_3_A_87_F_rep4.pdb
-83.988,0.056,-1277.68,10.742,-714.228,0.034,481.682,7.769,relaxed_ortho_3_A_72_N_rep3.pdb
-83.936,0.108,-1289.964,-1.543,-714.312,-0.05,472.868,-1.046,relaxed_ortho_3_B_12_N_rep4.pdb
-83.327,0.717,-1282.685,5.737,-712.948,1.314,477.884,3.971,relaxed_ortho_3_A_80_W_rep4.pdb
-83.388,0.656,-1288.153,0.268,-713.387,0.875,474.933,1.019,relaxed_ortho_3_B_101_K_rep2.pdb
-82.772,1.273,-1283.314,5.108,-713.524,0.738,477.844,3.931,relaxed_ortho_3_B_14_S_rep4.pdb
-82.483,1.562,-1278.584,9.838,-712.893,1.369,487.264,13.35,relaxed_ortho_3_A_36_W_rep1.pdb
-84.454,-0.409,-1286.31,2.112,-714.364,-0.102,477.082,3.168,relaxed_ortho_3_A_77_M_rep4.pdb
-82.997,1.047,-1287.421,1.001,-713.423,0.839,476.307,2.393,relaxed_ortho_3_A_32_K_rep4.pdb
-82.865,1.18,-1279.269,9.153,-713.698,0.564,485.431,11.517,relaxed_ortho_3_B_59_F_rep3.pdb
-85.513,-1.468,-1264.605,23.817,-711.807,2.455,503.444,29.53,relaxed_ortho_3_B_11_W_rep1.pdb
-83.51,0.534,-1284.982,3.44,-713.573,0.689,480.006,6.092,relaxed_ortho_3_A_32_M_rep5.pdb
-88.303,-4.259,-1282.01,6.412,-713.825,0.437,485.31,11.396,relaxed_ortho_3_A_30_F_rep2.pdb
-82.697,1.348,-1290.996,-2.574,-715.229,-0.967,472.186,-1.728,relaxed_ortho_3_A_33_H_rep2.pdb
-83.303,0.741,-1281.958,6.464,-714.355,-0.093,482.273,8.36,relaxed_ortho_3_A_85_F_rep4.pdb
-77.257,6.788,-1273.73,14.692,-711.378,2.884,468.973,-4.941,relaxed_ortho_3_B_13_F_rep3.pdb
-81.836,2.209,-1286.949,1.473,-713.177,1.085,473.89,-0.024,relaxed_ortho_3_B_102_S_rep4.pdb
-80.559,3.486,-1284.169,4.252,-712.542,1.72,475.564,1.65,relaxed_ortho_3_B_15_V_rep5.pdb
-82.883,1.162,-1278.328,10.093,-713.272,0.99,490.128,16.214,relaxed_ortho_3_A_41_C_rep4.pdb
-82.293,1.751,-1273.114,15.307,-713.811,0.451,487.847,13.933,relaxed_ortho_3_A_37_K_rep3.pdb
-81.298,2.747,-1285.57,2.852,-713.447,0.815,474.031,0.117,relaxed_ortho_3_A_73_T_rep1.pdb
-82.364,1.68,-1285.553,2.868,-712.948,1.314,477.256,3.342,relaxed_ortho_3_A_36_M_rep2.pdb
-73.394,10.651,-1279.646,8.776,-713.881,0.381,459.325,-14.589,relaxed_ortho_3_A_38_K_rep3.pdb
-83.683,0.361,-1286.218,2.204,-714.114,0.148,475.067,1.153,relaxed_ortho_3_A_36_C_rep1.pdb
-81.819,2.225,-1283.21,5.212,-712.891,1.371,481.477,7.563,relaxed_ortho_3_A_32_F_rep1.pdb
-81.784,2.26,-1285.855,2.567,-714.379,-0.117,474.951,1.037,relaxed_ortho_3_A_80_R_rep3.pdb
-82.529,1.515,-1286.959,1.463,-715.009,-0.747,475.383,1.469,relaxed_ortho_3_A_86_D_rep1.pdb
-82.923,1.121,-1282.618,5.804,-713.348,0.914,480.61,6.696,relaxed_ortho_3_A_83_D_rep5.pdb
-81.753,2.291,-1287.214,1.208,-713.816,0.446,475.649,1.735,relaxed_ortho_3_A_79_A_rep3.pdb
-82.505,1.54,-1280.873,7.549,-714.563,-0.301,482.295,8.381,relaxed_ortho_3_A_30_N_rep2.pdb
-84.999,-0.954,-1285.693,2.729,-714.424,-0.162,478.601,4.687,relaxed_ortho_3_B_57_C_rep4.pdb
-87.969,-3.924,-1293.619,-5.197,-715.33,-1.068,476.219,2.305,relaxed_ortho_3_A_34_R_rep4.pdb
-83.933,0.112,-1285.071,3.351,-714.379,-0.117,478.908,4.994,relaxed_ortho_3_A_29_A_rep1.pdb
-82.881,1.164,-1279.957,8.465,-713.415,0.847,483.652,9.738,relaxed_ortho_3_B_59_Y_rep4.pdb
-83.806,0.238,-1287.977,0.445,-714.137,0.125,474.008,0.094,relaxed_ortho_3_B_98_K_rep2.pdb
-83.863,0.182,-1283.248,5.174,-714.322,-0.06,478.292,4.379,relaxed_ortho_3_A_23_K_rep3.pdb
-84.862,-0.818,-1250.058,38.364,-711.533,2.729,506.138,32.224,relaxed_ortho_3_B_14_R_rep3.pdb
-82.839,1.205,-1282.718,5.704,-713.664,0.598,481.783,7.869,relaxed_ortho_3_A_85_D_rep2.pdb
-83.819,0.226,-1283.776,4.646,-714.141,0.121,479.118,5.204,relaxed_ortho_3_A_23_D_rep5.pdb
-83.415,0.629,-1263.873,24.549,-713.442,0.82,504.512,30.598,relaxed_ortho_3_A_41_I_rep5.pdb
-79.427,4.617,-1283.383,5.039,-713.463,0.799,475.912,1.998,relaxed_ortho_3_B_55_G_rep5.pdb
-83.11,0.934,-1289.961,-1.539,-713.572,0.69,480.058,6.144,relaxed_ortho_3_B_17_R_rep1.pdb
-83.885,0.159,-1288.107,0.315,-714.382,-0.12,473.511,-0.403,relaxed_ortho_3_B_15_E_rep2.pdb
-81.842,2.202,-1285.214,3.208,-714.738,-0.476,475.349,1.435,relaxed_ortho_3_A_81_A_rep4.pdb
-83.502,0.542,-1285.673,2.749,-714.375,-0.113,475.504,1.59,relaxed_ortho_3_B_13_T_rep5.pdb
-82.861,1.183,-1283.646,4.775,-713.194,1.068,479.688,5.774,relaxed_ortho_3_A_39_C_rep3.pdb
-83.491,0.553,-1285.809,2.612,-713.154,1.108,476.685,2.771,relaxed_ortho_3_A_28_V_rep3.pdb
-87.878,-3.834,-1284.0,4.422,-713.21,1.052,480.671,6.757,relaxed_ortho_3_A_37_G_rep5.pdb
-81.924,2.12,-1287.607,0.815,-713.286,0.976,475.14,1.226,relaxed_ortho_3_A_73_H_rep3.pdb
-82.743,1.301,-1284.729,3.693,-714.22,0.042,479.281,5.367,relaxed_ortho_3_B_100_C_rep3.pdb
-82.805,1.239,-1286.425,1.997,-714.626,-0.364,473.824,-0.09,relaxed_ortho_3_A_81_L_rep1.pdb
-82.84,1.205,-1283.266,5.156,-714.169,0.093,481.293,7.379,relaxed_ortho_3_A_21_G_rep3.pdb
-83.623,0.422,-1287.44,0.981,-713.363,0.899,475.486,1.572,relaxed_ortho_3_B_102_L_rep2.pdb
-88.289,-4.245,-1290.865,-2.443,-713.42,0.842,478.505,4.591,relaxed_ortho_3_B_57_W_rep3.pdb
-83.013,1.032,-1288.67,-0.248,-713.663,0.599,477.068,3.154,relaxed_ortho_3_B_17_K_rep1.pdb
-81.368,2.677,-1287.586,0.836,-712.246,2.016,472.923,-0.991,relaxed_ortho_3_A_40_F_rep1.pdb
-85.494,-1.45,-1279.314,9.107,-713.357,0.905,473.623,-0.291,relaxed_ortho_3_A_74_I_rep2.pdb
-82.33,1.714,-1283.592,4.83,-714.316,-0.054,478.217,4.303,relaxed_ortho_3_B_59_N_rep5.pdb
-83.073,0.971,-1286.979,1.442,-713.583,0.679,477.088,3.174,relaxed_ortho_3_A_71_C_rep3.pdb
-83.223,0.821,-1287.081,1.341,-713.207,1.055,475.764,1.85,relaxed_ortho_3_A_32_P_rep3.pdb
-83.02,1.024,-1285.576,2.846,-713.204,1.058,477.479,3.566,relaxed_ortho_3_A_83_K_rep5.pdb
-82.914,1.131,-1282.957,5.464,-713.222,1.04,476.962,3.048,relaxed_ortho_3_B_55_R_rep2.pdb
-83.826,0.219,-1284.76,3.662,-714.361,-0.099,477.845,3.931,relaxed_ortho_3_B_102_H_rep5.pdb
-87.452,-3.408,-1287.162,1.26,-714.426,-0.164,477.677,3.763,relaxed_ortho_3_A_34_W_rep2.pdb
-83.602,0.443,-1284.8,3.622,-714.387,-0.125,469.659,-4.255,relaxed_ortho_3_B_13_E_rep3.pdb
-83.006,1.038,-1288.589,-0.167,-713.515,0.747,476.036,2.122,relaxed_ortho_3_A_35_A_rep1.pdb
-82.905,1.14,-1285.97,2.452,-714.184,0.078,476.943,3.029,relaxed_ortho_3_A_21_S_rep4.pdb
-83.082,0.963,-1289.95,-1.528,-713.505,0.757,480.4,6.486,relaxed_ortho_3_B_17_R_rep5.pdb
-85.527,-1.482,-1286.728,1.694,-713.08,1.182,476.854,2.941,relaxed_ortho_3_A_33_V_rep5.pdb
-86.017,-1.973,-1282.09,6.332,-713.925,0.337,483.453,9.539,relaxed_ortho_3_A_74_F_rep3.pdb
-77.248,6.796,-1280.112,8.31,-714.287,-0.025,475.381,1.467,relaxed_ortho_3_A_84_S_rep1.pdb
-82.847,1.197,-1285.416,3.006,-714.494,-0.232,474.252,0.338,relaxed_ortho_3_A_81_H_rep5.pdb
-82.859,1.186,-1283.271,5.151,-714.209,0.053,479.626,5.712,relaxed_ortho_3_A_29_C_rep2.pdb
-82.143,1.902,-1287.7,0.722,-715.068,-0.806,474.476,0.563,relaxed_ortho_3_B_100_E_rep5.pdb
-89.812,-5.768,-1272.892,15.53,-713.305,0.957,492.523,18.609,relaxed_ortho_3_A_30_W_rep2.pdb
-87.237,-3.193,-1250.328,38.094,-714.074,0.188,512.308,38.394,relaxed_ortho_3_A_31_P_rep5.pdb
-84.928,-0.884,-1285.032,3.39,-714.428,-0.166,479.875,5.961,relaxed_ortho_3_A_74_T_rep1.pdb
-82.908,1.137,-1284.358,4.064,-714.469,-0.207,479.314,5.4,relaxed_ortho_3_A_86_W_rep1.pdb
-83.933,0.112,-1285.071,3.351,-714.379,-0.117,478.908,4.994,relaxed_ortho_3_A_29_A_rep3.pdb
-81.538,2.507,-1285.943,2.479,-714.235,0.027,473.452,-0.462,relaxed_ortho_3_A_33_E_rep4.pdb
-84.19,-0.145,-1283.676,4.746,-714.251,0.011,481.593,7.679,relaxed_ortho_3_A_87_N_rep1.pdb
-83.243,0.801,-1286.761,1.661,-713.23,1.032,477.72,3.806,relaxed_ortho_3_B_57_I_rep2.pdb
-82.988,1.057,-1288.566,-0.145,-713.333,0.929,475.288,1.374,relaxed_ortho_3_A_83_I_rep1.pdb
-80.255,3.789,-1288.536,-0.114,-713.515,0.747,471.259,-2.655,relaxed_ortho_3_B_55_H_rep1.pdb
-77.928,6.116,-1277.413,11.009,-713.464,0.798,482.96,9.047,relaxed_ortho_3_A_75_E_rep2.pdb
-90.081,-6.037,-1290.554,-2.132,-713.649,0.613,473.452,-0.462,relaxed_ortho_3_A_34_H_rep5.pdb
-78.289,5.756,-1280.952,7.47,-714.157,0.105,476.053,2.139,relaxed_ortho_3_A_84_N_rep1.pdb
-82.99,1.054,-1277.942,10.48,-713.995,0.267,488.521,14.607,relaxed_ortho_3_B_17_F_rep4.pdb
-81.487,2.557,-1282.004,6.417,-713.478,0.784,473.81,-0.104,relaxed_ortho_3_A_84_M_rep1.pdb
-84.27,-0.226,-1285.631,2.791,-714.138,0.124,476.29,2.376,relaxed_ortho_3_A_29_F_rep1.pdb
-80.869,3.175,-1283.912,4.51,-714.364,-0.102,474.303,0.389,relaxed_ortho_3_A_84_H_rep1.pdb
-81.336,2.709,-1288.017,0.404,-713.891,0.371,474.394,0.48,relaxed_ortho_3_A_33_A_rep3.pdb
-82.691,1.353,-1264.096,24.325,-713.295,0.967,290.215,-183.699,relaxed_ortho_3_B_14_V_rep4.pdb
-83.085,0.959,-1288.555,-0.133,-713.418,0.844,475.302,1.388,relaxed_ortho_3_A_26_S_rep4.pdb
-81.731,2.314,-1285.384,3.038,-713.533,0.729,481.944,8.03,relaxed_ortho_3_A_77_Y_rep1.pdb
-83.111,0.934,-1288.581,-0.159,-713.716,0.546,477.429,3.515,relaxed_ortho_3_A_77_I_rep3.pdb
-81.801,2.243,-1288.525,-0.103,-714.81,-0.548,471.636,-2.278,relaxed_ortho_3_A_81_I_rep4.pdb
-86.464,-2.419,-1248.284,40.138,-713.134,1.128,497.211,23.297,relaxed_ortho_3_A_72_W_rep5.pdb
-82.81,1.235,-1285.367,3.055,-713.3,0.962,478.44,4.527,relaxed_ortho_3_A_72_T_rep1.pdb
-87.471,-3.427,-1277.229,11.193,-714.52,-0.258,485.083,11.17,relaxed_ortho_3_A_34_P_rep2.pdb
-83.617,0.428,-1286.409,2.013,-712.067,2.195,477.648,3.734,relaxed_ortho_3_B_15_H_rep1.pdb
-84.832,-0.788,-1285.911,2.511,-714.359,-0.097,479.545,5.631,relaxed_ortho_3_A_74_Q_rep1.pdb
-85.942,-1.898,-1246.349,42.073,-714.003,0.259,256.185,-217.728,relaxed_ortho_3_A_22_W_rep2.pdb
-82.262,1.782,-1263.964,24.458,-712.832,1.43,502.153,28.239,relaxed_ortho_3_B_58_P_rep2.pdb
-83.393,0.652,-1282.308,6.114,-714.412,-0.15,475.3,1.386,relaxed_ortho_3_B_13_G_rep1.pdb
-83.925,0.119,-1287.697,0.724,-714.397,-0.135,477.193,3.279,relaxed_ortho_3_A_23_Q_rep2.pdb
-80.954,3.091,-1288.173,0.249,-714.329,-0.067,471.058,-2.856,relaxed_ortho_3_B_54_E_rep4.pdb
-83.87,0.175,-1284.915,3.507,-714.352,-0.09,478.441,4.527,relaxed_ortho_3_A_23_E_rep5.pdb
-87.256,-3.211,-1284.397,4.025,-714.353,-0.091,483.297,9.383,relaxed_ortho_3_A_31_N_rep4.pdb
-85.005,-0.961,-1285.948,2.473,-714.249,0.013,477.715,3.801,relaxed_ortho_3_A_28_C_rep4.pdb
-89.265,-5.22,-1285.694,2.728,-712.843,1.419,481.782,7.868,relaxed_ortho_3_A_32_Y_rep4.pdb
-82.074,1.97,-1284.371,4.051,-714.374,-0.112,476.058,2.144,relaxed_ortho_3_A_73_C_rep5.pdb
-85.539,-1.495,-1286.76,1.662,-713.316,0.946,476.189,2.275,relaxed_ortho_3_A_33_V_rep4.pdb
-82.978,1.067,-1288.625,-0.204,-713.278,0.984,473.559,-0.355,relaxed_ortho_3_B_58_V_rep2.pdb
-79.722,4.322,-1282.519,5.903,-714.229,0.033,474.564,0.65,relaxed_ortho_3_B_55_K_rep5.pdb
-84.107,-0.062,-1284.739,3.683,-714.332,-0.07,478.631,4.717,relaxed_ortho_3_B_102_H_rep1.pdb
-85.278,-1.234,-1260.631,27.791,-711.318,2.944,505.311,31.397,relaxed_ortho_3_B_14_Q_rep5.pdb
-82.44,1.605,-1283.756,4.665,-714.455,-0.193,477.441,3.527,relaxed_ortho_3_B_57_G_rep4.pdb
-82.814,1.231,-1287.069,1.352,-714.142,0.12,488.839,14.925,relaxed_ortho_3_B_56_D_rep4.pdb
-83.025,1.02,-1288.55,-0.128,-713.475,0.787,475.43,1.516,relaxed_ortho_3_B_11_A_rep1.pdb
-80.747,3.298,-1284.236,4.186,-713.722,0.54,475.589,1.675,relaxed_ortho_3_A_35_G_rep2.pdb
-85.929,-1.884,-1290.458,-2.036,-717.933,-3.671,471.973,-1.941,relaxed_ortho_3_A_27_W_rep3.pdb
-81.939,2.105,-1285.656,2.766,-714.019,0.243,474.05,0.136,relaxed_ortho_3_A_73_D_rep1.pdb
-85.9,-1.855,-1279.596,8.826,-713.825,0.437,487.978,14.065,relaxed_ortho_3_A_82_W_rep3.pdb
-85.704,-1.66,-1246.371,42.05,-713.995,0.267,257.234,-216.68,relaxed_ortho_3_A_22_W_rep5.pdb
-79.778,4.266,-1276.286,12.136,-711.995,2.267,472.364,-1.55,relaxed_ortho_3_A_41_E_rep3.pdb
-76.894,7.15,-1271.583,16.838,-711.059,3.203,488.649,14.735,relaxed_ortho_3_A_41_M_rep4.pdb
-86.137,-2.093,-1284.861,3.561,-713.914,0.348,480.932,7.018,relaxed_ortho_3_A_32_I_rep1.pdb
-85.935,-1.89,-1280.871,7.55,-713.985,0.277,484.384,10.47,relaxed_ortho_3_A_74_Y_rep4.pdb
-76.42,7.624,-1283.306,5.116,-712.463,1.799,474.19,0.276,relaxed_ortho_3_A_40_E_rep2.pdb
-82.556,1.489,-1284.607,3.815,-713.492,0.77,476.351,2.437,relaxed_ortho_3_B_58_A_rep1.pdb
-76.087,7.957,-1234.809,53.613,-713.389,0.873,516.334,42.42,relaxed_ortho_3_A_40_P_rep4.pdb
-79.036,5.008,-1290.192,-1.77,-718.023,-3.761,468.465,-5.449,relaxed_ortho_3_A_35_Q_rep2.pdb
-82.967,1.078,-1286.944,1.478,-713.293,0.969,477.183,3.269,relaxed_ortho_3_A_71_M_rep2.pdb
-81.033,3.011,-1289.924,-1.502,-713.975,0.286,470.608,-3.305,relaxed_ortho_3_A_79_N_rep2.pdb
-82.995,1.05,-1289.901,-1.479,-712.833,1.429,474.623,0.709,relaxed_ortho_3_A_73_W_rep2.pdb
-81.635,2.409,-1284.994,3.428,-714.137,0.125,475.127,1.213,relaxed_ortho_3_A_27_K_rep4.pdb
-80.742,3.303,-1284.488,3.934,-714.029,0.233,474.847,0.933,relaxed_ortho_3_A_35_G_rep5.pdb
-83.152,0.892,-1278.997,9.425,-713.259,1.003,485.077,11.163,relaxed_ortho_3_A_25_D_rep4.pdb
-82.313,1.731,-1283.471,4.951,-713.755,0.507,474.745,0.831,relaxed_ortho_3_B_58_N_rep2.pdb
-83.026,1.019,-1286.799,1.622,-713.532,0.73,478.334,4.42,relaxed_ortho_3_A_71_I_rep3.pdb
-84.038,0.006,-1267.178,21.244,-714.109,0.153,497.408,23.494,relaxed_ortho_3_B_11_C_rep2.pdb
-76.606,7.439,-1283.516,4.905,-712.964,1.298,472.121,-1.793,relaxed_ortho_3_A_35_E_rep3.pdb
-82.854,1.191,-1277.702,10.72,-713.531,0.731,486.394,12.48,relaxed_ortho_3_A_72_G_rep1.pdb
-83.022,1.023,-1288.689,-0.267,-713.515,0.747,475.795,1.881,relaxed_ortho_3_B_13_I_rep5.pdb
-78.564,5.481,-1284.143,4.279,-714.722,-0.461,478.188,4.275,relaxed_ortho_3_A_77_L_rep1.pdb
-81.577,2.468,-1286.54,1.882,-714.41,-0.148,474.862,0.948,relaxed_ortho_3_A_73_K_rep4.pdb
-82.732,1.312,-1287.524,0.898,-714.482,-0.22,473.276,-0.637,relaxed_ortho_3_A_81_T_rep4.pdb
-86.965,-2.92,-1284.535,3.887,-714.337,-0.075,482.975,9.061,relaxed_ortho_3_A_31_E_rep2.pdb
-82.63,1.415,-1287.26,1.161,-713.308,0.954,477.451,3.537,relaxed_ortho_3_B_100_S_rep2.pdb
-85.677,-1.633,-1285.846,2.576,-714.581,-0.319,478.892,4.978,relaxed_ortho_3_A_34_C_rep5.pdb
-84.388,-0.344,-1284.469,3.953,-714.441,-0.179,479.08,5.166,relaxed_ortho_3_A_87_E_rep1.pdb
-84.937,-0.893,-1286.062,2.36,-714.635,-0.373,479.624,5.71,relaxed_ortho_3_A_74_Q_rep2.pdb
-83.089,0.956,-1286.172,2.249,-713.539,0.723,479.089,5.175,relaxed_ortho_3_A_23_H_rep5.pdb
-82.852,1.193,-1290.291,-1.87,-712.903,1.358,473.613,-0.301,relaxed_ortho_3_A_73_Y_rep5.pdb
-80.835,3.209,-1286.183,2.239,-712.854,1.408,474.624,0.71,relaxed_ortho_3_B_101_D_rep1.pdb
-83.047,0.998,-1285.947,2.475,-713.227,1.035,476.921,3.007,relaxed_ortho_3_A_83_T_rep5.pdb
-78.865,5.179,-1281.877,6.544,-714.238,0.024,478.095,4.181,relaxed_ortho_3_A_36_E_rep5.pdb
-83.566,0.479,-1285.959,2.463,-714.204,0.058,476.336,2.422,relaxed_ortho_3_B_100_K_rep3.pdb
-85.0,-0.956,-1288.018,0.403,-714.793,-0.531,473.667,-0.247,relaxed_ortho_3_A_34_F_rep5.pdb
-82.761,1.284,-1288.397,0.025,-713.212,1.05,474.858,0.944,relaxed_ortho_3_A_27_R_rep2.pdb
-87.166,-3.121,-1279.647,8.775,-714.271,-0.009,484.905,10.991,relaxed_ortho_3_A_31_R_rep3.pdb
-85.216,-1.172,-1286.662,1.76,-715.121,-0.86,478.479,4.565,relaxed_ortho_3_A_34_M_rep5.pdb
-84.319,-0.275,-1275.243,13.179,-714.184,0.078,494.628,20.714,relaxed_ortho_3_A_41_N_rep5.pdb
-83.049,0.996,-1287.516,0.906,-713.563,0.699,476.636,2.722,relaxed_ortho_3_A_83_L_rep5.pdb
-83.02,1.024,-1269.487,18.935,-714.189,0.073,488.082,14.168,relaxed_ortho_3_A_87_V_rep1.pdb
-83.584,0.46,-1282.943,5.479,-714.089,0.173,466.593,-7.32,relaxed_ortho_3_B_13_H_rep3.pdb
-84.537,-0.493,-1287.735,0.687,-712.891,1.371,487.693,13.779,relaxed_ortho_3_B_54_W_rep1.pdb
-83.783,0.261,-1284.392,4.03,-714.377,-0.115,478.363,4.449,relaxed_ortho_3_B_59_D_rep5.pdb
-82.642,1.402,-1283.814,4.608,-714.304,-0.042,480.773,6.859,relaxed_ortho_3_A_27_D_rep2.pdb
-81.296,2.748,-1286.523,1.899,-714.066,0.196,472.28,-1.634,relaxed_ortho_3_A_73_E_rep3.pdb
-78.062,5.982,-1282.775,5.647,-712.587,1.675,476.071,2.157,relaxed_ortho_3_A_40_R_rep5.pdb
-81.87,2.174,-1284.735,3.686,-714.63,-0.368,476.645,2.732,relaxed_ortho_3_A_78_A_rep3.pdb
-83.705,0.339,-1286.917,1.505,-714.402,-0.14,472.118,-1.796,relaxed_ortho_3_A_21_Y_rep1.pdb
-83.432,0.613,-1284.8,3.622,-714.091,0.171,471.973,-1.941,relaxed_ortho_3_B_13_S_rep5.pdb
-83.895,0.15,-1257.38,31.042,-714.371,-0.109,505.525,31.611,relaxed_ortho_3_B_11_D_rep5.pdb
-82.986,1.059,-1275.272,13.15,-714.452,-0.19,496.423,22.509,relaxed_ortho_3_A_41_N_rep4.pdb
-82.965,1.08,-1288.449,-0.027,-713.174,1.088,473.678,-0.235,relaxed_ortho_3_B_54_N_rep3.pdb
-83.991,0.053,-1279.785,8.637,-713.867,0.395,482.777,8.863,relaxed_ortho_3_A_76_P_rep1.pdb
-83.088,0.957,-1286.735,1.687,-713.69,0.572,478.763,4.849,relaxed_ortho_3_A_21_D_rep3.pdb
-86.764,-2.72,-1287.121,1.301,-714.144,0.118,477.249,3.335,relaxed_ortho_3_A_34_A_rep2.pdb
-82.792,1.253,-1287.237,1.184,-713.483,0.779,478.149,4.236,relaxed_ortho_3_B_100_A_rep5.pdb
-83.092,0.952,-1287.985,0.437,-713.497,0.765,476.431,2.517,relaxed_ortho_3_A_86_T_rep3.pdb
-84.537,-0.493,-1285.836,2.586,-714.168,0.094,474.542,0.629,relaxed_ortho_3_B_54_M_rep4.pdb
-83.473,0.572,-1262.194,26.228,-714.203,0.059,498.234,24.32,relaxed_ortho_3_A_72_H_rep1.pdb
-82.828,1.216,-1216.855,71.567,-712.976,1.286,575.863,101.95,relaxed_ortho_3_B_17_P_rep5.pdb
-78.444,5.601,-1279.368,9.054,-714.29,-0.028,479.035,5.121,relaxed_ortho_3_A_84_C_rep2.pdb
-82.992,1.053,-1287.717,0.705,-713.29,0.972,475.906,1.993,relaxed_ortho_3_A_86_N_rep1.pdb
-83.775,0.27,-1285.699,2.723,-714.448,-0.186,476.609,2.695,relaxed_ortho_3_A_29_Y_rep4.pdb
-82.725,1.32,-1288.024,0.398,-714.449,-0.187,473.846,-0.068,relaxed_ortho_3_A_27_R_rep4.pdb
-87.185,-3.14,-1287.823,0.599,-712.103,2.159,474.92,1.006,relaxed_ortho_3_A_36_I_rep2.pdb
-83.694,0.35,-1262.004,26.418,-714.111,0.151,502.211,28.297,relaxed_ortho_3_B_11_I_rep4.pdb
-87.279,-3.234,-1276.312,12.11,-714.373,-0.111,491.459,17.545,relaxed_ortho_3_A_30_K_rep4.pdb
-84.038,0.006,-1285.653,2.769,-714.312,-0.05,476.401,2.487,relaxed_ortho_3_A_29_T_rep1.pdb
-91.73,-7.686,-1280.473,7.949,-714.521,-0.259,489.867,15.953,relaxed_ortho_3_A_31_M_rep3.pdb
-82.888,1.157,-1286.006,2.416,-713.554,0.708,477.167,3.253,relaxed_ortho_3_A_82_A_rep1.pdb
-83.214,0.831,-1287.928,0.494,-713.321,0.941,482.812,8.898,relaxed_ortho_3_B_17_C_rep1.pdb
-82.889,1.156,-1284.62,3.802,-713.297,0.965,479.46,5.546,relaxed_ortho_3_A_85_N_rep3.pdb
-83.802,0.243,-1283.754,4.668,-714.468,-0.206,478.777,4.863,relaxed_ortho_3_A_83_A_rep4.pdb
-84.172,-0.128,-1280.521,7.901,-713.599,0.663,480.989,7.075,relaxed_ortho_3_A_37_D_rep3.pdb
-83.702,0.342,-1290.675,-2.253,-713.886,0.376,474.522,0.608,relaxed_ortho_3_A_79_K_rep3.pdb
-84.909,-0.864,-1278.116,10.305,-714.454,-0.192,486.723,12.809,relaxed_ortho_3_A_74_G_rep3.pdb
-81.443,2.601,-1283.795,4.627,-713.879,0.383,477.973,4.059,relaxed_ortho_3_A_79_F_rep4.pdb
-84.334,-0.289,-1282.107,6.315,-714.315,-0.053,482.999,9.085,relaxed_ortho_3_A_87_D_rep5.pdb
-83.259,0.785,-1285.54,2.882,-714.346,-0.085,476.486,2.572,relaxed_ortho_3_B_57_A_rep2.pdb
-84.247,-0.203,-1289.427,-1.005,-713.44,0.822,474.634,0.721,relaxed_ortho_3_A_32_W_rep4.pdb
-82.947,1.097,-1287.143,1.279,-713.406,0.856,478.398,4.484,relaxed_ortho_3_B_100_A_rep1.pdb
-84.266,-0.221,-1285.995,2.427,-713.843,0.419,474.958,1.045,relaxed_ortho_3_A_83_Y_rep3.pdb
-85.223,-1.178,-1287.9,0.522,-714.091,0.171,477.5,3.586,relaxed_ortho_3_B_56_K_rep4.pdb
-84.023,0.021,-1290.364,-1.942,-714.381,-0.119,470.557,-3.356,relaxed_ortho_3_B_12_E_rep4.pdb
-73.181,10.864,-1271.414,17.008,-712.836,1.426,486.17,12.256,relaxed_ortho_3_A_75_K_rep3.pdb
-83.396,0.648,-1286.574,1.848,-713.273,0.989,476.985,3.071,relaxed_ortho_3_A_76_M_rep3.pdb
-85.848,-1.804,-1288.576,-0.155,-714.255,0.007,475.71,1.796,relaxed_ortho_3_B_57_K_rep5.pdb
-82.734,1.311,-1287.611,0.811,-713.238,1.024,475.197,1.283,relaxed_ortho_3_A_77_V_rep3.pdb
-82.612,1.432,-1286.199,2.222,-713.179,1.083,475.618,1.704,relaxed_ortho_3_A_27_E_rep3.pdb
-83.029,1.015,-1289.128,-0.706,-713.961,0.301,472.896,-1.018,relaxed_ortho_3_A_79_Q_rep4.pdb
-82.995,1.049,-1283.915,4.507,-713.517,0.745,480.108,6.194,relaxed_ortho_3_A_85_T_rep4.pdb
-82.861,1.184,-1284.997,3.425,-713.19,1.072,471.217,-2.696,relaxed_ortho_3_B_58_H_rep1.pdb
-84.59,-0.545,-1284.384,4.037,-713.865,0.397,484.544,10.63,relaxed_ortho_3_A_27_Y_rep1.pdb
-83.754,0.29,-1281.297,7.125,-714.328,-0.066,477.497,3.583,relaxed_ortho_3_A_25_N_rep4.pdb
-82.271,1.773,-1287.894,0.528,-714.063,0.199,471.269,-2.645,relaxed_ortho_3_B_54_E_rep2.pdb
-84.63,-0.585,-1284.322,4.1,-714.449,-0.187,480.735,6.821,relaxed_ortho_3_A_74_H_rep5.pdb
-78.001,6.044,-1259.298,29.124,-711.788,2.474,502.593,28.679,relaxed_ortho_3_A_75_P_rep5.pdb
-85.089,-1.045,-1279.752,8.669,-714.394,-0.132,484.14,10.226,relaxed_ortho_3_A_30_E_rep4.pdb
-77.606,6.438,-1275.054,13.368,-714.328,-0.066,480.609,6.695,relaxed_ortho_3_A_84_G_rep4.pdb
-87.439,-3.395,-1253.545,34.877,-714.112,0.15,473.351,-0.563,relaxed_ortho_3_A_39_R_rep5.pdb
-81.806,2.239,-1287.118,1.304,-713.382,0.88,474.442,0.528,relaxed_ortho_3_B_102_S_rep1.pdb
-81.936,2.109,-1284.193,4.229,-714.309,-0.047,475.599,1.685,relaxed_ortho_3_A_38_C_rep5.pdb
-83.136,0.908,-1284.853,3.569,-713.231,1.031,479.88,5.966,relaxed_ortho_3_A_83_S_rep3.pdb
-83.922,0.122,-1283.923,4.499,-714.124,0.138,477.845,3.931,relaxed_ortho_3_A_23_N_rep3.pdb
-83.112,0.932,-1285.824,2.597,-713.207,1.055,476.8,2.886,relaxed_ortho_3_A_28_V_rep2.pdb
-82.557,1.487,-1288.762,-0.34,-713.733,0.528,478.4,4.487,relaxed_ortho_3_A_28_E_rep1.pdb
-82.969,1.076,-1287.66,0.762,-713.503,0.759,476.81,2.897,relaxed_ortho_3_A_71_T_rep4.pdb
-87.355,-3.311,-1280.874,7.548,-714.051,0.211,485.662,11.748,relaxed_ortho_3_A_37_T_rep3.pdb
-84.666,-0.621,-1285.06,3.362,-714.456,-0.194,480.557,6.643,relaxed_ortho_3_A_26_G_rep5.pdb
-83.574,0.471,-1285.705,2.717,-714.283,-0.021,477.368,3.454,relaxed_ortho_3_A_78_I_rep3.pdb
-83.583,0.462,-1250.874,37.548,-713.946,0.316,456.221,-17.693,relaxed_ortho_3_A_25_P_rep2.pdb
-85.473,-1.429,-1286.279,2.143,-713.549,0.713,475.799,1.885,relaxed_ortho_3_A_34_G_rep2.pdb
-82.717,1.328,-1288.012,0.409,-714.244,0.018,474.238,0.324,relaxed_ortho_3_B_15_E_rep4.pdb
-82.974,1.07,-1288.517,-0.096,-713.296,0.966,474.175,0.261,relaxed_ortho_3_A_32_R_rep4.pdb
-80.151,3.894,-1282.429,5.993,-711.953,2.309,477.336,3.422,relaxed_ortho_3_B_15_R_rep1.pdb
-83.458,0.587,-1283.202,5.22,-714.374,-0.112,481.819,7.905,relaxed_ortho_3_A_82_Q_rep4.pdb
-76.921,7.124,-1278.156,10.266,-712.606,1.656,480.126,6.212,relaxed_ortho_3_A_40_G_rep1.pdb
-83.129,0.916,-1283.224,5.198,-713.36,0.902,489.387,15.474,relaxed_ortho_3_B_17_I_rep2.pdb
-83.088,0.956,-1288.772,-0.35,-715.278,-1.016,474.996,1.083,relaxed_ortho_3_A_35_T_rep1.pdb
-88.603,-4.558,-1290.683,-2.262,-714.033,0.229,473.264,-0.65,relaxed_ortho_3_A_36_A_rep2.pdb
-88.814,-4.769,-1294.099,-5.677,-715.459,-1.198,475.498,1.584,relaxed_ortho_3_A_34_R_rep2.pdb
-84.893,-0.848,-1284.598,3.823,-714.445,-0.183,489.808,15.894,relaxed_ortho_3_A_24_D_rep4.pdb
-82.886,1.158,-1281.835,6.587,-713.505,0.757,481.976,8.062,relaxed_ortho_3_A_85_G_rep4.pdb
-84.408,-0.363,-1286.046,2.376,-714.569,-0.307,476.259,2.345,relaxed_ortho_3_A_78_Y_rep4.pdb
-83.441,0.603,-1284.869,3.553,-713.196,1.066,478.732,4.818,relaxed_ortho_3_A_32_H_rep4.pdb
-84.317,-0.272,-1267.44,20.982,-714.055,0.207,491.492,17.579,relaxed_ortho_3_A_87_I_rep3.pdb
-83.113,0.932,-1289.0,-0.579,-713.451,0.811,474.887,0.973,relaxed_ortho_3_A_87_A_rep2.pdb
-85.286,-1.242,-1281.533,6.889,-714.382,-0.12,485.039,11.125,relaxed_ortho_3_A_87_K_rep3.pdb
-85.269,-1.225,-1287.294,1.128,-711.486,2.776,481.296,7.383,relaxed_ortho_3_B_15_D_rep3.pdb
-82.711,1.334,-1269.791,18.63,-713.57,0.692,491.639,17.725,relaxed_ortho_3_A_72_E_rep1.pdb
-86.555,-2.511,-1276.668,11.753,-713.859,0.403,470.895,-3.019,relaxed_ortho_3_A_38_P_rep4.pdb
-80.289,3.755,-1286.025,2.397,-713.566,0.696,475.084,1.17,relaxed_ortho_3_A_84_Y_rep2.pdb
-78.045,5.999,-1281.766,6.656,-713.494,0.768,475.414,1.5,relaxed_ortho_3_A_40_A_rep2.pdb
-83.994,0.05,-1282.607,5.815,-714.273,-0.011,480.125,6.212,relaxed_ortho_3_A_29_G_rep4.pdb
-83.594,0.451,-1276.657,11.765,-713.122,1.14,493.874,19.96,relaxed_ortho_3_B_17_Y_rep5.pdb
-83.249,0.795,-1287.979,0.443,-713.643,0.619,487.037,13.123,relaxed_ortho_3_B_56_N_rep1.pdb
-83.398,0.647,-1272.442,15.98,-714.258,0.004,469.592,-4.322,relaxed_ortho_3_B_11_N_rep3.pdb
-82.906,1.139,-1285.299,3.123,-713.357,0.905,479.389,5.475,relaxed_ortho_3_A_21_R_rep5.pdb
-83.073,0.971,-1286.722,1.7,-713.991,0.271,479.159,5.245,relaxed_ortho_3_A_32_L_rep1.pdb
-83.85,0.195,-1288.057,0.365,-714.415,-0.153,473.699,-0.214,relaxed_ortho_3_A_34_N_rep4.pdb
-84.164,-0.119,-1287.08,1.341,-714.524,-0.262,475.26,1.346,relaxed_ortho_3_B_57_T_rep1.pdb
-84.579,-0.535,-1286.335,2.087,-713.278,0.984,474.744,0.83,relaxed_ortho_3_A_33_V_rep2.pdb
-84.48,-0.435,-1287.362,1.06,-714.313,-0.051,471.342,-2.572,relaxed_ortho_3_B_13_M_rep5.pdb
-78.524,5.52,-1280.606,7.816,-712.191,2.071,480.978,7.065,relaxed_ortho_3_A_40_C_rep5.pdb
-81.187,2.858,-1289.273,-0.852,-715.121,-0.859,471.958,-1.956,relaxed_ortho_3_A_33_N_rep2.pdb
-86.772,-2.728,-1288.731,-0.309,-714.203,0.059,478.487,4.574,relaxed_ortho_3_A_34_I_rep5.pdb
-81.86,2.185,-1272.947,15.474,-712.577,1.685,405.429,-68.485,relaxed_ortho_3_B_13_W_rep5.pdb
-83.015,1.029,-1283.632,4.79,-713.599,0.663,480.182,6.268,relaxed_ortho_3_A_21_L_rep1.pdb
-80.43,3.614,-1283.967,4.454,-714.907,-0.645,473.973,0.059,relaxed_ortho_3_A_80_E_rep5.pdb
-83.904,0.14,-1288.125,0.296,-714.401,-0.139,475.549,1.635,relaxed_ortho_3_A_37_F_rep1.pdb
-80.455,3.59,-1285.592,2.83,-712.518,1.744,476.224,2.311,relaxed_ortho_3_A_40_M_rep1.pdb
-78.263,5.782,-1280.921,7.501,-714.776,-0.514,477.474,3.56,relaxed_ortho_3_A_77_E_rep4.pdb
-84.13,-0.085,-1284.309,4.113,-714.379,-0.117,478.042,4.128,relaxed_ortho_3_B_59_R_rep2.pdb
-82.92,1.125,-1288.237,0.184,-713.28,0.982,473.514,-0.4,relaxed_ortho_3_B_101_E_rep3.pdb
-76.933,7.111,-1272.26,16.162,-711.654,2.608,478.001,4.087,relaxed_ortho_3_B_55_F_rep1.pdb
-82.267,1.778,-1288.199,0.223,-713.658,0.604,475.04,1.127,relaxed_ortho_3_A_81_S_rep5.pdb
-78.314,5.73,-1282.255,6.167,-714.434,-0.172,479.541,5.627,relaxed_ortho_3_A_40_N_rep5.pdb
-86.164,-2.119,-1285.31,3.111,-713.625,0.637,477.9,3.987,relaxed_ortho_3_A_26_T_rep5.pdb
-80.935,3.11,-1282.145,6.276,-713.375,0.887,479.157,5.243,relaxed_ortho_3_A_82_N_rep4.pdb
-83.788,0.256,-1269.737,18.685,-711.286,2.976,268.915,-204.999,relaxed_ortho_3_B_14_P_rep1.pdb
-85.399,-1.355,-1279.059,9.362,-713.42,0.842,472.417,-1.496,relaxed_ortho_3_A_74_I_rep1.pdb
-82.783,1.262,-1288.823,-0.401,-714.435,-0.173,472.306,-1.608,relaxed_ortho_3_A_29_Q_rep2.pdb
-80.21,3.834,-1252.508,35.914,-712.18,2.082,512.392,38.478,relaxed_ortho_3_B_15_P_rep1.pdb
-87.514,-3.47,-1286.463,1.959,-713.378,0.884,477.158,3.244,relaxed_ortho_3_A_26_W_rep5.pdb
-82.103,1.941,-1288.222,0.2,-713.511,0.751,472.477,-1.437,relaxed_ortho_3_A_81_R_rep3.pdb
-83.271,0.773,-1274.852,13.569,-713.343,0.919,486.259,12.345,relaxed_ortho_3_B_14_D_rep4.pdb
-80.309,3.735,-1274.351,14.071,-710.517,3.745,476.792,2.878,relaxed_ortho_3_A_41_R_rep3.pdb
-83.694,0.35,-1262.004,26.418,-714.111,0.151,502.211,28.297,relaxed_ortho_3_B_11_I_rep5.pdb
-71.767,12.277,-1270.203,18.219,-712.746,1.516,481.095,7.181,relaxed_ortho_3_A_75_R_rep1.pdb
-82.288,1.756,-1284.106,4.316,-713.504,0.757,480.587,6.673,relaxed_ortho_3_A_82_S_rep2.pdb
-83.015,1.029,-1282.557,5.864,-713.502,0.76,480.995,7.081,relaxed_ortho_3_B_11_S_rep2.pdb
-84.258,-0.213,-1285.114,3.308,-714.278,-0.016,486.257,12.343,relaxed_ortho_3_A_24_L_rep3.pdb
-83.904,0.14,-1288.125,0.296,-714.401,-0.139,475.549,1.635,relaxed_ortho_3_A_37_F_rep3.pdb
-87.446,-3.401,-1285.568,2.854,-714.251,0.011,473.044,-0.87,relaxed_ortho_3_B_58_W_rep4.pdb
-83.135,0.909,-1283.531,4.89,-713.409,0.853,479.906,5.992,relaxed_ortho_3_B_14_S_rep2.pdb
-81.593,2.452,-1284.585,3.837,-713.152,1.11,475.257,1.343,relaxed_ortho_3_B_102_P_rep1.pdb
-83.545,0.5,-1286.099,2.322,-713.938,0.324,474.211,0.297,relaxed_ortho_3_A_80_F_rep5.pdb
-83.092,0.953,-1286.302,2.12,-713.409,0.853,478.966,5.052,relaxed_ortho_3_B_59_K_rep2.pdb
-83.174,0.87,-1259.844,28.578,-713.262,1.0,506.35,32.436,relaxed_ortho_3_B_14_H_rep1.pdb
-76.654,7.39,-1276.77,11.652,-712.046,2.216,477.743,3.829,relaxed_ortho_3_A_84_P_rep4.pdb
-82.732,1.313,-1284.503,3.919,-714.453,-0.191,480.295,6.381,relaxed_ortho_3_A_21_K_rep3.pdb
-83.459,0.586,-1238.611,49.811,-711.393,2.869,209.367,-264.547,relaxed_ortho_3_B_14_I_rep3.pdb
-83.447,0.597,-1286.909,1.513,-713.865,0.397,477.077,3.163,relaxed_ortho_3_A_78_W_rep1.pdb
-82.825,1.22,-1283.227,5.195,-713.537,0.724,482.528,8.614,relaxed_ortho_3_A_85_C_rep3.pdb
-83.811,0.233,-1287.33,1.092,-713.102,1.16,476.149,2.236,relaxed_ortho_3_B_101_C_rep5.pdb
-82.604,1.44,-1263.952,24.47,-713.408,0.854,292.932,-180.982,relaxed_ortho_3_B_14_V_rep3.pdb
-83.002,1.043,-1288.565,-0.143,-713.446,0.816,476.548,2.634,relaxed_ortho_3_B_100_E_rep1.pdb
-82.251,1.793,-1283.632,4.789,-714.293,-0.031,476.864,2.95,relaxed_ortho_3_A_27_S_rep1.pdb
-87.613,-3.568,-1287.773,0.649,-713.961,0.301,477.861,3.947,relaxed_ortho_3_A_76_T_rep4.pdb
-83.097,0.948,-1289.16,-0.738,-713.208,1.054,473.773,-0.141,relaxed_ortho_3_A_29_Q_rep1.pdb
-83.355,0.69,-1286.105,2.317,-714.685,-0.423,476.26,2.346,relaxed_ortho_3_A_78_Y_rep5.pdb
-82.978,1.066,-1288.521,-0.1,-713.298,0.964,476.928,3.014,relaxed_ortho_3_B_57_N_rep5.pdb
-82.936,1.109,-1284.292,4.13,-713.402,0.86,477.956,4.042,relaxed_ortho_3_B_58_C_rep3.pdb
-83.074,0.971,-1287.977,0.445,-713.437,0.825,475.631,1.717,relaxed_ortho_3_A_86_T_rep5.pdb
-82.431,1.614,-1284.51,3.912,-714.48,-0.218,479.229,5.315,relaxed_ortho_3_B_59_D_rep4.pdb
-84.496,-0.451,-1286.128,2.294,-714.073,0.189,489.924,16.01,relaxed_ortho_3_A_24_I_rep4.pdb
-82.17,1.874,-1286.612,1.81,-713.666,0.596,475.833,1.919,relaxed_ortho_3_B_101_Y_rep1.pdb
-84.001,0.044,-1284.878,3.544,-713.098,1.164,477.79,3.876,relaxed_ortho_3_A_36_V_rep5.pdb
-83.034,1.011,-1272.736,15.686,-710.737,3.525,463.71,-10.204,relaxed_ortho_3_A_41_Y_rep4.pdb
-83.982,0.063,-1267.222,21.2,-714.358,-0.096,496.704,22.791,relaxed_ortho_3_B_11_C_rep3.pdb
-83.938,0.107,-1287.736,0.686,-713.494,0.768,476.971,3.057,relaxed_ortho_3_A_76_Q_rep3.pdb
-83.184,0.861,-1275.367,13.055,-714.101,0.161,486.556,12.642,relaxed_ortho_3_B_57_P_rep1.pdb
-83.103,0.941,-1289.693,-1.271,-713.487,0.775,473.442,-0.472,relaxed_ortho_3_B_12_D_rep5.pdb
-81.03,3.014,-1286.192,2.23,-713.175,1.087,474.119,0.205,relaxed_ortho_3_A_73_S_rep2.pdb
-82.172,1.873,-1285.81,2.612,-714.971,-0.709,477.196,3.283,relaxed_ortho_3_B_100_K_rep1.pdb
-82.928,1.117,-1288.446,-0.024,-713.286,0.976,475.429,1.515,relaxed_ortho_3_A_31_D_rep1.pdb
-82.507,1.537,-1283.685,4.737,-714.118,0.144,477.193,3.279,relaxed_ortho_3_A_27_V_rep4.pdb
-88.781,-4.736,-1294.033,-5.611,-715.659,-1.397,477.85,3.937,relaxed_ortho_3_A_34_R_rep5.pdb
-78.89,5.154,-1284.06,4.361,-713.786,0.476,474.441,0.527,relaxed_ortho_3_B_15_T_rep3.pdb
-83.824,0.22,-1286.66,1.762,-714.33,-0.068,476.302,2.388,relaxed_ortho_3_A_71_R_rep5.pdb
-81.373,2.672,-1281.02,7.402,-714.864,-0.602,479.607,5.693,relaxed_ortho_3_A_78_G_rep3.pdb
-83.762,0.283,-1282.249,6.173,-714.041,0.221,482.589,8.675,relaxed_ortho_3_A_82_M_rep5.pdb
-76.584,7.461,-1280.948,7.474,-714.149,0.113,476.19,2.277,relaxed_ortho_3_A_84_T_rep4.pdb
-85.097,-1.053,-1284.503,3.919,-714.041,0.221,481.12,7.207,relaxed_ortho_3_B_58_L_rep2.pdb
-85.347,-1.303,-1285.776,2.646,-714.42,-0.158,479.115,5.201,relaxed_ortho_3_A_34_C_rep3.pdb
-81.582,2.463,-1277.264,11.158,-712.062,2.2,485.082,11.169,relaxed_ortho_3_A_75_Y_rep2.pdb
-82.561,1.483,-1282.834,5.588,-714.224,0.038,480.385,6.471,relaxed_ortho_3_A_23_M_rep5.pdb
-84.357,-0.312,-1282.104,6.317,-714.273,-0.011,482.386,8.472,relaxed_ortho_3_A_87_D_rep4.pdb
-82.917,1.127,-1285.941,2.481,-714.975,-0.713,476.702,2.788,relaxed_ortho_3_A_78_K_rep4.pdb
-84.028,0.016,-1285.937,2.485,-714.336,-0.074,488.711,14.798,relaxed_ortho_3_A_24_I_rep2.pdb
-83.588,0.457,-1286.727,1.695,-713.963,0.299,474.717,0.803,relaxed_ortho_3_A_33_M_rep2.pdb
-83.859,0.186,-1284.677,3.745,-714.366,-0.104,480.722,6.808,relaxed_ortho_3_A_71_F_rep5.pdb
-83.059,0.985,-1288.051,0.37,-713.511,0.751,475.652,1.739,relaxed_ortho_3_A_86_Q_rep5.pdb
-87.265,-3.22,-1273.84,14.582,-712.215,2.047,480.27,6.356,relaxed_ortho_3_A_25_F_rep4.pdb
-82.926,1.118,-1288.536,-0.115,-713.228,1.034,473.629,-0.285,relaxed_ortho_3_B_101_Q_rep4.pdb
-83.834,0.211,-1286.935,1.487,-714.771,-0.509,477.267,3.353,relaxed_ortho_3_A_78_L_rep5.pdb
-83.114,0.93,-1277.285,11.137,-713.404,0.858,232.171,-241.743,relaxed_ortho_3_A_22_K_rep3.pdb
-84.022,0.023,-1272.137,16.285,-711.015,3.247,480.172,6.259,relaxed_ortho_3_B_11_F_rep5.pdb
-84.806,-0.761,-1286.497,1.925,-714.404,-0.142,477.936,4.022,relaxed_ortho_3_A_74_M_rep1.pdb
-85.946,-1.901,-1280.918,7.504,-714.017,0.245,484.36,10.446,relaxed_ortho_3_A_74_Y_rep1.pdb
-82.976,1.069,-1288.639,-0.217,-713.333,0.929,476.105,2.192,relaxed_ortho_3_B_56_R_rep4.pdb
-82.338,1.707,-1284.962,3.46,-713.587,0.675,480.258,6.344,relaxed_ortho_3_A_30_T_rep4.pdb
-84.112,-0.068,-1285.783,2.639,-714.289,-0.027,486.343,12.429,relaxed_ortho_3_B_56_T_rep2.pdb
-79.62,4.424,-1279.998,8.424,-712.079,2.183,475.651,1.737,relaxed_ortho_3_A_75_L_rep5.pdb
-82.306,1.739,-1285.245,3.176,-714.288,-0.026,479.795,5.881,relaxed_ortho_3_A_76_Y_rep4.pdb
-81.512,2.533,-1282.016,6.405,-713.258,1.004,474.303,0.389,relaxed_ortho_3_B_58_D_rep4.pdb
-81.019,3.025,-1276.886,11.536,-708.272,5.99,484.958,11.044,relaxed_ortho_3_A_35_W_rep5.pdb
-83.06,0.984,-1288.025,0.397,-713.31,0.952,475.684,1.77,relaxed_ortho_3_A_86_D_rep2.pdb
-85.929,-1.884,-1280.573,7.849,-713.749,0.513,483.455,9.541,relaxed_ortho_3_A_74_Y_rep2.pdb
-81.508,2.536,-1272.157,16.265,-711.502,2.76,489.205,15.291,relaxed_ortho_3_A_41_H_rep1.pdb
-84.392,-0.348,-1284.855,3.566,-714.371,-0.109,476.04,2.126,relaxed_ortho_3_A_24_Q_rep1.pdb
-84.448,-0.404,-1280.614,7.808,-713.66,0.602,481.445,7.531,relaxed_ortho_3_A_37_D_rep4.pdb
-81.842,2.203,-1272.371,16.051,-711.564,2.698,490.509,16.595,relaxed_ortho_3_A_41_H_rep4.pdb
-81.256,2.789,-1282.363,6.059,-714.714,-0.452,477.907,3.993,relaxed_ortho_3_A_77_R_rep5.pdb
-85.45,-1.406,-1176.531,111.891,-711.567,2.695,580.849,106.935,relaxed_ortho_3_B_11_R_rep4.pdb
-85.433,-1.388,-1286.717,1.704,-714.45,-0.189,476.613,2.699,relaxed_ortho_3_B_101_W_rep4.pdb
-84.803,-0.758,-1284.828,3.594,-714.48,-0.218,481.337,7.423,relaxed_ortho_3_A_74_N_rep5.pdb
-87.427,-3.382,-1281.896,6.525,-714.078,0.184,484.313,10.399,relaxed_ortho_3_A_37_A_rep2.pdb
-82.735,1.31,-1287.64,0.782,-714.628,-0.366,473.195,-0.719,relaxed_ortho_3_A_33_C_rep1.pdb
-84.163,-0.118,-1287.684,0.738,-714.229,0.033,475.32,1.407,relaxed_ortho_3_A_76_V_rep1.pdb
-83.98,0.065,-1288.609,-0.187,-714.354,-0.092,473.222,-0.692,relaxed_ortho_3_A_75_V_rep4.pdb
-79.37,4.675,-1282.396,6.026,-714.074,0.188,480.029,6.115,relaxed_ortho_3_B_58_Q_rep4.pdb
-82.669,1.376,-1288.269,0.153,-714.035,0.227,475.651,1.737,relaxed_ortho_3_A_31_D_rep5.pdb
-83.811,0.234,-1282.746,5.675,-714.397,-0.135,481.637,7.723,relaxed_ortho_3_A_29_W_rep1.pdb
-82.032,2.012,-1286.756,1.666,-714.05,0.212,478.158,4.244,relaxed_ortho_3_B_57_E_rep2.pdb
-85.658,-1.614,-1283.798,4.624,-713.967,0.295,481.337,7.423,relaxed_ortho_3_A_37_H_rep5.pdb
-81.128,2.916,-1285.44,2.982,-714.874,-0.612,476.059,2.145,relaxed_ortho_3_A_38_S_rep5.pdb
-83.025,1.02,-1282.271,6.151,-713.725,0.537,482.649,8.735,relaxed_ortho_3_A_25_T_rep4.pdb
-83.726,0.318,-1258.951,29.471,-713.877,0.385,508.5,34.586,relaxed_ortho_3_B_14_H_rep5.pdb
-83.163,0.881,-1285.446,2.976,-714.355,-0.093,478.181,4.267,relaxed_ortho_3_A_78_N_rep1.pdb
-83.464,0.581,-1286.993,1.429,-714.224,0.038,475.518,1.605,relaxed_ortho_3_B_102_C_rep3.pdb
-82.928,1.117,-1284.671,3.751,-713.72,0.542,479.065,5.152,relaxed_ortho_3_A_32_G_rep5.pdb
-83.944,0.101,-1283.47,4.952,-714.103,0.159,478.612,4.698,relaxed_ortho_3_A_29_R_rep5.pdb
-83.935,0.11,-1287.827,0.595,-714.353,-0.091,474.521,0.607,relaxed_ortho_3_B_12_W_rep1.pdb
-82.975,1.07,-1271.803,16.619,-714.86,-0.598,488.995,15.081,relaxed_ortho_3_A_80_I_rep4.pdb
-84.072,-0.028,-1286.171,2.25,-713.574,0.688,477.204,3.29,relaxed_ortho_3_B_102_Y_rep4.pdb
-84.439,-0.395,-1283.574,4.848,-714.048,0.214,481.546,7.632,relaxed_ortho_3_A_24_C_rep1.pdb
-83.871,0.174,-1285.136,3.286,-714.442,-0.18,479.117,5.203,relaxed_ortho_3_A_29_K_rep3.pdb
-82.511,1.533,-1282.691,5.731,-714.164,0.098,479.452,5.538,relaxed_ortho_3_B_59_I_rep2.pdb
-74.848,9.196,-1280.636,7.786,-712.597,1.665,458.308,-15.606,relaxed_ortho_3_A_38_R_rep2.pdb
-81.434,2.611,-1284.099,4.323,-713.45,0.812,468.515,-5.399,relaxed_ortho_3_B_55_I_rep3.pdb
-82.72,1.325,-1285.595,2.827,-714.439,-0.177,474.692,0.778,relaxed_ortho_3_B_57_S_rep3.pdb
-82.079,1.966,-1288.048,0.374,-713.406,0.856,474.589,0.675,relaxed_ortho_3_A_81_R_rep2.pdb
-82.941,1.103,-1285.125,3.297,-713.476,0.786,477.67,3.756,relaxed_ortho_3_A_85_I_rep4.pdb
-82.507,1.537,-1287.757,0.665,-713.411,0.851,479.787,5.873,relaxed_ortho_3_B_17_N_rep4.pdb
-83.034,1.011,-1289.544,-1.123,-713.536,0.726,472.926,-0.988,relaxed_ortho_3_B_12_A_rep4.pdb
-80.869,3.175,-1283.912,4.51,-714.364,-0.102,474.303,0.389,relaxed_ortho_3_A_84_H_rep3.pdb
-81.476,2.568,-1283.962,4.46,-712.928,1.334,478.05,4.136,relaxed_ortho_3_A_36_R_rep1.pdb
-84.967,-0.922,-1289.609,-1.187,-713.298,0.964,476.816,2.902,relaxed_ortho_3_B_57_H_rep5.pdb
-76.447,7.597,-1281.213,7.209,-714.32,-0.058,474.324,0.41,relaxed_ortho_3_A_84_T_rep2.pdb
-85.51,-1.466,-1282.22,6.202,-714.243,0.019,481.314,7.4,relaxed_ortho_3_A_39_L_rep2.pdb
-83.01,1.034,-1288.467,-0.046,-713.25,1.012,475.491,1.577,relaxed_ortho_3_B_98_K_rep4.pdb
-83.957,0.088,-1234.399,54.023,-714.152,0.11,548.938,75.024,relaxed_ortho_3_A_23_P_rep4.pdb
-82.48,1.565,-1281.137,7.284,-713.741,0.521,482.181,8.267,relaxed_ortho_3_A_30_D_rep1.pdb
-86.158,-2.113,-1285.61,2.812,-714.43,-0.168,478.893,4.979,relaxed_ortho_3_A_76_C_rep1.pdb
-86.898,-2.854,-1285.93,2.492,-714.219,0.043,478.787,4.873,relaxed_ortho_3_A_74_R_rep1.pdb
-86.014,-1.969,-1279.154,9.267,-714.143,0.119,486.128,12.214,relaxed_ortho_3_A_87_W_rep3.pdb
-85.47,-1.426,-1288.187,0.235,-714.415,-0.153,474.003,0.089,relaxed_ortho_3_A_36_S_rep5.pdb
-84.897,-0.852,-1285.285,3.137,-714.167,0.095,476.562,2.648,relaxed_ortho_3_B_54_C_rep5.pdb
-82.147,1.898,-1281.894,6.527,-714.46,-0.198,476.702,2.788,relaxed_ortho_3_A_81_W_rep2.pdb
-82.95,1.095,-1287.405,1.017,-713.238,1.024,475.646,1.732,relaxed_ortho_3_A_32_K_rep3.pdb
-83.697,0.347,-1287.424,0.998,-714.325,-0.063,474.764,0.85,relaxed_ortho_3_B_98_C_rep4.pdb
-84.046,-0.001,-1284.985,3.437,-713.176,1.086,484.518,10.604,relaxed_ortho_3_B_17_E_rep5.pdb
-84.285,-0.24,-1249.855,38.567,-711.351,2.911,506.697,32.783,relaxed_ortho_3_B_14_R_rep5.pdb
-80.588,3.457,-1139.882,148.54,-713.729,0.533,615.419,141.505,relaxed_ortho_3_A_73_P_rep2.pdb
-83.199,0.845,-1284.746,3.676,-713.447,0.815,479.149,5.235,relaxed_ortho_3_A_87_G_rep3.pdb
-87.315,-3.271,-1280.637,7.784,-713.988,0.274,485.788,11.874,relaxed_ortho_3_A_37_T_rep5.pdb
-70.677,13.367,-1143.098,145.324,-695.44,18.822,572.112,98.198,relaxed_ortho_3_A_83_P_rep5.pdb
-81.769,2.275,-1283.658,4.763,-713.919,0.343,477.42,3.506,relaxed_ortho_3_A_79_T_rep5.pdb
-82.893,1.151,-1278.173,10.249,-713.445,0.817,484.108,10.194,relaxed_ortho_3_A_72_N_rep4.pdb
-75.807,8.238,-1234.405,54.017,-712.81,1.452,515.566,41.652,relaxed_ortho_3_A_40_P_rep1.pdb
-83.362,0.683,-1284.358,4.064,-713.466,0.796,479.463,5.549,relaxed_ortho_3_A_83_C_rep2.pdb
-82.933,1.111,-1288.95,-0.529,-713.509,0.753,474.873,0.959,relaxed_ortho_3_B_59_E_rep1.pdb
-85.035,-0.99,-1278.222,10.199,-714.602,-0.34,487.341,13.427,relaxed_ortho_3_A_74_G_rep4.pdb
-83.005,1.039,-1286.752,1.67,-714.504,-0.242,489.717,15.804,relaxed_ortho_3_B_56_Q_rep1.pdb
-83.008,1.036,-1246.522,41.9,-713.156,1.106,519.482,45.568,relaxed_ortho_3_B_14_K_rep1.pdb
-82.9,1.144,-1289.329,-0.907,-713.513,0.749,476.039,2.125,relaxed_ortho_3_A_28_A_rep1.pdb
-84.209,-0.164,-1244.489,43.933,-714.213,0.049,448.806,-25.108,relaxed_ortho_3_A_23_I_rep1.pdb
-83.726,0.318,-1281.904,6.518,-714.143,0.119,461.709,-12.205,relaxed_ortho_3_A_22_N_rep3.pdb
-85.224,-1.179,-1273.625,14.797,-713.941,0.321,479.508,5.595,relaxed_ortho_3_A_25_F_rep5.pdb
-83.696,0.348,-1260.553,27.869,-713.898,0.363,505.582,31.668,relaxed_ortho_3_A_28_P_rep2.pdb
-85.08,-1.035,-1284.488,3.934,-714.259,0.003,481.637,7.723,relaxed_ortho_3_B_58_L_rep5.pdb
-86.237,-2.193,-1284.784,3.638,-713.81,0.452,481.36,7.446,relaxed_ortho_3_A_32_I_rep4.pdb
-82.908,1.137,-1282.538,5.884,-713.304,0.958,479.083,5.169,relaxed_ortho_3_A_22_A_rep5.pdb
-85.912,-1.868,-1282.313,6.108,-714.1,0.162,481.917,8.003,relaxed_ortho_3_A_74_F_rep1.pdb
-79.792,4.253,-1281.268,7.154,-713.022,1.24,484.071,10.157,relaxed_ortho_3_B_56_P_rep1.pdb
-81.891,2.153,-1285.819,2.603,-714.428,-0.166,473.253,-0.661,relaxed_ortho_3_A_73_D_rep3.pdb
-78.298,5.746,-1274.408,14.014,-712.458,1.804,449.189,-24.725,relaxed_ortho_3_B_13_W_rep4.pdb
-85.835,-1.791,-1286.373,2.049,-714.433,-0.171,477.761,3.847,relaxed_ortho_3_A_76_S_rep4.pdb
-82.939,1.105,-1282.648,5.773,-713.481,0.781,478.68,4.766,relaxed_ortho_3_A_22_A_rep1.pdb
-81.108,2.937,-1283.949,4.473,-714.05,0.212,474.494,0.581,relaxed_ortho_3_A_73_C_rep3.pdb
-81.505,2.54,-1285.113,3.309,-712.997,1.265,480.025,6.111,relaxed_ortho_3_A_77_Y_rep5.pdb
-82.279,1.765,-1287.94,0.482,-713.469,0.793,476.879,2.965,relaxed_ortho_3_B_57_D_rep5.pdb
-83.061,0.983,-1288.476,-0.054,-713.145,1.117,475.398,1.484,relaxed_ortho_3_A_38_L_rep1.pdb
-82.883,1.162,-1277.02,11.402,-713.272,0.99,231.275,-242.639,relaxed_ortho_3_A_22_R_rep1.pdb
-86.877,-2.832,-1275.468,12.954,-714.369,-0.107,493.913,19.999,relaxed_ortho_3_A_39_F_rep2.pdb
-83.017,1.028,-1285.124,3.298,-713.568,0.694,478.394,4.48,relaxed_ortho_3_A_86_W_rep3.pdb
-81.555,2.489,-1279.21,9.212,-714.392,-0.13,480.072,6.158,relaxed_ortho_3_A_75_D_rep2.pdb
-81.691,2.354,-1284.562,3.86,-712.834,1.428,473.249,-0.665,relaxed_ortho_3_B_102_P_rep2.pdb
-81.681,2.364,-1270.605,17.817,-715.691,-1.429,490.292,16.379,relaxed_ortho_3_A_33_P_rep1.pdb
-83.101,0.943,-1288.535,-0.114,-713.615,0.647,475.243,1.329,relaxed_ortho_3_A_21_E_rep2.pdb
-81.911,2.133,-1283.973,4.448,-708.535,5.727,469.516,-4.398,relaxed_ortho_3_A_35_F_rep4.pdb
-81.555,2.489,-1279.21,9.212,-714.392,-0.13,480.072,6.158,relaxed_ortho_3_A_75_D_rep5.pdb
-85.454,-1.409,-1287.292,1.13,-713.888,0.374,485.339,11.426,relaxed_ortho_3_B_54_W_rep5.pdb
-83.132,0.912,-1286.271,2.151,-713.478,0.784,477.574,3.66,relaxed_ortho_3_A_21_M_rep3.pdb
-78.303,5.741,-1280.686,7.736,-714.079,0.183,474.457,0.543,relaxed_ortho_3_A_84_N_rep3.pdb
-83.714,0.33,-1286.155,2.266,-713.402,0.86,479.398,5.484,relaxed_ortho_3_A_74_L_rep5.pdb
-88.504,-4.459,-1265.546,22.876,-712.928,1.334,502.306,28.392,relaxed_ortho_3_A_30_W_rep1.pdb
-82.124,1.921,-1288.094,0.328,-713.097,1.165,476.164,2.25,relaxed_ortho_3_A_38_I_rep1.pdb
-83.046,0.998,-1288.756,-0.334,-713.561,0.701,475.039,1.125,relaxed_ortho_3_A_81_K_rep1.pdb
-86.868,-2.824,-1278.143,10.279,-714.365,-0.103,488.235,14.321,relaxed_ortho_3_A_31_G_rep5.pdb
-82.671,1.374,-1288.121,0.301,-714.469,-0.207,474.083,0.169,relaxed_ortho_3_A_36_N_rep4.pdb
-85.513,-1.469,-1263.516,24.906,-712.122,2.14,495.656,21.742,relaxed_ortho_3_B_11_Q_rep4.pdb
-86.135,-2.091,-1273.276,15.146,-713.893,0.369,488.936,15.023,relaxed_ortho_3_A_39_Q_rep1.pdb
-83.192,0.853,-1285.946,2.476,-713.373,0.889,477.076,3.163,relaxed_ortho_3_A_83_E_rep1.pdb
-82.954,1.09,-1284.17,4.252,-713.525,0.737,477.727,3.813,relaxed_ortho_3_A_83_C_rep5.pdb
-82.104,1.94,-1271.929,16.493,-712.977,1.285,473.121,-0.793,relaxed_ortho_3_B_11_F_rep2.pdb
-82.611,1.433,-1290.157,-1.735,-714.511,-0.249,473.353,-0.561,relaxed_ortho_3_B_12_N_rep1.pdb
-79.518,4.526,-1281.536,6.886,-712.402,1.86,475.606,1.692,relaxed_ortho_3_B_15_R_rep5.pdb
-82.513,1.531,-1291.433,-3.011,-713.194,1.068,471.38,-2.534,relaxed_ortho_3_B_101_P_rep1.pdb
-81.633,2.411,-1285.581,2.841,-714.39,-0.128,479.033,5.12,relaxed_ortho_3_A_34_D_rep5.pdb
-83.033,1.011,-1267.576,20.846,-713.434,0.828,492.98,19.067,relaxed_ortho_3_A_39_P_rep2.pdb
-83.247,0.798,-1286.077,2.345,-713.045,1.217,477.855,3.941,relaxed_ortho_3_B_98_I_rep4.pdb
-82.403,1.642,-1285.089,3.332,-713.624,0.638,481.166,7.252,relaxed_ortho_3_A_30_T_rep1.pdb
-83.958,0.087,-1284.259,4.162,-714.267,-0.005,479.07,5.156,relaxed_ortho_3_A_24_S_rep2.pdb
-79.916,4.128,-1290.701,-2.28,-718.169,-3.907,469.242,-4.672,relaxed_ortho_3_A_35_R_rep3.pdb
-82.465,1.579,-1282.347,6.075,-714.537,-0.275,477.73,3.816,relaxed_ortho_3_A_75_C_rep5.pdb
-78.559,5.486,-1258.458,29.963,-713.228,1.034,495.802,21.888,relaxed_ortho_3_A_75_P_rep2.pdb
-83.29,0.755,-1287.861,0.561,-713.57,0.692,483.471,9.557,relaxed_ortho_3_B_17_S_rep1.pdb
-85.887,-1.843,-1285.141,3.281,-714.703,-0.441,481.153,7.24,relaxed_ortho_3_A_76_A_rep2.pdb
-81.133,2.912,-1290.81,-2.389,-713.76,0.502,471.529,-2.385,relaxed_ortho_3_A_33_S_rep5.pdb
-83.055,0.99,-1280.22,8.202,-713.206,1.056,484.053,10.139,relaxed_ortho_3_A_83_G_rep5.pdb
-79.985,4.06,-1279.706,8.716,-714.487,-0.225,483.961,10.047,relaxed_ortho_3_A_82_E_rep5.pdb
-84.635,-0.591,-1279.199,9.223,-714.483,-0.221,483.761,9.847,relaxed_ortho_3_A_30_Q_rep4.pdb
-81.546,2.498,-1286.243,2.178,-712.174,2.088,473.683,-0.231,relaxed_ortho_3_B_102_Q_rep1.pdb
-81.336,2.709,-1271.569,16.852,-712.063,2.199,484.262,10.348,relaxed_ortho_3_A_41_Q_rep1.pdb
-83.095,0.95,-1288.739,-0.317,-713.571,0.691,475.587,1.673,relaxed_ortho_3_A_39_V_rep3.pdb
-83.183,0.862,-1285.659,2.762,-713.336,0.926,479.468,5.554,relaxed_ortho_3_A_39_T_rep3.pdb
-60.452,23.592,-961.236,327.186,-644.8,69.462,350.987,-122.927,relaxed_ortho_3_A_30_P_rep5.pdb
-81.597,2.447,-1286.957,1.465,-714.372,-0.11,473.526,-0.387,relaxed_ortho_3_A_33_Q_rep3.pdb
-79.192,4.852,-1283.595,4.827,-714.771,-0.509,473.872,-0.042,relaxed_ortho_3_A_38_A_rep1.pdb
-85.505,-1.46,-1288.308,0.113,-714.478,-0.216,474.193,0.279,relaxed_ortho_3_A_36_S_rep4.pdb
-79.583,4.461,-1282.222,6.2,-713.583,0.678,478.076,4.162,relaxed_ortho_3_A_36_E_rep4.pdb
-82.676,1.369,-1272.617,15.805,-715.187,-0.925,487.283,13.369,relaxed_ortho_3_A_80_V_rep3.pdb
-83.014,1.03,-1288.612,-0.19,-713.363,0.899,475.111,1.197,relaxed_ortho_3_A_40_W_rep5.pdb
-81.212,2.833,-1285.281,3.141,-713.065,1.197,473.542,-0.372,relaxed_ortho_3_A_73_T_rep2.pdb
-86.734,-2.689,-1267.562,20.86,-713.235,1.027,468.727,-5.187,relaxed_ortho_3_A_87_L_rep1.pdb
-81.369,2.675,-1287.77,0.652,-713.628,0.634,474.272,0.358,relaxed_ortho_3_A_79_H_rep3.pdb
-82.18,1.864,-1286.948,1.474,-713.663,0.599,477.145,3.231,relaxed_ortho_3_B_102_A_rep3.pdb
-87.688,-3.643,-1281.282,7.14,-714.192,0.07,486.275,12.361,relaxed_ortho_3_A_31_H_rep5.pdb
-82.541,1.504,-1281.171,7.251,-713.701,0.561,485.243,11.329,relaxed_ortho_3_A_30_D_rep4.pdb
-88.629,-4.584,-1278.311,10.111,-714.447,-0.185,487.196,13.283,relaxed_ortho_3_A_34_P_rep3.pdb
-82.96,1.085,-1287.146,1.276,-713.365,0.897,476.106,2.192,relaxed_ortho_3_B_100_Q_rep3.pdb
-77.895,6.149,-1280.844,7.578,-713.203,1.059,481.266,7.352,relaxed_ortho_3_A_35_M_rep4.pdb
-83.028,1.016,-1290.101,-1.679,-712.937,1.325,473.068,-0.846,relaxed_ortho_3_A_73_W_rep1.pdb
-82.493,1.552,-1288.142,0.28,-713.61,0.652,476.009,2.096,relaxed_ortho_3_A_82_P_rep3.pdb
-82.648,1.396,-1281.593,6.829,-714.429,-0.167,479.389,5.475,relaxed_ortho_3_B_14_G_rep2.pdb
-89.217,-5.173,-1291.435,-3.013,-714.22,0.042,473.783,-0.13,relaxed_ortho_3_A_34_Y_rep4.pdb
-83.088,0.956,-1285.54,2.882,-713.672,0.59,480.82,6.907,relaxed_ortho_3_A_85_Q_rep3.pdb
-84.01,0.035,-1281.906,6.516,-714.329,-0.067,477.318,3.404,relaxed_ortho_3_A_41_G_rep5.pdb
-83.286,0.758,-1271.163,17.259,-713.364,0.898,435.251,-38.663,relaxed_ortho_3_B_14_T_rep4.pdb
-83.432,0.613,-1287.388,1.034,-713.371,0.891,477.839,3.925,relaxed_ortho_3_B_57_V_rep3.pdb
-83.157,0.887,-1286.541,1.881,-713.517,0.745,477.198,3.284,relaxed_ortho_3_B_98_G_rep5.pdb
-82.883,1.161,-1277.498,10.924,-713.132,1.13,483.784,9.87,relaxed_ortho_3_A_72_G_rep3.pdb
-85.166,-1.121,-1287.147,1.275,-713.14,1.122,465.27,-8.644,relaxed_ortho_3_B_58_F_rep1.pdb
-84.133,-0.089,-1283.564,4.858,-714.461,-0.199,480.19,6.276,relaxed_ortho_3_A_24_N_rep3.pdb
-85.013,-0.969,-1280.633,7.789,-714.368,-0.106,483.567,9.653,relaxed_ortho_3_A_31_T_rep2.pdb
-81.604,2.44,-1288.09,0.332,-713.504,0.757,473.562,-0.352,relaxed_ortho_3_A_73_Q_rep5.pdb
-86.274,-2.23,-1285.678,2.744,-714.306,-0.044,470.719,-3.195,relaxed_ortho_3_B_58_W_rep1.pdb
-87.69,-3.645,-1280.932,7.49,-714.175,0.087,484.671,10.757,relaxed_ortho_3_A_37_N_rep1.pdb
-82.441,1.603,-1280.623,7.799,-713.551,0.711,479.718,5.804,relaxed_ortho_3_B_58_G_rep2.pdb
-83.223,0.822,-1286.352,2.07,-714.377,-0.116,477.061,3.147,relaxed_ortho_3_B_98_M_rep1.pdb
-81.215,2.83,-1288.834,-0.412,-714.627,-0.365,472.435,-1.479,relaxed_ortho_3_A_33_D_rep4.pdb
-82.745,1.3,-1288.349,0.073,-714.513,-0.251,472.221,-1.693,relaxed_ortho_3_A_81_I_rep1.pdb
-82.566,1.479,-1284.517,3.905,-714.504,-0.242,476.346,2.432,relaxed_ortho_3_B_11_G_rep2.pdb
-87.144,-3.099,-1281.33,7.091,-713.678,0.584,484.783,10.869,relaxed_ortho_3_A_37_S_rep5.pdb
-83.273,0.772,-1283.181,5.24,-713.321,0.941,480.646,6.732,relaxed_ortho_3_A_83_W_rep4.pdb
-75.127,8.917,-1269.833,18.589,-714.112,0.15,482.363,8.449,relaxed_ortho_3_A_82_H_rep3.pdb
-80.576,3.469,-1284.267,4.155,-713.696,0.566,477.461,3.547,relaxed_ortho_3_B_54_G_rep5.pdb
-82.576,1.469,-1124.033,164.389,-714.171,0.091,634.399,160.485,relaxed_ortho_3_A_87_P_rep2.pdb
-82.335,1.709,-1286.342,2.08,-713.49,0.772,473.421,-0.493,relaxed_ortho_3_B_54_A_rep3.pdb
-83.054,0.99,-1288.607,-0.185,-713.317,0.945,473.014,-0.9,relaxed_ortho_3_B_54_N_rep5.pdb
-84.244,-0.2,-1262.572,25.85,-714.241,0.021,494.022,20.108,relaxed_ortho_3_B_11_E_rep2.pdb
-81.84,2.204,-1285.727,2.695,-713.861,0.401,476.755,2.841,relaxed_ortho_3_A_79_C_rep5.pdb
-87.257,-3.212,-1280.789,7.633,-713.716,0.546,485.421,11.507,relaxed_ortho_3_A_37_C_rep2.pdb
-75.528,8.516,-1278.735,9.687,-713.418,0.844,476.106,2.192,relaxed_ortho_3_A_84_K_rep1.pdb
-82.954,1.09,-1273.342,15.08,-714.429,-0.167,490.662,16.748,relaxed_ortho_3_A_25_G_rep5.pdb
-82.627,1.418,-1287.99,0.432,-714.214,0.048,474.085,0.171,relaxed_ortho_3_A_78_V_rep5.pdb
-81.232,2.812,-1288.641,-0.22,-713.402,0.86,470.732,-3.182,relaxed_ortho_3_B_54_E_rep3.pdb
-80.701,3.344,-1268.536,19.886,-710.464,3.798,488.528,14.614,relaxed_ortho_3_A_41_L_rep5.pdb
-83.966,0.078,-1287.317,1.105,-715.046,-0.784,475.235,1.321,relaxed_ortho_3_A_80_Q_rep5.pdb
-83.631,0.414,-1284.238,4.184,-714.379,-0.117,478.278,4.364,relaxed_ortho_3_A_32_D_rep1.pdb
-83.792,0.253,-1288.044,0.378,-714.525,-0.263,473.177,-0.737,relaxed_ortho_3_B_98_T_rep2.pdb
-82.931,1.114,-1284.582,3.84,-713.495,0.767,479.25,5.336,relaxed_ortho_3_B_59_T_rep3.pdb
-82.815,1.23,-1286.637,1.785,-713.318,0.944,477.081,3.167,relaxed_ortho_3_A_85_L_rep4.pdb
-82.231,1.813,-1285.943,2.479,-713.249,1.013,472.447,-1.467,relaxed_ortho_3_B_102_N_rep2.pdb
-83.003,1.042,-1287.059,1.362,-713.327,0.935,476.325,2.411,relaxed_ortho_3_A_71_M_rep3.pdb
-82.85,1.194,-1282.749,5.673,-714.531,-0.269,487.219,13.305,relaxed_ortho_3_B_17_I_rep4.pdb
-82.838,1.207,-1287.525,0.897,-713.575,0.687,476.936,3.022,relaxed_ortho_3_B_100_F_rep1.pdb
-82.647,1.398,-1288.102,0.32,-714.037,0.225,474.857,0.943,relaxed_ortho_3_B_101_T_rep2.pdb
-83.891,0.153,-1290.314,-1.892,-714.283,-0.021,472.422,-1.492,relaxed_ortho_3_B_12_T_rep2.pdb
-82.693,1.351,-1286.804,1.618,-713.332,0.93,477.358,3.444,relaxed_ortho_3_B_100_V_rep3.pdb
-84.293,-0.248,-1286.13,2.292,-714.526,-0.264,479.004,5.09,relaxed_ortho_3_A_34_S_rep3.pdb
-83.033,1.012,-1288.692,-0.27,-713.523,0.739,473.762,-0.152,relaxed_ortho_3_B_57_N_rep1.pdb
-83.033,1.012,-1283.876,4.546,-713.535,0.727,482.792,8.878,relaxed_ortho_3_A_21_I_rep5.pdb
-82.766,1.278,-1250.181,38.241,-712.899,1.363,502.919,29.005,relaxed_ortho_3_B_14_R_rep4.pdb
-81.664,2.38,-1276.64,11.782,-714.501,-0.239,486.213,12.299,relaxed_ortho_3_A_82_Y_rep4.pdb
-77.025,7.019,-1281.791,6.631,-712.64,1.622,478.573,4.66,relaxed_ortho_3_A_40_D_rep2.pdb
-85.335,-1.291,-1287.841,0.581,-712.986,1.276,487.912,13.999,relaxed_ortho_3_B_56_F_rep1.pdb
-82.762,1.283,-1280.435,7.987,-713.386,0.876,484.71,10.796,relaxed_ortho_3_A_27_I_rep2.pdb
-83.699,0.345,-1260.64,27.782,-713.965,0.297,507.842,33.928,relaxed_ortho_3_A_28_P_rep5.pdb
-82.834,1.211,-1282.662,5.76,-713.611,0.651,483.096,9.182,relaxed_ortho_3_A_85_D_rep5.pdb
-85.527,-1.483,-1286.616,1.806,-714.369,-0.107,487.668,13.754,relaxed_ortho_3_B_56_C_rep2.pdb
-83.063,0.982,-1287.847,0.575,-713.261,1.001,475.22,1.306,relaxed_ortho_3_A_86_N_rep5.pdb
-83.181,0.864,-1279.338,9.084,-713.456,0.806,485.562,11.648,relaxed_ortho_3_A_25_S_rep3.pdb
-82.763,1.281,-1280.853,7.569,-713.925,0.337,478.742,4.828,relaxed_ortho_3_A_82_D_rep4.pdb
-82.875,1.169,-1283.034,5.388,-714.415,-0.153,479.409,5.495,relaxed_ortho_3_A_39_C_rep4.pdb
-82.995,1.05,-1286.616,1.806,-713.259,1.003,477.949,4.035,relaxed_ortho_3_A_21_S_rep1.pdb
-82.573,1.472,-1287.583,0.839,-713.646,0.616,474.396,0.482,relaxed_ortho_3_A_81_Q_rep2.pdb
-85.993,-1.949,-1290.413,-1.992,-714.419,-0.157,475.605,1.691,relaxed_ortho_3_A_34_E_rep5.pdb
-84.048,-0.004,-1284.199,4.222,-714.238,0.024,477.446,3.533,relaxed_ortho_3_A_83_S_rep1.pdb
-84.22,-0.176,-1274.738,13.684,-714.236,0.026,489.718,15.804,relaxed_ortho_3_B_14_N_rep4.pdb
-83.631,0.413,-1254.926,33.495,-713.65,0.612,512.41,38.496,relaxed_ortho_3_A_41_M_rep5.pdb
-82.888,1.156,-1286.206,2.216,-714.859,-0.597,475.306,1.392,relaxed_ortho_3_A_33_W_rep1.pdb
-80.098,3.947,-1282.784,5.638,-715.12,-0.858,478.129,4.215,relaxed_ortho_3_A_77_N_rep1.pdb
-82.946,1.098,-1285.029,3.393,-713.366,0.896,480.181,6.267,relaxed_ortho_3_A_21_K_rep1.pdb
-78.309,5.735,-1271.988,16.434,-709.877,4.385,475.824,1.91,relaxed_ortho_3_A_41_K_rep1.pdb
-86.715,-2.671,-1278.167,10.255,-714.415,-0.153,488.637,14.723,relaxed_ortho_3_A_31_G_rep4.pdb
-85.977,-1.933,-1280.674,7.748,-713.828,0.434,484.69,10.776,relaxed_ortho_3_A_74_Y_rep3.pdb
-82.877,1.168,-1276.935,11.486,-713.327,0.935,219.964,-253.95,relaxed_ortho_3_A_22_L_rep3.pdb
-83.457,0.588,-1288.843,-0.421,-714.256,0.006,469.92,-3.993,relaxed_ortho_3_B_12_F_rep2.pdb
-83.432,0.613,-1287.33,1.092,-713.328,0.934,475.275,1.361,relaxed_ortho_3_B_57_V_rep5.pdb
-82.567,1.478,-1287.632,0.79,-713.293,0.969,476.357,2.443,relaxed_ortho_3_B_102_C_rep5.pdb
-84.786,-0.741,-1284.525,3.897,-714.378,-0.116,480.445,6.531,relaxed_ortho_3_A_74_N_rep4.pdb
-82.852,1.193,-1285.605,2.817,-713.305,0.956,477.576,3.662,relaxed_ortho_3_A_71_N_rep2.pdb
-84.053,-0.009,-1286.308,2.114,-713.845,0.417,478.892,4.978,relaxed_ortho_3_B_100_H_rep4.pdb
-83.184,0.861,-1275.367,13.055,-714.101,0.161,486.556,12.642,relaxed_ortho_3_B_57_P_rep3.pdb
-85.159,-1.114,-1278.838,9.583,-714.447,-0.185,485.945,12.031,relaxed_ortho_3_A_87_H_rep3.pdb
-83.878,0.167,-1274.775,13.647,-714.047,0.215,488.7,14.786,relaxed_ortho_3_A_39_G_rep5.pdb
-81.801,2.243,-1288.525,-0.103,-714.81,-0.548,471.636,-2.278,relaxed_ortho_3_A_81_I_rep2.pdb
-82.283,1.762,-1283.776,4.646,-713.446,0.816,478.319,4.405,relaxed_ortho_3_B_58_S_rep4.pdb
-82.995,1.05,-1288.84,-0.418,-713.628,0.634,475.533,1.619,relaxed_ortho_3_A_29_L_rep4.pdb
-83.541,0.504,-1287.47,0.952,-713.203,1.059,486.265,12.351,relaxed_ortho_3_B_56_Q_rep3.pdb
-81.094,2.951,-1283.652,4.77,-714.995,-0.733,475.788,1.875,relaxed_ortho_3_A_80_A_rep4.pdb
-83.975,0.069,-1285.899,2.523,-713.919,0.343,498.337,24.423,relaxed_ortho_3_A_24_W_rep5.pdb
-76.499,7.545,-1279.812,8.609,-711.875,2.387,472.807,-1.107,relaxed_ortho_3_A_35_H_rep5.pdb
-85.047,-1.003,-1285.804,2.617,-714.602,-0.34,478.115,4.201,relaxed_ortho_3_A_34_C_rep4.pdb
-82.953,1.091,-1288.164,0.258,-713.348,0.913,474.79,0.877,relaxed_ortho_3_A_86_K_rep5.pdb
-82.777,1.268,-1287.45,0.972,-714.427,-0.165,473.097,-0.817,relaxed_ortho_3_A_81_T_rep3.pdb
-80.588,3.457,-1139.882,148.54,-713.729,0.533,615.419,141.505,relaxed_ortho_3_A_73_P_rep5.pdb
-83.919,0.126,-1279.671,8.75,-713.876,0.385,484.663,10.749,relaxed_ortho_3_A_76_P_rep4.pdb
-82.91,1.135,-1284.527,3.894,-713.595,0.667,479.552,5.638,relaxed_ortho_3_B_59_T_rep4.pdb
-83.132,0.913,-1286.122,2.299,-713.247,1.015,477.277,3.363,relaxed_ortho_3_A_83_T_rep2.pdb
-83.517,0.527,-1287.208,1.214,-714.284,-0.022,475.7,1.786,relaxed_ortho_3_B_102_C_rep2.pdb
-83.489,0.555,-1262.277,26.145,-714.118,0.144,498.632,24.718,relaxed_ortho_3_A_72_H_rep4.pdb
-83.162,0.883,-1286.094,2.328,-713.084,1.178,476.327,2.413,relaxed_ortho_3_A_27_A_rep5.pdb
-87.69,-3.645,-1280.932,7.49,-714.175,0.087,484.671,10.757,relaxed_ortho_3_A_37_N_rep3.pdb
-84.513,-0.469,-1285.971,2.451,-714.381,-0.119,477.737,3.823,relaxed_ortho_3_A_24_T_rep4.pdb
-79.863,4.182,-1278.612,9.81,-713.496,0.766,484.795,10.882,relaxed_ortho_3_A_75_Q_rep4.pdb
-77.159,6.886,-1281.653,6.769,-713.517,0.745,475.514,1.6,relaxed_ortho_3_A_40_D_rep5.pdb
-76.462,7.582,-1277.969,10.452,-713.951,0.311,476.681,2.767,relaxed_ortho_3_A_84_K_rep5.pdb
-81.896,2.148,-1278.66,9.762,-710.111,4.151,476.756,2.842,relaxed_ortho_3_A_35_I_rep4.pdb
-73.682,10.363,-1278.165,10.257,-713.015,1.247,468.096,-5.817,relaxed_ortho_3_B_55_E_rep4.pdb
-81.202,2.843,-1286.46,1.962,-713.157,1.105,467.864,-6.05,relaxed_ortho_3_B_54_D_rep2.pdb
-81.708,2.336,-1287.773,0.648,-714.739,-0.477,473.168,-0.745,relaxed_ortho_3_A_81_T_rep1.pdb
-85.618,-1.574,-1289.17,-0.748,-712.829,1.433,475.81,1.896,relaxed_ortho_3_A_36_T_rep4.pdb
-85.782,-1.738,-1281.526,6.896,-714.389,-0.127,484.336,10.422,relaxed_ortho_3_A_31_C_rep4.pdb
-83.786,0.259,-1289.453,-1.031,-714.447,-0.185,471.832,-2.081,relaxed_ortho_3_B_101_H_rep3.pdb
-80.588,3.457,-1139.882,148.54,-713.729,0.533,615.419,141.505,relaxed_ortho_3_A_73_P_rep1.pdb
-85.179,-1.134,-1282.891,5.531,-714.242,0.02,484.575,10.661,relaxed_ortho_3_A_74_D_rep3.pdb
-82.927,1.118,-1291.382,-2.96,-713.346,0.916,470.201,-3.713,relaxed_ortho_3_B_98_R_rep1.pdb
-84.041,0.003,-1285.565,2.857,-713.481,0.781,479.621,5.707,relaxed_ortho_3_B_59_M_rep2.pdb
-82.411,1.633,-1282.377,6.045,-714.488,-0.226,470.373,-3.541,relaxed_ortho_3_A_22_C_rep1.pdb
-83.257,0.788,-1288.326,0.095,-713.285,0.977,475.353,1.439,relaxed_ortho_3_A_86_R_rep5.pdb
-84.967,-0.923,-1282.933,5.489,-714.383,-0.121,482.569,8.655,relaxed_ortho_3_A_74_D_rep4.pdb
-85.082,-1.038,-1284.622,3.8,-714.224,0.038,480.878,6.964,relaxed_ortho_3_A_74_N_rep3.pdb
-80.883,3.162,-1287.23,1.192,-713.467,0.795,470.903,-3.01,relaxed_ortho_3_B_55_A_rep2.pdb
-82.84,1.205,-1285.421,3.001,-713.428,0.834,476.677,2.763,relaxed_ortho_3_A_72_T_rep4.pdb
-88.356,-4.311,-1280.634,7.787,-714.562,-0.3,486.668,12.754,relaxed_ortho_3_A_37_W_rep2.pdb
-81.709,2.335,-1285.29,3.132,-713.545,0.717,487.257,13.343,relaxed_ortho_3_B_56_G_rep3.pdb
-82.671,1.374,-1266.724,21.698,-713.485,0.777,498.364,24.45,relaxed_ortho_3_A_72_M_rep4.pdb
-83.584,0.46,-1282.943,5.479,-714.089,0.173,466.593,-7.32,relaxed_ortho_3_B_13_H_rep4.pdb
-83.468,0.576,-1285.591,2.831,-714.439,-0.177,474.594,0.68,relaxed_ortho_3_B_13_N_rep1.pdb
-76.692,7.353,-1276.872,11.55,-712.019,2.242,476.821,2.907,relaxed_ortho_3_A_84_P_rep5.pdb
-82.52,1.524,-1284.535,3.887,-713.343,0.919,475.678,1.764,relaxed_ortho_3_B_58_A_rep2.pdb
-82.644,1.401,-1269.588,18.834,-713.299,0.963,492.512,18.598,relaxed_ortho_3_A_72_E_rep4.pdb
-84.024,0.02,-1282.892,5.53,-714.176,0.086,484.988,11.074,relaxed_ortho_3_A_27_F_rep3.pdb
-85.953,-1.908,-1280.59,7.831,-713.734,0.528,483.18,9.266,relaxed_ortho_3_A_74_Y_rep5.pdb
-82.926,1.118,-1287.402,1.02,-713.265,0.997,477.033,3.12,relaxed_ortho_3_A_86_S_rep5.pdb
-83.041,1.003,-1285.129,3.292,-713.507,0.755,480.217,6.303,relaxed_ortho_3_A_21_K_rep5.pdb
-83.695,0.35,-1269.609,18.813,-710.898,3.364,272.642,-201.272,relaxed_ortho_3_B_14_P_rep4.pdb
-83.731,0.313,-1282.311,6.111,-714.221,0.041,478.388,4.474,relaxed_ortho_3_A_27_G_rep2.pdb
-88.009,-3.964,-1281.253,7.169,-714.556,-0.294,487.889,13.975,relaxed_ortho_3_A_31_Y_rep4.pdb
-82.642,1.403,-1286.111,2.311,-713.885,0.377,475.811,1.897,relaxed_ortho_3_A_80_Y_rep4.pdb
-82.962,1.082,-1285.956,2.465,-713.416,0.846,477.599,3.686,relaxed_ortho_3_A_82_A_rep5.pdb
-82.329,1.716,-1285.434,2.987,-713.336,0.926,478.717,4.803,relaxed_ortho_3_A_36_M_rep4.pdb
-83.583,0.462,-1250.874,37.548,-713.946,0.316,456.221,-17.693,relaxed_ortho_3_A_25_P_rep5.pdb
-81.421,2.624,-1272.366,16.056,-710.522,3.74,494.76,20.847,relaxed_ortho_3_A_41_W_rep1.pdb
-81.098,2.947,-1280.131,8.291,-713.552,0.71,480.235,6.321,relaxed_ortho_3_A_75_S_rep3.pdb
-82.521,1.524,-1285.082,3.34,-713.623,0.639,478.628,4.715,relaxed_ortho_3_A_86_G_rep2.pdb
-82.842,1.202,-1265.591,22.83,-713.78,0.482,448.228,-25.686,relaxed_ortho_3_B_11_Y_rep2.pdb
-81.07,2.975,-1281.77,6.652,-713.335,0.927,480.125,6.211,relaxed_ortho_3_A_73_G_rep2.pdb
-83.057,0.987,-1288.503,-0.081,-713.726,0.536,476.268,2.354,relaxed_ortho_3_A_81_K_rep4.pdb
-83.022,1.022,-1281.561,6.861,-713.661,0.601,483.007,9.093,relaxed_ortho_3_B_59_G_rep1.pdb
-81.467,2.577,-1280.603,7.819,-713.416,0.846,480.417,6.503,relaxed_ortho_3_A_75_A_rep3.pdb
-83.006,1.038,-1285.584,2.838,-714.672,-0.41,476.78,2.866,relaxed_ortho_3_A_78_H_rep1.pdb
-86.885,-2.84,-1285.737,2.685,-713.997,0.265,479.236,5.322,relaxed_ortho_3_A_74_R_rep3.pdb
-83.133,0.912,-1288.045,0.376,-713.695,0.567,476.259,2.345,relaxed_ortho_3_A_86_D_rep4.pdb
-81.367,2.678,-1287.884,0.537,-714.514,-0.252,471.721,-2.193,relaxed_ortho_3_A_33_H_rep5.pdb
-85.842,-1.797,-1278.724,9.698,-713.736,0.526,485.261,11.347,relaxed_ortho_3_A_26_I_rep5.pdb
-83.784,0.26,-1281.199,7.223,-714.262,0.0,482.158,8.244,relaxed_ortho_3_A_39_N_rep4.pdb
-82.613,1.431,-1216.618,71.804,-713.07,1.192,572.141,98.227,relaxed_ortho_3_B_17_P_rep4.pdb
-83.123,0.922,-1285.902,2.519,-711.693,2.569,469.358,-4.556,relaxed_ortho_3_B_55_V_rep5.pdb
-84.232,-0.188,-1244.571,43.851,-714.254,0.008,450.699,-23.215,relaxed_ortho_3_A_23_I_rep2.pdb
-83.206,0.838,-1280.012,8.409,-713.346,0.916,479.146,5.232,relaxed_ortho_3_A_41_V_rep4.pdb
-83.054,0.99,-1288.602,-0.18,-713.424,0.838,476.803,2.889,relaxed_ortho_3_A_41_P_rep3.pdb
-81.74,2.305,-1283.186,5.236,-713.336,0.926,472.094,-1.82,relaxed_ortho_3_B_55_M_rep5.pdb
-84.199,-0.154,-1284.247,4.175,-714.206,0.056,486.814,12.9,relaxed_ortho_3_A_24_D_rep2.pdb
-84.031,0.014,-1283.623,4.799,-714.351,-0.089,478.991,5.077,relaxed_ortho_3_A_24_A_rep1.pdb
-84.634,-0.589,-1285.329,3.092,-714.148,0.114,476.338,2.424,relaxed_ortho_3_A_83_F_rep2.pdb
-86.137,-2.093,-1284.861,3.561,-713.914,0.348,480.932,7.018,relaxed_ortho_3_A_32_I_rep2.pdb
-79.019,5.026,-1284.844,3.578,-713.511,0.751,473.724,-0.19,relaxed_ortho_3_B_15_T_rep5.pdb
-82.984,1.06,-1288.525,-0.103,-713.499,0.763,475.845,1.931,relaxed_ortho_3_A_26_S_rep2.pdb
-83.101,0.943,-1287.464,0.957,-713.551,0.711,477.458,3.544,relaxed_ortho_3_A_86_Y_rep3.pdb
-78.425,5.62,-1281.688,6.734,-714.714,-0.452,475.906,1.992,relaxed_ortho_3_A_38_G_rep4.pdb
-82.984,1.061,-1285.687,2.735,-713.288,0.974,478.537,4.623,relaxed_ortho_3_A_39_T_rep4.pdb
-85.134,-1.09,-1284.933,3.488,-714.115,0.147,479.296,5.382,relaxed_ortho_3_A_78_N_rep4.pdb
-84.238,-0.194,-1284.833,3.589,-713.487,0.775,481.974,8.06,relaxed_ortho_3_B_102_W_rep5.pdb
-83.116,0.929,-1241.227,47.195,-712.519,1.743,339.08,-134.833,relaxed_ortho_3_B_14_Y_rep2.pdb
-83.533,0.512,-1286.596,1.826,-714.402,-0.14,474.631,0.717,relaxed_ortho_3_A_36_Q_rep5.pdb
-77.712,6.333,-1282.562,5.86,-711.593,2.669,473.495,-0.419,relaxed_ortho_3_A_38_Y_rep2.pdb
-84.658,-0.613,-1280.934,7.488,-714.286,-0.024,483.791,9.877,relaxed_ortho_3_A_39_M_rep1.pdb
-85.61,-1.565,-1286.068,2.353,-713.415,0.847,476.052,2.138,relaxed_ortho_3_A_33_I_rep2.pdb
-83.099,0.945,-1284.278,4.144,-713.293,0.969,482.701,8.787,relaxed_ortho_3_A_82_Q_rep1.pdb
-74.978,9.067,-1269.915,18.507,-714.065,0.197,484.184,10.27,relaxed_ortho_3_A_82_H_rep4.pdb
-84.649,-0.604,-1284.443,3.979,-714.039,0.222,480.508,6.594,relaxed_ortho_3_A_87_E_rep2.pdb
-82.733,1.312,-1283.027,5.395,-713.23,1.032,481.411,7.497,relaxed_ortho_3_A_72_C_rep2.pdb
-83.694,0.35,-1262.004,26.418,-714.111,0.151,502.211,28.297,relaxed_ortho_3_B_11_I_rep2.pdb
-85.418,-1.374,-1262.756,25.666,-711.452,2.81,505.549,31.635,relaxed_ortho_3_B_14_E_rep4.pdb
-84.076,-0.031,-1284.361,4.061,-714.382,-0.12,479.492,5.578,relaxed_ortho_3_A_87_C_rep3.pdb
-81.466,2.579,-1285.665,2.757,-714.42,-0.158,465.753,-8.161,relaxed_ortho_3_B_54_D_rep5.pdb
-88.063,-4.018,-1286.063,2.359,-713.657,0.605,480.711,6.797,relaxed_ortho_3_A_36_Y_rep3.pdb
-87.213,-3.168,-1288.016,0.406,-713.786,0.476,477.757,3.843,relaxed_ortho_3_A_28_M_rep3.pdb
-80.872,3.173,-1284.537,3.884,-712.993,1.269,470.747,-3.167,relaxed_ortho_3_A_36_M_rep5.pdb
-83.34,0.705,-1261.344,27.078,-714.462,-0.2,425.225,-48.688,relaxed_ortho_3_A_23_V_rep5.pdb
-83.799,0.245,-1282.829,5.593,-714.283,-0.021,481.008,7.094,relaxed_ortho_3_A_71_H_rep2.pdb
-83.411,0.633,-1262.27,26.152,-714.199,0.063,496.317,22.404,relaxed_ortho_3_A_72_H_rep3.pdb
-78.977,5.068,-1274.756,13.666,-712.414,1.848,468.37,-5.544,relaxed_ortho_3_A_41_K_rep2.pdb
-82.934,1.11,-1284.542,3.88,-713.559,0.703,480.484,6.57,relaxed_ortho_3_B_59_T_rep2.pdb
-82.877,1.167,-1283.943,4.479,-713.33,0.932,481.171,7.258,relaxed_ortho_3_B_100_W_rep4.pdb
-84.294,-0.25,-1265.337,23.085,-711.68,2.582,461.209,-12.705,relaxed_ortho_3_B_11_Y_rep5.pdb
-78.046,5.998,-1285.917,2.505,-715.627,-1.365,472.602,-1.312,relaxed_ortho_3_A_35_N_rep1.pdb
-82.645,1.4,-1287.475,0.947,-713.094,1.168,475.535,1.621,relaxed_ortho_3_A_33_M_rep1.pdb
-82.68,1.365,-1282.619,5.802,-713.083,1.179,469.896,-4.018,relaxed_ortho_3_A_22_C_rep4.pdb
-91.075,-7.03,-1289.958,-1.536,-714.529,-0.267,480.667,6.753,relaxed_ortho_3_A_26_R_rep3.pdb
-80.092,3.953,-1285.579,2.842,-713.383,0.879,473.512,-0.402,relaxed_ortho_3_A_38_Q_rep1.pdb
-83.902,0.142,-1255.05,33.372,-714.153,0.109,504.322,30.408,relaxed_ortho_3_B_14_F_rep5.pdb
-86.164,-2.119,-1285.31,3.111,-713.625,0.637,477.9,3.987,relaxed_ortho_3_A_26_T_rep1.pdb
-81.131,2.913,-1283.839,4.583,-715.124,-0.862,477.266,3.353,relaxed_ortho_3_A_80_A_rep1.pdb
-85.522,-1.478,-1286.262,2.16,-713.565,0.697,474.971,1.057,relaxed_ortho_3_A_34_G_rep3.pdb
-83.228,0.817,-1276.735,11.687,-714.028,0.234,484.99,11.076,relaxed_ortho_3_A_28_W_rep1.pdb
-83.776,0.269,-1278.534,9.888,-714.151,0.111,486.972,13.058,relaxed_ortho_3_A_74_W_rep3.pdb
-82.776,1.268,-1286.303,2.118,-713.475,0.787,477.607,3.693,relaxed_ortho_3_A_32_E_rep5.pdb
-81.8,2.245,-1281.382,7.04,-713.775,0.487,481.804,7.89,relaxed_ortho_3_A_76_W_rep2.pdb
-83.839,0.205,-1289.945,-1.524,-714.451,-0.189,475.066,1.153,relaxed_ortho_3_B_12_L_rep1.pdb
-84.36,-0.315,-1284.485,3.937,-714.183,0.079,479.746,5.832,relaxed_ortho_3_A_87_C_rep2.pdb
-86.052,-2.008,-1282.996,5.426,-714.151,0.111,482.865,8.951,relaxed_ortho_3_A_37_M_rep3.pdb
-82.399,1.645,-1288.924,-0.502,-713.689,0.573,475.238,1.324,relaxed_ortho_3_A_30_V_rep1.pdb
-83.528,0.517,-1286.783,1.639,-713.485,0.777,479.719,5.805,relaxed_ortho_3_A_82_I_rep5.pdb
-81.289,2.755,-1285.329,3.093,-713.186,1.075,475.375,1.461,relaxed_ortho_3_A_73_T_rep4.pdb
-83.835,0.209,-1286.021,2.401,-714.322,-0.06,475.878,1.964,relaxed_ortho_3_A_21_A_rep4.pdb
-83.037,1.008,-1289.652,-1.23,-713.229,1.033,479.346,5.432,relaxed_ortho_3_B_17_R_rep4.pdb
-87.821,-3.777,-1286.433,1.989,-714.463,-0.201,478.037,4.123,relaxed_ortho_3_A_34_M_rep4.pdb
-82.739,1.305,-1287.878,0.544,-714.171,0.091,473.802,-0.112,relaxed_ortho_3_A_72_V_rep2.pdb
-85.22,-1.175,-1266.266,22.155,-711.506,2.756,499.959,26.045,relaxed_ortho_3_B_14_M_rep3.pdb
-82.912,1.132,-1286.684,1.738,-714.691,-0.429,476.242,2.328,relaxed_ortho_3_A_78_L_rep4.pdb
-80.576,3.468,-1283.766,4.656,-714.765,-0.503,475.966,2.053,relaxed_ortho_3_A_77_T_rep1.pdb
-84.796,-0.752,-1284.699,3.722,-714.053,0.209,478.17,4.256,relaxed_ortho_3_A_78_N_rep3.pdb
-85.861,-1.817,-1288.192,0.229,-714.091,0.171,475.299,1.385,relaxed_ortho_3_A_28_L_rep3.pdb
-81.36,2.684,-1284.568,3.854,-712.908,1.354,475.984,2.07,relaxed_ortho_3_A_73_C_rep2.pdb
-85.864,-1.819,-1288.175,0.247,-713.735,0.527,474.536,0.623,relaxed_ortho_3_A_28_L_rep5.pdb
-78.564,5.481,-1284.143,4.279,-714.722,-0.461,478.188,4.275,relaxed_ortho_3_A_77_L_rep2.pdb
-81.688,2.357,-1286.31,2.112,-713.7,0.562,474.946,1.032,relaxed_ortho_3_A_82_T_rep2.pdb
-77.813,6.232,-1237.084,51.338,-714.605,-0.343,517.542,43.628,relaxed_ortho_3_A_85_P_rep5.pdb
-82.627,1.418,-1278.403,10.018,-713.579,0.683,487.261,13.348,relaxed_ortho_3_A_25_A_rep3.pdb
-85.033,-0.989,-1285.406,3.015,-710.155,4.106,472.688,-1.226,relaxed_ortho_3_B_15_Y_rep1.pdb
-82.356,1.689,-1285.8,2.622,-714.096,0.166,477.339,3.426,relaxed_ortho_3_A_34_D_rep3.pdb
-80.822,3.223,-1285.193,3.228,-714.888,-0.626,476.041,2.128,relaxed_ortho_3_A_38_F_rep3.pdb
-83.859,0.186,-1277.46,10.962,-714.38,-0.118,479.526,5.612,relaxed_ortho_3_B_11_P_rep1.pdb
-76.881,7.164,-1278.21,10.212,-712.489,1.773,482.954,9.04,relaxed_ortho_3_A_40_G_rep4.pdb
-83.978,0.067,-1286.885,1.537,-714.321,-0.059,472.394,-1.52,relaxed_ortho_3_A_21_Y_rep5.pdb
-87.676,-3.631,-1281.282,7.14,-714.191,0.071,485.835,11.921,relaxed_ortho_3_A_31_H_rep4.pdb
-84.207,-0.163,-1287.702,0.72,-714.238,0.024,476.46,2.546,relaxed_ortho_3_A_23_Q_rep1.pdb
-84.258,-0.214,-1286.214,2.208,-713.896,0.366,475.135,1.221,relaxed_ortho_3_A_33_Y_rep2.pdb
-83.86,0.184,-1284.412,4.01,-714.26,0.002,477.458,3.544,relaxed_ortho_3_B_11_G_rep1.pdb
-79.914,4.131,-1285.461,2.961,-713.22,1.042,472.354,-1.559,relaxed_ortho_3_A_38_Q_rep3.pdb
-82.873,1.171,-1223.772,64.65,-714.309,-0.047,534.388,60.474,relaxed_ortho_3_B_11_M_rep3.pdb
-81.146,2.899,-1286.439,1.983,-714.03,0.232,473.464,-0.45,relaxed_ortho_3_A_78_D_rep4.pdb
-82.737,1.307,-1288.635,-0.213,-714.466,-0.204,472.057,-1.857,relaxed_ortho_3_A_81_V_rep2.pdb
-84.832,-0.788,-1285.911,2.511,-714.359,-0.097,479.545,5.631,relaxed_ortho_3_A_74_Q_rep4.pdb
-83.232,0.813,-1286.347,2.075,-713.31,0.952,483.345,9.431,relaxed_ortho_3_B_17_L_rep5.pdb
-82.069,1.976,-1282.638,5.784,-715.002,-0.74,479.356,5.442,relaxed_ortho_3_A_77_C_rep3.pdb
-87.052,-3.008,-1282.369,6.053,-714.303,-0.041,482.615,8.701,relaxed_ortho_3_A_31_A_rep1.pdb
-83.085,0.959,-1277.141,11.281,-713.507,0.755,232.396,-241.518,relaxed_ortho_3_A_22_R_rep3.pdb
-82.882,1.162,-1284.183,4.239,-713.345,0.917,479.313,5.399,relaxed_ortho_3_B_58_C_rep4.pdb
-87.017,-2.973,-1244.291,44.131,-712.769,1.493,521.118,47.204,relaxed_ortho_3_A_31_P_rep2.pdb
-82.879,1.166,-1284.623,3.799,-713.314,0.948,476.889,2.975,relaxed_ortho_3_B_59_S_rep4.pdb
-80.915,3.129,-1280.851,7.571,-715.221,-0.959,480.633,6.72,relaxed_ortho_3_A_77_A_rep3.pdb
-83.415,0.629,-1263.873,24.549,-713.442,0.82,504.512,30.598,relaxed_ortho_3_A_41_I_rep4.pdb
-85.217,-1.173,-1281.814,6.608,-713.789,0.472,480.697,6.783,relaxed_ortho_3_A_39_L_rep3.pdb
-82.523,1.522,-1286.803,1.619,-714.489,-0.227,471.435,-2.479,relaxed_ortho_3_A_33_W_rep2.pdb
-85.598,-1.553,-1289.07,-0.649,-712.376,1.886,472.526,-1.388,relaxed_ortho_3_A_36_T_rep3.pdb
-90.02,-5.975,-1291.854,-3.432,-714.729,-0.467,471.236,-2.678,relaxed_ortho_3_A_34_L_rep3.pdb
-83.471,0.573,-1286.174,2.248,-714.047,0.215,472.713,-1.2,relaxed_ortho_3_B_13_R_rep3.pdb
-82.989,1.056,-1286.02,2.402,-713.515,0.747,477.29,3.376,relaxed_ortho_3_A_26_D_rep3.pdb
-87.903,-3.859,-1281.587,6.834,-714.174,0.088,483.131,9.217,relaxed_ortho_3_A_31_F_rep5.pdb
-84.011,0.033,-1286.343,2.079,-714.364,-0.102,489.38,15.466,relaxed_ortho_3_A_24_V_rep3.pdb
-82.99,1.055,-1284.52,3.902,-713.532,0.73,478.521,4.607,relaxed_ortho_3_A_83_M_rep4.pdb
-82.963,1.081,-1276.827,11.595,-713.382,0.88,485.87,11.956,relaxed_ortho_3_A_72_D_rep3.pdb
-82.967,1.077,-1284.696,3.726,-713.236,1.026,478.477,4.563,relaxed_ortho_3_B_59_L_rep5.pdb
-83.407,0.638,-1287.286,1.136,-713.41,0.852,482.45,8.536,relaxed_ortho_3_B_17_G_rep5.pdb
-88.017,-3.973,-1273.505,14.916,-713.98,0.282,486.808,12.894,relaxed_ortho_3_A_37_P_rep3.pdb
-86.871,-2.826,-1280.656,7.766,-713.947,0.315,483.843,9.929,relaxed_ortho_3_A_37_C_rep3.pdb
-82.951,1.094,-1284.978,3.444,-713.545,0.717,477.835,3.921,relaxed_ortho_3_A_86_W_rep4.pdb
-81.855,2.19,-1286.021,2.401,-714.347,-0.085,476.049,2.135,relaxed_ortho_3_A_78_E_rep4.pdb
-86.355,-2.311,-1286.056,2.366,-713.535,0.727,477.987,4.073,relaxed_ortho_3_A_26_H_rep1.pdb
-81.897,2.148,-1265.295,23.127,-713.068,1.194,496.015,22.101,relaxed_ortho_3_A_33_P_rep4.pdb
-81.677,2.368,-1287.237,1.185,-713.659,0.603,473.883,-0.031,relaxed_ortho_3_A_73_H_rep2.pdb
-84.523,-0.478,-1286.698,1.724,-712.743,1.519,475.676,1.762,relaxed_ortho_3_A_36_V_rep4.pdb
-85.04,-0.995,-1286.28,2.142,-713.874,0.387,475.928,2.015,relaxed_ortho_3_A_33_I_rep4.pdb
-83.904,0.141,-1288.916,-0.494,-714.315,-0.053,475.017,1.103,relaxed_ortho_3_B_101_M_rep1.pdb
-83.657,0.388,-1285.991,2.431,-713.864,0.398,475.651,1.738,relaxed_ortho_3_A_80_F_rep4.pdb
-82.721,1.324,-1279.075,9.347,-712.333,1.929,483.315,9.401,relaxed_ortho_3_A_75_F_rep2.pdb
-83.788,0.257,-1288.361,0.06,-712.967,1.295,486.766,12.852,relaxed_ortho_3_B_56_H_rep3.pdb
-87.415,-3.37,-1281.746,6.675,-713.782,0.48,484.371,10.457,relaxed_ortho_3_A_37_A_rep4.pdb
-80.153,3.891,-1252.492,35.93,-712.29,1.972,514.995,41.081,relaxed_ortho_3_B_15_P_rep4.pdb
-83.028,1.017,-1288.726,-0.305,-713.504,0.758,474.422,0.508,relaxed_ortho_3_A_75_I_rep4.pdb
-83.245,0.799,-1289.459,-1.038,-713.423,0.839,475.377,1.463,relaxed_ortho_3_B_13_L_rep5.pdb
-68.665,15.379,-1254.382,34.04,-711.218,3.044,491.84,17.927,relaxed_ortho_3_A_79_P_rep5.pdb
-82.813,1.232,-1124.24,164.182,-714.255,0.007,634.129,160.215,relaxed_ortho_3_A_87_P_rep3.pdb
-79.997,4.048,-1288.25,0.172,-714.015,0.247,472.23,-1.684,relaxed_ortho_3_A_79_D_rep3.pdb
-77.733,6.311,-1275.429,12.993,-711.405,2.857,449.568,-24.345,relaxed_ortho_3_B_13_Y_rep5.pdb
-86.78,-2.735,-1287.587,0.835,-713.751,0.511,487.452,13.538,relaxed_ortho_3_B_56_V_rep4.pdb
-81.223,2.822,-1285.228,3.194,-714.431,-0.169,472.421,-1.493,relaxed_ortho_3_B_57_Y_rep1.pdb
-82.827,1.217,-1284.786,3.636,-714.639,-0.377,477.598,3.684,relaxed_ortho_3_A_81_M_rep4.pdb
-81.243,2.802,-1282.724,5.698,-713.6,0.662,482.132,8.218,relaxed_ortho_3_B_54_K_rep2.pdb
-77.675,6.37,-1236.461,51.961,-714.721,-0.459,520.633,46.72,relaxed_ortho_3_A_85_P_rep4.pdb
-81.337,2.708,-1285.341,3.081,-713.197,1.065,473.852,-0.061,relaxed_ortho_3_A_73_T_rep3.pdb
-82.76,1.284,-1285.783,2.639,-713.771,0.491,479.231,5.317,relaxed_ortho_3_B_102_Q_rep3.pdb
-87.452,-3.408,-1287.162,1.26,-714.426,-0.164,477.677,3.763,relaxed_ortho_3_A_34_W_rep4.pdb
-84.731,-0.686,-1290.668,-2.246,-718.241,-3.979,469.49,-4.424,relaxed_ortho_3_A_27_W_rep2.pdb
-85.008,-0.963,-1285.783,2.639,-714.641,-0.379,478.875,4.961,relaxed_ortho_3_A_34_C_rep2.pdb
-82.764,1.281,-1266.963,21.459,-713.533,0.729,497.412,23.498,relaxed_ortho_3_A_72_M_rep1.pdb
-83.204,0.841,-1286.749,1.673,-713.539,0.723,476.383,2.47,relaxed_ortho_3_B_98_E_rep1.pdb
-81.909,2.135,-1286.322,2.1,-713.387,0.875,476.694,2.781,relaxed_ortho_3_B_101_G_rep2.pdb
-80.97,3.074,-1287.87,0.552,-714.485,-0.223,473.826,-0.088,relaxed_ortho_3_B_55_H_rep4.pdb
-83.585,0.46,-1281.825,6.597,-714.336,-0.074,467.443,-6.471,relaxed_ortho_3_B_13_D_rep5.pdb
-82.035,2.01,-1242.58,45.841,-713.603,0.659,502.83,28.916,relaxed_ortho_3_A_72_K_rep4.pdb
-81.712,2.332,-1284.312,4.11,-714.625,-0.363,477.024,3.11,relaxed_ortho_3_A_38_C_rep2.pdb
-83.327,0.717,-1287.197,1.225,-713.303,0.959,475.781,1.867,relaxed_ortho_3_B_57_Q_rep3.pdb
-77.526,6.519,-1282.732,5.69,-712.711,1.551,476.687,2.773,relaxed_ortho_3_A_40_N_rep4.pdb
-82.522,1.522,-1241.065,47.357,-714.403,-0.141,497.763,23.85,relaxed_ortho_3_A_72_R_rep3.pdb
-83.26,0.784,-1274.729,13.693,-713.313,0.949,488.419,14.505,relaxed_ortho_3_B_14_D_rep1.pdb
-81.978,2.067,-1286.273,2.149,-713.395,0.867,471.627,-2.286,relaxed_ortho_3_B_54_P_rep4.pdb
-82.974,1.07,-1287.926,0.496,-714.566,-0.304,473.712,-0.202,relaxed_ortho_3_A_22_V_rep5.pdb
-81.452,2.593,-1283.432,4.99,-714.43,-0.168,476.446,2.532,relaxed_ortho_3_A_79_T_rep4.pdb
-87.486,-3.441,-1281.878,6.544,-714.044,0.218,483.449,9.535,relaxed_ortho_3_A_37_A_rep1.pdb
-83.991,0.053,-1279.785,8.637,-713.867,0.395,482.777,8.863,relaxed_ortho_3_A_76_P_rep3.pdb
-77.759,6.285,-1275.335,13.087,-714.113,0.149,479.204,5.29,relaxed_ortho_3_A_84_G_rep5.pdb
-83.18,0.865,-1286.98,1.442,-712.579,1.683,486.193,12.28,relaxed_ortho_3_B_54_F_rep1.pdb
-86.412,-2.368,-1287.836,0.586,-713.171,1.091,472.117,-1.797,relaxed_ortho_3_A_36_L_rep2.pdb
-78.876,5.168,-1279.554,8.868,-713.681,0.581,477.971,4.057,relaxed_ortho_3_A_77_W_rep1.pdb
-82.945,1.099,-1287.765,0.657,-713.408,0.854,476.815,2.901,relaxed_ortho_3_A_71_A_rep2.pdb
-84.875,-0.831,-1286.441,1.981,-714.216,0.046,476.812,2.898,relaxed_ortho_3_A_77_M_rep2.pdb
-82.914,1.131,-1285.391,3.03,-713.59,0.672,469.643,-4.271,relaxed_ortho_3_B_58_H_rep3.pdb
-82.586,1.459,-1288.823,-0.401,-714.107,0.155,475.412,1.498,relaxed_ortho_3_B_98_S_rep2.pdb
-81.237,2.808,-1287.007,1.414,-713.943,0.319,475.419,1.505,relaxed_ortho_3_A_33_G_rep1.pdb
-82.847,1.197,-1286.349,2.072,-714.392,-0.131,476.815,2.901,relaxed_ortho_3_A_21_T_rep1.pdb
-82.878,1.167,-1287.372,1.05,-713.25,1.012,474.974,1.06,relaxed_ortho_3_B_100_Q_rep5.pdb
-82.924,1.121,-1291.346,-2.925,-713.295,0.967,471.699,-2.215,relaxed_ortho_3_B_98_R_rep4.pdb
-81.584,2.46,-1286.902,1.52,-713.725,0.537,474.92,1.006,relaxed_ortho_3_A_81_L_rep4.pdb
-82.193,1.851,-1284.052,4.37,-714.105,0.157,478.305,4.391,relaxed_ortho_3_A_27_L_rep2.pdb
-75.254,8.791,-1278.025,10.397,-714.332,-0.07,477.814,3.9,relaxed_ortho_3_A_84_K_rep4.pdb
-81.654,2.391,-1278.683,9.739,-714.672,-0.41,482.903,8.989,relaxed_ortho_3_A_81_G_rep2.pdb
-89.99,-5.945,-1290.453,-2.031,-713.842,0.42,472.551,-1.363,relaxed_ortho_3_A_34_H_rep1.pdb
-82.326,1.718,-1288.064,0.357,-713.577,0.685,473.749,-0.165,relaxed_ortho_3_A_81_S_rep4.pdb
-84.244,-0.2,-1262.572,25.85,-714.241,0.021,494.022,20.108,relaxed_ortho_3_B_11_E_rep4.pdb
-81.875,2.17,-1271.962,16.46,-711.346,2.916,487.717,13.803,relaxed_ortho_3_A_41_F_rep5.pdb
-84.33,-0.285,-1289.556,-1.134,-713.233,1.029,473.858,-0.056,relaxed_ortho_3_A_32_W_rep1.pdb
-81.393,2.652,-1282.852,5.57,-713.918,0.344,480.443,6.529,relaxed_ortho_3_A_81_W_rep3.pdb
-82.604,1.441,-1270.57,17.852,-708.694,5.568,482.828,8.914,relaxed_ortho_3_A_41_F_rep1.pdb
-83.742,0.303,-1255.092,33.33,-714.307,-0.045,503.709,29.795,relaxed_ortho_3_B_14_F_rep4.pdb
-83.307,0.737,-1289.038,-0.616,-713.242,1.02,474.453,0.539,relaxed_ortho_3_B_101_I_rep4.pdb
-83.04,1.004,-1286.118,2.304,-713.433,0.829,478.556,4.642,relaxed_ortho_3_A_21_M_rep5.pdb
-86.664,-2.619,-1285.776,2.646,-713.421,0.841,478.652,4.738,relaxed_ortho_3_A_26_M_rep5.pdb
-84.497,-0.452,-1268.283,20.139,-711.692,2.57,484.142,10.229,relaxed_ortho_3_B_11_H_rep1.pdb
-78.367,5.677,-1279.104,9.318,-714.158,0.104,476.544,2.63,relaxed_ortho_3_A_84_C_rep1.pdb
-83.047,0.998,-1286.51,1.912,-714.367,-0.105,473.753,-0.161,relaxed_ortho_3_A_33_W_rep4.pdb
-84.527,-0.483,-1288.512,-0.09,-713.716,0.546,476.886,2.972,relaxed_ortho_3_A_76_L_rep4.pdb
-81.07,2.975,-1286.544,1.877,-714.843,-0.581,473.116,-0.798,relaxed_ortho_3_A_80_N_rep1.pdb
-87.439,-3.395,-1253.545,34.877,-714.112,0.15,473.351,-0.563,relaxed_ortho_3_A_39_R_rep3.pdb
-83.705,0.34,-1286.698,1.724,-714.437,-0.175,477.455,3.541,relaxed_ortho_3_A_78_L_rep2.pdb
-83.9,0.144,-1284.002,4.419,-714.132,0.13,476.641,2.727,relaxed_ortho_3_A_23_N_rep1.pdb
-82.645,1.399,-1285.55,2.872,-714.393,-0.131,475.185,1.272,relaxed_ortho_3_A_81_Y_rep2.pdb
-79.563,4.482,-1283.586,4.836,-714.135,0.127,478.299,4.385,relaxed_ortho_3_A_38_N_rep2.pdb
-83.448,0.597,-1285.089,3.333,-713.461,0.801,478.651,4.737,relaxed_ortho_3_A_32_M_rep3.pdb
-83.942,0.102,-1284.968,3.454,-714.394,-0.132,478.417,4.503,relaxed_ortho_3_A_23_E_rep3.pdb
-83.987,0.058,-1282.079,6.343,-713.584,0.678,488.923,15.009,relaxed_ortho_3_B_17_W_rep4.pdb
-82.721,1.323,-1268.296,20.125,-711.946,2.316,481.248,7.334,relaxed_ortho_3_B_55_P_rep1.pdb
-81.545,2.5,-1272.599,15.823,-711.08,3.182,459.346,-14.567,relaxed_ortho_3_A_41_Y_rep1.pdb
-82.902,1.142,-1285.044,3.377,-714.501,-0.239,477.271,3.357,relaxed_ortho_3_A_21_C_rep2.pdb
-83.756,0.288,-1286.126,2.296,-714.04,0.222,474.219,0.305,relaxed_ortho_3_A_33_I_rep1.pdb
-83.011,1.033,-1290.953,-2.531,-713.301,0.961,472.086,-1.828,relaxed_ortho_3_B_12_K_rep5.pdb
-83.018,1.026,-1286.603,1.819,-713.747,0.515,480.651,6.737,relaxed_ortho_3_A_71_I_rep4.pdb
-79.528,4.516,-1278.853,9.568,-714.062,0.2,482.109,8.196,relaxed_ortho_3_A_82_N_rep1.pdb
-82.905,1.139,-1286.804,1.617,-713.649,0.613,478.227,4.313,relaxed_ortho_3_A_85_L_rep5.pdb
-81.995,2.049,-1285.805,2.617,-714.319,-0.057,473.658,-0.256,relaxed_ortho_3_A_73_A_rep4.pdb
-87.099,-3.055,-1281.44,6.982,-713.725,0.537,484.252,10.339,relaxed_ortho_3_A_37_S_rep4.pdb
-83.515,0.53,-1287.259,1.163,-714.343,-0.081,475.867,1.953,relaxed_ortho_3_A_32_N_rep1.pdb
-84.08,-0.036,-1285.592,2.83,-714.341,-0.079,475.712,1.798,relaxed_ortho_3_A_29_F_rep4.pdb
-82.919,1.125,-1280.229,8.193,-713.502,0.76,484.028,10.115,relaxed_ortho_3_A_85_W_rep3.pdb
-80.092,3.953,-1286.799,1.623,-715.105,-0.843,471.605,-2.309,relaxed_ortho_3_A_80_G_rep2.pdb
-83.365,0.679,-1287.256,1.166,-713.4,0.862,475.111,1.197,relaxed_ortho_3_B_57_Q_rep1.pdb
-77.991,6.053,-1274.975,13.447,-711.763,2.499,458.316,-15.598,relaxed_ortho_3_B_13_F_rep1.pdb
-83.041,1.004,-1288.641,-0.219,-713.507,0.755,477.088,3.174,relaxed_ortho_3_A_77_I_rep4.pdb
-73.2,10.844,-1271.266,17.156,-712.762,1.5,485.661,11.748,relaxed_ortho_3_A_75_K_rep4.pdb
-80.43,3.614,-1283.967,4.454,-714.907,-0.645,473.973,0.059,relaxed_ortho_3_A_80_E_rep3.pdb
-83.871,0.173,-1290.656,-2.234,-714.274,-0.012,472.284,-1.63,relaxed_ortho_3_B_12_V_rep4.pdb
-83.157,0.887,-1283.313,5.108,-713.524,0.738,486.197,12.284,relaxed_ortho_3_B_17_I_rep3.pdb
-82.172,1.873,-1282.564,5.858,-714.925,-0.663,478.2,4.287,relaxed_ortho_3_A_77_C_rep1.pdb
-76.184,7.86,-1283.405,5.017,-712.504,1.758,474.014,0.1,relaxed_ortho_3_A_40_E_rep3.pdb
-71.418,12.626,-1259.403,29.019,-714.352,-0.09,491.627,17.714,relaxed_ortho_3_A_79_P_rep3.pdb
-84.339,-0.294,-1286.656,1.766,-712.002,2.26,477.922,4.008,relaxed_ortho_3_B_102_M_rep2.pdb
-87.23,-3.186,-1280.69,7.731,-713.686,0.576,484.214,10.3,relaxed_ortho_3_A_37_C_rep5.pdb
-81.304,2.741,-1287.671,0.751,-712.452,1.81,470.674,-3.24,relaxed_ortho_3_A_40_F_rep2.pdb
-80.701,3.343,-1273.257,15.165,-714.05,0.212,475.6,1.686,relaxed_ortho_3_A_38_P_rep2.pdb
-82.371,1.673,-1286.642,1.78,-713.35,0.912,477.671,3.757,relaxed_ortho_3_A_78_E_rep1.pdb
-87.141,-3.096,-1286.329,2.093,-714.093,0.169,478.589,4.675,relaxed_ortho_3_A_76_S_rep2.pdb
-82.052,1.993,-1283.155,5.267,-713.365,0.897,475.315,1.401,relaxed_ortho_3_B_58_N_rep3.pdb
-83.419,0.626,-1285.69,2.732,-714.486,-0.224,476.606,2.692,relaxed_ortho_3_A_78_I_rep1.pdb
-82.863,1.182,-1281.646,6.776,-713.233,1.029,483.261,9.347,relaxed_ortho_3_A_39_S_rep2.pdb
-79.468,4.576,-1280.64,7.782,-713.327,0.935,483.283,9.369,relaxed_ortho_3_A_40_C_rep3.pdb
-79.192,4.852,-1283.595,4.827,-714.771,-0.509,473.872,-0.042,relaxed_ortho_3_A_38_A_rep2.pdb
-82.705,1.339,-1287.8,0.621,-714.251,0.011,473.779,-0.135,relaxed_ortho_3_A_82_P_rep2.pdb
-83.129,0.915,-1284.01,4.412,-713.551,0.711,480.34,6.426,relaxed_ortho_3_A_29_C_rep3.pdb
-86.953,-2.909,-1285.428,2.994,-713.648,0.614,480.086,6.172,relaxed_ortho_3_A_32_W_rep5.pdb
-82.408,1.636,-1288.828,-0.406,-713.637,0.625,474.289,0.375,relaxed_ortho_3_B_98_S_rep4.pdb
-81.582,2.463,-1277.264,11.158,-712.062,2.2,485.082,11.169,relaxed_ortho_3_A_75_Y_rep5.pdb
-83.093,0.951,-1289.108,-0.687,-713.371,0.891,474.658,0.744,relaxed_ortho_3_A_74_K_rep1.pdb
-82.643,1.402,-1288.448,-0.027,-713.708,0.554,474.493,0.579,relaxed_ortho_3_A_29_L_rep5.pdb
-77.887,6.157,-1285.971,2.451,-715.671,-1.409,471.82,-2.094,relaxed_ortho_3_A_35_N_rep3.pdb
-83.178,0.867,-1278.935,9.486,-713.466,0.796,485.7,11.787,relaxed_ortho_3_A_25_A_rep2.pdb
-82.415,1.63,-1284.435,3.987,-714.424,-0.162,475.98,2.066,relaxed_ortho_3_B_55_C_rep1.pdb
-87.367,-3.322,-1286.533,1.888,-714.41,-0.148,480.281,6.367,relaxed_ortho_3_A_76_S_rep5.pdb
-83.566,0.479,-1287.39,1.031,-713.176,1.086,475.088,1.174,relaxed_ortho_3_B_102_L_rep5.pdb
-82.873,1.172,-1281.813,6.608,-713.462,0.8,474.536,0.622,relaxed_ortho_3_A_22_D_rep4.pdb
-86.466,-2.422,-1284.313,4.109,-713.45,0.812,480.45,6.536,relaxed_ortho_3_A_26_V_rep1.pdb
-83.045,1.0,-1283.733,4.689,-713.244,1.018,483.203,9.289,relaxed_ortho_3_A_21_I_rep1.pdb
-81.287,2.758,-1286.144,2.277,-714.344,-0.082,473.66,-0.254,relaxed_ortho_3_A_81_L_rep3.pdb
-84.448,-0.403,-1279.018,9.404,-714.187,0.075,477.069,3.155,relaxed_ortho_3_A_72_I_rep5.pdb
-83.245,0.8,-1287.676,0.746,-713.656,0.606,487.683,13.769,relaxed_ortho_3_B_56_N_rep4.pdb
-83.891,0.153,-1290.314,-1.892,-714.283,-0.021,472.422,-1.492,relaxed_ortho_3_B_12_T_rep4.pdb
-86.163,-2.119,-1285.748,2.674,-713.643,0.619,477.461,3.548,relaxed_ortho_3_A_26_N_rep5.pdb
-82.966,1.079,-1288.505,-0.083,-713.296,0.966,475.034,1.12,relaxed_ortho_3_A_86_P_rep3.pdb
-83.87,0.175,-1287.446,0.976,-714.34,-0.078,477.382,3.468,relaxed_ortho_3_A_21_V_rep3.pdb
-83.236,0.809,-1286.348,2.074,-714.606,-0.344,474.891,0.977,relaxed_ortho_3_A_78_K_rep5.pdb
-82.406,1.638,-1281.692,6.73,-713.513,0.749,482.333,8.419,relaxed_ortho_3_A_30_A_rep5.pdb
-83.853,0.192,-1264.16,24.262,-714.324,-0.062,498.063,24.149,relaxed_ortho_3_A_25_K_rep3.pdb
-83.011,1.033,-1288.633,-0.211,-715.28,-1.018,475.168,1.254,relaxed_ortho_3_A_35_T_rep3.pdb
-76.647,7.397,-1276.357,12.065,-712.153,2.109,471.312,-2.602,relaxed_ortho_3_B_55_W_rep5.pdb
-81.967,2.078,-1288.179,0.243,-713.94,0.322,472.57,-1.344,relaxed_ortho_3_A_79_G_rep2.pdb
-86.252,-2.207,-1286.675,1.747,-712.668,1.594,476.399,2.485,relaxed_ortho_3_A_34_S_rep5.pdb
-84.159,-0.114,-1269.703,18.719,-713.993,0.269,484.595,10.681,relaxed_ortho_3_A_71_P_rep2.pdb
-83.06,0.984,-1288.696,-0.274,-713.46,0.802,475.604,1.69,relaxed_ortho_3_B_55_N_rep4.pdb
-84.792,-0.748,-1283.745,4.677,-714.335,-0.073,480.263,6.35,relaxed_ortho_3_A_74_A_rep1.pdb
-83.97,0.074,-1284.349,4.073,-714.318,-0.056,478.723,4.809,relaxed_ortho_3_A_24_S_rep4.pdb
-86.152,-2.108,-1246.626,41.796,-711.663,2.599,256.04,-217.874,relaxed_ortho_3_A_22_F_rep3.pdb
-84.13,-0.085,-1284.309,4.113,-714.379,-0.117,478.042,4.128,relaxed_ortho_3_B_59_R_rep1.pdb
-83.07,0.975,-1288.666,-0.244,-713.465,0.797,473.897,-0.017,relaxed_ortho_3_A_86_P_rep4.pdb
-82.438,1.606,-1287.786,0.636,-714.092,0.17,475.533,1.619,relaxed_ortho_3_A_33_T_rep5.pdb
-83.343,0.702,-1284.334,4.088,-714.261,0.001,478.358,4.444,relaxed_ortho_3_A_76_K_rep4.pdb
-81.467,2.578,-1285.769,2.653,-713.988,0.274,476.458,2.544,relaxed_ortho_3_A_38_S_rep1.pdb
-86.945,-2.901,-1287.348,1.074,-714.255,0.007,477.752,3.838,relaxed_ortho_3_A_34_A_rep4.pdb
-85.359,-1.314,-1281.434,6.988,-714.398,-0.136,485.748,11.834,relaxed_ortho_3_A_87_K_rep1.pdb
-85.948,-1.903,-1292.231,-3.81,-713.64,0.622,477.512,3.598,relaxed_ortho_3_A_28_D_rep5.pdb
-82.371,1.673,-1284.358,4.063,-714.158,0.104,478.105,4.191,relaxed_ortho_3_A_28_I_rep4.pdb
-82.858,1.187,-1279.949,8.473,-713.485,0.777,483.392,9.478,relaxed_ortho_3_B_59_Y_rep2.pdb
-85.436,-1.391,-1282.495,5.926,-714.251,0.011,485.083,11.17,relaxed_ortho_3_A_87_R_rep4.pdb
-77.876,6.169,-1282.484,5.938,-713.445,0.817,482.649,8.735,relaxed_ortho_3_A_40_S_rep2.pdb
-84.829,-0.785,-1269.701,18.721,-712.211,2.051,484.36,10.446,relaxed_ortho_3_A_71_P_rep1.pdb
-82.154,1.891,-1283.733,4.688,-710.685,3.577,479.069,5.155,relaxed_ortho_3_B_15_N_rep1.pdb
-84.212,-0.167,-1276.517,11.905,-713.912,0.35,485.292,11.378,relaxed_ortho_3_A_28_W_rep2.pdb
-87.3,-3.255,-1280.188,8.234,-714.304,-0.042,486.792,12.878,relaxed_ortho_3_A_31_K_rep3.pdb
-82.319,1.725,-1279.259,9.162,-713.568,0.694,475.678,1.765,relaxed_ortho_3_A_84_W_rep5.pdb
-83.37,0.674,-1286.01,2.412,-714.4,-0.138,475.292,1.378,relaxed_ortho_3_A_78_S_rep1.pdb
-84.867,-0.822,-1287.472,0.949,-713.176,1.086,487.369,13.456,relaxed_ortho_3_B_56_M_rep5.pdb
-88.495,-4.451,-1290.633,-2.211,-713.841,0.421,473.756,-0.158,relaxed_ortho_3_A_36_A_rep3.pdb
-83.205,0.839,-1289.001,-0.579,-713.707,0.555,475.84,1.926,relaxed_ortho_3_A_85_K_rep5.pdb
-81.587,2.458,-1283.004,5.417,-714.254,0.008,478.312,4.398,relaxed_ortho_3_A_81_D_rep4.pdb
-71.1,12.944,-1259.56,28.862,-714.054,0.208,493.093,19.179,relaxed_ortho_3_A_79_P_rep2.pdb
-84.283,-0.239,-1285.117,3.305,-714.067,0.195,478.812,4.898,relaxed_ortho_3_A_21_C_rep3.pdb
-80.849,3.195,-1284.465,3.957,-715.059,-0.797,475.201,1.288,relaxed_ortho_3_A_80_S_rep5.pdb
-87.725,-3.68,-1281.931,6.491,-714.159,0.103,484.663,10.75,relaxed_ortho_3_A_31_L_rep3.pdb
-82.416,1.628,-1288.223,0.199,-713.701,0.561,475.741,1.827,relaxed_ortho_3_A_30_I_rep3.pdb
-82.92,1.125,-1284.231,4.191,-713.407,0.855,477.199,3.285,relaxed_ortho_3_A_83_C_rep4.pdb
-84.53,-0.485,-1287.672,0.75,-712.773,1.489,488.362,14.448,relaxed_ortho_3_B_54_W_rep3.pdb
-83.079,0.966,-1287.141,1.281,-713.161,1.101,478.104,4.191,relaxed_ortho_3_A_86_M_rep2.pdb
-83.775,0.27,-1285.699,2.723,-714.448,-0.186,476.609,2.695,relaxed_ortho_3_A_29_Y_rep5.pdb
-83.08,0.965,-1284.256,4.166,-714.325,-0.064,475.92,2.007,relaxed_ortho_3_A_75_T_rep3.pdb
-83.26,0.785,-1287.103,1.319,-713.339,0.923,477.166,3.252,relaxed_ortho_3_A_32_P_rep5.pdb
-83.871,0.173,-1209.554,78.867,-713.807,0.455,568.894,94.981,relaxed_ortho_3_A_21_P_rep2.pdb
-81.258,2.787,-1286.776,1.646,-714.503,-0.241,471.5,-2.414,relaxed_ortho_3_A_73_E_rep2.pdb
-83.952,0.093,-1281.127,7.295,-714.195,0.067,483.648,9.734,relaxed_ortho_3_A_24_G_rep4.pdb
-84.283,-0.239,-1285.78,2.642,-714.35,-0.088,476.966,3.052,relaxed_ortho_3_A_39_I_rep4.pdb
-89.266,-5.222,-1290.772,-2.35,-714.442,-0.18,473.81,-0.104,relaxed_ortho_3_A_34_F_rep3.pdb
-81.671,2.373,-1285.811,2.611,-714.385,-0.123,477.116,3.202,relaxed_ortho_3_A_80_R_rep1.pdb
-81.67,2.375,-1288.235,0.187,-714.014,0.248,471.045,-2.869,relaxed_ortho_3_A_79_S_rep4.pdb
-88.622,-4.577,-1294.035,-5.613,-715.084,-0.822,473.591,-0.322,relaxed_ortho_3_A_34_K_rep2.pdb
-84.238,-0.193,-1288.358,0.064,-713.379,0.883,477.155,3.241,relaxed_ortho_3_B_57_L_rep3.pdb
-86.593,-2.548,-1285.641,2.781,-713.555,0.707,478.812,4.898,relaxed_ortho_3_A_26_M_rep3.pdb
-82.811,1.233,-1283.017,5.405,-713.387,0.875,480.876,6.962,relaxed_ortho_3_A_72_C_rep4.pdb
-82.644,1.4,-1284.382,4.04,-714.389,-0.127,470.421,-3.493,relaxed_ortho_3_B_13_K_rep2.pdb
-83.841,0.203,-1286.956,1.465,-714.11,0.152,477.213,3.299,relaxed_ortho_3_A_37_Y_rep4.pdb
-81.909,2.135,-1284.519,3.903,-714.925,-0.663,476.569,2.656,relaxed_ortho_3_A_78_M_rep1.pdb
-87.778,-3.733,-1280.839,7.582,-714.043,0.219,485.405,11.491,relaxed_ortho_3_A_30_H_rep2.pdb
-82.751,1.294,-1283.851,4.571,-710.802,3.46,478.154,4.241,relaxed_ortho_3_B_15_F_rep1.pdb
-82.83,1.215,-1287.881,0.54,-713.382,0.88,472.835,-1.079,relaxed_ortho_3_B_102_I_rep2.pdb
-83.688,0.356,-1279.765,8.657,-714.207,0.055,474.82,0.906,relaxed_ortho_3_A_23_T_rep1.pdb
-83.281,0.764,-1282.29,6.131,-713.306,0.956,487.157,13.243,relaxed_ortho_3_B_17_V_rep4.pdb
-82.968,1.077,-1284.846,3.576,-713.557,0.705,480.382,6.468,relaxed_ortho_3_A_85_N_rep5.pdb
-82.872,1.173,-1280.816,7.606,-713.973,0.289,483.037,9.123,relaxed_ortho_3_A_39_N_rep3.pdb
-81.749,2.295,-1282.152,6.27,-715.389,-1.127,479.585,5.671,relaxed_ortho_3_A_77_C_rep4.pdb
-85.378,-1.333,-1282.117,6.305,-712.99,1.272,479.111,5.197,relaxed_ortho_3_B_98_W_rep5.pdb
-84.09,-0.045,-1272.274,16.148,-711.168,3.094,482.342,8.428,relaxed_ortho_3_B_11_F_rep3.pdb
-83.773,0.272,-1199.959,88.463,-714.249,0.013,491.64,17.726,relaxed_ortho_3_B_11_K_rep5.pdb
-83.136,0.908,-1284.853,3.569,-713.231,1.031,479.88,5.966,relaxed_ortho_3_A_83_S_rep5.pdb
-83.036,1.009,-1277.178,11.244,-713.316,0.946,232.159,-241.755,relaxed_ortho_3_A_22_K_rep2.pdb
-83.997,0.048,-1282.492,5.929,-714.107,0.155,478.572,4.658,relaxed_ortho_3_A_29_G_rep3.pdb
-82.534,1.511,-1291.547,-3.126,-713.383,0.879,472.325,-1.589,relaxed_ortho_3_B_101_P_rep3.pdb
-83.081,0.964,-1288.749,-0.327,-713.558,0.704,474.733,0.819,relaxed_ortho_3_A_39_V_rep2.pdb
-85.609,-1.564,-1286.718,1.704,-710.664,3.598,481.318,7.404,relaxed_ortho_3_B_15_D_rep1.pdb
-82.436,1.609,-1286.199,2.223,-714.881,-0.619,476.098,2.185,relaxed_ortho_3_A_78_R_rep4.pdb
-83.173,0.872,-1286.818,1.604,-713.241,1.02,477.871,3.958,relaxed_ortho_3_A_32_L_rep3.pdb
-84.363,-0.319,-1275.783,12.639,-712.839,1.423,470.558,-3.356,relaxed_ortho_3_B_100_P_rep2.pdb
-84.596,-0.552,-1278.77,9.652,-713.835,0.427,479.648,5.734,relaxed_ortho_3_A_72_I_rep3.pdb
-84.887,-0.842,-1284.338,4.084,-714.065,0.197,478.35,4.436,relaxed_ortho_3_A_32_V_rep1.pdb
-81.57,2.474,-1282.033,6.389,-713.412,0.85,476.49,2.576,relaxed_ortho_3_B_58_D_rep2.pdb
-81.687,2.357,-1285.18,3.242,-713.312,0.95,488.344,14.43,relaxed_ortho_3_B_56_G_rep1.pdb
-83.007,1.037,-1288.3,0.121,-712.988,1.274,476.284,2.37,relaxed_ortho_3_A_73_I_rep5.pdb
-89.309,-5.265,-1285.733,2.689,-712.563,1.699,480.913,6.999,relaxed_ortho_3_A_32_Y_rep2.pdb
-82.906,1.138,-1286.749,1.672,-713.567,0.695,478.386,4.472,relaxed_ortho_3_A_85_L_rep3.pdb
-84.519,-0.474,-1282.776,5.645,-712.986,1.276,480.406,6.493,relaxed_ortho_3_B_102_W_rep4.pdb
-85.365,-1.32,-1278.383,10.039,-714.18,0.082,482.874,8.96,relaxed_ortho_3_A_29_V_rep4.pdb
-78.268,5.776,-1282.531,5.891,-713.628,0.634,478.645,4.731,relaxed_ortho_3_A_84_L_rep3.pdb
-82.126,1.918,-1268.521,19.901,-712.924,1.338,479.576,5.662,relaxed_ortho_3_B_55_P_rep3.pdb
-82.889,1.156,-1267.536,20.886,-713.417,0.845,493.067,19.154,relaxed_ortho_3_A_39_P_rep4.pdb
-85.097,-1.053,-1285.528,2.894,-713.336,0.926,481.151,7.237,relaxed_ortho_3_A_26_G_rep2.pdb
-86.759,-2.714,-1267.64,20.781,-713.121,1.141,469.775,-4.139,relaxed_ortho_3_A_87_L_rep3.pdb
-83.988,0.056,-1287.885,0.537,-714.085,0.177,472.632,-1.282,relaxed_ortho_3_B_13_Q_rep4.pdb
-82.897,1.147,-1288.75,-0.328,-713.66,0.602,474.995,1.081,relaxed_ortho_3_A_25_I_rep5.pdb
-82.847,1.198,-1287.833,0.588,-714.21,0.052,474.12,0.206,relaxed_ortho_3_B_98_K_rep1.pdb
-82.99,1.055,-1288.611,-0.189,-713.37,0.892,476.25,2.336,relaxed_ortho_3_A_82_P_rep4.pdb
-82.987,1.057,-1288.585,-0.163,-713.486,0.776,475.134,1.22,relaxed_ortho_3_A_35_A_rep4.pdb
-82.699,1.345,-1284.718,3.704,-712.905,1.357,478.512,4.599,relaxed_ortho_3_A_28_F_rep3.pdb
-81.65,2.394,-1285.901,2.521,-713.188,1.074,477.563,3.649,relaxed_ortho_3_B_102_G_rep1.pdb
-82.671,1.374,-1287.172,1.25,-713.372,0.89,475.066,1.152,relaxed_ortho_3_B_102_L_rep4.pdb
-82.657,1.387,-1285.997,2.425,-713.216,1.045,478.042,4.128,relaxed_ortho_3_B_100_L_rep5.pdb
-83.015,1.03,-1285.482,2.94,-713.47,0.792,478.897,4.983,relaxed_ortho_3_A_86_G_rep3.pdb
-83.367,0.677,-1285.871,2.55,-714.302,-0.04,475.792,1.878,relaxed_ortho_3_A_78_S_rep4.pdb
-81.266,2.779,-1284.929,3.493,-713.558,0.704,475.912,1.998,relaxed_ortho_3_B_15_Q_rep5.pdb
-84.797,-0.753,-1239.758,48.664,-711.28,2.982,188.778,-285.136,relaxed_ortho_3_B_14_I_rep4.pdb
-82.839,1.206,-1284.591,3.831,-714.413,-0.151,477.924,4.01,relaxed_ortho_3_A_81_M_rep1.pdb
-83.009,1.035,-1286.564,1.857,-713.441,0.821,476.699,2.785,relaxed_ortho_3_A_86_H_rep4.pdb
-82.728,1.317,-1285.895,2.527,-714.984,-0.722,478.489,4.576,relaxed_ortho_3_B_57_I_rep4.pdb
-87.207,-3.163,-1276.163,12.259,-714.104,0.158,490.722,16.808,relaxed_ortho_3_A_30_K_rep5.pdb
-86.335,-2.29,-1286.224,2.198,-713.6,0.662,477.525,3.611,relaxed_ortho_3_A_26_A_rep2.pdb
-80.822,3.223,-1285.193,3.228,-714.888,-0.626,476.041,2.128,relaxed_ortho_3_A_38_F_rep5.pdb
-81.243,2.801,-1285.013,3.409,-713.618,0.644,476.112,2.198,relaxed_ortho_3_B_15_Q_rep3.pdb
-82.33,1.714,-1280.541,7.881,-713.344,0.918,478.642,4.728,relaxed_ortho_3_B_58_G_rep4.pdb
-79.568,4.476,-1290.346,-1.925,-717.26,-2.998,469.563,-4.351,relaxed_ortho_3_A_35_Q_rep3.pdb
-82.701,1.343,-1284.563,3.859,-714.598,-0.336,476.952,3.038,relaxed_ortho_3_A_78_C_rep2.pdb
-81.243,2.801,-1272.049,16.372,-711.467,2.795,463.073,-10.841,relaxed_ortho_3_A_41_Q_rep5.pdb
-81.459,2.586,-1286.908,1.514,-713.115,1.147,472.227,-1.687,relaxed_ortho_3_A_73_N_rep2.pdb
-82.333,1.712,-1278.501,9.921,-712.917,1.345,487.183,13.269,relaxed_ortho_3_A_36_W_rep3.pdb
-82.855,1.19,-1288.179,0.243,-713.318,0.944,474.891,0.977,relaxed_ortho_3_A_83_V_rep4.pdb
-83.039,1.006,-1284.021,4.401,-713.583,0.679,479.846,5.933,relaxed_ortho_3_B_100_N_rep5.pdb
-76.849,7.196,-1273.54,14.882,-711.818,2.444,458.49,-15.424,relaxed_ortho_3_B_13_Y_rep3.pdb
-83.3,0.745,-1285.415,3.007,-713.378,0.884,476.48,2.566,relaxed_ortho_3_A_83_H_rep3.pdb
-74.311,9.734,-1279.759,8.663,-714.708,-0.447,476.326,2.412,relaxed_ortho_3_A_38_W_rep4.pdb
-82.396,1.648,-1169.063,119.359,-713.557,0.705,597.843,123.929,relaxed_ortho_3_B_98_P_rep5.pdb
-85.035,-0.991,-1248.537,39.885,-713.411,0.851,502.717,28.803,relaxed_ortho_3_A_72_F_rep2.pdb
-83.709,0.335,-1200.103,88.319,-714.291,-0.029,492.572,18.658,relaxed_ortho_3_B_11_K_rep1.pdb
-85.795,-1.75,-1245.995,42.426,-713.216,1.046,240.586,-233.328,relaxed_ortho_3_A_22_W_rep3.pdb
-82.527,1.517,-1287.728,0.694,-714.371,-0.109,475.243,1.329,relaxed_ortho_3_A_86_L_rep2.pdb
-84.142,-0.097,-1288.11,0.311,-714.369,-0.107,477.102,3.188,relaxed_ortho_3_B_56_K_rep5.pdb
-84.978,-0.934,-1286.313,2.109,-714.309,-0.047,480.853,6.939,relaxed_ortho_3_A_74_V_rep4.pdb
-83.23,0.815,-1284.863,3.558,-714.444,-0.182,479.163,5.25,relaxed_ortho_3_A_27_N_rep1.pdb
-76.545,7.5,-1281.336,7.085,-714.422,-0.16,475.407,1.493,relaxed_ortho_3_A_84_T_rep3.pdb
-85.527,-1.483,-1286.616,1.806,-714.369,-0.107,487.668,13.754,relaxed_ortho_3_B_56_C_rep3.pdb
-82.79,1.255,-1277.26,11.162,-714.644,-0.382,488.174,14.26,relaxed_ortho_3_A_23_G_rep1.pdb
-81.217,2.828,-1288.458,-0.036,-714.621,-0.36,471.43,-2.484,relaxed_ortho_3_A_33_D_rep3.pdb
-83.194,0.851,-1283.626,4.796,-714.028,0.234,480.831,6.917,relaxed_ortho_3_A_27_C_rep4.pdb
-83.254,0.79,-1287.926,0.496,-713.235,1.027,474.788,0.874,relaxed_ortho_3_B_101_K_rep5.pdb
-86.356,-2.312,-1276.391,12.03,-713.863,0.399,473.548,-0.366,relaxed_ortho_3_A_38_P_rep5.pdb
-83.046,0.999,-1283.716,4.706,-713.765,0.497,482.195,8.282,relaxed_ortho_3_A_85_T_rep5.pdb
-83.877,0.167,-1287.46,0.961,-713.429,0.833,475.542,1.629,relaxed_ortho_3_B_101_C_rep1.pdb
-85.67,-1.625,-1289.511,-1.089,-713.169,1.093,475.428,1.514,relaxed_ortho_3_B_54_L_rep2.pdb
-78.764,5.28,-1276.855,11.567,-710.953,3.309,482.992,9.078,relaxed_ortho_3_A_35_W_rep1.pdb
-82.997,1.047,-1288.597,-0.176,-713.347,0.915,475.607,1.693,relaxed_ortho_3_A_79_R_rep3.pdb
-83.122,0.923,-1283.42,5.002,-713.577,0.685,492.996,19.082,relaxed_ortho_3_A_22_M_rep4.pdb
-82.62,1.424,-1277.433,10.989,-713.633,0.629,487.407,13.494,relaxed_ortho_3_A_30_G_rep3.pdb
-87.273,-3.228,-1287.942,0.48,-713.736,0.526,478.07,4.156,relaxed_ortho_3_A_28_M_rep2.pdb
-84.059,-0.015,-1288.57,-0.148,-715.379,-1.117,476.031,2.117,relaxed_ortho_3_A_35_C_rep5.pdb
-84.314,-0.27,-1283.797,4.625,-714.29,-0.028,481.169,7.255,relaxed_ortho_3_A_87_N_rep3.pdb
-85.839,-1.795,-1289.7,-1.278,-713.162,1.1,475.262,1.348,relaxed_ortho_3_A_26_E_rep2.pdb
-83.449,0.595,-1282.455,5.967,-714.425,-0.163,475.367,1.454,relaxed_ortho_3_B_13_G_rep4.pdb
-84.443,-0.398,-1288.342,0.08,-715.358,-1.096,478.539,4.625,relaxed_ortho_3_A_35_C_rep2.pdb
-82.965,1.08,-1287.555,0.867,-713.328,0.934,474.052,0.138,relaxed_ortho_3_A_21_Y_rep3.pdb
-77.386,6.659,-1288.027,0.395,-716.287,-2.025,466.93,-6.984,relaxed_ortho_3_A_35_K_rep3.pdb
-82.656,1.389,-1287.733,0.689,-714.421,-0.159,475.761,1.848,relaxed_ortho_3_A_23_Y_rep2.pdb
-82.706,1.338,-1286.639,1.783,-713.19,1.072,475.878,1.964,relaxed_ortho_3_A_32_S_rep2.pdb
-75.103,8.941,-1280.987,7.435,-714.387,-0.125,468.612,-5.302,relaxed_ortho_3_A_38_D_rep1.pdb
-83.657,0.388,-1285.991,2.431,-713.864,0.398,475.651,1.738,relaxed_ortho_3_A_80_F_rep1.pdb
-87.062,-3.017,-1287.201,1.22,-713.623,0.639,477.621,3.707,relaxed_ortho_3_A_26_F_rep5.pdb
-82.249,1.796,-1280.224,8.198,-714.002,0.26,483.239,9.325,relaxed_ortho_3_A_82_C_rep3.pdb
-82.709,1.336,-1286.08,2.342,-714.643,-0.381,478.421,4.507,relaxed_ortho_3_A_78_W_rep5.pdb
-83.781,0.263,-1282.197,6.225,-714.134,0.128,477.601,3.688,relaxed_ortho_3_A_22_S_rep1.pdb
-82.946,1.098,-1285.046,3.375,-713.319,0.943,470.841,-3.073,relaxed_ortho_3_B_58_H_rep5.pdb
-82.437,1.607,-1280.808,7.614,-713.019,1.243,475.272,1.358,relaxed_ortho_3_B_58_K_rep1.pdb
-83.002,1.043,-1288.654,-0.232,-713.537,0.725,474.866,0.953,relaxed_ortho_3_A_79_R_rep5.pdb
-86.959,-2.914,-1284.539,3.883,-714.441,-0.179,483.481,9.567,relaxed_ortho_3_A_31_E_rep5.pdb
-83.931,0.114,-1281.553,6.869,-713.349,0.913,478.075,4.161,relaxed_ortho_3_A_37_V_rep2.pdb
-82.266,1.778,-1286.143,2.278,-712.959,1.303,483.031,9.117,relaxed_ortho_3_B_54_H_rep2.pdb
-83.85,0.195,-1288.057,0.365,-714.415,-0.153,473.699,-0.214,relaxed_ortho_3_A_34_N_rep3.pdb
-80.321,3.724,-1274.343,14.079,-710.501,3.761,476.311,2.397,relaxed_ortho_3_A_41_R_rep5.pdb
-84.825,-0.781,-1285.364,3.058,-714.367,-0.105,479.797,5.883,relaxed_ortho_3_A_74_L_rep2.pdb
-83.872,0.172,-1285.384,3.038,-714.146,0.116,479.112,5.198,relaxed_ortho_3_A_21_M_rep2.pdb
-82.596,1.448,-1286.745,1.677,-713.746,0.516,474.564,0.65,relaxed_ortho_3_B_100_T_rep2.pdb
-87.868,-3.823,-1283.874,4.548,-713.093,1.169,480.439,6.526,relaxed_ortho_3_A_37_G_rep2.pdb
-83.619,0.425,-1268.653,19.769,-714.097,0.165,478.798,4.884,relaxed_ortho_3_B_11_V_rep1.pdb
-83.158,0.887,-1286.102,2.319,-713.188,1.073,478.343,4.429,relaxed_ortho_3_A_27_A_rep3.pdb
-84.384,-0.339,-1275.792,12.63,-712.81,1.452,466.962,-6.952,relaxed_ortho_3_B_100_P_rep4.pdb
-83.045,1.0,-1286.117,2.304,-714.324,-0.062,474.984,1.07,relaxed_ortho_3_B_102_E_rep2.pdb
-82.672,1.372,-1268.911,19.511,-714.572,-0.311,478.624,4.71,relaxed_ortho_3_B_11_V_rep5.pdb
-83.627,0.418,-1283.457,4.965,-712.047,2.215,473.808,-0.105,relaxed_ortho_3_B_17_E_rep4.pdb
-82.871,1.173,-1287.587,0.834,-714.39,-0.128,474.483,0.569,relaxed_ortho_3_A_71_S_rep3.pdb
-81.819,2.226,-1283.169,5.252,-713.093,1.169,472.984,-0.93,relaxed_ortho_3_B_55_M_rep2.pdb
-83.042,1.002,-1285.988,2.434,-715.14,-0.878,476.229,2.315,relaxed_ortho_3_A_77_M_rep1.pdb
-82.208,1.836,-1286.213,2.209,-714.308,-0.046,472.972,-0.942,relaxed_ortho_3_B_13_R_rep5.pdb
-82.294,1.75,-1284.896,3.526,-713.958,0.304,478.116,4.203,relaxed_ortho_3_A_81_C_rep5.pdb
-81.633,2.411,-1283.684,4.738,-713.326,0.936,476.369,2.455,relaxed_ortho_3_B_58_R_rep2.pdb
-83.02,1.025,-1288.179,0.243,-713.237,1.025,476.145,2.232,relaxed_ortho_3_A_86_R_rep4.pdb
-84.452,-0.407,-1286.326,2.096,-714.269,-0.007,478.968,5.054,relaxed_ortho_3_A_76_H_rep3.pdb
-87.659,-3.614,-1281.01,7.412,-714.025,0.237,483.59,9.676,relaxed_ortho_3_A_37_N_rep2.pdb
-83.016,1.029,-1288.676,-0.254,-713.498,0.763,476.854,2.94,relaxed_ortho_3_A_86_P_rep5.pdb
-84.157,-0.113,-1290.332,-1.91,-711.253,3.009,470.606,-3.308,relaxed_ortho_3_B_12_Y_rep3.pdb
-82.576,1.468,-1268.869,19.552,-714.53,-0.268,479.291,5.377,relaxed_ortho_3_B_11_V_rep4.pdb
-78.341,5.703,-1281.676,6.745,-713.475,0.787,475.567,1.653,relaxed_ortho_3_A_40_D_rep3.pdb
-83.528,0.517,-1288.263,0.158,-714.432,-0.17,473.956,0.042,relaxed_ortho_3_A_35_S_rep4.pdb
-89.227,-5.182,-1291.329,-2.907,-714.172,0.09,473.344,-0.57,relaxed_ortho_3_A_34_Y_rep1.pdb
-83.575,0.47,-1262.296,26.125,-714.266,-0.004,496.338,22.424,relaxed_ortho_3_A_72_H_rep5.pdb
-84.025,0.019,-1290.514,-2.093,-714.384,-0.122,471.513,-2.401,relaxed_ortho_3_B_12_E_rep3.pdb
-83.879,0.165,-1287.925,0.497,-714.391,-0.129,474.636,0.722,relaxed_ortho_3_A_22_V_rep1.pdb
-81.299,2.746,-1288.028,0.394,-713.927,0.335,473.835,-0.079,relaxed_ortho_3_A_33_A_rep1.pdb
-80.478,3.566,-1284.781,3.641,-713.495,0.767,476.83,2.916,relaxed_ortho_3_A_36_K_rep5.pdb
-87.134,-3.089,-1286.464,1.958,-714.21,0.052,478.548,4.635,relaxed_ortho_3_A_76_S_rep1.pdb
-85.118,-1.074,-1176.391,112.031,-711.62,2.642,579.351,105.437,relaxed_ortho_3_B_11_R_rep1.pdb
-84.306,-0.262,-1286.853,1.569,-713.281,0.981,475.311,1.397,relaxed_ortho_3_B_102_E_rep1.pdb
-86.229,-2.185,-1266.757,21.664,-714.168,0.094,499.091,25.177,relaxed_ortho_3_A_39_K_rep3.pdb
-83.334,0.71,-1285.588,2.834,-714.899,-0.637,472.572,-1.342,relaxed_ortho_3_B_13_A_rep3.pdb
-83.404,0.641,-1283.767,4.655,-714.387,-0.126,480.363,6.449,relaxed_ortho_3_A_76_N_rep2.pdb
-82.831,1.213,-1286.565,1.857,-714.531,-0.269,474.538,0.624,relaxed_ortho_3_A_81_E_rep4.pdb
-79.432,4.613,-1282.371,6.051,-714.02,0.242,480.749,6.836,relaxed_ortho_3_B_58_Q_rep5.pdb
-82.76,1.284,-1284.971,3.451,-713.127,1.135,480.161,6.247,relaxed_ortho_3_A_21_N_rep5.pdb
-83.377,0.667,-1282.693,5.729,-712.983,1.279,479.328,5.415,relaxed_ortho_3_A_80_W_rep5.pdb
-84.393,-0.348,-1282.262,6.16,-713.991,0.271,476.833,2.919,relaxed_ortho_3_A_25_L_rep1.pdb
-86.397,-2.353,-1277.861,10.561,-714.312,-0.05,489.237,15.323,relaxed_ortho_3_A_31_V_rep3.pdb
-83.124,0.921,-1279.336,9.086,-713.371,0.891,484.792,10.878,relaxed_ortho_3_A_25_S_rep2.pdb
-83.581,0.463,-1278.319,10.103,-713.381,0.881,497.373,23.459,relaxed_ortho_3_B_14_C_rep1.pdb
-74.63,9.414,-1280.44,7.981,-713.014,1.248,477.604,3.69,relaxed_ortho_3_A_40_K_rep2.pdb
-85.203,-1.158,-1287.873,0.548,-713.238,1.024,488.003,14.089,relaxed_ortho_3_B_56_F_rep3.pdb
-83.116,0.929,-1287.686,0.736,-713.672,0.589,475.688,1.774,relaxed_ortho_3_A_86_I_rep3.pdb
-83.137,0.908,-1286.241,2.181,-713.225,1.037,482.666,8.752,relaxed_ortho_3_B_17_H_rep1.pdb
-86.355,-2.311,-1286.056,2.366,-713.535,0.727,477.987,4.073,relaxed_ortho_3_A_26_H_rep4.pdb
-79.659,4.386,-1281.204,7.218,-713.077,1.185,474.4,0.486,relaxed_ortho_3_A_77_H_rep3.pdb
-85.749,-1.705,-1271.76,16.662,-713.702,0.56,494.828,20.914,relaxed_ortho_3_A_39_H_rep4.pdb
-83.109,0.935,-1288.336,0.085,-713.675,0.587,476.355,2.441,relaxed_ortho_3_A_86_L_rep1.pdb
-83.169,0.876,-1266.051,22.371,-714.296,-0.034,473.967,0.053,relaxed_ortho_3_A_72_L_rep1.pdb
-84.83,-0.786,-1254.611,33.811,-712.026,2.236,514.147,40.233,relaxed_ortho_3_A_41_M_rep1.pdb
-83.939,0.105,-1286.383,2.039,-714.653,-0.391,475.641,1.727,relaxed_ortho_3_A_77_M_rep3.pdb
-83.415,0.629,-1263.873,24.549,-713.442,0.82,504.512,30.598,relaxed_ortho_3_A_41_I_rep1.pdb
-86.507,-2.462,-1287.045,1.377,-712.074,2.188,474.207,0.293,relaxed_ortho_3_A_36_I_rep3.pdb
-90.21,-6.165,-1296.03,-7.608,-715.328,-1.066,470.945,-2.969,relaxed_ortho_3_A_34_L_rep5.pdb
-85.385,-1.341,-1244.24,44.182,-713.801,0.461,327.166,-146.748,relaxed_ortho_3_A_22_Y_rep5.pdb
-86.281,-2.236,-1286.099,2.323,-713.674,0.588,479.368,5.454,relaxed_ortho_3_B_54_I_rep1.pdb
-83.062,0.982,-1288.582,-0.16,-713.52,0.742,475.635,1.722,relaxed_ortho_3_A_28_R_rep3.pdb
-82.972,1.073,-1279.743,8.679,-713.305,0.957,479.79,5.876,relaxed_ortho_3_A_22_G_rep3.pdb
-84.447,-0.402,-1280.456,7.965,-713.764,0.498,482.243,8.329,relaxed_ortho_3_A_37_Q_rep5.pdb
-82.977,1.068,-1287.659,0.763,-713.531,0.731,475.899,1.985,relaxed_ortho_3_A_82_V_rep4.pdb
-83.023,1.021,-1284.643,3.779,-713.462,0.8,481.777,7.863,relaxed_ortho_3_A_71_V_rep1.pdb
-85.452,-1.407,-1288.239,0.183,-714.266,-0.004,473.059,-0.854,relaxed_ortho_3_A_36_S_rep1.pdb
-83.749,0.295,-1284.951,3.471,-714.043,0.219,477.714,3.8,relaxed_ortho_3_A_71_N_rep5.pdb
-78.933,5.111,-1284.803,3.618,-715.307,-1.045,476.07,2.157,relaxed_ortho_3_A_38_S_rep2.pdb
-82.957,1.087,-1285.013,3.409,-713.259,1.003,480.009,6.095,relaxed_ortho_3_A_21_K_rep2.pdb
-81.853,2.192,-1285.654,2.768,-713.802,0.46,472.838,-1.075,relaxed_ortho_3_A_79_C_rep2.pdb
-83.291,0.754,-1271.928,16.494,-713.327,0.935,474.692,0.778,relaxed_ortho_3_A_22_E_rep2.pdb
-86.547,-2.503,-1248.383,40.038,-713.138,1.124,497.507,23.593,relaxed_ortho_3_A_72_W_rep1.pdb
-82.888,1.156,-1284.316,4.105,-713.382,0.88,478.855,4.941,relaxed_ortho_3_A_85_E_rep2.pdb
-80.538,3.506,-1262.468,25.953,-711.897,2.365,494.548,20.634,relaxed_ortho_3_B_58_P_rep3.pdb
-84.001,0.044,-1290.503,-2.081,-714.352,-0.091,470.057,-3.857,relaxed_ortho_3_B_12_H_rep3.pdb
-80.372,3.673,-1281.609,6.813,-710.743,3.519,476.605,2.691,relaxed_ortho_3_B_15_K_rep5.pdb
-83.303,0.741,-1289.045,-0.623,-713.171,1.091,474.262,0.348,relaxed_ortho_3_B_101_I_rep3.pdb
-85.011,-0.966,-1281.176,7.246,-714.416,-0.154,480.562,6.648,relaxed_ortho_3_A_76_G_rep5.pdb
-86.347,-2.302,-1287.828,0.594,-711.788,2.474,486.156,12.242,relaxed_ortho_3_B_56_Y_rep3.pdb
-82.834,1.21,-1283.692,4.729,-713.253,1.009,480.427,6.513,relaxed_ortho_3_B_59_V_rep5.pdb
-82.159,1.886,-1287.379,1.043,-714.712,-0.45,472.364,-1.549,relaxed_ortho_3_A_79_H_rep2.pdb
-84.052,-0.007,-1287.622,0.8,-714.377,-0.115,476.491,2.577,relaxed_ortho_3_A_29_E_rep1.pdb
-83.935,0.11,-1287.827,0.595,-714.353,-0.091,474.521,0.607,relaxed_ortho_3_B_12_W_rep3.pdb
-81.644,2.4,-1285.858,2.563,-714.265,-0.003,475.045,1.131,relaxed_ortho_3_A_78_E_rep5.pdb
-83.23,0.814,-1247.035,41.387,-714.031,0.231,504.733,30.82,relaxed_ortho_3_A_72_Y_rep4.pdb
-81.032,3.012,-1286.462,1.96,-713.367,0.895,470.036,-3.877,relaxed_ortho_3_A_77_V_rep4.pdb
-82.714,1.33,-1286.611,1.81,-713.289,0.973,475.729,1.815,relaxed_ortho_3_B_100_T_rep1.pdb
-83.984,0.061,-1286.687,1.735,-714.336,-0.074,476.691,2.777,relaxed_ortho_3_A_29_D_rep5.pdb
-83.549,0.495,-1288.084,0.338,-713.346,0.916,481.875,7.961,relaxed_ortho_3_B_17_C_rep4.pdb
-82.091,1.953,-1285.604,2.818,-714.126,0.136,470.773,-3.141,relaxed_ortho_3_B_13_A_rep5.pdb
-84.018,0.027,-1287.992,0.43,-714.118,0.144,475.391,1.477,relaxed_ortho_3_A_80_K_rep5.pdb
-83.835,0.21,-1286.402,2.02,-714.61,-0.348,475.254,1.341,relaxed_ortho_3_A_77_M_rep5.pdb
-82.624,1.42,-1286.24,2.182,-713.172,1.089,476.177,2.263,relaxed_ortho_3_A_27_E_rep2.pdb
-77.889,6.156,-1283.568,4.854,-712.4,1.862,472.929,-0.985,relaxed_ortho_3_A_40_Q_rep3.pdb
-85.222,-1.177,-1289.72,-1.298,-713.341,0.921,476.366,2.452,relaxed_ortho_3_A_26_L_rep4.pdb
-84.182,-0.138,-1286.237,2.185,-714.104,0.158,473.686,-0.228,relaxed_ortho_3_B_57_I_rep1.pdb
-81.588,2.456,-1284.097,4.325,-714.559,-0.297,477.157,3.243,relaxed_ortho_3_A_76_D_rep1.pdb
-82.509,1.536,-1281.144,7.278,-714.241,0.021,481.86,7.946,relaxed_ortho_3_A_39_S_rep3.pdb
-82.812,1.232,-1283.71,4.712,-713.335,0.927,479.856,5.942,relaxed_ortho_3_B_59_V_rep1.pdb
-81.668,2.376,-1283.721,4.701,-713.328,0.934,474.286,0.372,relaxed_ortho_3_B_58_R_rep4.pdb
-83.044,1.001,-1286.003,2.419,-711.753,2.509,471.913,-2.001,relaxed_ortho_3_B_55_V_rep4.pdb
-81.67,2.375,-1288.235,0.187,-714.014,0.248,471.045,-2.869,relaxed_ortho_3_A_79_S_rep3.pdb
-81.235,2.81,-1288.398,0.023,-714.014,0.248,471.403,-2.511,relaxed_ortho_3_A_79_E_rep1.pdb
-76.707,7.337,-1283.704,4.717,-712.93,1.332,474.935,1.021,relaxed_ortho_3_A_35_M_rep5.pdb
-80.923,3.122,-1286.573,1.849,-713.313,0.949,480.49,6.576,relaxed_ortho_3_A_40_I_rep4.pdb
-84.686,-0.642,-1288.29,0.132,-713.346,0.916,476.564,2.65,relaxed_ortho_3_A_76_I_rep1.pdb
-78.928,5.116,-1236.322,52.1,-714.128,0.134,519.515,45.601,relaxed_ortho_3_A_85_P_rep2.pdb
-82.899,1.146,-1291.317,-2.895,-713.264,0.998,473.321,-0.593,relaxed_ortho_3_B_98_R_rep5.pdb
-84.028,0.017,-1285.596,2.826,-714.218,0.044,475.824,1.91,relaxed_ortho_3_A_29_F_rep5.pdb
-83.589,0.456,-1278.221,10.2,-713.387,0.875,497.114,23.2,relaxed_ortho_3_B_14_C_rep4.pdb
-82.978,1.067,-1280.052,8.37,-713.055,1.207,478.155,4.241,relaxed_ortho_3_A_41_V_rep1.pdb
-82.655,1.389,-1286.588,1.834,-713.2,1.062,476.786,2.872,relaxed_ortho_3_A_32_S_rep3.pdb
-82.403,1.642,-1287.217,1.205,-713.528,0.734,474.726,0.812,relaxed_ortho_3_B_57_E_rep4.pdb
-92.193,-8.149,-1280.491,7.931,-714.311,-0.049,490.088,16.174,relaxed_ortho_3_A_31_M_rep5.pdb
-84.805,-0.76,-1257.73,30.692,-712.944,1.318,507.47,33.556,relaxed_ortho_3_A_29_P_rep5.pdb
-77.589,6.455,-1277.598,10.823,-713.601,0.661,479.854,5.94,relaxed_ortho_3_A_40_G_rep5.pdb
-81.203,2.842,-1240.757,47.664,-711.386,2.875,280.371,-193.543,relaxed_ortho_3_B_14_Y_rep4.pdb
-84.08,-0.036,-1285.592,2.83,-714.341,-0.079,475.712,1.798,relaxed_ortho_3_A_29_F_rep2.pdb
-83.147,0.897,-1281.285,7.137,-713.577,0.685,485.624,11.71,relaxed_ortho_3_A_25_C_rep5.pdb
-84.107,-0.062,-1272.22,16.202,-713.909,0.353,490.274,16.36,relaxed_ortho_3_A_39_E_rep2.pdb
-82.327,1.717,-1285.519,2.902,-713.372,0.89,478.719,4.805,relaxed_ortho_3_B_102_R_rep5.pdb
-89.789,-5.744,-1284.445,3.977,-713.32,0.942,481.52,7.606,relaxed_ortho_3_A_36_P_rep5.pdb
-82.344,1.7,-1281.546,6.876,-714.136,0.126,480.322,6.408,relaxed_ortho_3_A_25_T_rep3.pdb
-84.881,-0.837,-1284.147,4.275,-714.418,-0.156,479.791,5.878,relaxed_ortho_3_A_74_C_rep2.pdb
-81.785,2.259,-1289.278,-0.856,-713.745,0.517,471.413,-2.501,relaxed_ortho_3_A_81_V_rep3.pdb
-82.9,1.145,-1284.248,4.174,-713.5,0.762,482.391,8.477,relaxed_ortho_3_B_59_N_rep1.pdb
-87.267,-3.223,-1280.686,7.735,-713.615,0.647,484.262,10.348,relaxed_ortho_3_A_37_C_rep1.pdb
-80.225,3.82,-1291.036,-2.614,-717.656,-3.394,467.037,-6.877,relaxed_ortho_3_A_35_R_rep1.pdb
-81.591,2.453,-1285.78,2.642,-713.262,1.0,474.051,0.137,relaxed_ortho_3_B_57_Y_rep2.pdb
-87.253,-3.209,-1280.966,7.456,-713.379,0.883,481.091,7.177,relaxed_ortho_3_A_37_E_rep3.pdb
-83.393,0.652,-1282.308,6.114,-714.412,-0.15,475.3,1.386,relaxed_ortho_3_B_13_G_rep3.pdb
-82.447,1.598,-1288.299,0.123,-712.938,1.324,471.426,-2.487,relaxed_ortho_3_A_33_L_rep3.pdb
-82.776,1.269,-1283.988,4.433,-710.83,3.432,475.959,2.045,relaxed_ortho_3_B_15_F_rep4.pdb
-82.686,1.359,-1286.073,2.349,-713.181,1.081,476.571,2.657,relaxed_ortho_3_A_32_E_rep2.pdb
-73.462,10.582,-1277.119,11.303,-712.915,1.347,462.939,-10.975,relaxed_ortho_3_B_55_E_rep2.pdb
-83.078,0.966,-1288.334,0.088,-713.545,0.717,475.236,1.322,relaxed_ortho_3_A_86_R_rep3.pdb
-82.779,1.265,-1288.142,0.28,-713.274,0.988,469.196,-4.718,relaxed_ortho_3_B_55_S_rep4.pdb
-80.783,3.262,-1285.324,3.098,-712.92,1.342,470.74,-3.174,relaxed_ortho_3_B_55_Y_rep4.pdb
-81.049,2.995,-1281.032,7.39,-714.706,-0.444,479.559,5.646,relaxed_ortho_3_A_77_A_rep2.pdb
-83.445,0.6,-1282.761,5.661,-713.333,0.929,481.695,7.781,relaxed_ortho_3_A_87_M_rep4.pdb
-82.925,1.119,-1285.156,3.266,-713.443,0.819,470.635,-3.279,relaxed_ortho_3_B_58_H_rep4.pdb
-83.025,1.019,-1285.861,2.561,-713.312,0.95,476.65,2.737,relaxed_ortho_3_A_86_C_rep3.pdb
-82.475,1.57,-1288.296,0.125,-713.221,1.041,471.929,-1.984,relaxed_ortho_3_B_98_N_rep2.pdb
-82.816,1.228,-1281.299,7.123,-714.07,0.192,482.417,8.503,relaxed_ortho_3_A_72_A_rep3.pdb
-84.711,-0.666,-1288.316,0.106,-713.37,0.892,475.134,1.22,relaxed_ortho_3_A_76_I_rep3.pdb
-84.227,-0.183,-1265.043,23.379,-714.218,0.044,495.137,21.223,relaxed_ortho_3_B_11_T_rep2.pdb
-85.282,-1.238,-1287.667,0.755,-713.967,0.295,475.459,1.545,relaxed_ortho_3_A_76_I_rep2.pdb
-83.943,0.101,-1281.56,6.861,-712.846,1.416,478.369,4.455,relaxed_ortho_3_B_58_K_rep2.pdb
-84.352,-0.308,-1274.233,14.189,-714.091,0.171,483.297,9.383,relaxed_ortho_3_A_25_H_rep5.pdb
-86.741,-2.696,-1267.634,20.787,-713.332,0.93,470.249,-3.665,relaxed_ortho_3_A_87_L_rep5.pdb
-88.352,-4.307,-1289.777,-1.355,-713.238,1.024,474.91,0.996,relaxed_ortho_3_A_28_N_rep3.pdb
-85.433,-1.388,-1286.717,1.704,-714.45,-0.189,476.613,2.699,relaxed_ortho_3_B_101_W_rep5.pdb
-81.144,2.901,-1282.525,5.897,-713.61,0.652,477.831,3.917,relaxed_ortho_3_A_81_W_rep4.pdb
-82.789,1.256,-1283.89,4.532,-714.454,-0.192,478.272,4.358,relaxed_ortho_3_A_27_T_rep3.pdb
-83.143,0.902,-1289.057,-0.635,-713.426,0.836,476.451,2.537,relaxed_ortho_3_A_87_A_rep5.pdb
-84.134,-0.089,-1289.428,-1.007,-713.897,0.365,472.0,-1.914,relaxed_ortho_3_A_34_T_rep5.pdb
-83.004,1.041,-1286.884,1.537,-713.213,1.049,476.561,2.647,relaxed_ortho_3_A_21_T_rep2.pdb
-79.697,4.347,-1282.402,6.02,-714.216,0.046,474.243,0.33,relaxed_ortho_3_B_55_K_rep4.pdb
-83.037,1.008,-1288.568,-0.146,-713.315,0.947,475.403,1.489,relaxed_ortho_3_A_29_L_rep1.pdb
-83.792,0.253,-1254.702,33.72,-714.191,0.071,506.178,32.264,relaxed_ortho_3_B_12_P_rep4.pdb
-80.789,3.255,-1285.289,3.133,-712.197,2.065,475.113,1.199,relaxed_ortho_3_B_15_A_rep4.pdb
-83.809,0.235,-1284.347,4.075,-714.752,-0.49,479.496,5.582,relaxed_ortho_3_A_80_M_rep3.pdb
-85.414,-1.37,-1283.569,4.852,-713.041,1.221,478.942,5.028,relaxed_ortho_3_B_98_F_rep5.pdb
-82.163,1.882,-1281.684,6.738,-712.955,1.307,469.274,-4.639,relaxed_ortho_3_A_76_D_rep2.pdb
-81.238,2.807,-1285.621,2.801,-713.605,0.657,477.377,3.463,relaxed_ortho_3_A_27_Q_rep2.pdb
-83.474,0.571,-1285.544,2.878,-713.344,0.918,478.346,4.432,relaxed_ortho_3_B_102_R_rep2.pdb
-83.039,1.006,-1288.594,-0.172,-713.39,0.872,475.641,1.727,relaxed_ortho_3_A_81_K_rep2.pdb
-82.951,1.094,-1268.39,20.031,-713.41,0.852,479.09,5.176,relaxed_ortho_3_B_11_H_rep3.pdb
-83.935,0.11,-1288.093,0.328,-714.395,-0.133,475.01,1.096,relaxed_ortho_3_A_73_R_rep4.pdb
-83.046,0.998,-1288.756,-0.334,-713.561,0.701,475.039,1.125,relaxed_ortho_3_B_57_N_rep2.pdb
-83.031,1.014,-1288.562,-0.14,-713.294,0.968,473.908,-0.006,relaxed_ortho_3_A_72_V_rep1.pdb
-84.177,-0.132,-1267.267,21.155,-713.937,0.325,491.285,17.371,relaxed_ortho_3_A_87_I_rep1.pdb
-84.359,-0.314,-1284.64,3.781,-714.28,-0.018,480.309,6.396,relaxed_ortho_3_A_87_C_rep5.pdb
-82.89,1.155,-1283.82,4.602,-710.452,3.81,476.143,2.23,relaxed_ortho_3_B_15_F_rep3.pdb
-87.47,-3.426,-1277.453,10.969,-714.275,-0.013,489.166,15.252,relaxed_ortho_3_A_31_W_rep1.pdb
-83.881,0.163,-1284.11,4.312,-714.153,0.109,478.428,4.514,relaxed_ortho_3_A_23_C_rep4.pdb
-87.256,-3.211,-1284.397,4.025,-714.353,-0.091,483.297,9.383,relaxed_ortho_3_A_31_N_rep1.pdb
-82.981,1.064,-1285.094,3.328,-714.593,-0.331,475.786,1.872,relaxed_ortho_3_A_81_A_rep1.pdb
-82.77,1.275,-1285.459,2.963,-714.625,-0.363,475.451,1.538,relaxed_ortho_3_A_79_M_rep2.pdb
-83.007,1.037,-1286.166,2.256,-713.335,0.927,478.46,4.546,relaxed_ortho_3_A_83_Q_rep5.pdb
-86.897,-2.853,-1280.435,7.987,-713.566,0.696,484.705,10.791,relaxed_ortho_3_A_37_C_rep4.pdb
-82.803,1.242,-1285.123,3.299,-711.997,2.265,475.771,1.857,relaxed_ortho_3_A_36_R_rep2.pdb
-82.341,1.704,-1285.242,3.18,-714.09,0.172,476.932,3.018,relaxed_ortho_3_A_26_D_rep1.pdb
-83.264,0.781,-1262.342,26.08,-713.07,1.192,421.311,-52.602,relaxed_ortho_3_B_14_L_rep2.pdb
-82.774,1.27,-1286.757,1.664,-712.598,1.664,485.035,11.121,relaxed_ortho_3_B_54_Y_rep3.pdb
-84.225,-0.181,-1281.551,6.871,-714.359,-0.098,480.642,6.728,relaxed_ortho_3_A_87_T_rep2.pdb
-87.279,-3.234,-1276.312,12.11,-714.373,-0.111,491.459,17.545,relaxed_ortho_3_A_30_K_rep1.pdb
-81.07,2.975,-1286.544,1.877,-714.843,-0.581,473.116,-0.798,relaxed_ortho_3_A_80_N_rep4.pdb
-84.037,0.007,-1285.367,3.055,-714.355,-0.093,478.324,4.41,relaxed_ortho_3_A_29_S_rep3.pdb
-77.174,6.871,-1273.478,14.944,-709.829,4.433,454.768,-19.145,relaxed_ortho_3_B_13_W_rep2.pdb
-83.579,0.465,-1286.019,2.403,-712.534,1.728,473.846,-0.068,relaxed_ortho_3_A_36_D_rep2.pdb
-82.847,1.198,-1283.474,4.948,-713.212,1.05,479.811,5.897,relaxed_ortho_3_A_39_C_rep2.pdb
-82.493,1.551,-1287.913,0.509,-714.153,0.109,475.334,1.421,relaxed_ortho_3_B_54_N_rep2.pdb
-81.347,2.698,-1281.822,6.599,-713.158,1.104,479.962,6.048,relaxed_ortho_3_A_73_G_rep5.pdb
-84.144,-0.099,-1282.169,6.253,-714.311,-0.049,476.071,2.157,relaxed_ortho_3_A_25_L_rep4.pdb
-80.648,3.396,-1253.707,34.714,-712.415,1.847,504.558,30.644,relaxed_ortho_3_B_15_P_rep5.pdb
-83.041,1.004,-1284.279,4.143,-714.546,-0.284,476.026,2.112,relaxed_ortho_3_A_81_C_rep1.pdb
-81.703,2.342,-1284.054,4.368,-714.36,-0.098,478.979,5.065,relaxed_ortho_3_A_38_C_rep4.pdb
-83.8,0.245,-1284.152,4.27,-714.395,-0.133,478.069,4.155,relaxed_ortho_3_B_59_L_rep1.pdb
-84.676,-0.631,-1261.88,26.542,-712.059,2.203,503.676,29.762,relaxed_ortho_3_B_14_E_rep3.pdb
-83.036,1.009,-1286.531,1.891,-714.752,-0.49,476.063,2.15,relaxed_ortho_3_A_78_R_rep1.pdb
-82.466,1.579,-1288.415,0.007,-713.154,1.108,473.06,-0.853,relaxed_ortho_3_A_33_L_rep5.pdb
-82.571,1.474,-1285.238,3.184,-714.329,-0.067,477.715,3.802,relaxed_ortho_3_A_28_V_rep5.pdb
-84.008,0.037,-1284.984,3.438,-714.391,-0.129,480.903,6.989,relaxed_ortho_3_B_58_I_rep3.pdb
-83.051,0.993,-1287.398,1.024,-713.264,0.998,477.821,3.907,relaxed_ortho_3_A_86_V_rep1.pdb
-82.624,1.421,-1279.175,9.246,-712.561,1.701,483.334,9.42,relaxed_ortho_3_A_75_F_rep1.pdb
-82.271,1.774,-1284.368,4.054,-714.018,0.244,473.413,-0.501,relaxed_ortho_3_B_55_C_rep4.pdb
-84.928,-0.884,-1285.032,3.39,-714.428,-0.166,479.875,5.961,relaxed_ortho_3_A_74_T_rep5.pdb
-87.503,-3.458,-1288.07,0.351,-713.61,0.652,477.545,3.631,relaxed_ortho_3_A_28_M_rep1.pdb
-83.747,0.297,-1284.364,4.058,-714.39,-0.128,479.895,5.981,relaxed_ortho_3_B_59_D_rep2.pdb
-83.788,0.256,-1269.737,18.685,-711.286,2.976,268.915,-204.999,relaxed_ortho_3_B_14_P_rep5.pdb
-79.011,5.033,-1281.83,6.592,-714.121,0.141,475.915,2.001,relaxed_ortho_3_A_77_D_rep1.pdb
-84.812,-0.767,-1287.572,0.85,-713.447,0.815,489.74,15.826,relaxed_ortho_3_B_56_M_rep2.pdb
-82.839,1.205,-1285.114,3.308,-712.038,2.224,475.527,1.613,relaxed_ortho_3_A_36_R_rep5.pdb
-82.622,1.422,-1291.707,-3.285,-713.455,0.807,471.588,-2.326,relaxed_ortho_3_B_101_P_rep4.pdb
-85.339,-1.295,-1291.055,-2.633,-713.42,0.842,473.493,-0.421,relaxed_ortho_3_A_28_K_rep3.pdb
-83.933,0.112,-1290.375,-1.953,-714.062,0.2,471.006,-2.908,relaxed_ortho_3_B_12_H_rep1.pdb
-79.989,4.055,-1278.468,9.954,-713.501,0.761,482.733,8.819,relaxed_ortho_3_A_75_Q_rep3.pdb
-83.072,0.972,-1288.18,0.242,-713.413,0.849,474.935,1.021,relaxed_ortho_3_A_86_K_rep3.pdb
-83.991,0.054,-1209.886,78.536,-714.304,-0.042,568.504,94.591,relaxed_ortho_3_A_21_P_rep1.pdb
-83.492,0.553,-1265.909,22.513,-714.029,0.233,476.804,2.89,relaxed_ortho_3_A_72_L_rep3.pdb
-86.965,-2.92,-1284.535,3.887,-714.337,-0.075,482.975,9.061,relaxed_ortho_3_A_31_E_rep4.pdb
-83.41,0.635,-1284.831,3.591,-713.112,1.15,480.652,6.738,relaxed_ortho_3_A_32_H_rep2.pdb
-87.778,-3.733,-1280.839,7.582,-714.043,0.219,485.405,11.491,relaxed_ortho_3_A_30_H_rep5.pdb
-82.977,1.068,-1280.209,8.213,-713.623,0.639,482.47,8.556,relaxed_ortho_3_A_85_W_rep5.pdb
-83.206,0.838,-1280.012,8.409,-713.346,0.916,479.146,5.232,relaxed_ortho_3_A_41_V_rep2.pdb
-81.923,2.121,-1287.351,1.071,-713.439,0.823,475.294,1.38,relaxed_ortho_3_B_101_N_rep2.pdb
-82.149,1.895,-1286.366,2.056,-713.787,0.475,476.876,2.963,relaxed_ortho_3_B_101_G_rep3.pdb
-81.333,2.711,-1286.834,1.588,-713.276,0.986,479.985,6.071,relaxed_ortho_3_A_40_I_rep2.pdb
-79.563,4.481,-1218.132,70.29,-713.478,0.783,147.406,-326.508,relaxed_ortho_3_B_14_W_rep2.pdb
-83.796,0.249,-1287.543,0.879,-714.035,0.227,473.245,-0.669,relaxed_ortho_3_A_21_F_rep5.pdb
-83.199,0.846,-1291.135,-2.714,-713.272,0.99,472.471,-1.443,relaxed_ortho_3_A_73_L_rep3.pdb
-60.984,23.061,-1000.114,288.308,-637.859,76.403,312.961,-160.953,relaxed_ortho_3_A_30_P_rep4.pdb
-84.015,0.029,-1287.576,0.846,-714.208,0.053,474.535,0.621,relaxed_ortho_3_A_29_E_rep5.pdb
-83.78,0.265,-1289.502,-1.08,-713.461,0.801,474.626,0.712,relaxed_ortho_3_B_101_L_rep5.pdb
-84.422,-0.378,-1284.098,4.324,-714.757,-0.495,480.029,6.115,relaxed_ortho_3_A_32_V_rep2.pdb
-80.811,3.234,-1280.116,8.306,-714.289,-0.027,480.962,7.048,relaxed_ortho_3_A_84_W_rep3.pdb
-83.192,0.853,-1286.939,1.483,-713.39,0.872,477.305,3.391,relaxed_ortho_3_A_85_R_rep3.pdb
-83.048,0.996,-1287.425,0.997,-714.424,-0.162,473.676,-0.238,relaxed_ortho_3_B_101_A_rep5.pdb
-83.043,1.001,-1288.784,-0.363,-713.581,0.681,476.861,2.947,relaxed_ortho_3_A_73_R_rep3.pdb
-87.506,-3.462,-1251.187,37.235,-709.877,4.385,421.649,-52.265,relaxed_ortho_3_A_25_W_rep1.pdb
-85.792,-1.748,-1278.832,9.59,-713.789,0.473,485.879,11.965,relaxed_ortho_3_A_26_I_rep1.pdb
-82.928,1.116,-1283.002,5.419,-713.372,0.89,481.293,7.379,relaxed_ortho_3_A_85_H_rep4.pdb
-83.086,0.959,-1286.088,2.334,-713.206,1.056,478.146,4.233,relaxed_ortho_3_A_83_T_rep1.pdb
-80.529,3.516,-1281.239,7.182,-713.633,0.629,477.791,3.878,relaxed_ortho_3_A_84_M_rep5.pdb
-83.921,0.123,-1282.93,5.492,-714.394,-0.132,481.485,7.571,relaxed_ortho_3_A_23_M_rep2.pdb
-83.801,0.243,-1288.461,-0.039,-713.054,1.208,485.527,11.613,relaxed_ortho_3_B_56_H_rep5.pdb
-81.691,2.354,-1287.163,1.259,-713.848,0.414,473.817,-0.097,relaxed_ortho_3_A_79_A_rep2.pdb
-80.042,4.002,-1290.499,-2.077,-718.242,-3.98,469.025,-4.889,relaxed_ortho_3_A_35_R_rep4.pdb
-82.67,1.374,-1287.114,1.308,-713.385,0.877,479.117,5.203,relaxed_ortho_3_B_100_A_rep3.pdb
-78.091,5.954,-1278.883,9.539,-714.32,-0.058,476.278,2.364,relaxed_ortho_3_A_84_A_rep1.pdb
-83.469,0.575,-1286.534,1.888,-713.205,1.057,476.957,3.043,relaxed_ortho_3_A_82_I_rep3.pdb
-83.869,0.176,-1283.901,4.521,-714.04,0.221,477.876,3.962,relaxed_ortho_3_A_23_C_rep1.pdb
-75.959,8.085,-1277.236,11.186,-714.31,-0.048,482.569,8.655,relaxed_ortho_3_A_77_K_rep3.pdb
-82.969,1.075,-1287.686,0.736,-713.696,0.566,489.091,15.177,relaxed_ortho_3_B_56_E_rep3.pdb
-83.859,0.186,-1290.467,-2.045,-714.411,-0.149,472.934,-0.98,relaxed_ortho_3_B_12_K_rep4.pdb
-83.085,0.959,-1288.186,0.236,-713.377,0.885,475.298,1.384,relaxed_ortho_3_A_86_K_rep4.pdb
-82.529,1.516,-1287.301,1.12,-713.203,1.059,473.106,-0.808,relaxed_ortho_3_A_38_M_rep1.pdb
-82.312,1.732,-1287.968,0.453,-713.806,0.456,475.564,1.65,relaxed_ortho_3_B_101_A_rep2.pdb
-82.623,1.422,-1287.889,0.533,-714.252,0.01,476.492,2.578,relaxed_ortho_3_A_80_K_rep1.pdb
-85.365,-1.32,-1278.383,10.039,-714.18,0.082,482.874,8.96,relaxed_ortho_3_A_29_V_rep1.pdb
-80.275,3.77,-1287.849,0.573,-713.358,0.904,472.624,-1.29,relaxed_ortho_3_A_33_N_rep4.pdb
-82.98,1.065,-1284.215,4.207,-713.79,0.472,481.81,7.896,relaxed_ortho_3_B_59_N_rep2.pdb
-78.099,5.945,-1282.722,5.699,-712.546,1.716,476.48,2.567,relaxed_ortho_3_A_40_R_rep1.pdb
-85.838,-1.793,-1286.944,1.478,-714.09,0.172,476.218,2.304,relaxed_ortho_3_B_57_R_rep3.pdb
-81.65,2.394,-1283.067,5.355,-712.786,1.476,480.641,6.727,relaxed_ortho_3_A_32_F_rep3.pdb
-83.546,0.498,-1285.743,2.679,-714.259,0.003,476.283,2.369,relaxed_ortho_3_A_78_I_rep2.pdb
-82.813,1.231,-1287.734,0.687,-714.317,-0.055,475.282,1.369,relaxed_ortho_3_A_23_Y_rep3.pdb
-87.979,-3.935,-1276.442,11.979,-713.428,0.833,481.791,7.877,relaxed_ortho_3_A_75_W_rep1.pdb
-85.177,-1.133,-1286.689,1.733,-712.988,1.274,478.397,4.483,relaxed_ortho_3_B_54_I_rep5.pdb
-82.973,1.071,-1288.457,-0.036,-713.287,0.975,475.733,1.819,relaxed_ortho_3_A_35_A_rep3.pdb
-76.642,7.402,-1189.816,98.606,-713.741,0.521,565.191,91.277,relaxed_ortho_3_A_80_P_rep5.pdb
-84.282,-0.238,-1289.556,-1.134,-713.404,0.858,474.913,1.0,relaxed_ortho_3_B_101_M_rep3.pdb
-82.704,1.341,-1281.497,6.925,-713.297,0.965,481.481,7.567,relaxed_ortho_3_A_30_N_rep3.pdb
-83.389,0.655,-1272.473,15.949,-714.243,0.019,472.679,-1.235,relaxed_ortho_3_B_11_N_rep2.pdb
-85.326,-1.282,-1291.184,-2.762,-713.435,0.827,474.883,0.969,relaxed_ortho_3_A_28_K_rep5.pdb
-82.785,1.259,-1289.016,-0.595,-714.795,-0.533,472.062,-1.851,relaxed_ortho_3_A_81_V_rep4.pdb
-82.321,1.724,-1285.072,3.35,-712.46,1.801,476.983,3.069,relaxed_ortho_3_A_36_R_rep3.pdb
-84.093,-0.048,-1285.23,3.192,-713.348,0.914,488.559,14.645,relaxed_ortho_3_B_17_E_rep3.pdb
-86.213,-2.168,-1286.228,2.194,-714.122,0.14,478.328,4.414,relaxed_ortho_3_B_54_V_rep1.pdb
-79.189,4.855,-1283.335,5.086,-714.474,-0.212,474.607,0.693,relaxed_ortho_3_A_38_A_rep4.pdb
-87.587,-3.542,-1286.52,1.902,-714.466,-0.204,479.681,5.768,relaxed_ortho_3_A_36_H_rep5.pdb
-79.475,4.569,-1276.467,11.955,-711.926,2.336,457.44,-16.474,relaxed_ortho_3_B_13_F_rep5.pdb
-82.336,1.708,-1168.853,119.569,-713.82,0.442,596.601,122.687,relaxed_ortho_3_B_98_P_rep4.pdb
-82.378,1.666,-1288.94,-0.519,-713.724,0.538,475.227,1.313,relaxed_ortho_3_A_30_V_rep3.pdb
-84.16,-0.115,-1284.353,4.068,-714.012,0.25,478.431,4.517,relaxed_ortho_3_A_87_C_rep1.pdb
-84.05,-0.005,-1284.26,4.161,-714.084,0.178,477.388,3.474,relaxed_ortho_3_A_24_P_rep2.pdb
-83.099,0.946,-1281.261,7.161,-713.676,0.586,484.257,10.343,relaxed_ortho_3_A_25_C_rep1.pdb
-82.278,1.767,-1287.599,0.823,-715.016,-0.754,474.616,0.702,relaxed_ortho_3_B_17_K_rep2.pdb
-82.896,1.149,-1288.633,-0.211,-713.387,0.875,474.967,1.053,relaxed_ortho_3_B_101_Q_rep2.pdb
-85.08,-1.035,-1284.488,3.934,-714.259,0.003,481.637,7.723,relaxed_ortho_3_B_58_L_rep1.pdb
-82.888,1.157,-1288.523,-0.101,-713.201,1.061,473.483,-0.431,relaxed_ortho_3_B_101_Q_rep3.pdb
-83.932,0.113,-1284.123,4.299,-714.064,0.198,478.408,4.495,relaxed_ortho_3_A_23_A_rep1.pdb
-83.049,0.996,-1288.596,-0.174,-713.284,0.978,473.894,-0.02,relaxed_ortho_3_A_77_I_rep1.pdb
-80.578,3.466,-1284.497,3.925,-714.056,0.206,474.642,0.728,relaxed_ortho_3_A_35_G_rep4.pdb
-83.526,0.518,-1286.25,2.172,-711.984,2.278,477.39,3.476,relaxed_ortho_3_B_15_H_rep5.pdb
-81.184,2.861,-1285.391,3.031,-713.127,1.135,477.574,3.661,relaxed_ortho_3_B_54_S_rep4.pdb
-81.586,2.459,-1280.904,7.518,-713.454,0.808,480.529,6.615,relaxed_ortho_3_A_75_N_rep3.pdb
-87.051,-3.007,-1282.491,5.931,-714.376,-0.114,484.103,10.189,relaxed_ortho_3_A_31_A_rep2.pdb
-83.54,0.504,-1287.51,0.911,-713.277,0.985,487.761,13.847,relaxed_ortho_3_B_56_Q_rep2.pdb
-83.149,0.895,-1286.462,1.96,-713.353,0.909,476.733,2.82,relaxed_ortho_3_B_59_K_rep4.pdb
-82.887,1.158,-1284.849,3.573,-713.318,0.944,479.928,6.014,relaxed_ortho_3_A_85_S_rep5.pdb
-82.436,1.609,-1286.199,2.223,-714.881,-0.619,476.098,2.185,relaxed_ortho_3_A_78_R_rep2.pdb
-82.885,1.159,-1284.605,3.817,-713.649,0.613,481.14,7.226,relaxed_ortho_3_A_85_A_rep2.pdb
-82.823,1.222,-1280.465,7.957,-712.806,1.456,483.333,9.419,relaxed_ortho_3_A_27_I_rep4.pdb
-84.757,-0.713,-1286.223,2.198,-714.105,0.157,474.708,0.794,relaxed_ortho_3_A_83_Y_rep4.pdb
-75.55,8.495,-1278.833,9.588,-713.452,0.81,475.638,1.724,relaxed_ortho_3_A_84_K_rep2.pdb
-85.074,-1.03,-1283.036,5.385,-714.447,-0.185,481.176,7.262,relaxed_ortho_3_A_74_D_rep1.pdb
-87.76,-3.715,-1253.543,34.879,-714.098,0.164,471.808,-2.106,relaxed_ortho_3_A_39_R_rep4.pdb
-83.05,0.995,-1285.8,2.622,-713.882,0.38,479.4,5.486,relaxed_ortho_3_A_85_Q_rep1.pdb
-86.535,-2.49,-1284.353,4.068,-713.272,0.99,479.744,5.83,relaxed_ortho_3_A_26_C_rep2.pdb
-84.419,-0.374,-1240.711,47.711,-713.053,1.209,295.589,-178.325,relaxed_ortho_3_B_14_Y_rep3.pdb
-82.772,1.273,-1286.432,1.99,-714.207,0.055,476.22,2.307,relaxed_ortho_3_A_33_Y_rep4.pdb
-83.06,0.984,-1288.696,-0.274,-713.46,0.802,475.604,1.69,relaxed_ortho_3_B_54_N_rep4.pdb
-81.693,2.351,-1285.552,2.87,-714.602,-0.34,475.963,2.05,relaxed_ortho_3_A_81_H_rep1.pdb
-84.769,-0.724,-1286.63,1.792,-711.306,2.956,478.996,5.082,relaxed_ortho_3_A_71_I_rep1.pdb
-85.064,-1.019,-1285.58,2.841,-714.334,-0.072,477.944,4.03,relaxed_ortho_3_B_57_C_rep3.pdb
-82.621,1.424,-1290.505,-2.083,-714.472,-0.211,472.906,-1.008,relaxed_ortho_3_B_12_K_rep1.pdb
-82.448,1.596,-1286.125,2.296,-713.453,0.809,479.527,5.613,relaxed_ortho_3_A_78_T_rep5.pdb
-84.254,-0.209,-1290.003,-1.581,-713.3,0.962,473.616,-0.298,relaxed_ortho_3_A_73_M_rep1.pdb
-82.745,1.299,-1284.21,4.212,-714.378,-0.116,479.107,5.193,relaxed_ortho_3_A_23_A_rep2.pdb
-83.744,0.3,-1289.519,-1.097,-713.124,1.138,472.928,-0.986,relaxed_ortho_3_B_101_L_rep4.pdb
-83.173,0.872,-1284.888,3.534,-713.574,0.688,480.239,6.325,relaxed_ortho_3_A_87_G_rep4.pdb
-74.107,9.937,-1280.753,7.668,-714.46,-0.198,473.128,-0.786,relaxed_ortho_3_A_38_E_rep5.pdb
-83.754,0.29,-1281.297,7.125,-714.328,-0.066,477.497,3.583,relaxed_ortho_3_A_25_N_rep3.pdb
-80.754,3.291,-1285.289,3.133,-713.49,0.772,477.753,3.84,relaxed_ortho_3_B_54_S_rep1.pdb
-83.499,0.546,-1288.291,0.131,-714.16,0.102,472.744,-1.17,relaxed_ortho_3_B_54_Q_rep5.pdb
-80.253,3.792,-1285.674,2.747,-714.113,0.149,472.676,-1.238,relaxed_ortho_3_B_55_T_rep4.pdb
-85.489,-1.444,-1283.756,4.665,-712.949,1.313,476.802,2.888,relaxed_ortho_3_B_98_F_rep1.pdb
-84.111,-0.067,-1287.183,1.239,-713.168,1.094,477.136,3.222,relaxed_ortho_3_B_54_M_rep2.pdb
-82.553,1.491,-1281.407,7.015,-713.656,0.606,484.359,10.445,relaxed_ortho_3_A_30_S_rep3.pdb
-87.186,-3.141,-1276.544,11.878,-713.945,0.317,491.975,18.061,relaxed_ortho_3_A_30_K_rep2.pdb
-87.953,-3.908,-1273.47,14.951,-713.661,0.601,487.517,13.603,relaxed_ortho_3_A_37_P_rep1.pdb
-85.633,-1.588,-1283.847,4.575,-713.936,0.326,481.99,8.076,relaxed_ortho_3_A_37_H_rep4.pdb
-70.893,13.151,-1269.285,19.137,-712.686,1.576,481.743,7.829,relaxed_ortho_3_A_75_R_rep4.pdb
-82.996,1.048,-1290.583,-2.161,-713.528,0.734,474.198,0.284,relaxed_ortho_3_B_98_Q_rep1.pdb
-85.143,-1.099,-1288.128,0.294,-713.416,0.846,476.925,3.011,relaxed_ortho_3_B_101_R_rep4.pdb
-81.176,2.868,-1286.29,2.132,-714.554,-0.292,475.33,1.416,relaxed_ortho_3_A_81_L_rep2.pdb
-78.869,5.175,-1276.929,11.493,-711.029,3.233,481.992,8.079,relaxed_ortho_3_A_35_W_rep2.pdb
-83.806,0.238,-1288.964,-0.542,-714.356,-0.094,473.027,-0.887,relaxed_ortho_3_A_34_T_rep2.pdb
-85.276,-1.232,-1285.183,3.238,-714.172,0.09,480.221,6.307,relaxed_ortho_3_A_76_M_rep4.pdb
-83.799,0.245,-1282.768,5.654,-714.409,-0.147,478.87,4.956,relaxed_ortho_3_A_29_W_rep2.pdb
-83.657,0.388,-1285.991,2.431,-713.864,0.398,475.651,1.738,relaxed_ortho_3_A_80_F_rep2.pdb
-83.846,0.198,-1285.947,2.475,-714.355,-0.093,478.009,4.095,relaxed_ortho_3_A_21_A_rep2.pdb
-85.118,-1.073,-1286.988,1.434,-713.217,1.045,464.763,-9.151,relaxed_ortho_3_B_58_F_rep4.pdb
-82.974,1.07,-1273.534,14.888,-714.479,-0.217,490.219,16.306,relaxed_ortho_3_A_25_G_rep1.pdb
-80.457,3.588,-1272.361,16.061,-711.838,2.424,465.218,-8.695,relaxed_ortho_3_A_41_Q_rep3.pdb
-75.634,8.41,-1205.734,82.687,-687.783,26.479,473.818,-0.095,relaxed_ortho_3_A_74_P_rep2.pdb
-83.058,0.987,-1288.531,-0.109,-713.252,1.01,473.911,-0.003,relaxed_ortho_3_A_24_E_rep2.pdb
-80.754,3.29,-1279.801,8.621,-713.468,0.794,479.626,5.712,relaxed_ortho_3_A_75_S_rep1.pdb
-86.167,-2.123,-1246.466,41.956,-711.692,2.57,254.499,-219.414,relaxed_ortho_3_A_22_F_rep2.pdb
-83.218,0.827,-1281.588,6.833,-712.945,1.317,484.735,10.821,relaxed_ortho_3_A_30_M_rep2.pdb
-83.898,0.146,-1281.093,7.329,-714.373,-0.111,483.239,9.326,relaxed_ortho_3_A_24_G_rep1.pdb
-83.784,0.26,-1281.199,7.223,-714.262,0.0,482.158,8.244,relaxed_ortho_3_A_39_N_rep1.pdb
-82.576,1.469,-1124.033,164.389,-714.171,0.091,634.399,160.485,relaxed_ortho_3_A_87_P_rep5.pdb
-83.252,0.792,-1271.758,16.663,-713.066,1.196,471.459,-2.455,relaxed_ortho_3_A_22_E_rep1.pdb
-84.942,-0.897,-1269.539,18.882,-713.672,0.59,476.606,2.693,relaxed_ortho_3_A_22_Q_rep3.pdb
-83.894,0.15,-1287.002,1.42,-714.34,-0.078,476.449,2.535,relaxed_ortho_3_A_21_H_rep2.pdb
-87.378,-3.334,-1286.444,1.977,-713.569,0.693,478.478,4.564,relaxed_ortho_3_A_26_W_rep3.pdb
-82.965,1.08,-1287.808,0.614,-713.313,0.949,476.808,2.894,relaxed_ortho_3_A_71_A_rep5.pdb
-87.751,-3.707,-1281.925,6.497,-714.196,0.066,485.916,12.003,relaxed_ortho_3_A_31_L_rep1.pdb
-83.225,0.82,-1285.903,2.518,-713.27,0.992,476.974,3.06,relaxed_ortho_3_A_28_V_rep1.pdb
-83.578,0.467,-1281.724,6.698,-713.474,0.788,487.811,13.897,relaxed_ortho_3_B_17_W_rep5.pdb
-82.735,1.309,-1286.251,2.171,-714.025,0.237,472.063,-1.851,relaxed_ortho_3_B_102_K_rep4.pdb
-88.063,-4.018,-1286.063,2.359,-713.657,0.605,480.711,6.797,relaxed_ortho_3_A_36_Y_rep2.pdb
-83.951,0.094,-1286.981,1.441,-714.162,0.1,477.779,3.866,relaxed_ortho_3_A_37_Y_rep2.pdb
-81.427,2.617,-1286.195,2.226,-713.166,1.096,473.535,-0.379,relaxed_ortho_3_A_73_V_rep2.pdb
-82.946,1.098,-1284.614,3.808,-712.874,1.388,477.835,3.921,relaxed_ortho_3_A_27_C_rep5.pdb
-84.042,0.002,-1285.969,2.453,-714.382,-0.12,488.912,14.998,relaxed_ortho_3_A_24_I_rep3.pdb
-83.533,0.511,-1283.858,4.564,-713.244,1.018,481.777,7.863,relaxed_ortho_3_B_59_W_rep2.pdb
-84.035,0.01,-1286.357,2.065,-714.324,-0.062,488.647,14.733,relaxed_ortho_3_A_24_V_rep2.pdb
-82.124,1.921,-1283.945,4.477,-711.012,3.25,480.21,6.296,relaxed_ortho_3_B_15_N_rep3.pdb
-82.704,1.341,-1286.593,1.829,-713.337,0.925,476.419,2.505,relaxed_ortho_3_B_100_T_rep3.pdb
-81.704,2.341,-1285.538,2.884,-714.963,-0.701,477.28,3.366,relaxed_ortho_3_A_78_H_rep4.pdb
-82.124,1.921,-1287.545,0.877,-714.996,-0.734,475.776,1.862,relaxed_ortho_3_A_22_V_rep3.pdb
-82.26,1.785,-1284.513,3.909,-714.401,-0.139,477.345,3.431,relaxed_ortho_3_A_28_I_rep3.pdb
-83.879,0.165,-1286.915,1.507,-714.378,-0.116,477.923,4.009,relaxed_ortho_3_A_21_H_rep3.pdb
-83.738,0.306,-1289.783,-1.361,-714.374,-0.112,472.459,-1.455,relaxed_ortho_3_B_12_Q_rep2.pdb
-83.173,0.871,-1284.879,3.543,-714.083,0.179,477.715,3.801,relaxed_ortho_3_A_27_N_rep2.pdb
-82.799,1.245,-1283.177,5.245,-715.435,-1.173,477.226,3.312,relaxed_ortho_3_A_80_T_rep3.pdb
-84.427,-0.382,-1288.076,0.345,-713.193,1.069,485.953,12.039,relaxed_ortho_3_B_56_L_rep3.pdb
-80.055,3.99,-1285.592,2.83,-713.335,0.927,472.737,-1.177,relaxed_ortho_3_A_38_Q_rep5.pdb
-83.001,1.043,-1284.597,3.824,-713.453,0.809,480.388,6.475,relaxed_ortho_3_A_71_V_rep5.pdb
-83.049,0.995,-1288.6,-0.178,-713.304,0.957,474.271,0.357,relaxed_ortho_3_A_78_V_rep2.pdb
-81.217,2.828,-1285.579,2.843,-713.449,0.812,476.963,3.049,relaxed_ortho_3_A_27_Q_rep3.pdb
-83.833,0.212,-1287.493,0.929,-714.276,-0.014,475.2,1.286,relaxed_ortho_3_A_86_E_rep1.pdb
-83.041,1.003,-1285.535,2.887,-713.231,1.031,479.869,5.955,relaxed_ortho_3_A_22_T_rep5.pdb
-82.619,1.426,-1287.587,0.835,-714.5,-0.238,477.726,3.812,relaxed_ortho_3_A_21_V_rep2.pdb
-81.712,2.332,-1284.189,4.233,-714.55,-0.289,478.274,4.361,relaxed_ortho_3_A_38_C_rep3.pdb
-82.315,1.73,-1286.599,1.823,-714.256,0.006,479.211,5.297,relaxed_ortho_3_B_100_S_rep4.pdb
-83.862,0.183,-1287.07,1.352,-714.422,-0.16,478.376,4.462,relaxed_ortho_3_A_21_W_rep3.pdb
-83.773,0.272,-1287.805,0.616,-712.031,2.231,477.746,3.833,relaxed_ortho_3_A_72_V_rep4.pdb
-80.892,3.153,-1272.92,15.501,-711.959,2.303,467.086,-6.828,relaxed_ortho_3_A_41_Q_rep2.pdb
-84.999,-0.954,-1285.693,2.729,-714.424,-0.162,478.601,4.687,relaxed_ortho_3_B_57_C_rep1.pdb
-86.287,-2.242,-1286.929,1.493,-714.443,-0.181,478.869,4.955,relaxed_ortho_3_A_34_A_rep1.pdb
-82.943,1.101,-1289.413,-0.991,-713.278,0.984,473.018,-0.896,relaxed_ortho_3_B_12_D_rep1.pdb
-83.808,0.236,-1273.657,14.765,-714.061,0.201,483.894,9.981,relaxed_ortho_3_A_25_H_rep2.pdb
-84.224,-0.18,-1284.427,3.995,-712.845,1.417,479.454,5.54,relaxed_ortho_3_A_82_L_rep3.pdb
-84.0,0.044,-1277.263,11.159,-714.351,-0.089,486.306,12.393,relaxed_ortho_3_A_23_G_rep5.pdb
-85.966,-1.921,-1292.321,-3.899,-713.791,0.471,476.852,2.938,relaxed_ortho_3_A_28_D_rep3.pdb
-81.456,2.589,-1287.198,1.224,-714.281,-0.019,472.116,-1.798,relaxed_ortho_3_A_38_V_rep3.pdb
-81.133,2.912,-1290.81,-2.389,-713.76,0.502,471.529,-2.385,relaxed_ortho_3_A_33_S_rep4.pdb
-83.048,0.997,-1288.08,0.342,-713.508,0.754,474.982,1.069,relaxed_ortho_3_A_86_D_rep3.pdb
-83.175,0.87,-1286.938,1.484,-713.255,1.007,475.832,1.918,relaxed_ortho_3_A_32_T_rep4.pdb
-78.101,5.944,-1282.566,5.856,-713.505,0.757,480.058,6.144,relaxed_ortho_3_A_40_A_rep4.pdb
-88.132,-4.088,-1274.608,13.814,-714.211,0.051,498.123,24.209,relaxed_ortho_3_A_39_F_rep3.pdb
-83.093,0.951,-1286.298,2.124,-713.27,0.992,475.646,1.732,relaxed_ortho_3_B_59_K_rep3.pdb
-85.291,-1.246,-1266.208,22.214,-711.521,2.741,498.365,24.452,relaxed_ortho_3_B_14_M_rep5.pdb
-82.77,1.274,-1287.543,0.879,-714.066,0.196,476.58,2.667,relaxed_ortho_3_B_12_G_rep5.pdb
-85.913,-1.869,-1282.763,5.658,-711.127,3.135,480.728,6.814,relaxed_ortho_3_B_98_Y_rep3.pdb
-82.933,1.111,-1288.95,-0.529,-713.509,0.753,474.873,0.959,relaxed_ortho_3_B_59_E_rep5.pdb
-90.02,-5.975,-1291.854,-3.432,-714.729,-0.467,471.236,-2.678,relaxed_ortho_3_A_34_L_rep4.pdb
-83.07,0.975,-1280.949,7.473,-713.216,1.046,481.474,7.56,relaxed_ortho_3_A_25_C_rep3.pdb
-83.016,1.029,-1288.771,-0.35,-713.591,0.671,474.788,0.875,relaxed_ortho_3_A_21_E_rep3.pdb
-82.145,1.9,-1284.417,4.005,-714.549,-0.287,476.825,2.911,relaxed_ortho_3_A_76_D_rep5.pdb
-85.848,-1.804,-1288.576,-0.155,-714.255,0.007,475.71,1.796,relaxed_ortho_3_B_57_K_rep2.pdb
-83.925,0.12,-1284.156,4.266,-714.189,0.073,479.305,5.391,relaxed_ortho_3_A_23_C_rep3.pdb
-85.231,-1.186,-1284.49,3.932,-714.523,-0.261,483.287,9.373,relaxed_ortho_3_A_74_E_rep5.pdb
-82.667,1.378,-1277.315,11.107,-713.418,0.844,485.723,11.81,relaxed_ortho_3_A_30_G_rep1.pdb
-83.103,0.941,-1286.881,1.541,-713.243,1.019,475.938,2.025,relaxed_ortho_3_A_32_T_rep5.pdb
-83.745,0.299,-1288.935,-0.513,-715.464,-1.202,474.913,1.0,relaxed_ortho_3_A_35_V_rep1.pdb
-83.038,1.006,-1289.706,-1.284,-713.744,0.517,481.355,7.441,relaxed_ortho_3_B_17_R_rep2.pdb
-83.965,0.08,-1286.705,1.717,-714.378,-0.116,476.82,2.906,relaxed_ortho_3_A_29_D_rep2.pdb
-83.408,0.636,-1287.435,0.987,-713.537,0.725,482.296,8.382,relaxed_ortho_3_B_17_A_rep4.pdb
-83.043,1.002,-1284.223,4.199,-713.348,0.914,480.704,6.79,relaxed_ortho_3_A_82_Q_rep2.pdb
-82.703,1.341,-1284.643,3.779,-711.132,3.13,480.463,6.549,relaxed_ortho_3_B_15_W_rep4.pdb
-83.897,0.148,-1283.47,4.952,-714.328,-0.066,479.189,5.275,relaxed_ortho_3_A_83_A_rep3.pdb
-81.042,3.003,-1280.913,7.509,-714.591,-0.329,478.85,4.936,relaxed_ortho_3_A_77_A_rep1.pdb
-73.44,10.604,-1197.912,90.51,-684.901,29.361,483.558,9.644,relaxed_ortho_3_A_74_P_rep5.pdb
-81.094,2.951,-1288.613,-0.191,-714.504,-0.242,470.959,-2.955,relaxed_ortho_3_A_33_D_rep5.pdb
-83.105,0.94,-1284.203,4.219,-713.364,0.897,480.151,6.237,relaxed_ortho_3_A_32_C_rep4.pdb
-85.834,-1.79,-1253.737,34.685,-708.916,5.346,490.359,16.446,relaxed_ortho_3_A_25_Y_rep4.pdb
-82.165,1.879,-1272.411,16.011,-710.619,3.643,461.524,-12.39,relaxed_ortho_3_A_41_F_rep3.pdb
-83.246,0.799,-1250.444,37.977,-713.078,1.184,505.836,31.922,relaxed_ortho_3_B_14_R_rep1.pdb
-79.705,4.34,-1282.891,5.53,-711.683,2.579,477.353,3.439,relaxed_ortho_3_A_36_E_rep3.pdb
-82.566,1.478,-1284.861,3.56,-713.255,1.007,475.572,1.658,relaxed_ortho_3_B_101_F_rep2.pdb
-88.505,-4.46,-1277.986,10.436,-713.669,0.593,489.084,15.17,relaxed_ortho_3_A_30_Y_rep4.pdb
-83.226,0.818,-1286.339,2.083,-714.447,-0.185,475.07,1.156,relaxed_ortho_3_B_102_T_rep4.pdb
-82.924,1.12,-1289.825,-1.403,-714.425,-0.163,473.215,-0.699,relaxed_ortho_3_B_12_L_rep2.pdb
-82.901,1.143,-1281.443,6.979,-713.485,0.777,480.622,6.709,relaxed_ortho_3_A_72_A_rep1.pdb
-83.301,0.744,-1285.615,2.807,-713.415,0.847,477.521,3.607,relaxed_ortho_3_A_32_A_rep5.pdb
-84.206,-0.161,-1244.364,44.058,-714.086,0.176,449.819,-24.094,relaxed_ortho_3_A_23_I_rep4.pdb
-82.747,1.297,-1284.658,3.764,-711.057,3.205,479.879,5.965,relaxed_ortho_3_B_15_W_rep1.pdb
-82.417,1.627,-1284.293,4.128,-714.407,-0.145,476.636,2.722,relaxed_ortho_3_B_59_D_rep3.pdb
-83.98,0.065,-1288.609,-0.187,-714.354,-0.092,473.222,-0.692,relaxed_ortho_3_A_75_V_rep3.pdb
-74.208,9.836,-1280.518,7.903,-713.412,0.849,476.42,2.506,relaxed_ortho_3_A_40_K_rep1.pdb
-82.274,1.77,-1283.696,4.726,-713.364,0.898,477.373,3.459,relaxed_ortho_3_A_75_M_rep4.pdb
-84.311,-0.267,-1275.838,12.583,-712.895,1.367,469.209,-4.705,relaxed_ortho_3_B_100_P_rep1.pdb
-83.853,0.192,-1283.885,4.536,-714.015,0.247,479.455,5.541,relaxed_ortho_3_A_71_W_rep5.pdb
-78.957,5.087,-1285.242,3.18,-712.382,1.88,476.104,2.19,relaxed_ortho_3_A_40_V_rep4.pdb
-83.068,0.977,-1284.867,3.555,-713.508,0.754,479.76,5.846,relaxed_ortho_3_B_59_L_rep2.pdb
-84.518,-0.473,-1287.321,1.101,-714.293,-0.031,471.664,-2.25,relaxed_ortho_3_B_13_M_rep1.pdb
-82.819,1.225,-1284.785,3.636,-713.533,0.728,480.18,6.266,relaxed_ortho_3_B_100_G_rep4.pdb
-72.234,11.811,-1189.594,98.827,-682.944,31.318,534.926,61.013,relaxed_ortho_3_A_74_P_rep1.pdb
-84.598,-0.554,-1284.461,3.96,-714.063,0.199,477.912,3.998,relaxed_ortho_3_A_87_E_rep3.pdb
-88.494,-4.449,-1277.941,10.481,-713.619,0.643,489.773,15.859,relaxed_ortho_3_A_30_Y_rep1.pdb
-82.9,1.145,-1288.623,-0.202,-713.548,0.714,474.814,0.9,relaxed_ortho_3_A_30_I_rep2.pdb
-78.119,5.925,-1278.691,9.731,-714.175,0.087,476.175,2.261,relaxed_ortho_3_A_84_A_rep5.pdb
-83.584,0.46,-1282.943,5.479,-714.089,0.173,466.593,-7.32,relaxed_ortho_3_B_13_H_rep1.pdb
-84.942,-0.897,-1269.539,18.882,-713.672,0.59,476.606,2.693,relaxed_ortho_3_A_22_Q_rep4.pdb
-80.262,3.783,-1285.477,2.945,-714.122,0.14,471.528,-2.385,relaxed_ortho_3_A_38_T_rep3.pdb
-82.995,1.05,-1284.769,3.653,-713.415,0.847,479.277,5.363,relaxed_ortho_3_A_78_C_rep1.pdb
-81.197,2.847,-1287.153,1.269,-714.046,0.216,473.872,-0.041,relaxed_ortho_3_A_33_G_rep2.pdb
-78.772,5.272,-1269.482,18.94,-713.009,1.253,493.793,19.879,relaxed_ortho_3_A_82_W_rep1.pdb
-83.755,0.29,-1287.903,0.519,-714.328,-0.066,473.522,-0.392,relaxed_ortho_3_A_36_N_rep5.pdb
-83.103,0.941,-1289.693,-1.271,-713.487,0.775,473.442,-0.472,relaxed_ortho_3_B_12_D_rep3.pdb
-83.012,1.032,-1288.553,-0.132,-713.285,0.976,475.683,1.769,relaxed_ortho_3_A_25_I_rep4.pdb
-81.919,2.125,-1251.861,36.561,-712.944,1.318,502.749,28.836,relaxed_ortho_3_B_59_P_rep4.pdb
-87.062,-3.017,-1287.201,1.22,-713.623,0.639,477.621,3.707,relaxed_ortho_3_A_26_F_rep1.pdb
-82.796,1.249,-1284.516,3.905,-713.338,0.924,477.865,3.951,relaxed_ortho_3_B_59_A_rep1.pdb
-83.206,0.839,-1286.276,2.145,-713.198,1.064,477.739,3.825,relaxed_ortho_3_B_98_V_rep5.pdb
-82.252,1.793,-1283.894,4.528,-713.537,0.725,477.816,3.902,relaxed_ortho_3_B_58_S_rep3.pdb
-82.347,1.697,-1286.994,1.428,-712.965,1.297,472.608,-1.306,relaxed_ortho_3_A_38_M_rep5.pdb
-84.306,-0.261,-1286.6,1.822,-714.266,-0.004,477.061,3.147,relaxed_ortho_3_B_57_V_rep2.pdb
-76.826,7.219,-1274.144,14.278,-710.569,3.693,471.07,-2.844,relaxed_ortho_3_B_55_W_rep3.pdb
-83.03,1.015,-1285.693,2.729,-713.562,0.7,479.551,5.637,relaxed_ortho_3_A_22_T_rep2.pdb
-76.292,7.752,-1283.396,5.026,-712.505,1.757,473.658,-0.256,relaxed_ortho_3_A_40_E_rep5.pdb
-81.6,2.445,-1288.117,0.305,-713.557,0.705,473.045,-0.869,relaxed_ortho_3_A_73_Q_rep4.pdb
-87.01,-2.965,-1292.529,-4.107,-715.43,-1.168,473.207,-0.707,relaxed_ortho_3_A_34_Q_rep4.pdb
-82.611,1.434,-1287.375,1.047,-713.544,0.718,476.468,2.555,relaxed_ortho_3_B_100_S_rep3.pdb
-79.201,4.843,-1282.448,5.973,-714.093,0.169,473.979,0.066,relaxed_ortho_3_A_84_L_rep4.pdb
-83.048,0.997,-1289.146,-0.724,-714.012,0.25,474.858,0.945,relaxed_ortho_3_A_79_Q_rep1.pdb
-83.099,0.945,-1287.419,1.003,-713.669,0.593,476.515,2.601,relaxed_ortho_3_A_86_S_rep2.pdb
-84.806,-0.761,-1286.497,1.925,-714.404,-0.142,477.936,4.022,relaxed_ortho_3_A_74_M_rep2.pdb
-82.084,1.96,-1287.452,0.969,-713.148,1.114,482.744,8.83,relaxed_ortho_3_B_17_N_rep1.pdb
-82.848,1.196,-1287.573,0.848,-714.383,-0.121,473.199,-0.715,relaxed_ortho_3_A_81_R_rep4.pdb
-86.524,-2.48,-1267.342,21.079,-713.725,0.537,472.954,-0.96,relaxed_ortho_3_A_87_L_rep4.pdb
-83.284,0.761,-1288.615,-0.193,-713.425,0.837,481.313,7.399,relaxed_ortho_3_B_17_T_rep3.pdb
-86.822,-2.778,-1282.704,5.718,-714.456,-0.194,483.256,9.343,relaxed_ortho_3_A_31_S_rep2.pdb
-84.042,0.002,-1286.811,1.61,-714.187,0.075,487.58,13.667,relaxed_ortho_3_B_56_M_rep3.pdb
-78.975,5.07,-1281.341,7.081,-713.884,0.378,475.461,1.547,relaxed_ortho_3_B_58_E_rep5.pdb
-83.338,0.706,-1282.337,6.085,-713.509,0.753,486.873,12.96,relaxed_ortho_3_B_17_V_rep2.pdb
-82.899,1.145,-1283.519,4.903,-713.228,1.034,480.135,6.222,relaxed_ortho_3_B_59_C_rep5.pdb
-83.828,0.217,-1277.517,10.904,-714.127,0.135,485.475,11.561,relaxed_ortho_3_A_71_L_rep3.pdb
-85.624,-1.579,-1274.104,14.317,-714.124,0.138,480.412,6.498,relaxed_ortho_3_A_25_F_rep1.pdb
-86.355,-2.311,-1286.056,2.366,-713.535,0.727,477.987,4.073,relaxed_ortho_3_A_26_H_rep2.pdb
-82.637,1.407,-1286.057,2.364,-713.467,0.794,477.716,3.802,relaxed_ortho_3_B_100_H_rep3.pdb
-87.279,-3.235,-1284.292,4.13,-714.351,-0.089,480.861,6.947,relaxed_ortho_3_A_31_N_rep5.pdb
-83.856,0.188,-1285.142,3.28,-713.046,1.216,478.325,4.411,relaxed_ortho_3_B_98_L_rep4.pdb
-84.061,-0.017,-1290.287,-1.866,-718.07,-3.808,469.805,-4.109,relaxed_ortho_3_A_27_W_rep5.pdb
-76.993,7.051,-1272.073,16.349,-711.695,2.567,481.125,7.211,relaxed_ortho_3_B_55_F_rep4.pdb
-83.008,1.036,-1288.698,-0.276,-713.584,0.678,477.231,3.317,relaxed_ortho_3_A_82_P_rep5.pdb
-81.303,2.741,-1287.865,0.557,-713.968,0.294,474.852,0.938,relaxed_ortho_3_A_79_H_rep4.pdb
-82.896,1.149,-1283.341,5.081,-713.557,0.705,480.379,6.465,relaxed_ortho_3_A_85_C_rep4.pdb
-80.911,3.134,-1287.215,1.206,-713.492,0.77,471.475,-2.439,relaxed_ortho_3_B_55_A_rep5.pdb
-87.328,-3.284,-1284.749,3.672,-713.301,0.961,479.261,5.347,relaxed_ortho_3_A_32_I_rep3.pdb
-82.954,1.09,-1286.512,1.91,-713.27,0.992,476.959,3.045,relaxed_ortho_3_A_21_A_rep3.pdb
-82.818,1.226,-1286.81,1.612,-713.711,0.551,477.893,3.979,relaxed_ortho_3_A_32_S_rep4.pdb
-80.202,3.842,-1282.147,6.275,-711.559,2.703,477.782,3.869,relaxed_ortho_3_B_15_R_rep4.pdb
-83.051,0.993,-1285.915,2.507,-713.275,0.987,476.699,2.785,relaxed_ortho_3_A_83_E_rep4.pdb
-81.681,2.364,-1270.605,17.817,-715.691,-1.429,490.292,16.379,relaxed_ortho_3_A_33_P_rep2.pdb
-81.463,2.582,-1286.454,1.968,-714.435,-0.173,473.583,-0.331,relaxed_ortho_3_A_73_K_rep5.pdb
-85.296,-1.252,-1285.727,2.695,-713.581,0.681,481.412,7.498,relaxed_ortho_3_A_26_G_rep3.pdb
-83.674,0.371,-1283.465,4.957,-714.368,-0.106,480.788,6.874,relaxed_ortho_3_A_82_Q_rep5.pdb
-74.309,9.735,-1282.594,5.828,-711.839,2.423,469.09,-4.823,relaxed_ortho_3_A_35_L_rep1.pdb
-79.335,4.709,-1283.364,5.058,-713.302,0.96,477.892,3.978,relaxed_ortho_3_A_77_F_rep5.pdb
-83.237,0.808,-1286.398,2.023,-713.401,0.861,478.395,4.481,relaxed_ortho_3_B_98_V_rep1.pdb
-81.911,2.134,-1242.171,46.251,-713.235,1.027,501.618,27.705,relaxed_ortho_3_A_72_K_rep3.pdb
-79.739,4.305,-1282.673,5.749,-714.055,0.207,473.544,-0.369,relaxed_ortho_3_B_55_K_rep3.pdb
-85.861,-1.817,-1288.192,0.229,-714.091,0.171,475.299,1.385,relaxed_ortho_3_A_28_L_rep4.pdb
-83.091,0.953,-1288.746,-0.324,-713.519,0.742,475.26,1.346,relaxed_ortho_3_A_71_Q_rep3.pdb
-83.376,0.668,-1284.391,4.03,-714.353,-0.091,479.402,5.488,relaxed_ortho_3_A_76_K_rep2.pdb
-80.814,3.23,-1285.254,3.167,-712.113,2.149,472.846,-1.068,relaxed_ortho_3_B_15_A_rep3.pdb
-82.551,1.493,-1281.519,6.903,-714.127,0.135,475.694,1.78,relaxed_ortho_3_A_22_D_rep5.pdb
-82.881,1.163,-1288.193,0.229,-713.191,1.071,474.103,0.189,relaxed_ortho_3_A_83_V_rep1.pdb
-83.627,0.417,-1284.038,4.384,-713.325,0.936,480.885,6.971,relaxed_ortho_3_B_59_W_rep1.pdb
-82.992,1.052,-1284.115,4.307,-713.439,0.823,480.979,7.066,relaxed_ortho_3_A_83_A_rep1.pdb
-83.211,0.834,-1278.686,9.736,-713.721,0.541,490.216,16.302,relaxed_ortho_3_A_41_C_rep1.pdb
-83.762,0.283,-1287.944,0.477,-714.414,-0.152,470.338,-3.576,relaxed_ortho_3_B_13_Q_rep1.pdb
-81.747,2.297,-1283.011,5.411,-714.924,-0.662,479.343,5.429,relaxed_ortho_3_A_80_T_rep5.pdb
-81.677,2.368,-1285.759,2.662,-713.182,1.08,476.204,2.29,relaxed_ortho_3_B_102_G_rep3.pdb
-84.047,-0.002,-1285.034,3.388,-714.119,0.143,491.101,17.187,relaxed_ortho_3_A_24_K_rep4.pdb
-82.331,1.713,-1282.954,5.468,-713.791,0.471,480.038,6.124,relaxed_ortho_3_A_30_C_rep1.pdb
-84.201,-0.157,-1246.407,42.015,-713.911,0.351,258.104,-215.81,relaxed_ortho_3_A_22_F_rep5.pdb
-83.787,0.257,-1287.953,0.469,-714.357,-0.095,474.59,0.676,relaxed_ortho_3_A_37_F_rep2.pdb
-79.021,5.023,-1281.676,6.746,-714.039,0.223,476.318,2.404,relaxed_ortho_3_A_77_D_rep4.pdb
-84.014,0.03,-1283.819,4.602,-714.459,-0.197,479.272,5.358,relaxed_ortho_3_A_24_A_rep3.pdb
-83.69,0.355,-1290.939,-2.517,-714.46,-0.198,472.121,-1.793,relaxed_ortho_3_B_12_V_rep5.pdb
-88.683,-4.638,-1294.024,-5.602,-715.203,-0.941,473.294,-0.619,relaxed_ortho_3_A_34_K_rep4.pdb
-87.21,-3.166,-1287.821,0.601,-712.149,2.112,474.349,0.435,relaxed_ortho_3_A_36_I_rep5.pdb
-86.593,-2.548,-1285.641,2.781,-713.555,0.707,478.812,4.898,relaxed_ortho_3_A_26_M_rep1.pdb
-82.8,1.245,-1287.628,0.793,-714.75,-0.488,472.673,-1.241,relaxed_ortho_3_A_33_C_rep4.pdb
-83.789,0.256,-1269.418,19.003,-711.047,3.214,275.958,-197.956,relaxed_ortho_3_B_14_P_rep3.pdb
-81.466,2.579,-1278.663,9.759,-710.116,4.146,476.206,2.292,relaxed_ortho_3_A_35_I_rep1.pdb
-80.28,3.764,-1281.421,7.001,-714.327,-0.065,477.08,3.166,relaxed_ortho_3_A_77_Q_rep2.pdb
-80.868,3.177,-1286.348,2.074,-713.121,1.141,475.417,1.503,relaxed_ortho_3_B_101_D_rep3.pdb
-82.92,1.125,-1281.098,7.324,-713.42,0.842,480.913,6.999,relaxed_ortho_3_A_72_S_rep3.pdb
-78.441,5.604,-1283.028,5.393,-712.986,1.276,473.805,-0.109,relaxed_ortho_3_A_38_H_rep3.pdb
-86.053,-2.009,-1286.386,2.036,-712.382,1.88,491.973,18.059,relaxed_ortho_3_B_56_W_rep4.pdb
-82.949,1.095,-1284.693,3.729,-713.552,0.71,479.041,5.127,relaxed_ortho_3_A_85_V_rep2.pdb
-84.117,-0.072,-1275.125,13.296,-714.227,0.035,495.288,21.374,relaxed_ortho_3_A_41_N_rep2.pdb
-83.991,0.053,-1267.261,21.161,-714.36,-0.098,499.169,25.255,relaxed_ortho_3_B_11_C_rep1.pdb
-81.095,2.949,-1282.708,5.713,-713.331,0.931,481.424,7.51,relaxed_ortho_3_B_54_K_rep4.pdb
-84.21,-0.165,-1285.198,3.224,-714.322,-0.06,486.749,12.835,relaxed_ortho_3_A_24_L_rep4.pdb
-85.782,-1.738,-1281.526,6.896,-714.389,-0.127,484.336,10.422,relaxed_ortho_3_A_31_C_rep5.pdb
-84.936,-0.891,-1284.248,4.173,-711.24,3.022,481.403,7.49,relaxed_ortho_3_A_71_H_rep4.pdb
-81.223,2.822,-1285.228,3.194,-714.431,-0.169,472.421,-1.493,relaxed_ortho_3_B_57_Y_rep3.pdb
-86.837,-2.792,-1285.033,3.389,-714.305,-0.043,482.128,8.215,relaxed_ortho_3_A_76_R_rep5.pdb
-85.36,-1.316,-1289.921,-1.499,-713.538,0.724,477.69,3.776,relaxed_ortho_3_A_26_L_rep2.pdb
-85.064,-1.019,-1285.58,2.841,-714.334,-0.072,477.944,4.03,relaxed_ortho_3_B_57_C_rep2.pdb
-78.26,5.784,-1285.707,2.715,-713.938,0.324,474.342,0.428,relaxed_ortho_3_A_38_S_rep4.pdb
-81.322,2.723,-1287.62,0.801,-712.407,1.855,470.353,-3.561,relaxed_ortho_3_A_40_F_rep3.pdb
-79.192,4.852,-1283.595,4.827,-714.771,-0.509,473.872,-0.042,relaxed_ortho_3_A_38_A_rep5.pdb
-82.503,1.541,-1284.542,3.88,-714.542,-0.28,478.75,4.836,relaxed_ortho_3_A_71_D_rep5.pdb
-80.959,3.086,-1286.55,1.872,-713.348,0.914,473.501,-0.412,relaxed_ortho_3_A_80_H_rep3.pdb
-83.756,0.288,-1287.315,1.107,-714.403,-0.141,474.121,0.207,relaxed_ortho_3_B_98_C_rep3.pdb
-82.852,1.193,-1290.291,-1.87,-712.903,1.358,473.613,-0.301,relaxed_ortho_3_A_73_Y_rep1.pdb
-83.851,0.194,-1282.87,5.552,-714.181,0.081,481.735,7.821,relaxed_ortho_3_A_71_H_rep3.pdb
-80.038,4.007,-1285.457,2.964,-712.541,1.721,475.265,1.351,relaxed_ortho_3_A_40_M_rep5.pdb
-84.728,-0.683,-1243.831,44.591,-713.629,0.633,327.776,-146.138,relaxed_ortho_3_A_22_Y_rep3.pdb
-81.628,2.417,-1286.404,2.018,-713.804,0.458,474.91,0.996,relaxed_ortho_3_A_82_T_rep4.pdb
-82.787,1.258,-1288.307,0.115,-713.308,0.954,470.152,-3.762,relaxed_ortho_3_B_55_S_rep2.pdb
-80.588,3.456,-1281.457,6.965,-713.759,0.503,479.06,5.146,relaxed_ortho_3_A_84_M_rep3.pdb
-83.496,0.548,-1288.398,0.024,-714.26,0.002,473.393,-0.521,relaxed_ortho_3_B_54_Q_rep1.pdb
-82.106,1.939,-1286.924,1.498,-713.953,0.309,474.893,0.979,relaxed_ortho_3_A_79_L_rep4.pdb
-85.013,-0.969,-1280.633,7.789,-714.368,-0.106,483.567,9.653,relaxed_ortho_3_A_31_T_rep3.pdb
-84.167,-0.123,-1284.756,3.666,-714.195,0.067,489.941,16.027,relaxed_ortho_3_A_24_R_rep1.pdb
-78.65,5.394,-1283.202,5.22,-713.398,0.864,472.375,-1.539,relaxed_ortho_3_A_38_H_rep1.pdb
-81.016,3.029,-1286.665,1.757,-713.466,0.796,474.741,0.827,relaxed_ortho_3_A_80_H_rep1.pdb
-83.565,0.48,-1286.566,1.855,-714.661,-0.399,476.939,3.025,relaxed_ortho_3_A_37_Y_rep1.pdb
-84.334,-0.289,-1282.107,6.315,-714.315,-0.053,482.999,9.085,relaxed_ortho_3_A_87_D_rep3.pdb
-79.511,4.533,-1283.69,4.732,-713.718,0.544,475.401,1.487,relaxed_ortho_3_A_38_N_rep1.pdb
-84.357,-0.312,-1274.254,14.168,-714.174,0.088,484.894,10.98,relaxed_ortho_3_A_25_H_rep1.pdb
-84.825,-0.781,-1285.364,3.058,-714.367,-0.105,479.797,5.883,relaxed_ortho_3_A_74_L_rep1.pdb
-87.233,-3.188,-1279.034,9.387,-714.083,0.179,488.093,14.179,relaxed_ortho_3_A_87_W_rep4.pdb
-83.809,0.236,-1282.064,6.358,-714.097,0.165,470.288,-3.626,relaxed_ortho_3_A_22_C_rep2.pdb
-82.782,1.263,-1284.904,3.518,-713.228,1.034,476.169,2.255,relaxed_ortho_3_B_101_F_rep1.pdb
-84.793,-0.749,-1283.73,4.692,-714.407,-0.145,480.409,6.495,relaxed_ortho_3_A_74_A_rep5.pdb
-83.097,0.947,-1284.891,3.53,-714.332,-0.07,478.491,4.577,relaxed_ortho_3_A_83_H_rep1.pdb
-83.935,0.11,-1288.093,0.328,-714.395,-0.133,475.01,1.096,relaxed_ortho_3_A_73_R_rep1.pdb
-82.883,1.162,-1285.428,2.994,-713.334,0.928,479.56,5.647,relaxed_ortho_3_B_100_C_rep2.pdb
-82.831,1.214,-1285.703,2.718,-714.633,-0.371,475.005,1.091,relaxed_ortho_3_A_81_Y_rep3.pdb
-83.091,0.953,-1272.633,15.789,-713.269,0.993,496.559,22.645,relaxed_ortho_3_A_41_D_rep2.pdb
-84.007,0.038,-1286.96,1.462,-713.165,1.097,477.493,3.58,relaxed_ortho_3_A_76_L_rep2.pdb
-81.538,2.507,-1285.943,2.479,-714.235,0.027,473.452,-0.462,relaxed_ortho_3_A_33_E_rep2.pdb
-84.225,-0.181,-1281.551,6.871,-714.359,-0.098,480.642,6.728,relaxed_ortho_3_A_87_T_rep3.pdb
-82.647,1.398,-1288.814,-0.392,-713.215,1.047,475.162,1.248,relaxed_ortho_3_B_59_E_rep3.pdb
-83.935,0.11,-1288.093,0.328,-714.395,-0.133,475.01,1.096,relaxed_ortho_3_A_73_R_rep2.pdb
-83.068,0.977,-1284.867,3.555,-713.508,0.754,479.76,5.846,relaxed_ortho_3_B_59_L_rep3.pdb
-83.216,0.828,-1285.077,3.345,-714.424,-0.162,476.593,2.68,relaxed_ortho_3_B_102_D_rep4.pdb
-83.453,0.592,-1284.292,4.13,-714.129,0.133,476.887,2.973,relaxed_ortho_3_B_100_R_rep1.pdb
-82.98,1.064,-1291.264,-2.842,-713.386,0.876,471.984,-1.93,relaxed_ortho_3_B_12_I_rep3.pdb
-84.864,-0.82,-1266.107,22.315,-711.671,2.591,500.952,27.038,relaxed_ortho_3_B_14_M_rep2.pdb
-83.021,1.023,-1287.564,0.858,-713.41,0.852,476.912,2.998,relaxed_ortho_3_A_32_K_rep1.pdb
-82.953,1.092,-1285.497,2.924,-713.482,0.78,478.863,4.949,relaxed_ortho_3_B_100_C_rep1.pdb
-85.884,-1.839,-1247.73,40.692,-713.057,1.205,496.177,22.263,relaxed_ortho_3_A_72_W_rep2.pdb
-83.825,0.219,-1285.624,2.798,-714.316,-0.054,478.621,4.707,relaxed_ortho_3_A_71_Y_rep3.pdb
-82.381,1.663,-1287.075,1.347,-713.202,1.06,474.483,0.569,relaxed_ortho_3_B_57_E_rep1.pdb
-83.86,0.184,-1284.412,4.01,-714.26,0.002,477.458,3.544,relaxed_ortho_3_B_11_G_rep3.pdb
-88.303,-4.259,-1282.01,6.412,-713.825,0.437,485.31,11.396,relaxed_ortho_3_A_30_F_rep4.pdb
-82.795,1.25,-1279.804,8.618,-713.304,0.958,483.227,9.313,relaxed_ortho_3_B_59_Y_rep1.pdb
-87.305,-3.26,-1280.711,7.71,-713.732,0.53,483.815,9.901,relaxed_ortho_3_A_37_T_rep2.pdb
-83.815,0.23,-1283.255,5.167,-714.271,-0.009,477.348,3.434,relaxed_ortho_3_A_23_K_rep4.pdb
-84.015,0.029,-1286.799,1.623,-714.354,-0.092,500.118,26.204,relaxed_ortho_3_A_24_Y_rep3.pdb
-76.807,7.238,-1279.152,9.27,-713.314,0.948,476.491,2.577,relaxed_ortho_3_A_84_R_rep4.pdb
-82.753,1.292,-1286.697,1.725,-713.368,0.894,474.532,0.618,relaxed_ortho_3_B_100_T_rep4.pdb
-82.959,1.085,-1286.801,1.62,-713.415,0.847,478.154,4.24,relaxed_ortho_3_A_21_D_rep5.pdb
-82.735,1.31,-1286.74,1.682,-714.409,-0.147,478.202,4.288,relaxed_ortho_3_A_71_K_rep1.pdb
-84.974,-0.929,-1289.585,-1.163,-713.464,0.798,476.068,2.154,relaxed_ortho_3_B_57_H_rep1.pdb
-83.021,1.024,-1285.712,2.71,-713.42,0.842,477.677,3.763,relaxed_ortho_3_A_83_K_rep4.pdb
-86.494,-2.449,-1284.319,4.102,-713.659,0.603,480.659,6.745,relaxed_ortho_3_A_26_V_rep3.pdb
-83.495,0.549,-1287.465,0.957,-713.293,0.969,486.105,12.191,relaxed_ortho_3_B_56_Q_rep4.pdb
-84.881,-0.837,-1284.147,4.275,-714.418,-0.156,479.791,5.878,relaxed_ortho_3_A_74_C_rep5.pdb
-76.104,7.94,-1283.316,5.106,-712.33,1.932,474.635,0.721,relaxed_ortho_3_A_40_E_rep1.pdb
-81.555,2.489,-1279.21,9.212,-714.392,-0.13,480.072,6.158,relaxed_ortho_3_A_75_D_rep3.pdb
-83.84,0.205,-1284.042,4.38,-714.682,-0.42,479.543,5.629,relaxed_ortho_3_A_77_L_rep5.pdb
-83.453,0.592,-1285.877,2.545,-714.424,-0.162,470.921,-2.992,relaxed_ortho_3_B_13_A_rep1.pdb
-83.295,0.749,-1282.323,6.099,-713.463,0.799,488.376,14.462,relaxed_ortho_3_B_17_V_rep1.pdb
-82.995,1.05,-1285.426,2.996,-713.524,0.738,480.435,6.521,relaxed_ortho_3_A_21_R_rep1.pdb
-77.08,6.964,-1281.22,7.202,-713.181,1.081,478.973,5.059,relaxed_ortho_3_A_35_M_rep1.pdb
-78.345,5.7,-1280.997,7.425,-714.891,-0.629,478.916,5.002,relaxed_ortho_3_A_77_E_rep2.pdb
-76.797,7.248,-1274.174,14.247,-710.592,3.67,470.627,-3.287,relaxed_ortho_3_B_55_W_rep4.pdb
-82.831,1.214,-1286.167,2.255,-714.056,0.206,478.142,4.228,relaxed_ortho_3_A_86_H_rep5.pdb
-83.874,0.17,-1277.404,11.017,-714.149,0.113,478.434,4.52,relaxed_ortho_3_B_11_P_rep5.pdb
-84.134,-0.09,-1283.446,4.976,-714.045,0.217,479.759,5.845,relaxed_ortho_3_A_87_N_rep4.pdb
-82.309,1.735,-1282.275,6.147,-714.442,-0.18,477.391,3.477,relaxed_ortho_3_A_75_C_rep2.pdb
-84.975,-0.93,-1285.997,2.425,-714.286,-0.024,476.805,2.891,relaxed_ortho_3_A_32_E_rep1.pdb
-87.139,-3.094,-1288.106,0.316,-713.845,0.417,477.004,3.09,relaxed_ortho_3_A_28_M_rep4.pdb
-83.958,0.087,-1285.857,2.565,-714.381,-0.119,478.361,4.447,relaxed_ortho_3_A_29_N_rep3.pdb
-89.212,-5.168,-1284.465,3.957,-713.012,1.25,477.697,3.783,relaxed_ortho_3_A_36_P_rep4.pdb
-84.043,0.002,-1286.743,1.679,-713.662,0.6,475.484,1.571,relaxed_ortho_3_A_36_C_rep5.pdb
-83.059,0.985,-1287.683,0.739,-713.487,0.775,478.474,4.56,relaxed_ortho_3_A_21_W_rep2.pdb
-82.782,1.263,-1283.287,5.134,-714.264,-0.002,481.078,7.164,relaxed_ortho_3_A_21_G_rep1.pdb
-87.126,-3.081,-1286.139,2.283,-714.246,0.016,479.848,5.934,relaxed_ortho_3_A_26_W_rep1.pdb
-83.159,0.885,-1282.234,6.188,-713.313,0.949,482.188,8.274,relaxed_ortho_3_A_25_Q_rep1.pdb
-84.217,-0.172,-1286.698,1.724,-714.773,-0.511,478.895,4.981,relaxed_ortho_3_A_78_Q_rep1.pdb
-86.597,-2.552,-1286.405,2.017,-713.127,1.135,471.653,-2.261,relaxed_ortho_3_A_35_P_rep3.pdb
-82.893,1.152,-1290.12,-1.698,-713.287,0.975,472.826,-1.087,relaxed_ortho_3_A_28_S_rep3.pdb
-82.978,1.067,-1288.601,-0.179,-713.319,0.943,476.637,2.723,relaxed_ortho_3_A_30_I_rep5.pdb
-82.916,1.128,-1287.944,0.478,-713.241,1.021,472.516,-1.398,relaxed_ortho_3_B_102_I_rep3.pdb
-80.162,3.882,-1285.547,2.875,-713.334,0.928,479.859,5.945,relaxed_ortho_3_A_40_V_rep3.pdb
-81.773,2.271,-1286.02,2.402,-713.411,0.851,474.428,0.514,relaxed_ortho_3_B_102_G_rep4.pdb
-73.648,10.396,-1279.696,8.726,-713.845,0.417,460.008,-13.905,relaxed_ortho_3_A_38_K_rep2.pdb
-86.98,-2.935,-1282.727,5.695,-714.293,-0.031,484.887,10.973,relaxed_ortho_3_A_31_S_rep5.pdb
-86.401,-2.356,-1286.941,1.481,-714.227,0.035,475.213,1.3,relaxed_ortho_3_A_34_A_rep5.pdb
-83.009,1.035,-1284.26,4.162,-713.494,0.767,478.86,4.946,relaxed_ortho_3_A_83_C_rep3.pdb
-80.493,3.552,-1287.194,1.228,-712.855,1.407,470.649,-3.265,relaxed_ortho_3_A_40_L_rep4.pdb
-80.06,3.985,-1280.343,8.079,-714.07,0.192,481.248,7.334,relaxed_ortho_3_A_77_R_rep3.pdb
-83.806,0.238,-1266.952,21.47,-713.61,0.652,490.513,16.599,relaxed_ortho_3_A_87_I_rep2.pdb
-83.34,0.705,-1287.462,0.96,-713.443,0.819,475.286,1.372,relaxed_ortho_3_A_86_M_rep1.pdb
-83.02,1.024,-1269.487,18.935,-714.189,0.073,488.082,14.168,relaxed_ortho_3_A_87_V_rep3.pdb
-83.823,0.221,-1281.619,6.803,-714.362,-0.1,478.314,4.4,relaxed_ortho_3_A_22_P_rep2.pdb
-82.823,1.221,-1276.685,11.737,-713.729,0.533,486.398,12.485,relaxed_ortho_3_A_72_D_rep4.pdb
-83.737,0.308,-1287.443,0.979,-713.497,0.765,482.853,8.939,relaxed_ortho_3_B_17_Q_rep3.pdb
-88.037,-3.993,-1274.414,14.008,-714.355,-0.093,499.523,25.609,relaxed_ortho_3_A_39_F_rep5.pdb
-83.754,0.29,-1280.654,7.768,-714.367,-0.105,481.095,7.181,relaxed_ortho_3_B_59_G_rep5.pdb
-81.974,2.071,-1242.428,45.994,-713.822,0.44,502.159,28.246,relaxed_ortho_3_A_72_K_rep5.pdb
-82.867,1.178,-1279.993,8.429,-713.468,0.794,483.3,9.386,relaxed_ortho_3_B_59_Y_rep3.pdb
-82.224,1.82,-1283.905,4.517,-714.136,0.126,478.327,4.413,relaxed_ortho_3_A_27_L_rep5.pdb
-82.103,1.942,-1286.914,1.508,-713.903,0.359,473.831,-0.083,relaxed_ortho_3_A_79_L_rep5.pdb
-81.125,2.92,-1286.294,2.128,-713.119,1.143,473.911,-0.003,relaxed_ortho_3_A_73_S_rep1.pdb
-80.284,3.76,-1288.096,0.326,-713.512,0.75,472.106,-1.808,relaxed_ortho_3_A_33_N_rep3.pdb
-83.838,0.207,-1286.64,1.781,-714.276,-0.014,475.216,1.302,relaxed_ortho_3_A_23_W_rep4.pdb
-82.639,1.405,-1263.767,24.654,-713.322,0.94,291.649,-182.265,relaxed_ortho_3_B_14_V_rep5.pdb
-82.99,1.054,-1288.615,-0.193,-713.473,0.789,475.834,1.92,relaxed_ortho_3_A_41_P_rep5.pdb
-83.432,0.613,-1284.8,3.622,-714.091,0.171,471.973,-1.941,relaxed_ortho_3_B_13_S_rep2.pdb
-83.114,0.931,-1288.573,-0.151,-713.489,0.773,474.166,0.253,relaxed_ortho_3_A_28_Q_rep3.pdb
-80.822,3.223,-1285.193,3.228,-714.888,-0.626,476.041,2.128,relaxed_ortho_3_A_38_F_rep1.pdb
-81.796,2.248,-1287.378,1.044,-714.395,-0.133,473.826,-0.088,relaxed_ortho_3_A_38_V_rep2.pdb
-83.195,0.849,-1283.617,4.805,-713.452,0.81,478.744,4.83,relaxed_ortho_3_B_14_S_rep1.pdb
-83.45,0.595,-1282.824,5.598,-713.394,0.868,482.696,8.782,relaxed_ortho_3_A_87_M_rep3.pdb
-84.121,-0.077,-1289.366,-0.944,-713.85,0.412,473.234,-0.68,relaxed_ortho_3_A_34_T_rep1.pdb
-83.096,0.949,-1288.529,-0.107,-713.412,0.85,475.284,1.37,relaxed_ortho_3_A_72_V_rep5.pdb
-81.761,2.283,-1283.164,5.258,-713.317,0.945,475.439,1.525,relaxed_ortho_3_B_55_M_rep3.pdb
-83.833,0.211,-1273.174,15.248,-714.031,0.231,491.155,17.241,relaxed_ortho_3_A_25_G_rep3.pdb
-82.77,1.275,-1268.679,19.743,-714.062,0.2,492.475,18.561,relaxed_ortho_3_A_71_P_rep5.pdb
-82.909,1.136,-1283.871,4.551,-713.525,0.737,478.481,4.567,relaxed_ortho_3_A_85_T_rep2.pdb
-86.67,-2.626,-1272.579,15.843,-714.281,-0.019,493.414,19.5,relaxed_ortho_3_A_31_V_rep2.pdb
-80.458,3.587,-1285.751,2.671,-713.485,0.777,477.736,3.822,relaxed_ortho_3_A_40_H_rep3.pdb
-83.848,0.196,-1286.641,1.781,-714.399,-0.137,475.764,1.85,relaxed_ortho_3_A_23_W_rep5.pdb
-84.588,-0.543,-1290.523,-2.102,-714.236,0.026,472.075,-1.838,relaxed_ortho_3_B_12_S_rep1.pdb
-83.389,0.656,-1287.246,1.176,-713.241,1.021,481.07,7.156,relaxed_ortho_3_B_17_G_rep3.pdb
-85.88,-1.836,-1281.583,6.839,-714.237,0.025,481.918,8.004,relaxed_ortho_3_A_31_C_rep2.pdb
-83.194,0.851,-1284.859,3.563,-713.334,0.928,479.634,5.72,relaxed_ortho_3_A_87_G_rep2.pdb
-81.48,2.565,-1290.217,-1.796,-713.678,0.584,468.214,-5.699,relaxed_ortho_3_A_33_R_rep2.pdb
-76.821,7.224,-1282.462,5.96,-712.622,1.64,477.519,3.605,relaxed_ortho_3_A_40_S_rep3.pdb
-83.345,0.7,-1287.42,1.002,-713.503,0.759,483.063,9.149,relaxed_ortho_3_B_17_A_rep2.pdb
-83.054,0.99,-1285.698,2.724,-714.513,-0.252,475.019,1.105,relaxed_ortho_3_A_78_F_rep3.pdb
-83.217,0.827,-1286.563,1.859,-713.132,1.13,478.25,4.336,relaxed_ortho_3_A_83_R_rep2.pdb
-82.9,1.144,-1251.129,37.293,-713.815,0.447,503.763,29.85,relaxed_ortho_3_B_59_P_rep5.pdb
-83.871,0.174,-1285.136,3.286,-714.442,-0.18,479.117,5.203,relaxed_ortho_3_A_29_K_rep5.pdb
-81.444,2.6,-1280.698,7.723,-713.358,0.904,480.416,6.502,relaxed_ortho_3_A_75_N_rep4.pdb
-80.518,3.526,-1269.906,18.516,-713.664,0.598,487.079,13.165,relaxed_ortho_3_A_82_F_rep2.pdb
-85.186,-1.141,-1277.638,10.784,-714.033,0.229,489.368,15.455,relaxed_ortho_3_A_87_Y_rep3.pdb
-82.873,1.171,-1223.772,64.65,-714.309,-0.047,534.388,60.474,relaxed_ortho_3_B_11_M_rep1.pdb
-83.291,0.753,-1286.165,2.257,-713.694,0.568,484.863,10.949,relaxed_ortho_3_B_17_L_rep2.pdb
-83.85,0.195,-1288.057,0.365,-714.415,-0.153,473.699,-0.214,relaxed_ortho_3_A_33_T_rep3.pdb
-83.815,0.23,-1258.999,29.423,-713.839,0.423,508.248,34.334,relaxed_ortho_3_B_14_H_rep2.pdb
-83.645,0.399,-1286.328,2.093,-712.029,2.233,477.283,3.369,relaxed_ortho_3_B_15_H_rep2.pdb
-87.439,-3.395,-1253.545,34.877,-714.112,0.15,473.351,-0.563,relaxed_ortho_3_A_39_R_rep1.pdb
-83.027,1.017,-1288.754,-0.333,-713.405,0.857,474.174,0.26,relaxed_ortho_3_A_21_E_rep5.pdb
-83.863,0.182,-1282.238,6.183,-713.771,0.491,481.274,7.36,relaxed_ortho_3_A_85_F_rep5.pdb
-82.98,1.065,-1289.194,-0.772,-713.194,1.068,472.47,-1.444,relaxed_ortho_3_B_98_S_rep5.pdb
-83.949,0.095,-1286.427,1.994,-714.371,-0.109,477.735,3.821,relaxed_ortho_3_A_21_Q_rep2.pdb
-83.798,0.246,-1287.93,0.491,-714.257,0.005,473.518,-0.395,relaxed_ortho_3_B_98_T_rep5.pdb
-82.885,1.16,-1287.335,1.086,-714.076,0.186,477.944,4.03,relaxed_ortho_3_A_28_G_rep1.pdb
-82.528,1.517,-1290.777,-2.355,-714.499,-0.237,472.284,-1.63,relaxed_ortho_3_B_12_I_rep5.pdb
-82.948,1.097,-1284.609,3.813,-713.228,1.034,477.289,3.376,relaxed_ortho_3_B_59_S_rep2.pdb
-83.022,1.022,-1288.451,-0.029,-713.634,0.628,475.915,2.001,relaxed_ortho_3_A_86_R_rep2.pdb
-81.666,2.379,-1285.986,2.436,-713.425,0.837,475.781,1.868,relaxed_ortho_3_B_102_G_rep5.pdb
-77.773,6.271,-1282.381,6.041,-712.066,2.196,475.79,1.876,relaxed_ortho_3_A_40_R_rep2.pdb
-83.05,0.995,-1284.62,3.802,-713.433,0.828,479.941,6.027,relaxed_ortho_3_A_71_V_rep2.pdb
-87.524,-3.48,-1288.025,0.397,-714.31,-0.048,478.663,4.749,relaxed_ortho_3_A_76_T_rep3.pdb
-83.826,0.219,-1287.624,0.798,-714.35,-0.088,472.366,-1.548,relaxed_ortho_3_A_21_F_rep4.pdb
-83.312,0.732,-1265.963,22.459,-714.229,0.033,480.88,6.966,relaxed_ortho_3_A_72_L_rep4.pdb
-83.934,0.11,-1281.205,7.217,-714.329,-0.067,485.49,11.576,relaxed_ortho_3_A_24_G_rep2.pdb
-82.979,1.065,-1287.842,0.58,-713.325,0.937,476.199,2.286,relaxed_ortho_3_B_12_G_rep3.pdb
-86.561,-2.516,-1289.264,-0.842,-713.054,1.207,464.397,-9.517,relaxed_ortho_3_B_58_Y_rep5.pdb
-81.661,2.384,-1283.616,4.806,-713.331,0.931,476.6,2.686,relaxed_ortho_3_B_58_R_rep3.pdb
-83.683,0.362,-1289.599,-1.177,-714.554,-0.292,472.969,-0.945,relaxed_ortho_3_B_101_H_rep2.pdb
-85.64,-1.595,-1281.991,6.43,-712.587,1.675,478.086,4.172,relaxed_ortho_3_B_98_W_rep1.pdb
-82.33,1.715,-1286.191,2.231,-712.961,1.301,482.854,8.94,relaxed_ortho_3_B_54_H_rep5.pdb
-83.535,0.509,-1282.789,5.633,-713.305,0.957,481.726,7.812,relaxed_ortho_3_A_87_M_rep1.pdb
-84.929,-0.884,-1285.539,2.882,-710.227,4.035,474.882,0.968,relaxed_ortho_3_B_15_Y_rep2.pdb
-81.636,2.408,-1286.016,2.406,-714.404,-0.142,476.047,2.133,relaxed_ortho_3_A_78_E_rep2.pdb
-86.245,-2.2,-1286.118,2.304,-713.362,0.9,477.202,3.288,relaxed_ortho_3_A_26_A_rep1.pdb
-84.366,-0.322,-1289.745,-1.324,-713.496,0.766,476.079,2.165,relaxed_ortho_3_B_101_M_rep4.pdb
-85.476,-1.431,-1281.62,6.801,-714.325,-0.063,484.79,10.877,relaxed_ortho_3_A_87_K_rep4.pdb
-82.872,1.173,-1284.106,4.315,-713.345,0.917,478.846,4.932,relaxed_ortho_3_A_85_E_rep4.pdb
-81.269,2.775,-1286.515,1.907,-712.926,1.336,480.157,6.243,relaxed_ortho_3_A_40_I_rep3.pdb
-82.874,1.17,-1287.939,0.483,-714.383,-0.121,476.034,2.12,relaxed_ortho_3_B_100_E_rep4.pdb
-85.34,-1.295,-1289.039,-0.617,-713.52,0.741,479.091,5.177,relaxed_ortho_3_A_26_Q_rep1.pdb
-88.292,-4.248,-1290.83,-2.408,-713.379,0.883,477.45,3.536,relaxed_ortho_3_B_57_W_rep5.pdb
-83.064,0.981,-1280.305,8.116,-713.163,1.099,482.988,9.074,relaxed_ortho_3_A_83_G_rep4.pdb
-79.391,4.653,-1283.312,5.11,-713.484,0.778,474.169,0.255,relaxed_ortho_3_B_55_G_rep3.pdb
-82.995,1.05,-1283.555,4.867,-713.566,0.696,479.768,5.854,relaxed_ortho_3_A_23_M_rep4.pdb
-81.839,2.205,-1268.311,20.11,-712.514,1.748,478.725,4.811,relaxed_ortho_3_B_55_P_rep5.pdb
-83.845,0.2,-1288.077,0.344,-714.338,-0.076,475.355,1.441,relaxed_ortho_3_B_98_K_rep3.pdb
-83.727,0.318,-1290.872,-2.451,-714.51,-0.248,471.53,-2.384,relaxed_ortho_3_B_98_R_rep2.pdb
-85.573,-1.529,-1247.923,40.499,-713.553,0.709,498.459,24.546,relaxed_ortho_3_A_72_W_rep3.pdb
-84.922,-0.877,-1278.158,10.263,-714.37,-0.108,487.424,13.51,relaxed_ortho_3_A_74_G_rep5.pdb
-82.624,1.42,-1272.658,15.764,-710.369,3.893,455.207,-18.707,relaxed_ortho_3_A_41_Y_rep5.pdb
-81.751,2.294,-1281.018,7.404,-713.657,0.605,481.241,7.328,relaxed_ortho_3_A_75_A_rep4.pdb
-82.781,1.263,-1281.017,7.405,-714.042,0.22,484.457,10.543,relaxed_ortho_3_A_72_S_rep5.pdb
-83.029,1.016,-1287.868,0.554,-713.521,0.741,476.569,2.656,relaxed_ortho_3_A_86_N_rep2.pdb
-83.948,0.096,-1283.432,4.99,-714.491,-0.229,480.601,6.687,relaxed_ortho_3_A_21_G_rep5.pdb
-84.4,-0.355,-1282.027,6.395,-714.228,0.034,482.219,8.306,relaxed_ortho_3_A_87_D_rep1.pdb
-81.643,2.402,-1280.886,7.536,-713.527,0.735,481.481,7.568,relaxed_ortho_3_A_75_N_rep1.pdb
-79.512,4.532,-1280.933,7.489,-713.011,1.251,473.188,-0.726,relaxed_ortho_3_A_82_K_rep4.pdb
-81.166,2.878,-1283.878,4.544,-714.533,-0.271,478.241,4.328,relaxed_ortho_3_B_57_G_rep3.pdb
-83.653,0.391,-1279.648,8.774,-714.132,0.13,474.219,0.305,relaxed_ortho_3_A_23_T_rep2.pdb
-82.91,1.134,-1285.128,3.294,-713.273,0.989,478.257,4.343,relaxed_ortho_3_A_85_M_rep4.pdb
-83.261,0.784,-1286.567,1.854,-713.421,0.841,476.496,2.582,relaxed_ortho_3_A_33_F_rep3.pdb
-83.033,1.011,-1285.615,2.807,-713.468,0.794,481.167,7.253,relaxed_ortho_3_A_22_T_rep3.pdb
-82.043,2.001,-1282.218,6.204,-713.067,1.195,480.202,6.288,relaxed_ortho_3_A_82_F_rep1.pdb
-85.746,-1.701,-1285.245,3.177,-714.183,0.079,479.232,5.318,relaxed_ortho_3_B_58_I_rep5.pdb
-75.002,9.042,-1280.825,7.597,-714.301,-0.039,468.287,-5.626,relaxed_ortho_3_A_38_D_rep3.pdb
-83.85,0.195,-1287.992,0.43,-714.362,-0.1,475.408,1.495,relaxed_ortho_3_A_84_F_rep1.pdb
-86.179,-2.135,-1252.663,35.759,-711.054,3.208,514.675,40.761,relaxed_ortho_3_A_39_W_rep3.pdb
-82.368,1.677,-1288.959,-0.537,-713.707,0.555,475.993,2.079,relaxed_ortho_3_A_30_V_rep5.pdb
-82.173,1.871,-1284.001,4.421,-710.93,3.332,479.64,5.726,relaxed_ortho_3_B_15_N_rep5.pdb
-81.893,2.152,-1285.555,2.867,-713.286,0.976,472.434,-1.48,relaxed_ortho_3_B_102_N_rep5.pdb
-83.283,0.762,-1286.108,2.314,-714.628,-0.366,474.953,1.039,relaxed_ortho_3_A_78_Y_rep3.pdb
-80.452,3.592,-1283.979,4.442,-713.028,1.234,478.843,4.93,relaxed_ortho_3_B_15_I_rep5.pdb
-80.044,4.0,-1285.128,3.294,-712.644,1.618,469.189,-4.725,relaxed_ortho_3_A_73_V_rep1.pdb
-82.837,1.208,-1282.411,6.011,-713.777,0.485,481.314,7.4,relaxed_ortho_3_A_85_D_rep1.pdb
-82.638,1.407,-1287.836,0.586,-714.128,0.134,474.899,0.986,relaxed_ortho_3_B_17_K_rep5.pdb
-86.639,-2.594,-1290.308,-1.886,-714.849,-0.587,474.801,0.887,relaxed_ortho_3_A_34_V_rep3.pdb
-83.055,0.989,-1291.157,-2.735,-713.3,0.962,471.674,-2.24,relaxed_ortho_3_B_12_R_rep2.pdb
-84.713,-0.669,-1281.079,7.342,-714.372,-0.11,484.753,10.839,relaxed_ortho_3_A_39_M_rep2.pdb
-86.941,-2.897,-1290.409,-1.987,-713.114,1.148,476.14,2.226,relaxed_ortho_3_B_57_F_rep2.pdb
-83.018,1.027,-1284.875,3.547,-713.43,0.832,477.53,3.616,relaxed_ortho_3_A_29_M_rep4.pdb
-80.272,3.772,-1291.047,-2.625,-717.611,-3.349,467.797,-6.117,relaxed_ortho_3_A_35_R_rep5.pdb
-78.534,5.51,-1281.352,7.07,-713.389,0.873,474.709,0.795,relaxed_ortho_3_A_77_H_rep2.pdb
-83.232,0.812,-1286.953,1.469,-713.425,0.837,476.24,2.326,relaxed_ortho_3_A_86_A_rep2.pdb
-82.688,1.356,-1276.366,12.055,-713.009,1.253,481.323,7.409,relaxed_ortho_3_A_75_W_rep3.pdb
-82.144,1.9,-1285.955,2.467,-714.046,0.216,475.371,1.457,relaxed_ortho_3_B_13_R_rep2.pdb
-83.081,0.964,-1285.252,3.17,-713.515,0.747,480.842,6.928,relaxed_ortho_3_B_59_H_rep2.pdb
-84.98,-0.936,-1289.708,-1.287,-713.481,0.781,476.43,2.516,relaxed_ortho_3_B_57_H_rep2.pdb
-80.838,3.206,-1286.444,1.978,-713.177,1.085,476.17,2.256,relaxed_ortho_3_B_101_D_rep4.pdb
-82.246,1.799,-1273.196,15.226,-713.989,0.273,489.887,15.973,relaxed_ortho_3_A_37_K_rep2.pdb
-82.978,1.066,-1284.206,4.216,-713.351,0.911,478.122,4.208,relaxed_ortho_3_A_23_D_rep4.pdb
-82.487,1.558,-1280.577,7.845,-714.283,-0.021,478.502,4.588,relaxed_ortho_3_A_75_N_rep2.pdb
-83.032,1.013,-1280.524,7.898,-713.566,0.696,483.544,9.63,relaxed_ortho_3_A_83_G_rep2.pdb
-84.063,-0.018,-1267.153,21.269,-714.004,0.258,499.17,25.256,relaxed_ortho_3_B_11_C_rep5.pdb
-80.541,3.504,-1284.08,4.342,-712.463,1.799,476.698,2.784,relaxed_ortho_3_B_15_V_rep3.pdb
-82.957,1.088,-1285.494,2.928,-714.066,0.196,482.812,8.898,relaxed_ortho_3_A_22_T_rep1.pdb
-82.635,1.41,-1286.307,2.115,-713.182,1.08,476.201,2.287,relaxed_ortho_3_A_27_E_rep4.pdb
-82.829,1.216,-1284.702,3.72,-714.618,-0.356,476.749,2.836,relaxed_ortho_3_A_81_F_rep4.pdb
-84.167,-0.122,-1288.168,0.254,-714.402,-0.14,472.857,-1.057,relaxed_ortho_3_A_28_T_rep1.pdb
-81.149,2.896,-1275.897,12.525,-710.185,4.077,471.585,-2.329,relaxed_ortho_3_A_41_E_rep2.pdb
-85.366,-1.321,-1287.305,1.116,-711.271,2.991,478.676,4.762,relaxed_ortho_3_B_17_G_rep4.pdb
-82.355,1.69,-1280.266,8.155,-713.37,0.892,481.26,7.346,relaxed_ortho_3_A_75_H_rep2.pdb
-82.266,1.778,-1263.752,24.67,-712.833,1.428,500.502,26.588,relaxed_ortho_3_B_58_P_rep1.pdb
-82.998,1.046,-1288.449,-0.028,-713.238,1.023,474.293,0.379,relaxed_ortho_3_A_72_V_rep3.pdb
-83.015,1.029,-1285.773,2.649,-713.153,1.109,478.264,4.35,relaxed_ortho_3_A_26_D_rep5.pdb
-80.287,3.758,-1285.423,2.999,-714.36,-0.098,473.469,-0.445,relaxed_ortho_3_A_38_T_rep5.pdb
-84.445,-0.4,-1284.981,3.441,-714.367,-0.105,479.269,5.355,relaxed_ortho_3_A_24_Q_rep5.pdb
-87.217,-3.172,-1249.843,38.579,-710.829,3.433,518.639,44.725,relaxed_ortho_3_A_39_W_rep5.pdb
-81.547,2.498,-1285.923,2.499,-714.302,-0.04,473.714,-0.2,relaxed_ortho_3_A_33_E_rep3.pdb
-75.687,8.357,-1273.422,15.0,-711.447,2.815,480.359,6.445,relaxed_ortho_3_B_55_F_rep5.pdb
-80.3,3.745,-1288.154,0.267,-714.519,-0.257,471.364,-2.55,relaxed_ortho_3_A_33_D_rep1.pdb
-83.046,0.998,-1286.496,1.925,-713.245,1.016,478.309,4.395,relaxed_ortho_3_B_98_E_rep4.pdb
-82.853,1.192,-1284.553,3.868,-713.252,1.01,477.66,3.746,relaxed_ortho_3_A_32_G_rep4.pdb
-84.041,0.004,-1283.408,5.014,-714.313,-0.051,481.043,7.129,relaxed_ortho_3_A_24_C_rep4.pdb
-86.613,-2.568,-1281.496,6.926,-713.962,0.3,484.31,10.396,relaxed_ortho_3_A_37_S_rep3.pdb
-78.815,5.23,-1281.807,6.615,-714.731,-0.469,477.528,3.614,relaxed_ortho_3_A_77_D_rep5.pdb
-83.089,0.956,-1287.729,0.693,-713.339,0.923,475.59,1.676,relaxed_ortho_3_A_86_I_rep5.pdb
-77.589,6.455,-1280.316,8.106,-713.539,0.723,480.052,6.138,relaxed_ortho_3_B_15_K_rep2.pdb
-83.117,0.927,-1288.767,-0.345,-713.955,0.306,471.348,-2.566,relaxed_ortho_3_B_13_P_rep5.pdb
-85.26,-1.216,-1290.888,-2.466,-713.2,1.062,476.003,2.089,relaxed_ortho_3_A_28_K_rep1.pdb
-82.88,1.164,-1223.732,64.69,-714.159,0.103,538.218,64.304,relaxed_ortho_3_B_11_M_rep4.pdb
-83.779,0.266,-1285.108,3.313,-711.163,3.099,470.69,-3.224,relaxed_ortho_3_A_35_Y_rep2.pdb
-83.033,1.011,-1285.541,2.881,-713.522,0.74,481.053,7.139,relaxed_ortho_3_A_86_G_rep4.pdb
-79.898,4.147,-1285.386,3.036,-713.217,1.045,472.531,-1.383,relaxed_ortho_3_A_38_Q_rep2.pdb
-83.125,0.919,-1286.608,1.814,-713.524,0.738,477.727,3.813,relaxed_ortho_3_B_98_E_rep5.pdb
-82.966,1.079,-1287.016,1.405,-713.125,1.137,474.384,0.47,relaxed_ortho_3_B_100_Q_rep4.pdb
-80.43,3.614,-1283.967,4.454,-714.907,-0.645,473.973,0.059,relaxed_ortho_3_A_80_E_rep2.pdb
-85.812,-1.767,-1283.043,5.379,-714.328,-0.066,483.151,9.237,relaxed_ortho_3_A_37_M_rep1.pdb
-83.342,0.702,-1289.145,-0.723,-713.142,1.12,475.013,1.099,relaxed_ortho_3_B_101_V_rep3.pdb
-89.227,-5.182,-1291.329,-2.907,-714.172,0.09,473.344,-0.57,relaxed_ortho_3_A_34_Y_rep5.pdb
-83.24,0.804,-1286.378,2.043,-714.169,0.093,475.804,1.89,relaxed_ortho_3_B_102_T_rep3.pdb
-84.845,-0.8,-1288.671,-0.249,-714.072,0.19,477.231,3.318,relaxed_ortho_3_A_28_H_rep1.pdb
-82.193,1.852,-1287.819,0.603,-713.332,0.93,475.238,1.324,relaxed_ortho_3_B_57_D_rep4.pdb
-82.764,1.28,-1277.096,11.326,-713.514,0.748,219.954,-253.96,relaxed_ortho_3_A_22_L_rep1.pdb
-87.074,-3.03,-1282.819,5.603,-714.223,0.039,483.365,9.451,relaxed_ortho_3_A_31_Q_rep5.pdb
-84.374,-0.33,-1284.02,4.401,-712.268,1.994,478.473,4.559,relaxed_ortho_3_A_24_P_rep5.pdb
-79.749,4.295,-1281.24,7.182,-712.954,1.308,474.545,0.631,relaxed_ortho_3_A_77_H_rep5.pdb
-79.569,4.476,-1277.472,10.95,-712.524,1.738,483.583,9.669,relaxed_ortho_3_A_82_Y_rep2.pdb
-86.408,-2.364,-1288.857,-0.435,-713.053,1.209,473.903,-0.01,relaxed_ortho_3_A_32_Y_rep3.pdb
-83.296,0.748,-1286.857,1.564,-714.185,0.077,474.641,0.728,relaxed_ortho_3_B_100_F_rep3.pdb
-85.294,-1.249,-1255.076,33.346,-707.969,6.293,487.62,13.706,relaxed_ortho_3_A_25_Y_rep2.pdb
-83.129,0.915,-1284.01,4.412,-713.551,0.711,480.34,6.426,relaxed_ortho_3_A_29_C_rep5.pdb
-83.268,0.777,-1287.504,0.918,-713.32,0.942,478.163,4.249,relaxed_ortho_3_A_86_V_rep3.pdb
-83.935,0.11,-1287.827,0.595,-714.353,-0.091,474.521,0.607,relaxed_ortho_3_B_12_W_rep4.pdb
-81.111,2.933,-1283.624,4.798,-714.93,-0.668,477.356,3.442,relaxed_ortho_3_A_80_A_rep3.pdb
-82.701,1.343,-1285.413,3.009,-714.674,-0.412,474.445,0.531,relaxed_ortho_3_A_79_M_rep1.pdb
-87.3,-3.255,-1280.188,8.234,-714.304,-0.042,486.792,12.878,relaxed_ortho_3_A_31_K_rep1.pdb
-77.887,6.157,-1285.971,2.451,-715.671,-1.409,471.82,-2.094,relaxed_ortho_3_A_35_N_rep5.pdb
-82.985,1.06,-1271.986,16.436,-714.785,-0.523,489.162,15.248,relaxed_ortho_3_A_80_I_rep1.pdb
-82.726,1.319,-1285.71,2.712,-714.485,-0.223,474.229,0.315,relaxed_ortho_3_A_81_Y_rep4.pdb
-83.028,1.016,-1287.082,1.339,-713.573,0.689,477.145,3.232,relaxed_ortho_3_A_86_A_rep3.pdb
-82.954,1.091,-1289.382,-0.96,-713.515,0.747,473.872,-0.041,relaxed_ortho_3_A_28_A_rep4.pdb
-82.02,2.025,-1282.454,5.967,-714.951,-0.689,479.056,5.143,relaxed_ortho_3_A_77_C_rep2.pdb
-82.891,1.154,-1281.761,6.66,-713.273,0.989,484.191,10.278,relaxed_ortho_3_A_30_M_rep3.pdb
-82.414,1.63,-1284.229,4.193,-714.196,0.066,477.823,3.909,relaxed_ortho_3_A_29_M_rep2.pdb
-81.866,2.178,-1286.208,2.213,-713.492,0.77,472.022,-1.891,relaxed_ortho_3_B_54_P_rep5.pdb
-78.446,5.599,-1271.371,17.051,-708.839,5.423,476.462,2.548,relaxed_ortho_3_A_41_W_rep5.pdb
-79.863,4.182,-1278.612,9.81,-713.496,0.766,484.795,10.882,relaxed_ortho_3_A_75_Q_rep5.pdb
-88.479,-4.434,-1280.527,7.895,-714.7,-0.438,487.268,13.355,relaxed_ortho_3_A_37_W_rep1.pdb
-83.801,0.244,-1284.847,3.575,-714.137,0.125,477.027,3.113,relaxed_ortho_3_A_27_P_rep4.pdb
-86.295,-2.25,-1289.941,-1.519,-714.746,-0.484,474.522,0.609,relaxed_ortho_3_A_34_V_rep4.pdb
-81.224,2.821,-1290.758,-2.337,-713.742,0.52,469.628,-4.286,relaxed_ortho_3_A_33_S_rep2.pdb
-83.017,1.027,-1282.892,5.53,-713.471,0.791,477.401,3.487,relaxed_ortho_3_A_22_S_rep2.pdb
-83.118,0.927,-1288.684,-0.262,-713.496,0.766,473.273,-0.641,relaxed_ortho_3_A_28_R_rep5.pdb
-87.792,-3.747,-1272.093,16.329,-714.137,0.125,499.661,25.747,relaxed_ortho_3_A_39_Y_rep1.pdb
-84.097,-0.052,-1259.688,28.734,-714.061,0.201,499.19,25.276,relaxed_ortho_3_B_11_Q_rep2.pdb
-87.83,-3.785,-1284.77,3.652,-712.341,1.921,486.66,12.746,relaxed_ortho_3_A_27_Y_rep4.pdb
-71.767,12.277,-1270.203,18.219,-712.746,1.516,481.095,7.181,relaxed_ortho_3_A_75_R_rep5.pdb
-83.738,0.306,-1289.783,-1.361,-714.374,-0.112,472.459,-1.455,relaxed_ortho_3_B_12_Q_rep4.pdb
-78.425,5.62,-1281.688,6.734,-714.714,-0.452,475.906,1.992,relaxed_ortho_3_A_38_G_rep2.pdb
-83.591,0.454,-1286.761,1.661,-713.392,0.87,478.795,4.881,relaxed_ortho_3_A_82_I_rep4.pdb
-82.852,1.193,-1279.44,8.982,-713.268,0.994,483.545,9.631,relaxed_ortho_3_B_59_F_rep2.pdb
-83.892,0.152,-1287.62,0.801,-714.144,0.118,474.594,0.68,relaxed_ortho_3_A_23_Y_rep5.pdb
-83.269,0.775,-1286.945,1.476,-713.36,0.902,477.583,3.669,relaxed_ortho_3_B_98_M_rep4.pdb
-83.093,0.952,-1288.871,-0.449,-713.228,1.034,474.682,0.769,relaxed_ortho_3_A_85_K_rep4.pdb
-81.32,2.724,-1288.015,0.407,-713.685,0.577,472.819,-1.094,relaxed_ortho_3_A_33_A_rep2.pdb
-81.979,2.065,-1285.696,2.726,-713.943,0.319,473.437,-0.477,relaxed_ortho_3_A_73_S_rep3.pdb
-84.275,-0.23,-1286.75,1.671,-714.827,-0.565,476.279,2.365,relaxed_ortho_3_A_78_Q_rep2.pdb
-83.994,0.05,-1282.607,5.815,-714.273,-0.011,480.125,6.212,relaxed_ortho_3_A_29_G_rep2.pdb
-82.887,1.158,-1287.6,0.822,-713.346,0.916,475.831,1.917,relaxed_ortho_3_A_71_T_rep2.pdb
-82.868,1.176,-1280.224,8.198,-713.629,0.633,484.087,10.173,relaxed_ortho_3_A_85_W_rep2.pdb
-83.891,0.153,-1290.314,-1.892,-714.283,-0.021,472.422,-1.492,relaxed_ortho_3_B_12_T_rep3.pdb
-82.9,1.145,-1288.623,-0.202,-713.548,0.714,474.814,0.9,relaxed_ortho_3_A_31_D_rep2.pdb
-82.898,1.147,-1281.392,7.03,-713.214,1.048,482.159,8.245,relaxed_ortho_3_A_39_A_rep4.pdb
-76.341,7.704,-1281.764,6.658,-712.827,1.435,456.575,-17.338,relaxed_ortho_3_A_38_R_rep1.pdb
-82.654,1.39,-1286.634,1.788,-714.64,-0.378,483.524,9.611,relaxed_ortho_3_B_17_M_rep2.pdb
-86.464,-2.42,-1284.366,4.055,-713.751,0.511,481.017,7.103,relaxed_ortho_3_A_26_V_rep2.pdb
-82.035,2.009,-1242.51,45.912,-713.513,0.749,501.901,27.987,relaxed_ortho_3_A_72_K_rep1.pdb
-83.059,0.985,-1288.669,-0.247,-713.506,0.756,476.549,2.636,relaxed_ortho_3_A_24_E_rep5.pdb
-76.084,7.96,-1272.656,15.766,-713.989,0.273,484.774,10.86,relaxed_ortho_3_A_77_P_rep5.pdb
-83.269,0.776,-1286.321,2.101,-713.359,0.903,477.52,3.606,relaxed_ortho_3_B_98_I_rep2.pdb
-83.054,0.99,-1285.965,2.457,-713.342,0.92,477.357,3.444,relaxed_ortho_3_A_29_H_rep5.pdb
-80.255,3.79,-1285.64,2.782,-714.432,-0.17,473.136,-0.777,relaxed_ortho_3_A_38_T_rep1.pdb
-83.725,0.319,-1284.225,4.197,-714.067,0.195,476.42,2.506,relaxed_ortho_3_A_71_D_rep3.pdb
-84.032,0.013,-1285.364,3.058,-714.443,-0.181,476.846,2.932,relaxed_ortho_3_A_29_S_rep5.pdb
-82.615,1.429,-1283.928,4.494,-714.639,-0.377,479.381,5.467,relaxed_ortho_3_A_23_N_rep2.pdb
-82.849,1.195,-1287.819,0.603,-714.113,0.149,475.482,1.568,relaxed_ortho_3_A_40_W_rep3.pdb
-77.961,6.084,-1280.904,7.518,-713.168,1.094,481.783,7.869,relaxed_ortho_3_A_35_M_rep2.pdb
-83.35,0.695,-1291.019,-2.597,-712.997,1.265,471.914,-2.0,relaxed_ortho_3_A_73_L_rep1.pdb
-78.509,5.536,-1282.241,6.181,-712.251,2.011,481.518,7.605,relaxed_ortho_3_B_15_K_rep1.pdb
-77.268,6.777,-1283.146,5.276,-713.135,1.127,467.401,-6.513,relaxed_ortho_3_B_55_D_rep1.pdb
-82.864,1.18,-1279.525,8.897,-712.167,2.095,482.578,8.664,relaxed_ortho_3_A_75_F_rep3.pdb
-83.825,0.219,-1289.967,-1.546,-714.381,-0.119,473.363,-0.55,relaxed_ortho_3_B_12_L_rep5.pdb
-81.899,2.145,-1286.288,2.134,-713.976,0.286,474.786,0.872,relaxed_ortho_3_A_79_M_rep4.pdb
-89.266,-5.222,-1290.772,-2.35,-714.442,-0.18,473.81,-0.104,relaxed_ortho_3_A_34_F_rep4.pdb
-83.007,1.038,-1285.059,3.362,-713.44,0.822,479.787,5.873,relaxed_ortho_3_A_86_W_rep2.pdb
-86.449,-2.404,-1248.192,40.23,-713.085,1.177,498.159,24.245,relaxed_ortho_3_A_72_W_rep4.pdb
-83.935,0.11,-1287.827,0.595,-714.353,-0.091,474.521,0.607,relaxed_ortho_3_B_12_W_rep2.pdb
-83.019,1.026,-1288.6,-0.178,-713.348,0.914,474.091,0.178,relaxed_ortho_3_A_73_I_rep4.pdb
-80.864,3.18,-1281.998,6.423,-713.492,0.77,478.038,4.125,relaxed_ortho_3_A_82_N_rep5.pdb
-83.876,0.168,-1286.756,1.666,-713.919,0.343,474.222,0.309,relaxed_ortho_3_A_33_M_rep5.pdb
-83.848,0.196,-1286.641,1.781,-714.399,-0.137,475.764,1.85,relaxed_ortho_3_A_23_W_rep1.pdb
-77.484,6.561,-1278.672,9.75,-714.381,-0.119,477.232,3.318,relaxed_ortho_3_A_84_R_rep2.pdb
-88.129,-4.085,-1273.612,14.81,-714.128,0.134,486.484,12.57,relaxed_ortho_3_A_37_P_rep5.pdb
-82.974,1.071,-1288.447,-0.025,-713.376,0.886,476.652,2.738,relaxed_ortho_3_A_86_P_rep1.pdb
-81.995,2.049,-1285.805,2.617,-714.319,-0.057,473.658,-0.256,relaxed_ortho_3_A_73_A_rep3.pdb
-84.527,-0.482,-1286.627,1.795,-714.165,0.097,490.081,16.168,relaxed_ortho_3_A_24_V_rep1.pdb
-81.564,2.48,-1287.4,1.021,-714.126,0.136,472.867,-1.047,relaxed_ortho_3_B_98_D_rep1.pdb
-83.202,0.842,-1285.735,2.687,-713.503,0.759,479.361,5.447,relaxed_ortho_3_B_100_D_rep2.pdb
-75.752,8.292,-1280.982,7.44,-712.717,1.545,473.624,-0.289,relaxed_ortho_3_A_35_L_rep4.pdb
-82.993,1.052,-1287.21,1.212,-713.489,0.773,476.724,2.81,relaxed_ortho_3_A_71_C_rep4.pdb
-84.073,-0.028,-1281.745,6.677,-714.329,-0.067,478.311,4.397,relaxed_ortho_3_A_41_G_rep4.pdb
-82.974,1.07,-1284.396,4.026,-713.778,0.484,479.949,6.035,relaxed_ortho_3_A_85_A_rep4.pdb
-82.977,1.068,-1288.698,-0.276,-713.407,0.855,475.092,1.178,relaxed_ortho_3_B_59_Q_rep1.pdb
-82.667,1.378,-1287.585,0.837,-713.307,0.955,475.34,1.426,relaxed_ortho_3_A_77_V_rep2.pdb
-85.527,-1.483,-1286.616,1.806,-714.369,-0.107,487.668,13.754,relaxed_ortho_3_B_56_C_rep4.pdb
-76.67,7.375,-1276.898,11.524,-712.182,2.08,477.917,4.003,relaxed_ortho_3_A_84_P_rep1.pdb
-83.163,0.882,-1288.971,-0.549,-713.644,0.618,476.411,2.497,relaxed_ortho_3_A_85_K_rep1.pdb
-88.007,-3.962,-1287.672,0.75,-714.037,0.225,474.597,0.683,relaxed_ortho_3_A_34_W_rep1.pdb
-83.203,0.841,-1290.386,-1.965,-714.571,-0.309,467.839,-6.075,relaxed_ortho_3_B_12_Y_rep1.pdb
-83.113,0.931,-1288.891,-0.47,-713.909,0.353,473.066,-0.848,relaxed_ortho_3_B_13_P_rep3.pdb
-78.84,5.205,-1275.637,12.784,-711.274,2.987,470.482,-3.431,relaxed_ortho_3_A_41_K_rep3.pdb
-82.891,1.153,-1284.602,3.82,-713.256,1.006,478.33,4.416,relaxed_ortho_3_B_59_S_rep3.pdb
-83.853,0.191,-1281.56,6.862,-714.144,0.118,477.497,3.583,relaxed_ortho_3_B_14_G_rep5.pdb
-82.95,1.094,-1287.144,1.278,-713.423,0.839,476.022,2.108,relaxed_ortho_3_B_100_Q_rep1.pdb
-82.26,1.785,-1284.466,3.956,-713.731,0.531,479.385,5.471,relaxed_ortho_3_A_28_F_rep2.pdb
-81.698,2.346,-1287.252,1.17,-714.029,0.233,472.624,-1.289,relaxed_ortho_3_A_79_A_rep1.pdb
-77.575,6.47,-1276.577,11.845,-713.93,0.332,478.843,4.929,relaxed_ortho_3_A_84_P_rep3.pdb
-84.553,-0.508,-1284.853,3.569,-714.139,0.123,478.786,4.873,relaxed_ortho_3_A_24_Q_rep4.pdb
-82.901,1.143,-1281.443,6.979,-713.485,0.777,480.622,6.709,relaxed_ortho_3_A_72_A_rep4.pdb
-84.21,-0.165,-1285.198,3.224,-714.322,-0.06,486.749,12.835,relaxed_ortho_3_A_24_L_rep1.pdb
-83.045,1.0,-1283.236,5.186,-713.44,0.821,483.693,9.779,relaxed_ortho_3_A_22_I_rep4.pdb
-81.065,2.979,-1284.092,4.329,-713.273,0.989,476.483,2.569,relaxed_ortho_3_A_27_V_rep5.pdb
-80.297,3.748,-1250.139,38.283,-713.874,0.388,506.003,32.089,relaxed_ortho_3_A_81_P_rep3.pdb
-83.642,0.402,-1286.06,2.361,-714.305,-0.043,473.62,-0.294,relaxed_ortho_3_B_13_V_rep1.pdb
-80.247,3.797,-1282.821,5.6,-713.029,1.233,477.646,3.732,relaxed_ortho_3_B_15_C_rep2.pdb
-85.436,-1.391,-1282.495,5.926,-714.251,0.011,485.083,11.17,relaxed_ortho_3_A_87_R_rep5.pdb
-89.236,-5.191,-1291.535,-3.113,-714.568,-0.306,472.322,-1.591,relaxed_ortho_3_A_34_Y_rep3.pdb
-83.807,0.237,-1258.73,29.692,-713.876,0.386,397.353,-76.561,relaxed_ortho_3_A_22_H_rep3.pdb
-83.754,0.29,-1281.297,7.125,-714.328,-0.066,477.497,3.583,relaxed_ortho_3_A_25_N_rep2.pdb
-82.947,1.098,-1283.302,5.12,-713.97,0.292,480.029,6.116,relaxed_ortho_3_A_27_H_rep4.pdb
-82.606,1.438,-1285.921,2.5,-714.222,0.04,474.987,1.073,relaxed_ortho_3_B_98_E_rep3.pdb
-83.205,0.839,-1285.213,3.209,-713.723,0.539,480.875,6.961,relaxed_ortho_3_B_59_H_rep1.pdb
-82.692,1.353,-1265.983,22.439,-713.633,0.629,494.24,20.326,relaxed_ortho_3_A_72_Q_rep2.pdb
-84.934,-0.889,-1246.945,41.477,-711.929,2.333,523.202,49.288,relaxed_ortho_3_B_14_K_rep3.pdb
-79.192,4.852,-1283.595,4.827,-714.771,-0.509,473.872,-0.042,relaxed_ortho_3_A_38_A_rep3.pdb
-84.917,-0.872,-1283.98,4.442,-714.493,-0.231,480.51,6.597,relaxed_ortho_3_A_74_S_rep5.pdb
-82.615,1.429,-1277.38,11.041,-713.702,0.56,487.389,13.475,relaxed_ortho_3_A_30_G_rep2.pdb
-83.718,0.327,-1271.784,16.638,-714.845,-0.583,497.86,23.946,relaxed_ortho_3_A_41_D_rep4.pdb
-85.089,-1.045,-1279.752,8.669,-714.394,-0.132,484.14,10.226,relaxed_ortho_3_A_30_E_rep5.pdb
-80.822,3.223,-1285.193,3.228,-714.888,-0.626,476.041,2.128,relaxed_ortho_3_A_38_F_rep4.pdb
-83.049,0.995,-1284.298,4.123,-714.544,-0.282,478.263,4.349,relaxed_ortho_3_B_59_R_rep3.pdb
-80.871,3.174,-1273.141,15.281,-713.968,0.294,487.554,13.64,relaxed_ortho_3_A_37_K_rep5.pdb
-83.892,0.153,-1287.921,0.501,-714.375,-0.113,474.418,0.504,relaxed_ortho_3_B_14_A_rep1.pdb
-82.297,1.747,-1284.092,4.33,-713.357,0.905,480.589,6.675,relaxed_ortho_3_A_82_S_rep1.pdb
-85.659,-1.615,-1281.372,7.049,-714.283,-0.021,484.097,10.184,relaxed_ortho_3_A_31_C_rep3.pdb
-83.07,0.974,-1288.573,-0.152,-713.668,0.594,475.228,1.315,relaxed_ortho_3_A_41_P_rep2.pdb
-83.17,0.874,-1287.286,1.136,-713.296,0.966,482.882,8.968,relaxed_ortho_3_B_17_A_rep3.pdb
-83.062,0.982,-1286.879,1.543,-713.599,0.663,476.749,2.835,relaxed_ortho_3_A_25_V_rep5.pdb
-81.674,2.371,-1287.476,0.946,-714.245,0.017,471.364,-2.549,relaxed_ortho_3_A_33_H_rep4.pdb
-83.711,0.333,-1263.952,24.47,-713.998,0.264,496.128,22.214,relaxed_ortho_3_A_25_K_rep2.pdb
-85.128,-1.084,-1284.774,3.648,-714.395,-0.133,481.627,7.713,relaxed_ortho_3_A_26_P_rep1.pdb
-82.961,1.084,-1286.671,1.751,-713.477,0.785,477.479,3.565,relaxed_ortho_3_A_85_L_rep2.pdb
-80.465,3.58,-1287.239,1.183,-712.902,1.36,470.598,-3.316,relaxed_ortho_3_A_40_L_rep2.pdb
-83.034,1.011,-1287.07,1.352,-714.719,-0.457,475.81,1.896,relaxed_ortho_3_B_57_T_rep2.pdb
-82.828,1.217,-1279.404,9.017,-712.087,2.175,483.341,9.427,relaxed_ortho_3_A_75_F_rep4.pdb
-81.917,2.128,-1285.649,2.773,-714.034,0.228,473.308,-0.606,relaxed_ortho_3_A_73_D_rep2.pdb
-83.566,0.479,-1285.959,2.463,-714.204,0.058,476.336,2.422,relaxed_ortho_3_B_100_K_rep5.pdb
-82.199,1.846,-1285.06,3.362,-713.745,0.517,470.299,-3.615,relaxed_ortho_3_B_55_L_rep4.pdb
-82.925,1.119,-1282.53,5.892,-713.33,0.932,478.11,4.196,relaxed_ortho_3_A_22_A_rep2.pdb
-81.539,2.506,-1281.086,7.335,-715.012,-0.75,479.932,6.018,relaxed_ortho_3_A_78_G_rep4.pdb
-83.184,0.86,-1285.524,2.897,-713.343,0.919,479.195,5.281,relaxed_ortho_3_A_32_A_rep3.pdb
-82.197,1.847,-1285.982,2.439,-713.213,1.049,473.551,-0.363,relaxed_ortho_3_B_102_N_rep4.pdb
-83.896,0.149,-1283.832,4.59,-714.36,-0.098,476.941,3.028,relaxed_ortho_3_B_100_N_rep1.pdb
-81.682,2.362,-1277.315,11.107,-711.95,2.312,482.958,9.045,relaxed_ortho_3_A_75_Y_rep1.pdb
-84.193,-0.149,-1285.186,3.236,-713.397,0.865,478.416,4.502,relaxed_ortho_3_B_102_F_rep3.pdb
-82.943,1.102,-1287.722,0.7,-713.548,0.714,477.581,3.667,relaxed_ortho_3_A_82_V_rep2.pdb
-82.893,1.152,-1287.601,0.821,-713.135,1.127,487.453,13.539,relaxed_ortho_3_B_56_E_rep1.pdb
-82.459,1.585,-1286.418,2.003,-714.927,-0.665,479.178,5.264,relaxed_ortho_3_A_78_Q_rep5.pdb
-82.995,1.05,-1287.234,1.188,-713.507,0.755,476.727,2.813,relaxed_ortho_3_A_71_C_rep5.pdb
-84.014,0.031,-1285.585,2.837,-714.06,0.202,476.141,2.227,relaxed_ortho_3_A_29_T_rep4.pdb
-83.161,0.883,-1278.924,9.498,-713.786,0.476,486.624,12.71,relaxed_ortho_3_A_25_A_rep5.pdb
-83.01,1.035,-1284.295,4.127,-713.18,1.082,478.215,4.301,relaxed_ortho_3_A_83_M_rep3.pdb
-84.215,-0.171,-1283.424,4.998,-714.14,0.122,478.231,4.318,relaxed_ortho_3_A_24_N_rep5.pdb
-82.42,1.624,-1283.88,4.542,-713.287,0.975,479.019,5.105,relaxed_ortho_3_A_75_M_rep3.pdb
-81.276,2.769,-1285.707,2.715,-713.19,1.072,477.925,4.011,relaxed_ortho_3_B_54_S_rep5.pdb
-89.837,-5.792,-1290.931,-2.51,-714.023,0.239,476.385,2.472,relaxed_ortho_3_A_36_Y_rep1.pdb
-83.059,0.986,-1288.6,-0.178,-713.301,0.961,473.606,-0.308,relaxed_ortho_3_A_25_I_rep3.pdb
-85.47,-1.426,-1288.564,-0.142,-711.385,2.877,483.474,9.56,relaxed_ortho_3_B_17_T_rep2.pdb
-83.13,0.915,-1286.993,1.429,-713.351,0.911,478.191,4.277,relaxed_ortho_3_A_32_T_rep1.pdb
-84.201,-0.156,-1288.177,0.245,-713.229,1.033,478.653,4.739,relaxed_ortho_3_B_57_L_rep4.pdb
-83.218,0.827,-1289.095,-0.673,-713.434,0.828,475.231,1.317,relaxed_ortho_3_B_98_A_rep1.pdb
-83.215,0.829,-1286.029,2.393,-712.872,1.39,476.848,2.934,relaxed_ortho_3_A_27_A_rep1.pdb
-83.801,0.243,-1287.941,0.481,-714.46,-0.198,474.477,0.563,relaxed_ortho_3_A_37_F_rep4.pdb
-82.43,1.615,-1284.966,3.455,-713.509,0.753,479.251,5.338,relaxed_ortho_3_A_30_T_rep5.pdb
-83.034,1.01,-1288.674,-0.252,-713.543,0.718,476.021,2.107,relaxed_ortho_3_B_17_K_rep3.pdb
-76.701,7.344,-1282.336,6.086,-714.167,0.095,474.689,0.775,relaxed_ortho_3_A_35_E_rep4.pdb
-83.131,0.913,-1286.652,1.769,-713.757,0.505,479.89,5.976,relaxed_ortho_3_A_25_V_rep2.pdb
-84.716,-0.671,-1283.796,4.625,-714.503,-0.241,478.557,4.644,relaxed_ortho_3_A_74_A_rep3.pdb
-80.715,3.329,-1281.201,7.221,-710.167,4.095,481.013,7.099,relaxed_ortho_3_A_28_Y_rep3.pdb
-84.052,-0.007,-1286.639,1.782,-714.409,-0.147,493.504,19.59,relaxed_ortho_3_A_24_F_rep5.pdb
-83.735,0.31,-1286.511,1.911,-713.233,1.029,476.571,2.657,relaxed_ortho_3_A_28_C_rep5.pdb
-84.874,-0.829,-1280.903,7.519,-714.267,-0.005,480.801,6.888,relaxed_ortho_3_A_76_G_rep3.pdb
-84.266,-0.222,-1289.385,-0.963,-713.205,1.057,474.495,0.581,relaxed_ortho_3_A_32_W_rep3.pdb
-92.294,-8.249,-1280.621,7.801,-714.491,-0.229,490.444,16.53,relaxed_ortho_3_A_31_M_rep4.pdb
-80.422,3.622,-1284.042,4.379,-712.663,1.599,477.804,3.89,relaxed_ortho_3_B_15_L_rep3.pdb
-83.838,0.206,-1254.878,33.544,-714.308,-0.046,506.183,32.269,relaxed_ortho_3_B_12_P_rep5.pdb
-86.551,-2.506,-1286.295,2.127,-712.766,1.496,473.241,-0.673,relaxed_ortho_3_A_35_P_rep5.pdb
-83.039,1.005,-1289.601,-1.179,-713.78,0.482,474.299,0.385,relaxed_ortho_3_B_12_D_rep2.pdb
-83.088,0.957,-1288.766,-0.345,-713.509,0.753,474.571,0.657,relaxed_ortho_3_A_86_P_rep2.pdb
-82.924,1.12,-1289.825,-1.403,-714.425,-0.163,473.215,-0.699,relaxed_ortho_3_B_12_L_rep3.pdb
-85.848,-1.804,-1288.576,-0.155,-714.255,0.007,475.71,1.796,relaxed_ortho_3_B_57_K_rep3.pdb
-81.87,2.175,-1281.699,6.723,-714.327,-0.065,482.959,9.046,relaxed_ortho_3_A_76_W_rep1.pdb
-86.477,-2.432,-1277.822,10.599,-714.244,0.018,487.706,13.792,relaxed_ortho_3_A_31_V_rep1.pdb
-83.195,0.849,-1285.422,3.0,-713.28,0.982,478.207,4.293,relaxed_ortho_3_A_83_H_rep4.pdb
-85.933,-1.889,-1281.405,7.017,-713.762,0.5,479.464,5.55,relaxed_ortho_3_A_29_I_rep2.pdb
-85.101,-1.056,-1278.043,10.379,-714.159,0.103,486.124,12.21,relaxed_ortho_3_A_74_G_rep2.pdb
-84.651,-0.606,-1287.562,0.86,-712.893,1.369,484.056,10.142,relaxed_ortho_3_B_56_Y_rep1.pdb
-83.557,0.488,-1269.016,19.406,-714.401,-0.139,495.14,21.226,relaxed_ortho_3_A_72_E_rep3.pdb
-79.131,4.914,-1283.309,5.112,-713.365,0.897,478.998,5.084,relaxed_ortho_3_A_77_F_rep1.pdb
-84.287,-0.242,-1283.778,4.644,-714.259,0.003,473.493,-0.421,relaxed_ortho_3_A_24_M_rep5.pdb
-84.761,-0.716,-1280.936,7.486,-714.6,-0.338,481.431,7.517,relaxed_ortho_3_A_76_G_rep2.pdb
-84.713,-0.669,-1285.551,2.871,-714.372,-0.11,476.351,2.437,relaxed_ortho_3_A_83_F_rep3.pdb
-83.259,0.786,-1286.257,2.165,-713.349,0.913,478.563,4.649,relaxed_ortho_3_B_98_V_rep2.pdb
-82.58,1.465,-1287.413,1.009,-714.223,0.039,475.332,1.418,relaxed_ortho_3_B_98_D_rep2.pdb
-82.493,1.551,-1279.715,8.706,-714.133,0.129,483.408,9.495,relaxed_ortho_3_A_83_G_rep3.pdb
-83.041,1.004,-1277.266,11.156,-713.568,0.694,234.825,-239.089,relaxed_ortho_3_A_22_K_rep1.pdb
-83.972,0.073,-1282.928,5.493,-711.301,2.961,477.928,4.014,relaxed_ortho_3_B_58_N_rep4.pdb
-79.633,4.412,-1282.56,5.862,-714.285,-0.023,474.885,0.971,relaxed_ortho_3_B_55_K_rep1.pdb
-85.864,-1.819,-1288.175,0.247,-713.735,0.527,474.536,0.623,relaxed_ortho_3_A_28_L_rep2.pdb
-82.832,1.212,-1282.978,5.444,-714.589,-0.327,479.591,5.677,relaxed_ortho_3_B_59_C_rep3.pdb
-81.61,2.434,-1287.165,1.257,-714.216,0.046,472.45,-1.464,relaxed_ortho_3_A_38_V_rep1.pdb
-83.013,1.032,-1288.646,-0.225,-713.531,0.731,476.37,2.456,relaxed_ortho_3_A_78_V_rep3.pdb
-87.903,-3.859,-1281.587,6.834,-714.174,0.088,483.131,9.217,relaxed_ortho_3_A_31_F_rep1.pdb
-85.433,-1.388,-1286.717,1.704,-714.45,-0.189,476.613,2.699,relaxed_ortho_3_B_101_W_rep2.pdb
-76.339,7.706,-1284.374,4.047,-715.491,-1.229,472.164,-1.75,relaxed_ortho_3_A_35_D_rep1.pdb
-83.032,1.012,-1288.521,-0.099,-713.417,0.845,476.512,2.598,relaxed_ortho_3_A_79_R_rep2.pdb
-83.755,0.289,-1287.581,0.84,-713.477,0.785,481.845,7.931,relaxed_ortho_3_B_17_Q_rep2.pdb
-84.89,-0.845,-1284.612,3.81,-714.155,0.107,480.027,6.114,relaxed_ortho_3_A_74_N_rep1.pdb
-82.977,1.067,-1288.506,-0.084,-713.386,0.876,473.511,-0.402,relaxed_ortho_3_B_14_A_rep5.pdb
-82.85,1.195,-1285.434,2.988,-714.136,0.125,478.935,5.021,relaxed_ortho_3_B_100_D_rep5.pdb
-83.748,0.296,-1286.645,1.777,-713.526,0.736,478.259,4.345,relaxed_ortho_3_A_28_C_rep1.pdb
-82.623,1.421,-1286.403,2.019,-714.208,0.054,478.447,4.533,relaxed_ortho_3_A_76_F_rep2.pdb
-87.576,-3.531,-1277.511,10.911,-714.194,0.068,490.014,16.1,relaxed_ortho_3_A_31_W_rep4.pdb
-86.558,-2.513,-1286.375,2.047,-713.034,1.228,473.472,-0.442,relaxed_ortho_3_A_35_P_rep2.pdb
-82.872,1.172,-1277.545,10.877,-714.321,-0.059,488.657,14.743,relaxed_ortho_3_B_17_F_rep2.pdb
-82.666,1.379,-1277.581,10.84,-713.666,0.596,487.135,13.221,relaxed_ortho_3_A_30_G_rep5.pdb
-82.629,1.415,-1287.502,0.92,-713.266,0.996,473.974,0.06,relaxed_ortho_3_A_77_V_rep5.pdb
-82.512,1.533,-1283.718,4.704,-713.073,1.189,483.901,9.987,relaxed_ortho_3_A_27_F_rep1.pdb
-78.15,5.894,-1280.547,7.874,-712.689,1.573,481.014,7.101,relaxed_ortho_3_A_40_C_rep1.pdb
-85.177,-1.133,-1287.644,0.777,-714.069,0.193,473.906,-0.008,relaxed_ortho_3_A_76_V_rep5.pdb
-78.622,5.423,-1282.094,6.327,-713.163,1.099,475.687,1.773,relaxed_ortho_3_A_40_N_rep2.pdb
-83.777,0.268,-1286.552,1.87,-713.432,0.83,477.895,3.981,relaxed_ortho_3_A_28_C_rep3.pdb
-81.124,2.921,-1282.582,5.839,-713.334,0.928,484.162,10.248,relaxed_ortho_3_B_54_K_rep3.pdb
-82.336,1.709,-1282.888,5.534,-713.629,0.633,481.489,7.575,relaxed_ortho_3_A_30_C_rep2.pdb
-82.377,1.667,-1276.873,11.549,-713.695,0.567,487.844,13.931,relaxed_ortho_3_A_39_G_rep3.pdb
-83.094,0.951,-1279.728,8.694,-713.394,0.868,484.841,10.927,relaxed_ortho_3_A_25_E_rep2.pdb
-86.249,-2.204,-1287.481,0.941,-713.075,1.187,478.094,4.18,relaxed_ortho_3_B_57_M_rep1.pdb
-82.944,1.1,-1285.858,2.564,-713.237,1.025,477.865,3.951,relaxed_ortho_3_A_26_D_rep4.pdb
-83.324,0.721,-1287.355,1.066,-713.21,1.052,482.786,8.872,relaxed_ortho_3_B_17_A_rep1.pdb
-82.677,1.368,-1284.424,3.998,-713.338,0.924,477.477,3.563,relaxed_ortho_3_A_27_C_rep3.pdb
-79.029,5.015,-1285.332,3.09,-712.496,1.766,475.931,2.017,relaxed_ortho_3_A_40_V_rep2.pdb
-78.056,5.988,-1279.697,8.725,-714.173,0.089,476.005,2.091,relaxed_ortho_3_A_84_Q_rep2.pdb
-83.162,0.883,-1287.681,0.74,-713.775,0.487,476.268,2.354,relaxed_ortho_3_A_28_G_rep4.pdb
-82.983,1.062,-1284.588,3.833,-713.873,0.389,480.737,6.823,relaxed_ortho_3_A_85_A_rep1.pdb
-84.664,-0.619,-1265.898,22.524,-714.199,0.063,448.335,-25.579,relaxed_ortho_3_A_25_R_rep3.pdb
-83.028,1.017,-1288.602,-0.18,-713.252,1.01,475.245,1.331,relaxed_ortho_3_B_12_M_rep3.pdb
-78.201,5.844,-1279.859,8.563,-714.216,0.046,477.011,3.097,relaxed_ortho_3_A_84_Q_rep1.pdb
-83.223,0.822,-1287.979,0.443,-713.503,0.759,487.044,13.13,relaxed_ortho_3_B_56_N_rep2.pdb
-82.395,1.649,-1286.749,1.673,-714.457,-0.195,475.91,1.996,relaxed_ortho_3_A_71_R_rep1.pdb
-80.244,3.8,-1252.693,35.729,-712.334,1.927,515.834,41.92,relaxed_ortho_3_B_15_P_rep2.pdb
-86.875,-2.83,-1290.439,-2.017,-713.394,0.868,479.058,5.144,relaxed_ortho_3_B_57_F_rep4.pdb
-86.729,-2.685,-1288.529,-0.107,-713.437,0.825,477.356,3.442,relaxed_ortho_3_B_58_M_rep1.pdb
-83.069,0.975,-1285.93,2.492,-713.214,1.048,478.293,4.379,relaxed_ortho_3_A_23_H_rep1.pdb
-83.287,0.757,-1287.613,0.809,-713.183,1.079,475.292,1.378,relaxed_ortho_3_A_28_G_rep3.pdb
-81.07,2.975,-1286.544,1.877,-714.843,-0.581,473.116,-0.798,relaxed_ortho_3_A_80_N_rep3.pdb
-87.303,-3.258,-1280.319,8.103,-714.431,-0.169,485.781,11.867,relaxed_ortho_3_A_31_K_rep2.pdb
-83.729,0.315,-1281.803,6.619,-714.352,-0.09,462.84,-11.074,relaxed_ortho_3_A_22_N_rep2.pdb
-85.14,-1.095,-1288.064,0.358,-713.429,0.833,475.927,2.013,relaxed_ortho_3_B_101_R_rep3.pdb
-79.444,4.601,-1282.453,5.969,-713.821,0.441,475.858,1.945,relaxed_ortho_3_A_84_L_rep2.pdb
-82.911,1.133,-1284.669,3.753,-713.578,0.684,480.305,6.391,relaxed_ortho_3_A_85_V_rep5.pdb
-87.085,-3.041,-1290.458,-2.036,-714.826,-0.564,472.412,-1.502,relaxed_ortho_3_A_34_Y_rep2.pdb
-83.338,0.706,-1282.844,5.578,-712.966,1.296,478.029,4.115,relaxed_ortho_3_A_80_W_rep2.pdb
-84.928,-0.884,-1285.032,3.39,-714.428,-0.166,479.875,5.961,relaxed_ortho_3_A_74_T_rep4.pdb
-79.896,4.149,-1285.399,3.023,-713.212,1.05,473.574,-0.34,relaxed_ortho_3_A_38_Q_rep4.pdb
-83.877,0.167,-1285.164,3.258,-713.009,1.253,480.588,6.674,relaxed_ortho_3_B_98_L_rep2.pdb
-83.1,0.945,-1286.089,2.332,-713.497,0.765,477.974,4.06,relaxed_ortho_3_A_23_H_rep4.pdb
-85.868,-1.824,-1278.711,9.711,-714.133,0.129,483.634,9.72,relaxed_ortho_3_A_29_V_rep3.pdb
-83.828,0.216,-1284.157,4.265,-714.726,-0.465,480.316,6.402,relaxed_ortho_3_A_23_S_rep3.pdb
-84.409,-0.365,-1288.519,-0.098,-713.568,0.694,475.768,1.854,relaxed_ortho_3_A_76_V_rep4.pdb
-83.44,0.604,-1282.73,5.692,-712.943,1.319,479.069,5.155,relaxed_ortho_3_A_80_W_rep1.pdb
-82.969,1.075,-1289.468,-1.046,-713.565,0.697,475.021,1.107,relaxed_ortho_3_A_28_A_rep5.pdb
-81.739,2.305,-1283.929,4.493,-714.085,0.177,478.106,4.192,relaxed_ortho_3_B_55_I_rep4.pdb
-83.855,0.19,-1277.642,10.78,-714.432,-0.17,479.861,5.947,relaxed_ortho_3_B_11_P_rep2.pdb
-83.048,0.997,-1288.582,-0.16,-713.306,0.956,475.707,1.793,relaxed_ortho_3_B_59_Q_rep5.pdb
-82.469,1.575,-1285.851,2.571,-714.193,0.069,475.798,1.884,relaxed_ortho_3_A_86_H_rep3.pdb
-88.083,-4.039,-1281.174,7.248,-714.471,-0.209,485.779,11.866,relaxed_ortho_3_A_31_Y_rep5.pdb
-83.066,0.978,-1288.588,-0.166,-713.418,0.844,474.987,1.073,relaxed_ortho_3_A_29_L_rep3.pdb
-84.503,-0.458,-1287.238,1.184,-714.031,0.231,472.693,-1.221,relaxed_ortho_3_B_13_M_rep2.pdb
-83.376,0.668,-1286.361,2.061,-714.303,-0.041,475.528,1.614,relaxed_ortho_3_B_57_I_rep5.pdb
-84.74,-0.696,-1288.283,0.139,-713.15,1.112,475.028,1.114,relaxed_ortho_3_A_76_I_rep4.pdb
-78.825,5.219,-1279.139,9.282,-712.949,1.313,476.701,2.787,relaxed_ortho_3_A_77_W_rep3.pdb
-83.15,0.895,-1288.986,-0.564,-713.33,0.932,474.715,0.801,relaxed_ortho_3_B_98_A_rep5.pdb
-83.545,0.499,-1260.559,27.863,-713.491,0.771,504.427,30.513,relaxed_ortho_3_A_28_P_rep4.pdb
-80.959,3.086,-1286.55,1.872,-713.348,0.914,473.501,-0.412,relaxed_ortho_3_A_80_H_rep5.pdb
-58.446,25.599,-976.555,311.867,-644.727,69.534,466.922,-6.992,relaxed_ortho_3_A_30_P_rep3.pdb
-85.039,-0.995,-1285.37,3.052,-714.089,0.173,478.265,4.351,relaxed_ortho_3_B_57_C_rep5.pdb
-83.437,0.608,-1286.759,1.663,-714.565,-0.303,475.372,1.458,relaxed_ortho_3_A_79_Y_rep2.pdb
-82.893,1.151,-1284.661,3.76,-713.312,0.95,477.861,3.947,relaxed_ortho_3_A_32_G_rep3.pdb
-79.952,4.092,-1283.017,5.405,-713.136,1.126,481.906,7.993,relaxed_ortho_3_B_58_Q_rep2.pdb
-83.85,0.194,-1285.098,3.324,-714.332,-0.07,478.748,4.834,relaxed_ortho_3_A_27_P_rep1.pdb
-82.975,1.069,-1288.5,-0.078,-713.284,0.978,475.501,1.587,relaxed_ortho_3_A_73_I_rep1.pdb
-82.263,1.782,-1287.322,1.1,-713.479,0.783,485.927,12.013,relaxed_ortho_3_B_56_S_rep5.pdb
-83.303,0.742,-1287.383,1.039,-713.438,0.824,482.12,8.207,relaxed_ortho_3_B_17_A_rep5.pdb
-83.457,0.588,-1281.615,6.806,-713.667,0.595,477.717,3.803,relaxed_ortho_3_A_37_V_rep3.pdb
-82.976,1.068,-1284.014,4.408,-714.194,0.068,476.39,2.476,relaxed_ortho_3_A_75_T_rep4.pdb
-84.621,-0.576,-1285.882,2.539,-712.272,1.99,499.406,25.492,relaxed_ortho_3_A_24_W_rep1.pdb
-84.636,-0.592,-1257.859,30.563,-713.305,0.957,508.22,34.306,relaxed_ortho_3_A_29_P_rep2.pdb
-83.651,0.394,-1286.794,1.628,-713.646,0.616,476.929,3.015,relaxed_ortho_3_A_78_W_rep3.pdb
-83.051,0.994,-1241.192,47.23,-712.53,1.732,336.837,-137.076,relaxed_ortho_3_B_14_Y_rep1.pdb
-85.312,-1.267,-1253.423,34.999,-709.516,4.746,492.889,18.975,relaxed_ortho_3_A_25_Y_rep3.pdb
-77.655,6.389,-1283.156,5.266,-713.742,0.52,471.422,-2.492,relaxed_ortho_3_B_55_D_rep5.pdb
-86.065,-2.02,-1278.395,10.027,-713.997,0.265,486.182,12.268,relaxed_ortho_3_A_87_Y_rep4.pdb
-82.899,1.145,-1286.935,1.487,-712.766,1.496,487.494,13.58,relaxed_ortho_3_B_54_Y_rep1.pdb
-83.02,1.024,-1269.487,18.935,-714.189,0.073,488.082,14.168,relaxed_ortho_3_A_87_V_rep2.pdb
-83.082,0.963,-1289.95,-1.528,-713.505,0.757,480.4,6.486,relaxed_ortho_3_B_17_R_rep3.pdb
-83.023,1.021,-1282.225,6.197,-713.251,1.011,482.341,8.427,relaxed_ortho_3_A_25_T_rep2.pdb
-81.666,2.379,-1283.53,4.891,-713.684,0.578,477.401,3.487,relaxed_ortho_3_A_79_T_rep2.pdb
-86.109,-2.064,-1275.503,12.918,-713.255,1.007,478.622,4.708,relaxed_ortho_3_A_34_P_rep5.pdb
-83.899,0.145,-1287.838,0.584,-714.03,0.232,474.659,0.745,relaxed_ortho_3_A_83_I_rep5.pdb
-83.05,0.995,-1283.934,4.487,-713.387,0.875,482.472,8.558,relaxed_ortho_3_A_21_I_rep4.pdb
-85.598,-1.553,-1289.07,-0.649,-712.376,1.886,472.526,-1.388,relaxed_ortho_3_A_36_T_rep5.pdb
-82.206,1.839,-1283.64,4.782,-710.593,3.669,478.197,4.284,relaxed_ortho_3_B_15_N_rep2.pdb
-81.577,2.468,-1286.54,1.882,-714.41,-0.148,474.862,0.948,relaxed_ortho_3_A_73_K_rep3.pdb
-83.582,0.462,-1286.368,2.054,-712.89,1.372,477.128,3.214,relaxed_ortho_3_A_82_I_rep1.pdb
-83.811,0.234,-1282.746,5.675,-714.397,-0.135,481.637,7.723,relaxed_ortho_3_A_29_W_rep5.pdb
-81.649,2.395,-1280.731,7.691,-714.196,0.066,482.071,8.157,relaxed_ortho_3_A_75_A_rep2.pdb
-86.835,-2.791,-1278.149,10.273,-714.357,-0.095,488.449,14.535,relaxed_ortho_3_A_31_G_rep3.pdb
-83.063,0.982,-1287.901,0.521,-713.264,0.998,475.045,1.131,relaxed_ortho_3_A_86_T_rep1.pdb
-83.984,0.061,-1284.072,4.35,-714.393,-0.131,479.242,5.328,relaxed_ortho_3_A_23_N_rep4.pdb
-82.829,1.216,-1284.702,3.72,-714.618,-0.356,476.749,2.836,relaxed_ortho_3_A_81_F_rep3.pdb
-76.825,7.22,-1279.006,9.416,-713.195,1.067,476.991,3.078,relaxed_ortho_3_A_84_R_rep5.pdb
-77.896,6.148,-1280.128,8.294,-714.317,-0.055,477.225,3.311,relaxed_ortho_3_A_84_D_rep3.pdb
-83.057,0.988,-1287.164,1.258,-713.248,1.014,482.388,8.474,relaxed_ortho_3_B_17_M_rep3.pdb
-85.711,-1.666,-1287.82,0.602,-710.758,3.504,482.454,8.54,relaxed_ortho_3_B_15_D_rep2.pdb
-83.042,1.002,-1287.742,0.68,-713.45,0.812,476.254,2.34,relaxed_ortho_3_A_21_W_rep1.pdb
-82.764,1.281,-1284.61,3.812,-714.115,0.147,481.298,7.384,relaxed_ortho_3_A_85_S_rep3.pdb
-86.711,-2.666,-1288.866,-0.444,-713.564,0.698,473.904,-0.01,relaxed_ortho_3_A_36_D_rep1.pdb
-83.904,0.14,-1288.125,0.296,-714.401,-0.139,475.549,1.635,relaxed_ortho_3_A_37_F_rep5.pdb
-82.958,1.087,-1288.543,-0.121,-713.277,0.985,474.585,0.671,relaxed_ortho_3_B_11_A_rep5.pdb
-76.339,7.706,-1284.374,4.047,-715.491,-1.229,472.164,-1.75,relaxed_ortho_3_A_35_D_rep3.pdb
-78.699,5.346,-1283.335,5.086,-713.403,0.859,473.441,-0.473,relaxed_ortho_3_A_38_H_rep2.pdb
-82.199,1.846,-1287.297,1.125,-713.536,0.726,485.871,11.957,relaxed_ortho_3_B_56_S_rep2.pdb
-84.436,-0.391,-1287.997,0.425,-714.979,-0.717,478.78,4.866,relaxed_ortho_3_A_35_C_rep3.pdb
-89.688,-5.643,-1290.308,-1.887,-713.061,1.201,473.73,-0.184,relaxed_ortho_3_A_34_Q_rep1.pdb
-83.725,0.319,-1176.565,111.857,-713.46,0.802,577.98,104.066,relaxed_ortho_3_B_11_R_rep5.pdb
-57.253,26.792,-974.676,313.746,-643.843,70.419,510.504,36.59,relaxed_ortho_3_A_30_P_rep1.pdb
-81.758,2.287,-1285.837,2.585,-714.038,0.224,473.509,-0.405,relaxed_ortho_3_A_79_C_rep1.pdb
-84.079,-0.035,-1283.728,4.693,-714.279,-0.017,478.745,4.831,relaxed_ortho_3_A_24_A_rep2.pdb
-82.798,1.246,-1261.988,26.433,-713.315,0.947,424.74,-49.174,relaxed_ortho_3_B_14_L_rep5.pdb
-79.727,4.318,-1280.338,8.083,-712.672,1.59,475.993,2.079,relaxed_ortho_3_A_75_L_rep4.pdb
-82.756,1.288,-1269.576,18.845,-713.273,0.989,492.376,18.462,relaxed_ortho_3_A_72_E_rep5.pdb
-82.561,1.484,-1286.721,1.701,-715.284,-1.022,473.414,-0.499,relaxed_ortho_3_A_33_W_rep3.pdb
-84.41,-0.365,-1265.186,23.236,-711.622,2.64,466.147,-7.767,relaxed_ortho_3_B_11_Y_rep3.pdb
-76.056,7.989,-1281.581,6.841,-712.845,1.417,451.188,-22.726,relaxed_ortho_3_A_38_R_rep4.pdb
-82.977,1.068,-1288.225,0.197,-713.285,0.977,475.794,1.88,relaxed_ortho_3_A_86_K_rep1.pdb
-82.414,1.63,-1283.461,4.961,-715.313,-1.051,478.198,4.284,relaxed_ortho_3_A_80_C_rep3.pdb
-79.863,4.182,-1282.574,5.848,-711.361,2.901,482.133,8.219,relaxed_ortho_3_A_40_S_rep1.pdb
-81.122,2.923,-1281.596,6.826,-712.968,1.294,476.592,2.678,relaxed_ortho_3_A_73_G_rep1.pdb
-83.186,0.858,-1288.563,-0.141,-713.373,0.889,475.096,1.182,relaxed_ortho_3_A_80_K_rep3.pdb
-83.205,0.839,-1287.972,0.449,-715.214,-0.952,475.015,1.101,relaxed_ortho_3_A_35_S_rep2.pdb
-83.809,0.235,-1284.347,4.075,-714.752,-0.49,479.496,5.582,relaxed_ortho_3_A_80_M_rep1.pdb
-82.83,1.215,-1285.504,2.918,-713.523,0.739,478.508,4.594,relaxed_ortho_3_A_72_T_rep3.pdb
-82.052,1.993,-1289.63,-1.209,-713.925,0.337,472.974,-0.939,relaxed_ortho_3_A_81_V_rep5.pdb
-85.075,-1.03,-1287.106,1.316,-713.311,0.951,464.461,-9.453,relaxed_ortho_3_B_58_F_rep3.pdb
-83.411,0.633,-1287.697,0.725,-714.492,-0.23,474.156,0.242,relaxed_ortho_3_A_27_M_rep4.pdb
-86.151,-2.106,-1286.429,1.992,-712.426,1.836,489.111,15.197,relaxed_ortho_3_B_56_W_rep3.pdb
-82.734,1.31,-1283.91,4.512,-710.759,3.503,477.581,3.668,relaxed_ortho_3_B_15_F_rep5.pdb
-82.952,1.092,-1281.131,7.291,-713.692,0.57,482.394,8.48,relaxed_ortho_3_A_72_S_rep2.pdb
-83.054,0.991,-1286.39,2.032,-714.379,-0.117,478.142,4.228,relaxed_ortho_3_A_21_T_rep3.pdb
-84.567,-0.523,-1269.07,19.352,-714.466,-0.204,478.151,4.237,relaxed_ortho_3_A_22_Q_rep2.pdb
-86.885,-2.84,-1282.81,5.612,-714.421,-0.159,484.061,10.147,relaxed_ortho_3_A_31_S_rep3.pdb
-78.677,5.368,-1275.329,13.092,-715.345,-1.083,483.97,10.056,relaxed_ortho_3_A_77_G_rep2.pdb
-85.658,-1.613,-1286.729,1.693,-714.017,0.245,475.778,1.864,relaxed_ortho_3_B_57_R_rep5.pdb
-83.048,0.996,-1287.425,0.997,-714.424,-0.162,473.676,-0.238,relaxed_ortho_3_B_101_A_rep4.pdb
-82.969,1.076,-1269.295,19.127,-714.157,0.105,487.952,14.038,relaxed_ortho_3_A_87_V_rep4.pdb
-83.217,0.827,-1285.442,2.98,-714.358,-0.096,476.014,2.1,relaxed_ortho_3_B_57_A_rep5.pdb
-80.287,3.758,-1285.423,2.999,-714.36,-0.098,473.469,-0.445,relaxed_ortho_3_A_38_T_rep2.pdb
-82.867,1.178,-1283.16,5.262,-713.634,0.628,480.227,6.314,relaxed_ortho_3_A_85_H_rep3.pdb
-83.122,0.923,-1288.705,-0.283,-713.466,0.796,474.372,0.458,relaxed_ortho_3_A_23_F_rep1.pdb
-82.965,1.08,-1276.877,11.545,-713.385,0.877,486.466,12.552,relaxed_ortho_3_A_72_D_rep1.pdb
-82.9,1.145,-1281.054,7.368,-713.417,0.845,481.632,7.718,relaxed_ortho_3_A_72_S_rep1.pdb
-83.727,0.317,-1282.106,6.316,-713.958,0.304,482.484,8.57,relaxed_ortho_3_A_82_M_rep4.pdb
-83.644,0.4,-1286.5,1.922,-714.157,0.105,474.697,0.783,relaxed_ortho_3_A_36_Q_rep3.pdb
-83.94,0.105,-1288.279,0.143,-714.291,-0.029,474.811,0.897,relaxed_ortho_3_A_74_K_rep4.pdb
-82.883,1.161,-1273.838,14.584,-713.188,1.074,490.378,16.464,relaxed_ortho_3_A_25_G_rep2.pdb
-83.85,0.194,-1284.731,3.691,-714.129,0.133,477.742,3.828,relaxed_ortho_3_A_29_K_rep4.pdb
-82.943,1.101,-1282.623,5.799,-713.469,0.793,481.331,7.417,relaxed_ortho_3_A_85_Y_rep5.pdb
-89.365,-5.32,-1292.325,-3.903,-712.382,1.88,476.446,2.532,relaxed_ortho_3_A_34_E_rep4.pdb
-82.474,1.571,-1216.67,71.751,-713.283,0.979,573.371,99.457,relaxed_ortho_3_B_17_P_rep2.pdb
-83.901,0.144,-1286.829,1.593,-714.71,-0.448,475.512,1.599,relaxed_ortho_3_A_78_L_rep3.pdb
-83.202,0.842,-1285.735,2.687,-713.503,0.759,479.361,5.447,relaxed_ortho_3_B_100_D_rep3.pdb
-83.825,0.219,-1285.624,2.798,-714.316,-0.054,478.621,4.707,relaxed_ortho_3_A_71_Y_rep4.pdb
-83.098,0.947,-1286.844,1.578,-714.401,-0.139,486.426,12.512,relaxed_ortho_3_B_56_Q_rep5.pdb
-83.687,0.358,-1286.828,1.593,-713.751,0.511,478.332,4.418,relaxed_ortho_3_A_78_W_rep4.pdb
-82.975,1.07,-1287.628,0.793,-713.351,0.911,475.53,1.616,relaxed_ortho_3_A_21_H_rep4.pdb
-75.733,8.312,-1280.73,7.692,-712.36,1.902,473.457,-0.457,relaxed_ortho_3_A_35_L_rep2.pdb
-83.825,0.219,-1285.624,2.798,-714.316,-0.054,478.621,4.707,relaxed_ortho_3_A_71_Y_rep5.pdb
-77.944,6.1,-1283.73,4.692,-712.622,1.64,477.846,3.932,relaxed_ortho_3_A_40_T_rep2.pdb
-81.194,2.85,-1286.761,1.661,-713.608,0.654,469.614,-4.3,relaxed_ortho_3_B_54_D_rep1.pdb
-83.184,0.86,-1275.497,12.925,-714.12,0.142,487.254,13.34,relaxed_ortho_3_B_57_P_rep4.pdb
-85.281,-1.236,-1278.719,9.702,-714.408,-0.146,486.772,12.858,relaxed_ortho_3_A_87_H_rep5.pdb
-83.789,0.256,-1283.432,4.989,-714.293,-0.031,479.722,5.809,relaxed_ortho_3_B_59_N_rep3.pdb
-83.037,1.007,-1291.364,-2.943,-713.488,0.774,474.324,0.411,relaxed_ortho_3_B_12_I_rep1.pdb
-83.267,0.777,-1291.155,-2.734,-713.202,1.06,472.237,-1.677,relaxed_ortho_3_A_73_L_rep2.pdb
-83.064,0.98,-1246.892,41.53,-713.766,0.496,505.142,31.228,relaxed_ortho_3_A_72_Y_rep3.pdb
-81.876,2.168,-1284.435,3.987,-713.356,0.906,482.485,8.571,relaxed_ortho_3_B_54_R_rep3.pdb
-83.96,0.084,-1283.465,4.957,-714.125,0.137,482.961,9.048,relaxed_ortho_3_A_41_S_rep2.pdb
-82.682,1.363,-1283.921,4.501,-714.393,-0.131,478.436,4.522,relaxed_ortho_3_A_83_N_rep4.pdb
-83.994,0.05,-1282.607,5.815,-714.273,-0.011,480.125,6.212,relaxed_ortho_3_A_29_G_rep5.pdb
-83.763,0.281,-1284.886,3.536,-714.235,0.027,476.696,2.782,relaxed_ortho_3_A_27_P_rep5.pdb
-80.346,3.698,-1250.301,38.121,-714.043,0.218,507.223,33.31,relaxed_ortho_3_A_81_P_rep1.pdb
-83.153,0.892,-1287.105,1.317,-713.212,1.05,475.28,1.366,relaxed_ortho_3_A_87_S_rep5.pdb
-83.674,0.371,-1285.918,2.504,-713.666,0.596,475.286,1.372,relaxed_ortho_3_A_80_Y_rep3.pdb
-83.183,0.861,-1290.358,-1.936,-712.806,1.456,471.324,-2.59,relaxed_ortho_3_A_73_F_rep5.pdb
-83.048,0.997,-1288.08,0.342,-713.508,0.754,474.982,1.069,relaxed_ortho_3_A_86_D_rep5.pdb
-80.232,3.812,-1274.483,13.939,-710.566,3.696,478.808,4.894,relaxed_ortho_3_A_41_R_rep2.pdb
-81.158,2.886,-1280.292,8.13,-713.635,0.627,479.186,5.272,relaxed_ortho_3_A_75_S_rep4.pdb
-83.209,0.835,-1287.462,0.96,-714.406,-0.144,475.71,1.796,relaxed_ortho_3_A_81_S_rep2.pdb
-82.565,1.48,-1284.327,4.095,-714.224,0.037,478.477,4.563,relaxed_ortho_3_A_28_I_rep2.pdb
-83.252,0.792,-1286.468,1.954,-714.071,0.191,474.179,0.265,relaxed_ortho_3_B_57_E_rep3.pdb
-86.63,-2.585,-1267.029,21.392,-714.075,0.187,499.193,25.279,relaxed_ortho_3_A_39_K_rep1.pdb
-82.251,1.793,-1283.632,4.789,-714.293,-0.031,476.864,2.95,relaxed_ortho_3_A_27_S_rep3.pdb
-82.758,1.287,-1282.686,5.736,-714.413,-0.151,486.922,13.008,relaxed_ortho_3_B_17_I_rep1.pdb
-82.775,1.27,-1283.668,4.754,-714.172,0.09,475.564,1.651,relaxed_ortho_3_A_27_V_rep1.pdb
-79.506,4.539,-1286.934,1.488,-712.452,1.81,469.498,-4.416,relaxed_ortho_3_A_40_Y_rep4.pdb
-82.222,1.822,-1284.948,3.474,-714.749,-0.487,474.785,0.871,relaxed_ortho_3_A_78_A_rep5.pdb
-80.583,3.461,-1284.049,4.372,-712.313,1.949,476.51,2.596,relaxed_ortho_3_B_15_V_rep1.pdb
-83.126,0.918,-1279.34,9.082,-713.434,0.828,485.674,11.76,relaxed_ortho_3_A_25_S_rep1.pdb
-86.189,-2.144,-1285.706,2.716,-710.963,3.299,485.313,11.399,relaxed_ortho_3_A_27_Y_rep3.pdb
-81.878,2.166,-1284.51,3.911,-713.448,0.814,481.219,7.305,relaxed_ortho_3_B_54_R_rep1.pdb
-67.956,16.089,-1167.571,120.851,-693.691,20.571,486.405,12.491,relaxed_ortho_3_A_83_P_rep2.pdb
-84.114,-0.07,-1285.421,3.0,-714.925,-0.663,476.554,2.64,relaxed_ortho_3_A_24_T_rep2.pdb
-84.927,-0.882,-1284.039,4.383,-714.55,-0.288,480.948,7.034,relaxed_ortho_3_A_74_C_rep1.pdb
-83.742,0.303,-1287.979,0.443,-714.157,0.105,471.115,-2.799,relaxed_ortho_3_B_13_Q_rep3.pdb
-83.41,0.635,-1234.934,53.488,-713.975,0.286,475.412,1.498,relaxed_ortho_3_A_25_P_rep1.pdb
-80.841,3.203,-1285.175,3.247,-712.369,1.893,474.914,1.0,relaxed_ortho_3_B_15_S_rep1.pdb
-81.724,2.321,-1287.142,1.279,-713.896,0.366,472.335,-1.579,relaxed_ortho_3_A_38_V_rep4.pdb
-83.022,1.022,-1288.569,-0.147,-713.357,0.905,474.606,0.692,relaxed_ortho_3_B_101_T_rep5.pdb
-83.083,0.961,-1288.732,-0.31,-713.507,0.755,474.107,0.193,relaxed_ortho_3_B_13_I_rep2.pdb
-72.022,12.023,-1278.507,9.915,-713.052,1.21,454.955,-18.959,relaxed_ortho_3_A_38_D_rep2.pdb
-77.613,6.432,-1282.372,6.05,-714.105,0.157,472.716,-1.198,relaxed_ortho_3_A_38_G_rep5.pdb
-82.128,1.917,-1283.881,4.541,-713.931,0.331,478.887,4.973,relaxed_ortho_3_A_27_L_rep4.pdb
-85.015,-0.971,-1285.327,3.095,-710.11,4.152,473.944,0.03,relaxed_ortho_3_B_15_Y_rep4.pdb
-83.049,0.995,-1290.03,-1.608,-712.879,1.383,471.852,-2.062,relaxed_ortho_3_A_73_W_rep5.pdb
-85.086,-1.041,-1288.195,0.227,-713.314,0.948,474.636,0.722,relaxed_ortho_3_B_101_R_rep2.pdb
-78.386,5.659,-1272.989,15.433,-714.086,0.176,488.678,14.764,relaxed_ortho_3_A_82_W_rep2.pdb
-78.698,5.346,-1274.537,13.885,-711.534,2.728,461.753,-12.161,relaxed_ortho_3_B_55_F_rep2.pdb
-82.951,1.093,-1281.489,6.932,-713.467,0.795,481.24,7.326,relaxed_ortho_3_A_72_A_rep2.pdb
-83.695,0.35,-1250.794,37.628,-713.862,0.4,456.675,-17.239,relaxed_ortho_3_A_25_P_rep4.pdb
-83.028,1.016,-1288.664,-0.242,-713.475,0.787,477.306,3.392,relaxed_ortho_3_B_12_M_rep1.pdb
-85.372,-1.328,-1287.384,1.038,-711.326,2.936,480.521,6.608,relaxed_ortho_3_B_17_G_rep2.pdb
-81.092,2.953,-1280.917,7.504,-714.734,-0.472,480.332,6.419,relaxed_ortho_3_A_78_G_rep2.pdb
-80.849,3.195,-1284.465,3.957,-715.059,-0.797,475.201,1.288,relaxed_ortho_3_A_80_S_rep2.pdb
-77.227,6.818,-1279.928,8.494,-714.073,0.189,475.165,1.251,relaxed_ortho_3_A_84_S_rep2.pdb
-83.389,0.655,-1283.452,4.969,-713.529,0.733,474.677,0.763,relaxed_ortho_3_A_37_I_rep2.pdb
-83.241,0.804,-1287.832,0.59,-713.526,0.736,476.454,2.54,relaxed_ortho_3_A_28_G_rep2.pdb
-83.345,0.699,-1278.262,10.159,-713.683,0.579,488.271,14.357,relaxed_ortho_3_B_17_F_rep1.pdb
-82.956,1.089,-1288.644,-0.222,-713.487,0.775,476.296,2.382,relaxed_ortho_3_A_75_I_rep2.pdb
-81.688,2.357,-1229.992,58.43,-714.314,-0.052,517.414,43.501,relaxed_ortho_3_A_72_P_rep5.pdb
-81.126,2.918,-1288.636,-0.214,-713.325,0.937,471.518,-2.395,relaxed_ortho_3_B_54_E_rep5.pdb
-83.015,1.029,-1286.103,2.319,-713.455,0.807,477.316,3.402,relaxed_ortho_3_A_23_H_rep2.pdb
-83.912,0.133,-1286.725,1.696,-713.353,0.909,479.569,5.655,relaxed_ortho_3_A_76_L_rep5.pdb
-83.206,0.838,-1280.012,8.409,-713.346,0.916,479.146,5.232,relaxed_ortho_3_A_41_V_rep5.pdb
-89.116,-5.071,-1278.661,9.761,-714.281,-0.019,485.318,11.404,relaxed_ortho_3_A_34_P_rep1.pdb
-80.25,3.794,-1285.793,2.629,-713.256,1.006,475.682,1.768,relaxed_ortho_3_A_84_Y_rep4.pdb
-82.436,1.609,-1286.199,2.223,-714.881,-0.619,476.098,2.185,relaxed_ortho_3_A_78_R_rep3.pdb
-81.194,2.851,-1285.388,3.034,-713.072,1.19,478.124,4.21,relaxed_ortho_3_B_54_S_rep3.pdb
-84.361,-0.316,-1267.36,21.062,-714.005,0.257,493.245,19.331,relaxed_ortho_3_A_87_I_rep4.pdb
-82.986,1.059,-1287.727,0.695,-713.471,0.791,475.919,2.005,relaxed_ortho_3_A_71_T_rep1.pdb
-82.349,1.696,-1289.11,-0.688,-713.003,1.259,471.252,-2.662,relaxed_ortho_3_B_13_P_rep4.pdb
-86.09,-2.046,-1287.0,1.422,-714.329,-0.067,490.251,16.338,relaxed_ortho_3_B_56_I_rep2.pdb
-83.15,0.895,-1286.443,1.979,-713.252,1.01,478.586,4.672,relaxed_ortho_3_A_83_R_rep5.pdb
-84.167,-0.122,-1288.158,0.264,-714.341,-0.079,477.779,3.865,relaxed_ortho_3_B_56_K_rep1.pdb
-81.707,2.337,-1287.191,1.231,-713.976,0.286,474.78,0.867,relaxed_ortho_3_A_79_A_rep5.pdb
-80.269,3.776,-1218.241,70.181,-712.67,1.592,145.647,-328.267,relaxed_ortho_3_B_14_W_rep1.pdb
-81.833,2.211,-1285.607,2.815,-713.746,0.516,476.463,2.549,relaxed_ortho_3_A_79_C_rep4.pdb
-84.629,-0.585,-1285.563,2.859,-713.925,0.337,481.577,7.664,relaxed_ortho_3_A_26_P_rep5.pdb
-82.99,1.054,-1286.72,1.702,-713.358,0.904,477.996,4.082,relaxed_ortho_3_A_71_I_rep5.pdb
-86.759,-2.715,-1288.95,-0.528,-713.812,0.45,475.487,1.573,relaxed_ortho_3_A_34_I_rep4.pdb
-83.072,0.973,-1288.603,-0.182,-713.435,0.827,477.743,3.829,relaxed_ortho_3_B_58_V_rep5.pdb
-82.718,1.327,-1272.56,15.862,-715.136,-0.874,488.128,14.214,relaxed_ortho_3_A_80_V_rep1.pdb
-84.713,-0.669,-1285.551,2.871,-714.372,-0.11,476.351,2.437,relaxed_ortho_3_A_83_F_rep4.pdb
-82.973,1.071,-1286.633,1.789,-714.482,-0.22,476.634,2.72,relaxed_ortho_3_A_21_Q_rep1.pdb
-84.317,-0.272,-1276.601,11.821,-714.072,0.19,486.043,12.129,relaxed_ortho_3_A_28_W_rep3.pdb
-82.812,1.233,-1286.104,2.318,-713.934,0.328,477.787,3.874,relaxed_ortho_3_A_33_F_rep5.pdb
-81.463,2.582,-1286.454,1.968,-714.435,-0.173,473.583,-0.331,relaxed_ortho_3_A_73_K_rep1.pdb
-83.585,0.46,-1281.825,6.597,-714.336,-0.074,467.443,-6.471,relaxed_ortho_3_B_13_D_rep4.pdb
-83.01,1.035,-1287.011,1.411,-713.336,0.926,475.543,1.629,relaxed_ortho_3_A_71_M_rep1.pdb
-82.671,1.374,-1240.965,47.457,-714.263,-0.001,496.789,22.876,relaxed_ortho_3_A_72_R_rep5.pdb
-82.873,1.171,-1285.147,3.275,-713.357,0.905,478.873,4.959,relaxed_ortho_3_A_85_M_rep5.pdb
-82.957,1.088,-1285.496,2.926,-714.233,0.029,479.26,5.346,relaxed_ortho_3_A_21_M_rep4.pdb
-86.305,-2.26,-1287.659,0.762,-713.326,0.936,480.915,7.001,relaxed_ortho_3_B_57_M_rep2.pdb
-82.221,1.823,-1287.414,1.008,-713.499,0.763,486.518,12.604,relaxed_ortho_3_B_56_S_rep4.pdb
-84.915,-0.87,-1282.974,5.448,-714.454,-0.192,483.407,9.493,relaxed_ortho_3_A_74_D_rep2.pdb
-86.543,-2.499,-1275.537,12.885,-714.115,0.147,490.231,16.317,relaxed_ortho_3_A_30_R_rep1.pdb
-84.118,-0.073,-1272.079,16.343,-713.819,0.443,490.991,17.077,relaxed_ortho_3_A_39_E_rep1.pdb
-83.738,0.307,-1288.05,0.371,-714.437,-0.175,474.76,0.846,relaxed_ortho_3_A_33_T_rep1.pdb
-84.164,-0.119,-1287.08,1.341,-714.524,-0.262,475.26,1.346,relaxed_ortho_3_B_57_T_rep4.pdb
-83.128,0.916,-1288.698,-0.276,-713.561,0.701,474.147,0.233,relaxed_ortho_3_A_71_Q_rep2.pdb
-83.803,0.241,-1286.261,2.161,-711.931,2.331,477.663,3.749,relaxed_ortho_3_B_15_H_rep4.pdb
-83.746,0.299,-1287.945,0.477,-714.43,-0.169,471.915,-1.998,relaxed_ortho_3_B_13_Q_rep5.pdb
-81.07,2.975,-1286.544,1.877,-714.843,-0.581,473.116,-0.798,relaxed_ortho_3_A_80_N_rep2.pdb
-83.141,0.903,-1288.622,-0.201,-713.579,0.683,475.698,1.785,relaxed_ortho_3_A_28_T_rep2.pdb
-78.924,5.121,-1284.738,3.683,-713.433,0.829,473.49,-0.424,relaxed_ortho_3_A_84_I_rep2.pdb
-84.477,-0.433,-1288.281,0.141,-715.27,-1.008,478.509,4.595,relaxed_ortho_3_A_35_C_rep1.pdb
-87.344,-3.299,-1250.034,38.388,-710.704,3.558,520.396,46.482,relaxed_ortho_3_A_39_W_rep4.pdb
-88.013,-3.968,-1289.904,-1.483,-713.098,1.164,475.763,1.849,relaxed_ortho_3_A_28_N_rep5.pdb
-85.636,-1.592,-1289.111,-0.689,-712.832,1.43,473.146,-0.767,relaxed_ortho_3_A_36_T_rep1.pdb
-84.195,-0.15,-1285.223,3.199,-713.541,0.721,478.943,5.029,relaxed_ortho_3_B_102_F_rep2.pdb
-82.783,1.262,-1288.823,-0.401,-714.435,-0.173,472.306,-1.608,relaxed_ortho_3_A_29_Q_rep4.pdb
-79.156,4.888,-1280.968,7.454,-714.71,-0.448,478.019,4.105,relaxed_ortho_3_A_77_S_rep4.pdb
-86.287,-2.242,-1286.929,1.493,-714.443,-0.181,478.869,4.955,relaxed_ortho_3_A_34_A_rep3.pdb
-82.131,1.913,-1280.19,8.231,-714.361,-0.099,481.808,7.894,relaxed_ortho_3_A_82_C_rep5.pdb
-82.353,1.692,-1286.058,2.364,-713.371,0.891,476.504,2.59,relaxed_ortho_3_B_58_T_rep4.pdb
-76.368,7.677,-1284.345,4.077,-715.637,-1.375,473.528,-0.386,relaxed_ortho_3_A_35_D_rep2.pdb
-85.701,-1.656,-1279.011,9.411,-714.179,0.083,487.49,13.577,relaxed_ortho_3_A_87_W_rep2.pdb
-82.218,1.826,-1283.879,4.543,-713.363,0.899,476.692,2.778,relaxed_ortho_3_B_58_S_rep5.pdb
-83.264,0.78,-1286.885,1.536,-713.383,0.879,478.472,4.558,relaxed_ortho_3_B_98_M_rep2.pdb
-81.622,2.422,-1290.419,-1.998,-714.033,0.229,467.859,-6.055,relaxed_ortho_3_A_33_R_rep1.pdb
-83.19,0.854,-1285.716,2.706,-713.693,0.569,478.499,4.586,relaxed_ortho_3_B_100_D_rep1.pdb
-82.893,1.152,-1288.46,-0.038,-713.3,0.962,475.956,2.042,relaxed_ortho_3_B_101_Q_rep1.pdb
-82.839,1.205,-1282.718,5.704,-713.664,0.598,481.783,7.869,relaxed_ortho_3_A_85_D_rep4.pdb
-83.826,0.218,-1284.219,4.202,-714.363,-0.101,479.918,6.004,relaxed_ortho_3_A_78_C_rep5.pdb
-83.059,0.986,-1289.512,-1.09,-713.405,0.857,471.865,-2.049,relaxed_ortho_3_B_12_A_rep2.pdb
-81.802,2.243,-1281.58,6.842,-714.298,-0.036,483.565,9.651,relaxed_ortho_3_A_76_W_rep4.pdb
-88.153,-4.108,-1281.239,7.183,-714.177,0.085,484.872,10.959,relaxed_ortho_3_A_31_Y_rep3.pdb
-85.273,-1.229,-1284.492,3.93,-714.393,-0.131,482.003,8.089,relaxed_ortho_3_A_74_E_rep4.pdb
-87.15,-3.106,-1288.28,0.141,-714.324,-0.062,475.13,1.216,relaxed_ortho_3_A_34_S_rep2.pdb
-81.327,2.718,-1283.779,4.643,-713.878,0.384,479.085,5.171,relaxed_ortho_3_A_79_F_rep1.pdb
-83.695,0.349,-1278.408,10.014,-713.884,0.378,483.842,9.929,relaxed_ortho_3_A_74_W_rep2.pdb
-84.042,0.003,-1280.168,8.254,-712.626,1.636,474.1,0.187,relaxed_ortho_3_A_74_I_rep3.pdb
-83.241,0.803,-1289.061,-0.639,-713.236,1.026,473.135,-0.779,relaxed_ortho_3_B_101_I_rep1.pdb
-84.276,-0.232,-1287.732,0.69,-714.229,0.033,474.853,0.939,relaxed_ortho_3_B_100_Y_rep1.pdb
-80.83,3.214,-1285.334,3.088,-713.088,1.174,470.238,-3.676,relaxed_ortho_3_B_55_Y_rep2.pdb
-86.868,-2.824,-1287.533,0.889,-713.937,0.325,488.761,14.847,relaxed_ortho_3_B_56_V_rep1.pdb
-82.93,1.114,-1286.191,2.231,-713.475,0.787,477.137,3.223,relaxed_ortho_3_B_100_L_rep1.pdb
-84.029,0.016,-1263.725,24.697,-714.409,-0.147,489.23,15.317,relaxed_ortho_3_B_11_Q_rep1.pdb
-82.642,1.402,-1284.657,3.765,-712.315,1.946,479.275,5.361,relaxed_ortho_3_B_15_M_rep4.pdb
-83.156,0.888,-1282.476,5.946,-713.581,0.681,482.294,8.38,relaxed_ortho_3_A_25_Q_rep5.pdb
-81.099,2.946,-1283.549,4.873,-712.446,1.816,478.286,4.373,relaxed_ortho_3_B_15_C_rep1.pdb
-82.703,1.341,-1285.399,3.023,-714.711,-0.449,475.509,1.595,relaxed_ortho_3_A_81_N_rep5.pdb
-84.229,-0.185,-1269.752,18.67,-714.129,0.133,487.442,13.528,relaxed_ortho_3_A_71_P_rep4.pdb
-82.939,1.105,-1285.524,2.898,-715.149,-0.887,473.835,-0.079,relaxed_ortho_3_B_54_A_rep1.pdb
-80.86,3.185,-1285.483,2.938,-713.106,1.156,468.686,-5.228,relaxed_ortho_3_B_55_Y_rep1.pdb
-88.303,-4.259,-1282.01,6.412,-713.825,0.437,485.31,11.396,relaxed_ortho_3_A_30_F_rep5.pdb
-84.941,-0.896,-1287.534,0.888,-713.307,0.955,486.857,12.943,relaxed_ortho_3_B_56_M_rep1.pdb
-85.433,-1.388,-1286.717,1.704,-714.45,-0.189,476.613,2.699,relaxed_ortho_3_B_101_W_rep1.pdb
-85.242,-1.197,-1278.834,9.588,-714.031,0.231,485.213,11.299,relaxed_ortho_3_A_87_H_rep2.pdb
-84.429,-0.384,-1288.064,0.358,-713.084,1.178,486.653,12.739,relaxed_ortho_3_B_56_L_rep2.pdb
-82.737,1.308,-1283.487,4.935,-713.842,0.42,483.94,10.026,relaxed_ortho_3_B_100_I_rep4.pdb
-82.245,1.8,-1283.662,4.76,-713.125,1.137,475.832,1.918,relaxed_ortho_3_B_58_S_rep1.pdb
-84.057,-0.012,-1285.897,2.524,-713.295,0.967,478.451,4.537,relaxed_ortho_3_B_54_C_rep2.pdb
-82.682,1.362,-1287.062,1.359,-714.204,0.058,488.482,14.568,relaxed_ortho_3_B_56_D_rep1.pdb
-83.575,0.47,-1285.565,2.856,-714.164,0.098,476.052,2.138,relaxed_ortho_3_A_78_I_rep5.pdb
-86.702,-2.658,-1288.005,0.416,-712.919,1.343,471.368,-2.546,relaxed_ortho_3_A_36_L_rep3.pdb
-78.342,5.703,-1280.932,7.49,-714.274,-0.012,476.62,2.707,relaxed_ortho_3_A_84_N_rep5.pdb
-88.504,-4.459,-1265.546,22.876,-712.928,1.334,502.306,28.392,relaxed_ortho_3_A_30_W_rep5.pdb
-84.244,-0.2,-1262.572,25.85,-714.241,0.021,494.022,20.108,relaxed_ortho_3_B_11_E_rep5.pdb
-78.024,6.02,-1282.599,5.823,-714.386,-0.124,475.022,1.109,relaxed_ortho_3_A_84_E_rep4.pdb
-85.328,-1.283,-1282.113,6.308,-712.994,1.268,479.243,5.329,relaxed_ortho_3_B_98_W_rep3.pdb
-81.571,2.474,-1288.22,0.202,-713.168,1.094,474.238,0.325,relaxed_ortho_3_A_33_Q_rep4.pdb
-83.913,0.132,-1285.795,2.626,-714.329,-0.067,478.012,4.098,relaxed_ortho_3_A_29_N_rep4.pdb
-80.112,3.933,-1280.341,8.081,-714.029,0.232,481.112,7.198,relaxed_ortho_3_A_77_R_rep2.pdb
-89.785,-5.74,-1284.76,3.662,-712.875,1.387,478.8,4.886,relaxed_ortho_3_A_36_P_rep2.pdb
-81.766,2.279,-1230.037,58.384,-714.373,-0.111,518.377,44.463,relaxed_ortho_3_A_72_P_rep1.pdb
-87.42,-3.375,-1285.472,2.95,-714.125,0.137,471.351,-2.563,relaxed_ortho_3_B_58_W_rep3.pdb
-89.827,-5.783,-1290.039,-1.617,-712.865,1.397,473.198,-0.716,relaxed_ortho_3_A_34_Q_rep5.pdb
-82.852,1.192,-1281.838,6.584,-713.639,0.623,475.378,1.464,relaxed_ortho_3_A_22_D_rep1.pdb
-87.233,-3.189,-1283.628,4.793,-713.64,0.622,478.042,4.128,relaxed_ortho_3_A_37_G_rep3.pdb
-77.686,6.359,-1277.535,10.887,-713.52,0.742,480.041,6.127,relaxed_ortho_3_A_40_G_rep3.pdb
-84.021,0.024,-1284.299,4.123,-714.426,-0.164,477.931,4.018,relaxed_ortho_3_B_59_R_rep5.pdb
-83.271,0.773,-1285.912,2.51,-713.353,0.909,477.34,3.426,relaxed_ortho_3_A_27_A_rep2.pdb
-83.082,0.962,-1288.49,-0.068,-713.322,0.94,473.974,0.06,relaxed_ortho_3_A_32_Q_rep4.pdb
-83.053,0.992,-1282.212,6.209,-713.364,0.898,484.22,10.306,relaxed_ortho_3_A_25_Q_rep3.pdb
-83.5,0.544,-1285.533,2.889,-714.354,-0.092,475.024,1.11,relaxed_ortho_3_B_13_N_rep3.pdb
-83.342,0.703,-1278.248,10.174,-713.66,0.602,490.847,16.933,relaxed_ortho_3_B_17_F_rep3.pdb
-85.204,-1.16,-1269.711,18.711,-711.221,3.04,478.83,4.916,relaxed_ortho_3_A_22_Q_rep5.pdb
-83.39,0.655,-1283.41,5.011,-713.585,0.677,476.823,2.909,relaxed_ortho_3_A_37_I_rep3.pdb
-82.576,1.469,-1284.547,3.875,-711.992,2.27,479.13,5.216,relaxed_ortho_3_B_15_M_rep2.pdb
-82.898,1.147,-1285.534,2.888,-713.648,0.614,478.013,4.099,relaxed_ortho_3_A_29_K_rep2.pdb
-82.697,1.348,-1285.849,2.573,-713.12,1.142,478.451,4.537,relaxed_ortho_3_B_54_T_rep5.pdb
-85.378,-1.334,-1289.118,-0.696,-714.167,0.095,476.187,2.274,relaxed_ortho_3_A_26_E_rep5.pdb
-83.134,0.911,-1284.377,4.045,-714.434,-0.172,477.294,3.38,relaxed_ortho_3_A_75_T_rep1.pdb
-83.139,0.906,-1288.567,-0.145,-713.706,0.556,476.409,2.495,relaxed_ortho_3_A_80_K_rep2.pdb
-81.508,2.537,-1285.597,2.825,-714.658,-0.396,475.356,1.442,relaxed_ortho_3_A_81_H_rep3.pdb
-83.317,0.728,-1288.135,0.287,-713.585,0.677,481.434,7.52,relaxed_ortho_3_B_17_C_rep2.pdb
-81.714,2.331,-1288.105,0.317,-713.898,0.364,473.019,-0.894,relaxed_ortho_3_A_79_S_rep1.pdb
-82.543,1.502,-1280.751,7.671,-714.182,0.08,479.326,5.412,relaxed_ortho_3_A_78_G_rep1.pdb
-82.985,1.059,-1283.049,5.373,-713.228,1.034,476.573,2.659,relaxed_ortho_3_B_55_R_rep3.pdb
-82.934,1.111,-1284.144,4.277,-713.268,0.994,477.713,3.799,relaxed_ortho_3_A_83_C_rep1.pdb
-81.459,2.585,-1286.407,2.014,-713.417,0.845,474.702,0.788,relaxed_ortho_3_A_73_V_rep3.pdb
-84.713,-0.669,-1281.079,7.342,-714.372,-0.11,484.753,10.839,relaxed_ortho_3_A_39_M_rep3.pdb
-83.581,0.463,-1284.663,3.759,-714.324,-0.062,467.844,-6.07,relaxed_ortho_3_B_13_E_rep4.pdb
-83.893,0.152,-1287.352,1.07,-715.053,-0.791,474.776,0.862,relaxed_ortho_3_A_80_Q_rep3.pdb
-82.481,1.563,-1282.109,6.313,-714.53,-0.268,479.902,5.989,relaxed_ortho_3_B_11_S_rep5.pdb
-83.954,0.09,-1288.043,0.379,-714.4,-0.138,474.079,0.165,relaxed_ortho_3_B_58_V_rep4.pdb
-74.394,9.651,-1279.732,8.69,-714.716,-0.454,478.977,5.063,relaxed_ortho_3_A_38_W_rep2.pdb
-80.17,3.874,-1285.578,2.844,-713.281,0.98,480.624,6.71,relaxed_ortho_3_A_40_V_rep5.pdb
-83.942,0.102,-1284.968,3.454,-714.394,-0.132,478.417,4.503,relaxed_ortho_3_A_23_E_rep4.pdb
-82.833,1.211,-1284.679,3.743,-714.476,-0.214,479.296,5.382,relaxed_ortho_3_A_21_N_rep3.pdb
-78.635,5.409,-1284.311,4.111,-713.927,0.335,475.635,1.722,relaxed_ortho_3_A_84_I_rep1.pdb
-86.318,-2.274,-1277.577,10.845,-714.33,-0.068,489.916,16.002,relaxed_ortho_3_A_31_I_rep3.pdb
-78.514,5.531,-1283.939,4.482,-715.103,-0.841,478.009,4.096,relaxed_ortho_3_A_77_L_rep4.pdb
-82.852,1.193,-1284.319,4.103,-713.471,0.791,477.212,3.299,relaxed_ortho_3_B_58_C_rep2.pdb
-83.016,1.029,-1288.492,-0.071,-713.285,0.977,476.648,2.735,relaxed_ortho_3_B_55_N_rep2.pdb
-81.686,2.358,-1285.844,2.578,-713.159,1.103,476.206,2.292,relaxed_ortho_3_B_102_G_rep2.pdb
-82.265,1.78,-1284.297,4.125,-713.44,0.822,477.958,4.044,relaxed_ortho_3_A_82_C_rep4.pdb
-83.258,0.786,-1286.399,2.023,-714.898,-0.636,476.527,2.613,relaxed_ortho_3_B_102_L_rep1.pdb
-82.679,1.365,-1285.876,2.545,-714.863,-0.601,476.689,2.775,relaxed_ortho_3_B_102_E_rep4.pdb
-83.934,0.11,-1281.205,7.217,-714.329,-0.067,485.49,11.576,relaxed_ortho_3_A_24_G_rep5.pdb
-86.63,-2.585,-1267.029,21.392,-714.075,0.187,499.193,25.279,relaxed_ortho_3_A_39_K_rep2.pdb
-85.291,-1.247,-1284.667,3.755,-714.65,-0.388,481.588,7.674,relaxed_ortho_3_A_74_E_rep3.pdb
-82.889,1.155,-1286.249,2.173,-714.442,-0.18,498.815,24.901,relaxed_ortho_3_A_24_W_rep3.pdb
-83.583,0.462,-1250.874,37.548,-713.946,0.316,456.221,-17.693,relaxed_ortho_3_A_25_P_rep3.pdb
-82.673,1.371,-1284.545,3.877,-712.142,2.12,480.177,6.263,relaxed_ortho_3_B_15_M_rep3.pdb
-85.481,-1.437,-1288.58,-0.158,-711.343,2.919,482.621,8.707,relaxed_ortho_3_B_17_T_rep1.pdb
-81.108,2.936,-1281.956,6.466,-713.396,0.865,476.764,2.851,relaxed_ortho_3_A_73_G_rep4.pdb
-82.888,1.157,-1284.273,4.149,-713.415,0.847,477.106,3.192,relaxed_ortho_3_B_58_C_rep1.pdb
-84.542,-0.497,-1290.547,-2.125,-718.104,-3.842,471.235,-2.679,relaxed_ortho_3_A_27_W_rep1.pdb
-83.104,0.941,-1286.75,1.672,-713.528,0.734,477.476,3.562,relaxed_ortho_3_A_21_S_rep5.pdb
-84.086,-0.041,-1287.771,0.651,-714.481,-0.219,486.683,12.769,relaxed_ortho_3_B_56_L_rep5.pdb
-81.958,2.087,-1288.405,0.017,-714.092,0.17,472.611,-1.302,relaxed_ortho_3_A_79_G_rep3.pdb
-76.0,8.045,-1277.352,11.07,-714.363,-0.101,482.715,8.801,relaxed_ortho_3_A_77_K_rep4.pdb
-77.866,6.178,-1280.053,8.368,-714.431,-0.169,478.687,4.773,relaxed_ortho_3_A_84_D_rep1.pdb
-82.513,1.532,-1290.582,-2.16,-714.394,-0.132,471.31,-2.604,relaxed_ortho_3_B_12_R_rep5.pdb
-84.276,-0.232,-1287.732,0.69,-714.229,0.033,474.853,0.939,relaxed_ortho_3_B_100_Y_rep5.pdb
-82.198,1.847,-1286.211,2.211,-713.515,0.747,472.407,-1.506,relaxed_ortho_3_B_54_A_rep4.pdb
-84.9,-0.855,-1284.026,4.395,-714.24,0.022,479.491,5.577,relaxed_ortho_3_A_74_C_rep3.pdb
-83.278,0.767,-1289.459,-1.037,-713.208,1.054,478.07,4.156,relaxed_ortho_3_B_13_L_rep3.pdb
-80.631,3.413,-1286.007,2.415,-713.506,0.756,471.909,-2.005,relaxed_ortho_3_B_55_T_rep1.pdb
-86.171,-2.126,-1276.575,11.847,-714.136,0.126,473.865,-0.049,relaxed_ortho_3_A_38_P_rep3.pdb
-84.055,-0.01,-1286.672,1.75,-714.341,-0.079,493.229,19.315,relaxed_ortho_3_A_24_F_rep4.pdb
-87.587,-3.542,-1287.936,0.485,-714.002,0.26,477.713,3.799,relaxed_ortho_3_A_76_T_rep2.pdb
-83.057,0.987,-1288.648,-0.227,-713.443,0.818,475.538,1.624,relaxed_ortho_3_A_28_R_rep4.pdb
-83.004,1.041,-1288.685,-0.264,-713.493,0.769,474.754,0.84,relaxed_ortho_3_B_57_N_rep4.pdb
-83.068,0.977,-1288.048,0.374,-713.465,0.797,476.158,2.244,relaxed_ortho_3_A_86_Q_rep2.pdb
-84.5,-0.455,-1287.214,1.207,-713.963,0.299,471.794,-2.12,relaxed_ortho_3_B_13_M_rep4.pdb
-76.551,7.494,-1282.039,6.383,-713.88,0.381,473.769,-0.145,relaxed_ortho_3_A_35_E_rep1.pdb
-83.152,0.892,-1286.591,1.831,-713.756,0.506,477.997,4.083,relaxed_ortho_3_B_98_E_rep2.pdb
-85.036,-0.991,-1285.354,3.068,-710.167,4.095,473.077,-0.837,relaxed_ortho_3_B_15_Y_rep5.pdb
-83.012,1.033,-1288.667,-0.245,-713.601,0.661,475.242,1.328,relaxed_ortho_3_A_30_I_rep4.pdb
-83.039,1.006,-1285.902,2.52,-713.546,0.716,478.366,4.452,relaxed_ortho_3_A_86_C_rep5.pdb
-82.611,1.434,-1282.493,5.928,-713.351,0.911,482.923,9.009,relaxed_ortho_3_A_85_Y_rep4.pdb
-76.914,7.131,-1279.956,8.466,-711.615,2.647,470.84,-3.074,relaxed_ortho_3_A_35_H_rep2.pdb
-82.952,1.093,-1284.792,3.63,-713.346,0.916,477.351,3.437,relaxed_ortho_3_A_85_N_rep2.pdb
-83.072,0.972,-1286.291,2.131,-714.325,-0.063,473.44,-0.474,relaxed_ortho_3_A_36_Q_rep4.pdb
-83.935,0.11,-1288.093,0.328,-714.395,-0.133,475.01,1.096,relaxed_ortho_3_A_73_R_rep5.pdb
-82.894,1.15,-1284.822,3.6,-713.586,0.676,479.386,5.472,relaxed_ortho_3_B_59_S_rep1.pdb
-83.065,0.979,-1287.477,0.945,-713.532,0.73,475.245,1.331,relaxed_ortho_3_A_83_L_rep1.pdb
-82.939,1.105,-1283.755,4.667,-714.48,-0.218,479.988,6.074,relaxed_ortho_3_A_23_D_rep3.pdb
-80.077,3.967,-1276.374,12.048,-713.915,0.347,485.709,11.796,relaxed_ortho_3_A_75_G_rep1.pdb
-83.235,0.81,-1291.978,-3.557,-714.767,-0.505,471.055,-2.859,relaxed_ortho_3_A_33_K_rep3.pdb
-82.462,1.582,-1281.33,7.092,-713.412,0.85,483.161,9.247,relaxed_ortho_3_A_30_S_rep1.pdb
-82.293,1.751,-1285.518,2.904,-714.246,0.016,478.794,4.88,relaxed_ortho_3_A_76_Y_rep3.pdb
-83.929,0.115,-1278.964,9.458,-714.062,0.2,483.621,9.707,relaxed_ortho_3_A_39_D_rep5.pdb
-81.555,2.489,-1286.238,2.184,-712.159,2.103,475.038,1.124,relaxed_ortho_3_B_102_Q_rep5.pdb
-75.959,8.085,-1277.236,11.186,-714.31,-0.048,482.569,8.655,relaxed_ortho_3_A_77_K_rep2.pdb
-83.039,1.006,-1284.021,4.401,-713.583,0.679,479.846,5.933,relaxed_ortho_3_B_100_N_rep4.pdb
-85.315,-1.271,-1287.45,0.972,-713.99,0.272,486.181,12.267,relaxed_ortho_3_B_56_A_rep3.pdb
-84.5,-0.455,-1265.332,23.09,-711.538,2.724,462.77,-11.143,relaxed_ortho_3_B_11_Y_rep4.pdb
-83.795,0.249,-1287.732,0.689,-714.406,-0.144,475.002,1.088,relaxed_ortho_3_A_23_Y_rep4.pdb
-83.696,0.349,-1286.68,1.741,-713.389,0.873,476.568,2.654,relaxed_ortho_3_A_82_I_rep2.pdb
-83.353,0.691,-1285.857,2.565,-713.448,0.814,478.612,4.698,relaxed_ortho_3_B_100_D_rep4.pdb
-83.854,0.191,-1277.543,10.879,-714.207,0.055,477.523,3.609,relaxed_ortho_3_B_11_P_rep4.pdb
-83.374,0.671,-1271.779,16.643,-713.057,1.205,473.538,-0.376,relaxed_ortho_3_A_22_E_rep4.pdb
-85.449,-1.405,-1282.199,6.223,-713.422,0.84,480.129,6.215,relaxed_ortho_3_B_98_W_rep4.pdb
-82.627,1.418,-1287.197,1.225,-714.838,-0.576,472.021,-1.893,relaxed_ortho_3_A_38_M_rep2.pdb
-82.201,1.843,-1282.455,5.966,-714.41,-0.148,481.201,7.288,relaxed_ortho_3_A_72_C_rep3.pdb
-81.758,2.286,-1285.464,2.957,-714.148,0.114,476.034,2.12,relaxed_ortho_3_A_34_D_rep2.pdb
-80.901,3.143,-1286.364,2.057,-713.121,1.141,475.659,1.745,relaxed_ortho_3_B_101_D_rep5.pdb
-83.876,0.168,-1284.284,4.138,-714.364,-0.102,479.261,5.348,relaxed_ortho_3_A_24_S_rep3.pdb
-76.647,7.398,-1189.593,98.829,-713.609,0.653,567.326,93.412,relaxed_ortho_3_A_80_P_rep2.pdb
-83.066,0.979,-1280.359,8.063,-713.25,1.012,481.823,7.909,relaxed_ortho_3_A_83_G_rep1.pdb
-85.848,-1.804,-1288.576,-0.155,-714.255,0.007,475.71,1.796,relaxed_ortho_3_B_57_K_rep4.pdb
-82.234,1.811,-1286.187,2.235,-713.015,1.247,483.687,9.773,relaxed_ortho_3_B_54_H_rep1.pdb
-83.444,0.6,-1285.028,3.394,-714.084,0.178,470.16,-3.754,relaxed_ortho_3_B_13_C_rep1.pdb
-81.974,2.071,-1285.958,2.464,-714.321,-0.059,475.195,1.281,relaxed_ortho_3_A_78_E_rep3.pdb
-81.432,2.613,-1239.056,49.365,-713.038,1.224,201.623,-272.291,relaxed_ortho_3_B_14_I_rep1.pdb
-84.185,-0.141,-1285.569,2.853,-714.085,0.177,477.087,3.173,relaxed_ortho_3_A_39_I_rep5.pdb
-79.079,4.966,-1281.302,7.12,-713.844,0.418,475.035,1.122,relaxed_ortho_3_B_58_E_rep3.pdb
-85.594,-1.55,-1285.961,2.461,-713.703,0.559,488.679,14.765,relaxed_ortho_3_B_56_T_rep3.pdb
-83.085,0.96,-1288.454,-0.032,-713.594,0.668,475.055,1.141,relaxed_ortho_3_A_86_E_rep3.pdb
-83.845,0.2,-1283.978,4.444,-714.241,0.021,479.799,5.885,relaxed_ortho_3_A_71_W_rep4.pdb
-82.371,1.673,-1285.37,3.052,-711.968,2.294,474.957,1.043,relaxed_ortho_3_A_36_K_rep3.pdb
-82.993,1.052,-1288.647,-0.226,-715.343,-1.081,474.386,0.472,relaxed_ortho_3_A_35_T_rep5.pdb
-83.446,0.598,-1290.461,-2.04,-712.818,1.444,472.525,-1.389,relaxed_ortho_3_A_73_F_rep3.pdb
-83.924,0.12,-1284.134,4.288,-714.415,-0.153,479.162,5.248,relaxed_ortho_3_A_23_N_rep5.pdb
-86.393,-2.349,-1290.851,-2.429,-712.59,1.672,480.486,6.572,relaxed_ortho_3_B_17_D_rep3.pdb
-83.276,0.768,-1290.399,-1.977,-712.756,1.506,474.283,0.369,relaxed_ortho_3_A_73_F_rep2.pdb
-84.064,-0.02,-1241.578,46.844,-711.736,2.526,338.284,-135.63,relaxed_ortho_3_B_14_Y_rep5.pdb
-83.921,0.123,-1282.319,6.103,-714.44,-0.178,480.17,6.256,relaxed_ortho_3_A_23_R_rep2.pdb
-83.121,0.924,-1285.612,2.809,-713.703,0.559,479.636,5.722,relaxed_ortho_3_A_21_C_rep5.pdb
-83.088,0.957,-1285.647,2.775,-713.531,0.731,477.733,3.819,relaxed_ortho_3_A_85_Q_rep5.pdb
-83.066,0.978,-1284.105,4.317,-713.306,0.956,480.96,7.046,relaxed_ortho_3_A_82_Q_rep3.pdb
-78.608,5.437,-1275.571,12.851,-714.923,-0.661,480.458,6.544,relaxed_ortho_3_A_77_G_rep5.pdb
-82.713,1.332,-1285.618,2.804,-714.424,-0.162,475.079,1.166,relaxed_ortho_3_B_57_S_rep2.pdb
-82.265,1.779,-1285.152,3.27,-714.031,0.231,468.639,-5.274,relaxed_ortho_3_B_55_L_rep3.pdb
-85.682,-1.638,-1276.195,12.227,-714.078,0.184,471.753,-2.161,relaxed_ortho_3_A_38_P_rep1.pdb
-80.43,3.614,-1283.967,4.454,-714.907,-0.645,473.973,0.059,relaxed_ortho_3_A_80_E_rep4.pdb
-83.011,1.034,-1282.535,5.887,-713.232,1.03,480.886,6.972,relaxed_ortho_3_A_83_D_rep2.pdb
-83.853,0.191,-1284.671,3.751,-714.308,-0.046,480.536,6.622,relaxed_ortho_3_A_71_F_rep1.pdb
-54.938,29.107,-1005.778,282.644,-642.023,72.239,497.667,23.753,relaxed_ortho_3_A_30_P_rep2.pdb
-82.952,1.092,-1288.569,-0.147,-713.293,0.969,474.176,0.262,relaxed_ortho_3_A_40_W_rep2.pdb
-86.053,-2.008,-1285.535,2.887,-715.081,-0.819,479.926,6.013,relaxed_ortho_3_A_76_C_rep3.pdb
-83.809,0.235,-1284.347,4.075,-714.752,-0.49,479.496,5.582,relaxed_ortho_3_A_80_M_rep4.pdb
-83.456,0.589,-1275.433,12.989,-713.355,0.907,490.377,16.463,relaxed_ortho_3_B_14_N_rep2.pdb
-83.224,0.821,-1286.265,2.157,-713.216,1.045,482.953,9.04,relaxed_ortho_3_B_17_L_rep3.pdb
-75.127,8.917,-1269.833,18.589,-714.112,0.15,482.363,8.449,relaxed_ortho_3_A_82_H_rep2.pdb
-86.489,-2.444,-1287.804,0.618,-713.077,1.185,470.44,-3.474,relaxed_ortho_3_A_36_L_rep1.pdb
-81.38,2.664,-1280.723,7.698,-709.579,4.683,481.567,7.653,relaxed_ortho_3_B_15_R_rep3.pdb
-78.08,5.964,-1279.168,9.254,-714.512,-0.25,477.808,3.894,relaxed_ortho_3_A_84_A_rep3.pdb
-80.472,3.572,-1285.556,2.866,-712.5,1.762,477.269,3.355,relaxed_ortho_3_A_40_M_rep3.pdb
-86.155,-2.11,-1285.7,2.722,-713.549,0.713,477.33,3.416,relaxed_ortho_3_A_26_N_rep1.pdb
-85.566,-1.522,-1286.208,2.213,-714.056,0.206,478.078,4.164,relaxed_ortho_3_B_98_H_rep2.pdb
-87.35,-3.306,-1286.621,1.801,-713.627,0.635,477.715,3.801,relaxed_ortho_3_A_26_W_rep2.pdb
-82.912,1.132,-1283.062,5.36,-713.359,0.903,480.045,6.131,relaxed_ortho_3_A_85_H_rep5.pdb
-82.91,1.135,-1283.012,5.409,-713.26,1.002,476.444,2.531,relaxed_ortho_3_B_55_R_rep5.pdb
-81.492,2.552,-1287.171,1.251,-713.453,0.809,474.402,0.488,relaxed_ortho_3_A_73_N_rep1.pdb
-87.051,-3.007,-1282.491,5.931,-714.376,-0.114,484.103,10.189,relaxed_ortho_3_A_31_A_rep5.pdb
-84.472,-0.428,-1288.477,-0.056,-713.331,0.931,475.41,1.496,relaxed_ortho_3_A_76_V_rep2.pdb
-83.496,0.548,-1288.398,0.024,-714.26,0.002,473.393,-0.521,relaxed_ortho_3_B_54_Q_rep3.pdb
-82.54,1.504,-1287.436,0.986,-713.781,0.481,474.202,0.288,relaxed_ortho_3_A_79_Y_rep4.pdb
-84.543,-0.498,-1286.538,1.884,-711.453,2.809,477.067,3.153,relaxed_ortho_3_B_100_V_rep1.pdb
-87.099,-3.054,-1282.72,5.702,-714.087,0.175,484.181,10.267,relaxed_ortho_3_A_31_Q_rep4.pdb
-83.968,0.076,-1287.102,1.319,-714.531,-0.269,489.397,15.483,relaxed_ortho_3_B_56_N_rep3.pdb
-77.788,6.256,-1281.62,6.802,-714.611,-0.349,475.14,1.226,relaxed_ortho_3_A_77_H_rep1.pdb
-82.687,1.357,-1286.015,2.406,-713.312,0.95,479.678,5.764,relaxed_ortho_3_B_54_T_rep3.pdb
-84.026,0.019,-1285.923,2.499,-713.287,0.975,478.442,4.528,relaxed_ortho_3_B_102_Y_rep5.pdb
-83.097,0.948,-1285.349,3.073,-715.081,-0.819,477.166,3.252,relaxed_ortho_3_A_80_L_rep4.pdb
-79.102,4.943,-1281.771,6.651,-713.295,0.967,483.776,9.862,relaxed_ortho_3_A_82_K_rep5.pdb
-83.136,0.909,-1285.977,2.445,-713.17,1.092,476.649,2.735,relaxed_ortho_3_A_27_A_rep4.pdb
-83.313,0.731,-1261.312,27.11,-714.43,-0.168,426.961,-46.953,relaxed_ortho_3_A_23_V_rep3.pdb
-83.453,0.592,-1286.743,1.679,-713.544,0.718,479.074,5.16,relaxed_ortho_3_A_76_M_rep2.pdb
-84.107,-0.062,-1284.739,3.683,-714.332,-0.07,478.631,4.717,relaxed_ortho_3_B_102_H_rep4.pdb
-83.104,0.94,-1286.016,2.406,-713.451,0.811,479.033,5.119,relaxed_ortho_3_A_23_H_rep3.pdb
-84.052,-0.007,-1287.622,0.8,-714.377,-0.115,476.491,2.577,relaxed_ortho_3_A_29_E_rep4.pdb
-83.829,0.215,-1287.458,0.964,-714.078,0.184,478.825,4.911,relaxed_ortho_3_A_21_V_rep5.pdb
-83.151,0.893,-1247.01,41.412,-714.06,0.202,502.641,28.728,relaxed_ortho_3_A_72_Y_rep2.pdb
-85.245,-1.2,-1279.256,9.166,-713.416,0.846,474.421,0.507,relaxed_ortho_3_A_74_I_rep5.pdb
-86.794,-2.75,-1284.92,3.502,-714.305,-0.043,480.734,6.82,relaxed_ortho_3_A_76_R_rep3.pdb
-75.402,8.642,-1272.473,15.949,-713.173,1.089,483.981,10.067,relaxed_ortho_3_A_77_P_rep2.pdb
-79.52,4.525,-1283.643,4.778,-713.963,0.299,473.223,-0.691,relaxed_ortho_3_A_84_I_rep4.pdb
-86.323,-2.279,-1285.349,3.073,-711.852,2.41,479.148,5.235,relaxed_ortho_3_A_26_P_rep2.pdb
-82.89,1.155,-1267.783,20.638,-713.438,0.824,494.048,20.134,relaxed_ortho_3_A_39_P_rep3.pdb
-83.012,1.032,-1288.544,-0.122,-713.517,0.745,476.82,2.906,relaxed_ortho_3_B_56_R_rep1.pdb
-83.201,0.843,-1285.098,3.324,-714.211,0.051,477.045,3.131,relaxed_ortho_3_B_102_D_rep2.pdb
-84.735,-0.69,-1265.743,22.679,-714.019,0.243,443.757,-30.157,relaxed_ortho_3_A_25_R_rep2.pdb
-82.33,1.715,-1285.913,2.509,-714.092,0.17,475.787,1.873,relaxed_ortho_3_B_100_K_rep4.pdb
-80.318,3.727,-1283.182,5.24,-714.502,-0.24,476.573,2.659,relaxed_ortho_3_A_77_N_rep5.pdb
-84.296,-0.251,-1286.517,1.905,-713.776,0.485,479.527,5.613,relaxed_ortho_3_B_13_M_rep3.pdb
-81.582,2.462,-1287.222,1.2,-714.261,0.001,471.346,-2.568,relaxed_ortho_3_A_38_V_rep5.pdb
-81.831,2.214,-1286.431,1.991,-714.559,-0.297,475.419,1.505,relaxed_ortho_3_A_81_E_rep1.pdb
-86.517,-2.472,-1275.582,12.84,-714.313,-0.051,490.873,16.959,relaxed_ortho_3_A_30_R_rep2.pdb
-82.872,1.172,-1285.306,3.116,-714.218,0.044,477.055,3.142,relaxed_ortho_3_A_78_F_rep2.pdb
-82.754,1.291,-1286.766,1.656,-713.638,0.624,477.112,3.198,relaxed_ortho_3_A_85_R_rep2.pdb
-83.164,0.881,-1285.675,2.747,-714.51,-0.248,476.099,2.186,relaxed_ortho_3_A_78_F_rep4.pdb
-85.662,-1.618,-1283.816,4.606,-714.024,0.238,480.895,6.982,relaxed_ortho_3_A_37_H_rep1.pdb
-83.835,0.209,-1282.184,6.238,-714.326,-0.064,470.784,-3.13,relaxed_ortho_3_A_22_C_rep3.pdb
-83.28,0.765,-1262.548,25.873,-713.182,1.08,424.411,-49.503,relaxed_ortho_3_B_14_L_rep1.pdb
-82.945,1.1,-1284.719,3.703,-713.275,0.987,478.136,4.222,relaxed_ortho_3_B_59_L_rep4.pdb
-83.113,0.931,-1284.036,4.386,-713.489,0.773,479.335,5.421,relaxed_ortho_3_A_29_C_rep1.pdb
-82.165,1.879,-1287.209,1.213,-714.014,0.248,473.307,-0.607,relaxed_ortho_3_A_79_Y_rep3.pdb
-83.679,0.366,-1287.452,0.97,-713.395,0.867,483.978,10.065,relaxed_ortho_3_B_17_Q_rep1.pdb
-86.069,-2.025,-1266.133,22.289,-710.85,3.412,494.029,20.115,relaxed_ortho_3_A_30_W_rep3.pdb
-80.602,3.443,-1283.592,4.83,-714.6,-0.338,475.96,2.047,relaxed_ortho_3_A_77_T_rep5.pdb
-84.408,-0.364,-1280.316,8.105,-713.681,0.581,480.854,6.94,relaxed_ortho_3_A_37_Q_rep1.pdb
-80.092,3.953,-1286.799,1.623,-715.105,-0.843,471.605,-2.309,relaxed_ortho_3_A_80_G_rep5.pdb
-84.666,-0.621,-1280.903,7.519,-714.206,0.055,482.194,8.28,relaxed_ortho_3_A_39_M_rep4.pdb
-87.601,-3.556,-1289.678,-1.256,-714.137,0.125,476.817,2.903,relaxed_ortho_3_B_57_F_rep5.pdb
-87.76,-3.716,-1280.823,7.599,-713.883,0.379,484.935,11.021,relaxed_ortho_3_A_30_H_rep3.pdb
-84.313,-0.268,-1284.607,3.815,-714.089,0.173,477.884,3.97,relaxed_ortho_3_A_87_C_rep4.pdb
-82.395,1.65,-1284.809,3.613,-713.917,0.345,478.274,4.36,relaxed_ortho_3_A_85_I_rep5.pdb
-83.204,0.841,-1288.467,-0.045,-713.262,1.0,474.975,1.061,relaxed_ortho_3_B_55_N_rep1.pdb
-83.457,0.588,-1288.843,-0.421,-714.256,0.006,469.92,-3.993,relaxed_ortho_3_B_12_F_rep5.pdb
-82.745,1.299,-1288.601,-0.18,-713.231,1.031,475.356,1.442,relaxed_ortho_3_A_30_I_rep1.pdb
-83.876,0.168,-1286.756,1.666,-713.919,0.343,474.222,0.309,relaxed_ortho_3_A_33_M_rep3.pdb
-84.062,-0.017,-1285.269,3.153,-714.333,-0.071,477.07,3.156,relaxed_ortho_3_A_29_S_rep2.pdb
-82.493,1.552,-1281.02,7.402,-713.611,0.651,483.951,10.037,relaxed_ortho_3_A_30_D_rep5.pdb
-83.11,0.935,-1282.433,5.988,-713.614,0.648,483.553,9.639,relaxed_ortho_3_A_25_Q_rep4.pdb
-83.582,0.463,-1283.35,5.071,-713.95,0.312,477.649,3.735,relaxed_ortho_3_A_85_Y_rep3.pdb
-82.849,1.195,-1287.049,1.373,-714.143,0.119,487.227,13.313,relaxed_ortho_3_B_56_D_rep2.pdb
-82.865,1.18,-1281.283,7.138,-713.199,1.063,481.642,7.728,relaxed_ortho_3_A_39_A_rep2.pdb
-82.696,1.349,-1280.398,8.024,-712.964,1.298,484.16,10.246,relaxed_ortho_3_A_27_I_rep5.pdb
-83.936,0.109,-1234.421,54.0,-714.178,0.084,549.336,75.422,relaxed_ortho_3_A_23_P_rep5.pdb
-82.079,1.966,-1272.459,15.963,-711.115,3.147,487.238,13.325,relaxed_ortho_3_A_41_H_rep3.pdb
-84.161,-0.117,-1283.594,4.827,-714.44,-0.178,481.683,7.769,relaxed_ortho_3_A_24_N_rep1.pdb
-87.005,-2.96,-1288.076,0.346,-713.752,0.51,475.636,1.722,relaxed_ortho_3_A_26_Y_rep1.pdb
-83.853,0.192,-1264.16,24.262,-714.324,-0.062,498.063,24.149,relaxed_ortho_3_A_25_K_rep1.pdb
-82.48,1.564,-1284.688,3.734,-713.593,0.669,475.438,1.524,relaxed_ortho_3_B_58_A_rep5.pdb
-83.238,0.806,-1288.689,-0.267,-714.476,-0.214,475.315,1.402,relaxed_ortho_3_B_101_V_rep5.pdb
-82.742,1.302,-1285.712,2.71,-714.429,-0.167,476.257,2.343,relaxed_ortho_3_B_57_S_rep5.pdb
-82.549,1.495,-1289.66,-1.238,-713.317,0.945,472.387,-1.527,relaxed_ortho_3_B_54_Q_rep4.pdb
-83.565,0.479,-1261.961,26.461,-714.219,0.043,495.768,21.854,relaxed_ortho_3_B_11_I_rep3.pdb
-82.163,1.881,-1288.031,0.391,-713.04,1.222,476.1,2.186,relaxed_ortho_3_A_38_I_rep4.pdb
-82.64,1.404,-1287.627,0.794,-714.266,-0.004,473.717,-0.197,relaxed_ortho_3_A_86_E_rep4.pdb
-83.168,0.877,-1284.684,3.737,-714.462,-0.2,480.16,6.246,relaxed_ortho_3_A_27_N_rep3.pdb
-76.464,7.58,-1281.426,6.995,-712.217,2.045,479.195,5.281,relaxed_ortho_3_A_40_K_rep4.pdb
-82.685,1.359,-1284.371,4.051,-712.81,1.452,477.402,3.488,relaxed_ortho_3_A_27_C_rep2.pdb
-84.174,-0.129,-1286.4,2.021,-714.185,0.077,474.562,0.648,relaxed_ortho_3_A_33_Y_rep5.pdb
-81.82,2.224,-1287.131,1.29,-713.466,0.796,474.025,0.111,relaxed_ortho_3_B_102_S_rep2.pdb
-79.305,4.74,-1283.673,4.748,-713.981,0.281,474.289,0.376,relaxed_ortho_3_A_84_I_rep5.pdb
-83.664,0.381,-1281.905,6.517,-714.086,0.176,480.503,6.589,relaxed_ortho_3_A_85_F_rep2.pdb
-82.865,1.179,-1288.792,-0.371,-714.243,0.019,473.029,-0.885,relaxed_ortho_3_B_12_A_rep1.pdb
-83.502,0.542,-1285.673,2.749,-714.375,-0.113,475.504,1.59,relaxed_ortho_3_B_13_T_rep3.pdb
-84.038,0.006,-1285.653,2.769,-714.312,-0.05,476.401,2.487,relaxed_ortho_3_A_29_T_rep3.pdb
-84.025,0.019,-1288.079,0.343,-714.264,-0.002,476.268,2.354,relaxed_ortho_3_B_56_K_rep2.pdb
-85.085,-1.041,-1288.028,0.394,-713.169,1.093,475.293,1.379,relaxed_ortho_3_B_101_R_rep5.pdb
-82.909,1.136,-1283.305,5.116,-713.488,0.774,481.321,7.407,relaxed_ortho_3_B_59_I_rep4.pdb
-82.253,1.792,-1288.798,-0.376,-713.258,1.004,472.525,-1.389,relaxed_ortho_3_B_101_S_rep2.pdb
-83.252,0.793,-1289.389,-0.968,-713.352,0.91,476.805,2.891,relaxed_ortho_3_B_13_L_rep1.pdb
-87.807,-3.762,-1281.886,6.536,-714.058,0.204,484.379,10.465,relaxed_ortho_3_A_30_F_rep1.pdb
-80.875,3.17,-1286.202,2.22,-713.534,0.728,479.733,5.819,relaxed_ortho_3_A_40_H_rep2.pdb
-83.444,0.6,-1288.678,-0.256,-714.154,0.108,469.522,-4.392,relaxed_ortho_3_B_12_F_rep3.pdb
-83.808,0.236,-1273.657,14.765,-714.061,0.201,483.894,9.981,relaxed_ortho_3_A_25_H_rep3.pdb
-82.996,1.049,-1288.523,-0.101,-713.46,0.802,474.295,0.381,relaxed_ortho_3_A_22_V_rep4.pdb
-85.882,-1.837,-1281.731,6.691,-714.278,-0.016,478.262,4.348,relaxed_ortho_3_A_29_I_rep5.pdb
-84.487,-0.442,-1284.768,3.654,-710.735,3.527,474.966,1.052,relaxed_ortho_3_B_15_Y_rep3.pdb
-82.563,1.482,-1287.039,1.383,-713.839,0.423,476.06,2.146,relaxed_ortho_3_A_78_K_rep1.pdb
-83.038,1.006,-1287.338,1.083,-713.297,0.965,475.503,1.59,relaxed_ortho_3_A_86_S_rep3.pdb
-82.02,2.024,-1289.232,-0.81,-713.885,0.377,472.104,-1.81,relaxed_ortho_3_A_81_I_rep5.pdb
-80.294,3.751,-1282.325,6.097,-713.248,1.014,470.746,-3.167,relaxed_ortho_3_B_55_Q_rep5.pdb
-82.903,1.142,-1284.244,4.178,-713.331,0.931,479.635,5.721,relaxed_ortho_3_A_71_G_rep2.pdb
-81.996,2.049,-1288.294,0.128,-713.869,0.393,473.959,0.046,relaxed_ortho_3_A_79_G_rep5.pdb
-82.481,1.563,-1282.109,6.313,-714.53,-0.268,479.902,5.989,relaxed_ortho_3_B_11_S_rep4.pdb
-83.08,0.964,-1286.575,1.846,-713.284,0.978,476.667,2.753,relaxed_ortho_3_A_86_F_rep2.pdb
-82.566,1.478,-1288.856,-0.434,-713.784,0.478,475.415,1.501,relaxed_ortho_3_A_28_E_rep5.pdb
-83.061,0.983,-1285.507,2.915,-714.296,-0.034,472.646,-1.268,relaxed_ortho_3_B_54_A_rep5.pdb
-81.34,2.704,-1285.394,3.028,-713.399,0.863,479.943,6.029,relaxed_ortho_3_A_77_Y_rep4.pdb
-80.742,3.303,-1284.488,3.934,-714.029,0.233,474.847,0.933,relaxed_ortho_3_A_35_G_rep3.pdb
-74.426,9.618,-1279.853,8.568,-714.77,-0.508,477.049,3.135,relaxed_ortho_3_A_38_W_rep5.pdb
-82.839,1.206,-1283.257,5.165,-713.313,0.949,479.944,6.03,relaxed_ortho_3_B_59_I_rep5.pdb
-85.338,-1.294,-1283.656,4.766,-712.876,1.386,480.004,6.09,relaxed_ortho_3_B_98_F_rep2.pdb
-82.832,1.212,-1274.187,14.234,-714.36,-0.098,488.416,14.502,relaxed_ortho_3_B_14_D_rep2.pdb
-84.289,-0.245,-1288.658,-0.237,-714.327,-0.065,474.037,0.123,relaxed_ortho_3_A_71_E_rep5.pdb
-77.33,6.715,-1282.462,5.959,-712.666,1.596,477.67,3.757,relaxed_ortho_3_A_40_A_rep5.pdb
-82.183,1.861,-1283.881,4.541,-714.081,0.181,478.67,4.756,relaxed_ortho_3_A_27_L_rep1.pdb
-82.636,1.408,-1273.607,14.814,-713.837,0.425,489.48,15.566,relaxed_ortho_3_A_79_V_rep5.pdb
-84.907,-0.862,-1278.118,10.304,-714.354,-0.092,487.217,13.303,relaxed_ortho_3_A_74_G_rep1.pdb
-83.141,0.903,-1286.807,1.615,-713.258,1.004,476.827,2.913,relaxed_ortho_3_A_32_L_rep2.pdb
-81.892,2.153,-1287.234,1.187,-713.248,1.014,475.443,1.529,relaxed_ortho_3_B_101_N_rep1.pdb
-83.13,0.915,-1286.628,1.794,-713.747,0.515,479.686,5.772,relaxed_ortho_3_A_25_V_rep4.pdb
-85.3,-1.256,-1291.122,-2.7,-713.382,0.88,475.311,1.397,relaxed_ortho_3_A_28_K_rep2.pdb
-83.871,0.173,-1290.656,-2.234,-714.274,-0.012,472.284,-1.63,relaxed_ortho_3_B_12_V_rep2.pdb
-85.301,-1.256,-1282.428,5.994,-714.291,-0.029,483.802,9.888,relaxed_ortho_3_A_87_R_rep3.pdb
-82.939,1.105,-1285.795,2.627,-714.305,-0.043,476.07,2.157,relaxed_ortho_3_A_80_R_rep4.pdb
-83.142,0.902,-1285.696,2.726,-714.485,-0.223,476.236,2.322,relaxed_ortho_3_A_78_F_rep1.pdb
-83.914,0.131,-1255.173,33.248,-714.492,-0.23,506.863,32.949,relaxed_ortho_3_B_14_F_rep2.pdb
-80.971,3.074,-1287.655,0.767,-714.122,0.14,476.027,2.113,relaxed_ortho_3_A_33_Q_rep1.pdb
-82.645,1.4,-1285.865,2.557,-714.012,0.25,477.61,3.696,relaxed_ortho_3_A_83_Q_rep1.pdb
-82.97,1.075,-1281.791,6.631,-713.289,0.973,482.345,8.431,relaxed_ortho_3_A_39_S_rep5.pdb
-83.074,0.971,-1287.977,0.445,-713.437,0.825,475.631,1.717,relaxed_ortho_3_A_86_T_rep4.pdb
-83.151,0.894,-1287.684,0.738,-713.441,0.821,476.563,2.649,relaxed_ortho_3_A_86_I_rep4.pdb
-82.527,1.517,-1287.728,0.694,-714.371,-0.109,475.243,1.329,relaxed_ortho_3_A_86_L_rep3.pdb
-80.655,3.39,-1285.39,3.031,-712.238,2.024,474.713,0.799,relaxed_ortho_3_B_15_A_rep2.pdb
-82.912,1.132,-1285.804,2.617,-713.593,0.669,482.335,8.422,relaxed_ortho_3_A_71_N_rep4.pdb
-82.744,1.3,-1285.006,3.415,-713.229,1.033,477.73,3.816,relaxed_ortho_3_B_100_R_rep5.pdb
-84.043,0.002,-1286.743,1.679,-713.662,0.6,475.484,1.571,relaxed_ortho_3_A_36_C_rep3.pdb
-79.854,4.19,-1235.658,52.763,-713.338,0.924,522.684,48.771,relaxed_ortho_3_A_85_P_rep1.pdb
-83.018,1.026,-1290.347,-1.925,-712.968,1.294,473.242,-0.672,relaxed_ortho_3_A_73_Y_rep2.pdb
-83.973,0.071,-1283.446,4.976,-714.306,-0.044,480.02,6.106,relaxed_ortho_3_A_29_R_rep2.pdb
-84.781,-0.736,-1243.89,44.532,-713.739,0.523,326.559,-147.355,relaxed_ortho_3_A_22_Y_rep1.pdb
-85.859,-1.814,-1286.851,1.571,-713.994,0.268,477.879,3.965,relaxed_ortho_3_B_57_R_rep4.pdb
-82.79,1.254,-1288.433,-0.011,-713.131,1.131,476.947,3.033,relaxed_ortho_3_A_75_I_rep5.pdb
-86.654,-2.609,-1288.792,-0.37,-713.783,0.479,476.224,2.31,relaxed_ortho_3_A_36_D_rep5.pdb
-80.616,3.429,-1284.067,4.355,-712.223,2.039,475.256,1.342,relaxed_ortho_3_B_15_V_rep2.pdb
-82.464,1.58,-1286.735,1.687,-714.123,0.139,475.237,1.323,relaxed_ortho_3_B_100_M_rep4.pdb
-82.715,1.33,-1283.79,4.632,-714.13,0.132,479.598,5.685,relaxed_ortho_3_A_27_D_rep5.pdb
-83.924,0.121,-1288.44,-0.019,-714.152,0.11,471.451,-2.463,relaxed_ortho_3_A_75_V_rep5.pdb
-83.724,0.32,-1289.532,-1.111,-713.294,0.968,474.236,0.322,relaxed_ortho_3_B_101_L_rep1.pdb
-81.644,2.4,-1288.095,0.327,-714.012,0.249,471.478,-2.436,relaxed_ortho_3_A_79_S_rep2.pdb
-82.975,1.07,-1286.002,2.42,-713.5,0.762,477.665,3.751,relaxed_ortho_3_A_26_D_rep2.pdb
-81.438,2.606,-1239.084,49.337,-713.062,1.2,200.527,-273.387,relaxed_ortho_3_B_14_I_rep5.pdb
-85.961,-1.917,-1292.239,-3.817,-713.641,0.621,475.899,1.986,relaxed_ortho_3_A_28_D_rep1.pdb
-83.858,0.186,-1286.35,2.072,-714.339,-0.077,476.721,2.807,relaxed_ortho_3_A_21_T_rep5.pdb
-85.042,-0.997,-1286.087,2.334,-714.221,0.041,478.113,4.199,relaxed_ortho_3_A_28_C_rep2.pdb
-82.505,1.54,-1288.483,-0.061,-713.344,0.918,472.103,-1.811,relaxed_ortho_3_B_98_N_rep3.pdb
-82.381,1.664,-1263.401,25.021,-712.064,2.198,500.736,26.823,relaxed_ortho_3_B_58_P_rep4.pdb
-85.003,-0.958,-1284.074,4.347,-714.609,-0.347,479.145,5.231,relaxed_ortho_3_A_74_C_rep4.pdb
-83.078,0.967,-1288.779,-0.358,-713.511,0.751,474.373,0.459,relaxed_ortho_3_B_57_N_rep3.pdb
-82.797,1.247,-1284.497,3.925,-713.178,1.084,478.994,5.08,relaxed_ortho_3_A_32_G_rep1.pdb
-79.742,4.302,-1290.525,-2.104,-717.355,-3.093,468.34,-5.574,relaxed_ortho_3_A_35_Q_rep4.pdb
-79.856,4.189,-1279.488,8.933,-714.795,-0.534,483.301,9.387,relaxed_ortho_3_A_82_E_rep2.pdb
-82.307,1.738,-1283.147,5.274,-713.65,0.612,479.252,5.338,relaxed_ortho_3_A_81_W_rep5.pdb
-82.856,1.189,-1288.05,0.372,-714.432,-0.17,475.116,1.202,relaxed_ortho_3_B_15_E_rep5.pdb
-82.59,1.454,-1288.046,0.375,-714.454,-0.192,473.94,0.026,relaxed_ortho_3_B_58_V_rep3.pdb
-82.878,1.166,-1283.383,5.039,-713.209,1.053,480.53,6.616,relaxed_ortho_3_B_59_C_rep2.pdb
-82.907,1.137,-1285.822,2.6,-713.266,0.996,477.924,4.01,relaxed_ortho_3_A_82_A_rep3.pdb
-80.637,3.408,-1218.862,69.56,-713.679,0.583,149.543,-324.371,relaxed_ortho_3_B_14_W_rep4.pdb
-83.126,0.918,-1284.944,3.477,-713.373,0.889,479.404,5.49,relaxed_ortho_3_A_83_S_rep4.pdb
-83.737,0.307,-1282.901,5.521,-713.99,0.272,484.221,10.307,relaxed_ortho_3_A_27_F_rep5.pdb
-84.319,-0.274,-1284.577,3.845,-713.886,0.376,480.207,6.293,relaxed_ortho_3_B_100_W_rep3.pdb
-83.016,1.029,-1290.014,-1.592,-712.865,1.397,472.865,-1.049,relaxed_ortho_3_A_73_W_rep4.pdb
-88.697,-4.653,-1294.128,-5.706,-715.33,-1.068,474.642,0.728,relaxed_ortho_3_A_34_K_rep5.pdb
-83.212,0.832,-1287.025,1.397,-713.138,1.124,475.774,1.86,relaxed_ortho_3_A_32_P_rep1.pdb
-83.581,0.464,-1285.203,3.219,-714.955,-0.694,480.669,6.755,relaxed_ortho_3_A_71_F_rep2.pdb
-82.777,1.268,-1285.733,2.688,-714.422,-0.16,473.656,-0.258,relaxed_ortho_3_A_27_E_rep1.pdb
-83.292,0.752,-1287.036,1.386,-712.718,1.543,487.579,13.665,relaxed_ortho_3_B_54_F_rep5.pdb
-82.982,1.063,-1289.403,-0.982,-713.531,0.731,475.559,1.645,relaxed_ortho_3_A_28_A_rep2.pdb
-83.036,1.008,-1282.67,5.752,-713.414,0.848,480.187,6.273,relaxed_ortho_3_B_11_S_rep1.pdb
-80.74,3.305,-1279.639,8.783,-713.388,0.874,480.519,6.605,relaxed_ortho_3_A_75_S_rep2.pdb
-84.139,-0.095,-1285.276,3.146,-714.45,-0.188,477.715,3.801,relaxed_ortho_3_A_29_S_rep1.pdb
-79.403,4.642,-1283.322,5.1,-713.084,1.178,477.485,3.571,relaxed_ortho_3_A_77_F_rep3.pdb
-82.999,1.046,-1288.531,-0.109,-713.29,0.972,474.172,0.258,relaxed_ortho_3_A_76_E_rep5.pdb
-85.687,-1.642,-1287.001,1.421,-710.753,3.509,480.258,6.344,relaxed_ortho_3_B_15_D_rep4.pdb
-83.918,0.127,-1287.626,0.796,-714.301,-0.039,475.636,1.722,relaxed_ortho_3_A_36_G_rep5.pdb
-86.249,-2.205,-1287.661,0.76,-713.134,1.128,478.695,4.782,relaxed_ortho_3_B_57_M_rep5.pdb
-83.018,1.027,-1276.776,11.646,-713.167,1.095,481.26,7.347,relaxed_ortho_3_A_75_W_rep2.pdb
-82.615,1.43,-1289.032,-0.61,-714.42,-0.158,473.817,-0.096,relaxed_ortho_3_B_12_D_rep4.pdb
-86.711,-2.666,-1288.866,-0.444,-713.564,0.698,473.904,-0.01,relaxed_ortho_3_A_36_D_rep4.pdb
-82.291,1.753,-1284.189,4.233,-714.415,-0.153,477.851,3.937,relaxed_ortho_3_B_100_R_rep4.pdb
-82.993,1.051,-1288.595,-0.173,-713.348,0.914,474.881,0.967,relaxed_ortho_3_A_73_I_rep2.pdb
-79.963,4.082,-1288.256,0.165,-713.945,0.317,472.071,-1.843,relaxed_ortho_3_A_79_D_rep5.pdb
-83.732,0.313,-1288.479,-0.058,-713.272,0.99,486.416,12.502,relaxed_ortho_3_B_56_H_rep2.pdb
-84.942,-0.897,-1269.539,18.882,-713.672,0.59,476.606,2.693,relaxed_ortho_3_A_22_Q_rep1.pdb
-83.896,0.148,-1287.359,1.063,-715.031,-0.769,473.291,-0.623,relaxed_ortho_3_A_80_Q_rep4.pdb
-81.556,2.489,-1278.71,9.711,-710.072,4.19,474.086,0.172,relaxed_ortho_3_A_35_I_rep5.pdb
-84.887,-0.842,-1284.338,4.084,-714.065,0.197,478.35,4.436,relaxed_ortho_3_A_32_V_rep4.pdb
-86.028,-1.983,-1286.115,2.307,-712.464,1.798,479.413,5.5,relaxed_ortho_3_B_54_I_rep4.pdb
-78.623,5.422,-1276.213,12.208,-711.091,3.171,469.773,-4.141,relaxed_ortho_3_A_41_E_rep5.pdb
-81.592,2.452,-1280.883,7.539,-713.572,0.69,480.322,6.408,relaxed_ortho_3_A_75_N_rep5.pdb
-83.016,1.029,-1282.588,5.834,-713.807,0.455,482.074,8.161,relaxed_ortho_3_A_85_Y_rep1.pdb
-87.052,-3.008,-1282.369,6.053,-714.303,-0.041,482.615,8.701,relaxed_ortho_3_A_31_A_rep3.pdb
-85.363,-1.318,-1286.159,2.263,-713.539,0.723,476.373,2.46,relaxed_ortho_3_A_34_G_rep1.pdb
-84.293,-0.249,-1284.551,3.871,-712.913,1.349,478.97,5.056,relaxed_ortho_3_A_82_L_rep4.pdb
-85.607,-1.562,-1289.578,-1.156,-713.291,0.971,474.521,0.607,relaxed_ortho_3_B_54_L_rep3.pdb
-83.591,0.454,-1280.749,7.673,-713.645,0.616,481.524,7.611,relaxed_ortho_3_A_85_W_rep4.pdb
-82.98,1.064,-1282.995,5.427,-714.934,-0.672,477.845,3.931,relaxed_ortho_3_A_80_T_rep4.pdb
-83.506,0.538,-1243.93,44.491,-713.236,1.026,519.176,45.262,relaxed_ortho_3_A_31_P_rep3.pdb
-83.823,0.222,-1284.767,3.655,-714.447,-0.185,476.325,2.411,relaxed_ortho_3_A_23_L_rep4.pdb
-86.458,-2.413,-1277.665,10.757,-713.767,0.495,488.69,14.777,relaxed_ortho_3_A_87_Y_rep5.pdb
-83.279,0.766,-1284.803,3.619,-713.746,0.516,481.024,7.11,relaxed_ortho_3_A_87_G_rep5.pdb
-83.04,1.005,-1286.909,1.513,-713.755,0.507,474.191,0.277,relaxed_ortho_3_A_30_L_rep3.pdb
-78.287,5.758,-1285.757,2.665,-713.994,0.268,475.282,1.368,relaxed_ortho_3_A_38_S_rep3.pdb
-80.959,3.086,-1286.55,1.872,-713.348,0.914,473.501,-0.412,relaxed_ortho_3_A_80_H_rep4.pdb
-81.265,2.779,-1284.897,3.524,-713.473,0.789,476.751,2.837,relaxed_ortho_3_B_15_Q_rep4.pdb
-82.962,1.083,-1284.338,4.084,-713.242,1.02,478.55,4.637,relaxed_ortho_3_B_100_N_rep2.pdb
-80.588,3.457,-1139.882,148.54,-713.729,0.533,615.419,141.505,relaxed_ortho_3_A_73_P_rep3.pdb
-82.162,1.882,-1286.657,1.765,-713.728,0.534,475.957,2.043,relaxed_ortho_3_B_101_Y_rep5.pdb
-83.67,0.375,-1286.81,1.612,-714.345,-0.083,473.113,-0.801,relaxed_ortho_3_B_102_C_rep4.pdb
-78.557,5.488,-1282.045,6.377,-713.32,0.942,476.93,3.017,relaxed_ortho_3_A_40_N_rep3.pdb
-84.34,-0.295,-1286.981,1.44,-714.115,0.147,499.697,25.784,relaxed_ortho_3_A_24_Y_rep4.pdb
-84.353,-0.308,-1274.023,14.398,-713.819,0.443,481.696,7.782,relaxed_ortho_3_A_25_H_rep4.pdb
-83.001,1.043,-1286.835,1.587,-713.566,0.696,475.07,1.156,relaxed_ortho_3_A_30_L_rep4.pdb
-82.856,1.189,-1290.698,-2.276,-712.991,1.271,472.813,-1.101,relaxed_ortho_3_A_33_K_rep1.pdb
-85.414,-1.37,-1283.569,4.852,-713.041,1.221,478.942,5.028,relaxed_ortho_3_B_98_F_rep3.pdb
-83.517,0.527,-1285.163,3.258,-714.309,-0.047,469.647,-4.267,relaxed_ortho_3_B_13_C_rep3.pdb
-85.267,-1.222,-1288.825,-0.403,-713.453,0.809,478.029,4.115,relaxed_ortho_3_A_26_Q_rep4.pdb
-81.105,2.939,-1285.595,2.826,-713.59,0.672,476.672,2.758,relaxed_ortho_3_A_27_Q_rep5.pdb
-82.83,1.214,-1289.085,-0.663,-713.647,0.615,474.203,0.289,relaxed_ortho_3_A_71_E_rep2.pdb
-83.084,0.96,-1285.958,2.464,-713.481,0.781,478.359,4.445,relaxed_ortho_3_A_86_C_rep2.pdb
-85.312,-1.268,-1289.164,-0.742,-713.666,0.596,479.936,6.022,relaxed_ortho_3_A_26_Q_rep3.pdb
-81.876,2.169,-1274.143,14.279,-713.96,0.302,486.943,13.029,relaxed_ortho_3_A_79_I_rep3.pdb
-83.218,0.827,-1287.483,0.939,-713.157,1.105,474.208,0.294,relaxed_ortho_3_B_102_M_rep5.pdb
-82.843,1.201,-1287.514,0.908,-714.481,-0.219,472.203,-1.711,relaxed_ortho_3_A_81_T_rep5.pdb
-83.894,0.15,-1287.352,1.07,-715.103,-0.841,474.545,0.631,relaxed_ortho_3_A_80_Q_rep1.pdb
-83.871,0.173,-1288.306,0.116,-714.374,-0.112,474.315,0.401,relaxed_ortho_3_B_12_C_rep3.pdb
-80.384,3.66,-1250.082,38.34,-713.826,0.436,505.967,32.053,relaxed_ortho_3_A_81_P_rep5.pdb
-84.227,-0.183,-1265.043,23.379,-714.218,0.044,495.137,21.223,relaxed_ortho_3_B_11_T_rep5.pdb
-91.335,-7.291,-1289.83,-1.408,-713.997,0.265,481.717,7.803,relaxed_ortho_3_A_26_R_rep5.pdb
-82.851,1.194,-1288.547,-0.126,-714.852,-0.59,473.169,-0.745,relaxed_ortho_3_A_79_Q_rep2.pdb
-83.786,0.259,-1289.453,-1.031,-714.447,-0.185,471.832,-2.081,relaxed_ortho_3_B_101_H_rep5.pdb
-83.654,0.391,-1281.588,6.834,-714.375,-0.113,478.003,4.089,relaxed_ortho_3_B_14_G_rep1.pdb
-80.83,3.214,-1285.334,3.088,-713.088,1.174,470.238,-3.676,relaxed_ortho_3_B_55_Y_rep3.pdb
-83.662,0.382,-1283.494,4.928,-712.308,1.954,479.679,5.765,relaxed_ortho_3_A_82_L_rep1.pdb
-85.407,-1.362,-1287.765,0.657,-712.93,1.332,490.004,16.09,relaxed_ortho_3_B_56_F_rep5.pdb
-83.131,0.914,-1285.17,3.251,-714.971,-0.709,476.454,2.54,relaxed_ortho_3_A_80_L_rep5.pdb
-83.211,0.834,-1278.686,9.736,-713.721,0.541,490.216,16.302,relaxed_ortho_3_A_41_C_rep3.pdb
-82.7,1.344,-1288.259,0.163,-714.072,0.19,475.166,1.253,relaxed_ortho_3_A_36_N_rep1.pdb
-88.156,-4.111,-1281.133,7.289,-713.779,0.483,485.444,11.53,relaxed_ortho_3_A_37_N_rep4.pdb
-84.805,-0.76,-1280.906,7.516,-714.507,-0.245,483.548,9.634,relaxed_ortho_3_A_76_G_rep1.pdb
-80.729,3.316,-1284.455,3.967,-712.203,2.059,476.948,3.034,relaxed_ortho_3_B_15_L_rep2.pdb
-84.969,-0.924,-1287.701,0.721,-714.443,-0.181,475.71,1.796,relaxed_ortho_3_A_34_F_rep2.pdb
-83.425,0.62,-1285.049,3.373,-713.417,0.845,479.556,5.643,relaxed_ortho_3_A_32_M_rep1.pdb
-82.414,1.63,-1283.461,4.961,-715.313,-1.051,478.198,4.284,relaxed_ortho_3_A_80_C_rep4.pdb
-83.059,0.985,-1288.043,0.379,-713.564,0.698,476.876,2.962,relaxed_ortho_3_B_12_G_rep2.pdb
-83.144,0.901,-1291.029,-2.607,-713.151,1.111,469.609,-4.305,relaxed_ortho_3_A_73_L_rep5.pdb
-86.135,-2.091,-1273.276,15.146,-713.893,0.369,488.936,15.023,relaxed_ortho_3_A_39_Q_rep2.pdb
-82.984,1.061,-1285.183,3.239,-713.222,1.04,480.428,6.514,relaxed_ortho_3_A_21_R_rep4.pdb
-83.315,0.73,-1287.721,0.701,-713.484,0.778,481.741,7.827,relaxed_ortho_3_B_17_S_rep4.pdb
-82.368,1.677,-1285.205,3.216,-714.475,-0.213,477.059,3.145,relaxed_ortho_3_A_39_T_rep2.pdb
-84.525,-0.48,-1286.322,2.1,-714.273,-0.011,479.926,6.012,relaxed_ortho_3_A_76_H_rep2.pdb
-83.137,0.907,-1284.694,3.727,-714.286,-0.024,480.291,6.377,relaxed_ortho_3_A_87_Q_rep1.pdb
-82.986,1.058,-1288.593,-0.171,-713.489,0.773,476.245,2.331,relaxed_ortho_3_A_76_E_rep3.pdb
-77.0,7.044,-1272.616,15.806,-712.706,1.556,481.39,7.476,relaxed_ortho_3_A_41_K_rep4.pdb
-83.021,1.023,-1284.675,3.746,-713.546,0.716,478.206,4.292,relaxed_ortho_3_A_85_V_rep1.pdb
-82.783,1.261,-1281.745,6.677,-714.454,-0.192,478.959,5.046,relaxed_ortho_3_A_22_P_rep4.pdb
-80.813,3.231,-1283.262,5.16,-712.583,1.679,476.025,2.111,relaxed_ortho_3_B_15_G_rep2.pdb
-75.052,8.993,-1280.831,7.591,-714.347,-0.085,467.235,-6.678,relaxed_ortho_3_A_38_D_rep4.pdb
-81.293,2.752,-1279.075,9.347,-714.399,-0.137,479.016,5.102,relaxed_ortho_3_A_75_D_rep4.pdb
-82.504,1.541,-1280.834,7.588,-713.982,0.28,469.433,-4.481,relaxed_ortho_3_A_41_G_rep2.pdb
-86.607,-2.563,-1290.883,-2.461,-712.594,1.668,480.645,6.731,relaxed_ortho_3_B_17_D_rep1.pdb
-85.501,-1.456,-1286.713,1.709,-712.975,1.287,475.678,1.764,relaxed_ortho_3_A_33_V_rep3.pdb
-84.635,-0.591,-1285.441,2.981,-714.216,0.046,476.655,2.741,relaxed_ortho_3_A_83_F_rep5.pdb
-83.015,1.029,-1288.957,-0.536,-713.336,0.926,472.09,-1.824,relaxed_ortho_3_B_12_C_rep1.pdb
-83.961,0.084,-1282.51,5.912,-714.084,0.178,479.282,5.368,relaxed_ortho_3_A_29_G_rep1.pdb
-82.769,1.275,-1283.44,4.982,-713.608,0.653,478.907,4.993,relaxed_ortho_3_B_100_I_rep3.pdb
-80.078,3.967,-1284.217,4.205,-714.434,-0.172,477.003,3.089,relaxed_ortho_3_A_77_L_rep3.pdb
-79.04,5.005,-1284.743,3.679,-713.461,0.801,474.287,0.374,relaxed_ortho_3_B_15_T_rep1.pdb
-85.365,-1.32,-1278.383,10.039,-714.18,0.082,482.874,8.96,relaxed_ortho_3_A_29_V_rep5.pdb
-80.488,3.557,-1281.664,6.758,-712.872,1.39,481.771,7.857,relaxed_ortho_3_A_82_R_rep1.pdb
-82.315,1.73,-1286.599,1.823,-714.256,0.006,479.211,5.297,relaxed_ortho_3_B_100_S_rep1.pdb
-80.183,3.862,-1282.306,6.116,-711.825,2.437,477.825,3.911,relaxed_ortho_3_B_15_R_rep2.pdb
-82.452,1.593,-1288.251,0.17,-712.899,1.363,472.324,-1.589,relaxed_ortho_3_A_33_L_rep2.pdb
-83.031,1.014,-1285.71,2.712,-713.378,0.884,478.552,4.638,relaxed_ortho_3_A_83_K_rep1.pdb
-82.902,1.143,-1285.72,2.702,-713.239,1.023,478.176,4.262,relaxed_ortho_3_A_82_A_rep2.pdb
-82.457,1.587,-1284.556,3.865,-714.634,-0.372,478.312,4.399,relaxed_ortho_3_A_78_C_rep4.pdb
-79.451,4.594,-1281.937,6.485,-713.026,1.236,475.696,1.782,relaxed_ortho_3_B_58_E_rep4.pdb
-85.648,-1.603,-1288.286,0.136,-713.966,0.296,476.724,2.811,relaxed_ortho_3_A_34_S_rep4.pdb
-83.145,0.9,-1283.303,5.118,-713.51,0.752,492.423,18.509,relaxed_ortho_3_A_22_M_rep2.pdb
-83.031,1.013,-1287.605,0.817,-714.534,-0.272,471.908,-2.006,relaxed_ortho_3_A_81_R_rep5.pdb
-83.693,0.351,-1286.128,2.294,-714.333,-0.071,476.641,2.727,relaxed_ortho_3_B_13_V_rep2.pdb
-82.865,1.18,-1283.832,4.589,-714.315,-0.053,476.739,2.825,relaxed_ortho_3_A_27_T_rep5.pdb
-78.263,5.782,-1280.921,7.501,-714.776,-0.514,477.474,3.56,relaxed_ortho_3_A_77_E_rep1.pdb
-84.399,-0.354,-1287.707,0.714,-713.797,0.465,475.556,1.642,relaxed_ortho_3_B_100_Y_rep2.pdb
-83.216,0.828,-1286.177,2.245,-713.095,1.167,478.368,4.454,relaxed_ortho_3_B_98_V_rep3.pdb
-85.771,-1.727,-1275.154,13.268,-713.746,0.516,490.066,16.152,relaxed_ortho_3_A_87_F_rep5.pdb
-79.277,4.768,-1282.894,5.528,-713.988,0.274,474.243,0.33,relaxed_ortho_3_A_84_V_rep2.pdb
-77.319,6.725,-1282.388,6.034,-712.425,1.837,477.685,3.771,relaxed_ortho_3_A_40_A_rep3.pdb
-84.081,-0.037,-1286.657,1.765,-714.196,0.066,494.431,20.517,relaxed_ortho_3_A_24_F_rep2.pdb
-88.303,-4.259,-1282.01,6.412,-713.825,0.437,485.31,11.396,relaxed_ortho_3_A_30_F_rep3.pdb
-74.29,9.755,-1280.393,8.028,-713.329,0.933,476.583,2.669,relaxed_ortho_3_A_40_K_rep5.pdb
-87.014,-2.97,-1282.624,5.797,-714.373,-0.111,484.94,11.026,relaxed_ortho_3_A_31_Q_rep3.pdb
-84.5,-0.455,-1268.279,20.143,-711.699,2.563,482.341,8.427,relaxed_ortho_3_B_11_H_rep5.pdb
-83.048,0.996,-1284.189,4.233,-714.461,-0.199,477.239,3.325,relaxed_ortho_3_B_57_G_rep5.pdb
-83.118,0.927,-1289.08,-0.658,-713.486,0.776,475.656,1.743,relaxed_ortho_3_A_74_K_rep5.pdb
-84.115,-0.071,-1285.149,3.273,-713.267,0.995,478.039,4.125,relaxed_ortho_3_B_102_F_rep4.pdb
-82.709,1.336,-1285.677,2.745,-713.218,1.044,477.752,3.838,relaxed_ortho_3_B_102_Q_rep4.pdb
-83.16,0.885,-1285.504,2.918,-713.976,0.286,467.217,-6.696,relaxed_ortho_3_A_83_Y_rep1.pdb
-86.62,-2.575,-1284.174,4.247,-714.917,-0.655,483.897,9.983,relaxed_ortho_3_A_31_E_rep1.pdb
-85.913,-1.868,-1286.429,1.993,-713.342,0.92,476.027,2.113,relaxed_ortho_3_A_33_I_rep3.pdb
-84.768,-0.723,-1285.404,3.018,-711.346,2.916,477.666,3.752,relaxed_ortho_3_A_29_A_rep4.pdb
-82.829,1.215,-1288.346,0.076,-713.262,1.0,475.395,1.481,relaxed_ortho_3_A_83_I_rep4.pdb
-83.086,0.959,-1288.733,-0.311,-713.521,0.741,474.583,0.669,relaxed_ortho_3_B_55_N_rep3.pdb
-84.292,-0.247,-1283.904,4.518,-714.535,-0.273,473.251,-0.663,relaxed_ortho_3_A_24_M_rep3.pdb
-81.695,2.35,-1269.803,18.619,-713.235,1.027,486.185,12.271,relaxed_ortho_3_A_82_F_rep3.pdb
-83.076,0.969,-1289.097,-0.676,-713.882,0.38,475.764,1.85,relaxed_ortho_3_A_79_Q_rep5.pdb
-86.335,-2.29,-1286.224,2.198,-713.6,0.662,477.525,3.611,relaxed_ortho_3_A_26_A_rep5.pdb
-84.49,-0.446,-1284.479,3.943,-713.951,0.311,483.889,9.976,relaxed_ortho_3_A_27_Y_rep2.pdb
-82.583,1.461,-1284.492,3.93,-714.189,0.072,479.154,5.24,relaxed_ortho_3_B_59_H_rep3.pdb
-80.836,3.208,-1287.132,1.29,-713.26,1.002,469.542,-4.372,relaxed_ortho_3_A_40_F_rep5.pdb
-83.954,0.09,-1287.672,0.75,-714.303,-0.041,477.446,3.532,relaxed_ortho_3_A_23_Q_rep5.pdb
-84.055,-0.01,-1283.484,4.937,-714.322,-0.06,481.23,7.317,relaxed_ortho_3_A_24_C_rep5.pdb
-83.885,0.159,-1288.107,0.315,-714.382,-0.12,473.511,-0.403,relaxed_ortho_3_B_15_E_rep3.pdb
-82.989,1.055,-1286.902,1.52,-713.634,0.628,475.186,1.272,relaxed_ortho_3_A_30_L_rep2.pdb
-82.852,1.192,-1288.186,0.236,-713.268,0.994,476.059,2.145,relaxed_ortho_3_B_101_E_rep2.pdb
-85.606,-1.562,-1284.437,3.985,-713.736,0.526,485.77,11.857,relaxed_ortho_3_A_27_Y_rep5.pdb
-87.448,-3.403,-1285.762,2.659,-714.453,-0.191,470.763,-3.151,relaxed_ortho_3_B_58_W_rep5.pdb
-82.671,1.374,-1240.965,47.457,-714.263,-0.001,496.789,22.876,relaxed_ortho_3_A_72_R_rep4.pdb
-84.83,-0.786,-1254.611,33.811,-712.026,2.236,514.147,40.233,relaxed_ortho_3_A_41_M_rep3.pdb
-83.031,1.013,-1288.681,-0.26,-713.455,0.807,474.005,0.091,relaxed_ortho_3_A_77_I_rep2.pdb
-84.771,-0.727,-1283.727,4.695,-714.407,-0.145,481.2,7.286,relaxed_ortho_3_A_74_S_rep2.pdb
-83.796,0.249,-1288.52,-0.098,-714.765,-0.503,473.841,-0.073,relaxed_ortho_3_A_79_Q_rep3.pdb
-82.483,1.561,-1288.117,0.304,-713.618,0.644,473.372,-0.542,relaxed_ortho_3_A_81_S_rep3.pdb
-81.276,2.768,-1285.675,2.747,-713.517,0.745,473.899,-0.015,relaxed_ortho_3_A_27_Q_rep1.pdb
-83.748,0.296,-1279.806,8.615,-714.387,-0.125,471.81,-2.104,relaxed_ortho_3_A_23_T_rep3.pdb
-82.327,1.717,-1285.519,2.902,-713.372,0.89,478.719,4.805,relaxed_ortho_3_B_102_R_rep3.pdb
-80.429,3.615,-1271.013,17.409,-711.16,3.102,470.36,-3.554,relaxed_ortho_3_A_41_F_rep2.pdb
-83.092,0.952,-1284.83,3.592,-714.179,0.083,478.533,4.619,relaxed_ortho_3_A_27_N_rep5.pdb
-82.303,1.741,-1283.88,4.542,-712.66,1.602,479.461,5.547,relaxed_ortho_3_A_27_H_rep3.pdb
-83.753,0.292,-1282.131,6.291,-713.93,0.332,482.19,8.276,relaxed_ortho_3_A_82_M_rep1.pdb
-83.163,0.881,-1286.317,2.104,-713.73,0.532,487.258,13.344,relaxed_ortho_3_B_17_H_rep4.pdb
-85.47,-1.426,-1288.187,0.235,-714.415,-0.153,474.003,0.089,relaxed_ortho_3_A_36_S_rep3.pdb
-87.252,-3.208,-1281.02,7.402,-713.476,0.786,479.994,6.08,relaxed_ortho_3_A_37_E_rep2.pdb
-84.978,-0.934,-1280.586,7.836,-714.245,0.017,482.319,8.405,relaxed_ortho_3_A_31_T_rep1.pdb
-83.85,0.195,-1288.057,0.365,-714.415,-0.153,473.699,-0.214,relaxed_ortho_3_A_34_N_rep5.pdb
-81.387,2.658,-1285.734,2.688,-713.912,0.35,472.146,-1.768,relaxed_ortho_3_B_54_P_rep1.pdb
-82.392,1.653,-1281.654,6.767,-713.649,0.613,483.995,10.081,relaxed_ortho_3_A_30_A_rep1.pdb
-82.441,1.603,-1280.623,7.799,-713.551,0.711,479.718,5.804,relaxed_ortho_3_B_58_G_rep3.pdb
-87.028,-2.984,-1279.452,8.97,-714.945,-0.683,486.351,12.437,relaxed_ortho_3_A_31_R_rep5.pdb
-83.072,0.972,-1288.604,-0.182,-713.244,1.018,475.78,1.866,relaxed_ortho_3_A_25_I_rep2.pdb
-84.724,-0.679,-1265.684,22.738,-713.93,0.332,441.87,-32.044,relaxed_ortho_3_A_25_R_rep4.pdb
-83.073,0.971,-1286.063,2.359,-713.438,0.824,480.41,6.496,relaxed_ortho_3_A_21_M_rep1.pdb
-86.172,-2.127,-1272.879,15.543,-713.47,0.792,491.472,17.558,relaxed_ortho_3_A_39_Q_rep4.pdb
-83.04,1.004,-1289.09,-0.669,-713.597,0.665,475.322,1.408,relaxed_ortho_3_B_12_C_rep5.pdb
-88.554,-4.51,-1293.985,-5.563,-715.275,-1.013,476.545,2.631,relaxed_ortho_3_A_34_R_rep3.pdb
-86.658,-2.614,-1284.873,3.549,-714.33,-0.068,478.878,4.964,relaxed_ortho_3_A_76_R_rep2.pdb
-83.609,0.435,-1290.344,-1.922,-713.824,0.438,474.219,0.305,relaxed_ortho_3_A_79_K_rep2.pdb
-84.117,-0.072,-1275.125,13.296,-714.227,0.035,495.288,21.374,relaxed_ortho_3_A_41_N_rep3.pdb
-84.727,-0.682,-1284.383,4.039,-714.186,0.076,478.861,4.947,relaxed_ortho_3_A_32_V_rep3.pdb
-83.624,0.421,-1283.976,4.446,-713.411,0.851,480.234,6.32,relaxed_ortho_3_B_59_W_rep5.pdb
-83.872,0.173,-1285.065,3.357,-711.128,3.134,470.52,-3.394,relaxed_ortho_3_A_35_Y_rep5.pdb
-83.996,0.048,-1288.106,0.315,-714.406,-0.144,473.759,-0.154,relaxed_ortho_3_A_23_F_rep2.pdb
-83.631,0.413,-1254.926,33.495,-713.65,0.612,512.41,38.496,relaxed_ortho_3_A_41_M_rep2.pdb
-82.228,1.816,-1285.263,3.159,-714.935,-0.673,486.569,12.655,relaxed_ortho_3_B_17_H_rep2.pdb
-76.452,7.592,-1279.021,9.401,-713.142,1.12,476.867,2.953,relaxed_ortho_3_A_84_R_rep3.pdb
-84.164,-0.12,-1290.289,-1.867,-711.259,3.002,470.55,-3.363,relaxed_ortho_3_B_12_Y_rep2.pdb
-85.013,-0.969,-1285.17,3.252,-714.065,0.197,476.316,2.402,relaxed_ortho_3_A_29_H_rep3.pdb
-77.397,6.647,-1273.749,14.673,-711.654,2.608,458.331,-15.583,relaxed_ortho_3_B_13_Y_rep2.pdb
-80.427,3.618,-1284.018,4.404,-712.819,1.443,478.717,4.803,relaxed_ortho_3_B_15_I_rep1.pdb
-83.808,0.237,-1290.677,-2.255,-714.407,-0.145,472.667,-1.247,relaxed_ortho_3_B_12_I_rep4.pdb
-83.217,0.827,-1285.442,2.98,-714.358,-0.096,476.014,2.1,relaxed_ortho_3_B_57_A_rep3.pdb
-82.825,1.219,-1282.533,5.889,-713.559,0.703,483.117,9.203,relaxed_ortho_3_A_85_D_rep3.pdb
-82.995,1.05,-1288.549,-0.127,-713.282,0.98,475.497,1.584,relaxed_ortho_3_A_84_F_rep3.pdb
-84.044,0.0,-1287.009,1.413,-714.192,0.07,477.182,3.269,relaxed_ortho_3_A_37_Y_rep5.pdb
-87.099,-3.054,-1281.431,6.99,-714.01,0.252,485.696,11.782,relaxed_ortho_3_A_37_S_rep2.pdb
-82.777,1.267,-1236.158,52.264,-713.579,0.683,506.584,32.67,relaxed_ortho_3_A_72_K_rep2.pdb
-86.836,-2.792,-1284.238,4.183,-714.35,-0.088,480.986,7.072,relaxed_ortho_3_A_31_N_rep2.pdb
-83.691,0.354,-1286.403,2.018,-714.849,-0.587,474.752,0.838,relaxed_ortho_3_A_78_Q_rep3.pdb
-80.216,3.829,-1272.369,16.053,-711.766,2.496,464.172,-9.742,relaxed_ortho_3_A_41_Q_rep4.pdb
-82.076,1.968,-1283.537,4.885,-713.744,0.518,478.311,4.397,relaxed_ortho_3_A_81_D_rep3.pdb
-83.195,0.85,-1284.036,4.385,-713.663,0.599,480.592,6.679,relaxed_ortho_3_A_32_C_rep5.pdb
-84.738,-0.694,-1284.503,3.919,-715.014,-0.752,480.911,6.997,relaxed_ortho_3_A_74_N_rep2.pdb
-87.247,-3.202,-1279.76,8.662,-714.471,-0.209,486.294,12.381,relaxed_ortho_3_A_31_R_rep1.pdb
-86.152,-2.108,-1285.617,2.805,-714.42,-0.158,478.946,5.032,relaxed_ortho_3_A_76_C_rep2.pdb
-83.933,0.112,-1285.071,3.351,-714.379,-0.117,478.908,4.994,relaxed_ortho_3_A_29_A_rep2.pdb
-80.898,3.147,-1287.565,0.857,-714.799,-0.537,473.696,-0.218,relaxed_ortho_3_A_79_H_rep1.pdb
-83.014,1.03,-1265.718,22.704,-713.582,0.68,449.366,-24.548,relaxed_ortho_3_B_11_Y_rep1.pdb
-79.204,4.841,-1282.843,5.578,-714.079,0.183,475.026,1.112,relaxed_ortho_3_A_84_V_rep5.pdb
-83.942,0.102,-1284.968,3.454,-714.394,-0.132,478.417,4.503,relaxed_ortho_3_A_23_E_rep1.pdb
-84.013,0.032,-1285.917,2.505,-714.244,0.018,476.096,2.182,relaxed_ortho_3_A_83_R_rep1.pdb
-83.046,0.999,-1289.642,-1.22,-713.549,0.713,476.237,2.323,relaxed_ortho_3_B_12_A_rep3.pdb
-82.888,1.157,-1283.496,4.926,-713.159,1.103,480.562,6.648,relaxed_ortho_3_A_39_C_rep1.pdb
-82.979,1.065,-1288.343,0.079,-713.251,1.011,473.273,-0.641,relaxed_ortho_3_A_73_I_rep3.pdb
-89.827,-5.783,-1290.039,-1.617,-712.865,1.397,473.198,-0.716,relaxed_ortho_3_A_34_Q_rep3.pdb
-82.655,1.39,-1286.41,2.012,-714.31,-0.048,475.296,1.382,relaxed_ortho_3_A_21_Q_rep4.pdb
-77.793,6.251,-1279.694,8.728,-713.954,0.308,475.156,1.242,relaxed_ortho_3_A_84_D_rep2.pdb
-85.361,-1.317,-1282.106,6.315,-713.011,1.251,480.561,6.647,relaxed_ortho_3_B_98_W_rep2.pdb
-89.385,-5.34,-1284.611,3.811,-712.885,1.377,480.126,6.212,relaxed_ortho_3_A_36_P_rep1.pdb
-83.018,1.027,-1277.228,11.194,-713.533,0.729,232.339,-241.575,relaxed_ortho_3_A_22_K_rep4.pdb
-84.047,-0.002,-1285.652,2.77,-713.077,1.185,475.957,2.043,relaxed_ortho_3_B_102_P_rep4.pdb
-80.791,3.253,-1285.376,3.046,-712.42,1.842,475.063,1.149,relaxed_ortho_3_B_15_S_rep2.pdb
-82.645,1.399,-1286.267,2.155,-714.136,0.126,477.106,3.192,relaxed_ortho_3_A_76_F_rep1.pdb
-83.244,0.8,-1290.692,-2.27,-713.331,0.931,473.944,0.03,relaxed_ortho_3_B_12_N_rep3.pdb
-84.031,0.013,-1290.351,-1.929,-714.102,0.16,471.225,-2.689,relaxed_ortho_3_B_12_H_rep5.pdb
-83.045,1.0,-1286.117,2.304,-714.324,-0.062,474.984,1.07,relaxed_ortho_3_B_102_E_rep5.pdb
-83.189,0.856,-1288.978,-0.557,-713.716,0.546,476.915,3.001,relaxed_ortho_3_A_85_K_rep2.pdb
-84.262,-0.217,-1275.704,12.717,-712.857,1.405,467.928,-5.986,relaxed_ortho_3_B_100_P_rep3.pdb
-82.819,1.225,-1284.785,3.636,-713.533,0.728,480.18,6.266,relaxed_ortho_3_B_100_G_rep2.pdb
-83.105,0.939,-1286.628,1.793,-713.533,0.729,476.255,2.341,relaxed_ortho_3_B_98_G_rep1.pdb
-84.065,-0.02,-1284.389,4.033,-714.449,-0.187,478.73,4.816,relaxed_ortho_3_A_24_P_rep4.pdb
-81.208,2.837,-1288.494,-0.072,-714.7,-0.438,472.22,-1.694,relaxed_ortho_3_A_33_D_rep2.pdb
-77.859,6.185,-1274.82,13.601,-712.454,1.808,461.119,-12.795,relaxed_ortho_3_B_13_F_rep2.pdb
-84.867,-0.822,-1285.472,2.949,-714.528,-0.266,477.393,3.48,relaxed_ortho_3_A_79_W_rep2.pdb
-80.794,3.251,-1271.575,16.847,-709.848,4.413,460.133,-13.781,relaxed_ortho_3_A_41_Y_rep2.pdb
-82.859,1.186,-1285.189,3.233,-713.412,0.85,478.552,4.638,relaxed_ortho_3_A_85_I_rep2.pdb
-80.587,3.458,-1274.767,13.655,-710.65,3.612,475.358,1.444,relaxed_ortho_3_A_41_R_rep1.pdb
-83.381,0.664,-1287.257,1.165,-713.398,0.863,476.933,3.019,relaxed_ortho_3_B_57_Q_rep5.pdb
-82.859,1.186,-1278.039,10.383,-713.146,1.116,484.177,10.263,relaxed_ortho_3_A_72_N_rep2.pdb
-87.269,-3.225,-1271.712,16.709,-712.946,1.316,493.954,20.04,relaxed_ortho_3_A_39_Y_rep3.pdb
-79.156,4.888,-1280.968,7.454,-714.71,-0.448,478.019,4.105,relaxed_ortho_3_A_77_S_rep5.pdb
-83.063,0.981,-1286.808,1.614,-713.536,0.726,477.151,3.237,relaxed_ortho_3_A_86_F_rep1.pdb
-83.115,0.929,-1288.481,-0.059,-713.554,0.708,474.995,1.081,relaxed_ortho_3_A_32_Q_rep5.pdb
-82.926,1.118,-1288.741,-0.319,-713.852,0.41,471.588,-2.326,relaxed_ortho_3_B_13_P_rep2.pdb
-78.08,5.964,-1279.168,9.254,-714.512,-0.25,477.808,3.894,relaxed_ortho_3_A_84_A_rep2.pdb
-82.915,1.13,-1281.565,6.857,-713.23,1.032,483.412,9.498,relaxed_ortho_3_A_30_M_rep1.pdb
-83.371,0.674,-1282.591,5.831,-712.872,1.39,479.095,5.181,relaxed_ortho_3_A_80_W_rep3.pdb
-84.788,-0.744,-1282.591,5.831,-714.062,0.2,478.67,4.756,relaxed_ortho_3_A_78_P_rep5.pdb
-77.567,6.477,-1277.939,10.483,-713.286,0.976,480.352,6.438,relaxed_ortho_3_A_75_E_rep5.pdb
-89.43,-5.385,-1288.876,-0.454,-713.976,0.286,476.491,2.577,relaxed_ortho_3_A_34_I_rep3.pdb
-85.51,-1.466,-1282.22,6.202,-714.243,0.019,481.314,7.4,relaxed_ortho_3_A_39_L_rep1.pdb
-83.87,0.174,-1287.539,0.883,-714.342,-0.08,474.833,0.919,relaxed_ortho_3_A_36_G_rep3.pdb
-85.78,-1.735,-1289.787,-1.365,-713.112,1.15,476.907,2.993,relaxed_ortho_3_A_26_E_rep4.pdb
-84.53,-0.485,-1268.407,20.014,-711.794,2.468,480.917,7.003,relaxed_ortho_3_B_11_H_rep2.pdb
-84.0,0.044,-1277.263,11.159,-714.351,-0.089,486.306,12.393,relaxed_ortho_3_A_23_G_rep3.pdb
-82.064,1.98,-1282.546,5.875,-714.989,-0.727,478.057,4.144,relaxed_ortho_3_A_77_C_rep5.pdb
-82.634,1.41,-1291.584,-3.162,-713.37,0.892,471.373,-2.541,relaxed_ortho_3_B_101_P_rep5.pdb
-85.049,-1.004,-1284.993,3.429,-714.247,0.015,479.635,5.721,relaxed_ortho_3_A_76_M_rep5.pdb
-88.257,-4.212,-1290.833,-2.411,-713.463,0.799,479.089,5.175,relaxed_ortho_3_B_57_W_rep1.pdb
-80.125,3.919,-1288.333,0.089,-713.851,0.411,470.985,-2.929,relaxed_ortho_3_A_79_D_rep1.pdb
-83.07,0.975,-1287.32,1.102,-713.159,1.103,477.075,3.161,relaxed_ortho_3_A_86_V_rep2.pdb
-83.824,0.22,-1286.66,1.762,-714.33,-0.068,476.302,2.388,relaxed_ortho_3_A_71_R_rep3.pdb
-83.364,0.68,-1271.365,17.057,-713.543,0.719,436.361,-37.553,relaxed_ortho_3_B_14_T_rep5.pdb
-78.492,5.553,-1279.328,9.094,-714.092,0.17,477.461,3.548,relaxed_ortho_3_A_84_C_rep4.pdb
-82.335,1.709,-1273.299,15.123,-714.162,0.1,489.501,15.587,relaxed_ortho_3_A_37_K_rep1.pdb
-83.229,0.816,-1287.731,0.691,-714.186,0.076,485.823,11.91,relaxed_ortho_3_B_56_H_rep1.pdb
-82.3,1.744,-1287.489,0.932,-713.217,1.045,484.387,10.473,relaxed_ortho_3_B_17_N_rep3.pdb
-82.93,1.115,-1290.242,-1.82,-713.559,0.703,473.765,-0.149,relaxed_ortho_3_A_28_S_rep4.pdb
-82.867,1.178,-1283.91,4.511,-713.52,0.742,479.551,5.637,relaxed_ortho_3_B_59_V_rep3.pdb
-82.797,1.247,-1283.241,5.181,-713.556,0.706,481.221,7.307,relaxed_ortho_3_A_72_C_rep1.pdb
-82.397,1.648,-1287.864,0.558,-713.583,0.679,483.564,9.65,relaxed_ortho_3_B_17_N_rep5.pdb
-84.511,-0.467,-1286.341,2.081,-714.18,0.082,479.863,5.949,relaxed_ortho_3_A_76_H_rep5.pdb
-82.65,1.394,-1290.33,-1.909,-714.426,-0.164,472.816,-1.098,relaxed_ortho_3_B_12_K_rep2.pdb
-82.957,1.088,-1251.202,37.22,-713.848,0.414,506.362,32.448,relaxed_ortho_3_B_59_P_rep2.pdb
-84.22,-0.176,-1274.738,13.684,-714.236,0.026,489.718,15.804,relaxed_ortho_3_B_14_N_rep5.pdb
-83.984,0.061,-1286.992,1.43,-714.037,0.225,474.601,0.687,relaxed_ortho_3_A_33_M_rep4.pdb
-82.933,1.112,-1284.212,4.21,-713.419,0.843,478.676,4.762,relaxed_ortho_3_A_71_G_rep4.pdb
-81.893,2.152,-1284.453,3.968,-715.1,-0.838,477.741,3.827,relaxed_ortho_3_A_78_M_rep5.pdb
-82.21,1.835,-1283.195,5.226,-713.595,0.667,479.159,5.245,relaxed_ortho_3_B_58_N_rep1.pdb
-88.665,-4.621,-1294.152,-5.73,-715.324,-1.062,475.011,1.097,relaxed_ortho_3_A_34_K_rep1.pdb
-83.086,0.959,-1285.92,2.501,-713.285,0.977,476.684,2.77,relaxed_ortho_3_A_83_E_rep2.pdb
-84.025,0.02,-1290.427,-2.005,-714.463,-0.201,471.309,-2.605,relaxed_ortho_3_B_12_E_rep1.pdb
-83.059,0.985,-1281.08,7.342,-713.733,0.529,489.591,15.677,relaxed_ortho_3_A_41_T_rep4.pdb
-83.775,0.27,-1285.699,2.723,-714.448,-0.186,476.609,2.695,relaxed_ortho_3_A_29_Y_rep1.pdb
-82.9,1.145,-1279.446,8.976,-713.489,0.773,482.554,8.64,relaxed_ortho_3_B_59_F_rep5.pdb
-81.258,2.787,-1286.776,1.646,-714.503,-0.241,471.5,-2.414,relaxed_ortho_3_A_73_E_rep5.pdb
-82.124,1.921,-1287.545,0.877,-714.996,-0.734,475.776,1.862,relaxed_ortho_3_B_14_A_rep2.pdb
-83.105,0.94,-1284.203,4.219,-713.364,0.897,480.151,6.237,relaxed_ortho_3_A_32_C_rep3.pdb
-82.851,1.194,-1275.071,13.351,-714.674,-0.412,487.694,13.78,relaxed_ortho_3_B_57_P_rep5.pdb
-82.651,1.393,-1286.374,2.048,-714.113,0.149,477.55,3.636,relaxed_ortho_3_A_76_F_rep3.pdb
-80.745,3.3,-1286.328,2.094,-713.625,0.637,472.001,-1.913,relaxed_ortho_3_A_34_D_rep1.pdb
-84.008,0.036,-1277.181,11.241,-714.111,0.151,487.38,13.466,relaxed_ortho_3_A_23_G_rep2.pdb
-83.145,0.899,-1283.23,5.191,-713.24,1.022,493.068,19.155,relaxed_ortho_3_A_22_M_rep1.pdb
-82.952,1.092,-1284.757,3.664,-713.493,0.769,479.983,6.069,relaxed_ortho_3_A_85_N_rep1.pdb
-83.436,0.608,-1283.38,5.041,-713.457,0.805,475.513,1.6,relaxed_ortho_3_A_37_I_rep1.pdb
-84.094,-0.049,-1285.205,3.217,-714.376,-0.114,494.037,20.123,relaxed_ortho_3_A_24_H_rep5.pdb
-84.244,-0.2,-1262.572,25.85,-714.241,0.021,494.022,20.108,relaxed_ortho_3_B_11_E_rep3.pdb
-81.712,2.332,-1284.189,4.233,-714.55,-0.289,478.274,4.361,relaxed_ortho_3_A_38_C_rep1.pdb
-82.211,1.833,-1285.117,3.305,-713.562,0.7,469.291,-4.623,relaxed_ortho_3_B_55_L_rep5.pdb
-86.009,-1.965,-1275.266,13.156,-713.968,0.294,490.785,16.871,relaxed_ortho_3_A_87_F_rep3.pdb
-81.298,2.747,-1286.67,1.752,-713.171,1.091,481.224,7.31,relaxed_ortho_3_A_40_I_rep1.pdb
-87.587,-3.542,-1287.936,0.485,-714.002,0.26,477.713,3.799,relaxed_ortho_3_A_76_T_rep5.pdb
-83.059,0.986,-1287.522,0.9,-713.512,0.75,475.696,1.782,relaxed_ortho_3_A_83_L_rep4.pdb
-77.386,6.659,-1282.424,5.998,-714.406,-0.144,473.063,-0.851,relaxed_ortho_3_A_84_E_rep1.pdb
-82.954,1.091,-1288.142,0.279,-713.145,1.116,472.446,-1.468,relaxed_ortho_3_A_83_V_rep3.pdb
-83.84,0.204,-1287.982,0.44,-714.379,-0.117,475.553,1.639,relaxed_ortho_3_A_36_N_rep3.pdb
-86.871,-2.827,-1290.477,-2.055,-713.281,0.981,477.289,3.375,relaxed_ortho_3_B_57_F_rep3.pdb
-84.161,-0.116,-1284.706,3.715,-714.084,0.178,490.256,16.342,relaxed_ortho_3_A_24_R_rep3.pdb
-82.985,1.06,-1290.662,-2.241,-713.547,0.715,474.819,0.905,relaxed_ortho_3_B_98_Q_rep3.pdb
-82.297,1.748,-1280.481,7.941,-713.708,0.554,482.69,8.776,relaxed_ortho_3_A_27_I_rep1.pdb
-83.435,0.609,-1285.547,2.875,-714.307,-0.045,474.567,0.653,relaxed_ortho_3_B_13_T_rep4.pdb
-82.696,1.348,-1285.933,2.489,-714.28,-0.018,475.59,1.676,relaxed_ortho_3_B_98_G_rep4.pdb
-81.32,2.724,-1288.015,0.407,-713.685,0.577,472.819,-1.094,relaxed_ortho_3_A_33_A_rep4.pdb
-83.794,0.25,-1279.308,9.114,-712.678,1.584,475.825,1.911,relaxed_ortho_3_A_84_W_rep4.pdb
-83.789,0.255,-1284.964,3.457,-714.061,0.201,475.128,1.214,relaxed_ortho_3_A_27_P_rep3.pdb
-82.608,1.437,-1289.909,-1.487,-714.224,0.038,471.306,-2.608,relaxed_ortho_3_B_98_Q_rep5.pdb
-83.141,0.903,-1286.586,1.836,-712.355,1.907,486.402,12.488,relaxed_ortho_3_B_54_F_rep3.pdb
-85.878,-1.834,-1276.799,11.623,-713.115,1.147,482.936,9.023,relaxed_ortho_3_A_31_V_rep4.pdb
-82.72,1.324,-1286.825,1.597,-714.891,-0.629,477.315,3.401,relaxed_ortho_3_B_57_D_rep2.pdb
-83.37,0.674,-1289.188,-0.766,-713.246,1.016,473.755,-0.159,relaxed_ortho_3_B_101_V_rep4.pdb
-82.407,1.638,-1284.624,3.798,-713.585,0.677,478.259,4.345,relaxed_ortho_3_A_21_N_rep1.pdb
-85.928,-1.883,-1282.887,5.535,-713.98,0.282,482.355,8.441,relaxed_ortho_3_A_37_M_rep2.pdb
-83.088,0.956,-1283.238,5.184,-713.297,0.965,492.139,18.226,relaxed_ortho_3_A_22_M_rep3.pdb
-83.145,0.899,-1285.699,2.722,-714.356,-0.094,471.833,-2.081,relaxed_ortho_3_B_54_A_rep2.pdb
-85.655,-1.611,-1283.841,4.581,-714.115,0.147,480.386,6.472,relaxed_ortho_3_A_37_H_rep3.pdb
-83.581,0.463,-1285.859,2.563,-714.318,-0.056,476.623,2.709,relaxed_ortho_3_B_100_L_rep3.pdb
-82.905,1.139,-1285.668,2.754,-713.254,1.008,477.521,3.607,relaxed_ortho_3_B_102_H_rep2.pdb
-85.794,-1.75,-1285.933,2.489,-714.048,0.214,489.088,15.174,relaxed_ortho_3_B_56_T_rep1.pdb
-86.017,-1.972,-1286.145,2.277,-712.158,2.103,490.629,16.715,relaxed_ortho_3_B_56_W_rep2.pdb
-80.428,3.617,-1283.226,5.196,-714.877,-0.615,475.842,1.929,relaxed_ortho_3_A_38_N_rep4.pdb
-80.743,3.301,-1282.279,6.143,-713.858,0.404,482.868,8.954,relaxed_ortho_3_B_54_K_rep5.pdb
-84.112,-0.067,-1283.472,4.95,-714.446,-0.184,482.039,8.125,relaxed_ortho_3_A_87_N_rep2.pdb
-83.131,0.914,-1288.266,0.156,-713.455,0.807,474.094,0.18,relaxed_ortho_3_A_86_L_rep5.pdb
-83.801,0.244,-1282.221,6.201,-714.331,-0.069,478.997,5.083,relaxed_ortho_3_A_23_R_rep4.pdb
-84.523,-0.478,-1284.348,4.073,-714.152,0.11,480.044,6.131,relaxed_ortho_3_A_76_K_rep3.pdb
-82.173,1.871,-1285.011,3.41,-713.576,0.686,468.871,-5.043,relaxed_ortho_3_B_55_L_rep1.pdb
-83.5,0.544,-1285.533,2.889,-714.354,-0.092,475.024,1.11,relaxed_ortho_3_B_13_N_rep2.pdb
-83.047,0.998,-1285.947,2.475,-713.227,1.035,476.921,3.007,relaxed_ortho_3_A_83_T_rep3.pdb
-81.625,2.42,-1285.42,3.002,-712.536,1.726,466.424,-7.49,relaxed_ortho_3_A_79_L_rep3.pdb
-82.799,1.246,-1286.666,1.755,-713.797,0.465,478.542,4.628,relaxed_ortho_3_B_100_T_rep5.pdb
-85.831,-1.786,-1288.333,0.089,-714.087,0.175,474.837,0.923,relaxed_ortho_3_A_28_L_rep1.pdb
-83.97,0.074,-1281.592,6.83,-714.085,0.177,477.713,3.799,relaxed_ortho_3_A_41_G_rep1.pdb
-86.886,-2.842,-1286.981,1.441,-714.061,0.201,479.268,5.355,relaxed_ortho_3_A_36_F_rep5.pdb
-82.672,1.373,-1263.694,24.728,-714.137,0.124,495.985,22.071,relaxed_ortho_3_A_74_P_rep3.pdb
-81.956,2.088,-1285.63,2.792,-714.087,0.175,466.953,-6.961,relaxed_ortho_3_B_54_D_rep3.pdb
-83.883,0.162,-1288.111,0.31,-714.274,-0.012,471.826,-2.087,relaxed_ortho_3_B_98_T_rep4.pdb
-81.057,2.988,-1286.263,2.159,-713.131,1.131,473.153,-0.761,relaxed_ortho_3_A_73_S_rep4.pdb
-81.304,2.741,-1287.671,0.751,-712.452,1.81,470.674,-3.24,relaxed_ortho_3_A_40_F_rep4.pdb
-75.102,8.942,-1280.842,7.579,-714.303,-0.041,469.726,-4.188,relaxed_ortho_3_A_38_D_rep5.pdb
-86.734,-2.689,-1267.562,20.86,-713.235,1.027,468.727,-5.187,relaxed_ortho_3_A_87_L_rep2.pdb
-83.933,0.111,-1284.898,3.523,-714.227,0.035,491.401,17.487,relaxed_ortho_3_A_24_K_rep3.pdb
-82.968,1.077,-1290.749,-2.327,-713.356,0.906,475.996,2.082,relaxed_ortho_3_B_12_S_rep5.pdb
-82.335,1.71,-1168.687,119.734,-713.434,0.828,595.642,121.728,relaxed_ortho_3_B_98_P_rep3.pdb
-84.326,-0.281,-1284.587,3.835,-714.167,0.095,477.229,3.315,relaxed_ortho_3_A_87_Q_rep5.pdb
-82.689,1.356,-1265.81,22.612,-713.612,0.65,493.312,19.398,relaxed_ortho_3_A_72_Q_rep1.pdb
-81.774,2.271,-1280.865,7.557,-713.568,0.694,481.184,7.27,relaxed_ortho_3_A_75_A_rep1.pdb
-83.083,0.961,-1288.732,-0.31,-713.507,0.755,474.107,0.193,relaxed_ortho_3_B_13_I_rep3.pdb
-85.525,-1.48,-1282.86,5.562,-713.892,0.37,475.965,2.051,relaxed_ortho_3_A_78_P_rep2.pdb
-88.547,-4.502,-1245.046,43.376,-712.461,1.801,521.406,47.493,relaxed_ortho_3_A_31_P_rep4.pdb
-82.623,1.421,-1286.403,2.019,-714.208,0.054,478.447,4.533,relaxed_ortho_3_A_76_F_rep5.pdb
-84.543,-0.498,-1282.541,5.881,-713.902,0.36,482.83,8.916,relaxed_ortho_3_A_82_M_rep3.pdb
-79.738,4.307,-1287.987,0.435,-714.47,-0.208,473.332,-0.581,relaxed_ortho_3_A_79_D_rep4.pdb
-82.614,1.43,-1287.899,0.522,-714.115,0.147,474.497,0.583,relaxed_ortho_3_B_98_K_rep5.pdb
-84.181,-0.136,-1285.624,2.798,-714.112,0.15,476.783,2.869,relaxed_ortho_3_A_39_I_rep3.pdb
-82.736,1.308,-1285.157,3.265,-713.517,0.745,479.092,5.178,relaxed_ortho_3_B_100_R_rep3.pdb
-83.313,0.731,-1261.312,27.11,-714.43,-0.168,426.961,-46.953,relaxed_ortho_3_A_23_V_rep1.pdb
-82.734,1.311,-1285.733,2.689,-714.465,-0.203,475.158,1.244,relaxed_ortho_3_B_57_S_rep4.pdb
-84.117,-0.072,-1285.095,3.327,-714.458,-0.196,493.666,19.752,relaxed_ortho_3_A_24_H_rep3.pdb
-78.447,5.597,-1281.076,7.345,-714.403,-0.141,474.696,0.782,relaxed_ortho_3_A_84_D_rep5.pdb
-82.938,1.106,-1284.239,4.183,-713.525,0.737,479.229,5.315,relaxed_ortho_3_A_85_E_rep5.pdb
-85.08,-1.035,-1284.488,3.934,-714.259,0.003,481.637,7.723,relaxed_ortho_3_B_58_L_rep3.pdb
-81.223,2.822,-1285.228,3.194,-714.431,-0.169,472.421,-1.493,relaxed_ortho_3_B_57_Y_rep5.pdb
-76.25,7.794,-1284.341,4.081,-715.502,-1.24,473.399,-0.515,relaxed_ortho_3_A_35_D_rep4.pdb
-82.54,1.505,-1286.746,1.675,-713.417,0.845,475.883,1.97,relaxed_ortho_3_B_13_R_rep4.pdb
-82.663,1.382,-1257.365,31.056,-714.679,-0.417,505.334,31.42,relaxed_ortho_3_B_11_D_rep4.pdb
-81.995,2.049,-1285.805,2.617,-714.319,-0.057,473.658,-0.256,relaxed_ortho_3_A_73_A_rep2.pdb
-82.805,1.239,-1286.425,1.997,-714.626,-0.364,473.824,-0.09,relaxed_ortho_3_A_81_L_rep5.pdb
-77.697,6.347,-1275.289,13.133,-714.017,0.245,480.239,6.325,relaxed_ortho_3_A_84_G_rep2.pdb
-81.842,2.202,-1285.214,3.208,-714.738,-0.476,475.349,1.435,relaxed_ortho_3_A_81_A_rep2.pdb
-85.958,-1.914,-1286.142,2.279,-712.383,1.879,479.872,5.958,relaxed_ortho_3_B_54_I_rep3.pdb
-76.802,7.242,-1282.472,5.95,-712.698,1.564,476.737,2.823,relaxed_ortho_3_A_40_S_rep5.pdb
-67.956,16.089,-1167.571,120.851,-693.691,20.571,486.405,12.491,relaxed_ortho_3_A_83_P_rep3.pdb
-83.246,0.799,-1291.815,-3.393,-714.652,-0.39,471.974,-1.94,relaxed_ortho_3_A_33_K_rep2.pdb
-82.834,1.21,-1284.395,4.027,-714.423,-0.161,477.095,3.181,relaxed_ortho_3_A_71_D_rep2.pdb
-79.465,4.579,-1283.534,4.888,-713.496,0.766,474.377,0.463,relaxed_ortho_3_B_55_G_rep4.pdb
-83.91,0.134,-1283.548,4.873,-713.611,0.651,474.827,0.913,relaxed_ortho_3_A_37_I_rep4.pdb
-78.123,5.922,-1281.839,6.583,-714.229,0.033,473.606,-0.308,relaxed_ortho_3_A_84_L_rep5.pdb
-83.474,0.571,-1285.552,2.87,-714.249,0.013,475.901,1.987,relaxed_ortho_3_B_102_Q_rep2.pdb
-85.301,-1.256,-1282.428,5.994,-714.291,-0.029,483.802,9.888,relaxed_ortho_3_A_87_R_rep2.pdb
-86.495,-2.451,-1289.461,-1.039,-713.148,1.114,464.192,-9.722,relaxed_ortho_3_B_58_Y_rep2.pdb
-82.613,1.431,-1283.852,4.569,-714.105,0.157,477.933,4.019,relaxed_ortho_3_A_83_N_rep5.pdb
-82.923,1.121,-1282.575,5.847,-713.554,0.708,482.025,8.111,relaxed_ortho_3_A_85_Y_rep2.pdb
-80.915,3.129,-1280.965,7.457,-714.565,-0.303,479.349,5.435,relaxed_ortho_3_A_77_A_rep4.pdb
-86.63,-2.585,-1267.029,21.392,-714.075,0.187,499.193,25.279,relaxed_ortho_3_A_39_K_rep5.pdb
-83.825,0.219,-1285.624,2.798,-714.316,-0.054,478.621,4.707,relaxed_ortho_3_A_71_Y_rep1.pdb
-83.905,0.14,-1283.247,5.175,-714.374,-0.112,480.6,6.686,relaxed_ortho_3_A_23_K_rep1.pdb
-86.335,-2.29,-1286.224,2.198,-713.6,0.662,477.525,3.611,relaxed_ortho_3_A_26_A_rep3.pdb
-83.653,0.391,-1287.273,1.149,-714.364,-0.102,476.187,2.273,relaxed_ortho_3_A_32_N_rep5.pdb
-83.521,0.523,-1281.605,6.817,-714.1,0.162,468.48,-5.433,relaxed_ortho_3_B_13_D_rep3.pdb
-83.984,0.061,-1286.687,1.735,-714.336,-0.074,476.691,2.777,relaxed_ortho_3_A_29_D_rep4.pdb
-80.287,3.757,-1285.461,2.961,-714.112,0.15,471.939,-1.975,relaxed_ortho_3_A_38_T_rep4.pdb
-83.542,0.503,-1288.376,0.046,-714.682,-0.42,473.552,-0.362,relaxed_ortho_3_A_35_S_rep3.pdb
-82.741,1.304,-1284.472,3.95,-710.959,3.303,478.637,4.724,relaxed_ortho_3_B_15_W_rep5.pdb
-83.694,0.351,-1278.435,9.986,-713.975,0.286,482.358,8.445,relaxed_ortho_3_A_74_W_rep4.pdb
-83.113,0.931,-1283.331,5.091,-713.353,0.909,486.137,12.223,relaxed_ortho_3_B_17_I_rep5.pdb
-84.23,-0.186,-1286.343,2.079,-714.62,-0.358,476.896,2.982,relaxed_ortho_3_A_34_S_rep1.pdb
-86.137,-2.093,-1284.861,3.561,-713.914,0.348,480.932,7.018,relaxed_ortho_3_A_32_I_rep5.pdb
-84.623,-0.578,-1286.362,2.06,-714.21,0.052,479.662,5.748,relaxed_ortho_3_A_76_H_rep4.pdb
-81.963,2.082,-1284.579,3.843,-714.584,-0.322,478.816,4.902,relaxed_ortho_3_A_76_D_rep3.pdb
-81.348,2.696,-1280.324,8.098,-713.885,0.377,484.05,10.136,relaxed_ortho_3_A_75_A_rep5.pdb
-83.014,1.031,-1272.648,15.774,-714.582,-0.32,487.91,13.996,relaxed_ortho_3_A_79_V_rep1.pdb
-82.994,1.05,-1286.756,1.666,-713.493,0.769,476.051,2.138,relaxed_ortho_3_A_30_L_rep5.pdb
-86.09,-2.046,-1287.0,1.422,-714.329,-0.067,490.251,16.338,relaxed_ortho_3_B_56_I_rep1.pdb
-84.803,-0.759,-1265.439,22.983,-713.918,0.344,452.841,-21.073,relaxed_ortho_3_B_11_W_rep5.pdb
-82.166,1.878,-1285.787,2.634,-715.069,-0.807,478.733,4.819,relaxed_ortho_3_A_21_S_rep3.pdb
-87.088,-3.044,-1289.328,-0.906,-713.317,0.945,473.796,-0.118,relaxed_ortho_3_A_34_E_rep1.pdb
-83.073,0.971,-1274.581,13.841,-713.76,0.502,482.348,8.434,relaxed_ortho_3_A_37_R_rep2.pdb
-83.631,0.414,-1284.238,4.184,-714.379,-0.117,478.278,4.364,relaxed_ortho_3_A_32_D_rep4.pdb
-82.481,1.563,-1282.109,6.313,-714.53,-0.268,479.902,5.989,relaxed_ortho_3_B_11_S_rep3.pdb
-83.697,0.348,-1285.297,3.124,-714.409,-0.147,477.628,3.714,relaxed_ortho_3_B_102_Y_rep1.pdb
-84.22,-0.175,-1284.126,4.296,-714.537,-0.275,474.017,0.103,relaxed_ortho_3_A_24_M_rep2.pdb
-82.06,1.984,-1285.006,3.416,-714.78,-0.518,477.558,3.644,relaxed_ortho_3_A_78_A_rep2.pdb
-83.74,0.305,-1286.725,1.697,-714.369,-0.107,476.282,2.368,relaxed_ortho_3_A_71_K_rep3.pdb
-83.848,0.196,-1286.641,1.781,-714.399,-0.137,475.764,1.85,relaxed_ortho_3_A_23_W_rep3.pdb
-84.208,-0.164,-1273.185,15.237,-714.395,-0.133,478.361,4.447,relaxed_ortho_3_B_11_N_rep1.pdb
-82.064,1.981,-1286.742,1.68,-713.378,0.884,475.36,1.446,relaxed_ortho_3_B_101_Y_rep3.pdb
-86.111,-2.066,-1286.832,1.59,-714.14,0.122,489.727,15.813,relaxed_ortho_3_B_56_I_rep3.pdb
-83.052,0.992,-1288.553,-0.131,-713.234,1.028,475.156,1.242,relaxed_ortho_3_A_79_R_rep1.pdb
-86.355,-2.311,-1286.056,2.366,-713.535,0.727,477.987,4.073,relaxed_ortho_3_A_26_H_rep3.pdb
-82.934,1.11,-1285.942,2.48,-711.608,2.654,469.008,-4.905,relaxed_ortho_3_B_55_V_rep2.pdb
-83.544,0.501,-1285.314,3.108,-713.969,0.293,477.694,3.78,relaxed_ortho_3_A_85_A_rep5.pdb
-83.142,0.903,-1289.078,-0.657,-713.559,0.703,475.023,1.109,relaxed_ortho_3_A_85_K_rep3.pdb
-87.587,-3.542,-1287.936,0.485,-714.002,0.26,477.713,3.799,relaxed_ortho_3_A_76_T_rep1.pdb
-84.042,0.003,-1283.822,4.6,-714.328,-0.066,479.418,5.504,relaxed_ortho_3_A_24_A_rep5.pdb
-84.243,-0.199,-1285.017,3.405,-713.455,0.807,482.449,8.535,relaxed_ortho_3_B_102_W_rep3.pdb
-84.489,-0.444,-1285.808,2.614,-714.054,0.208,476.688,2.774,relaxed_ortho_3_B_54_M_rep3.pdb
-83.203,0.842,-1287.286,1.136,-713.407,0.855,476.96,3.046,relaxed_ortho_3_A_32_P_rep2.pdb
-83.132,0.912,-1264.439,23.983,-710.453,3.809,514.631,40.717,relaxed_ortho_3_A_41_L_rep4.pdb
-83.89,0.155,-1287.27,1.152,-715.015,-0.753,475.047,1.133,relaxed_ortho_3_A_80_Q_rep2.pdb
-82.068,1.977,-1288.034,0.388,-713.137,1.125,475.954,2.04,relaxed_ortho_3_A_38_I_rep3.pdb
-81.853,2.191,-1230.329,58.093,-714.27,-0.008,518.241,44.327,relaxed_ortho_3_A_72_P_rep4.pdb
-82.144,1.901,-1283.2,5.221,-713.415,0.847,476.456,2.542,relaxed_ortho_3_B_58_N_rep5.pdb
-87.364,-3.319,-1280.935,7.487,-714.102,0.16,485.371,11.457,relaxed_ortho_3_A_37_L_rep1.pdb
-85.615,-1.571,-1271.697,16.725,-713.522,0.739,494.523,20.609,relaxed_ortho_3_A_39_H_rep1.pdb
-84.791,-0.746,-1287.909,0.513,-714.284,-0.022,477.617,3.704,relaxed_ortho_3_A_28_H_rep4.pdb
-89.981,-5.936,-1291.729,-3.307,-714.435,-0.173,470.956,-2.958,relaxed_ortho_3_A_34_L_rep2.pdb
-84.078,-0.033,-1287.903,0.518,-714.151,0.111,475.855,1.941,relaxed_ortho_3_A_80_K_rep4.pdb
-84.77,-0.725,-1287.767,0.655,-714.243,0.019,475.993,2.079,relaxed_ortho_3_A_27_M_rep5.pdb
-82.15,1.895,-1263.249,25.173,-712.925,1.337,502.931,29.017,relaxed_ortho_3_B_58_P_rep5.pdb
-84.058,-0.014,-1287.672,0.75,-714.269,-0.008,474.192,0.278,relaxed_ortho_3_A_21_F_rep2.pdb
-83.066,0.978,-1284.624,3.798,-713.533,0.729,479.243,5.33,relaxed_ortho_3_A_83_M_rep1.pdb
-82.038,2.006,-1287.336,1.086,-713.556,0.706,475.595,1.681,relaxed_ortho_3_B_101_N_rep5.pdb
-82.879,1.166,-1284.982,3.44,-713.444,0.818,478.028,4.114,relaxed_ortho_3_A_71_D_rep4.pdb
-82.371,1.673,-1283.346,5.076,-715.036,-0.775,477.721,3.807,relaxed_ortho_3_A_80_C_rep1.pdb
-83.931,0.114,-1281.032,7.39,-714.085,0.177,482.95,9.036,relaxed_ortho_3_A_24_G_rep3.pdb
-82.745,1.3,-1124.201,164.221,-714.154,0.108,633.709,159.795,relaxed_ortho_3_A_87_P_rep4.pdb
-82.487,1.557,-1287.245,1.177,-714.414,-0.152,474.764,0.851,relaxed_ortho_3_A_32_N_rep2.pdb
-82.885,1.16,-1284.773,3.648,-713.599,0.663,479.533,5.62,relaxed_ortho_3_A_85_N_rep4.pdb
-82.838,1.206,-1286.208,2.214,-713.614,0.648,478.083,4.169,relaxed_ortho_3_A_83_Q_rep2.pdb
-86.458,-2.414,-1284.202,4.22,-713.649,0.613,479.219,5.305,relaxed_ortho_3_A_26_V_rep5.pdb
-83.008,1.037,-1288.576,-0.154,-713.538,0.724,476.293,2.379,relaxed_ortho_3_B_56_R_rep5.pdb
-87.754,-3.709,-1251.518,36.904,-710.077,4.185,420.22,-53.694,relaxed_ortho_3_A_25_W_rep2.pdb
-83.809,0.235,-1284.347,4.075,-714.752,-0.49,479.496,5.582,relaxed_ortho_3_A_80_M_rep2.pdb
-81.661,2.384,-1283.661,4.761,-713.515,0.747,477.939,4.025,relaxed_ortho_3_B_58_R_rep5.pdb
-82.797,1.247,-1284.709,3.713,-714.244,0.018,478.125,4.211,relaxed_ortho_3_A_21_R_rep2.pdb
-83.211,0.834,-1285.339,3.083,-713.184,1.078,479.821,5.907,relaxed_ortho_3_A_83_H_rep2.pdb
-78.646,5.399,-1275.684,12.738,-715.011,-0.749,482.663,8.75,relaxed_ortho_3_A_77_G_rep1.pdb
-82.433,1.611,-1283.379,5.043,-714.287,-0.025,480.171,6.257,relaxed_ortho_3_B_100_W_rep2.pdb
-83.696,0.348,-1289.74,-1.318,-714.041,0.221,473.408,-0.506,relaxed_ortho_3_B_12_L_rep4.pdb
-86.323,-2.278,-1285.98,2.442,-713.643,0.619,478.544,4.63,relaxed_ortho_3_A_26_N_rep3.pdb
-78.605,5.44,-1287.033,1.389,-717.122,-2.86,471.397,-2.517,relaxed_ortho_3_A_35_Q_rep5.pdb
-79.983,4.061,-1270.002,18.42,-711.946,2.316,364.956,-108.958,relaxed_ortho_3_B_13_W_rep1.pdb
-82.374,1.671,-1283.395,5.027,-715.216,-0.954,477.242,3.328,relaxed_ortho_3_A_80_C_rep5.pdb
-84.039,0.006,-1286.923,1.499,-714.112,0.15,499.706,25.793,relaxed_ortho_3_A_24_Y_rep5.pdb
-82.251,1.793,-1283.632,4.789,-714.293,-0.031,476.864,2.95,relaxed_ortho_3_A_27_S_rep4.pdb
-86.576,-2.531,-1285.823,2.599,-714.222,0.04,481.389,7.476,relaxed_ortho_3_A_74_R_rep4.pdb
-84.542,-0.497,-1290.547,-2.125,-718.104,-3.842,471.235,-2.679,relaxed_ortho_3_A_27_W_rep4.pdb
-82.775,1.27,-1283.668,4.754,-714.172,0.09,475.564,1.651,relaxed_ortho_3_A_27_V_rep2.pdb
-82.865,1.179,-1277.04,11.382,-713.646,0.616,486.479,12.565,relaxed_ortho_3_A_72_D_rep2.pdb
-83.953,0.092,-1246.491,41.931,-714.018,0.244,255.871,-218.043,relaxed_ortho_3_A_22_F_rep1.pdb
-84.094,-0.05,-1285.009,3.413,-714.072,0.19,493.089,19.175,relaxed_ortho_3_A_24_H_rep2.pdb
-83.312,0.732,-1265.963,22.459,-714.229,0.033,480.88,6.966,relaxed_ortho_3_A_72_L_rep5.pdb
-82.328,1.716,-1276.842,11.58,-713.631,0.631,488.184,14.271,relaxed_ortho_3_A_39_G_rep2.pdb
-82.179,1.865,-1286.224,2.197,-714.896,-0.634,473.995,0.081,relaxed_ortho_3_A_78_S_rep5.pdb
-81.793,2.252,-1283.921,4.501,-708.479,5.783,470.333,-3.58,relaxed_ortho_3_A_35_F_rep2.pdb
-83.521,0.524,-1283.923,4.499,-713.455,0.807,479.127,5.213,relaxed_ortho_3_B_59_W_rep4.pdb
-83.15,0.895,-1285.131,3.291,-714.446,-0.184,475.836,1.922,relaxed_ortho_3_A_81_A_rep5.pdb
-83.552,0.493,-1284.699,3.723,-714.501,-0.239,481.099,7.185,relaxed_ortho_3_B_59_M_rep4.pdb
-75.762,8.283,-1280.589,7.832,-714.026,0.236,473.02,-0.894,relaxed_ortho_3_A_38_E_rep1.pdb
-82.057,1.987,-1287.253,1.169,-714.451,-0.189,476.211,2.297,relaxed_ortho_3_B_57_D_rep3.pdb
-83.029,1.015,-1288.435,-0.014,-713.158,1.104,472.904,-1.01,relaxed_ortho_3_B_11_A_rep4.pdb
-79.04,5.005,-1284.776,3.646,-713.457,0.805,475.37,1.456,relaxed_ortho_3_B_15_T_rep2.pdb
-83.23,0.814,-1286.737,1.685,-713.119,1.143,477.705,3.792,relaxed_ortho_3_B_98_M_rep5.pdb
-78.23,5.815,-1237.122,51.3,-714.302,-0.04,518.329,44.415,relaxed_ortho_3_A_85_P_rep3.pdb
-83.033,1.012,-1288.272,0.15,-713.254,1.008,474.523,0.609,relaxed_ortho_3_B_12_W_rep5.pdb
-81.676,2.368,-1284.575,3.847,-712.828,1.434,474.489,0.575,relaxed_ortho_3_B_102_P_rep5.pdb
-83.98,0.065,-1288.609,-0.187,-714.354,-0.092,473.222,-0.692,relaxed_ortho_3_A_75_V_rep1.pdb
-81.474,2.57,-1282.097,6.324,-713.349,0.913,474.022,0.108,relaxed_ortho_3_B_58_D_rep3.pdb
-82.632,1.413,-1286.53,1.892,-714.482,-0.22,476.115,2.201,relaxed_ortho_3_A_21_Q_rep3.pdb
-83.818,0.226,-1258.639,29.783,-713.385,0.877,505.987,32.073,relaxed_ortho_3_A_29_P_rep4.pdb
-84.742,-0.697,-1279.642,8.78,-714.261,0.001,482.99,9.076,relaxed_ortho_3_B_98_Y_rep4.pdb
-82.472,1.573,-1284.917,3.505,-714.095,0.167,478.021,4.108,relaxed_ortho_3_A_39_T_rep5.pdb
-84.276,-0.232,-1280.592,7.829,-713.59,0.672,481.02,7.106,relaxed_ortho_3_A_37_D_rep5.pdb
-85.401,-1.357,-1290.42,-1.998,-710.669,3.593,474.601,0.687,relaxed_ortho_3_A_73_F_rep4.pdb
-84.63,-0.585,-1284.322,4.1,-714.449,-0.187,480.735,6.821,relaxed_ortho_3_A_74_H_rep1.pdb
-84.156,-0.112,-1273.056,15.366,-714.21,0.052,476.814,2.9,relaxed_ortho_3_B_11_N_rep5.pdb
-80.048,3.997,-1281.865,6.556,-713.267,0.994,481.715,7.801,relaxed_ortho_3_A_82_R_rep5.pdb
-89.491,-5.447,-1291.125,-2.703,-713.88,0.382,474.767,0.853,relaxed_ortho_3_A_36_Y_rep4.pdb
-80.478,3.567,-1284.821,3.6,-713.397,0.865,478.536,4.622,relaxed_ortho_3_A_36_K_rep4.pdb
-83.089,0.955,-1285.978,2.444,-713.349,0.912,476.676,2.763,relaxed_ortho_3_A_83_E_rep3.pdb
-87.621,-3.576,-1277.396,11.026,-714.025,0.237,489.692,15.779,relaxed_ortho_3_A_31_W_rep2.pdb
-81.586,2.459,-1284.98,3.442,-714.16,0.102,475.469,1.555,relaxed_ortho_3_A_27_K_rep1.pdb
-85.395,-1.351,-1285.611,2.811,-714.035,0.227,476.55,2.637,relaxed_ortho_3_B_54_C_rep4.pdb
-81.217,2.827,-1283.478,4.944,-712.396,1.866,471.664,-2.25,relaxed_ortho_3_B_55_Q_rep4.pdb
-83.897,0.148,-1283.47,4.952,-714.328,-0.066,479.189,5.275,relaxed_ortho_3_A_83_A_rep5.pdb
-83.189,0.856,-1290.599,-2.177,-712.772,1.49,472.447,-1.467,relaxed_ortho_3_A_73_Y_rep3.pdb
-83.09,0.955,-1282.384,6.038,-713.582,0.679,480.563,6.649,relaxed_ortho_3_A_25_T_rep1.pdb
-85.065,-1.02,-1261.574,26.848,-713.863,0.399,505.427,31.513,relaxed_ortho_3_B_14_E_rep1.pdb
-84.14,-0.096,-1272.332,16.09,-714.072,0.19,492.867,18.953,relaxed_ortho_3_A_39_E_rep4.pdb
-82.682,1.362,-1286.671,1.751,-713.118,1.144,476.99,3.076,relaxed_ortho_3_A_32_S_rep1.pdb
-82.871,1.174,-1285.332,3.09,-713.179,1.083,476.754,2.84,relaxed_ortho_3_A_72_T_rep2.pdb
-82.883,1.162,-1250.375,38.047,-712.831,1.431,503.919,30.005,relaxed_ortho_3_B_14_R_rep2.pdb
-77.834,6.211,-1285.839,2.582,-715.545,-1.283,471.526,-2.388,relaxed_ortho_3_A_35_N_rep4.pdb
-82.596,1.448,-1285.997,2.425,-713.462,0.8,479.51,5.596,relaxed_ortho_3_B_100_H_rep1.pdb
-84.77,-0.726,-1248.909,39.513,-713.727,0.535,502.169,28.255,relaxed_ortho_3_A_72_F_rep4.pdb
-82.278,1.767,-1287.608,0.813,-713.21,1.052,481.606,7.692,relaxed_ortho_3_B_17_N_rep2.pdb
-83.938,0.107,-1282.643,5.779,-714.323,-0.061,479.519,5.605,relaxed_ortho_3_A_83_W_rep5.pdb
-78.161,5.884,-1279.833,8.589,-714.187,0.075,476.655,2.742,relaxed_ortho_3_A_84_Q_rep3.pdb
-83.372,0.672,-1289.061,-0.64,-713.254,1.008,473.997,0.083,relaxed_ortho_3_A_71_E_rep1.pdb
-81.763,2.281,-1278.685,9.737,-714.75,-0.488,481.145,7.231,relaxed_ortho_3_A_81_G_rep5.pdb
-82.978,1.067,-1277.135,11.287,-713.515,0.747,220.91,-253.004,relaxed_ortho_3_A_22_L_rep4.pdb
-83.873,0.171,-1284.483,3.939,-714.389,-0.127,477.597,3.683,relaxed_ortho_3_B_11_G_rep4.pdb
-82.646,1.398,-1284.453,3.968,-710.912,3.35,478.511,4.597,relaxed_ortho_3_B_15_W_rep3.pdb
-85.696,-1.652,-1264.63,23.792,-711.344,2.918,499.082,25.168,relaxed_ortho_3_B_11_W_rep3.pdb
-83.948,0.096,-1285.157,3.264,-714.364,-0.102,492.427,18.513,relaxed_ortho_3_A_24_H_rep4.pdb
-84.086,-0.041,-1287.771,0.651,-714.481,-0.219,486.683,12.769,relaxed_ortho_3_B_56_L_rep4.pdb
-84.659,-0.614,-1279.324,9.098,-714.565,-0.303,484.726,10.812,relaxed_ortho_3_A_30_Q_rep2.pdb
-83.018,1.026,-1283.126,5.296,-713.254,1.008,482.251,8.337,relaxed_ortho_3_A_72_C_rep5.pdb
-82.978,1.066,-1285.538,2.884,-713.26,1.002,480.769,6.855,relaxed_ortho_3_A_22_T_rep4.pdb
-83.612,0.433,-1218.16,70.262,-711.732,2.53,322.857,-151.056,relaxed_ortho_3_A_22_W_rep1.pdb
-82.939,1.105,-1282.648,5.773,-713.481,0.781,478.68,4.766,relaxed_ortho_3_A_22_A_rep4.pdb
-81.12,2.924,-1286.467,1.954,-713.305,0.957,470.096,-3.818,relaxed_ortho_3_B_54_D_rep4.pdb
-80.518,3.526,-1269.906,18.516,-713.664,0.598,487.079,13.165,relaxed_ortho_3_A_82_F_rep5.pdb
-81.56,2.485,-1284.973,3.448,-714.386,-0.124,477.106,3.193,relaxed_ortho_3_A_27_K_rep5.pdb
-89.082,-5.037,-1284.446,3.976,-713.405,0.857,478.78,4.866,relaxed_ortho_3_A_36_P_rep3.pdb
-85.169,-1.125,-1280.732,7.69,-714.148,0.113,483.745,9.831,relaxed_ortho_3_A_31_T_rep4.pdb
-83.21,0.834,-1284.764,3.658,-714.487,-0.225,478.814,4.9,relaxed_ortho_3_A_27_N_rep4.pdb
-83.154,0.891,-1271.841,16.58,-713.367,0.895,474.254,0.34,relaxed_ortho_3_A_22_E_rep3.pdb
-82.921,1.124,-1286.023,2.399,-714.093,0.169,477.23,3.316,relaxed_ortho_3_A_82_A_rep4.pdb
-85.422,-1.377,-1281.701,6.721,-714.419,-0.157,485.065,11.151,relaxed_ortho_3_A_87_K_rep2.pdb
-83.291,0.754,-1284.674,3.747,-713.312,0.95,481.705,7.791,relaxed_ortho_3_A_71_V_rep4.pdb
-83.825,0.22,-1284.791,3.631,-714.062,0.2,477.427,3.513,relaxed_ortho_3_A_21_C_rep4.pdb
-81.203,2.841,-1290.16,-1.738,-714.203,0.059,467.254,-6.659,relaxed_ortho_3_A_79_N_rep5.pdb
-83.218,0.826,-1288.642,-0.22,-713.325,0.937,475.629,1.715,relaxed_ortho_3_A_28_Q_rep1.pdb
-83.243,0.801,-1260.224,28.198,-713.8,0.462,386.251,-87.663,relaxed_ortho_3_A_22_H_rep2.pdb
-81.094,2.951,-1283.652,4.77,-714.995,-0.733,475.788,1.875,relaxed_ortho_3_A_80_A_rep2.pdb
-87.143,-3.099,-1276.071,12.351,-714.88,-0.618,492.484,18.57,relaxed_ortho_3_A_30_K_rep3.pdb
-81.07,2.974,-1290.686,-2.264,-713.508,0.753,470.365,-3.549,relaxed_ortho_3_A_33_S_rep1.pdb
-84.122,-0.078,-1284.809,3.612,-714.218,0.044,490.23,16.316,relaxed_ortho_3_A_24_R_rep2.pdb
-83.123,0.922,-1285.78,2.642,-713.535,0.727,480.093,6.179,relaxed_ortho_3_A_85_Q_rep4.pdb
-85.624,-1.579,-1283.06,5.362,-713.911,0.351,480.749,6.835,relaxed_ortho_3_A_78_P_rep4.pdb
-82.728,1.316,-1284.204,4.218,-715.288,-1.026,478.013,4.099,relaxed_ortho_3_A_81_C_rep2.pdb
-81.737,2.307,-1285.671,2.751,-714.787,-0.525,473.549,-0.365,relaxed_ortho_3_A_78_D_rep2.pdb
-82.918,1.126,-1284.557,3.865,-713.422,0.84,478.961,5.047,relaxed_ortho_3_B_59_A_rep4.pdb
-85.538,-1.493,-1286.413,2.009,-713.813,0.449,477.418,3.504,relaxed_ortho_3_A_34_G_rep4.pdb
-82.148,1.896,-1287.815,0.607,-713.093,1.169,472.917,-0.997,relaxed_ortho_3_A_73_H_rep1.pdb
-80.875,3.169,-1285.399,3.023,-712.247,2.015,473.888,-0.026,relaxed_ortho_3_B_15_S_rep3.pdb
-83.511,0.534,-1288.385,0.037,-714.565,-0.303,474.119,0.205,relaxed_ortho_3_A_35_S_rep1.pdb
-84.496,-0.452,-1288.475,-0.053,-713.276,0.986,473.476,-0.438,relaxed_ortho_3_A_76_V_rep3.pdb
-84.066,-0.021,-1234.381,54.041,-714.109,0.153,549.239,75.325,relaxed_ortho_3_A_23_P_rep3.pdb
-87.597,-3.552,-1287.77,0.652,-713.632,0.63,487.531,13.617,relaxed_ortho_3_B_56_V_rep5.pdb
-84.442,-0.397,-1261.597,26.825,-712.079,2.183,435.086,-38.828,relaxed_ortho_3_B_14_L_rep4.pdb
-88.603,-4.558,-1290.683,-2.262,-714.033,0.229,473.264,-0.65,relaxed_ortho_3_A_36_A_rep5.pdb
-83.1,0.945,-1286.165,2.257,-713.211,1.051,485.599,11.685,relaxed_ortho_3_B_17_H_rep3.pdb
-83.105,0.939,-1286.04,2.382,-714.128,0.134,473.385,-0.529,relaxed_ortho_3_B_102_A_rep4.pdb
-84.227,-0.183,-1265.043,23.379,-714.218,0.044,495.137,21.223,relaxed_ortho_3_B_11_T_rep3.pdb
-82.716,1.329,-1265.402,23.02,-714.242,0.02,492.659,18.745,relaxed_ortho_3_B_11_L_rep1.pdb
-80.841,3.203,-1284.355,4.067,-711.835,2.427,476.416,2.502,relaxed_ortho_3_B_15_L_rep5.pdb
-82.999,1.046,-1290.953,-2.532,-713.245,1.017,473.145,-0.769,relaxed_ortho_3_B_12_K_rep3.pdb
-83.147,0.897,-1281.05,7.372,-713.756,0.506,484.788,10.875,relaxed_ortho_3_A_25_C_rep4.pdb
-83.505,0.54,-1283.569,4.853,-713.779,0.483,475.917,2.003,relaxed_ortho_3_A_37_I_rep5.pdb
-77.826,6.218,-1285.76,2.661,-715.443,-1.181,472.389,-1.524,relaxed_ortho_3_A_35_N_rep2.pdb
-83.864,0.181,-1280.818,7.603,-714.55,-0.288,484.188,10.274,relaxed_ortho_3_A_25_M_rep1.pdb
-84.364,-0.319,-1284.9,3.522,-714.237,0.025,479.154,5.24,relaxed_ortho_3_A_26_G_rep1.pdb
-81.537,2.508,-1287.094,1.328,-713.193,1.069,472.248,-1.666,relaxed_ortho_3_A_73_N_rep3.pdb
-82.97,1.075,-1287.529,0.893,-713.438,0.824,477.546,3.632,relaxed_ortho_3_A_71_T_rep3.pdb
-80.751,3.293,-1284.382,4.04,-713.782,0.48,475.409,1.495,relaxed_ortho_3_A_35_G_rep1.pdb
-82.721,1.324,-1285.101,3.32,-713.452,0.81,479.247,5.333,relaxed_ortho_3_A_32_A_rep1.pdb
-83.449,0.596,-1288.126,0.295,-713.942,0.32,471.9,-2.014,relaxed_ortho_3_B_54_Q_rep2.pdb
-81.218,2.826,-1284.156,4.265,-713.695,0.567,479.897,5.983,relaxed_ortho_3_B_57_G_rep1.pdb
-83.89,0.154,-1277.692,10.73,-714.517,-0.255,482.171,8.257,relaxed_ortho_3_A_72_N_rep1.pdb
-81.057,2.987,-1282.616,5.806,-712.569,1.693,469.313,-4.601,relaxed_ortho_3_B_55_Q_rep3.pdb
-82.626,1.418,-1283.81,4.612,-714.311,-0.049,478.944,5.03,relaxed_ortho_3_A_27_D_rep4.pdb
-82.953,1.091,-1284.468,3.954,-713.554,0.708,479.171,5.257,relaxed_ortho_3_B_100_N_rep3.pdb
-88.063,-4.018,-1286.063,2.359,-713.657,0.605,480.711,6.797,relaxed_ortho_3_A_36_Y_rep5.pdb
-83.3,0.744,-1284.586,3.835,-712.938,1.324,479.168,5.254,relaxed_ortho_3_A_32_H_rep5.pdb
-88.505,-4.461,-1290.538,-2.116,-713.765,0.497,474.986,1.072,relaxed_ortho_3_A_36_A_rep1.pdb
-82.272,1.773,-1284.227,4.194,-713.583,0.679,478.671,4.757,relaxed_ortho_3_A_82_S_rep5.pdb
-82.442,1.603,-1259.463,28.959,-713.286,0.976,381.561,-92.353,relaxed_ortho_3_A_22_H_rep4.pdb
-82.906,1.138,-1283.402,5.02,-713.594,0.668,482.263,8.349,relaxed_ortho_3_A_85_C_rep5.pdb
-79.879,4.165,-1280.86,7.562,-713.327,0.935,485.352,11.438,relaxed_ortho_3_A_40_C_rep2.pdb
-79.587,4.457,-1286.714,1.708,-712.606,1.656,472.074,-1.84,relaxed_ortho_3_A_40_Y_rep5.pdb
-83.264,0.781,-1288.257,0.165,-714.46,-0.198,474.41,0.496,relaxed_ortho_3_B_56_R_rep3.pdb
-82.565,1.479,-1284.565,3.857,-713.45,0.812,477.119,3.205,relaxed_ortho_3_B_58_A_rep3.pdb
-85.605,-1.56,-1286.264,2.158,-714.17,0.092,479.663,5.749,relaxed_ortho_3_B_98_H_rep5.pdb
-82.147,1.898,-1284.805,3.617,-712.179,2.083,477.076,3.162,relaxed_ortho_3_A_36_R_rep4.pdb
-83.051,0.993,-1288.795,-0.374,-713.611,0.651,474.633,0.72,relaxed_ortho_3_B_101_T_rep1.pdb
-82.961,1.084,-1290.162,-1.74,-713.541,0.721,473.154,-0.76,relaxed_ortho_3_A_28_S_rep5.pdb
-81.633,2.412,-1286.334,2.088,-713.68,0.582,477.657,3.744,relaxed_ortho_3_A_82_T_rep3.pdb
-83.006,1.038,-1288.769,-0.347,-713.554,0.708,476.508,2.594,relaxed_ortho_3_A_83_I_rep2.pdb
-84.088,-0.044,-1285.36,3.062,-714.368,-0.106,477.567,3.653,relaxed_ortho_3_A_29_S_rep4.pdb
-83.041,1.004,-1288.584,-0.163,-713.329,0.933,474.11,0.196,relaxed_ortho_3_A_77_I_rep5.pdb
-80.117,3.927,-1284.714,3.708,-713.289,0.973,474.481,0.567,relaxed_ortho_3_A_80_D_rep3.pdb
-82.759,1.286,-1287.382,1.039,-713.163,1.099,476.438,2.524,relaxed_ortho_3_B_100_M_rep3.pdb
-82.957,1.087,-1286.502,1.92,-713.512,0.75,477.559,3.645,relaxed_ortho_3_A_86_H_rep1.pdb
-86.715,-2.671,-1278.167,10.255,-714.415,-0.153,488.637,14.723,relaxed_ortho_3_A_31_G_rep2.pdb
-82.926,1.119,-1286.103,2.319,-713.255,1.007,478.558,4.644,relaxed_ortho_3_A_83_T_rep4.pdb
-82.942,1.103,-1288.587,-0.166,-713.395,0.867,474.684,0.77,relaxed_ortho_3_A_24_E_rep1.pdb
-82.712,1.333,-1287.072,1.349,-713.318,0.944,474.369,0.455,relaxed_ortho_3_B_102_L_rep3.pdb
-81.12,2.924,-1239.071,49.35,-713.607,0.655,202.675,-271.239,relaxed_ortho_3_B_14_I_rep2.pdb
-83.022,1.022,-1284.389,4.033,-713.504,0.758,479.209,5.295,relaxed_ortho_3_A_71_G_rep1.pdb
-86.681,-2.637,-1286.195,2.226,-714.108,0.154,478.744,4.83,relaxed_ortho_3_B_54_V_rep5.pdb
-84.313,-0.268,-1284.615,3.806,-714.189,0.073,479.901,5.987,relaxed_ortho_3_A_87_Q_rep2.pdb
-81.742,2.302,-1286.207,2.215,-713.191,1.071,482.099,8.185,relaxed_ortho_3_B_54_H_rep3.pdb
-83.025,1.019,-1287.511,0.911,-714.45,-0.188,473.429,-0.485,relaxed_ortho_3_B_101_A_rep1.pdb
-83.909,0.136,-1287.816,0.606,-713.602,0.66,477.075,3.161,relaxed_ortho_3_A_76_Q_rep2.pdb
-83.005,1.04,-1284.122,4.3,-713.218,1.044,480.61,6.696,relaxed_ortho_3_A_71_G_rep5.pdb
-82.858,1.187,-1288.878,-0.456,-713.296,0.966,475.029,1.115,relaxed_ortho_3_B_59_E_rep2.pdb
-79.987,4.058,-1280.945,7.476,-713.645,0.617,481.588,7.674,relaxed_ortho_3_A_28_Y_rep4.pdb
-83.973,0.071,-1283.446,4.976,-714.306,-0.044,480.02,6.106,relaxed_ortho_3_A_29_R_rep1.pdb
-80.464,3.581,-1284.064,4.357,-712.292,1.97,474.497,0.584,relaxed_ortho_3_B_15_V_rep4.pdb
-77.638,6.406,-1282.364,6.058,-712.407,1.855,475.777,1.863,relaxed_ortho_3_A_40_R_rep3.pdb
-91.965,-7.92,-1280.425,7.997,-714.494,-0.232,488.781,14.867,relaxed_ortho_3_A_31_M_rep1.pdb
-83.775,0.269,-1287.201,1.221,-714.13,0.132,475.442,1.529,relaxed_ortho_3_B_98_C_rep2.pdb
-82.775,1.27,-1286.863,1.558,-714.536,-0.274,475.922,2.008,relaxed_ortho_3_A_71_K_rep5.pdb
-81.869,2.175,-1284.561,3.861,-713.492,0.77,482.116,8.202,relaxed_ortho_3_B_54_R_rep5.pdb
-89.941,-5.897,-1291.717,-3.296,-714.38,-0.118,471.531,-2.383,relaxed_ortho_3_A_34_L_rep1.pdb
-83.008,1.037,-1288.696,-0.275,-713.327,0.935,473.52,-0.394,relaxed_ortho_3_A_25_I_rep1.pdb
-83.06,0.984,-1286.701,1.721,-713.712,0.55,479.388,5.474,relaxed_ortho_3_A_21_D_rep2.pdb
-82.827,1.218,-1279.325,9.097,-711.974,2.288,483.123,9.209,relaxed_ortho_3_A_75_F_rep5.pdb
-83.606,0.439,-1287.285,1.137,-714.352,-0.09,475.495,1.582,relaxed_ortho_3_A_32_N_rep3.pdb
-81.238,2.807,-1287.912,0.509,-714.337,-0.075,472.255,-1.659,relaxed_ortho_3_B_55_H_rep2.pdb
-84.273,-0.229,-1288.066,0.356,-713.505,0.757,469.496,-4.418,relaxed_ortho_3_A_26_E_rep3.pdb
-83.606,0.439,-1287.285,1.137,-714.352,-0.09,475.495,1.582,relaxed_ortho_3_A_32_N_rep4.pdb
-82.64,1.405,-1277.43,10.992,-713.703,0.559,487.07,13.156,relaxed_ortho_3_A_30_G_rep4.pdb
-82.95,1.094,-1288.531,-0.109,-713.346,0.916,473.935,0.021,relaxed_ortho_3_B_101_T_rep4.pdb
-82.985,1.06,-1271.986,16.436,-714.785,-0.523,489.162,15.248,relaxed_ortho_3_A_80_I_rep5.pdb
-83.082,0.963,-1276.819,11.603,-713.191,1.071,480.313,6.399,relaxed_ortho_3_A_75_W_rep5.pdb
-82.218,1.827,-1285.755,2.667,-713.775,0.487,479.148,5.234,relaxed_ortho_3_B_54_T_rep2.pdb
-79.963,4.082,-1282.924,5.498,-713.014,1.248,481.308,7.395,relaxed_ortho_3_B_58_Q_rep3.pdb
-84.736,-0.691,-1257.827,30.595,-713.209,1.053,509.415,35.501,relaxed_ortho_3_A_29_P_rep3.pdb
-82.975,1.07,-1271.803,16.619,-714.86,-0.598,488.995,15.081,relaxed_ortho_3_A_80_I_rep3.pdb
-82.986,1.059,-1275.272,13.15,-714.452,-0.19,496.423,22.509,relaxed_ortho_3_A_41_N_rep1.pdb
-80.123,3.921,-1279.711,8.71,-714.391,-0.129,482.98,9.067,relaxed_ortho_3_A_82_E_rep1.pdb
-83.937,0.108,-1287.534,0.887,-714.317,-0.055,485.72,11.806,relaxed_ortho_3_B_56_A_rep4.pdb
-82.979,1.066,-1262.982,25.44,-712.921,1.341,504.914,31.0,relaxed_ortho_3_A_41_I_rep3.pdb
-82.889,1.156,-1287.95,0.471,-714.166,0.096,475.146,1.233,relaxed_ortho_3_A_24_E_rep3.pdb
-83.014,1.03,-1287.357,1.065,-713.238,1.024,475.055,1.141,relaxed_ortho_3_A_86_V_rep5.pdb
-80.869,3.175,-1283.912,4.51,-714.364,-0.102,474.303,0.389,relaxed_ortho_3_A_84_H_rep5.pdb
-82.328,1.716,-1276.867,11.555,-713.513,0.749,487.252,13.339,relaxed_ortho_3_A_39_G_rep1.pdb
-84.791,-0.746,-1246.932,41.489,-711.93,2.332,519.791,45.877,relaxed_ortho_3_B_14_K_rep2.pdb
-84.848,-0.803,-1248.881,39.54,-713.811,0.451,502.274,28.36,relaxed_ortho_3_A_72_F_rep1.pdb
-84.385,-0.341,-1284.348,4.074,-714.165,0.096,478.52,4.606,relaxed_ortho_3_A_83_N_rep2.pdb
-87.721,-3.677,-1253.487,34.935,-713.914,0.348,470.613,-3.301,relaxed_ortho_3_A_39_R_rep2.pdb
-83.288,0.756,-1266.144,22.278,-714.25,0.012,479.212,5.298,relaxed_ortho_3_A_72_L_rep2.pdb
-72.938,11.107,-1270.921,17.501,-712.542,1.72,485.184,11.27,relaxed_ortho_3_A_75_K_rep1.pdb
-81.844,2.201,-1282.976,5.446,-712.592,1.67,479.468,5.554,relaxed_ortho_3_A_32_F_rep4.pdb
-85.239,-1.195,-1260.724,27.697,-711.417,2.845,505.164,31.251,relaxed_ortho_3_B_14_Q_rep4.pdb
-83.832,0.212,-1281.661,6.761,-714.369,-0.108,479.023,5.109,relaxed_ortho_3_A_22_P_rep5.pdb
-84.787,-0.743,-1284.512,3.91,-714.459,-0.197,488.189,14.275,relaxed_ortho_3_A_24_D_rep5.pdb
-80.341,3.703,-1281.414,7.008,-714.343,-0.081,478.682,4.768,relaxed_ortho_3_A_77_Q_rep3.pdb
-82.376,1.669,-1284.429,3.993,-714.255,0.007,474.868,0.954,relaxed_ortho_3_B_55_C_rep3.pdb
-84.244,-0.2,-1262.572,25.85,-714.241,0.021,494.022,20.108,relaxed_ortho_3_B_11_E_rep1.pdb
-82.251,1.793,-1283.632,4.789,-714.293,-0.031,476.864,2.95,relaxed_ortho_3_A_27_S_rep5.pdb
-83.736,0.308,-1287.407,1.014,-713.412,0.85,484.025,10.112,relaxed_ortho_3_B_17_Q_rep4.pdb
-80.129,3.916,-1279.961,8.46,-714.331,-0.069,481.886,7.972,relaxed_ortho_3_A_82_E_rep3.pdb
-83.531,0.514,-1282.284,6.137,-714.563,-0.301,481.269,7.355,relaxed_ortho_3_A_27_G_rep4.pdb
-82.887,1.158,-1287.509,0.912,-713.26,1.002,477.906,3.992,relaxed_ortho_3_A_21_W_rep4.pdb
-83.039,1.006,-1288.657,-0.235,-713.314,0.948,473.871,-0.043,relaxed_ortho_3_A_71_Q_rep4.pdb
-82.181,1.864,-1288.679,-0.257,-713.258,1.004,471.843,-2.071,relaxed_ortho_3_B_101_S_rep5.pdb
-85.991,-1.947,-1292.372,-3.95,-713.847,0.415,475.555,1.641,relaxed_ortho_3_A_28_D_rep4.pdb
-83.208,0.836,-1286.853,1.568,-713.148,1.114,477.063,3.149,relaxed_ortho_3_A_32_L_rep5.pdb
-83.85,0.195,-1288.057,0.365,-714.415,-0.153,473.699,-0.214,relaxed_ortho_3_A_34_N_rep1.pdb
-86.761,-2.716,-1290.448,-2.026,-713.899,0.363,473.663,-0.251,relaxed_ortho_3_A_34_Q_rep2.pdb
-82.956,1.089,-1281.543,6.879,-713.468,0.794,484.667,10.754,relaxed_ortho_3_A_30_M_rep5.pdb
-83.6,0.445,-1281.737,6.685,-713.682,0.58,479.003,5.089,relaxed_ortho_3_A_37_V_rep4.pdb
-82.844,1.2,-1272.711,15.711,-714.825,-0.563,489.121,15.208,relaxed_ortho_3_A_79_V_rep2.pdb
-82.354,1.69,-1285.374,3.048,-714.027,0.235,477.37,3.456,relaxed_ortho_3_A_76_Y_rep1.pdb
-85.404,-1.359,-1287.371,1.05,-711.356,2.906,479.297,5.383,relaxed_ortho_3_B_17_G_rep1.pdb
-85.187,-1.143,-1278.837,9.585,-714.351,-0.089,483.175,9.262,relaxed_ortho_3_A_87_H_rep4.pdb
-79.998,4.046,-1285.873,2.549,-712.774,1.488,467.351,-6.563,relaxed_ortho_3_A_40_Y_rep2.pdb
-83.525,0.52,-1288.325,0.096,-714.658,-0.396,474.084,0.17,relaxed_ortho_3_A_35_S_rep5.pdb
-79.924,4.12,-1280.976,7.446,-713.215,1.047,481.916,8.002,relaxed_ortho_3_A_28_Y_rep5.pdb
-87.24,-3.196,-1284.421,4.001,-714.43,-0.168,482.61,8.697,relaxed_ortho_3_A_31_N_rep3.pdb
-82.005,2.039,-1285.736,2.686,-714.23,0.032,474.174,0.26,relaxed_ortho_3_A_73_A_rep5.pdb
-81.221,2.823,-1282.489,5.933,-713.497,0.765,480.545,6.631,relaxed_ortho_3_A_81_W_rep1.pdb
-85.203,-1.158,-1287.873,0.548,-713.238,1.024,488.003,14.089,relaxed_ortho_3_B_56_F_rep4.pdb
-83.013,1.032,-1286.492,1.93,-713.266,0.996,477.339,3.425,relaxed_ortho_3_A_25_V_rep1.pdb
-83.775,0.27,-1285.699,2.723,-714.448,-0.186,476.609,2.695,relaxed_ortho_3_A_29_Y_rep2.pdb
-83.029,1.016,-1288.517,-0.095,-713.308,0.954,475.076,1.162,relaxed_ortho_3_A_23_F_rep3.pdb
-83.88,0.165,-1284.873,3.549,-714.48,-0.218,478.693,4.779,relaxed_ortho_3_A_27_P_rep2.pdb
-80.064,3.981,-1286.693,1.729,-715.075,-0.813,472.673,-1.241,relaxed_ortho_3_A_80_G_rep3.pdb
-82.983,1.062,-1285.747,2.674,-713.269,0.993,476.293,2.379,relaxed_ortho_3_A_86_C_rep1.pdb
-82.66,1.385,-1286.313,2.109,-714.06,0.202,476.453,2.539,relaxed_ortho_3_A_76_F_rep4.pdb
-82.718,1.327,-1287.698,0.724,-714.81,-0.548,473.049,-0.864,relaxed_ortho_3_A_33_C_rep3.pdb
-82.41,1.634,-1286.178,2.244,-713.476,0.786,475.708,1.794,relaxed_ortho_3_B_58_T_rep2.pdb
-87.662,-3.617,-1281.062,7.359,-713.939,0.323,481.827,7.913,relaxed_ortho_3_A_37_E_rep4.pdb
-82.538,1.507,-1286.701,1.721,-713.365,0.897,473.219,-0.695,relaxed_ortho_3_B_13_R_rep1.pdb
-84.74,-0.696,-1287.617,0.805,-714.004,0.258,475.892,1.978,relaxed_ortho_3_A_27_M_rep3.pdb
-83.233,0.811,-1286.871,1.551,-713.291,0.971,477.901,3.987,relaxed_ortho_3_B_98_M_rep3.pdb
-84.494,-0.449,-1284.28,4.142,-714.139,0.123,479.364,5.45,relaxed_ortho_3_A_76_K_rep5.pdb
-81.316,2.729,-1284.796,3.626,-713.217,1.045,475.819,1.905,relaxed_ortho_3_B_15_Q_rep2.pdb
-78.608,5.436,-1275.711,12.711,-714.939,-0.678,481.745,7.831,relaxed_ortho_3_A_77_G_rep3.pdb
-81.014,3.03,-1287.098,1.324,-713.69,0.572,472.981,-0.933,relaxed_ortho_3_B_55_A_rep4.pdb
-82.497,1.547,-1280.65,7.772,-714.311,-0.049,482.431,8.517,relaxed_ortho_3_B_59_G_rep3.pdb
-80.899,3.146,-1282.066,6.356,-713.605,0.657,478.25,4.336,relaxed_ortho_3_A_82_N_rep3.pdb
-84.12,-0.075,-1287.525,0.897,-714.562,-0.3,477.162,3.248,relaxed_ortho_3_A_36_F_rep1.pdb
-83.413,0.632,-1271.065,17.356,-713.728,0.534,438.05,-35.864,relaxed_ortho_3_B_14_T_rep3.pdb
-83.93,0.114,-1286.583,1.838,-713.514,0.748,472.836,-1.078,relaxed_ortho_3_A_36_C_rep2.pdb
-83.468,0.576,-1285.591,2.831,-714.439,-0.177,474.594,0.68,relaxed_ortho_3_B_13_N_rep4.pdb
-76.847,7.197,-1273.467,14.954,-712.016,2.246,461.226,-12.688,relaxed_ortho_3_B_13_Y_rep1.pdb
-81.572,2.472,-1280.965,7.457,-713.458,0.804,480.833,6.919,relaxed_ortho_3_A_82_G_rep5.pdb
-85.453,-1.409,-1288.643,-0.221,-711.352,2.91,482.72,8.806,relaxed_ortho_3_B_17_T_rep4.pdb
-75.959,8.085,-1277.236,11.186,-714.31,-0.048,482.569,8.655,relaxed_ortho_3_A_77_K_rep1.pdb
-86.62,-2.576,-1284.607,3.814,-713.504,0.758,479.673,5.759,relaxed_ortho_3_A_26_C_rep3.pdb
-83.047,0.998,-1288.508,-0.086,-713.17,1.092,475.816,1.902,relaxed_ortho_3_A_26_S_rep5.pdb
-86.535,-2.49,-1275.584,12.838,-714.052,0.21,488.718,14.804,relaxed_ortho_3_A_30_R_rep5.pdb
-83.015,1.03,-1288.286,0.135,-713.139,1.123,475.238,1.324,relaxed_ortho_3_A_32_Q_rep1.pdb
-84.75,-0.706,-1283.08,5.342,-711.435,2.827,483.941,10.027,relaxed_ortho_3_A_22_I_rep3.pdb
-82.969,1.076,-1287.625,0.797,-713.511,0.751,476.116,2.203,relaxed_ortho_3_A_82_V_rep5.pdb
-85.868,-1.823,-1278.762,9.66,-714.013,0.249,486.024,12.11,relaxed_ortho_3_A_26_I_rep4.pdb
-83.729,0.316,-1281.899,6.523,-714.387,-0.125,462.929,-10.985,relaxed_ortho_3_A_22_N_rep5.pdb
-87.588,-3.544,-1277.562,10.86,-714.456,-0.194,490.982,17.068,relaxed_ortho_3_A_31_W_rep5.pdb
-84.133,-0.088,-1271.916,16.506,-713.967,0.295,494.991,21.077,relaxed_ortho_3_A_41_D_rep1.pdb
-82.85,1.194,-1281.942,6.479,-713.62,0.642,482.489,8.575,relaxed_ortho_3_A_85_G_rep2.pdb
-82.071,1.974,-1286.363,2.059,-713.547,0.715,474.357,0.444,relaxed_ortho_3_B_101_G_rep1.pdb
-85.586,-1.541,-1289.077,-0.655,-712.393,1.869,471.953,-1.96,relaxed_ortho_3_A_36_T_rep2.pdb
-82.7,1.344,-1278.374,10.047,-714.335,-0.073,484.783,10.869,relaxed_ortho_3_A_25_D_rep2.pdb
-83.073,0.971,-1283.406,5.016,-713.293,0.969,479.171,5.258,relaxed_ortho_3_A_21_L_rep4.pdb
-84.435,-0.39,-1289.911,-1.489,-714.66,-0.398,472.107,-1.807,relaxed_ortho_3_A_79_K_rep5.pdb
-82.702,1.343,-1272.709,15.713,-713.778,0.484,490.123,16.209,relaxed_ortho_3_A_39_E_rep3.pdb
-81.716,2.328,-1287.153,1.269,-713.788,0.474,472.854,-1.06,relaxed_ortho_3_A_79_A_rep4.pdb
-86.452,-2.407,-1281.517,6.905,-713.756,0.506,478.63,4.716,relaxed_ortho_3_A_37_Q_rep2.pdb
-86.335,-2.29,-1286.224,2.198,-713.6,0.662,477.525,3.611,relaxed_ortho_3_A_26_A_rep4.pdb
-84.825,-0.781,-1285.154,3.267,-712.948,1.314,481.327,7.413,relaxed_ortho_3_B_100_W_rep1.pdb
-83.575,0.469,-1283.743,4.679,-714.363,-0.101,480.295,6.381,relaxed_ortho_3_A_76_N_rep4.pdb
-83.29,0.755,-1285.469,2.953,-714.297,-0.035,475.332,1.418,relaxed_ortho_3_B_57_A_rep4.pdb
-81.209,2.835,-1283.506,4.915,-712.14,2.122,479.427,5.513,relaxed_ortho_3_B_15_C_rep5.pdb
-82.991,1.054,-1279.791,8.63,-713.336,0.926,479.404,5.491,relaxed_ortho_3_A_22_G_rep2.pdb
-83.206,0.838,-1280.012,8.409,-713.346,0.916,479.146,5.232,relaxed_ortho_3_A_41_V_rep3.pdb
-85.92,-1.875,-1281.745,6.677,-714.21,0.052,481.44,7.526,relaxed_ortho_3_A_29_I_rep3.pdb
-87.143,-3.099,-1283.565,4.857,-713.593,0.669,478.165,4.251,relaxed_ortho_3_A_37_G_rep4.pdb
-82.894,1.15,-1223.852,64.57,-714.326,-0.064,534.976,61.062,relaxed_ortho_3_B_11_M_rep5.pdb
-83.114,0.931,-1288.712,-0.29,-713.567,0.695,475.812,1.898,relaxed_ortho_3_A_28_T_rep4.pdb
-83.799,0.246,-1258.566,29.856,-713.98,0.282,399.283,-74.631,relaxed_ortho_3_A_22_H_rep5.pdb
-84.068,-0.024,-1288.624,-0.202,-715.475,-1.213,476.283,2.369,relaxed_ortho_3_A_35_C_rep4.pdb
-82.388,1.656,-1280.579,7.843,-713.878,0.384,480.247,6.333,relaxed_ortho_3_B_58_G_rep5.pdb
-78.08,5.964,-1279.168,9.254,-714.512,-0.25,477.808,3.894,relaxed_ortho_3_A_84_A_rep4.pdb
-77.955,6.089,-1259.289,29.133,-711.777,2.485,501.828,27.914,relaxed_ortho_3_A_75_P_rep1.pdb
-84.512,-0.467,-1284.256,4.166,-714.117,0.145,478.792,4.879,relaxed_ortho_3_A_83_N_rep3.pdb
-83.076,0.969,-1288.68,-0.258,-713.463,0.799,474.438,0.524,relaxed_ortho_3_A_36_N_rep2.pdb
-82.401,1.643,-1281.674,6.747,-713.61,0.652,484.027,10.113,relaxed_ortho_3_A_30_A_rep3.pdb
-82.326,1.718,-1285.518,2.904,-713.579,0.683,478.422,4.509,relaxed_ortho_3_B_102_D_rep1.pdb
-84.928,-0.884,-1285.032,3.39,-714.428,-0.166,479.875,5.961,relaxed_ortho_3_A_74_T_rep3.pdb
-81.574,2.47,-1285.517,2.905,-714.368,-0.106,478.277,4.363,relaxed_ortho_3_A_34_D_rep4.pdb
-85.403,-1.359,-1286.156,2.266,-713.429,0.833,476.628,2.715,relaxed_ortho_3_A_33_I_rep5.pdb
-92.243,-8.199,-1280.587,7.834,-714.341,-0.079,489.681,15.767,relaxed_ortho_3_A_31_M_rep2.pdb
-82.064,1.981,-1286.603,1.819,-713.397,0.865,475.703,1.789,relaxed_ortho_3_B_102_K_rep1.pdb
-82.951,1.093,-1288.65,-0.228,-714.36,-0.098,474.561,0.647,relaxed_ortho_3_A_71_E_rep4.pdb
-80.643,3.401,-1281.463,6.958,-713.672,0.59,479.106,5.192,relaxed_ortho_3_A_84_M_rep2.pdb
-85.621,-1.576,-1289.176,-0.755,-714.146,0.116,477.196,3.282,relaxed_ortho_3_A_26_E_rep1.pdb
-80.613,3.432,-1283.701,4.721,-714.626,-0.364,476.639,2.726,relaxed_ortho_3_A_77_T_rep2.pdb
-84.136,-0.092,-1280.57,7.852,-713.62,0.642,481.744,7.83,relaxed_ortho_3_A_37_D_rep1.pdb
-82.897,1.147,-1287.824,0.597,-713.023,1.239,473.721,-0.193,relaxed_ortho_3_B_102_I_rep4.pdb
-82.628,1.417,-1284.859,3.563,-713.616,0.646,479.055,5.141,relaxed_ortho_3_B_101_F_rep3.pdb
-82.928,1.117,-1286.217,2.205,-711.511,2.751,460.375,-13.539,relaxed_ortho_3_B_55_V_rep3.pdb
-81.876,2.169,-1274.143,14.279,-713.96,0.302,486.943,13.029,relaxed_ortho_3_A_79_I_rep2.pdb
-83.826,0.218,-1285.108,3.313,-712.983,1.279,479.542,5.628,relaxed_ortho_3_B_98_L_rep5.pdb
-83.992,0.052,-1267.159,21.262,-714.265,-0.003,497.987,24.073,relaxed_ortho_3_B_11_C_rep4.pdb
-89.371,-5.327,-1285.729,2.692,-712.554,1.708,482.284,8.37,relaxed_ortho_3_A_32_Y_rep5.pdb
-85.61,-1.566,-1289.498,-1.076,-713.209,1.053,472.478,-1.436,relaxed_ortho_3_B_54_L_rep4.pdb
-86.559,-2.514,-1291.034,-2.613,-712.397,1.865,482.11,8.196,relaxed_ortho_3_B_17_D_rep2.pdb
-83.105,0.94,-1284.503,3.919,-713.463,0.799,479.444,5.53,relaxed_ortho_3_A_83_M_rep2.pdb
-85.302,-1.257,-1286.373,2.049,-714.412,-0.15,479.907,5.994,relaxed_ortho_3_A_74_V_rep2.pdb
-83.053,0.992,-1287.776,0.645,-713.565,0.697,476.766,2.853,relaxed_ortho_3_A_86_I_rep1.pdb
-82.209,1.836,-1280.47,7.952,-713.571,0.691,478.247,4.334,relaxed_ortho_3_A_82_D_rep2.pdb
-88.29,-4.245,-1278.015,10.407,-713.66,0.602,489.694,15.78,relaxed_ortho_3_A_30_Y_rep3.pdb
-82.667,1.377,-1284.616,3.805,-713.403,0.859,481.008,7.094,relaxed_ortho_3_B_100_G_rep3.pdb
-85.733,-1.688,-1285.247,3.175,-714.156,0.106,479.817,5.903,relaxed_ortho_3_B_58_I_rep2.pdb
-82.881,1.163,-1286.643,1.779,-713.324,0.938,476.812,2.898,relaxed_ortho_3_A_71_I_rep2.pdb
-82.39,1.654,-1279.236,9.186,-714.173,0.089,482.173,8.26,relaxed_ortho_3_B_59_Y_rep5.pdb
-82.898,1.146,-1288.614,-0.192,-713.281,0.981,473.111,-0.802,relaxed_ortho_3_B_101_Q_rep5.pdb
-77.583,6.462,-1288.23,0.191,-716.244,-1.982,466.27,-7.644,relaxed_ortho_3_A_35_K_rep5.pdb
-83.859,0.186,-1282.254,6.167,-714.109,0.153,478.906,4.992,relaxed_ortho_3_A_23_R_rep3.pdb
-74.091,9.954,-1280.779,7.642,-713.618,0.644,471.805,-2.109,relaxed_ortho_3_A_38_E_rep3.pdb
-83.353,0.691,-1289.391,-0.969,-713.612,0.65,477.704,3.79,relaxed_ortho_3_B_13_L_rep2.pdb
-83.237,0.807,-1281.214,7.208,-713.44,0.822,486.859,12.945,relaxed_ortho_3_A_41_T_rep5.pdb
-82.355,1.689,-1286.068,2.354,-713.43,0.832,477.47,3.556,relaxed_ortho_3_B_58_T_rep1.pdb
-80.452,3.592,-1283.979,4.442,-713.028,1.234,478.843,4.93,relaxed_ortho_3_B_15_I_rep2.pdb
-83.245,0.799,-1287.078,1.344,-713.483,0.779,477.654,3.74,relaxed_ortho_3_A_32_T_rep2.pdb
-83.501,0.543,-1282.022,6.399,-714.555,-0.293,467.39,-6.524,relaxed_ortho_3_B_13_D_rep2.pdb
-83.415,0.629,-1261.246,27.175,-714.295,-0.033,428.614,-45.3,relaxed_ortho_3_A_23_V_rep2.pdb
-85.374,-1.33,-1176.569,111.853,-711.552,2.71,579.589,105.675,relaxed_ortho_3_B_11_R_rep2.pdb
-82.199,1.846,-1287.297,1.125,-713.536,0.726,485.871,11.957,relaxed_ortho_3_B_56_S_rep3.pdb
-84.219,-0.174,-1288.318,0.104,-713.303,0.959,478.791,4.877,relaxed_ortho_3_B_57_L_rep5.pdb
-82.514,1.531,-1284.091,4.331,-714.606,-0.344,482.808,8.894,relaxed_ortho_3_A_71_W_rep3.pdb
-81.95,2.095,-1287.486,0.935,-713.402,0.86,476.701,2.788,relaxed_ortho_3_B_101_N_rep4.pdb
-81.86,2.185,-1284.38,4.042,-713.398,0.864,482.512,8.598,relaxed_ortho_3_B_54_R_rep4.pdb
-84.159,-0.115,-1288.319,0.102,-713.348,0.914,476.109,2.195,relaxed_ortho_3_B_57_L_rep1.pdb
-82.993,1.052,-1286.817,1.605,-713.525,0.737,478.132,4.218,relaxed_ortho_3_A_21_D_rep1.pdb
-83.829,0.216,-1284.516,3.906,-714.21,0.052,479.846,5.932,relaxed_ortho_3_A_21_K_rep4.pdb
-84.237,-0.192,-1286.661,1.761,-714.128,0.134,475.651,1.738,relaxed_ortho_3_B_57_V_rep4.pdb
-83.184,0.861,-1275.367,13.055,-714.101,0.161,486.556,12.642,relaxed_ortho_3_B_57_P_rep2.pdb
-83.719,0.326,-1269.628,18.794,-711.003,3.259,267.207,-206.707,relaxed_ortho_3_B_14_P_rep2.pdb
-83.859,0.186,-1284.677,3.745,-714.366,-0.104,480.722,6.808,relaxed_ortho_3_A_71_F_rep3.pdb
-84.083,-0.038,-1288.192,0.23,-714.302,-0.04,473.697,-0.217,relaxed_ortho_3_B_98_T_rep3.pdb
-86.592,-2.547,-1286.476,1.945,-713.063,1.199,472.482,-1.432,relaxed_ortho_3_A_35_P_rep1.pdb
-80.824,3.221,-1272.253,16.169,-712.63,1.632,394.423,-79.49,relaxed_ortho_3_A_41_F_rep4.pdb
-81.831,2.214,-1286.431,1.991,-714.559,-0.297,475.419,1.505,relaxed_ortho_3_A_81_E_rep2.pdb
-82.249,1.796,-1280.224,8.198,-714.002,0.26,483.239,9.325,relaxed_ortho_3_A_82_C_rep2.pdb
-81.918,2.126,-1285.714,2.708,-714.283,-0.021,473.647,-0.267,relaxed_ortho_3_A_73_D_rep4.pdb
-87.69,-3.645,-1280.932,7.49,-714.175,0.087,484.671,10.757,relaxed_ortho_3_A_37_N_rep5.pdb
-85.038,-0.994,-1284.189,4.233,-713.966,0.296,482.025,8.111,relaxed_ortho_3_B_102_W_rep1.pdb
-83.88,0.164,-1246.502,41.919,-714.141,0.121,254.813,-219.101,relaxed_ortho_3_A_22_F_rep4.pdb
-84.862,-0.818,-1285.402,3.019,-714.435,-0.173,477.819,3.906,relaxed_ortho_3_A_79_W_rep1.pdb
-83.94,0.104,-1279.23,9.192,-714.31,-0.048,483.671,9.757,relaxed_ortho_3_A_39_D_rep3.pdb
-85.951,-1.906,-1282.901,5.521,-714.004,0.258,483.045,9.131,relaxed_ortho_3_A_37_M_rep4.pdb
-82.427,1.617,-1286.87,1.552,-713.753,0.509,477.359,3.445,relaxed_ortho_3_B_102_T_rep5.pdb
-86.071,-2.026,-1286.516,1.906,-712.514,1.748,490.902,16.988,relaxed_ortho_3_B_56_W_rep1.pdb
-83.151,0.893,-1247.01,41.412,-714.06,0.202,502.641,28.728,relaxed_ortho_3_A_72_Y_rep5.pdb
-84.53,-0.485,-1286.12,2.302,-714.23,0.032,476.489,2.575,relaxed_ortho_3_A_83_Y_rep5.pdb
-82.367,1.677,-1273.022,15.4,-713.76,0.502,488.101,14.187,relaxed_ortho_3_A_37_K_rep4.pdb
-83.17,0.875,-1279.648,8.774,-713.669,0.593,484.905,10.991,relaxed_ortho_3_A_25_E_rep3.pdb
-83.077,0.968,-1287.372,1.05,-713.739,0.523,478.281,4.367,relaxed_ortho_3_A_86_S_rep4.pdb
-83.768,0.276,-1282.203,6.218,-713.972,0.29,483.987,10.073,relaxed_ortho_3_A_82_M_rep2.pdb
-84.539,-0.494,-1285.938,2.484,-714.421,-0.159,475.984,2.07,relaxed_ortho_3_A_24_T_rep5.pdb
-85.08,-1.035,-1284.488,3.934,-714.259,0.003,481.637,7.723,relaxed_ortho_3_B_58_L_rep4.pdb
-80.064,3.981,-1286.693,1.729,-715.075,-0.813,472.673,-1.241,relaxed_ortho_3_A_80_G_rep1.pdb
-82.881,1.164,-1279.595,8.827,-713.565,0.697,484.22,10.307,relaxed_ortho_3_B_59_F_rep4.pdb
-82.11,1.934,-1285.481,2.941,-713.296,0.966,477.038,3.124,relaxed_ortho_3_B_102_D_rep3.pdb
-82.957,1.088,-1283.255,5.167,-713.748,0.513,480.878,6.964,relaxed_ortho_3_B_59_I_rep3.pdb
-83.176,0.869,-1283.168,5.254,-713.209,1.053,480.084,6.17,relaxed_ortho_3_A_83_W_rep3.pdb
-82.926,1.119,-1287.822,0.6,-713.329,0.933,477.006,3.092,relaxed_ortho_3_A_71_A_rep4.pdb
-76.701,7.344,-1282.336,6.086,-714.167,0.095,474.689,0.775,relaxed_ortho_3_A_35_E_rep2.pdb
-85.433,-1.388,-1286.717,1.704,-714.45,-0.189,476.613,2.699,relaxed_ortho_3_B_101_W_rep3.pdb
-82.892,1.152,-1285.098,3.324,-713.785,0.477,479.053,5.139,relaxed_ortho_3_A_85_M_rep1.pdb
-78.846,5.199,-1276.555,11.867,-709.9,4.362,481.51,7.596,relaxed_ortho_3_A_35_W_rep3.pdb
-79.447,4.597,-1282.43,5.992,-714.048,0.214,480.867,6.953,relaxed_ortho_3_B_58_Q_rep1.pdb
-82.663,1.381,-1284.599,3.823,-714.875,-0.614,476.828,2.914,relaxed_ortho_3_B_55_C_rep5.pdb
-81.754,2.291,-1286.055,2.367,-714.564,-0.302,475.423,1.509,relaxed_ortho_3_B_102_A_rep2.pdb
-82.774,1.27,-1287.366,1.056,-713.405,0.857,476.717,2.803,relaxed_ortho_3_B_100_M_rep2.pdb
-80.347,3.697,-1284.773,3.649,-713.482,0.78,474.567,0.654,relaxed_ortho_3_B_15_A_rep5.pdb
-82.902,1.143,-1284.723,3.699,-713.668,0.594,480.153,6.239,relaxed_ortho_3_A_85_A_rep3.pdb
-82.989,1.055,-1288.624,-0.203,-713.354,0.908,475.408,1.494,relaxed_ortho_3_B_59_Q_rep2.pdb
-82.85,1.194,-1281.942,6.479,-713.62,0.642,482.489,8.575,relaxed_ortho_3_A_85_G_rep5.pdb
-82.977,1.068,-1285.38,3.042,-713.325,0.937,477.82,3.906,relaxed_ortho_3_A_29_K_rep1.pdb
-73.648,10.396,-1279.696,8.726,-713.845,0.417,460.008,-13.905,relaxed_ortho_3_A_38_K_rep1.pdb
-83.724,0.321,-1286.156,2.266,-713.698,0.564,475.358,1.444,relaxed_ortho_3_A_80_Y_rep5.pdb
-83.503,0.542,-1286.028,2.393,-714.058,0.204,475.529,1.616,relaxed_ortho_3_B_13_V_rep5.pdb
-81.555,2.489,-1279.21,9.212,-714.392,-0.13,480.072,6.158,relaxed_ortho_3_A_75_D_rep1.pdb
-83.348,0.697,-1284.866,3.555,-713.203,1.059,477.957,4.043,relaxed_ortho_3_A_32_H_rep3.pdb
-85.701,-1.656,-1279.011,9.411,-714.179,0.083,487.49,13.577,relaxed_ortho_3_A_87_W_rep1.pdb
-83.82,0.224,-1284.709,3.713,-714.326,-0.064,479.459,5.546,relaxed_ortho_3_A_21_R_rep3.pdb
-80.198,3.846,-1284.595,3.827,-713.291,0.971,475.151,1.237,relaxed_ortho_3_A_80_D_rep2.pdb
-85.115,-1.07,-1287.099,1.323,-713.119,1.143,463.353,-10.56,relaxed_ortho_3_B_58_F_rep5.pdb
-86.697,-2.652,-1288.332,0.089,-713.318,0.944,477.499,3.585,relaxed_ortho_3_B_58_M_rep5.pdb
-83.048,0.996,-1291.436,-3.015,-713.789,0.473,474.555,0.641,relaxed_ortho_3_B_12_V_rep3.pdb
-83.127,0.917,-1289.039,-0.617,-713.484,0.778,474.922,1.008,relaxed_ortho_3_A_74_K_rep2.pdb
-77.468,6.577,-1282.091,6.331,-714.193,0.069,471.911,-2.003,relaxed_ortho_3_A_84_E_rep2.pdb
-85.267,-1.222,-1287.39,1.032,-714.01,0.252,486.705,12.791,relaxed_ortho_3_B_56_A_rep2.pdb
-84.021,0.023,-1286.371,2.051,-714.44,-0.178,489.706,15.792,relaxed_ortho_3_A_24_V_rep4.pdb
-82.958,1.087,-1277.524,10.898,-713.643,0.619,485.426,11.512,relaxed_ortho_3_A_72_G_rep2.pdb
-81.175,2.87,-1283.474,4.948,-712.179,2.082,477.423,3.509,relaxed_ortho_3_B_15_C_rep4.pdb
-82.429,1.615,-1288.938,-0.516,-713.709,0.553,474.513,0.599,relaxed_ortho_3_A_30_V_rep4.pdb
-80.092,3.953,-1286.799,1.623,-715.105,-0.843,471.605,-2.309,relaxed_ortho_3_A_80_G_rep4.pdb
-83.85,0.195,-1288.057,0.365,-714.415,-0.153,473.699,-0.214,relaxed_ortho_3_A_34_N_rep2.pdb
-84.781,-0.736,-1283.764,4.657,-714.47,-0.208,481.81,7.896,relaxed_ortho_3_A_74_A_rep4.pdb
-77.521,6.523,-1273.859,14.563,-713.051,1.211,443.565,-30.349,relaxed_ortho_3_B_13_W_rep3.pdb
-82.073,1.971,-1286.639,1.783,-713.314,0.948,476.481,2.567,relaxed_ortho_3_B_101_Y_rep4.pdb
-83.099,0.946,-1284.255,4.167,-713.196,1.066,478.2,4.286,relaxed_ortho_3_A_83_M_rep5.pdb
-80.323,3.722,-1281.32,7.102,-714.263,-0.001,478.65,4.736,relaxed_ortho_3_A_77_Q_rep1.pdb
-84.652,-0.608,-1287.891,0.531,-713.185,1.076,487.245,13.331,relaxed_ortho_3_B_54_W_rep4.pdb
-79.156,4.888,-1280.968,7.454,-714.71,-0.448,478.019,4.105,relaxed_ortho_3_A_77_S_rep1.pdb
-77.128,6.917,-1274.279,14.142,-712.193,2.069,457.508,-16.406,relaxed_ortho_3_B_13_F_rep4.pdb
-83.27,0.774,-1289.296,-0.874,-713.324,0.938,473.935,0.021,relaxed_ortho_3_B_101_V_rep2.pdb
-86.896,-2.851,-1287.862,0.56,-713.619,0.643,475.169,1.256,relaxed_ortho_3_A_26_Y_rep4.pdb
-83.905,0.14,-1283.247,5.175,-714.374,-0.112,480.6,6.686,relaxed_ortho_3_A_23_K_rep2.pdb
-86.207,-2.163,-1286.191,2.231,-712.099,2.163,489.826,15.912,relaxed_ortho_3_B_56_W_rep5.pdb
-82.979,1.065,-1288.425,-0.003,-713.237,1.025,473.755,-0.158,relaxed_ortho_3_A_38_L_rep3.pdb
-82.559,1.486,-1286.925,1.497,-712.914,1.348,474.037,0.123,relaxed_ortho_3_B_102_M_rep3.pdb
-89.169,-5.124,-1278.624,9.798,-714.438,-0.176,487.186,13.273,relaxed_ortho_3_A_34_P_rep4.pdb
-85.242,-1.198,-1287.929,0.493,-713.198,1.064,476.408,2.494,relaxed_ortho_3_A_26_K_rep2.pdb
-82.865,1.179,-1285.323,3.099,-713.621,0.641,477.492,3.579,relaxed_ortho_3_A_85_I_rep3.pdb
-82.168,1.876,-1286.27,2.151,-714.797,-0.535,476.252,2.338,relaxed_ortho_3_A_78_S_rep2.pdb
-83.683,0.362,-1289.24,-0.818,-715.093,-0.831,474.203,0.289,relaxed_ortho_3_B_101_H_rep1.pdb
-83.085,0.959,-1277.141,11.281,-713.507,0.755,232.396,-241.518,relaxed_ortho_3_A_22_R_rep2.pdb
-83.065,0.979,-1288.593,-0.172,-713.457,0.805,474.825,0.912,relaxed_ortho_3_A_39_V_rep1.pdb
-84.997,-0.952,-1287.896,0.526,-714.725,-0.464,476.292,2.379,relaxed_ortho_3_A_34_F_rep1.pdb
-82.906,1.138,-1286.926,1.496,-712.757,1.505,485.908,11.994,relaxed_ortho_3_B_54_Y_rep4.pdb
-81.293,2.752,-1282.389,6.032,-715.25,-0.989,479.653,5.739,relaxed_ortho_3_A_77_R_rep1.pdb
-87.161,-3.116,-1288.058,0.364,-713.835,0.427,477.935,4.021,relaxed_ortho_3_A_28_M_rep5.pdb
-84.235,-0.191,-1285.872,2.549,-714.265,-0.003,476.14,2.226,relaxed_ortho_3_A_83_Y_rep2.pdb
-84.021,0.024,-1272.348,16.074,-711.181,3.081,479.037,5.123,relaxed_ortho_3_B_11_F_rep1.pdb
-83.925,0.12,-1285.919,2.502,-714.369,-0.107,477.51,3.596,relaxed_ortho_3_A_29_N_rep2.pdb
-83.835,0.209,-1290.357,-1.935,-714.032,0.23,472.284,-1.629,relaxed_ortho_3_B_12_R_rep1.pdb
-82.667,1.377,-1286.168,2.254,-712.922,1.34,474.062,0.148,relaxed_ortho_3_A_27_E_rep5.pdb
-82.719,1.325,-1285.52,2.901,-714.401,-0.139,475.489,1.575,relaxed_ortho_3_A_81_Y_rep1.pdb
-87.676,-3.631,-1281.282,7.14,-714.191,0.071,485.835,11.921,relaxed_ortho_3_A_31_H_rep3.pdb
-81.605,2.439,-1287.056,1.365,-714.313,-0.051,471.276,-2.638,relaxed_ortho_3_A_33_Q_rep2.pdb
-83.209,0.836,-1272.721,15.701,-713.229,1.033,496.036,22.122,relaxed_ortho_3_A_41_D_rep5.pdb
-82.698,1.346,-1279.715,8.707,-713.084,1.178,475.387,1.473,relaxed_ortho_3_A_84_W_rep2.pdb
-82.17,1.875,-1287.822,0.599,-713.097,1.165,473.974,0.06,relaxed_ortho_3_A_73_H_rep5.pdb
-83.193,0.852,-1278.972,9.45,-713.514,0.748,487.375,13.462,relaxed_ortho_3_A_25_A_rep1.pdb
-83.079,0.965,-1290.397,-1.975,-713.037,1.225,472.772,-1.142,relaxed_ortho_3_A_73_Y_rep4.pdb
-84.092,-0.047,-1286.784,1.637,-714.071,0.191,499.981,26.068,relaxed_ortho_3_A_24_Y_rep1.pdb
-83.937,0.108,-1287.534,0.887,-714.317,-0.055,485.72,11.806,relaxed_ortho_3_B_56_A_rep1.pdb
-82.43,1.614,-1285.529,2.893,-712.999,1.263,478.986,5.072,relaxed_ortho_3_A_36_M_rep3.pdb
-81.887,2.157,-1285.64,2.782,-714.066,0.196,473.181,-0.733,relaxed_ortho_3_A_73_A_rep1.pdb
-82.117,1.928,-1288.102,0.32,-714.196,0.066,470.717,-3.196,relaxed_ortho_3_B_54_E_rep1.pdb
-87.808,-3.764,-1286.449,1.973,-714.454,-0.192,479.171,5.257,relaxed_ortho_3_A_34_M_rep2.pdb
-84.887,-0.842,-1284.338,4.084,-714.065,0.197,478.35,4.436,relaxed_ortho_3_A_32_V_rep5.pdb
-83.115,0.929,-1267.562,20.86,-713.419,0.843,491.725,17.811,relaxed_ortho_3_A_39_P_rep5.pdb
-83.243,0.802,-1289.487,-1.065,-713.451,0.811,477.486,3.572,relaxed_ortho_3_B_13_L_rep4.pdb
-85.185,-1.141,-1284.313,4.109,-714.962,-0.7,482.501,8.587,relaxed_ortho_3_A_74_E_rep2.pdb
-80.393,3.652,-1284.571,3.85,-713.317,0.945,469.957,-3.957,relaxed_ortho_3_B_55_M_rep4.pdb
-82.476,1.568,-1286.13,2.292,-714.817,-0.555,475.712,1.798,relaxed_ortho_3_A_78_R_rep5.pdb
-83.631,0.414,-1284.238,4.184,-714.379,-0.117,478.278,4.364,relaxed_ortho_3_A_32_D_rep2.pdb
-87.262,-3.218,-1280.74,7.681,-713.846,0.416,485.388,11.474,relaxed_ortho_3_A_37_T_rep4.pdb
-87.062,-3.017,-1287.201,1.22,-713.623,0.639,477.621,3.707,relaxed_ortho_3_A_26_F_rep3.pdb
-82.981,1.063,-1288.425,-0.003,-713.218,1.044,474.353,0.44,relaxed_ortho_3_A_28_R_rep2.pdb
-86.649,-2.605,-1286.244,2.178,-713.796,0.466,489.232,15.318,relaxed_ortho_3_B_56_C_rep1.pdb
-85.913,-1.869,-1281.708,6.713,-714.238,0.024,481.462,7.549,relaxed_ortho_3_A_29_I_rep4.pdb
-83.824,0.22,-1286.66,1.762,-714.33,-0.068,476.302,2.388,relaxed_ortho_3_A_71_R_rep4.pdb
-85.622,-1.577,-1286.905,1.517,-710.958,3.304,480.53,6.617,relaxed_ortho_3_B_15_D_rep5.pdb
-81.524,2.52,-1286.478,1.943,-714.286,-0.024,473.575,-0.338,relaxed_ortho_3_A_73_K_rep2.pdb
-82.871,1.173,-1287.587,0.834,-714.39,-0.128,474.483,0.569,relaxed_ortho_3_A_71_S_rep5.pdb
-82.053,1.992,-1284.409,4.012,-713.38,0.882,473.91,-0.004,relaxed_ortho_3_B_55_I_rep5.pdb
-79.086,4.959,-1283.958,4.463,-713.564,0.698,473.783,-0.131,relaxed_ortho_3_B_15_T_rep4.pdb
-78.015,6.03,-1275.312,13.11,-713.994,0.268,480.572,6.658,relaxed_ortho_3_A_84_G_rep3.pdb
-79.646,4.399,-1281.17,7.252,-712.771,1.491,484.195,10.281,relaxed_ortho_3_B_56_P_rep2.pdb
-83.885,0.159,-1288.047,0.375,-714.327,-0.065,475.551,1.638,relaxed_ortho_3_B_17_K_rep4.pdb
-82.551,1.493,-1287.929,0.493,-714.121,0.141,473.697,-0.217,relaxed_ortho_3_A_82_P_rep1.pdb
-86.546,-2.502,-1290.117,-1.695,-714.735,-0.473,471.59,-2.324,relaxed_ortho_3_A_34_V_rep1.pdb
-85.594,-1.549,-1286.208,2.214,-714.261,0.001,478.429,4.515,relaxed_ortho_3_B_98_H_rep1.pdb
-82.174,1.871,-1285.877,2.544,-714.404,-0.142,476.126,2.212,relaxed_ortho_3_A_80_R_rep2.pdb
-82.767,1.277,-1281.231,7.191,-713.341,0.921,480.727,6.813,relaxed_ortho_3_B_59_G_rep4.pdb
-82.653,1.391,-1284.897,3.525,-714.179,0.083,477.406,3.492,relaxed_ortho_3_A_71_N_rep1.pdb
-83.823,0.221,-1281.619,6.803,-714.362,-0.1,478.314,4.4,relaxed_ortho_3_A_22_P_rep3.pdb
-83.116,0.928,-1286.089,2.333,-714.44,-0.178,476.537,2.623,relaxed_ortho_3_A_41_A_rep2.pdb
-82.89,1.154,-1288.001,0.421,-713.327,0.935,475.385,1.471,relaxed_ortho_3_A_71_S_rep2.pdb
-84.043,0.002,-1286.932,1.49,-714.019,0.243,477.798,3.884,relaxed_ortho_3_A_37_Y_rep3.pdb
-81.339,2.705,-1280.712,7.71,-714.166,0.096,482.826,8.912,relaxed_ortho_3_A_82_G_rep1.pdb
-84.008,0.036,-1290.394,-1.972,-714.309,-0.047,471.216,-2.698,relaxed_ortho_3_B_12_H_rep4.pdb
-84.188,-0.143,-1284.288,4.133,-714.123,0.139,479.682,5.768,relaxed_ortho_3_A_23_A_rep5.pdb
-84.734,-0.69,-1284.522,3.9,-714.586,-0.324,480.828,6.914,relaxed_ortho_3_A_74_H_rep4.pdb
-84.292,-0.247,-1284.459,3.963,-714.275,-0.013,479.109,5.195,relaxed_ortho_3_A_87_E_rep5.pdb
-84.806,-0.762,-1286.586,1.836,-714.432,-0.17,477.667,3.753,relaxed_ortho_3_A_74_M_rep3.pdb
-80.122,3.922,-1285.535,2.887,-713.297,0.965,477.765,3.851,relaxed_ortho_3_A_40_V_rep1.pdb
-81.543,2.501,-1277.273,11.148,-712.089,2.173,481.43,7.516,relaxed_ortho_3_A_75_Y_rep3.pdb
-85.992,-1.947,-1292.419,-3.997,-713.821,0.441,477.555,3.642,relaxed_ortho_3_A_28_D_rep2.pdb
-85.07,-1.026,-1280.639,7.783,-714.167,0.095,483.493,9.579,relaxed_ortho_3_A_31_T_rep5.pdb
-83.019,1.026,-1288.535,-0.113,-713.349,0.913,474.57,0.656,relaxed_ortho_3_A_71_Q_rep5.pdb
-83.841,0.203,-1277.593,10.829,-714.134,0.128,486.937,13.023,relaxed_ortho_3_A_71_L_rep5.pdb
-84.153,-0.109,-1286.072,2.35,-714.133,0.128,499.923,26.009,relaxed_ortho_3_A_24_W_rep2.pdb
-89.955,-5.91,-1290.565,-2.143,-713.87,0.392,473.235,-0.679,relaxed_ortho_3_A_34_H_rep3.pdb
-85.68,-1.636,-1283.871,4.55,-714.095,0.167,480.736,6.822,relaxed_ortho_3_A_37_H_rep2.pdb
-82.953,1.092,-1283.034,5.387,-713.229,1.033,475.995,2.082,relaxed_ortho_3_B_55_R_rep4.pdb
-82.772,1.273,-1286.432,1.99,-714.207,0.055,476.22,2.307,relaxed_ortho_3_A_33_Y_rep3.pdb
-83.068,0.976,-1288.516,-0.095,-713.382,0.88,474.156,0.242,relaxed_ortho_3_B_102_V_rep4.pdb
-83.568,0.477,-1276.675,11.747,-713.11,1.152,492.781,18.867,relaxed_ortho_3_B_17_Y_rep3.pdb
-82.599,1.446,-1281.311,7.111,-713.39,0.872,482.073,8.159,relaxed_ortho_3_A_30_S_rep4.pdb
-83.272,0.772,-1279.982,8.44,-713.341,0.92,480.223,6.309,relaxed_ortho_3_A_22_G_rep4.pdb
-80.504,3.541,-1283.971,4.451,-713.125,1.137,478.407,4.493,relaxed_ortho_3_B_15_I_rep3.pdb
-87.778,-3.733,-1280.839,7.582,-714.043,0.219,485.405,11.491,relaxed_ortho_3_A_30_H_rep1.pdb
-82.908,1.137,-1287.597,0.825,-713.537,0.725,476.223,2.309,relaxed_ortho_3_B_100_F_rep5.pdb
-82.795,1.249,-1287.933,0.489,-714.197,0.065,474.603,0.689,relaxed_ortho_3_A_33_T_rep4.pdb
-81.535,2.509,-1285.464,2.958,-714.793,-0.531,475.875,1.961,relaxed_ortho_3_A_81_N_rep3.pdb
-80.963,3.081,-1289.875,-1.454,-714.023,0.239,470.256,-3.658,relaxed_ortho_3_A_79_N_rep1.pdb
-84.008,0.036,-1283.685,4.737,-714.375,-0.113,480.807,6.893,relaxed_ortho_3_A_24_A_rep4.pdb
-82.979,1.065,-1288.588,-0.166,-713.32,0.942,474.875,0.961,relaxed_ortho_3_A_39_V_rep4.pdb
-83.876,0.169,-1287.922,0.5,-714.355,-0.093,474.856,0.942,relaxed_ortho_3_A_22_V_rep2.pdb
-85.288,-1.243,-1288.154,0.268,-713.432,0.83,477.954,4.04,relaxed_ortho_3_A_26_K_rep3.pdb
-83.763,0.281,-1271.89,16.532,-710.569,3.693,480.048,6.134,relaxed_ortho_3_B_11_F_rep4.pdb
-83.018,1.027,-1288.49,-0.068,-713.282,0.98,473.319,-0.595,relaxed_ortho_3_A_26_S_rep1.pdb
-86.646,-2.602,-1290.033,-1.611,-714.521,-0.26,474.044,0.13,relaxed_ortho_3_A_34_V_rep2.pdb
-84.219,-0.175,-1288.24,0.182,-713.276,0.986,478.179,4.266,relaxed_ortho_3_B_57_L_rep2.pdb
-82.944,1.101,-1287.818,0.603,-713.422,0.84,487.622,13.708,relaxed_ortho_3_B_56_E_rep2.pdb
-81.88,2.164,-1284.339,4.083,-713.18,1.082,482.951,9.037,relaxed_ortho_3_B_54_R_rep2.pdb
-81.229,2.816,-1288.197,0.225,-713.987,0.275,471.639,-2.275,relaxed_ortho_3_A_79_E_rep3.pdb
-79.923,4.121,-1281.101,7.32,-711.764,2.498,475.311,1.398,relaxed_ortho_3_B_15_K_rep4.pdb
-82.692,1.353,-1287.495,0.927,-714.284,-0.022,473.113,-0.801,relaxed_ortho_3_B_98_D_rep3.pdb
-83.185,0.86,-1285.387,3.035,-714.293,-0.031,476.259,2.345,relaxed_ortho_3_A_78_H_rep5.pdb
-85.024,-0.979,-1283.877,4.545,-714.551,-0.289,481.956,8.042,relaxed_ortho_3_A_74_S_rep3.pdb
-86.981,-2.936,-1280.558,7.863,-713.704,0.558,484.129,10.215,relaxed_ortho_3_A_37_L_rep4.pdb
-86.63,-2.585,-1267.029,21.392,-714.075,0.187,499.193,25.279,relaxed_ortho_3_A_39_K_rep4.pdb
-83.07,0.974,-1288.447,-0.025,-713.677,0.585,475.661,1.748,relaxed_ortho_3_A_86_K_rep2.pdb
-84.393,-0.348,-1282.262,6.16,-713.991,0.271,476.833,2.919,relaxed_ortho_3_A_25_L_rep3.pdb
-82.655,1.39,-1283.573,4.849,-713.453,0.809,480.859,6.945,relaxed_ortho_3_B_100_I_rep1.pdb
-77.948,6.096,-1277.37,11.052,-713.408,0.854,483.58,9.666,relaxed_ortho_3_A_75_E_rep4.pdb
-83.01,1.034,-1284.768,3.654,-713.291,0.971,477.333,3.419,relaxed_ortho_3_A_29_M_rep5.pdb
-81.23,2.814,-1287.013,1.409,-713.954,0.308,477.231,3.317,relaxed_ortho_3_A_33_G_rep5.pdb
-85.817,-1.773,-1253.589,34.833,-708.824,5.438,490.583,16.669,relaxed_ortho_3_A_25_Y_rep5.pdb
-83.363,0.682,-1287.928,0.494,-713.102,1.16,473.913,-0.001,relaxed_ortho_3_B_101_K_rep1.pdb
-82.807,1.238,-1287.968,0.454,-714.254,0.008,474.802,0.888,relaxed_ortho_3_B_102_V_rep5.pdb
-80.086,3.958,-1280.924,7.497,-714.611,-0.349,480.056,6.142,relaxed_ortho_3_A_77_Q_rep4.pdb
-83.043,1.001,-1282.195,6.226,-713.273,0.989,482.181,8.268,relaxed_ortho_3_A_25_Q_rep2.pdb
-80.869,3.175,-1283.912,4.51,-714.364,-0.102,474.303,0.389,relaxed_ortho_3_A_84_H_rep2.pdb
-82.315,1.73,-1279.467,8.955,-713.734,0.528,477.366,3.452,relaxed_ortho_3_A_84_W_rep1.pdb
-81.485,2.56,-1287.015,1.407,-713.173,1.089,474.508,0.594,relaxed_ortho_3_A_73_N_rep4.pdb
-84.663,-0.619,-1292.86,-4.438,-714.552,-0.29,473.671,-0.242,relaxed_ortho_3_A_33_K_rep4.pdb
-85.586,-1.542,-1289.364,-0.942,-714.695,-0.433,476.691,2.777,relaxed_ortho_3_A_34_I_rep2.pdb
-80.331,3.713,-1287.809,0.613,-713.727,0.535,474.187,0.274,relaxed_ortho_3_A_33_N_rep5.pdb
-83.404,0.641,-1283.767,4.655,-714.387,-0.126,480.363,6.449,relaxed_ortho_3_A_76_N_rep3.pdb
-83.954,0.09,-1288.043,0.379,-714.4,-0.138,474.079,0.165,relaxed_ortho_3_B_58_V_rep1.pdb
-84.639,-0.595,-1279.147,9.275,-714.455,-0.193,484.297,10.383,relaxed_ortho_3_A_30_Q_rep5.pdb
-84.396,-0.351,-1284.219,4.203,-714.005,0.257,485.951,12.038,relaxed_ortho_3_A_24_D_rep3.pdb
-83.169,0.876,-1284.725,3.697,-713.251,1.011,480.393,6.479,relaxed_ortho_3_B_59_R_rep4.pdb
-84.228,-0.184,-1281.49,6.932,-714.289,-0.027,482.496,8.582,relaxed_ortho_3_A_87_T_rep1.pdb
-82.944,1.101,-1287.818,0.603,-713.422,0.84,487.622,13.708,relaxed_ortho_3_B_56_E_rep5.pdb
-81.118,2.926,-1281.083,7.339,-714.659,-0.397,478.781,4.867,relaxed_ortho_3_A_77_A_rep5.pdb
-86.963,-2.918,-1284.502,3.92,-714.461,-0.199,483.124,9.211,relaxed_ortho_3_A_31_E_rep3.pdb
-82.77,1.274,-1286.645,1.777,-714.142,0.12,478.682,4.768,relaxed_ortho_3_A_86_A_rep5.pdb
-82.087,1.958,-1287.785,0.637,-714.865,-0.603,476.12,2.206,relaxed_ortho_3_A_35_A_rep2.pdb
-84.649,-0.605,-1285.432,2.99,-714.633,-0.371,477.249,3.335,relaxed_ortho_3_A_79_W_rep5.pdb
-83.261,0.783,-1284.796,3.626,-714.438,-0.177,480.158,6.245,relaxed_ortho_3_A_87_Q_rep3.pdb
-82.809,1.235,-1290.871,-2.449,-715.148,-0.886,471.489,-2.425,relaxed_ortho_3_A_33_H_rep1.pdb
-82.684,1.361,-1281.509,6.913,-713.496,0.766,482.78,8.866,relaxed_ortho_3_A_30_N_rep4.pdb
-83.12,0.924,-1278.854,9.567,-713.224,1.038,484.944,11.03,relaxed_ortho_3_A_25_A_rep4.pdb
-83.176,0.868,-1279.868,8.554,-713.569,0.692,485.263,11.349,relaxed_ortho_3_A_25_E_rep5.pdb
-81.666,2.379,-1283.509,4.913,-713.151,1.111,476.232,2.318,relaxed_ortho_3_B_58_R_rep1.pdb
-83.641,0.404,-1286.181,2.241,-714.363,-0.101,474.279,0.365,relaxed_ortho_3_B_13_V_rep4.pdb
-81.831,2.214,-1286.431,1.991,-714.559,-0.297,475.419,1.505,relaxed_ortho_3_A_81_E_rep3.pdb
-81.869,2.176,-1287.154,1.268,-713.456,0.806,475.663,1.749,relaxed_ortho_3_B_102_S_rep3.pdb
-81.296,2.748,-1286.523,1.899,-714.066,0.196,472.28,-1.634,relaxed_ortho_3_A_73_E_rep4.pdb
-84.886,-0.841,-1287.476,0.945,-713.198,1.064,487.094,13.18,relaxed_ortho_3_B_56_M_rep4.pdb
-83.104,0.941,-1288.772,-0.35,-713.539,0.723,473.767,-0.147,relaxed_ortho_3_B_11_A_rep3.pdb
-82.392,1.653,-1281.654,6.767,-713.649,0.613,483.995,10.081,relaxed_ortho_3_A_30_A_rep4.pdb
-84.444,-0.4,-1278.857,9.565,-714.124,0.138,478.556,4.642,relaxed_ortho_3_A_72_I_rep2.pdb
-83.05,0.994,-1283.961,4.461,-713.584,0.678,483.766,9.852,relaxed_ortho_3_A_21_I_rep3.pdb
-85.915,-1.87,-1286.712,1.71,-713.812,0.45,476.213,2.299,relaxed_ortho_3_B_57_R_rep1.pdb
-86.53,-2.485,-1289.285,-0.864,-713.012,1.25,461.243,-12.671,relaxed_ortho_3_B_58_Y_rep3.pdb
-84.136,-0.092,-1286.431,1.991,-713.566,0.696,471.865,-2.049,relaxed_ortho_3_A_33_V_rep1.pdb
-85.792,-1.748,-1278.832,9.59,-713.789,0.473,485.879,11.965,relaxed_ortho_3_A_26_I_rep2.pdb
-83.358,0.687,-1271.106,17.316,-713.733,0.529,437.666,-36.247,relaxed_ortho_3_B_14_T_rep2.pdb
-81.146,2.898,-1280.605,7.817,-714.742,-0.48,478.739,4.825,relaxed_ortho_3_A_82_D_rep5.pdb
-82.964,1.08,-1288.486,-0.065,-713.348,0.914,475.102,1.188,relaxed_ortho_3_A_38_L_rep2.pdb
-84.035,0.01,-1284.88,3.542,-714.424,-0.162,490.168,16.254,relaxed_ortho_3_A_24_R_rep5.pdb
-80.139,3.905,-1285.616,2.806,-713.482,0.78,477.737,3.823,relaxed_ortho_3_A_40_H_rep5.pdb
-83.775,0.269,-1286.393,2.029,-713.849,0.413,476.491,2.577,relaxed_ortho_3_A_80_Y_rep1.pdb
-84.012,0.032,-1286.668,1.754,-713.58,0.682,475.426,1.512,relaxed_ortho_3_A_36_C_rep4.pdb
-82.67,1.375,-1274.837,13.585,-714.078,0.184,488.339,14.425,relaxed_ortho_3_A_39_G_rep4.pdb
-82.2,1.845,-1287.854,0.568,-713.276,0.986,474.614,0.7,relaxed_ortho_3_B_57_D_rep1.pdb
-86.294,-2.25,-1287.847,0.575,-713.437,0.825,479.13,5.216,relaxed_ortho_3_B_57_M_rep4.pdb
-81.223,2.822,-1285.228,3.194,-714.431,-0.169,472.421,-1.493,relaxed_ortho_3_B_57_Y_rep4.pdb
-83.892,0.153,-1286.382,2.039,-714.408,-0.146,478.943,5.03,relaxed_ortho_3_A_21_T_rep4.pdb
-83.174,0.871,-1284.058,4.364,-713.641,0.621,480.981,7.067,relaxed_ortho_3_A_32_C_rep2.pdb
-83.413,0.631,-1287.397,1.024,-713.409,0.853,476.774,2.86,relaxed_ortho_3_B_57_V_rep1.pdb
-84.15,-0.105,-1245.826,42.596,-712.986,1.276,190.849,-283.064,relaxed_ortho_3_A_22_Y_rep2.pdb
-86.008,-1.963,-1287.17,1.252,-711.363,2.899,471.735,-2.179,relaxed_ortho_3_A_35_F_rep1.pdb
-85.804,-1.76,-1288.588,-0.166,-714.59,-0.328,475.756,1.842,relaxed_ortho_3_B_57_K_rep1.pdb
-80.81,3.234,-1283.025,5.397,-712.205,2.057,475.394,1.481,relaxed_ortho_3_B_15_G_rep3.pdb
-82.996,1.048,-1280.959,7.463,-713.572,0.69,482.36,8.446,relaxed_ortho_3_A_72_S_rep4.pdb
-81.258,2.787,-1286.776,1.646,-714.503,-0.241,471.5,-2.414,relaxed_ortho_3_A_73_E_rep1.pdb
-83.415,0.629,-1263.873,24.549,-713.442,0.82,504.512,30.598,relaxed_ortho_3_A_41_I_rep2.pdb
-80.797,3.247,-1285.202,3.219,-712.356,1.906,473.991,0.077,relaxed_ortho_3_B_15_S_rep5.pdb
-81.643,2.401,-1286.457,1.965,-713.762,0.5,474.781,0.868,relaxed_ortho_3_A_82_T_rep5.pdb
-83.575,0.47,-1292.2,-3.778,-714.563,-0.301,470.771,-3.143,relaxed_ortho_3_A_33_K_rep5.pdb
-85.94,-1.896,-1287.48,0.942,-712.69,1.572,481.519,7.606,relaxed_ortho_3_A_36_F_rep2.pdb
-82.695,1.349,-1283.683,4.739,-714.194,0.068,478.199,4.285,relaxed_ortho_3_A_27_D_rep1.pdb
-82.86,1.184,-1285.963,2.458,-714.371,-0.109,478.923,5.009,relaxed_ortho_3_A_41_A_rep5.pdb
-85.319,-1.275,-1287.924,0.498,-713.265,0.997,488.608,14.694,relaxed_ortho_3_B_56_F_rep2.pdb
-81.813,2.232,-1285.757,2.665,-713.997,0.265,474.229,0.315,relaxed_ortho_3_A_79_C_rep3.pdb
-83.021,1.024,-1287.809,0.613,-713.309,0.953,474.576,0.662,relaxed_ortho_3_A_86_Q_rep4.pdb
-83.312,0.733,-1285.569,2.853,-713.318,0.944,477.696,3.782,relaxed_ortho_3_A_32_A_rep2.pdb
-83.041,1.004,-1284.279,4.143,-714.546,-0.284,476.026,2.112,relaxed_ortho_3_A_81_C_rep4.pdb
-78.068,5.977,-1280.038,8.384,-713.058,1.204,477.934,4.02,relaxed_ortho_3_A_77_W_rep4.pdb
-77.045,7.0,-1281.623,6.799,-713.475,0.787,476.32,2.406,relaxed_ortho_3_A_40_D_rep1.pdb
-87.051,-3.007,-1282.491,5.931,-714.376,-0.114,484.103,10.189,relaxed_ortho_3_A_31_A_rep4.pdb
-80.959,3.086,-1286.55,1.872,-713.348,0.914,473.501,-0.412,relaxed_ortho_3_A_80_H_rep2.pdb
-83.871,0.173,-1288.306,0.116,-714.374,-0.112,474.315,0.401,relaxed_ortho_3_B_12_C_rep2.pdb
-80.96,3.084,-1289.909,-1.488,-714.057,0.205,467.705,-6.209,relaxed_ortho_3_A_79_N_rep4.pdb
-84.804,-0.76,-1274.288,14.134,-714.286,-0.024,487.021,13.107,relaxed_ortho_3_A_37_R_rep1.pdb
-83.338,0.706,-1287.761,0.661,-714.315,-0.053,472.417,-1.497,relaxed_ortho_3_B_98_N_rep1.pdb
-81.164,2.88,-1278.595,9.827,-709.912,4.35,475.124,1.21,relaxed_ortho_3_A_35_I_rep3.pdb
-80.002,4.043,-1276.447,11.975,-714.039,0.223,485.507,11.594,relaxed_ortho_3_A_75_G_rep4.pdb
-84.748,-0.704,-1286.547,1.874,-714.443,-0.181,478.852,4.938,relaxed_ortho_3_A_74_M_rep4.pdb
-83.289,0.756,-1283.214,5.208,-713.116,1.146,479.979,6.066,relaxed_ortho_3_A_83_W_rep1.pdb
-78.209,5.835,-1282.969,5.453,-711.512,2.75,472.909,-1.005,relaxed_ortho_3_A_38_Y_rep3.pdb
-87.062,-3.017,-1287.201,1.22,-713.623,0.639,477.621,3.707,relaxed_ortho_3_A_26_F_rep4.pdb
-83.212,0.833,-1287.932,0.489,-713.322,0.94,480.692,6.778,relaxed_ortho_3_B_17_C_rep3.pdb
-86.51,-2.466,-1289.371,-0.95,-713.167,1.095,462.21,-11.704,relaxed_ortho_3_B_58_Y_rep1.pdb
-85.089,-1.045,-1279.752,8.669,-714.394,-0.132,484.14,10.226,relaxed_ortho_3_A_30_E_rep3.pdb
-83.908,0.137,-1288.931,-0.509,-715.372,-1.11,473.886,-0.028,relaxed_ortho_3_A_35_V_rep4.pdb
-83.984,0.061,-1287.144,1.277,-713.3,0.962,477.535,3.622,relaxed_ortho_3_A_76_L_rep3.pdb
-83.964,0.081,-1284.918,3.504,-714.205,0.057,479.98,6.067,relaxed_ortho_3_B_100_C_rep5.pdb
-85.896,-1.852,-1246.259,42.163,-713.821,0.441,259.121,-214.793,relaxed_ortho_3_A_22_W_rep4.pdb
-87.292,-3.248,-1280.709,7.713,-713.849,0.413,485.08,11.166,relaxed_ortho_3_A_37_T_rep1.pdb
-83.07,0.975,-1289.651,-1.229,-713.493,0.769,473.988,0.074,relaxed_ortho_3_B_12_A_rep5.pdb
-85.812,-1.767,-1283.043,5.379,-714.328,-0.066,483.151,9.237,relaxed_ortho_3_A_37_M_rep5.pdb
-82.572,1.472,-1284.566,3.856,-712.888,1.374,478.463,4.549,relaxed_ortho_3_A_28_F_rep1.pdb
-83.513,0.532,-1282.122,6.3,-714.031,0.231,479.549,5.635,relaxed_ortho_3_A_27_G_rep1.pdb
-86.002,-1.957,-1282.174,6.248,-713.977,0.285,483.232,9.318,relaxed_ortho_3_A_74_F_rep5.pdb
-83.248,0.796,-1289.041,-0.619,-713.191,1.071,473.158,-0.756,relaxed_ortho_3_B_101_I_rep5.pdb
-83.825,0.22,-1283.203,5.218,-714.202,0.06,483.305,9.391,relaxed_ortho_3_A_21_I_rep2.pdb
-81.741,2.304,-1285.693,2.728,-713.833,0.429,479.178,5.264,relaxed_ortho_3_A_77_Y_rep2.pdb
-76.122,7.923,-1282.209,6.213,-712.436,1.826,469.121,-4.793,relaxed_ortho_3_A_35_H_rep4.pdb
-81.646,2.399,-1283.439,4.983,-713.652,0.61,476.419,2.506,relaxed_ortho_3_A_79_T_rep3.pdb
-82.57,1.474,-1266.656,21.766,-713.556,0.706,498.213,24.299,relaxed_ortho_3_A_72_M_rep2.pdb
-80.597,3.448,-1286.271,2.151,-712.869,1.393,467.975,-5.938,relaxed_ortho_3_A_40_Y_rep1.pdb
-82.947,1.098,-1283.302,5.12,-713.97,0.292,480.029,6.116,relaxed_ortho_3_A_27_H_rep5.pdb
-87.173,-3.129,-1287.759,0.662,-711.948,2.314,474.797,0.883,relaxed_ortho_3_A_36_I_rep4.pdb
-83.686,0.358,-1288.464,-0.042,-714.978,-0.716,472.969,-0.944,relaxed_ortho_3_B_98_S_rep3.pdb
-84.026,0.019,-1209.915,78.507,-714.109,0.153,568.929,95.015,relaxed_ortho_3_A_21_P_rep4.pdb
-86.258,-2.214,-1277.814,10.607,-714.009,0.252,487.082,13.169,relaxed_ortho_3_A_87_Y_rep2.pdb
-82.841,1.204,-1286.742,1.68,-714.54,-0.278,476.626,2.712,relaxed_ortho_3_A_23_W_rep2.pdb
-83.73,0.315,-1290.543,-2.121,-713.751,0.511,475.394,1.48,relaxed_ortho_3_A_79_K_rep1.pdb
-87.926,-3.882,-1281.599,6.823,-714.369,-0.107,485.711,11.797,relaxed_ortho_3_A_31_F_rep3.pdb
-85.033,-0.988,-1285.404,3.018,-714.207,0.055,475.829,1.915,relaxed_ortho_3_B_54_C_rep3.pdb
-83.033,1.011,-1267.576,20.846,-713.434,0.828,492.98,19.067,relaxed_ortho_3_A_39_P_rep1.pdb
-81.715,2.33,-1272.719,15.702,-715.523,-1.261,490.255,16.341,relaxed_ortho_3_A_79_V_rep4.pdb
-82.859,1.185,-1284.381,4.041,-713.377,0.885,478.237,4.323,relaxed_ortho_3_B_59_T_rep5.pdb
-83.868,0.177,-1288.104,0.318,-714.397,-0.135,475.34,1.426,relaxed_ortho_3_A_31_D_rep3.pdb
-84.078,-0.033,-1274.119,14.302,-714.131,0.131,487.352,13.438,relaxed_ortho_3_B_14_D_rep5.pdb
-84.86,-0.816,-1288.958,-0.536,-712.713,1.549,477.128,3.215,relaxed_ortho_3_A_28_Q_rep2.pdb
-87.495,-3.45,-1285.794,2.628,-714.104,0.158,469.748,-4.166,relaxed_ortho_3_B_58_W_rep2.pdb
-82.404,1.641,-1280.199,8.223,-713.274,0.988,479.961,6.048,relaxed_ortho_3_A_75_H_rep5.pdb
-79.201,4.843,-1282.859,5.563,-714.106,0.156,475.037,1.123,relaxed_ortho_3_A_84_V_rep4.pdb
-82.989,1.055,-1283.711,4.711,-713.539,0.723,480.676,6.762,relaxed_ortho_3_B_59_C_rep1.pdb
-81.654,2.391,-1278.683,9.739,-714.672,-0.41,482.903,8.989,relaxed_ortho_3_A_81_G_rep1.pdb
-82.286,1.758,-1285.516,2.906,-712.964,1.298,478.014,4.1,relaxed_ortho_3_A_36_M_rep1.pdb
-80.729,3.315,-1284.584,3.838,-712.208,2.054,478.593,4.679,relaxed_ortho_3_B_15_L_rep1.pdb
-86.817,-2.773,-1285.921,2.501,-714.198,0.064,479.262,5.349,relaxed_ortho_3_A_74_R_rep2.pdb
-86.34,-2.295,-1277.599,10.823,-714.283,-0.021,489.42,15.506,relaxed_ortho_3_A_31_I_rep4.pdb
-80.763,3.282,-1282.992,5.43,-712.423,1.839,475.289,1.375,relaxed_ortho_3_B_15_G_rep1.pdb
-86.6,-2.555,-1273.418,15.003,-712.71,1.552,488.09,14.176,relaxed_ortho_3_A_39_Y_rep2.pdb
-87.801,-3.757,-1281.572,6.849,-714.303,-0.041,485.021,11.107,relaxed_ortho_3_A_31_F_rep4.pdb
-88.07,-4.025,-1281.065,7.357,-714.281,-0.019,485.018,11.104,relaxed_ortho_3_A_31_Y_rep2.pdb
-82.918,1.127,-1281.52,6.901,-713.609,0.653,482.548,8.634,relaxed_ortho_3_A_85_F_rep3.pdb
-83.138,0.906,-1288.563,-0.142,-713.592,0.669,475.844,1.931,relaxed_ortho_3_A_32_Q_rep2.pdb
-81.303,2.741,-1287.865,0.557,-713.968,0.294,474.852,0.938,relaxed_ortho_3_A_79_H_rep5.pdb
-87.789,-3.744,-1282.052,6.37,-714.225,0.037,484.751,10.837,relaxed_ortho_3_A_31_L_rep2.pdb
-82.716,1.329,-1265.402,23.02,-714.242,0.02,492.659,18.745,relaxed_ortho_3_B_11_L_rep5.pdb
-76.132,7.912,-1281.813,6.609,-712.919,1.343,452.142,-21.772,relaxed_ortho_3_A_38_R_rep5.pdb
-83.959,0.086,-1286.918,1.504,-714.392,-0.13,499.921,26.008,relaxed_ortho_3_A_24_Y_rep2.pdb
-85.573,-1.529,-1273.951,14.47,-713.807,0.455,477.528,3.614,relaxed_ortho_3_A_25_F_rep2.pdb
-85.347,-1.302,-1288.076,0.346,-713.378,0.884,479.074,5.161,relaxed_ortho_3_A_26_K_rep1.pdb
-83.581,0.464,-1260.744,27.677,-713.629,0.633,505.067,31.153,relaxed_ortho_3_A_28_P_rep3.pdb
-82.999,1.046,-1287.148,1.274,-713.127,1.135,463.294,-10.619,relaxed_ortho_3_B_12_F_rep1.pdb
-83.001,1.043,-1288.726,-0.304,-713.536,0.726,474.668,0.754,relaxed_ortho_3_A_41_P_rep4.pdb
-83.411,0.633,-1287.697,0.725,-714.492,-0.23,474.156,0.242,relaxed_ortho_3_A_27_M_rep2.pdb
-83.837,0.208,-1277.552,10.869,-714.125,0.137,485.543,11.629,relaxed_ortho_3_A_71_L_rep2.pdb
-82.484,1.56,-1284.774,3.648,-713.215,1.047,478.15,4.236,relaxed_ortho_3_B_101_F_rep4.pdb
-81.611,2.433,-1281.068,7.353,-713.565,0.697,480.295,6.381,relaxed_ortho_3_A_82_G_rep4.pdb
-79.104,4.94,-1284.903,3.519,-713.226,1.036,474.334,0.42,relaxed_ortho_3_A_84_I_rep3.pdb
-81.213,2.832,-1276.906,11.516,-713.619,0.643,486.466,12.552,relaxed_ortho_3_A_28_W_rep4.pdb
-77.866,6.178,-1280.053,8.368,-714.431,-0.169,478.687,4.773,relaxed_ortho_3_A_84_D_rep4.pdb
-84.0,0.044,-1277.263,11.159,-714.351,-0.089,486.306,12.393,relaxed_ortho_3_A_23_G_rep4.pdb
-82.969,1.076,-1269.295,19.127,-714.157,0.105,487.952,14.038,relaxed_ortho_3_A_87_V_rep5.pdb
-83.927,0.117,-1287.543,0.879,-714.245,0.017,475.07,1.156,relaxed_ortho_3_A_36_G_rep4.pdb
-82.718,1.327,-1276.577,11.845,-713.055,1.207,486.126,12.212,relaxed_ortho_3_A_72_D_rep5.pdb
-83.703,0.341,-1199.77,88.652,-714.1,0.162,488.86,14.946,relaxed_ortho_3_B_11_K_rep3.pdb
-83.732,0.312,-1284.773,3.649,-713.968,0.294,478.215,4.301,relaxed_ortho_3_A_85_T_rep3.pdb
-81.688,2.357,-1229.992,58.43,-714.314,-0.052,517.414,43.501,relaxed_ortho_3_A_72_P_rep2.pdb
-84.234,-0.189,-1284.134,4.288,-714.497,-0.236,474.137,0.223,relaxed_ortho_3_A_24_M_rep1.pdb
-73.648,10.396,-1279.696,8.726,-713.845,0.417,460.008,-13.905,relaxed_ortho_3_A_38_K_rep4.pdb
-87.801,-3.757,-1281.572,6.849,-714.303,-0.041,485.021,11.107,relaxed_ortho_3_A_31_F_rep2.pdb
-76.597,7.447,-1234.592,53.83,-712.59,1.672,514.496,40.582,relaxed_ortho_3_A_40_P_rep3.pdb
-76.478,7.567,-1278.288,10.134,-714.412,-0.15,477.612,3.698,relaxed_ortho_3_A_84_K_rep3.pdb
-74.684,9.36,-1275.774,12.648,-711.702,2.56,456.622,-17.292,relaxed_ortho_3_B_55_E_rep1.pdb
-82.202,1.842,-1285.886,2.536,-713.216,1.046,476.927,3.013,relaxed_ortho_3_B_102_N_rep1.pdb
-86.162,-2.118,-1286.891,1.531,-714.222,0.04,490.756,16.842,relaxed_ortho_3_B_56_I_rep4.pdb
-81.818,2.227,-1281.3,7.122,-713.452,0.81,480.793,6.879,relaxed_ortho_3_A_82_G_rep3.pdb
-81.748,2.297,-1285.466,2.956,-714.731,-0.469,476.581,2.667,relaxed_ortho_3_A_81_N_rep1.pdb
-83.12,0.924,-1291.196,-2.774,-713.695,0.567,474.32,0.406,relaxed_ortho_3_B_12_R_rep3.pdb
-83.098,0.946,-1288.79,-0.368,-713.304,0.958,473.888,-0.025,relaxed_ortho_3_B_98_A_rep3.pdb
-80.856,3.188,-1282.769,5.653,-712.479,1.783,469.66,-4.254,relaxed_ortho_3_B_55_Q_rep1.pdb
-82.131,1.914,-1283.558,4.864,-713.26,1.002,480.875,6.961,relaxed_ortho_3_A_75_M_rep1.pdb
-86.28,-2.235,-1277.653,10.768,-714.568,-0.306,490.129,16.215,relaxed_ortho_3_A_31_I_rep5.pdb
-80.831,3.213,-1285.312,3.11,-712.133,2.129,474.935,1.021,relaxed_ortho_3_B_15_A_rep1.pdb
-83.724,0.32,-1289.532,-1.111,-713.294,0.968,474.236,0.322,relaxed_ortho_3_B_101_L_rep3.pdb
-83.571,0.473,-1260.823,27.598,-713.785,0.477,506.019,32.105,relaxed_ortho_3_A_28_P_rep1.pdb
-82.867,1.177,-1284.357,4.065,-713.515,0.747,478.349,4.435,relaxed_ortho_3_B_58_C_rep5.pdb
-83.066,0.979,-1286.598,1.824,-713.548,0.714,474.902,0.988,relaxed_ortho_3_B_98_G_rep3.pdb
-83.844,0.2,-1258.711,29.711,-714.19,0.072,399.093,-74.821,relaxed_ortho_3_A_22_H_rep1.pdb
-82.979,1.065,-1288.486,-0.065,-713.271,0.991,476.074,2.16,relaxed_ortho_3_A_23_F_rep4.pdb
-82.955,1.089,-1281.669,6.753,-713.392,0.87,476.185,2.271,relaxed_ortho_3_A_22_D_rep2.pdb
-84.336,-0.291,-1286.113,2.309,-713.291,0.971,477.63,3.716,relaxed_ortho_3_B_102_Y_rep2.pdb
-81.958,2.087,-1272.496,15.926,-711.185,3.077,487.409,13.495,relaxed_ortho_3_A_41_H_rep5.pdb
-82.921,1.124,-1285.555,2.867,-713.522,0.74,478.998,5.084,relaxed_ortho_3_A_72_T_rep5.pdb
-82.163,1.881,-1286.691,1.73,-713.388,0.874,475.043,1.13,relaxed_ortho_3_B_102_A_rep5.pdb
-83.13,0.915,-1287.422,1.0,-713.556,0.706,476.386,2.473,relaxed_ortho_3_A_86_Y_rep5.pdb
-87.55,-3.505,-1281.186,7.236,-713.7,0.561,482.134,8.221,relaxed_ortho_3_A_37_E_rep5.pdb
-82.719,1.326,-1282.952,5.47,-713.401,0.861,480.204,6.29,relaxed_ortho_3_A_85_H_rep2.pdb
-81.947,2.097,-1285.404,3.018,-713.777,0.485,476.526,2.612,relaxed_ortho_3_A_81_F_rep1.pdb
-83.584,0.46,-1285.343,3.079,-714.333,-0.071,470.831,-3.083,relaxed_ortho_3_B_13_C_rep4.pdb
-82.862,1.183,-1284.536,3.886,-713.477,0.785,481.121,7.207,relaxed_ortho_3_B_59_A_rep3.pdb
-84.669,-0.624,-1283.533,4.889,-714.958,-0.696,483.102,9.188,relaxed_ortho_3_A_74_S_rep4.pdb
-81.508,2.537,-1285.597,2.825,-714.658,-0.396,475.356,1.442,relaxed_ortho_3_A_81_H_rep4.pdb
-85.658,-1.614,-1283.158,5.264,-713.929,0.333,479.022,5.108,relaxed_ortho_3_A_78_P_rep3.pdb
-82.309,1.735,-1282.275,6.147,-714.442,-0.18,477.391,3.477,relaxed_ortho_3_A_75_C_rep1.pdb
-83.396,0.649,-1287.158,1.263,-713.479,0.783,475.721,1.807,relaxed_ortho_3_B_57_Q_rep2.pdb
-82.85,1.194,-1284.148,4.274,-713.516,0.746,479.52,5.607,relaxed_ortho_3_A_85_E_rep3.pdb
-85.226,-1.182,-1260.615,27.807,-711.25,3.012,503.55,29.636,relaxed_ortho_3_B_14_Q_rep3.pdb
-80.172,3.872,-1276.322,12.1,-713.853,0.409,485.656,11.743,relaxed_ortho_3_A_75_G_rep5.pdb
-76.418,7.626,-1234.709,53.713,-712.594,1.668,515.648,41.734,relaxed_ortho_3_A_40_P_rep2.pdb
-81.356,2.689,-1286.005,2.417,-713.024,1.238,472.744,-1.17,relaxed_ortho_3_A_73_V_rep4.pdb
-82.784,1.261,-1286.856,1.566,-712.787,1.475,486.447,12.533,relaxed_ortho_3_B_54_Y_rep2.pdb
-83.179,0.866,-1285.818,2.604,-713.569,0.693,477.958,4.045,relaxed_ortho_3_A_85_Q_rep2.pdb
-76.649,7.395,-1276.866,11.556,-712.108,2.154,477.661,3.747,relaxed_ortho_3_A_84_P_rep2.pdb
-79.528,4.516,-1278.853,9.568,-714.062,0.2,482.109,8.196,relaxed_ortho_3_A_82_N_rep2.pdb
-81.142,2.902,-1280.692,7.729,-714.761,-0.499,478.0,4.087,relaxed_ortho_3_A_82_D_rep1.pdb
-83.759,0.285,-1284.583,3.839,-714.398,-0.137,477.984,4.07,relaxed_ortho_3_A_23_L_rep3.pdb
-81.595,2.449,-1285.186,3.236,-714.52,-0.258,474.633,0.719,relaxed_ortho_3_A_27_K_rep2.pdb
-82.886,1.159,-1281.468,6.953,-713.32,0.942,480.331,6.417,relaxed_ortho_3_A_72_A_rep5.pdb
-84.052,-0.007,-1287.622,0.8,-714.377,-0.115,476.491,2.577,relaxed_ortho_3_A_29_E_rep2.pdb
-83.302,0.743,-1288.038,0.384,-713.254,1.008,474.3,0.386,relaxed_ortho_3_B_101_K_rep4.pdb
-81.752,2.293,-1290.318,-1.896,-714.08,0.182,469.504,-4.41,relaxed_ortho_3_A_33_R_rep3.pdb
-76.965,7.08,-1281.16,7.262,-713.113,1.149,478.985,5.071,relaxed_ortho_3_A_35_M_rep3.pdb
-79.569,4.475,-1280.029,8.393,-712.139,2.123,476.975,3.061,relaxed_ortho_3_A_75_L_rep3.pdb
-83.199,0.846,-1283.383,5.039,-714.304,-0.042,482.018,8.104,relaxed_ortho_3_A_27_H_rep1.pdb
-83.049,0.996,-1287.516,0.906,-713.563,0.699,476.636,2.722,relaxed_ortho_3_A_83_L_rep2.pdb
-84.194,-0.15,-1244.358,44.064,-713.881,0.381,447.67,-26.244,relaxed_ortho_3_A_23_I_rep3.pdb
-82.934,1.111,-1283.264,5.158,-713.52,0.742,484.065,10.151,relaxed_ortho_3_A_22_I_rep5.pdb
-81.323,2.721,-1284.729,3.693,-713.267,0.995,475.809,1.895,relaxed_ortho_3_A_73_C_rep1.pdb
-85.605,-1.56,-1286.264,2.158,-714.17,0.092,479.663,5.749,relaxed_ortho_3_B_98_H_rep3.pdb
-85.813,-1.768,-1289.008,-0.586,-715.922,-1.66,475.705,1.792,relaxed_ortho_3_A_36_F_rep3.pdb
-82.65,1.395,-1284.46,3.962,-712.87,1.392,477.031,3.117,relaxed_ortho_3_A_27_C_rep1.pdb
-82.958,1.086,-1285.78,2.642,-713.482,0.78,477.61,3.696,relaxed_ortho_3_A_39_T_rep1.pdb
-83.902,0.142,-1255.05,33.372,-714.153,0.109,504.322,30.408,relaxed_ortho_3_B_14_F_rep1.pdb
-83.08,0.965,-1284.256,4.166,-714.325,-0.064,475.92,2.007,relaxed_ortho_3_A_75_T_rep2.pdb
-83.288,0.757,-1286.134,2.288,-713.296,0.966,478.2,4.286,relaxed_ortho_3_A_26_K_rep4.pdb
-83.898,0.147,-1287.353,1.069,-714.057,0.205,477.684,3.77,relaxed_ortho_3_A_21_V_rep4.pdb
-81.62,2.424,-1285.362,3.059,-714.705,-0.443,476.752,2.838,relaxed_ortho_3_A_81_N_rep2.pdb
-82.636,1.409,-1282.195,6.227,-714.581,-0.319,479.84,5.926,relaxed_ortho_3_A_23_R_rep1.pdb
-76.341,7.704,-1281.764,6.658,-712.827,1.435,456.575,-17.338,relaxed_ortho_3_A_38_R_rep3.pdb
-82.002,2.043,-1285.327,3.095,-714.111,0.151,476.537,2.623,relaxed_ortho_3_A_78_T_rep3.pdb
-83.635,0.409,-1268.758,19.664,-714.432,-0.17,479.781,5.868,relaxed_ortho_3_B_11_V_rep3.pdb
-78.694,5.35,-1273.062,15.36,-713.597,0.665,485.718,11.804,relaxed_ortho_3_A_82_W_rep4.pdb
-85.451,-1.407,-1262.704,25.718,-711.804,2.458,505.067,31.154,relaxed_ortho_3_B_14_E_rep2.pdb
-83.775,0.27,-1284.501,3.921,-714.146,0.116,476.298,2.384,relaxed_ortho_3_A_23_L_rep2.pdb
-83.848,0.197,-1289.029,-0.607,-715.43,-1.168,473.614,-0.3,relaxed_ortho_3_A_35_V_rep5.pdb
-83.545,0.5,-1286.099,2.322,-713.938,0.324,474.211,0.297,relaxed_ortho_3_A_80_F_rep3.pdb
-83.5,0.544,-1285.533,2.889,-714.354,-0.092,475.024,1.11,relaxed_ortho_3_B_13_N_rep5.pdb
-80.838,3.206,-1286.444,1.978,-713.177,1.085,476.17,2.256,relaxed_ortho_3_B_101_D_rep2.pdb
-79.775,4.27,-1280.469,7.953,-714.412,-0.15,481.955,8.041,relaxed_ortho_3_A_28_Y_rep2.pdb
-83.81,0.234,-1288.885,-0.463,-715.436,-1.174,474.877,0.963,relaxed_ortho_3_A_35_V_rep2.pdb
-82.553,1.491,-1281.407,7.015,-713.656,0.606,484.359,10.445,relaxed_ortho_3_A_30_S_rep5.pdb
-83.095,0.949,-1288.617,-0.195,-713.451,0.811,474.671,0.757,relaxed_ortho_3_B_12_M_rep5.pdb
-77.106,6.939,-1280.05,8.371,-711.454,2.808,472.391,-1.523,relaxed_ortho_3_A_35_H_rep3.pdb
-85.802,-1.758,-1285.221,3.201,-714.911,-0.649,479.311,5.397,relaxed_ortho_3_A_76_C_rep4.pdb
-76.944,7.101,-1282.249,6.172,-712.659,1.603,479.038,5.124,relaxed_ortho_3_A_40_A_rep1.pdb
-84.105,-0.061,-1285.585,2.837,-714.311,-0.049,477.088,3.174,relaxed_ortho_3_A_29_F_rep3.pdb
-82.957,1.088,-1251.202,37.22,-713.848,0.414,506.362,32.448,relaxed_ortho_3_B_59_P_rep1.pdb
-83.025,1.019,-1287.511,0.911,-714.45,-0.188,473.429,-0.485,relaxed_ortho_3_B_101_A_rep3.pdb
-78.344,5.7,-1280.967,7.455,-714.299,-0.037,477.238,3.324,relaxed_ortho_3_A_84_N_rep4.pdb
-83.467,0.578,-1176.453,111.969,-713.351,0.911,576.745,102.831,relaxed_ortho_3_B_11_R_rep3.pdb
-84.791,-0.746,-1287.909,0.513,-714.284,-0.022,477.617,3.704,relaxed_ortho_3_A_28_H_rep2.pdb
-77.209,6.836,-1280.128,8.294,-714.303,-0.041,475.966,2.052,relaxed_ortho_3_A_84_S_rep4.pdb
-79.589,4.455,-1286.767,1.655,-712.507,1.755,470.621,-3.293,relaxed_ortho_3_A_40_Y_rep3.pdb
-82.997,1.048,-1273.21,15.212,-713.752,0.51,486.333,12.419,relaxed_ortho_3_A_37_R_rep4.pdb
-85.27,-1.225,-1285.042,3.379,-714.165,0.097,477.061,3.148,relaxed_ortho_3_A_76_M_rep1.pdb
-81.076,2.968,-1287.866,0.556,-714.273,-0.011,471.006,-2.908,relaxed_ortho_3_B_55_H_rep5.pdb
-83.731,0.313,-1282.751,5.671,-713.925,0.337,484.432,10.518,relaxed_ortho_3_A_27_F_rep4.pdb
-79.419,4.625,-1284.312,4.11,-715.119,-0.857,475.711,1.797,relaxed_ortho_3_A_80_S_rep1.pdb
-81.303,2.742,-1283.675,4.746,-713.882,0.38,478.406,4.492,relaxed_ortho_3_A_79_F_rep5.pdb
-85.422,-1.377,-1281.701,6.721,-714.419,-0.157,485.065,11.151,relaxed_ortho_3_A_87_K_rep5.pdb
-82.385,1.659,-1281.796,6.626,-713.762,0.5,482.147,8.234,relaxed_ortho_3_A_30_A_rep2.pdb
-84.234,-0.189,-1284.134,4.288,-714.497,-0.236,474.137,0.223,relaxed_ortho_3_A_24_M_rep4.pdb
-82.988,1.056,-1288.538,-0.116,-713.489,0.773,474.903,0.99,relaxed_ortho_3_A_71_Q_rep1.pdb
-78.965,5.079,-1250.886,37.535,-713.488,0.774,504.735,30.822,relaxed_ortho_3_A_81_P_rep4.pdb
-76.797,7.248,-1274.174,14.247,-710.592,3.67,470.627,-3.287,relaxed_ortho_3_B_55_W_rep2.pdb
-82.977,1.068,-1287.681,0.741,-713.3,0.962,476.313,2.399,relaxed_ortho_3_A_86_N_rep3.pdb
-84.749,-0.704,-1285.694,2.728,-714.015,0.247,479.856,5.942,relaxed_ortho_3_A_26_P_rep4.pdb
-83.131,0.914,-1285.17,3.251,-714.971,-0.709,476.454,2.54,relaxed_ortho_3_A_80_L_rep2.pdb
-83.625,0.419,-1199.865,88.556,-714.077,0.185,488.911,14.997,relaxed_ortho_3_B_11_K_rep4.pdb
-82.987,1.058,-1282.755,5.667,-713.261,1.001,477.789,3.875,relaxed_ortho_3_A_22_S_rep5.pdb
-83.835,0.209,-1282.184,6.238,-714.326,-0.064,470.784,-3.13,relaxed_ortho_3_A_22_C_rep5.pdb
-83.793,0.251,-1289.537,-1.115,-713.483,0.779,473.576,-0.338,relaxed_ortho_3_B_101_L_rep2.pdb
-83.577,0.467,-1282.096,6.325,-713.912,0.35,479.838,5.924,relaxed_ortho_3_A_85_F_rep1.pdb
-83.166,0.878,-1274.059,14.362,-713.462,0.8,492.101,18.187,relaxed_ortho_3_A_25_G_rep4.pdb
-84.018,0.026,-1257.312,31.11,-714.086,0.176,504.657,30.743,relaxed_ortho_3_B_11_D_rep3.pdb
-79.91,4.134,-1278.561,9.86,-713.534,0.728,483.765,9.851,relaxed_ortho_3_A_75_Q_rep1.pdb
-83.004,1.041,-1288.081,0.341,-713.269,0.993,476.194,2.281,relaxed_ortho_3_A_71_S_rep4.pdb
-82.82,1.224,-1288.577,-0.156,-713.57,0.692,475.326,1.412,relaxed_ortho_3_A_32_R_rep3.pdb
-82.319,1.725,-1282.958,5.464,-713.782,0.48,481.44,7.526,relaxed_ortho_3_A_30_C_rep3.pdb
-86.462,-2.418,-1285.817,2.605,-713.663,0.599,478.454,4.54,relaxed_ortho_3_A_26_M_rep2.pdb
-82.79,1.254,-1283.822,4.6,-713.025,1.237,475.81,1.896,relaxed_ortho_3_B_55_R_rep1.pdb
-82.193,1.851,-1284.052,4.37,-714.105,0.157,478.305,4.391,relaxed_ortho_3_A_27_L_rep3.pdb
-82.532,1.512,-1284.045,4.377,-713.426,0.836,479.209,5.295,relaxed_ortho_3_A_75_M_rep2.pdb
-83.715,0.33,-1285.889,2.533,-714.378,-0.117,475.377,1.463,relaxed_ortho_3_A_21_A_rep5.pdb
-82.89,1.154,-1285.209,3.212,-714.489,-0.227,473.901,-0.013,relaxed_ortho_3_A_81_N_rep4.pdb
-82.921,1.124,-1223.821,64.601,-714.29,-0.028,533.473,59.56,relaxed_ortho_3_B_11_M_rep2.pdb
-82.349,1.696,-1285.911,2.511,-713.11,1.152,475.065,1.151,relaxed_ortho_3_A_78_T_rep1.pdb
-81.515,2.529,-1283.066,5.356,-712.727,1.535,482.086,8.173,relaxed_ortho_3_A_32_F_rep2.pdb
-83.515,0.529,-1282.061,6.361,-714.053,0.209,478.345,4.431,relaxed_ortho_3_A_27_G_rep5.pdb
-85.616,-1.571,-1284.941,3.481,-714.423,-0.161,480.034,6.12,relaxed_ortho_3_A_76_A_rep5.pdb
-91.069,-7.024,-1289.839,-1.417,-714.181,0.081,480.321,6.407,relaxed_ortho_3_A_26_R_rep2.pdb
-74.836,9.209,-1279.861,8.561,-715.007,-0.745,474.454,0.541,relaxed_ortho_3_A_38_E_rep2.pdb
-85.3,-1.256,-1291.122,-2.7,-713.382,0.88,475.311,1.397,relaxed_ortho_3_A_28_K_rep4.pdb
-83.045,1.0,-1291.275,-2.853,-713.29,0.972,471.754,-2.16,relaxed_ortho_3_B_12_V_rep1.pdb
-82.304,1.741,-1286.541,1.881,-713.413,0.849,477.06,3.146,relaxed_ortho_3_B_101_G_rep4.pdb
-80.516,3.529,-1287.684,0.738,-713.258,1.004,468.377,-5.537,relaxed_ortho_3_B_55_T_rep5.pdb
-87.818,-3.774,-1280.793,7.629,-714.018,0.244,486.371,12.457,relaxed_ortho_3_A_30_H_rep4.pdb
-79.949,4.096,-1281.594,6.827,-713.211,1.051,481.215,7.301,relaxed_ortho_3_A_82_R_rep2.pdb
-86.355,-2.311,-1286.056,2.366,-713.535,0.727,477.987,4.073,relaxed_ortho_3_A_26_H_rep5.pdb
-83.326,0.719,-1288.302,0.12,-712.686,1.575,473.242,-0.672,relaxed_ortho_3_A_81_Q_rep3.pdb
-82.195,1.849,-1284.446,3.975,-714.411,-0.149,476.569,2.656,relaxed_ortho_3_A_78_M_rep3.pdb
-85.567,-1.522,-1286.163,2.259,-714.04,0.222,478.028,4.114,relaxed_ortho_3_B_98_H_rep4.pdb
-87.268,-3.224,-1279.454,8.968,-714.079,0.183,486.001,12.087,relaxed_ortho_3_A_31_R_rep4.pdb
-88.083,-4.039,-1281.174,7.248,-714.471,-0.209,485.779,11.866,relaxed_ortho_3_A_31_Y_rep1.pdb
-83.581,0.463,-1284.663,3.759,-714.324,-0.062,467.844,-6.07,relaxed_ortho_3_B_13_E_rep1.pdb
-82.336,1.709,-1282.888,5.534,-713.629,0.633,481.489,7.575,relaxed_ortho_3_A_30_C_rep5.pdb
-83.699,0.345,-1287.281,1.14,-713.207,1.055,476.928,3.014,relaxed_ortho_3_B_101_C_rep3.pdb
-79.496,4.548,-1287.05,1.372,-712.09,2.172,469.192,-4.722,relaxed_ortho_3_A_40_L_rep5.pdb
-83.437,0.608,-1286.759,1.663,-714.565,-0.303,475.372,1.458,relaxed_ortho_3_A_79_Y_rep1.pdb
-82.63,1.415,-1278.514,9.907,-714.439,-0.177,482.582,8.668,relaxed_ortho_3_A_25_D_rep3.pdb
