mutation,dG_interface,ddG_interface,dG_complex,ddG_complex,dG_receptor,ddG_receptor,dG_ligand,ddG_ligand
relaxed_ortho_3_A_21_A,-83.62519999999999,0.41900000000000004,-1286.0454,2.3766,-714.0948000000001,0.16699999999999998,476.76720000000006,2.8531999999999997
relaxed_ortho_3_A_21_C,-83.4066,0.6378,-1285.1216,3.2998,-714.1668,0.09520000000000002,478.0834,4.1694
relaxed_ortho_3_A_21_D,-82.92519999999999,1.1194,-1286.6412,1.7806000000000002,-713.6994,0.5626,478.35020000000003,4.4362
relaxed_ortho_3_A_21_E,-83.0492,0.9951999999999999,-1288.6604,-0.2392,-713.5418,0.7202,475.26099999999997,1.3474
relaxed_ortho_3_A_21_F,-83.95920000000001,0.0852,-1287.6366,0.7854,-714.2384,0.023,473.63739999999996,-0.2766
relaxed_ortho_3_A_21_G,-83.4932,0.5511999999999999,-1283.3698,5.0520000000000005,-714.3812,-0.11920000000000001,480.8348,6.9208
relaxed_ortho_3_A_21_H,-83.706,0.3382,-1287.0898,1.332,-714.1646000000001,0.0974,477.1344,3.2204
relaxed_ortho_3_A_21_I,-83.2006,0.8442000000000001,-1283.7414,4.6802,-713.5903999999999,0.6716,483.1076,9.1936
relaxed_ortho_3_A_21_K,-83.101,0.9433999999999999,-1284.838,3.5838,-713.759,0.5029999999999999,480.10959999999994,6.195600000000001
relaxed_ortho_3_A_21_L,-82.7988,1.2456,-1283.218,5.204,-713.7244000000001,0.5376,480.1634,6.2498
relaxed_ortho_3_A_21_M,-83.2148,0.8294,-1285.8664,2.5555999999999996,-713.7456,0.5164,478.98240000000004,5.0684000000000005
relaxed_ortho_3_A_21_N,-82.8036,1.2408,-1284.9168,3.5052,-713.5996,0.6624000000000001,479.441,5.526999999999999
relaxed_ortho_3_A_21_P,-83.974,0.0708,-1209.8254000000002,78.5964,-714.1656,0.0964,568.667,94.7538
relaxed_ortho_3_A_21_Q,-83.0536,0.991,-1286.6474,1.7744,-714.2376,0.024399999999999988,476.8436,2.9295999999999998
relaxed_ortho_3_A_21_R,-83.10040000000001,0.9442,-1285.0652,3.3568,-713.7346,0.5274,479.56720000000007,5.6533999999999995
relaxed_ortho_3_A_21_S,-82.7372,1.3074,-1286.2369999999999,2.1848,-714.0754,0.1866,477.63860000000005,3.7245999999999997
relaxed_ortho_3_A_21_T,-83.33099999999999,0.7136,-1286.471,1.9504000000000001,-714.1462,0.1156,477.43639999999994,3.5225999999999997
relaxed_ortho_3_A_21_V,-83.6128,0.43179999999999996,-1287.4724,0.9495999999999999,-714.2270000000001,0.034999999999999996,478.066,4.152
relaxed_ortho_3_A_21_W,-83.1894,0.8550000000000001,-1287.5511999999999,0.8705999999999999,-713.6178,0.6442,477.4222,3.5081999999999995
relaxed_ortho_3_A_21_Y,-83.2256,0.8192,-1287.0358,1.3858000000000001,-714.1538,0.1082,473.40240000000006,-0.5115999999999999
relaxed_ortho_3_A_22_A,-82.9482,1.096,-1282.618,5.8036,-713.4242,0.8378,478.56180000000006,4.647799999999999
relaxed_ortho_3_A_22_C,-83.314,0.7304,-1282.2856,6.1362000000000005,-714.0640000000001,0.198,470.425,-3.489
relaxed_ortho_3_A_22_D,-82.8216,1.2226,-1281.694,6.727799999999999,-713.5842,0.6778000000000001,474.742,0.828
relaxed_ortho_3_A_22_E,-83.66799999999999,0.3768,-1272.1212,16.3004,-712.9087999999999,1.3532,472.9836,-0.9304
relaxed_ortho_3_A_22_F,-84.8706,-0.8264000000000001,-1246.4984,41.9234,-713.085,1.177,255.8654,-218.0484
relaxed_ortho_3_A_22_G,-83.0616,0.9832000000000001,-1279.8224,8.5992,-713.3304,0.9314,480.4264,6.5128
relaxed_ortho_3_A_22_H,-83.42699999999999,0.6174000000000001,-1259.1388,29.2832,-713.8264,0.4356,392.7082,-81.2058
relaxed_ortho_3_A_22_I,-83.68379999999999,0.3608,-1283.1834,5.2386,-712.7342000000001,1.5273999999999999,484.1942,10.2804
relaxed_ortho_3_A_22_K,-83.0598,0.985,-1277.2310000000002,11.190999999999999,-713.4742,0.7878000000000001,232.502,-241.41199999999998
relaxed_ortho_3_A_22_L,-82.8664,1.1782,-1277.076,11.3458,-713.4744,0.7876000000000001,219.7232,-254.1908
relaxed_ortho_3_A_22_M,-83.11959999999999,0.925,-1283.3012,5.1204,-713.4126,0.8493999999999999,492.5472,18.6336
relaxed_ortho_3_A_22_N,-83.7466,0.29779999999999995,-1281.859,6.5628,-714.3192,-0.05720000000000001,462.811,-11.102799999999998
relaxed_ortho_3_A_22_P,-83.61679999999998,0.4271999999999999,-1281.6526,6.7694,-714.3817999999999,-0.12,478.5848,4.671
relaxed_ortho_3_A_22_Q,-84.9194,-0.8747999999999999,-1269.4796000000001,18.9418,-713.3406,0.9212,477.3598,3.4463999999999997
relaxed_ortho_3_A_22_R,-82.9772,1.0672000000000001,-1277.1488000000002,11.2732,-713.4988,0.7632,231.05859999999998,-242.8554
relaxed_ortho_3_A_22_S,-83.16499999999999,0.8795999999999999,-1282.6842000000001,5.7376,-713.4842,0.7778,477.10839999999996,3.1946000000000003
relaxed_ortho_3_A_22_T,-83.0078,1.0366,-1285.575,2.847,-713.5174,0.7445999999999999,480.83360000000005,6.9196
relaxed_ortho_3_A_22_V,-83.1698,0.8747999999999999,-1287.9682,0.45380000000000004,-714.3536,-0.09159999999999999,474.65500000000003,0.741
relaxed_ortho_3_A_22_W,-85.3898,-1.3454000000000002,-1240.6268,47.794799999999995,-713.3534,0.9086000000000001,267.1966,-206.717
relaxed_ortho_3_A_22_Y,-84.7596,-0.7148000000000001,-1244.3378,44.084199999999996,-713.5881999999999,0.6738000000000001,299.883,-174.0308
relaxed_ortho_3_A_23_A,-83.487,0.5576,-1284.2882,4.1334,-714.3168,-0.0548,478.6652,4.751399999999999
relaxed_ortho_3_A_23_C,-83.876,0.1684,-1284.0816,4.3402,-714.1505999999999,0.1112,478.439,4.525
relaxed_ortho_3_A_23_D,-83.3178,0.7264,-1283.9443999999999,4.4774,-713.9288,0.3332,479.02520000000004,5.111199999999999
relaxed_ortho_3_A_23_E,-83.91319999999999,0.13119999999999998,-1284.9468000000002,3.4752,-714.3772,-0.11520000000000001,478.42659999999995,4.512600000000001
relaxed_ortho_3_A_23_F,-83.23479999999999,0.8096,-1288.4954,-0.074,-713.5916,0.6704,474.8286,0.9148
relaxed_ortho_3_A_23_G,-83.7596,0.28459999999999996,-1277.2459999999999,11.176,-714.3616,-0.0996,486.89439999999996,12.981
relaxed_ortho_3_A_23_H,-83.0754,0.969,-1286.0620000000001,2.3596,-713.4312,0.8308,478.341,4.427
relaxed_ortho_3_A_23_I,-84.2094,-0.1648,-1244.4292,43.9928,-714.104,0.158,449.36260000000004,-24.551
relaxed_ortho_3_A_23_K,-83.8652,0.17980000000000002,-1283.2676,5.1542,-714.3558,-0.0938,479.17420000000004,5.2604
relaxed_ortho_3_A_23_L,-83.78779999999999,0.2568,-1284.6402,3.7817999999999996,-714.3672,-0.1056,476.9832,3.0692
relaxed_ortho_3_A_23_M,-83.0998,0.9448000000000001,-1282.9804,5.441599999999999,-714.1292000000001,0.13279999999999997,480.0638,6.15
relaxed_ortho_3_A_23_N,-83.66900000000001,0.37520000000000003,-1284.0118,4.409999999999999,-714.3406,-0.0786,478.4542,4.5402000000000005
relaxed_ortho_3_A_23_P,-83.954,0.0908,-1234.3812,54.0406,-714.0658000000001,0.19619999999999999,548.574,74.6602
relaxed_ortho_3_A_23_Q,-84.04759999999999,-0.0036000000000000034,-1287.6676,0.7542,-714.258,0.003999999999999995,476.9764,3.0624
relaxed_ortho_3_A_23_R,-83.6036,0.4412,-1282.242,6.1798,-714.3584000000001,-0.0964,479.38199999999995,5.468
relaxed_ortho_3_A_23_S,-83.8676,0.1772,-1284.1604,4.2614,-714.3693999999999,-0.1076,478.23900000000003,4.325
relaxed_ortho_3_A_23_T,-83.69860000000001,0.3456,-1279.7526,8.6692,-714.3066,-0.0448,474.073,0.15919999999999995
relaxed_ortho_3_A_23_V,-83.363,0.6811999999999999,-1261.2656,27.156200000000002,-714.3435999999999,-0.0816,426.55820000000006,-47.3556
relaxed_ortho_3_A_23_W,-83.6446,0.39980000000000004,-1286.661,1.7608000000000001,-714.4026,-0.1406,475.8268,1.9128
relaxed_ortho_3_A_23_Y,-83.39020000000001,0.6542,-1287.7104,0.711,-714.2824,-0.020399999999999995,474.8212,0.9077999999999999
relaxed_ortho_3_A_24_A,-84.03479999999999,0.009599999999999997,-1283.7354,4.6862,-714.3584,-0.0964,479.44660000000005,5.5326
relaxed_ortho_3_A_24_C,-84.1208,-0.0764,-1283.4743999999998,4.9474,-714.2322,0.0298,481.312,7.3984
relaxed_ortho_3_A_24_D,-84.5922,-0.5476,-1284.4244,3.9974000000000003,-714.2312,0.0308,487.38,13.4662
relaxed_ortho_3_A_24_E,-82.9896,1.0550000000000002,-1288.4596,-0.03820000000000001,-713.5216,0.7404,475.2276,1.3142
relaxed_ortho_3_A_24_F,-84.0684,-0.023799999999999998,-1286.6462,1.7756,-714.3344,-0.07239999999999999,493.6952,19.781200000000002
relaxed_ortho_3_A_24_G,-83.9298,0.1146,-1281.1324,7.2896,-714.2622,-0.00020000000000000017,484.1634,10.249600000000001
relaxed_ortho_3_A_24_H,-84.074,-0.0294,-1285.1122,3.3095999999999997,-714.3456,-0.0836,493.37700000000007,19.463
relaxed_ortho_3_A_24_I,-84.2438,-0.1994,-1286.068,2.354,-714.2149999999999,0.047,489.08180000000004,15.168000000000001
relaxed_ortho_3_A_24_K,-84.0054,0.0392,-1285.012,3.4097999999999997,-714.232,0.029999999999999992,491.17780000000005,17.2638
relaxed_ortho_3_A_24_L,-84.23819999999999,-0.1934,-1285.1862,3.2354,-714.2572,0.004799999999999996,486.77979999999997,12.865800000000002
relaxed_ortho_3_A_24_M,-84.2534,-0.2084,-1284.0152,4.4068,-714.4649999999999,-0.20339999999999997,473.80699999999996,-0.10700000000000001
relaxed_ortho_3_A_24_N,-84.1662,-0.1222,-1283.554,4.8674,-714.3842000000001,-0.1222,480.69399999999996,6.780199999999999
relaxed_ortho_3_A_24_P,-84.12100000000001,-0.07620000000000002,-1284.261,4.1606000000000005,-713.8763999999999,0.3856,477.93140000000005,4.0174
relaxed_ortho_3_A_24_Q,-84.457,-0.41240000000000004,-1284.8984,3.5234,-714.3127999999999,-0.0508,477.9076,3.9938000000000002
relaxed_ortho_3_A_24_R,-84.1082,-0.0636,-1284.7816,3.6399999999999997,-714.2552,0.006799999999999995,490.24799999999993,16.334
relaxed_ortho_3_A_24_S,-84.01820000000001,0.0262,-1284.4188,4.003,-714.3412000000001,-0.0792,479.0906,5.1768
relaxed_ortho_3_A_24_T,-84.4518,-0.4074,-1285.8354,2.5862000000000003,-714.4802,-0.2182,476.4054,2.4916
relaxed_ortho_3_A_24_V,-84.16159999999999,-0.11699999999999999,-1286.4008,2.0212,-714.2944,-0.0324,489.5576,15.644
relaxed_ortho_3_A_24_W,-83.98339999999999,0.06100000000000001,-1286.0364,2.3852,-713.7747999999999,0.487,498.889,24.975
relaxed_ortho_3_A_24_Y,-84.089,-0.044199999999999996,-1286.8809999999999,1.5406,-714.2088,0.053200000000000004,499.8846,25.9714
relaxed_ortho_3_A_25_A,-83.0558,0.9888,-1278.8175999999999,9.6038,-713.5138,0.7482,486.3808,12.467400000000001
relaxed_ortho_3_A_25_C,-83.1118,0.9328,-1281.1292,7.2928,-713.552,0.71,484.04580000000004,10.132
relaxed_ortho_3_A_25_D,-82.9144,1.1300000000000001,-1278.6742,9.7474,-713.971,0.291,483.9976,10.0836
relaxed_ortho_3_A_25_E,-83.1648,0.8798,-1279.7526,8.6694,-713.6578,0.604,485.0562,11.142199999999999
relaxed_ortho_3_A_25_F,-85.87100000000001,-1.8262,-1273.9222,14.4994,-713.6288000000001,0.6332000000000001,479.52160000000003,5.6078
relaxed_ortho_3_A_25_G,-83.162,0.882,-1273.5894,14.832400000000002,-713.9177999999999,0.3442,490.90299999999996,16.9892
relaxed_ortho_3_A_25_H,-84.1356,-0.0912,-1273.9648,14.456999999999999,-714.0412,0.22080000000000002,483.535,9.6214
relaxed_ortho_3_A_25_I,-83.0096,1.0348,-1288.6406,-0.219,-713.3634,0.8984,474.7168,0.8028000000000001
relaxed_ortho_3_A_25_K,-83.9422,0.1024,-1264.1922,24.229599999999998,-714.238,0.024,496.9558,23.041800000000002
relaxed_ortho_3_A_25_L,-84.2436,-0.1986,-1282.2062,6.2158,-714.183,0.079,476.37579999999997,2.4618
relaxed_ortho_3_A_25_M,-83.5442,0.5004,-1280.7846,7.6372,-714.482,-0.22000000000000003,484.343,10.4292
relaxed_ortho_3_A_25_N,-83.792,0.2522,-1281.2208,7.2010000000000005,-714.2342,0.027800000000000002,476.5402,2.6264000000000003
relaxed_ortho_3_A_25_P,-83.57079999999999,0.4742,-1247.67,40.751999999999995,-713.9350000000001,0.3268,460.15,-13.764000000000001
relaxed_ortho_3_A_25_Q,-83.1042,0.9402000000000001,-1282.31,6.1114,-713.429,0.833,482.8872,8.9734
relaxed_ortho_3_A_25_R,-84.7156,-0.6706,-1265.8286,22.5934,-714.0754,0.18660000000000002,445.1124,-28.801599999999997
relaxed_ortho_3_A_25_S,-83.15119999999999,0.8936,-1279.352,9.0698,-713.4518,0.8102,485.7572,11.843399999999999
relaxed_ortho_3_A_25_T,-82.8978,1.1468,-1282.1396,6.2824,-713.6042,0.6576000000000001,481.4668,7.5527999999999995
relaxed_ortho_3_A_25_V,-83.0864,0.958,-1286.6938,1.7280000000000002,-713.5885999999999,0.6734,478.399,4.485
relaxed_ortho_3_A_25_W,-87.8846,-3.8402000000000003,-1251.307,37.114999999999995,-709.8628,4.399,424.98760000000004,-48.9262
relaxed_ortho_3_A_25_Y,-85.61479999999999,-1.5704,-1253.8827999999999,34.5392,-708.8098,5.4521999999999995,490.40680000000003,16.493000000000002
relaxed_ortho_3_A_26_A,-86.317,-2.272,-1286.2027999999998,2.2192,-713.5524,0.7096,477.46039999999994,3.5463999999999998
relaxed_ortho_3_A_26_C,-86.6358,-2.5916,-1284.549,3.8726,-713.457,0.805,479.8718,5.9582
relaxed_ortho_3_A_26_D,-82.8528,1.1918,-1285.779,2.643,-713.499,0.763,477.6032,3.6891999999999996
relaxed_ortho_3_A_26_E,-85.37819999999999,-1.3338,-1289.1694,-0.7476,-713.6184000000001,0.6436,475.0096,1.0957999999999999
relaxed_ortho_3_A_26_F,-87.0458,-3.001,-1287.181,1.2402,-713.6043999999999,0.6576000000000001,477.81219999999996,3.8982
relaxed_ortho_3_A_26_G,-84.94460000000001,-0.9,-1285.366,3.056,-713.7724000000001,0.4896,480.8594,6.945400000000001
relaxed_ortho_3_A_26_H,-86.355,-2.311,-1286.056,2.366,-713.535,0.727,477.98699999999997,4.073
relaxed_ortho_3_A_26_I,-85.8284,-1.784,-1278.8036,9.6184,-713.8386,0.4234,485.6232,11.7092
relaxed_ortho_3_A_26_K,-84.89,-0.8452,-1287.681,0.741,-713.3507999999999,0.9112,478.2844,4.3706000000000005
relaxed_ortho_3_A_26_L,-85.3708,-1.3266,-1289.711,-1.2892,-713.3052,0.9568,476.7786,2.8646000000000003
relaxed_ortho_3_A_26_M,-86.558,-2.5132000000000003,-1285.7048,2.717,-713.5505999999999,0.7114,478.75,4.836
relaxed_ortho_3_A_26_N,-86.1834,-2.1390000000000002,-1285.8192000000001,2.6024000000000003,-713.6174,0.6446,478.34979999999996,4.436
relaxed_ortho_3_A_26_P,-85.1914,-1.1472,-1285.2307999999998,3.1912,-713.7164,0.5456000000000001,480.767,6.853400000000001
relaxed_ortho_3_A_26_Q,-85.3016,-1.2568,-1288.9648000000002,-0.5428,-713.525,0.7368,478.5592,4.6452
relaxed_ortho_3_A_26_R,-91.1786,-7.133799999999999,-1289.9384,-1.5164,-714.2824,-0.020599999999999986,480.6286,6.7146
relaxed_ortho_3_A_26_S,-83.0324,1.012,-1288.537,-0.11499999999999999,-713.3314,0.9306000000000001,475.1998,1.2858
relaxed_ortho_3_A_26_T,-86.1212,-2.0766,-1285.3282,3.0934,-713.6346,0.6274,478.5694,4.6558
relaxed_ortho_3_A_26_V,-86.4358,-2.3914,-1284.2254,4.196,-713.7448,0.5172000000000001,480.96999999999997,7.056
relaxed_ortho_3_A_26_W,-87.35560000000001,-3.3114000000000003,-1286.4155999999998,2.006,-713.659,0.603,478.21279999999996,4.2988
relaxed_ortho_3_A_26_Y,-86.9468,-2.902,-1287.8906000000002,0.5314,-713.574,0.688,475.729,1.8152000000000001
relaxed_ortho_3_A_27_A,-83.1884,0.8562,-1286.0228000000002,2.399,-713.1333999999999,1.1283999999999998,477.1014,3.1874000000000002
relaxed_ortho_3_A_27_C,-82.83040000000001,1.2142,-1284.299,4.123,-713.184,1.0779999999999998,478.1152,4.2012
relaxed_ortho_3_A_27_D,-82.6608,1.3834,-1283.7814,4.6406,-714.25,0.012000000000000002,479.2916,5.3778
relaxed_ortho_3_A_27_E,-82.663,1.3814,-1286.1294,2.2922000000000002,-713.3754,0.8864000000000001,475.14279999999997,1.2288
relaxed_ortho_3_A_27_F,-83.537,0.5072,-1283.0244,5.3976,-713.8338,0.4282,484.42719999999997,10.513200000000001
relaxed_ortho_3_A_27_G,-83.6188,0.42560000000000003,-1282.2154,6.2064,-714.2148,0.047,479.322,5.4079999999999995
relaxed_ortho_3_A_27_H,-82.9118,1.133,-1283.4704,4.9514,-713.8428,0.4192,480.6854,6.771799999999999
relaxed_ortho_3_A_27_I,-82.649,1.396,-1280.4524,7.9694,-713.2558,1.0062,483.796,9.882200000000001
relaxed_ortho_3_A_27_K,-81.5904,2.4539999999999997,-1285.0511999999999,3.3706000000000005,-714.283,-0.021,475.4492,1.5354
relaxed_ortho_3_A_27_L,-82.1842,1.86,-1283.9542,4.4678,-714.0716,0.19039999999999999,478.4988,4.5847999999999995
relaxed_ortho_3_A_27_M,-84.2204,-0.176,-1287.709,0.713,-714.2948,-0.03280000000000001,475.238,1.324
relaxed_ortho_3_A_27_N,-83.1746,0.8698,-1284.8039999999999,3.6176000000000004,-714.3309999999999,-0.069,478.87700000000007,4.9632000000000005
relaxed_ortho_3_A_27_P,-83.8166,0.2278,-1284.9335999999998,3.4882,-714.249,0.013000000000000001,477.2584,3.3444000000000003
relaxed_ortho_3_A_27_Q,-81.197,2.8476,-1285.5912,2.8306,-713.5110000000001,0.7508,476.105,2.191
relaxed_ortho_3_A_27_R,-83.0188,1.0257999999999998,-1288.2777999999998,0.14420000000000002,-713.9008,0.3612,475.1786,1.2650000000000001
relaxed_ortho_3_A_27_S,-82.251,1.793,-1283.632,4.789,-714.293,-0.031,476.8639999999999,2.95
relaxed_ortho_3_A_27_T,-82.8168,1.228,-1283.854,4.5676000000000005,-714.3882,-0.1262,478.19219999999996,4.2782
relaxed_ortho_3_A_27_V,-82.3786,1.666,-1283.6996,4.722199999999999,-713.9078000000001,0.35419999999999996,476.471,2.5574
relaxed_ortho_3_A_27_W,-84.761,-0.7162,-1290.5013999999999,-2.0796,-718.0904,-3.8284,470.74760000000003,-3.1664000000000003
relaxed_ortho_3_A_27_Y,-85.741,-1.6964,-1284.7552,3.6666,-712.9712,1.2908,485.23519999999996,11.3216
relaxed_ortho_3_A_28_A,-82.9414,1.1032,-1289.3834000000002,-0.9618,-713.5304,0.7316,475.1316,1.2178
relaxed_ortho_3_A_28_C,-84.26140000000001,-0.21680000000000002,-1286.3486,2.073,-713.7322,0.5297999999999999,477.7106,3.7966
relaxed_ortho_3_A_28_D,-85.9716,-1.927,-1292.3164000000002,-3.8945999999999996,-713.7479999999999,0.514,476.6746,2.761
relaxed_ortho_3_A_28_E,-83.29740000000001,0.7470000000000001,-1288.7006,-0.27880000000000005,-712.943,1.3188,477.3836,3.47
relaxed_ortho_3_A_28_F,-82.5534,1.4908,-1284.627,3.7946,-713.0634,1.1986,478.5108,4.5969999999999995
relaxed_ortho_3_A_28_G,-83.1688,0.876,-1287.6442000000002,0.7772,-713.5672,0.6948000000000001,476.2236,2.3096000000000005
relaxed_ortho_3_A_28_H,-84.8296,-0.7847999999999999,-1288.1906000000001,0.2314,-714.0702,0.1918,477.94220000000007,4.029
relaxed_ortho_3_A_28_I,-82.4812,1.5632,-1284.5396,3.8822,-714.0602,0.2016,478.1564,4.2426
relaxed_ortho_3_A_28_K,-85.30499999999999,-1.261,-1291.0742,-2.6522,-713.3638,0.8981999999999999,475.00019999999995,1.0862
relaxed_ortho_3_A_28_L,-85.8562,-1.8115999999999999,-1288.2134,0.2082,-713.9478,0.31420000000000003,474.9014,0.9878
relaxed_ortho_3_A_28_M,-87.2578,-3.2128,-1288.0384,0.3834,-713.7624,0.49960000000000004,477.66220000000004,3.7481999999999998
relaxed_ortho_3_A_28_N,-88.2022,-4.1578,-1289.8337999999999,-1.4120000000000001,-713.1582000000001,1.1038000000000001,476.1202,2.2064
relaxed_ortho_3_A_28_P,-83.6184,0.4258,-1260.6638,27.757799999999996,-713.7536,0.5082,505.7874,31.873399999999997
relaxed_ortho_3_A_28_Q,-83.4436,0.6008,-1288.618,-0.196,-713.4087999999999,0.8532,475.3672,1.4538
relaxed_ortho_3_A_28_R,-83.0396,1.0048,-1288.5778,-0.156,-713.3932,0.8686,474.60020000000003,0.6866000000000001
relaxed_ortho_3_A_28_S,-82.92660000000001,1.1184,-1290.1689999999999,-1.7472,-713.5368000000001,0.7252,473.02880000000005,-0.8848
relaxed_ortho_3_A_28_T,-83.8572,0.1872,-1288.6255999999998,-0.20380000000000004,-713.9214,0.34059999999999996,475.43140000000005,1.5177999999999998
relaxed_ortho_3_A_28_V,-83.133,0.9116,-1285.7051999999999,2.7161999999999997,-713.4204,0.8416,476.7898,2.876
relaxed_ortho_3_A_28_W,-83.451,0.594,-1276.624,11.797999999999998,-713.8682000000001,0.39380000000000004,485.9758,12.0618
relaxed_ortho_3_A_28_Y,-80.06700000000001,3.9774000000000003,-1280.9378000000002,7.484,-712.9966000000001,1.2654,482.19480000000004,8.2808
relaxed_ortho_3_A_29_A,-84.1,-0.05499999999999999,-1285.1376,3.2844,-713.7724000000001,0.4896,478.65960000000007,4.7456
relaxed_ortho_3_A_29_C,-83.077,0.9673999999999999,-1283.8336,4.5884,-713.6418,0.6202,479.963,6.049200000000001
relaxed_ortho_3_A_29_D,-83.9802,0.0648,-1286.6906,1.7314,-714.3444000000001,-0.0824,476.7168,2.8028000000000004
relaxed_ortho_3_A_29_E,-84.048,-0.0032,-1287.6112,0.8106,-714.362,-0.1002,476.1218,2.2077999999999998
relaxed_ortho_3_A_29_F,-84.1126,-0.06839999999999999,-1285.5992,2.8228,-714.2698,-0.007800000000000001,476.12520000000006,2.2112000000000003
relaxed_ortho_3_A_29_G,-83.988,0.056400000000000006,-1282.5646000000002,5.857200000000001,-714.202,0.06,479.64579999999995,5.7324
relaxed_ortho_3_A_29_H,-84.65740000000001,-0.6132,-1285.4638,2.9582,-713.8190000000001,0.44299999999999995,476.274,2.3602
relaxed_ortho_3_A_29_I,-85.8142,-1.7695999999999998,-1281.539,6.882599999999999,-714.0598,0.20220000000000002,480.01899999999995,6.1052
relaxed_ortho_3_A_29_K,-83.4934,0.5514,-1285.1834000000001,3.2385999999999995,-713.9972,0.26480000000000004,478.3618,4.4478
relaxed_ortho_3_A_29_L,-82.9386,1.1061999999999999,-1288.6104,-0.1886,-713.5004,0.7615999999999999,475.11100000000005,1.197
relaxed_ortho_3_A_29_M,-82.956,1.0884,-1284.4514,3.9704,-713.8858,0.3762,477.73159999999996,3.8176
relaxed_ortho_3_A_29_N,-83.9268,0.1182,-1285.857,2.5642,-714.3554,-0.0934,477.881,3.967
relaxed_ortho_3_A_29_P,-84.2054,-0.1608,-1258.1456,30.2762,-713.2184,1.0436,507.8996,33.9856
relaxed_ortho_3_A_29_Q,-83.3494,0.6954,-1288.8256000000001,-0.40380000000000005,-714.1515999999999,0.11040000000000001,472.99899999999997,-0.9148
relaxed_ortho_3_A_29_R,-83.559,0.4854,-1283.6864,4.7354,-713.9026,0.3594,479.7236,5.8098
relaxed_ortho_3_A_29_S,-84.0716,-0.027200000000000002,-1285.3272000000002,3.0948,-714.3898,-0.1278,477.5044,3.5904000000000003
relaxed_ortho_3_A_29_T,-84.0466,-0.0024000000000000002,-1285.6838,2.7382,-714.261,0.0010000000000000037,476.5696,2.6558
relaxed_ortho_3_A_29_V,-85.4656,-1.4208,-1278.4486000000002,9.9734,-714.1706,0.09140000000000001,483.026,9.112
relaxed_ortho_3_A_29_W,-84.0078,0.0368,-1282.7878,5.6338,-713.7876,0.47420000000000007,480.7416,6.8275999999999994
relaxed_ortho_3_A_29_Y,-83.78880000000001,0.256,-1285.6970000000001,2.725,-714.426,-0.164,477.1728,3.2588
relaxed_ortho_3_A_30_A,-82.3952,1.6492,-1281.694,6.7274,-713.6366,0.6254,483.2994,9.3856
relaxed_ortho_3_A_30_C,-82.328,1.7166000000000001,-1282.925,5.497,-713.7054,0.5566,481.3,7.386
relaxed_ortho_3_A_30_D,-82.5016,1.5432000000000001,-1281.072,7.3496,-713.617,0.645,483.8394,9.9256
relaxed_ortho_3_A_30_E,-85.122,-1.0779999999999998,-1279.7214,8.6998,-714.3548,-0.09280000000000001,484.0186,10.104600000000001
relaxed_ortho_3_A_30_F,-88.2038,-4.1596,-1281.9851999999998,6.4368,-713.8716000000001,0.39039999999999997,485.1238,11.209800000000001
relaxed_ortho_3_A_30_G,-82.6416,1.403,-1277.4278,10.9938,-713.6244,0.6376000000000001,486.94480000000004,13.031200000000002
relaxed_ortho_3_A_30_H,-87.78240000000001,-3.7378,-1280.8265999999999,7.594799999999999,-714.0060000000001,0.256,485.50419999999997,11.5902
relaxed_ortho_3_A_30_I,-82.8102,1.2344,-1288.5430000000001,-0.1214,-713.48,0.782,475.558,1.6439999999999997
relaxed_ortho_3_A_30_K,-87.2188,-3.1742,-1276.2804,12.1416,-714.335,-0.073,491.61980000000005,17.7058
relaxed_ortho_3_A_30_L,-83.0198,1.0246,-1286.8536,1.5684,-713.6258,0.6362,474.9794,1.0655999999999999
relaxed_ortho_3_A_30_M,-82.9762,1.0688,-1281.6542,6.7672,-713.264,0.998,484.1236,10.209999999999999
relaxed_ortho_3_A_30_N,-82.6466,1.3981999999999999,-1281.3304,7.0914,-713.6863999999999,0.5756,482.4656,8.5516
relaxed_ortho_3_A_30_P,-58.41459999999999,25.630200000000002,-983.6718000000001,304.7502,-642.6504,71.6114,427.80820000000006,-46.1058
relaxed_ortho_3_A_30_Q,-84.6274,-0.583,-1279.2646,9.157,-714.519,-0.257,484.3356,10.4216
relaxed_ortho_3_A_30_R,-86.5428,-2.498,-1275.569,12.853,-714.1884,0.0736,490.02740000000006,16.113599999999998
relaxed_ortho_3_A_30_S,-82.5532,1.4912,-1281.3532,7.0688,-713.5008,0.7612,483.20500000000004,9.291
relaxed_ortho_3_A_30_T,-82.3978,1.6469999999999998,-1285.0166,3.405,-713.5106,0.7514000000000001,480.10839999999996,6.194599999999999
relaxed_ortho_3_A_30_V,-82.3972,1.6469999999999998,-1288.9317999999998,-0.51,-713.6672,0.5948,475.2389999999999,1.325
relaxed_ortho_3_A_30_W,-87.8394,-3.7948,-1267.1028000000001,21.319200000000002,-712.145,2.117,498.15860000000004,24.2446
relaxed_ortho_3_A_30_Y,-88.4768,-4.432,-1277.9868000000001,10.4352,-713.6442,0.6178,489.4144,15.500399999999999
relaxed_ortho_3_A_31_A,-87.0514,-3.0074,-1282.4422,5.9798,-714.3468,-0.08480000000000001,483.50780000000003,9.5938
relaxed_ortho_3_A_31_C,-85.7872,-1.7431999999999999,-1281.4728,6.949000000000001,-714.359,-0.097,483.81239999999997,9.8986
relaxed_ortho_3_A_31_D,-83.0754,0.9696,-1288.4218,0.0,-713.7734,0.48860000000000003,475.2952,1.3812000000000002
relaxed_ortho_3_A_31_E,-86.89439999999999,-2.8494,-1284.4569999999999,3.9647999999999994,-714.4986,-0.2366,483.29040000000003,9.3766
relaxed_ortho_3_A_31_F,-87.8668,-3.8228,-1281.5834,6.8378,-714.2646,-0.0026000000000000025,484.40299999999996,10.489
relaxed_ortho_3_A_31_G,-86.7716,-2.7276,-1278.1367999999998,10.2852,-714.3851999999999,-0.1232,488.6164,14.7024
relaxed_ortho_3_A_31_H,-87.6784,-3.6333999999999995,-1281.282,7.139999999999999,-714.1912,0.0708,485.92299999999994,12.009
relaxed_ortho_3_A_31_I,-86.21900000000001,-2.1746,-1277.595,10.8268,-714.4026,-0.1406,489.957,16.0434
relaxed_ortho_3_A_31_K,-87.3214,-3.2765999999999997,-1280.2376,8.1844,-714.3394000000001,-0.0774,486.78679999999997,12.873000000000001
relaxed_ortho_3_A_31_L,-87.7542,-3.7094,-1282.0004000000001,6.4216,-714.2072000000001,0.054799999999999995,485.07160000000005,11.158
relaxed_ortho_3_A_31_M,-92.08500000000001,-8.040600000000001,-1280.5194,7.9024,-714.4316,-0.16960000000000003,489.7722,15.8582
relaxed_ortho_3_A_31_N,-87.17339999999999,-3.129,-1284.349,4.0728,-714.3674,-0.10540000000000001,482.2102,8.2964
relaxed_ortho_3_A_31_P,-86.69800000000001,-2.6536,-1246.7992,41.6224,-713.3416,0.9204000000000001,517.3514,43.437599999999996
relaxed_ortho_3_A_31_Q,-87.0248,-2.9804000000000004,-1282.7396,5.682,-714.2612,0.000799999999999998,484.809,10.895
relaxed_ortho_3_A_31_R,-87.1782,-3.1338,-1279.6212,8.8008,-714.4442,-0.1822,485.5094,11.595600000000001
relaxed_ortho_3_A_31_S,-87.09740000000001,-3.0528,-1282.7959999999998,5.626,-714.2908,-0.028800000000000003,483.94899999999996,10.0354
relaxed_ortho_3_A_31_T,-85.0486,-1.0046,-1280.6446,7.7774,-714.2592000000001,0.0026000000000000025,483.3382,9.4242
relaxed_ortho_3_A_31_V,-86.3742,-2.33,-1276.5948,11.8268,-714.0466,0.21539999999999998,488.31000000000006,14.396199999999999
relaxed_ortho_3_A_31_W,-87.5522,-3.5076,-1277.4876,10.9344,-714.2418,0.019999999999999997,489.9334,16.0196
relaxed_ortho_3_A_31_Y,-88.0796,-4.035,-1281.181,7.241,-714.3912,-0.12919999999999998,485.8674,11.953999999999999
relaxed_ortho_3_A_32_A,-83.14880000000001,0.8958,-1285.4538,2.9678,-713.3299999999999,0.9318,478.0334,4.1196
relaxed_ortho_3_A_32_C,-83.1596,0.8854,-1284.1327999999999,4.289,-713.5600000000001,0.7016,480.3696,6.455800000000001
relaxed_ortho_3_A_32_D,-83.61580000000001,0.42919999999999997,-1284.2134,4.2086,-714.3332,-0.07120000000000001,478.12780000000004,4.2138
relaxed_ortho_3_A_32_E,-83.1778,0.8666,-1286.1276000000003,2.2942,-713.4644000000001,0.7974,477.01779999999997,3.104
relaxed_ortho_3_A_32_F,-81.7242,2.3202,-1283.0880000000002,5.3338,-712.7358,1.5262,480.93,7.0162
relaxed_ortho_3_A_32_G,-82.86019999999999,1.1842000000000001,-1284.5710000000001,3.8503999999999996,-713.3332,0.9288000000000001,478.16499999999996,4.2512
relaxed_ortho_3_A_32_H,-83.36420000000001,0.6801999999999999,-1284.8074000000001,3.614,-713.1192,1.1428,479.2326,5.3188
relaxed_ortho_3_A_32_I,-86.3952,-2.3512,-1284.8232,3.5986,-713.7706000000001,0.49139999999999995,480.6834,6.7694
relaxed_ortho_3_A_32_K,-82.9936,1.0508,-1287.4604,0.9613999999999999,-713.3674,0.8946,476.229,2.315
relaxed_ortho_3_A_32_L,-83.1528,0.8916000000000001,-1286.8085999999998,1.6132000000000002,-713.3543999999999,0.9074,477.44660000000005,3.5328000000000004
relaxed_ortho_3_A_32_M,-83.9774,0.06740000000000002,-1284.9152,3.5067999999999997,-713.402,0.8598000000000001,478.80820000000006,4.894399999999999
relaxed_ortho_3_A_32_N,-83.37339999999999,0.6712,-1287.2694,1.1526,-714.365,-0.10300000000000001,475.5616,1.6481999999999999
relaxed_ortho_3_A_32_P,-83.2316,0.813,-1287.1196,1.3024,-713.2860000000001,0.976,476.566,2.652
relaxed_ortho_3_A_32_Q,-83.0994,0.945,-1288.4736,-0.052000000000000005,-713.3968,0.865,474.9764,1.0626000000000002
relaxed_ortho_3_A_32_R,-82.9644,1.0798,-1288.5914,-0.1702,-713.4338,0.8282,474.59499999999997,0.6812
relaxed_ortho_3_A_32_S,-82.7244,1.3198,-1286.6950000000002,1.7269999999999999,-713.3368,0.9252,477.012,3.098
relaxed_ortho_3_A_32_T,-83.14959999999999,0.8948,-1286.95,1.4718,-713.3238,0.9381999999999999,477.11899999999997,3.2052
relaxed_ortho_3_A_32_V,-84.762,-0.7172,-1284.299,4.122999999999999,-714.2275999999999,0.03440000000000001,478.788,4.8740000000000006
relaxed_ortho_3_A_32_W,-84.71180000000001,-0.6676,-1288.4684000000002,-0.04639999999999993,-713.4712000000001,0.7908,475.57460000000003,1.6608
relaxed_ortho_3_A_32_Y,-88.7432,-4.699,-1286.3326000000002,2.0892,-712.7244,1.5376,480.049,6.135199999999999
relaxed_ortho_3_A_33_A,-81.313,2.7314,-1288.0338,0.38780000000000003,-713.823,0.43899999999999995,473.0054,-0.9082000000000001
relaxed_ortho_3_A_33_C,-82.7868,1.2582,-1287.6584,0.7632,-714.7676,-0.5056,473.18459999999993,-0.7292
relaxed_ortho_3_A_33_D,-81.0068,3.0382000000000002,-1288.5106,-0.0888,-714.5942,-0.3324,471.6816,-2.2323999999999997
relaxed_ortho_3_A_33_E,-81.53979999999999,2.5052,-1285.9389999999999,2.483,-714.2484000000001,0.013600000000000001,473.5044,-0.4096
relaxed_ortho_3_A_33_F,-83.3078,0.7372,-1286.3139999999999,2.1074,-713.6198,0.6422,476.83459999999997,2.9208
relaxed_ortho_3_A_33_G,-81.19800000000001,2.8464,-1287.0558,1.366,-713.8056,0.45640000000000003,474.688,0.7744
relaxed_ortho_3_A_33_H,-81.9552,2.0896,-1289.0262,-0.6043999999999999,-714.7142,-0.45220000000000005,471.3634,-2.5502
relaxed_ortho_3_A_33_I,-85.14439999999999,-1.0998,-1286.2118,2.21,-713.62,0.6418,475.77079999999995,1.8572
relaxed_ortho_3_A_33_K,-83.515,0.5298,-1291.9102,-3.4884,-714.3050000000001,-0.04300000000000002,472.0568,-1.857
relaxed_ortho_3_A_33_L,-82.46979999999999,1.5752,-1288.3388,0.083,-712.9828,1.2792,471.8656,-2.0478
relaxed_ortho_3_A_33_M,-83.5938,0.4508,-1286.9412,1.4808,-713.7864,0.4756,474.6594,0.7458
relaxed_ortho_3_A_33_N,-80.60640000000001,3.438,-1288.4512,-0.029400000000000003,-714.1714,0.09060000000000001,472.73780000000005,-1.176
relaxed_ortho_3_A_33_P,-81.416,2.629,-1268.1212,20.3008,-714.5786,-0.31660000000000005,492.09139999999996,18.177799999999998
relaxed_ortho_3_A_33_Q,-81.5278,2.5168,-1287.7596,0.6622,-713.8642,0.39780000000000004,473.14700000000005,-0.7666
relaxed_ortho_3_A_33_R,-81.6696,2.375,-1290.3382000000001,-1.9166,-713.9626000000001,0.2994,469.1308,-4.7829999999999995
relaxed_ortho_3_A_33_S,-81.1316,2.9132000000000002,-1290.758,-2.3366,-713.671,0.5908,470.69840000000005,-3.2156
relaxed_ortho_3_A_33_T,-83.16279999999999,0.8818000000000001,-1288.0675999999999,0.354,-714.0838,0.1782,474.3962,0.4824
relaxed_ortho_3_A_33_V,-85.0564,-1.012,-1286.5934000000002,1.8286000000000002,-713.243,1.019,475.066,1.1522
relaxed_ortho_3_A_33_W,-82.8298,1.2147999999999999,-1286.5306,1.8912,-714.6346,-0.3726,473.54179999999997,-0.37200000000000005
relaxed_ortho_3_A_33_Y,-83.4624,0.5821999999999999,-1286.5064,1.9154,-713.9631999999999,0.2988,475.30640000000005,1.3928
relaxed_ortho_3_A_34_A,-86.5368,-2.4922,-1287.0536,1.3684,-714.3023999999999,-0.0404,477.59040000000005,3.6765999999999996
relaxed_ortho_3_A_34_C,-85.2252,-1.1809999999999998,-1285.8026,2.6189999999999998,-714.5692,-0.30720000000000003,478.6224,4.708399999999999
relaxed_ortho_3_A_34_D,-81.61319999999999,2.4312,-1285.7379999999998,2.6838,-714.1254,0.1366,476.5368,2.6231999999999998
relaxed_ortho_3_A_34_E,-87.13419999999999,-3.0898,-1290.4630000000002,-2.0412,-713.5394,0.7226,474.8266,0.9126
relaxed_ortho_3_A_34_F,-86.6996,-2.6552,-1289.0318,-0.6100000000000001,-714.5690000000001,-0.30720000000000003,474.65779999999995,0.744
relaxed_ortho_3_A_34_G,-85.47380000000001,-1.4294,-1286.2408,2.1811999999999996,-713.6899999999999,0.572,476.2344,2.3205999999999998
relaxed_ortho_3_A_34_H,-89.9872,-5.9424,-1290.5404,-2.1184,-713.8202,0.4418,473.14160000000004,-0.7724
relaxed_ortho_3_A_34_I,-87.0646,-3.0202,-1288.9752,-0.5532,-714.1658,0.0962,477.04499999999996,3.1312
relaxed_ortho_3_A_34_K,-88.67060000000001,-4.6262,-1294.084,-5.662000000000001,-715.2414,-0.9794,474.0094,0.09579999999999997
relaxed_ortho_3_A_34_L,-90.03439999999999,-5.9896,-1292.6368,-4.215,-714.7202,-0.45820000000000005,471.1808,-2.7332
relaxed_ortho_3_A_34_M,-87.16040000000001,-3.1162,-1287.074,1.348,-714.5988,-0.337,477.63419999999996,3.7201999999999997
relaxed_ortho_3_A_34_N,-83.85,0.195,-1288.057,0.365,-714.415,-0.153,473.69899999999996,-0.21400000000000002
relaxed_ortho_3_A_34_P,-88.09880000000001,-4.054,-1277.6655999999998,10.7562,-714.1881999999999,0.07379999999999998,484.68100000000004,10.7676
relaxed_ortho_3_A_34_Q,-88.6226,-4.578,-1290.6726,-2.2508,-713.624,0.6380000000000001,473.3992,-0.5147999999999999
relaxed_ortho_3_A_34_R,-88.5864,-4.5416,-1293.9669999999999,-5.545,-715.4363999999999,-1.1747999999999998,476.322,2.4082
relaxed_ortho_3_A_34_S,-85.5146,-1.47,-1287.1428,1.279,-714.0208,0.2412,476.83060000000006,2.9168
relaxed_ortho_3_A_34_T,-84.0472,-0.0027999999999999995,-1289.2826,-0.8608,-713.9618,0.30019999999999997,472.45020000000005,-1.4638
relaxed_ortho_3_A_34_V,-86.553,-2.5084,-1290.1414,-1.7193999999999998,-714.74,-0.4782,473.9516,0.037800000000000035
relaxed_ortho_3_A_34_W,-87.547,-3.5025999999999997,-1287.256,1.166,-714.317,-0.05500000000000001,477.0964,3.1824
relaxed_ortho_3_A_34_Y,-88.7984,-4.7538,-1291.2172,-2.7952,-714.3916,-0.1296,473.041,-0.8725999999999999
relaxed_ortho_3_A_35_A,-82.9854,1.0588,-1288.2934,0.12840000000000001,-713.9054,0.3566,475.62659999999994,1.7125999999999997
relaxed_ortho_3_A_35_C,-84.2966,-0.25220000000000004,-1288.3628,0.05919999999999999,-715.2922000000001,-1.0302,477.62839999999994,3.7144
relaxed_ortho_3_A_35_D,-76.33099999999999,7.7136,-1284.394,4.0276,-715.5726,-1.3106,472.7934,-1.1204
relaxed_ortho_3_A_35_E,-76.6464,7.3984000000000005,-1282.5077999999999,5.914,-713.8756000000001,0.3862,473.671,-0.2428
relaxed_ortho_3_A_35_F,-84.2886,-0.24400000000000013,-1285.857,2.5648000000000004,-710.3362,3.9258,470.96819999999997,-2.9454000000000002
relaxed_ortho_3_A_35_G,-80.712,3.3326000000000002,-1284.4182,4.0038,-713.9236,0.33840000000000003,475.06679999999994,1.1528
relaxed_ortho_3_A_35_H,-76.6922,7.3524,-1280.387,8.0344,-711.853,2.409,471.52920000000006,-2.3848
relaxed_ortho_3_A_35_I,-81.52759999999999,2.5170000000000003,-1278.6676,9.754000000000001,-710.0566,4.2054,475.25159999999994,1.3376
relaxed_ortho_3_A_35_K,-77.46459999999999,6.5802,-1288.0854,0.3364,-716.2586,-1.9965999999999997,467.2782,-6.635800000000001
relaxed_ortho_3_A_35_L,-75.47200000000001,8.572399999999998,-1281.1862,7.2356,-712.3842000000001,1.8778,472.6696,-1.2440000000000002
relaxed_ortho_3_A_35_M,-77.3216,6.722799999999999,-1281.5664000000002,6.8554,-713.119,1.143,479.1884,5.2744
relaxed_ortho_3_A_35_N,-77.896,6.1482,-1285.8916,2.5300000000000002,-715.5914,-1.3294000000000001,472.0314,-1.8823999999999999
relaxed_ortho_3_A_35_P,-86.6196,-2.5747999999999998,-1286.3826000000001,2.0392,-712.9734,1.2886,472.514,-1.4
relaxed_ortho_3_A_35_Q,-79.2412,4.803,-1289.0588,-0.6372,-717.333,-3.071,469.4108,-4.5032
relaxed_ortho_3_A_35_R,-80.0906,3.9537999999999998,-1290.8092000000001,-2.3876,-717.9667999999999,-3.7048,467.91880000000003,-5.9952
relaxed_ortho_3_A_35_S,-83.46220000000001,0.5826,-1288.2642,0.1572,-714.7102000000001,-0.44820000000000004,474.14520000000005,0.23120000000000002
relaxed_ortho_3_A_35_T,-83.08699999999999,0.9574,-1288.6906,-0.2688,-715.2747999999999,-1.0128,475.2786,1.365
relaxed_ortho_3_A_35_V,-83.81120000000001,0.2332,-1288.943,-0.521,-715.4332,-1.1712,474.4406,0.5269999999999999
relaxed_ortho_3_A_35_W,-79.17999999999999,4.8644,-1276.7838,11.638200000000001,-710.2632,3.9988,482.8812,8.967400000000001
relaxed_ortho_3_A_35_Y,-83.8348,0.2098,-1285.4582,2.9634,-711.8754,2.3866,470.75079999999997,-3.1632000000000002
relaxed_ortho_3_A_36_A,-88.5402,-4.4958,-1290.634,-2.2123999999999997,-713.9026,0.3594,473.80519999999996,-0.10880000000000001
relaxed_ortho_3_A_36_C,-83.9422,0.1022,-1286.591,1.8308,-713.7064,0.5556,474.8594,0.9458
relaxed_ortho_3_A_36_D,-86.092,-2.0472,-1288.2423999999999,0.17960000000000004,-713.4212,0.8408,474.826,0.9120000000000001
relaxed_ortho_3_A_36_E,-79.4842,4.5600000000000005,-1282.8226,5.599,-712.507,1.7546,476.69980000000004,2.786
relaxed_ortho_3_A_36_F,-85.42699999999999,-1.3826,-1287.7144,0.7076,-714.2684,-0.006399999999999961,478.15239999999994,4.239
relaxed_ortho_3_A_36_G,-83.90520000000001,0.13920000000000002,-1287.5498,0.8722,-714.2468,0.015,474.6344,0.7205999999999999
relaxed_ortho_3_A_36_H,-87.5888,-3.5439999999999996,-1286.4928,1.9291999999999998,-714.423,-0.16099999999999998,479.2438,5.3306
relaxed_ortho_3_A_36_I,-87.05760000000001,-3.0132000000000003,-1287.6252,0.7964,-712.0152,2.2466,474.37780000000004,0.4638
relaxed_ortho_3_A_36_K,-81.2286,2.8156,-1285.1122,3.3096000000000005,-712.8934,1.3684,476.62299999999993,2.709
relaxed_ortho_3_A_36_L,-86.5962,-2.5518,-1287.9566,0.465,-713.0236,1.2384,471.7414,-2.1726
relaxed_ortho_3_A_36_M,-82.0562,1.9882000000000002,-1285.3138000000001,3.1076,-713.048,1.214,476.74399999999997,2.83
relaxed_ortho_3_A_36_N,-83.20840000000001,0.8362,-1288.1889999999999,0.233,-714.1422,0.11979999999999999,474.55240000000003,0.6386
relaxed_ortho_3_A_36_P,-89.4506,-5.4058,-1284.5454,3.8766,-713.0994,1.1625999999999999,479.3846,5.4706
relaxed_ortho_3_A_36_Q,-83.3404,0.704,-1286.4648,1.957,-714.318,-0.05600000000000001,474.7518,0.8378
relaxed_ortho_3_A_36_R,-82.3172,1.7274,-1284.8152,3.6068,-712.3204,1.9414000000000002,476.68140000000005,2.7674
relaxed_ortho_3_A_36_S,-85.51759999999999,-1.473,-1288.2604,0.1614,-714.3884,-0.1264,473.96999999999997,0.05620000000000001
relaxed_ortho_3_A_36_T,-85.6072,-1.5626,-1289.0996,-0.678,-712.5612,1.7007999999999999,473.19220000000007,-0.7213999999999999
relaxed_ortho_3_A_36_V,-85.19460000000001,-1.1498000000000002,-1286.5185999999999,1.9032,-712.7544,1.5074,476.4982,2.5842
relaxed_ortho_3_A_36_W,-82.461,1.5834,-1278.5234,9.898599999999998,-712.8464,1.4156,486.9294,13.0154
relaxed_ortho_3_A_36_Y,-88.7034,-4.6586,-1288.0490000000002,0.3728000000000001,-713.7748,0.48719999999999997,478.657,4.7432
relaxed_ortho_3_A_37_A,-87.4128,-3.3678,-1281.8288,6.5927999999999995,-714.0255999999999,0.2364,484.3518,10.4378
relaxed_ortho_3_A_37_C,-87.1044,-3.06,-1280.6511999999998,7.7704,-713.706,0.556,484.48900000000003,10.575
relaxed_ortho_3_A_37_D,-84.2086,-0.1646,-1280.524,7.8976,-713.634,0.6278,481.57880000000006,7.6648
relaxed_ortho_3_A_37_E,-87.3792,-3.3346000000000005,-1281.0574000000001,7.364199999999999,-713.6098,0.6519999999999999,480.76900000000006,6.855199999999999
relaxed_ortho_3_A_37_F,-83.86,0.184,-1288.0538000000001,0.3676,-714.404,-0.14200000000000002,475.14279999999997,1.2288000000000001
relaxed_ortho_3_A_37_G,-87.6034,-3.5591999999999997,-1283.776,4.6457999999999995,-713.3288,0.9332,479.4322,5.5184
relaxed_ortho_3_A_37_H,-85.6576,-1.6134,-1283.8346,4.5872,-714.0274000000001,0.2346,481.0688,7.154999999999999
relaxed_ortho_3_A_37_I,-83.526,0.5184,-1283.4718,4.9494,-713.5922,0.6698000000000001,475.5514,1.6375999999999997
relaxed_ortho_3_A_37_K,-82.02239999999999,2.022,-1273.1544,15.2674,-713.938,0.324,488.578,14.663999999999998
relaxed_ortho_3_A_37_L,-87.1852,-3.1406,-1280.7405999999999,7.6812,-713.9073999999999,0.3546,484.53540000000004,10.6214
relaxed_ortho_3_A_37_M,-85.911,-1.8661999999999999,-1282.974,5.4479999999999995,-714.1582000000001,0.10379999999999998,482.9134,8.9994
relaxed_ortho_3_A_37_N,-87.777,-3.732,-1280.9878,7.4342,-714.0658,0.19619999999999999,484.6094,10.6954
relaxed_ortho_3_A_37_P,-87.09,-3.0454,-1273.0790000000002,15.342400000000001,-713.8212,0.44079999999999997,484.72200000000004,10.808
relaxed_ortho_3_A_37_Q,-85.035,-0.9904,-1280.5636,7.8578,-713.6432,0.6188,481.2706,7.3566
relaxed_ortho_3_A_37_R,-85.96119999999999,-1.9167999999999998,-1275.0986,13.323400000000001,-713.9929999999999,0.269,486.3746,12.4606
relaxed_ortho_3_A_37_S,-87.02080000000001,-2.976,-1281.4174,7.0042,-713.8134,0.4486,484.45640000000003,10.5426
relaxed_ortho_3_A_37_T,-87.3058,-3.2616,-1280.7342,7.6872,-713.8932000000001,0.36879999999999996,485.14660000000003,11.2326
relaxed_ortho_3_A_37_V,-83.6918,0.3528,-1281.6828,6.7388,-713.5466,0.7152000000000001,478.0242,4.1104
relaxed_ortho_3_A_37_W,-87.65599999999999,-3.6114000000000006,-1280.4,8.0216,-714.3066,-0.04460000000000001,486.8248,12.910999999999998
relaxed_ortho_3_A_37_Y,-83.88879999999999,0.1558,-1286.8888,1.5328,-714.2288000000001,0.03319999999999999,477.3822,3.4686
relaxed_ortho_3_A_38_A,-79.1914,4.852600000000001,-1283.5430000000001,4.8788,-714.7116,-0.44960000000000006,474.01900000000006,0.10500000000000001
relaxed_ortho_3_A_38_C,-81.75500000000001,2.2893999999999997,-1284.1874,4.2346,-714.4788,-0.21719999999999998,477.63,3.7164
relaxed_ortho_3_A_38_D,-74.4562,9.5882,-1280.3984,8.023399999999999,-714.078,0.184,465.76300000000003,-8.1506
relaxed_ortho_3_A_38_E,-74.6026,9.4422,-1280.5816,7.839799999999999,-714.1931999999999,0.0688,473.032,-0.8817999999999999
relaxed_ortho_3_A_38_F,-80.822,3.223,-1285.193,3.228,-714.888,-0.626,476.041,2.128
relaxed_ortho_3_A_38_G,-78.241,5.803800000000001,-1281.7914,6.630599999999999,-714.5558000000001,-0.2938,475.24480000000005,1.3308
relaxed_ortho_3_A_38_H,-78.6532,5.3914,-1283.2464,5.175199999999999,-713.3140000000001,0.9480000000000001,473.07079999999996,-0.843
relaxed_ortho_3_A_38_I,-82.1114,1.9332,-1288.0706,0.3512,-713.1184,1.1436,476.034,2.12
relaxed_ortho_3_A_38_K,-73.5582,10.4862,-1279.6691999999998,8.752600000000001,-713.8684000000001,0.3936,459.61080000000004,-14.302600000000002
relaxed_ortho_3_A_38_L,-83.1472,0.897,-1288.0414,0.3804,-712.8178,1.4442,473.0218,-0.8919999999999998
relaxed_ortho_3_A_38_M,-82.4398,1.6046,-1287.1532,1.2686,-713.4592,0.8026,472.60959999999994,-1.3044
relaxed_ortho_3_A_38_N,-79.7188,4.3258,-1283.6064000000001,4.8156,-714.1024,0.15960000000000002,476.3382,2.4246
relaxed_ortho_3_A_38_P,-85.093,-1.0488,-1275.8172,12.6044,-713.9972,0.26480000000000004,473.1322,-0.7818
relaxed_ortho_3_A_38_Q,-79.971,4.074,-1285.4833999999998,2.9384,-713.2734,0.9885999999999999,472.9416,-0.9722
relaxed_ortho_3_A_38_R,-75.94359999999999,8.100999999999999,-1281.5116,6.9104,-712.803,1.459,454.9576,-18.956
relaxed_ortho_3_A_38_S,-79.61500000000001,4.429399999999999,-1285.4952,2.9265999999999996,-714.4202,-0.15819999999999998,475.64220000000006,1.7284
relaxed_ortho_3_A_38_T,-80.27560000000001,3.7692,-1285.4848,2.9372,-714.2772,-0.015200000000000002,472.70820000000003,-1.2054
relaxed_ortho_3_A_38_V,-81.6336,2.4108,-1287.221,1.2007999999999999,-714.2098,0.0522,472.41459999999995,-1.4994
relaxed_ortho_3_A_38_W,-74.33279999999999,9.7118,-1279.8022,8.6192,-714.7274,-0.46560000000000007,477.5876,3.6735999999999995
relaxed_ortho_3_A_38_Y,-77.86800000000001,6.1762,-1282.6188,5.8031999999999995,-711.454,2.8078,473.51660000000004,-0.3974
relaxed_ortho_3_A_39_A,-82.75280000000001,1.292,-1281.2534,7.1684,-713.482,0.78,482.2858,8.372
relaxed_ortho_3_A_39_C,-82.87180000000001,1.1728,-1283.4292,4.9926,-713.4278,0.8342,480.00640000000004,6.0924
relaxed_ortho_3_A_39_D,-83.934,0.1102,-1279.1006,9.321200000000001,-714.2484,0.013399999999999999,483.5992,9.6854
relaxed_ortho_3_A_39_E,-83.8414,0.2032,-1272.3344000000002,16.087600000000002,-713.9300000000001,0.33199999999999996,491.4244,17.510399999999997
relaxed_ortho_3_A_39_F,-87.554,-3.5098,-1274.826,13.5958,-714.3844,-0.1224,497.06980000000004,23.156
relaxed_ortho_3_A_39_G,-82.7162,1.3282,-1276.0388,12.383199999999999,-713.7927999999999,0.4692,488.0638,14.1504
relaxed_ortho_3_A_39_H,-85.7222,-1.6782,-1271.7474,16.674599999999998,-713.6659999999999,0.5958,494.767,20.853
relaxed_ortho_3_A_39_I,-84.17960000000001,-0.13540000000000002,-1285.6758,2.746,-714.2378000000001,0.024,477.2984,3.3844000000000003
relaxed_ortho_3_A_39_K,-86.54979999999999,-2.505,-1266.9746,21.4464,-714.0936,0.1684,499.1726,25.2586
relaxed_ortho_3_A_39_L,-85.5332,-1.489,-1282.1092,6.3128,-714.0994000000001,0.1624,481.16859999999997,7.254600000000001
relaxed_ortho_3_A_39_M,-84.7054,-0.6608,-1280.959,7.4626,-714.2268,0.034999999999999996,483.51759999999996,9.6036
relaxed_ortho_3_A_39_N,-83.6016,0.4426,-1281.1224,7.2996,-714.2041999999999,0.0578,482.3338,8.419799999999999
relaxed_ortho_3_A_39_P,-82.99199999999999,1.0524,-1267.6065999999998,20.815199999999997,-713.4284,0.8336,492.96000000000004,19.0466
relaxed_ortho_3_A_39_Q,-86.2884,-2.244,-1273.0288,15.393200000000002,-713.7816,0.48019999999999996,490.1026,16.189
relaxed_ortho_3_A_39_R,-87.5596,-3.5153999999999996,-1253.533,34.888999999999996,-714.0696,0.1924,472.49480000000005,-1.4192
relaxed_ortho_3_A_39_S,-82.8388,1.206,-1281.6038,6.8182,-713.4948,0.7672,482.74660000000006,8.8326
relaxed_ortho_3_A_39_T,-82.79299999999999,1.2518,-1285.4496,2.972,-713.7352,0.5268,478.139,4.2252
relaxed_ortho_3_A_39_V,-83.04220000000001,1.0024000000000002,-1288.6,-0.1782,-713.4216,0.8404,475.035,1.1212
relaxed_ortho_3_A_39_W,-87.345,-3.3002000000000002,-1250.3904,38.0314,-711.1782000000001,3.0838,518.874,44.96
relaxed_ortho_3_A_39_Y,-87.24600000000001,-3.2012,-1272.5874,15.834200000000001,-713.3636,0.8984,494.21899999999994,20.3052
relaxed_ortho_3_A_40_A,-77.54780000000001,6.4968,-1282.2862,6.1354,-712.9498,1.3122,477.97299999999996,4.0592
relaxed_ortho_3_A_40_C,-78.946,5.0982,-1280.6374,7.7844,-712.7906,1.4714,482.08140000000003,8.1678
relaxed_ortho_3_A_40_D,-77.461,6.5836,-1281.8902,6.5316,-713.3208000000001,0.9412,476.1152,2.2014
relaxed_ortho_3_A_40_E,-76.2178,7.8262,-1283.3103999999998,5.1116,-712.396,1.866,474.21999999999997,0.30599999999999994
relaxed_ortho_3_A_40_F,-81.2268,2.818,-1287.536,0.8858,-712.5634,1.6986,470.83320000000003,-3.0808
relaxed_ortho_3_A_40_G,-77.3412,6.703399999999999,-1277.8876,10.5342,-713.3172000000001,0.9448000000000001,481.09340000000003,7.179399999999999
relaxed_ortho_3_A_40_H,-80.90799999999999,3.1366,-1285.9062,2.5158,-713.0848,1.1772,478.9276,5.0138
relaxed_ortho_3_A_40_I,-80.99,3.0545999999999998,-1286.5722,1.8498,-713.0216,1.2404,479.7076,5.7936
relaxed_ortho_3_A_40_K,-74.86580000000001,9.1786,-1280.684,7.7372,-713.0556,1.2062,477.1726,3.2586
relaxed_ortho_3_A_40_L,-79.87519999999999,4.1694,-1287.0928,1.3292,-712.429,1.8329999999999997,470.02880000000005,-3.8852
relaxed_ortho_3_A_40_M,-80.90079999999999,3.1439999999999997,-1285.586,2.8358,-712.404,1.8579999999999999,477.65680000000003,3.743
relaxed_ortho_3_A_40_N,-78.1922,5.8524,-1282.3874,6.0344,-713.24,1.0219999999999998,477.1794,3.2656
relaxed_ortho_3_A_40_P,-76.2194,7.824799999999999,-1234.631,53.790800000000004,-712.8396,1.4224,515.4702,41.556200000000004
relaxed_ortho_3_A_40_Q,-78.07239999999999,5.9722,-1283.8057999999999,4.6160000000000005,-712.5344,1.7276,472.45560000000006,-1.4584
relaxed_ortho_3_A_40_R,-77.9414,6.1028,-1282.5918000000001,5.8298000000000005,-712.4200000000001,1.842,476.2694,2.3556
relaxed_ortho_3_A_40_S,-77.5668,6.4778,-1282.4326,5.9894,-712.5514000000001,1.7106000000000001,479.32640000000004,5.4124
relaxed_ortho_3_A_40_T,-78.1212,5.9232,-1283.4334,4.9884,-713.1628,1.0992000000000002,477.97380000000004,4.0598
relaxed_ortho_3_A_40_V,-79.688,4.356,-1285.4468000000002,2.9752,-712.958,1.3038,478.0566,4.1426
relaxed_ortho_3_A_40_W,-83.1586,0.8855999999999999,-1288.3754000000001,0.046200000000000005,-713.749,0.513,475.328,1.4140000000000001
relaxed_ortho_3_A_40_Y,-79.8554,4.189,-1286.5118,1.9102000000000001,-712.6416,1.6204,469.50380000000007,-4.41
relaxed_ortho_3_A_41_A,-83.156,0.8886,-1286.0403999999999,2.3814,-714.3634,-0.1014,477.52259999999995,3.6086
relaxed_ortho_3_A_41_C,-83.137,0.908,-1278.6026,9.8192,-713.6182,0.6438,490.48900000000003,16.575
relaxed_ortho_3_A_41_D,-83.478,0.5668,-1272.396,16.026,-713.7676,0.4944,496.4282,22.5142
relaxed_ortho_3_A_41_E,-78.8826,5.1618,-1275.1842000000001,13.2376,-711.0138,3.2481999999999998,474.54439999999994,0.6304000000000001
relaxed_ortho_3_A_41_F,-81.57939999999999,2.4652000000000003,-1271.6417999999999,16.7802,-710.8898,3.3722000000000003,459.37039999999996,-14.5434
relaxed_ortho_3_A_41_G,-83.7104,0.3344,-1281.578,6.843999999999999,-714.2144000000001,0.047599999999999996,475.474,1.56
relaxed_ortho_3_A_41_H,-81.90259999999999,2.1420000000000003,-1272.3812,16.0408,-711.2746,2.9874,488.4652,14.551399999999997
relaxed_ortho_3_A_41_I,-83.3278,0.7163999999999999,-1263.6948,24.7272,-713.3378,0.9241999999999999,504.5924,30.6784
relaxed_ortho_3_A_41_K,-77.9076,6.137,-1273.9270000000001,14.494800000000001,-711.3118000000001,2.95,476.0942,2.1806000000000005
relaxed_ortho_3_A_41_L,-75.34880000000001,8.695400000000001,-1258.2051999999999,30.2166,-711.101,3.161,511.438,37.52419999999999
relaxed_ortho_3_A_41_M,-82.76320000000001,1.2808,-1258.1314,30.29,-712.4822,1.7798000000000003,508.3526,34.438599999999994
relaxed_ortho_3_A_41_N,-83.70500000000001,0.3398,-1275.2074,13.2142,-714.3084,-0.0464,495.61,21.695999999999998
relaxed_ortho_3_A_41_P,-82.9392,1.105,-1288.5026000000003,-0.08080000000000001,-713.6733999999999,0.5886,475.841,1.9271999999999998
relaxed_ortho_3_A_41_Q,-80.8288,3.216,-1272.2536,16.1678,-711.8186,2.4433999999999996,468.7622,-5.1516
relaxed_ortho_3_A_41_R,-80.3712,3.6734,-1274.4668000000001,13.9552,-710.5154,3.7466,477.01359999999994,3.0997999999999997
relaxed_ortho_3_A_41_S,-84.06120000000001,-0.0172,-1283.5405999999998,4.881,-714.2614,0.0006000000000000005,482.5356,8.622
relaxed_ortho_3_A_41_T,-83.03779999999999,1.0064,-1281.0328,7.3892,-713.5415999999999,0.7204,488.4832,14.5692
relaxed_ortho_3_A_41_V,-83.16040000000001,0.8837999999999999,-1280.02,8.4012,-713.2878,0.9742000000000001,478.94780000000003,5.0338
relaxed_ortho_3_A_41_W,-80.4178,3.6270000000000002,-1271.9848,16.4372,-710.3912,3.8708,492.541,18.6274
relaxed_ortho_3_A_41_Y,-81.87719999999999,2.1673999999999998,-1272.2418,16.18,-710.8163999999999,3.4454000000000002,459.08180000000004,-14.831999999999999
relaxed_ortho_3_A_71_A,-82.9622,1.0824,-1287.775,0.647,-713.3426,0.9193999999999999,476.80460000000005,2.8908
relaxed_ortho_3_A_71_C,-82.9222,1.1221999999999999,-1287.1222,1.2995999999999999,-713.5144,0.7476,476.456,2.5420000000000003
relaxed_ortho_3_A_71_D,-83.1726,0.8718,-1284.5144,3.9076,-714.116,0.146,477.6088,3.6948
relaxed_ortho_3_A_71_E,-83.3544,0.6896,-1288.8504,-0.4288,-714.0364000000001,0.22559999999999997,474.42600000000004,0.512
relaxed_ortho_3_A_71_F,-83.8022,0.2426,-1284.781,3.6409999999999996,-714.4721999999999,-0.2104,480.67420000000004,6.7602
relaxed_ortho_3_A_71_G,-82.95840000000001,1.0862,-1284.2292,4.1926000000000005,-713.3772,0.8847999999999999,479.86679999999996,5.9528
relaxed_ortho_3_A_71_H,-84.03620000000001,0.008199999999999995,-1283.1334,5.2882,-713.6662,0.5957999999999999,481.2946,7.380800000000001
relaxed_ortho_3_A_71_I,-83.3368,0.7076,-1286.679,1.7428000000000001,-713.0534,1.2086000000000001,478.55779999999993,4.643800000000001
relaxed_ortho_3_A_71_K,-83.1238,0.9212,-1286.792,1.6298000000000001,-714.4358,-0.1738,476.6358,2.7218
relaxed_ortho_3_A_71_L,-83.6396,0.40519999999999995,-1278.3444,10.077200000000001,-714.0341999999999,0.2278,485.21279999999996,11.2988
relaxed_ortho_3_A_71_M,-83.0042,1.0406,-1287.08,1.3416000000000001,-713.4177999999999,0.8442000000000001,476.36319999999995,2.4494
relaxed_ortho_3_A_71_N,-82.91980000000001,1.1244,-1285.2564,3.1654,-713.8525999999999,0.40919999999999995,478.27479999999997,4.361
relaxed_ortho_3_A_71_P,-84.0212,0.023199999999999988,-1269.4998,18.9222,-713.7018,0.5602,486.98780000000005,13.0738
relaxed_ortho_3_A_71_Q,-83.053,0.9914,-1288.6348,-0.21280000000000002,-713.4464,0.8154,474.5502,0.6364000000000001
relaxed_ortho_3_A_71_R,-83.2542,0.7898,-1286.7048,1.717,-714.3804,-0.11840000000000002,476.75079999999997,2.837
relaxed_ortho_3_A_71_S,-82.9014,1.1428,-1287.7685999999999,0.6527999999999999,-713.9532,0.3088,475.0056000000001,1.0917999999999999
relaxed_ortho_3_A_71_T,-82.9564,1.0886,-1287.609,0.813,-713.4392,0.8228,476.73040000000003,2.8166
relaxed_ortho_3_A_71_V,-83.0886,0.9558,-1284.5944,3.8272,-713.3668,0.8949999999999999,481.1156,7.2018
relaxed_ortho_3_A_71_W,-83.58840000000001,0.45640000000000003,-1284.0038,4.4178,-714.2783999999999,-0.01639999999999999,480.26279999999997,6.3488
relaxed_ortho_3_A_71_Y,-83.825,0.219,-1285.624,2.798,-714.316,-0.054000000000000006,478.621,4.707
relaxed_ortho_3_A_72_A,-82.89099999999999,1.1532,-1281.4284,6.9932,-713.5654000000001,0.6966,481.0464,7.1328000000000005
relaxed_ortho_3_A_72_C,-82.712,1.3322,-1282.9732,5.448600000000001,-713.5674,0.6946,481.392,7.478199999999999
relaxed_ortho_3_A_72_D,-82.8668,1.1776,-1276.8011999999999,11.6208,-713.4394,0.8225999999999999,486.26779999999997,12.354
relaxed_ortho_3_A_72_E,-82.85900000000001,1.1858,-1269.5314,18.889999999999997,-713.5876000000001,0.6744,492.7052,18.7914
relaxed_ortho_3_A_72_F,-84.9118,-0.8672000000000001,-1248.8018,39.6198,-713.608,0.654,503.1322,29.218200000000003
relaxed_ortho_3_A_72_G,-82.9684,1.076,-1277.5529999999999,10.8688,-713.4326,0.8294,484.91099999999994,10.997
relaxed_ortho_3_A_72_H,-83.4944,0.5502,-1262.2772,26.144600000000004,-714.225,0.03699999999999999,497.8112,23.897399999999998
relaxed_ortho_3_A_72_I,-84.46000000000001,-0.4154,-1278.8274000000001,9.5946,-714.076,0.186,478.5066,4.5926
relaxed_ortho_3_A_72_K,-82.1464,1.8981999999999999,-1241.1694,47.2524,-713.5504,0.7116,503.01840000000004,29.1048
relaxed_ortho_3_A_72_L,-83.3146,0.7298,-1266.0059999999999,22.416,-714.2066000000001,0.055400000000000005,478.3486,4.4346000000000005
relaxed_ortho_3_A_72_M,-82.6408,1.4036,-1266.7833999999998,21.6386,-713.5562,0.7058,498.21819999999997,24.3044
relaxed_ortho_3_A_72_N,-83.30460000000001,0.7396,-1277.9514,10.470600000000001,-713.7562,0.5058,483.24920000000003,9.3354
relaxed_ortho_3_A_72_P,-81.7366,2.3082000000000003,-1230.0683999999999,58.3534,-714.317,-0.05500000000000001,517.7719999999999,43.8586
relaxed_ortho_3_A_72_Q,-83.3984,0.6466000000000001,-1265.6309999999999,22.791,-713.826,0.43600000000000005,494.48699999999997,20.573
relaxed_ortho_3_A_72_R,-82.6412,1.4036000000000002,-1240.985,47.437,-714.2909999999999,-0.028999999999999998,496.9838,23.070800000000002
relaxed_ortho_3_A_72_S,-82.90979999999999,1.1346,-1281.0518,7.3702,-713.6286,0.6334,482.35119999999995,8.4372
relaxed_ortho_3_A_72_T,-82.8544,1.1906,-1285.4358,2.9862,-713.3904,0.8715999999999999,477.8754,3.9616
relaxed_ortho_3_A_72_V,-83.1274,0.9172,-1288.2446,0.177,-713.2292,1.0326,475.0066,1.0928
relaxed_ortho_3_A_72_W,-86.18339999999999,-2.1388,-1248.1024000000002,40.319399999999995,-713.1934,1.0686,497.5026,23.5888
relaxed_ortho_3_A_72_Y,-83.1476,0.8966,-1246.9798,41.4422,-713.9831999999999,0.27880000000000005,503.23999999999995,29.326600000000003
relaxed_ortho_3_A_73_A,-81.97540000000001,2.0686,-1285.7582,2.6637999999999997,-714.2506,0.011399999999999999,473.66580000000005,-0.24820000000000003
relaxed_ortho_3_A_73_C,-81.58779999999999,2.4564,-1284.3976,4.0244,-713.7946,0.46740000000000004,475.6806,1.7668
relaxed_ortho_3_A_73_D,-81.60220000000001,2.442,-1285.6402,2.7816,-714.2416000000001,0.020399999999999998,473.45959999999997,-0.4544
relaxed_ortho_3_A_73_E,-81.2732,2.7714,-1286.6748,1.7472,-714.3282,-0.0662,471.812,-2.102
relaxed_ortho_3_A_73_F,-84.1876,-0.1434,-1290.4451999999999,-2.0234,-711.9626000000001,2.2994,472.79499999999996,-1.119
relaxed_ortho_3_A_73_G,-81.1584,2.8862,-1281.8154,6.606399999999999,-713.2275999999999,1.0342,478.6142,4.7004
relaxed_ortho_3_A_73_H,-81.9728,2.0716,-1287.5998,0.8219999999999998,-713.2642,0.9978,473.9982,0.0842
relaxed_ortho_3_A_73_I,-82.9946,1.0495999999999999,-1288.4676,-0.045799999999999993,-713.2438,1.0182,474.8059999999999,0.8922000000000001
relaxed_ortho_3_A_73_K,-81.5208,2.524,-1286.4932000000001,1.9286,-714.3951999999999,-0.13319999999999999,474.093,0.17919999999999997
relaxed_ortho_3_A_73_L,-83.2582,0.7866,-1291.1047999999998,-2.6832000000000003,-713.1484,1.1136,471.7778,-2.1361999999999997
relaxed_ortho_3_A_73_M,-84.421,-0.3766,-1290.0272,-1.6054,-713.1746,1.0874000000000001,474.08779999999996,0.1738
relaxed_ortho_3_A_73_N,-81.3188,2.7258,-1286.8992,1.5228,-713.591,0.671,473.6214,-0.2926
relaxed_ortho_3_A_73_P,-80.588,3.457,-1139.882,148.54,-713.729,0.533,615.419,141.505
relaxed_ortho_3_A_73_Q,-81.6286,2.4158,-1288.024,0.39780000000000004,-713.4100000000001,0.8518000000000001,473.16900000000004,-0.7447999999999999
relaxed_ortho_3_A_73_R,-83.7566,0.2882,-1288.2312000000002,0.18980000000000002,-714.2322,0.029800000000000004,475.38019999999995,1.4662000000000002
relaxed_ortho_3_A_73_S,-81.24940000000001,2.7952,-1286.1709999999998,2.2508,-713.321,0.9410000000000001,473.42440000000005,-0.4896
relaxed_ortho_3_A_73_T,-81.2698,2.775,-1285.3485999999998,3.0732,-713.1916,1.0702,474.2576,0.3438
relaxed_ortho_3_A_73_V,-81.1226,2.9216,-1285.9334,2.4882,-713.0532000000001,1.2088,472.80699999999996,-1.1069999999999998
relaxed_ortho_3_A_73_W,-82.9238,1.1206,-1289.9108,-1.4888000000000001,-713.0146,1.2474,473.96899999999994,0.05500000000000007
relaxed_ortho_3_A_73_Y,-82.998,1.0466000000000002,-1290.3849999999998,-1.9634,-712.9166,1.3450000000000002,473.13739999999996,-0.7766
relaxed_ortho_3_A_74_A,-84.7782,-0.7338,-1283.7386,4.683,-714.4592,-0.1972,480.68580000000003,6.772200000000001
relaxed_ortho_3_A_74_C,-84.91839999999999,-0.8737999999999999,-1284.0866,4.335,-714.447,-0.185,479.83320000000003,5.9196
relaxed_ortho_3_A_74_D,-85.0266,-0.9822,-1282.9648000000002,5.456799999999999,-714.4032,-0.1412,483.0352,9.121199999999998
relaxed_ortho_3_A_74_E,-85.255,-1.2108,-1284.5524,3.8695999999999997,-714.6168,-0.355,482.328,8.414
relaxed_ortho_3_A_74_F,-85.9658,-1.9214000000000002,-1282.2152,6.2064,-714.0286,0.2334,482.863,8.949
relaxed_ortho_3_A_74_G,-84.9748,-0.9298,-1278.1313999999998,10.290000000000001,-714.3878,-0.1258,486.96580000000006,13.0518
relaxed_ortho_3_A_74_H,-84.6676,-0.623,-1284.3642,4.0576,-714.4903999999999,-0.2284,480.7514,6.8374
relaxed_ortho_3_A_74_I,-85.13340000000001,-1.089,-1279.3908,9.0308,-713.2184,1.0436,474.02259999999995,0.1092
relaxed_ortho_3_A_74_K,-83.276,0.7684,-1288.8863999999999,-0.4648,-713.572,0.6900000000000001,475.05039999999997,1.1366
relaxed_ortho_3_A_74_L,-84.6242,-0.58,-1285.5958,2.8259999999999996,-714.1826,0.0794,480.11220000000003,6.1982
relaxed_ortho_3_A_74_M,-84.7988,-0.7542,-1286.5554,1.8664,-714.4092,-0.1472,477.7904,3.8764000000000003
relaxed_ortho_3_A_74_N,-84.85979999999999,-0.8151999999999999,-1284.618,3.804,-714.4502,-0.1882,480.7196,6.8058
relaxed_ortho_3_A_74_P,-75.2428,8.8018,-1209.3056000000001,79.11580000000001,-690.5418,23.720000000000002,504.6426,30.7292
relaxed_ortho_3_A_74_Q,-84.938,-0.8938,-1286.002,2.42,-714.4028000000001,-0.14079999999999998,479.174,5.26
relaxed_ortho_3_A_74_R,-86.7868,-2.7424,-1285.8528000000001,2.5692,-714.2026,0.05940000000000001,479.8206,5.907
relaxed_ortho_3_A_74_S,-84.9402,-0.8956,-1283.8110000000001,4.611,-714.537,-0.2752,481.93760000000003,8.024
relaxed_ortho_3_A_74_T,-84.95739999999999,-0.9132,-1285.0493999999999,3.3726,-714.454,-0.192,479.6698,5.7558
relaxed_ortho_3_A_74_V,-85.25800000000001,-1.2132,-1286.3652,2.0568,-714.3188,-0.056799999999999996,479.69300000000004,5.7792
relaxed_ortho_3_A_74_W,-83.7302,0.3146,-1278.2896,10.132,-714.0373999999999,0.2244,484.81719999999996,10.9036
relaxed_ortho_3_A_74_Y,-85.94800000000001,-1.9032,-1280.7252,7.6964,-713.8626,0.39940000000000003,484.0138,10.0998
relaxed_ortho_3_A_75_A,-81.5978,2.4466,-1280.7082,7.713800000000001,-713.7444,0.5176000000000001,481.79260000000005,7.8788
relaxed_ortho_3_A_75_C,-82.3714,1.6725999999999999,-1282.3038000000001,6.1182,-714.48,-0.21800000000000003,477.52660000000003,3.6125999999999996
relaxed_ortho_3_A_75_D,-81.5026,2.5416,-1279.183,9.239,-714.3934,-0.13140000000000002,479.86080000000004,5.9468000000000005
relaxed_ortho_3_A_75_E,-77.8774,6.1668,-1277.4892,10.9328,-713.3828,0.8792,482.50739999999996,8.5936
relaxed_ortho_3_A_75_F,-82.7728,1.272,-1279.3008,9.1208,-712.2244000000001,2.0376000000000003,483.1382,9.2242
relaxed_ortho_3_A_75_G,-80.08619999999999,3.9582,-1276.4422,11.979800000000001,-713.961,0.301,485.6418,11.728399999999999
relaxed_ortho_3_A_75_H,-82.28,1.7648,-1280.0914,8.330400000000001,-713.382,0.8800000000000001,480.0996,6.1858
relaxed_ortho_3_A_75_I,-82.9758,1.0686,-1288.6258,-0.20400000000000001,-713.4744,0.7876000000000001,475.92060000000004,2.0067999999999997
relaxed_ortho_3_A_75_K,-73.1128,10.931999999999999,-1271.2688,17.1532,-712.7718,1.4902,485.8254,11.9116
relaxed_ortho_3_A_75_L,-79.6578,4.3866,-1280.0538000000001,8.3676,-712.1748,2.0872,477.36499999999995,3.4512
relaxed_ortho_3_A_75_M,-82.31960000000001,1.7246,-1283.7524,4.6696,-713.3898,0.8722,478.77380000000005,4.8598
relaxed_ortho_3_A_75_N,-81.7504,2.2942,-1280.7896,7.6322,-713.6388,0.6232,480.25,6.3362
relaxed_ortho_3_A_75_P,-79.29339999999999,4.7509999999999994,-1259.7878,28.634000000000004,-712.5708,1.6911999999999998,500.032,26.1182
relaxed_ortho_3_A_75_Q,-79.892,4.1524,-1278.5574000000001,9.8642,-713.5806,0.6814,483.4986,9.584999999999999
relaxed_ortho_3_A_75_R,-71.63239999999999,12.412,-1269.9342000000001,18.4876,-712.8728,1.3892,482.4468,8.5328
relaxed_ortho_3_A_75_S,-80.9816,3.0628,-1280.031,8.391,-713.5355999999999,0.7264,479.7504,5.8364
relaxed_ortho_3_A_75_T,-83.07000000000001,0.9747999999999999,-1284.2318,4.1902,-714.3206,-0.059199999999999996,476.2888,2.3754
relaxed_ortho_3_A_75_V,-83.96880000000002,0.0762,-1288.5752,-0.1534,-714.3136000000001,-0.0516,472.8678,-1.0462
relaxed_ortho_3_A_75_W,-83.8708,0.1738,-1276.5336,11.888,-713.2256,1.0362,481.349,7.4352
relaxed_ortho_3_A_75_Y,-81.5706,2.474,-1277.2867999999999,11.135,-712.0506,2.2114000000000003,483.509,9.595600000000001
relaxed_ortho_3_A_76_A,-85.7294,-1.685,-1285.0128,3.4090000000000003,-714.5288,-0.26680000000000004,480.012,6.0984
relaxed_ortho_3_A_76_C,-86.05080000000001,-2.0062,-1285.4959999999999,2.9259999999999997,-714.637,-0.375,479.1528,5.239
relaxed_ortho_3_A_76_D,-82.02439999999999,2.0202,-1283.9442,4.477600000000001,-714.1006,0.1614,475.98519999999996,2.0713999999999997
relaxed_ortho_3_A_76_E,-82.9902,1.054,-1288.5718000000002,-0.14980000000000002,-713.4448,0.8172,475.537,1.623
relaxed_ortho_3_A_76_F,-82.6404,1.4038,-1286.352,2.07,-714.145,0.11699999999999999,477.60060000000004,3.6866
relaxed_ortho_3_A_76_G,-84.8518,-0.8068,-1280.968,7.453799999999999,-714.464,-0.202,481.942,8.028200000000002
relaxed_ortho_3_A_76_H,-84.5242,-0.47940000000000005,-1286.335,2.0868,-714.2898,-0.027800000000000002,479.89439999999996,5.9804
relaxed_ortho_3_A_76_I,-84.8352,-0.791,-1288.1858,0.23620000000000002,-713.4105999999999,0.8513999999999999,475.4818,1.5678
relaxed_ortho_3_A_76_K,-84.03540000000001,0.009199999999999996,-1284.3224,4.099200000000001,-714.1962,0.0658,479.259,5.3452
relaxed_ortho_3_A_76_L,-84.2174,-0.1726,-1287.4922,0.9294,-713.5849999999999,0.6769999999999999,477.4524,3.5388000000000006
relaxed_ortho_3_A_76_M,-84.4888,-0.44420000000000004,-1285.7069999999999,2.7146,-713.8802,0.38180000000000003,478.59520000000003,4.6814
relaxed_ortho_3_A_76_N,-83.822,0.2226,-1283.6882,4.7338000000000005,-714.2248,0.03679999999999999,480.1388,6.2248
relaxed_ortho_3_A_76_P,-83.9396,0.10500000000000001,-1279.7274000000002,8.693999999999999,-713.9022,0.35940000000000005,484.04799999999994,10.134
relaxed_ortho_3_A_76_Q,-83.9386,0.10600000000000001,-1287.743,0.679,-713.5904,0.6716,477.1098,3.1957999999999998
relaxed_ortho_3_A_76_R,-86.801,-2.7564,-1284.9586,3.4634,-714.3188,-0.0568,480.62399999999997,6.7102
relaxed_ortho_3_A_76_S,-86.9212,-2.8766,-1286.4558,1.966,-714.2884,-0.0264,479.09939999999995,5.1856
relaxed_ortho_3_A_76_T,-87.5796,-3.5347999999999997,-1287.9212,0.5002,-714.0554,0.20659999999999998,477.9326,4.0186
relaxed_ortho_3_A_76_V,-84.54339999999999,-0.4992,-1288.1598,0.2616,-713.6946,0.5673999999999999,474.776,0.8622
relaxed_ortho_3_A_76_W,-81.8444,2.2003999999999997,-1281.6044,6.8176000000000005,-714.1020000000001,0.16,481.7162,7.8026
relaxed_ortho_3_A_76_Y,-82.3206,1.7236,-1285.4076,3.0141999999999998,-714.1662,0.0958,478.78540000000004,4.8713999999999995
relaxed_ortho_3_A_77_A,-81.0078,3.0364,-1280.9688,7.4532,-714.7484000000001,-0.4864,479.4344,5.5207999999999995
relaxed_ortho_3_A_77_C,-82.0148,2.0298000000000003,-1282.4708,5.950799999999999,-715.0512,-0.7891999999999999,478.8508,4.9374
relaxed_ortho_3_A_77_D,-78.9666,5.078,-1281.8178,6.6042000000000005,-714.2466000000001,0.015400000000000002,477.61980000000005,3.7062
relaxed_ortho_3_A_77_E,-78.31620000000001,5.7288,-1280.9482,7.4738,-714.8334,-0.5714,477.8978,3.9838
relaxed_ortho_3_A_77_F,-79.6352,4.4094,-1283.3588,5.063,-712.902,1.3599999999999999,478.46840000000003,4.554399999999999
relaxed_ortho_3_A_77_G,-78.6338,5.411,-1275.5534,12.868200000000002,-715.019,-0.7572,482.3244000000001,8.410599999999999
relaxed_ortho_3_A_77_H,-79.0934,4.9508,-1281.34,7.081999999999999,-713.3824,0.8795999999999999,474.6504,0.7363999999999999
relaxed_ortho_3_A_77_I,-83.05460000000001,0.9902000000000001,-1288.6166,-0.195,-713.4582,0.8038000000000001,475.30519999999996,1.3912
relaxed_ortho_3_A_77_K,-75.9372,8.107000000000001,-1277.2272,11.1948,-714.4064000000001,-0.1444,482.74979999999994,8.8358
relaxed_ortho_3_A_77_L,-79.912,4.133,-1284.0968,4.325,-714.7326,-0.471,478.1862,4.2728
relaxed_ortho_3_A_77_M,-84.029,0.015400000000000002,-1286.3048000000001,2.1172,-714.5966000000001,-0.3346,476.2036,2.2898
relaxed_ortho_3_A_77_N,-80.0624,3.9826,-1283.1522,5.2698,-714.592,-0.32999999999999996,477.08639999999997,3.1723999999999997
relaxed_ortho_3_A_77_P,-76.4084,7.636,-1273.0005999999998,15.421199999999999,-713.4634,0.7986,484.15860000000004,10.2446
relaxed_ortho_3_A_77_Q,-80.282,3.7624000000000004,-1281.2564,7.1654,-714.3212,-0.059199999999999996,478.30559999999997,4.3915999999999995
relaxed_ortho_3_A_77_R,-80.5608,3.4839999999999995,-1281.1475999999998,7.274000000000001,-714.4177999999999,-0.1562,480.39700000000005,6.483
relaxed_ortho_3_A_77_S,-79.156,4.888,-1280.968,7.453999999999999,-714.71,-0.44800000000000006,478.01900000000006,4.105
relaxed_ortho_3_A_77_T,-80.6322,3.4126,-1283.6997999999999,4.7222,-714.6211999999999,-0.3592,475.604,1.6905999999999999
relaxed_ortho_3_A_77_V,-82.356,1.6885999999999999,-1287.3600000000001,1.0618,-713.299,0.9629999999999999,473.5084,-0.40540000000000004
relaxed_ortho_3_A_77_W,-78.8656,5.178800000000001,-1279.4314,8.9902,-713.1472,1.1148,477.68,3.7659999999999996
relaxed_ortho_3_A_77_Y,-81.604,2.4408000000000003,-1285.4546,2.9672,-713.5272,0.7348,480.13800000000003,6.223999999999999
relaxed_ortho_3_A_78_A,-82.07939999999999,1.9647999999999999,-1284.8644,3.5572000000000004,-714.6936,-0.4316,476.5254,2.6116
relaxed_ortho_3_A_78_C,-82.9216,1.1228,-1284.5132,3.9084000000000003,-714.3327999999999,-0.07100000000000002,478.46720000000005,4.5534
relaxed_ortho_3_A_78_D,-81.45,2.5944,-1285.9806,2.4412,-714.5118,-0.24980000000000002,473.93919999999997,0.025400000000000013
relaxed_ortho_3_A_78_E,-81.896,2.1484,-1286.099,2.3228,-714.1374,0.12460000000000002,476.0014,2.0873999999999997
relaxed_ortho_3_A_78_F,-82.9478,1.0964,-1285.7698,2.6521999999999997,-714.2582,0.0035999999999999865,476.21819999999997,2.3045999999999998
relaxed_ortho_3_A_78_G,-81.5558,2.489,-1280.9558000000002,7.4656,-714.7158000000001,-0.45380000000000004,479.6866,5.772799999999999
relaxed_ortho_3_A_78_H,-82.23519999999999,1.8092,-1285.491,2.931,-714.7424,-0.48040000000000005,476.92839999999995,3.0144
relaxed_ortho_3_A_78_I,-83.5116,0.533,-1285.6772,2.7445999999999997,-714.3282,-0.0662,476.63620000000003,2.7222
relaxed_ortho_3_A_78_K,-82.5292,1.5154,-1286.46,1.9617999999999998,-714.5654000000001,-0.3034,476.1032,2.1892
relaxed_ortho_3_A_78_L,-83.43440000000001,0.6104,-1286.8056000000001,1.6164,-714.6792,-0.41719999999999996,476.7558,2.8419999999999996
relaxed_ortho_3_A_78_M,-82.2,1.8445999999999998,-1284.4605999999999,3.9608000000000003,-714.8374,-0.5753999999999999,477.14759999999995,3.2340000000000004
relaxed_ortho_3_A_78_N,-84.68100000000001,-0.6368,-1285.0464,3.3747999999999996,-714.1776,0.0844,478.44480000000004,4.5308
relaxed_ortho_3_A_78_P,-85.4246,-1.3800000000000001,-1282.916,5.506,-713.9354000000001,0.3266,478.41279999999995,4.4988
relaxed_ortho_3_A_78_Q,-83.67280000000001,0.372,-1286.5202000000002,1.9012,-714.8246,-0.5626,476.77619999999996,2.8624
relaxed_ortho_3_A_78_R,-82.56400000000001,1.4808,-1286.2516,2.1704,-714.8424,-0.5804,476.0138,2.1006
relaxed_ortho_3_A_78_S,-82.89920000000001,1.1448,-1286.1012,2.3202,-714.5953999999999,-0.33340000000000003,475.2966,1.3826
relaxed_ortho_3_A_78_T,-82.3298,1.7147999999999999,-1285.8904,2.5314,-713.4194,0.8426,477.2116,3.2978
relaxed_ortho_3_A_78_V,-82.8306,1.2138,-1288.3439999999998,0.07779999999999998,-713.7254,0.5364,474.69719999999995,0.7832
relaxed_ortho_3_A_78_W,-83.387,0.6576000000000001,-1286.6748,1.7469999999999999,-713.9374,0.3246,477.687,3.7732
relaxed_ortho_3_A_78_Y,-83.3362,0.7086,-1286.0855999999999,2.336,-714.6518,-0.3898,476.3302,2.4162
relaxed_ortho_3_A_79_A,-81.713,2.3312,-1287.1946,1.2273999999999998,-713.8914,0.3706,473.94480000000004,0.031200000000000026
relaxed_ortho_3_A_79_C,-81.8194,2.2252,-1285.7164,2.7055999999999996,-713.8888,0.37320000000000003,474.75879999999995,0.8450000000000001
relaxed_ortho_3_A_79_D,-79.9642,4.0806,-1288.237,0.1848,-714.0484,0.2136,472.0604,-1.8534
relaxed_ortho_3_A_79_E,-81.2202,2.8245999999999998,-1288.2616,0.16019999999999998,-714.1076,0.1544,471.925,-1.989
relaxed_ortho_3_A_79_F,-81.3616,2.6832000000000003,-1283.7564,4.6654,-713.8856,0.3764,478.191,4.276999999999999
relaxed_ortho_3_A_79_G,-81.9488,2.096,-1288.273,0.149,-713.9912,0.27080000000000004,473.52700000000004,-0.3866
relaxed_ortho_3_A_79_H,-81.40639999999999,2.638,-1287.6888,0.7332000000000001,-714.2149999999999,0.046999999999999986,474.0072,0.09340000000000001
relaxed_ortho_3_A_79_I,-81.8746,2.1704,-1274.0711999999999,14.3506,-713.88,0.382,486.767,12.853
relaxed_ortho_3_A_79_K,-83.8356,0.2088,-1290.4184,-1.9964,-713.9838,0.2782,473.69480000000004,-0.21919999999999998
relaxed_ortho_3_A_79_L,-82.00919999999999,2.0358,-1286.6212,1.8008,-713.6596,0.6024,472.98679999999996,-0.9272
relaxed_ortho_3_A_79_M,-82.571,1.4734,-1285.5994,2.8226,-714.5065999999999,-0.24459999999999998,475.0266,1.1128
relaxed_ortho_3_A_79_N,-81.02439999999999,3.0196,-1289.9486000000002,-1.5272000000000001,-714.0562,0.2056,469.21579999999994,-4.697799999999999
relaxed_ortho_3_A_79_P,-70.608,13.4362,-1258.2636,30.1584,-713.6874,0.5746,492.8924,18.9788
relaxed_ortho_3_A_79_Q,-83.16,0.8847999999999999,-1288.8876,-0.466,-714.2944,-0.032399999999999984,474.10560000000004,0.19180000000000003
relaxed_ortho_3_A_79_R,-83.0192,1.025,-1288.5862000000002,-0.16440000000000002,-713.4018,0.8602000000000001,475.37039999999996,1.4566
relaxed_ortho_3_A_79_S,-81.6736,2.3712,-1288.181,0.24100000000000002,-713.9904,0.2714,471.5264,-2.3874000000000004
relaxed_ortho_3_A_79_T,-81.63579999999999,2.409,-1283.4995999999999,4.922,-713.8674,0.39459999999999995,476.821,2.9074
relaxed_ortho_3_A_79_V,-82.637,1.4074,-1272.882,15.539599999999998,-714.6824,-0.4204,489.0778,15.1642
relaxed_ortho_3_A_79_W,-84.8,-0.7556,-1285.4296,2.9918,-714.5136,-0.2516,477.51480000000004,3.6012
relaxed_ortho_3_A_79_Y,-83.0032,1.0413999999999999,-1286.9844,1.4376000000000002,-714.298,-0.036,474.725,0.8109999999999999
relaxed_ortho_3_A_80_A,-81.1048,2.9398,-1283.6838,4.7382,-715.0078,-0.7458,476.3972,2.484
relaxed_ortho_3_A_80_C,-82.3922,1.6522,-1283.4108,5.0112000000000005,-715.216,-0.9541999999999999,477.74219999999997,3.8282
relaxed_ortho_3_A_80_D,-80.15899999999999,3.8852,-1284.6858,3.7359999999999998,-713.3714,0.8906000000000001,475.18459999999993,1.2706
relaxed_ortho_3_A_80_E,-80.43,3.614,-1283.967,4.454,-714.907,-0.645,473.97300000000007,0.059
relaxed_ortho_3_A_80_F,-83.6122,0.4328,-1286.0342,2.3874000000000004,-713.8936,0.3684,475.075,1.1616
relaxed_ortho_3_A_80_G,-80.0808,3.9641999999999995,-1286.7566,1.6654,-715.0930000000001,-0.8309999999999998,472.0322,-1.8818000000000001
relaxed_ortho_3_A_80_H,-80.97040000000001,3.0745999999999998,-1286.5729999999999,1.8490000000000002,-713.3716,0.8904,473.74899999999997,-0.16419999999999998
relaxed_ortho_3_A_80_I,-82.973,1.0718,-1271.9004,16.5216,-714.8689999999999,-0.607,488.716,14.801999999999998
relaxed_ortho_3_A_80_K,-83.4088,0.6359999999999999,-1288.1828,0.23900000000000002,-713.92,0.342,475.8486,1.9346
relaxed_ortho_3_A_80_L,-83.1122,0.9326000000000001,-1285.2356,3.1856,-715.007,-0.7449999999999999,476.65,2.7362
relaxed_ortho_3_A_80_M,-83.809,0.23499999999999996,-1284.347,4.075,-714.752,-0.49000000000000005,479.496,5.582
relaxed_ortho_3_A_80_N,-81.07,2.975,-1286.544,1.877,-714.843,-0.581,473.116,-0.798
relaxed_ortho_3_A_80_P,-76.6562,7.3884,-1189.729,98.6928,-713.688,0.5740000000000001,566.0899999999999,92.1764
relaxed_ortho_3_A_80_Q,-83.9078,0.1366,-1287.33,1.092,-715.0496,-0.7876000000000001,474.57880000000006,0.6648
relaxed_ortho_3_A_80_R,-82.1202,1.9240000000000002,-1285.8722,2.5496000000000003,-714.1052,0.1568,476.1256,2.2118
relaxed_ortho_3_A_80_S,-80.5252,3.5189999999999997,-1284.3971999999999,4.0248,-715.0645999999999,-0.8026,475.2142,1.3008
relaxed_ortho_3_A_80_T,-82.1996,1.8446000000000002,-1283.0874,5.3346,-715.0813999999999,-0.8193999999999999,478.29040000000003,4.3766
relaxed_ortho_3_A_80_V,-82.685,1.3596,-1272.5896,15.832400000000002,-715.1604,-0.8984,487.49080000000004,13.5768
relaxed_ortho_3_A_80_W,-83.3706,0.6736,-1282.7086,5.7134,-712.9424,1.3195999999999999,478.68100000000004,4.7674
relaxed_ortho_3_A_80_Y,-83.5198,0.5248,-1286.1588,2.263,-713.7747999999999,0.48719999999999997,475.8202,1.9062000000000001
relaxed_ortho_3_A_81_A,-82.5592,1.4853999999999998,-1285.1494,3.2725999999999997,-714.6216000000001,-0.35960000000000003,475.62119999999993,1.7071999999999998
relaxed_ortho_3_A_81_C,-82.829,1.2156,-1284.3874,4.034599999999999,-714.5768,-0.3148,476.84139999999996,2.9276000000000004
relaxed_ortho_3_A_81_D,-81.92859999999999,2.1158,-1283.3396,5.0822,-713.7758,0.4862,478.41220000000004,4.4984
relaxed_ortho_3_A_81_E,-82.224,1.8206,-1286.4602,1.9618000000000002,-714.5214,-0.25939999999999996,474.94960000000003,1.0356
relaxed_ortho_3_A_81_F,-82.65259999999999,1.3922,-1284.8424,3.5796,-714.4498000000001,-0.1878,476.70439999999996,2.7912
relaxed_ortho_3_A_81_G,-81.9306,2.114,-1278.6763999999998,9.7456,-714.6623999999999,-0.4004,482.3532,8.439200000000001
relaxed_ortho_3_A_81_H,-81.844,2.2003999999999997,-1285.5554,2.8666,-714.6236,-0.36160000000000003,475.36679999999996,1.4529999999999998
relaxed_ortho_3_A_81_I,-82.26599999999999,1.7784,-1288.6302,-0.2082,-714.5314000000001,-0.2694,471.968,-1.9457999999999998
relaxed_ortho_3_A_81_K,-83.058,0.9862,-1288.616,-0.194,-713.476,0.7858,475.2626,1.3488000000000002
relaxed_ortho_3_A_81_L,-81.93140000000001,2.1128,-1286.4371999999998,1.9846,-714.375,-0.11299999999999999,474.3116,0.39759999999999995
relaxed_ortho_3_A_81_M,-82.84060000000001,1.2040000000000002,-1284.7116,3.7104,-714.5595999999999,-0.2976,477.30159999999995,3.3876
relaxed_ortho_3_A_81_N,-82.0992,1.9449999999999998,-1285.3799999999999,3.0416,-714.6858,-0.42380000000000007,475.7236,1.8096
relaxed_ortho_3_A_81_P,-80.122,3.9222,-1250.3556,38.0662,-713.8406,0.42119999999999996,506.06499999999994,32.1514
relaxed_ortho_3_A_81_Q,-83.1576,0.8874000000000001,-1288.1912,0.23040000000000002,-712.903,1.3588,474.39,0.476
relaxed_ortho_3_A_81_R,-82.46119999999999,1.583,-1287.9858,0.43599999999999994,-714.0586,0.20339999999999997,473.5804,-0.33359999999999995
relaxed_ortho_3_A_81_S,-82.5078,1.5364,-1287.9974,0.4242,-713.774,0.488,474.73019999999997,0.8164
relaxed_ortho_3_A_81_T,-82.6274,1.417,-1287.5894,0.8324,-714.5506,-0.2886,472.98199999999997,-0.9314
relaxed_ortho_3_A_81_V,-82.2822,1.7622,-1289.2378,-0.8164,-714.1712,0.0908,472.296,-1.6174
relaxed_ortho_3_A_81_W,-81.6424,2.4024,-1282.5814,5.8402,-713.827,0.43499999999999994,478.9546,5.0405999999999995
relaxed_ortho_3_A_81_Y,-82.6536,1.391,-1285.59,2.8316,-714.5204,-0.2584,474.7826,0.8687999999999999
relaxed_ortho_3_A_82_A,-82.91600000000001,1.1286,-1285.9054,2.5164,-713.5136,0.7484,477.6192,3.7054
relaxed_ortho_3_A_82_C,-82.2288,1.8158,-1281.0574000000001,7.364400000000001,-714.0229999999999,0.23899999999999996,481.8618,7.947799999999999
relaxed_ortho_3_A_82_D,-81.8734,2.1710000000000003,-1280.6658,7.756,-714.2762,-0.01419999999999999,478.0056000000001,4.0920000000000005
relaxed_ortho_3_A_82_E,-80.0432,4.001399999999999,-1279.7154,8.7058,-714.479,-0.2172,483.02160000000003,9.108
relaxed_ortho_3_A_82_F,-81.2938,2.7506,-1272.3272000000002,16.0948,-713.3729999999999,0.8889999999999999,485.346,11.431999999999999
relaxed_ortho_3_A_82_G,-81.5738,2.4704,-1281.0306,7.391,-713.6333999999999,0.6285999999999999,481.03240000000005,7.118399999999999
relaxed_ortho_3_A_82_H,-75.06739999999999,8.977,-1269.8658,18.5562,-714.0932,0.1688,483.09139999999996,9.1774
relaxed_ortho_3_A_82_I,-83.5732,0.47140000000000004,-1286.6252,1.7966000000000002,-713.2722,0.9898,477.8334,3.9194000000000004
relaxed_ortho_3_A_82_K,-79.4192,4.6254,-1281.7842,6.6378,-713.3276,0.9343999999999999,480.3738,6.459999999999999
relaxed_ortho_3_A_82_L,-83.63,0.4144,-1284.1378,4.284000000000001,-712.8783999999999,1.3836,479.3484,5.4344
relaxed_ortho_3_A_82_M,-83.9106,0.13399999999999998,-1282.2459999999999,6.175800000000001,-713.9606,0.3014,482.816,8.902000000000001
relaxed_ortho_3_A_82_N,-80.3508,3.6936,-1280.783,7.6382,-713.7192,0.5428,479.9326,6.0192
relaxed_ortho_3_A_82_P,-82.7494,1.295,-1288.236,0.18580000000000002,-713.7872,0.4748,475.3932,1.4794
relaxed_ortho_3_A_82_Q,-83.268,0.7766,-1283.8546000000001,4.5674,-713.7378000000001,0.5242,481.3944,7.4804
relaxed_ortho_3_A_82_R,-80.18260000000001,3.8624,-1281.7556,6.6659999999999995,-713.1294,1.1324,481.42240000000004,7.5084
relaxed_ortho_3_A_82_S,-82.28139999999999,1.7628,-1284.1381999999999,4.2836,-713.4469999999999,0.8148,479.64480000000003,5.731
relaxed_ortho_3_A_82_T,-81.63980000000001,2.4050000000000002,-1286.3634,2.0585999999999998,-713.7317999999999,0.5302,474.929,1.0154
relaxed_ortho_3_A_82_V,-82.937,1.1078000000000001,-1287.5459999999998,0.8757999999999999,-713.4572000000001,0.8048,476.43379999999996,2.52
relaxed_ortho_3_A_82_W,-80.0276,4.017,-1273.6236000000001,14.7984,-713.7206,0.5414,488.96900000000005,15.0552
relaxed_ortho_3_A_82_Y,-79.5312,4.513599999999999,-1276.4582,11.9638,-712.9196,1.3424,483.9166,10.0028
relaxed_ortho_3_A_83_A,-83.697,0.3478,-1283.6558,4.7661999999999995,-714.1782,0.0838,479.46459999999996,5.550800000000001
relaxed_ortho_3_A_83_C,-83.0358,1.0088000000000001,-1284.2326,4.1892,-713.432,0.8298,478.1924,4.2783999999999995
relaxed_ortho_3_A_83_D,-83.0582,0.9864,-1282.5984,5.8236,-713.316,0.9460000000000001,481.1696,7.255599999999999
relaxed_ortho_3_A_83_E,-83.1054,0.9391999999999999,-1285.9101999999998,2.5116,-713.292,0.9698,476.72080000000005,2.8074
relaxed_ortho_3_A_83_F,-84.6816,-0.6374000000000001,-1285.4846,2.9372,-714.296,-0.033999999999999996,476.40919999999994,2.4951999999999996
relaxed_ortho_3_A_83_G,-82.942,1.1028,-1280.2246,8.197,-713.4636,0.7984,483.16319999999996,9.2494
relaxed_ortho_3_A_83_H,-83.36659999999999,0.6779999999999999,-1285.1462,3.2756,-713.6256,0.6364000000000001,478.361,4.447
relaxed_ortho_3_A_83_I,-83.1416,0.9026,-1288.4224,-0.0006000000000000005,-713.5336,0.7283999999999999,475.61899999999997,1.705
relaxed_ortho_3_A_83_K,-83.0164,1.0282,-1285.6860000000001,2.7359999999999998,-713.3768,0.8852,477.6146,3.7007999999999996
relaxed_ortho_3_A_83_L,-83.0514,0.9934,-1287.4898,0.9321999999999999,-713.5946,0.6674,476.0798,2.1658
relaxed_ortho_3_A_83_M,-83.054,0.9907999999999999,-1284.4394,3.9826,-713.3808,0.8812000000000001,478.7246,4.8108
relaxed_ortho_3_A_83_N,-83.5928,0.4516,-1284.1026,4.3192,-714.2532,0.008599999999999997,478.40919999999994,4.4954
relaxed_ortho_3_A_83_P,-68.333,15.711599999999999,-1161.7495999999999,126.6722,-694.0916,20.1704,509.9456,36.031600000000005
relaxed_ortho_3_A_83_Q,-82.8928,1.1516,-1286.1012,2.3207999999999998,-713.5576,0.7044,477.7142,3.8002000000000002
relaxed_ortho_3_A_83_R,-83.354,0.6906,-1286.4384,1.9835999999999998,-713.4300000000001,0.8320000000000001,477.4108,3.497
relaxed_ortho_3_A_83_S,-83.3416,0.7024,-1284.751,3.6706000000000003,-713.4536,0.8084,479.20740000000006,5.2936
relaxed_ortho_3_A_83_T,-83.0476,0.9974000000000001,-1286.0414,2.3804000000000003,-713.2324,1.0295999999999998,477.5646,3.6507999999999994
relaxed_ortho_3_A_83_V,-82.9148,1.1298,-1288.2366,0.185,-713.3366,0.9251999999999999,474.6526,0.7386
relaxed_ortho_3_A_83_W,-83.38980000000001,0.6552,-1283.0774,5.3442,-713.458,0.8039999999999999,480.17479999999995,6.261
relaxed_ortho_3_A_83_Y,-84.1896,-0.14499999999999996,-1285.9428,2.4788,-714.0838,0.1782,473.90240000000006,-0.011199999999999832
relaxed_ortho_3_A_84_A,-78.09,5.9542,-1279.0156,9.4064,-714.4062,-0.1442,477.17539999999997,3.2614000000000005
relaxed_ortho_3_A_84_C,-78.4706,5.574199999999999,-1279.3376,9.084399999999999,-714.2308,0.0312,477.9718,4.058
relaxed_ortho_3_A_84_D,-77.9736,6.0704,-1280.2008,8.220600000000001,-714.3072,-0.045200000000000004,476.8902,2.9762
relaxed_ortho_3_A_84_E,-77.462,6.5824,-1282.1252,6.2968,-714.3064,-0.044399999999999995,472.86379999999997,-1.05
relaxed_ortho_3_A_84_F,-83.31960000000001,0.725,-1288.317,0.10499999999999998,-713.9026,0.35940000000000005,474.91100000000006,0.9976
relaxed_ortho_3_A_84_G,-77.602,6.4422,-1275.3312,13.090799999999998,-713.8866,0.37539999999999996,480.4216,6.507600000000001
relaxed_ortho_3_A_84_H,-80.82480000000001,3.2193999999999994,-1283.8912,4.5308,-714.3226000000001,-0.0606,474.72520000000003,0.8112
relaxed_ortho_3_A_84_I,-79.0976,4.947,-1284.2536,4.1678,-713.7059999999999,0.556,474.1942,0.2806
relaxed_ortho_3_A_84_K,-75.8544,8.1902,-1278.3700000000001,10.051599999999999,-713.913,0.34900000000000003,476.77020000000005,2.8562
relaxed_ortho_3_A_84_L,-78.402,5.6426,-1282.285,6.1368,-714.025,0.23700000000000002,475.15119999999996,1.2376
relaxed_ortho_3_A_84_M,-80.7548,3.2896,-1281.5484000000001,6.873,-713.7076,0.5544,478.00100000000003,4.0872
relaxed_ortho_3_A_84_N,-78.31620000000001,5.728199999999999,-1280.8446,7.5774,-714.1776,0.0844,475.765,1.8512
relaxed_ortho_3_A_84_P,-76.848,7.196599999999999,-1276.7966000000001,11.625399999999999,-712.457,1.8048000000000002,477.797,3.883
relaxed_ortho_3_A_84_Q,-78.0972,5.9474,-1279.7866,8.6354,-714.154,0.10800000000000001,476.6938,2.7800000000000002
relaxed_ortho_3_A_84_R,-76.9862,7.058400000000001,-1278.8708000000001,9.550999999999998,-713.6668,0.5952,476.72020000000003,2.8064
relaxed_ortho_3_A_84_S,-77.271,6.7736,-1280.1644000000001,8.2576,-714.2896,-0.027599999999999996,475.59939999999995,1.6854
relaxed_ortho_3_A_84_T,-76.5346,7.5102,-1281.0716,7.350199999999999,-714.1828,0.07919999999999999,474.84579999999994,0.9321999999999999
relaxed_ortho_3_A_84_V,-79.2474,4.7972,-1282.6950000000002,5.7268,-713.9036,0.35839999999999994,472.8384,-1.0754000000000001
relaxed_ortho_3_A_84_W,-82.3874,1.657,-1279.5729999999999,8.8488,-713.4706,0.7914,477.04359999999997,3.1298000000000004
relaxed_ortho_3_A_84_Y,-80.2588,3.7854,-1285.9316000000001,2.4902,-713.4138,0.8482,475.6396,1.7256
relaxed_ortho_3_A_85_A,-83.05760000000001,0.9870000000000001,-1284.7252,3.6966,-713.7873999999999,0.4746,479.93460000000005,6.0206
relaxed_ortho_3_A_85_C,-82.89020000000001,1.1545999999999998,-1283.3292000000001,5.0926,-713.5101999999999,0.7516,481.43639999999994,7.5224
relaxed_ortho_3_A_85_D,-82.8348,1.2096,-1282.6084,5.813599999999999,-713.655,0.607,482.2186,8.304599999999999
relaxed_ortho_3_A_85_E,-83.0014,1.0428000000000002,-1284.3418,4.0798000000000005,-713.5424,0.7196,478.821,4.9072000000000005
relaxed_ortho_3_A_85_F,-83.465,0.5796,-1281.9434,6.478,-713.9466,0.3154,481.28720000000004,7.373400000000001
relaxed_ortho_3_A_85_G,-82.8948,1.1494,-1281.8716,6.5498,-713.6088,0.6532,482.66279999999995,8.7488
relaxed_ortho_3_A_85_H,-82.8614,1.1832,-1283.0513999999998,5.3704,-713.4666,0.7954,480.5228,6.609
relaxed_ortho_3_A_85_I,-82.7872,1.2571999999999999,-1285.161,3.261,-713.5984000000001,0.6636,478.13019999999995,4.2164
relaxed_ortho_3_A_85_K,-83.1584,0.8864000000000001,-1288.9798,-0.5582,-713.5708,0.6912,475.7742,1.8603999999999998
relaxed_ortho_3_A_85_L,-82.89439999999999,1.1502,-1286.7184000000002,1.7032,-713.5319999999999,0.73,477.8002,3.8862
relaxed_ortho_3_A_85_M,-82.89,1.1542,-1285.156,3.2659999999999996,-713.4988,0.7632,478.72839999999997,4.8144
relaxed_ortho_3_A_85_N,-82.92920000000001,1.1156,-1284.7576,3.664,-713.4584000000001,0.8036,479.3418,5.428
relaxed_ortho_3_A_85_P,-78.5,5.5446,-1236.5294,51.892399999999995,-714.2188,0.0432,519.7406,45.827
relaxed_ortho_3_A_85_Q,-83.10560000000001,0.9391999999999999,-1285.717,2.705,-713.6378,0.6242,479.20079999999996,5.2872
relaxed_ortho_3_A_85_R,-83.10040000000001,0.9443999999999999,-1286.8542000000002,1.5676,-713.5916,0.6704,477.5036,3.5896
relaxed_ortho_3_A_85_S,-83.0308,1.0135999999999998,-1284.9815999999998,3.4402,-713.6586,0.6033999999999999,479.24480000000005,5.3312
relaxed_ortho_3_A_85_T,-83.1086,0.9359999999999999,-1284.0059999999999,4.4159999999999995,-713.6392,0.6228,480.01660000000004,6.1028
relaxed_ortho_3_A_85_V,-82.9282,1.1158,-1284.665,3.7566,-713.5206000000001,0.7414,478.6794,4.7656
relaxed_ortho_3_A_85_W,-83.0504,0.994,-1280.2941999999998,8.1276,-713.5442,0.7176,482.74899999999997,8.8354
relaxed_ortho_3_A_85_Y,-83.015,1.0295999999999998,-1282.7258,5.6958,-713.6262,0.6358,481.2004,7.2866
relaxed_ortho_3_A_86_A,-83.02000000000001,1.024,-1286.8822,1.5396,-713.5768,0.6852,477.02880000000005,3.115
relaxed_ortho_3_A_86_C,-83.0248,1.0196,-1285.859,2.5628,-713.3778,0.8842000000000001,477.71219999999994,3.7984
relaxed_ortho_3_A_86_D,-82.9636,1.081,-1287.8378,0.584,-713.806,0.45599999999999996,475.45799999999997,1.5444
relaxed_ortho_3_A_86_E,-83.161,0.8834,-1288.0131999999999,0.4084,-713.7493999999999,0.5124,474.82700000000006,0.9132
relaxed_ortho_3_A_86_F,-82.9502,1.0943999999999998,-1286.5234,1.8984,-713.5552,0.7068,476.937,3.023
relaxed_ortho_3_A_86_G,-82.95,1.0943999999999998,-1285.4718,2.9501999999999997,-713.5764,0.6856,479.17240000000004,5.2585999999999995
relaxed_ortho_3_A_86_H,-82.7432,1.301,-1286.1866,2.2352,-713.8756000000001,0.3862,477.0916,3.1776
relaxed_ortho_3_A_86_I,-83.00739999999999,1.0375999999999999,-1287.5837999999999,0.8379999999999999,-713.6398,0.622,475.89160000000004,1.9777999999999998
relaxed_ortho_3_A_86_K,-83.03139999999999,1.0128,-1288.2404,0.1816,-713.42,0.8417999999999999,475.29560000000004,1.3820000000000001
relaxed_ortho_3_A_86_L,-82.8802,1.1642,-1288.1034,0.3181999999999999,-713.879,0.383,475.1322,1.2182
relaxed_ortho_3_A_86_M,-83.189,0.8555999999999999,-1286.993,1.4285999999999999,-713.0714,1.1906,474.9468,1.033
relaxed_ortho_3_A_86_N,-83.0192,1.0256,-1287.782,0.64,-713.3266,0.9353999999999999,476.395,2.4814
relaxed_ortho_3_A_86_P,-83.02279999999999,1.0222,-1288.6119999999999,-0.1902,-713.4288,0.833,475.4016,1.4876
relaxed_ortho_3_A_86_Q,-83.03920000000001,1.0054,-1287.942,0.4795999999999999,-713.4278,0.8342,475.2676,1.3538000000000001
relaxed_ortho_3_A_86_R,-83.09100000000001,0.9533999999999999,-1288.3247999999999,0.097,-713.4492,0.8128,475.57700000000006,1.6632000000000002
relaxed_ortho_3_A_86_S,-83.02799999999999,1.0162,-1287.3724,1.0493999999999999,-713.4474,0.8146000000000001,476.787,2.8734
relaxed_ortho_3_A_86_T,-83.4224,0.6222,-1287.8744000000002,0.5476,-712.985,1.277,476.25460000000004,2.3406000000000002
relaxed_ortho_3_A_86_V,-83.1082,0.9364000000000001,-1287.4289999999999,0.9928000000000001,-713.2837999999999,0.9782,477.39760000000007,3.4836
relaxed_ortho_3_A_86_W,-82.9858,1.059,-1284.9114,3.5103999999999997,-713.7048,0.5572,478.91099999999994,4.997
relaxed_ortho_3_A_86_Y,-83.0974,0.9470000000000001,-1287.2956,1.1262,-713.4816,0.7804,477.081,3.1673999999999998
relaxed_ortho_3_A_87_A,-83.0398,1.0051999999999999,-1289.0167999999999,-0.595,-713.4878000000001,0.774,476.067,2.153
relaxed_ortho_3_A_87_C,-84.25359999999999,-0.20860000000000004,-1284.4892,3.9324,-714.1892,0.0728,479.17240000000004,5.2585999999999995
relaxed_ortho_3_A_87_D,-84.3546,-0.3096,-1282.0502000000001,6.3716,-714.2316000000001,0.0304,482.44440000000003,8.5308
relaxed_ortho_3_A_87_E,-84.43620000000001,-0.39180000000000004,-1284.4602,3.9616,-714.2292,0.032600000000000004,479.3918,5.4778
relaxed_ortho_3_A_87_F,-86.0858,-2.0412,-1275.3301999999999,13.091800000000001,-713.825,0.437,489.5548,15.640799999999999
relaxed_ortho_3_A_87_G,-83.15,0.8946,-1284.7846,3.6374000000000004,-713.4566,0.8054,480.3982,6.4841999999999995
relaxed_ortho_3_A_87_H,-85.2698,-1.2252,-1278.8324,9.5892,-714.2909999999999,-0.028999999999999998,485.584,11.6702
relaxed_ortho_3_A_87_I,-84.0864,-0.041600000000000005,-1267.201,21.2208,-713.8618,0.40020000000000006,491.56260000000003,17.6488
relaxed_ortho_3_A_87_K,-85.393,-1.3481999999999998,-1281.5978,6.824000000000001,-714.3886,-0.1266,485.1414,11.227599999999999
relaxed_ortho_3_A_87_L,-86.69839999999999,-2.6536,-1267.548,20.873399999999997,-713.3296,0.9324,470.08639999999997,-3.8276000000000003
relaxed_ortho_3_A_87_M,-83.7742,0.2704,-1282.5026,5.919,-713.6306,0.6314,481.8456,7.9316
relaxed_ortho_3_A_87_N,-84.1824,-0.138,-1283.5896,4.8324,-714.2528,0.009200000000000003,481.31800000000004,7.403999999999999
relaxed_ortho_3_A_87_P,-82.691,1.354,-1124.1416,164.28040000000001,-714.181,0.081,634.069,160.155
relaxed_ortho_3_A_87_Q,-83.87819999999999,0.16640000000000002,-1284.6556,3.7659999999999996,-714.2182,0.04360000000000001,479.3032,5.3894
relaxed_ortho_3_A_87_R,-85.3856,-1.3406,-1282.4866,5.9350000000000005,-714.2846000000001,-0.022600000000000002,484.2264,10.3128
relaxed_ortho_3_A_87_S,-83.132,0.9126,-1287.0836,1.3384,-713.245,1.017,476.58119999999997,2.6673999999999998
relaxed_ortho_3_A_87_T,-84.2136,-0.1694,-1281.5212,6.900800000000001,-714.3324,-0.0708,481.72380000000004,7.8098
relaxed_ortho_3_A_87_V,-82.9996,1.0448,-1269.4102,19.0118,-714.1762,0.0858,488.03000000000003,14.116
relaxed_ortho_3_A_87_W,-86.0924,-2.0476,-1279.032,9.3896,-714.12,0.142,486.92600000000004,13.0124
relaxed_ortho_3_A_87_Y,-85.9772,-1.9324,-1277.8524,10.5694,-713.9492,0.31260000000000004,487.8762,13.963
relaxed_ortho_3_B_100_A,-82.76820000000001,1.2764,-1287.2348,1.1869999999999998,-713.4554,0.8066000000000001,478.1492,4.2354
relaxed_ortho_3_B_100_C,-83.249,0.7958000000000001,-1285.0747999999999,3.347,-713.9198,0.3422,479.45920000000007,5.5456
relaxed_ortho_3_B_100_D,-83.15939999999999,0.8848,-1285.6954,2.7266,-713.6566,0.6052,478.9536,5.0398000000000005
relaxed_ortho_3_B_100_E,-82.926,1.1183999999999998,-1287.989,0.43279999999999996,-714.2418,0.020199999999999975,475.23879999999997,1.325
relaxed_ortho_3_B_100_F,-82.975,1.0698,-1287.4098,1.0118,-713.6544,0.6075999999999999,475.9548,2.0412
relaxed_ortho_3_B_100_G,-82.7674,1.277,-1284.7416,3.6798,-713.5286,0.733,480.37600000000003,6.462000000000001
relaxed_ortho_3_B_100_H,-82.9072,1.1372,-1286.1078,2.314,-713.5142,0.7476,478.48900000000003,4.575
relaxed_ortho_3_B_100_I,-82.7204,1.3242,-1283.5224,4.8994,-713.604,0.6576000000000001,481.2102,7.296200000000001
relaxed_ortho_3_B_100_K,-83.03999999999999,1.0050000000000001,-1285.92,2.502,-714.3349999999999,-0.073,476.3982,2.4844
relaxed_ortho_3_B_100_L,-83.2556,0.7886,-1285.9178,2.504,-713.8916,0.3702,477.0108,3.0968
relaxed_ortho_3_B_100_M,-82.6784,1.3658000000000001,-1287.1471999999999,1.2746,-713.6926000000001,0.5694,476.313,2.399
relaxed_ortho_3_B_100_N,-83.1778,0.867,-1284.136,4.286,-713.6644,0.5976000000000001,478.8708,4.9576
relaxed_ortho_3_B_100_P,-84.3192,-0.2746,-1275.7786,12.643,-712.8628,1.3992,468.36139999999995,-5.5526
relaxed_ortho_3_B_100_Q,-82.94,1.1046,-1287.1666,1.2551999999999999,-713.3148,0.9471999999999999,475.535,1.621
relaxed_ortho_3_B_100_R,-82.702,1.3422,-1284.6742,3.7474,-713.7494,0.5126000000000001,478.01480000000004,4.1008
relaxed_ortho_3_B_100_S,-82.4942,1.5506,-1286.9994,1.4224,-713.7092,0.5528,477.867,3.9534
relaxed_ortho_3_B_100_T,-82.7132,1.3314,-1286.6624,1.7591999999999999,-713.5074000000001,0.7546,475.9572,2.0432
relaxed_ortho_3_B_100_V,-83.1048,0.9398,-1286.7964,1.6254000000000002,-713.0362,1.2258,477.4778,3.5637999999999996
relaxed_ortho_3_B_100_W,-83.7588,0.28559999999999997,-1284.3111999999999,4.1106,-713.6532,0.6088000000000001,480.6616,6.7478
relaxed_ortho_3_B_100_Y,-84.2788,-0.23440000000000003,-1287.7362,0.6853999999999999,-714.1106,0.1514,475.8236,1.9096
relaxed_ortho_3_B_101_A,-82.89160000000001,1.1523999999999999,-1287.568,0.8538,-714.3108,-0.0488,473.9548,0.04079999999999999
relaxed_ortho_3_B_101_C,-83.813,0.2312,-1287.3583999999998,1.063,-713.356,0.9059999999999999,476.58360000000005,2.67
relaxed_ortho_3_B_101_D,-80.856,3.1881999999999997,-1286.3565999999998,2.0652,-713.0899999999999,1.172,475.608,1.6939999999999997
relaxed_ortho_3_B_101_E,-82.8578,1.1869999999999998,-1288.2338,0.188,-713.323,0.9390000000000001,475.15740000000005,1.2433999999999998
relaxed_ortho_3_B_101_F,-82.6134,1.4312,-1284.8964,3.5254,-713.3778,0.8841999999999999,477.1974,3.2836
relaxed_ortho_3_B_101_G,-82.048,1.9966000000000002,-1286.2824,2.1396,-713.6804,0.5816,476.11800000000005,2.2046
relaxed_ortho_3_B_101_H,-83.685,0.36,-1289.4296,-1.0078,-714.5577999999999,-0.29579999999999995,472.5366,-1.377
relaxed_ortho_3_B_101_I,-83.2708,0.7732,-1289.0588,-0.6368,-713.23,1.032,473.86899999999997,-0.045
relaxed_ortho_3_B_101_K,-83.33500000000001,0.7094,-1288.0372,0.3846,-713.2322,1.0298,474.33959999999996,0.42560000000000003
relaxed_ortho_3_B_101_L,-83.753,0.2912,-1289.5243999999998,-1.1028,-713.3312,0.9308,473.9204,0.006399999999999994
relaxed_ortho_3_B_101_M,-84.25460000000001,-0.21020000000000003,-1289.479,-1.0572,-713.558,0.704,475.047,1.1332
relaxed_ortho_3_B_101_N,-81.9506,2.0940000000000003,-1287.349,1.0726,-713.397,0.865,475.6044,1.6905999999999999
relaxed_ortho_3_B_101_P,-82.4648,1.5794000000000001,-1291.4198000000001,-2.998,-713.518,0.744,471.4612,-2.4528
relaxed_ortho_3_B_101_Q,-82.9002,1.1443999999999999,-1288.5531999999998,-0.13140000000000002,-713.2794,0.9826,474.22920000000005,0.3154
relaxed_ortho_3_B_101_R,-85.1088,-1.0642,-1288.109,0.313,-713.3363999999999,0.9256,476.19620000000003,2.2822
relaxed_ortho_3_B_101_S,-82.223,1.8214,-1288.7,-0.278,-713.2588,1.0032,473.032,-0.882
relaxed_ortho_3_B_101_T,-82.9386,1.1058,-1288.5136,-0.09179999999999999,-713.5652,0.6968,474.86859999999996,0.9548
relaxed_ortho_3_B_101_V,-83.237,0.807,-1288.998,-0.576,-713.7256,0.5364000000000001,474.76120000000003,0.8474
relaxed_ortho_3_B_101_W,-85.433,-1.388,-1286.717,1.704,-714.45,-0.189,476.613,2.699
relaxed_ortho_3_B_101_Y,-82.1316,1.9128,-1286.7350000000001,1.687,-713.5432,0.7188,475.9406,2.0265999999999997
relaxed_ortho_3_B_102_A,-82.4556,1.5888,-1286.3568,2.065,-713.9666,0.2954,474.8808,0.9669999999999999
relaxed_ortho_3_B_102_C,-83.34700000000001,0.6976,-1287.1702,1.2518,-714.086,0.176,475.2776,1.3638
relaxed_ortho_3_B_102_D,-82.81379999999999,1.2302,-1285.2502,3.1718,-713.9868,0.2752,477.13820000000004,3.2247999999999997
relaxed_ortho_3_B_102_E,-83.239,0.8054,-1286.2558000000001,2.1656,-714.2414,0.020600000000000007,475.53779999999995,1.6238
relaxed_ortho_3_B_102_F,-84.08779999999999,-0.043199999999999995,-1285.0931999999998,3.3288,-713.5916,0.6704,478.96759999999995,5.0536
relaxed_ortho_3_B_102_G,-81.6904,2.354,-1285.902,2.5198,-713.2729999999999,0.9890000000000001,476.03639999999996,2.1226
relaxed_ortho_3_B_102_H,-83.7596,0.2852,-1284.959,3.4628,-714.1282,0.1338,478.1932,4.2792
relaxed_ortho_3_B_102_I,-82.77239999999999,1.2722,-1287.591,0.8306000000000001,-713.0112,1.2508000000000001,472.1228,-1.7912
relaxed_ortho_3_B_102_K,-82.38399999999999,1.6603999999999999,-1286.0156,2.4064,-713.6546000000001,0.6073999999999999,472.9776,-0.9362
relaxed_ortho_3_B_102_L,-83.16600000000001,0.8788,-1287.0946,1.3268,-713.6254,0.6365999999999999,475.3072,1.3932
relaxed_ortho_3_B_102_M,-83.6984,0.34659999999999996,-1287.3272,1.0946000000000002,-712.7737999999999,1.4882,475.49840000000006,1.5844
relaxed_ortho_3_B_102_N,-82.1418,1.9024,-1285.8744000000002,2.5474,-713.2698,0.9922000000000001,474.1958000000001,0.28179999999999994
relaxed_ortho_3_B_102_P,-82.606,1.4385999999999999,-1284.9338,3.4880000000000004,-712.9498,1.3122,475.1294,1.2154
relaxed_ortho_3_B_102_Q,-82.40880000000001,1.6356000000000002,-1285.8986,2.5232,-713.1142,1.1478000000000002,476.321,2.407
relaxed_ortho_3_B_102_R,-82.6966,1.3477999999999999,-1285.7458000000001,2.6757999999999997,-713.0484,1.2136,478.80640000000005,4.8924
relaxed_ortho_3_B_102_S,-82.011,2.0336000000000003,-1286.9932000000001,1.4284000000000001,-713.5878,0.6742,474.805,0.8912000000000001
relaxed_ortho_3_B_102_T,-82.85260000000001,1.1914,-1286.467,1.9548,-714.1906,0.07139999999999999,475.47700000000003,1.5632
relaxed_ortho_3_B_102_V,-82.9962,1.0484,-1288.4964,-0.075,-713.6718,0.5902000000000001,475.41880000000003,1.5050000000000001
relaxed_ortho_3_B_102_W,-84.4594,-0.41500000000000004,-1284.3204,4.1014,-713.4595999999999,0.8024000000000001,481.8652,7.951400000000001
relaxed_ortho_3_B_102_Y,-84.0512,-0.006599999999999995,-1285.8868,2.5347999999999997,-713.5566,0.7054,477.7424,3.8284
relaxed_ortho_3_B_11_A,-82.92960000000001,1.1152,-1288.432,-0.010399999999999987,-713.5366,0.7254,473.97079999999994,0.0568
relaxed_ortho_3_B_11_C,-84.01320000000001,0.0312,-1267.1946,21.2272,-714.2192,0.0428,498.0876,24.1738
relaxed_ortho_3_B_11_D,-83.6888,0.3558,-1257.3224,31.099400000000003,-714.2794,-0.017400000000000006,505.44579999999996,31.531799999999997
relaxed_ortho_3_B_11_E,-84.244,-0.2,-1262.572,25.85,-714.241,0.021,494.02200000000005,20.108
relaxed_ortho_3_B_11_F,-83.6,0.4446,-1272.1155999999999,16.3064,-711.382,2.88,478.94399999999996,5.030200000000001
relaxed_ortho_3_B_11_G,-83.60640000000001,0.4378,-1284.4614,3.9605999999999995,-714.3604,-0.0984,477.2912,3.3771999999999998
relaxed_ortho_3_B_11_H,-84.1996,-0.15479999999999997,-1268.3355999999999,20.086000000000002,-712.0712,2.1908000000000003,482.0894,8.1756
relaxed_ortho_3_B_11_I,-83.6634,0.3806,-1261.9874,26.4344,-714.1372,0.1248,500.1282,26.214199999999998
relaxed_ortho_3_B_11_K,-83.6782,0.366,-1199.928,88.4938,-714.2066000000001,0.055400000000000005,491.2662,17.3522
relaxed_ortho_3_B_11_L,-83.5488,0.49559999999999993,-1265.3904,23.0316,-714.096,0.166,492.1092,18.1954
relaxed_ortho_3_B_11_M,-82.88820000000001,1.1560000000000001,-1223.7898,64.6322,-714.2786,-0.0166,535.0886,61.174800000000005
relaxed_ortho_3_B_11_N,-83.8614,0.18280000000000002,-1272.8424,15.5796,-714.2632000000001,-0.0012000000000000025,474.85200000000003,0.938
relaxed_ortho_3_B_11_P,-83.869,0.1758,-1277.4692,10.9526,-714.2837999999999,-0.021800000000000003,479.34440000000006,5.430400000000001
relaxed_ortho_3_B_11_Q,-84.318,-0.2732,-1262.7667999999999,25.6552,-713.7406,0.5214000000000001,492.0502,18.1366
relaxed_ortho_3_B_11_R,-84.6268,-0.5826,-1176.5018,111.9202,-712.3100000000001,1.952,578.9028000000001,104.9888
relaxed_ortho_3_B_11_S,-82.69879999999999,1.3452,-1282.3108,6.111,-714.1012,0.1608,480.1776,6.2642
relaxed_ortho_3_B_11_T,-84.1928,-0.1486,-1264.801,23.621000000000002,-714.1868,0.0752,495.5392,21.6252
relaxed_ortho_3_B_11_V,-83.036,1.008,-1268.7798,19.6418,-714.3833999999999,-0.1216,478.422,4.5082
relaxed_ortho_3_B_11_W,-85.6842,-1.64,-1262.624,25.797800000000002,-712.1392,2.1228000000000002,486.20559999999995,12.291599999999999
relaxed_ortho_3_B_11_Y,-83.812,0.2324,-1265.4328,22.988999999999997,-712.4404,1.8216,457.544,-16.3698
relaxed_ortho_3_B_12_A,-83.01480000000001,1.03,-1289.4281999999998,-1.0066000000000002,-713.6452,0.6168,473.60900000000004,-0.30500000000000005
relaxed_ortho_3_B_12_C,-83.2646,0.7794,-1288.591,-0.16940000000000002,-713.9586,0.3034,473.81360000000006,-0.10040000000000004
relaxed_ortho_3_B_12_D,-82.9606,1.0836,-1289.4864,-1.0644,-713.6904,0.5716,473.60360000000003,-0.3102
relaxed_ortho_3_B_12_E,-84.0242,0.020200000000000003,-1290.4191999999998,-1.9974,-714.4144,-0.1524,471.049,-2.8646000000000003
relaxed_ortho_3_B_12_F,-83.3676,0.6769999999999999,-1288.458,-0.03620000000000001,-713.9728,0.2892,468.4674,-5.446
relaxed_ortho_3_B_12_G,-83.1174,0.9268000000000001,-1287.6524,0.7696,-713.8724,0.3896,477.10779999999994,3.1942
relaxed_ortho_3_B_12_H,-83.99480000000001,0.0498,-1290.4252000000001,-2.0032,-714.2353999999999,0.0262,470.71220000000005,-3.2018
relaxed_ortho_3_B_12_I,-83.22540000000001,0.819,-1290.9173999999998,-2.4958,-714.143,0.119,472.946,-0.9678000000000001
relaxed_ortho_3_B_12_K,-83.02799999999999,1.0166,-1290.6416000000002,-2.22,-713.971,0.29079999999999995,472.77740000000006,-1.1366
relaxed_ortho_3_B_12_L,-83.44160000000001,0.6024,-1289.8604,-1.4388,-714.3446,-0.0826,473.6534,-0.2602
relaxed_ortho_3_B_12_M,-82.9766,1.0676,-1288.5242,-0.1022,-713.5946,0.6674,475.51360000000005,1.5996
relaxed_ortho_3_B_12_N,-83.2676,0.7764000000000001,-1290.1868,-1.7652,-714.1954,0.06660000000000002,473.2772,-0.6368
relaxed_ortho_3_B_12_P,-83.8798,0.1648,-1254.7794,33.6426,-714.3066000000001,-0.04460000000000001,506.811,32.897000000000006
relaxed_ortho_3_B_12_Q,-83.5672,0.4768,-1289.9155999999998,-1.4937999999999998,-714.2112,0.05079999999999999,472.1952,-1.7188000000000003
relaxed_ortho_3_B_12_R,-83.1038,0.9404,-1290.8935999999999,-2.4716,-713.7560000000001,0.506,472.2486,-1.6652
relaxed_ortho_3_B_12_S,-83.662,0.38299999999999995,-1290.5008,-2.0791999999999997,-713.9886,0.2734,473.6982,-0.2154000000000001
relaxed_ortho_3_B_12_T,-83.6996,0.3446,-1290.4506000000001,-2.0286,-714.1034,0.1586,472.2628000000001,-1.6509999999999998
relaxed_ortho_3_B_12_V,-83.505,0.5394,-1290.9923999999999,-2.5705999999999998,-714.0174,0.24459999999999998,472.5996,-1.3144
relaxed_ortho_3_B_12_W,-83.75460000000001,0.2904,-1287.916,0.506,-714.1332,0.1288,474.52139999999997,0.6073999999999999
relaxed_ortho_3_B_12_Y,-83.812,0.23220000000000002,-1290.3229999999999,-1.9012,-712.5616,1.7002,469.75919999999996,-4.1546
relaxed_ortho_3_B_13_A,-82.9316,1.1128,-1285.736,2.686,-714.4764,-0.2144,471.5784,-2.3352
relaxed_ortho_3_B_13_C,-83.5312,0.513,-1285.1968000000002,3.2248000000000006,-714.2442,0.017800000000000003,470.6762,-3.2378
relaxed_ortho_3_B_13_D,-83.55539999999999,0.4892,-1281.8204,6.601400000000001,-714.3326,-0.0706,467.63980000000004,-6.274
relaxed_ortho_3_B_13_E,-84.0264,0.018000000000000026,-1285.0288,3.3932,-714.098,0.16399999999999998,469.88320000000004,-4.0308
relaxed_ortho_3_B_13_F,-77.942,6.1024,-1274.8542,13.567400000000001,-711.9428,2.3192,460.67119999999994,-13.242799999999999
relaxed_ortho_3_B_13_G,-83.4228,0.6218,-1282.2887999999998,6.1332,-714.4392,-0.1772,475.55280000000005,1.639
relaxed_ortho_3_B_13_H,-83.5654,0.4788,-1282.9494,5.4724,-714.0592,0.2028,466.3852,-7.528200000000001
relaxed_ortho_3_B_13_I,-83.03479999999999,1.0096,-1288.6194,-0.1976,-713.406,0.8560000000000001,475.2416,1.3278
relaxed_ortho_3_B_13_K,-82.6342,1.41,-1284.3188,4.103199999999999,-714.3336,-0.0716,470.4384,-3.4756
relaxed_ortho_3_B_13_L,-83.2742,0.7704000000000001,-1289.4370000000001,-1.0154,-713.4091999999999,0.8528,477.0884,3.1744
relaxed_ortho_3_B_13_M,-84.4594,-0.4144,-1287.1304,1.2913999999999999,-714.0752,0.18660000000000002,473.404,-0.51
relaxed_ortho_3_B_13_N,-83.4872,0.5568,-1285.5561999999998,2.8657999999999997,-714.388,-0.126,474.85200000000003,0.9380000000000001
relaxed_ortho_3_B_13_P,-82.7704,1.274,-1289.0518,-0.63,-713.646,0.6155999999999999,472.0176,-1.8963999999999999
relaxed_ortho_3_B_13_Q,-83.8038,0.2408,-1287.9194,0.5024,-714.2728,-0.011000000000000006,471.47619999999995,-2.4376
relaxed_ortho_3_B_13_R,-82.5802,1.4642,-1286.3578,2.064,-713.8366,0.42539999999999994,474.03159999999997,0.11800000000000004
relaxed_ortho_3_B_13_S,-83.483,0.562,-1284.8536,3.5683999999999996,-714.204,0.05800000000000001,472.35659999999996,-1.5572
relaxed_ortho_3_B_13_T,-83.4656,0.5786,-1285.5836,2.8382,-714.309,-0.047,475.1498,1.236
relaxed_ortho_3_B_13_V,-83.6294,0.41500000000000004,-1286.0814,2.3402000000000003,-714.2688,-0.0068000000000000005,474.97839999999997,1.0648
relaxed_ortho_3_B_13_W,-78.9672,5.0772,-1272.9388,15.483,-711.9721999999999,2.2898,423.58140000000003,-50.3324
relaxed_ortho_3_B_13_Y,-77.1384,6.905799999999999,-1273.9576000000002,14.4642,-711.7374,2.5246000000000004,457.3026,-16.6112
relaxed_ortho_3_B_14_A,-82.9316,1.113,-1288.078,0.344,-714.0856,0.1764,474.17839999999995,0.2646
relaxed_ortho_3_B_14_C,-83.5922,0.45220000000000005,-1278.2334,10.1882,-713.3327999999999,0.9292,496.2314,22.3174
relaxed_ortho_3_B_14_D,-83.3406,0.7038,-1274.5372,13.884199999999998,-713.721,0.5408000000000001,487.7452,13.8312
relaxed_ortho_3_B_14_E,-85.2062,-1.1616,-1262.3103999999998,26.111400000000003,-712.0886,2.1734,504.7732,30.8594
relaxed_ortho_3_B_14_F,-83.8516,0.193,-1255.0462,33.3756,-714.223,0.039,505.31800000000004,31.404000000000003
relaxed_ortho_3_B_14_G,-83.2914,0.7529999999999999,-1281.5844000000002,6.8376,-714.3504,-0.0884,478.45619999999997,4.542199999999999
relaxed_ortho_3_B_14_H,-83.58520000000001,0.45899999999999996,-1259.3372,29.0848,-713.6598,0.6022000000000001,507.58000000000004,33.6662
relaxed_ortho_3_B_14_I,-82.44919999999999,1.5952,-1239.116,49.305400000000006,-712.476,1.786,200.594,-273.32
relaxed_ortho_3_B_14_K,-84.4414,-0.3968,-1246.8020000000001,41.6196,-712.0631999999999,2.1988,521.0594,47.1456
relaxed_ortho_3_B_14_L,-83.4418,0.603,-1262.0272,26.3944,-712.9612,1.3008,428.492,-45.4216
relaxed_ortho_3_B_14_M,-84.8522,-0.8076000000000001,-1266.159,22.2628,-711.8498,2.4122,499.2414,25.3276
relaxed_ortho_3_B_14_N,-83.7852,0.259,-1275.1686,13.2534,-713.7116,0.5504,489.6738,15.759799999999998
relaxed_ortho_3_B_14_P,-83.7558,0.2888,-1269.6258,18.796,-711.104,3.1578,270.72740000000005,-203.1866
relaxed_ortho_3_B_14_Q,-85.2574,-1.2132,-1260.6686,27.7532,-711.449,2.8129999999999997,504.7324,30.818599999999996
relaxed_ortho_3_B_14_R,-83.60839999999999,0.43620000000000003,-1250.1826,38.2392,-712.3384,1.9236,505.1018,31.1878
relaxed_ortho_3_B_14_S,-83.0848,0.9596,-1283.5472,4.8742,-713.4326,0.8294,479.2312,5.3174
relaxed_ortho_3_B_14_T,-83.3496,0.6948000000000001,-1271.1608,17.261000000000003,-713.548,0.7140000000000001,436.84619999999995,-37.0676
relaxed_ortho_3_B_14_V,-82.6546,1.3894,-1263.9236,24.4978,-713.404,0.858,292.213,-181.70080000000002
relaxed_ortho_3_B_14_W,-80.2034,3.8411999999999997,-1218.3496,70.0722,-713.1356,1.1262,147.1876,-326.72619999999995
relaxed_ortho_3_B_14_Y,-83.17060000000001,0.8742000000000001,-1241.093,47.3288,-712.2448,2.0170000000000003,318.0322,-155.88139999999999
relaxed_ortho_3_B_15_A,-80.68719999999999,3.357,-1285.2036,3.218,-712.4326,1.8294000000000001,474.4348,0.521
relaxed_ortho_3_B_15_C,-80.9768,3.0676,-1283.3784,5.043200000000001,-712.3994,1.8624000000000003,478.36139999999995,4.4475999999999996
relaxed_ortho_3_B_15_D,-85.5796,-1.5348,-1287.1476,1.2744,-710.9238,3.3381999999999996,481.17119999999994,7.257599999999999
relaxed_ortho_3_B_15_E,-83.4456,0.5988,-1288.0765999999999,0.3452,-714.3644,-0.1024,473.97740000000005,0.06339999999999998
relaxed_ortho_3_B_15_F,-82.7794,1.2654,-1283.8944,4.5272,-710.7214,3.5406,476.9956,3.0822
relaxed_ortho_3_B_15_G,-80.7534,3.2909999999999995,-1282.9772,5.444599999999999,-712.5684,1.6936,475.1844,1.2706000000000002
relaxed_ortho_3_B_15_H,-83.34299999999999,0.7014,-1286.167,2.2546,-711.9572000000001,2.3048,476.2258,2.3120000000000003
relaxed_ortho_3_B_15_I,-80.74100000000001,3.3036000000000003,-1284.109,4.3126,-712.8088,1.4532,478.9692,5.0556
relaxed_ortho_3_B_15_K,-78.8822,5.1624,-1281.3048000000001,7.117,-711.9044,2.3576,477.554,3.6404000000000005
relaxed_ortho_3_B_15_L,-80.7002,3.3442,-1284.3700000000001,4.0518,-712.1526,2.1094,477.053,3.1390000000000002
relaxed_ortho_3_B_15_M,-82.6326,1.4118,-1284.5646000000002,3.8573999999999997,-712.1336,2.1282,479.2832,5.3692
relaxed_ortho_3_B_15_N,-82.1768,1.8678000000000001,-1283.8324,4.5892,-710.77,3.492,479.03959999999995,5.1258
relaxed_ortho_3_B_15_P,-80.2086,3.8356000000000003,-1252.6558,35.766,-712.4309999999999,1.8308,512.3608,38.4468
relaxed_ortho_3_B_15_Q,-81.7012,2.3432000000000004,-1284.9712,3.4506,-713.0132,1.2488,476.17060000000004,2.2566
relaxed_ortho_3_B_15_R,-80.2868,3.7576,-1281.8282,6.5936,-711.4636,2.7984,478.0232,4.1094
relaxed_ortho_3_B_15_S,-80.8424,3.2016,-1285.2858,3.1358,-712.3172,1.9448,474.2862,0.37239999999999995
relaxed_ortho_3_B_15_T,-79.01500000000001,5.0298,-1284.4762,3.9454000000000002,-713.5558,0.7062,474.321,0.4072
relaxed_ortho_3_B_15_V,-80.5526,3.4921999999999995,-1284.0858,4.3356,-712.3666000000001,1.8954,475.70500000000004,1.7912
relaxed_ortho_3_B_15_W,-82.7216,1.3226,-1284.5504,3.8714,-710.9943999999999,3.2676000000000003,479.3178,5.404
relaxed_ortho_3_B_15_Y,-84.9,-0.8554,-1285.2788,3.1428000000000003,-710.2788,3.9829999999999997,473.91139999999996,-0.00259999999999998
relaxed_ortho_3_B_17_A,-83.31,0.7346,-1287.3758,1.046,-713.3968000000001,0.8652,482.6294,8.7156
relaxed_ortho_3_B_17_C,-83.313,0.7316,-1288.0348,0.387,-713.427,0.835,481.9428,8.0288
relaxed_ortho_3_B_17_D,-86.5394,-2.4951999999999996,-1290.9126,-2.4908,-712.4986,1.7634,481.16139999999996,7.247400000000001
relaxed_ortho_3_B_17_E,-83.9234,0.1216,-1284.8067999999998,3.6152,-713.0532000000001,1.2087999999999999,483.82820000000004,9.9146
relaxed_ortho_3_B_17_F,-83.1764,0.8677999999999999,-1278.0482,10.3736,-713.7914,0.47059999999999996,488.67960000000005,14.765800000000002
relaxed_ortho_3_B_17_G,-84.5876,-0.5428,-1287.3184,1.1032,-712.1207999999999,2.1412,480.4028,6.489
relaxed_ortho_3_B_17_H,-82.94559999999998,1.099,-1286.0302,2.3916,-713.6623999999999,0.5995999999999999,485.53819999999996,11.6242
relaxed_ortho_3_B_17_I,-83.0014,1.043,-1283.0606,5.3612,-713.8362,0.4258,487.17240000000004,13.258799999999999
relaxed_ortho_3_B_17_K,-82.9696,1.075,-1288.1652,0.2568,-714.1354,0.12639999999999998,475.631,1.7174
relaxed_ortho_3_B_17_L,-83.25019999999999,0.7942,-1286.273,2.149,-713.4331999999999,0.8286,483.0866,9.172799999999999
relaxed_ortho_3_B_17_M,-82.873,1.1718,-1286.9124,1.5096,-713.7234000000001,0.5386,482.45959999999997,8.5458
relaxed_ortho_3_B_17_N,-82.31320000000001,1.7311999999999999,-1287.634,0.7874000000000001,-713.3138,0.9481999999999999,482.41760000000005,8.5036
relaxed_ortho_3_B_17_P,-82.65180000000001,1.3926,-1216.801,71.6208,-713.0728,1.1892,573.754,99.84020000000001
relaxed_ortho_3_B_17_Q,-83.7326,0.31179999999999997,-1287.4644,0.9570000000000001,-713.4892,0.7727999999999999,483.10420000000005,9.1906
relaxed_ortho_3_B_17_R,-83.0698,0.9747999999999999,-1289.8438,-1.4218,-713.5110000000001,0.7508,480.31180000000006,6.3978
relaxed_ortho_3_B_17_S,-83.31739999999999,0.7272000000000001,-1287.7492,0.6728,-713.5914,0.6706,482.6696,8.755600000000001
relaxed_ortho_3_B_17_T,-84.62100000000001,-0.5766,-1288.5819999999999,-0.16019999999999998,-712.1487999999999,2.1132,482.1722,8.258199999999999
relaxed_ortho_3_B_17_V,-83.3036,0.7407999999999999,-1282.3006,6.121,-713.3662,0.8958,487.4076,13.493799999999998
relaxed_ortho_3_B_17_W,-83.7314,0.3136,-1281.8554,6.566599999999999,-713.5004,0.7612,488.26759999999996,14.3536
relaxed_ortho_3_B_17_Y,-83.57239999999999,0.47219999999999995,-1276.7068,11.7152,-713.2044,1.0576,493.74619999999993,19.8322
relaxed_ortho_3_B_54_A,-82.7356,1.3086,-1285.8566,2.5652,-714.1612,0.1008,472.8284,-1.0854
relaxed_ortho_3_B_54_C,-84.786,-0.7412,-1285.5276,2.8942,-713.9354,0.3266,476.4898,2.5759999999999996
relaxed_ortho_3_B_54_D,-81.38759999999999,2.6568,-1286.1966,2.2252,-713.7153999999999,0.5466,468.0559999999999,-5.858
relaxed_ortho_3_B_54_E,-81.53999999999999,2.5044,-1288.2892,0.1326,-713.863,0.399,471.05879999999996,-2.8548
relaxed_ortho_3_B_54_F,-83.2268,0.8176,-1286.9254,1.4964,-712.5903999999999,1.6713999999999998,486.6932,12.779399999999999
relaxed_ortho_3_B_54_G,-80.5426,3.5021999999999998,-1284.0422,4.3793999999999995,-713.5466,0.7154,476.996,3.082
relaxed_ortho_3_B_54_H,-82.1716,1.873,-1286.139,2.2828,-712.9966000000001,1.2654,482.81059999999997,8.8968
relaxed_ortho_3_B_54_I,-85.96900000000001,-1.9246000000000003,-1286.2538,2.168,-713.0974,1.1646,479.12119999999993,5.2076
relaxed_ortho_3_B_54_K,-81.0682,2.9762,-1282.612,5.8096000000000005,-713.4938,0.7682,482.6364,8.7224
relaxed_ortho_3_B_54_L,-85.6084,-1.5635999999999999,-1289.438,-1.016,-713.3966,0.8654,474.30959999999993,0.3956
relaxed_ortho_3_B_54_M,-84.1618,-0.11739999999999999,-1286.544,1.8778,-713.6610000000001,0.6010000000000001,476.5104,2.5966
relaxed_ortho_3_B_54_N,-82.9264,1.1178000000000001,-1288.4722,-0.0502,-713.5128000000001,0.7492,474.6468,0.7332
relaxed_ortho_3_B_54_P,-81.79220000000001,2.2524,-1285.9716,2.4502,-713.4988000000001,0.7632,472.10420000000005,-1.8094000000000001
relaxed_ortho_3_B_54_Q,-83.2978,0.7466,-1288.5746,-0.1528,-713.9878,0.2742,472.7634,-1.1506
relaxed_ortho_3_B_54_R,-81.8726,2.1716,-1284.4450000000002,3.9768,-713.3747999999999,0.8872,482.2566,8.342600000000001
relaxed_ortho_3_B_54_S,-81.23920000000001,2.8058,-1285.352,3.07,-713.461,0.8009999999999999,477.5006,3.5869999999999997
relaxed_ortho_3_B_54_T,-82.6144,1.4300000000000002,-1285.8912,2.5303999999999998,-713.3866,0.8754,479.6916,5.7778
relaxed_ortho_3_B_54_V,-86.447,-2.4024,-1286.2622,2.1592,-714.1501999999999,0.11179999999999998,478.97619999999995,5.0622
relaxed_ortho_3_B_54_W,-84.9422,-0.8977999999999999,-1287.5394000000001,0.8826,-713.3082,0.9536000000000001,486.57640000000004,12.662600000000001
relaxed_ortho_3_B_54_Y,-82.8516,1.1926,-1286.856,1.5658,-712.7194,1.5426,486.855,12.940999999999999
relaxed_ortho_3_B_55_A,-81.1466,2.898,-1287.078,1.3437999999999999,-713.7014,0.5606,471.50519999999995,-2.4086
relaxed_ortho_3_B_55_C,-82.3926,1.6522,-1284.6684,3.7534,-714.2018,0.059999999999999984,475.25280000000004,1.339
relaxed_ortho_3_B_55_D,-77.4562,6.5884,-1283.0018,5.42,-713.6497999999999,0.6122,470.0194,-3.8945999999999996
relaxed_ortho_3_B_55_E,-74.9812,9.062999999999999,-1278.0356,10.3864,-713.0696,1.1924,465.03860000000003,-8.875200000000001
relaxed_ortho_3_B_55_F,-76.81179999999999,7.2324,-1273.1222,15.2998,-711.5652,2.6968,476.3,2.386
relaxed_ortho_3_B_55_G,-79.5688,4.475199999999999,-1283.865,4.5568,-713.8108,0.45120000000000005,470.7308,-3.183
relaxed_ortho_3_B_55_H,-80.9122,3.132,-1288.0203999999999,0.40140000000000003,-714.2054,0.0566,472.39439999999996,-1.5196
relaxed_ortho_3_B_55_I,-81.75059999999999,2.294,-1284.1979999999999,4.2238,-713.2166,1.0454,471.146,-2.768
relaxed_ortho_3_B_55_K,-79.6886,4.3556,-1282.525,5.897,-714.1987999999999,0.0632,473.89759999999995,-0.01599999999999997
relaxed_ortho_3_B_55_L,-82.212,1.8323999999999998,-1285.0916,3.3299999999999996,-713.7324000000001,0.5296000000000001,469.00820000000004,-4.9056
relaxed_ortho_3_B_55_M,-81.49719999999999,2.5476,-1283.4479999999999,4.973599999999999,-713.2686,0.9934,473.1292,-0.7847999999999999
relaxed_ortho_3_B_55_N,-83.08579999999999,0.9587999999999999,-1288.626,-0.2042,-713.426,0.836,474.9202,1.0064
relaxed_ortho_3_B_55_P,-82.54580000000001,1.4984,-1268.4358,19.9858,-712.3906,1.8714,480.3328,6.4188
relaxed_ortho_3_B_55_Q,-80.91420000000001,3.13,-1282.9448,5.4772,-712.6224,1.6396000000000002,470.2964,-3.6174
relaxed_ortho_3_B_55_R,-82.91040000000001,1.1342,-1283.1748,5.2466,-713.1928,1.0692,476.3568,2.4432
relaxed_ortho_3_B_55_S,-82.8068,1.2373999999999998,-1288.199,0.2226,-713.302,0.96,470.7072,-3.2068
relaxed_ortho_3_B_55_T,-80.47139999999999,3.5729999999999995,-1286.3784,2.0434,-713.6354,0.6266,471.11719999999997,-2.7968
relaxed_ortho_3_B_55_V,-82.998,1.0468,-1285.999,2.4228,-711.6148000000001,2.6472,467.4608,-6.452799999999999
relaxed_ortho_3_B_55_W,-77.01599999999999,7.0286,-1274.6198,13.801599999999999,-710.8797999999999,3.3822,473.45640000000003,-0.45760000000000006
relaxed_ortho_3_B_55_Y,-80.8266,3.2177999999999995,-1285.3618000000001,3.06,-713.058,1.204,470.02799999999996,-3.886
relaxed_ortho_3_B_56_A,-84.74600000000001,-0.7013999999999999,-1287.4312000000002,0.9902000000000001,-714.0288,0.2332,486.1336,12.2196
relaxed_ortho_3_B_56_C,-85.7514,-1.7074000000000003,-1286.5416,1.8804000000000003,-714.2544,0.007600000000000007,487.9808,14.0668
relaxed_ortho_3_B_56_D,-82.765,1.2792000000000001,-1287.0254,1.3961999999999999,-714.155,0.10699999999999998,487.97200000000004,14.0582
relaxed_ortho_3_B_56_E,-82.9274,1.1172,-1287.6925999999999,0.729,-713.3726,0.8894,487.7016,13.787600000000001
relaxed_ortho_3_B_56_F,-85.29339999999999,-1.2488,-1287.8552,0.5664,-713.1314,1.1306,488.506,14.5922
relaxed_ortho_3_B_56_G,-81.5402,2.504,-1285.1412,3.2804,-713.622,0.64,487.7594,13.8458
relaxed_ortho_3_B_56_H,-83.667,0.3776,-1288.2946,0.12699999999999997,-713.321,0.9410000000000001,485.91139999999996,11.9976
relaxed_ortho_3_B_56_I,-86.12140000000001,-2.077,-1286.9352000000001,1.4868000000000001,-714.2421999999999,0.019799999999999995,490.21999999999997,16.306400000000004
relaxed_ortho_3_B_56_K,-84.3494,-0.3046,-1288.0764,0.3454,-714.2783999999999,-0.016399999999999998,477.5464,3.6323999999999996
relaxed_ortho_3_B_56_L,-84.25800000000001,-0.213,-1287.9694,0.4524,-713.7062,0.5558,486.503,12.589
relaxed_ortho_3_B_56_M,-84.7096,-0.6648,-1287.373,1.0484,-713.463,0.799,487.72799999999995,13.814400000000001
relaxed_ortho_3_B_56_N,-83.52799999999999,0.5166000000000001,-1287.5722,0.8493999999999999,-713.9712,0.2908,487.5918,13.6778
relaxed_ortho_3_B_56_P,-79.7728,4.271800000000001,-1281.1624,7.259600000000001,-712.9312,1.3308,484.4536,10.5396
relaxed_ortho_3_B_56_Q,-83.33579999999999,0.7086,-1287.2082,1.2136,-713.7356,0.5264,487.2548,13.341
relaxed_ortho_3_B_56_R,-83.05940000000001,0.9853999999999999,-1288.5318,-0.10979999999999998,-713.664,0.5980000000000001,475.70500000000004,1.7914
relaxed_ortho_3_B_56_S,-82.22760000000001,1.8172000000000001,-1287.3188,1.1032,-713.4648,0.7971999999999999,486.2132,12.2992
relaxed_ortho_3_B_56_T,-84.744,-0.6998,-1285.822,2.6,-714.0576,0.2044,487.6926,13.7786
relaxed_ortho_3_B_56_V,-86.9496,-2.9052,-1287.6466,0.7752,-713.7338,0.5282,487.53360000000004,13.6196
relaxed_ortho_3_B_56_W,-86.09979999999999,-2.0552,-1286.3334,2.0884,-712.3158000000001,1.9460000000000002,490.48819999999995,16.574199999999998
relaxed_ortho_3_B_56_Y,-84.83340000000001,-0.7886,-1287.6028000000001,0.819,-713.0384,1.2236,485.15380000000005,11.239799999999999
relaxed_ortho_3_B_57_A,-83.0172,1.0272000000000001,-1285.4569999999999,2.965,-714.4024,-0.1406,476.302,2.3882000000000003
relaxed_ortho_3_B_57_C,-85.03299999999999,-0.9882,-1285.5831999999998,2.8384,-714.321,-0.05900000000000001,478.271,4.357
relaxed_ortho_3_B_57_D,-82.2898,1.7546,-1287.5382,0.8837999999999999,-713.8838,0.3782,476.0514,2.1374
relaxed_ortho_3_B_57_E,-82.6442,1.4002,-1286.819,1.6030000000000002,-713.8478,0.414,475.3262,1.4122
relaxed_ortho_3_B_57_F,-87.047,-3.0026,-1290.2836000000002,-1.8616,-713.4122,0.8497999999999999,477.32079999999996,3.4067999999999996
relaxed_ortho_3_B_57_G,-82.0624,1.982,-1283.9470000000001,4.4744,-714.3198,-0.05780000000000003,478.0518,4.138
relaxed_ortho_3_B_57_H,-84.97200000000001,-0.9274000000000001,-1289.6682,-1.2464,-713.3908,0.8712,476.58299999999997,2.669
relaxed_ortho_3_B_57_I,-83.37440000000001,0.6698000000000001,-1286.4204,2.0016000000000003,-714.0044,0.2576,476.65299999999996,2.7392
relaxed_ortho_3_B_57_K,-85.8392,-1.7952000000000001,-1288.5783999999999,-0.1572,-714.322,-0.06,475.7192,1.8052
relaxed_ortho_3_B_57_L,-84.2072,-0.1626,-1288.2824,0.1394,-713.307,0.9550000000000001,477.77739999999994,3.8635999999999995
relaxed_ortho_3_B_57_M,-86.2752,-2.2306,-1287.6482,0.7734,-713.2166,1.0454,479.52079999999995,5.607
relaxed_ortho_3_B_57_N,-83.0278,1.0168,-1288.6866,-0.2652,-713.4772,0.7847999999999999,474.97119999999995,1.0572
relaxed_ortho_3_B_57_P,-83.1174,0.9273999999999999,-1275.3337999999999,13.0882,-714.2194,0.04260000000000001,486.9232,13.009199999999998
relaxed_ortho_3_B_57_Q,-83.3746,0.67,-1287.2495999999999,1.1722,-713.443,0.8188000000000001,476.145,2.2310000000000003
relaxed_ortho_3_B_57_R,-85.5068,-1.4618,-1286.782,1.64,-713.9954,0.2666,476.8558,2.9417999999999997
relaxed_ortho_3_B_57_S,-82.7286,1.3161999999999998,-1285.6781999999998,2.7438,-714.4444,-0.1824,475.2688,1.355
relaxed_ortho_3_B_57_T,-83.938,0.10699999999999998,-1287.078,1.3432,-714.563,-0.30100000000000005,475.37,1.456
relaxed_ortho_3_B_57_V,-83.764,0.2808,-1287.0752,1.3466,-713.7004,0.5616,476.52,2.6062
relaxed_ortho_3_B_57_W,-88.28240000000001,-4.238,-1290.8386,-2.4166,-713.4044,0.8576,478.02299999999997,4.109
relaxed_ortho_3_B_57_Y,-81.2966,2.7481999999999998,-1285.3384,3.0835999999999997,-714.1972,0.0648,472.747,-1.1670000000000003
relaxed_ortho_3_B_58_A,-82.5134,1.5308,-1284.5970000000002,3.825,-713.4526,0.8094000000000001,476.18559999999997,2.2716000000000003
relaxed_ortho_3_B_58_C,-82.885,1.1596,-1284.2848,4.1372,-713.4296,0.8324,477.98720000000003,4.0733999999999995
relaxed_ortho_3_B_58_D,-81.5146,2.5298000000000003,-1282.0546,6.367,-713.272,0.99,475.0512,1.1372
relaxed_ortho_3_B_58_E,-79.1932,4.8514,-1281.5546,6.867400000000001,-713.5122,0.7498,475.4512,1.5374
relaxed_ortho_3_B_58_F,-85.10979999999999,-1.0648,-1287.0892,1.3328,-713.2196,1.0424,464.4616,-9.4522
relaxed_ortho_3_B_58_G,-82.398,1.6461999999999999,-1280.5728,7.849200000000001,-713.5512000000001,0.7108,479.7706,5.8566
relaxed_ortho_3_B_58_H,-82.89320000000001,1.1514,-1285.1344000000001,3.2872,-713.3578,0.9042,470.4706,-3.4432
relaxed_ortho_3_B_58_I,-84.9428,-0.8977999999999999,-1285.0693999999999,3.3526000000000002,-714.3026,-0.040600000000000004,480.2308,6.3168
relaxed_ortho_3_B_58_K,-83.6462,0.3982,-1281.403,7.018800000000001,-712.8186,1.4434,477.8026,3.8886000000000003
relaxed_ortho_3_B_58_L,-85.0834,-1.0386,-1284.491,3.931,-714.2154,0.0466,481.53360000000004,7.6198
relaxed_ortho_3_B_58_M,-86.6868,-2.6424,-1288.4148,0.006799999999999999,-713.395,0.867,476.79200000000003,2.878
relaxed_ortho_3_B_58_N,-82.5382,1.5066000000000002,-1283.1898,5.2316,-713.0862,1.1758,476.7206,2.8066000000000004
relaxed_ortho_3_B_58_P,-81.9194,2.125,-1263.3668,25.055,-712.5101999999999,1.7515999999999998,500.174,26.260199999999998
relaxed_ortho_3_B_58_Q,-79.6328,4.4118,-1282.6276,5.7944,-713.6584,0.6035999999999999,480.9718,7.058400000000001
relaxed_ortho_3_B_58_R,-81.6578,2.3868,-1283.6381999999999,4.7838,-713.3302,0.9318000000000002,476.2852,2.3712
relaxed_ortho_3_B_58_S,-82.25,1.7948,-1283.7995999999998,4.6224,-713.3422,0.9198000000000001,476.95739999999995,3.0434
relaxed_ortho_3_B_58_T,-82.3794,1.6648,-1286.0854,2.3366,-713.4158,0.8462,476.50339999999994,2.5896
relaxed_ortho_3_B_58_V,-83.3096,0.7348,-1288.272,0.1494,-713.9934,0.2686,474.68,0.766
relaxed_ortho_3_B_58_W,-87.2166,-3.1718,-1285.6548,2.7670000000000003,-714.2478,0.0142,471.125,-2.789
relaxed_ortho_3_B_58_Y,-86.5248,-2.4802,-1289.3502,-0.9286,-713.0982,1.1636,463.342,-10.572
relaxed_ortho_3_B_59_A,-82.8566,1.1880000000000002,-1284.5182,3.9036,-713.3720000000001,0.89,479.17920000000004,5.2654
relaxed_ortho_3_B_59_C,-82.9,1.144,-1283.4076,5.0144,-713.5472,0.7148,480.1738,6.26
relaxed_ortho_3_B_59_D,-83.01599999999999,1.0284,-1284.3814,4.0404,-714.412,-0.15,478.0882,4.1742
relaxed_ortho_3_B_59_E,-82.8656,1.1789999999999998,-1288.9358,-0.5142,-713.4308,0.8311999999999999,474.8466,0.9326000000000001
relaxed_ortho_3_B_59_F,-82.8648,1.1802,-1279.4456,8.976400000000002,-713.4874,0.7746,483.9138,10.0
relaxed_ortho_3_B_59_G,-82.9576,1.0864,-1280.9614,7.4605999999999995,-714.0384,0.22360000000000002,481.8528,7.9388000000000005
relaxed_ortho_3_B_59_H,-82.994,1.0504,-1285.0654,3.3564,-713.6153999999999,0.6464000000000001,480.1582,6.2442
relaxed_ortho_3_B_59_I,-82.83500000000001,1.2096,-1283.1862,5.2356,-713.6398,0.622,480.4974,6.5834
relaxed_ortho_3_B_59_K,-83.1014,0.943,-1286.3806,2.0412,-713.3514,0.9106,477.0014,3.0875999999999997
relaxed_ortho_3_B_59_L,-83.16959999999999,0.8751999999999999,-1284.6601999999998,3.7618,-713.5844,0.6776,478.84040000000005,4.9264
relaxed_ortho_3_B_59_M,-83.91319999999999,0.1312,-1285.3352,3.0868,-713.6118,0.6502000000000001,480.09319999999997,6.1792
relaxed_ortho_3_B_59_N,-82.9718,1.073,-1283.949,4.4726,-713.8362,0.4258,480.4866,6.572799999999999
relaxed_ortho_3_B_59_P,-82.69919999999999,1.3454000000000002,-1251.3186,37.1034,-713.7052,0.5568000000000001,504.695,30.7814
relaxed_ortho_3_B_59_Q,-83.03999999999999,1.0046,-1288.6016,-0.18,-713.3471999999999,0.9148,474.904,0.99
relaxed_ortho_3_B_59_R,-83.69980000000001,0.34500000000000003,-1284.388,4.0338,-714.1958000000001,0.0662,478.53419999999994,4.6204
relaxed_ortho_3_B_59_S,-82.8268,1.2176,-1284.5234,3.8986000000000005,-713.5576,0.7044,478.5972,4.683400000000001
relaxed_ortho_3_B_59_T,-83.06519999999999,0.9794,-1284.3578000000002,4.064,-713.659,0.603,479.41760000000005,5.5036000000000005
relaxed_ortho_3_B_59_V,-82.864,1.1802,-1283.7788,4.642799999999999,-713.3294,0.9326000000000001,479.3456,5.4316
relaxed_ortho_3_B_59_W,-83.5752,0.4692,-1283.9542000000001,4.4677999999999995,-713.3492,0.9126000000000001,480.45,6.536
relaxed_ortho_3_B_59_Y,-82.7582,1.2866,-1279.7878,8.6342,-713.569,0.693,483.14880000000005,9.235
relaxed_ortho_3_B_98_A,-83.1548,0.89,-1288.9497999999999,-0.5277999999999999,-713.3743999999999,0.8876,474.26039999999995,0.3466
relaxed_ortho_3_B_98_C,-83.748,0.296,-1287.3139999999999,1.108,-714.3328,-0.0708,474.5138,0.6
relaxed_ortho_3_B_98_D,-82.5076,1.5368,-1287.4407999999999,0.9808,-714.1809999999999,0.081,474.0454,0.1314
relaxed_ortho_3_B_98_E,-83.0266,1.0176,-1286.473,1.9486,-713.6572,0.6045999999999999,477.08060000000006,3.1668
relaxed_ortho_3_B_98_F,-85.4148,-1.3704,-1283.6547999999998,4.7666,-712.9726,1.2894,478.64160000000004,4.7276
relaxed_ortho_3_B_98_G,-83.0178,1.0266,-1286.4904,1.9314,-713.6952,0.5668,475.77699999999993,1.863
relaxed_ortho_3_B_98_H,-85.5874,-1.5426,-1286.2214,2.2003999999999997,-714.1394,0.1226,478.7722,4.858199999999999
relaxed_ortho_3_B_98_I,-83.2766,0.768,-1286.2074,2.2144,-713.3417999999999,0.9202,478.73940000000005,4.8256
relaxed_ortho_3_B_98_K,-83.2244,0.82,-1288.0506,0.3706,-714.01,0.252,474.6942,0.7802
relaxed_ortho_3_B_98_L,-83.83059999999999,0.2136,-1285.1522,3.2695999999999996,-713.0584,1.2036,479.3522,5.4384
relaxed_ortho_3_B_98_M,-83.2438,0.8004,-1286.758,1.6636,-713.5060000000001,0.7558,477.7443999999999,3.8305999999999996
relaxed_ortho_3_B_98_N,-82.84479999999999,1.1996,-1288.1291999999999,0.2926,-713.6486000000001,0.6134000000000001,472.8594,-1.0544
relaxed_ortho_3_B_98_P,-82.2906,1.754,-1168.7862,119.6354,-713.6848,0.5772,597.3556000000001,123.4416
relaxed_ortho_3_B_98_Q,-82.92,1.1246,-1290.1784,-1.7566000000000002,-714.0012,0.2608,473.2946,-0.6194
relaxed_ortho_3_B_98_R,-83.0128,1.032,-1291.1560000000002,-2.7344,-713.7418,0.5202,471.82160000000005,-2.0924
relaxed_ortho_3_B_98_S,-82.9042,1.1404,-1288.8896,-0.4678,-713.8471999999999,0.4146000000000001,473.77799999999996,-0.1356
relaxed_ortho_3_B_98_T,-83.8696,0.1752,-1288.0642,0.3574,-714.3765999999999,-0.11460000000000001,473.079,-0.8346
relaxed_ortho_3_B_98_V,-83.2136,0.8311999999999999,-1286.2276,2.194,-713.2257999999999,1.0362,478.3068,4.392799999999999
relaxed_ortho_3_B_98_W,-85.4312,-1.3866,-1282.1052,6.3162,-713.0008,1.2612,479.42600000000004,5.512
relaxed_ortho_3_B_98_Y,-85.3468,-1.3024,-1281.5266,6.894800000000001,-712.4273999999999,1.8346,482.0742,8.1602
