mutation,dG_interface,ddG_interface,dG_complex,ddG_complex,dG_receptor,ddG_receptor,dG_ligand,ddG_ligand
relaxed_wt_1_A_21_A,-89.561,0.19319999999999998,-1301.9338,0.4042,-718.933,-1.2162,448.6956,-1.9894000000000003
relaxed_wt_1_A_21_C,-89.5468,0.2072,-1301.0031999999999,1.3348,-718.9254,-1.209,449.6602,-1.0248
relaxed_wt_1_A_21_D,-89.49260000000001,0.2618,-1302.3184,0.0194,-718.9082000000001,-1.1911999999999998,447.97520000000003,-2.7098
relaxed_wt_1_A_21_E,-89.5744,0.18,-1303.8168,-1.4788000000000001,-718.8893999999999,-1.1728,446.5464,-4.138599999999999
relaxed_wt_1_A_21_F,-89.5604,0.194,-1302.6456,-0.3076,-719.0262,-1.3094,442.69399999999996,-7.991200000000001
relaxed_wt_1_A_21_G,-89.5774,0.177,-1299.1458,3.1922,-718.8817999999999,-1.1649999999999998,452.517,1.8317999999999999
relaxed_wt_1_A_21_H,-89.574,0.1802,-1302.8706,-0.5326,-718.8618,-1.145,447.5612,-3.1242
relaxed_wt_1_A_21_I,-89.381,0.3734,-1298.306,4.0318,-718.9889999999999,-1.2719999999999998,455.7386,5.0534
relaxed_wt_1_A_21_K,-89.5608,0.19319999999999998,-1299.8376,2.5002000000000004,-718.9363999999999,-1.2194,453.4156,2.7304000000000004
relaxed_wt_1_A_21_L,-89.5234,0.23079999999999998,-1297.044,5.294,-718.8568,-1.1398,451.92960000000005,1.2446000000000002
relaxed_wt_1_A_21_M,-89.5372,0.21680000000000002,-1301.3529999999998,0.985,-718.8858,-1.169,450.7662,0.081
relaxed_wt_1_A_21_N,-89.54839999999999,0.2056,-1300.3608,1.9771999999999998,-719.0124,-1.2958,451.08540000000005,0.4004
relaxed_wt_1_A_21_P,-89.2636,0.4906,-1220.1498,82.188,-718.6392,-0.9224,517.8394,67.1544
relaxed_wt_1_A_21_Q,-89.5624,0.19180000000000003,-1302.6470000000002,-0.30900000000000005,-719.075,-1.3582,450.5326,-0.15239999999999995
relaxed_wt_1_A_21_R,-89.42859999999999,0.3254,-1299.8156,2.5224,-718.9944,-1.2776,451.634,0.9490000000000001
relaxed_wt_1_A_21_S,-89.5298,0.2242,-1301.8208,0.517,-718.8892,-1.1724,450.2772,-0.40800000000000003
relaxed_wt_1_A_21_T,-89.5516,0.2028,-1301.7051999999999,0.6326,-718.857,-1.1404,451.2098,0.5246000000000001
relaxed_wt_1_A_21_V,-89.41420000000001,0.3406,-1303.1136000000001,-0.7756000000000001,-719.0748,-1.3584,451.3304,0.6454000000000001
relaxed_wt_1_A_21_W,-89.5418,0.2124,-1302.751,-0.41319999999999996,-718.9542,-1.2374,449.9294,-0.7556
relaxed_wt_1_A_21_Y,-89.24780000000001,0.5062,-1304.4058,-2.0678,-719.4436,-1.7268000000000001,442.7994,-7.885599999999999
relaxed_wt_1_A_22_A,-89.5606,0.1938,-1298.8608,3.4772,-718.8602,-1.1434,461.13239999999996,10.4472
relaxed_wt_1_A_22_C,-89.5944,0.1598,-1299.2046,3.1334,-718.9262,-1.2094,469.3486,18.6636
relaxed_wt_1_A_22_D,-89.51,0.24420000000000003,-1299.9802,2.3578,-719.0812,-1.3646,447.4554,-3.2296
relaxed_wt_1_A_22_E,-89.5544,0.1998,-1300.3908,1.9472,-719.0110000000001,-1.2944,456.58180000000004,5.8966
relaxed_wt_1_A_22_F,-88.88980000000001,0.8642,-1260.865,41.4728,-719.8968000000001,-2.18,179.2102,-271.4748
relaxed_wt_1_A_22_G,-89.5754,0.1786,-1296.7234,5.6144,-718.8644,-1.1476,462.0648,11.3798
relaxed_wt_1_A_22_H,-89.0614,0.6928,-1280.0520000000001,22.2856,-719.0104,-1.2933999999999999,285.183,-165.5024
relaxed_wt_1_A_22_I,-89.4828,0.2716,-1304.5308,-2.1927999999999996,-718.8938,-1.177,431.90379999999993,-18.781200000000002
relaxed_wt_1_A_22_K,-89.5052,0.24900000000000003,-1297.8957999999998,4.442,-718.8972,-1.1806,456.7326,6.0476
relaxed_wt_1_A_22_L,-89.6058,0.1486,-1292.4630000000002,9.875,-718.8969999999999,-1.1800000000000002,455.7892,5.1042000000000005
relaxed_wt_1_A_22_M,-89.04780000000001,0.7062,-1301.4936000000002,0.8444,-720.0362,-2.3194,457.39660000000003,6.7116
relaxed_wt_1_A_22_N,-89.6038,0.1508,-1297.1824000000001,5.1554,-718.9362,-1.2193999999999998,470.6354,19.950400000000002
relaxed_wt_1_A_22_P,-89.5738,0.1804,-1297.9928,4.3452,-718.9442,-1.2274,459.79260000000005,9.1076
relaxed_wt_1_A_22_Q,-89.55460000000001,0.19940000000000002,-1301.3358,1.002,-718.9368000000001,-1.22,452.899,2.2138
relaxed_wt_1_A_22_R,-89.512,0.24220000000000003,-1298.841,3.4966,-718.8621999999999,-1.1452,455.7264,5.0414
relaxed_wt_1_A_22_S,-89.589,0.16519999999999999,-1299.4379999999999,2.9,-718.9906,-1.2736,460.2198,9.534600000000001
relaxed_wt_1_A_22_T,-89.45599999999999,0.29900000000000004,-1302.1619999999998,0.17600000000000002,-718.9594,-1.2424,458.6364,7.9514
relaxed_wt_1_A_22_V,-89.5496,0.20459999999999998,-1303.9308,-1.593,-719.01,-1.2933999999999999,447.4706,-3.2146
relaxed_wt_1_A_22_W,-90.046,-0.29159999999999997,-1239.2369999999999,63.10080000000001,-718.0902,-0.3734,236.1334,-214.5516
relaxed_wt_1_A_22_Y,-89.4456,0.30860000000000004,-1258.2068,44.1312,-719.264,-1.5474,221.82,-228.865
relaxed_wt_1_A_23_A,-89.53979999999999,0.21459999999999999,-1299.6276,2.71,-718.5142,-0.7978,449.2512,-1.434
relaxed_wt_1_A_23_C,-89.513,0.24159999999999998,-1299.6502,2.6878,-718.7506000000001,-1.034,450.1214,-0.5636
relaxed_wt_1_A_23_D,-89.5082,0.24580000000000002,-1299.3562,2.9818,-718.9008,-1.1842000000000001,451.2028,0.5178
relaxed_wt_1_A_23_E,-89.5644,0.18980000000000002,-1300.2562,2.0818000000000003,-718.6692,-0.9526,447.912,-2.773
relaxed_wt_1_A_23_F,-89.57419999999999,0.17980000000000002,-1303.8650000000002,-1.5272000000000001,-718.908,-1.1912,446.69079999999997,-3.9942
relaxed_wt_1_A_23_G,-89.5232,0.23079999999999998,-1293.097,9.2408,-718.9808,-1.264,459.94480000000004,9.2598
relaxed_wt_1_A_23_H,-89.498,0.2562,-1301.2248,1.1128,-718.8722,-1.1554,449.008,-1.6771999999999998
relaxed_wt_1_A_23_I,-89.06800000000001,0.6862,-1263.0310000000002,39.306799999999996,-718.7166,-0.9996,450.59219999999993,-0.0932
relaxed_wt_1_A_23_K,-89.0326,0.7215999999999999,-1299.752,2.586,-718.9424,-1.2254,448.0144,-2.6712
relaxed_wt_1_A_23_L,-89.1318,0.6222,-1299.8827999999999,2.4552,-718.8696,-1.1526,447.0918,-3.5932000000000004
relaxed_wt_1_A_23_M,-89.48920000000001,0.265,-1298.6846,3.6534,-718.9166,-1.2002000000000002,450.0284,-0.6566000000000001
relaxed_wt_1_A_23_N,-89.5408,0.2132,-1299.596,2.742,-718.9624,-1.2458,449.0616,-1.6233999999999997
relaxed_wt_1_A_23_P,-87.6194,2.1348,-1248.3448,53.9932,-720.808,-3.0918,523.404,72.71900000000001
relaxed_wt_1_A_23_Q,-89.5876,0.1668,-1303.76,-1.4224,-718.9148,-1.198,446.8174,-3.8676000000000004
relaxed_wt_1_A_23_R,-89.2888,0.4652,-1298.1126,4.2254,-719.4576,-1.741,450.29799999999994,-0.387
relaxed_wt_1_A_23_S,-89.5274,0.2266,-1299.7766,2.5614,-718.7786,-1.0624,449.59520000000003,-1.0897999999999999
relaxed_wt_1_A_23_T,-89.4626,0.2914,-1295.9986000000001,6.3393999999999995,-718.9116,-1.1948,441.8148,-8.8702
relaxed_wt_1_A_23_V,-89.106,0.6487999999999999,-1278.3899999999999,23.948,-718.7458,-1.0292,446.22520000000003,-4.4597999999999995
relaxed_wt_1_A_23_W,-89.5826,0.1716,-1302.6034,-0.26539999999999997,-718.866,-1.1494,448.33599999999996,-2.3494
relaxed_wt_1_A_23_Y,-89.5762,0.178,-1303.5628000000002,-1.2247999999999999,-718.9748000000001,-1.2582,446.7844,-3.9007999999999994
relaxed_wt_1_A_24_A,-89.7942,-0.0402,-1299.8295999999998,2.5082,-718.7864,-1.0699999999999998,450.0816,-0.6034
relaxed_wt_1_A_24_C,-89.56,0.19419999999999998,-1299.6111999999998,2.7268,-719.4202,-1.7038,449.8514,-0.8338000000000001
relaxed_wt_1_A_24_D,-89.7366,0.017399999999999995,-1301.1018,1.2362,-718.8842000000001,-1.1674,449.3316,-1.3534000000000002
relaxed_wt_1_A_24_E,-89.562,0.1922,-1303.752,-1.4140000000000001,-718.9300000000001,-1.213,447.09880000000004,-3.5862000000000003
relaxed_wt_1_A_24_F,-89.88199999999999,-0.1276,-1301.8534,0.48460000000000003,-718.8052,-1.089,446.59080000000006,-4.0944
relaxed_wt_1_A_24_G,-89.809,-0.05500000000000001,-1297.7238,4.6142,-718.8494000000001,-1.1326,452.3724,1.6872
relaxed_wt_1_A_24_H,-89.7826,-0.028600000000000004,-1301.0246000000002,1.3134000000000001,-718.8662,-1.1492,449.3562,-1.3292
relaxed_wt_1_A_24_I,-89.87539999999998,-0.121,-1301.4582,0.8798,-718.7774,-1.061,447.8036,-2.8818
relaxed_wt_1_A_24_K,-90.199,-0.445,-1301.102,1.236,-718.7818,-1.065,450.559,-0.12600000000000003
relaxed_wt_1_A_24_L,-89.744,0.010200000000000004,-1300.9692,1.3688,-718.837,-1.1199999999999999,452.5368,1.8518000000000001
relaxed_wt_1_A_24_M,-89.6508,0.1032,-1301.7006000000001,0.6374000000000001,-718.5674,-0.8506,452.2042,1.5192
relaxed_wt_1_A_24_N,-89.7276,0.0264,-1301.3098,1.028,-718.875,-1.1582000000000001,448.1816,-2.5034
relaxed_wt_1_A_24_P,-89.8408,-0.0866,-1300.5564,1.7815999999999999,-718.9224,-1.206,448.35159999999996,-2.3334
relaxed_wt_1_A_24_Q,-90.17999999999999,-0.4258,-1300.9688,1.3692,-718.9004,-1.1834,450.7144,0.02939999999999996
relaxed_wt_1_A_24_R,-90.054,-0.2996,-1299.5636,2.7744,-718.7612,-1.0446,449.293,-1.392
relaxed_wt_1_A_24_S,-89.654,0.1,-1300.4263999999998,1.9114,-718.7462,-1.0292,449.465,-1.22
relaxed_wt_1_A_24_T,-89.8566,-0.10200000000000001,-1301.2552,1.0824,-718.8486,-1.1320000000000001,449.34259999999995,-1.3424
relaxed_wt_1_A_24_V,-89.9354,-0.18080000000000002,-1302.0534,0.2846,-718.7626,-1.0455999999999999,446.8682,-3.8167999999999997
relaxed_wt_1_A_24_W,-89.5846,0.1698,-1304.3092000000001,-1.9712,-718.9276,-1.2109999999999999,446.61019999999996,-4.075200000000001
relaxed_wt_1_A_24_Y,-89.89020000000001,-0.136,-1302.2441999999999,0.09380000000000001,-718.7412,-1.0242,445.7656,-4.9194
relaxed_wt_1_A_25_A,-89.6588,0.09559999999999999,-1294.1518,8.1862,-718.8614,-1.1448,455.6408,4.9556
relaxed_wt_1_A_25_C,-89.3742,0.38,-1296.2522000000001,6.0858,-719.4368000000001,-1.7200000000000002,453.6734,2.9884
relaxed_wt_1_A_25_D,-89.6286,0.1258,-1294.6006,7.737399999999999,-719.0188,-1.302,455.3256,4.6406
relaxed_wt_1_A_25_E,-89.5616,0.1926,-1294.9398,7.3982,-718.9268,-1.21,455.8062,5.1212
relaxed_wt_1_A_25_F,-89.49600000000001,0.2582,-1287.6457999999998,14.6922,-717.9126,-0.1956,445.00100000000003,-5.684
relaxed_wt_1_A_25_G,-89.61800000000001,0.1364,-1288.9338,13.404,-718.9197999999999,-1.2034,461.5508,10.8658
relaxed_wt_1_A_25_H,-89.7954,-0.0412,-1291.6796,10.6584,-718.7106,-0.9937999999999999,453.5822,2.8972
relaxed_wt_1_A_25_I,-89.1434,0.6106,-1303.8103999999998,-1.4724,-718.9218,-1.2048,446.66700000000003,-4.0184
relaxed_wt_1_A_25_K,-89.675,0.0792,-1281.2446,21.0934,-718.7326,-1.016,462.53540000000004,11.850399999999999
relaxed_wt_1_A_25_L,-89.7326,0.0216,-1298.4562,3.8817999999999997,-718.4874,-0.7706000000000001,449.8812,-0.804
relaxed_wt_1_A_25_M,-89.6484,0.1058,-1297.7528,4.5852,-718.4196,-0.7028000000000001,450.83599999999996,0.15099999999999994
relaxed_wt_1_A_25_N,-89.7226,0.0318,-1297.8655999999999,4.4723999999999995,-718.8576,-1.1406,450.5284,-0.15699999999999997
relaxed_wt_1_A_25_P,-87.44919999999999,2.3052,-1270.6538,31.684199999999997,-719.2064,-1.4898,473.65860000000004,22.973599999999998
relaxed_wt_1_A_25_Q,-89.5608,0.1934,-1297.0374,5.3004,-718.8986,-1.182,454.576,3.8910000000000005
relaxed_wt_1_A_25_R,-89.1662,0.5882000000000001,-1279.4242,22.913800000000002,-718.7404,-1.0238,465.17719999999997,14.492
relaxed_wt_1_A_25_S,-89.6216,0.13279999999999997,-1294.2492,8.0886,-718.8246,-1.108,455.87479999999994,5.1898
relaxed_wt_1_A_25_T,-89.6194,0.13499999999999998,-1297.2622,5.075799999999999,-718.9056,-1.1888,453.8618,3.1766
relaxed_wt_1_A_25_V,-89.6426,0.1116,-1301.7448,0.5932000000000001,-718.9264000000001,-1.2094,449.8978,-0.7872
relaxed_wt_1_A_25_W,-87.8914,1.8628,-1261.7486,40.5894,-716.7978,0.9187999999999998,448.23720000000003,-2.4478
relaxed_wt_1_A_25_Y,-89.495,0.2592,-1280.7752,21.562599999999996,-718.3304,-0.6134000000000001,458.05280000000005,7.3678
relaxed_wt_1_A_26_A,-88.011,1.7434,-1302.401,-0.063,-721.7904000000001,-4.0736,449.1582,-1.5268000000000002
relaxed_wt_1_A_26_C,-89.6544,0.1,-1299.538,2.8,-719.0362,-1.3194,451.26779999999997,0.5826
relaxed_wt_1_A_26_D,-89.3378,0.4162,-1304.5621999999998,-2.2241999999999997,-720.2864,-2.5696,446.3424,-4.3426
relaxed_wt_1_A_26_E,-88.3386,1.4154,-1301.7428,0.5952,-719.143,-1.426,447.691,-2.9939999999999998
relaxed_wt_1_A_26_F,-89.63140000000001,0.123,-1301.917,0.4208,-718.942,-1.2252,448.06239999999997,-2.6226
relaxed_wt_1_A_26_G,-91.1272,-1.373,-1300.1846,2.1534,-718.7546,-1.0379999999999998,452.08119999999997,1.3961999999999999
relaxed_wt_1_A_26_H,-89.0172,0.7372,-1300.9768,1.3612000000000002,-718.9532,-1.2364000000000002,449.3657999999999,-1.3192
relaxed_wt_1_A_26_I,-88.7876,0.9668000000000001,-1294.3242,8.0138,-719.363,-1.6461999999999999,456.6598,5.9748
relaxed_wt_1_A_26_K,-88.661,1.0934,-1299.2959999999998,3.0420000000000003,-718.2189999999999,-0.5022,451.45380000000006,0.7687999999999999
relaxed_wt_1_A_26_L,-87.8258,1.9286,-1301.0648,1.2730000000000001,-719.0054,-1.2888,447.3406,-3.3448
relaxed_wt_1_A_26_M,-89.28720000000001,0.46720000000000006,-1300.008,2.33,-718.953,-1.236,449.62879999999996,-1.0562
relaxed_wt_1_A_26_N,-89.00219999999999,0.752,-1300.2678,2.0702,-718.9784,-1.2613999999999999,450.5448,-0.14019999999999996
relaxed_wt_1_A_26_P,-87.97540000000001,1.7786000000000002,-1296.2346,6.1034,-718.8925999999999,-1.1758,451.0724,0.38739999999999997
relaxed_wt_1_A_26_Q,-88.101,1.6532,-1300.547,1.7908000000000002,-719.0714,-1.3548,448.8736,-1.8113999999999997
relaxed_wt_1_A_26_R,-90.6978,-0.9437999999999999,-1301.0018,1.3362,-718.6546000000001,-0.938,451.63379999999995,0.9488
relaxed_wt_1_A_26_S,-89.5432,0.2112,-1303.8142,-1.4762,-718.9562,-1.2394,446.35519999999997,-4.33
relaxed_wt_1_A_26_T,-89.24199999999999,0.5122,-1301.9656,0.3724,-718.8876,-1.1705999999999999,447.0678,-3.6171999999999995
relaxed_wt_1_A_26_V,-89.298,0.45599999999999996,-1299.0744,3.2636000000000003,-719.0994,-1.3826,450.91760000000005,0.2326
relaxed_wt_1_A_26_W,-90.4944,-0.7402,-1301.4281999999998,0.9098,-719.0838,-1.3672,450.0168,-0.6682
relaxed_wt_1_A_26_Y,-89.4014,0.35259999999999997,-1303.5224,-1.1844,-719.0989999999999,-1.3821999999999999,447.81620000000004,-2.869
relaxed_wt_1_A_27_A,-86.67460000000001,3.0796,-1301.816,0.522,-720.6526,-2.9356,446.0188,-4.6664
relaxed_wt_1_A_27_C,-86.9758,2.779,-1300.2856,2.0524,-720.0966000000001,-2.38,445.63379999999995,-5.0514
relaxed_wt_1_A_27_D,-85.9012,3.8532,-1302.2194,0.11840000000000003,-721.8638,-4.146800000000001,446.3692,-4.3162
relaxed_wt_1_A_27_E,-86.4508,3.3036000000000003,-1303.5126,-1.1746,-721.921,-4.2042,445.454,-5.231
relaxed_wt_1_A_27_F,-86.9274,2.8266,-1298.8414,3.4966,-719.4444,-1.7274,454.81859999999995,4.1335999999999995
relaxed_wt_1_A_27_G,-86.3004,3.4537999999999998,-1299.2206,3.1172,-720.8394000000001,-3.1226,448.207,-2.4779999999999998
relaxed_wt_1_A_27_H,-85.7686,3.9856000000000003,-1300.4306000000001,1.9073999999999998,-720.8244000000001,-3.1078,448.1282,-2.5568
relaxed_wt_1_A_27_I,-86.3684,3.3856,-1296.8586,5.4794,-719.1018,-1.3852,454.9044,4.2194
relaxed_wt_1_A_27_K,-86.4706,3.2834000000000003,-1301.3002000000001,1.0378,-719.7896,-2.073,448.72380000000004,-1.9616
relaxed_wt_1_A_27_L,-87.1214,2.6328,-1301.1082000000001,1.2298,-719.4418,-1.7248,450.537,-0.1479999999999999
relaxed_wt_1_A_27_M,-87.1954,2.5588,-1304.5430000000001,-2.205,-720.9298,-3.2128,446.3036,-4.3814
relaxed_wt_1_A_27_N,-86.217,3.5372,-1302.942,-0.604,-721.3172000000001,-3.6001999999999996,445.44399999999996,-5.241
relaxed_wt_1_A_27_P,-86.6682,3.0862000000000003,-1301.9720000000002,0.36560000000000004,-720.4672,-2.7508000000000004,444.45920000000007,-6.2258000000000004
relaxed_wt_1_A_27_Q,-87.4092,2.3448,-1302.8434000000002,-0.5054,-720.8542,-3.1374000000000004,446.5236,-4.1614
relaxed_wt_1_A_27_R,-89.55839999999999,0.1958,-1304.1266,-1.7886,-718.9014,-1.1847999999999999,446.168,-4.517
relaxed_wt_1_A_27_S,-85.5042,4.2501999999999995,-1302.2698,0.06800000000000002,-721.9269999999999,-4.2104,445.0222,-5.6628
relaxed_wt_1_A_27_T,-85.9546,3.7994,-1302.474,-0.13620000000000004,-721.8634,-4.1466,443.9108,-6.774600000000001
relaxed_wt_1_A_27_V,-86.4948,3.2594000000000003,-1300.3952000000002,1.9426,-720.4024000000001,-2.6858,445.47380000000004,-5.2112
relaxed_wt_1_A_27_W,-87.4412,2.313,-1297.7612,4.5766,-716.9512,0.7656,453.9062,3.2212000000000005
relaxed_wt_1_A_27_Y,-87.1044,2.6498,-1300.1074,2.2306,-719.8654,-2.1488,451.29359999999997,0.6086
relaxed_wt_1_A_28_A,-87.78,1.9742000000000002,-1305.1673999999998,-2.8294,-721.336,-3.6192,446.03779999999995,-4.6472
relaxed_wt_1_A_28_C,-88.4618,1.2924,-1303.0418,-0.704,-721.5600000000001,-3.843,448.84619999999995,-1.8392
relaxed_wt_1_A_28_D,-87.28920000000001,2.4652000000000003,-1305.0018,-2.6637999999999997,-721.8666000000001,-4.15,448.7934,-1.8916
relaxed_wt_1_A_28_E,-87.8166,1.9376000000000002,-1305.6428,-3.3048,-721.7476,-4.031000000000001,447.39979999999997,-3.2854
relaxed_wt_1_A_28_F,-87.0296,2.7246,-1300.2734,2.0642,-720.578,-2.8616,454.05339999999995,3.3682000000000003
relaxed_wt_1_A_28_G,-87.71079999999999,2.0432,-1301.4716,0.8664,-719.4036,-1.6867999999999999,448.4354,-2.2496
relaxed_wt_1_A_28_H,-87.522,2.2323999999999997,-1298.8201999999999,3.5178,-717.8340000000001,-0.1172,450.23900000000003,-0.446
relaxed_wt_1_A_28_I,-89.4294,0.32480000000000003,-1296.9861999999998,5.3516,-718.857,-1.1401999999999999,452.96279999999996,2.2778
relaxed_wt_1_A_28_K,-91.01520000000001,-1.261,-1305.4806,-3.1426,-718.8958,-1.1789999999999998,447.3202,-3.3649999999999998
relaxed_wt_1_A_28_L,-89.9536,-0.19939999999999997,-1303.7238000000002,-1.386,-718.394,-0.6774,444.995,-5.6899999999999995
relaxed_wt_1_A_28_M,-89.6854,0.0692,-1305.9642,-3.6262,-721.6254,-3.9088000000000003,448.7268,-1.9582000000000002
relaxed_wt_1_A_28_N,-88.6656,1.0886,-1303.2653999999998,-0.9276,-719.2482,-1.5314,448.218,-2.4672
relaxed_wt_1_A_28_P,-88.34639999999999,1.4082000000000001,-1276.1602,26.1776,-721.1456000000001,-3.4286000000000003,479.45559999999995,28.7706
relaxed_wt_1_A_28_Q,-89.7722,-0.018200000000000004,-1304.8114,-2.4742,-720.2538000000001,-2.537,446.11899999999997,-4.566
relaxed_wt_1_A_28_R,-89.16,0.5942000000000001,-1303.8478,-1.51,-718.9255999999999,-1.2088,446.5816,-4.1036
relaxed_wt_1_A_28_S,-87.6066,2.1478,-1306.268,-3.9299999999999997,-721.5412,-3.8244,444.2868,-6.3986
relaxed_wt_1_A_28_T,-88.423,1.3312000000000002,-1305.7028,-3.3648,-721.5871999999999,-3.8705999999999996,447.0134,-3.6717999999999997
relaxed_wt_1_A_28_V,-89.0776,0.6766,-1295.5128,6.8252,-718.7102,-0.9932000000000001,454.24619999999993,3.561
relaxed_wt_1_A_28_W,-86.3458,3.4082,-1292.8614,9.476600000000001,-721.161,-3.444,460.4758,9.790000000000001
relaxed_wt_1_A_28_Y,-83.3386,6.4154,-1296.9134,5.4246,-721.722,-4.0052,455.151,4.466
relaxed_wt_1_A_29_A,-89.5244,0.22999999999999998,-1300.5664000000002,1.7716,-718.9226,-1.2058,449.6432,-1.0418
relaxed_wt_1_A_29_C,-89.38040000000001,0.3738,-1299.0304,3.3076,-719.1494,-1.4327999999999999,451.48499999999996,0.7998000000000001
relaxed_wt_1_A_29_D,-89.49159999999999,0.26260000000000006,-1302.1752000000001,0.1628,-718.9562,-1.2396,448.021,-2.664
relaxed_wt_1_A_29_E,-89.27239999999999,0.4822,-1303.6724,-1.3346,-719.733,-2.016,446.8394,-3.846
relaxed_wt_1_A_29_F,-89.27380000000001,0.48040000000000005,-1301.2128,1.125,-719.0988,-1.3818,449.916,-0.7692
relaxed_wt_1_A_29_G,-89.4512,0.30300000000000005,-1298.2,4.138,-718.996,-1.2792,450.8084,0.1234
relaxed_wt_1_A_29_H,-89.563,0.1914,-1301.0688,1.2690000000000001,-718.8128,-1.096,448.71139999999997,-1.9736
relaxed_wt_1_A_29_I,-89.35940000000001,0.3948,-1297.4268,4.9112,-719.0182,-1.3014,448.284,-2.401
relaxed_wt_1_A_29_K,-89.46860000000001,0.286,-1300.2872,2.0507999999999997,-718.9166,-1.2,449.43140000000005,-1.2536
relaxed_wt_1_A_29_L,-89.5618,0.1922,-1303.9656,-1.6276,-718.9682,-1.2513999999999998,446.2688,-4.4162
relaxed_wt_1_A_29_M,-89.4642,0.29,-1300.2630000000001,2.075,-719.0386000000001,-1.322,451.65240000000006,0.967
relaxed_wt_1_A_29_N,-89.4922,0.26180000000000003,-1301.4892,0.8488,-719.086,-1.3690000000000002,450.4974,-0.18759999999999993
relaxed_wt_1_A_29_P,-88.7876,0.9663999999999999,-1266.375,35.963,-719.934,-2.2178,479.4354,28.750400000000003
relaxed_wt_1_A_29_Q,-89.5852,0.16899999999999998,-1304.257,-1.9189999999999998,-719.0681999999999,-1.3516,445.7432,-4.9418
relaxed_wt_1_A_29_R,-89.5448,0.2092,-1299.0704,3.2674,-718.9296,-1.2126,450.3062,-0.37879999999999997
relaxed_wt_1_A_29_S,-89.43620000000001,0.31779999999999997,-1301.0304,1.3074,-718.952,-1.2353999999999998,447.89639999999997,-2.7885999999999997
relaxed_wt_1_A_29_T,-89.4968,0.25739999999999996,-1301.3184,1.0196,-718.9104,-1.1936,448.3358,-2.3492
relaxed_wt_1_A_29_V,-89.7958,-0.041400000000000006,-1294.0657999999999,8.272,-718.9128,-1.1958,450.7398,0.0546
relaxed_wt_1_A_29_W,-89.21520000000001,0.5388,-1298.9344,3.4036,-719.192,-1.4754,452.5786,1.8936
relaxed_wt_1_A_29_Y,-88.9026,0.8513999999999999,-1301.3978000000002,0.9401999999999999,-719.0942,-1.3778000000000001,448.4606,-2.2245999999999997
relaxed_wt_1_A_30_A,-89.596,0.1582,-1297.05,5.288,-718.9294,-1.2126,455.4974,4.8124
relaxed_wt_1_A_30_C,-89.7224,0.0318,-1298.1632,4.1748,-718.7270000000001,-1.0102,454.33119999999997,3.646
relaxed_wt_1_A_30_D,-90.2646,-0.5104,-1297.883,4.455,-718.9852000000001,-1.2682,455.48,4.795
relaxed_wt_1_A_30_E,-89.6946,0.059399999999999994,-1297.2652,5.0725999999999996,-719.0640000000001,-1.3472,453.7046,3.0196
relaxed_wt_1_A_30_F,-90.5176,-0.7634000000000001,-1296.7634,5.5746,-717.6292,0.0878,442.7728,-7.9122
relaxed_wt_1_A_30_G,-89.661,0.093,-1293.144,9.193999999999999,-718.999,-1.282,459.04499999999996,8.36
relaxed_wt_1_A_30_H,-89.9,-0.1454,-1296.0955999999999,6.2421999999999995,-718.6096,-0.8926000000000001,447.16540000000003,-3.5198
relaxed_wt_1_A_30_I,-89.1336,0.6206,-1303.7288,-1.3908,-718.9162,-1.1992,446.66220000000004,-4.023000000000001
relaxed_wt_1_A_30_K,-90.0812,-0.32720000000000005,-1294.0484000000001,8.2896,-719.02,-1.3032,454.2246,3.5393999999999997
relaxed_wt_1_A_30_L,-89.8774,-0.1232,-1294.8921999999998,7.4458,-718.9478,-1.2311999999999999,457.45820000000003,6.7732
relaxed_wt_1_A_30_M,-88.97819999999999,0.7758,-1293.1092,9.228800000000001,-718.944,-1.2272,457.94840000000005,7.2632
relaxed_wt_1_A_30_N,-89.8352,-0.081,-1296.3337999999999,6.0042,-718.8632,-1.1463999999999999,456.44780000000003,5.7626
relaxed_wt_1_A_30_P,-73.2778,16.4762,-1109.4155999999998,192.92239999999998,-683.5658,34.150999999999996,475.71900000000005,25.034
relaxed_wt_1_A_30_Q,-89.572,0.18239999999999998,-1295.8568,6.481199999999999,-718.7978,-1.0812000000000002,454.59040000000005,3.9052
relaxed_wt_1_A_30_R,-89.924,-0.1698,-1293.917,8.421,-718.8851999999999,-1.1682000000000001,455.5628,4.8776
relaxed_wt_1_A_30_S,-89.69200000000001,0.0628,-1297.3724,4.965400000000001,-718.9568,-1.2402000000000002,455.2844,4.599200000000001
relaxed_wt_1_A_30_T,-89.3706,0.3836,-1299.7862,2.5518,-718.671,-0.954,452.817,2.1318
relaxed_wt_1_A_30_V,-89.453,0.301,-1303.3518,-1.0138,-718.4836,-0.767,450.09080000000006,-0.5942000000000001
relaxed_wt_1_A_30_W,-90.793,-1.0388,-1292.6014,9.7364,-718.1378,-0.42160000000000003,461.6086,10.923399999999999
relaxed_wt_1_A_30_Y,-90.361,-0.6068,-1291.8111999999999,10.5268,-717.8525999999999,-0.1356,439.7206,-10.964400000000001
relaxed_wt_1_A_31_A,-89.7426,0.011399999999999999,-1296.8726000000001,5.465400000000001,-719.0108,-1.294,453.44660000000005,2.7616
relaxed_wt_1_A_31_C,-89.22,0.5344,-1296.2068,6.1312,-718.924,-1.2076,453.72920000000005,3.0442
relaxed_wt_1_A_31_D,-89.5614,0.193,-1303.8456,-1.5076,-718.941,-1.2242,446.48580000000004,-4.1992
relaxed_wt_1_A_31_E,-89.8862,-0.1318,-1298.5762,3.7618,-718.8558,-1.1388000000000003,452.63620000000003,1.9512
relaxed_wt_1_A_31_F,-89.53020000000001,0.22400000000000003,-1292.0858,10.252199999999998,-719.4316,-1.7152,461.21580000000006,10.5308
relaxed_wt_1_A_31_G,-89.7526,0.0016000000000000014,-1291.9704,10.3674,-718.9068,-1.1902,458.6998,8.0148
relaxed_wt_1_A_31_H,-88.9142,0.8400000000000001,-1292.777,9.5608,-719.2076,-1.491,457.40420000000006,6.719200000000001
relaxed_wt_1_A_31_I,-90.7842,-1.0297999999999998,-1291.7188,10.6192,-718.9802,-1.2635999999999998,461.7858,11.100800000000001
relaxed_wt_1_A_31_K,-89.8392,-0.08499999999999999,-1294.0524,8.285599999999999,-718.8982,-1.1816,457.95799999999997,7.273000000000001
relaxed_wt_1_A_31_L,-89.7736,-0.0194,-1295.8304,6.5074,-718.5174,-0.8008,454.5984,3.9132000000000007
relaxed_wt_1_A_31_M,-89.83040000000001,-0.076,-1294.1552,8.1828,-718.8671999999999,-1.1504,456.51800000000003,5.833
relaxed_wt_1_A_31_N,-89.67080000000001,0.0836,-1300.6434000000002,1.6946,-719.0701999999999,-1.3536000000000001,450.21220000000005,-0.473
relaxed_wt_1_A_31_P,-90.6754,-0.9214,-1149.6154000000001,152.7224,-718.7454,-1.0286,607.0312,156.346
relaxed_wt_1_A_31_Q,-89.727,0.026999999999999996,-1297.7252,4.6126,-718.8548,-1.1381999999999999,453.2682,2.5829999999999997
relaxed_wt_1_A_31_R,-89.5962,0.1582,-1296.2368000000001,6.1012,-719.1094,-1.3926,455.61080000000004,4.925800000000001
relaxed_wt_1_A_31_S,-89.8234,-0.06899999999999999,-1297.083,5.2548,-718.973,-1.256,453.71639999999996,3.0314
relaxed_wt_1_A_31_T,-89.4542,0.30019999999999997,-1295.7176,6.620400000000001,-718.6836000000001,-0.9666,454.27520000000004,3.5902000000000003
relaxed_wt_1_A_31_V,-89.3306,0.4236000000000001,-1288.8224,13.515600000000001,-718.8098,-1.0934000000000001,461.337,10.6518
relaxed_wt_1_A_31_W,-89.6614,0.0928,-1289.6367999999998,12.701,-718.9018,-1.185,462.1436,11.4586
relaxed_wt_1_A_31_Y,-89.5976,0.1568,-1290.2392,12.0988,-718.9594,-1.2428000000000001,461.1786,10.4936
relaxed_wt_1_A_32_A,-89.7798,-0.0256,-1300.0804,2.2576,-718.8348,-1.1178000000000001,450.2046,-0.48040000000000005
relaxed_wt_1_A_32_C,-89.4284,0.3256,-1299.0472,3.2908,-718.921,-1.2047999999999999,451.78819999999996,1.1028
relaxed_wt_1_A_32_D,-89.07000000000001,0.6839999999999999,-1300.6094,1.7286000000000001,-718.5878,-0.8715999999999999,451.7112,1.0262
relaxed_wt_1_A_32_E,-90.5376,-0.7836000000000001,-1302.1118000000001,0.2262,-718.0148,-0.2982,445.4836,-5.2014
relaxed_wt_1_A_32_F,-91.506,-1.752,-1300.6255999999998,1.7122,-717.7398000000001,-0.023,449.5838,-1.1012
relaxed_wt_1_A_32_G,-89.1386,0.6155999999999999,-1299.2932,3.0446,-719.1025999999999,-1.3858000000000001,451.5714,0.8864000000000001
relaxed_wt_1_A_32_H,-91.95660000000001,-2.2024,-1302.1906,0.1474,-718.2028,-0.48600000000000004,451.0968,0.41179999999999994
relaxed_wt_1_A_32_I,-91.20739999999999,-1.453,-1301.9428,0.3952,-718.7636,-1.0470000000000002,449.82340000000005,-0.8617999999999999
relaxed_wt_1_A_32_K,-89.20599999999999,0.5479999999999999,-1302.3912,-0.05319999999999999,-718.5824,-0.8662000000000001,447.11980000000005,-3.5652
relaxed_wt_1_A_32_L,-91.2812,-1.5272000000000001,-1300.4332,1.9045999999999998,-717.2872,0.42960000000000004,448.48639999999995,-2.1986
relaxed_wt_1_A_32_M,-90.4262,-0.6719999999999999,-1300.5322,1.8056,-718.9348,-1.2182,450.5796,-0.10540000000000002
relaxed_wt_1_A_32_N,-89.0624,0.6916,-1302.335,0.002999999999999999,-719.083,-1.366,448.2066,-2.4783999999999997
relaxed_wt_1_A_32_P,-89.23519999999999,0.5189999999999999,-1301.3448,0.9932000000000001,-718.5754,-0.8586,448.4536,-2.2314
relaxed_wt_1_A_32_Q,-89.797,-0.0426,-1303.5818,-1.2442,-718.8118000000001,-1.095,446.2066,-4.478400000000001
relaxed_wt_1_A_32_R,-89.5384,0.21600000000000003,-1303.7078,-1.3698000000000001,-718.8833999999999,-1.1667999999999998,446.37420000000003,-4.3108
relaxed_wt_1_A_32_S,-89.6588,0.09519999999999999,-1301.8862000000001,0.4518,-719.1594,-1.4426,449.465,-1.2202
relaxed_wt_1_A_32_T,-89.8346,-0.08020000000000001,-1302.2630000000001,0.075,-718.9798000000001,-1.2628,448.9602,-1.725
relaxed_wt_1_A_32_V,-90.5076,-0.7535999999999999,-1301.1916,1.1461999999999999,-718.577,-0.8606,448.82039999999995,-1.8648
relaxed_wt_1_A_32_W,-91.2,-1.4456,-1301.1691999999998,1.1688,-718.0926,-0.3762,452.5688,1.8838000000000001
relaxed_wt_1_A_32_Y,-94.00280000000001,-4.248600000000001,-1303.8816,-1.5436,-717.8982,-0.1816,452.5554,1.8700000000000003
relaxed_wt_1_A_33_A,-89.4478,0.3062,-1300.9008,1.437,-718.3054,-0.5886,448.14039999999994,-2.5446
relaxed_wt_1_A_33_C,-89.6224,0.132,-1299.0906,3.2474,-718.5552,-0.8384,451.3362,0.651
relaxed_wt_1_A_33_D,-86.2576,3.4966,-1298.1716000000001,4.1664,-717.86,-0.1434,446.6534,-4.0316
relaxed_wt_1_A_33_E,-87.8006,1.9536000000000002,-1299.4958,2.8422,-717.9114,-0.1944,448.21279999999996,-2.4722
relaxed_wt_1_A_33_F,-88.9654,0.789,-1299.0858,3.2521999999999998,-717.9168,-0.2002,448.99619999999993,-1.6887999999999999
relaxed_wt_1_A_33_G,-88.84400000000001,0.9102,-1299.7212,2.6168,-718.4428,-0.7258,448.7048,-1.9802
relaxed_wt_1_A_33_H,-87.637,2.117,-1299.853,2.4850000000000003,-718.1154,-0.3992,450.9678,0.28280000000000005
relaxed_wt_1_A_33_I,-89.24719999999999,0.507,-1295.8492,6.4888,-718.9012,-1.1844,453.8854,3.2003999999999997
relaxed_wt_1_A_33_K,-89.9114,-0.1574,-1302.6784,-0.3406,-717.4544,0.2626,448.2584,-2.4265999999999996
relaxed_wt_1_A_33_L,-89.316,0.4384,-1302.1896000000002,0.14840000000000003,-718.9327999999999,-1.2162000000000002,447.61760000000004,-3.0678
relaxed_wt_1_A_33_M,-89.43199999999999,0.3222,-1299.623,2.715,-718.27,-0.5534,450.5388,-0.1462
relaxed_wt_1_A_33_N,-87.93440000000001,1.8195999999999999,-1300.8539999999998,1.4838,-718.539,-0.8224,447.64799999999997,-3.037
relaxed_wt_1_A_33_P,-89.2388,0.5154,-1273.1186,29.2194,-719.3348,-1.6178000000000001,478.5966,27.9116
relaxed_wt_1_A_33_Q,-90.4764,-0.7222000000000001,-1302.68,-0.34199999999999997,-718.3235999999999,-0.6068,448.6322,-2.0528
relaxed_wt_1_A_33_R,-90.2104,-0.45640000000000003,-1303.0966,-0.7586,-718.3725999999999,-0.6561999999999999,447.849,-2.836
relaxed_wt_1_A_33_S,-89.235,0.519,-1303.6129999999998,-1.275,-718.0268,-0.31000000000000005,444.601,-6.0842
relaxed_wt_1_A_33_T,-89.5452,0.2092,-1303.8283999999999,-1.4908000000000001,-718.9584,-1.2414,446.86859999999996,-3.8164000000000002
relaxed_wt_1_A_33_V,-89.1318,0.6224000000000001,-1295.6619999999998,6.6758,-719.1548,-1.4382,453.16999999999996,2.4850000000000003
relaxed_wt_1_A_33_W,-89.8614,-0.1072,-1300.2196,2.1184000000000003,-718.5154,-0.7984,451.3744,0.6894
relaxed_wt_1_A_33_Y,-90.28,-0.526,-1300.7916,1.5463999999999998,-717.8088,-0.09219999999999999,452.1986,1.5135999999999998
relaxed_wt_1_A_34_A,-89.7856,-0.031,-1302.0184,0.3196,-719.1472,-1.4309999999999998,446.5954,-4.0896
relaxed_wt_1_A_34_C,-90.05539999999999,-0.3014,-1302.4407999999999,-0.1028,-718.7164,-0.9994,447.4938,-3.1914000000000002
relaxed_wt_1_A_34_D,-89.0362,0.7183999999999999,-1300.4496,1.8884,-718.1728,-0.45619999999999994,448.65,-2.035
relaxed_wt_1_A_34_E,-88.29400000000001,1.4602,-1300.1748,2.1628,-718.4796,-0.7626000000000001,451.95959999999997,1.2746
relaxed_wt_1_A_34_F,-89.1074,0.6466000000000001,-1298.6689999999999,3.6689999999999996,-717.7256,-0.008600000000000007,454.44960000000003,3.7646
relaxed_wt_1_A_34_G,-89.2804,0.47359999999999997,-1301.1552,1.1826,-719.1524,-1.4356,447.8232,-2.8618
relaxed_wt_1_A_34_H,-88.15520000000001,1.599,-1299.327,3.0108,-718.2504,-0.5336000000000001,450.36199999999997,-0.323
relaxed_wt_1_A_34_I,-92.5476,-2.7934,-1301.6824000000001,0.6556,-718.8326,-1.1156000000000001,450.5634,-0.12160000000000001
relaxed_wt_1_A_34_K,-88.9614,0.7928,-1300.465,1.8729999999999998,-718.9048,-1.1885999999999999,448.6528,-2.0322
relaxed_wt_1_A_34_L,-89.4934,0.2612,-1299.6024000000002,2.7356000000000003,-718.9772,-1.2608000000000001,451.8972,1.2122
relaxed_wt_1_A_34_M,-88.8098,0.9443999999999999,-1299.716,2.6218,-718.9288,-1.2118,450.11440000000005,-0.5706
relaxed_wt_1_A_34_N,-89.53299999999999,0.22119999999999998,-1304.0664000000002,-1.7284,-718.8851999999999,-1.1682000000000001,446.5548,-4.1302
relaxed_wt_1_A_34_P,-91.03040000000001,-1.2764000000000002,-1281.8002000000001,20.537799999999997,-719.2092,-1.4924,469.17179999999996,18.4868
relaxed_wt_1_A_34_Q,-93.5568,-3.8025999999999995,-1305.4988,-3.161,-718.1358,-0.4194,449.32640000000004,-1.3585999999999998
relaxed_wt_1_A_34_R,-88.756,0.998,-1301.7276,0.6104,-719.1816,-1.4652,446.15740000000005,-4.5276
relaxed_wt_1_A_34_S,-89.286,0.46799999999999997,-1302.4058,-0.0678,-719.325,-1.6082,447.16679999999997,-3.5182
relaxed_wt_1_A_34_T,-88.4434,1.3106,-1303.5077999999999,-1.1698,-719.3972,-1.6804000000000001,445.69579999999996,-4.9896
relaxed_wt_1_A_34_V,-91.0998,-1.3458,-1302.8636000000001,-0.5256000000000001,-718.3404,-0.624,446.6178,-4.0672
relaxed_wt_1_A_34_W,-89.00640000000001,0.7482,-1294.2530000000002,8.0848,-717.985,-0.2684,458.396,7.710800000000001
relaxed_wt_1_A_34_Y,-89.07339999999999,0.6808,-1300.7366,1.6014,-717.9658,-0.2492,451.4566,0.7716000000000001
relaxed_wt_1_A_35_A,-89.51759999999999,0.2366,-1303.684,-1.3462,-718.9116,-1.1948,446.2706,-4.4144
relaxed_wt_1_A_35_C,-90.1896,-0.4354,-1302.2776,0.060399999999999975,-718.7484,-1.0318,448.93819999999994,-1.7468
relaxed_wt_1_A_35_D,-84.8022,4.952,-1300.9142,1.4236,-718.8428,-1.126,446.7658,-3.9192
relaxed_wt_1_A_35_E,-86.3078,3.4463999999999997,-1301.443,0.8948,-718.4808,-0.7642,449.649,-1.0362
relaxed_wt_1_A_35_F,-86.8702,2.8840000000000003,-1298.5254,3.8124000000000002,-715.0144,2.7026,445.8164,-4.869
relaxed_wt_1_A_35_G,-86.4284,3.3256,-1298.643,3.6950000000000003,-718.5764,-0.8598000000000001,449.0682,-1.6172
relaxed_wt_1_A_35_H,-84.213,5.5412,-1300.3098,2.0282,-718.0323999999999,-0.3156,450.9616,0.27640000000000003
relaxed_wt_1_A_35_I,-85.8264,3.9278,-1293.2469999999998,9.091,-714.4432,3.2738,457.55060000000003,6.865399999999999
relaxed_wt_1_A_35_K,-80.7398,9.0144,-1294.2904,8.0476,-718.1216000000001,-0.4046,455.2978,4.6128
relaxed_wt_1_A_35_L,-85.15419999999999,4.5998,-1296.2994,6.038600000000001,-715.2014,2.5154,458.2396,7.554599999999999
relaxed_wt_1_A_35_M,-88.9448,0.8096,-1302.083,0.255,-718.2332,-0.5162,451.9446,1.2596
relaxed_wt_1_A_35_N,-85.8828,3.8712000000000004,-1301.791,0.5469999999999999,-719.2158000000001,-1.4994,449.33540000000005,-1.3496000000000001
relaxed_wt_1_A_35_P,-84.81960000000001,4.9346000000000005,-1301.4452,0.8928,-718.8904,-1.174,450.9942,0.3092000000000001
relaxed_wt_1_A_35_Q,-88.5402,1.2138,-1301.4844,0.8535999999999999,-718.6094,-0.893,451.5212,0.8362000000000002
relaxed_wt_1_A_35_R,-83.7442,6.010199999999999,-1298.8606,3.4774000000000003,-718.4434,-0.7264,450.0954,-0.5895999999999999
relaxed_wt_1_A_35_S,-86.2526,3.5014000000000003,-1301.8216,0.5164,-719.0328,-1.3164,445.17119999999994,-5.5138
relaxed_wt_1_A_35_T,-87.42240000000001,2.332,-1301.6209999999999,0.717,-719.0478,-1.3316,446.2766,-4.4084
relaxed_wt_1_A_35_V,-90.2744,-0.5202,-1301.3220000000001,1.016,-718.149,-0.43220000000000003,451.52979999999997,0.8446
relaxed_wt_1_A_35_W,-83.9994,5.7548,-1291.0312,11.3068,-712.1512,5.5656,458.775,8.0896
relaxed_wt_1_A_35_Y,-84.45779999999999,5.2964,-1295.5702,6.767799999999999,-714.8332,2.8834,447.01480000000004,-3.6702
relaxed_wt_1_A_36_A,-91.42760000000001,-1.6734000000000002,-1304.5492,-2.2112000000000003,-719.542,-1.8254000000000001,447.97439999999995,-2.711
relaxed_wt_1_A_36_C,-90.525,-0.7706,-1302.3175999999999,0.02040000000000001,-719.1544,-1.4376000000000002,448.2076,-2.4774000000000003
relaxed_wt_1_A_36_D,-86.0288,3.7256,-1300.1029999999998,2.2350000000000003,-717.8024,-0.0856,449.44960000000003,-1.2354
relaxed_wt_1_A_36_E,-87.715,2.039,-1300.4322,1.9058,-718.7018,-0.9852000000000001,449.7386,-0.9463999999999999
relaxed_wt_1_A_36_F,-90.4836,-0.7295999999999999,-1299.3098,3.0282,-716.8134,0.9036,453.3696,2.6846
relaxed_wt_1_A_36_G,-89.6366,0.11739999999999999,-1302.8917999999999,-0.5538000000000001,-720.557,-2.8406,447.7314,-2.9536000000000002
relaxed_wt_1_A_36_H,-87.9388,1.8152000000000001,-1299.3970000000002,2.941,-717.6598,0.05719999999999999,453.3754,2.6904
relaxed_wt_1_A_36_I,-91.12339999999999,-1.3694,-1301.4108,0.9269999999999999,-718.1944,-0.47780000000000006,451.0892,0.4042
relaxed_wt_1_A_36_K,-87.6716,2.083,-1300.4458,1.8922,-718.9345999999999,-1.2182,446.63800000000003,-4.047
relaxed_wt_1_A_36_L,-91.8428,-2.0886,-1301.8004,0.5372,-716.9224,0.7942,446.1934,-4.4916
relaxed_wt_1_A_36_M,-91.178,-1.424,-1301.8691999999999,0.4688,-718.5438,-0.8272,449.1773999999999,-1.5076
relaxed_wt_1_A_36_N,-89.1194,0.6346,-1303.6286,-1.2906,-718.8871999999999,-1.1704,445.86080000000004,-4.824199999999999
relaxed_wt_1_A_36_P,-85.644,4.111,-1295.336,7.002,-718.206,-0.489,456.174,5.489
relaxed_wt_1_A_36_Q,-87.5496,2.2044,-1300.6666,1.6707999999999998,-718.9712000000001,-1.2542,447.56219999999996,-3.1228000000000002
relaxed_wt_1_A_36_R,-89.5962,0.1578,-1301.444,0.8939999999999999,-718.6658,-0.9492,446.0906,-4.5944
relaxed_wt_1_A_36_S,-88.82820000000001,0.9258000000000001,-1302.4968000000001,-0.1588,-719.268,-1.5514,445.19939999999997,-5.4858
relaxed_wt_1_A_36_T,-90.8928,-1.1388,-1302.4028,-0.06480000000000001,-717.95,-0.2334,446.2764,-4.4086
relaxed_wt_1_A_36_V,-91.2518,-1.4978,-1302.4382,-0.1002,-718.6018,-0.8847999999999999,447.7468,-2.9381999999999997
relaxed_wt_1_A_36_W,-87.28920000000001,2.4648,-1293.8934,8.4446,-716.1497999999999,1.5668,456.51720000000006,5.8322
relaxed_wt_1_A_36_Y,-90.0612,-0.307,-1300.926,1.4118,-716.8489999999999,0.8678000000000001,454.32439999999997,3.6393999999999997
relaxed_wt_1_A_37_A,-89.924,-0.1696,-1296.258,6.08,-718.9536,-1.2366,454.8772,4.192
relaxed_wt_1_A_37_C,-89.7952,-0.0412,-1295.8152,6.522799999999999,-719.0458000000001,-1.329,455.27020000000005,4.5852
relaxed_wt_1_A_37_D,-89.4706,0.2836,-1294.0810000000001,8.257000000000001,-718.7902,-1.0732000000000002,456.7348,6.0498
relaxed_wt_1_A_37_E,-89.44579999999999,0.3082,-1290.7602000000002,11.5778,-719.0912000000001,-1.3744,460.94220000000007,10.257200000000001
relaxed_wt_1_A_37_F,-89.549,0.205,-1303.8426,-1.5046,-718.9258,-1.209,446.6974,-3.9875999999999996
relaxed_wt_1_A_37_G,-89.7772,-0.023200000000000002,-1292.797,9.541,-719.1586,-1.442,457.4996,6.8146
relaxed_wt_1_A_37_H,-90.11519999999999,-0.36100000000000004,-1298.7148000000002,3.6229999999999998,-718.9774,-1.2604000000000002,451.7236,1.0386
relaxed_wt_1_A_37_I,-89.4362,0.31799999999999995,-1291.0312,11.306799999999999,-718.3162,-0.5998,461.0246,10.3396
relaxed_wt_1_A_37_K,-89.52579999999999,0.2284,-1292.4876,9.8504,-718.8835999999999,-1.1666,459.7332,9.0482
relaxed_wt_1_A_37_L,-89.651,0.10300000000000001,-1293.7596,8.5784,-718.5114,-0.7944,458.379,7.6938
relaxed_wt_1_A_37_M,-89.6042,0.1502,-1297.1915999999999,5.1464,-719.1716,-1.4546,453.09979999999996,2.4148
relaxed_wt_1_A_37_N,-90.7544,-1.0,-1296.2872,6.050800000000001,-718.9904,-1.2738,455.16580000000005,4.4808
relaxed_wt_1_A_37_P,-88.53720000000001,1.217,-1281.4002,20.9376,-718.3846000000001,-0.6679999999999999,470.5784,19.8934
relaxed_wt_1_A_37_Q,-89.888,-0.1336,-1291.7558000000001,10.5822,-718.9714,-1.2544,459.3736,8.6886
relaxed_wt_1_A_37_R,-89.3194,0.4346,-1285.1342,17.2036,-718.0132,-0.29660000000000003,467.2556000000001,16.570600000000002
relaxed_wt_1_A_37_S,-88.9404,0.8136000000000001,-1296.4068,5.9312000000000005,-719.4104,-1.6939999999999997,453.81899999999996,3.134
relaxed_wt_1_A_37_T,-90.11800000000001,-0.3638,-1295.4864,6.8516,-719.1116,-1.395,454.03060000000005,3.3456
relaxed_wt_1_A_37_V,-89.4524,0.302,-1291.5348,10.803,-718.3312,-0.6142000000000001,459.8356,9.1506
relaxed_wt_1_A_37_W,-88.4036,1.3506,-1287.02,15.318000000000001,-718.3273999999999,-0.611,465.53599999999994,14.850999999999999
relaxed_wt_1_A_37_Y,-89.012,0.7422,-1302.5876,-0.2496,-719.0282,-1.3115999999999999,448.6908,-1.9942
relaxed_wt_1_A_38_A,-84.813,4.9412,-1299.3799999999999,2.9579999999999997,-718.9728,-1.256,449.816,-0.8694
relaxed_wt_1_A_38_C,-87.3102,2.4442,-1300.133,2.2048,-718.8396,-1.1228,451.05280000000005,0.36760000000000004
relaxed_wt_1_A_38_D,-82.0784,7.6762,-1298.4436,3.8944,-719.2348,-1.5184,446.663,-4.022
relaxed_wt_1_A_38_E,-81.681,8.073599999999999,-1297.6958,4.642,-718.8648,-1.1480000000000001,451.08860000000004,0.40359999999999996
relaxed_wt_1_A_38_F,-86.8814,2.873,-1301.59,0.7478,-719.0649999999999,-1.348,449.55240000000003,-1.1326
relaxed_wt_1_A_38_G,-83.401,6.3534,-1296.1308,6.2072,-719.0986,-1.3820000000000001,449.5138,-1.1714
relaxed_wt_1_A_38_H,-82.87719999999999,6.877,-1298.6464,3.6915999999999998,-718.763,-1.0468,449.6678,-1.0173999999999999
relaxed_wt_1_A_38_I,-85.2664,4.4878,-1297.6065999999998,4.7314,-717.2098,0.507,455.1074,4.4224000000000006
relaxed_wt_1_A_38_K,-78.2906,11.4636,-1292.0431999999998,10.294799999999999,-717.7418,-0.02479999999999999,447.21180000000004,-3.4732
relaxed_wt_1_A_38_L,-89.4494,0.305,-1303.5402,-1.2022,-718.947,-1.2304,446.78159999999997,-3.9034
relaxed_wt_1_A_38_M,-88.35499999999999,1.3992,-1301.8258,0.5122,-718.4582,-0.7417999999999999,448.38559999999995,-2.2996
relaxed_wt_1_A_38_N,-83.9456,5.8086,-1299.7232,2.6148,-719.076,-1.3592,447.6116,-3.0734
relaxed_wt_1_A_38_P,-82.6268,7.1274,-1272.24,30.098000000000003,-718.1448,-0.42800000000000005,472.1088,21.4236
relaxed_wt_1_A_38_Q,-86.30260000000001,3.4518,-1300.6134,1.7244,-718.8938,-1.177,450.02200000000005,-0.663
relaxed_wt_1_A_38_R,-82.5908,7.1636,-1293.0993999999998,9.2384,-717.494,0.2226,453.412,2.727
relaxed_wt_1_A_38_S,-83.8348,5.9194,-1298.9568,3.3811999999999998,-719.0002000000001,-1.2836,448.1432,-2.5420000000000003
relaxed_wt_1_A_38_T,-86.2988,3.4554,-1300.8316,1.5064,-718.838,-1.1218,448.25460000000004,-2.4308
relaxed_wt_1_A_38_V,-86.3066,3.4476,-1301.4281999999998,0.9097999999999999,-718.8408,-1.124,448.95560000000006,-1.7294
relaxed_wt_1_A_38_W,-83.1024,6.6518,-1296.6252,5.7126,-718.9192,-1.2024000000000001,448.026,-2.659
relaxed_wt_1_A_38_Y,-84.6708,5.0832,-1300.2082,2.1298,-719.183,-1.4664,447.5902,-3.0948
relaxed_wt_1_A_39_A,-89.4788,0.2754,-1296.2066,6.1312,-718.9698000000001,-1.2528000000000001,454.104,3.4188
relaxed_wt_1_A_39_C,-89.37960000000001,0.3746,-1298.3244,4.0136,-718.9922,-1.2752,452.75159999999994,2.0666
relaxed_wt_1_A_39_D,-89.639,0.1152,-1295.1278,7.2102,-719.0532000000001,-1.3362,455.916,5.2308
relaxed_wt_1_A_39_E,-90.2118,-0.45779999999999993,-1288.4026,13.9352,-718.5874,-0.8705999999999999,458.85240000000005,8.167399999999999
relaxed_wt_1_A_39_F,-89.6412,0.11300000000000003,-1283.4560000000001,18.881999999999998,-718.2978,-0.5814,470.6232,19.938200000000002
relaxed_wt_1_A_39_G,-89.5774,0.1768,-1290.636,11.7018,-718.9015999999999,-1.185,459.74179999999996,9.056799999999999
relaxed_wt_1_A_39_H,-86.4924,3.2620000000000005,-1282.6586,19.6794,-717.3008,0.41600000000000004,460.76959999999997,10.0846
relaxed_wt_1_A_39_I,-89.925,-0.1706,-1301.3348,1.0032,-718.8896000000001,-1.1732,450.5894,-0.09560000000000002
relaxed_wt_1_A_39_K,-90.26379999999999,-0.5096,-1282.856,19.4818,-718.0394,-0.323,457.5374,6.852200000000001
relaxed_wt_1_A_39_L,-90.1806,-0.4266,-1298.8534,3.4845999999999995,-718.6398,-0.923,451.16040000000004,0.47539999999999993
relaxed_wt_1_A_39_M,-90.0102,-0.2562,-1297.8508,4.4872,-718.911,-1.194,451.99719999999996,1.3122
relaxed_wt_1_A_39_N,-89.5236,0.2304,-1296.2725999999998,6.0649999999999995,-718.8358000000001,-1.1190000000000002,454.19120000000004,3.5061999999999998
relaxed_wt_1_A_39_P,-89.2166,0.5374,-1271.609,30.728999999999996,-718.1886000000001,-0.4718,476.9596,26.2746
relaxed_wt_1_A_39_Q,-90.28920000000001,-0.535,-1289.2024,13.1356,-718.1814,-0.46440000000000003,450.95320000000004,0.26820000000000005
relaxed_wt_1_A_39_R,-90.518,-0.764,-1279.1422,23.1956,-717.3352,0.38180000000000003,454.91720000000004,4.2322
relaxed_wt_1_A_39_S,-89.5538,0.2004,-1297.0422,5.2958,-718.9128,-1.1962,454.40479999999997,3.7198
relaxed_wt_1_A_39_T,-89.06179999999999,0.6923999999999999,-1300.6799999999998,1.6578,-718.9774,-1.2604000000000002,450.71720000000005,0.032199999999999986
relaxed_wt_1_A_39_V,-89.5364,0.2178,-1304.042,-1.704,-718.9336,-1.2172,446.485,-4.2
relaxed_wt_1_A_39_W,-87.8438,1.9102000000000001,-1256.5344,45.8036,-715.0344,2.6824,479.81980000000004,29.1346
relaxed_wt_1_A_39_Y,-90.10319999999999,-0.34900000000000003,-1281.0520000000001,21.285800000000002,-718.3666000000001,-0.6498,470.97860000000003,20.2934
relaxed_wt_1_A_40_A,-83.1298,6.6244,-1298.444,3.8939999999999997,-719.1204,-1.4036,457.0718,6.3868
relaxed_wt_1_A_40_C,-85.1732,4.5808,-1295.1162,7.2216000000000005,-718.3674,-0.6507999999999999,457.97659999999996,7.2914
relaxed_wt_1_A_40_D,-82.67920000000001,7.074800000000001,-1297.7523999999999,4.5855999999999995,-717.939,-0.22200000000000003,455.8846,5.199599999999999
relaxed_wt_1_A_40_E,-82.233,7.5214,-1299.0810000000001,3.257,-718.3318,-0.6152,453.48220000000003,2.7972
relaxed_wt_1_A_40_F,-87.2218,2.5324,-1301.9238,0.4142,-717.5584,0.1584,449.0688,-1.6164
relaxed_wt_1_A_40_G,-82.8614,6.892999999999999,-1293.9818,8.3562,-718.3846000000001,-0.6678,458.8134,8.128
relaxed_wt_1_A_40_H,-85.58279999999999,4.1714,-1300.0837999999999,2.2542,-719.0286,-1.312,451.8358,1.1507999999999998
relaxed_wt_1_A_40_I,-86.4298,3.3245999999999993,-1299.0696,3.2682,-717.952,-0.23520000000000002,456.6776,5.9926
relaxed_wt_1_A_40_K,-81.079,8.6752,-1295.342,6.996,-718.0782,-0.3616,452.225,1.5398
relaxed_wt_1_A_40_L,-87.0624,2.692,-1301.5788,0.759,-718.0462,-0.32959999999999995,451.84499999999997,1.1600000000000001
relaxed_wt_1_A_40_M,-86.7156,3.0385999999999997,-1300.8174,1.5206,-717.9978,-0.281,455.9304,5.2452
relaxed_wt_1_A_40_N,-83.76820000000001,5.986,-1297.6412,4.6966,-718.6282,-0.9116,460.6726,9.9876
relaxed_wt_1_A_40_P,-76.8838,12.8704,-1235.0552,67.2828,-718.2275999999999,-0.511,516.7254,66.0404
relaxed_wt_1_A_40_Q,-84.6332,5.1213999999999995,-1299.9304,2.4076,-717.9476000000001,-0.23079999999999998,455.7862,5.101
relaxed_wt_1_A_40_R,-84.9324,4.8216,-1297.4692,4.8688,-717.3696,0.34719999999999995,452.0228,1.3378
relaxed_wt_1_A_40_S,-83.3838,6.3704,-1297.7939999999999,4.5438,-719.1912,-1.4744,457.85020000000003,7.1652000000000005
relaxed_wt_1_A_40_T,-84.5512,5.203,-1298.0403999999999,4.2976,-718.446,-0.7296,456.4952,5.8100000000000005
relaxed_wt_1_A_40_V,-86.3032,3.4509999999999996,-1299.2394,3.0984000000000003,-718.7293999999999,-1.0124,456.20640000000003,5.5214
relaxed_wt_1_A_40_W,-89.5432,0.211,-1303.9492,-1.6112000000000002,-719.012,-1.2952,446.91459999999995,-3.7706000000000004
relaxed_wt_1_A_40_Y,-85.2452,4.509,-1301.6794,0.6586000000000001,-717.9254,-0.20859999999999998,444.2474,-6.4378
relaxed_wt_1_A_41_A,-89.6448,0.10940000000000001,-1302.2554,0.0826,-718.8363999999999,-1.1194,449.97439999999995,-0.7108
relaxed_wt_1_A_41_C,-87.4318,2.3228,-1295.107,7.2307999999999995,-717.153,0.5635999999999999,462.0122,11.3272
relaxed_wt_1_A_41_D,-88.11760000000001,1.6364,-1288.0972,14.240799999999998,-718.7792000000001,-1.0626,460.168,9.483
relaxed_wt_1_A_41_E,-81.4854,8.268600000000001,-1287.1317999999999,15.206,-717.645,0.0718,481.8744,31.1894
relaxed_wt_1_A_41_F,-87.1164,2.6376,-1290.054,12.284,-717.2058,0.5109999999999999,468.66999999999996,17.985
relaxed_wt_1_A_41_G,-89.18679999999999,0.5671999999999999,-1297.5238,4.8142000000000005,-719.9598,-2.2432000000000003,454.6726,3.9875999999999996
relaxed_wt_1_A_41_H,-85.8032,3.9508,-1288.4386,13.8994,-716.4925999999999,1.2236,480.6224,29.937400000000004
relaxed_wt_1_A_41_I,-86.225,3.529,-1278.6147999999998,23.7232,-714.8664000000001,2.8497999999999997,475.177,24.4918
relaxed_wt_1_A_41_K,-82.83779999999999,6.9164,-1286.5854,15.752600000000001,-716.8462,0.8705999999999999,445.6094,-5.0756
relaxed_wt_1_A_41_L,-85.6274,4.1268,-1285.6634,16.6746,-716.6898,1.027,475.15560000000005,24.4704
relaxed_wt_1_A_41_M,-84.689,5.0652,-1288.2468000000001,14.0912,-716.5015999999999,1.2152,460.3636,9.6786
relaxed_wt_1_A_41_N,-86.453,3.3012,-1291.1778,11.1602,-716.125,1.592,471.47740000000005,20.7924
relaxed_wt_1_A_41_P,-89.5406,0.2136,-1303.7806,-1.4426,-718.9824000000001,-1.2654,447.9121999999999,-2.773
relaxed_wt_1_A_41_Q,-81.6526,8.101400000000002,-1287.509,14.828800000000001,-717.8656,-0.14880000000000004,483.35020000000003,32.665200000000006
relaxed_wt_1_A_41_R,-84.6036,5.150399999999999,-1286.0402,16.2974,-715.9946,1.722,468.70820000000003,18.0232
relaxed_wt_1_A_41_S,-89.4872,0.26680000000000004,-1299.3516,2.9864,-718.8356,-1.1188,452.24940000000004,1.5644
relaxed_wt_1_A_41_T,-88.211,1.5433999999999999,-1295.8544,6.4836,-717.6144,0.10200000000000001,459.11620000000005,8.4312
relaxed_wt_1_A_41_V,-88.1704,1.5836000000000001,-1297.0952000000002,5.2428,-717.6382000000001,0.0784,461.8888,11.2038
relaxed_wt_1_A_41_W,-86.7492,3.0048000000000004,-1284.3706,17.9674,-716.2504,1.4666000000000001,481.24359999999996,30.558600000000002
relaxed_wt_1_A_41_Y,-87.8592,1.895,-1290.2051999999999,12.1328,-715.9814,1.7352,475.63,24.945
relaxed_wt_1_A_71_A,-89.55879999999999,0.19519999999999998,-1301.9016,0.43620000000000003,-718.9096,-1.1928,451.2876,0.6024
relaxed_wt_1_A_71_C,-89.5428,0.21139999999999998,-1300.9654,1.3721999999999999,-718.8428,-1.1258,450.4968,-0.18840000000000007
relaxed_wt_1_A_71_D,-89.5134,0.24059999999999998,-1302.874,-0.536,-718.8394000000001,-1.1225999999999998,452.40299999999996,1.718
relaxed_wt_1_A_71_E,-89.5374,0.2166,-1303.1536,-0.8156000000000001,-718.8968,-1.1802,451.1536,0.46840000000000004
relaxed_wt_1_A_71_F,-89.17280000000001,0.5812,-1299.9198000000001,2.418,-718.913,-1.1962,452.6940000000001,2.0088
relaxed_wt_1_A_71_G,-89.527,0.2272,-1298.7796,3.5582000000000003,-719.117,-1.4002000000000001,454.53540000000004,3.8503999999999996
relaxed_wt_1_A_71_H,-88.6134,1.1408,-1296.6294,5.7084,-718.9158,-1.1987999999999999,453.9234,3.2384
relaxed_wt_1_A_71_I,-89.2712,0.4828,-1304.8642,-2.5262000000000002,-719.4534,-1.7364000000000002,444.7834,-5.9016
relaxed_wt_1_A_71_K,-89.5346,0.21959999999999996,-1302.5477999999998,-0.21000000000000002,-719.0506,-1.3336000000000001,447.66700000000003,-3.0181999999999998
relaxed_wt_1_A_71_L,-89.188,0.5664,-1295.1684,7.1694,-718.9192,-1.2024000000000001,454.514,3.8287999999999998
relaxed_wt_1_A_71_M,-89.6716,0.083,-1301.4389999999999,0.899,-718.8624,-1.1454,452.38500000000005,1.7
relaxed_wt_1_A_71_N,-89.3806,0.3736,-1303.4224,-1.0844,-719.0065999999999,-1.2898,449.6262,-1.0588000000000002
relaxed_wt_1_A_71_P,-90.0244,-0.2702,-1282.6182000000001,19.7196,-718.722,-1.0050000000000001,477.1004,26.415399999999998
relaxed_wt_1_A_71_Q,-89.5602,0.194,-1303.9468000000002,-1.6088,-718.8814,-1.1644,446.6564,-4.0286
relaxed_wt_1_A_71_R,-89.0356,0.7186,-1301.1206,1.217,-718.9556,-1.2388,452.54200000000003,1.8567999999999998
relaxed_wt_1_A_71_S,-89.54260000000001,0.2118,-1302.156,0.1818,-718.8944,-1.178,451.6618,0.9767999999999999
relaxed_wt_1_A_71_T,-89.5176,0.2364,-1303.0008,-0.6628000000000001,-718.9444000000001,-1.2280000000000002,451.2682,0.5832
relaxed_wt_1_A_71_V,-89.54400000000001,0.21000000000000002,-1304.2734,-1.9356000000000002,-718.8966,-1.1802,446.7024,-3.9826
relaxed_wt_1_A_71_W,-89.2966,0.4574,-1299.6022,2.7358000000000002,-718.9502,-1.2338,452.5562,1.871
relaxed_wt_1_A_71_Y,-89.38,0.3742,-1300.7198,1.6182000000000003,-718.9402,-1.2231999999999998,452.1256,1.4406
relaxed_wt_1_A_72_A,-89.50219999999999,0.252,-1296.307,6.0306,-718.8106,-1.0936,453.371,2.686
relaxed_wt_1_A_72_C,-89.4828,0.2712,-1298.089,4.2490000000000006,-718.8796,-1.1628,453.19960000000003,2.5146
relaxed_wt_1_A_72_D,-89.5992,0.155,-1289.5916,12.7464,-718.8932,-1.1764,458.55159999999995,7.8666
relaxed_wt_1_A_72_E,-89.4442,0.3104,-1280.3804,21.957600000000003,-718.8076,-1.0908,475.1218,24.436799999999998
relaxed_wt_1_A_72_F,-88.96979999999999,0.7844,-1263.7932,38.544599999999996,-717.6362,0.08080000000000001,460.20820000000003,9.5226
relaxed_wt_1_A_72_G,-89.465,0.2892,-1292.02,10.3176,-718.7864,-1.0694,456.6146,5.9292
relaxed_wt_1_A_72_H,-89.46900000000001,0.2852,-1270.825,31.512999999999998,-718.0319999999999,-0.3154,462.64220000000006,11.9572
relaxed_wt_1_A_72_I,-89.636,0.1182,-1292.5276,9.8102,-718.3636,-0.6472,447.5326,-3.1524
relaxed_wt_1_A_72_K,-89.659,0.095,-1275.1362000000001,27.201599999999996,-717.4505999999999,0.26620000000000005,458.9044,8.2194
relaxed_wt_1_A_72_L,-89.7036,0.0508,-1272.7472,29.5908,-718.7124,-0.9958,479.0048,28.3196
relaxed_wt_1_A_72_M,-89.28439999999999,0.46959999999999996,-1271.7586,30.5794,-718.223,-0.5062,486.805,36.12
relaxed_wt_1_A_72_N,-89.6352,0.1192,-1291.6752000000001,10.6628,-718.812,-1.0954000000000002,457.58239999999995,6.8974
relaxed_wt_1_A_72_P,-87.1746,2.5796,-1230.8601999999998,71.4778,-717.7752,-0.0588,506.4022,55.717200000000005
relaxed_wt_1_A_72_Q,-88.7992,0.9554,-1273.3935999999999,28.944200000000002,-717.9069999999999,-0.19039999999999999,477.64459999999997,26.9594
relaxed_wt_1_A_72_R,-89.4702,0.284,-1248.1574,54.180600000000005,-718.3353999999999,-0.619,498.3026,47.617599999999996
relaxed_wt_1_A_72_S,-89.5416,0.21259999999999998,-1296.224,6.114,-719.046,-1.3292,454.19220000000007,3.507
relaxed_wt_1_A_72_T,-89.5308,0.2234,-1300.4112,1.9268,-718.8972,-1.1804000000000001,449.7988,-0.8862
relaxed_wt_1_A_72_V,-89.5308,0.2234,-1303.9788,-1.6408,-718.8862,-1.1692,447.0276,-3.6576
relaxed_wt_1_A_72_W,-86.9414,2.8128,-1261.1392,41.1988,-715.4008,2.3158000000000003,459.4184,8.7332
relaxed_wt_1_A_72_Y,-88.1258,1.6288,-1221.0214,81.3164,-717.2318,0.485,546.5265999999999,95.8416
relaxed_wt_1_A_73_A,-87.3672,2.387,-1301.3428,0.9952,-718.6814,-0.9648,446.14520000000005,-4.5398
relaxed_wt_1_A_73_C,-87.8576,1.8969999999999998,-1299.5366,2.8012,-718.104,-0.38720000000000004,448.5702,-2.1148
relaxed_wt_1_A_73_D,-87.2732,2.4808,-1301.086,1.2518,-718.8728,-1.1560000000000001,445.4932,-5.192
relaxed_wt_1_A_73_E,-87.05019999999999,2.7039999999999997,-1302.8763999999999,-0.5386,-718.8686,-1.1518000000000002,442.6272,-8.0582
relaxed_wt_1_A_73_F,-89.6656,0.08859999999999998,-1304.1996,-1.8616,-718.3682,-0.6514,445.08680000000004,-5.5982
relaxed_wt_1_A_73_G,-87.2052,2.5492,-1296.7492,5.5886,-719.0388,-1.322,450.15600000000006,-0.529
relaxed_wt_1_A_73_H,-88.43440000000001,1.3195999999999999,-1302.596,-0.258,-718.0566,-0.33999999999999997,443.12119999999993,-7.5638000000000005
relaxed_wt_1_A_73_I,-88.91499999999999,0.8394,-1300.9538,1.3841999999999999,-717.4002,0.3166,452.2778,1.5924
relaxed_wt_1_A_73_K,-87.3628,2.3914,-1303.2528,-0.915,-719.0316,-1.315,445.3972,-5.2878
relaxed_wt_1_A_73_L,-90.27720000000001,-0.5224,-1306.1562,-3.8182,-718.5032,-0.7864,443.87160000000006,-6.8134
relaxed_wt_1_A_73_M,-89.678,0.076,-1304.1002,-1.7624000000000002,-718.5396,-0.8228,443.59979999999996,-7.0852
relaxed_wt_1_A_73_N,-87.526,2.228,-1302.2388,0.099,-718.9222,-1.2052,447.84939999999995,-2.8356
relaxed_wt_1_A_73_P,-85.01820000000001,4.736,-1159.217,143.121,-717.3456,0.3714,571.4702,120.78519999999999
relaxed_wt_1_A_73_Q,-88.5378,1.2164,-1303.0220000000002,-0.6839999999999999,-718.764,-1.0470000000000002,445.98900000000003,-4.696
relaxed_wt_1_A_73_R,-89.51140000000001,0.2426,-1303.9538,-1.6158000000000001,-719.0058,-1.2894,447.60540000000003,-3.0796
relaxed_wt_1_A_73_S,-87.3168,2.4374,-1301.7672,0.5708,-718.8886,-1.1724,445.5,-5.1850000000000005
relaxed_wt_1_A_73_T,-85.1028,4.6514,-1299.4379999999999,2.8998,-717.6512,0.06539999999999999,445.21220000000005,-5.4732
relaxed_wt_1_A_73_V,-86.7466,3.0074,-1298.3175999999999,4.0204,-717.3296,0.38680000000000003,451.0496,0.3646
relaxed_wt_1_A_73_W,-89.0282,0.7258,-1304.7635999999998,-2.4256,-718.62,-0.9033999999999999,444.0928,-6.5924000000000005
relaxed_wt_1_A_73_Y,-89.1668,0.5878,-1304.456,-2.118,-718.4038,-0.687,445.44359999999995,-5.2414000000000005
relaxed_wt_1_A_74_A,-89.5844,0.1704,-1299.9276,2.4104,-718.856,-1.139,450.3298,-0.35519999999999996
relaxed_wt_1_A_74_C,-89.6114,0.1426,-1300.6601999999998,1.6778,-719.0496,-1.3328,449.0358,-1.6494
relaxed_wt_1_A_74_D,-89.738,0.016000000000000004,-1295.8258,6.5122,-718.5318,-0.8152000000000001,455.6544,4.9692
relaxed_wt_1_A_74_E,-89.71459999999999,0.0396,-1301.238,1.1,-718.8428,-1.126,450.15299999999996,-0.532
relaxed_wt_1_A_74_F,-88.9736,0.7806,-1293.7993999999999,8.538599999999999,-718.1602,-0.44320000000000004,456.7432,6.0582
relaxed_wt_1_A_74_G,-89.7136,0.040600000000000004,-1296.304,6.0338,-718.9884,-1.2714,454.6406,3.9555999999999996
relaxed_wt_1_A_74_H,-89.1572,0.597,-1294.9180000000001,7.42,-718.3568,-0.64,456.793,6.108
relaxed_wt_1_A_74_I,-88.7942,0.9602,-1299.6802,2.6578,-719.1268,-1.4098000000000002,447.03000000000003,-3.6552
relaxed_wt_1_A_74_K,-89.5086,0.24539999999999998,-1303.938,-1.6,-718.8696,-1.1528,447.0334,-3.6515999999999997
relaxed_wt_1_A_74_L,-89.86999999999999,-0.11579999999999999,-1302.7388,-0.4008,-719.2934,-1.5764,449.1588,-1.5261999999999998
relaxed_wt_1_A_74_M,-89.6846,0.0696,-1303.3148,-0.9768000000000001,-718.9894,-1.2726,447.0146,-3.6704
relaxed_wt_1_A_74_N,-89.6908,0.0634,-1298.8404,3.4976,-718.887,-1.1704,452.6872,2.0021999999999998
relaxed_wt_1_A_74_P,-77.20599999999999,12.5486,-1206.9998,95.3382,-696.7934,20.9232,464.9794,14.294399999999996
relaxed_wt_1_A_74_Q,-89.7294,0.0246,-1302.9722,-0.6342,-718.9702,-1.2536,449.6082,-1.0768
relaxed_wt_1_A_74_R,-89.60940000000001,0.145,-1304.62,-2.282,-718.9476000000001,-1.2309999999999999,445.5856,-5.0994
relaxed_wt_1_A_74_S,-89.6902,0.06400000000000002,-1300.2064,2.1316,-719.1042,-1.3874,450.39439999999996,-0.2906000000000001
relaxed_wt_1_A_74_T,-89.5764,0.17759999999999998,-1302.4352,-0.09759999999999999,-719.0112,-1.2946,447.7196,-2.9654
relaxed_wt_1_A_74_V,-88.8596,0.8946,-1304.0762,-1.7386,-719.2036,-1.4868000000000001,444.1652,-6.519799999999999
relaxed_wt_1_A_74_W,-88.6558,1.0986,-1293.2322,9.105799999999999,-718.7174,-1.0006,454.77880000000005,4.0938
relaxed_wt_1_A_74_Y,-88.4568,1.2974,-1292.8092000000001,9.5288,-718.0162,-0.2996,457.72659999999996,7.0416
relaxed_wt_1_A_75_A,-87.3554,2.3988,-1293.6709999999998,8.667,-717.8471999999999,-0.1306,455.091,4.406000000000001
relaxed_wt_1_A_75_C,-88.78779999999999,0.9663999999999999,-1297.9374,4.4006,-718.799,-1.0824,448.54200000000003,-2.143
relaxed_wt_1_A_75_D,-85.8342,3.9198,-1289.5772000000002,12.7608,-718.044,-0.3272,459.7562,9.071200000000001
relaxed_wt_1_A_75_E,-82.4284,7.3262,-1288.6155999999999,13.722399999999999,-717.4804,0.2366,460.1432,9.458
relaxed_wt_1_A_75_F,-88.6682,1.0858,-1288.431,13.907,-716.4498,1.2668,473.1082,22.423199999999998
relaxed_wt_1_A_75_G,-86.3484,3.406,-1286.8560000000002,15.482,-717.9928,-0.2758,462.21040000000005,11.5252
relaxed_wt_1_A_75_H,-84.4046,5.349600000000001,-1289.1554,13.182599999999999,-717.9594,-0.2424,461.51300000000003,10.8276
relaxed_wt_1_A_75_I,-89.18379999999999,0.5704,-1303.6726,-1.3348,-718.8934,-1.1764000000000001,447.3714,-3.3135999999999997
relaxed_wt_1_A_75_K,-79.00699999999999,10.747399999999999,-1283.7634,18.5744,-717.5906,0.126,461.8926,11.2074
relaxed_wt_1_A_75_L,-87.3794,2.3746,-1296.048,6.2898,-717.2302,0.4866,451.9946,1.3096
relaxed_wt_1_A_75_M,-88.0172,1.737,-1294.2206,8.1172,-718.0708,-0.3538,458.77139999999997,8.0862
relaxed_wt_1_A_75_N,-86.9174,2.8367999999999998,-1293.0264,9.3114,-718.0304,-0.314,456.504,5.8188
relaxed_wt_1_A_75_P,-82.81280000000001,6.9414,-1263.2069999999999,39.131,-717.0234,0.6928,486.11940000000004,35.4344
relaxed_wt_1_A_75_Q,-81.9468,7.8072,-1289.8784,12.4596,-717.4954,0.221,455.03279999999995,4.3474
relaxed_wt_1_A_75_R,-81.4618,8.2922,-1277.0369999999998,25.301,-707.573,10.143799999999999,456.23459999999994,5.549200000000001
relaxed_wt_1_A_75_S,-86.718,3.036,-1293.3428,8.9952,-717.8862,-0.1698,455.47860000000003,4.7936
relaxed_wt_1_A_75_T,-87.7604,1.9936,-1297.828,4.5098,-718.2886000000001,-0.5724,449.8438,-0.8412
relaxed_wt_1_A_75_V,-89.5596,0.1948,-1302.7352,-0.39719999999999994,-718.88,-1.1632000000000002,448.1898,-2.4954
relaxed_wt_1_A_75_W,-89.2102,0.5439999999999999,-1291.2472,11.0906,-717.0552,0.6618,458.9996,8.314400000000001
relaxed_wt_1_A_75_Y,-89.42,0.33399999999999996,-1288.1654,14.1726,-716.7788,0.9378,476.4232,25.7382
relaxed_wt_1_A_76_A,-89.9106,-0.1564,-1299.5278,2.8102,-718.8996,-1.1827999999999999,450.78060000000005,0.09560000000000002
relaxed_wt_1_A_76_C,-90.1878,-0.4338,-1300.3002000000001,2.0378,-718.6994,-0.9829999999999999,451.2852,0.6002
relaxed_wt_1_A_76_D,-89.2758,0.4782,-1300.8056000000001,1.5324,-718.7562,-1.0394,450.8754,0.19040000000000004
relaxed_wt_1_A_76_E,-89.314,0.4404,-1304.3686,-2.0306,-719.5494,-1.8326,446.20439999999996,-4.480600000000001
relaxed_wt_1_A_76_F,-89.2086,0.5458000000000001,-1292.9108,9.427200000000001,-718.455,-0.738,458.3518,7.6668
relaxed_wt_1_A_76_G,-89.6682,0.086,-1297.3794,4.9586,-718.8698,-1.153,452.84399999999994,2.1588000000000003
relaxed_wt_1_A_76_H,-89.38040000000001,0.3738,-1298.951,3.3869999999999996,-718.7816,-1.0652000000000001,452.1514,1.4664
relaxed_wt_1_A_76_I,-89.7566,-0.002400000000000002,-1302.9578,-0.6198,-718.432,-0.7158,449.81360000000006,-0.8714000000000001
relaxed_wt_1_A_76_K,-90.45160000000001,-0.6972,-1302.6744,-0.3364,-718.7012,-0.9843999999999999,447.925,-2.7600000000000002
relaxed_wt_1_A_76_L,-90.467,-0.713,-1301.351,0.9869999999999999,-718.8752000000001,-1.1583999999999999,448.2072,-2.478
relaxed_wt_1_A_76_M,-89.92139999999999,-0.1672,-1300.447,1.891,-718.8568,-1.1400000000000001,449.1224,-1.5626000000000002
relaxed_wt_1_A_76_N,-89.7178,0.036199999999999996,-1297.4442,4.893800000000001,-717.8765999999999,-0.1598,454.63559999999995,3.9506
relaxed_wt_1_A_76_P,-89.82419999999999,-0.06999999999999999,-1283.1488,19.1892,-718.5612,-0.8448,471.86139999999995,21.1764
relaxed_wt_1_A_76_Q,-90.0162,-0.2616,-1301.3106,1.0274,-718.7837999999999,-1.0674,449.2966,-1.3884
relaxed_wt_1_A_76_R,-90.4936,-0.7394000000000001,-1302.4596,-0.122,-718.7102,-0.9932000000000001,447.49979999999994,-3.1854
relaxed_wt_1_A_76_S,-89.8404,-0.086,-1299.8348,2.5027999999999997,-718.8799999999999,-1.1629999999999998,449.80959999999993,-0.8754
relaxed_wt_1_A_76_T,-90.0158,-0.2616,-1301.0602,1.2776,-718.9114,-1.1948,451.0894,0.4044
relaxed_wt_1_A_76_V,-90.1906,-0.43599999999999994,-1303.2577999999999,-0.9202,-718.7388,-1.0218,450.4366,-0.2484
relaxed_wt_1_A_76_W,-89.4838,0.2702,-1291.4072,10.9308,-718.7275999999999,-1.0108000000000001,459.457,8.772
relaxed_wt_1_A_76_Y,-89.3274,0.4266,-1293.0116,9.3262,-718.644,-0.9274000000000001,460.31679999999994,9.6318
relaxed_wt_1_A_77_A,-87.63980000000001,2.1144,-1297.5164,4.8216,-718.9812,-1.2644,451.2196,0.5344
relaxed_wt_1_A_77_C,-87.8476,1.9065999999999999,-1298.7858,3.5522,-718.9136000000001,-1.197,449.034,-1.6514
relaxed_wt_1_A_77_D,-85.63399999999999,4.1202,-1298.753,3.585,-718.682,-0.9652000000000001,446.69660000000005,-3.9884
relaxed_wt_1_A_77_E,-85.362,4.3922,-1298.7126,3.6254000000000004,-718.6472,-0.9301999999999999,450.035,-0.65
relaxed_wt_1_A_77_F,-87.7056,2.0486,-1303.6384,-1.3008000000000002,-718.2062,-0.4896,445.14660000000003,-5.5386
relaxed_wt_1_A_77_G,-84.0488,5.7052,-1291.0898000000002,11.2482,-719.0588,-1.3422,452.4776,1.7925999999999997
relaxed_wt_1_A_77_H,-86.5278,3.2266,-1299.98,2.3578,-718.5006,-0.7837999999999999,447.2354,-3.4496
relaxed_wt_1_A_77_I,-89.5492,0.2052,-1303.6925999999999,-1.3546,-718.83,-1.1134,446.29200000000003,-4.393
relaxed_wt_1_A_77_K,-81.7838,7.970599999999999,-1293.3372,9.0006,-718.4621999999999,-0.7452,455.5478,4.8628
relaxed_wt_1_A_77_L,-88.6668,1.0872,-1299.6381999999999,2.6992000000000003,-717.4105999999999,0.306,450.9576,0.27240000000000003
relaxed_wt_1_A_77_M,-89.6114,0.14279999999999998,-1302.403,-0.06520000000000001,-719.5868,-1.8704,448.6334,-2.0515999999999996
relaxed_wt_1_A_77_N,-87.6332,2.1208,-1300.7554,1.5826,-718.6451999999999,-0.9282,446.08500000000004,-4.6
relaxed_wt_1_A_77_P,-79.8706,9.8836,-1284.0048000000002,18.333,-717.2484000000001,0.46840000000000004,461.2902,10.6052
relaxed_wt_1_A_77_Q,-87.774,1.9802,-1299.9492,2.3888000000000003,-718.6578,-0.9408,449.04920000000004,-1.6362
relaxed_wt_1_A_77_R,-83.639,6.1154,-1295.9746,6.3634,-718.4558,-0.7392000000000001,452.66940000000005,1.9844000000000002
relaxed_wt_1_A_77_S,-85.7708,3.9832,-1298.5238000000002,3.8141999999999996,-719.2676,-1.5508000000000002,447.17839999999995,-3.5066
relaxed_wt_1_A_77_T,-87.19980000000001,2.5542000000000002,-1300.55,1.7880000000000003,-718.9852,-1.2688,447.0042,-3.6808
relaxed_wt_1_A_77_V,-89.162,0.5923999999999999,-1304.033,-1.6949999999999998,-718.9848,-1.2678,445.2906,-5.3944
relaxed_wt_1_A_77_W,-85.4982,4.2562,-1297.284,5.053800000000001,-718.4018,-0.6849999999999999,454.86679999999996,4.1818
relaxed_wt_1_A_77_Y,-86.28779999999999,3.4664,-1300.5628000000002,1.7752,-718.1022,-0.38520000000000004,446.3008,-4.3842
relaxed_wt_1_A_78_A,-90.26140000000001,-0.5072,-1301.2906,1.0474,-718.1398,-0.42300000000000004,450.7434,0.058199999999999995
relaxed_wt_1_A_78_C,-89.9668,-0.21280000000000002,-1301.672,0.666,-718.9534,-1.2368000000000001,449.0384,-1.6466
relaxed_wt_1_A_78_D,-89.616,0.1386,-1305.1104,-2.7724,-718.999,-1.282,445.18860000000006,-5.4963999999999995
relaxed_wt_1_A_78_E,-89.86580000000001,-0.1112,-1303.0898000000002,-0.7522,-718.7711999999999,-1.0544,446.9548,-3.7306000000000004
relaxed_wt_1_A_78_F,-89.8812,-0.127,-1303.6516,-1.3135999999999999,-718.9888,-1.272,447.9276,-2.7573999999999996
relaxed_wt_1_A_78_G,-88.57379999999999,1.1808,-1298.0918,4.2462,-718.7764,-1.0594,449.829,-0.8559999999999999
relaxed_wt_1_A_78_H,-90.1164,-0.36219999999999997,-1303.3454,-1.0074,-718.8686,-1.1516,449.413,-1.272
relaxed_wt_1_A_78_I,-89.0248,0.7292,-1301.7428,0.595,-718.0644,-0.3476,449.1156,-1.5695999999999999
relaxed_wt_1_A_78_K,-89.8212,-0.0668,-1303.6552,-1.3172000000000001,-718.9174,-1.2004,446.5768,-4.1082
relaxed_wt_1_A_78_L,-90.0722,-0.31799999999999995,-1303.6598,-1.3219999999999998,-719.0152,-1.2984,446.66540000000003,-4.0198
relaxed_wt_1_A_78_M,-89.4678,0.2866,-1301.5672,0.7704,-719.0994,-1.3828,447.9018,-2.7832
relaxed_wt_1_A_78_N,-89.8508,-0.0968,-1303.9977999999999,-1.6598,-718.9162,-1.1994,447.41,-3.275
relaxed_wt_1_A_78_P,-88.3096,1.4446,-1297.084,5.2534,-718.3968,-0.6799999999999999,455.7644,5.0794
relaxed_wt_1_A_78_Q,-90.31960000000001,-0.5652,-1302.01,0.3278,-717.9868,-0.2698,451.0804,0.3954
relaxed_wt_1_A_78_R,-90.1658,-0.41180000000000005,-1301.4866,0.8513999999999999,-717.9924,-0.2756,451.1274,0.44239999999999996
relaxed_wt_1_A_78_S,-90.1482,-0.394,-1303.8532,-1.5151999999999999,-718.9238,-1.207,447.46840000000003,-3.2168
relaxed_wt_1_A_78_T,-89.63300000000001,0.1212,-1301.5018,0.8362,-718.0065999999999,-0.29000000000000004,449.6178,-1.0674
relaxed_wt_1_A_78_V,-89.5586,0.1962,-1303.7836,-1.4456,-718.845,-1.1282,447.29319999999996,-3.3920000000000003
relaxed_wt_1_A_78_W,-90.78999999999999,-1.0358,-1299.9752,2.3624,-718.284,-0.5672,451.4238,0.7387999999999999
relaxed_wt_1_A_78_Y,-89.9588,-0.2048,-1302.6624,-0.3244000000000001,-718.533,-0.8160000000000001,449.37699999999995,-1.3079999999999998
relaxed_wt_1_A_79_A,-89.44919999999999,0.3048,-1303.0059999999999,-0.6679999999999999,-718.9087999999999,-1.1924,446.62700000000007,-4.0582
relaxed_wt_1_A_79_C,-89.6714,0.08320000000000001,-1301.7574,0.5806,-718.9482,-1.2315999999999998,448.4624,-2.2226
relaxed_wt_1_A_79_D,-87.8746,1.8800000000000001,-1304.1822,-1.8442,-718.5304,-0.8135999999999999,445.3032,-5.3818
relaxed_wt_1_A_79_E,-89.28920000000001,0.4654,-1304.7282,-2.3902,-718.9134,-1.1965999999999999,446.41700000000003,-4.268
relaxed_wt_1_A_79_F,-89.413,0.341,-1299.09,3.2478000000000002,-718.9104,-1.1936,450.89219999999995,0.20700000000000002
relaxed_wt_1_A_79_G,-89.509,0.24500000000000002,-1304.0426,-1.7046,-719.0474,-1.3308,447.5598,-3.1252
relaxed_wt_1_A_79_H,-88.8762,0.8782,-1303.6968000000002,-1.3588,-718.8584,-1.1416,446.13800000000003,-4.5474000000000006
relaxed_wt_1_A_79_I,-90.80199999999999,-1.048,-1289.9946,12.343,-718.3552,-0.6382,462.66639999999995,11.9812
relaxed_wt_1_A_79_K,-90.6322,-0.8780000000000001,-1306.0606,-3.7226,-719.0004,-1.2833999999999999,446.95439999999996,-3.7306
relaxed_wt_1_A_79_L,-89.836,-0.0816,-1302.7544,-0.4166,-718.919,-1.2024000000000001,448.1776,-2.5078
relaxed_wt_1_A_79_M,-89.13300000000001,0.6214000000000001,-1301.8588,0.47919999999999996,-718.964,-1.2471999999999999,449.06980000000004,-1.6152000000000002
relaxed_wt_1_A_79_N,-88.8508,0.9033999999999999,-1305.4828,-3.1448,-718.5699999999999,-0.8532,443.6496,-7.0356
relaxed_wt_1_A_79_P,-81.3468,8.407399999999999,-1281.8518,20.4862,-719.4294,-1.7128,462.1762,11.491200000000001
relaxed_wt_1_A_79_Q,-90.17699999999999,-0.42300000000000004,-1304.7814,-2.4436,-718.8711999999999,-1.1545999999999998,447.04400000000004,-3.6409999999999996
relaxed_wt_1_A_79_R,-89.5608,0.1934,-1303.8486,-1.5106,-718.9782,-1.2612,447.79920000000004,-2.886
relaxed_wt_1_A_79_S,-89.44680000000001,0.3076,-1304.461,-2.1231999999999998,-719.0948000000001,-1.3782,446.77920000000006,-3.9058
relaxed_wt_1_A_79_T,-89.2562,0.49779999999999996,-1300.4406,1.8972000000000002,-718.9176,-1.2006000000000001,450.1848,-0.5004
relaxed_wt_1_A_79_V,-89.441,0.31320000000000003,-1290.125,12.213,-718.8866,-1.1698,462.25600000000003,11.571000000000002
relaxed_wt_1_A_79_W,-90.6576,-0.9036,-1300.5328,1.8052,-718.36,-0.6432,453.09340000000003,2.4084
relaxed_wt_1_A_79_Y,-89.7158,0.0382,-1299.8966,2.4412,-718.862,-1.145,450.69939999999997,0.014399999999999968
relaxed_wt_1_A_80_A,-87.0328,2.7216,-1299.336,3.002,-719.5346,-1.8178,448.5126,-2.1726
relaxed_wt_1_A_80_C,-88.4388,1.3154,-1299.3446,2.9934000000000003,-719.4042,-1.6873999999999998,450.2392,-0.44580000000000003
relaxed_wt_1_A_80_D,-87.0836,2.6704,-1302.365,-0.027200000000000023,-719.6946,-1.9780000000000002,447.24920000000003,-3.436
relaxed_wt_1_A_80_E,-86.6456,3.1086,-1300.1392,2.1988,-719.6596,-1.9426,447.77439999999996,-2.9105999999999996
relaxed_wt_1_A_80_F,-88.51939999999999,1.2348,-1299.3572,2.9808,-716.7244,0.9924,452.06080000000003,1.3756
relaxed_wt_1_A_80_G,-83.602,6.152,-1302.2812,0.0568,-719.6946,-1.9777999999999998,444.6262,-6.059
relaxed_wt_1_A_80_H,-90.0228,-0.2688,-1303.9828,-1.6448,-718.574,-0.8573999999999999,447.24080000000004,-3.4444000000000004
relaxed_wt_1_A_80_I,-89.6096,0.1446,-1287.5106,14.8274,-719.457,-1.7399999999999998,463.5236,12.8386
relaxed_wt_1_A_80_K,-88.9198,0.8343999999999999,-1303.1108,-0.773,-719.243,-1.5264,447.65379999999993,-3.0311999999999997
relaxed_wt_1_A_80_L,-89.2404,0.5142,-1300.4486000000002,1.8892,-719.6718,-1.955,450.1808,-0.5042
relaxed_wt_1_A_80_M,-87.759,1.9954,-1299.1442,3.1936,-719.4068,-1.69,450.28540000000004,-0.39959999999999996
relaxed_wt_1_A_80_N,-88.4284,1.3257999999999999,-1303.9366,-1.5986,-719.1172,-1.4006,445.6848,-5.0001999999999995
relaxed_wt_1_A_80_P,-41.3848,48.3692,-836.1472,466.1908,-604.5062,113.2104,779.1877999999999,328.5028
relaxed_wt_1_A_80_Q,-89.60560000000001,0.1486,-1302.2592,0.07880000000000001,-718.7594,-1.0424,449.2554,-1.4298
relaxed_wt_1_A_80_R,-89.702,0.0526,-1302.7948000000001,-0.45680000000000004,-719.0684,-1.3516,447.8526,-2.8324000000000003
relaxed_wt_1_A_80_S,-86.40220000000001,3.3518,-1300.0564,2.2814,-719.6514,-1.9344000000000001,448.52119999999996,-2.1637999999999997
relaxed_wt_1_A_80_T,-89.3562,0.3978,-1299.2618,3.0762,-719.5634,-1.8463999999999998,450.2656,-0.4194
relaxed_wt_1_A_80_V,-89.8964,-0.14220000000000002,-1287.9848,14.353200000000001,-719.3768,-1.6603999999999999,462.34340000000003,11.6584
relaxed_wt_1_A_80_W,-88.6918,1.0622,-1297.9532,4.3844,-716.1338,1.583,455.3836,4.6986
relaxed_wt_1_A_80_Y,-89.127,0.6272,-1300.9766,1.3614,-717.6644,0.052000000000000005,450.17659999999995,-0.5084000000000001
relaxed_wt_1_A_81_A,-88.4638,1.2908,-1300.9904,1.3474,-719.1582000000001,-1.4416,447.5796,-3.1056
relaxed_wt_1_A_81_C,-88.4718,1.2822,-1299.8935999999999,2.4444,-719.1004,-1.3838,447.9916,-2.6938
relaxed_wt_1_A_81_D,-88.7886,0.9656,-1299.42,2.918,-718.1832,-0.4666,449.8076,-0.8774000000000001
relaxed_wt_1_A_81_E,-88.3058,1.4484,-1302.1309999999999,0.207,-719.063,-1.3468,445.8774,-4.8076
relaxed_wt_1_A_81_F,-89.5202,0.23399999999999999,-1301.9012,0.4368,-719.1472,-1.4304000000000001,446.3406,-4.3444
relaxed_wt_1_A_81_G,-88.103,1.6515999999999997,-1294.4122,7.9256,-719.1478,-1.4312,454.05640000000005,3.3711999999999995
relaxed_wt_1_A_81_H,-89.79679999999999,-0.0428,-1303.6844,-1.3464,-718.7826,-1.0657999999999999,444.1384,-6.546600000000001
relaxed_wt_1_A_81_I,-87.7274,2.0268,-1303.6408,-1.303,-718.845,-1.1286,443.6062,-7.078799999999999
relaxed_wt_1_A_81_K,-89.5568,0.1974,-1303.8236000000002,-1.4856,-718.8435999999999,-1.127,447.05039999999997,-3.6346000000000003
relaxed_wt_1_A_81_L,-88.3128,1.4414,-1299.7586,2.5791999999999997,-719.1782,-1.4614,447.8384,-2.8466
relaxed_wt_1_A_81_M,-88.08840000000001,1.6656,-1300.7015999999999,1.6362,-719.108,-1.3912,448.06239999999997,-2.6226
relaxed_wt_1_A_81_N,-87.9628,1.7912,-1300.4146,1.9232,-718.2906,-0.5740000000000001,450.0122,-0.673
relaxed_wt_1_A_81_P,-85.8502,3.9037999999999995,-1268.7734,33.5646,-717.9488,-0.23220000000000002,484.3196,33.6344
relaxed_wt_1_A_81_Q,-88.7798,0.9742,-1302.6214,-0.28359999999999996,-718.8298,-1.113,445.0912,-5.5938
relaxed_wt_1_A_81_R,-90.03479999999999,-0.28059999999999996,-1304.7238000000002,-2.3858,-719.3144,-1.5977999999999999,445.54359999999997,-5.1415999999999995
relaxed_wt_1_A_81_S,-88.5398,1.2146000000000001,-1303.3745999999999,-1.0366,-719.1758,-1.4592,445.16360000000003,-5.5216
relaxed_wt_1_A_81_T,-87.67760000000001,2.0764,-1302.9743999999998,-0.6368,-719.0406,-1.3237999999999999,445.11019999999996,-5.575
relaxed_wt_1_A_81_V,-87.924,1.8303999999999998,-1303.5082,-1.1704,-718.5020000000001,-0.7852,446.30100000000004,-4.3842
relaxed_wt_1_A_81_W,-89.0744,0.6796,-1298.0418,4.296200000000001,-718.196,-0.47919999999999996,451.8648,1.1798
relaxed_wt_1_A_81_Y,-86.917,2.8372,-1298.9016,3.4364,-718.0062,-0.2894,451.828,1.143
relaxed_wt_1_A_82_A,-89.5978,0.1564,-1301.1676,1.1704,-719.0308,-1.3144,446.34499999999997,-4.3402
relaxed_wt_1_A_82_C,-89.59779999999999,0.1564,-1297.1886,5.1492,-717.8396,-0.1226,456.4026,5.7176
relaxed_wt_1_A_82_D,-87.282,2.4724,-1296.3128000000002,6.0252,-717.4395999999999,0.2774,452.3466,1.6616
relaxed_wt_1_A_82_E,-85.22919999999999,4.525,-1295.7004000000002,6.637600000000001,-717.96,-0.2434,457.3212,6.635800000000001
relaxed_wt_1_A_82_F,-89.91900000000001,-0.1648,-1298.0636,4.2744,-717.4298,0.2872,458.1504,7.4654
relaxed_wt_1_A_82_G,-88.7726,0.9815999999999999,-1296.2368000000001,6.1012,-718.2236,-0.5067999999999999,454.07579999999996,3.3908
relaxed_wt_1_A_82_H,-89.1718,0.5824,-1296.4389999999999,5.8988,-717.9954,-0.2786,458.26779999999997,7.582800000000001
relaxed_wt_1_A_82_I,-90.7564,-1.002,-1302.4874,-0.1494,-718.2764,-0.5596,448.4396,-2.2454
relaxed_wt_1_A_82_K,-85.1928,4.5614,-1295.4504000000002,6.887600000000001,-717.842,-0.1252,459.215,8.530000000000001
relaxed_wt_1_A_82_L,-90.48479999999999,-0.7302,-1301.525,0.8130000000000001,-717.7296,-0.012799999999999992,454.5892,3.9042000000000003
relaxed_wt_1_A_82_M,-91.2378,-1.4836,-1298.9914,3.3464,-717.6706,0.046,459.0048,8.319799999999999
relaxed_wt_1_A_82_N,-90.12039999999999,-0.366,-1299.5700000000002,2.768,-717.7360000000001,-0.019200000000000002,453.991,3.306
relaxed_wt_1_A_82_P,-89.5844,0.1696,-1303.8562,-1.5182,-718.8308,-1.1138,446.43739999999997,-4.2476
relaxed_wt_1_A_82_Q,-88.4084,1.346,-1298.6062,3.7318,-718.0157999999999,-0.2992,455.591,4.906000000000001
relaxed_wt_1_A_82_R,-88.2466,1.5076,-1297.6502,4.6878,-718.1478,-0.4314,458.86760000000004,8.182599999999999
relaxed_wt_1_A_82_S,-88.3946,1.3594,-1299.2658,3.0722,-718.7796000000001,-1.063,450.9234,0.23840000000000003
relaxed_wt_1_A_82_T,-89.4476,0.30700000000000005,-1298.2114000000001,4.1264,-718.2264,-0.5094,455.7396,5.0546
relaxed_wt_1_A_82_V,-89.328,0.42619999999999997,-1300.6178,1.7201999999999997,-719.7588,-2.042,447.77619999999996,-2.9088000000000003
relaxed_wt_1_A_82_W,-85.95439999999999,3.8004000000000007,-1293.5804,8.7574,-717.749,-0.03219999999999999,461.52559999999994,10.8406
relaxed_wt_1_A_82_Y,-87.3606,2.394,-1296.6237999999998,5.7142,-717.6016000000001,0.1146,458.2972,7.6122
relaxed_wt_1_A_83_A,-89.57480000000001,0.1794,-1300.1680000000001,2.17,-718.9036,-1.1865999999999999,450.5428,-0.14219999999999997
relaxed_wt_1_A_83_C,-89.53380000000001,0.2202,-1300.1904,2.1475999999999997,-718.8453999999999,-1.1284,449.83459999999997,-0.8506
relaxed_wt_1_A_83_D,-89.7504,0.003799999999999999,-1299.7146,2.6231999999999998,-718.8142,-1.0976,451.49120000000005,0.806
relaxed_wt_1_A_83_E,-89.548,0.20620000000000002,-1302.1844,0.15360000000000001,-718.8906,-1.1736,449.42080000000004,-1.2646000000000002
relaxed_wt_1_A_83_F,-89.6436,0.11040000000000001,-1301.084,1.2538,-718.0572,-0.3404,447.697,-2.9880000000000004
relaxed_wt_1_A_83_G,-89.52680000000001,0.2272,-1295.533,6.805,-718.6372,-0.9202,455.92539999999997,5.240399999999999
relaxed_wt_1_A_83_H,-89.34740000000001,0.40659999999999996,-1301.2988,1.0386,-718.8534,-1.1372,449.37420000000003,-1.3108
relaxed_wt_1_A_83_I,-89.07079999999999,0.6834,-1304.034,-1.6960000000000002,-718.9168,-1.1998,446.5368,-4.1482
relaxed_wt_1_A_83_K,-89.502,0.2522,-1301.3020000000001,1.036,-718.8711999999999,-1.1542,448.9956,-1.6893999999999998
relaxed_wt_1_A_83_L,-89.6076,0.1466,-1302.5118,-0.174,-718.9786,-1.2616,448.1946,-2.4905999999999997
relaxed_wt_1_A_83_M,-89.4652,0.2888,-1299.9281999999998,2.4097999999999997,-718.8776,-1.1608,450.19000000000005,-0.4952
relaxed_wt_1_A_83_N,-89.29159999999999,0.4624,-1300.3554,1.9824000000000002,-718.735,-1.0184,450.2042,-0.48080000000000006
relaxed_wt_1_A_83_P,-86.0412,3.7128,-1262.7036,39.6344,-718.7848,-1.068,484.68199999999996,33.9968
relaxed_wt_1_A_83_Q,-89.5812,0.173,-1302.0261999999998,0.3116,-718.9252,-1.2082000000000002,448.3166,-2.3684000000000003
relaxed_wt_1_A_83_R,-89.545,0.2092,-1301.3144,1.0234,-718.908,-1.191,448.82520000000005,-1.8598
relaxed_wt_1_A_83_S,-89.6148,0.1396,-1301.2848,1.0532,-718.8026,-1.0859999999999999,450.48159999999996,-0.20339999999999997
relaxed_wt_1_A_83_T,-89.5458,0.2082,-1302.045,0.2928,-718.8336,-1.1166,448.5816,-2.1036
relaxed_wt_1_A_83_V,-89.5664,0.18819999999999998,-1304.3286,-1.9906,-718.8864,-1.17,445.72919999999993,-4.9558
relaxed_wt_1_A_83_W,-90.06620000000001,-0.312,-1298.4951999999998,3.8427999999999995,-718.0054,-0.2886,450.812,0.127
relaxed_wt_1_A_83_Y,-89.90119999999999,-0.147,-1301.2914,1.0464,-718.0998,-0.383,448.2434,-2.4416
relaxed_wt_1_A_84_A,-82.3138,7.4403999999999995,-1292.8049999999998,9.533,-717.9631999999999,-0.2464,450.7722,0.08720000000000001
relaxed_wt_1_A_84_C,-84.2724,5.4816,-1293.6862,8.6518,-717.8702000000001,-0.1532,450.12219999999996,-0.5628
relaxed_wt_1_A_84_D,-83.0184,6.7356,-1293.7292,8.608799999999999,-718.1222,-0.40519999999999995,451.7542,1.0690000000000002
relaxed_wt_1_A_84_E,-81.3694,8.3848,-1293.3646,8.9732,-718.0996,-0.383,454.7268,4.0418
relaxed_wt_1_A_84_F,-89.5464,0.20779999999999998,-1303.9101999999998,-1.5724,-718.9828,-1.2662,446.73400000000004,-3.9513999999999996
relaxed_wt_1_A_84_G,-82.1798,7.5742,-1289.6662000000001,12.671800000000001,-718.0874,-0.3706,453.4344,2.7494
relaxed_wt_1_A_84_H,-86.9024,2.8522,-1297.6734000000001,4.6646,-717.8833999999999,-0.16699999999999998,450.4814,-0.20379999999999998
relaxed_wt_1_A_84_I,-85.172,4.5824,-1299.4092,2.9288,-718.1056000000001,-0.3888,445.6836,-5.0016
relaxed_wt_1_A_84_K,-82.9484,6.8056,-1293.2424,9.095600000000001,-718.4164,-0.6996,455.992,5.307
relaxed_wt_1_A_84_L,-85.5056,4.2486,-1296.4582,5.8798,-717.9358,-0.21880000000000002,448.74080000000004,-1.9442
relaxed_wt_1_A_84_M,-87.7094,2.0446,-1297.9692,4.3688,-718.604,-0.8872,449.65659999999997,-1.0284
relaxed_wt_1_A_84_N,-84.5346,5.2196,-1295.3428,6.995,-717.887,-0.1704,450.3932,-0.292
relaxed_wt_1_A_84_P,-82.6006,7.1536,-1292.2572,10.0806,-716.7946,0.9221999999999999,446.4666,-4.2184
relaxed_wt_1_A_84_Q,-85.0506,4.704,-1294.5041999999999,7.8336,-718.1007999999999,-0.384,455.37399999999997,4.689
relaxed_wt_1_A_84_R,-81.6958,8.058200000000001,-1290.864,11.474,-718.0636000000001,-0.3472,452.17179999999996,1.4868000000000001
relaxed_wt_1_A_84_S,-83.4204,6.3338,-1293.7134,8.6244,-718.0278000000001,-0.31100000000000005,449.17719999999997,-1.508
relaxed_wt_1_A_84_T,-83.3126,6.441800000000001,-1295.6006000000002,6.7372,-718.1537999999999,-0.43739999999999996,448.02920000000006,-2.6558
relaxed_wt_1_A_84_V,-84.7566,4.9978,-1297.6684,4.6692,-718.0337999999999,-0.3176,444.9102,-5.7748
relaxed_wt_1_A_84_W,-86.5908,3.1632000000000002,-1292.1664,10.1714,-715.5288,2.1878,460.5936,9.908600000000002
relaxed_wt_1_A_84_Y,-87.17960000000001,2.5744,-1300.1716000000001,2.1664000000000003,-717.9925999999999,-0.27559999999999996,448.8646,-1.8204
relaxed_wt_1_A_85_A,-88.7816,0.9728,-1299.3162,3.0214000000000003,-718.9448,-1.2282,451.23699999999997,0.5519999999999999
relaxed_wt_1_A_85_C,-88.5426,1.2118,-1298.0837999999999,4.2542,-718.9882,-1.2714,452.44539999999995,1.7604
relaxed_wt_1_A_85_D,-88.44980000000001,1.3044,-1297.2408,5.0972,-718.9832,-1.2664,453.2892,2.6042
relaxed_wt_1_A_85_E,-87.6848,2.0694,-1299.139,3.1988,-718.8987999999999,-1.182,450.11320000000006,-0.5718
relaxed_wt_1_A_85_F,-87.9236,1.8308,-1300.94,1.3980000000000001,-718.7438,-1.027,447.4406,-3.2445999999999997
relaxed_wt_1_A_85_G,-88.7764,0.9778,-1296.486,5.852,-718.9252,-1.2084,454.1782,3.4932000000000003
relaxed_wt_1_A_85_H,-88.4222,1.3324,-1300.483,1.855,-718.8145999999999,-1.0977999999999999,449.6764,-1.0086
relaxed_wt_1_A_85_I,-88.73519999999999,1.019,-1299.8211999999999,2.5168,-718.8222,-1.1058,451.3546,0.6696
relaxed_wt_1_A_85_K,-90.136,-0.382,-1303.7494,-1.4116,-718.9344,-1.2178,447.7784,-2.9066
relaxed_wt_1_A_85_L,-88.7106,1.0438,-1301.1122,1.2256,-718.8446,-1.1278,449.4273999999999,-1.258
relaxed_wt_1_A_85_M,-88.5822,1.1718,-1299.6398000000002,2.698,-718.8219999999999,-1.1054,451.2984,0.6134000000000001
relaxed_wt_1_A_85_N,-88.7646,0.9894000000000001,-1299.2638,3.0740000000000003,-718.8956000000001,-1.1788,450.71220000000005,0.02719999999999998
relaxed_wt_1_A_85_P,-83.59459999999999,6.1594,-1239.2764000000002,63.0616,-717.2304,0.4856,506.1,55.415
relaxed_wt_1_A_85_Q,-88.58500000000001,1.169,-1300.2602,2.0772000000000004,-718.9108,-1.1938,450.66099999999994,-0.024
relaxed_wt_1_A_85_R,-88.9726,0.7814,-1300.5268,1.811,-718.822,-1.105,449.6456,-1.0396
relaxed_wt_1_A_85_S,-88.716,1.0379999999999998,-1299.8862000000001,2.4518,-718.9728,-1.2562,450.793,0.10800000000000001
relaxed_wt_1_A_85_T,-88.7212,1.0328,-1298.599,3.7388,-718.871,-1.154,450.4216,-0.26339999999999997
relaxed_wt_1_A_85_V,-88.756,0.9982,-1299.4132,2.9246000000000003,-718.884,-1.1674,451.2522,0.567
relaxed_wt_1_A_85_W,-88.7888,0.9654,-1295.0044,7.3336,-718.9772,-1.2602,454.79179999999997,4.1068
relaxed_wt_1_A_85_Y,-88.70779999999999,1.0462,-1297.0675999999999,5.2702,-718.8892,-1.1722,453.4512,2.7662
relaxed_wt_1_A_86_A,-89.5052,0.2492,-1302.171,0.16699999999999998,-718.9060000000001,-1.189,447.86800000000005,-2.817
relaxed_wt_1_A_86_C,-89.17060000000001,0.5833999999999999,-1300.743,1.595,-718.909,-1.1924,449.81059999999997,-0.8744
relaxed_wt_1_A_86_D,-89.06,0.6942,-1302.8866,-0.5486,-718.888,-1.1712,446.7946,-3.8903999999999996
relaxed_wt_1_A_86_E,-89.4548,0.2992,-1303.0354,-0.6974,-718.9010000000001,-1.1842,446.65560000000005,-4.029400000000001
relaxed_wt_1_A_86_F,-89.4628,0.2912,-1300.8604,1.4776,-718.9086,-1.192,448.6938,-1.9911999999999999
relaxed_wt_1_A_86_G,-89.5568,0.1972,-1300.9292,1.4087999999999998,-718.9288,-1.2122,449.71000000000004,-0.975
relaxed_wt_1_A_86_H,-89.5622,0.192,-1304.124,-1.786,-718.9132000000001,-1.1964,446.29679999999996,-4.3884
relaxed_wt_1_A_86_I,-89.4272,0.327,-1301.8906000000002,0.44719999999999993,-718.9694,-1.2526,448.4758,-2.2093999999999996
relaxed_wt_1_A_86_K,-89.1938,0.5604,-1303.8886,-1.5506,-719.0144,-1.2978,447.52880000000005,-3.1562
relaxed_wt_1_A_86_L,-89.52180000000001,0.2326,-1302.9514,-0.6136,-718.847,-1.1300000000000001,447.8268,-2.8582
relaxed_wt_1_A_86_M,-89.47,0.2844,-1302.1248,0.21319999999999997,-718.876,-1.159,448.19440000000003,-2.4905999999999997
relaxed_wt_1_A_86_N,-89.523,0.2314,-1302.6745999999998,-0.3366,-718.9152,-1.1986,448.2204,-2.4646
relaxed_wt_1_A_86_P,-89.41799999999999,0.3362,-1304.5368,-2.1988,-718.9255999999999,-1.2087999999999999,446.46580000000006,-4.2194
relaxed_wt_1_A_86_Q,-89.342,0.4122,-1303.5064,-1.1683999999999999,-718.9554,-1.2386,446.6442,-4.0408
relaxed_wt_1_A_86_R,-89.5346,0.21939999999999998,-1302.5232,-0.1854,-718.9576,-1.2408000000000001,447.7102,-2.9752
relaxed_wt_1_A_86_S,-89.5584,0.1958,-1303.1,-0.762,-718.8833999999999,-1.1666,447.35059999999993,-3.3346000000000005
relaxed_wt_1_A_86_T,-89.5384,0.2158,-1302.8536,-0.5156,-718.8894,-1.1725999999999999,447.4178,-3.2672
relaxed_wt_1_A_86_V,-89.5284,0.22560000000000002,-1302.1634,0.1746,-718.9804,-1.2638,448.74260000000004,-1.9426
relaxed_wt_1_A_86_W,-89.5444,0.2098,-1302.1508,0.1872,-718.913,-1.1962,448.5966,-2.0884
relaxed_wt_1_A_86_Y,-89.5442,0.21000000000000002,-1301.2294,1.1084,-718.9514,-1.2348000000000001,448.8012,-1.8838000000000001
relaxed_wt_1_A_87_A,-89.5572,0.197,-1303.8572,-1.5192,-718.9044,-1.1878,446.98339999999996,-3.7018
relaxed_wt_1_A_87_C,-89.0654,0.6891999999999999,-1300.8802,1.4578,-718.8616,-1.1448,448.7456,-1.9396
relaxed_wt_1_A_87_D,-89.471,0.2834,-1298.8103999999998,3.5274,-719.0444,-1.3276,451.59220000000005,0.907
relaxed_wt_1_A_87_E,-89.5774,0.1766,-1301.5156,0.8224,-718.9522,-1.2353999999999998,448.81899999999996,-1.8664
relaxed_wt_1_A_87_F,-89.40220000000001,0.3518,-1295.335,7.003,-718.1848,-0.4678,451.706,1.021
relaxed_wt_1_A_87_G,-89.5128,0.2412,-1300.0548000000001,2.2832,-718.8206,-1.1039999999999999,453.1366,2.4516
relaxed_wt_1_A_87_H,-89.3562,0.398,-1298.6696,3.6683999999999997,-719.2629999999999,-1.5459999999999998,448.6026,-2.0826000000000002
relaxed_wt_1_A_87_I,-89.2586,0.49560000000000004,-1286.8756,15.462399999999999,-719.0924,-1.3756,458.75600000000003,8.0708
relaxed_wt_1_A_87_K,-89.5962,0.1578,-1299.1022,3.2358,-718.1888,-0.47240000000000004,450.65500000000003,-0.030000000000000006
relaxed_wt_1_A_87_L,-89.58340000000001,0.1706,-1284.1254,18.212600000000002,-718.1042,-0.38780000000000003,455.53159999999997,4.8466000000000005
relaxed_wt_1_A_87_M,-89.40979999999999,0.3442,-1299.063,3.2748,-718.8574,-1.1405999999999998,450.1809999999999,-0.504
relaxed_wt_1_A_87_N,-89.3698,0.38439999999999996,-1300.5338,1.8039999999999998,-718.904,-1.1872,448.25739999999996,-2.4276
relaxed_wt_1_A_87_P,-88.6202,1.134,-1153.7872,148.5508,-718.8506,-1.1338000000000001,584.457,133.772
relaxed_wt_1_A_87_Q,-89.49539999999999,0.25880000000000003,-1301.4732,0.8648,-718.9808,-1.264,448.65119999999996,-2.034
relaxed_wt_1_A_87_R,-89.5334,0.22080000000000002,-1300.946,1.392,-719.1102,-1.3934000000000002,447.18420000000003,-3.5007999999999995
relaxed_wt_1_A_87_S,-89.5652,0.189,-1301.8238000000001,0.5142,-718.8666000000001,-1.15,448.3872,-2.2977999999999996
relaxed_wt_1_A_87_T,-89.5836,0.1706,-1298.1174,4.2206,-718.975,-1.2582,450.6938,0.008800000000000007
relaxed_wt_1_A_87_V,-88.732,1.0219999999999998,-1284.6686000000002,17.6694,-718.7841999999999,-1.0672000000000001,456.51599999999996,5.831
relaxed_wt_1_A_87_W,-89.4506,0.3034,-1297.5678,4.77,-718.0719999999999,-0.3552,450.5424,-0.14259999999999998
relaxed_wt_1_A_87_Y,-89.3136,0.4404,-1298.0616,4.2764,-718.4368000000001,-0.7202,449.3696,-1.3155999999999999
relaxed_wt_1_B_100_A,-89.44579999999999,0.3084,-1302.6648,-0.3272,-718.9824000000001,-1.2656,448.87160000000006,-1.8134000000000001
relaxed_wt_1_B_100_C,-89.475,0.279,-1300.608,1.73,-718.8707999999999,-1.154,450.05820000000006,-0.6268
relaxed_wt_1_B_100_D,-89.9558,-0.2012,-1301.464,0.874,-719.034,-1.3170000000000002,450.5332,-0.1518
relaxed_wt_1_B_100_E,-89.5672,0.18719999999999998,-1304.0308,-1.693,-719.0808000000001,-1.364,446.70779999999996,-3.9772
relaxed_wt_1_B_100_F,-89.4122,0.34199999999999997,-1302.4328,-0.09480000000000001,-718.9894,-1.2730000000000001,448.23760000000004,-2.4476
relaxed_wt_1_B_100_G,-89.49719999999999,0.25680000000000003,-1300.0756000000001,2.2624000000000004,-718.9688,-1.2518,450.797,0.11199999999999992
relaxed_wt_1_B_100_H,-91.977,-2.2222,-1302.1396,0.19820000000000002,-718.2693999999999,-0.5524,448.15419999999995,-2.5308
relaxed_wt_1_B_100_I,-89.2482,0.5062,-1298.3966,3.9414000000000002,-718.954,-1.2369999999999999,451.87420000000003,1.189
relaxed_wt_1_B_100_K,-89.85679999999999,-0.10260000000000002,-1302.0946,0.24339999999999998,-718.6782000000001,-0.9614,450.408,-0.2772
relaxed_wt_1_B_100_L,-89.3502,0.4042,-1301.3296,1.0084,-718.941,-1.2242000000000002,449.21100000000007,-1.4739999999999998
relaxed_wt_1_B_100_M,-89.92960000000001,-0.17559999999999995,-1302.6214,-0.2834,-718.6518,-0.9352,449.3942,-1.2908000000000002
relaxed_wt_1_B_100_N,-90.81,-1.056,-1300.3374,2.0006,-718.6042,-0.8872,452.8128,2.1277999999999997
relaxed_wt_1_B_100_P,-91.2162,-1.4616,-1289.2936000000002,13.044400000000001,-718.1398,-0.42279999999999995,454.8674,4.1822
relaxed_wt_1_B_100_Q,-90.07419999999999,-0.31999999999999995,-1302.7724,-0.43439999999999995,-718.6234000000001,-0.9065999999999999,448.965,-1.7200000000000002
relaxed_wt_1_B_100_R,-89.88239999999999,-0.1282,-1300.449,1.889,-718.7135999999999,-0.9968,451.13199999999995,0.4468000000000001
relaxed_wt_1_B_100_S,-89.3434,0.41079999999999994,-1302.8968,-0.5588,-719.0576,-1.3406,448.0204,-2.6646
relaxed_wt_1_B_100_T,-89.3042,0.45,-1302.185,0.1526,-719.0018,-1.285,449.35839999999996,-1.3268
relaxed_wt_1_B_100_V,-89.29939999999999,0.45499999999999996,-1302.3038000000001,0.034199999999999994,-718.9482,-1.2316,447.3366,-3.3483999999999994
relaxed_wt_1_B_100_W,-91.126,-1.3716,-1299.2414,3.0966,-718.8838,-1.167,453.0254,2.3404
relaxed_wt_1_B_100_Y,-91.2924,-1.5384,-1304.2682,-1.9302,-719.1351999999999,-1.4184,443.399,-7.286
relaxed_wt_1_B_101_A,-89.0932,0.6609999999999999,-1303.4942,-1.1562,-719.0136,-1.2968,447.8666,-2.8184
relaxed_wt_1_B_101_C,-90.5032,-0.749,-1302.4656,-0.1278,-718.9118000000001,-1.1948,448.8616,-1.8236
relaxed_wt_1_B_101_D,-87.1404,2.6136,-1300.7559999999999,1.582,-718.3304,-0.6136,447.0648,-3.6201999999999996
relaxed_wt_1_B_101_E,-90.4158,-0.6612,-1303.5706,-1.2326000000000001,-718.3612,-0.6442,447.218,-3.467
relaxed_wt_1_B_101_F,-89.6168,0.1376,-1301.551,0.7868,-718.9305999999999,-1.2136,451.082,0.397
relaxed_wt_1_B_101_G,-88.399,1.3552,-1301.8296,0.508,-719.143,-1.4266,447.4232,-3.2619999999999996
relaxed_wt_1_B_101_H,-89.7624,-0.008,-1305.8618000000001,-3.5238,-719.094,-1.3772,446.7438,-3.9412
relaxed_wt_1_B_101_I,-89.614,0.1404,-1303.3532,-1.0152,-718.7278,-1.0108000000000001,446.98400000000004,-3.7009999999999996
relaxed_wt_1_B_101_K,-88.7422,1.0124,-1303.9188,-1.5808,-719.1412,-1.4246,445.43100000000004,-5.2540000000000004
relaxed_wt_1_B_101_L,-89.84779999999999,-0.09359999999999999,-1303.6866,-1.3486,-718.7493999999999,-1.0326,445.32579999999996,-5.3591999999999995
relaxed_wt_1_B_101_M,-90.8924,-1.1384,-1304.6632,-2.3251999999999997,-718.6174,-0.9006000000000001,446.25460000000004,-4.430400000000001
relaxed_wt_1_B_101_N,-88.095,1.6591999999999998,-1301.4338,0.9042,-718.5548000000001,-0.8382,445.5508,-5.1342
relaxed_wt_1_B_101_P,-88.82820000000001,0.9262,-1306.96,-4.622,-718.7823999999999,-1.066,442.5576,-8.1274
relaxed_wt_1_B_101_Q,-91.8938,-2.1391999999999998,-1303.723,-1.385,-718.1654000000001,-0.4486,448.8454,-1.8396000000000001
relaxed_wt_1_B_101_R,-90.4974,-0.7432000000000001,-1303.1128,-0.7748,-719.2728,-1.5562,449.5584,-1.1266
relaxed_wt_1_B_101_S,-89.08779999999999,0.6662000000000001,-1304.137,-1.799,-718.8832,-1.1663999999999999,446.6328,-4.0522
relaxed_wt_1_B_101_T,-89.5282,0.2258,-1303.8116,-1.4736,-718.9004,-1.184,446.2174,-4.4676
relaxed_wt_1_B_101_V,-89.8696,-0.11560000000000001,-1304.2956,-1.9578,-718.8496,-1.1328,447.0206,-3.6643999999999997
relaxed_wt_1_B_101_W,-91.3028,-1.5488,-1302.8298,-0.492,-718.9598,-1.2432,450.4768,-0.20820000000000002
relaxed_wt_1_B_101_Y,-89.3016,0.4532,-1302.5778,-0.2398,-719.1204,-1.4038,450.206,-0.479
relaxed_wt_1_B_102_A,-89.4688,0.2852,-1303.3438,-1.0058,-718.6796,-0.9628,447.2192,-3.4658
relaxed_wt_1_B_102_C,-89.2906,0.46340000000000003,-1302.9642,-0.6264,-718.965,-1.248,448.2906,-2.3944
relaxed_wt_1_B_102_D,-89.04780000000001,0.7064,-1300.7842,1.5535999999999999,-718.6914,-0.9747999999999999,449.6508,-1.0342
relaxed_wt_1_B_102_E,-90.2572,-0.5032,-1302.2368,0.1012,-718.8001999999999,-1.0836000000000001,449.92420000000004,-0.7608
relaxed_wt_1_B_102_F,-90.5966,-0.8423999999999999,-1300.5798,1.7582,-718.8548,-1.1381999999999999,451.4118,0.7266
relaxed_wt_1_B_102_G,-89.4268,0.3274,-1301.4424,0.8956,-718.7518,-1.035,449.8196,-0.8654
relaxed_wt_1_B_102_H,-89.518,0.236,-1300.9638,1.3739999999999999,-718.9186,-1.2016,450.6834,-0.0016000000000000014
relaxed_wt_1_B_102_I,-89.4624,0.2916,-1302.696,-0.35819999999999996,-718.7647999999999,-1.0482,447.91700000000003,-2.7682
relaxed_wt_1_B_102_K,-89.2288,0.526,-1301.1304,1.2076,-718.1182,-0.40120000000000006,449.48760000000004,-1.1974
relaxed_wt_1_B_102_L,-91.1802,-1.4262000000000001,-1304.9262,-2.5881999999999996,-718.5427999999999,-0.826,446.72920000000005,-3.9558
relaxed_wt_1_B_102_M,-91.1224,-1.3684,-1303.2130000000002,-0.8752000000000001,-718.6818000000001,-0.9650000000000001,449.18780000000004,-1.4976
relaxed_wt_1_B_102_N,-88.7594,0.9948,-1301.7544,0.5836,-718.8626,-1.1460000000000001,448.88320000000004,-1.8018
relaxed_wt_1_B_102_P,-90.3012,-0.5471999999999999,-1300.4392,1.8988,-718.868,-1.151,451.30740000000003,0.6222
relaxed_wt_1_B_102_Q,-89.018,0.736,-1301.1636,1.1742000000000001,-718.8684000000001,-1.1514,449.75739999999996,-0.9276
relaxed_wt_1_B_102_R,-90.6452,-0.8908000000000001,-1301.6876,0.6502,-717.924,-0.2076,450.508,-0.177
relaxed_wt_1_B_102_S,-89.59700000000001,0.15719999999999995,-1302.8121999999998,-0.4744,-718.6899999999999,-0.9738,448.017,-2.6681999999999997
relaxed_wt_1_B_102_T,-89.00280000000001,0.7514000000000001,-1302.2738,0.06399999999999999,-718.9907999999999,-1.2742,448.0182,-2.6668
relaxed_wt_1_B_102_V,-89.55019999999999,0.2044,-1303.7732,-1.4352,-718.9078,-1.1911999999999998,446.5518,-4.1332
relaxed_wt_1_B_102_W,-90.7038,-0.9496,-1300.1676,2.1704,-718.8868,-1.1702,451.3322,0.647
relaxed_wt_1_B_102_Y,-90.4626,-0.7085999999999999,-1301.2322,1.1058,-718.9316,-1.2147999999999999,450.7644,0.0794
relaxed_wt_1_B_11_A,-89.5726,0.1816,-1303.7646,-1.4266,-718.9060000000001,-1.1894,445.872,-4.813
relaxed_wt_1_B_11_C,-89.30019999999999,0.4542,-1280.1011999999998,22.2368,-719.4564,-1.7396,464.52020000000005,13.8352
relaxed_wt_1_B_11_D,-89.592,0.16219999999999998,-1271.1448,31.1932,-718.8742,-1.1576,477.7434,27.0584
relaxed_wt_1_B_11_E,-89.3798,0.3742,-1253.1174,49.2206,-718.4256,-0.7092,486.77160000000003,36.0866
relaxed_wt_1_B_11_F,-91.446,-1.6918,-1251.2698,51.068,-716.404,1.3128,450.7902,0.10520000000000004
relaxed_wt_1_B_11_G,-89.5678,0.1864,-1299.5608,2.7771999999999997,-718.9964,-1.2794,447.6394,-3.0456
relaxed_wt_1_B_11_H,-89.1264,0.6275999999999999,-1172.8324,129.5054,-717.8864,-0.1694,597.4108,146.7258
relaxed_wt_1_B_11_I,-90.6438,-0.8896000000000001,-1266.1316,36.206399999999995,-716.8584,0.8586,462.2622,11.577
relaxed_wt_1_B_11_K,-89.33959999999999,0.4144,-1212.9362,89.4016,-718.6128,-0.8958,539.2152,88.53020000000001
relaxed_wt_1_B_11_L,-92.65,-2.8954,-1267.129,35.208999999999996,-716.5912000000001,1.1254,432.0702,-18.6148
relaxed_wt_1_B_11_M,-92.7014,-2.9472,-1275.554,26.784000000000002,-716.4978,1.2189999999999999,452.7786,2.0934
relaxed_wt_1_B_11_N,-89.6298,0.12480000000000002,-1271.7768,30.561200000000003,-718.6954,-0.9785999999999999,474.678,23.993000000000002
relaxed_wt_1_B_11_P,-89.01880000000001,0.7358,-1282.49,19.8478,-719.2212,-1.5042,470.1544,19.4694
relaxed_wt_1_B_11_Q,-88.46520000000001,1.2892,-1272.7977999999998,29.5402,-719.923,-2.2062,482.116,31.431
relaxed_wt_1_B_11_R,-92.5992,-2.8451999999999997,-1273.899,28.439,-716.6238000000001,1.0926,476.151,25.465799999999998
relaxed_wt_1_B_11_S,-89.494,0.2604,-1298.1227999999999,4.2152,-718.9384,-1.2214,446.52740000000006,-4.1578
relaxed_wt_1_B_11_T,-89.6634,0.09079999999999999,-1278.0531999999998,24.2848,-718.7662,-1.0496,459.02700000000004,8.342
relaxed_wt_1_B_11_V,-89.668,0.08620000000000003,-1283.1924,19.145599999999998,-718.4664,-0.7494,474.37299999999993,23.688
relaxed_wt_1_B_11_W,-88.6976,1.0564,-1076.3004,226.03760000000003,-717.4938,0.2232,604.1726,153.4876
relaxed_wt_1_B_11_Y,-78.71979999999999,11.034600000000001,-1097.5408,204.7972,-716.9889999999999,0.7277999999999999,670.02,219.3348
relaxed_wt_1_B_12_A,-89.6368,0.1172,-1303.3502,-1.0122,-718.9236,-1.2066,448.3888,-2.2962
relaxed_wt_1_B_12_C,-89.6446,0.10939999999999998,-1302.5131999999999,-0.1752,-718.9577999999999,-1.2412,449.8098,-0.8751999999999999
relaxed_wt_1_B_12_D,-89.6546,0.0994,-1304.078,-1.7399999999999998,-718.8918,-1.1752,447.078,-3.607
relaxed_wt_1_B_12_E,-89.2164,0.5378000000000001,-1305.036,-2.698,-718.9254,-1.209,446.02439999999996,-4.6606000000000005
relaxed_wt_1_B_12_F,-92.5464,-2.7923999999999998,-1303.4608,-1.1228,-716.8374,0.8792,448.4268,-2.2582
relaxed_wt_1_B_12_G,-89.6052,0.1488,-1301.7484,0.5896,-718.8938,-1.177,450.1118,-0.5732
relaxed_wt_1_B_12_H,-89.3494,0.4048,-1303.8229999999999,-1.4849999999999999,-719.4595999999999,-1.7426,447.45439999999996,-3.2306
relaxed_wt_1_B_12_I,-89.50699999999999,0.24700000000000003,-1304.9918,-2.654,-718.8933999999999,-1.1766,445.6584,-5.0266
relaxed_wt_1_B_12_K,-89.61460000000001,0.1396,-1304.8262,-2.4882,-718.8904,-1.1734,446.58860000000004,-4.0966000000000005
relaxed_wt_1_B_12_L,-89.1176,0.6368,-1305.2062,-2.8684000000000003,-718.924,-1.2074,445.40680000000003,-5.2786
relaxed_wt_1_B_12_M,-89.5796,0.17440000000000003,-1304.0549999999998,-1.717,-718.8576,-1.1408,446.14259999999996,-4.5426
relaxed_wt_1_B_12_N,-89.53620000000001,0.2178,-1304.4628,-2.1247999999999996,-718.8997999999999,-1.1834,445.66540000000003,-5.0196
relaxed_wt_1_B_12_P,-89.6102,0.144,-1295.2054,7.1322,-718.9204,-1.2036000000000002,457.77260000000007,7.0876
relaxed_wt_1_B_12_Q,-89.6122,0.1422,-1304.0556000000001,-1.7178,-718.8632,-1.1464,447.3792,-3.306
relaxed_wt_1_B_12_R,-89.6284,0.126,-1303.542,-1.2042,-718.835,-1.1182,447.2814,-3.4036
relaxed_wt_1_B_12_S,-89.6426,0.11139999999999999,-1304.2714,-1.9334,-718.8866,-1.1702,446.5312,-4.1537999999999995
relaxed_wt_1_B_12_T,-89.59020000000001,0.16419999999999998,-1304.2,-1.862,-718.8966,-1.1798,447.4052,-3.2798000000000003
relaxed_wt_1_B_12_V,-89.5844,0.1702,-1304.7954,-2.4574,-718.9008,-1.184,446.29620000000006,-4.389
relaxed_wt_1_B_12_W,-89.5754,0.179,-1301.8204,0.5176000000000001,-718.9072,-1.1904,450.0762000000001,-0.6088
relaxed_wt_1_B_12_Y,-88.86319999999999,0.8914,-1302.4786,-0.1406,-717.6412,0.0758,442.07579999999996,-8.6092
relaxed_wt_1_B_13_A,-89.3066,0.44800000000000006,-1300.1955999999998,2.1424,-718.8782,-1.1612,451.30519999999996,0.6202
relaxed_wt_1_B_13_C,-89.31660000000001,0.43760000000000004,-1300.0224,2.3156,-719.0386000000001,-1.3216,455.2682,4.5828
relaxed_wt_1_B_13_D,-88.9808,0.7734,-1293.548,8.790000000000001,-718.7916,-1.0748000000000002,460.84039999999993,10.1554
relaxed_wt_1_B_13_E,-92.3528,-2.5987999999999998,-1299.74,2.598,-718.4781999999999,-0.7614,453.125,2.4398
relaxed_wt_1_B_13_F,-89.4996,0.2544,-1295.915,6.4228000000000005,-718.7022,-0.9856,447.76059999999995,-2.9248
relaxed_wt_1_B_13_G,-89.2884,0.466,-1295.9952,6.3427999999999995,-718.8618,-1.1448,455.0266,4.3414
relaxed_wt_1_B_13_H,-89.106,0.6482,-1298.2074,4.1304,-719.1582000000001,-1.4414,454.86800000000005,4.183
relaxed_wt_1_B_13_I,-89.2748,0.47940000000000005,-1304.4112,-2.0732,-719.4936,-1.777,446.904,-3.781
relaxed_wt_1_B_13_K,-88.4654,1.2886,-1298.0824,4.2554,-718.8786,-1.1616,455.8728,5.1878
relaxed_wt_1_B_13_L,-89.73479999999999,0.0192,-1302.977,-0.639,-718.8385999999999,-1.1221999999999999,453.0076,2.3226
relaxed_wt_1_B_13_M,-89.575,0.1794,-1302.7352,-0.3974,-718.857,-1.1401999999999999,449.1236,-1.5614000000000001
relaxed_wt_1_B_13_N,-89.2672,0.48719999999999997,-1298.5754000000002,3.7624000000000004,-718.8612,-1.1443999999999999,456.1834,5.4984
relaxed_wt_1_B_13_P,-89.0844,0.6698000000000001,-1301.2218,1.1161999999999999,-718.6096,-0.893,458.43860000000006,7.7536000000000005
relaxed_wt_1_B_13_Q,-89.0664,0.688,-1301.7618,0.5762,-719.4798000000001,-1.7628,453.3718,2.6868000000000003
relaxed_wt_1_B_13_R,-89.0398,0.7144,-1300.9378000000002,1.4,-718.8268,-1.1106,450.3232,-0.3618
relaxed_wt_1_B_13_S,-89.2958,0.4588,-1298.7297999999998,3.6082,-718.9216,-1.205,452.4492,1.7642
relaxed_wt_1_B_13_T,-89.2552,0.499,-1300.6306,1.7073999999999998,-718.8542,-1.1372,454.25699999999995,3.572
relaxed_wt_1_B_13_V,-89.4936,0.26080000000000003,-1301.8274,0.5105999999999999,-718.8894,-1.1724,447.7812,-2.904
relaxed_wt_1_B_13_W,-86.4,3.3548,-1280.7554,21.5826,-713.7952,3.9216,416.8218,-33.8638
relaxed_wt_1_B_13_Y,-82.5116,7.2428,-1279.325,23.012999999999998,-713.2948,4.422199999999999,485.0448,34.3596
relaxed_wt_1_B_14_A,-89.5804,0.1738,-1304.1352,-1.7974,-718.9112,-1.1942,447.18760000000003,-3.4974000000000003
relaxed_wt_1_B_14_C,-89.7736,-0.019399999999999997,-1294.3604,7.9776,-718.768,-1.0514,453.3352,2.6502
relaxed_wt_1_B_14_D,-89.94120000000001,-0.1872,-1288.2032,14.134800000000002,-718.7479999999999,-1.0312,467.5559999999999,16.8708
relaxed_wt_1_B_14_E,-89.5072,0.24700000000000003,-1279.4515999999999,22.886400000000002,-718.5072,-0.7902,439.71040000000005,-10.9746
relaxed_wt_1_B_14_F,-89.848,-0.0938,-1265.6424,36.6954,-718.2936,-0.5772,399.6692,-51.0158
relaxed_wt_1_B_14_G,-89.61699999999999,0.13699999999999998,-1299.266,3.072,-718.9308,-1.214,452.5048,1.8198
relaxed_wt_1_B_14_H,-91.1746,-1.4202,-1281.352,20.985999999999997,-717.5840000000001,0.13260000000000002,474.1478,23.462799999999998
relaxed_wt_1_B_14_I,-88.20700000000001,1.5472,-1256.486,45.852,-716.3468,1.3702,306.7898,-143.8952
relaxed_wt_1_B_14_K,-90.8404,-1.0862,-1260.6004,41.7376,-716.1834,1.5333999999999999,385.6798,-65.0054
relaxed_wt_1_B_14_L,-91.2954,-1.5408,-1274.7688,27.569200000000002,-716.6366,1.0802,400.308,-50.376999999999995
relaxed_wt_1_B_14_M,-89.16,0.5942000000000001,-1279.613,22.725,-718.5788,-0.8622,435.8746,-14.810399999999998
relaxed_wt_1_B_14_N,-89.9174,-0.16340000000000002,-1282.5564,19.7816,-718.749,-1.0322,473.0174,22.3322
relaxed_wt_1_B_14_P,-89.0666,0.6876,-1273.4266,28.911,-716.683,1.034,286.7054,-163.9798
relaxed_wt_1_B_14_Q,-90.4508,-0.6965999999999999,-1279.1188,23.2192,-717.7956,-0.07899999999999999,426.50519999999995,-24.1798
relaxed_wt_1_B_14_R,-86.782,2.972,-1205.4754,96.8626,-717.8864,-0.1696,29.671999999999997,-421.01300000000003
relaxed_wt_1_B_14_S,-89.556,0.198,-1298.6399999999999,3.6979999999999995,-718.9012,-1.1844000000000001,450.53639999999996,-0.14860000000000007
relaxed_wt_1_B_14_T,-89.273,0.4814,-1285.9646,16.373399999999997,-718.988,-1.2715999999999998,400.3776,-50.307399999999994
relaxed_wt_1_B_14_V,-88.8344,0.9196,-1275.456,26.881999999999998,-718.324,-0.6072,277.5452,-173.1398
relaxed_wt_1_B_14_W,-91.2718,-1.5176000000000003,-1258.8232,43.5148,-717.1932,0.5237999999999999,451.07640000000004,0.39140000000000014
relaxed_wt_1_B_14_Y,-90.268,-0.5138,-1257.1374,45.200599999999994,-717.8656,-0.14880000000000002,401.7076,-48.9774
relaxed_wt_1_B_15_A,-86.9358,2.8188,-1299.9338,2.4042000000000003,-718.1108,-0.394,444.9662,-5.7188
relaxed_wt_1_B_15_C,-87.1422,2.6118,-1298.3042,4.0336,-718.1824,-0.46579999999999994,444.32520000000005,-6.3598
relaxed_wt_1_B_15_D,-91.6312,-1.877,-1301.6342,0.7038,-716.4718,1.2449999999999999,444.5032,-6.1818
relaxed_wt_1_B_15_E,-89.52619999999999,0.22820000000000001,-1303.7336,-1.3960000000000001,-718.8676,-1.1508,446.8844,-3.8006
relaxed_wt_1_B_15_F,-89.0956,0.659,-1299.7358,2.602,-716.6738,1.0432000000000001,441.951,-8.734
relaxed_wt_1_B_15_G,-87.36959999999999,2.3846,-1297.8654,4.4726,-717.8378,-0.1212,444.44960000000003,-6.2354
relaxed_wt_1_B_15_H,-87.5058,2.2484,-1300.9540000000002,1.384,-718.625,-0.9082000000000001,444.3184,-6.3668
relaxed_wt_1_B_15_I,-86.7304,3.0238,-1298.909,3.429,-718.5456,-0.8288,444.4874,-6.1975999999999996
relaxed_wt_1_B_15_K,-85.21979999999999,4.5342,-1296.7828,5.5552,-717.8598,-0.14300000000000002,447.4076,-3.2774
relaxed_wt_1_B_15_L,-88.42060000000001,1.3336000000000001,-1299.923,2.4148,-716.7514,0.9652000000000001,438.267,-12.418000000000001
relaxed_wt_1_B_15_M,-90.1024,-0.3482,-1299.6608,2.6772,-717.2074,0.5096,445.02380000000005,-5.6612
relaxed_wt_1_B_15_N,-88.8518,0.9026,-1298.6718,3.6662,-716.6866,1.03,446.38500000000005,-4.3
relaxed_wt_1_B_15_P,-85.526,4.2284,-1264.2205999999999,38.117399999999996,-718.6518,-0.9352,479.195,28.509800000000002
relaxed_wt_1_B_15_Q,-89.0154,0.739,-1300.2002,2.1378,-718.0756,-0.359,446.2396,-4.4454
relaxed_wt_1_B_15_R,-86.7156,3.0387999999999997,-1297.1846,5.1533999999999995,-717.1186,0.5982000000000001,444.83459999999997,-5.8504
relaxed_wt_1_B_15_S,-85.4034,4.3508000000000004,-1300.3132,2.0246000000000004,-719.2002,-1.4834,443.46840000000003,-7.2166
relaxed_wt_1_B_15_T,-85.3958,4.3588000000000005,-1299.8316,2.5060000000000002,-719.0836,-1.3672,444.37659999999994,-6.309
relaxed_wt_1_B_15_V,-85.4648,4.2894,-1298.9838,3.3542,-718.9378,-1.2208,443.6602,-7.025
relaxed_wt_1_B_15_W,-88.17960000000001,1.5746,-1299.398,2.9396,-717.2992,0.4176,445.436,-5.2492
relaxed_wt_1_B_15_Y,-89.4918,0.2622,-1300.5764,1.7612,-716.5652,1.1516,441.0768,-9.6082
relaxed_wt_1_B_17_A,-89.6408,0.11320000000000001,-1303.5549999999998,-1.217,-718.9286,-1.2124000000000001,442.90779999999995,-7.7774
relaxed_wt_1_B_17_C,-89.6316,0.12279999999999999,-1303.9352000000001,-1.5972,-718.9244000000001,-1.2078,443.88019999999995,-6.8048
relaxed_wt_1_B_17_D,-92.77799999999999,-3.0238,-1307.5488,-5.210800000000001,-718.2786,-0.5618000000000001,438.13419999999996,-12.550799999999999
relaxed_wt_1_B_17_E,-90.0624,-0.3084,-1301.28,1.058,-718.915,-1.1986,447.0452,-3.6397999999999997
relaxed_wt_1_B_17_F,-89.56320000000001,0.1912,-1268.1522,34.1858,-718.77,-1.0532,469.9398,19.2548
relaxed_wt_1_B_17_G,-89.19120000000001,0.5628000000000001,-1303.2844,-0.9464,-719.1548,-1.438,442.1008,-8.584399999999999
relaxed_wt_1_B_17_H,-89.5758,0.1786,-1302.429,-0.09100000000000001,-718.8291999999999,-1.1123999999999998,444.18860000000006,-6.4963999999999995
relaxed_wt_1_B_17_I,-89.613,0.14100000000000001,-1299.1471999999999,3.1908000000000003,-718.9406,-1.2238,449.8866,-0.7984
relaxed_wt_1_B_17_K,-89.5526,0.20179999999999998,-1303.8312,-1.4934,-718.896,-1.1792,446.4964,-4.189
relaxed_wt_1_B_17_L,-89.5804,0.174,-1301.9546,0.38339999999999996,-718.917,-1.2004,447.42359999999996,-3.2613999999999996
relaxed_wt_1_B_17_M,-89.487,0.267,-1303.3716,-1.0336,-718.9087999999999,-1.1922000000000001,445.207,-5.478199999999999
relaxed_wt_1_B_17_N,-89.0448,0.7098,-1304.4371999999998,-2.0994,-718.9576,-1.2412,443.1342000000001,-7.5508
relaxed_wt_1_B_17_P,-90.8892,-1.135,-1052.5844,249.7534,-717.8276,-0.11079999999999998,699.7082,249.0232
relaxed_wt_1_B_17_Q,-89.9718,-0.2178,-1304.3844000000001,-2.0466,-719.0346,-1.3176,443.31080000000003,-7.3744
relaxed_wt_1_B_17_R,-89.57079999999999,0.1832,-1305.5998,-3.2622,-718.8726,-1.1556,445.0086,-5.6766
relaxed_wt_1_B_17_S,-89.6654,0.0892,-1303.58,-1.242,-718.8439999999999,-1.1276,443.71540000000005,-6.9696
relaxed_wt_1_B_17_T,-89.6336,0.1204,-1304.0318000000002,-1.6939999999999997,-718.922,-1.205,445.94220000000007,-4.743
relaxed_wt_1_B_17_V,-89.6286,0.1258,-1296.8704,5.4672,-718.9318000000001,-1.215,452.067,1.3820000000000001
relaxed_wt_1_B_17_W,-89.4506,0.3034,-1300.0914,2.2466,-718.7054,-0.9886000000000001,445.6022,-5.082800000000001
relaxed_wt_1_B_17_Y,-89.4704,0.2838,-1292.1038,10.234,-718.8846,-1.168,455.37,4.6850000000000005
relaxed_wt_1_B_54_A,-88.82300000000001,0.9314,-1301.0772000000002,1.2608000000000001,-718.92,-1.2032,444.50600000000003,-6.179
relaxed_wt_1_B_54_C,-90.967,-1.2124000000000001,-1300.7248,1.6131999999999997,-718.8584,-1.1416,446.3484,-4.3366
relaxed_wt_1_B_54_D,-87.2902,2.464,-1301.7528,0.5852,-718.9922,-1.2752,448.38140000000004,-2.3038
relaxed_wt_1_B_54_E,-87.4534,2.3009999999999997,-1304.6448,-2.3068,-720.0078,-2.2914000000000003,443.883,-6.802
relaxed_wt_1_B_54_F,-88.9674,0.7868,-1302.355,-0.017200000000000003,-718.5698,-0.8527999999999999,463.3594,12.6744
relaxed_wt_1_B_54_G,-86.6084,3.1456000000000004,-1298.6776,3.6604,-718.9141999999999,-1.1974,451.7622,1.0772
relaxed_wt_1_B_54_H,-88.3352,1.419,-1301.4104,0.9276,-718.6636000000001,-0.9468,458.53159999999997,7.8466000000000005
relaxed_wt_1_B_54_I,-92.0544,-2.3,-1300.944,1.394,-718.0986,-0.38180000000000003,455.67299999999994,4.9878
relaxed_wt_1_B_54_K,-86.2794,3.4747999999999997,-1297.0423999999998,5.2956,-718.7236,-1.0068,458.3834,7.698400000000001
relaxed_wt_1_B_54_L,-91.8982,-2.144,-1304.5758,-2.238,-718.5814,-0.8646,456.0982,5.412999999999999
relaxed_wt_1_B_54_M,-89.9312,-0.177,-1301.7032,0.6346,-718.6782000000001,-0.9616,450.9808,0.2956
relaxed_wt_1_B_54_N,-89.4932,0.261,-1303.7726,-1.4347999999999999,-718.9342,-1.2174,446.2236,-4.4616
relaxed_wt_1_B_54_P,-88.76259999999999,0.9918000000000001,-1300.4602,1.8776,-719.2038,-1.487,452.1508,1.4658
relaxed_wt_1_B_54_Q,-89.1668,0.5871999999999999,-1304.2582,-1.9202000000000001,-718.7601999999999,-1.0437999999999998,444.4844,-6.2006
relaxed_wt_1_B_54_R,-87.258,2.4962,-1299.78,2.558,-718.6596,-0.943,452.97979999999995,2.2948
relaxed_wt_1_B_54_S,-86.9606,2.7936,-1301.164,1.174,-719.5164,-1.7995999999999999,448.98279999999994,-1.7022
relaxed_wt_1_B_54_T,-88.897,0.8572000000000001,-1301.389,0.9490000000000001,-718.9138,-1.1972,448.37700000000007,-2.308
relaxed_wt_1_B_54_V,-91.43679999999999,-1.6824,-1302.3036,0.03440000000000001,-718.339,-0.6224000000000001,455.70380000000006,5.018800000000001
relaxed_wt_1_B_54_W,-90.9426,-1.1885999999999999,-1303.4772,-1.1392,-718.6242,-0.9076000000000001,462.4452,11.760200000000001
relaxed_wt_1_B_54_Y,-88.9456,0.8088000000000001,-1302.7712,-0.4332,-718.8222,-1.1054,461.24979999999994,10.5646
relaxed_wt_1_B_55_A,-89.82000000000001,-0.0658,-1302.3574,-0.01940000000000004,-717.993,-0.27620000000000006,442.06080000000003,-8.624199999999998
relaxed_wt_1_B_55_C,-88.5906,1.1634,-1300.9252000000001,1.4128,-718.3772,-0.6606,447.43199999999996,-3.2534
relaxed_wt_1_B_55_D,-83.429,6.325,-1298.3748,3.9629999999999996,-719.5442,-1.8276,447.1584,-3.5265999999999997
relaxed_wt_1_B_55_E,-79.3136,10.4406,-1294.6173999999999,7.7204,-718.6658,-0.9490000000000001,446.36620000000005,-4.3188
relaxed_wt_1_B_55_F,-81.0568,8.697199999999999,-1286.4438,15.894,-717.5082,0.20859999999999998,466.81100000000004,16.125999999999998
relaxed_wt_1_B_55_G,-86.6428,3.1112,-1298.6224,3.7156,-719.0172,-1.3004,446.4036,-4.2814
relaxed_wt_1_B_55_H,-86.39259999999999,3.3613999999999997,-1305.169,-2.8310000000000004,-719.0992,-1.3826,443.74179999999996,-6.9434
relaxed_wt_1_B_55_I,-88.6678,1.0866,-1299.9851999999998,2.3528000000000002,-718.6656,-0.9490000000000001,448.4026,-2.2824
relaxed_wt_1_B_55_K,-87.4278,2.3264,-1298.2416,4.0962000000000005,-718.5816000000001,-0.865,450.12520000000006,-0.5598000000000001
relaxed_wt_1_B_55_L,-86.4268,3.3276000000000003,-1299.527,2.811,-719.085,-1.3681999999999999,449.0982,-1.5874000000000001
relaxed_wt_1_B_55_M,-87.35979999999999,2.3944,-1298.0468,4.2912,-719.185,-1.4682,450.94780000000003,0.26280000000000003
relaxed_wt_1_B_55_N,-89.495,0.25939999999999996,-1303.8062,-1.4682,-718.9182,-1.2014,446.1104,-4.5746
relaxed_wt_1_B_55_P,-86.348,3.4064,-1283.1734000000001,19.1646,-718.6718,-0.9550000000000001,472.98900000000003,22.303800000000003
relaxed_wt_1_B_55_Q,-86.275,3.4792,-1300.45,1.888,-718.493,-0.7764,452.354,1.6688000000000003
relaxed_wt_1_B_55_R,-90.86420000000001,-1.1096000000000001,-1299.0405999999998,3.2973999999999997,-717.6510000000001,0.0658,449.71720000000005,-0.9677999999999999
relaxed_wt_1_B_55_S,-87.9804,1.7736,-1302.6588,-0.3208,-717.6772,0.039600000000000024,440.5612,-10.1238
relaxed_wt_1_B_55_T,-87.054,2.7002,-1301.8456,0.49239999999999995,-718.6121999999999,-0.8954000000000001,443.71360000000004,-6.9714
relaxed_wt_1_B_55_V,-88.2508,1.5036,-1299.913,2.425,-716.9672,0.7496,448.8268,-1.8582
relaxed_wt_1_B_55_W,-82.0184,7.7360000000000015,-1293.3334,9.0042,-717.2778000000001,0.43879999999999997,450.0394,-0.6456000000000001
relaxed_wt_1_B_55_Y,-84.8368,4.9176,-1299.6238,2.7142,-718.8204,-1.1036,448.6228,-2.0622
relaxed_wt_1_B_56_A,-89.167,0.587,-1304.1492,-1.8114000000000001,-720.1043999999999,-2.3874,448.5948,-2.0902000000000003
relaxed_wt_1_B_56_C,-89.9222,-0.16799999999999998,-1303.2725999999998,-0.9346,-720.5304,-2.8136,449.7096,-0.9756
relaxed_wt_1_B_56_D,-87.9688,1.7858,-1302.2516,0.0862,-718.1198,-0.403,443.3736,-7.311400000000001
relaxed_wt_1_B_56_E,-89.08279999999999,0.6712,-1302.8154,-0.4774,-718.9616,-1.2449999999999999,446.034,-4.651
relaxed_wt_1_B_56_F,-90.784,-1.0299999999999998,-1302.7958,-0.45780000000000004,-719.2360000000001,-1.5192,448.48900000000003,-2.196
relaxed_wt_1_B_56_G,-88.0906,1.6634,-1300.5402,1.7975999999999999,-719.0414,-1.3246,447.27380000000005,-3.4113999999999995
relaxed_wt_1_B_56_H,-89.4514,0.3028,-1303.2684000000002,-0.9306000000000001,-718.7492,-1.0324,444.2224,-6.4626
relaxed_wt_1_B_56_I,-91.1862,-1.432,-1303.3144,-0.9763999999999999,-719.4176,-1.701,447.6786,-3.0064
relaxed_wt_1_B_56_K,-89.429,0.3252,-1304.685,-2.347,-719.0871999999999,-1.3702,449.2966,-1.3884
relaxed_wt_1_B_56_L,-91.2056,-1.4514,-1303.6592,-1.3214000000000001,-718.4824000000001,-0.7658,445.322,-5.363200000000001
relaxed_wt_1_B_56_M,-91.72540000000001,-1.971,-1301.962,0.376,-718.2194,-0.5025999999999999,448.63019999999995,-2.0547999999999997
relaxed_wt_1_B_56_N,-89.2948,0.45940000000000003,-1303.4872,-1.1494,-719.4966000000001,-1.7797999999999998,446.5778,-4.107200000000001
relaxed_wt_1_B_56_P,-85.7772,3.9774000000000003,-1300.3528000000001,1.985,-718.5712,-0.8544,447.4318,-3.2536
relaxed_wt_1_B_56_Q,-89.8604,-0.10600000000000001,-1302.8462,-0.5082,-719.0368000000001,-1.3198,446.7804,-3.9046
relaxed_wt_1_B_56_R,-89.50540000000001,0.2486,-1303.9348,-1.5968,-718.9172,-1.2002,445.7443999999999,-4.9406
relaxed_wt_1_B_56_S,-88.7428,1.0113999999999999,-1302.7376,-0.39960000000000007,-718.9856,-1.2688000000000001,445.8196,-4.865399999999999
relaxed_wt_1_B_56_T,-89.5538,0.20059999999999997,-1302.2484,0.08959999999999999,-719.4214,-1.7044000000000001,448.65779999999995,-2.0271999999999997
relaxed_wt_1_B_56_V,-91.1644,-1.41,-1303.7649999999999,-1.427,-719.333,-1.6164,449.014,-1.671
relaxed_wt_1_B_56_W,-91.01079999999999,-1.2566,-1302.6892,-0.3514,-718.2022,-0.4856,446.1806,-4.5043999999999995
relaxed_wt_1_B_56_Y,-89.7932,-0.0392,-1301.8956,0.44239999999999996,-718.2784,-0.5614,448.8316,-1.8536000000000001
relaxed_wt_1_B_57_A,-89.025,0.7292,-1301.8222,0.5157999999999999,-719.2238,-1.5068,449.62119999999993,-1.0638
relaxed_wt_1_B_57_C,-90.65740000000001,-0.9028,-1301.348,0.99,-718.9584,-1.2416,450.6878,0.0027999999999999805
relaxed_wt_1_B_57_D,-88.8362,0.9178000000000001,-1303.2328,-0.8952,-718.9384,-1.2216,446.3366,-4.3486
relaxed_wt_1_B_57_E,-88.9006,0.8535999999999999,-1302.4652,-0.1272,-718.9255999999999,-1.209,447.58239999999995,-3.1026
relaxed_wt_1_B_57_F,-93.7958,-4.0416,-1305.7194,-3.3816,-718.5624,-0.8454,448.9616,-1.7234000000000003
relaxed_wt_1_B_57_G,-87.53999999999999,2.214,-1300.3974,1.9405999999999999,-720.2358,-2.5196,449.85479999999995,-0.8301999999999999
relaxed_wt_1_B_57_H,-91.3856,-1.6314,-1305.0242,-2.6864,-719.2706000000001,-1.5538,447.40240000000006,-3.2828000000000004
relaxed_wt_1_B_57_I,-90.08200000000001,-0.3276,-1302.2156,0.1224,-718.6656,-0.9486000000000001,448.8664,-1.8186
relaxed_wt_1_B_57_K,-91.1178,-1.3634,-1304.3124,-1.9744,-718.838,-1.121,448.00460000000004,-2.6804
relaxed_wt_1_B_57_L,-92.072,-2.318,-1303.1982,-0.8602000000000001,-718.4902,-0.7734,449.116,-1.569
relaxed_wt_1_B_57_M,-92.87440000000001,-3.1204,-1302.7606,-0.4226,-718.7076,-0.9907999999999999,449.6286,-1.0564
relaxed_wt_1_B_57_N,-89.4898,0.26420000000000005,-1303.8364,-1.4986000000000002,-718.9024,-1.1858,446.95,-3.7350000000000003
relaxed_wt_1_B_57_P,-87.62440000000001,2.1296,-1292.5466000000001,9.7912,-719.4248,-1.7082000000000002,460.8594,10.174199999999999
relaxed_wt_1_B_57_Q,-90.1874,-0.433,-1302.3808000000001,-0.043000000000000003,-718.4272,-0.7108,449.0484,-1.6366
relaxed_wt_1_B_57_R,-91.6528,-1.8986,-1302.6068,-0.2688,-718.3818,-0.6648,449.4812,-1.2038
relaxed_wt_1_B_57_S,-88.0512,1.7027999999999999,-1302.6486,-0.3106,-720.273,-2.556,447.32939999999996,-3.3556
relaxed_wt_1_B_57_T,-89.79639999999999,-0.0422,-1302.7102,-0.3722,-719.0172,-1.3004,448.44300000000004,-2.242
relaxed_wt_1_B_57_V,-89.8372,-0.0832,-1302.3742,-0.036199999999999996,-718.9132,-1.1965999999999999,447.3546,-3.3304
relaxed_wt_1_B_57_W,-95.6178,-5.8637999999999995,-1305.9414000000002,-3.604,-717.949,-0.23200000000000004,448.6834,-2.0016000000000003
relaxed_wt_1_B_57_Y,-93.1238,-3.3694,-1305.4725999999998,-3.1346,-718.8546,-1.1381999999999999,448.08119999999997,-2.6038
relaxed_wt_1_B_58_A,-88.8644,0.8896000000000001,-1299.5696,2.7684,-718.9626000000001,-1.246,450.6826,-0.0023999999999999994
relaxed_wt_1_B_58_C,-88.9462,0.8078,-1299.062,3.2758000000000003,-718.8822,-1.1656,450.2658,-0.4192
relaxed_wt_1_B_58_D,-87.6408,2.1134,-1296.9168,5.421200000000001,-718.8478,-1.131,452.1134,1.4278
relaxed_wt_1_B_58_E,-84.9456,4.8086,-1296.2652,6.072799999999999,-718.5773999999999,-0.8608,451.51900000000006,0.834
relaxed_wt_1_B_58_F,-91.0424,-1.2879999999999998,-1300.9688,1.3692,-718.8309999999999,-1.1144,449.6786,-1.0064
relaxed_wt_1_B_58_G,-88.67999999999999,1.074,-1295.4366,6.9014,-718.9688,-1.252,453.0598,2.3748
relaxed_wt_1_B_58_H,-91.4636,-1.7094,-1300.6482,1.6896,-718.5188,-0.8018000000000001,450.6486,-0.03640000000000001
relaxed_wt_1_B_58_I,-89.7332,0.020999999999999998,-1303.1064000000001,-0.7684,-718.9721999999999,-1.2554,447.89099999999996,-2.7939999999999996
relaxed_wt_1_B_58_K,-89.899,-0.145,-1295.581,6.757,-718.2148,-0.49779999999999996,454.63739999999996,3.9524
relaxed_wt_1_B_58_L,-91.099,-1.3444,-1302.8928,-0.5548,-719.5265999999999,-1.8097999999999999,450.22619999999995,-0.4588
relaxed_wt_1_B_58_M,-93.439,-3.6846000000000005,-1302.8262,-0.48819999999999997,-718.8018,-1.0852,449.21139999999997,-1.474
relaxed_wt_1_B_58_N,-88.2294,1.5246,-1297.714,4.6240000000000006,-719.0068,-1.29,452.51759999999996,1.8326
relaxed_wt_1_B_58_P,-89.57539999999999,0.1786,-1277.5819999999999,24.7558,-717.5764,0.1404,464.1786,13.4934
relaxed_wt_1_B_58_Q,-86.772,2.982,-1297.8772,4.4606,-718.7582,-1.0416,453.451,2.766
relaxed_wt_1_B_58_R,-88.0352,1.7187999999999999,-1298.299,4.039,-718.8808,-1.1640000000000001,450.0110000000001,-0.6742
relaxed_wt_1_B_58_S,-88.5592,1.1949999999999998,-1298.8494,3.4884,-718.988,-1.2711999999999999,451.6384,0.9532
relaxed_wt_1_B_58_T,-88.8406,0.9134,-1300.9472,1.3906,-718.8806000000001,-1.1638,448.7874,-1.8976
relaxed_wt_1_B_58_V,-89.3856,0.3686,-1303.8781999999999,-1.5404,-719.034,-1.3172000000000001,447.288,-3.397
relaxed_wt_1_B_58_W,-91.4688,-1.7144000000000001,-1299.854,2.484,-719.031,-1.3142,451.95640000000003,1.2714
relaxed_wt_1_B_58_Y,-92.0654,-2.3112000000000004,-1302.7636,-0.42560000000000003,-718.6827999999999,-0.966,450.0054,-0.6798
relaxed_wt_1_B_59_A,-89.364,0.39,-1299.6912,2.6466000000000003,-718.9568,-1.2398,450.8764,0.19140000000000004
relaxed_wt_1_B_59_C,-89.4366,0.31779999999999997,-1298.641,3.697,-718.8512,-1.1347999999999998,450.88320000000004,0.1982
relaxed_wt_1_B_59_D,-89.3966,0.35760000000000003,-1300.2006,2.1374000000000004,-718.8846,-1.168,449.94440000000003,-0.7405999999999999
relaxed_wt_1_B_59_E,-89.4262,0.328,-1304.1668,-1.829,-718.9104,-1.1942,445.4362,-5.2488
relaxed_wt_1_B_59_F,-89.35679999999999,0.3976,-1294.586,7.752,-718.9904,-1.2734,455.02079999999995,4.3356
relaxed_wt_1_B_59_G,-90.23240000000001,-0.4784,-1296.7846,5.5534,-718.8882,-1.1714,456.4288,5.7438
relaxed_wt_1_B_59_H,-89.7496,0.004399999999999999,-1300.5164,1.8216,-718.8818,-1.1648,450.1852,-0.4997999999999999
relaxed_wt_1_B_59_I,-89.4524,0.3022,-1297.7594,4.5784,-718.8802,-1.1634,452.90020000000004,2.2152000000000003
relaxed_wt_1_B_59_K,-89.5676,0.1866,-1301.5030000000002,0.835,-718.8424,-1.1256,448.625,-2.0602
relaxed_wt_1_B_59_L,-89.4782,0.27599999999999997,-1300.1172000000001,2.2207999999999997,-718.895,-1.1782,449.2596,-1.4254
relaxed_wt_1_B_59_M,-90.239,-0.48460000000000003,-1300.7552,1.5828,-718.8194,-1.1026,450.5972,-0.08779999999999996
relaxed_wt_1_B_59_N,-89.48440000000001,0.27,-1299.354,2.984,-718.8228,-1.106,450.8514,0.16640000000000002
relaxed_wt_1_B_59_P,-88.3782,1.376,-1267.1209999999999,35.2168,-718.3624,-0.6458,476.6594,25.974400000000003
relaxed_wt_1_B_59_Q,-89.5462,0.2082,-1303.6743999999999,-1.3364,-718.8932,-1.1768,446.21819999999997,-4.4672
relaxed_wt_1_B_59_R,-89.0808,0.6736,-1300.4376,1.9002,-718.9394,-1.2224,450.5566,-0.12840000000000001
relaxed_wt_1_B_59_S,-89.2492,0.5052000000000001,-1299.758,2.5797999999999996,-719.1346,-1.4176,450.20599999999996,-0.479
relaxed_wt_1_B_59_T,-89.84100000000001,-0.087,-1299.9586,2.3793999999999995,-718.8134,-1.0968,451.38919999999996,0.7042000000000002
relaxed_wt_1_B_59_V,-89.424,0.32999999999999996,-1298.2189999999998,4.1188,-718.9572000000001,-1.2406000000000001,452.73019999999997,2.045
relaxed_wt_1_B_59_W,-90.1276,-0.37320000000000003,-1299.0868,3.2512,-718.9076,-1.191,452.59259999999995,1.9076
relaxed_wt_1_B_59_Y,-89.37039999999999,0.38380000000000003,-1294.92,7.418000000000001,-718.9334,-1.2164,455.90380000000005,5.2188
relaxed_wt_1_B_98_A,-89.6538,0.1006,-1304.012,-1.6740000000000002,-718.8684000000001,-1.1516,446.55740000000003,-4.1282
relaxed_wt_1_B_98_C,-89.46979999999999,0.2842,-1303.0423999999998,-0.7044,-718.9286,-1.2118,448.52119999999996,-2.1637999999999997
relaxed_wt_1_B_98_D,-89.2288,0.5256000000000001,-1304.4232,-2.0852,-718.9472,-1.2304,446.11,-4.575
relaxed_wt_1_B_98_E,-89.674,0.08,-1301.5146,0.8234,-718.858,-1.1416,449.88320000000004,-0.8018000000000001
relaxed_wt_1_B_98_F,-91.5146,-1.7605999999999997,-1300.1228,2.215,-717.9618,-0.2452,451.5628,0.8775999999999999
relaxed_wt_1_B_98_G,-89.5676,0.18660000000000002,-1301.8042,0.5338,-719.0444,-1.3274000000000001,449.78720000000004,-0.8977999999999999
relaxed_wt_1_B_98_H,-92.086,-2.332,-1302.1317999999999,0.2062,-718.0868,-0.3702,450.1232,-0.562
relaxed_wt_1_B_98_I,-89.7596,-0.005599999999999999,-1301.2544,1.0834,-718.7198000000001,-1.0028000000000001,449.547,-1.1380000000000001
relaxed_wt_1_B_98_K,-89.5274,0.22680000000000003,-1303.8142,-1.4764,-718.9413999999999,-1.2246000000000001,446.37399999999997,-4.311
relaxed_wt_1_B_98_L,-91.0572,-1.303,-1300.1936,2.1442,-718.4988000000001,-0.782,450.55120000000005,-0.1338
relaxed_wt_1_B_98_M,-89.7132,0.041,-1302.0854,0.2526,-718.7426,-1.026,448.83360000000005,-1.8514
relaxed_wt_1_B_98_N,-89.0866,0.6674,-1303.5864,-1.2484,-718.8448000000001,-1.1282,445.97479999999996,-4.7102
relaxed_wt_1_B_98_P,-90.7678,-1.0134,-1180.8126,121.52539999999999,-717.9928,-0.27599999999999997,576.9766,126.2914
relaxed_wt_1_B_98_Q,-89.47819999999999,0.2762,-1305.9228,-3.5848,-718.8856,-1.1688,444.939,-5.746
relaxed_wt_1_B_98_R,-89.4678,0.2862,-1306.5603999999998,-4.2226,-718.8764,-1.1596,444.14880000000005,-6.536199999999999
relaxed_wt_1_B_98_S,-89.47139999999999,0.28280000000000005,-1304.5166,-2.1786000000000003,-718.9852,-1.2686,446.48400000000004,-4.201
relaxed_wt_1_B_98_T,-89.3986,0.3556,-1303.6394,-1.3014,-719.0438,-1.3272,449.05559999999997,-1.6294
relaxed_wt_1_B_98_V,-90.2822,-0.528,-1301.2648,1.073,-718.9032,-1.1868,449.672,-1.013
relaxed_wt_1_B_98_W,-91.1076,-1.3532,-1298.2894000000001,4.0486,-717.9072,-0.19039999999999999,457.09439999999995,6.4094
relaxed_wt_1_B_98_Y,-91.399,-1.6448,-1299.6281999999999,2.7094,-716.7674,0.9491999999999999,452.8196,2.1344000000000003
