/data/apps/linux-centos8-cascadelake/gcc-9.3.0/anaconda3-2020.07-i7qavhiohb2uwqs4eqjeefzx3kp5jqdu/bin/python
----------------------------------------
pssm_jsonl is NOT loaded
----------------------------------------
omit_AA_jsonl is NOT loaded
----------------------------------------
bias_AA_jsonl is NOT loaded
----------------------------------------
bias by residue dictionary is not loaded, or not provided
----------------------------------------
discarded {'bad_chars': 0, 'too_long': 0, 'bad_seq_length': 0}
----------------------------------------
Number of edges: 48
Training noise level: 0.2A
Calculating conditional probabilities for merged_tetramer_ignorechain

Top tied mutations (A + B view):
A:T18V	B:T215V	logit=-0.371
A:N55S	B:N252S	logit=-0.466
A:N54V	B:N251V	logit=-0.745
A:E100V	B:E297V	logit=-1.181
A:N57R	B:N254R	logit=-1.539

Top tied mutations (C + D view):
C:V218L	D:V491L	logit=-0.430
C:K191R	D:K464R	logit=-0.488
C:S180T	D:S453T	logit=-0.676
C:T42V	D:T315V	logit=-0.733
C:N51P	D:N324P	logit=-0.771

Top tied mutations (A + B view):
A:T18V	B:T215V	logit=-0.301
A:N55S	B:N252S	logit=-0.566
A:N54V	B:N251V	logit=-0.755
A:E100V	B:E297V	logit=-1.140
A:N54I	B:N251I	logit=-1.420

Top tied mutations (C + D view):
C:V218L	D:V491L	logit=-0.395
C:K191R	D:K464R	logit=-0.583
C:S180T	D:S453T	logit=-0.644
C:T42V	D:T315V	logit=-0.687
C:N51P	D:N324P	logit=-0.835

Top tied mutations (A + B view):
A:T18V	B:T215V	logit=-0.298
A:N55S	B:N252S	logit=-0.551
A:N54V	B:N251V	logit=-0.932
A:E100V	B:E297V	logit=-1.214
A:V102I	B:V299I	logit=-1.592

Top tied mutations (C + D view):
C:V218L	D:V491L	logit=-0.451
C:K191R	D:K464R	logit=-0.544
C:S180T	D:S453T	logit=-0.681
C:T42V	D:T315V	logit=-0.756
C:S89A	D:S362A	logit=-0.838

Top tied mutations (A + B view):
A:T18V	B:T215V	logit=-0.366
A:N55S	B:N252S	logit=-0.510
A:N54V	B:N251V	logit=-0.640
A:E100V	B:E297V	logit=-1.259
A:R61K	B:R258K	logit=-1.513

Top tied mutations (C + D view):
C:V218L	D:V491L	logit=-0.421
C:K191R	D:K464R	logit=-0.598
C:S180T	D:S453T	logit=-0.654
C:T42V	D:T315V	logit=-0.688
C:N51P	D:N324P	logit=-0.893

Top tied mutations (A + B view):
A:T18V	B:T215V	logit=-0.349
A:N55S	B:N252S	logit=-0.511
A:N54V	B:N251V	logit=-0.683
A:E100V	B:E297V	logit=-1.401
A:V102I	B:V299I	logit=-1.451

Top tied mutations (C + D view):
C:V218L	D:V491L	logit=-0.424
C:K191R	D:K464R	logit=-0.622
C:S180T	D:S453T	logit=-0.684
C:T42V	D:T315V	logit=-0.714
C:N51P	D:N324P	logit=-0.841

Top tied mutations (A + B view):
A:T18V	B:T215V	logit=-0.451
A:N55S	B:N252S	logit=-0.536
A:N54V	B:N251V	logit=-0.691
A:E100V	B:E297V	logit=-1.262
A:V102I	B:V299I	logit=-1.615

Top tied mutations (C + D view):
C:V218L	D:V491L	logit=-0.478
C:K191R	D:K464R	logit=-0.517
C:S180T	D:S453T	logit=-0.663
C:T42V	D:T315V	logit=-0.736
C:N51P	D:N324P	logit=-0.799

Top tied mutations (A + B view):
A:T18V	B:T215V	logit=-0.383
A:N55S	B:N252S	logit=-0.445
A:N54V	B:N251V	logit=-0.910
A:E100V	B:E297V	logit=-1.182
A:V102I	B:V299I	logit=-1.550

Top tied mutations (C + D view):
C:V218L	D:V491L	logit=-0.438
C:K191R	D:K464R	logit=-0.572
C:S180T	D:S453T	logit=-0.645
C:T42V	D:T315V	logit=-0.777
C:N51P	D:N324P	logit=-0.783

Top tied mutations (A + B view):
A:T18V	B:T215V	logit=-0.361
A:N55S	B:N252S	logit=-0.493
A:N54V	B:N251V	logit=-0.748
A:E100V	B:E297V	logit=-1.275
A:R61K	B:R258K	logit=-1.513

Top tied mutations (C + D view):
C:V218L	D:V491L	logit=-0.451
C:K191R	D:K464R	logit=-0.654
C:S180T	D:S453T	logit=-0.666
C:T42V	D:T315V	logit=-0.718
C:S89A	D:S362A	logit=-0.908

Top tied mutations (A + B view):
A:T18V	B:T215V	logit=-0.363
A:N55S	B:N252S	logit=-0.512
A:N54V	B:N251V	logit=-0.818
A:E100V	B:E297V	logit=-1.206
A:N54I	B:N251I	logit=-1.320

Top tied mutations (C + D view):
C:V218L	D:V491L	logit=-0.448
C:K191R	D:K464R	logit=-0.563
C:S180T	D:S453T	logit=-0.654
C:T42V	D:T315V	logit=-0.716
C:S89A	D:S362A	logit=-0.929

Top tied mutations (A + B view):
A:T18V	B:T215V	logit=-0.392
A:N55S	B:N252S	logit=-0.490
A:N54V	B:N251V	logit=-0.779
A:E100V	B:E297V	logit=-1.276
A:N57R	B:N254R	logit=-1.562

Top tied mutations (C + D view):
C:V218L	D:V491L	logit=-0.441
C:K191R	D:K464R	logit=-0.556
C:S180T	D:S453T	logit=-0.640
C:T42V	D:T315V	logit=-0.688
C:N51P	D:N324P	logit=-0.877

Top tied mutations (A + B view):
A:T18V	B:T215V	logit=-0.313
A:N55S	B:N252S	logit=-0.553
A:N54V	B:N251V	logit=-0.725
A:E100V	B:E297V	logit=-1.252
A:N57R	B:N254R	logit=-1.360

Top tied mutations (C + D view):
C:V218L	D:V491L	logit=-0.428
C:K191R	D:K464R	logit=-0.580
C:S180T	D:S453T	logit=-0.659
C:N51P	D:N324P	logit=-0.743
C:T42V	D:T315V	logit=-0.759

Top tied mutations (A + B view):
A:T18V	B:T215V	logit=-0.370
A:N55S	B:N252S	logit=-0.456
A:N54V	B:N251V	logit=-0.842
A:E100V	B:E297V	logit=-1.245
A:N57R	B:N254R	logit=-1.464

Top tied mutations (C + D view):
C:V218L	D:V491L	logit=-0.398
C:K191R	D:K464R	logit=-0.503
C:S180T	D:S453T	logit=-0.644
C:T42V	D:T315V	logit=-0.751
C:N51P	D:N324P	logit=-0.847

Top tied mutations (A + B view):
A:T18V	B:T215V	logit=-0.356
A:N55S	B:N252S	logit=-0.561
A:N54V	B:N251V	logit=-0.875
A:E100V	B:E297V	logit=-1.317
A:R61K	B:R258K	logit=-1.413

Top tied mutations (C + D view):
C:V218L	D:V491L	logit=-0.422
C:K191R	D:K464R	logit=-0.592
C:S180T	D:S453T	logit=-0.657
C:T42V	D:T315V	logit=-0.715
C:N51P	D:N324P	logit=-0.874

Top tied mutations (A + B view):
A:T18V	B:T215V	logit=-0.417
A:N55S	B:N252S	logit=-0.516
A:N54V	B:N251V	logit=-0.821
A:E100V	B:E297V	logit=-1.312
A:N54I	B:N251I	logit=-1.562

Top tied mutations (C + D view):
C:V218L	D:V491L	logit=-0.454
C:K191R	D:K464R	logit=-0.513
C:S180T	D:S453T	logit=-0.660
C:T42V	D:T315V	logit=-0.730
C:N51P	D:N324P	logit=-0.770

Top tied mutations (A + B view):
A:N55S	B:N252S	logit=-0.389
A:T18V	B:T215V	logit=-0.426
A:N54V	B:N251V	logit=-0.950
A:E100V	B:E297V	logit=-1.158
A:V102I	B:V299I	logit=-1.543

Top tied mutations (C + D view):
C:V218L	D:V491L	logit=-0.449
C:K191R	D:K464R	logit=-0.567
C:S180T	D:S453T	logit=-0.644
C:T42V	D:T315V	logit=-0.744
C:N51P	D:N324P	logit=-0.770

Top tied mutations (A + B view):
A:T18V	B:T215V	logit=-0.406
A:N55S	B:N252S	logit=-0.471
A:N54V	B:N251V	logit=-0.717
A:E100V	B:E297V	logit=-1.143
A:V102I	B:V299I	logit=-1.601

Top tied mutations (C + D view):
C:V218L	D:V491L	logit=-0.412
C:K191R	D:K464R	logit=-0.564
C:S180T	D:S453T	logit=-0.646
C:T42V	D:T315V	logit=-0.681
C:N51P	D:N324P	logit=-0.836

Top tied mutations (A + B view):
A:T18V	B:T215V	logit=-0.422
A:N55S	B:N252S	logit=-0.530
A:N54V	B:N251V	logit=-0.876
A:E100V	B:E297V	logit=-1.183
A:R61K	B:R258K	logit=-1.678

Top tied mutations (C + D view):
C:V218L	D:V491L	logit=-0.482
C:K191R	D:K464R	logit=-0.517
C:S180T	D:S453T	logit=-0.647
C:T42V	D:T315V	logit=-0.706
C:S89A	D:S362A	logit=-0.845

Top tied mutations (A + B view):
A:T18V	B:T215V	logit=-0.415
A:N55S	B:N252S	logit=-0.461
A:N54V	B:N251V	logit=-0.748
A:E100V	B:E297V	logit=-1.275
A:N54I	B:N251I	logit=-1.472

Top tied mutations (C + D view):
C:V218L	D:V491L	logit=-0.407
C:K191R	D:K464R	logit=-0.520
C:S180T	D:S453T	logit=-0.678
C:N51P	D:N324P	logit=-0.769
C:T42V	D:T315V	logit=-0.770

Top tied mutations (A + B view):
A:T18V	B:T215V	logit=-0.342
A:N55S	B:N252S	logit=-0.524
A:N54V	B:N251V	logit=-0.848
A:E100V	B:E297V	logit=-1.243
A:R61V	B:R258V	logit=-1.495

Top tied mutations (C + D view):
C:V218L	D:V491L	logit=-0.415
C:K191R	D:K464R	logit=-0.579
C:S180T	D:S453T	logit=-0.662
C:T42V	D:T315V	logit=-0.740
C:N51P	D:N324P	logit=-0.779

Top tied mutations (A + B view):
A:T18V	B:T215V	logit=-0.404
A:N55S	B:N252S	logit=-0.446
A:N54V	B:N251V	logit=-0.789
A:E100V	B:E297V	logit=-1.271
A:V102I	B:V299I	logit=-1.561

Top tied mutations (C + D view):
C:V218L	D:V491L	logit=-0.464
C:K191R	D:K464R	logit=-0.570
C:S180T	D:S453T	logit=-0.667
C:T42V	D:T315V	logit=-0.710
C:S89A	D:S362A	logit=-0.897

Top tied mutations (A + B view):
A:T18V	B:T215V	logit=-0.401
A:N55S	B:N252S	logit=-0.476
A:N54V	B:N251V	logit=-0.791
A:E100V	B:E297V	logit=-1.229
A:V58T	B:V255T	logit=-1.564

Top tied mutations (C + D view):
C:V218L	D:V491L	logit=-0.415
C:K191R	D:K464R	logit=-0.543
C:S180T	D:S453T	logit=-0.627
C:T42V	D:T315V	logit=-0.684
C:N51P	D:N324P	logit=-0.829

Top tied mutations (A + B view):
A:T18V	B:T215V	logit=-0.379
A:N55S	B:N252S	logit=-0.508
A:N54V	B:N251V	logit=-0.900
A:E100V	B:E297V	logit=-1.301
A:N54I	B:N251I	logit=-1.534

Top tied mutations (C + D view):
C:V218L	D:V491L	logit=-0.432
C:K191R	D:K464R	logit=-0.527
C:S180T	D:S453T	logit=-0.632
C:T42V	D:T315V	logit=-0.758
C:N51P	D:N324P	logit=-0.824

Top tied mutations (A + B view):
A:T18V	B:T215V	logit=-0.345
A:N55S	B:N252S	logit=-0.510
A:N54V	B:N251V	logit=-0.750
A:E100V	B:E297V	logit=-1.227
A:N54I	B:N251I	logit=-1.501

Top tied mutations (C + D view):
C:V218L	D:V491L	logit=-0.439
C:K191R	D:K464R	logit=-0.568
C:S180T	D:S453T	logit=-0.666
C:T42V	D:T315V	logit=-0.775
C:N51P	D:N324P	logit=-0.798

Top tied mutations (A + B view):
A:T18V	B:T215V	logit=-0.416
A:N55S	B:N252S	logit=-0.547
A:N54V	B:N251V	logit=-0.872
A:E100V	B:E297V	logit=-1.295
A:N57R	B:N254R	logit=-1.513

Top tied mutations (C + D view):
C:V218L	D:V491L	logit=-0.446
C:K191R	D:K464R	logit=-0.557
C:S180T	D:S453T	logit=-0.648
C:T42V	D:T315V	logit=-0.772
C:A168P	D:A441P	logit=-0.904

Top tied mutations (A + B view):
A:T18V	B:T215V	logit=-0.423
A:N55S	B:N252S	logit=-0.555
A:N54V	B:N251V	logit=-0.842
A:E100V	B:E297V	logit=-1.288
A:N57R	B:N254R	logit=-1.489

Top tied mutations (C + D view):
C:V218L	D:V491L	logit=-0.426
C:K191R	D:K464R	logit=-0.600
C:S180T	D:S453T	logit=-0.656
C:T42V	D:T315V	logit=-0.769
C:N219S	D:N492S	logit=-0.914

Top tied mutations (A + B view):
A:T18V	B:T215V	logit=-0.388
A:N55S	B:N252S	logit=-0.530
A:N54V	B:N251V	logit=-0.731
A:E100V	B:E297V	logit=-1.124
A:V102I	B:V299I	logit=-1.402

Top tied mutations (C + D view):
C:V218L	D:V491L	logit=-0.435
C:K191R	D:K464R	logit=-0.539
C:S180T	D:S453T	logit=-0.695
C:T42V	D:T315V	logit=-0.777
C:N51P	D:N324P	logit=-0.849

Top tied mutations (A + B view):
A:T18V	B:T215V	logit=-0.380
A:N55S	B:N252S	logit=-0.559
A:N54V	B:N251V	logit=-0.920
A:E100V	B:E297V	logit=-1.164
A:R61K	B:R258K	logit=-1.421

Top tied mutations (C + D view):
C:V218L	D:V491L	logit=-0.429
C:K191R	D:K464R	logit=-0.584
C:S180T	D:S453T	logit=-0.665
C:N51P	D:N324P	logit=-0.680
C:T42V	D:T315V	logit=-0.723

Top tied mutations (A + B view):
A:T18V	B:T215V	logit=-0.417
A:N55S	B:N252S	logit=-0.486
A:N54V	B:N251V	logit=-0.761
A:E100V	B:E297V	logit=-1.243
A:R61K	B:R258K	logit=-1.474

Top tied mutations (C + D view):
C:V218L	D:V491L	logit=-0.467
C:K191R	D:K464R	logit=-0.598
C:S180T	D:S453T	logit=-0.669
C:T42V	D:T315V	logit=-0.759
C:N51P	D:N324P	logit=-0.834

Top tied mutations (A + B view):
A:T18V	B:T215V	logit=-0.463
A:N55S	B:N252S	logit=-0.469
A:N54V	B:N251V	logit=-0.797
A:E100V	B:E297V	logit=-1.160
A:N54I	B:N251I	logit=-1.487

Top tied mutations (C + D view):
C:V218L	D:V491L	logit=-0.459
C:K191R	D:K464R	logit=-0.513
C:S180T	D:S453T	logit=-0.642
C:T42V	D:T315V	logit=-0.706
C:N51P	D:N324P	logit=-0.812

Top tied mutations (A + B view):
A:T18V	B:T215V	logit=-0.350
A:N55S	B:N252S	logit=-0.562
A:N54V	B:N251V	logit=-0.779
A:E100V	B:E297V	logit=-1.437
A:V102I	B:V299I	logit=-1.618

Top tied mutations (C + D view):
C:V218L	D:V491L	logit=-0.425
C:K191R	D:K464R	logit=-0.629
C:S180T	D:S453T	logit=-0.650
C:T42V	D:T315V	logit=-0.778
C:S89A	D:S362A	logit=-0.869

Top tied mutations (A + B view):
A:T18V	B:T215V	logit=-0.342
A:N55S	B:N252S	logit=-0.464
A:N54V	B:N251V	logit=-0.733
A:E100V	B:E297V	logit=-1.365
A:V58T	B:V255T	logit=-1.538

Top tied mutations (C + D view):
C:V218L	D:V491L	logit=-0.431
C:K191R	D:K464R	logit=-0.556
C:S180T	D:S453T	logit=-0.667
C:T42V	D:T315V	logit=-0.753
C:N51P	D:N324P	logit=-0.899

Top tied mutations (A + B view):
A:T18V	B:T215V	logit=-0.370
A:N55S	B:N252S	logit=-0.585
A:N54V	B:N251V	logit=-0.987
A:N57R	B:N254R	logit=-1.218
A:E100V	B:E297V	logit=-1.326

Top tied mutations (C + D view):
C:V218L	D:V491L	logit=-0.474
C:K191R	D:K464R	logit=-0.525
C:S180T	D:S453T	logit=-0.668
C:T42V	D:T315V	logit=-0.725
C:N51P	D:N324P	logit=-0.874

Top tied mutations (A + B view):
A:T18V	B:T215V	logit=-0.386
A:N55S	B:N252S	logit=-0.548
A:N54V	B:N251V	logit=-0.950
A:E100V	B:E297V	logit=-1.211
A:V102I	B:V299I	logit=-1.598

Top tied mutations (C + D view):
C:V218L	D:V491L	logit=-0.483
C:K191R	D:K464R	logit=-0.554
C:S180T	D:S453T	logit=-0.682
C:N51P	D:N324P	logit=-0.790
C:T42V	D:T315V	logit=-0.802

Top tied mutations (A + B view):
A:T18V	B:T215V	logit=-0.345
A:N55S	B:N252S	logit=-0.448
A:N54V	B:N251V	logit=-0.798
A:E100V	B:E297V	logit=-1.271
A:N57R	B:N254R	logit=-1.408

Top tied mutations (C + D view):
C:V218L	D:V491L	logit=-0.456
C:K191R	D:K464R	logit=-0.606
C:S180T	D:S453T	logit=-0.637
C:T42V	D:T315V	logit=-0.756
C:S89A	D:S362A	logit=-0.911

Top tied mutations (A + B view):
A:T18V	B:T215V	logit=-0.315
A:N55S	B:N252S	logit=-0.526
A:N54V	B:N251V	logit=-0.736
A:E100V	B:E297V	logit=-1.278
A:V102I	B:V299I	logit=-1.409

Top tied mutations (C + D view):
C:V218L	D:V491L	logit=-0.423
C:K191R	D:K464R	logit=-0.547
C:S180T	D:S453T	logit=-0.659
C:T42V	D:T315V	logit=-0.746
C:N51P	D:N324P	logit=-0.883

Top tied mutations (A + B view):
A:T18V	B:T215V	logit=-0.430
A:N55S	B:N252S	logit=-0.474
A:N54V	B:N251V	logit=-0.753
A:E100V	B:E297V	logit=-1.436
A:V102I	B:V299I	logit=-1.531

Top tied mutations (C + D view):
C:V218L	D:V491L	logit=-0.458
C:K191R	D:K464R	logit=-0.511
C:S180T	D:S453T	logit=-0.649
C:T42V	D:T315V	logit=-0.793
C:N51P	D:N324P	logit=-0.809

Top tied mutations (A + B view):
A:T18V	B:T215V	logit=-0.442
A:N55S	B:N252S	logit=-0.534
A:N54V	B:N251V	logit=-0.754
A:E100V	B:E297V	logit=-1.253
A:N54I	B:N251I	logit=-1.508

Top tied mutations (C + D view):
C:V218L	D:V491L	logit=-0.435
C:K191R	D:K464R	logit=-0.512
C:S180T	D:S453T	logit=-0.650
C:T42V	D:T315V	logit=-0.693
C:N51P	D:N324P	logit=-0.827

Top tied mutations (A + B view):
A:T18V	B:T215V	logit=-0.386
A:N55S	B:N252S	logit=-0.441
A:N54V	B:N251V	logit=-0.773
A:E100V	B:E297V	logit=-1.207
A:N57R	B:N254R	logit=-1.414

Top tied mutations (C + D view):
C:V218L	D:V491L	logit=-0.445
C:K191R	D:K464R	logit=-0.556
C:S180T	D:S453T	logit=-0.673
C:T42V	D:T315V	logit=-0.742
C:S89A	D:S362A	logit=-0.785

Top tied mutations (A + B view):
A:T18V	B:T215V	logit=-0.364
A:N55S	B:N252S	logit=-0.539
A:N54V	B:N251V	logit=-0.773
A:E100V	B:E297V	logit=-1.385
A:V58T	B:V255T	logit=-1.437

Top tied mutations (C + D view):
C:V218L	D:V491L	logit=-0.492
C:K191R	D:K464R	logit=-0.503
C:S180T	D:S453T	logit=-0.668
C:T42V	D:T315V	logit=-0.790
C:S89A	D:S362A	logit=-0.840

Top tied mutations (A + B view):
A:T18V	B:T215V	logit=-0.410
A:N55S	B:N252S	logit=-0.463
A:N54V	B:N251V	logit=-0.938
A:E100V	B:E297V	logit=-1.260
A:V102I	B:V299I	logit=-1.604

Top tied mutations (C + D view):
C:V218L	D:V491L	logit=-0.421
C:K191R	D:K464R	logit=-0.495
C:S180T	D:S453T	logit=-0.653
C:T42V	D:T315V	logit=-0.708
C:N51P	D:N324P	logit=-0.776

Top tied mutations (A + B view):
A:T18V	B:T215V	logit=-0.343
A:N55S	B:N252S	logit=-0.535
A:N54V	B:N251V	logit=-0.785
A:E100V	B:E297V	logit=-1.245
A:V102I	B:V299I	logit=-1.431

Top tied mutations (C + D view):
C:V218L	D:V491L	logit=-0.479
C:K191R	D:K464R	logit=-0.547
C:S180T	D:S453T	logit=-0.652
C:T42V	D:T315V	logit=-0.811
C:S89A	D:S362A	logit=-0.897

Top tied mutations (A + B view):
A:T18V	B:T215V	logit=-0.349
A:N55S	B:N252S	logit=-0.481
A:N54V	B:N251V	logit=-0.856
A:E100V	B:E297V	logit=-1.381
A:N57R	B:N254R	logit=-1.394

Top tied mutations (C + D view):
C:V218L	D:V491L	logit=-0.457
C:K191R	D:K464R	logit=-0.501
C:S180T	D:S453T	logit=-0.649
C:T42V	D:T315V	logit=-0.700
C:N51P	D:N324P	logit=-0.827

Top tied mutations (A + B view):
A:T18V	B:T215V	logit=-0.446
A:N55S	B:N252S	logit=-0.552
A:N54V	B:N251V	logit=-0.754
A:E100V	B:E297V	logit=-1.370
A:N54I	B:N251I	logit=-1.566

Top tied mutations (C + D view):
C:V218L	D:V491L	logit=-0.418
C:K191R	D:K464R	logit=-0.512
C:S180T	D:S453T	logit=-0.674
C:T42V	D:T315V	logit=-0.750
C:N51P	D:N324P	logit=-0.855

Top tied mutations (A + B view):
A:T18V	B:T215V	logit=-0.389
A:N55S	B:N252S	logit=-0.528
A:N54V	B:N251V	logit=-0.899
A:E100V	B:E297V	logit=-1.160
A:N57R	B:N254R	logit=-1.461

Top tied mutations (C + D view):
C:V218L	D:V491L	logit=-0.413
C:K191R	D:K464R	logit=-0.588
C:S180T	D:S453T	logit=-0.659
C:T42V	D:T315V	logit=-0.735
C:N51P	D:N324P	logit=-0.790

Top tied mutations (A + B view):
A:T18V	B:T215V	logit=-0.311
A:N55S	B:N252S	logit=-0.528
A:N54V	B:N251V	logit=-0.864
A:E100V	B:E297V	logit=-1.254
A:N57R	B:N254R	logit=-1.508

Top tied mutations (C + D view):
C:V218L	D:V491L	logit=-0.423
C:K191R	D:K464R	logit=-0.524
C:S180T	D:S453T	logit=-0.618
C:T42V	D:T315V	logit=-0.724
C:N51P	D:N324P	logit=-0.835

Top tied mutations (A + B view):
A:T18V	B:T215V	logit=-0.305
A:N55S	B:N252S	logit=-0.461
A:N54V	B:N251V	logit=-0.863
A:E100V	B:E297V	logit=-1.248
A:N57R	B:N254R	logit=-1.431

Top tied mutations (C + D view):
C:V218L	D:V491L	logit=-0.474
C:K191R	D:K464R	logit=-0.601
C:S180T	D:S453T	logit=-0.652
C:T42V	D:T315V	logit=-0.686
C:N51P	D:N324P	logit=-0.840

Top tied mutations (A + B view):
A:T18V	B:T215V	logit=-0.407
A:N55S	B:N252S	logit=-0.495
A:N54V	B:N251V	logit=-0.673
A:E100V	B:E297V	logit=-1.209
A:N54I	B:N251I	logit=-1.578

Top tied mutations (C + D view):
C:V218L	D:V491L	logit=-0.416
C:K191R	D:K464R	logit=-0.590
C:S180T	D:S453T	logit=-0.648
C:T42V	D:T315V	logit=-0.717
C:N51P	D:N324P	logit=-0.785

Top tied mutations (A + B view):
A:T18V	B:T215V	logit=-0.449
A:N55S	B:N252S	logit=-0.491
A:N54V	B:N251V	logit=-0.768
A:E100V	B:E297V	logit=-1.338
A:N54I	B:N251I	logit=-1.511

Top tied mutations (C + D view):
C:V218L	D:V491L	logit=-0.389
C:K191R	D:K464R	logit=-0.494
C:S180T	D:S453T	logit=-0.641
C:T42V	D:T315V	logit=-0.708
C:N51P	D:N324P	logit=-0.741

Top tied mutations (A + B view):
A:T18V	B:T215V	logit=-0.385
A:N55S	B:N252S	logit=-0.523
A:N54V	B:N251V	logit=-0.819
A:E100V	B:E297V	logit=-1.254
A:V102I	B:V299I	logit=-1.496

Top tied mutations (C + D view):
C:V218L	D:V491L	logit=-0.418
C:K191R	D:K464R	logit=-0.623
C:S180T	D:S453T	logit=-0.628
C:T42V	D:T315V	logit=-0.733
C:N51P	D:N324P	logit=-0.787

Top tied mutations (A + B view):
A:T18V	B:T215V	logit=-0.383
A:N55S	B:N252S	logit=-0.543
A:N54V	B:N251V	logit=-0.695
A:E100V	B:E297V	logit=-1.319
A:V102I	B:V299I	logit=-1.538

Top tied mutations (C + D view):
C:V218L	D:V491L	logit=-0.463
C:K191R	D:K464R	logit=-0.605
C:S180T	D:S453T	logit=-0.659
C:T42V	D:T315V	logit=-0.746
C:S89A	D:S362A	logit=-0.878

Top tied mutations (A + B view):
A:T18V	B:T215V	logit=-0.407
A:N55S	B:N252S	logit=-0.476
A:N54V	B:N251V	logit=-0.757
A:E100V	B:E297V	logit=-1.347
A:V102I	B:V299I	logit=-1.543

Top tied mutations (C + D view):
C:V218L	D:V491L	logit=-0.418
C:K191R	D:K464R	logit=-0.482
C:S180T	D:S453T	logit=-0.662
C:T42V	D:T315V	logit=-0.736
C:N51P	D:N324P	logit=-0.811

Top tied mutations (A + B view):
A:T18V	B:T215V	logit=-0.389
A:N55S	B:N252S	logit=-0.466
A:N54V	B:N251V	logit=-0.839
A:E100V	B:E297V	logit=-1.271
A:V102I	B:V299I	logit=-1.442

Top tied mutations (C + D view):
C:V218L	D:V491L	logit=-0.445
C:K191R	D:K464R	logit=-0.510
C:S180T	D:S453T	logit=-0.666
C:T42V	D:T315V	logit=-0.718
C:N51P	D:N324P	logit=-0.729

Top tied mutations (A + B view):
A:T18V	B:T215V	logit=-0.399
A:N55S	B:N252S	logit=-0.471
A:N54V	B:N251V	logit=-0.676
A:E100V	B:E297V	logit=-1.327
A:N57R	B:N254R	logit=-1.522

Top tied mutations (C + D view):
C:V218L	D:V491L	logit=-0.444
C:K191R	D:K464R	logit=-0.527
C:S180T	D:S453T	logit=-0.655
C:T42V	D:T315V	logit=-0.760
C:N51P	D:N324P	logit=-0.763

Top tied mutations (A + B view):
A:T18V	B:T215V	logit=-0.411
A:N55S	B:N252S	logit=-0.446
A:N54V	B:N251V	logit=-0.885
A:E100V	B:E297V	logit=-1.249
A:V102I	B:V299I	logit=-1.522

Top tied mutations (C + D view):
C:V218L	D:V491L	logit=-0.434
C:K191R	D:K464R	logit=-0.533
C:S180T	D:S453T	logit=-0.668
C:T42V	D:T315V	logit=-0.728
C:N51P	D:N324P	logit=-0.925

Top tied mutations (A + B view):
A:T18V	B:T215V	logit=-0.364
A:N55S	B:N252S	logit=-0.531
A:N54V	B:N251V	logit=-0.883
A:E100V	B:E297V	logit=-1.186
A:N54I	B:N251I	logit=-1.479

Top tied mutations (C + D view):
C:V218L	D:V491L	logit=-0.450
C:K191R	D:K464R	logit=-0.638
C:S180T	D:S453T	logit=-0.672
C:T42V	D:T315V	logit=-0.787
C:S89A	D:S362A	logit=-0.895

Top tied mutations (A + B view):
A:T18V	B:T215V	logit=-0.397
A:N55S	B:N252S	logit=-0.476
A:N54V	B:N251V	logit=-0.740
A:E100V	B:E297V	logit=-1.333
A:N57R	B:N254R	logit=-1.475

Top tied mutations (C + D view):
C:V218L	D:V491L	logit=-0.488
C:K191R	D:K464R	logit=-0.525
C:S180T	D:S453T	logit=-0.667
C:T42V	D:T315V	logit=-0.703
C:S89A	D:S362A	logit=-0.902

Top tied mutations (A + B view):
A:T18V	B:T215V	logit=-0.376
A:N55S	B:N252S	logit=-0.480
A:N54V	B:N251V	logit=-0.828
A:E100V	B:E297V	logit=-1.229
A:N54I	B:N251I	logit=-1.442

Top tied mutations (C + D view):
C:V218L	D:V491L	logit=-0.422
C:K191R	D:K464R	logit=-0.543
C:S180T	D:S453T	logit=-0.656
C:T42V	D:T315V	logit=-0.739
C:N51P	D:N324P	logit=-0.798

Top tied mutations (A + B view):
A:T18V	B:T215V	logit=-0.438
A:N55S	B:N252S	logit=-0.556
A:N54V	B:N251V	logit=-0.689
A:E100V	B:E297V	logit=-1.302
A:N54I	B:N251I	logit=-1.501

Top tied mutations (C + D view):
C:V218L	D:V491L	logit=-0.410
C:K191R	D:K464R	logit=-0.635
C:S180T	D:S453T	logit=-0.640
C:T42V	D:T315V	logit=-0.780
C:N51P	D:N324P	logit=-0.838

Top tied mutations (A + B view):
A:T18V	B:T215V	logit=-0.348
A:N55S	B:N252S	logit=-0.492
A:N54V	B:N251V	logit=-0.815
A:E100V	B:E297V	logit=-1.258
A:R61K	B:R258K	logit=-1.328

Top tied mutations (C + D view):
C:V218L	D:V491L	logit=-0.406
C:K191R	D:K464R	logit=-0.625
C:S180T	D:S453T	logit=-0.651
C:T42V	D:T315V	logit=-0.703
C:N51P	D:N324P	logit=-0.866

Top tied mutations (A + B view):
A:T18V	B:T215V	logit=-0.379
A:N55S	B:N252S	logit=-0.537
A:N54V	B:N251V	logit=-0.934
A:E100V	B:E297V	logit=-1.232
A:V102I	B:V299I	logit=-1.549

Top tied mutations (C + D view):
C:V218L	D:V491L	logit=-0.420
C:K191R	D:K464R	logit=-0.584
C:S180T	D:S453T	logit=-0.665
C:T42V	D:T315V	logit=-0.774
C:S89A	D:S362A	logit=-0.839

Top tied mutations (A + B view):
A:T18V	B:T215V	logit=-0.337
A:N55S	B:N252S	logit=-0.531
A:N54V	B:N251V	logit=-0.744
A:E100V	B:E297V	logit=-1.273
A:N54I	B:N251I	logit=-1.494

Top tied mutations (C + D view):
C:V218L	D:V491L	logit=-0.463
C:K191R	D:K464R	logit=-0.575
C:S180T	D:S453T	logit=-0.641
C:T42V	D:T315V	logit=-0.759
C:N51P	D:N324P	logit=-0.826

Top tied mutations (A + B view):
A:T18V	B:T215V	logit=-0.390
A:N55S	B:N252S	logit=-0.479
A:N54V	B:N251V	logit=-0.762
A:E100V	B:E297V	logit=-1.291
A:V102I	B:V299I	logit=-1.547

Top tied mutations (C + D view):
C:K191R	D:K464R	logit=-0.461
C:V218L	D:V491L	logit=-0.496
C:S180T	D:S453T	logit=-0.672
C:T42V	D:T315V	logit=-0.811
C:S89A	D:S362A	logit=-0.864

Top tied mutations (A + B view):
A:T18V	B:T215V	logit=-0.345
A:N55S	B:N252S	logit=-0.473
A:N54V	B:N251V	logit=-0.882
A:E100V	B:E297V	logit=-1.151
A:N54I	B:N251I	logit=-1.481

Top tied mutations (C + D view):
C:V218L	D:V491L	logit=-0.464
C:K191R	D:K464R	logit=-0.521
C:S180T	D:S453T	logit=-0.644
C:T42V	D:T315V	logit=-0.776
C:N51P	D:N324P	logit=-0.813

Top tied mutations (A + B view):
A:T18V	B:T215V	logit=-0.321
A:N55S	B:N252S	logit=-0.496
A:N54V	B:N251V	logit=-0.783
A:E100V	B:E297V	logit=-1.383
A:V102I	B:V299I	logit=-1.461

Top tied mutations (C + D view):
C:V218L	D:V491L	logit=-0.441
C:K191R	D:K464R	logit=-0.530
C:S180T	D:S453T	logit=-0.658
C:T42V	D:T315V	logit=-0.687
C:N51P	D:N324P	logit=-0.837

Top tied mutations (A + B view):
A:T18V	B:T215V	logit=-0.456
A:N55S	B:N252S	logit=-0.502
A:N54V	B:N251V	logit=-0.821
A:E100V	B:E297V	logit=-1.265
A:R61K	B:R258K	logit=-1.538

Top tied mutations (C + D view):
C:V218L	D:V491L	logit=-0.438
C:K191R	D:K464R	logit=-0.653
C:S180T	D:S453T	logit=-0.670
C:T42V	D:T315V	logit=-0.673
C:N51P	D:N324P	logit=-0.793

Top tied mutations (A + B view):
A:T18V	B:T215V	logit=-0.348
A:N55S	B:N252S	logit=-0.537
A:N54V	B:N251V	logit=-0.692
A:E100V	B:E297V	logit=-1.279
A:N57R	B:N254R	logit=-1.411

Top tied mutations (C + D view):
C:V218L	D:V491L	logit=-0.417
C:K191R	D:K464R	logit=-0.596
C:S180T	D:S453T	logit=-0.674
C:T42V	D:T315V	logit=-0.712
C:N51P	D:N324P	logit=-0.839

Top tied mutations (A + B view):
A:T18V	B:T215V	logit=-0.372
A:N55S	B:N252S	logit=-0.492
A:N54V	B:N251V	logit=-0.921
A:E100V	B:E297V	logit=-1.449
A:V102I	B:V299I	logit=-1.580

Top tied mutations (C + D view):
C:V218L	D:V491L	logit=-0.435
C:K191R	D:K464R	logit=-0.558
C:S180T	D:S453T	logit=-0.670
C:T42V	D:T315V	logit=-0.693
C:N51P	D:N324P	logit=-0.898

Top tied mutations (A + B view):
A:T18V	B:T215V	logit=-0.360
A:N55S	B:N252S	logit=-0.458
A:N54V	B:N251V	logit=-0.718
A:E100V	B:E297V	logit=-1.193
A:V102I	B:V299I	logit=-1.463

Top tied mutations (C + D view):
C:V218L	D:V491L	logit=-0.420
C:K191R	D:K464R	logit=-0.572
C:S180T	D:S453T	logit=-0.637
C:N51P	D:N324P	logit=-0.775
C:T42V	D:T315V	logit=-0.787

Top tied mutations (A + B view):
A:T18V	B:T215V	logit=-0.388
A:N55S	B:N252S	logit=-0.475
A:N54V	B:N251V	logit=-0.803
A:E100V	B:E297V	logit=-1.348
A:N57R	B:N254R	logit=-1.416

Top tied mutations (C + D view):
C:V218L	D:V491L	logit=-0.459
C:K191R	D:K464R	logit=-0.558
C:S180T	D:S453T	logit=-0.688
C:N51P	D:N324P	logit=-0.750
C:T42V	D:T315V	logit=-0.754

Top tied mutations (A + B view):
A:T18V	B:T215V	logit=-0.348
A:N55S	B:N252S	logit=-0.513
A:N54V	B:N251V	logit=-0.768
A:E100V	B:E297V	logit=-1.179
A:N57R	B:N254R	logit=-1.443

Top tied mutations (C + D view):
C:V218L	D:V491L	logit=-0.457
C:K191R	D:K464R	logit=-0.522
C:S180T	D:S453T	logit=-0.659
C:T42V	D:T315V	logit=-0.782
C:N51P	D:N324P	logit=-0.859

Top tied mutations (A + B view):
A:T18V	B:T215V	logit=-0.388
A:N55S	B:N252S	logit=-0.473
A:N54V	B:N251V	logit=-0.782
A:E100V	B:E297V	logit=-1.136
A:N54I	B:N251I	logit=-1.521

Top tied mutations (C + D view):
C:V218L	D:V491L	logit=-0.480
C:K191R	D:K464R	logit=-0.578
C:S180T	D:S453T	logit=-0.662
C:T42V	D:T315V	logit=-0.737
C:S89A	D:S362A	logit=-0.817

Top tied mutations (A + B view):
A:T18V	B:T215V	logit=-0.407
A:N55S	B:N252S	logit=-0.501
A:N54V	B:N251V	logit=-0.703
A:E100V	B:E297V	logit=-1.254
A:V58T	B:V255T	logit=-1.582

Top tied mutations (C + D view):
C:V218L	D:V491L	logit=-0.454
C:K191R	D:K464R	logit=-0.542
C:S180T	D:S453T	logit=-0.668
C:T42V	D:T315V	logit=-0.748
C:N51P	D:N324P	logit=-0.808

Top tied mutations (A + B view):
A:T18V	B:T215V	logit=-0.426
A:N55S	B:N252S	logit=-0.477
A:N54V	B:N251V	logit=-0.753
A:E100V	B:E297V	logit=-1.316
A:N57R	B:N254R	logit=-1.567

Top tied mutations (C + D view):
C:V218L	D:V491L	logit=-0.417
C:K191R	D:K464R	logit=-0.601
C:S180T	D:S453T	logit=-0.654
C:T42V	D:T315V	logit=-0.686
C:N51P	D:N324P	logit=-0.909

Top tied mutations (A + B view):
A:T18V	B:T215V	logit=-0.389
A:N55S	B:N252S	logit=-0.506
A:N54V	B:N251V	logit=-0.693
A:E100V	B:E297V	logit=-1.276
A:V102I	B:V299I	logit=-1.496

Top tied mutations (C + D view):
C:V218L	D:V491L	logit=-0.421
C:K191R	D:K464R	logit=-0.530
C:S180T	D:S453T	logit=-0.669
C:T42V	D:T315V	logit=-0.700
C:N51P	D:N324P	logit=-0.789

Top tied mutations (A + B view):
A:T18V	B:T215V	logit=-0.380
A:N55S	B:N252S	logit=-0.531
A:N54V	B:N251V	logit=-0.722
A:E100V	B:E297V	logit=-1.236
A:N54I	B:N251I	logit=-1.418

Top tied mutations (C + D view):
C:V218L	D:V491L	logit=-0.447
C:K191R	D:K464R	logit=-0.542
C:S180T	D:S453T	logit=-0.652
C:T42V	D:T315V	logit=-0.679
C:N51P	D:N324P	logit=-0.789

Top tied mutations (A + B view):
A:T18V	B:T215V	logit=-0.379
A:N55S	B:N252S	logit=-0.495
A:N54V	B:N251V	logit=-0.758
A:E100V	B:E297V	logit=-1.325
A:V102I	B:V299I	logit=-1.520

Top tied mutations (C + D view):
C:V218L	D:V491L	logit=-0.418
C:K191R	D:K464R	logit=-0.582
C:S180T	D:S453T	logit=-0.648
C:N51P	D:N324P	logit=-0.727
C:T42V	D:T315V	logit=-0.758

Top tied mutations (A + B view):
A:T18V	B:T215V	logit=-0.295
A:N55S	B:N252S	logit=-0.482
A:N54V	B:N251V	logit=-0.762
A:E100V	B:E297V	logit=-1.297
A:V58T	B:V255T	logit=-1.550

Top tied mutations (C + D view):
C:V218L	D:V491L	logit=-0.427
C:K191R	D:K464R	logit=-0.542
C:S180T	D:S453T	logit=-0.640
C:T42V	D:T315V	logit=-0.755
C:S89A	D:S362A	logit=-0.893

Top tied mutations (A + B view):
A:T18V	B:T215V	logit=-0.364
A:N55S	B:N252S	logit=-0.496
A:N54V	B:N251V	logit=-0.833
A:E100V	B:E297V	logit=-1.191
A:V102I	B:V299I	logit=-1.510

Top tied mutations (C + D view):
C:V218L	D:V491L	logit=-0.398
C:K191R	D:K464R	logit=-0.547
C:S180T	D:S453T	logit=-0.666
C:T42V	D:T315V	logit=-0.771
C:N51P	D:N324P	logit=-0.833

Top tied mutations (A + B view):
A:T18V	B:T215V	logit=-0.332
A:N55S	B:N252S	logit=-0.511
A:N54V	B:N251V	logit=-0.751
A:E100V	B:E297V	logit=-1.149
A:R61K	B:R258K	logit=-1.496

Top tied mutations (C + D view):
C:V218L	D:V491L	logit=-0.470
C:K191R	D:K464R	logit=-0.522
C:S180T	D:S453T	logit=-0.652
C:T42V	D:T315V	logit=-0.695
C:S89A	D:S362A	logit=-0.869

Top tied mutations (A + B view):
A:T18V	B:T215V	logit=-0.383
A:N55S	B:N252S	logit=-0.492
A:N54V	B:N251V	logit=-0.676
A:E100V	B:E297V	logit=-1.211
A:R61K	B:R258K	logit=-1.532

Top tied mutations (C + D view):
C:V218L	D:V491L	logit=-0.470
C:K191R	D:K464R	logit=-0.564
C:S180T	D:S453T	logit=-0.675
C:T42V	D:T315V	logit=-0.811
C:N51P	D:N324P	logit=-0.883

Top tied mutations (A + B view):
A:T18V	B:T215V	logit=-0.435
A:N55S	B:N252S	logit=-0.532
A:N54V	B:N251V	logit=-1.047
A:E100V	B:E297V	logit=-1.278
A:V102I	B:V299I	logit=-1.528

Top tied mutations (C + D view):
C:V218L	D:V491L	logit=-0.477
C:K191R	D:K464R	logit=-0.590
C:S180T	D:S453T	logit=-0.666
C:T42V	D:T315V	logit=-0.690
C:N51P	D:N324P	logit=-0.815

Top tied mutations (A + B view):
A:T18V	B:T215V	logit=-0.397
A:N55S	B:N252S	logit=-0.474
A:N54V	B:N251V	logit=-0.808
A:E100V	B:E297V	logit=-1.224
A:R61K	B:R258K	logit=-1.631

Top tied mutations (C + D view):
C:V218L	D:V491L	logit=-0.475
C:K191R	D:K464R	logit=-0.506
C:S180T	D:S453T	logit=-0.646
C:T42V	D:T315V	logit=-0.751
C:N51P	D:N324P	logit=-0.877

Top tied mutations (A + B view):
A:T18V	B:T215V	logit=-0.387
A:N55S	B:N252S	logit=-0.511
A:N54V	B:N251V	logit=-0.700
A:E100V	B:E297V	logit=-1.228
A:N54I	B:N251I	logit=-1.442

Top tied mutations (C + D view):
C:V218L	D:V491L	logit=-0.485
C:K191R	D:K464R	logit=-0.610
C:S180T	D:S453T	logit=-0.678
C:T42V	D:T315V	logit=-0.744
C:S89A	D:S362A	logit=-0.823

Top tied mutations (A + B view):
A:T18V	B:T215V	logit=-0.423
A:N55S	B:N252S	logit=-0.515
A:N54V	B:N251V	logit=-0.893
A:E100V	B:E297V	logit=-1.347
A:N54I	B:N251I	logit=-1.523

Top tied mutations (C + D view):
C:V218L	D:V491L	logit=-0.470
C:K191R	D:K464R	logit=-0.623
C:S180T	D:S453T	logit=-0.670
C:T42V	D:T315V	logit=-0.674
C:N51P	D:N324P	logit=-0.841

Top tied mutations (A + B view):
A:T18V	B:T215V	logit=-0.327
A:N55S	B:N252S	logit=-0.509
A:N54V	B:N251V	logit=-0.871
A:E100V	B:E297V	logit=-1.436
A:V58T	B:V255T	logit=-1.502

Top tied mutations (C + D view):
C:V218L	D:V491L	logit=-0.439
C:K191R	D:K464R	logit=-0.575
C:S180T	D:S453T	logit=-0.640
C:T42V	D:T315V	logit=-0.706
C:N51P	D:N324P	logit=-0.785

Top tied mutations (A + B view):
A:T18V	B:T215V	logit=-0.334
A:N55S	B:N252S	logit=-0.458
A:N54V	B:N251V	logit=-0.811
A:E100V	B:E297V	logit=-1.259
A:V102I	B:V299I	logit=-1.512

Top tied mutations (C + D view):
C:V218L	D:V491L	logit=-0.483
C:K191R	D:K464R	logit=-0.560
C:S180T	D:S453T	logit=-0.634
C:T42V	D:T315V	logit=-0.704
C:S89A	D:S362A	logit=-0.875

Top tied mutations (A + B view):
A:T18V	B:T215V	logit=-0.416
A:N55S	B:N252S	logit=-0.499
A:N54V	B:N251V	logit=-0.866
A:E100V	B:E297V	logit=-1.314
A:V102I	B:V299I	logit=-1.583

Top tied mutations (C + D view):
C:V218L	D:V491L	logit=-0.424
C:K191R	D:K464R	logit=-0.569
C:S180T	D:S453T	logit=-0.658
C:T42V	D:T315V	logit=-0.772
C:N51P	D:N324P	logit=-0.775

Top tied mutations (A + B view):
A:T18V	B:T215V	logit=-0.461
A:N55S	B:N252S	logit=-0.552
A:N54V	B:N251V	logit=-0.781
A:E100V	B:E297V	logit=-1.376
A:V102I	B:V299I	logit=-1.531

Top tied mutations (C + D view):
C:V218L	D:V491L	logit=-0.405
C:K191R	D:K464R	logit=-0.535
C:S180T	D:S453T	logit=-0.666
C:T42V	D:T315V	logit=-0.739
C:N51P	D:N324P	logit=-0.908

Top tied mutations (A + B view):
A:T18V	B:T215V	logit=-0.446
A:N55S	B:N252S	logit=-0.506
A:N54V	B:N251V	logit=-0.948
A:E100V	B:E297V	logit=-1.231
A:V102I	B:V299I	logit=-1.578

Top tied mutations (C + D view):
C:V218L	D:V491L	logit=-0.460
C:K191R	D:K464R	logit=-0.585
C:S180T	D:S453T	logit=-0.674
C:T42V	D:T315V	logit=-0.719
C:N51P	D:N324P	logit=-0.813

Top tied mutations (A + B view):
A:N55S	B:N252S	logit=-0.448
A:T18V	B:T215V	logit=-0.480
A:N54V	B:N251V	logit=-0.763
A:E100V	B:E297V	logit=-1.204
A:V58T	B:V255T	logit=-1.493

Top tied mutations (C + D view):
C:V218L	D:V491L	logit=-0.428
C:K191R	D:K464R	logit=-0.520
C:S180T	D:S453T	logit=-0.670
C:T42V	D:T315V	logit=-0.752
C:S89A	D:S362A	logit=-0.854

Top tied mutations (A + B view):
A:T18V	B:T215V	logit=-0.347
A:N55S	B:N252S	logit=-0.519
A:N54V	B:N251V	logit=-0.778
A:E100V	B:E297V	logit=-1.240
A:V102I	B:V299I	logit=-1.509

Top tied mutations (C + D view):
C:V218L	D:V491L	logit=-0.437
C:K191R	D:K464R	logit=-0.519
C:S180T	D:S453T	logit=-0.650
C:T42V	D:T315V	logit=-0.707
C:N51P	D:N324P	logit=-0.839

Top tied mutations (A + B view):
A:T18V	B:T215V	logit=-0.406
A:N55S	B:N252S	logit=-0.500
A:N54V	B:N251V	logit=-0.738
A:E100V	B:E297V	logit=-1.274
A:N54I	B:N251I	logit=-1.546

Top tied mutations (C + D view):
C:V218L	D:V491L	logit=-0.462
C:K191R	D:K464R	logit=-0.576
C:S180T	D:S453T	logit=-0.645
C:T42V	D:T315V	logit=-0.721
C:N51P	D:N324P	logit=-0.833

Top tied mutations (A + B view):
A:T18V	B:T215V	logit=-0.460
A:N55S	B:N252S	logit=-0.542
A:N54V	B:N251V	logit=-0.827
A:E100V	B:E297V	logit=-1.185
A:V102I	B:V299I	logit=-1.492

Top tied mutations (C + D view):
C:V218L	D:V491L	logit=-0.471
C:K191R	D:K464R	logit=-0.565
C:S180T	D:S453T	logit=-0.680
C:T42V	D:T315V	logit=-0.741
C:N51P	D:N324P	logit=-0.763

Top tied mutations (A + B view):
A:T18V	B:T215V	logit=-0.306
A:N55S	B:N252S	logit=-0.575
A:N54V	B:N251V	logit=-0.818
A:E100V	B:E297V	logit=-1.317
A:V58T	B:V255T	logit=-1.498

Top tied mutations (C + D view):
C:V218L	D:V491L	logit=-0.426
C:K191R	D:K464R	logit=-0.478
C:S180T	D:S453T	logit=-0.666
C:T42V	D:T315V	logit=-0.738
C:N51P	D:N324P	logit=-0.814

Top tied mutations (A + B view):
A:T18V	B:T215V	logit=-0.312
A:N55S	B:N252S	logit=-0.556
A:N54V	B:N251V	logit=-0.694
A:E100V	B:E297V	logit=-1.296
A:N54I	B:N251I	logit=-1.352

Top tied mutations (C + D view):
C:V218L	D:V491L	logit=-0.418
C:K191R	D:K464R	logit=-0.564
C:S180T	D:S453T	logit=-0.650
C:T42V	D:T315V	logit=-0.733
C:N51P	D:N324P	logit=-0.768

Top tied mutations (A + B view):
A:T18V	B:T215V	logit=-0.466
A:N55S	B:N252S	logit=-0.519
A:N54V	B:N251V	logit=-0.756
A:E100V	B:E297V	logit=-1.324
A:N57R	B:N254R	logit=-1.482

Top tied mutations (C + D view):
C:V218L	D:V491L	logit=-0.426
C:K191R	D:K464R	logit=-0.518
C:S180T	D:S453T	logit=-0.642
C:T42V	D:T315V	logit=-0.673
C:N51P	D:N324P	logit=-0.787

Top tied mutations (A + B view):
A:T18V	B:T215V	logit=-0.401
A:N55S	B:N252S	logit=-0.501
A:N54V	B:N251V	logit=-0.754
A:E100V	B:E297V	logit=-1.231
A:N54I	B:N251I	logit=-1.500

Top tied mutations (C + D view):
C:V218L	D:V491L	logit=-0.447
C:K191R	D:K464R	logit=-0.569
C:S180T	D:S453T	logit=-0.655
C:T42V	D:T315V	logit=-0.781
C:N51P	D:N324P	logit=-0.817

Top tied mutations (A + B view):
A:T18V	B:T215V	logit=-0.445
A:N55S	B:N252S	logit=-0.484
A:N54V	B:N251V	logit=-0.750
A:E100V	B:E297V	logit=-1.350
A:V102I	B:V299I	logit=-1.475

Top tied mutations (C + D view):
C:V218L	D:V491L	logit=-0.429
C:K191R	D:K464R	logit=-0.538
C:S180T	D:S453T	logit=-0.650
C:T42V	D:T315V	logit=-0.734
C:N51P	D:N324P	logit=-0.889

Top tied mutations (A + B view):
A:T18V	B:T215V	logit=-0.444
A:N55S	B:N252S	logit=-0.462
A:N54V	B:N251V	logit=-0.739
A:E100V	B:E297V	logit=-1.362
A:N57R	B:N254R	logit=-1.587

Top tied mutations (C + D view):
C:V218L	D:V491L	logit=-0.413
C:K191R	D:K464R	logit=-0.541
C:S180T	D:S453T	logit=-0.647
C:T42V	D:T315V	logit=-0.734
C:N51P	D:N324P	logit=-0.825

Top tied mutations (A + B view):
A:T18V	B:T215V	logit=-0.380
A:N55S	B:N252S	logit=-0.566
A:N54V	B:N251V	logit=-0.966
A:E100V	B:E297V	logit=-1.353
A:V102I	B:V299I	logit=-1.589

Top tied mutations (C + D view):
C:V218L	D:V491L	logit=-0.472
C:K191R	D:K464R	logit=-0.608
C:S180T	D:S453T	logit=-0.669
C:T42V	D:T315V	logit=-0.705
C:N51P	D:N324P	logit=-0.797

Top tied mutations (A + B view):
A:T18V	B:T215V	logit=-0.358
A:N55S	B:N252S	logit=-0.477
A:N54V	B:N251V	logit=-0.867
A:V102I	B:V299I	logit=-1.378
A:V58T	B:V255T	logit=-1.424

Top tied mutations (C + D view):
C:V218L	D:V491L	logit=-0.430
C:K191R	D:K464R	logit=-0.582
C:S180T	D:S453T	logit=-0.673
C:T42V	D:T315V	logit=-0.693
C:N51P	D:N324P	logit=-0.818

Top tied mutations (A + B view):
A:T18V	B:T215V	logit=-0.409
A:N55S	B:N252S	logit=-0.514
A:N54V	B:N251V	logit=-0.940
A:E100V	B:E297V	logit=-1.208
A:V102I	B:V299I	logit=-1.547

Top tied mutations (C + D view):
C:V218L	D:V491L	logit=-0.439
C:K191R	D:K464R	logit=-0.509
C:S180T	D:S453T	logit=-0.660
C:T42V	D:T315V	logit=-0.741
C:N51P	D:N324P	logit=-0.887

Top tied mutations (A + B view):
A:T18V	B:T215V	logit=-0.389
A:N55S	B:N252S	logit=-0.483
A:N54V	B:N251V	logit=-0.905
A:E100V	B:E297V	logit=-1.195
A:R61K	B:R258K	logit=-1.399

Top tied mutations (C + D view):
C:V218L	D:V491L	logit=-0.481
C:K191R	D:K464R	logit=-0.487
C:S180T	D:S453T	logit=-0.652
C:T42V	D:T315V	logit=-0.809
C:N51P	D:N324P	logit=-0.846

Top tied mutations (A + B view):
A:T18V	B:T215V	logit=-0.434
A:N55S	B:N252S	logit=-0.492
A:N54V	B:N251V	logit=-0.752
A:E100V	B:E297V	logit=-1.146
A:V102I	B:V299I	logit=-1.530

Top tied mutations (C + D view):
C:V218L	D:V491L	logit=-0.458
C:K191R	D:K464R	logit=-0.577
C:S180T	D:S453T	logit=-0.645
C:T42V	D:T315V	logit=-0.771
C:A168P	D:A441P	logit=-0.935

Top tied mutations (A + B view):
A:T18V	B:T215V	logit=-0.429
A:N55S	B:N252S	logit=-0.484
A:N54V	B:N251V	logit=-0.688
A:E100V	B:E297V	logit=-1.222
A:N54I	B:N251I	logit=-1.285

Top tied mutations (C + D view):
C:V218L	D:V491L	logit=-0.493
C:K191R	D:K464R	logit=-0.556
C:S180T	D:S453T	logit=-0.646
C:T42V	D:T315V	logit=-0.775
C:N51P	D:N324P	logit=-0.840

Top tied mutations (A + B view):
A:T18V	B:T215V	logit=-0.359
A:N55S	B:N252S	logit=-0.503
A:N54V	B:N251V	logit=-0.777
A:E100V	B:E297V	logit=-1.231
A:V102I	B:V299I	logit=-1.548

Top tied mutations (C + D view):
C:V218L	D:V491L	logit=-0.496
C:K191R	D:K464R	logit=-0.517
C:S180T	D:S453T	logit=-0.672
C:T42V	D:T315V	logit=-0.758
C:N51P	D:N324P	logit=-0.916

Top tied mutations (A + B view):
A:T18V	B:T215V	logit=-0.434
A:N55S	B:N252S	logit=-0.529
A:N54V	B:N251V	logit=-0.806
A:E100V	B:E297V	logit=-1.162
A:N57R	B:N254R	logit=-1.532

Top tied mutations (C + D view):
C:V218L	D:V491L	logit=-0.460
C:K191R	D:K464R	logit=-0.540
C:S180T	D:S453T	logit=-0.639
C:T42V	D:T315V	logit=-0.725
C:N51P	D:N324P	logit=-0.732

Top tied mutations (A + B view):
A:T18V	B:T215V	logit=-0.410
A:N55S	B:N252S	logit=-0.501
A:N54V	B:N251V	logit=-0.722
A:E100V	B:E297V	logit=-1.241
A:V102I	B:V299I	logit=-1.451

Top tied mutations (C + D view):
C:V218L	D:V491L	logit=-0.468
C:K191R	D:K464R	logit=-0.546
C:S180T	D:S453T	logit=-0.661
C:T42V	D:T315V	logit=-0.706
C:S89A	D:S362A	logit=-0.843

Top tied mutations (A + B view):
A:T18V	B:T215V	logit=-0.380
A:N55S	B:N252S	logit=-0.553
A:N54V	B:N251V	logit=-0.747
A:E100V	B:E297V	logit=-1.175
A:N57R	B:N254R	logit=-1.426

Top tied mutations (C + D view):
C:V218L	D:V491L	logit=-0.467
C:K191R	D:K464R	logit=-0.550
C:S180T	D:S453T	logit=-0.632
C:T42V	D:T315V	logit=-0.745
C:N51P	D:N324P	logit=-0.851

Top tied mutations (A + B view):
A:T18V	B:T215V	logit=-0.378
A:N55S	B:N252S	logit=-0.521
A:N54V	B:N251V	logit=-0.794
A:E100V	B:E297V	logit=-1.347
A:V102I	B:V299I	logit=-1.511

Top tied mutations (C + D view):
C:V218L	D:V491L	logit=-0.444
C:K191R	D:K464R	logit=-0.576
C:S180T	D:S453T	logit=-0.669
C:T42V	D:T315V	logit=-0.698
C:N51P	D:N324P	logit=-0.876

Top tied mutations (A + B view):
A:T18V	B:T215V	logit=-0.449
A:N55S	B:N252S	logit=-0.588
A:N54V	B:N251V	logit=-0.811
A:E100V	B:E297V	logit=-1.288
A:N54I	B:N251I	logit=-1.352

Top tied mutations (C + D view):
C:V218L	D:V491L	logit=-0.443
C:K191R	D:K464R	logit=-0.514
C:S180T	D:S453T	logit=-0.655
C:N51P	D:N324P	logit=-0.748
C:T42V	D:T315V	logit=-0.790

Top tied mutations (A + B view):
A:T18V	B:T215V	logit=-0.442
A:N55S	B:N252S	logit=-0.499
A:N54V	B:N251V	logit=-0.758
A:E100V	B:E297V	logit=-1.307
A:N57R	B:N254R	logit=-1.430

Top tied mutations (C + D view):
C:V218L	D:V491L	logit=-0.411
C:K191R	D:K464R	logit=-0.614
C:S180T	D:S453T	logit=-0.658
C:T42V	D:T315V	logit=-0.766
C:S89A	D:S362A	logit=-0.939

Top tied mutations (A + B view):
A:T18V	B:T215V	logit=-0.388
A:N55S	B:N252S	logit=-0.552
A:N54V	B:N251V	logit=-0.808
A:E100V	B:E297V	logit=-1.307
A:N54I	B:N251I	logit=-1.622

Top tied mutations (C + D view):
C:V218L	D:V491L	logit=-0.463
C:K191R	D:K464R	logit=-0.562
C:S180T	D:S453T	logit=-0.654
C:T42V	D:T315V	logit=-0.707
C:S89A	D:S362A	logit=-0.878

Top tied mutations (A + B view):
A:T18V	B:T215V	logit=-0.410
A:N55S	B:N252S	logit=-0.452
A:N54V	B:N251V	logit=-0.799
A:E100V	B:E297V	logit=-1.393
A:V102I	B:V299I	logit=-1.477

Top tied mutations (C + D view):
C:V218L	D:V491L	logit=-0.434
C:K191R	D:K464R	logit=-0.594
C:S180T	D:S453T	logit=-0.654
C:T42V	D:T315V	logit=-0.726
C:N51P	D:N324P	logit=-0.797

Top tied mutations (A + B view):
A:T18V	B:T215V	logit=-0.323
A:N55S	B:N252S	logit=-0.490
A:N54V	B:N251V	logit=-0.731
A:E100V	B:E297V	logit=-1.246
A:N54I	B:N251I	logit=-1.416

Top tied mutations (C + D view):
C:V218L	D:V491L	logit=-0.487
C:K191R	D:K464R	logit=-0.572
C:S180T	D:S453T	logit=-0.674
C:T42V	D:T315V	logit=-0.715
C:N51P	D:N324P	logit=-0.916

Top tied mutations (A + B view):
A:T18V	B:T215V	logit=-0.376
A:N55S	B:N252S	logit=-0.478
A:N54V	B:N251V	logit=-0.715
A:E100V	B:E297V	logit=-1.136
A:N54I	B:N251I	logit=-1.374

Top tied mutations (C + D view):
C:V218L	D:V491L	logit=-0.457
C:K191R	D:K464R	logit=-0.583
C:S180T	D:S453T	logit=-0.659
C:T42V	D:T315V	logit=-0.748
C:H175P	D:H448P	logit=-0.918

Top tied mutations (A + B view):
A:T18V	B:T215V	logit=-0.427
A:N55S	B:N252S	logit=-0.559
A:N54V	B:N251V	logit=-0.747
A:E100V	B:E297V	logit=-1.126
A:V102I	B:V299I	logit=-1.513

Top tied mutations (C + D view):
C:V218L	D:V491L	logit=-0.442
C:K191R	D:K464R	logit=-0.574
C:S180T	D:S453T	logit=-0.670
C:N51P	D:N324P	logit=-0.700
C:T42V	D:T315V	logit=-0.722

Top tied mutations (A + B view):
A:T18V	B:T215V	logit=-0.414
A:N55S	B:N252S	logit=-0.416
A:N54V	B:N251V	logit=-0.856
A:E100V	B:E297V	logit=-1.323
A:V102I	B:V299I	logit=-1.596

Top tied mutations (C + D view):
C:V218L	D:V491L	logit=-0.408
C:K191R	D:K464R	logit=-0.575
C:S180T	D:S453T	logit=-0.669
C:T42V	D:T315V	logit=-0.747
C:N51P	D:N324P	logit=-0.843

Top tied mutations (A + B view):
A:T18V	B:T215V	logit=-0.426
A:N55S	B:N252S	logit=-0.526
A:N54V	B:N251V	logit=-0.669
A:E100V	B:E297V	logit=-1.271
A:R61K	B:R258K	logit=-1.491

Top tied mutations (C + D view):
C:V218L	D:V491L	logit=-0.448
C:K191R	D:K464R	logit=-0.532
C:S180T	D:S453T	logit=-0.660
C:T42V	D:T315V	logit=-0.735
C:N51P	D:N324P	logit=-0.857

Top tied mutations (A + B view):
A:T18V	B:T215V	logit=-0.405
A:N55S	B:N252S	logit=-0.490
A:N54V	B:N251V	logit=-0.704
A:E100V	B:E297V	logit=-1.446
A:N54I	B:N251I	logit=-1.451

Top tied mutations (C + D view):
C:V218L	D:V491L	logit=-0.466
C:K191R	D:K464R	logit=-0.481
C:S180T	D:S453T	logit=-0.653
C:T42V	D:T315V	logit=-0.747
C:N51P	D:N324P	logit=-0.811

Top tied mutations (A + B view):
A:T18V	B:T215V	logit=-0.402
A:N55S	B:N252S	logit=-0.534
A:N54V	B:N251V	logit=-0.788
A:E100V	B:E297V	logit=-1.137
A:V102I	B:V299I	logit=-1.574

Top tied mutations (C + D view):
C:V218L	D:V491L	logit=-0.480
C:K191R	D:K464R	logit=-0.592
C:S180T	D:S453T	logit=-0.649
C:T42V	D:T315V	logit=-0.707
C:N51P	D:N324P	logit=-0.782

Top tied mutations (A + B view):
A:T18V	B:T215V	logit=-0.477
A:N55S	B:N252S	logit=-0.491
A:N54V	B:N251V	logit=-0.710
A:E100V	B:E297V	logit=-1.205
A:N54I	B:N251I	logit=-1.519

Top tied mutations (C + D view):
C:V218L	D:V491L	logit=-0.462
C:K191R	D:K464R	logit=-0.533
C:S180T	D:S453T	logit=-0.669
C:T42V	D:T315V	logit=-0.706
C:N51P	D:N324P	logit=-0.739

Top tied mutations (A + B view):
A:T18V	B:T215V	logit=-0.390
A:N55S	B:N252S	logit=-0.532
A:N54V	B:N251V	logit=-0.798
A:E100V	B:E297V	logit=-1.207
A:V102I	B:V299I	logit=-1.521

Top tied mutations (C + D view):
C:V218L	D:V491L	logit=-0.464
C:K191R	D:K464R	logit=-0.594
C:S180T	D:S453T	logit=-0.633
C:T42V	D:T315V	logit=-0.724
C:N51P	D:N324P	logit=-0.885

Top tied mutations (A + B view):
A:N55S	B:N252S	logit=-0.483
A:T18V	B:T215V	logit=-0.493
A:N54V	B:N251V	logit=-0.898
A:E100V	B:E297V	logit=-1.317
A:V102I	B:V299I	logit=-1.469

Top tied mutations (C + D view):
C:V218L	D:V491L	logit=-0.413
C:K191R	D:K464R	logit=-0.515
C:S180T	D:S453T	logit=-0.640
C:T42V	D:T315V	logit=-0.724
C:N51P	D:N324P	logit=-0.725

Top tied mutations (A + B view):
A:T18V	B:T215V	logit=-0.385
A:N55S	B:N252S	logit=-0.555
A:N54V	B:N251V	logit=-0.768
A:N54I	B:N251I	logit=-1.227
A:E100V	B:E297V	logit=-1.321

Top tied mutations (C + D view):
C:V218L	D:V491L	logit=-0.472
C:K191R	D:K464R	logit=-0.602
C:S180T	D:S453T	logit=-0.673
C:T42V	D:T315V	logit=-0.758
C:N51P	D:N324P	logit=-0.828

Top tied mutations (A + B view):
A:T18V	B:T215V	logit=-0.448
A:N55S	B:N252S	logit=-0.521
A:N54V	B:N251V	logit=-0.949
A:E100V	B:E297V	logit=-1.242
A:V102I	B:V299I	logit=-1.569

Top tied mutations (C + D view):
C:V218L	D:V491L	logit=-0.464
C:K191R	D:K464R	logit=-0.573
C:S180T	D:S453T	logit=-0.683
C:T42V	D:T315V	logit=-0.739
C:N51P	D:N324P	logit=-0.843

Top tied mutations (A + B view):
A:T18V	B:T215V	logit=-0.381
A:N55S	B:N252S	logit=-0.520
A:N54V	B:N251V	logit=-0.726
A:E100V	B:E297V	logit=-1.199
A:N54I	B:N251I	logit=-1.609

Top tied mutations (C + D view):
C:V218L	D:V491L	logit=-0.491
C:K191R	D:K464R	logit=-0.541
C:S180T	D:S453T	logit=-0.662
C:T42V	D:T315V	logit=-0.725
C:S89A	D:S362A	logit=-0.915

Top tied mutations (A + B view):
A:T18V	B:T215V	logit=-0.403
A:N55S	B:N252S	logit=-0.486
A:N54V	B:N251V	logit=-0.960
A:E100V	B:E297V	logit=-1.396
A:R61K	B:R258K	logit=-1.466

Top tied mutations (C + D view):
C:V218L	D:V491L	logit=-0.436
C:K191R	D:K464R	logit=-0.633
C:S180T	D:S453T	logit=-0.636
C:T42V	D:T315V	logit=-0.785
C:N51P	D:N324P	logit=-0.823

Top tied mutations (A + B view):
A:T18V	B:T215V	logit=-0.441
A:N55S	B:N252S	logit=-0.549
A:N54V	B:N251V	logit=-0.798
A:E100V	B:E297V	logit=-1.375
A:V102I	B:V299I	logit=-1.530

Top tied mutations (C + D view):
C:V218L	D:V491L	logit=-0.443
C:K191R	D:K464R	logit=-0.579
C:S180T	D:S453T	logit=-0.667
C:T42V	D:T315V	logit=-0.760
C:N51P	D:N324P	logit=-0.827

Top tied mutations (A + B view):
A:T18V	B:T215V	logit=-0.415
A:N55S	B:N252S	logit=-0.453
A:N54V	B:N251V	logit=-0.727
A:E100V	B:E297V	logit=-1.306
A:R61K	B:R258K	logit=-1.523

Top tied mutations (C + D view):
C:V218L	D:V491L	logit=-0.484
C:K191R	D:K464R	logit=-0.578
C:S180T	D:S453T	logit=-0.651
C:T42V	D:T315V	logit=-0.710
C:S72G	D:S345G	logit=-0.897

Top tied mutations (A + B view):
A:T18V	B:T215V	logit=-0.361
A:N55S	B:N252S	logit=-0.507
A:N54V	B:N251V	logit=-0.644
A:E100V	B:E297V	logit=-1.401
A:V102I	B:V299I	logit=-1.452

Top tied mutations (C + D view):
C:V218L	D:V491L	logit=-0.418
C:K191R	D:K464R	logit=-0.529
C:S180T	D:S453T	logit=-0.651
C:T42V	D:T315V	logit=-0.719
C:N51P	D:N324P	logit=-0.741

Top tied mutations (A + B view):
A:T18V	B:T215V	logit=-0.423
A:N55S	B:N252S	logit=-0.535
A:N54V	B:N251V	logit=-0.898
A:E100V	B:E297V	logit=-1.223
A:R61V	B:R258V	logit=-1.577

Top tied mutations (C + D view):
C:V218L	D:V491L	logit=-0.436
C:K191R	D:K464R	logit=-0.544
C:S180T	D:S453T	logit=-0.635
C:T42V	D:T315V	logit=-0.724
C:N51P	D:N324P	logit=-0.801

Top tied mutations (A + B view):
A:T18V	B:T215V	logit=-0.378
A:N55S	B:N252S	logit=-0.448
A:N54V	B:N251V	logit=-0.771
A:E100V	B:E297V	logit=-1.284
A:N57R	B:N254R	logit=-1.496

Top tied mutations (C + D view):
C:V218L	D:V491L	logit=-0.472
C:K191R	D:K464R	logit=-0.577
C:S180T	D:S453T	logit=-0.635
C:T42V	D:T315V	logit=-0.750
C:N51P	D:N324P	logit=-0.846

Top tied mutations (A + B view):
A:N55S	B:N252S	logit=-0.417
A:T18V	B:T215V	logit=-0.436
A:N54V	B:N251V	logit=-0.770
A:E100V	B:E297V	logit=-1.417
A:N54I	B:N251I	logit=-1.514

Top tied mutations (C + D view):
C:V218L	D:V491L	logit=-0.435
C:K191R	D:K464R	logit=-0.512
C:S180T	D:S453T	logit=-0.659
C:N51P	D:N324P	logit=-0.747
C:T42V	D:T315V	logit=-0.749

Top tied mutations (A + B view):
A:T18V	B:T215V	logit=-0.392
A:N55S	B:N252S	logit=-0.507
A:N54V	B:N251V	logit=-0.974
A:E100V	B:E297V	logit=-1.254
A:N57R	B:N254R	logit=-1.549

Top tied mutations (C + D view):
C:V218L	D:V491L	logit=-0.471
C:K191R	D:K464R	logit=-0.531
C:S180T	D:S453T	logit=-0.662
C:T42V	D:T315V	logit=-0.709
C:N51P	D:N324P	logit=-0.842

Top tied mutations (A + B view):
A:T18V	B:T215V	logit=-0.417
A:N55S	B:N252S	logit=-0.547
A:N54V	B:N251V	logit=-0.638
A:E100V	B:E297V	logit=-1.138
A:N57R	B:N254R	logit=-1.487

Top tied mutations (C + D view):
C:V218L	D:V491L	logit=-0.457
C:K191R	D:K464R	logit=-0.536
C:S180T	D:S453T	logit=-0.688
C:T42V	D:T315V	logit=-0.758
C:N51P	D:N324P	logit=-0.793

Top tied mutations (A + B view):
A:T18V	B:T215V	logit=-0.405
A:N55S	B:N252S	logit=-0.432
A:N54V	B:N251V	logit=-0.721
A:E100V	B:E297V	logit=-1.330
A:V102I	B:V299I	logit=-1.551

Top tied mutations (C + D view):
C:V218L	D:V491L	logit=-0.442
C:K191R	D:K464R	logit=-0.562
C:S180T	D:S453T	logit=-0.654
C:T42V	D:T315V	logit=-0.745
C:S89A	D:S362A	logit=-0.841

Top tied mutations (A + B view):
A:T18V	B:T215V	logit=-0.430
A:N55S	B:N252S	logit=-0.476
A:N54V	B:N251V	logit=-0.721
A:E100V	B:E297V	logit=-1.237
A:N54I	B:N251I	logit=-1.502

Top tied mutations (C + D view):
C:V218L	D:V491L	logit=-0.429
C:K191R	D:K464R	logit=-0.540
C:S180T	D:S453T	logit=-0.664
C:T42V	D:T315V	logit=-0.744
C:N51P	D:N324P	logit=-0.790

Top tied mutations (A + B view):
A:T18V	B:T215V	logit=-0.417
A:N55S	B:N252S	logit=-0.502
A:N54V	B:N251V	logit=-0.871
A:E100V	B:E297V	logit=-1.362
A:V58T	B:V255T	logit=-1.581

Top tied mutations (C + D view):
C:V218L	D:V491L	logit=-0.415
C:K191R	D:K464R	logit=-0.498
C:S180T	D:S453T	logit=-0.671
C:T42V	D:T315V	logit=-0.709
C:S89A	D:S362A	logit=-0.863

Top tied mutations (A + B view):
A:T18V	B:T215V	logit=-0.375
A:N55S	B:N252S	logit=-0.519
A:N54V	B:N251V	logit=-0.898
A:E100V	B:E297V	logit=-1.386
A:V102I	B:V299I	logit=-1.571

Top tied mutations (C + D view):
C:V218L	D:V491L	logit=-0.424
C:K191R	D:K464R	logit=-0.536
C:S180T	D:S453T	logit=-0.626
C:T42V	D:T315V	logit=-0.722
C:N51P	D:N324P	logit=-0.877

Top tied mutations (A + B view):
A:T18V	B:T215V	logit=-0.369
A:N55S	B:N252S	logit=-0.416
A:N54V	B:N251V	logit=-0.846
A:E100V	B:E297V	logit=-1.385
A:V58T	B:V255T	logit=-1.565

Top tied mutations (C + D view):
C:V218L	D:V491L	logit=-0.431
C:K191R	D:K464R	logit=-0.543
C:S180T	D:S453T	logit=-0.652
C:T42V	D:T315V	logit=-0.715
C:N51P	D:N324P	logit=-0.764

Top tied mutations (A + B view):
A:T18V	B:T215V	logit=-0.390
A:N55S	B:N252S	logit=-0.429
A:N54V	B:N251V	logit=-0.730
A:E100V	B:E297V	logit=-1.188
A:V102I	B:V299I	logit=-1.573

Top tied mutations (C + D view):
C:K191R	D:K464R	logit=-0.488
C:V218L	D:V491L	logit=-0.490
C:S180T	D:S453T	logit=-0.633
C:N51P	D:N324P	logit=-0.695
C:T42V	D:T315V	logit=-0.713

Top tied mutations (A + B view):
A:T18V	B:T215V	logit=-0.392
A:N55S	B:N252S	logit=-0.511
A:N54V	B:N251V	logit=-0.829
A:E100V	B:E297V	logit=-1.294
A:V102I	B:V299I	logit=-1.591

Top tied mutations (C + D view):
C:V218L	D:V491L	logit=-0.431
C:K191R	D:K464R	logit=-0.504
C:S180T	D:S453T	logit=-0.638
C:N51P	D:N324P	logit=-0.752
C:T42V	D:T315V	logit=-0.787

Top tied mutations (A + B view):
A:T18V	B:T215V	logit=-0.412
A:N55S	B:N252S	logit=-0.561
A:N54V	B:N251V	logit=-0.769
A:E100V	B:E297V	logit=-1.400
A:V102I	B:V299I	logit=-1.517

Top tied mutations (C + D view):
C:V218L	D:V491L	logit=-0.482
C:K191R	D:K464R	logit=-0.640
C:S180T	D:S453T	logit=-0.650
C:T42V	D:T315V	logit=-0.683
C:N51P	D:N324P	logit=-0.842

Top tied mutations (A + B view):
A:T18V	B:T215V	logit=-0.342
A:N55S	B:N252S	logit=-0.543
A:N54V	B:N251V	logit=-0.803
A:E100V	B:E297V	logit=-1.282
A:V102I	B:V299I	logit=-1.502

Top tied mutations (C + D view):
C:V218L	D:V491L	logit=-0.456
C:K191R	D:K464R	logit=-0.562
C:S180T	D:S453T	logit=-0.679
C:T42V	D:T315V	logit=-0.684
C:N51P	D:N324P	logit=-0.748

Top tied mutations (A + B view):
A:T18V	B:T215V	logit=-0.375
A:N55S	B:N252S	logit=-0.465
A:N54V	B:N251V	logit=-0.826
A:E100V	B:E297V	logit=-1.253
A:V102I	B:V299I	logit=-1.540

Top tied mutations (C + D view):
C:V218L	D:V491L	logit=-0.412
C:K191R	D:K464R	logit=-0.598
C:S180T	D:S453T	logit=-0.648
C:T42V	D:T315V	logit=-0.692
C:S89A	D:S362A	logit=-0.813

Top tied mutations (A + B view):
A:T18V	B:T215V	logit=-0.352
A:N55S	B:N252S	logit=-0.622
A:N54V	B:N251V	logit=-0.635
A:E100V	B:E297V	logit=-1.348
A:V102I	B:V299I	logit=-1.487

Top tied mutations (C + D view):
C:V218L	D:V491L	logit=-0.411
C:K191R	D:K464R	logit=-0.594
C:S180T	D:S453T	logit=-0.663
C:T42V	D:T315V	logit=-0.744
C:S89A	D:S362A	logit=-0.882

Top tied mutations (A + B view):
A:T18V	B:T215V	logit=-0.378
A:N55S	B:N252S	logit=-0.516
A:N54V	B:N251V	logit=-0.701
A:E100V	B:E297V	logit=-1.302
A:V102I	B:V299I	logit=-1.544

Top tied mutations (C + D view):
C:V218L	D:V491L	logit=-0.462
C:K191R	D:K464R	logit=-0.546
C:S180T	D:S453T	logit=-0.678
C:T42V	D:T315V	logit=-0.713
C:S89A	D:S362A	logit=-0.824

Top tied mutations (A + B view):
A:T18V	B:T215V	logit=-0.276
A:N55S	B:N252S	logit=-0.533
A:N54V	B:N251V	logit=-0.942
A:E100V	B:E297V	logit=-1.220
A:V102I	B:V299I	logit=-1.491

Top tied mutations (C + D view):
C:V218L	D:V491L	logit=-0.473
C:K191R	D:K464R	logit=-0.502
C:S180T	D:S453T	logit=-0.639
C:T42V	D:T315V	logit=-0.752
C:N51P	D:N324P	logit=-0.857

Top tied mutations (A + B view):
A:T18V	B:T215V	logit=-0.355
A:N55S	B:N252S	logit=-0.536
A:N54V	B:N251V	logit=-0.908
A:E100V	B:E297V	logit=-1.283
A:V102I	B:V299I	logit=-1.550

Top tied mutations (C + D view):
C:V218L	D:V491L	logit=-0.420
C:K191R	D:K464R	logit=-0.532
C:S180T	D:S453T	logit=-0.675
C:T42V	D:T315V	logit=-0.705
C:N51P	D:N324P	logit=-0.858

Top tied mutations (A + B view):
A:T18V	B:T215V	logit=-0.415
A:N55S	B:N252S	logit=-0.498
A:N54V	B:N251V	logit=-0.984
A:E100V	B:E297V	logit=-1.227
A:R61V	B:R258V	logit=-1.505

Top tied mutations (C + D view):
C:V218L	D:V491L	logit=-0.435
C:K191R	D:K464R	logit=-0.587
C:S180T	D:S453T	logit=-0.651
C:T42V	D:T315V	logit=-0.673
C:N51P	D:N324P	logit=-0.845

Top tied mutations (A + B view):
A:T18V	B:T215V	logit=-0.431
A:N55S	B:N252S	logit=-0.498
A:N54V	B:N251V	logit=-0.658
A:E100V	B:E297V	logit=-1.134
A:N54I	B:N251I	logit=-1.440

Top tied mutations (C + D view):
C:V218L	D:V491L	logit=-0.441
C:K191R	D:K464R	logit=-0.521
C:T42V	D:T315V	logit=-0.673
C:S180T	D:S453T	logit=-0.698
C:N51P	D:N324P	logit=-0.806

Top tied mutations (A + B view):
A:T18V	B:T215V	logit=-0.349
A:N55S	B:N252S	logit=-0.532
A:N54V	B:N251V	logit=-0.703
A:E100V	B:E297V	logit=-1.245
A:N54I	B:N251I	logit=-1.403

Top tied mutations (C + D view):
C:V218L	D:V491L	logit=-0.411
C:K191R	D:K464R	logit=-0.531
C:S180T	D:S453T	logit=-0.648
C:N51P	D:N324P	logit=-0.714
C:T42V	D:T315V	logit=-0.734

Top tied mutations (A + B view):
A:T18V	B:T215V	logit=-0.363
A:N55S	B:N252S	logit=-0.474
A:N54V	B:N251V	logit=-0.797
A:E100V	B:E297V	logit=-1.180
A:V102I	B:V299I	logit=-1.498

Top tied mutations (C + D view):
C:V218L	D:V491L	logit=-0.417
C:K191R	D:K464R	logit=-0.528
C:S180T	D:S453T	logit=-0.651
C:T42V	D:T315V	logit=-0.725
C:N51P	D:N324P	logit=-0.861

Top tied mutations (A + B view):
A:T18V	B:T215V	logit=-0.407
A:N55S	B:N252S	logit=-0.498
A:N54V	B:N251V	logit=-0.710
A:E100V	B:E297V	logit=-1.246
A:R61K	B:R258K	logit=-1.387

Top tied mutations (C + D view):
C:V218L	D:V491L	logit=-0.485
C:K191R	D:K464R	logit=-0.564
C:S180T	D:S453T	logit=-0.690
C:T42V	D:T315V	logit=-0.706
C:N51P	D:N324P	logit=-0.791

Top tied mutations (A + B view):
A:T18V	B:T215V	logit=-0.405
A:N55S	B:N252S	logit=-0.545
A:N54V	B:N251V	logit=-0.791
A:E100V	B:E297V	logit=-1.311
A:N54I	B:N251I	logit=-1.343

Top tied mutations (C + D view):
C:V218L	D:V491L	logit=-0.439
C:K191R	D:K464R	logit=-0.562
C:S180T	D:S453T	logit=-0.642
C:T42V	D:T315V	logit=-0.687
C:N51P	D:N324P	logit=-0.753

Top tied mutations (A + B view):
A:T18V	B:T215V	logit=-0.341
A:N55S	B:N252S	logit=-0.403
A:N54V	B:N251V	logit=-0.798
A:E100V	B:E297V	logit=-1.356
A:R61K	B:R258K	logit=-1.629

Top tied mutations (C + D view):
C:V218L	D:V491L	logit=-0.444
C:K191R	D:K464R	logit=-0.595
C:S180T	D:S453T	logit=-0.681
C:T42V	D:T315V	logit=-0.753
C:A168P	D:A441P	logit=-0.916

Top tied mutations (A + B view):
A:T18V	B:T215V	logit=-0.375
A:N55S	B:N252S	logit=-0.517
A:N54V	B:N251V	logit=-0.831
A:E100V	B:E297V	logit=-1.150
A:R61V	B:R258V	logit=-1.509

Top tied mutations (C + D view):
C:V218L	D:V491L	logit=-0.482
C:K191R	D:K464R	logit=-0.569
C:S180T	D:S453T	logit=-0.674
C:T42V	D:T315V	logit=-0.704
C:N51P	D:N324P	logit=-0.747

Top tied mutations (A + B view):
A:T18V	B:T215V	logit=-0.440
A:N55S	B:N252S	logit=-0.501
A:N54V	B:N251V	logit=-0.674
A:E100V	B:E297V	logit=-1.376
A:R61K	B:R258K	logit=-1.482

Top tied mutations (C + D view):
C:V218L	D:V491L	logit=-0.474
C:K191R	D:K464R	logit=-0.525
C:S180T	D:S453T	logit=-0.647
C:T42V	D:T315V	logit=-0.746
C:N51P	D:N324P	logit=-0.859

Top tied mutations (A + B view):
A:T18V	B:T215V	logit=-0.391
A:N55S	B:N252S	logit=-0.451
A:N54V	B:N251V	logit=-0.774
A:E100V	B:E297V	logit=-1.302
A:N54I	B:N251I	logit=-1.519

Top tied mutations (C + D view):
C:V218L	D:V491L	logit=-0.461
C:K191R	D:K464R	logit=-0.536
C:S180T	D:S453T	logit=-0.666
C:T42V	D:T315V	logit=-0.786
C:N51P	D:N324P	logit=-0.894

Top tied mutations (A + B view):
A:T18V	B:T215V	logit=-0.367
A:N55S	B:N252S	logit=-0.550
A:N54V	B:N251V	logit=-0.988
A:E100V	B:E297V	logit=-1.153
A:V102I	B:V299I	logit=-1.471

Top tied mutations (C + D view):
C:V218L	D:V491L	logit=-0.466
C:K191R	D:K464R	logit=-0.535
C:S180T	D:S453T	logit=-0.654
C:T42V	D:T315V	logit=-0.710
C:S89A	D:S362A	logit=-0.920

Top tied mutations (A + B view):
A:N55S	B:N252S	logit=-0.426
A:T18V	B:T215V	logit=-0.442
A:N54V	B:N251V	logit=-0.767
A:E100V	B:E297V	logit=-1.405
A:R61V	B:R258V	logit=-1.601

Top tied mutations (C + D view):
C:V218L	D:V491L	logit=-0.443
C:K191R	D:K464R	logit=-0.546
C:S180T	D:S453T	logit=-0.662
C:T42V	D:T315V	logit=-0.729
C:N51P	D:N324P	logit=-0.827

Top tied mutations (A + B view):
A:T18V	B:T215V	logit=-0.366
A:N55S	B:N252S	logit=-0.451
A:N54V	B:N251V	logit=-1.008
A:E100V	B:E297V	logit=-1.217
A:N54I	B:N251I	logit=-1.424

Top tied mutations (C + D view):
C:V218L	D:V491L	logit=-0.409
C:K191R	D:K464R	logit=-0.564
C:S180T	D:S453T	logit=-0.656
C:T42V	D:T315V	logit=-0.715
C:N51P	D:N324P	logit=-0.854

Top tied mutations (A + B view):
A:T18V	B:T215V	logit=-0.415
A:N55S	B:N252S	logit=-0.541
A:N54V	B:N251V	logit=-0.753
A:E100V	B:E297V	logit=-1.197
A:N57R	B:N254R	logit=-1.447

Top tied mutations (C + D view):
C:V218L	D:V491L	logit=-0.451
C:K191R	D:K464R	logit=-0.538
C:S180T	D:S453T	logit=-0.649
C:T42V	D:T315V	logit=-0.718
C:N51P	D:N324P	logit=-0.773

Top tied mutations (A + B view):
A:T18V	B:T215V	logit=-0.342
A:N55S	B:N252S	logit=-0.487
A:N54V	B:N251V	logit=-0.652
A:E100V	B:E297V	logit=-1.360
A:V58T	B:V255T	logit=-1.531

Top tied mutations (C + D view):
C:V218L	D:V491L	logit=-0.412
C:K191R	D:K464R	logit=-0.492
C:S180T	D:S453T	logit=-0.638
C:T42V	D:T315V	logit=-0.734
C:N51P	D:N324P	logit=-0.786

Top tied mutations (A + B view):
A:T18V	B:T215V	logit=-0.301
A:N55S	B:N252S	logit=-0.514
A:N54V	B:N251V	logit=-0.791
A:E100V	B:E297V	logit=-1.285
A:R61K	B:R258K	logit=-1.543

Top tied mutations (C + D view):
C:V218L	D:V491L	logit=-0.397
C:K191R	D:K464R	logit=-0.583
C:S180T	D:S453T	logit=-0.647
C:T42V	D:T315V	logit=-0.746
C:N51P	D:N324P	logit=-0.754

Top tied mutations (A + B view):
A:T18V	B:T215V	logit=-0.370
A:N55S	B:N252S	logit=-0.559
A:N54V	B:N251V	logit=-0.769
A:E100V	B:E297V	logit=-1.365
A:V102I	B:V299I	logit=-1.550

Top tied mutations (C + D view):
C:V218L	D:V491L	logit=-0.403
C:K191R	D:K464R	logit=-0.536
C:S180T	D:S453T	logit=-0.645
C:T42V	D:T315V	logit=-0.788
C:S89A	D:S362A	logit=-0.873

Top tied mutations (A + B view):
A:T18V	B:T215V	logit=-0.413
A:N55S	B:N252S	logit=-0.451
A:N54V	B:N251V	logit=-0.809
A:E100V	B:E297V	logit=-1.299
A:R61K	B:R258K	logit=-1.549

Top tied mutations (C + D view):
C:V218L	D:V491L	logit=-0.417
C:K191R	D:K464R	logit=-0.520
C:S180T	D:S453T	logit=-0.675
C:T42V	D:T315V	logit=-0.757
C:N51P	D:N324P	logit=-0.838

Top tied mutations (A + B view):
A:T18V	B:T215V	logit=-0.337
A:N55S	B:N252S	logit=-0.491
A:N54V	B:N251V	logit=-0.749
A:E100V	B:E297V	logit=-1.168
A:N54I	B:N251I	logit=-1.486

Top tied mutations (C + D view):
C:V218L	D:V491L	logit=-0.473
C:K191R	D:K464R	logit=-0.542
C:S180T	D:S453T	logit=-0.637
C:T42V	D:T315V	logit=-0.670
C:N51P	D:N324P	logit=-0.842

Top tied mutations (A + B view):
A:T18V	B:T215V	logit=-0.419
A:N55S	B:N252S	logit=-0.517
A:N54V	B:N251V	logit=-0.704
A:E100V	B:E297V	logit=-1.286
A:N57R	B:N254R	logit=-1.536

Top tied mutations (C + D view):
C:V218L	D:V491L	logit=-0.458
C:K191R	D:K464R	logit=-0.543
C:S180T	D:S453T	logit=-0.620
C:T42V	D:T315V	logit=-0.817
C:S89A	D:S362A	logit=-0.839

Top tied mutations (A + B view):
A:T18V	B:T215V	logit=-0.437
A:N55S	B:N252S	logit=-0.596
A:N54V	B:N251V	logit=-1.000
A:E100V	B:E297V	logit=-1.172
A:N57R	B:N254R	logit=-1.395

Top tied mutations (C + D view):
C:V218L	D:V491L	logit=-0.417
C:K191R	D:K464R	logit=-0.565
C:S180T	D:S453T	logit=-0.663
C:T42V	D:T315V	logit=-0.726
C:N51P	D:N324P	logit=-0.872

Top tied mutations (A + B view):
A:T18V	B:T215V	logit=-0.316
A:N55S	B:N252S	logit=-0.533
A:N54V	B:N251V	logit=-0.963
A:E100V	B:E297V	logit=-1.293
A:V102I	B:V299I	logit=-1.536

Top tied mutations (C + D view):
C:V218L	D:V491L	logit=-0.407
C:K191R	D:K464R	logit=-0.558
C:S180T	D:S453T	logit=-0.670
C:T42V	D:T315V	logit=-0.710
C:N51P	D:N324P	logit=-0.900

Top tied mutations (A + B view):
A:T18V	B:T215V	logit=-0.430
A:N55S	B:N252S	logit=-0.470
A:N54V	B:N251V	logit=-0.812
A:E100V	B:E297V	logit=-1.363
A:V102I	B:V299I	logit=-1.511

Top tied mutations (C + D view):
C:V218L	D:V491L	logit=-0.429
C:K191R	D:K464R	logit=-0.566
C:S180T	D:S453T	logit=-0.648
C:T42V	D:T315V	logit=-0.745
C:N51P	D:N324P	logit=-0.904

Top tied mutations (A + B view):
A:T18V	B:T215V	logit=-0.432
A:N55S	B:N252S	logit=-0.537
A:N54V	B:N251V	logit=-0.805
A:E100V	B:E297V	logit=-1.270
A:V102I	B:V299I	logit=-1.490

Top tied mutations (C + D view):
C:V218L	D:V491L	logit=-0.452
C:K191R	D:K464R	logit=-0.548
C:S180T	D:S453T	logit=-0.698
C:T42V	D:T315V	logit=-0.719
C:S89A	D:S362A	logit=-0.869

Top tied mutations (A + B view):
A:N55S	B:N252S	logit=-0.483
A:T18V	B:T215V	logit=-0.487
A:N54V	B:N251V	logit=-0.808
A:E100V	B:E297V	logit=-1.328
A:V102I	B:V299I	logit=-1.589

Top tied mutations (C + D view):
C:V218L	D:V491L	logit=-0.423
C:K191R	D:K464R	logit=-0.536
C:S180T	D:S453T	logit=-0.651
C:T42V	D:T315V	logit=-0.662
C:N51P	D:N324P	logit=-0.784

Top tied mutations (A + B view):
A:T18V	B:T215V	logit=-0.431
A:N55S	B:N252S	logit=-0.460
A:N54V	B:N251V	logit=-0.805
A:E100V	B:E297V	logit=-1.267
A:V102I	B:V299I	logit=-1.518

Top tied mutations (C + D view):
C:V218L	D:V491L	logit=-0.441
C:K191R	D:K464R	logit=-0.585
C:S180T	D:S453T	logit=-0.659
C:T42V	D:T315V	logit=-0.726
C:S89A	D:S362A	logit=-0.890

Top tied mutations (A + B view):
A:T18V	B:T215V	logit=-0.322
A:N55S	B:N252S	logit=-0.571
A:N54V	B:N251V	logit=-0.953
A:E100V	B:E297V	logit=-1.232
A:V102I	B:V299I	logit=-1.558

Top tied mutations (C + D view):
C:V218L	D:V491L	logit=-0.466
C:K191R	D:K464R	logit=-0.556
C:S180T	D:S453T	logit=-0.666
C:T42V	D:T315V	logit=-0.819
C:N51P	D:N324P	logit=-0.867

Top tied mutations (A + B view):
A:T18V	B:T215V	logit=-0.370
A:N55S	B:N252S	logit=-0.474
A:N54V	B:N251V	logit=-0.678
A:E100V	B:E297V	logit=-1.375
A:N54I	B:N251I	logit=-1.568

Top tied mutations (C + D view):
C:V218L	D:V491L	logit=-0.427
C:K191R	D:K464R	logit=-0.597
C:S180T	D:S453T	logit=-0.671
C:T42V	D:T315V	logit=-0.736
C:N51P	D:N324P	logit=-0.808

Top tied mutations (A + B view):
A:T18V	B:T215V	logit=-0.354
A:N55S	B:N252S	logit=-0.497
A:N54V	B:N251V	logit=-0.749
A:E100V	B:E297V	logit=-1.197
A:N57R	B:N254R	logit=-1.438

Top tied mutations (C + D view):
C:V218L	D:V491L	logit=-0.401
C:K191R	D:K464R	logit=-0.557
C:S180T	D:S453T	logit=-0.650
C:T42V	D:T315V	logit=-0.790
C:S89A	D:S362A	logit=-0.853

Top tied mutations (A + B view):
A:T18V	B:T215V	logit=-0.385
A:N55S	B:N252S	logit=-0.518
A:N54V	B:N251V	logit=-0.816
A:E100V	B:E297V	logit=-1.346
A:R61K	B:R258K	logit=-1.576

Top tied mutations (C + D view):
C:K191R	D:K464R	logit=-0.498
C:V218L	D:V491L	logit=-0.504
C:S180T	D:S453T	logit=-0.671
C:T42V	D:T315V	logit=-0.730
C:S89A	D:S362A	logit=-0.825

Top tied mutations (A + B view):
A:T18V	B:T215V	logit=-0.343
A:N55S	B:N252S	logit=-0.484
A:N54V	B:N251V	logit=-0.866
A:E100V	B:E297V	logit=-1.257
A:N54I	B:N251I	logit=-1.534

Top tied mutations (C + D view):
C:V218L	D:V491L	logit=-0.452
C:K191R	D:K464R	logit=-0.510
C:T42V	D:T315V	logit=-0.652
C:S180T	D:S453T	logit=-0.672
C:N51P	D:N324P	logit=-0.719

Top tied mutations (A + B view):
A:T18V	B:T215V	logit=-0.467
A:N55S	B:N252S	logit=-0.524
A:N54V	B:N251V	logit=-0.687
A:E100V	B:E297V	logit=-1.237
A:R61K	B:R258K	logit=-1.484

Top tied mutations (C + D view):
C:V218L	D:V491L	logit=-0.396
C:K191R	D:K464R	logit=-0.584
C:S180T	D:S453T	logit=-0.643
C:T42V	D:T315V	logit=-0.774
C:S89A	D:S362A	logit=-0.910

Top tied mutations (A + B view):
A:T18V	B:T215V	logit=-0.375
A:N55S	B:N252S	logit=-0.521
A:N54V	B:N251V	logit=-0.655
A:E100V	B:E297V	logit=-1.258
A:N54I	B:N251I	logit=-1.438

Top tied mutations (C + D view):
C:V218L	D:V491L	logit=-0.459
C:K191R	D:K464R	logit=-0.567
C:S180T	D:S453T	logit=-0.616
C:T42V	D:T315V	logit=-0.659
C:N51P	D:N324P	logit=-0.855

Top tied mutations (A + B view):
A:T18V	B:T215V	logit=-0.426
A:N55S	B:N252S	logit=-0.438
A:N54V	B:N251V	logit=-0.906
A:E100V	B:E297V	logit=-1.238
A:N54I	B:N251I	logit=-1.544

Top tied mutations (C + D view):
C:V218L	D:V491L	logit=-0.451
C:K191R	D:K464R	logit=-0.571
C:S180T	D:S453T	logit=-0.650
C:T42V	D:T315V	logit=-0.745
C:N51P	D:N324P	logit=-0.869

Top tied mutations (A + B view):
A:T18V	B:T215V	logit=-0.448
A:N55S	B:N252S	logit=-0.477
A:N54V	B:N251V	logit=-0.708
A:E100V	B:E297V	logit=-1.403
A:R61K	B:R258K	logit=-1.596

Top tied mutations (C + D view):
C:V218L	D:V491L	logit=-0.413
C:K191R	D:K464R	logit=-0.594
C:S180T	D:S453T	logit=-0.651
C:T42V	D:T315V	logit=-0.760
C:S89A	D:S362A	logit=-0.861

Top tied mutations (A + B view):
A:T18V	B:T215V	logit=-0.361
A:N55S	B:N252S	logit=-0.537
A:N54V	B:N251V	logit=-0.905
A:E100V	B:E297V	logit=-1.373
A:V102I	B:V299I	logit=-1.571

Top tied mutations (C + D view):
C:V218L	D:V491L	logit=-0.464
C:K191R	D:K464R	logit=-0.545
C:S180T	D:S453T	logit=-0.630
C:T42V	D:T315V	logit=-0.721
C:N51P	D:N324P	logit=-0.751

Top tied mutations (A + B view):
A:T18V	B:T215V	logit=-0.414
A:N55S	B:N252S	logit=-0.478
A:N54V	B:N251V	logit=-1.009
A:E100V	B:E297V	logit=-1.211
A:V102I	B:V299I	logit=-1.483

Top tied mutations (C + D view):
C:V218L	D:V491L	logit=-0.420
C:K191R	D:K464R	logit=-0.597
C:S180T	D:S453T	logit=-0.675
C:T42V	D:T315V	logit=-0.755
C:N51P	D:N324P	logit=-0.846

Top tied mutations (A + B view):
A:T18V	B:T215V	logit=-0.394
A:N55S	B:N252S	logit=-0.494
A:N54V	B:N251V	logit=-0.852
A:E100V	B:E297V	logit=-1.115
A:V58T	B:V255T	logit=-1.530

Top tied mutations (C + D view):
C:V218L	D:V491L	logit=-0.484
C:K191R	D:K464R	logit=-0.537
C:S180T	D:S453T	logit=-0.636
C:T42V	D:T315V	logit=-0.691
C:S89A	D:S362A	logit=-0.874

Top tied mutations (A + B view):
A:T18V	B:T215V	logit=-0.355
A:N55S	B:N252S	logit=-0.473
A:N54V	B:N251V	logit=-0.750
A:E100V	B:E297V	logit=-1.464
A:V102I	B:V299I	logit=-1.554

Top tied mutations (C + D view):
C:V218L	D:V491L	logit=-0.421
C:S180T	D:S453T	logit=-0.658
C:K191R	D:K464R	logit=-0.667
C:T42V	D:T315V	logit=-0.765
C:N51P	D:N324P	logit=-0.826

Top tied mutations (A + B view):
A:T18V	B:T215V	logit=-0.466
A:N55S	B:N252S	logit=-0.580
A:N54V	B:N251V	logit=-0.834
A:E100V	B:E297V	logit=-1.313
A:V102I	B:V299I	logit=-1.493

Top tied mutations (C + D view):
C:V218L	D:V491L	logit=-0.435
C:K191R	D:K464R	logit=-0.589
C:S180T	D:S453T	logit=-0.660
C:T42V	D:T315V	logit=-0.781
C:N51P	D:N324P	logit=-0.834

Top tied mutations (A + B view):
A:T18V	B:T215V	logit=-0.430
A:N55S	B:N252S	logit=-0.491
A:N54V	B:N251V	logit=-0.842
A:E100V	B:E297V	logit=-1.122
A:V58T	B:V255T	logit=-1.610

Top tied mutations (C + D view):
C:V218L	D:V491L	logit=-0.413
C:K191R	D:K464R	logit=-0.532
C:S180T	D:S453T	logit=-0.644
C:T42V	D:T315V	logit=-0.790
C:N51P	D:N324P	logit=-0.804

Top tied mutations (A + B view):
A:T18V	B:T215V	logit=-0.332
A:N55S	B:N252S	logit=-0.431
A:N54V	B:N251V	logit=-1.010
A:E100V	B:E297V	logit=-1.353
A:R61K	B:R258K	logit=-1.570

Top tied mutations (C + D view):
C:V218L	D:V491L	logit=-0.458
C:K191R	D:K464R	logit=-0.602
C:S180T	D:S453T	logit=-0.648
C:T42V	D:T315V	logit=-0.721
C:N219S	D:N492S	logit=-0.929

Top tied mutations (A + B view):
A:T18V	B:T215V	logit=-0.348
A:N55S	B:N252S	logit=-0.544
A:N54V	B:N251V	logit=-0.907
A:E100V	B:E297V	logit=-1.250
A:N54I	B:N251I	logit=-1.501

Top tied mutations (C + D view):
C:V218L	D:V491L	logit=-0.429
C:K191R	D:K464R	logit=-0.543
C:S180T	D:S453T	logit=-0.664
C:T42V	D:T315V	logit=-0.730
C:N51P	D:N324P	logit=-0.753

Top tied mutations (A + B view):
A:T18V	B:T215V	logit=-0.355
A:N55S	B:N252S	logit=-0.554
A:N54V	B:N251V	logit=-0.968
A:E100V	B:E297V	logit=-1.078
A:N57R	B:N254R	logit=-1.558

Top tied mutations (C + D view):
C:V218L	D:V491L	logit=-0.404
C:K191R	D:K464R	logit=-0.537
C:S180T	D:S453T	logit=-0.654
C:T42V	D:T315V	logit=-0.688
C:N51P	D:N324P	logit=-0.804

Top tied mutations (A + B view):
A:T18V	B:T215V	logit=-0.389
A:N55S	B:N252S	logit=-0.555
A:N54V	B:N251V	logit=-0.845
A:E100V	B:E297V	logit=-1.324
A:N54I	B:N251I	logit=-1.339

Top tied mutations (C + D view):
C:V218L	D:V491L	logit=-0.459
C:S180T	D:S453T	logit=-0.673
C:K191R	D:K464R	logit=-0.699
C:T42V	D:T315V	logit=-0.821
C:N51P	D:N324P	logit=-0.836

Top tied mutations (A + B view):
A:T18V	B:T215V	logit=-0.486
A:N55S	B:N252S	logit=-0.606
A:N54V	B:N251V	logit=-0.913
A:E100V	B:E297V	logit=-1.156
A:N54I	B:N251I	logit=-1.366

Top tied mutations (C + D view):
C:V218L	D:V491L	logit=-0.481
C:K191R	D:K464R	logit=-0.577
C:S180T	D:S453T	logit=-0.659
C:T42V	D:T315V	logit=-0.734
C:N51P	D:N324P	logit=-0.823

Top tied mutations (A + B view):
A:T18V	B:T215V	logit=-0.326
A:N55S	B:N252S	logit=-0.545
A:N54V	B:N251V	logit=-0.878
A:E100V	B:E297V	logit=-1.192
A:V102I	B:V299I	logit=-1.495

Top tied mutations (C + D view):
C:V218L	D:V491L	logit=-0.461
C:K191R	D:K464R	logit=-0.538
C:S180T	D:S453T	logit=-0.654
C:T42V	D:T315V	logit=-0.715
C:N51P	D:N324P	logit=-0.849

Top tied mutations (A + B view):
A:T18V	B:T215V	logit=-0.367
A:N55S	B:N252S	logit=-0.456
A:N54V	B:N251V	logit=-0.710
A:E100V	B:E297V	logit=-1.320
A:N54I	B:N251I	logit=-1.490

Top tied mutations (C + D view):
C:V218L	D:V491L	logit=-0.422
C:K191R	D:K464R	logit=-0.498
C:S180T	D:S453T	logit=-0.672
C:T42V	D:T315V	logit=-0.775
C:S89A	D:S362A	logit=-0.866

Top tied mutations (A + B view):
A:N55S	B:N252S	logit=-0.387
A:T18V	B:T215V	logit=-0.424
A:N54V	B:N251V	logit=-0.828
A:E100V	B:E297V	logit=-1.436
A:N57R	B:N254R	logit=-1.461

Top tied mutations (C + D view):
C:V218L	D:V491L	logit=-0.488
C:K191R	D:K464R	logit=-0.548
C:S180T	D:S453T	logit=-0.662
C:T42V	D:T315V	logit=-0.680
C:N51P	D:N324P	logit=-0.829

Top tied mutations (A + B view):
A:T18V	B:T215V	logit=-0.418
A:N55S	B:N252S	logit=-0.482
A:N54V	B:N251V	logit=-0.672
A:N57R	B:N254R	logit=-1.234
A:E100V	B:E297V	logit=-1.339

Top tied mutations (C + D view):
C:V218L	D:V491L	logit=-0.487
C:K191R	D:K464R	logit=-0.574
C:S180T	D:S453T	logit=-0.648
C:T42V	D:T315V	logit=-0.753
C:S89A	D:S362A	logit=-0.873

Top tied mutations (A + B view):
A:T18V	B:T215V	logit=-0.353
A:N55S	B:N252S	logit=-0.489
A:N54V	B:N251V	logit=-0.941
A:E100V	B:E297V	logit=-1.210
A:V102I	B:V299I	logit=-1.510

Top tied mutations (C + D view):
C:V218L	D:V491L	logit=-0.484
C:K191R	D:K464R	logit=-0.485
C:S180T	D:S453T	logit=-0.646
C:T42V	D:T315V	logit=-0.716
C:N51P	D:N324P	logit=-0.822

Top tied mutations (A + B view):
A:T18V	B:T215V	logit=-0.430
A:N55S	B:N252S	logit=-0.478
A:N54V	B:N251V	logit=-0.769
A:E100V	B:E297V	logit=-1.291
A:R61K	B:R258K	logit=-1.526

Top tied mutations (C + D view):
C:V218L	D:V491L	logit=-0.456
C:K191R	D:K464R	logit=-0.552
C:S180T	D:S453T	logit=-0.648
C:T42V	D:T315V	logit=-0.765
C:A168P	D:A441P	logit=-0.921

Top tied mutations (A + B view):
A:T18V	B:T215V	logit=-0.381
A:N55S	B:N252S	logit=-0.475
A:N54V	B:N251V	logit=-0.820
A:E100V	B:E297V	logit=-1.332
A:V58T	B:V255T	logit=-1.464

Top tied mutations (C + D view):
C:V218L	D:V491L	logit=-0.463
C:K191R	D:K464R	logit=-0.618
C:S180T	D:S453T	logit=-0.657
C:T42V	D:T315V	logit=-0.692
C:N51P	D:N324P	logit=-0.808

Top tied mutations (A + B view):
A:T18V	B:T215V	logit=-0.374
A:N55S	B:N252S	logit=-0.463
A:N54V	B:N251V	logit=-0.753
A:E100V	B:E297V	logit=-1.191
A:N57R	B:N254R	logit=-1.545

Top tied mutations (C + D view):
C:V218L	D:V491L	logit=-0.446
C:K191R	D:K464R	logit=-0.506
C:S180T	D:S453T	logit=-0.671
C:T42V	D:T315V	logit=-0.687
C:N51P	D:N324P	logit=-0.810

Top tied mutations (A + B view):
A:T18V	B:T215V	logit=-0.412
A:N55S	B:N252S	logit=-0.558
A:N54V	B:N251V	logit=-0.803
A:E100V	B:E297V	logit=-1.303
A:N54I	B:N251I	logit=-1.417

Top tied mutations (C + D view):
C:V218L	D:V491L	logit=-0.445
C:K191R	D:K464R	logit=-0.534
C:S180T	D:S453T	logit=-0.639
C:T42V	D:T315V	logit=-0.700
C:S89A	D:S362A	logit=-0.885

Top tied mutations (A + B view):
A:T18V	B:T215V	logit=-0.410
A:N55S	B:N252S	logit=-0.494
A:N54V	B:N251V	logit=-0.852
A:E100V	B:E297V	logit=-1.339
A:V102I	B:V299I	logit=-1.486

Top tied mutations (C + D view):
C:V218L	D:V491L	logit=-0.469
C:K191R	D:K464R	logit=-0.523
C:S180T	D:S453T	logit=-0.642
C:T42V	D:T315V	logit=-0.729
C:N51P	D:N324P	logit=-0.844

Top tied mutations (A + B view):
A:T18V	B:T215V	logit=-0.405
A:N55S	B:N252S	logit=-0.526
A:N54V	B:N251V	logit=-0.774
A:E100V	B:E297V	logit=-1.302
A:V58T	B:V255T	logit=-1.525

Top tied mutations (C + D view):
C:V218L	D:V491L	logit=-0.508
C:K191R	D:K464R	logit=-0.581
C:S180T	D:S453T	logit=-0.659
C:T42V	D:T315V	logit=-0.691
C:N51P	D:N324P	logit=-0.723

Top tied mutations (A + B view):
A:T18V	B:T215V	logit=-0.389
A:N55S	B:N252S	logit=-0.500
A:N54V	B:N251V	logit=-0.714
A:E100V	B:E297V	logit=-1.273
A:N54I	B:N251I	logit=-1.569

Top tied mutations (C + D view):
C:V218L	D:V491L	logit=-0.492
C:K191R	D:K464R	logit=-0.629
C:S180T	D:S453T	logit=-0.677
C:T42V	D:T315V	logit=-0.739
C:N51P	D:N324P	logit=-0.880

Top tied mutations (A + B view):
A:T18V	B:T215V	logit=-0.396
A:N55S	B:N252S	logit=-0.496
A:N54V	B:N251V	logit=-0.748
A:E100V	B:E297V	logit=-1.223
A:V102I	B:V299I	logit=-1.572

Top tied mutations (C + D view):
C:V218L	D:V491L	logit=-0.491
C:K191R	D:K464R	logit=-0.619
C:S180T	D:S453T	logit=-0.669
C:T42V	D:T315V	logit=-0.713
C:N51P	D:N324P	logit=-0.763

Top tied mutations (A + B view):
A:T18V	B:T215V	logit=-0.417
A:N55S	B:N252S	logit=-0.487
A:N54V	B:N251V	logit=-0.762
A:E100V	B:E297V	logit=-1.333
A:N57R	B:N254R	logit=-1.366

Top tied mutations (C + D view):
C:V218L	D:V491L	logit=-0.452
C:K191R	D:K464R	logit=-0.510
C:S180T	D:S453T	logit=-0.635
C:T42V	D:T315V	logit=-0.740
C:N51P	D:N324P	logit=-0.828

Top tied mutations (A + B view):
A:N55S	B:N252S	logit=-0.453
A:T18V	B:T215V	logit=-0.481
A:N54V	B:N251V	logit=-0.836
A:E100V	B:E297V	logit=-1.274
A:V102I	B:V299I	logit=-1.525

Top tied mutations (C + D view):
C:V218L	D:V491L	logit=-0.407
C:K191R	D:K464R	logit=-0.557
C:S180T	D:S453T	logit=-0.646
C:T42V	D:T315V	logit=-0.786
C:N51P	D:N324P	logit=-0.862

Top tied mutations (A + B view):
A:T18V	B:T215V	logit=-0.407
A:N55S	B:N252S	logit=-0.530
A:N54V	B:N251V	logit=-0.828
A:E100V	B:E297V	logit=-1.261
A:R61K	B:R258K	logit=-1.414

Top tied mutations (C + D view):
C:V218L	D:V491L	logit=-0.440
C:K191R	D:K464R	logit=-0.557
C:S180T	D:S453T	logit=-0.630
C:T42V	D:T315V	logit=-0.702
C:N51P	D:N324P	logit=-0.895

Top tied mutations (A + B view):
A:T18V	B:T215V	logit=-0.365
A:N55S	B:N252S	logit=-0.481
A:N54V	B:N251V	logit=-0.774
A:E100V	B:E297V	logit=-1.313
A:N54I	B:N251I	logit=-1.415

Top tied mutations (C + D view):
C:V218L	D:V491L	logit=-0.430
C:K191R	D:K464R	logit=-0.527
C:S180T	D:S453T	logit=-0.661
C:T42V	D:T315V	logit=-0.725
C:S89A	D:S362A	logit=-0.921

Top tied mutations (A + B view):
A:T18V	B:T215V	logit=-0.337
A:N55S	B:N252S	logit=-0.511
A:N54V	B:N251V	logit=-0.874
A:E100V	B:E297V	logit=-1.211
A:N57R	B:N254R	logit=-1.429

Top tied mutations (C + D view):
C:V218L	D:V491L	logit=-0.464
C:K191R	D:K464R	logit=-0.533
C:S180T	D:S453T	logit=-0.662
C:T42V	D:T315V	logit=-0.720
C:N51P	D:N324P	logit=-0.769

Top tied mutations (A + B view):
A:T18V	B:T215V	logit=-0.410
A:N55S	B:N252S	logit=-0.489
A:N54V	B:N251V	logit=-0.763
A:E100V	B:E297V	logit=-1.313
A:R61V	B:R258V	logit=-1.535

Top tied mutations (C + D view):
C:V218L	D:V491L	logit=-0.495
C:K191R	D:K464R	logit=-0.580
C:S180T	D:S453T	logit=-0.643
C:T42V	D:T315V	logit=-0.696
C:N51P	D:N324P	logit=-0.837

Top tied mutations (A + B view):
A:T18V	B:T215V	logit=-0.354
A:N55S	B:N252S	logit=-0.438
A:N54V	B:N251V	logit=-0.810
A:E100V	B:E297V	logit=-1.152
A:V102I	B:V299I	logit=-1.516

Top tied mutations (C + D view):
C:V218L	D:V491L	logit=-0.427
C:K191R	D:K464R	logit=-0.612
C:S180T	D:S453T	logit=-0.673
C:T42V	D:T315V	logit=-0.760
C:N51P	D:N324P	logit=-0.802

Top tied mutations (A + B view):
A:T18V	B:T215V	logit=-0.345
A:N55S	B:N252S	logit=-0.506
A:N54V	B:N251V	logit=-0.698
A:E100V	B:E297V	logit=-1.251
A:V102I	B:V299I	logit=-1.461

Top tied mutations (C + D view):
C:V218L	D:V491L	logit=-0.463
C:K191R	D:K464R	logit=-0.579
C:S180T	D:S453T	logit=-0.672
C:T42V	D:T315V	logit=-0.704
C:N51P	D:N324P	logit=-0.887

Top tied mutations (A + B view):
A:T18V	B:T215V	logit=-0.411
A:N55S	B:N252S	logit=-0.491
A:N54V	B:N251V	logit=-0.707
A:E100V	B:E297V	logit=-1.154
A:N57R	B:N254R	logit=-1.513

Top tied mutations (C + D view):
C:V218L	D:V491L	logit=-0.421
C:K191R	D:K464R	logit=-0.544
C:S180T	D:S453T	logit=-0.608
C:T42V	D:T315V	logit=-0.730
C:N51P	D:N324P	logit=-0.747

Top tied mutations (A + B view):
A:T18V	B:T215V	logit=-0.410
A:N55S	B:N252S	logit=-0.437
A:N54V	B:N251V	logit=-0.674
A:E100V	B:E297V	logit=-1.365
A:V102I	B:V299I	logit=-1.578

Top tied mutations (C + D view):
C:V218L	D:V491L	logit=-0.435
C:K191R	D:K464R	logit=-0.628
C:S180T	D:S453T	logit=-0.659
C:T42V	D:T315V	logit=-0.715
C:N51P	D:N324P	logit=-0.877

Top tied mutations (A + B view):
A:T18V	B:T215V	logit=-0.407
A:N55S	B:N252S	logit=-0.479
A:N54V	B:N251V	logit=-0.883
A:E100V	B:E297V	logit=-1.352
A:V102I	B:V299I	logit=-1.553

Top tied mutations (C + D view):
C:V218L	D:V491L	logit=-0.472
C:S180T	D:S453T	logit=-0.657
C:K191R	D:K464R	logit=-0.673
C:T42V	D:T315V	logit=-0.698
C:N51P	D:N324P	logit=-0.861

Top tied mutations (A + B view):
A:T18V	B:T215V	logit=-0.473
A:N55S	B:N252S	logit=-0.525
A:N54V	B:N251V	logit=-0.737
A:E100V	B:E297V	logit=-1.138
A:V102I	B:V299I	logit=-1.423

Top tied mutations (C + D view):
C:V218L	D:V491L	logit=-0.453
C:K191R	D:K464R	logit=-0.567
C:S180T	D:S453T	logit=-0.657
C:T42V	D:T315V	logit=-0.795
C:S89A	D:S362A	logit=-0.850

Top tied mutations (A + B view):
A:T18V	B:T215V	logit=-0.460
A:N55S	B:N252S	logit=-0.510
A:N54V	B:N251V	logit=-0.676
A:E100V	B:E297V	logit=-1.262
A:V102I	B:V299I	logit=-1.622

Top tied mutations (C + D view):
C:V218L	D:V491L	logit=-0.493
C:K191R	D:K464R	logit=-0.506
C:S180T	D:S453T	logit=-0.655
C:T42V	D:T315V	logit=-0.757
C:N51P	D:N324P	logit=-0.825

Top tied mutations (A + B view):
A:T18V	B:T215V	logit=-0.373
A:N55S	B:N252S	logit=-0.520
A:N54V	B:N251V	logit=-0.834
A:E100V	B:E297V	logit=-1.223
A:V102I	B:V299I	logit=-1.589

Top tied mutations (C + D view):
C:V218L	D:V491L	logit=-0.464
C:K191R	D:K464R	logit=-0.511
C:S180T	D:S453T	logit=-0.642
C:T42V	D:T315V	logit=-0.809
C:N51P	D:N324P	logit=-0.831

Top tied mutations (A + B view):
A:T18V	B:T215V	logit=-0.330
A:N55S	B:N252S	logit=-0.558
A:N54V	B:N251V	logit=-0.833
A:E100V	B:E297V	logit=-1.163
A:R61V	B:R258V	logit=-1.584

Top tied mutations (C + D view):
C:V218L	D:V491L	logit=-0.477
C:K191R	D:K464R	logit=-0.546
C:S180T	D:S453T	logit=-0.622
C:T42V	D:T315V	logit=-0.686
C:N51P	D:N324P	logit=-0.868

Top tied mutations (A + B view):
A:T18V	B:T215V	logit=-0.356
A:N55S	B:N252S	logit=-0.486
A:N54V	B:N251V	logit=-0.825
A:E100V	B:E297V	logit=-1.210
A:V102I	B:V299I	logit=-1.510

Top tied mutations (C + D view):
C:V218L	D:V491L	logit=-0.453
C:K191R	D:K464R	logit=-0.582
C:S180T	D:S453T	logit=-0.640
C:T42V	D:T315V	logit=-0.732
C:N51P	D:N324P	logit=-0.781

Top tied mutations (A + B view):
A:T18V	B:T215V	logit=-0.404
A:N55S	B:N252S	logit=-0.462
A:N54V	B:N251V	logit=-0.882
A:E100V	B:E297V	logit=-1.228
A:N57R	B:N254R	logit=-1.599

Top tied mutations (C + D view):
C:V218L	D:V491L	logit=-0.416
C:K191R	D:K464R	logit=-0.585
C:S180T	D:S453T	logit=-0.653
C:T42V	D:T315V	logit=-0.703
C:N51P	D:N324P	logit=-0.863

Top tied mutations (A + B view):
A:T18V	B:T215V	logit=-0.373
A:N55S	B:N252S	logit=-0.526
A:N54V	B:N251V	logit=-0.884
A:E100V	B:E297V	logit=-1.242
A:N54I	B:N251I	logit=-1.497

Top tied mutations (C + D view):
C:V218L	D:V491L	logit=-0.456
C:K191R	D:K464R	logit=-0.546
C:S180T	D:S453T	logit=-0.647
C:T42V	D:T315V	logit=-0.750
C:S89A	D:S362A	logit=-0.944

Top tied mutations (A + B view):
A:T18V	B:T215V	logit=-0.443
A:N55S	B:N252S	logit=-0.523
A:N54V	B:N251V	logit=-0.784
A:E100V	B:E297V	logit=-1.174
A:V102I	B:V299I	logit=-1.471

Top tied mutations (C + D view):
C:V218L	D:V491L	logit=-0.421
C:K191R	D:K464R	logit=-0.537
C:S180T	D:S453T	logit=-0.651
C:T42V	D:T315V	logit=-0.752
C:N51P	D:N324P	logit=-0.884

Top tied mutations (A + B view):
A:T18V	B:T215V	logit=-0.394
A:N55S	B:N252S	logit=-0.551
A:N54V	B:N251V	logit=-0.725
A:E100V	B:E297V	logit=-1.313
A:N54I	B:N251I	logit=-1.412

Top tied mutations (C + D view):
C:V218L	D:V491L	logit=-0.486
C:K191R	D:K464R	logit=-0.548
C:S180T	D:S453T	logit=-0.672
C:T42V	D:T315V	logit=-0.675
C:N51P	D:N324P	logit=-0.711

Top tied mutations (A + B view):
A:T18V	B:T215V	logit=-0.361
A:N55S	B:N252S	logit=-0.519
A:N54V	B:N251V	logit=-0.839
A:E100V	B:E297V	logit=-1.290
A:N57R	B:N254R	logit=-1.407

Top tied mutations (C + D view):
C:V218L	D:V491L	logit=-0.442
C:K191R	D:K464R	logit=-0.588
C:S180T	D:S453T	logit=-0.644
C:T42V	D:T315V	logit=-0.747
C:N51P	D:N324P	logit=-0.806

Top tied mutations (A + B view):
A:T18V	B:T215V	logit=-0.374
A:N55S	B:N252S	logit=-0.524
A:N54V	B:N251V	logit=-0.761
A:E100V	B:E297V	logit=-1.143
A:N54I	B:N251I	logit=-1.557

Top tied mutations (C + D view):
C:V218L	D:V491L	logit=-0.457
C:K191R	D:K464R	logit=-0.519
C:S180T	D:S453T	logit=-0.657
C:T42V	D:T315V	logit=-0.715
C:N51P	D:N324P	logit=-0.815

Top tied mutations (A + B view):
A:T18V	B:T215V	logit=-0.395
A:N55S	B:N252S	logit=-0.572
A:N54V	B:N251V	logit=-0.628
A:N54I	B:N251I	logit=-1.271
A:E100V	B:E297V	logit=-1.296

Top tied mutations (C + D view):
C:V218L	D:V491L	logit=-0.443
C:K191R	D:K464R	logit=-0.612
C:S180T	D:S453T	logit=-0.676
C:T42V	D:T315V	logit=-0.771
C:N51P	D:N324P	logit=-0.934

Top tied mutations (A + B view):
A:T18V	B:T215V	logit=-0.421
A:N55S	B:N252S	logit=-0.439
A:N54V	B:N251V	logit=-0.728
A:E100V	B:E297V	logit=-1.263
A:V102I	B:V299I	logit=-1.425

Top tied mutations (C + D view):
C:V218L	D:V491L	logit=-0.462
C:K191R	D:K464R	logit=-0.491
C:S180T	D:S453T	logit=-0.641
C:T42V	D:T315V	logit=-0.731
C:N51P	D:N324P	logit=-0.791

Top tied mutations (A + B view):
A:T18V	B:T215V	logit=-0.423
A:N55S	B:N252S	logit=-0.500
A:N54V	B:N251V	logit=-0.769
A:E100V	B:E297V	logit=-1.307
A:V102I	B:V299I	logit=-1.507

Top tied mutations (C + D view):
C:V218L	D:V491L	logit=-0.492
C:K191R	D:K464R	logit=-0.593
C:S180T	D:S453T	logit=-0.660
C:T42V	D:T315V	logit=-0.799
C:N51P	D:N324P	logit=-0.847

Top tied mutations (A + B view):
A:T18V	B:T215V	logit=-0.449
A:N55S	B:N252S	logit=-0.527
A:N54V	B:N251V	logit=-0.885
A:E100V	B:E297V	logit=-1.163
A:N54I	B:N251I	logit=-1.545

Top tied mutations (C + D view):
C:V218L	D:V491L	logit=-0.423
C:K191R	D:K464R	logit=-0.572
C:S180T	D:S453T	logit=-0.674
C:T42V	D:T315V	logit=-0.725
C:N51P	D:N324P	logit=-0.801

Top tied mutations (A + B view):
A:T18V	B:T215V	logit=-0.407
A:N55S	B:N252S	logit=-0.472
A:N54V	B:N251V	logit=-0.702
A:E100V	B:E297V	logit=-1.126
A:N54I	B:N251I	logit=-1.398

Top tied mutations (C + D view):
C:V218L	D:V491L	logit=-0.446
C:K191R	D:K464R	logit=-0.546
C:S180T	D:S453T	logit=-0.661
C:T42V	D:T315V	logit=-0.741
C:S89A	D:S362A	logit=-0.848

Top tied mutations (A + B view):
A:T18V	B:T215V	logit=-0.386
A:N55S	B:N252S	logit=-0.485
A:N54V	B:N251V	logit=-0.809
A:E100V	B:E297V	logit=-1.280
A:R61K	B:R258K	logit=-1.491

Top tied mutations (C + D view):
C:V218L	D:V491L	logit=-0.420
C:K191R	D:K464R	logit=-0.591
C:S180T	D:S453T	logit=-0.656
C:T42V	D:T315V	logit=-0.700
C:S89A	D:S362A	logit=-0.897

Top tied mutations (A + B view):
A:T18V	B:T215V	logit=-0.345
A:N55S	B:N252S	logit=-0.428
A:N54V	B:N251V	logit=-0.873
A:E100V	B:E297V	logit=-1.318
A:R61K	B:R258K	logit=-1.521

Top tied mutations (C + D view):
C:V218L	D:V491L	logit=-0.470
C:K191R	D:K464R	logit=-0.534
C:S180T	D:S453T	logit=-0.644
C:T42V	D:T315V	logit=-0.720
C:N51P	D:N324P	logit=-0.786

Top tied mutations (A + B view):
A:T18V	B:T215V	logit=-0.400
A:N55S	B:N252S	logit=-0.459
A:N54V	B:N251V	logit=-0.698
A:E100V	B:E297V	logit=-1.370
A:V58T	B:V255T	logit=-1.564

Top tied mutations (C + D view):
C:V218L	D:V491L	logit=-0.474
C:K191R	D:K464R	logit=-0.580
C:S180T	D:S453T	logit=-0.666
C:T42V	D:T315V	logit=-0.747
C:S89A	D:S362A	logit=-0.830

Top tied mutations (A + B view):
A:T18V	B:T215V	logit=-0.454
A:N55S	B:N252S	logit=-0.464
A:N54V	B:N251V	logit=-0.739
A:E100V	B:E297V	logit=-1.334
A:R61K	B:R258K	logit=-1.390

Top tied mutations (C + D view):
C:V218L	D:V491L	logit=-0.463
C:K191R	D:K464R	logit=-0.585
C:S180T	D:S453T	logit=-0.636
C:T42V	D:T315V	logit=-0.761
C:S89A	D:S362A	logit=-0.849

Top tied mutations (A + B view):
A:T18V	B:T215V	logit=-0.371
A:N55S	B:N252S	logit=-0.492
A:N54V	B:N251V	logit=-0.839
A:E100V	B:E297V	logit=-1.143
A:V102I	B:V299I	logit=-1.551

Top tied mutations (C + D view):
C:V218L	D:V491L	logit=-0.420
C:K191R	D:K464R	logit=-0.568
C:S180T	D:S453T	logit=-0.655
C:T42V	D:T315V	logit=-0.751
C:N51P	D:N324P	logit=-0.874

Top tied mutations (A + B view):
A:T18V	B:T215V	logit=-0.355
A:N55S	B:N252S	logit=-0.482
A:N54V	B:N251V	logit=-0.791
A:E100V	B:E297V	logit=-1.243
A:N54I	B:N251I	logit=-1.348

Top tied mutations (C + D view):
C:V218L	D:V491L	logit=-0.480
C:K191R	D:K464R	logit=-0.572
C:S180T	D:S453T	logit=-0.641
C:T42V	D:T315V	logit=-0.714
C:N51P	D:N324P	logit=-0.816

Top tied mutations (A + B view):
A:T18V	B:T215V	logit=-0.352
A:N55S	B:N252S	logit=-0.473
A:N54V	B:N251V	logit=-0.931
A:E100V	B:E297V	logit=-1.321
A:V102I	B:V299I	logit=-1.464

Top tied mutations (C + D view):
C:V218L	D:V491L	logit=-0.445
C:K191R	D:K464R	logit=-0.596
C:S180T	D:S453T	logit=-0.672
C:T42V	D:T315V	logit=-0.709
C:N51P	D:N324P	logit=-0.762

Top tied mutations (A + B view):
A:T18V	B:T215V	logit=-0.383
A:N55S	B:N252S	logit=-0.494
A:N54V	B:N251V	logit=-0.906
A:E100V	B:E297V	logit=-1.281
A:R61K	B:R258K	logit=-1.493

Top tied mutations (C + D view):
C:V218L	D:V491L	logit=-0.469
C:K191R	D:K464R	logit=-0.540
C:S180T	D:S453T	logit=-0.659
C:T42V	D:T315V	logit=-0.770
C:N51P	D:N324P	logit=-0.897

Top tied mutations (A + B view):
A:T18V	B:T215V	logit=-0.371
A:N55S	B:N252S	logit=-0.514
A:N54V	B:N251V	logit=-0.773
A:E100V	B:E297V	logit=-1.232
A:N57R	B:N254R	logit=-1.452

Top tied mutations (C + D view):
C:V218L	D:V491L	logit=-0.474
C:K191R	D:K464R	logit=-0.585
C:S180T	D:S453T	logit=-0.681
C:T42V	D:T315V	logit=-0.800
C:N51P	D:N324P	logit=-0.880

Top tied mutations (A + B view):
A:T18V	B:T215V	logit=-0.399
A:N55S	B:N252S	logit=-0.492
A:N54V	B:N251V	logit=-0.596
A:E100V	B:E297V	logit=-1.362
A:N54I	B:N251I	logit=-1.477

Top tied mutations (C + D view):
C:V218L	D:V491L	logit=-0.421
C:K191R	D:K464R	logit=-0.500
C:S180T	D:S453T	logit=-0.677
C:T42V	D:T315V	logit=-0.722
C:N51P	D:N324P	logit=-0.809

Top tied mutations (A + B view):
A:T18V	B:T215V	logit=-0.390
A:N55S	B:N252S	logit=-0.556
A:N54V	B:N251V	logit=-0.858
A:E100V	B:E297V	logit=-1.225
A:V102I	B:V299I	logit=-1.500

Top tied mutations (C + D view):
C:V218L	D:V491L	logit=-0.433
C:K191R	D:K464R	logit=-0.549
C:S180T	D:S453T	logit=-0.661
C:T42V	D:T315V	logit=-0.687
C:S89A	D:S362A	logit=-0.881

Top tied mutations (A + B view):
A:T18V	B:T215V	logit=-0.428
A:N55S	B:N252S	logit=-0.500
A:N54V	B:N251V	logit=-0.761
A:E100V	B:E297V	logit=-1.274
A:V102I	B:V299I	logit=-1.516

Top tied mutations (C + D view):
C:V218L	D:V491L	logit=-0.435
C:K191R	D:K464R	logit=-0.529
C:S180T	D:S453T	logit=-0.662
C:T42V	D:T315V	logit=-0.694
C:N51P	D:N324P	logit=-0.763

Top tied mutations (A + B view):
A:T18V	B:T215V	logit=-0.398
A:N55S	B:N252S	logit=-0.536
A:N54V	B:N251V	logit=-1.004
A:E100V	B:E297V	logit=-1.216
A:V102I	B:V299I	logit=-1.475

Top tied mutations (C + D view):
C:V218L	D:V491L	logit=-0.490
C:K191R	D:K464R	logit=-0.573
C:S180T	D:S453T	logit=-0.646
C:T42V	D:T315V	logit=-0.731
C:N51P	D:N324P	logit=-0.803

Top tied mutations (A + B view):
A:T18V	B:T215V	logit=-0.360
A:N55S	B:N252S	logit=-0.597
A:N54V	B:N251V	logit=-0.679
A:E100V	B:E297V	logit=-1.360
A:N57R	B:N254R	logit=-1.510

Top tied mutations (C + D view):
C:V218L	D:V491L	logit=-0.446
C:K191R	D:K464R	logit=-0.575
C:S180T	D:S453T	logit=-0.649
C:T42V	D:T315V	logit=-0.791
C:N51P	D:N324P	logit=-0.810

Top tied mutations (A + B view):
A:T18V	B:T215V	logit=-0.348
A:N55S	B:N252S	logit=-0.511
A:N54V	B:N251V	logit=-0.726
A:E100V	B:E297V	logit=-1.323
A:N57R	B:N254R	logit=-1.557

Top tied mutations (C + D view):
C:V218L	D:V491L	logit=-0.444
C:K191R	D:K464R	logit=-0.582
C:S180T	D:S453T	logit=-0.659
C:T42V	D:T315V	logit=-0.695
C:S72G	D:S345G	logit=-0.917

Top tied mutations (A + B view):
A:T18V	B:T215V	logit=-0.435
A:N55S	B:N252S	logit=-0.455
A:N54V	B:N251V	logit=-0.870
A:E100V	B:E297V	logit=-1.223
A:N57R	B:N254R	logit=-1.539

Top tied mutations (C + D view):
C:V218L	D:V491L	logit=-0.469
C:K191R	D:K464R	logit=-0.526
C:S180T	D:S453T	logit=-0.681
C:N51P	D:N324P	logit=-0.799
C:T42V	D:T315V	logit=-0.805

Top tied mutations (A + B view):
A:T18V	B:T215V	logit=-0.359
A:N55S	B:N252S	logit=-0.462
A:N54V	B:N251V	logit=-0.684
A:E100V	B:E297V	logit=-1.348
A:V58T	B:V255T	logit=-1.518

Top tied mutations (C + D view):
C:V218L	D:V491L	logit=-0.476
C:K191R	D:K464R	logit=-0.521
C:S180T	D:S453T	logit=-0.645
C:N51P	D:N324P	logit=-0.722
C:T42V	D:T315V	logit=-0.764

Top tied mutations (A + B view):
A:T18V	B:T215V	logit=-0.334
A:N55S	B:N252S	logit=-0.535
A:N54V	B:N251V	logit=-0.766
A:E100V	B:E297V	logit=-1.319
A:V102I	B:V299I	logit=-1.443

Top tied mutations (C + D view):
C:V218L	D:V491L	logit=-0.447
C:K191R	D:K464R	logit=-0.533
C:S180T	D:S453T	logit=-0.655
C:T42V	D:T315V	logit=-0.684
C:S89A	D:S362A	logit=-0.872

Top tied mutations (A + B view):
A:T18V	B:T215V	logit=-0.370
A:N55S	B:N252S	logit=-0.496
A:N54V	B:N251V	logit=-0.770
A:E100V	B:E297V	logit=-1.494
A:N57R	B:N254R	logit=-1.597

Top tied mutations (C + D view):
C:V218L	D:V491L	logit=-0.476
C:K191R	D:K464R	logit=-0.535
C:S180T	D:S453T	logit=-0.644
C:T42V	D:T315V	logit=-0.695
C:N51P	D:N324P	logit=-0.845

Top tied mutations (A + B view):
A:T18V	B:T215V	logit=-0.372
A:N55S	B:N252S	logit=-0.533
A:N54V	B:N251V	logit=-0.676
A:E100V	B:E297V	logit=-1.249
A:N54I	B:N251I	logit=-1.412

Top tied mutations (C + D view):
C:V218L	D:V491L	logit=-0.454
C:K191R	D:K464R	logit=-0.514
C:S180T	D:S453T	logit=-0.653
C:T42V	D:T315V	logit=-0.726
C:S89A	D:S362A	logit=-0.883

Top tied mutations (A + B view):
A:T18V	B:T215V	logit=-0.446
A:N55S	B:N252S	logit=-0.518
A:N54V	B:N251V	logit=-0.811
A:E100V	B:E297V	logit=-1.321
A:R61K	B:R258K	logit=-1.466

Top tied mutations (C + D view):
C:V218L	D:V491L	logit=-0.460
C:K191R	D:K464R	logit=-0.579
C:S180T	D:S453T	logit=-0.653
C:T42V	D:T315V	logit=-0.739
C:N51P	D:N324P	logit=-0.741

Top tied mutations (A + B view):
A:T18V	B:T215V	logit=-0.391
A:N55S	B:N252S	logit=-0.517
A:N54V	B:N251V	logit=-0.802
A:E100V	B:E297V	logit=-1.353
A:V102I	B:V299I	logit=-1.354

Top tied mutations (C + D view):
C:V218L	D:V491L	logit=-0.394
C:K191R	D:K464R	logit=-0.571
C:S180T	D:S453T	logit=-0.665
C:T42V	D:T315V	logit=-0.789
C:N51P	D:N324P	logit=-0.907

Top tied mutations (A + B view):
A:T18V	B:T215V	logit=-0.401
A:N55S	B:N252S	logit=-0.480
A:N54V	B:N251V	logit=-0.784
A:E100V	B:E297V	logit=-1.314
A:R61K	B:R258K	logit=-1.489

Top tied mutations (C + D view):
C:V218L	D:V491L	logit=-0.453
C:K191R	D:K464R	logit=-0.520
C:S180T	D:S453T	logit=-0.663
C:T42V	D:T315V	logit=-0.673
C:N51P	D:N324P	logit=-0.786

Top tied mutations (A + B view):
A:T18V	B:T215V	logit=-0.362
A:N55S	B:N252S	logit=-0.462
A:N54V	B:N251V	logit=-0.862
A:E100V	B:E297V	logit=-1.213
A:N54I	B:N251I	logit=-1.631

Top tied mutations (C + D view):
C:V218L	D:V491L	logit=-0.445
C:K191R	D:K464R	logit=-0.535
C:S180T	D:S453T	logit=-0.642
C:T42V	D:T315V	logit=-0.733
C:N51P	D:N324P	logit=-0.837

Top tied mutations (A + B view):
A:T18V	B:T215V	logit=-0.394
A:N55S	B:N252S	logit=-0.513
A:N54V	B:N251V	logit=-0.838
A:E100V	B:E297V	logit=-1.256
A:V102I	B:V299I	logit=-1.556

Top tied mutations (C + D view):
C:V218L	D:V491L	logit=-0.419
C:K191R	D:K464R	logit=-0.551
C:S180T	D:S453T	logit=-0.618
C:T42V	D:T315V	logit=-0.718
C:N51P	D:N324P	logit=-0.842

Top tied mutations (A + B view):
A:T18V	B:T215V	logit=-0.339
A:N55S	B:N252S	logit=-0.462
A:N54V	B:N251V	logit=-0.848
A:E100V	B:E297V	logit=-1.338
A:V102I	B:V299I	logit=-1.505

Top tied mutations (C + D view):
C:V218L	D:V491L	logit=-0.451
C:K191R	D:K464R	logit=-0.653
C:S180T	D:S453T	logit=-0.666
C:T42V	D:T315V	logit=-0.753
C:N51P	D:N324P	logit=-0.847

Top tied mutations (A + B view):
A:T18V	B:T215V	logit=-0.364
A:N55S	B:N252S	logit=-0.456
A:N54V	B:N251V	logit=-0.949
A:E100V	B:E297V	logit=-1.290
A:V102I	B:V299I	logit=-1.552

Top tied mutations (C + D view):
C:V218L	D:V491L	logit=-0.473
C:K191R	D:K464R	logit=-0.523
C:S180T	D:S453T	logit=-0.654
C:T42V	D:T315V	logit=-0.719
C:S89A	D:S362A	logit=-0.908

Top tied mutations (A + B view):
A:T18V	B:T215V	logit=-0.430
A:N55S	B:N252S	logit=-0.489
A:N54V	B:N251V	logit=-0.938
A:E100V	B:E297V	logit=-1.240
A:R61V	B:R258V	logit=-1.619

Top tied mutations (C + D view):
C:V218L	D:V491L	logit=-0.436
C:K191R	D:K464R	logit=-0.527
C:S180T	D:S453T	logit=-0.664
C:T42V	D:T315V	logit=-0.711
C:N51P	D:N324P	logit=-0.760

Top tied mutations (A + B view):
A:T18V	B:T215V	logit=-0.366
A:N55S	B:N252S	logit=-0.541
A:N54V	B:N251V	logit=-0.699
A:E100V	B:E297V	logit=-1.236
A:N57R	B:N254R	logit=-1.485

Top tied mutations (C + D view):
C:V218L	D:V491L	logit=-0.464
C:K191R	D:K464R	logit=-0.589
C:S180T	D:S453T	logit=-0.650
C:T42V	D:T315V	logit=-0.756
C:S89A	D:S362A	logit=-0.895

Top tied mutations (A + B view):
A:T18V	B:T215V	logit=-0.376
A:N55S	B:N252S	logit=-0.534
A:N54V	B:N251V	logit=-0.936
A:E100V	B:E297V	logit=-1.343
A:N57R	B:N254R	logit=-1.371

Top tied mutations (C + D view):
C:V218L	D:V491L	logit=-0.408
C:K191R	D:K464R	logit=-0.557
C:S180T	D:S453T	logit=-0.675
C:T42V	D:T315V	logit=-0.689
C:N51P	D:N324P	logit=-0.839

Top tied mutations (A + B view):
A:T18V	B:T215V	logit=-0.390
A:N55S	B:N252S	logit=-0.439
A:N54V	B:N251V	logit=-0.718
A:E100V	B:E297V	logit=-1.392
A:V102I	B:V299I	logit=-1.491

Top tied mutations (C + D view):
C:V218L	D:V491L	logit=-0.409
C:K191R	D:K464R	logit=-0.580
C:S180T	D:S453T	logit=-0.660
C:T42V	D:T315V	logit=-0.700
C:N51P	D:N324P	logit=-0.763

Top tied mutations (A + B view):
A:T18V	B:T215V	logit=-0.336
A:N55S	B:N252S	logit=-0.452
A:N54V	B:N251V	logit=-0.726
A:E100V	B:E297V	logit=-1.212
A:N57R	B:N254R	logit=-1.434

Top tied mutations (C + D view):
C:V218L	D:V491L	logit=-0.424
C:K191R	D:K464R	logit=-0.523
C:S180T	D:S453T	logit=-0.649
C:T42V	D:T315V	logit=-0.675
C:N51P	D:N324P	logit=-0.853

Top tied mutations (A + B view):
A:T18V	B:T215V	logit=-0.291
A:N55S	B:N252S	logit=-0.500
A:N54V	B:N251V	logit=-0.818
A:E100V	B:E297V	logit=-1.163
A:N57R	B:N254R	logit=-1.530

Top tied mutations (C + D view):
C:V218L	D:V491L	logit=-0.423
C:K191R	D:K464R	logit=-0.559
C:S180T	D:S453T	logit=-0.667
C:T42V	D:T315V	logit=-0.753
C:N51P	D:N324P	logit=-0.908

Top tied mutations (A + B view):
A:T18V	B:T215V	logit=-0.376
A:N55S	B:N252S	logit=-0.600
A:N54V	B:N251V	logit=-0.754
A:E100V	B:E297V	logit=-1.424
A:N54I	B:N251I	logit=-1.558

Top tied mutations (C + D view):
C:V218L	D:V491L	logit=-0.474
C:K191R	D:K464R	logit=-0.574
C:S180T	D:S453T	logit=-0.645
C:T42V	D:T315V	logit=-0.722
C:N51P	D:N324P	logit=-0.888

Top tied mutations (A + B view):
A:T18V	B:T215V	logit=-0.343
A:N55S	B:N252S	logit=-0.467
A:N54V	B:N251V	logit=-0.950
A:E100V	B:E297V	logit=-1.185
A:V102I	B:V299I	logit=-1.547

Top tied mutations (C + D view):
C:V218L	D:V491L	logit=-0.467
C:K191R	D:K464R	logit=-0.536
C:S180T	D:S453T	logit=-0.641
C:T42V	D:T315V	logit=-0.747
C:N51P	D:N324P	logit=-0.854

Top tied mutations (A + B view):
A:T18V	B:T215V	logit=-0.437
A:N55S	B:N252S	logit=-0.493
A:N54V	B:N251V	logit=-0.804
A:E100V	B:E297V	logit=-1.143
A:V102I	B:V299I	logit=-1.571

Top tied mutations (C + D view):
C:V218L	D:V491L	logit=-0.422
C:K191R	D:K464R	logit=-0.556
C:S180T	D:S453T	logit=-0.651
C:T42V	D:T315V	logit=-0.739
C:N219S	D:N492S	logit=-0.911

Top tied mutations (A + B view):
A:T18V	B:T215V	logit=-0.358
A:N55S	B:N252S	logit=-0.461
A:N54V	B:N251V	logit=-0.791
A:E100V	B:E297V	logit=-1.300
A:N54I	B:N251I	logit=-1.539

Top tied mutations (C + D view):
C:V218L	D:V491L	logit=-0.442
C:K191R	D:K464R	logit=-0.554
C:S180T	D:S453T	logit=-0.672
C:T42V	D:T315V	logit=-0.759
C:N51P	D:N324P	logit=-0.906

Top tied mutations (A + B view):
A:T18V	B:T215V	logit=-0.393
A:N55S	B:N252S	logit=-0.472
A:N54V	B:N251V	logit=-0.652
A:E100V	B:E297V	logit=-1.416
A:N54I	B:N251I	logit=-1.570

Top tied mutations (C + D view):
C:V218L	D:V491L	logit=-0.410
C:K191R	D:K464R	logit=-0.565
C:S180T	D:S453T	logit=-0.652
C:T42V	D:T315V	logit=-0.701
C:N51P	D:N324P	logit=-0.718

Top tied mutations (A + B view):
A:T18V	B:T215V	logit=-0.326
A:N55S	B:N252S	logit=-0.499
A:N54V	B:N251V	logit=-0.796
A:N54I	B:N251I	logit=-1.321
A:E100V	B:E297V	logit=-1.337

Top tied mutations (C + D view):
C:V218L	D:V491L	logit=-0.443
C:K191R	D:K464R	logit=-0.493
C:S180T	D:S453T	logit=-0.651
C:T42V	D:T315V	logit=-0.770
C:S89A	D:S362A	logit=-0.871

Top tied mutations (A + B view):
A:T18V	B:T215V	logit=-0.367
A:N55S	B:N252S	logit=-0.467
A:N54V	B:N251V	logit=-0.670
A:E100V	B:E297V	logit=-1.331
A:N54I	B:N251I	logit=-1.507

Top tied mutations (C + D view):
C:V218L	D:V491L	logit=-0.419
C:K191R	D:K464R	logit=-0.542
C:S180T	D:S453T	logit=-0.657
C:T42V	D:T315V	logit=-0.718
C:N51P	D:N324P	logit=-0.743

Top tied mutations (A + B view):
A:T18V	B:T215V	logit=-0.343
A:N55S	B:N252S	logit=-0.503
A:N54V	B:N251V	logit=-0.763
A:E100V	B:E297V	logit=-1.261
A:V102I	B:V299I	logit=-1.565

Top tied mutations (C + D view):
C:V218L	D:V491L	logit=-0.463
C:K191R	D:K464R	logit=-0.584
C:S180T	D:S453T	logit=-0.667
C:T42V	D:T315V	logit=-0.757
C:S89A	D:S362A	logit=-0.888

Top tied mutations (A + B view):
A:T18V	B:T215V	logit=-0.361
A:N55S	B:N252S	logit=-0.529
A:N54V	B:N251V	logit=-0.910
A:E100V	B:E297V	logit=-1.247
A:V102I	B:V299I	logit=-1.573

Top tied mutations (C + D view):
C:V218L	D:V491L	logit=-0.479
C:K191R	D:K464R	logit=-0.541
C:S180T	D:S453T	logit=-0.648
C:T42V	D:T315V	logit=-0.722
C:N51P	D:N324P	logit=-0.809

Top tied mutations (A + B view):
A:T18V	B:T215V	logit=-0.304
A:N55S	B:N252S	logit=-0.536
A:N54V	B:N251V	logit=-0.781
A:N54I	B:N251I	logit=-1.290
A:E100V	B:E297V	logit=-1.300

Top tied mutations (C + D view):
C:V218L	D:V491L	logit=-0.456
C:K191R	D:K464R	logit=-0.618
C:S180T	D:S453T	logit=-0.649
C:T42V	D:T315V	logit=-0.682
C:N51P	D:N324P	logit=-0.778

Top tied mutations (A + B view):
A:T18V	B:T215V	logit=-0.405
A:N55S	B:N252S	logit=-0.523
A:N54V	B:N251V	logit=-0.840
A:E100V	B:E297V	logit=-1.387
A:V58T	B:V255T	logit=-1.622

Top tied mutations (C + D view):
C:V218L	D:V491L	logit=-0.420
C:K191R	D:K464R	logit=-0.555
C:S180T	D:S453T	logit=-0.660
C:T42V	D:T315V	logit=-0.700
C:N51P	D:N324P	logit=-0.863

Top tied mutations (A + B view):
A:T18V	B:T215V	logit=-0.389
A:N55S	B:N252S	logit=-0.506
A:N54V	B:N251V	logit=-0.937
A:E100V	B:E297V	logit=-1.224
A:V102I	B:V299I	logit=-1.458

Top tied mutations (C + D view):
C:V218L	D:V491L	logit=-0.433
C:K191R	D:K464R	logit=-0.528
C:S180T	D:S453T	logit=-0.640
C:T42V	D:T315V	logit=-0.763
C:N51P	D:N324P	logit=-0.820

Top tied mutations (A + B view):
A:T18V	B:T215V	logit=-0.306
A:N55S	B:N252S	logit=-0.510
A:N54V	B:N251V	logit=-0.793
A:N57R	B:N254R	logit=-1.282
A:E100V	B:E297V	logit=-1.384

Top tied mutations (C + D view):
C:V218L	D:V491L	logit=-0.398
C:K191R	D:K464R	logit=-0.568
C:S180T	D:S453T	logit=-0.643
C:T42V	D:T315V	logit=-0.699
C:N51P	D:N324P	logit=-0.796

Top tied mutations (A + B view):
A:T18V	B:T215V	logit=-0.366
A:N55S	B:N252S	logit=-0.549
A:N54V	B:N251V	logit=-0.841
A:E100V	B:E297V	logit=-1.220
A:N57R	B:N254R	logit=-1.414

Top tied mutations (C + D view):
C:V218L	D:V491L	logit=-0.480
C:K191R	D:K464R	logit=-0.630
C:S180T	D:S453T	logit=-0.663
C:T42V	D:T315V	logit=-0.696
C:N51P	D:N324P	logit=-0.874

Top tied mutations (A + B view):
A:T18V	B:T215V	logit=-0.340
A:N55S	B:N252S	logit=-0.446
A:N54V	B:N251V	logit=-0.874
A:E100V	B:E297V	logit=-1.236
A:V102I	B:V299I	logit=-1.613

Top tied mutations (C + D view):
C:V218L	D:V491L	logit=-0.476
C:K191R	D:K464R	logit=-0.522
C:S180T	D:S453T	logit=-0.647
C:T42V	D:T315V	logit=-0.725
C:N51P	D:N324P	logit=-0.777

Top tied mutations (A + B view):
A:T18V	B:T215V	logit=-0.433
A:N55S	B:N252S	logit=-0.517
A:N54V	B:N251V	logit=-0.874
A:E100V	B:E297V	logit=-1.165
A:V102I	B:V299I	logit=-1.488

Top tied mutations (C + D view):
C:V218L	D:V491L	logit=-0.465
C:K191R	D:K464R	logit=-0.608
C:S180T	D:S453T	logit=-0.668
C:T42V	D:T315V	logit=-0.758
C:N51P	D:N324P	logit=-0.799

Top tied mutations (A + B view):
A:T18V	B:T215V	logit=-0.401
A:N55S	B:N252S	logit=-0.515
A:N54V	B:N251V	logit=-0.813
A:E100V	B:E297V	logit=-1.310
A:N54I	B:N251I	logit=-1.532

Top tied mutations (C + D view):
C:V218L	D:V491L	logit=-0.494
C:K191R	D:K464R	logit=-0.517
C:S180T	D:S453T	logit=-0.677
C:T42V	D:T315V	logit=-0.744
C:N51P	D:N324P	logit=-0.902

Top tied mutations (A + B view):
A:T18V	B:T215V	logit=-0.457
A:N55S	B:N252S	logit=-0.473
A:N54V	B:N251V	logit=-0.727
A:E100V	B:E297V	logit=-1.200
A:N57R	B:N254R	logit=-1.538

Top tied mutations (C + D view):
C:V218L	D:V491L	logit=-0.407
C:K191R	D:K464R	logit=-0.649
C:S180T	D:S453T	logit=-0.655
C:T42V	D:T315V	logit=-0.732
C:S89A	D:S362A	logit=-0.850

Top tied mutations (A + B view):
A:T18V	B:T215V	logit=-0.406
A:N55S	B:N252S	logit=-0.512
A:N54V	B:N251V	logit=-0.702
A:E100V	B:E297V	logit=-1.277
A:V102I	B:V299I	logit=-1.454

Top tied mutations (C + D view):
C:V218L	D:V491L	logit=-0.436
C:K191R	D:K464R	logit=-0.562
C:S180T	D:S453T	logit=-0.643
C:T42V	D:T315V	logit=-0.749
C:N51P	D:N324P	logit=-0.817

Top tied mutations (A + B view):
A:T18V	B:T215V	logit=-0.373
A:N55S	B:N252S	logit=-0.570
A:N54V	B:N251V	logit=-0.820
A:E100V	B:E297V	logit=-1.179
A:V102I	B:V299I	logit=-1.575

Top tied mutations (C + D view):
C:V218L	D:V491L	logit=-0.462
C:K191R	D:K464R	logit=-0.536
C:S180T	D:S453T	logit=-0.674
C:T42V	D:T315V	logit=-0.741
C:N51P	D:N324P	logit=-0.822

Top tied mutations (A + B view):
A:T18V	B:T215V	logit=-0.350
A:N55S	B:N252S	logit=-0.483
A:N54V	B:N251V	logit=-1.005
A:E100V	B:E297V	logit=-1.225
A:N57R	B:N254R	logit=-1.371

Top tied mutations (C + D view):
C:V218L	D:V491L	logit=-0.416
C:K191R	D:K464R	logit=-0.574
C:S180T	D:S453T	logit=-0.650
C:T42V	D:T315V	logit=-0.799
C:N51P	D:N324P	logit=-0.854

Top tied mutations (A + B view):
A:T18V	B:T215V	logit=-0.394
A:N55S	B:N252S	logit=-0.424
A:N54V	B:N251V	logit=-0.729
A:E100V	B:E297V	logit=-1.262
A:R61K	B:R258K	logit=-1.354

Top tied mutations (C + D view):
C:V218L	D:V491L	logit=-0.445
C:K191R	D:K464R	logit=-0.515
C:S180T	D:S453T	logit=-0.670
C:T42V	D:T315V	logit=-0.753
C:N51P	D:N324P	logit=-0.838

Top tied mutations (A + B view):
A:T18V	B:T215V	logit=-0.380
A:N55S	B:N252S	logit=-0.499
A:N54V	B:N251V	logit=-0.831
A:E100V	B:E297V	logit=-1.340
A:V102I	B:V299I	logit=-1.583

Top tied mutations (C + D view):
C:V218L	D:V491L	logit=-0.399
C:K191R	D:K464R	logit=-0.549
C:S180T	D:S453T	logit=-0.648
C:N51P	D:N324P	logit=-0.752
C:T42V	D:T315V	logit=-0.831

Top tied mutations (A + B view):
A:T18V	B:T215V	logit=-0.423
A:N55S	B:N252S	logit=-0.469
A:N54V	B:N251V	logit=-0.721
A:E100V	B:E297V	logit=-1.334
A:N57R	B:N254R	logit=-1.357

Top tied mutations (C + D view):
C:V218L	D:V491L	logit=-0.468
C:K191R	D:K464R	logit=-0.493
C:S180T	D:S453T	logit=-0.666
C:T42V	D:T315V	logit=-0.696
C:N51P	D:N324P	logit=-0.798

Top tied mutations (A + B view):
A:T18V	B:T215V	logit=-0.376
A:N55S	B:N252S	logit=-0.494
A:N54V	B:N251V	logit=-0.793
A:E100V	B:E297V	logit=-1.234
A:V102I	B:V299I	logit=-1.540

Top tied mutations (C + D view):
C:V218L	D:V491L	logit=-0.447
C:K191R	D:K464R	logit=-0.581
C:S180T	D:S453T	logit=-0.649
C:T42V	D:T315V	logit=-0.764
C:N219S	D:N492S	logit=-0.930

Top tied mutations (A + B view):
A:T18V	B:T215V	logit=-0.490
A:N55S	B:N252S	logit=-0.498
A:N54V	B:N251V	logit=-0.793
A:E100V	B:E297V	logit=-1.304
A:V102I	B:V299I	logit=-1.558

Top tied mutations (C + D view):
C:V218L	D:V491L	logit=-0.483
C:K191R	D:K464R	logit=-0.548
C:S180T	D:S453T	logit=-0.655
C:T42V	D:T315V	logit=-0.752
C:S89A	D:S362A	logit=-0.860

Top tied mutations (A + B view):
A:T18V	B:T215V	logit=-0.422
A:N55S	B:N252S	logit=-0.551
A:N54V	B:N251V	logit=-0.895
A:E100V	B:E297V	logit=-1.332
A:V102I	B:V299I	logit=-1.536

Top tied mutations (C + D view):
C:V218L	D:V491L	logit=-0.429
C:K191R	D:K464R	logit=-0.529
C:S180T	D:S453T	logit=-0.652
C:T42V	D:T315V	logit=-0.766
C:N51P	D:N324P	logit=-0.875

Top tied mutations (A + B view):
A:T18V	B:T215V	logit=-0.409
A:N55S	B:N252S	logit=-0.525
A:N54V	B:N251V	logit=-0.714
A:E100V	B:E297V	logit=-1.295
A:N54I	B:N251I	logit=-1.340

Top tied mutations (C + D view):
C:V218L	D:V491L	logit=-0.409
C:K191R	D:K464R	logit=-0.563
C:S180T	D:S453T	logit=-0.649
C:T42V	D:T315V	logit=-0.726
C:N51P	D:N324P	logit=-0.872

Top tied mutations (A + B view):
A:T18V	B:T215V	logit=-0.390
A:N55S	B:N252S	logit=-0.554
A:N54V	B:N251V	logit=-0.794
A:E100V	B:E297V	logit=-1.258
A:V102I	B:V299I	logit=-1.573

Top tied mutations (C + D view):
C:V218L	D:V491L	logit=-0.444
C:K191R	D:K464R	logit=-0.469
C:S180T	D:S453T	logit=-0.642
C:T42V	D:T315V	logit=-0.713
C:S72G	D:S345G	logit=-0.925

Top tied mutations (A + B view):
A:T18V	B:T215V	logit=-0.285
A:N55S	B:N252S	logit=-0.487
A:N54V	B:N251V	logit=-0.715
A:E100V	B:E297V	logit=-1.188
A:N54I	B:N251I	logit=-1.534

Top tied mutations (C + D view):
C:V218L	D:V491L	logit=-0.401
C:K191R	D:K464R	logit=-0.617
C:S180T	D:S453T	logit=-0.644
C:T42V	D:T315V	logit=-0.770
C:N51P	D:N324P	logit=-0.890

Top tied mutations (A + B view):
A:T18V	B:T215V	logit=-0.397
A:N55S	B:N252S	logit=-0.486
A:N54V	B:N251V	logit=-0.793
A:E100V	B:E297V	logit=-1.244
A:N57R	B:N254R	logit=-1.523

Top tied mutations (C + D view):
C:V218L	D:V491L	logit=-0.446
C:K191R	D:K464R	logit=-0.512
C:S180T	D:S453T	logit=-0.624
C:T42V	D:T315V	logit=-0.754
C:N51P	D:N324P	logit=-0.783

Top tied mutations (A + B view):
A:T18V	B:T215V	logit=-0.362
A:N55S	B:N252S	logit=-0.498
A:N54V	B:N251V	logit=-0.870
A:E100V	B:E297V	logit=-1.298
A:N57R	B:N254R	logit=-1.512

Top tied mutations (C + D view):
C:V218L	D:V491L	logit=-0.449
C:K191R	D:K464R	logit=-0.559
C:S180T	D:S453T	logit=-0.665
C:T42V	D:T315V	logit=-0.775
C:N219S	D:N492S	logit=-0.877

Top tied mutations (A + B view):
A:T18V	B:T215V	logit=-0.387
A:N55S	B:N252S	logit=-0.471
A:N54V	B:N251V	logit=-0.869
A:E100V	B:E297V	logit=-1.349
A:N54I	B:N251I	logit=-1.598

Top tied mutations (C + D view):
C:V218L	D:V491L	logit=-0.455
C:K191R	D:K464R	logit=-0.533
C:S180T	D:S453T	logit=-0.647
C:T42V	D:T315V	logit=-0.795
C:N219S	D:N492S	logit=-0.896

Top tied mutations (A + B view):
A:T18V	B:T215V	logit=-0.392
A:N55S	B:N252S	logit=-0.566
A:N54V	B:N251V	logit=-0.765
A:E100V	B:E297V	logit=-1.159
A:R61K	B:R258K	logit=-1.455

Top tied mutations (C + D view):
C:V218L	D:V491L	logit=-0.451
C:K191R	D:K464R	logit=-0.561
C:S180T	D:S453T	logit=-0.644
C:T42V	D:T315V	logit=-0.736
C:N51P	D:N324P	logit=-0.893

Top tied mutations (A + B view):
A:T18V	B:T215V	logit=-0.449
A:N55S	B:N252S	logit=-0.493
A:N54V	B:N251V	logit=-0.919
A:E100V	B:E297V	logit=-1.325
A:N54I	B:N251I	logit=-1.482

Top tied mutations (C + D view):
C:V218L	D:V491L	logit=-0.417
C:K191R	D:K464R	logit=-0.517
C:S180T	D:S453T	logit=-0.692
C:T42V	D:T315V	logit=-0.737
C:S89A	D:S362A	logit=-0.880

Top tied mutations (A + B view):
A:T18V	B:T215V	logit=-0.373
A:N55S	B:N252S	logit=-0.510
A:N54V	B:N251V	logit=-0.769
A:E100V	B:E297V	logit=-1.362
A:N57R	B:N254R	logit=-1.386

Top tied mutations (C + D view):
C:V218L	D:V491L	logit=-0.409
C:K191R	D:K464R	logit=-0.545
C:S180T	D:S453T	logit=-0.628
C:T42V	D:T315V	logit=-0.712
C:N51P	D:N324P	logit=-0.814

Top tied mutations (A + B view):
A:T18V	B:T215V	logit=-0.370
A:N55S	B:N252S	logit=-0.483
A:N54V	B:N251V	logit=-0.665
A:E100V	B:E297V	logit=-1.286
A:V102I	B:V299I	logit=-1.490

Top tied mutations (C + D view):
C:V218L	D:V491L	logit=-0.420
C:S180T	D:S453T	logit=-0.611
C:K191R	D:K464R	logit=-0.652
C:T42V	D:T315V	logit=-0.735
C:S89A	D:S362A	logit=-0.861

Top tied mutations (A + B view):
A:T18V	B:T215V	logit=-0.360
A:N55S	B:N252S	logit=-0.516
A:N54V	B:N251V	logit=-0.710
A:V102I	B:V299I	logit=-1.385
A:E100V	B:E297V	logit=-1.386

Top tied mutations (C + D view):
C:V218L	D:V491L	logit=-0.475
C:K191R	D:K464R	logit=-0.591
C:S180T	D:S453T	logit=-0.652
C:T42V	D:T315V	logit=-0.763
C:S89A	D:S362A	logit=-0.944

Top tied mutations (A + B view):
A:T18V	B:T215V	logit=-0.419
A:N55S	B:N252S	logit=-0.500
A:N54V	B:N251V	logit=-0.738
A:E100V	B:E297V	logit=-1.377
A:V102I	B:V299I	logit=-1.413

Top tied mutations (C + D view):
C:V218L	D:V491L	logit=-0.467
C:K191R	D:K464R	logit=-0.655
C:S180T	D:S453T	logit=-0.690
C:T42V	D:T315V	logit=-0.717
C:N51P	D:N324P	logit=-0.795

Top tied mutations (A + B view):
A:T18V	B:T215V	logit=-0.403
A:N55S	B:N252S	logit=-0.474
A:N54V	B:N251V	logit=-0.717
A:E100V	B:E297V	logit=-1.254
A:V102I	B:V299I	logit=-1.495

Top tied mutations (C + D view):
C:V218L	D:V491L	logit=-0.499
C:K191R	D:K464R	logit=-0.518
C:S180T	D:S453T	logit=-0.655
C:T42V	D:T315V	logit=-0.777
C:S89A	D:S362A	logit=-0.848

Top tied mutations (A + B view):
A:T18V	B:T215V	logit=-0.443
A:N55S	B:N252S	logit=-0.454
A:N54V	B:N251V	logit=-0.785
A:E100V	B:E297V	logit=-1.276
A:R61K	B:R258K	logit=-1.482

Top tied mutations (C + D view):
C:V218L	D:V491L	logit=-0.447
C:K191R	D:K464R	logit=-0.561
C:S180T	D:S453T	logit=-0.670
C:N51P	D:N324P	logit=-0.715
C:T42V	D:T315V	logit=-0.768

Top tied mutations (A + B view):
A:T18V	B:T215V	logit=-0.435
A:N55S	B:N252S	logit=-0.460
A:N54V	B:N251V	logit=-0.792
A:E100V	B:E297V	logit=-1.338
A:V102I	B:V299I	logit=-1.510

Top tied mutations (C + D view):
C:V218L	D:V491L	logit=-0.435
C:S180T	D:S453T	logit=-0.674
C:K191R	D:K464R	logit=-0.678
C:T42V	D:T315V	logit=-0.747
C:N51P	D:N324P	logit=-0.891

Top tied mutations (A + B view):
A:T18V	B:T215V	logit=-0.355
A:N55S	B:N252S	logit=-0.480
A:N54V	B:N251V	logit=-0.769
A:E100V	B:E297V	logit=-1.147
A:V102I	B:V299I	logit=-1.578

Top tied mutations (C + D view):
C:V218L	D:V491L	logit=-0.461
C:K191R	D:K464R	logit=-0.548
C:S180T	D:S453T	logit=-0.655
C:T42V	D:T315V	logit=-0.697
C:S89A	D:S362A	logit=-0.913

Top tied mutations (A + B view):
A:T18V	B:T215V	logit=-0.418
A:N55S	B:N252S	logit=-0.528
A:N54V	B:N251V	logit=-0.738
A:E100V	B:E297V	logit=-1.138
A:V102I	B:V299I	logit=-1.484

Top tied mutations (C + D view):
C:V218L	D:V491L	logit=-0.480
C:K191R	D:K464R	logit=-0.489
C:S180T	D:S453T	logit=-0.649
C:T42V	D:T315V	logit=-0.729
C:N51P	D:N324P	logit=-0.861

Top tied mutations (A + B view):
A:T18V	B:T215V	logit=-0.412
A:N55S	B:N252S	logit=-0.450
A:N54V	B:N251V	logit=-0.786
A:E100V	B:E297V	logit=-1.328
A:V102I	B:V299I	logit=-1.582

Top tied mutations (C + D view):
C:V218L	D:V491L	logit=-0.495
C:K191R	D:K464R	logit=-0.662
C:S180T	D:S453T	logit=-0.667
C:T42V	D:T315V	logit=-0.688
C:N51P	D:N324P	logit=-0.852

Top tied mutations (A + B view):
A:T18V	B:T215V	logit=-0.396
A:N55S	B:N252S	logit=-0.432
A:N54V	B:N251V	logit=-0.732
A:E100V	B:E297V	logit=-1.292
A:V102I	B:V299I	logit=-1.511

Top tied mutations (C + D view):
C:V218L	D:V491L	logit=-0.444
C:K191R	D:K464R	logit=-0.589
C:S180T	D:S453T	logit=-0.676
C:T42V	D:T315V	logit=-0.726
C:N51P	D:N324P	logit=-0.859

Top tied mutations (A + B view):
A:T18V	B:T215V	logit=-0.392
A:N55S	B:N252S	logit=-0.493
A:N54V	B:N251V	logit=-0.872
A:E100V	B:E297V	logit=-1.249
A:N54I	B:N251I	logit=-1.448

Top tied mutations (C + D view):
C:V218L	D:V491L	logit=-0.446
C:S180T	D:S453T	logit=-0.674
C:K191R	D:K464R	logit=-0.690
C:T42V	D:T315V	logit=-0.780
C:S89A	D:S362A	logit=-0.893

Top tied mutations (A + B view):
A:T18V	B:T215V	logit=-0.432
A:N55S	B:N252S	logit=-0.459
A:N54V	B:N251V	logit=-0.831
A:E100V	B:E297V	logit=-1.174
A:N57R	B:N254R	logit=-1.438

Top tied mutations (C + D view):
C:V218L	D:V491L	logit=-0.474
C:K191R	D:K464R	logit=-0.584
C:S180T	D:S453T	logit=-0.676
C:T42V	D:T315V	logit=-0.713
C:N51P	D:N324P	logit=-0.849

Top tied mutations (A + B view):
A:T18V	B:T215V	logit=-0.399
A:N55S	B:N252S	logit=-0.559
A:N54V	B:N251V	logit=-0.809
A:E100V	B:E297V	logit=-1.221
A:R61K	B:R258K	logit=-1.456

Top tied mutations (C + D view):
C:V218L	D:V491L	logit=-0.454
C:K191R	D:K464R	logit=-0.558
C:S180T	D:S453T	logit=-0.633
C:T42V	D:T315V	logit=-0.680
C:S89A	D:S362A	logit=-0.872

Top tied mutations (A + B view):
A:T18V	B:T215V	logit=-0.456
A:N55S	B:N252S	logit=-0.482
A:N54V	B:N251V	logit=-0.849
A:E100V	B:E297V	logit=-1.293
A:N57R	B:N254R	logit=-1.338

Top tied mutations (C + D view):
C:V218L	D:V491L	logit=-0.454
C:K191R	D:K464R	logit=-0.521
C:S180T	D:S453T	logit=-0.664
C:T42V	D:T315V	logit=-0.731
C:S89A	D:S362A	logit=-0.844

Top tied mutations (A + B view):
A:T18V	B:T215V	logit=-0.375
A:N55S	B:N252S	logit=-0.514
A:N54V	B:N251V	logit=-0.669
A:E100V	B:E297V	logit=-1.390
A:R61K	B:R258K	logit=-1.394

Top tied mutations (C + D view):
C:V218L	D:V491L	logit=-0.476
C:K191R	D:K464R	logit=-0.571
C:S180T	D:S453T	logit=-0.645
C:T42V	D:T315V	logit=-0.718
C:N51P	D:N324P	logit=-0.906

Top tied mutations (A + B view):
A:T18V	B:T215V	logit=-0.467
A:N55S	B:N252S	logit=-0.563
A:N54V	B:N251V	logit=-0.713
A:E100V	B:E297V	logit=-1.436
A:V102I	B:V299I	logit=-1.532

Top tied mutations (C + D view):
C:V218L	D:V491L	logit=-0.435
C:K191R	D:K464R	logit=-0.571
C:S180T	D:S453T	logit=-0.652
C:T42V	D:T315V	logit=-0.749
C:N51P	D:N324P	logit=-0.907

Top tied mutations (A + B view):
A:T18V	B:T215V	logit=-0.377
A:N55S	B:N252S	logit=-0.462
A:N54V	B:N251V	logit=-0.908
A:E100V	B:E297V	logit=-1.193
A:V102I	B:V299I	logit=-1.405

Top tied mutations (C + D view):
C:V218L	D:V491L	logit=-0.467
C:K191R	D:K464R	logit=-0.590
C:S180T	D:S453T	logit=-0.629
C:T42V	D:T315V	logit=-0.779
C:S89A	D:S362A	logit=-0.890

Top tied mutations (A + B view):
A:T18V	B:T215V	logit=-0.373
A:N55S	B:N252S	logit=-0.503
A:N54V	B:N251V	logit=-0.939
A:E100V	B:E297V	logit=-1.247
A:R61K	B:R258K	logit=-1.292

Top tied mutations (C + D view):
C:V218L	D:V491L	logit=-0.431
C:K191R	D:K464R	logit=-0.529
C:S180T	D:S453T	logit=-0.654
C:T42V	D:T315V	logit=-0.771
C:N51P	D:N324P	logit=-0.909

Top tied mutations (A + B view):
A:T18V	B:T215V	logit=-0.437
A:N55S	B:N252S	logit=-0.472
A:N54V	B:N251V	logit=-0.769
A:E100V	B:E297V	logit=-1.339
A:N54I	B:N251I	logit=-1.453

Top tied mutations (C + D view):
C:V218L	D:V491L	logit=-0.492
C:K191R	D:K464R	logit=-0.560
C:S180T	D:S453T	logit=-0.664
C:T42V	D:T315V	logit=-0.729
C:N51P	D:N324P	logit=-0.814

Top tied mutations (A + B view):
A:T18V	B:T215V	logit=-0.432
A:N55S	B:N252S	logit=-0.571
A:N54V	B:N251V	logit=-0.793
A:E100V	B:E297V	logit=-1.333
A:V102I	B:V299I	logit=-1.497

Top tied mutations (C + D view):
C:V218L	D:V491L	logit=-0.418
C:K191R	D:K464R	logit=-0.618
C:S180T	D:S453T	logit=-0.655
C:T42V	D:T315V	logit=-0.735
C:S89A	D:S362A	logit=-0.850

Top tied mutations (A + B view):
A:T18V	B:T215V	logit=-0.401
A:N55S	B:N252S	logit=-0.552
A:N54V	B:N251V	logit=-0.814
A:E100V	B:E297V	logit=-1.241
A:R61K	B:R258K	logit=-1.508

Top tied mutations (C + D view):
C:V218L	D:V491L	logit=-0.448
C:K191R	D:K464R	logit=-0.548
C:S180T	D:S453T	logit=-0.661
C:T42V	D:T315V	logit=-0.703
C:N51P	D:N324P	logit=-0.792

Top tied mutations (A + B view):
A:T18V	B:T215V	logit=-0.383
A:N55S	B:N252S	logit=-0.457
A:N54V	B:N251V	logit=-0.742
A:E100V	B:E297V	logit=-1.166
A:V102I	B:V299I	logit=-1.519

Top tied mutations (C + D view):
C:V218L	D:V491L	logit=-0.462
C:K191R	D:K464R	logit=-0.591
C:S180T	D:S453T	logit=-0.633
C:T42V	D:T315V	logit=-0.699
C:N51P	D:N324P	logit=-0.830

Top tied mutations (A + B view):
A:T18V	B:T215V	logit=-0.419
A:N55S	B:N252S	logit=-0.477
A:N54V	B:N251V	logit=-0.870
A:E100V	B:E297V	logit=-1.133
A:V102I	B:V299I	logit=-1.545

Top tied mutations (C + D view):
C:V218L	D:V491L	logit=-0.485
C:K191R	D:K464R	logit=-0.555
C:S180T	D:S453T	logit=-0.657
C:T42V	D:T315V	logit=-0.699
C:N51P	D:N324P	logit=-0.817

Top tied mutations (A + B view):
A:T18V	B:T215V	logit=-0.372
A:N55S	B:N252S	logit=-0.460
A:N54V	B:N251V	logit=-0.659
A:E100V	B:E297V	logit=-1.407
A:N57R	B:N254R	logit=-1.432

Top tied mutations (C + D view):
C:V218L	D:V491L	logit=-0.427
C:K191R	D:K464R	logit=-0.530
C:S180T	D:S453T	logit=-0.659
C:T42V	D:T315V	logit=-0.755
C:N51P	D:N324P	logit=-0.849

Top tied mutations (A + B view):
A:T18V	B:T215V	logit=-0.464
A:N55S	B:N252S	logit=-0.585
A:N54V	B:N251V	logit=-0.726
A:E100V	B:E297V	logit=-1.202
A:N54I	B:N251I	logit=-1.500

Top tied mutations (C + D view):
C:V218L	D:V491L	logit=-0.467
C:K191R	D:K464R	logit=-0.531
C:S180T	D:S453T	logit=-0.649
C:T42V	D:T315V	logit=-0.692
C:N51P	D:N324P	logit=-0.761

Top tied mutations (A + B view):
A:T18V	B:T215V	logit=-0.443
A:N55S	B:N252S	logit=-0.485
A:N54V	B:N251V	logit=-0.821
A:E100V	B:E297V	logit=-1.188
A:N57R	B:N254R	logit=-1.466

Top tied mutations (C + D view):
C:V218L	D:V491L	logit=-0.471
C:K191R	D:K464R	logit=-0.525
C:S180T	D:S453T	logit=-0.677
C:T42V	D:T315V	logit=-0.720
C:N51P	D:N324P	logit=-0.830

Top tied mutations (A + B view):
A:T18V	B:T215V	logit=-0.372
A:N55S	B:N252S	logit=-0.515
A:N54V	B:N251V	logit=-0.746
A:E100V	B:E297V	logit=-1.409
A:N54I	B:N251I	logit=-1.468

Top tied mutations (C + D view):
C:V218L	D:V491L	logit=-0.414
C:K191R	D:K464R	logit=-0.514
C:S180T	D:S453T	logit=-0.639
C:T42V	D:T315V	logit=-0.745
C:N51P	D:N324P	logit=-0.788

Top tied mutations (A + B view):
A:T18V	B:T215V	logit=-0.381
A:N55S	B:N252S	logit=-0.459
A:N54V	B:N251V	logit=-0.659
A:E100V	B:E297V	logit=-1.192
A:N54I	B:N251I	logit=-1.414

Top tied mutations (C + D view):
C:V218L	D:V491L	logit=-0.469
C:K191R	D:K464R	logit=-0.589
C:S180T	D:S453T	logit=-0.636
C:T42V	D:T315V	logit=-0.737
C:N51P	D:N324P	logit=-0.844

Top tied mutations (A + B view):
A:T18V	B:T215V	logit=-0.336
A:N55S	B:N252S	logit=-0.526
A:N54V	B:N251V	logit=-0.851
A:E100V	B:E297V	logit=-1.310
A:N57R	B:N254R	logit=-1.571

Top tied mutations (C + D view):
C:V218L	D:V491L	logit=-0.469
C:K191R	D:K464R	logit=-0.512
C:S180T	D:S453T	logit=-0.644
C:T42V	D:T315V	logit=-0.753
C:S89A	D:S362A	logit=-0.836

Top tied mutations (A + B view):
A:T18V	B:T215V	logit=-0.401
A:N55S	B:N252S	logit=-0.531
A:N54V	B:N251V	logit=-0.843
A:E100V	B:E297V	logit=-1.238
A:N54I	B:N251I	logit=-1.540

Top tied mutations (C + D view):
C:V218L	D:V491L	logit=-0.438
C:K191R	D:K464R	logit=-0.599
C:S180T	D:S453T	logit=-0.635
C:T42V	D:T315V	logit=-0.697
C:N51P	D:N324P	logit=-0.860

Top tied mutations (A + B view):
A:T18V	B:T215V	logit=-0.384
A:N55S	B:N252S	logit=-0.592
A:N54V	B:N251V	logit=-0.715
A:E100V	B:E297V	logit=-1.364
A:N54I	B:N251I	logit=-1.373

Top tied mutations (C + D view):
C:V218L	D:V491L	logit=-0.466
C:K191R	D:K464R	logit=-0.555
C:S180T	D:S453T	logit=-0.678
C:T42V	D:T315V	logit=-0.731
C:S89A	D:S362A	logit=-0.850

Top tied mutations (A + B view):
A:T18V	B:T215V	logit=-0.360
A:N55S	B:N252S	logit=-0.548
A:N54V	B:N251V	logit=-0.867
A:E100V	B:E297V	logit=-1.085
A:V102I	B:V299I	logit=-1.518

Top tied mutations (C + D view):
C:V218L	D:V491L	logit=-0.419
C:K191R	D:K464R	logit=-0.560
C:S180T	D:S453T	logit=-0.659
C:T42V	D:T315V	logit=-0.711
C:N51P	D:N324P	logit=-0.889

Top tied mutations (A + B view):
A:T18V	B:T215V	logit=-0.344
A:N55S	B:N252S	logit=-0.525
A:N54V	B:N251V	logit=-0.848
A:E100V	B:E297V	logit=-1.288
A:N57R	B:N254R	logit=-1.435

Top tied mutations (C + D view):
C:V218L	D:V491L	logit=-0.452
C:K191R	D:K464R	logit=-0.600
C:S180T	D:S453T	logit=-0.649
C:T42V	D:T315V	logit=-0.699
C:S89A	D:S362A	logit=-0.872

Top tied mutations (A + B view):
A:T18V	B:T215V	logit=-0.412
A:N55S	B:N252S	logit=-0.594
A:N54V	B:N251V	logit=-0.991
A:E100V	B:E297V	logit=-1.398
A:V102I	B:V299I	logit=-1.538

Top tied mutations (C + D view):
C:V218L	D:V491L	logit=-0.467
C:K191R	D:K464R	logit=-0.533
C:S180T	D:S453T	logit=-0.691
C:T42V	D:T315V	logit=-0.727
C:S89A	D:S362A	logit=-0.860

Top tied mutations (A + B view):
A:T18V	B:T215V	logit=-0.364
A:N55S	B:N252S	logit=-0.531
A:N54V	B:N251V	logit=-0.794
A:E100V	B:E297V	logit=-1.208
A:V102I	B:V299I	logit=-1.533

Top tied mutations (C + D view):
C:V218L	D:V491L	logit=-0.453
C:K191R	D:K464R	logit=-0.590
C:S180T	D:S453T	logit=-0.652
C:T42V	D:T315V	logit=-0.792
C:N51P	D:N324P	logit=-0.921

Top tied mutations (A + B view):
A:T18V	B:T215V	logit=-0.395
A:N55S	B:N252S	logit=-0.520
A:N54V	B:N251V	logit=-0.799
A:E100V	B:E297V	logit=-1.385
A:R61K	B:R258K	logit=-1.498

Top tied mutations (C + D view):
C:V218L	D:V491L	logit=-0.429
C:K191R	D:K464R	logit=-0.551
C:S180T	D:S453T	logit=-0.654
C:T42V	D:T315V	logit=-0.738
C:N51P	D:N324P	logit=-0.866

Top tied mutations (A + B view):
A:T18V	B:T215V	logit=-0.367
A:N55S	B:N252S	logit=-0.546
A:N54V	B:N251V	logit=-0.788
A:E100V	B:E297V	logit=-1.175
A:N54I	B:N251I	logit=-1.573

Top tied mutations (C + D view):
C:V218L	D:V491L	logit=-0.431
C:K191R	D:K464R	logit=-0.620
C:S180T	D:S453T	logit=-0.670
C:N51P	D:N324P	logit=-0.733
C:T42V	D:T315V	logit=-0.747

Top tied mutations (A + B view):
A:T18V	B:T215V	logit=-0.324
A:N55S	B:N252S	logit=-0.550
A:N54V	B:N251V	logit=-0.677
A:E100V	B:E297V	logit=-1.145
A:N54I	B:N251I	logit=-1.531

Top tied mutations (C + D view):
C:V218L	D:V491L	logit=-0.473
C:K191R	D:K464R	logit=-0.523
C:S180T	D:S453T	logit=-0.645
C:T42V	D:T315V	logit=-0.696
C:N51P	D:N324P	logit=-0.794

Top tied mutations (A + B view):
A:T18V	B:T215V	logit=-0.331
A:N55S	B:N252S	logit=-0.526
A:N54V	B:N251V	logit=-0.887
A:E100V	B:E297V	logit=-1.300
A:V102I	B:V299I	logit=-1.519

Top tied mutations (C + D view):
C:V218L	D:V491L	logit=-0.447
C:K191R	D:K464R	logit=-0.522
C:S180T	D:S453T	logit=-0.626
C:T42V	D:T315V	logit=-0.731
C:N51P	D:N324P	logit=-0.894

Top tied mutations (A + B view):
A:T18V	B:T215V	logit=-0.391
A:N55S	B:N252S	logit=-0.501
A:N54V	B:N251V	logit=-0.800
A:E100V	B:E297V	logit=-1.262
A:R61K	B:R258K	logit=-1.462

Top tied mutations (C + D view):
C:V218L	D:V491L	logit=-0.471
C:K191R	D:K464R	logit=-0.617
C:S180T	D:S453T	logit=-0.682
C:T42V	D:T315V	logit=-0.724
C:N51P	D:N324P	logit=-0.813

Top tied mutations (A + B view):
A:T18V	B:T215V	logit=-0.479
A:N55S	B:N252S	logit=-0.552
A:N54V	B:N251V	logit=-0.786
A:E100V	B:E297V	logit=-1.226
A:N54I	B:N251I	logit=-1.400

Top tied mutations (C + D view):
C:V218L	D:V491L	logit=-0.401
C:K191R	D:K464R	logit=-0.597
C:S180T	D:S453T	logit=-0.658
C:T42V	D:T315V	logit=-0.696
C:N51P	D:N324P	logit=-0.839

Top tied mutations (A + B view):
A:T18V	B:T215V	logit=-0.434
A:N55S	B:N252S	logit=-0.540
A:N54V	B:N251V	logit=-0.718
A:E100V	B:E297V	logit=-1.368
A:N54I	B:N251I	logit=-1.472

Top tied mutations (C + D view):
C:V218L	D:V491L	logit=-0.418
C:K191R	D:K464R	logit=-0.570
C:S180T	D:S453T	logit=-0.691
C:T42V	D:T315V	logit=-0.801
C:S89A	D:S362A	logit=-0.861

Top tied mutations (A + B view):
A:T18V	B:T215V	logit=-0.420
A:N55S	B:N252S	logit=-0.523
A:N54V	B:N251V	logit=-0.729
A:E100V	B:E297V	logit=-1.253
A:V102I	B:V299I	logit=-1.497

Top tied mutations (C + D view):
C:V218L	D:V491L	logit=-0.464
C:K191R	D:K464R	logit=-0.499
C:S180T	D:S453T	logit=-0.637
C:T42V	D:T315V	logit=-0.707
C:N51P	D:N324P	logit=-0.759

Top tied mutations (A + B view):
A:T18V	B:T215V	logit=-0.392
A:N55S	B:N252S	logit=-0.437
A:N54V	B:N251V	logit=-0.718
A:E100V	B:E297V	logit=-1.249
A:N54I	B:N251I	logit=-1.424

Top tied mutations (C + D view):
C:V218L	D:V491L	logit=-0.489
C:K191R	D:K464R	logit=-0.624
C:S180T	D:S453T	logit=-0.670
C:T42V	D:T315V	logit=-0.708
C:N51P	D:N324P	logit=-0.775

Top tied mutations (A + B view):
A:T18V	B:T215V	logit=-0.387
A:N55S	B:N252S	logit=-0.508
A:N54V	B:N251V	logit=-0.685
A:E100V	B:E297V	logit=-1.161
A:V102I	B:V299I	logit=-1.455

Top tied mutations (C + D view):
C:V218L	D:V491L	logit=-0.459
C:K191R	D:K464R	logit=-0.595
C:S180T	D:S453T	logit=-0.653
C:T42V	D:T315V	logit=-0.816
C:S89A	D:S362A	logit=-0.875

Top tied mutations (A + B view):
A:T18V	B:T215V	logit=-0.361
A:N55S	B:N252S	logit=-0.549
A:N54V	B:N251V	logit=-0.979
A:E100V	B:E297V	logit=-1.251
A:N57R	B:N254R	logit=-1.433

Top tied mutations (C + D view):
C:V218L	D:V491L	logit=-0.464
C:K191R	D:K464R	logit=-0.599
C:S180T	D:S453T	logit=-0.658
C:T42V	D:T315V	logit=-0.745
C:N51P	D:N324P	logit=-0.887

Top tied mutations (A + B view):
A:T18V	B:T215V	logit=-0.361
A:N55S	B:N252S	logit=-0.491
A:N54V	B:N251V	logit=-0.786
A:E100V	B:E297V	logit=-1.273
A:N54I	B:N251I	logit=-1.482

Top tied mutations (C + D view):
C:V218L	D:V491L	logit=-0.405
C:K191R	D:K464R	logit=-0.514
C:S180T	D:S453T	logit=-0.670
C:T42V	D:T315V	logit=-0.707
C:N51P	D:N324P	logit=-0.794

Top tied mutations (A + B view):
A:T18V	B:T215V	logit=-0.406
A:N55S	B:N252S	logit=-0.502
A:N54V	B:N251V	logit=-0.640
A:E100V	B:E297V	logit=-1.268
A:V102I	B:V299I	logit=-1.527

Top tied mutations (C + D view):
C:V218L	D:V491L	logit=-0.444
C:K191R	D:K464R	logit=-0.586
C:S180T	D:S453T	logit=-0.660
C:T42V	D:T315V	logit=-0.724
C:S89A	D:S362A	logit=-0.838

Top tied mutations (A + B view):
A:T18V	B:T215V	logit=-0.365
A:N55S	B:N252S	logit=-0.492
A:N54V	B:N251V	logit=-0.908
A:E100V	B:E297V	logit=-1.292
A:N54I	B:N251I	logit=-1.462

Top tied mutations (C + D view):
C:V218L	D:V491L	logit=-0.450
C:K191R	D:K464R	logit=-0.584
C:S180T	D:S453T	logit=-0.650
C:T42V	D:T315V	logit=-0.752
C:N51P	D:N324P	logit=-0.857

Top tied mutations (A + B view):
A:T18V	B:T215V	logit=-0.426
A:N55S	B:N252S	logit=-0.472
A:N54V	B:N251V	logit=-0.659
A:E100V	B:E297V	logit=-1.339
A:R61K	B:R258K	logit=-1.545

Top tied mutations (C + D view):
C:V218L	D:V491L	logit=-0.427
C:K191R	D:K464R	logit=-0.538
C:S180T	D:S453T	logit=-0.673
C:T42V	D:T315V	logit=-0.770
C:N51P	D:N324P	logit=-0.794

Top tied mutations (A + B view):
A:T18V	B:T215V	logit=-0.331
A:N55S	B:N252S	logit=-0.544
A:N54V	B:N251V	logit=-0.852
A:N57R	B:N254R	logit=-1.284
A:E100V	B:E297V	logit=-1.365

Top tied mutations (C + D view):
C:V218L	D:V491L	logit=-0.461
C:K191R	D:K464R	logit=-0.464
C:S180T	D:S453T	logit=-0.650
C:T42V	D:T315V	logit=-0.747
C:N51P	D:N324P	logit=-0.791

Top tied mutations (A + B view):
A:T18V	B:T215V	logit=-0.372
A:N55S	B:N252S	logit=-0.513
A:N54V	B:N251V	logit=-0.667
A:E100V	B:E297V	logit=-1.276
A:R61K	B:R258K	logit=-1.390

Top tied mutations (C + D view):
C:V218L	D:V491L	logit=-0.473
C:K191R	D:K464R	logit=-0.587
C:S180T	D:S453T	logit=-0.659
C:T42V	D:T315V	logit=-0.713
C:N51P	D:N324P	logit=-0.899

Top tied mutations (A + B view):
A:T18V	B:T215V	logit=-0.452
A:N55S	B:N252S	logit=-0.560
A:N54V	B:N251V	logit=-0.738
A:E100V	B:E297V	logit=-1.216
A:N54I	B:N251I	logit=-1.452

Top tied mutations (C + D view):
C:V218L	D:V491L	logit=-0.458
C:K191R	D:K464R	logit=-0.569
C:S180T	D:S453T	logit=-0.671
C:T42V	D:T315V	logit=-0.685
C:S89A	D:S362A	logit=-0.918

Top tied mutations (A + B view):
A:T18V	B:T215V	logit=-0.408
A:N55S	B:N252S	logit=-0.500
A:N54V	B:N251V	logit=-0.840
A:E100V	B:E297V	logit=-1.293
A:N57R	B:N254R	logit=-1.542

Top tied mutations (C + D view):
C:V218L	D:V491L	logit=-0.412
C:K191R	D:K464R	logit=-0.633
C:S180T	D:S453T	logit=-0.660
C:T42V	D:T315V	logit=-0.750
C:N51P	D:N324P	logit=-0.773

Top tied mutations (A + B view):
A:T18V	B:T215V	logit=-0.460
A:N55S	B:N252S	logit=-0.491
A:N54V	B:N251V	logit=-0.885
A:E100V	B:E297V	logit=-1.272
A:N54I	B:N251I	logit=-1.593

Top tied mutations (C + D view):
C:V218L	D:V491L	logit=-0.431
C:K191R	D:K464R	logit=-0.540
C:S180T	D:S453T	logit=-0.664
C:T42V	D:T315V	logit=-0.665
C:N51P	D:N324P	logit=-0.803

Top tied mutations (A + B view):
A:T18V	B:T215V	logit=-0.396
A:N55S	B:N252S	logit=-0.527
A:N54V	B:N251V	logit=-0.625
A:E100V	B:E297V	logit=-1.250
A:N57R	B:N254R	logit=-1.474

Top tied mutations (C + D view):
C:V218L	D:V491L	logit=-0.443
C:K191R	D:K464R	logit=-0.585
C:S180T	D:S453T	logit=-0.643
C:T42V	D:T315V	logit=-0.767
C:N51P	D:N324P	logit=-0.778

Top tied mutations (A + B view):
A:T18V	B:T215V	logit=-0.377
A:N55S	B:N252S	logit=-0.521
A:N54V	B:N251V	logit=-0.665
A:E100V	B:E297V	logit=-1.197
A:N57R	B:N254R	logit=-1.495

Top tied mutations (C + D view):
C:V218L	D:V491L	logit=-0.416
C:K191R	D:K464R	logit=-0.510
C:S180T	D:S453T	logit=-0.642
C:T42V	D:T315V	logit=-0.768
C:N51P	D:N324P	logit=-0.820

Top tied mutations (A + B view):
A:T18V	B:T215V	logit=-0.346
A:N55S	B:N252S	logit=-0.511
A:N54V	B:N251V	logit=-0.802
A:E100V	B:E297V	logit=-1.339
A:V102I	B:V299I	logit=-1.552

Top tied mutations (C + D view):
C:V218L	D:V491L	logit=-0.429
C:K191R	D:K464R	logit=-0.574
C:S180T	D:S453T	logit=-0.634
C:N51P	D:N324P	logit=-0.743
C:T42V	D:T315V	logit=-0.777

Top tied mutations (A + B view):
A:T18V	B:T215V	logit=-0.333
A:N55S	B:N252S	logit=-0.492
A:N54V	B:N251V	logit=-0.720
A:E100V	B:E297V	logit=-1.387
A:V102I	B:V299I	logit=-1.488

Top tied mutations (C + D view):
C:V218L	D:V491L	logit=-0.459
C:K191R	D:K464R	logit=-0.550
C:S180T	D:S453T	logit=-0.647
C:T42V	D:T315V	logit=-0.750
C:N219S	D:N492S	logit=-0.928

Top tied mutations (A + B view):
A:T18V	B:T215V	logit=-0.457
A:N55S	B:N252S	logit=-0.469
A:N54V	B:N251V	logit=-0.888
A:E100V	B:E297V	logit=-1.230
A:V102I	B:V299I	logit=-1.476

Top tied mutations (C + D view):
C:V218L	D:V491L	logit=-0.463
C:K191R	D:K464R	logit=-0.529
C:S180T	D:S453T	logit=-0.641
C:T42V	D:T315V	logit=-0.761
C:N51P	D:N324P	logit=-0.863

Top tied mutations (A + B view):
A:T18V	B:T215V	logit=-0.377
A:N55S	B:N252S	logit=-0.549
A:N54V	B:N251V	logit=-0.838
A:E100V	B:E297V	logit=-1.220
A:V102I	B:V299I	logit=-1.507

Top tied mutations (C + D view):
C:V218L	D:V491L	logit=-0.481
C:K191R	D:K464R	logit=-0.527
C:S180T	D:S453T	logit=-0.640
C:T42V	D:T315V	logit=-0.694
C:N51P	D:N324P	logit=-0.812

Top tied mutations (A + B view):
A:T18V	B:T215V	logit=-0.379
A:N55S	B:N252S	logit=-0.524
A:N54V	B:N251V	logit=-0.805
A:E100V	B:E297V	logit=-1.304
A:N54I	B:N251I	logit=-1.579

Top tied mutations (C + D view):
C:V218L	D:V491L	logit=-0.470
C:K191R	D:K464R	logit=-0.586
C:S180T	D:S453T	logit=-0.653
C:T42V	D:T315V	logit=-0.726
C:A168P	D:A441P	logit=-0.900

Top tied mutations (A + B view):
A:T18V	B:T215V	logit=-0.455
A:N55S	B:N252S	logit=-0.518
A:N54V	B:N251V	logit=-0.740
A:E100V	B:E297V	logit=-1.220
A:N54I	B:N251I	logit=-1.382

Top tied mutations (C + D view):
C:V218L	D:V491L	logit=-0.470
C:K191R	D:K464R	logit=-0.498
C:S180T	D:S453T	logit=-0.652
C:T42V	D:T315V	logit=-0.739
C:N51P	D:N324P	logit=-0.788

Top tied mutations (A + B view):
A:T18V	B:T215V	logit=-0.436
A:N55S	B:N252S	logit=-0.516
A:N54V	B:N251V	logit=-0.750
A:E100V	B:E297V	logit=-1.328
A:N57R	B:N254R	logit=-1.523

Top tied mutations (C + D view):
C:V218L	D:V491L	logit=-0.427
C:K191R	D:K464R	logit=-0.522
C:S180T	D:S453T	logit=-0.648
C:T42V	D:T315V	logit=-0.743
C:N51P	D:N324P	logit=-0.761

Top tied mutations (A + B view):
A:T18V	B:T215V	logit=-0.428
A:N55S	B:N252S	logit=-0.520
A:N54V	B:N251V	logit=-0.733
A:E100V	B:E297V	logit=-1.252
A:V102I	B:V299I	logit=-1.450

Top tied mutations (C + D view):
C:V218L	D:V491L	logit=-0.473
C:K191R	D:K464R	logit=-0.557
C:S180T	D:S453T	logit=-0.665
C:T42V	D:T315V	logit=-0.743
C:N51P	D:N324P	logit=-0.889

Top tied mutations (A + B view):
A:T18V	B:T215V	logit=-0.443
A:N55S	B:N252S	logit=-0.534
A:N54V	B:N251V	logit=-0.869
A:E100V	B:E297V	logit=-1.259
A:N54I	B:N251I	logit=-1.581

Top tied mutations (C + D view):
C:V218L	D:V491L	logit=-0.427
C:K191R	D:K464R	logit=-0.587
C:S180T	D:S453T	logit=-0.653
C:T42V	D:T315V	logit=-0.712
C:N51P	D:N324P	logit=-0.770

Top tied mutations (A + B view):
A:T18V	B:T215V	logit=-0.394
A:N55S	B:N252S	logit=-0.486
A:N54V	B:N251V	logit=-0.950
A:E100V	B:E297V	logit=-1.278
A:V102I	B:V299I	logit=-1.466

Top tied mutations (C + D view):
C:V218L	D:V491L	logit=-0.414
C:K191R	D:K464R	logit=-0.529
C:S180T	D:S453T	logit=-0.634
C:T42V	D:T315V	logit=-0.733
C:N51P	D:N324P	logit=-0.844

Top tied mutations (A + B view):
A:T18V	B:T215V	logit=-0.405
A:N55S	B:N252S	logit=-0.459
A:N54V	B:N251V	logit=-0.788
A:E100V	B:E297V	logit=-1.322
A:V58T	B:V255T	logit=-1.478

Top tied mutations (C + D view):
C:V218L	D:V491L	logit=-0.423
C:K191R	D:K464R	logit=-0.549
C:S180T	D:S453T	logit=-0.624
C:T42V	D:T315V	logit=-0.721
C:N51P	D:N324P	logit=-0.796

Top tied mutations (A + B view):
A:T18V	B:T215V	logit=-0.399
A:N55S	B:N252S	logit=-0.516
A:N54V	B:N251V	logit=-0.701
A:E100V	B:E297V	logit=-1.280
A:V102I	B:V299I	logit=-1.512

Top tied mutations (C + D view):
C:V218L	D:V491L	logit=-0.426
C:K191R	D:K464R	logit=-0.585
C:S180T	D:S453T	logit=-0.661
C:T42V	D:T315V	logit=-0.743
C:N51P	D:N324P	logit=-0.813

Top tied mutations (A + B view):
A:T18V	B:T215V	logit=-0.379
A:N55S	B:N252S	logit=-0.461
A:N54V	B:N251V	logit=-0.783
A:E100V	B:E297V	logit=-1.230
A:N57R	B:N254R	logit=-1.454

Top tied mutations (C + D view):
C:V218L	D:V491L	logit=-0.461
C:K191R	D:K464R	logit=-0.561
C:S180T	D:S453T	logit=-0.634
C:T42V	D:T315V	logit=-0.710
C:N51P	D:N324P	logit=-0.826

Top tied mutations (A + B view):
A:T18V	B:T215V	logit=-0.456
A:N55S	B:N252S	logit=-0.516
A:N54V	B:N251V	logit=-0.839
A:E100V	B:E297V	logit=-1.150
A:R61K	B:R258K	logit=-1.476

Top tied mutations (C + D view):
C:V218L	D:V491L	logit=-0.409
C:K191R	D:K464R	logit=-0.541
C:S180T	D:S453T	logit=-0.644
C:T42V	D:T315V	logit=-0.716
C:N219S	D:N492S	logit=-0.932

Top tied mutations (A + B view):
A:T18V	B:T215V	logit=-0.332
A:N55S	B:N252S	logit=-0.495
A:N54V	B:N251V	logit=-0.874
A:E100V	B:E297V	logit=-1.329
A:V102I	B:V299I	logit=-1.460

Top tied mutations (C + D view):
C:V218L	D:V491L	logit=-0.475
C:K191R	D:K464R	logit=-0.632
C:S180T	D:S453T	logit=-0.668
C:T42V	D:T315V	logit=-0.681
C:N51P	D:N324P	logit=-0.792

Top tied mutations (A + B view):
A:T18V	B:T215V	logit=-0.392
A:N55S	B:N252S	logit=-0.485
A:N54V	B:N251V	logit=-0.733
A:E100V	B:E297V	logit=-1.355
A:V102I	B:V299I	logit=-1.578

Top tied mutations (C + D view):
C:V218L	D:V491L	logit=-0.404
C:K191R	D:K464R	logit=-0.563
C:S180T	D:S453T	logit=-0.613
C:T42V	D:T315V	logit=-0.736
C:N51P	D:N324P	logit=-0.805

Top tied mutations (A + B view):
A:T18V	B:T215V	logit=-0.404
A:N55S	B:N252S	logit=-0.570
A:N54V	B:N251V	logit=-0.863
A:E100V	B:E297V	logit=-1.310
A:N54I	B:N251I	logit=-1.555

Top tied mutations (C + D view):
C:V218L	D:V491L	logit=-0.429
C:K191R	D:K464R	logit=-0.565
C:S180T	D:S453T	logit=-0.670
C:T42V	D:T315V	logit=-0.746
C:N51P	D:N324P	logit=-0.861

Top tied mutations (A + B view):
A:T18V	B:T215V	logit=-0.421
A:N55S	B:N252S	logit=-0.452
A:N54V	B:N251V	logit=-0.719
A:E100V	B:E297V	logit=-1.230
A:N54I	B:N251I	logit=-1.520

Top tied mutations (C + D view):
C:V218L	D:V491L	logit=-0.472
C:K191R	D:K464R	logit=-0.548
C:S180T	D:S453T	logit=-0.696
C:T42V	D:T315V	logit=-0.705
C:N51P	D:N324P	logit=-0.850

Top tied mutations (A + B view):
A:T18V	B:T215V	logit=-0.380
A:N55S	B:N252S	logit=-0.495
A:N54V	B:N251V	logit=-0.724
A:E100V	B:E297V	logit=-1.271
A:N57R	B:N254R	logit=-1.475

Top tied mutations (C + D view):
C:V218L	D:V491L	logit=-0.443
C:K191R	D:K464R	logit=-0.494
C:S180T	D:S453T	logit=-0.663
C:T42V	D:T315V	logit=-0.769
C:N51P	D:N324P	logit=-0.805

Top tied mutations (A + B view):
A:T18V	B:T215V	logit=-0.333
A:N55S	B:N252S	logit=-0.515
A:N54V	B:N251V	logit=-0.815
A:E100V	B:E297V	logit=-1.227
A:V102I	B:V299I	logit=-1.516

Top tied mutations (C + D view):
C:V218L	D:V491L	logit=-0.462
C:K191R	D:K464R	logit=-0.601
C:S180T	D:S453T	logit=-0.679
C:T42V	D:T315V	logit=-0.714
C:N51P	D:N324P	logit=-0.769

Top tied mutations (A + B view):
A:T18V	B:T215V	logit=-0.388
A:N55S	B:N252S	logit=-0.513
A:N54V	B:N251V	logit=-0.637
A:E100V	B:E297V	logit=-1.226
A:V102I	B:V299I	logit=-1.521

Top tied mutations (C + D view):
C:V218L	D:V491L	logit=-0.429
C:K191R	D:K464R	logit=-0.561
C:S180T	D:S453T	logit=-0.660
C:T42V	D:T315V	logit=-0.730
C:S89A	D:S362A	logit=-0.860

Top tied mutations (A + B view):
A:T18V	B:T215V	logit=-0.386
A:N55S	B:N252S	logit=-0.505
A:N54V	B:N251V	logit=-0.646
A:E100V	B:E297V	logit=-1.250
A:N54I	B:N251I	logit=-1.478

Top tied mutations (C + D view):
C:V218L	D:V491L	logit=-0.487
C:K191R	D:K464R	logit=-0.508
C:S180T	D:S453T	logit=-0.639
C:T42V	D:T315V	logit=-0.727
C:N51P	D:N324P	logit=-0.744

Top tied mutations (A + B view):
A:T18V	B:T215V	logit=-0.378
A:N55S	B:N252S	logit=-0.529
A:N54V	B:N251V	logit=-0.786
A:E100V	B:E297V	logit=-1.214
A:N54I	B:N251I	logit=-1.470

Top tied mutations (C + D view):
C:V218L	D:V491L	logit=-0.418
C:K191R	D:K464R	logit=-0.543
C:S180T	D:S453T	logit=-0.687
C:N51P	D:N324P	logit=-0.776
C:T42V	D:T315V	logit=-0.787

Top tied mutations (A + B view):
A:T18V	B:T215V	logit=-0.389
A:N55S	B:N252S	logit=-0.482
A:N54V	B:N251V	logit=-0.884
A:E100V	B:E297V	logit=-1.221
A:V102I	B:V299I	logit=-1.532

Top tied mutations (C + D view):
C:V218L	D:V491L	logit=-0.419
C:K191R	D:K464R	logit=-0.594
C:S180T	D:S453T	logit=-0.677
C:T42V	D:T315V	logit=-0.735
C:N51P	D:N324P	logit=-0.859

Top tied mutations (A + B view):
A:T18V	B:T215V	logit=-0.416
A:N55S	B:N252S	logit=-0.587
A:N54V	B:N251V	logit=-0.674
A:E100V	B:E297V	logit=-1.273
A:V58T	B:V255T	logit=-1.622

Top tied mutations (C + D view):
C:V218L	D:V491L	logit=-0.461
C:K191R	D:K464R	logit=-0.501
C:S180T	D:S453T	logit=-0.665
C:T42V	D:T315V	logit=-0.698
C:N51P	D:N324P	logit=-0.820

Top tied mutations (A + B view):
A:T18V	B:T215V	logit=-0.409
A:N55S	B:N252S	logit=-0.459
A:N54V	B:N251V	logit=-0.718
A:E100V	B:E297V	logit=-1.316
A:V102I	B:V299I	logit=-1.600

Top tied mutations (C + D view):
C:V218L	D:V491L	logit=-0.461
C:K191R	D:K464R	logit=-0.598
C:S180T	D:S453T	logit=-0.669
C:T42V	D:T315V	logit=-0.740
C:A168P	D:A441P	logit=-0.941

Top tied mutations (A + B view):
A:T18V	B:T215V	logit=-0.376
A:N55S	B:N252S	logit=-0.433
A:N54V	B:N251V	logit=-0.737
A:E100V	B:E297V	logit=-1.252
A:N57R	B:N254R	logit=-1.328

Top tied mutations (C + D view):
C:V218L	D:V491L	logit=-0.505
C:K191R	D:K464R	logit=-0.545
C:S180T	D:S453T	logit=-0.628
C:T42V	D:T315V	logit=-0.756
C:N51P	D:N324P	logit=-0.777

Top tied mutations (A + B view):
A:T18V	B:T215V	logit=-0.373
A:N55S	B:N252S	logit=-0.533
A:N54V	B:N251V	logit=-0.843
A:E100V	B:E297V	logit=-1.159
A:N57R	B:N254R	logit=-1.523

Top tied mutations (C + D view):
C:V218L	D:V491L	logit=-0.487
C:K191R	D:K464R	logit=-0.613
C:S180T	D:S453T	logit=-0.642
C:T42V	D:T315V	logit=-0.715
C:N51P	D:N324P	logit=-0.820

Top tied mutations (A + B view):
A:T18V	B:T215V	logit=-0.350
A:N55S	B:N252S	logit=-0.466
A:N54V	B:N251V	logit=-0.764
A:E100V	B:E297V	logit=-1.470
A:N54I	B:N251I	logit=-1.582

Top tied mutations (C + D view):
C:V218L	D:V491L	logit=-0.464
C:K191R	D:K464R	logit=-0.591
C:S180T	D:S453T	logit=-0.633
C:T42V	D:T315V	logit=-0.726
C:N51P	D:N324P	logit=-0.835

Top tied mutations (A + B view):
A:T18V	B:T215V	logit=-0.409
A:N55S	B:N252S	logit=-0.556
A:N54V	B:N251V	logit=-0.796
A:E100V	B:E297V	logit=-1.268
A:N54I	B:N251I	logit=-1.430

Top tied mutations (C + D view):
C:V218L	D:V491L	logit=-0.447
C:K191R	D:K464R	logit=-0.600
C:S180T	D:S453T	logit=-0.678
C:T42V	D:T315V	logit=-0.777
C:N51P	D:N324P	logit=-0.875

Top tied mutations (A + B view):
A:T18V	B:T215V	logit=-0.340
A:N55S	B:N252S	logit=-0.480
A:N54V	B:N251V	logit=-0.997
A:E100V	B:E297V	logit=-1.287
A:V102I	B:V299I	logit=-1.523

Top tied mutations (C + D view):
C:V218L	D:V491L	logit=-0.483
C:K191R	D:K464R	logit=-0.599
C:S180T	D:S453T	logit=-0.630
C:T42V	D:T315V	logit=-0.707
C:N51P	D:N324P	logit=-0.835

Top tied mutations (A + B view):
A:T18V	B:T215V	logit=-0.363
A:N55S	B:N252S	logit=-0.459
A:N54V	B:N251V	logit=-0.626
A:E100V	B:E297V	logit=-1.243
A:R61K	B:R258K	logit=-1.590

Top tied mutations (C + D view):
C:V218L	D:V491L	logit=-0.415
C:K191R	D:K464R	logit=-0.513
C:S180T	D:S453T	logit=-0.632
C:T42V	D:T315V	logit=-0.753
C:N51P	D:N324P	logit=-0.821

Top tied mutations (A + B view):
A:T18V	B:T215V	logit=-0.436
A:N55S	B:N252S	logit=-0.533
A:N54V	B:N251V	logit=-0.723
A:E100V	B:E297V	logit=-1.298
A:N54I	B:N251I	logit=-1.458

Top tied mutations (C + D view):
C:V218L	D:V491L	logit=-0.472
C:K191R	D:K464R	logit=-0.528
C:S180T	D:S453T	logit=-0.639
C:T42V	D:T315V	logit=-0.757
C:N51P	D:N324P	logit=-0.860

Top tied mutations (A + B view):
A:T18V	B:T215V	logit=-0.386
A:N55S	B:N252S	logit=-0.475
A:N54V	B:N251V	logit=-0.784
A:E100V	B:E297V	logit=-1.254
A:N54I	B:N251I	logit=-1.516

Top tied mutations (C + D view):
C:V218L	D:V491L	logit=-0.436
C:K191R	D:K464R	logit=-0.515
C:S180T	D:S453T	logit=-0.657
C:T42V	D:T315V	logit=-0.749
C:S89A	D:S362A	logit=-0.911

Top tied mutations (A + B view):
A:T18V	B:T215V	logit=-0.362
A:N55S	B:N252S	logit=-0.624
A:N54V	B:N251V	logit=-0.855
A:E100V	B:E297V	logit=-1.186
A:N54I	B:N251I	logit=-1.578

Top tied mutations (C + D view):
C:V218L	D:V491L	logit=-0.488
C:K191R	D:K464R	logit=-0.582
C:S180T	D:S453T	logit=-0.690
C:T42V	D:T315V	logit=-0.731
C:N51P	D:N324P	logit=-0.870

Top tied mutations (A + B view):
A:T18V	B:T215V	logit=-0.419
A:N55S	B:N252S	logit=-0.514
A:N54V	B:N251V	logit=-0.890
A:E100V	B:E297V	logit=-1.415
A:V102I	B:V299I	logit=-1.579

Top tied mutations (C + D view):
C:V218L	D:V491L	logit=-0.446
C:K191R	D:K464R	logit=-0.564
C:S180T	D:S453T	logit=-0.669
C:T42V	D:T315V	logit=-0.700
C:N51P	D:N324P	logit=-0.777

Top tied mutations (A + B view):
A:T18V	B:T215V	logit=-0.328
A:N55S	B:N252S	logit=-0.472
A:N54V	B:N251V	logit=-1.003
A:E100V	B:E297V	logit=-1.203
A:N57R	B:N254R	logit=-1.515

Top tied mutations (C + D view):
C:V218L	D:V491L	logit=-0.438
C:K191R	D:K464R	logit=-0.575
C:S180T	D:S453T	logit=-0.652
C:N51P	D:N324P	logit=-0.736
C:T42V	D:T315V	logit=-0.790

Top tied mutations (A + B view):
A:T18V	B:T215V	logit=-0.383
A:N55S	B:N252S	logit=-0.490
A:N54V	B:N251V	logit=-0.795
A:E100V	B:E297V	logit=-1.307
A:V102I	B:V299I	logit=-1.495

Top tied mutations (C + D view):
C:V218L	D:V491L	logit=-0.449
C:K191R	D:K464R	logit=-0.575
C:S180T	D:S453T	logit=-0.642
C:T42V	D:T315V	logit=-0.747
C:N51P	D:N324P	logit=-0.836

Top tied mutations (A + B view):
A:T18V	B:T215V	logit=-0.393
A:N55S	B:N252S	logit=-0.557
A:N54V	B:N251V	logit=-0.731
A:E100V	B:E297V	logit=-1.389
A:V102I	B:V299I	logit=-1.401

Top tied mutations (C + D view):
C:V218L	D:V491L	logit=-0.461
C:K191R	D:K464R	logit=-0.564
C:S180T	D:S453T	logit=-0.663
C:T42V	D:T315V	logit=-0.706
C:N51P	D:N324P	logit=-0.727

Top tied mutations (A + B view):
A:N55S	B:N252S	logit=-0.451
A:T18V	B:T215V	logit=-0.458
A:N54V	B:N251V	logit=-0.862
A:E100V	B:E297V	logit=-1.316
A:N54I	B:N251I	logit=-1.372

Top tied mutations (C + D view):
C:V218L	D:V491L	logit=-0.494
C:K191R	D:K464R	logit=-0.534
C:S180T	D:S453T	logit=-0.656
C:T42V	D:T315V	logit=-0.808
C:N51P	D:N324P	logit=-0.834

Top tied mutations (A + B view):
A:T18V	B:T215V	logit=-0.442
A:N55S	B:N252S	logit=-0.492
A:N54V	B:N251V	logit=-0.673
A:E100V	B:E297V	logit=-1.454
A:N54I	B:N251I	logit=-1.575

Top tied mutations (C + D view):
C:V218L	D:V491L	logit=-0.475
C:K191R	D:K464R	logit=-0.553
C:S180T	D:S453T	logit=-0.650
C:T42V	D:T315V	logit=-0.744
C:N51P	D:N324P	logit=-0.794

Top tied mutations (A + B view):
A:T18V	B:T215V	logit=-0.385
A:N55S	B:N252S	logit=-0.516
A:N54V	B:N251V	logit=-0.910
A:E100V	B:E297V	logit=-1.072
A:V102I	B:V299I	logit=-1.511

Top tied mutations (C + D view):
C:V218L	D:V491L	logit=-0.490
C:K191R	D:K464R	logit=-0.573
C:S180T	D:S453T	logit=-0.645
C:T42V	D:T315V	logit=-0.705
C:N51P	D:N324P	logit=-0.789

Top tied mutations (A + B view):
A:T18V	B:T215V	logit=-0.437
A:N55S	B:N252S	logit=-0.511
A:N54V	B:N251V	logit=-0.813
A:E100V	B:E297V	logit=-1.293
A:V102I	B:V299I	logit=-1.454

Top tied mutations (C + D view):
C:V218L	D:V491L	logit=-0.432
C:K191R	D:K464R	logit=-0.545
C:S180T	D:S453T	logit=-0.653
C:N51P	D:N324P	logit=-0.703
C:T42V	D:T315V	logit=-0.739

Top tied mutations (A + B view):
A:T18V	B:T215V	logit=-0.418
A:N55S	B:N252S	logit=-0.485
A:N54V	B:N251V	logit=-0.803
A:E100V	B:E297V	logit=-1.335
A:N54I	B:N251I	logit=-1.525

Top tied mutations (C + D view):
C:V218L	D:V491L	logit=-0.407
C:K191R	D:K464R	logit=-0.532
C:S180T	D:S453T	logit=-0.661
C:T42V	D:T315V	logit=-0.713
C:N51P	D:N324P	logit=-0.831

Top tied mutations (A + B view):
A:T18V	B:T215V	logit=-0.348
A:N55S	B:N252S	logit=-0.528
A:N54V	B:N251V	logit=-0.832
A:E100V	B:E297V	logit=-1.293
A:N57R	B:N254R	logit=-1.507

Top tied mutations (C + D view):
C:V218L	D:V491L	logit=-0.478
C:K191R	D:K464R	logit=-0.559
C:S180T	D:S453T	logit=-0.672
C:T42V	D:T315V	logit=-0.734
C:N51P	D:N324P	logit=-0.855

Top tied mutations (A + B view):
A:T18V	B:T215V	logit=-0.356
A:N55S	B:N252S	logit=-0.546
A:N54V	B:N251V	logit=-0.811
A:E100V	B:E297V	logit=-1.268
A:N54I	B:N251I	logit=-1.479

Top tied mutations (C + D view):
C:V218L	D:V491L	logit=-0.475
C:K191R	D:K464R	logit=-0.516
C:S180T	D:S453T	logit=-0.651
C:T42V	D:T315V	logit=-0.708
C:S72G	D:S345G	logit=-0.941

Top tied mutations (A + B view):
A:T18V	B:T215V	logit=-0.372
A:N55S	B:N252S	logit=-0.547
A:N54V	B:N251V	logit=-0.881
A:E100V	B:E297V	logit=-1.237
A:V102I	B:V299I	logit=-1.494

Top tied mutations (C + D view):
C:V218L	D:V491L	logit=-0.451
C:K191R	D:K464R	logit=-0.572
C:S180T	D:S453T	logit=-0.652
C:T42V	D:T315V	logit=-0.713
C:N51P	D:N324P	logit=-0.745

Top tied mutations (A + B view):
A:T18V	B:T215V	logit=-0.430
A:N55S	B:N252S	logit=-0.482
A:N54V	B:N251V	logit=-0.874
A:E100V	B:E297V	logit=-1.294
A:V102I	B:V299I	logit=-1.539

Top tied mutations (C + D view):
C:V218L	D:V491L	logit=-0.463
C:K191R	D:K464R	logit=-0.545
C:S180T	D:S453T	logit=-0.622
C:T42V	D:T315V	logit=-0.724
C:N51P	D:N324P	logit=-0.867

Top tied mutations (A + B view):
A:T18V	B:T215V	logit=-0.328
A:N55S	B:N252S	logit=-0.551
A:N54V	B:N251V	logit=-0.885
A:E100V	B:E297V	logit=-1.324
A:R61K	B:R258K	logit=-1.491

Top tied mutations (C + D view):
C:V218L	D:V491L	logit=-0.406
C:K191R	D:K464R	logit=-0.594
C:S180T	D:S453T	logit=-0.675
C:T42V	D:T315V	logit=-0.690
C:N51P	D:N324P	logit=-0.839

Top tied mutations (A + B view):
A:T18V	B:T215V	logit=-0.396
A:N55S	B:N252S	logit=-0.553
A:N54V	B:N251V	logit=-0.746
A:E100V	B:E297V	logit=-1.388
A:V102I	B:V299I	logit=-1.482

Top tied mutations (C + D view):
C:V218L	D:V491L	logit=-0.442
C:K191R	D:K464R	logit=-0.549
C:S180T	D:S453T	logit=-0.646
C:T42V	D:T315V	logit=-0.698
C:N51P	D:N324P	logit=-0.907

Top tied mutations (A + B view):
A:T18V	B:T215V	logit=-0.410
A:N55S	B:N252S	logit=-0.523
A:N54V	B:N251V	logit=-0.608
A:E100V	B:E297V	logit=-1.407
A:N54I	B:N251I	logit=-1.517

Top tied mutations (C + D view):
C:V218L	D:V491L	logit=-0.421
C:K191R	D:K464R	logit=-0.567
C:S180T	D:S453T	logit=-0.668
C:T42V	D:T315V	logit=-0.690
C:N51P	D:N324P	logit=-0.863

Top tied mutations (A + B view):
A:T18V	B:T215V	logit=-0.371
A:N55S	B:N252S	logit=-0.461
A:N54V	B:N251V	logit=-0.757
A:E100V	B:E297V	logit=-1.228
A:N57R	B:N254R	logit=-1.538

Top tied mutations (C + D view):
C:V218L	D:V491L	logit=-0.464
C:K191R	D:K464R	logit=-0.636
C:S180T	D:S453T	logit=-0.675
C:T42V	D:T315V	logit=-0.774
C:N51P	D:N324P	logit=-0.823

Top tied mutations (A + B view):
A:T18V	B:T215V	logit=-0.377
A:N55S	B:N252S	logit=-0.495
A:N54V	B:N251V	logit=-0.930
A:E100V	B:E297V	logit=-1.159
A:V102I	B:V299I	logit=-1.517

Top tied mutations (C + D view):
C:V218L	D:V491L	logit=-0.458
C:K191R	D:K464R	logit=-0.517
C:S180T	D:S453T	logit=-0.624
C:N51P	D:N324P	logit=-0.723
C:T42V	D:T315V	logit=-0.761

Top tied mutations (A + B view):
A:T18V	B:T215V	logit=-0.421
A:N55S	B:N252S	logit=-0.504
A:N54V	B:N251V	logit=-0.734
A:E100V	B:E297V	logit=-1.361
A:V102I	B:V299I	logit=-1.550

Top tied mutations (C + D view):
C:V218L	D:V491L	logit=-0.412
C:K191R	D:K464R	logit=-0.548
C:S180T	D:S453T	logit=-0.660
C:T42V	D:T315V	logit=-0.725
C:S89A	D:S362A	logit=-0.883

Top tied mutations (A + B view):
A:T18V	B:T215V	logit=-0.407
A:N55S	B:N252S	logit=-0.444
A:N54V	B:N251V	logit=-0.720
A:E100V	B:E297V	logit=-1.345
A:V102I	B:V299I	logit=-1.562

Top tied mutations (C + D view):
C:V218L	D:V491L	logit=-0.431
C:K191R	D:K464R	logit=-0.563
C:S180T	D:S453T	logit=-0.659
C:T42V	D:T315V	logit=-0.714
C:S89A	D:S362A	logit=-0.860

Top tied mutations (A + B view):
A:T18V	B:T215V	logit=-0.367
A:N55S	B:N252S	logit=-0.523
A:N54V	B:N251V	logit=-0.757
A:E100V	B:E297V	logit=-1.251
A:N54I	B:N251I	logit=-1.511

Top tied mutations (C + D view):
C:V218L	D:V491L	logit=-0.419
C:K191R	D:K464R	logit=-0.540
C:S180T	D:S453T	logit=-0.657
C:T42V	D:T315V	logit=-0.792
C:S89A	D:S362A	logit=-0.886

Top tied mutations (A + B view):
A:T18V	B:T215V	logit=-0.325
A:N55S	B:N252S	logit=-0.563
A:N54V	B:N251V	logit=-0.832
A:E100V	B:E297V	logit=-1.212
A:V102I	B:V299I	logit=-1.489

Top tied mutations (C + D view):
C:V218L	D:V491L	logit=-0.417
C:K191R	D:K464R	logit=-0.586
C:S180T	D:S453T	logit=-0.707
C:T42V	D:T315V	logit=-0.773
C:N51P	D:N324P	logit=-0.857

Top tied mutations (A + B view):
A:T18V	B:T215V	logit=-0.392
A:N55S	B:N252S	logit=-0.494
A:N54V	B:N251V	logit=-0.853
A:E100V	B:E297V	logit=-1.214
A:N57R	B:N254R	logit=-1.480

Top tied mutations (C + D view):
C:V218L	D:V491L	logit=-0.469
C:K191R	D:K464R	logit=-0.582
C:S180T	D:S453T	logit=-0.657
C:T42V	D:T315V	logit=-0.722
C:N51P	D:N324P	logit=-0.858

Top tied mutations (A + B view):
A:T18V	B:T215V	logit=-0.441
A:N55S	B:N252S	logit=-0.443
A:N54V	B:N251V	logit=-0.704
A:E100V	B:E297V	logit=-1.326
A:N54I	B:N251I	logit=-1.596

Top tied mutations (C + D view):
C:V218L	D:V491L	logit=-0.432
C:K191R	D:K464R	logit=-0.587
C:S180T	D:S453T	logit=-0.636
C:T42V	D:T315V	logit=-0.761
C:N51P	D:N324P	logit=-0.781

Top tied mutations (A + B view):
A:T18V	B:T215V	logit=-0.355
A:N55S	B:N252S	logit=-0.517
A:N54V	B:N251V	logit=-0.744
A:E100V	B:E297V	logit=-1.236
A:V58T	B:V255T	logit=-1.505

Top tied mutations (C + D view):
C:V218L	D:V491L	logit=-0.441
C:K191R	D:K464R	logit=-0.617
C:S180T	D:S453T	logit=-0.658
C:N51P	D:N324P	logit=-0.793
C:T42V	D:T315V	logit=-0.798

Top tied mutations (A + B view):
A:T18V	B:T215V	logit=-0.378
A:N55S	B:N252S	logit=-0.468
A:N54V	B:N251V	logit=-0.841
A:E100V	B:E297V	logit=-1.210
A:V102I	B:V299I	logit=-1.456

Top tied mutations (C + D view):
C:V218L	D:V491L	logit=-0.417
C:K191R	D:K464R	logit=-0.590
C:S180T	D:S453T	logit=-0.689
C:T42V	D:T315V	logit=-0.694
C:S89A	D:S362A	logit=-0.801

Top tied mutations (A + B view):
A:T18V	B:T215V	logit=-0.350
A:N55S	B:N252S	logit=-0.482
A:N54V	B:N251V	logit=-0.690
A:E100V	B:E297V	logit=-1.219
A:N54I	B:N251I	logit=-1.590

Top tied mutations (C + D view):
C:V218L	D:V491L	logit=-0.476
C:K191R	D:K464R	logit=-0.614
C:S180T	D:S453T	logit=-0.649
C:T42V	D:T315V	logit=-0.765
C:N51P	D:N324P	logit=-0.866

Top tied mutations (A + B view):
A:T18V	B:T215V	logit=-0.360
A:N55S	B:N252S	logit=-0.473
A:N54V	B:N251V	logit=-0.783
A:E100V	B:E297V	logit=-1.346
A:R61K	B:R258K	logit=-1.650

Top tied mutations (C + D view):
C:V218L	D:V491L	logit=-0.457
C:K191R	D:K464R	logit=-0.613
C:S180T	D:S453T	logit=-0.632
C:T42V	D:T315V	logit=-0.743
C:N51P	D:N324P	logit=-0.805

Top tied mutations (A + B view):
A:T18V	B:T215V	logit=-0.293
A:N55S	B:N252S	logit=-0.551
A:N54V	B:N251V	logit=-0.846
A:E100V	B:E297V	logit=-1.205
A:N57R	B:N254R	logit=-1.458

Top tied mutations (C + D view):
C:K191R	D:K464R	logit=-0.477
C:V218L	D:V491L	logit=-0.501
C:S180T	D:S453T	logit=-0.670
C:T42V	D:T315V	logit=-0.764
C:N51P	D:N324P	logit=-0.839

Top tied mutations (A + B view):
A:T18V	B:T215V	logit=-0.339
A:N55S	B:N252S	logit=-0.512
A:N54V	B:N251V	logit=-0.768
A:E100V	B:E297V	logit=-1.166
A:N57R	B:N254R	logit=-1.508

Top tied mutations (C + D view):
C:V218L	D:V491L	logit=-0.439
C:K191R	D:K464R	logit=-0.518
C:S180T	D:S453T	logit=-0.658
C:N51P	D:N324P	logit=-0.803
C:T42V	D:T315V	logit=-0.848

Top tied mutations (A + B view):
A:T18V	B:T215V	logit=-0.415
A:N55S	B:N252S	logit=-0.504
A:N54V	B:N251V	logit=-0.698
A:E100V	B:E297V	logit=-1.239
A:N54I	B:N251I	logit=-1.314

Top tied mutations (C + D view):
C:V218L	D:V491L	logit=-0.474
C:K191R	D:K464R	logit=-0.593
C:S180T	D:S453T	logit=-0.672
C:N51P	D:N324P	logit=-0.749
C:T42V	D:T315V	logit=-0.765

Top tied mutations (A + B view):
A:T18V	B:T215V	logit=-0.424
A:N55S	B:N252S	logit=-0.532
A:N54V	B:N251V	logit=-0.838
A:E100V	B:E297V	logit=-1.233
A:N57R	B:N254R	logit=-1.435

Top tied mutations (C + D view):
C:V218L	D:V491L	logit=-0.398
C:K191R	D:K464R	logit=-0.591
C:S180T	D:S453T	logit=-0.684
C:T42V	D:T315V	logit=-0.730
C:S89A	D:S362A	logit=-0.869

Top tied mutations (A + B view):
A:T18V	B:T215V	logit=-0.378
A:N55S	B:N252S	logit=-0.457
A:N54V	B:N251V	logit=-0.637
A:E100V	B:E297V	logit=-1.276
A:V102I	B:V299I	logit=-1.482

Top tied mutations (C + D view):
C:V218L	D:V491L	logit=-0.467
C:K191R	D:K464R	logit=-0.564
C:S180T	D:S453T	logit=-0.670
C:T42V	D:T315V	logit=-0.710
C:S89A	D:S362A	logit=-0.884

Top tied mutations (A + B view):
A:T18V	B:T215V	logit=-0.352
A:N55S	B:N252S	logit=-0.516
A:N54V	B:N251V	logit=-0.830
A:E100V	B:E297V	logit=-1.255
A:V102I	B:V299I	logit=-1.605

Top tied mutations (C + D view):
C:V218L	D:V491L	logit=-0.492
C:K191R	D:K464R	logit=-0.499
C:S180T	D:S453T	logit=-0.647
C:T42V	D:T315V	logit=-0.738
C:N51P	D:N324P	logit=-0.845

Top tied mutations (A + B view):
A:T18V	B:T215V	logit=-0.429
A:N55S	B:N252S	logit=-0.525
A:N54V	B:N251V	logit=-0.832
A:E100V	B:E297V	logit=-1.362
A:N54I	B:N251I	logit=-1.481

Top tied mutations (C + D view):
C:V218L	D:V491L	logit=-0.437
C:K191R	D:K464R	logit=-0.527
C:S180T	D:S453T	logit=-0.669
C:T42V	D:T315V	logit=-0.719
C:N51P	D:N324P	logit=-0.814

Top tied mutations (A + B view):
A:T18V	B:T215V	logit=-0.445
A:N55S	B:N252S	logit=-0.514
A:N54V	B:N251V	logit=-0.753
A:E100V	B:E297V	logit=-1.367
A:N57R	B:N254R	logit=-1.374

Top tied mutations (C + D view):
C:V218L	D:V491L	logit=-0.404
C:K191R	D:K464R	logit=-0.522
C:S180T	D:S453T	logit=-0.633
C:T42V	D:T315V	logit=-0.752
C:S89A	D:S362A	logit=-0.846

Top tied mutations (A + B view):
A:T18V	B:T215V	logit=-0.367
A:N55S	B:N252S	logit=-0.543
A:N54V	B:N251V	logit=-0.816
A:E100V	B:E297V	logit=-1.109
A:R61K	B:R258K	logit=-1.404

Top tied mutations (C + D view):
C:V218L	D:V491L	logit=-0.472
C:K191R	D:K464R	logit=-0.509
C:S180T	D:S453T	logit=-0.630
C:T42V	D:T315V	logit=-0.766
C:S89A	D:S362A	logit=-0.865

Top tied mutations (A + B view):
A:T18V	B:T215V	logit=-0.433
A:N55S	B:N252S	logit=-0.484
A:N54V	B:N251V	logit=-0.835
A:E100V	B:E297V	logit=-1.258
A:N57R	B:N254R	logit=-1.318

Top tied mutations (C + D view):
C:K191R	D:K464R	logit=-0.461
C:V218L	D:V491L	logit=-0.486
C:S180T	D:S453T	logit=-0.669
C:T42V	D:T315V	logit=-0.725
C:S89A	D:S362A	logit=-0.844

Top tied mutations (A + B view):
A:T18V	B:T215V	logit=-0.418
A:N55S	B:N252S	logit=-0.524
A:N54V	B:N251V	logit=-1.020
A:E100V	B:E297V	logit=-1.361
A:V102I	B:V299I	logit=-1.486

Top tied mutations (C + D view):
C:V218L	D:V491L	logit=-0.414
C:K191R	D:K464R	logit=-0.581
C:S180T	D:S453T	logit=-0.631
C:T42V	D:T315V	logit=-0.700
C:N51P	D:N324P	logit=-0.800

Top tied mutations (A + B view):
A:T18V	B:T215V	logit=-0.403
A:N55S	B:N252S	logit=-0.415
A:N54V	B:N251V	logit=-0.775
A:E100V	B:E297V	logit=-1.215
A:V102I	B:V299I	logit=-1.493

Top tied mutations (C + D view):
C:V218L	D:V491L	logit=-0.487
C:K191R	D:K464R	logit=-0.571
C:S180T	D:S453T	logit=-0.664
C:T42V	D:T315V	logit=-0.720
C:N51P	D:N324P	logit=-0.880

Top tied mutations (A + B view):
A:T18V	B:T215V	logit=-0.352
A:N55S	B:N252S	logit=-0.487
A:N54V	B:N251V	logit=-0.752
A:E100V	B:E297V	logit=-1.270
A:V102I	B:V299I	logit=-1.508

Top tied mutations (C + D view):
C:V218L	D:V491L	logit=-0.411
C:K191R	D:K464R	logit=-0.536
C:S180T	D:S453T	logit=-0.662
C:T42V	D:T315V	logit=-0.752
C:S89A	D:S362A	logit=-0.902

Top tied mutations (A + B view):
A:T18V	B:T215V	logit=-0.383
A:N55S	B:N252S	logit=-0.543
A:N54V	B:N251V	logit=-0.807
A:E100V	B:E297V	logit=-1.334
A:R61K	B:R258K	logit=-1.419

Top tied mutations (C + D view):
C:V218L	D:V491L	logit=-0.459
C:K191R	D:K464R	logit=-0.515
C:S180T	D:S453T	logit=-0.660
C:T42V	D:T315V	logit=-0.677
C:N51P	D:N324P	logit=-0.769

Top tied mutations (A + B view):
A:N55S	B:N252S	logit=-0.422
A:T18V	B:T215V	logit=-0.469
A:N54V	B:N251V	logit=-0.727
A:E100V	B:E297V	logit=-1.367
A:R61K	B:R258K	logit=-1.417

Top tied mutations (C + D view):
C:V218L	D:V491L	logit=-0.453
C:K191R	D:K464R	logit=-0.652
C:S180T	D:S453T	logit=-0.665
C:T42V	D:T315V	logit=-0.731
C:N51P	D:N324P	logit=-0.810

Top tied mutations (A + B view):
A:T18V	B:T215V	logit=-0.347
A:N55S	B:N252S	logit=-0.457
A:N54V	B:N251V	logit=-0.868
A:E100V	B:E297V	logit=-1.283
A:V102I	B:V299I	logit=-1.582

Top tied mutations (C + D view):
C:V218L	D:V491L	logit=-0.423
C:K191R	D:K464R	logit=-0.608
C:S180T	D:S453T	logit=-0.657
C:T42V	D:T315V	logit=-0.738
C:N51P	D:N324P	logit=-0.821

Top tied mutations (A + B view):
A:T18V	B:T215V	logit=-0.380
A:N55S	B:N252S	logit=-0.523
A:N54V	B:N251V	logit=-0.848
A:E100V	B:E297V	logit=-1.307
A:V102I	B:V299I	logit=-1.566

Top tied mutations (C + D view):
C:V218L	D:V491L	logit=-0.483
C:K191R	D:K464R	logit=-0.498
C:S180T	D:S453T	logit=-0.672
C:T42V	D:T315V	logit=-0.673
C:N51P	D:N324P	logit=-0.826

Top tied mutations (A + B view):
A:T18V	B:T215V	logit=-0.370
A:N55S	B:N252S	logit=-0.536
A:N54V	B:N251V	logit=-0.674
A:N57R	B:N254R	logit=-1.332
A:E100V	B:E297V	logit=-1.383

Top tied mutations (C + D view):
C:V218L	D:V491L	logit=-0.399
C:K191R	D:K464R	logit=-0.550
C:S180T	D:S453T	logit=-0.648
C:T42V	D:T315V	logit=-0.693
C:N51P	D:N324P	logit=-0.742

Top tied mutations (A + B view):
A:T18V	B:T215V	logit=-0.410
A:N55S	B:N252S	logit=-0.515
A:N54V	B:N251V	logit=-0.899
A:E100V	B:E297V	logit=-1.354
A:V102I	B:V299I	logit=-1.546

Top tied mutations (C + D view):
C:V218L	D:V491L	logit=-0.468
C:K191R	D:K464R	logit=-0.597
C:S180T	D:S453T	logit=-0.640
C:T42V	D:T315V	logit=-0.727
C:N51P	D:N324P	logit=-0.833

Top tied mutations (A + B view):
A:T18V	B:T215V	logit=-0.376
A:N55S	B:N252S	logit=-0.547
A:N54V	B:N251V	logit=-0.775
A:E100V	B:E297V	logit=-1.330
A:V58T	B:V255T	logit=-1.460

Top tied mutations (C + D view):
C:V218L	D:V491L	logit=-0.457
C:K191R	D:K464R	logit=-0.555
C:S180T	D:S453T	logit=-0.636
C:T42V	D:T315V	logit=-0.741
C:S89A	D:S362A	logit=-0.861

Top tied mutations (A + B view):
A:T18V	B:T215V	logit=-0.410
A:N55S	B:N252S	logit=-0.509
A:N54V	B:N251V	logit=-0.752
A:E100V	B:E297V	logit=-1.211
A:N54I	B:N251I	logit=-1.507

Top tied mutations (C + D view):
C:V218L	D:V491L	logit=-0.435
C:K191R	D:K464R	logit=-0.553
C:S180T	D:S453T	logit=-0.659
C:T42V	D:T315V	logit=-0.778
C:A168P	D:A441P	logit=-0.919

Top tied mutations (A + B view):
A:T18V	B:T215V	logit=-0.399
A:N55S	B:N252S	logit=-0.538
A:N54V	B:N251V	logit=-0.909
A:E100V	B:E297V	logit=-1.228
A:V102I	B:V299I	logit=-1.488

Top tied mutations (C + D view):
C:V218L	D:V491L	logit=-0.416
C:K191R	D:K464R	logit=-0.571
C:S180T	D:S453T	logit=-0.661
C:T42V	D:T315V	logit=-0.686
C:S89A	D:S362A	logit=-0.859

Top tied mutations (A + B view):
A:N55S	B:N252S	logit=-0.393
A:T18V	B:T215V	logit=-0.404
A:N54V	B:N251V	logit=-0.757
A:E100V	B:E297V	logit=-1.350
A:V102I	B:V299I	logit=-1.472

Top tied mutations (C + D view):
C:V218L	D:V491L	logit=-0.466
C:K191R	D:K464R	logit=-0.553
C:S180T	D:S453T	logit=-0.674
C:T42V	D:T315V	logit=-0.716
C:N51P	D:N324P	logit=-0.841

Top tied mutations (A + B view):
A:T18V	B:T215V	logit=-0.410
A:N55S	B:N252S	logit=-0.497
A:N54V	B:N251V	logit=-0.812
A:E100V	B:E297V	logit=-1.164
A:R61V	B:R258V	logit=-1.640

Top tied mutations (C + D view):
C:V218L	D:V491L	logit=-0.452
C:K191R	D:K464R	logit=-0.555
C:S180T	D:S453T	logit=-0.612
C:T42V	D:T315V	logit=-0.778
C:N51P	D:N324P	logit=-0.819

Top tied mutations (A + B view):
A:T18V	B:T215V	logit=-0.409
A:N55S	B:N252S	logit=-0.545
A:N54V	B:N251V	logit=-0.755
A:E100V	B:E297V	logit=-1.173
A:V102I	B:V299I	logit=-1.566

Top tied mutations (C + D view):
C:V218L	D:V491L	logit=-0.477
C:K191R	D:K464R	logit=-0.589
C:S180T	D:S453T	logit=-0.658
C:T42V	D:T315V	logit=-0.723
C:N51P	D:N324P	logit=-0.863

Top tied mutations (A + B view):
A:T18V	B:T215V	logit=-0.398
A:N55S	B:N252S	logit=-0.411
A:N54V	B:N251V	logit=-0.795
A:E100V	B:E297V	logit=-1.246
A:R61K	B:R258K	logit=-1.407

Top tied mutations (C + D view):
C:V218L	D:V491L	logit=-0.439
C:K191R	D:K464R	logit=-0.509
C:S180T	D:S453T	logit=-0.672
C:T42V	D:T315V	logit=-0.736
C:N51P	D:N324P	logit=-0.778

Top tied mutations (A + B view):
A:T18V	B:T215V	logit=-0.367
A:N55S	B:N252S	logit=-0.499
A:N54V	B:N251V	logit=-0.705
A:E100V	B:E297V	logit=-1.153
A:N57R	B:N254R	logit=-1.537

Top tied mutations (C + D view):
C:V218L	D:V491L	logit=-0.478
C:K191R	D:K464R	logit=-0.572
C:S180T	D:S453T	logit=-0.678
C:T42V	D:T315V	logit=-0.782
C:N51P	D:N324P	logit=-0.878

Top tied mutations (A + B view):
A:N55S	B:N252S	logit=-0.485
A:T18V	B:T215V	logit=-0.497
A:N54V	B:N251V	logit=-0.697
A:E100V	B:E297V	logit=-1.419
A:N54I	B:N251I	logit=-1.535

Top tied mutations (C + D view):
C:V218L	D:V491L	logit=-0.476
C:K191R	D:K464R	logit=-0.596
C:S180T	D:S453T	logit=-0.648
C:T42V	D:T315V	logit=-0.765
C:S89A	D:S362A	logit=-0.865

Top tied mutations (A + B view):
A:T18V	B:T215V	logit=-0.357
A:N55S	B:N252S	logit=-0.483
A:N54V	B:N251V	logit=-0.827
A:E100V	B:E297V	logit=-1.289
A:V102I	B:V299I	logit=-1.561

Top tied mutations (C + D view):
C:V218L	D:V491L	logit=-0.468
C:K191R	D:K464R	logit=-0.514
C:S180T	D:S453T	logit=-0.663
C:T42V	D:T315V	logit=-0.725
C:N51P	D:N324P	logit=-0.797

Top tied mutations (A + B view):
A:T18V	B:T215V	logit=-0.356
A:N55S	B:N252S	logit=-0.513
A:N54V	B:N251V	logit=-1.038
A:E100V	B:E297V	logit=-1.244
A:V102I	B:V299I	logit=-1.594

Top tied mutations (C + D view):
C:V218L	D:V491L	logit=-0.394
C:K191R	D:K464R	logit=-0.562
C:S180T	D:S453T	logit=-0.642
C:T42V	D:T315V	logit=-0.678
C:N51P	D:N324P	logit=-0.693

Top tied mutations (A + B view):
A:T18V	B:T215V	logit=-0.381
A:N55S	B:N252S	logit=-0.534
A:N54V	B:N251V	logit=-0.812
A:E100V	B:E297V	logit=-1.267
A:N54I	B:N251I	logit=-1.475

Top tied mutations (C + D view):
C:V218L	D:V491L	logit=-0.442
C:K191R	D:K464R	logit=-0.597
C:S180T	D:S453T	logit=-0.649
C:T42V	D:T315V	logit=-0.771
C:N51P	D:N324P	logit=-0.867

Top tied mutations (A + B view):
A:T18V	B:T215V	logit=-0.354
A:N55S	B:N252S	logit=-0.557
A:N54V	B:N251V	logit=-0.984
A:E100V	B:E297V	logit=-1.222
A:V102I	B:V299I	logit=-1.427

Top tied mutations (C + D view):
C:V218L	D:V491L	logit=-0.471
C:K191R	D:K464R	logit=-0.540
C:S180T	D:S453T	logit=-0.637
C:T42V	D:T315V	logit=-0.767
C:S89A	D:S362A	logit=-0.831

Top tied mutations (A + B view):
A:T18V	B:T215V	logit=-0.351
A:N55S	B:N252S	logit=-0.457
A:N54V	B:N251V	logit=-0.770
A:E100V	B:E297V	logit=-1.151
A:N57R	B:N254R	logit=-1.499

Top tied mutations (C + D view):
C:V218L	D:V491L	logit=-0.457
C:K191R	D:K464R	logit=-0.561
C:S180T	D:S453T	logit=-0.627
C:T42V	D:T315V	logit=-0.704
C:N51P	D:N324P	logit=-0.858

Top tied mutations (A + B view):
A:T18V	B:T215V	logit=-0.424
A:N55S	B:N252S	logit=-0.491
A:N54V	B:N251V	logit=-0.810
A:E100V	B:E297V	logit=-1.330
A:V102I	B:V299I	logit=-1.494

Top tied mutations (C + D view):
C:V218L	D:V491L	logit=-0.430
C:K191R	D:K464R	logit=-0.541
C:S180T	D:S453T	logit=-0.617
C:T42V	D:T315V	logit=-0.714
C:N219S	D:N492S	logit=-0.890

Top tied mutations (A + B view):
A:T18V	B:T215V	logit=-0.384
A:N55S	B:N252S	logit=-0.484
A:N54V	B:N251V	logit=-0.824
A:E100V	B:E297V	logit=-1.343
A:V102I	B:V299I	logit=-1.449

Top tied mutations (C + D view):
C:V218L	D:V491L	logit=-0.491
C:K191R	D:K464R	logit=-0.531
C:S180T	D:S453T	logit=-0.665
C:T42V	D:T315V	logit=-0.732
C:N51P	D:N324P	logit=-0.792

Top tied mutations (A + B view):
A:T18V	B:T215V	logit=-0.402
A:N55S	B:N252S	logit=-0.458
A:N54V	B:N251V	logit=-0.724
A:E100V	B:E297V	logit=-1.235
A:N54I	B:N251I	logit=-1.562

Top tied mutations (C + D view):
C:V218L	D:V491L	logit=-0.426
C:K191R	D:K464R	logit=-0.585
C:S180T	D:S453T	logit=-0.635
C:T42V	D:T315V	logit=-0.742
C:N51P	D:N324P	logit=-0.853

Top tied mutations (A + B view):
A:T18V	B:T215V	logit=-0.389
A:N55S	B:N252S	logit=-0.554
A:N54V	B:N251V	logit=-0.861
A:E100V	B:E297V	logit=-1.296
A:N54I	B:N251I	logit=-1.595

Top tied mutations (C + D view):
C:V218L	D:V491L	logit=-0.421
C:K191R	D:K464R	logit=-0.571
C:S180T	D:S453T	logit=-0.656
C:T42V	D:T315V	logit=-0.764
C:N51P	D:N324P	logit=-0.817

Top tied mutations (A + B view):
A:T18V	B:T215V	logit=-0.348
A:N55S	B:N252S	logit=-0.495
A:N54V	B:N251V	logit=-0.810
A:E100V	B:E297V	logit=-1.181
A:N57R	B:N254R	logit=-1.518

Top tied mutations (C + D view):
C:V218L	D:V491L	logit=-0.468
C:K191R	D:K464R	logit=-0.565
C:S180T	D:S453T	logit=-0.644
C:N51P	D:N324P	logit=-0.723
C:T42V	D:T315V	logit=-0.731

Top tied mutations (A + B view):
A:T18V	B:T215V	logit=-0.403
A:N55S	B:N252S	logit=-0.482
A:N54V	B:N251V	logit=-0.771
A:E100V	B:E297V	logit=-1.292
A:N54I	B:N251I	logit=-1.549

Top tied mutations (C + D view):
C:V218L	D:V491L	logit=-0.437
C:K191R	D:K464R	logit=-0.526
C:S180T	D:S453T	logit=-0.677
C:T42V	D:T315V	logit=-0.695
C:N51P	D:N324P	logit=-0.741

Top tied mutations (A + B view):
A:T18V	B:T215V	logit=-0.322
A:N55S	B:N252S	logit=-0.523
A:N54V	B:N251V	logit=-0.847
A:E100V	B:E297V	logit=-1.355
A:N54I	B:N251I	logit=-1.359

Top tied mutations (C + D view):
C:V218L	D:V491L	logit=-0.487
C:K191R	D:K464R	logit=-0.562
C:S180T	D:S453T	logit=-0.676
C:T42V	D:T315V	logit=-0.749
C:N51P	D:N324P	logit=-0.899

Top tied mutations (A + B view):
A:T18V	B:T215V	logit=-0.378
A:N55S	B:N252S	logit=-0.552
A:N54V	B:N251V	logit=-0.832
A:E100V	B:E297V	logit=-1.267
A:V102I	B:V299I	logit=-1.629

Top tied mutations (C + D view):
C:V218L	D:V491L	logit=-0.471
C:K191R	D:K464R	logit=-0.585
C:S180T	D:S453T	logit=-0.650
C:T42V	D:T315V	logit=-0.781
C:S89A	D:S362A	logit=-0.877

Top tied mutations (A + B view):
A:T18V	B:T215V	logit=-0.324
A:N55S	B:N252S	logit=-0.602
A:N54V	B:N251V	logit=-0.691
A:E100V	B:E297V	logit=-1.227
A:V102I	B:V299I	logit=-1.561

Top tied mutations (C + D view):
C:V218L	D:V491L	logit=-0.488
C:K191R	D:K464R	logit=-0.585
C:S180T	D:S453T	logit=-0.689
C:T42V	D:T315V	logit=-0.711
C:N51P	D:N324P	logit=-0.812

Top tied mutations (A + B view):
A:T18V	B:T215V	logit=-0.351
A:N55S	B:N252S	logit=-0.515
A:N54V	B:N251V	logit=-0.920
A:E100V	B:E297V	logit=-1.163
A:N54I	B:N251I	logit=-1.539

Top tied mutations (C + D view):
C:V218L	D:V491L	logit=-0.417
C:K191R	D:K464R	logit=-0.577
C:S180T	D:S453T	logit=-0.667
C:T42V	D:T315V	logit=-0.810
C:S89A	D:S362A	logit=-0.828

Top tied mutations (A + B view):
A:T18V	B:T215V	logit=-0.412
A:N55S	B:N252S	logit=-0.481
A:N54V	B:N251V	logit=-0.831
A:E100V	B:E297V	logit=-1.406
A:V102I	B:V299I	logit=-1.613

Top tied mutations (C + D view):
C:V218L	D:V491L	logit=-0.421
C:K191R	D:K464R	logit=-0.541
C:S180T	D:S453T	logit=-0.626
C:T42V	D:T315V	logit=-0.718
C:N51P	D:N324P	logit=-0.834

Top tied mutations (A + B view):
A:T18V	B:T215V	logit=-0.401
A:N55S	B:N252S	logit=-0.462
A:N54V	B:N251V	logit=-0.850
A:E100V	B:E297V	logit=-1.238
A:V102I	B:V299I	logit=-1.495

Top tied mutations (C + D view):
C:V218L	D:V491L	logit=-0.460
C:K191R	D:K464R	logit=-0.567
C:S180T	D:S453T	logit=-0.677
C:T42V	D:T315V	logit=-0.752
C:N219S	D:N492S	logit=-0.936

Top tied mutations (A + B view):
A:T18V	B:T215V	logit=-0.347
A:N55S	B:N252S	logit=-0.464
A:N54V	B:N251V	logit=-0.701
A:E100V	B:E297V	logit=-1.351
A:N57R	B:N254R	logit=-1.381

Top tied mutations (C + D view):
C:V218L	D:V491L	logit=-0.453
C:K191R	D:K464R	logit=-0.535
C:S180T	D:S453T	logit=-0.653
C:T42V	D:T315V	logit=-0.707
C:N51P	D:N324P	logit=-0.884

Top tied mutations (A + B view):
A:T18V	B:T215V	logit=-0.403
A:N55S	B:N252S	logit=-0.502
A:N54V	B:N251V	logit=-1.047
A:E100V	B:E297V	logit=-1.320
A:N54I	B:N251I	logit=-1.445

Top tied mutations (C + D view):
C:V218L	D:V491L	logit=-0.422
C:K191R	D:K464R	logit=-0.512
C:S180T	D:S453T	logit=-0.651
C:T42V	D:T315V	logit=-0.734
C:N51P	D:N324P	logit=-0.895

Top tied mutations (A + B view):
A:T18V	B:T215V	logit=-0.356
A:N55S	B:N252S	logit=-0.495
A:N54V	B:N251V	logit=-0.880
A:E100V	B:E297V	logit=-1.074
A:R61V	B:R258V	logit=-1.524

Top tied mutations (C + D view):
C:V218L	D:V491L	logit=-0.425
C:K191R	D:K464R	logit=-0.530
C:S180T	D:S453T	logit=-0.648
C:T42V	D:T315V	logit=-0.756
C:N51P	D:N324P	logit=-0.916

Top tied mutations (A + B view):
A:T18V	B:T215V	logit=-0.402
A:N55S	B:N252S	logit=-0.556
A:N54V	B:N251V	logit=-0.692
A:E100V	B:E297V	logit=-1.242
A:N54I	B:N251I	logit=-1.450

Top tied mutations (C + D view):
C:V218L	D:V491L	logit=-0.447
C:K191R	D:K464R	logit=-0.587
C:S180T	D:S453T	logit=-0.657
C:T42V	D:T315V	logit=-0.735
C:N51P	D:N324P	logit=-0.856

Top tied mutations (A + B view):
A:T18V	B:T215V	logit=-0.383
A:N55S	B:N252S	logit=-0.523
A:N54V	B:N251V	logit=-0.814
A:E100V	B:E297V	logit=-1.443
A:V102I	B:V299I	logit=-1.565

Top tied mutations (C + D view):
C:V218L	D:V491L	logit=-0.410
C:K191R	D:K464R	logit=-0.588
C:S180T	D:S453T	logit=-0.676
C:T42V	D:T315V	logit=-0.705
C:N51P	D:N324P	logit=-0.818

Top tied mutations (A + B view):
A:T18V	B:T215V	logit=-0.335
A:N55S	B:N252S	logit=-0.500
A:N54V	B:N251V	logit=-0.858
A:E100V	B:E297V	logit=-1.380
A:N54I	B:N251I	logit=-1.450

Top tied mutations (C + D view):
C:V218L	D:V491L	logit=-0.466
C:K191R	D:K464R	logit=-0.578
C:S180T	D:S453T	logit=-0.626
C:T42V	D:T315V	logit=-0.753
C:N51P	D:N324P	logit=-0.811

Top tied mutations (A + B view):
A:T18V	B:T215V	logit=-0.486
A:N55S	B:N252S	logit=-0.550
A:N54V	B:N251V	logit=-0.807
A:E100V	B:E297V	logit=-1.418
A:N57R	B:N254R	logit=-1.533

Top tied mutations (C + D view):
C:V218L	D:V491L	logit=-0.479
C:K191R	D:K464R	logit=-0.546
C:S180T	D:S453T	logit=-0.640
C:T42V	D:T315V	logit=-0.727
C:N51P	D:N324P	logit=-0.792

Top tied mutations (A + B view):
A:T18V	B:T215V	logit=-0.291
A:N55S	B:N252S	logit=-0.495
A:N54V	B:N251V	logit=-0.788
A:E100V	B:E297V	logit=-1.329
A:V102I	B:V299I	logit=-1.564

Top tied mutations (C + D view):
C:V218L	D:V491L	logit=-0.401
C:K191R	D:K464R	logit=-0.561
C:S180T	D:S453T	logit=-0.656
C:T42V	D:T315V	logit=-0.680
C:N51P	D:N324P	logit=-0.791

Top tied mutations (A + B view):
A:T18V	B:T215V	logit=-0.348
A:N55S	B:N252S	logit=-0.433
A:N54V	B:N251V	logit=-0.870
A:E100V	B:E297V	logit=-1.216
A:N54I	B:N251I	logit=-1.590

Top tied mutations (C + D view):
C:V218L	D:V491L	logit=-0.420
C:K191R	D:K464R	logit=-0.544
C:S180T	D:S453T	logit=-0.662
C:T42V	D:T315V	logit=-0.694
C:N51P	D:N324P	logit=-0.878

Top tied mutations (A + B view):
A:T18V	B:T215V	logit=-0.339
A:N55S	B:N252S	logit=-0.550
A:N54V	B:N251V	logit=-0.780
A:E100V	B:E297V	logit=-1.337
A:R61K	B:R258K	logit=-1.451

Top tied mutations (C + D view):
C:V218L	D:V491L	logit=-0.446
C:K191R	D:K464R	logit=-0.608
C:S180T	D:S453T	logit=-0.694
C:T42V	D:T315V	logit=-0.768
C:S89A	D:S362A	logit=-0.893

Top tied mutations (A + B view):
A:T18V	B:T215V	logit=-0.313
A:N55S	B:N252S	logit=-0.517
A:N54V	B:N251V	logit=-0.786
A:E100V	B:E297V	logit=-1.378
A:V102I	B:V299I	logit=-1.521

Top tied mutations (C + D view):
C:V218L	D:V491L	logit=-0.453
C:K191R	D:K464R	logit=-0.568
C:T42V	D:T315V	logit=-0.663
C:S180T	D:S453T	logit=-0.665
C:N51P	D:N324P	logit=-0.773

Top tied mutations (A + B view):
A:T18V	B:T215V	logit=-0.353
A:N55S	B:N252S	logit=-0.554
A:N54V	B:N251V	logit=-0.741
A:E100V	B:E297V	logit=-1.279
A:N54I	B:N251I	logit=-1.378

Top tied mutations (C + D view):
C:V218L	D:V491L	logit=-0.502
C:K191R	D:K464R	logit=-0.583
C:S180T	D:S453T	logit=-0.677
C:T42V	D:T315V	logit=-0.784
C:S89A	D:S362A	logit=-0.876

Top tied mutations (A + B view):
A:T18V	B:T215V	logit=-0.349
A:N55S	B:N252S	logit=-0.581
A:N54V	B:N251V	logit=-0.793
A:E100V	B:E297V	logit=-1.304
A:N54I	B:N251I	logit=-1.519

Top tied mutations (C + D view):
C:V218L	D:V491L	logit=-0.416
C:K191R	D:K464R	logit=-0.600
C:S180T	D:S453T	logit=-0.679
C:T42V	D:T315V	logit=-0.738
C:N51P	D:N324P	logit=-0.827

Top tied mutations (A + B view):
A:T18V	B:T215V	logit=-0.454
A:N55S	B:N252S	logit=-0.543
A:N54V	B:N251V	logit=-0.876
A:E100V	B:E297V	logit=-1.349
A:V58T	B:V255T	logit=-1.556

Top tied mutations (C + D view):
C:V218L	D:V491L	logit=-0.433
C:K191R	D:K464R	logit=-0.507
C:S180T	D:S453T	logit=-0.676
C:T42V	D:T315V	logit=-0.769
C:S89A	D:S362A	logit=-0.885

Top tied mutations (A + B view):
A:T18V	B:T215V	logit=-0.377
A:N55S	B:N252S	logit=-0.448
A:N54V	B:N251V	logit=-0.688
A:E100V	B:E297V	logit=-1.267
A:V102I	B:V299I	logit=-1.558

Top tied mutations (C + D view):
C:V218L	D:V491L	logit=-0.437
C:K191R	D:K464R	logit=-0.567
C:S180T	D:S453T	logit=-0.656
C:T42V	D:T315V	logit=-0.720
C:N51P	D:N324P	logit=-0.796

Top tied mutations (A + B view):
A:T18V	B:T215V	logit=-0.335
A:N55S	B:N252S	logit=-0.514
A:N54V	B:N251V	logit=-0.822
A:E100V	B:E297V	logit=-1.328
A:N57R	B:N254R	logit=-1.462

Top tied mutations (C + D view):
C:V218L	D:V491L	logit=-0.445
C:K191R	D:K464R	logit=-0.578
C:S180T	D:S453T	logit=-0.645
C:T42V	D:T315V	logit=-0.688
C:N51P	D:N324P	logit=-0.854

Top tied mutations (A + B view):
A:T18V	B:T215V	logit=-0.413
A:N55S	B:N252S	logit=-0.578
A:N54V	B:N251V	logit=-0.846
A:E100V	B:E297V	logit=-1.308
A:R61V	B:R258V	logit=-1.559

Top tied mutations (C + D view):
C:V218L	D:V491L	logit=-0.447
C:K191R	D:K464R	logit=-0.557
C:S180T	D:S453T	logit=-0.652
C:T42V	D:T315V	logit=-0.802
C:N51P	D:N324P	logit=-0.911

Top tied mutations (A + B view):
A:T18V	B:T215V	logit=-0.327
A:N55S	B:N252S	logit=-0.528
A:N54V	B:N251V	logit=-0.789
A:E100V	B:E297V	logit=-1.145
A:V102I	B:V299I	logit=-1.433

Top tied mutations (C + D view):
C:V218L	D:V491L	logit=-0.422
C:K191R	D:K464R	logit=-0.498
C:S180T	D:S453T	logit=-0.659
C:T42V	D:T315V	logit=-0.719
C:N51P	D:N324P	logit=-0.768

Top tied mutations (A + B view):
A:T18V	B:T215V	logit=-0.379
A:N55S	B:N252S	logit=-0.525
A:N54V	B:N251V	logit=-0.948
A:N57R	B:N254R	logit=-1.227
A:E100V	B:E297V	logit=-1.231

Top tied mutations (C + D view):
C:V218L	D:V491L	logit=-0.449
C:K191R	D:K464R	logit=-0.543
C:S180T	D:S453T	logit=-0.654
C:T42V	D:T315V	logit=-0.706
C:N51P	D:N324P	logit=-0.833

Top tied mutations (A + B view):
A:T18V	B:T215V	logit=-0.372
A:N55S	B:N252S	logit=-0.460
A:N54V	B:N251V	logit=-0.789
A:E100V	B:E297V	logit=-1.199
A:V102I	B:V299I	logit=-1.477

Top tied mutations (C + D view):
C:V218L	D:V491L	logit=-0.440
C:K191R	D:K464R	logit=-0.512
C:S180T	D:S453T	logit=-0.680
C:T42V	D:T315V	logit=-0.713
C:N51P	D:N324P	logit=-0.811

Top tied mutations (A + B view):
A:T18V	B:T215V	logit=-0.437
A:N55S	B:N252S	logit=-0.593
A:N54V	B:N251V	logit=-0.890
A:E100V	B:E297V	logit=-1.256
A:V102I	B:V299I	logit=-1.519

Top tied mutations (C + D view):
C:V218L	D:V491L	logit=-0.426
C:K191R	D:K464R	logit=-0.571
C:S180T	D:S453T	logit=-0.628
C:T42V	D:T315V	logit=-0.746
C:N51P	D:N324P	logit=-0.771

Top tied mutations (A + B view):
A:T18V	B:T215V	logit=-0.301
A:N55S	B:N252S	logit=-0.577
A:N54V	B:N251V	logit=-0.984
A:E100V	B:E297V	logit=-1.192
A:V102I	B:V299I	logit=-1.410

Top tied mutations (C + D view):
C:V218L	D:V491L	logit=-0.417
C:K191R	D:K464R	logit=-0.580
C:S180T	D:S453T	logit=-0.652
C:T42V	D:T315V	logit=-0.691
C:N51P	D:N324P	logit=-0.788

Top tied mutations (A + B view):
A:T18V	B:T215V	logit=-0.407
A:N55S	B:N252S	logit=-0.501
A:N54V	B:N251V	logit=-0.859
A:E100V	B:E297V	logit=-1.251
A:N54I	B:N251I	logit=-1.557

Top tied mutations (C + D view):
C:V218L	D:V491L	logit=-0.480
C:K191R	D:K464R	logit=-0.585
C:S180T	D:S453T	logit=-0.665
C:T42V	D:T315V	logit=-0.739
C:N51P	D:N324P	logit=-0.805

Top tied mutations (A + B view):
A:T18V	B:T215V	logit=-0.414
A:N55S	B:N252S	logit=-0.514
A:N54V	B:N251V	logit=-0.697
A:E100V	B:E297V	logit=-1.233
A:V102I	B:V299I	logit=-1.516

Top tied mutations (C + D view):
C:V218L	D:V491L	logit=-0.417
C:K191R	D:K464R	logit=-0.536
C:S180T	D:S453T	logit=-0.629
C:T42V	D:T315V	logit=-0.717
C:N51P	D:N324P	logit=-0.861

Top tied mutations (A + B view):
A:T18V	B:T215V	logit=-0.339
A:N55S	B:N252S	logit=-0.476
A:N54V	B:N251V	logit=-0.726
A:E100V	B:E297V	logit=-1.263
A:N54I	B:N251I	logit=-1.413

Top tied mutations (C + D view):
C:V218L	D:V491L	logit=-0.397
C:K191R	D:K464R	logit=-0.547
C:S180T	D:S453T	logit=-0.648
C:T42V	D:T315V	logit=-0.706
C:S89A	D:S362A	logit=-0.875

Top tied mutations (A + B view):
A:T18V	B:T215V	logit=-0.407
A:N55S	B:N252S	logit=-0.503
A:N54V	B:N251V	logit=-0.799
A:E100V	B:E297V	logit=-1.245
A:V102I	B:V299I	logit=-1.420

Top tied mutations (C + D view):
C:V218L	D:V491L	logit=-0.475
C:K191R	D:K464R	logit=-0.608
C:S180T	D:S453T	logit=-0.645
C:T42V	D:T315V	logit=-0.761
C:N51P	D:N324P	logit=-0.843

Top tied mutations (A + B view):
A:T18V	B:T215V	logit=-0.337
A:N55S	B:N252S	logit=-0.439
A:N54V	B:N251V	logit=-0.834
A:E100V	B:E297V	logit=-1.182
A:V102I	B:V299I	logit=-1.510

Top tied mutations (C + D view):
C:V218L	D:V491L	logit=-0.473
C:K191R	D:K464R	logit=-0.576
C:S180T	D:S453T	logit=-0.628
C:T42V	D:T315V	logit=-0.740
C:S89A	D:S362A	logit=-0.807

Top tied mutations (A + B view):
A:T18V	B:T215V	logit=-0.339
A:N55S	B:N252S	logit=-0.518
A:N54V	B:N251V	logit=-0.650
A:E100V	B:E297V	logit=-1.303
A:V102I	B:V299I	logit=-1.536

Top tied mutations (C + D view):
C:V218L	D:V491L	logit=-0.422
C:K191R	D:K464R	logit=-0.581
C:S180T	D:S453T	logit=-0.652
C:T42V	D:T315V	logit=-0.711
C:N51P	D:N324P	logit=-0.810

Top tied mutations (A + B view):
A:N55S	B:N252S	logit=-0.449
A:T18V	B:T215V	logit=-0.473
A:N54V	B:N251V	logit=-0.758
A:E100V	B:E297V	logit=-1.320
A:N54I	B:N251I	logit=-1.554

Top tied mutations (C + D view):
C:V218L	D:V491L	logit=-0.407
C:K191R	D:K464R	logit=-0.550
C:S180T	D:S453T	logit=-0.626
C:T42V	D:T315V	logit=-0.698
C:N51P	D:N324P	logit=-0.774

Top tied mutations (A + B view):
A:T18V	B:T215V	logit=-0.339
A:N55S	B:N252S	logit=-0.451
A:N54V	B:N251V	logit=-0.886
A:E100V	B:E297V	logit=-1.269
A:V102I	B:V299I	logit=-1.573

Top tied mutations (C + D view):
C:V218L	D:V491L	logit=-0.394
C:K191R	D:K464R	logit=-0.564
C:S180T	D:S453T	logit=-0.690
C:T42V	D:T315V	logit=-0.731
C:N51P	D:N324P	logit=-0.785

Top tied mutations (A + B view):
A:T18V	B:T215V	logit=-0.438
A:N55S	B:N252S	logit=-0.532
A:N54V	B:N251V	logit=-0.766
A:N54I	B:N251I	logit=-1.419
A:E100V	B:E297V	logit=-1.436

Top tied mutations (C + D view):
C:V218L	D:V491L	logit=-0.454
C:K191R	D:K464R	logit=-0.593
C:S180T	D:S453T	logit=-0.676
C:T42V	D:T315V	logit=-0.770
C:N51P	D:N324P	logit=-0.837

Top tied mutations (A + B view):
A:T18V	B:T215V	logit=-0.361
A:N55S	B:N252S	logit=-0.414
A:N54V	B:N251V	logit=-0.672
A:E100V	B:E297V	logit=-1.361
A:N54I	B:N251I	logit=-1.462

Top tied mutations (C + D view):
C:V218L	D:V491L	logit=-0.437
C:K191R	D:K464R	logit=-0.522
C:S180T	D:S453T	logit=-0.661
C:T42V	D:T315V	logit=-0.752
C:N51P	D:N324P	logit=-0.812

Top tied mutations (A + B view):
A:T18V	B:T215V	logit=-0.419
A:N55S	B:N252S	logit=-0.433
A:N54V	B:N251V	logit=-0.699
A:E100V	B:E297V	logit=-1.341
A:V102I	B:V299I	logit=-1.553

Top tied mutations (C + D view):
C:V218L	D:V491L	logit=-0.470
C:K191R	D:K464R	logit=-0.525
C:S180T	D:S453T	logit=-0.633
C:T42V	D:T315V	logit=-0.732
C:N51P	D:N324P	logit=-0.815

Top tied mutations (A + B view):
A:T18V	B:T215V	logit=-0.358
A:N55S	B:N252S	logit=-0.528
A:N54V	B:N251V	logit=-0.701
A:E100V	B:E297V	logit=-1.291
A:N57R	B:N254R	logit=-1.450

Top tied mutations (C + D view):
C:V218L	D:V491L	logit=-0.447
C:K191R	D:K464R	logit=-0.559
C:S180T	D:S453T	logit=-0.665
C:T42V	D:T315V	logit=-0.761
C:S89A	D:S362A	logit=-0.874

Top tied mutations (A + B view):
A:T18V	B:T215V	logit=-0.398
A:N55S	B:N252S	logit=-0.511
A:N54V	B:N251V	logit=-0.840
A:E100V	B:E297V	logit=-1.223
A:V102I	B:V299I	logit=-1.549

Top tied mutations (C + D view):
C:V218L	D:V491L	logit=-0.446
C:K191R	D:K464R	logit=-0.560
C:S180T	D:S453T	logit=-0.649
C:T42V	D:T315V	logit=-0.724
C:N51P	D:N324P	logit=-0.796

Top tied mutations (A + B view):
A:T18V	B:T215V	logit=-0.338
A:N55S	B:N252S	logit=-0.463
A:N54V	B:N251V	logit=-0.884
A:E100V	B:E297V	logit=-1.201
A:V102I	B:V299I	logit=-1.500

Top tied mutations (C + D view):
C:V218L	D:V491L	logit=-0.448
C:K191R	D:K464R	logit=-0.605
C:S180T	D:S453T	logit=-0.658
C:T42V	D:T315V	logit=-0.722
C:N51P	D:N324P	logit=-0.798

Top tied mutations (A + B view):
A:T18V	B:T215V	logit=-0.387
A:N55S	B:N252S	logit=-0.520
A:N54V	B:N251V	logit=-0.772
A:E100V	B:E297V	logit=-1.266
A:N57R	B:N254R	logit=-1.524

Top tied mutations (C + D view):
C:V218L	D:V491L	logit=-0.469
C:K191R	D:K464R	logit=-0.513
C:S180T	D:S453T	logit=-0.637
C:T42V	D:T315V	logit=-0.753
C:N51P	D:N324P	logit=-0.784

Top tied mutations (A + B view):
A:T18V	B:T215V	logit=-0.459
A:N55S	B:N252S	logit=-0.475
A:N54V	B:N251V	logit=-0.814
A:E100V	B:E297V	logit=-1.214
A:V102I	B:V299I	logit=-1.507

Top tied mutations (C + D view):
C:V218L	D:V491L	logit=-0.455
C:K191R	D:K464R	logit=-0.526
C:S180T	D:S453T	logit=-0.667
C:T42V	D:T315V	logit=-0.785
C:S89A	D:S362A	logit=-0.886

Top tied mutations (A + B view):
A:T18V	B:T215V	logit=-0.361
A:N55S	B:N252S	logit=-0.465
A:N54V	B:N251V	logit=-0.848
A:E100V	B:E297V	logit=-1.312
A:V102I	B:V299I	logit=-1.428

Top tied mutations (C + D view):
C:V218L	D:V491L	logit=-0.441
C:K191R	D:K464R	logit=-0.517
C:S180T	D:S453T	logit=-0.677
C:T42V	D:T315V	logit=-0.718
C:N51P	D:N324P	logit=-0.828

Top tied mutations (A + B view):
A:T18V	B:T215V	logit=-0.357
A:N55S	B:N252S	logit=-0.534
A:N54V	B:N251V	logit=-0.873
A:E100V	B:E297V	logit=-1.302
A:V102I	B:V299I	logit=-1.412

Top tied mutations (C + D view):
C:V218L	D:V491L	logit=-0.465
C:K191R	D:K464R	logit=-0.558
C:S180T	D:S453T	logit=-0.652
C:T42V	D:T315V	logit=-0.702
C:N51P	D:N324P	logit=-0.849

Top tied mutations (A + B view):
A:T18V	B:T215V	logit=-0.416
A:N55S	B:N252S	logit=-0.544
A:N54V	B:N251V	logit=-0.662
A:E100V	B:E297V	logit=-1.307
A:V102I	B:V299I	logit=-1.507

Top tied mutations (C + D view):
C:V218L	D:V491L	logit=-0.470
C:K191R	D:K464R	logit=-0.490
C:S180T	D:S453T	logit=-0.650
C:T42V	D:T315V	logit=-0.741
C:N51P	D:N324P	logit=-0.804

Top tied mutations (A + B view):
A:T18V	B:T215V	logit=-0.413
A:N55S	B:N252S	logit=-0.464
A:N54V	B:N251V	logit=-0.745
A:E100V	B:E297V	logit=-1.310
A:N57R	B:N254R	logit=-1.436

Top tied mutations (C + D view):
C:V218L	D:V491L	logit=-0.486
C:K191R	D:K464R	logit=-0.577
C:S180T	D:S453T	logit=-0.669
C:T42V	D:T315V	logit=-0.694
C:N51P	D:N324P	logit=-0.753

Top tied mutations (A + B view):
A:T18V	B:T215V	logit=-0.341
A:N55S	B:N252S	logit=-0.534
A:N54V	B:N251V	logit=-0.828
A:E100V	B:E297V	logit=-1.188
A:N57R	B:N254R	logit=-1.324

Top tied mutations (C + D view):
C:V218L	D:V491L	logit=-0.390
C:K191R	D:K464R	logit=-0.583
C:S180T	D:S453T	logit=-0.666
C:T42V	D:T315V	logit=-0.744
C:N51P	D:N324P	logit=-0.780

Top tied mutations (A + B view):
A:T18V	B:T215V	logit=-0.406
A:N55S	B:N252S	logit=-0.476
A:N54V	B:N251V	logit=-0.623
A:E100V	B:E297V	logit=-1.451
A:V102I	B:V299I	logit=-1.525

Top tied mutations (C + D view):
C:V218L	D:V491L	logit=-0.431
C:K191R	D:K464R	logit=-0.527
C:S180T	D:S453T	logit=-0.667
C:T42V	D:T315V	logit=-0.743
C:N51P	D:N324P	logit=-0.890

Top tied mutations (A + B view):
A:T18V	B:T215V	logit=-0.405
A:N55S	B:N252S	logit=-0.612
A:N54V	B:N251V	logit=-1.013
A:E100V	B:E297V	logit=-1.331
A:V102I	B:V299I	logit=-1.517

Top tied mutations (C + D view):
C:V218L	D:V491L	logit=-0.469
C:K191R	D:K464R	logit=-0.579
C:S180T	D:S453T	logit=-0.646
C:T42V	D:T315V	logit=-0.725
C:S89A	D:S362A	logit=-0.908

Top tied mutations (A + B view):
A:T18V	B:T215V	logit=-0.327
A:N55S	B:N252S	logit=-0.454
A:N54V	B:N251V	logit=-1.016
A:E100V	B:E297V	logit=-1.380
A:V102I	B:V299I	logit=-1.503

Top tied mutations (C + D view):
C:V218L	D:V491L	logit=-0.442
C:K191R	D:K464R	logit=-0.608
C:S180T	D:S453T	logit=-0.650
C:T42V	D:T315V	logit=-0.704
C:S89A	D:S362A	logit=-0.875

Top tied mutations (A + B view):
A:T18V	B:T215V	logit=-0.474
A:N55S	B:N252S	logit=-0.497
A:N54V	B:N251V	logit=-0.858
A:E100V	B:E297V	logit=-1.253
A:V58T	B:V255T	logit=-1.551

Top tied mutations (C + D view):
C:V218L	D:V491L	logit=-0.422
C:K191R	D:K464R	logit=-0.524
C:S180T	D:S453T	logit=-0.653
C:T42V	D:T315V	logit=-0.730
C:N51P	D:N324P	logit=-0.851

Top tied mutations (A + B view):
A:T18V	B:T215V	logit=-0.383
A:N55S	B:N252S	logit=-0.520
A:N54V	B:N251V	logit=-0.617
A:E100V	B:E297V	logit=-1.425
A:N54I	B:N251I	logit=-1.468

Top tied mutations (C + D view):
C:V218L	D:V491L	logit=-0.457
C:K191R	D:K464R	logit=-0.513
C:S180T	D:S453T	logit=-0.666
C:N51P	D:N324P	logit=-0.722
C:T42V	D:T315V	logit=-0.790

Top tied mutations (A + B view):
A:T18V	B:T215V	logit=-0.372
A:N55S	B:N252S	logit=-0.461
A:N54V	B:N251V	logit=-0.728
A:E100V	B:E297V	logit=-1.265
A:N54I	B:N251I	logit=-1.506

Top tied mutations (C + D view):
C:V218L	D:V491L	logit=-0.473
C:K191R	D:K464R	logit=-0.564
C:S180T	D:S453T	logit=-0.665
C:T42V	D:T315V	logit=-0.706
C:N51P	D:N324P	logit=-0.812

Top tied mutations (A + B view):
A:T18V	B:T215V	logit=-0.400
A:N55S	B:N252S	logit=-0.481
A:N54V	B:N251V	logit=-0.570
A:E100V	B:E297V	logit=-1.312
A:N54I	B:N251I	logit=-1.385

Top tied mutations (C + D view):
C:V218L	D:V491L	logit=-0.423
C:K191R	D:K464R	logit=-0.572
C:S180T	D:S453T	logit=-0.647
C:N51P	D:N324P	logit=-0.697
C:T42V	D:T315V	logit=-0.752

Top tied mutations (A + B view):
A:T18V	B:T215V	logit=-0.333
A:N55S	B:N252S	logit=-0.427
A:N54V	B:N251V	logit=-0.804
A:E100V	B:E297V	logit=-1.327
A:V102I	B:V299I	logit=-1.516

Top tied mutations (C + D view):
C:V218L	D:V491L	logit=-0.421
C:K191R	D:K464R	logit=-0.587
C:S180T	D:S453T	logit=-0.661
C:T42V	D:T315V	logit=-0.778
C:N51P	D:N324P	logit=-0.825

Top tied mutations (A + B view):
A:T18V	B:T215V	logit=-0.408
A:N55S	B:N252S	logit=-0.552
A:N54V	B:N251V	logit=-0.847
A:E100V	B:E297V	logit=-1.192
A:N54I	B:N251I	logit=-1.476

Top tied mutations (C + D view):
C:V218L	D:V491L	logit=-0.452
C:K191R	D:K464R	logit=-0.473
C:S180T	D:S453T	logit=-0.664
C:T42V	D:T315V	logit=-0.676
C:N51P	D:N324P	logit=-0.714

Top tied mutations (A + B view):
A:T18V	B:T215V	logit=-0.413
A:N55S	B:N252S	logit=-0.524
A:N54V	B:N251V	logit=-0.930
A:E100V	B:E297V	logit=-1.183
A:R61K	B:R258K	logit=-1.480

Top tied mutations (C + D view):
C:V218L	D:V491L	logit=-0.484
C:K191R	D:K464R	logit=-0.525
C:S180T	D:S453T	logit=-0.668
C:T42V	D:T315V	logit=-0.744
C:N51P	D:N324P	logit=-0.782

Top tied mutations (A + B view):
A:T18V	B:T215V	logit=-0.394
A:N55S	B:N252S	logit=-0.447
A:N54V	B:N251V	logit=-0.893
A:E100V	B:E297V	logit=-1.327
A:R61K	B:R258K	logit=-1.495

Top tied mutations (C + D view):
C:V218L	D:V491L	logit=-0.451
C:K191R	D:K464R	logit=-0.570
C:S180T	D:S453T	logit=-0.703
C:T42V	D:T315V	logit=-0.749
C:N51P	D:N324P	logit=-0.836

Top tied mutations (A + B view):
A:T18V	B:T215V	logit=-0.355
A:N55S	B:N252S	logit=-0.483
A:N54V	B:N251V	logit=-0.918
A:E100V	B:E297V	logit=-1.160
A:N54I	B:N251I	logit=-1.538

Top tied mutations (C + D view):
C:V218L	D:V491L	logit=-0.457
C:K191R	D:K464R	logit=-0.508
C:S180T	D:S453T	logit=-0.656
C:T42V	D:T315V	logit=-0.743
C:N51P	D:N324P	logit=-0.831

Top tied mutations (A + B view):
A:T18V	B:T215V	logit=-0.373
A:N55S	B:N252S	logit=-0.517
A:N54V	B:N251V	logit=-0.747
A:E100V	B:E297V	logit=-1.249
A:V58T	B:V255T	logit=-1.524

Top tied mutations (C + D view):
C:V218L	D:V491L	logit=-0.437
C:K191R	D:K464R	logit=-0.497
C:S180T	D:S453T	logit=-0.629
C:T42V	D:T315V	logit=-0.765
C:N51P	D:N324P	logit=-0.849

Top tied mutations (A + B view):
A:T18V	B:T215V	logit=-0.380
A:N55S	B:N252S	logit=-0.490
A:N54V	B:N251V	logit=-0.923
A:E100V	B:E297V	logit=-1.471
A:R61K	B:R258K	logit=-1.515

Top tied mutations (C + D view):
C:V218L	D:V491L	logit=-0.455
C:K191R	D:K464R	logit=-0.549
C:S180T	D:S453T	logit=-0.664
C:T42V	D:T315V	logit=-0.778
C:N51P	D:N324P	logit=-0.890

Top tied mutations (A + B view):
A:T18V	B:T215V	logit=-0.324
A:N55S	B:N252S	logit=-0.513
A:N54V	B:N251V	logit=-0.795
A:E100V	B:E297V	logit=-1.242
A:V102I	B:V299I	logit=-1.521

Top tied mutations (C + D view):
C:V218L	D:V491L	logit=-0.428
C:K191R	D:K464R	logit=-0.566
C:S180T	D:S453T	logit=-0.653
C:T42V	D:T315V	logit=-0.712
C:N51P	D:N324P	logit=-0.864

Top tied mutations (A + B view):
A:T18V	B:T215V	logit=-0.439
A:N55S	B:N252S	logit=-0.452
A:N54V	B:N251V	logit=-0.789
A:E100V	B:E297V	logit=-1.317
A:N57R	B:N254R	logit=-1.410

Top tied mutations (C + D view):
C:V218L	D:V491L	logit=-0.479
C:K191R	D:K464R	logit=-0.553
C:S180T	D:S453T	logit=-0.668
C:T42V	D:T315V	logit=-0.754
C:N51P	D:N324P	logit=-0.861

Top tied mutations (A + B view):
A:T18V	B:T215V	logit=-0.357
A:N55S	B:N252S	logit=-0.442
A:N54V	B:N251V	logit=-0.903
A:E100V	B:E297V	logit=-1.270
A:N57R	B:N254R	logit=-1.377

Top tied mutations (C + D view):
C:V218L	D:V491L	logit=-0.458
C:K191R	D:K464R	logit=-0.482
C:S180T	D:S453T	logit=-0.668
C:T42V	D:T315V	logit=-0.701
C:N51P	D:N324P	logit=-0.890

Top tied mutations (A + B view):
A:T18V	B:T215V	logit=-0.404
A:N55S	B:N252S	logit=-0.419
A:N54V	B:N251V	logit=-0.763
A:E100V	B:E297V	logit=-1.361
A:R61K	B:R258K	logit=-1.531

Top tied mutations (C + D view):
C:V218L	D:V491L	logit=-0.421
C:K191R	D:K464R	logit=-0.587
C:S180T	D:S453T	logit=-0.674
C:T42V	D:T315V	logit=-0.743
C:N51P	D:N324P	logit=-0.868

Top tied mutations (A + B view):
A:T18V	B:T215V	logit=-0.442
A:N55S	B:N252S	logit=-0.492
A:N54V	B:N251V	logit=-0.742
A:E100V	B:E297V	logit=-1.321
A:V58T	B:V255T	logit=-1.413

Top tied mutations (C + D view):
C:V218L	D:V491L	logit=-0.483
C:K191R	D:K464R	logit=-0.534
C:S180T	D:S453T	logit=-0.642
C:T42V	D:T315V	logit=-0.751
C:N51P	D:N324P	logit=-0.871

Top tied mutations (A + B view):
A:T18V	B:T215V	logit=-0.407
A:N55S	B:N252S	logit=-0.529
A:N54V	B:N251V	logit=-0.693
A:E100V	B:E297V	logit=-1.211
A:V102I	B:V299I	logit=-1.399

Top tied mutations (C + D view):
C:V218L	D:V491L	logit=-0.448
C:K191R	D:K464R	logit=-0.552
C:S180T	D:S453T	logit=-0.666
C:T42V	D:T315V	logit=-0.784
C:N51P	D:N324P	logit=-0.866

Top tied mutations (A + B view):
A:T18V	B:T215V	logit=-0.357
A:N55S	B:N252S	logit=-0.459
A:N54V	B:N251V	logit=-0.749
A:E100V	B:E297V	logit=-1.366
A:N54I	B:N251I	logit=-1.493

Top tied mutations (C + D view):
C:V218L	D:V491L	logit=-0.448
C:K191R	D:K464R	logit=-0.540
C:S180T	D:S453T	logit=-0.669
C:T42V	D:T315V	logit=-0.691
C:S89A	D:S362A	logit=-0.891

Top tied mutations (A + B view):
A:T18V	B:T215V	logit=-0.444
A:N55S	B:N252S	logit=-0.500
A:N54V	B:N251V	logit=-0.874
A:E100V	B:E297V	logit=-1.239
A:N57R	B:N254R	logit=-1.419

Top tied mutations (C + D view):
C:V218L	D:V491L	logit=-0.495
C:K191R	D:K464R	logit=-0.580
C:S180T	D:S453T	logit=-0.654
C:T42V	D:T315V	logit=-0.836
C:S89A	D:S362A	logit=-0.916

Top tied mutations (A + B view):
A:T18V	B:T215V	logit=-0.299
A:N55S	B:N252S	logit=-0.527
A:N54V	B:N251V	logit=-0.870
A:E100V	B:E297V	logit=-1.282
A:V102I	B:V299I	logit=-1.524

Top tied mutations (C + D view):
C:V218L	D:V491L	logit=-0.420
C:K191R	D:K464R	logit=-0.563
C:S180T	D:S453T	logit=-0.644
C:T42V	D:T315V	logit=-0.725
C:N51P	D:N324P	logit=-0.882

Top tied mutations (A + B view):
A:T18V	B:T215V	logit=-0.384
A:N55S	B:N252S	logit=-0.542
A:N54V	B:N251V	logit=-0.760
A:E100V	B:E297V	logit=-1.281
A:R61K	B:R258K	logit=-1.394

Top tied mutations (C + D view):
C:V218L	D:V491L	logit=-0.484
C:K191R	D:K464R	logit=-0.589
C:S180T	D:S453T	logit=-0.686
C:T42V	D:T315V	logit=-0.755
C:N51P	D:N324P	logit=-0.860

Top tied mutations (A + B view):
A:T18V	B:T215V	logit=-0.408
A:N55S	B:N252S	logit=-0.467
A:N54V	B:N251V	logit=-0.727
A:E100V	B:E297V	logit=-1.375
A:N54I	B:N251I	logit=-1.432

Top tied mutations (C + D view):
C:V218L	D:V491L	logit=-0.434
C:K191R	D:K464R	logit=-0.532
C:S180T	D:S453T	logit=-0.659
C:T42V	D:T315V	logit=-0.748
C:S89A	D:S362A	logit=-0.873

Top tied mutations (A + B view):
A:T18V	B:T215V	logit=-0.329
A:N55S	B:N252S	logit=-0.426
A:N54V	B:N251V	logit=-0.825
A:E100V	B:E297V	logit=-1.153
A:N54I	B:N251I	logit=-1.590

Top tied mutations (C + D view):
C:V218L	D:V491L	logit=-0.433
C:K191R	D:K464R	logit=-0.530
C:S180T	D:S453T	logit=-0.668
C:T42V	D:T315V	logit=-0.742
C:N51P	D:N324P	logit=-0.800

Top tied mutations (A + B view):
A:T18V	B:T215V	logit=-0.331
A:N55S	B:N252S	logit=-0.528
A:N54V	B:N251V	logit=-0.661
A:E100V	B:E297V	logit=-1.277
A:N57R	B:N254R	logit=-1.551

Top tied mutations (C + D view):
C:V218L	D:V491L	logit=-0.434
C:K191R	D:K464R	logit=-0.542
C:S180T	D:S453T	logit=-0.661
C:T42V	D:T315V	logit=-0.750
C:N51P	D:N324P	logit=-0.857

Top tied mutations (A + B view):
A:T18V	B:T215V	logit=-0.345
A:N55S	B:N252S	logit=-0.482
A:N54V	B:N251V	logit=-0.813
A:E100V	B:E297V	logit=-1.393
A:N57R	B:N254R	logit=-1.467

Top tied mutations (C + D view):
C:V218L	D:V491L	logit=-0.496
C:K191R	D:K464R	logit=-0.590
C:S180T	D:S453T	logit=-0.664
C:T42V	D:T315V	logit=-0.712
C:N51P	D:N324P	logit=-0.831

Top tied mutations (A + B view):
A:T18V	B:T215V	logit=-0.353
A:N55S	B:N252S	logit=-0.484
A:N54V	B:N251V	logit=-0.572
A:E100V	B:E297V	logit=-1.347
A:N54I	B:N251I	logit=-1.493

Top tied mutations (C + D view):
C:V218L	D:V491L	logit=-0.443
C:K191R	D:K464R	logit=-0.542
C:S180T	D:S453T	logit=-0.657
C:T42V	D:T315V	logit=-0.733
C:N51P	D:N324P	logit=-0.843

Top tied mutations (A + B view):
A:T18V	B:T215V	logit=-0.381
A:N55S	B:N252S	logit=-0.484
A:N54V	B:N251V	logit=-0.838
A:E100V	B:E297V	logit=-1.283
A:V102I	B:V299I	logit=-1.371

Top tied mutations (C + D view):
C:V218L	D:V491L	logit=-0.471
C:K191R	D:K464R	logit=-0.591
C:S180T	D:S453T	logit=-0.660
C:T42V	D:T315V	logit=-0.743
C:S89A	D:S362A	logit=-0.900

Top tied mutations (A + B view):
A:T18V	B:T215V	logit=-0.351
A:N55S	B:N252S	logit=-0.494
A:N54V	B:N251V	logit=-0.883
A:E100V	B:E297V	logit=-1.207
A:V102I	B:V299I	logit=-1.559

Top tied mutations (C + D view):
C:V218L	D:V491L	logit=-0.424
C:K191R	D:K464R	logit=-0.573
C:S180T	D:S453T	logit=-0.665
C:T42V	D:T315V	logit=-0.743
C:N51P	D:N324P	logit=-0.783

Top tied mutations (A + B view):
A:T18V	B:T215V	logit=-0.351
A:N55S	B:N252S	logit=-0.545
A:N54V	B:N251V	logit=-0.867
A:E100V	B:E297V	logit=-1.236
A:R61K	B:R258K	logit=-1.362

Top tied mutations (C + D view):
C:V218L	D:V491L	logit=-0.452
C:K191R	D:K464R	logit=-0.569
C:S180T	D:S453T	logit=-0.645
C:T42V	D:T315V	logit=-0.730
C:N51P	D:N324P	logit=-0.767

Top tied mutations (A + B view):
A:T18V	B:T215V	logit=-0.432
A:N55S	B:N252S	logit=-0.451
A:N54V	B:N251V	logit=-0.706
A:E100V	B:E297V	logit=-1.349
A:R61V	B:R258V	logit=-1.632

Top tied mutations (C + D view):
C:V218L	D:V491L	logit=-0.472
C:K191R	D:K464R	logit=-0.557
C:S180T	D:S453T	logit=-0.683
C:T42V	D:T315V	logit=-0.739
C:N51P	D:N324P	logit=-0.904

Top tied mutations (A + B view):
A:T18V	B:T215V	logit=-0.275
A:N55S	B:N252S	logit=-0.550
A:N54V	B:N251V	logit=-0.918
A:E100V	B:E297V	logit=-1.152
A:R61K	B:R258K	logit=-1.514

Top tied mutations (C + D view):
C:V218L	D:V491L	logit=-0.470
C:K191R	D:K464R	logit=-0.539
C:S180T	D:S453T	logit=-0.663
C:T42V	D:T315V	logit=-0.739
C:N51P	D:N324P	logit=-0.825

Top tied mutations (A + B view):
A:T18V	B:T215V	logit=-0.420
A:N55S	B:N252S	logit=-0.545
A:N54V	B:N251V	logit=-0.818
A:E100V	B:E297V	logit=-1.296
A:R61K	B:R258K	logit=-1.502

Top tied mutations (C + D view):
C:V218L	D:V491L	logit=-0.466
C:K191R	D:K464R	logit=-0.575
C:S180T	D:S453T	logit=-0.667
C:T42V	D:T315V	logit=-0.766
C:S89A	D:S362A	logit=-0.885

Top tied mutations (A + B view):
A:T18V	B:T215V	logit=-0.503
A:N55S	B:N252S	logit=-0.513
A:N54V	B:N251V	logit=-0.650
A:E100V	B:E297V	logit=-1.254
A:N54I	B:N251I	logit=-1.552

Top tied mutations (C + D view):
C:V218L	D:V491L	logit=-0.504
C:K191R	D:K464R	logit=-0.543
C:S180T	D:S453T	logit=-0.628
C:T42V	D:T315V	logit=-0.720
C:S89A	D:S362A	logit=-0.868

Top tied mutations (A + B view):
A:T18V	B:T215V	logit=-0.392
A:N55S	B:N252S	logit=-0.444
A:N54V	B:N251V	logit=-0.693
A:E100V	B:E297V	logit=-1.105
A:N57R	B:N254R	logit=-1.444

Top tied mutations (C + D view):
C:V218L	D:V491L	logit=-0.477
C:K191R	D:K464R	logit=-0.569
C:S180T	D:S453T	logit=-0.668
C:T42V	D:T315V	logit=-0.744
C:N51P	D:N324P	logit=-0.783

Top tied mutations (A + B view):
A:T18V	B:T215V	logit=-0.477
A:N55S	B:N252S	logit=-0.573
A:N54V	B:N251V	logit=-0.704
A:E100V	B:E297V	logit=-1.159
A:N54I	B:N251I	logit=-1.501

Top tied mutations (C + D view):
C:V218L	D:V491L	logit=-0.494
C:K191R	D:K464R	logit=-0.584
C:S180T	D:S453T	logit=-0.652
C:T42V	D:T315V	logit=-0.722
C:N51P	D:N324P	logit=-0.847

Top tied mutations (A + B view):
A:T18V	B:T215V	logit=-0.377
A:N55S	B:N252S	logit=-0.544
A:N54V	B:N251V	logit=-0.685
A:E100V	B:E297V	logit=-1.243
A:V102I	B:V299I	logit=-1.589

Top tied mutations (C + D view):
C:V218L	D:V491L	logit=-0.479
C:K191R	D:K464R	logit=-0.534
C:S180T	D:S453T	logit=-0.664
C:T42V	D:T315V	logit=-0.691
C:S89A	D:S362A	logit=-0.877

Top tied mutations (A + B view):
A:T18V	B:T215V	logit=-0.369
A:N55S	B:N252S	logit=-0.473
A:N54V	B:N251V	logit=-0.798
A:E100V	B:E297V	logit=-1.377
A:V102I	B:V299I	logit=-1.471

Top tied mutations (C + D view):
C:V218L	D:V491L	logit=-0.445
C:K191R	D:K464R	logit=-0.559
C:S180T	D:S453T	logit=-0.663
C:N51P	D:N324P	logit=-0.768
C:T42V	D:T315V	logit=-0.769

Top tied mutations (A + B view):
A:T18V	B:T215V	logit=-0.395
A:N55S	B:N252S	logit=-0.455
A:N54V	B:N251V	logit=-0.674
A:E100V	B:E297V	logit=-1.273
A:N54I	B:N251I	logit=-1.361

Top tied mutations (C + D view):
C:V218L	D:V491L	logit=-0.393
C:K191R	D:K464R	logit=-0.510
C:S180T	D:S453T	logit=-0.666
C:N51P	D:N324P	logit=-0.793
C:T42V	D:T315V	logit=-0.822

Top tied mutations (A + B view):
A:T18V	B:T215V	logit=-0.335
A:N55S	B:N252S	logit=-0.540
A:N54V	B:N251V	logit=-0.771
A:E100V	B:E297V	logit=-1.350
A:N54I	B:N251I	logit=-1.493

Top tied mutations (C + D view):
C:V218L	D:V491L	logit=-0.444
C:K191R	D:K464R	logit=-0.565
C:S180T	D:S453T	logit=-0.647
C:T42V	D:T315V	logit=-0.710
C:N51P	D:N324P	logit=-0.879

Top tied mutations (A + B view):
A:T18V	B:T215V	logit=-0.379
A:N55S	B:N252S	logit=-0.542
A:N54V	B:N251V	logit=-0.791
A:V102I	B:V299I	logit=-1.428
A:E100V	B:E297V	logit=-1.436

Top tied mutations (C + D view):
C:V218L	D:V491L	logit=-0.434
C:K191R	D:K464R	logit=-0.553
C:S180T	D:S453T	logit=-0.674
C:T42V	D:T315V	logit=-0.790
C:N51P	D:N324P	logit=-0.846

Top tied mutations (A + B view):
A:T18V	B:T215V	logit=-0.355
A:N55S	B:N252S	logit=-0.545
A:N54V	B:N251V	logit=-0.774
A:E100V	B:E297V	logit=-1.277
A:N57R	B:N254R	logit=-1.455

Top tied mutations (C + D view):
C:V218L	D:V491L	logit=-0.469
C:K191R	D:K464R	logit=-0.592
C:S180T	D:S453T	logit=-0.644
C:T42V	D:T315V	logit=-0.707
C:N51P	D:N324P	logit=-0.818

Top tied mutations (A + B view):
A:T18V	B:T215V	logit=-0.374
A:N55S	B:N252S	logit=-0.469
A:N54V	B:N251V	logit=-0.800
A:E100V	B:E297V	logit=-1.387
A:V102I	B:V299I	logit=-1.517

Top tied mutations (C + D view):
C:V218L	D:V491L	logit=-0.434
C:K191R	D:K464R	logit=-0.517
C:S180T	D:S453T	logit=-0.688
C:T42V	D:T315V	logit=-0.716
C:N51P	D:N324P	logit=-0.913

Top tied mutations (A + B view):
A:T18V	B:T215V	logit=-0.387
A:N55S	B:N252S	logit=-0.524
A:N54V	B:N251V	logit=-0.814
A:E100V	B:E297V	logit=-1.369
A:V102I	B:V299I	logit=-1.520

Top tied mutations (C + D view):
C:V218L	D:V491L	logit=-0.483
C:K191R	D:K464R	logit=-0.582
C:T42V	D:T315V	logit=-0.663
C:S180T	D:S453T	logit=-0.673
C:N51P	D:N324P	logit=-0.708

Top tied mutations (A + B view):
A:T18V	B:T215V	logit=-0.446
A:N55S	B:N252S	logit=-0.586
A:N54V	B:N251V	logit=-0.854
A:E100V	B:E297V	logit=-1.334
A:R61K	B:R258K	logit=-1.496

Top tied mutations (C + D view):
C:V218L	D:V491L	logit=-0.490
C:K191R	D:K464R	logit=-0.575
C:S180T	D:S453T	logit=-0.658
C:T42V	D:T315V	logit=-0.773
C:V40L	D:V313L	logit=-0.902

Top tied mutations (A + B view):
A:T18V	B:T215V	logit=-0.385
A:N55S	B:N252S	logit=-0.558
A:N54V	B:N251V	logit=-0.853
A:E100V	B:E297V	logit=-1.317
A:V102I	B:V299I	logit=-1.531

Top tied mutations (C + D view):
C:V218L	D:V491L	logit=-0.428
C:K191R	D:K464R	logit=-0.624
C:S180T	D:S453T	logit=-0.655
C:N51P	D:N324P	logit=-0.692
C:T42V	D:T315V	logit=-0.747

Top tied mutations (A + B view):
A:T18V	B:T215V	logit=-0.439
A:N55S	B:N252S	logit=-0.482
A:N54V	B:N251V	logit=-0.891
A:E100V	B:E297V	logit=-1.198
A:V102I	B:V299I	logit=-1.566

Top tied mutations (C + D view):
C:V218L	D:V491L	logit=-0.408
C:K191R	D:K464R	logit=-0.578
C:S180T	D:S453T	logit=-0.660
C:T42V	D:T315V	logit=-0.757
C:N51P	D:N324P	logit=-0.788

Top tied mutations (A + B view):
A:T18V	B:T215V	logit=-0.389
A:N55S	B:N252S	logit=-0.510
A:N54V	B:N251V	logit=-0.842
A:E100V	B:E297V	logit=-1.332
A:N54I	B:N251I	logit=-1.524

Top tied mutations (C + D view):
C:V218L	D:V491L	logit=-0.469
C:K191R	D:K464R	logit=-0.554
C:S180T	D:S453T	logit=-0.650
C:T42V	D:T315V	logit=-0.734
C:N51P	D:N324P	logit=-0.765

Top tied mutations (A + B view):
A:T18V	B:T215V	logit=-0.355
A:N55S	B:N252S	logit=-0.495
A:N54V	B:N251V	logit=-0.888
A:E100V	B:E297V	logit=-1.284
A:V102I	B:V299I	logit=-1.385

Top tied mutations (C + D view):
C:V218L	D:V491L	logit=-0.462
C:K191R	D:K464R	logit=-0.537
C:S180T	D:S453T	logit=-0.664
C:T42V	D:T315V	logit=-0.671
C:N51P	D:N324P	logit=-0.877

Top tied mutations (A + B view):
A:T18V	B:T215V	logit=-0.397
A:N55S	B:N252S	logit=-0.524
A:N54V	B:N251V	logit=-0.710
A:E100V	B:E297V	logit=-1.371
A:V102I	B:V299I	logit=-1.505

Top tied mutations (C + D view):
C:V218L	D:V491L	logit=-0.423
C:K191R	D:K464R	logit=-0.518
C:S180T	D:S453T	logit=-0.674
C:T42V	D:T315V	logit=-0.744
C:N51P	D:N324P	logit=-0.868

Top tied mutations (A + B view):
A:T18V	B:T215V	logit=-0.355
A:N55S	B:N252S	logit=-0.421
A:N54V	B:N251V	logit=-0.613
A:E100V	B:E297V	logit=-1.259
A:R61K	B:R258K	logit=-1.394

Top tied mutations (C + D view):
C:V218L	D:V491L	logit=-0.427
C:K191R	D:K464R	logit=-0.455
C:S180T	D:S453T	logit=-0.634
C:T42V	D:T315V	logit=-0.751
C:N51P	D:N324P	logit=-0.792

Top tied mutations (A + B view):
A:T18V	B:T215V	logit=-0.373
A:N55S	B:N252S	logit=-0.568
A:N54V	B:N251V	logit=-0.802
A:E100V	B:E297V	logit=-1.161
A:N54I	B:N251I	logit=-1.452

Top tied mutations (C + D view):
C:V218L	D:V491L	logit=-0.437
C:K191R	D:K464R	logit=-0.533
C:S180T	D:S453T	logit=-0.650
C:T42V	D:T315V	logit=-0.776
C:S89A	D:S362A	logit=-0.880

Top tied mutations (A + B view):
A:T18V	B:T215V	logit=-0.396
A:N55S	B:N252S	logit=-0.566
A:N54V	B:N251V	logit=-0.837
A:E100V	B:E297V	logit=-1.271
A:V102I	B:V299I	logit=-1.500

Top tied mutations (C + D view):
C:V218L	D:V491L	logit=-0.466
C:K191R	D:K464R	logit=-0.545
C:S180T	D:S453T	logit=-0.653
C:T42V	D:T315V	logit=-0.802
C:N51P	D:N324P	logit=-0.825

Top tied mutations (A + B view):
A:T18V	B:T215V	logit=-0.379
A:N55S	B:N252S	logit=-0.504
A:N54V	B:N251V	logit=-0.882
A:E100V	B:E297V	logit=-1.296
A:V102I	B:V299I	logit=-1.599

Top tied mutations (C + D view):
C:V218L	D:V491L	logit=-0.422
C:K191R	D:K464R	logit=-0.538
C:S180T	D:S453T	logit=-0.621
C:N51P	D:N324P	logit=-0.743
C:T42V	D:T315V	logit=-0.777

Top tied mutations (A + B view):
A:N55S	B:N252S	logit=-0.481
A:T18V	B:T215V	logit=-0.503
A:N54V	B:N251V	logit=-0.687
A:E100V	B:E297V	logit=-1.369
A:V102I	B:V299I	logit=-1.529

Top tied mutations (C + D view):
C:V218L	D:V491L	logit=-0.463
C:K191R	D:K464R	logit=-0.494
C:S180T	D:S453T	logit=-0.646
C:T42V	D:T315V	logit=-0.695
C:N51P	D:N324P	logit=-0.789

Top tied mutations (A + B view):
A:T18V	B:T215V	logit=-0.375
A:N55S	B:N252S	logit=-0.470
A:N54V	B:N251V	logit=-0.919
A:E100V	B:E297V	logit=-1.213
A:V102I	B:V299I	logit=-1.531

Top tied mutations (C + D view):
C:V218L	D:V491L	logit=-0.440
C:K191R	D:K464R	logit=-0.594
C:S180T	D:S453T	logit=-0.676
C:T42V	D:T315V	logit=-0.794
C:N51P	D:N324P	logit=-0.818

Top tied mutations (A + B view):
A:T18V	B:T215V	logit=-0.372
A:N55S	B:N252S	logit=-0.551
A:N54V	B:N251V	logit=-0.911
A:E100V	B:E297V	logit=-1.294
A:R61K	B:R258K	logit=-1.445

Top tied mutations (C + D view):
C:V218L	D:V491L	logit=-0.421
C:K191R	D:K464R	logit=-0.575
C:S180T	D:S453T	logit=-0.649
C:T42V	D:T315V	logit=-0.757
C:N51P	D:N324P	logit=-0.821

Top tied mutations (A + B view):
A:T18V	B:T215V	logit=-0.394
A:N55S	B:N252S	logit=-0.504
A:N54V	B:N251V	logit=-0.899
A:E100V	B:E297V	logit=-1.308
A:N54I	B:N251I	logit=-1.480

Top tied mutations (C + D view):
C:V218L	D:V491L	logit=-0.455
C:K191R	D:K464R	logit=-0.624
C:S180T	D:S453T	logit=-0.650
C:T42V	D:T315V	logit=-0.751
C:N51P	D:N324P	logit=-0.821

Top tied mutations (A + B view):
A:T18V	B:T215V	logit=-0.343
A:N55S	B:N252S	logit=-0.544
A:N54V	B:N251V	logit=-0.808
A:E100V	B:E297V	logit=-1.317
A:N57R	B:N254R	logit=-1.476

Top tied mutations (C + D view):
C:V218L	D:V491L	logit=-0.410
C:K191R	D:K464R	logit=-0.623
C:S180T	D:S453T	logit=-0.638
C:T42V	D:T315V	logit=-0.705
C:S89A	D:S362A	logit=-0.904

Top tied mutations (A + B view):
A:T18V	B:T215V	logit=-0.442
A:N55S	B:N252S	logit=-0.493
A:N54V	B:N251V	logit=-0.901
A:E100V	B:E297V	logit=-1.273
A:V102I	B:V299I	logit=-1.446

Top tied mutations (C + D view):
C:V218L	D:V491L	logit=-0.446
C:K191R	D:K464R	logit=-0.633
C:S180T	D:S453T	logit=-0.655
C:T42V	D:T315V	logit=-0.694
C:N51P	D:N324P	logit=-0.823

Top tied mutations (A + B view):
A:T18V	B:T215V	logit=-0.395
A:N55S	B:N252S	logit=-0.497
A:N54V	B:N251V	logit=-0.853
A:E100V	B:E297V	logit=-1.210
A:V102I	B:V299I	logit=-1.495

Top tied mutations (C + D view):
C:V218L	D:V491L	logit=-0.445
C:K191R	D:K464R	logit=-0.495
C:S180T	D:S453T	logit=-0.637
C:N51P	D:N324P	logit=-0.745
C:T42V	D:T315V	logit=-0.780

Top tied mutations (A + B view):
A:T18V	B:T215V	logit=-0.412
A:N55S	B:N252S	logit=-0.545
A:N54V	B:N251V	logit=-0.778
A:E100V	B:E297V	logit=-1.355
A:R61K	B:R258K	logit=-1.540

Top tied mutations (C + D view):
C:V218L	D:V491L	logit=-0.450
C:K191R	D:K464R	logit=-0.568
C:S180T	D:S453T	logit=-0.664
C:T42V	D:T315V	logit=-0.712
C:N51P	D:N324P	logit=-0.739

Top tied mutations (A + B view):
A:T18V	B:T215V	logit=-0.319
A:N55S	B:N252S	logit=-0.553
A:N54V	B:N251V	logit=-0.850
A:E100V	B:E297V	logit=-1.222
A:V102I	B:V299I	logit=-1.589

Top tied mutations (C + D view):
C:V218L	D:V491L	logit=-0.412
C:K191R	D:K464R	logit=-0.549
C:S180T	D:S453T	logit=-0.657
C:T42V	D:T315V	logit=-0.685
C:N51P	D:N324P	logit=-0.868

Top tied mutations (A + B view):
A:T18V	B:T215V	logit=-0.337
A:N55S	B:N252S	logit=-0.378
A:N54V	B:N251V	logit=-0.762
A:E100V	B:E297V	logit=-1.243
A:N57R	B:N254R	logit=-1.328

Top tied mutations (C + D view):
C:V218L	D:V491L	logit=-0.444
C:K191R	D:K464R	logit=-0.557
C:S180T	D:S453T	logit=-0.643
C:T42V	D:T315V	logit=-0.704
C:N51P	D:N324P	logit=-0.916

Top tied mutations (A + B view):
A:T18V	B:T215V	logit=-0.370
A:N55S	B:N252S	logit=-0.425
A:N54V	B:N251V	logit=-0.855
A:E100V	B:E297V	logit=-1.252
A:V102I	B:V299I	logit=-1.638

Top tied mutations (C + D view):
C:V218L	D:V491L	logit=-0.420
C:K191R	D:K464R	logit=-0.543
C:T42V	D:T315V	logit=-0.698
C:S180T	D:S453T	logit=-0.703
C:S89A	D:S362A	logit=-0.869

Top tied mutations (A + B view):
A:T18V	B:T215V	logit=-0.340
A:N55S	B:N252S	logit=-0.557
A:N54V	B:N251V	logit=-0.907
A:E100V	B:E297V	logit=-1.350
A:N57R	B:N254R	logit=-1.469

Top tied mutations (C + D view):
C:V218L	D:V491L	logit=-0.482
C:K191R	D:K464R	logit=-0.562
C:S180T	D:S453T	logit=-0.641
C:T42V	D:T315V	logit=-0.712
C:N51P	D:N324P	logit=-0.848

Top tied mutations (A + B view):
A:T18V	B:T215V	logit=-0.322
A:N55S	B:N252S	logit=-0.465
A:N54V	B:N251V	logit=-0.721
A:E100V	B:E297V	logit=-1.335
A:N54I	B:N251I	logit=-1.523

Top tied mutations (C + D view):
C:V218L	D:V491L	logit=-0.454
C:K191R	D:K464R	logit=-0.537
C:S180T	D:S453T	logit=-0.645
C:T42V	D:T315V	logit=-0.696
C:N51P	D:N324P	logit=-0.855

Top tied mutations (A + B view):
A:T18V	B:T215V	logit=-0.367
A:N55S	B:N252S	logit=-0.535
A:N54V	B:N251V	logit=-0.937
A:E100V	B:E297V	logit=-1.149
A:V102I	B:V299I	logit=-1.542

Top tied mutations (C + D view):
C:V218L	D:V491L	logit=-0.497
C:K191R	D:K464R	logit=-0.569
C:S180T	D:S453T	logit=-0.663
C:T42V	D:T315V	logit=-0.743
C:N51P	D:N324P	logit=-0.875

Top tied mutations (A + B view):
A:T18V	B:T215V	logit=-0.355
A:N55S	B:N252S	logit=-0.501
A:N54V	B:N251V	logit=-0.743
A:E100V	B:E297V	logit=-1.072
A:V102I	B:V299I	logit=-1.402

Top tied mutations (C + D view):
C:V218L	D:V491L	logit=-0.461
C:K191R	D:K464R	logit=-0.553
C:S180T	D:S453T	logit=-0.668
C:T42V	D:T315V	logit=-0.744
C:S89A	D:S362A	logit=-0.907

Top tied mutations (A + B view):
A:T18V	B:T215V	logit=-0.319
A:N55S	B:N252S	logit=-0.476
A:N54V	B:N251V	logit=-0.989
A:E100V	B:E297V	logit=-1.285
A:V102I	B:V299I	logit=-1.541

Top tied mutations (C + D view):
C:V218L	D:V491L	logit=-0.414
C:K191R	D:K464R	logit=-0.582
C:S180T	D:S453T	logit=-0.657
C:T42V	D:T315V	logit=-0.703
C:N51P	D:N324P	logit=-0.794

Top tied mutations (A + B view):
A:T18V	B:T215V	logit=-0.435
A:N55S	B:N252S	logit=-0.557
A:N54V	B:N251V	logit=-0.824
A:E100V	B:E297V	logit=-1.236
A:V102I	B:V299I	logit=-1.556

Top tied mutations (C + D view):
C:V218L	D:V491L	logit=-0.435
C:K191R	D:K464R	logit=-0.592
C:S180T	D:S453T	logit=-0.632
C:T42V	D:T315V	logit=-0.683
C:N51P	D:N324P	logit=-0.820

Top tied mutations (A + B view):
A:T18V	B:T215V	logit=-0.391
A:N55S	B:N252S	logit=-0.543
A:N54V	B:N251V	logit=-0.826
A:E100V	B:E297V	logit=-1.332
A:V102I	B:V299I	logit=-1.533

Top tied mutations (C + D view):
C:V218L	D:V491L	logit=-0.491
C:K191R	D:K464R	logit=-0.569
C:T42V	D:T315V	logit=-0.666
C:S180T	D:S453T	logit=-0.678
C:N51P	D:N324P	logit=-0.892

Top tied mutations (A + B view):
A:T18V	B:T215V	logit=-0.439
A:N55S	B:N252S	logit=-0.462
A:N54V	B:N251V	logit=-0.700
A:E100V	B:E297V	logit=-1.160
A:V102I	B:V299I	logit=-1.587

Top tied mutations (C + D view):
C:V218L	D:V491L	logit=-0.428
C:K191R	D:K464R	logit=-0.554
C:S180T	D:S453T	logit=-0.673
C:T42V	D:T315V	logit=-0.726
C:A168P	D:A441P	logit=-0.876

Top tied mutations (A + B view):
A:T18V	B:T215V	logit=-0.469
A:N55S	B:N252S	logit=-0.512
A:N54V	B:N251V	logit=-0.813
A:E100V	B:E297V	logit=-1.236
A:N57R	B:N254R	logit=-1.567

Top tied mutations (C + D view):
C:V218L	D:V491L	logit=-0.425
C:K191R	D:K464R	logit=-0.593
C:S180T	D:S453T	logit=-0.663
C:T42V	D:T315V	logit=-0.709
C:S89A	D:S362A	logit=-0.870

Top tied mutations (A + B view):
A:T18V	B:T215V	logit=-0.391
A:N55S	B:N252S	logit=-0.489
A:N54V	B:N251V	logit=-0.724
A:E100V	B:E297V	logit=-1.342
A:N57R	B:N254R	logit=-1.441

Top tied mutations (C + D view):
C:V218L	D:V491L	logit=-0.411
C:K191R	D:K464R	logit=-0.583
C:S180T	D:S453T	logit=-0.671
C:T42V	D:T315V	logit=-0.790
C:S89A	D:S362A	logit=-0.816

Top tied mutations (A + B view):
A:T18V	B:T215V	logit=-0.448
A:N55S	B:N252S	logit=-0.465
A:N54V	B:N251V	logit=-0.783
A:E100V	B:E297V	logit=-1.239
A:V102I	B:V299I	logit=-1.569

Top tied mutations (C + D view):
C:V218L	D:V491L	logit=-0.494
C:K191R	D:K464R	logit=-0.557
C:S180T	D:S453T	logit=-0.641
C:T42V	D:T315V	logit=-0.705
C:N51P	D:N324P	logit=-0.791

Top tied mutations (A + B view):
A:T18V	B:T215V	logit=-0.407
A:N55S	B:N252S	logit=-0.451
A:N54V	B:N251V	logit=-0.774
A:E100V	B:E297V	logit=-1.152
A:R61V	B:R258V	logit=-1.519

Top tied mutations (C + D view):
C:V218L	D:V491L	logit=-0.449
C:K191R	D:K464R	logit=-0.608
C:S180T	D:S453T	logit=-0.639
C:T42V	D:T315V	logit=-0.773
C:N51P	D:N324P	logit=-0.852

Top tied mutations (A + B view):
A:T18V	B:T215V	logit=-0.439
A:N55S	B:N252S	logit=-0.442
A:N54V	B:N251V	logit=-0.647
A:E100V	B:E297V	logit=-1.268
A:N54I	B:N251I	logit=-1.496

Top tied mutations (C + D view):
C:V218L	D:V491L	logit=-0.433
C:K191R	D:K464R	logit=-0.575
C:S180T	D:S453T	logit=-0.654
C:T42V	D:T315V	logit=-0.751
C:N51P	D:N324P	logit=-0.824

Top tied mutations (A + B view):
A:T18V	B:T215V	logit=-0.358
A:N55S	B:N252S	logit=-0.554
A:N54V	B:N251V	logit=-0.695
A:E100V	B:E297V	logit=-1.307
A:N54I	B:N251I	logit=-1.435

Top tied mutations (C + D view):
C:V218L	D:V491L	logit=-0.452
C:K191R	D:K464R	logit=-0.561
C:S180T	D:S453T	logit=-0.626
C:T42V	D:T315V	logit=-0.707
C:N51P	D:N324P	logit=-0.854

Top tied mutations (A + B view):
A:T18V	B:T215V	logit=-0.354
A:N55S	B:N252S	logit=-0.439
A:N54V	B:N251V	logit=-0.677
A:E100V	B:E297V	logit=-1.429
A:N57R	B:N254R	logit=-1.443

Top tied mutations (C + D view):
C:V218L	D:V491L	logit=-0.498
C:K191R	D:K464R	logit=-0.585
C:S180T	D:S453T	logit=-0.640
C:T42V	D:T315V	logit=-0.747
C:A168P	D:A441P	logit=-0.933

Top tied mutations (A + B view):
A:T18V	B:T215V	logit=-0.378
A:N55S	B:N252S	logit=-0.524
A:N54V	B:N251V	logit=-0.862
A:E100V	B:E297V	logit=-1.188
A:V102I	B:V299I	logit=-1.529

Top tied mutations (C + D view):
C:V218L	D:V491L	logit=-0.429
C:K191R	D:K464R	logit=-0.546
C:S180T	D:S453T	logit=-0.638
C:T42V	D:T315V	logit=-0.702
C:N51P	D:N324P	logit=-0.706

Top tied mutations (A + B view):
A:T18V	B:T215V	logit=-0.484
A:N55S	B:N252S	logit=-0.519
A:N54V	B:N251V	logit=-0.859
A:E100V	B:E297V	logit=-1.333
A:V102I	B:V299I	logit=-1.449

Top tied mutations (C + D view):
C:V218L	D:V491L	logit=-0.436
C:K191R	D:K464R	logit=-0.612
C:S180T	D:S453T	logit=-0.671
C:T42V	D:T315V	logit=-0.770
C:S89A	D:S362A	logit=-0.848

Top tied mutations (A + B view):
A:T18V	B:T215V	logit=-0.395
A:N55S	B:N252S	logit=-0.405
A:N54V	B:N251V	logit=-0.762
A:E100V	B:E297V	logit=-1.312
A:V102I	B:V299I	logit=-1.564

Top tied mutations (C + D view):
C:V218L	D:V491L	logit=-0.428
C:K191R	D:K464R	logit=-0.514
C:S180T	D:S453T	logit=-0.669
C:T42V	D:T315V	logit=-0.728
C:N51P	D:N324P	logit=-0.832

Top tied mutations (A + B view):
A:T18V	B:T215V	logit=-0.321
A:N55S	B:N252S	logit=-0.475
A:N54V	B:N251V	logit=-0.741
A:E100V	B:E297V	logit=-1.288
A:V102I	B:V299I	logit=-1.584

Top tied mutations (C + D view):
C:V218L	D:V491L	logit=-0.455
C:K191R	D:K464R	logit=-0.526
C:S180T	D:S453T	logit=-0.652
C:T42V	D:T315V	logit=-0.729
C:N51P	D:N324P	logit=-0.816

Top tied mutations (A + B view):
A:T18V	B:T215V	logit=-0.407
A:N55S	B:N252S	logit=-0.474
A:N54V	B:N251V	logit=-0.977
A:E100V	B:E297V	logit=-1.336
A:V102I	B:V299I	logit=-1.449

Top tied mutations (C + D view):
C:V218L	D:V491L	logit=-0.474
C:K191R	D:K464R	logit=-0.579
C:S180T	D:S453T	logit=-0.672
C:T42V	D:T315V	logit=-0.746
C:N51P	D:N324P	logit=-0.756

Top tied mutations (A + B view):
A:T18V	B:T215V	logit=-0.342
A:N55S	B:N252S	logit=-0.494
A:N54V	B:N251V	logit=-0.684
A:E100V	B:E297V	logit=-1.337
A:V58T	B:V255T	logit=-1.548

Top tied mutations (C + D view):
C:V218L	D:V491L	logit=-0.428
C:K191R	D:K464R	logit=-0.526
C:S180T	D:S453T	logit=-0.662
C:T42V	D:T315V	logit=-0.696
C:N51P	D:N324P	logit=-0.770

Top tied mutations (A + B view):
A:T18V	B:T215V	logit=-0.360
A:N55S	B:N252S	logit=-0.503
A:N54V	B:N251V	logit=-0.788
A:E100V	B:E297V	logit=-1.290
A:N57R	B:N254R	logit=-1.472

Top tied mutations (C + D view):
C:V218L	D:V491L	logit=-0.404
C:K191R	D:K464R	logit=-0.499
C:S180T	D:S453T	logit=-0.642
C:T42V	D:T315V	logit=-0.739
C:N51P	D:N324P	logit=-0.783

Top tied mutations (A + B view):
A:T18V	B:T215V	logit=-0.266
A:N55S	B:N252S	logit=-0.497
A:N54V	B:N251V	logit=-0.666
A:E100V	B:E297V	logit=-1.221
A:V102I	B:V299I	logit=-1.536

Top tied mutations (C + D view):
C:V218L	D:V491L	logit=-0.465
C:K191R	D:K464R	logit=-0.573
C:S180T	D:S453T	logit=-0.652
C:T42V	D:T315V	logit=-0.711
C:N51P	D:N324P	logit=-0.800

Top tied mutations (A + B view):
A:T18V	B:T215V	logit=-0.418
A:N55S	B:N252S	logit=-0.482
A:N54V	B:N251V	logit=-0.973
A:E100V	B:E297V	logit=-1.142
A:R61K	B:R258K	logit=-1.561

Top tied mutations (C + D view):
C:V218L	D:V491L	logit=-0.423
C:K191R	D:K464R	logit=-0.434
C:S180T	D:S453T	logit=-0.673
C:T42V	D:T315V	logit=-0.782
C:N51P	D:N324P	logit=-0.912

Top tied mutations (A + B view):
A:T18V	B:T215V	logit=-0.365
A:N55S	B:N252S	logit=-0.509
A:N54V	B:N251V	logit=-0.943
A:E100V	B:E297V	logit=-1.308
A:V102I	B:V299I	logit=-1.473

Top tied mutations (C + D view):
C:V218L	D:V491L	logit=-0.418
C:K191R	D:K464R	logit=-0.563
C:S180T	D:S453T	logit=-0.677
C:T42V	D:T315V	logit=-0.747
C:S89A	D:S362A	logit=-0.843

Top tied mutations (A + B view):
A:T18V	B:T215V	logit=-0.333
A:N55S	B:N252S	logit=-0.554
A:N54V	B:N251V	logit=-0.920
A:E100V	B:E297V	logit=-1.219
A:V102I	B:V299I	logit=-1.491

Top tied mutations (C + D view):
C:V218L	D:V491L	logit=-0.450
C:K191R	D:K464R	logit=-0.592
C:S180T	D:S453T	logit=-0.646
C:T42V	D:T315V	logit=-0.751
C:N219S	D:N492S	logit=-0.930

Top tied mutations (A + B view):
A:T18V	B:T215V	logit=-0.468
A:N55S	B:N252S	logit=-0.592
A:N54V	B:N251V	logit=-0.739
A:E100V	B:E297V	logit=-1.184
A:N54I	B:N251I	logit=-1.396

Top tied mutations (C + D view):
C:V218L	D:V491L	logit=-0.436
C:K191R	D:K464R	logit=-0.540
C:S180T	D:S453T	logit=-0.635
C:T42V	D:T315V	logit=-0.716
C:S89A	D:S362A	logit=-0.871

Top tied mutations (A + B view):
A:T18V	B:T215V	logit=-0.375
A:N55S	B:N252S	logit=-0.585
A:N54V	B:N251V	logit=-0.850
A:E100V	B:E297V	logit=-1.320
A:N54I	B:N251I	logit=-1.410

Top tied mutations (C + D view):
C:V218L	D:V491L	logit=-0.453
C:K191R	D:K464R	logit=-0.525
C:S180T	D:S453T	logit=-0.673
C:T42V	D:T315V	logit=-0.741
C:N51P	D:N324P	logit=-0.877

Top tied mutations (A + B view):
A:T18V	B:T215V	logit=-0.334
A:N55S	B:N252S	logit=-0.595
A:N54V	B:N251V	logit=-0.628
A:E100V	B:E297V	logit=-1.243
A:N54I	B:N251I	logit=-1.393

Top tied mutations (C + D view):
C:V218L	D:V491L	logit=-0.468
C:K191R	D:K464R	logit=-0.574
C:S180T	D:S453T	logit=-0.628
C:T42V	D:T315V	logit=-0.744
C:N51P	D:N324P	logit=-0.864

Top tied mutations (A + B view):
A:T18V	B:T215V	logit=-0.359
A:N55S	B:N252S	logit=-0.515
A:N54V	B:N251V	logit=-0.713
A:E100V	B:E297V	logit=-1.241
A:V102I	B:V299I	logit=-1.480

Top tied mutations (C + D view):
C:V218L	D:V491L	logit=-0.444
C:K191R	D:K464R	logit=-0.570
C:S180T	D:S453T	logit=-0.693
C:T42V	D:T315V	logit=-0.760
C:N51P	D:N324P	logit=-0.775

Top tied mutations (A + B view):
A:T18V	B:T215V	logit=-0.379
A:N55S	B:N252S	logit=-0.432
A:N54V	B:N251V	logit=-0.820
A:E100V	B:E297V	logit=-1.252
A:N57R	B:N254R	logit=-1.521

Top tied mutations (C + D view):
C:V218L	D:V491L	logit=-0.425
C:K191R	D:K464R	logit=-0.563
C:S180T	D:S453T	logit=-0.640
C:N51P	D:N324P	logit=-0.739
C:T42V	D:T315V	logit=-0.753

Top tied mutations (A + B view):
A:T18V	B:T215V	logit=-0.370
A:N55S	B:N252S	logit=-0.517
A:N54V	B:N251V	logit=-0.747
A:E100V	B:E297V	logit=-1.184
A:V102I	B:V299I	logit=-1.468

Top tied mutations (C + D view):
C:V218L	D:V491L	logit=-0.461
C:K191R	D:K464R	logit=-0.507
C:S180T	D:S453T	logit=-0.650
C:T42V	D:T315V	logit=-0.733
C:N51P	D:N324P	logit=-0.869

Top tied mutations (A + B view):
A:T18V	B:T215V	logit=-0.474
A:N55S	B:N252S	logit=-0.541
A:N54V	B:N251V	logit=-0.776
A:E100V	B:E297V	logit=-1.223
A:V102I	B:V299I	logit=-1.491

Top tied mutations (C + D view):
C:V218L	D:V491L	logit=-0.475
C:K191R	D:K464R	logit=-0.516
C:S180T	D:S453T	logit=-0.644
C:T42V	D:T315V	logit=-0.749
C:N51P	D:N324P	logit=-0.806

Top tied mutations (A + B view):
A:T18V	B:T215V	logit=-0.331
A:N55S	B:N252S	logit=-0.536
A:N54V	B:N251V	logit=-0.960
A:E100V	B:E297V	logit=-1.240
A:V102I	B:V299I	logit=-1.524

Top tied mutations (C + D view):
C:V218L	D:V491L	logit=-0.423
C:K191R	D:K464R	logit=-0.584
C:S180T	D:S453T	logit=-0.642
C:T42V	D:T315V	logit=-0.734
C:N51P	D:N324P	logit=-0.830

Top tied mutations (A + B view):
A:T18V	B:T215V	logit=-0.434
A:N55S	B:N252S	logit=-0.522
A:N54V	B:N251V	logit=-0.909
A:E100V	B:E297V	logit=-1.297
A:V102I	B:V299I	logit=-1.469

Top tied mutations (C + D view):
C:V218L	D:V491L	logit=-0.450
C:K191R	D:K464R	logit=-0.545
C:S180T	D:S453T	logit=-0.666
C:T42V	D:T315V	logit=-0.795
C:S89A	D:S362A	logit=-0.842

Top tied mutations (A + B view):
A:T18V	B:T215V	logit=-0.329
A:N55S	B:N252S	logit=-0.591
A:N54V	B:N251V	logit=-0.953
A:E100V	B:E297V	logit=-1.342
A:R61K	B:R258K	logit=-1.507

Top tied mutations (C + D view):
C:V218L	D:V491L	logit=-0.437
C:K191R	D:K464R	logit=-0.511
C:S180T	D:S453T	logit=-0.658
C:T42V	D:T315V	logit=-0.709
C:N51P	D:N324P	logit=-0.797

Top tied mutations (A + B view):
A:T18V	B:T215V	logit=-0.428
A:N55S	B:N252S	logit=-0.495
A:N54V	B:N251V	logit=-0.760
A:E100V	B:E297V	logit=-1.334
A:V102I	B:V299I	logit=-1.510

Top tied mutations (C + D view):
C:V218L	D:V491L	logit=-0.424
C:K191R	D:K464R	logit=-0.526
C:S180T	D:S453T	logit=-0.659
C:T42V	D:T315V	logit=-0.766
C:N51P	D:N324P	logit=-0.861

Top tied mutations (A + B view):
A:T18V	B:T215V	logit=-0.407
A:N55S	B:N252S	logit=-0.463
A:N54V	B:N251V	logit=-0.656
A:E100V	B:E297V	logit=-1.314
A:V102I	B:V299I	logit=-1.534

Top tied mutations (C + D view):
C:V218L	D:V491L	logit=-0.414
C:K191R	D:K464R	logit=-0.648
C:S180T	D:S453T	logit=-0.657
C:T42V	D:T315V	logit=-0.679
C:N51P	D:N324P	logit=-0.793

Top tied mutations (A + B view):
A:T18V	B:T215V	logit=-0.401
A:N55S	B:N252S	logit=-0.520
A:N54V	B:N251V	logit=-0.974
A:E100V	B:E297V	logit=-1.367
A:V102I	B:V299I	logit=-1.507

Top tied mutations (C + D view):
C:V218L	D:V491L	logit=-0.432
C:K191R	D:K464R	logit=-0.582
C:S180T	D:S453T	logit=-0.626
C:T42V	D:T315V	logit=-0.716
C:S89A	D:S362A	logit=-0.842

Top tied mutations (A + B view):
A:T18V	B:T215V	logit=-0.401
A:N55S	B:N252S	logit=-0.502
A:N54V	B:N251V	logit=-0.825
A:E100V	B:E297V	logit=-1.161
A:V102I	B:V299I	logit=-1.377

Top tied mutations (C + D view):
C:V218L	D:V491L	logit=-0.432
C:K191R	D:K464R	logit=-0.504
C:S180T	D:S453T	logit=-0.673
C:T42V	D:T315V	logit=-0.721
C:N51P	D:N324P	logit=-0.768

Top tied mutations (A + B view):
A:T18V	B:T215V	logit=-0.404
A:N55S	B:N252S	logit=-0.570
A:N54V	B:N251V	logit=-0.696
A:E100V	B:E297V	logit=-1.247
A:V102I	B:V299I	logit=-1.559

Top tied mutations (C + D view):
C:V218L	D:V491L	logit=-0.474
C:K191R	D:K464R	logit=-0.573
C:S180T	D:S453T	logit=-0.633
C:T42V	D:T315V	logit=-0.705
C:N51P	D:N324P	logit=-0.831

Top tied mutations (A + B view):
A:T18V	B:T215V	logit=-0.362
A:N55S	B:N252S	logit=-0.550
A:N54V	B:N251V	logit=-0.620
A:N54I	B:N251I	logit=-1.342
A:E100V	B:E297V	logit=-1.350

Top tied mutations (C + D view):
C:V218L	D:V491L	logit=-0.486
C:K191R	D:K464R	logit=-0.585
C:S180T	D:S453T	logit=-0.641
C:T42V	D:T315V	logit=-0.750
C:N51P	D:N324P	logit=-0.851

Top tied mutations (A + B view):
A:T18V	B:T215V	logit=-0.424
A:N55S	B:N252S	logit=-0.542
A:N54V	B:N251V	logit=-0.689
A:E100V	B:E297V	logit=-1.375
A:V102I	B:V299I	logit=-1.395

Top tied mutations (C + D view):
C:V218L	D:V491L	logit=-0.443
C:K191R	D:K464R	logit=-0.601
C:S180T	D:S453T	logit=-0.641
C:T42V	D:T315V	logit=-0.797
C:N219S	D:N492S	logit=-0.920

Top tied mutations (A + B view):
A:T18V	B:T215V	logit=-0.430
A:N55S	B:N252S	logit=-0.486
A:N54V	B:N251V	logit=-0.856
A:E100V	B:E297V	logit=-1.277
A:N54I	B:N251I	logit=-1.449

Top tied mutations (C + D view):
C:V218L	D:V491L	logit=-0.487
C:K191R	D:K464R	logit=-0.499
C:S180T	D:S453T	logit=-0.652
C:T42V	D:T315V	logit=-0.795
C:S89A	D:S362A	logit=-0.823

Top tied mutations (A + B view):
A:T18V	B:T215V	logit=-0.317
A:N55S	B:N252S	logit=-0.599
A:N54V	B:N251V	logit=-0.745
A:E100V	B:E297V	logit=-1.194
A:N54I	B:N251I	logit=-1.378

Top tied mutations (C + D view):
C:V218L	D:V491L	logit=-0.429
C:K191R	D:K464R	logit=-0.562
C:S180T	D:S453T	logit=-0.657
C:T42V	D:T315V	logit=-0.692
C:S89A	D:S362A	logit=-0.885

Top tied mutations (A + B view):
A:T18V	B:T215V	logit=-0.402
A:N55S	B:N252S	logit=-0.526
A:N54V	B:N251V	logit=-0.649
A:E100V	B:E297V	logit=-1.260
A:N57R	B:N254R	logit=-1.415

Top tied mutations (C + D view):
C:V218L	D:V491L	logit=-0.413
C:K191R	D:K464R	logit=-0.520
C:S180T	D:S453T	logit=-0.680
C:T42V	D:T315V	logit=-0.732
C:N51P	D:N324P	logit=-0.865

Top tied mutations (A + B view):
A:T18V	B:T215V	logit=-0.332
A:N55S	B:N252S	logit=-0.577
A:N54V	B:N251V	logit=-0.711
A:E100V	B:E297V	logit=-1.447
A:N54I	B:N251I	logit=-1.463

Top tied mutations (C + D view):
C:V218L	D:V491L	logit=-0.473
C:K191R	D:K464R	logit=-0.555
C:S180T	D:S453T	logit=-0.675
C:T42V	D:T315V	logit=-0.734
C:N51P	D:N324P	logit=-0.915

Top tied mutations (A + B view):
A:T18V	B:T215V	logit=-0.385
A:N55S	B:N252S	logit=-0.508
A:N54V	B:N251V	logit=-0.951
A:E100V	B:E297V	logit=-1.445
A:V102I	B:V299I	logit=-1.472

Top tied mutations (C + D view):
C:V218L	D:V491L	logit=-0.448
C:K191R	D:K464R	logit=-0.622
C:S180T	D:S453T	logit=-0.665
C:T42V	D:T315V	logit=-0.787
C:N219S	D:N492S	logit=-0.929

Top tied mutations (A + B view):
A:T18V	B:T215V	logit=-0.402
A:N55S	B:N252S	logit=-0.520
A:N54V	B:N251V	logit=-0.715
A:E100V	B:E297V	logit=-1.153
A:V102I	B:V299I	logit=-1.525

Top tied mutations (C + D view):
C:V218L	D:V491L	logit=-0.449
C:K191R	D:K464R	logit=-0.486
C:S180T	D:S453T	logit=-0.667
C:T42V	D:T315V	logit=-0.724
C:N51P	D:N324P	logit=-0.816

Top tied mutations (A + B view):
A:T18V	B:T215V	logit=-0.362
A:N55S	B:N252S	logit=-0.531
A:N54V	B:N251V	logit=-0.777
A:E100V	B:E297V	logit=-1.197
A:V102I	B:V299I	logit=-1.451

Top tied mutations (C + D view):
C:V218L	D:V491L	logit=-0.451
C:K191R	D:K464R	logit=-0.550
C:S180T	D:S453T	logit=-0.654
C:T42V	D:T315V	logit=-0.774
C:N51P	D:N324P	logit=-0.775

Top tied mutations (A + B view):
A:T18V	B:T215V	logit=-0.289
A:N55S	B:N252S	logit=-0.509
A:N54V	B:N251V	logit=-0.763
A:E100V	B:E297V	logit=-1.311
A:V102I	B:V299I	logit=-1.478

Top tied mutations (C + D view):
C:V218L	D:V491L	logit=-0.461
C:K191R	D:K464R	logit=-0.528
C:S180T	D:S453T	logit=-0.652
C:T42V	D:T315V	logit=-0.699
C:N51P	D:N324P	logit=-0.820

Top tied mutations (A + B view):
A:T18V	B:T215V	logit=-0.378
A:N55S	B:N252S	logit=-0.544
A:N54V	B:N251V	logit=-0.812
A:E100V	B:E297V	logit=-1.271
A:V102I	B:V299I	logit=-1.468

Top tied mutations (C + D view):
C:V218L	D:V491L	logit=-0.441
C:K191R	D:K464R	logit=-0.567
C:S180T	D:S453T	logit=-0.664
C:T42V	D:T315V	logit=-0.740
C:N51P	D:N324P	logit=-0.794

Top tied mutations (A + B view):
A:T18V	B:T215V	logit=-0.383
A:N55S	B:N252S	logit=-0.576
A:N54V	B:N251V	logit=-0.727
A:E100V	B:E297V	logit=-1.325
A:V58T	B:V255T	logit=-1.512

Top tied mutations (C + D view):
C:V218L	D:V491L	logit=-0.417
C:K191R	D:K464R	logit=-0.604
C:S180T	D:S453T	logit=-0.672
C:T42V	D:T315V	logit=-0.727
C:S89A	D:S362A	logit=-0.849

Top tied mutations (A + B view):
A:T18V	B:T215V	logit=-0.351
A:N55S	B:N252S	logit=-0.510
A:N54V	B:N251V	logit=-0.828
A:E100V	B:E297V	logit=-1.238
A:V102I	B:V299I	logit=-1.516

Top tied mutations (C + D view):
C:V218L	D:V491L	logit=-0.445
C:K191R	D:K464R	logit=-0.615
C:S180T	D:S453T	logit=-0.664
C:T42V	D:T315V	logit=-0.737
C:N51P	D:N324P	logit=-0.809

Top tied mutations (A + B view):
A:T18V	B:T215V	logit=-0.316
A:N55S	B:N252S	logit=-0.475
A:N54V	B:N251V	logit=-0.879
A:E100V	B:E297V	logit=-1.523
A:N54I	B:N251I	logit=-1.534

Top tied mutations (C + D view):
C:V218L	D:V491L	logit=-0.460
C:K191R	D:K464R	logit=-0.617
C:S180T	D:S453T	logit=-0.666
C:T42V	D:T315V	logit=-0.726
C:N51P	D:N324P	logit=-0.823

Top tied mutations (A + B view):
A:T18V	B:T215V	logit=-0.431
A:N55S	B:N252S	logit=-0.520
A:N54V	B:N251V	logit=-0.799
A:E100V	B:E297V	logit=-1.145
A:V102I	B:V299I	logit=-1.632

Top tied mutations (C + D view):
C:V218L	D:V491L	logit=-0.426
C:K191R	D:K464R	logit=-0.556
C:S180T	D:S453T	logit=-0.655
C:N51P	D:N324P	logit=-0.692
C:T42V	D:T315V	logit=-0.716

Top tied mutations (A + B view):
A:T18V	B:T215V	logit=-0.388
A:N55S	B:N252S	logit=-0.477
A:N54V	B:N251V	logit=-0.753
A:N54I	B:N251I	logit=-1.350
A:E100V	B:E297V	logit=-1.360

Top tied mutations (C + D view):
C:V218L	D:V491L	logit=-0.445
C:K191R	D:K464R	logit=-0.611
C:S180T	D:S453T	logit=-0.658
C:T42V	D:T315V	logit=-0.766
C:N51P	D:N324P	logit=-0.918

Top tied mutations (A + B view):
A:T18V	B:T215V	logit=-0.308
A:N55S	B:N252S	logit=-0.438
A:N54V	B:N251V	logit=-0.666
A:E100V	B:E297V	logit=-1.249
A:V102I	B:V299I	logit=-1.538

Top tied mutations (C + D view):
C:V218L	D:V491L	logit=-0.419
C:K191R	D:K464R	logit=-0.597
C:S180T	D:S453T	logit=-0.653
C:T42V	D:T315V	logit=-0.702
C:N51P	D:N324P	logit=-0.887

Top tied mutations (A + B view):
A:T18V	B:T215V	logit=-0.408
A:N55S	B:N252S	logit=-0.536
A:N54V	B:N251V	logit=-0.793
A:E100V	B:E297V	logit=-1.314
A:V102I	B:V299I	logit=-1.634

Top tied mutations (C + D view):
C:V218L	D:V491L	logit=-0.412
C:K191R	D:K464R	logit=-0.576
C:S180T	D:S453T	logit=-0.641
C:T42V	D:T315V	logit=-0.781
C:S89A	D:S362A	logit=-0.842

Top tied mutations (A + B view):
A:T18V	B:T215V	logit=-0.378
A:N55S	B:N252S	logit=-0.512
A:N54V	B:N251V	logit=-0.844
A:E100V	B:E297V	logit=-1.279
A:N54I	B:N251I	logit=-1.439

Top tied mutations (C + D view):
C:V218L	D:V491L	logit=-0.435
C:K191R	D:K464R	logit=-0.524
C:S180T	D:S453T	logit=-0.673
C:T42V	D:T315V	logit=-0.759
C:S89A	D:S362A	logit=-0.813

Top tied mutations (A + B view):
A:T18V	B:T215V	logit=-0.332
A:N55S	B:N252S	logit=-0.586
A:N54V	B:N251V	logit=-0.771
A:E100V	B:E297V	logit=-1.223
A:N57R	B:N254R	logit=-1.488

Top tied mutations (C + D view):
C:V218L	D:V491L	logit=-0.418
C:K191R	D:K464R	logit=-0.537
C:S180T	D:S453T	logit=-0.660
C:T42V	D:T315V	logit=-0.758
C:N51P	D:N324P	logit=-0.879

Top tied mutations (A + B view):
A:T18V	B:T215V	logit=-0.454
A:N55S	B:N252S	logit=-0.500
A:N54V	B:N251V	logit=-0.699
A:E100V	B:E297V	logit=-1.318
A:V102I	B:V299I	logit=-1.553

Top tied mutations (C + D view):
C:V218L	D:V491L	logit=-0.415
C:K191R	D:K464R	logit=-0.539
C:S180T	D:S453T	logit=-0.632
C:T42V	D:T315V	logit=-0.781
C:N51P	D:N324P	logit=-0.881

Top tied mutations (A + B view):
A:T18V	B:T215V	logit=-0.410
A:N55S	B:N252S	logit=-0.466
A:N54V	B:N251V	logit=-0.823
A:E100V	B:E297V	logit=-1.302
A:V102I	B:V299I	logit=-1.469

Top tied mutations (C + D view):
C:V218L	D:V491L	logit=-0.419
C:K191R	D:K464R	logit=-0.554
C:S180T	D:S453T	logit=-0.651
C:T42V	D:T315V	logit=-0.816
C:N219S	D:N492S	logit=-0.927

Top tied mutations (A + B view):
A:T18V	B:T215V	logit=-0.323
A:N55S	B:N252S	logit=-0.540
A:N54V	B:N251V	logit=-0.748
A:E100V	B:E297V	logit=-1.200
A:N54I	B:N251I	logit=-1.549

Top tied mutations (C + D view):
C:V218L	D:V491L	logit=-0.429
C:K191R	D:K464R	logit=-0.571
C:S180T	D:S453T	logit=-0.675
C:T42V	D:T315V	logit=-0.710
C:N51P	D:N324P	logit=-0.830

Top tied mutations (A + B view):
A:T18V	B:T215V	logit=-0.357
A:N55S	B:N252S	logit=-0.441
A:N54V	B:N251V	logit=-0.797
A:E100V	B:E297V	logit=-1.246
A:V102I	B:V299I	logit=-1.633

Top tied mutations (C + D view):
C:V218L	D:V491L	logit=-0.413
C:K191R	D:K464R	logit=-0.542
C:S180T	D:S453T	logit=-0.642
C:T42V	D:T315V	logit=-0.735
C:S89A	D:S362A	logit=-0.843

Top tied mutations (A + B view):
A:T18V	B:T215V	logit=-0.428
A:N55S	B:N252S	logit=-0.456
A:N54V	B:N251V	logit=-0.685
A:E100V	B:E297V	logit=-1.340
A:V102I	B:V299I	logit=-1.456

Top tied mutations (C + D view):
C:V218L	D:V491L	logit=-0.482
C:K191R	D:K464R	logit=-0.566
C:T42V	D:T315V	logit=-0.672
C:S180T	D:S453T	logit=-0.675
C:N51P	D:N324P	logit=-0.743

Top tied mutations (A + B view):
A:T18V	B:T215V	logit=-0.343
A:N55S	B:N252S	logit=-0.503
A:N54V	B:N251V	logit=-0.929
A:E100V	B:E297V	logit=-1.224
A:V102I	B:V299I	logit=-1.526

Top tied mutations (C + D view):
C:V218L	D:V491L	logit=-0.450
C:K191R	D:K464R	logit=-0.499
C:S180T	D:S453T	logit=-0.655
C:T42V	D:T315V	logit=-0.721
C:N51P	D:N324P	logit=-0.826

Top tied mutations (A + B view):
A:T18V	B:T215V	logit=-0.313
A:N55S	B:N252S	logit=-0.518
A:N54V	B:N251V	logit=-0.682
A:E100V	B:E297V	logit=-1.196
A:N57R	B:N254R	logit=-1.541

Top tied mutations (C + D view):
C:V218L	D:V491L	logit=-0.500
C:K191R	D:K464R	logit=-0.578
C:S180T	D:S453T	logit=-0.650
C:T42V	D:T315V	logit=-0.732
C:N51P	D:N324P	logit=-0.768

Top tied mutations (A + B view):
A:T18V	B:T215V	logit=-0.339
A:N55S	B:N252S	logit=-0.540
A:N54V	B:N251V	logit=-0.737
A:E100V	B:E297V	logit=-1.285
A:N54I	B:N251I	logit=-1.485

Top tied mutations (C + D view):
C:V218L	D:V491L	logit=-0.438
C:K191R	D:K464R	logit=-0.567
C:S180T	D:S453T	logit=-0.687
C:T42V	D:T315V	logit=-0.751
C:N51P	D:N324P	logit=-0.774

Top tied mutations (A + B view):
A:T18V	B:T215V	logit=-0.399
A:N55S	B:N252S	logit=-0.451
A:N54V	B:N251V	logit=-0.765
A:E100V	B:E297V	logit=-1.215
A:V102I	B:V299I	logit=-1.602

Top tied mutations (C + D view):
C:V218L	D:V491L	logit=-0.433
C:K191R	D:K464R	logit=-0.607
C:S180T	D:S453T	logit=-0.630
C:T42V	D:T315V	logit=-0.748
C:N51P	D:N324P	logit=-0.823

Top tied mutations (A + B view):
A:T18V	B:T215V	logit=-0.374
A:N55S	B:N252S	logit=-0.525
A:N54V	B:N251V	logit=-0.834
A:E100V	B:E297V	logit=-1.303
A:R61V	B:R258V	logit=-1.460

Top tied mutations (C + D view):
C:V218L	D:V491L	logit=-0.448
C:K191R	D:K464R	logit=-0.602
C:S180T	D:S453T	logit=-0.635
C:T42V	D:T315V	logit=-0.740
C:N51P	D:N324P	logit=-0.800

Top tied mutations (A + B view):
A:T18V	B:T215V	logit=-0.336
A:N55S	B:N252S	logit=-0.536
A:N54V	B:N251V	logit=-0.754
A:E100V	B:E297V	logit=-1.330
A:V102I	B:V299I	logit=-1.535

Top tied mutations (C + D view):
C:V218L	D:V491L	logit=-0.444
C:K191R	D:K464R	logit=-0.486
C:S180T	D:S453T	logit=-0.634
C:T42V	D:T315V	logit=-0.758
C:S89A	D:S362A	logit=-0.793

Top tied mutations (A + B view):
A:T18V	B:T215V	logit=-0.376
A:N55S	B:N252S	logit=-0.531
A:N54V	B:N251V	logit=-0.709
A:E100V	B:E297V	logit=-1.289
A:V102I	B:V299I	logit=-1.548

Top tied mutations (C + D view):
C:V218L	D:V491L	logit=-0.477
C:K191R	D:K464R	logit=-0.527
C:S180T	D:S453T	logit=-0.664
C:T42V	D:T315V	logit=-0.798
C:S89A	D:S362A	logit=-0.804

Top tied mutations (A + B view):
A:T18V	B:T215V	logit=-0.427
A:N55S	B:N252S	logit=-0.544
A:N54V	B:N251V	logit=-0.755
A:E100V	B:E297V	logit=-1.193
A:V102I	B:V299I	logit=-1.644

Top tied mutations (C + D view):
C:V218L	D:V491L	logit=-0.499
C:K191R	D:K464R	logit=-0.605
C:S180T	D:S453T	logit=-0.669
C:T42V	D:T315V	logit=-0.705
C:N51P	D:N324P	logit=-0.806

Top tied mutations (A + B view):
A:T18V	B:T215V	logit=-0.382
A:N55S	B:N252S	logit=-0.493
A:N54V	B:N251V	logit=-0.813
A:E100V	B:E297V	logit=-1.341
A:V102I	B:V299I	logit=-1.546

Top tied mutations (C + D view):
C:V218L	D:V491L	logit=-0.400
C:K191R	D:K464R	logit=-0.512
C:S180T	D:S453T	logit=-0.640
C:T42V	D:T315V	logit=-0.693
C:N51P	D:N324P	logit=-0.794

Top tied mutations (A + B view):
A:T18V	B:T215V	logit=-0.436
A:N55S	B:N252S	logit=-0.515
A:N54V	B:N251V	logit=-0.810
A:E100V	B:E297V	logit=-1.177
A:N54I	B:N251I	logit=-1.365

Top tied mutations (C + D view):
C:V218L	D:V491L	logit=-0.476
C:K191R	D:K464R	logit=-0.519
C:S180T	D:S453T	logit=-0.673
C:T42V	D:T315V	logit=-0.746
C:S89A	D:S362A	logit=-0.895

Top tied mutations (A + B view):
A:T18V	B:T215V	logit=-0.342
A:N55S	B:N252S	logit=-0.457
A:N54V	B:N251V	logit=-0.934
A:E100V	B:E297V	logit=-1.231
A:V102I	B:V299I	logit=-1.563

Top tied mutations (C + D view):
C:V218L	D:V491L	logit=-0.432
C:K191R	D:K464R	logit=-0.586
C:S180T	D:S453T	logit=-0.645
C:T42V	D:T315V	logit=-0.727
C:S89A	D:S362A	logit=-0.907

Top tied mutations (A + B view):
A:N55S	B:N252S	logit=-0.438
A:T18V	B:T215V	logit=-0.486
A:N54V	B:N251V	logit=-0.955
A:E100V	B:E297V	logit=-1.397
A:V102I	B:V299I	logit=-1.506

Top tied mutations (C + D view):
C:V218L	D:V491L	logit=-0.462
C:K191R	D:K464R	logit=-0.540
C:S180T	D:S453T	logit=-0.668
C:T42V	D:T315V	logit=-0.717
C:N51P	D:N324P	logit=-0.778

Top tied mutations (A + B view):
A:T18V	B:T215V	logit=-0.370
A:N55S	B:N252S	logit=-0.479
A:N54V	B:N251V	logit=-0.849
A:E100V	B:E297V	logit=-1.263
A:N57R	B:N254R	logit=-1.388

Top tied mutations (C + D view):
C:V218L	D:V491L	logit=-0.499
C:K191R	D:K464R	logit=-0.601
C:S180T	D:S453T	logit=-0.658
C:T42V	D:T315V	logit=-0.699
C:S89A	D:S362A	logit=-0.895

Top tied mutations (A + B view):
A:T18V	B:T215V	logit=-0.369
A:N55S	B:N252S	logit=-0.495
A:N54V	B:N251V	logit=-0.910
A:E100V	B:E297V	logit=-1.163
A:V102I	B:V299I	logit=-1.474

Top tied mutations (C + D view):
C:V218L	D:V491L	logit=-0.433
C:K191R	D:K464R	logit=-0.531
C:S180T	D:S453T	logit=-0.666
C:T42V	D:T315V	logit=-0.728
C:S89A	D:S362A	logit=-0.868

Top tied mutations (A + B view):
A:T18V	B:T215V	logit=-0.373
A:N55S	B:N252S	logit=-0.520
A:N54V	B:N251V	logit=-0.796
A:E100V	B:E297V	logit=-1.310
A:V102I	B:V299I	logit=-1.562

Top tied mutations (C + D view):
C:V218L	D:V491L	logit=-0.431
C:K191R	D:K464R	logit=-0.527
C:S180T	D:S453T	logit=-0.666
C:T42V	D:T315V	logit=-0.695
C:S89A	D:S362A	logit=-0.829

Top tied mutations (A + B view):
A:T18V	B:T215V	logit=-0.381
A:N55S	B:N252S	logit=-0.582
A:N54V	B:N251V	logit=-0.704
A:E100V	B:E297V	logit=-1.158
A:V102I	B:V299I	logit=-1.478

Top tied mutations (C + D view):
C:V218L	D:V491L	logit=-0.460
C:K191R	D:K464R	logit=-0.590
C:T42V	D:T315V	logit=-0.647
C:S180T	D:S453T	logit=-0.668
C:N51P	D:N324P	logit=-0.735

Top tied mutations (A + B view):
A:T18V	B:T215V	logit=-0.394
A:N55S	B:N252S	logit=-0.555
A:N54V	B:N251V	logit=-0.942
A:E100V	B:E297V	logit=-1.178
A:V58T	B:V255T	logit=-1.491

Top tied mutations (C + D view):
C:V218L	D:V491L	logit=-0.420
C:K191R	D:K464R	logit=-0.526
C:S180T	D:S453T	logit=-0.646
C:T42V	D:T315V	logit=-0.727
C:N51P	D:N324P	logit=-0.750

Top tied mutations (A + B view):
A:T18V	B:T215V	logit=-0.382
A:N55S	B:N252S	logit=-0.500
A:N54V	B:N251V	logit=-0.837
A:E100V	B:E297V	logit=-1.345
A:N54I	B:N251I	logit=-1.546

Top tied mutations (C + D view):
C:V218L	D:V491L	logit=-0.406
C:K191R	D:K464R	logit=-0.576
C:S180T	D:S453T	logit=-0.634
C:T42V	D:T315V	logit=-0.763
C:N51P	D:N324P	logit=-0.868

Top tied mutations (A + B view):
A:T18V	B:T215V	logit=-0.348
A:N55S	B:N252S	logit=-0.529
A:N54V	B:N251V	logit=-0.815
A:E100V	B:E297V	logit=-1.391
A:V102I	B:V299I	logit=-1.437

Top tied mutations (C + D view):
C:V218L	D:V491L	logit=-0.445
C:K191R	D:K464R	logit=-0.516
C:S180T	D:S453T	logit=-0.645
C:T42V	D:T315V	logit=-0.714
C:N51P	D:N324P	logit=-0.767

Top tied mutations (A + B view):
A:T18V	B:T215V	logit=-0.427
A:N55S	B:N252S	logit=-0.532
A:N54V	B:N251V	logit=-0.657
A:E100V	B:E297V	logit=-1.241
A:V102I	B:V299I	logit=-1.485

Top tied mutations (C + D view):
C:V218L	D:V491L	logit=-0.441
C:K191R	D:K464R	logit=-0.518
C:S180T	D:S453T	logit=-0.647
C:T42V	D:T315V	logit=-0.742
C:N51P	D:N324P	logit=-0.821

Top tied mutations (A + B view):
A:T18V	B:T215V	logit=-0.363
A:N55S	B:N252S	logit=-0.464
A:N54V	B:N251V	logit=-0.843
A:E100V	B:E297V	logit=-1.258
A:V102I	B:V299I	logit=-1.549

Top tied mutations (C + D view):
C:V218L	D:V491L	logit=-0.412
C:K191R	D:K464R	logit=-0.527
C:S180T	D:S453T	logit=-0.626
C:T42V	D:T315V	logit=-0.721
C:S89A	D:S362A	logit=-0.895

Top tied mutations (A + B view):
A:T18V	B:T215V	logit=-0.489
A:N55S	B:N252S	logit=-0.529
A:N54V	B:N251V	logit=-0.947
A:E100V	B:E297V	logit=-1.307
A:V102I	B:V299I	logit=-1.545

Top tied mutations (C + D view):
C:V218L	D:V491L	logit=-0.421
C:K191R	D:K464R	logit=-0.518
C:S180T	D:S453T	logit=-0.646
C:T42V	D:T315V	logit=-0.701
C:N51P	D:N324P	logit=-0.840

Top tied mutations (A + B view):
A:T18V	B:T215V	logit=-0.388
A:N55S	B:N252S	logit=-0.520
A:N54V	B:N251V	logit=-0.832
A:E100V	B:E297V	logit=-1.285
A:N57R	B:N254R	logit=-1.490

Top tied mutations (C + D view):
C:V218L	D:V491L	logit=-0.478
C:K191R	D:K464R	logit=-0.588
C:S180T	D:S453T	logit=-0.665
C:T42V	D:T315V	logit=-0.769
C:N51P	D:N324P	logit=-0.896

Top tied mutations (A + B view):
A:T18V	B:T215V	logit=-0.311
A:N55S	B:N252S	logit=-0.497
A:N54V	B:N251V	logit=-0.953
A:E100V	B:E297V	logit=-1.387
A:N54I	B:N251I	logit=-1.492

Top tied mutations (C + D view):
C:V218L	D:V491L	logit=-0.478
C:K191R	D:K464R	logit=-0.531
C:S180T	D:S453T	logit=-0.683
C:T42V	D:T315V	logit=-0.787
C:N51P	D:N324P	logit=-0.887

Top tied mutations (A + B view):
A:T18V	B:T215V	logit=-0.402
A:N55S	B:N252S	logit=-0.522
A:N54V	B:N251V	logit=-0.699
A:E100V	B:E297V	logit=-1.327
A:R61V	B:R258V	logit=-1.528

Top tied mutations (C + D view):
C:V218L	D:V491L	logit=-0.475
C:K191R	D:K464R	logit=-0.547
C:T42V	D:T315V	logit=-0.677
C:S180T	D:S453T	logit=-0.680
C:S89A	D:S362A	logit=-0.863

Top tied mutations (A + B view):
A:T18V	B:T215V	logit=-0.371
A:N55S	B:N252S	logit=-0.452
A:N54V	B:N251V	logit=-0.823
A:E100V	B:E297V	logit=-1.234
A:V102I	B:V299I	logit=-1.590

Top tied mutations (C + D view):
C:V218L	D:V491L	logit=-0.511
C:K191R	D:K464R	logit=-0.512
C:S180T	D:S453T	logit=-0.698
C:T42V	D:T315V	logit=-0.734
C:N51P	D:N324P	logit=-0.804

Top tied mutations (A + B view):
A:T18V	B:T215V	logit=-0.407
A:N55S	B:N252S	logit=-0.573
A:N54V	B:N251V	logit=-0.798
A:E100V	B:E297V	logit=-1.279
A:N54I	B:N251I	logit=-1.367

Top tied mutations (C + D view):
C:V218L	D:V491L	logit=-0.459
C:K191R	D:K464R	logit=-0.616
C:S180T	D:S453T	logit=-0.631
C:T42V	D:T315V	logit=-0.726
C:N51P	D:N324P	logit=-0.791

Top tied mutations (A + B view):
A:T18V	B:T215V	logit=-0.443
A:N55S	B:N252S	logit=-0.486
A:N54V	B:N251V	logit=-0.811
A:E100V	B:E297V	logit=-1.173
A:V102I	B:V299I	logit=-1.546

Top tied mutations (C + D view):
C:V218L	D:V491L	logit=-0.501
C:K191R	D:K464R	logit=-0.617
C:S180T	D:S453T	logit=-0.650
C:T42V	D:T315V	logit=-0.689
C:N51P	D:N324P	logit=-0.810

Top tied mutations (A + B view):
A:T18V	B:T215V	logit=-0.404
A:N55S	B:N252S	logit=-0.478
A:N54V	B:N251V	logit=-0.889
A:E100V	B:E297V	logit=-1.249
A:V102I	B:V299I	logit=-1.476

Top tied mutations (C + D view):
C:V218L	D:V491L	logit=-0.465
C:K191R	D:K464R	logit=-0.488
C:S180T	D:S453T	logit=-0.644
C:T42V	D:T315V	logit=-0.699
C:N51P	D:N324P	logit=-0.881

Top tied mutations (A + B view):
A:T18V	B:T215V	logit=-0.352
A:N55S	B:N252S	logit=-0.528
A:N54V	B:N251V	logit=-0.870
A:E100V	B:E297V	logit=-1.313
A:N57R	B:N254R	logit=-1.383

Top tied mutations (C + D view):
C:V218L	D:V491L	logit=-0.490
C:K191R	D:K464R	logit=-0.520
C:S180T	D:S453T	logit=-0.643
C:T42V	D:T315V	logit=-0.776
C:N51P	D:N324P	logit=-0.819

Top tied mutations (A + B view):
A:T18V	B:T215V	logit=-0.292
A:N55S	B:N252S	logit=-0.518
A:N54V	B:N251V	logit=-0.930
A:E100V	B:E297V	logit=-1.387
A:V102I	B:V299I	logit=-1.493

Top tied mutations (C + D view):
C:V218L	D:V491L	logit=-0.481
C:K191R	D:K464R	logit=-0.571
C:S180T	D:S453T	logit=-0.662
C:T42V	D:T315V	logit=-0.691
C:N51P	D:N324P	logit=-0.851

Top tied mutations (A + B view):
A:T18V	B:T215V	logit=-0.374
A:N55S	B:N252S	logit=-0.513
A:N54V	B:N251V	logit=-0.834
A:E100V	B:E297V	logit=-1.265
A:N54I	B:N251I	logit=-1.395

Top tied mutations (C + D view):
C:V218L	D:V491L	logit=-0.479
C:K191R	D:K464R	logit=-0.598
C:S180T	D:S453T	logit=-0.680
C:T42V	D:T315V	logit=-0.692
C:N51P	D:N324P	logit=-0.817

Top tied mutations (A + B view):
A:T18V	B:T215V	logit=-0.374
A:N55S	B:N252S	logit=-0.476
A:N54V	B:N251V	logit=-0.937
A:E100V	B:E297V	logit=-1.457
A:V102I	B:V299I	logit=-1.485

Top tied mutations (C + D view):
C:V218L	D:V491L	logit=-0.472
C:K191R	D:K464R	logit=-0.570
C:S180T	D:S453T	logit=-0.689
C:T42V	D:T315V	logit=-0.740
C:N51P	D:N324P	logit=-0.852

Top tied mutations (A + B view):
A:T18V	B:T215V	logit=-0.334
A:N55S	B:N252S	logit=-0.535
A:N54V	B:N251V	logit=-0.800
A:E100V	B:E297V	logit=-1.329
A:N54I	B:N251I	logit=-1.577

Top tied mutations (C + D view):
C:V218L	D:V491L	logit=-0.466
C:K191R	D:K464R	logit=-0.568
C:S180T	D:S453T	logit=-0.644
C:T42V	D:T315V	logit=-0.701
C:N51P	D:N324P	logit=-0.743

Top tied mutations (A + B view):
A:T18V	B:T215V	logit=-0.325
A:N55S	B:N252S	logit=-0.562
A:N54V	B:N251V	logit=-0.752
A:N54I	B:N251I	logit=-1.274
A:E100V	B:E297V	logit=-1.311

Top tied mutations (C + D view):
C:V218L	D:V491L	logit=-0.469
C:K191R	D:K464R	logit=-0.597
C:S180T	D:S453T	logit=-0.651
C:T42V	D:T315V	logit=-0.679
C:N51P	D:N324P	logit=-0.772

Top tied mutations (A + B view):
A:T18V	B:T215V	logit=-0.442
A:N55S	B:N252S	logit=-0.472
A:N54V	B:N251V	logit=-0.633
A:E100V	B:E297V	logit=-1.103
A:N54I	B:N251I	logit=-1.624

Top tied mutations (C + D view):
C:V218L	D:V491L	logit=-0.480
C:K191R	D:K464R	logit=-0.652
C:S180T	D:S453T	logit=-0.665
C:T42V	D:T315V	logit=-0.723
C:N51P	D:N324P	logit=-0.727

Top tied mutations (A + B view):
A:T18V	B:T215V	logit=-0.441
A:N55S	B:N252S	logit=-0.533
A:N54V	B:N251V	logit=-0.782
A:E100V	B:E297V	logit=-1.238
A:N57R	B:N254R	logit=-1.568

Top tied mutations (C + D view):
C:V218L	D:V491L	logit=-0.471
C:K191R	D:K464R	logit=-0.477
C:S180T	D:S453T	logit=-0.629
C:T42V	D:T315V	logit=-0.731
C:S89A	D:S362A	logit=-0.879

Top tied mutations (A + B view):
A:T18V	B:T215V	logit=-0.435
A:N55S	B:N252S	logit=-0.500
A:N54V	B:N251V	logit=-0.980
A:E100V	B:E297V	logit=-1.275
A:N57R	B:N254R	logit=-1.482

Top tied mutations (C + D view):
C:V218L	D:V491L	logit=-0.467
C:K191R	D:K464R	logit=-0.493
C:S180T	D:S453T	logit=-0.636
C:T42V	D:T315V	logit=-0.731
C:N51P	D:N324P	logit=-0.857

Top tied mutations (A + B view):
A:T18V	B:T215V	logit=-0.402
A:N55S	B:N252S	logit=-0.438
A:N54V	B:N251V	logit=-0.788
A:E100V	B:E297V	logit=-1.339
A:N57R	B:N254R	logit=-1.493

Top tied mutations (C + D view):
C:V218L	D:V491L	logit=-0.471
C:K191R	D:K464R	logit=-0.576
C:S180T	D:S453T	logit=-0.608
C:T42V	D:T315V	logit=-0.736
C:N51P	D:N324P	logit=-0.768

Top tied mutations (A + B view):
A:T18V	B:T215V	logit=-0.380
A:N55S	B:N252S	logit=-0.512
A:N54V	B:N251V	logit=-0.857
A:E100V	B:E297V	logit=-1.280
A:V58T	B:V255T	logit=-1.482

Top tied mutations (C + D view):
C:V218L	D:V491L	logit=-0.466
C:K191R	D:K464R	logit=-0.565
C:S180T	D:S453T	logit=-0.674
C:T42V	D:T315V	logit=-0.760
C:N51P	D:N324P	logit=-0.796

Top tied mutations (A + B view):
A:T18V	B:T215V	logit=-0.444
A:N55S	B:N252S	logit=-0.613
A:N54V	B:N251V	logit=-0.735
A:E100V	B:E297V	logit=-1.221
A:N57R	B:N254R	logit=-1.556

Top tied mutations (C + D view):
C:V218L	D:V491L	logit=-0.466
C:K191R	D:K464R	logit=-0.611
C:S180T	D:S453T	logit=-0.632
C:T42V	D:T315V	logit=-0.784
C:S89A	D:S362A	logit=-0.830

Top tied mutations (A + B view):
A:T18V	B:T215V	logit=-0.394
A:N55S	B:N252S	logit=-0.506
A:N54V	B:N251V	logit=-0.752
A:E100V	B:E297V	logit=-1.292
A:N57R	B:N254R	logit=-1.541

Top tied mutations (C + D view):
C:V218L	D:V491L	logit=-0.468
C:K191R	D:K464R	logit=-0.537
C:S180T	D:S453T	logit=-0.658
C:T42V	D:T315V	logit=-0.732
C:S89A	D:S362A	logit=-0.904

Top tied mutations (A + B view):
A:T18V	B:T215V	logit=-0.392
A:N55S	B:N252S	logit=-0.561
A:N54V	B:N251V	logit=-0.891
A:E100V	B:E297V	logit=-1.447
A:N57R	B:N254R	logit=-1.456

Top tied mutations (C + D view):
C:V218L	D:V491L	logit=-0.483
C:K191R	D:K464R	logit=-0.565
C:S180T	D:S453T	logit=-0.653
C:T42V	D:T315V	logit=-0.720
C:N51P	D:N324P	logit=-0.818

Top tied mutations (A + B view):
A:T18V	B:T215V	logit=-0.415
A:N55S	B:N252S	logit=-0.496
A:N54V	B:N251V	logit=-0.691
A:E100V	B:E297V	logit=-1.199
A:N54I	B:N251I	logit=-1.401

Top tied mutations (C + D view):
C:V218L	D:V491L	logit=-0.480
C:K191R	D:K464R	logit=-0.616
C:S180T	D:S453T	logit=-0.657
C:N51P	D:N324P	logit=-0.733
C:T42V	D:T315V	logit=-0.736

Top tied mutations (A + B view):
A:T18V	B:T215V	logit=-0.324
A:N55S	B:N252S	logit=-0.554
A:N54V	B:N251V	logit=-0.733
A:E100V	B:E297V	logit=-1.288
A:V102I	B:V299I	logit=-1.493

Top tied mutations (C + D view):
C:V218L	D:V491L	logit=-0.432
C:K191R	D:K464R	logit=-0.556
C:S180T	D:S453T	logit=-0.657
C:T42V	D:T315V	logit=-0.726
C:S89A	D:S362A	logit=-0.824

Top tied mutations (A + B view):
A:T18V	B:T215V	logit=-0.367
A:N55S	B:N252S	logit=-0.513
A:N54V	B:N251V	logit=-0.799
A:N57R	B:N254R	logit=-1.313
A:E100V	B:E297V	logit=-1.380

Top tied mutations (C + D view):
C:V218L	D:V491L	logit=-0.466
C:K191R	D:K464R	logit=-0.574
C:S180T	D:S453T	logit=-0.652
C:T42V	D:T315V	logit=-0.797
C:N51P	D:N324P	logit=-0.889

Top tied mutations (A + B view):
A:T18V	B:T215V	logit=-0.399
A:N55S	B:N252S	logit=-0.517
A:N54V	B:N251V	logit=-0.693
A:E100V	B:E297V	logit=-1.265
A:N54I	B:N251I	logit=-1.440

Top tied mutations (C + D view):
C:V218L	D:V491L	logit=-0.478
C:K191R	D:K464R	logit=-0.649
C:S180T	D:S453T	logit=-0.657
C:N51P	D:N324P	logit=-0.731
C:T42V	D:T315V	logit=-0.761

Top tied mutations (A + B view):
A:T18V	B:T215V	logit=-0.400
A:N55S	B:N252S	logit=-0.489
A:N54V	B:N251V	logit=-0.637
A:E100V	B:E297V	logit=-1.275
A:V58T	B:V255T	logit=-1.584

Top tied mutations (C + D view):
C:V218L	D:V491L	logit=-0.417
C:K191R	D:K464R	logit=-0.470
C:S180T	D:S453T	logit=-0.660
C:T42V	D:T315V	logit=-0.744
C:N51P	D:N324P	logit=-0.767

Top tied mutations (A + B view):
A:T18V	B:T215V	logit=-0.419
A:N55S	B:N252S	logit=-0.504
A:N54V	B:N251V	logit=-0.885
A:E100V	B:E297V	logit=-1.248
A:N57R	B:N254R	logit=-1.598

Top tied mutations (C + D view):
C:V218L	D:V491L	logit=-0.429
C:K191R	D:K464R	logit=-0.594
C:S180T	D:S453T	logit=-0.654
C:T42V	D:T315V	logit=-0.776
C:N51P	D:N324P	logit=-0.791

Top tied mutations (A + B view):
A:T18V	B:T215V	logit=-0.408
A:N55S	B:N252S	logit=-0.450
A:N54V	B:N251V	logit=-0.878
A:E100V	B:E297V	logit=-1.211
A:N57R	B:N254R	logit=-1.459

Top tied mutations (C + D view):
C:V218L	D:V491L	logit=-0.476
C:K191R	D:K464R	logit=-0.556
C:S180T	D:S453T	logit=-0.641
C:T42V	D:T315V	logit=-0.696
C:S89A	D:S362A	logit=-0.857

Top tied mutations (A + B view):
A:T18V	B:T215V	logit=-0.377
A:N55S	B:N252S	logit=-0.485
A:N54V	B:N251V	logit=-0.745
A:E100V	B:E297V	logit=-1.362
A:N54I	B:N251I	logit=-1.459

Top tied mutations (C + D view):
C:V218L	D:V491L	logit=-0.438
C:K191R	D:K464R	logit=-0.606
C:S180T	D:S453T	logit=-0.660
C:T42V	D:T315V	logit=-0.666
C:S89A	D:S362A	logit=-0.848

Top tied mutations (A + B view):
A:T18V	B:T215V	logit=-0.420
A:N55S	B:N252S	logit=-0.594
A:N54V	B:N251V	logit=-0.766
A:E100V	B:E297V	logit=-1.228
A:V102I	B:V299I	logit=-1.558

Top tied mutations (C + D view):
C:V218L	D:V491L	logit=-0.444
C:K191R	D:K464R	logit=-0.534
C:S180T	D:S453T	logit=-0.659
C:T42V	D:T315V	logit=-0.744
C:N51P	D:N324P	logit=-0.755

Top tied mutations (A + B view):
A:T18V	B:T215V	logit=-0.363
A:N55S	B:N252S	logit=-0.464
A:N54V	B:N251V	logit=-0.553
A:E100V	B:E297V	logit=-1.279
A:N54I	B:N251I	logit=-1.409

Top tied mutations (C + D view):
C:V218L	D:V491L	logit=-0.475
C:K191R	D:K464R	logit=-0.578
C:S180T	D:S453T	logit=-0.640
C:T42V	D:T315V	logit=-0.769
C:N51P	D:N324P	logit=-0.828

Top tied mutations (A + B view):
A:T18V	B:T215V	logit=-0.388
A:N55S	B:N252S	logit=-0.480
A:N54V	B:N251V	logit=-1.049
A:E100V	B:E297V	logit=-1.149
A:N57R	B:N254R	logit=-1.513

Top tied mutations (C + D view):
C:V218L	D:V491L	logit=-0.462
C:K191R	D:K464R	logit=-0.568
C:S180T	D:S453T	logit=-0.656
C:T42V	D:T315V	logit=-0.729
C:N51P	D:N324P	logit=-0.825

Top tied mutations (A + B view):
A:T18V	B:T215V	logit=-0.523
A:N55S	B:N252S	logit=-0.548
A:N54V	B:N251V	logit=-0.743
A:E100V	B:E297V	logit=-1.331
A:V102I	B:V299I	logit=-1.506

Top tied mutations (C + D view):
C:V218L	D:V491L	logit=-0.471
C:K191R	D:K464R	logit=-0.611
C:S180T	D:S453T	logit=-0.664
C:T42V	D:T315V	logit=-0.729
C:N51P	D:N324P	logit=-0.861

Top tied mutations (A + B view):
A:T18V	B:T215V	logit=-0.349
A:N55S	B:N252S	logit=-0.482
A:N54V	B:N251V	logit=-0.654
A:E100V	B:E297V	logit=-1.268
A:N54I	B:N251I	logit=-1.515

Top tied mutations (C + D view):
C:V218L	D:V491L	logit=-0.475
C:K191R	D:K464R	logit=-0.554
C:S180T	D:S453T	logit=-0.650
C:T42V	D:T315V	logit=-0.654
C:N51P	D:N324P	logit=-0.777

Top tied mutations (A + B view):
A:T18V	B:T215V	logit=-0.308
A:N55S	B:N252S	logit=-0.471
A:N54V	B:N251V	logit=-0.788
A:E100V	B:E297V	logit=-1.381
A:V102I	B:V299I	logit=-1.489

Top tied mutations (C + D view):
C:V218L	D:V491L	logit=-0.443
C:K191R	D:K464R	logit=-0.542
C:S180T	D:S453T	logit=-0.680
C:T42V	D:T315V	logit=-0.706
C:N51P	D:N324P	logit=-0.794

Top tied mutations (A + B view):
A:T18V	B:T215V	logit=-0.364
A:N55S	B:N252S	logit=-0.471
A:N54V	B:N251V	logit=-0.983
A:E100V	B:E297V	logit=-1.317
A:V102I	B:V299I	logit=-1.593

Top tied mutations (C + D view):
C:V218L	D:V491L	logit=-0.452
C:K191R	D:K464R	logit=-0.592
C:S180T	D:S453T	logit=-0.700
C:T42V	D:T315V	logit=-0.782
C:S89A	D:S362A	logit=-0.911

Top tied mutations (A + B view):
A:T18V	B:T215V	logit=-0.374
A:N55S	B:N252S	logit=-0.501
A:N54V	B:N251V	logit=-0.921
A:E100V	B:E297V	logit=-1.190
A:R61K	B:R258K	logit=-1.499

Top tied mutations (C + D view):
C:V218L	D:V491L	logit=-0.476
C:K191R	D:K464R	logit=-0.523
C:S180T	D:S453T	logit=-0.678
C:T42V	D:T315V	logit=-0.792
C:N51P	D:N324P	logit=-0.800

Top tied mutations (A + B view):
A:T18V	B:T215V	logit=-0.370
A:N55S	B:N252S	logit=-0.485
A:N54V	B:N251V	logit=-0.839
A:E100V	B:E297V	logit=-1.360
A:V102I	B:V299I	logit=-1.543

Top tied mutations (C + D view):
C:V218L	D:V491L	logit=-0.448
C:K191R	D:K464R	logit=-0.537
C:S180T	D:S453T	logit=-0.658
C:T42V	D:T315V	logit=-0.764
C:N51P	D:N324P	logit=-0.857

Top tied mutations (A + B view):
A:T18V	B:T215V	logit=-0.338
A:N55S	B:N252S	logit=-0.473
A:N54V	B:N251V	logit=-0.753
A:E100V	B:E297V	logit=-1.351
A:V102I	B:V299I	logit=-1.378

Top tied mutations (C + D view):
C:V218L	D:V491L	logit=-0.442
C:K191R	D:K464R	logit=-0.569
C:S180T	D:S453T	logit=-0.646
C:T42V	D:T315V	logit=-0.718
C:S89A	D:S362A	logit=-0.840

Top tied mutations (A + B view):
A:T18V	B:T215V	logit=-0.400
A:N55S	B:N252S	logit=-0.552
A:N54V	B:N251V	logit=-0.767
A:E100V	B:E297V	logit=-1.216
A:V102I	B:V299I	logit=-1.528

Top tied mutations (C + D view):
C:V218L	D:V491L	logit=-0.471
C:K191R	D:K464R	logit=-0.579
C:S180T	D:S453T	logit=-0.647
C:T42V	D:T315V	logit=-0.731
C:N51P	D:N324P	logit=-0.937

Top tied mutations (A + B view):
A:T18V	B:T215V	logit=-0.364
A:N55S	B:N252S	logit=-0.437
A:N54V	B:N251V	logit=-0.772
A:E100V	B:E297V	logit=-1.241
A:V102I	B:V299I	logit=-1.520

Top tied mutations (C + D view):
C:V218L	D:V491L	logit=-0.436
C:K191R	D:K464R	logit=-0.555
C:S180T	D:S453T	logit=-0.644
C:T42V	D:T315V	logit=-0.756
C:N51P	D:N324P	logit=-0.807

Top tied mutations (A + B view):
A:T18V	B:T215V	logit=-0.345
A:N55S	B:N252S	logit=-0.529
A:N54V	B:N251V	logit=-0.654
A:E100V	B:E297V	logit=-1.164
A:R61V	B:R258V	logit=-1.536

Top tied mutations (C + D view):
C:V218L	D:V491L	logit=-0.446
C:K191R	D:K464R	logit=-0.452
C:S180T	D:S453T	logit=-0.650
C:T42V	D:T315V	logit=-0.747
C:N51P	D:N324P	logit=-0.785

Top tied mutations (A + B view):
A:T18V	B:T215V	logit=-0.414
A:N55S	B:N252S	logit=-0.494
A:N54V	B:N251V	logit=-0.859
A:E100V	B:E297V	logit=-1.286
A:N57R	B:N254R	logit=-1.438

Top tied mutations (C + D view):
C:V218L	D:V491L	logit=-0.470
C:K191R	D:K464R	logit=-0.617
C:S180T	D:S453T	logit=-0.645
C:T42V	D:T315V	logit=-0.712
C:S89A	D:S362A	logit=-0.821

Top tied mutations (A + B view):
A:T18V	B:T215V	logit=-0.402
A:N55S	B:N252S	logit=-0.524
A:N54V	B:N251V	logit=-0.875
A:E100V	B:E297V	logit=-1.060
A:N57R	B:N254R	logit=-1.582

Top tied mutations (C + D view):
C:V218L	D:V491L	logit=-0.453
C:K191R	D:K464R	logit=-0.497
C:S180T	D:S453T	logit=-0.633
C:T42V	D:T315V	logit=-0.792
C:N51P	D:N324P	logit=-0.805

Top tied mutations (A + B view):
A:T18V	B:T215V	logit=-0.338
A:N55S	B:N252S	logit=-0.469
A:N54V	B:N251V	logit=-0.914
A:E100V	B:E297V	logit=-1.241
A:R61K	B:R258K	logit=-1.589

Top tied mutations (C + D view):
C:V218L	D:V491L	logit=-0.437
C:K191R	D:K464R	logit=-0.531
C:S180T	D:S453T	logit=-0.637
C:T42V	D:T315V	logit=-0.777
C:N51P	D:N324P	logit=-0.795

Top tied mutations (A + B view):
A:T18V	B:T215V	logit=-0.334
A:N55S	B:N252S	logit=-0.509
A:N54V	B:N251V	logit=-0.850
A:E100V	B:E297V	logit=-1.373
A:N54I	B:N251I	logit=-1.433

Top tied mutations (C + D view):
C:V218L	D:V491L	logit=-0.440
C:K191R	D:K464R	logit=-0.540
C:S180T	D:S453T	logit=-0.680
C:T42V	D:T315V	logit=-0.707
C:S89A	D:S362A	logit=-0.864

Top tied mutations (A + B view):
A:T18V	B:T215V	logit=-0.344
A:N55S	B:N252S	logit=-0.452
A:N54V	B:N251V	logit=-0.938
A:E100V	B:E297V	logit=-1.154
A:N57R	B:N254R	logit=-1.501

Top tied mutations (C + D view):
C:V218L	D:V491L	logit=-0.408
C:K191R	D:K464R	logit=-0.549
C:S180T	D:S453T	logit=-0.648
C:T42V	D:T315V	logit=-0.674
C:N51P	D:N324P	logit=-0.884

Top tied mutations (A + B view):
A:T18V	B:T215V	logit=-0.395
A:N55S	B:N252S	logit=-0.492
A:N54V	B:N251V	logit=-0.679
A:E100V	B:E297V	logit=-1.204
A:V58T	B:V255T	logit=-1.416

Top tied mutations (C + D view):
C:V218L	D:V491L	logit=-0.470
C:K191R	D:K464R	logit=-0.563
C:S180T	D:S453T	logit=-0.648
C:T42V	D:T315V	logit=-0.705
C:N51P	D:N324P	logit=-0.870

Top tied mutations (A + B view):
A:T18V	B:T215V	logit=-0.398
A:N55S	B:N252S	logit=-0.420
A:N54V	B:N251V	logit=-0.828
A:E100V	B:E297V	logit=-1.290
A:V102I	B:V299I	logit=-1.548

Top tied mutations (C + D view):
C:V218L	D:V491L	logit=-0.407
C:K191R	D:K464R	logit=-0.550
C:S180T	D:S453T	logit=-0.689
C:T42V	D:T315V	logit=-0.741
C:N51P	D:N324P	logit=-0.777

Top tied mutations (A + B view):
A:T18V	B:T215V	logit=-0.350
A:N55S	B:N252S	logit=-0.498
A:N54V	B:N251V	logit=-0.831
A:E100V	B:E297V	logit=-1.217
A:V102I	B:V299I	logit=-1.426

Top tied mutations (C + D view):
C:V218L	D:V491L	logit=-0.437
C:K191R	D:K464R	logit=-0.598
C:S180T	D:S453T	logit=-0.637
C:T42V	D:T315V	logit=-0.668
C:N51P	D:N324P	logit=-0.818

Top tied mutations (A + B view):
A:T18V	B:T215V	logit=-0.375
A:N55S	B:N252S	logit=-0.457
A:N54V	B:N251V	logit=-0.814
A:E100V	B:E297V	logit=-1.285
A:N54I	B:N251I	logit=-1.403

Top tied mutations (C + D view):
C:V218L	D:V491L	logit=-0.443
C:K191R	D:K464R	logit=-0.470
C:S180T	D:S453T	logit=-0.641
C:T42V	D:T315V	logit=-0.703
C:S89A	D:S362A	logit=-0.860

Top tied mutations (A + B view):
A:T18V	B:T215V	logit=-0.367
A:N55S	B:N252S	logit=-0.425
A:N54V	B:N251V	logit=-0.897
A:E100V	B:E297V	logit=-1.173
A:V102I	B:V299I	logit=-1.511

Top tied mutations (C + D view):
C:V218L	D:V491L	logit=-0.486
C:K191R	D:K464R	logit=-0.588
C:S180T	D:S453T	logit=-0.644
C:T42V	D:T315V	logit=-0.720
C:N51P	D:N324P	logit=-0.876

Top tied mutations (A + B view):
A:T18V	B:T215V	logit=-0.379
A:N55S	B:N252S	logit=-0.510
A:N54V	B:N251V	logit=-0.808
A:E100V	B:E297V	logit=-1.379
A:N57R	B:N254R	logit=-1.408

Top tied mutations (C + D view):
C:V218L	D:V491L	logit=-0.469
C:K191R	D:K464R	logit=-0.543
C:S180T	D:S453T	logit=-0.677
C:T42V	D:T315V	logit=-0.713
C:N51P	D:N324P	logit=-0.821

Top tied mutations (A + B view):
A:T18V	B:T215V	logit=-0.335
A:N55S	B:N252S	logit=-0.469
A:N54V	B:N251V	logit=-0.767
A:E100V	B:E297V	logit=-1.250
A:N57R	B:N254R	logit=-1.505

Top tied mutations (C + D view):
C:V218L	D:V491L	logit=-0.407
C:K191R	D:K464R	logit=-0.541
C:S180T	D:S453T	logit=-0.657
C:T42V	D:T315V	logit=-0.796
C:S89A	D:S362A	logit=-0.859

Top tied mutations (A + B view):
A:T18V	B:T215V	logit=-0.407
A:N55S	B:N252S	logit=-0.444
A:N54V	B:N251V	logit=-0.772
A:E100V	B:E297V	logit=-1.293
A:V102I	B:V299I	logit=-1.599

Top tied mutations (C + D view):
C:V218L	D:V491L	logit=-0.425
C:K191R	D:K464R	logit=-0.577
C:S180T	D:S453T	logit=-0.648
C:T42V	D:T315V	logit=-0.692
C:N51P	D:N324P	logit=-0.827

Top tied mutations (A + B view):
A:T18V	B:T215V	logit=-0.388
A:N55S	B:N252S	logit=-0.539
A:N54V	B:N251V	logit=-0.735
A:N54I	B:N251I	logit=-1.284
A:E100V	B:E297V	logit=-1.294

Top tied mutations (C + D view):
C:V218L	D:V491L	logit=-0.427
C:K191R	D:K464R	logit=-0.549
C:S180T	D:S453T	logit=-0.651
C:N51P	D:N324P	logit=-0.737
C:T42V	D:T315V	logit=-0.744

Top tied mutations (A + B view):
A:T18V	B:T215V	logit=-0.438
A:N55S	B:N252S	logit=-0.481
A:N54V	B:N251V	logit=-0.665
A:E100V	B:E297V	logit=-1.301
A:N54I	B:N251I	logit=-1.406

Top tied mutations (C + D view):
C:V218L	D:V491L	logit=-0.431
C:S180T	D:S453T	logit=-0.618
C:K191R	D:K464R	logit=-0.634
C:T42V	D:T315V	logit=-0.713
C:N51P	D:N324P	logit=-0.769

Top tied mutations (A + B view):
A:T18V	B:T215V	logit=-0.340
A:N55S	B:N252S	logit=-0.487
A:N54V	B:N251V	logit=-0.629
A:E100V	B:E297V	logit=-1.430
A:N57R	B:N254R	logit=-1.514

Top tied mutations (C + D view):
C:V218L	D:V491L	logit=-0.468
C:K191R	D:K464R	logit=-0.551
C:S180T	D:S453T	logit=-0.688
C:T42V	D:T315V	logit=-0.695
C:S89A	D:S362A	logit=-0.918

Top tied mutations (A + B view):
A:N55S	B:N252S	logit=-0.484
A:T18V	B:T215V	logit=-0.533
A:N54V	B:N251V	logit=-0.663
A:E100V	B:E297V	logit=-1.252
A:N57R	B:N254R	logit=-1.525

Top tied mutations (C + D view):
C:V218L	D:V491L	logit=-0.420
C:K191R	D:K464R	logit=-0.600
C:S180T	D:S453T	logit=-0.664
C:T42V	D:T315V	logit=-0.699
C:N51P	D:N324P	logit=-0.776

Top tied mutations (A + B view):
A:T18V	B:T215V	logit=-0.336
A:N55S	B:N252S	logit=-0.413
A:N54V	B:N251V	logit=-0.721
A:E100V	B:E297V	logit=-1.349
A:N54I	B:N251I	logit=-1.551

Top tied mutations (C + D view):
C:V218L	D:V491L	logit=-0.487
C:K191R	D:K464R	logit=-0.621
C:S180T	D:S453T	logit=-0.658
C:T42V	D:T315V	logit=-0.688
C:S89A	D:S362A	logit=-0.883

Top tied mutations (A + B view):
A:T18V	B:T215V	logit=-0.424
A:N55S	B:N252S	logit=-0.515
A:N54V	B:N251V	logit=-0.778
A:E100V	B:E297V	logit=-1.273
A:V102I	B:V299I	logit=-1.441

Top tied mutations (C + D view):
C:V218L	D:V491L	logit=-0.435
C:K191R	D:K464R	logit=-0.562
C:S180T	D:S453T	logit=-0.652
C:T42V	D:T315V	logit=-0.714
C:N51P	D:N324P	logit=-0.789

Top tied mutations (A + B view):
A:T18V	B:T215V	logit=-0.391
A:N55S	B:N252S	logit=-0.555
A:N54V	B:N251V	logit=-0.910
A:E100V	B:E297V	logit=-1.134
A:V102I	B:V299I	logit=-1.550

Top tied mutations (C + D view):
C:V218L	D:V491L	logit=-0.454
C:K191R	D:K464R	logit=-0.547
C:S180T	D:S453T	logit=-0.688
C:T42V	D:T315V	logit=-0.728
C:N51P	D:N324P	logit=-0.801

Top tied mutations (A + B view):
A:T18V	B:T215V	logit=-0.361
A:N55S	B:N252S	logit=-0.499
A:N54V	B:N251V	logit=-0.772
A:E100V	B:E297V	logit=-1.380
A:N54I	B:N251I	logit=-1.484

Top tied mutations (C + D view):
C:V218L	D:V491L	logit=-0.466
C:K191R	D:K464R	logit=-0.551
C:S180T	D:S453T	logit=-0.701
C:T42V	D:T315V	logit=-0.780
C:N51P	D:N324P	logit=-0.888

Top tied mutations (A + B view):
A:T18V	B:T215V	logit=-0.398
A:N55S	B:N252S	logit=-0.548
A:N54V	B:N251V	logit=-0.780
A:E100V	B:E297V	logit=-1.231
A:V102I	B:V299I	logit=-1.462

Top tied mutations (C + D view):
C:V218L	D:V491L	logit=-0.451
C:K191R	D:K464R	logit=-0.541
C:S180T	D:S453T	logit=-0.636
C:T42V	D:T315V	logit=-0.793
C:N51P	D:N324P	logit=-0.847

Top tied mutations (A + B view):
A:T18V	B:T215V	logit=-0.362
A:N55S	B:N252S	logit=-0.506
A:N54V	B:N251V	logit=-0.849
A:E100V	B:E297V	logit=-1.198
A:R61K	B:R258K	logit=-1.500

Top tied mutations (C + D view):
C:V218L	D:V491L	logit=-0.438
C:K191R	D:K464R	logit=-0.606
C:S180T	D:S453T	logit=-0.638
C:N51P	D:N324P	logit=-0.749
C:T42V	D:T315V	logit=-0.760

Top tied mutations (A + B view):
A:T18V	B:T215V	logit=-0.386
A:N55S	B:N252S	logit=-0.458
A:N54V	B:N251V	logit=-0.783
A:E100V	B:E297V	logit=-1.340
A:V102I	B:V299I	logit=-1.569

Top tied mutations (C + D view):
C:V218L	D:V491L	logit=-0.423
C:K191R	D:K464R	logit=-0.574
C:S180T	D:S453T	logit=-0.658
C:T42V	D:T315V	logit=-0.700
C:N51P	D:N324P	logit=-0.822

Top tied mutations (A + B view):
A:T18V	B:T215V	logit=-0.373
A:N55S	B:N252S	logit=-0.492
A:N54V	B:N251V	logit=-0.749
A:E100V	B:E297V	logit=-1.265
A:N57R	B:N254R	logit=-1.446

Top tied mutations (C + D view):
C:V218L	D:V491L	logit=-0.443
C:K191R	D:K464R	logit=-0.607
C:S180T	D:S453T	logit=-0.660
C:T42V	D:T315V	logit=-0.748
C:N51P	D:N324P	logit=-0.800

Top tied mutations (A + B view):
A:T18V	B:T215V	logit=-0.413
A:N55S	B:N252S	logit=-0.530
A:N54V	B:N251V	logit=-0.875
A:E100V	B:E297V	logit=-1.300
A:V102I	B:V299I	logit=-1.544

Top tied mutations (C + D view):
C:V218L	D:V491L	logit=-0.474
C:K191R	D:K464R	logit=-0.575
C:S180T	D:S453T	logit=-0.632
C:T42V	D:T315V	logit=-0.683
C:N51P	D:N324P	logit=-0.860

Top tied mutations (A + B view):
A:T18V	B:T215V	logit=-0.441
A:N55S	B:N252S	logit=-0.511
A:N54V	B:N251V	logit=-0.714
A:E100V	B:E297V	logit=-1.240
A:N57R	B:N254R	logit=-1.373

Top tied mutations (C + D view):
C:V218L	D:V491L	logit=-0.515
C:K191R	D:K464R	logit=-0.556
C:S180T	D:S453T	logit=-0.619
C:T42V	D:T315V	logit=-0.711
C:S89A	D:S362A	logit=-0.844

Top tied mutations (A + B view):
A:T18V	B:T215V	logit=-0.425
A:N55S	B:N252S	logit=-0.537
A:N54V	B:N251V	logit=-0.783
A:E100V	B:E297V	logit=-1.296
A:V102I	B:V299I	logit=-1.615

Top tied mutations (C + D view):
C:V218L	D:V491L	logit=-0.448
C:K191R	D:K464R	logit=-0.594
C:S180T	D:S453T	logit=-0.669
C:T42V	D:T315V	logit=-0.715
C:S89A	D:S362A	logit=-0.806

Top tied mutations (A + B view):
A:T18V	B:T215V	logit=-0.380
A:N55S	B:N252S	logit=-0.455
A:N54V	B:N251V	logit=-0.685
A:E100V	B:E297V	logit=-1.399
A:N54I	B:N251I	logit=-1.519

Top tied mutations (C + D view):
C:V218L	D:V491L	logit=-0.482
C:K191R	D:K464R	logit=-0.573
C:S180T	D:S453T	logit=-0.650
C:N51P	D:N324P	logit=-0.802
C:T42V	D:T315V	logit=-0.838

Top tied mutations (A + B view):
A:T18V	B:T215V	logit=-0.351
A:N55S	B:N252S	logit=-0.565
A:N54V	B:N251V	logit=-0.870
A:E100V	B:E297V	logit=-1.245
A:V102I	B:V299I	logit=-1.553

Top tied mutations (C + D view):
C:V218L	D:V491L	logit=-0.424
C:K191R	D:K464R	logit=-0.588
C:T42V	D:T315V	logit=-0.685
C:S180T	D:S453T	logit=-0.689
C:N51P	D:N324P	logit=-0.923

Top tied mutations (A + B view):
A:T18V	B:T215V	logit=-0.415
A:N55S	B:N252S	logit=-0.459
A:N54V	B:N251V	logit=-0.801
A:E100V	B:E297V	logit=-1.146
A:V102I	B:V299I	logit=-1.536

Top tied mutations (C + D view):
C:V218L	D:V491L	logit=-0.429
C:K191R	D:K464R	logit=-0.527
C:S180T	D:S453T	logit=-0.643
C:T42V	D:T315V	logit=-0.715
C:N51P	D:N324P	logit=-0.836

Top tied mutations (A + B view):
A:T18V	B:T215V	logit=-0.379
A:N55S	B:N252S	logit=-0.456
A:N54V	B:N251V	logit=-0.738
A:E100V	B:E297V	logit=-1.498
A:N54I	B:N251I	logit=-1.523

Top tied mutations (C + D view):
C:V218L	D:V491L	logit=-0.434
C:K191R	D:K464R	logit=-0.595
C:S180T	D:S453T	logit=-0.673
C:T42V	D:T315V	logit=-0.732
C:N51P	D:N324P	logit=-0.734

Top tied mutations (A + B view):
A:T18V	B:T215V	logit=-0.307
A:N55S	B:N252S	logit=-0.563
A:N54V	B:N251V	logit=-0.957
A:E100V	B:E297V	logit=-1.184
A:V102I	B:V299I	logit=-1.515

Top tied mutations (C + D view):
C:V218L	D:V491L	logit=-0.436
C:K191R	D:K464R	logit=-0.637
C:S180T	D:S453T	logit=-0.656
C:T42V	D:T315V	logit=-0.745
C:S89A	D:S362A	logit=-0.871

Top tied mutations (A + B view):
A:T18V	B:T215V	logit=-0.349
A:N55S	B:N252S	logit=-0.568
A:N54V	B:N251V	logit=-0.826
A:E100V	B:E297V	logit=-1.150
A:N57R	B:N254R	logit=-1.494

Top tied mutations (C + D view):
C:V218L	D:V491L	logit=-0.486
C:K191R	D:K464R	logit=-0.569
C:S180T	D:S453T	logit=-0.668
C:T42V	D:T315V	logit=-0.695
C:N51P	D:N324P	logit=-0.769

Top tied mutations (A + B view):
A:T18V	B:T215V	logit=-0.386
A:N55S	B:N252S	logit=-0.576
A:N54V	B:N251V	logit=-0.802
A:E100V	B:E297V	logit=-1.177
A:V102I	B:V299I	logit=-1.487

Top tied mutations (C + D view):
C:V218L	D:V491L	logit=-0.471
C:K191R	D:K464R	logit=-0.559
C:S180T	D:S453T	logit=-0.657
C:T42V	D:T315V	logit=-0.751
C:S89A	D:S362A	logit=-0.884

Top tied mutations (A + B view):
A:N55S	B:N252S	logit=-0.486
A:T18V	B:T215V	logit=-0.498
A:N54V	B:N251V	logit=-0.750
A:E100V	B:E297V	logit=-1.330
A:N57R	B:N254R	logit=-1.447

Top tied mutations (C + D view):
C:V218L	D:V491L	logit=-0.409
C:K191R	D:K464R	logit=-0.611
C:S180T	D:S453T	logit=-0.686
C:T42V	D:T315V	logit=-0.784
C:S89A	D:S362A	logit=-0.854

Top tied mutations (A + B view):
A:T18V	B:T215V	logit=-0.413
A:N55S	B:N252S	logit=-0.536
A:N54V	B:N251V	logit=-0.694
A:E100V	B:E297V	logit=-1.348
A:N57R	B:N254R	logit=-1.586

Top tied mutations (C + D view):
C:V218L	D:V491L	logit=-0.423
C:K191R	D:K464R	logit=-0.575
C:S180T	D:S453T	logit=-0.671
C:T42V	D:T315V	logit=-0.715
C:N51P	D:N324P	logit=-0.735

Top tied mutations (A + B view):
A:T18V	B:T215V	logit=-0.446
A:N55S	B:N252S	logit=-0.505
A:N54V	B:N251V	logit=-0.809
A:E100V	B:E297V	logit=-1.289
A:N57R	B:N254R	logit=-1.530

Top tied mutations (C + D view):
C:V218L	D:V491L	logit=-0.469
C:K191R	D:K464R	logit=-0.551
C:S180T	D:S453T	logit=-0.677
C:T42V	D:T315V	logit=-0.756
C:N51P	D:N324P	logit=-0.817

Top tied mutations (A + B view):
A:T18V	B:T215V	logit=-0.375
A:N55S	B:N252S	logit=-0.564
A:N54V	B:N251V	logit=-0.740
A:E100V	B:E297V	logit=-1.304
A:V102I	B:V299I	logit=-1.492

Top tied mutations (C + D view):
C:V218L	D:V491L	logit=-0.465
C:K191R	D:K464R	logit=-0.581
C:S180T	D:S453T	logit=-0.649
C:T42V	D:T315V	logit=-0.719
C:N51P	D:N324P	logit=-0.796

Top tied mutations (A + B view):
A:T18V	B:T215V	logit=-0.393
A:N55S	B:N252S	logit=-0.536
A:N54V	B:N251V	logit=-0.694
A:N57R	B:N254R	logit=-1.444
A:E100V	B:E297V	logit=-1.471

Top tied mutations (C + D view):
C:V218L	D:V491L	logit=-0.434
C:K191R	D:K464R	logit=-0.564
C:S180T	D:S453T	logit=-0.648
C:T42V	D:T315V	logit=-0.772
C:N51P	D:N324P	logit=-0.844

Top tied mutations (A + B view):
A:T18V	B:T215V	logit=-0.378
A:N55S	B:N252S	logit=-0.499
A:N54V	B:N251V	logit=-0.774
A:E100V	B:E297V	logit=-1.351
A:V102I	B:V299I	logit=-1.500

Top tied mutations (C + D view):
C:V218L	D:V491L	logit=-0.485
C:K191R	D:K464R	logit=-0.634
C:S180T	D:S453T	logit=-0.649
C:T42V	D:T315V	logit=-0.672
C:N51P	D:N324P	logit=-0.873

Top tied mutations (A + B view):
A:T18V	B:T215V	logit=-0.327
A:N55S	B:N252S	logit=-0.551
A:N54V	B:N251V	logit=-0.787
A:E100V	B:E297V	logit=-1.267
A:N54I	B:N251I	logit=-1.408

Top tied mutations (C + D view):
C:V218L	D:V491L	logit=-0.470
C:K191R	D:K464R	logit=-0.563
C:T42V	D:T315V	logit=-0.677
C:S180T	D:S453T	logit=-0.690
C:N51P	D:N324P	logit=-0.845

Top tied mutations (A + B view):
A:T18V	B:T215V	logit=-0.339
A:N55S	B:N252S	logit=-0.483
A:N54V	B:N251V	logit=-0.795
A:E100V	B:E297V	logit=-1.401
A:V102I	B:V299I	logit=-1.539

Top tied mutations (C + D view):
C:V218L	D:V491L	logit=-0.492
C:K191R	D:K464R	logit=-0.573
C:S180T	D:S453T	logit=-0.631
C:T42V	D:T315V	logit=-0.728
C:S89A	D:S362A	logit=-0.809

Top tied mutations (A + B view):
A:T18V	B:T215V	logit=-0.354
A:N55S	B:N252S	logit=-0.622
A:N54V	B:N251V	logit=-0.752
A:E100V	B:E297V	logit=-1.231
A:R61K	B:R258K	logit=-1.561

Top tied mutations (C + D view):
C:V218L	D:V491L	logit=-0.495
C:K191R	D:K464R	logit=-0.534
C:S180T	D:S453T	logit=-0.654
C:T42V	D:T315V	logit=-0.803
C:N51P	D:N324P	logit=-0.858

Top tied mutations (A + B view):
A:T18V	B:T215V	logit=-0.393
A:N55S	B:N252S	logit=-0.520
A:N54V	B:N251V	logit=-0.783
A:E100V	B:E297V	logit=-1.262
A:R61K	B:R258K	logit=-1.477

Top tied mutations (C + D view):
C:V218L	D:V491L	logit=-0.438
C:K191R	D:K464R	logit=-0.611
C:S180T	D:S453T	logit=-0.639
C:T42V	D:T315V	logit=-0.741
C:S89A	D:S362A	logit=-0.908

Top tied mutations (A + B view):
A:T18V	B:T215V	logit=-0.346
A:N55S	B:N252S	logit=-0.495
A:N54V	B:N251V	logit=-0.837
A:E100V	B:E297V	logit=-1.135
A:N54I	B:N251I	logit=-1.522

Top tied mutations (C + D view):
C:V218L	D:V491L	logit=-0.420
C:K191R	D:K464R	logit=-0.561
C:S180T	D:S453T	logit=-0.671
C:T42V	D:T315V	logit=-0.741
C:N51P	D:N324P	logit=-0.782

Top tied mutations (A + B view):
A:T18V	B:T215V	logit=-0.461
A:N55S	B:N252S	logit=-0.535
A:N54V	B:N251V	logit=-0.952
A:E100V	B:E297V	logit=-1.186
A:V102I	B:V299I	logit=-1.549

Top tied mutations (C + D view):
C:V218L	D:V491L	logit=-0.457
C:K191R	D:K464R	logit=-0.560
C:S180T	D:S453T	logit=-0.692
C:T42V	D:T315V	logit=-0.755
C:N51P	D:N324P	logit=-0.802

Top tied mutations (A + B view):
A:T18V	B:T215V	logit=-0.381
A:N55S	B:N252S	logit=-0.561
A:N54V	B:N251V	logit=-0.894
A:E100V	B:E297V	logit=-1.319
A:V102I	B:V299I	logit=-1.505

Top tied mutations (C + D view):
C:V218L	D:V491L	logit=-0.407
C:K191R	D:K464R	logit=-0.579
C:S180T	D:S453T	logit=-0.678
C:T42V	D:T315V	logit=-0.740
C:N51P	D:N324P	logit=-0.887

Top tied mutations (A + B view):
A:T18V	B:T215V	logit=-0.346
A:N55S	B:N252S	logit=-0.519
A:N54V	B:N251V	logit=-0.912
A:E100V	B:E297V	logit=-1.226
A:R61K	B:R258K	logit=-1.338

Top tied mutations (C + D view):
C:V218L	D:V491L	logit=-0.422
C:K191R	D:K464R	logit=-0.564
C:S180T	D:S453T	logit=-0.674
C:T42V	D:T315V	logit=-0.684
C:N51P	D:N324P	logit=-0.895

Top tied mutations (A + B view):
A:T18V	B:T215V	logit=-0.419
A:N55S	B:N252S	logit=-0.502
A:N54V	B:N251V	logit=-0.866
A:E100V	B:E297V	logit=-1.241
A:V102I	B:V299I	logit=-1.573

Top tied mutations (C + D view):
C:V218L	D:V491L	logit=-0.425
C:K191R	D:K464R	logit=-0.627
C:S180T	D:S453T	logit=-0.633
C:T42V	D:T315V	logit=-0.771
C:N51P	D:N324P	logit=-0.832

Top tied mutations (A + B view):
A:T18V	B:T215V	logit=-0.371
A:N55S	B:N252S	logit=-0.548
A:N54V	B:N251V	logit=-0.757
A:E100V	B:E297V	logit=-1.207
A:R61V	B:R258V	logit=-1.560

Top tied mutations (C + D view):
C:V218L	D:V491L	logit=-0.415
C:K191R	D:K464R	logit=-0.549
C:S180T	D:S453T	logit=-0.677
C:T42V	D:T315V	logit=-0.727
C:A168P	D:A441P	logit=-0.919

Top tied mutations (A + B view):
A:T18V	B:T215V	logit=-0.363
A:N55S	B:N252S	logit=-0.458
A:N54V	B:N251V	logit=-0.627
A:E100V	B:E297V	logit=-1.226
A:V102I	B:V299I	logit=-1.523

Top tied mutations (C + D view):
C:V218L	D:V491L	logit=-0.473
C:K191R	D:K464R	logit=-0.570
C:S180T	D:S453T	logit=-0.665
C:T42V	D:T315V	logit=-0.713
C:S89A	D:S362A	logit=-0.864

Top tied mutations (A + B view):
A:T18V	B:T215V	logit=-0.341
A:N55S	B:N252S	logit=-0.530
A:N54V	B:N251V	logit=-0.949
A:E100V	B:E297V	logit=-1.371
A:V102I	B:V299I	logit=-1.546

Top tied mutations (C + D view):
C:V218L	D:V491L	logit=-0.460
C:K191R	D:K464R	logit=-0.566
C:S180T	D:S453T	logit=-0.665
C:T42V	D:T315V	logit=-0.701
C:S89A	D:S362A	logit=-0.888

Top tied mutations (A + B view):
A:T18V	B:T215V	logit=-0.326
A:N55S	B:N252S	logit=-0.462
A:N54V	B:N251V	logit=-0.793
A:E100V	B:E297V	logit=-1.391
A:V102I	B:V299I	logit=-1.590

Top tied mutations (C + D view):
C:V218L	D:V491L	logit=-0.409
C:K191R	D:K464R	logit=-0.526
C:S180T	D:S453T	logit=-0.651
C:T42V	D:T315V	logit=-0.705
C:N51P	D:N324P	logit=-0.771

Top tied mutations (A + B view):
A:T18V	B:T215V	logit=-0.355
A:N55S	B:N252S	logit=-0.478
A:N54V	B:N251V	logit=-0.819
A:E100V	B:E297V	logit=-1.192
A:V102I	B:V299I	logit=-1.541

Top tied mutations (C + D view):
C:V218L	D:V491L	logit=-0.464
C:K191R	D:K464R	logit=-0.565
C:S180T	D:S453T	logit=-0.656
C:T42V	D:T315V	logit=-0.695
C:N51P	D:N324P	logit=-0.768

Top tied mutations (A + B view):
A:T18V	B:T215V	logit=-0.426
A:N55S	B:N252S	logit=-0.544
A:N54V	B:N251V	logit=-0.730
A:E100V	B:E297V	logit=-1.212
A:V102I	B:V299I	logit=-1.494

Top tied mutations (C + D view):
C:V218L	D:V491L	logit=-0.480
C:K191R	D:K464R	logit=-0.631
C:S180T	D:S453T	logit=-0.680
C:T42V	D:T315V	logit=-0.769
C:S89A	D:S362A	logit=-0.893

Top tied mutations (A + B view):
A:T18V	B:T215V	logit=-0.359
A:N55S	B:N252S	logit=-0.533
A:N54V	B:N251V	logit=-0.835
A:E100V	B:E297V	logit=-1.470
A:V102I	B:V299I	logit=-1.503

Top tied mutations (C + D view):
C:V218L	D:V491L	logit=-0.458
C:K191R	D:K464R	logit=-0.520
C:S180T	D:S453T	logit=-0.677
C:T42V	D:T315V	logit=-0.726
C:N51P	D:N324P	logit=-0.918

Top tied mutations (A + B view):
A:T18V	B:T215V	logit=-0.342
A:N55S	B:N252S	logit=-0.491
A:N54V	B:N251V	logit=-0.945
A:E100V	B:E297V	logit=-1.277
A:R61K	B:R258K	logit=-1.479

Top tied mutations (C + D view):
C:V218L	D:V491L	logit=-0.443
C:K191R	D:K464R	logit=-0.602
C:S180T	D:S453T	logit=-0.658
C:T42V	D:T315V	logit=-0.724
C:N51P	D:N324P	logit=-0.835

Top tied mutations (A + B view):
A:T18V	B:T215V	logit=-0.374
A:N55S	B:N252S	logit=-0.547
A:N54V	B:N251V	logit=-0.691
A:E100V	B:E297V	logit=-1.234
A:V102I	B:V299I	logit=-1.483

Top tied mutations (C + D view):
C:V218L	D:V491L	logit=-0.431
C:K191R	D:K464R	logit=-0.567
C:S180T	D:S453T	logit=-0.657
C:T42V	D:T315V	logit=-0.675
C:N51P	D:N324P	logit=-0.862

Top tied mutations (A + B view):
A:T18V	B:T215V	logit=-0.367
A:N55S	B:N252S	logit=-0.546
A:N54V	B:N251V	logit=-0.861
A:E100V	B:E297V	logit=-1.164
A:V102I	B:V299I	logit=-1.622

Top tied mutations (C + D view):
C:V218L	D:V491L	logit=-0.438
C:K191R	D:K464R	logit=-0.507
C:S180T	D:S453T	logit=-0.636
C:T42V	D:T315V	logit=-0.716
C:S89A	D:S362A	logit=-0.867

Top tied mutations (A + B view):
A:T18V	B:T215V	logit=-0.364
A:N55S	B:N252S	logit=-0.468
A:N54V	B:N251V	logit=-0.791
A:E100V	B:E297V	logit=-1.352
A:N57R	B:N254R	logit=-1.551

Top tied mutations (C + D view):
C:V218L	D:V491L	logit=-0.433
C:K191R	D:K464R	logit=-0.587
C:S180T	D:S453T	logit=-0.651
C:T42V	D:T315V	logit=-0.740
C:N51P	D:N324P	logit=-0.796

Top tied mutations (A + B view):
A:T18V	B:T215V	logit=-0.447
A:N55S	B:N252S	logit=-0.500
A:N54V	B:N251V	logit=-0.850
A:E100V	B:E297V	logit=-1.211
A:V102I	B:V299I	logit=-1.568

Top tied mutations (C + D view):
C:V218L	D:V491L	logit=-0.475
C:K191R	D:K464R	logit=-0.540
C:S180T	D:S453T	logit=-0.635
C:T42V	D:T315V	logit=-0.745
C:N51P	D:N324P	logit=-0.813

Top tied mutations (A + B view):
A:T18V	B:T215V	logit=-0.330
A:N55S	B:N252S	logit=-0.454
A:N54V	B:N251V	logit=-0.741
A:E100V	B:E297V	logit=-1.205
A:R61K	B:R258K	logit=-1.252

Top tied mutations (C + D view):
C:V218L	D:V491L	logit=-0.439
C:K191R	D:K464R	logit=-0.526
C:S180T	D:S453T	logit=-0.669
C:T42V	D:T315V	logit=-0.708
C:N51P	D:N324P	logit=-0.808

Top tied mutations (A + B view):
A:T18V	B:T215V	logit=-0.386
A:N55S	B:N252S	logit=-0.480
A:N54V	B:N251V	logit=-0.925
A:E100V	B:E297V	logit=-1.349
A:V102I	B:V299I	logit=-1.604

Top tied mutations (C + D view):
C:V218L	D:V491L	logit=-0.466
C:K191R	D:K464R	logit=-0.561
C:S180T	D:S453T	logit=-0.618
C:T42V	D:T315V	logit=-0.690
C:N51P	D:N324P	logit=-0.842

Top tied mutations (A + B view):
A:T18V	B:T215V	logit=-0.437
A:N55S	B:N252S	logit=-0.474
A:N54V	B:N251V	logit=-0.756
A:E100V	B:E297V	logit=-1.190
A:N54I	B:N251I	logit=-1.436

Top tied mutations (C + D view):
C:V218L	D:V491L	logit=-0.434
C:K191R	D:K464R	logit=-0.526
C:S180T	D:S453T	logit=-0.644
C:T42V	D:T315V	logit=-0.671
C:N51P	D:N324P	logit=-0.793

Top tied mutations (A + B view):
A:T18V	B:T215V	logit=-0.351
A:N55S	B:N252S	logit=-0.502
A:N54V	B:N251V	logit=-0.817
A:E100V	B:E297V	logit=-1.275
A:N54I	B:N251I	logit=-1.510

Top tied mutations (C + D view):
C:V218L	D:V491L	logit=-0.449
C:K191R	D:K464R	logit=-0.524
C:S180T	D:S453T	logit=-0.653
C:T42V	D:T315V	logit=-0.744
C:N51P	D:N324P	logit=-0.823

Top tied mutations (A + B view):
A:T18V	B:T215V	logit=-0.398
A:N55S	B:N252S	logit=-0.546
A:N54V	B:N251V	logit=-0.837
A:E100V	B:E297V	logit=-1.203
A:R61V	B:R258V	logit=-1.583

Top tied mutations (C + D view):
C:V218L	D:V491L	logit=-0.434
C:K191R	D:K464R	logit=-0.582
C:S180T	D:S453T	logit=-0.647
C:T42V	D:T315V	logit=-0.737
C:N51P	D:N324P	logit=-0.886

Top tied mutations (A + B view):
A:T18V	B:T215V	logit=-0.328
A:N55S	B:N252S	logit=-0.521
A:N54V	B:N251V	logit=-0.883
A:E100V	B:E297V	logit=-1.193
A:N54I	B:N251I	logit=-1.497

Top tied mutations (C + D view):
C:V218L	D:V491L	logit=-0.428
C:K191R	D:K464R	logit=-0.541
C:S180T	D:S453T	logit=-0.659
C:T42V	D:T315V	logit=-0.758
C:N51P	D:N324P	logit=-0.844

Top tied mutations (A + B view):
A:T18V	B:T215V	logit=-0.406
A:N55S	B:N252S	logit=-0.559
A:N54V	B:N251V	logit=-0.780
A:E100V	B:E297V	logit=-1.152
A:N54I	B:N251I	logit=-1.520

Top tied mutations (C + D view):
C:V218L	D:V491L	logit=-0.423
C:K191R	D:K464R	logit=-0.528
C:T42V	D:T315V	logit=-0.680
C:S180T	D:S453T	logit=-0.697
C:N51P	D:N324P	logit=-0.723

Top tied mutations (A + B view):
A:N55S	B:N252S	logit=-0.436
A:T18V	B:T215V	logit=-0.462
A:N54V	B:N251V	logit=-0.711
A:E100V	B:E297V	logit=-1.365
A:R61V	B:R258V	logit=-1.507

Top tied mutations (C + D view):
C:V218L	D:V491L	logit=-0.472
C:K191R	D:K464R	logit=-0.584
C:S180T	D:S453T	logit=-0.633
C:N51P	D:N324P	logit=-0.687
C:T42V	D:T315V	logit=-0.731

Top tied mutations (A + B view):
A:T18V	B:T215V	logit=-0.378
A:N55S	B:N252S	logit=-0.494
A:N54V	B:N251V	logit=-0.784
A:E100V	B:E297V	logit=-1.222
A:N54I	B:N251I	logit=-1.484

Top tied mutations (C + D view):
C:V218L	D:V491L	logit=-0.475
C:K191R	D:K464R	logit=-0.546
C:S180T	D:S453T	logit=-0.661
C:T42V	D:T315V	logit=-0.792
C:S89A	D:S362A	logit=-0.860

Top tied mutations (A + B view):
A:T18V	B:T215V	logit=-0.372
A:N55S	B:N252S	logit=-0.541
A:N54V	B:N251V	logit=-0.728
A:E100V	B:E297V	logit=-1.111
A:V102I	B:V299I	logit=-1.506

Top tied mutations (C + D view):
C:V218L	D:V491L	logit=-0.489
C:K191R	D:K464R	logit=-0.561
C:S180T	D:S453T	logit=-0.677
C:T42V	D:T315V	logit=-0.727
C:N51P	D:N324P	logit=-0.822

Top tied mutations (A + B view):
A:T18V	B:T215V	logit=-0.347
A:N55S	B:N252S	logit=-0.458
A:N54V	B:N251V	logit=-0.829
A:E100V	B:E297V	logit=-1.383
A:N57R	B:N254R	logit=-1.476

Top tied mutations (C + D view):
C:V218L	D:V491L	logit=-0.434
C:K191R	D:K464R	logit=-0.572
C:S180T	D:S453T	logit=-0.659
C:T42V	D:T315V	logit=-0.730
C:N51P	D:N324P	logit=-0.848

Top tied mutations (A + B view):
A:T18V	B:T215V	logit=-0.380
A:N55S	B:N252S	logit=-0.516
A:N54V	B:N251V	logit=-0.917
A:E100V	B:E297V	logit=-1.295
A:V102I	B:V299I	logit=-1.494

Top tied mutations (C + D view):
C:V218L	D:V491L	logit=-0.466
C:K191R	D:K464R	logit=-0.604
C:S180T	D:S453T	logit=-0.654
C:T42V	D:T315V	logit=-0.754
C:N51P	D:N324P	logit=-0.812

Top tied mutations (A + B view):
A:T18V	B:T215V	logit=-0.352
A:N55S	B:N252S	logit=-0.504
A:N54V	B:N251V	logit=-0.714
A:E100V	B:E297V	logit=-1.312
A:V102I	B:V299I	logit=-1.535

Top tied mutations (C + D view):
C:V218L	D:V491L	logit=-0.437
C:K191R	D:K464R	logit=-0.646
C:S180T	D:S453T	logit=-0.657
C:T42V	D:T315V	logit=-0.751
C:N51P	D:N324P	logit=-0.850

Top tied mutations (A + B view):
A:T18V	B:T215V	logit=-0.370
A:N55S	B:N252S	logit=-0.488
A:N54V	B:N251V	logit=-0.794
A:E100V	B:E297V	logit=-1.347
A:R61V	B:R258V	logit=-1.643

Top tied mutations (C + D view):
C:V218L	D:V491L	logit=-0.510
C:K191R	D:K464R	logit=-0.597
C:S180T	D:S453T	logit=-0.628
C:T42V	D:T315V	logit=-0.755
C:S89A	D:S362A	logit=-0.881

Top tied mutations (A + B view):
A:T18V	B:T215V	logit=-0.418
A:N55S	B:N252S	logit=-0.506
A:N54V	B:N251V	logit=-0.812
A:E100V	B:E297V	logit=-1.194
A:V102I	B:V299I	logit=-1.566

Top tied mutations (C + D view):
C:V218L	D:V491L	logit=-0.496
C:K191R	D:K464R	logit=-0.598
C:S180T	D:S453T	logit=-0.638
C:T42V	D:T315V	logit=-0.727
C:S89A	D:S362A	logit=-0.876

Top tied mutations (A + B view):
A:T18V	B:T215V	logit=-0.420
A:N55S	B:N252S	logit=-0.461
A:N54V	B:N251V	logit=-0.858
A:N57R	B:N254R	logit=-1.277
A:E100V	B:E297V	logit=-1.307

Top tied mutations (C + D view):
C:V218L	D:V491L	logit=-0.404
C:K191R	D:K464R	logit=-0.571
C:S180T	D:S453T	logit=-0.664
C:T42V	D:T315V	logit=-0.765
C:N51P	D:N324P	logit=-0.837

Top tied mutations (A + B view):
A:T18V	B:T215V	logit=-0.345
A:N55S	B:N252S	logit=-0.468
A:N54V	B:N251V	logit=-0.896
A:E100V	B:E297V	logit=-1.146
A:V102I	B:V299I	logit=-1.489

Top tied mutations (C + D view):
C:V218L	D:V491L	logit=-0.416
C:K191R	D:K464R	logit=-0.544
C:S180T	D:S453T	logit=-0.638
C:T42V	D:T315V	logit=-0.718
C:N51P	D:N324P	logit=-0.906

Top tied mutations (A + B view):
A:T18V	B:T215V	logit=-0.343
A:N55S	B:N252S	logit=-0.477
A:N54V	B:N251V	logit=-0.728
A:E100V	B:E297V	logit=-1.278
A:N54I	B:N251I	logit=-1.444

Top tied mutations (C + D view):
C:V218L	D:V491L	logit=-0.406
C:K191R	D:K464R	logit=-0.554
C:S180T	D:S453T	logit=-0.644
C:T42V	D:T315V	logit=-0.681
C:N51P	D:N324P	logit=-0.767

Top tied mutations (A + B view):
A:T18V	B:T215V	logit=-0.357
A:N55S	B:N252S	logit=-0.501
A:N54V	B:N251V	logit=-0.820
A:E100V	B:E297V	logit=-1.222
A:R61K	B:R258K	logit=-1.500

Top tied mutations (C + D view):
C:V218L	D:V491L	logit=-0.397
C:K191R	D:K464R	logit=-0.591
C:S180T	D:S453T	logit=-0.669
C:T42V	D:T315V	logit=-0.710
C:N51P	D:N324P	logit=-0.868

Top tied mutations (A + B view):
A:T18V	B:T215V	logit=-0.381
A:N55S	B:N252S	logit=-0.508
A:N54V	B:N251V	logit=-0.799
A:E100V	B:E297V	logit=-1.309
A:N54I	B:N251I	logit=-1.536

Top tied mutations (C + D view):
C:V218L	D:V491L	logit=-0.466
C:K191R	D:K464R	logit=-0.620
C:S180T	D:S453T	logit=-0.649
C:T42V	D:T315V	logit=-0.730
C:N51P	D:N324P	logit=-0.756

Top tied mutations (A + B view):
A:T18V	B:T215V	logit=-0.382
A:N55S	B:N252S	logit=-0.475
A:N54V	B:N251V	logit=-0.892
A:E100V	B:E297V	logit=-1.318
A:N57R	B:N254R	logit=-1.523

Top tied mutations (C + D view):
C:V218L	D:V491L	logit=-0.415
C:K191R	D:K464R	logit=-0.586
C:S180T	D:S453T	logit=-0.687
C:T42V	D:T315V	logit=-0.755
C:S89A	D:S362A	logit=-0.868

Top tied mutations (A + B view):
A:T18V	B:T215V	logit=-0.400
A:N55S	B:N252S	logit=-0.477
A:N54V	B:N251V	logit=-0.758
A:E100V	B:E297V	logit=-1.171
A:R61K	B:R258K	logit=-1.491

Top tied mutations (C + D view):
C:V218L	D:V491L	logit=-0.405
C:K191R	D:K464R	logit=-0.583
C:S180T	D:S453T	logit=-0.659
C:T42V	D:T315V	logit=-0.768
C:N51P	D:N324P	logit=-0.888

Top tied mutations (A + B view):
A:T18V	B:T215V	logit=-0.422
A:N55S	B:N252S	logit=-0.512
A:N54V	B:N251V	logit=-0.695
A:E100V	B:E297V	logit=-1.362
A:V102I	B:V299I	logit=-1.493

Top tied mutations (C + D view):
C:V218L	D:V491L	logit=-0.441
C:K191R	D:K464R	logit=-0.574
C:S180T	D:S453T	logit=-0.683
C:T42V	D:T315V	logit=-0.707
C:N51P	D:N324P	logit=-0.749

Top tied mutations (A + B view):
A:T18V	B:T215V	logit=-0.388
A:N55S	B:N252S	logit=-0.550
A:N54V	B:N251V	logit=-0.795
A:E100V	B:E297V	logit=-1.200
A:R61V	B:R258V	logit=-1.550

Top tied mutations (C + D view):
C:V218L	D:V491L	logit=-0.445
C:K191R	D:K464R	logit=-0.542
C:S180T	D:S453T	logit=-0.653
C:T42V	D:T315V	logit=-0.741
C:N51P	D:N324P	logit=-0.790

Top tied mutations (A + B view):
A:T18V	B:T215V	logit=-0.385
A:N55S	B:N252S	logit=-0.496
A:N54V	B:N251V	logit=-0.706
A:E100V	B:E297V	logit=-1.258
A:N54I	B:N251I	logit=-1.296

Top tied mutations (C + D view):
C:V218L	D:V491L	logit=-0.471
C:K191R	D:K464R	logit=-0.581
C:S180T	D:S453T	logit=-0.657
C:T42V	D:T315V	logit=-0.753
C:N51P	D:N324P	logit=-0.858

Top tied mutations (A + B view):
A:T18V	B:T215V	logit=-0.305
A:N55S	B:N252S	logit=-0.533
A:N54V	B:N251V	logit=-0.777
A:E100V	B:E297V	logit=-1.310
A:V102I	B:V299I	logit=-1.524

Top tied mutations (C + D view):
C:V218L	D:V491L	logit=-0.425
C:K191R	D:K464R	logit=-0.633
C:S180T	D:S453T	logit=-0.670
C:T42V	D:T315V	logit=-0.674
C:N51P	D:N324P	logit=-0.770

Top tied mutations (A + B view):
A:T18V	B:T215V	logit=-0.341
A:N55S	B:N252S	logit=-0.467
A:N54V	B:N251V	logit=-0.736
A:E100V	B:E297V	logit=-1.198
A:N54I	B:N251I	logit=-1.287

Top tied mutations (C + D view):
C:V218L	D:V491L	logit=-0.421
C:K191R	D:K464R	logit=-0.521
C:S180T	D:S453T	logit=-0.681
C:T42V	D:T315V	logit=-0.763
C:N51P	D:N324P	logit=-0.847

Top tied mutations (A + B view):
A:T18V	B:T215V	logit=-0.383
A:N55S	B:N252S	logit=-0.519
A:N54V	B:N251V	logit=-0.890
A:E100V	B:E297V	logit=-1.247
A:V102I	B:V299I	logit=-1.511

Top tied mutations (C + D view):
C:V218L	D:V491L	logit=-0.429
C:K191R	D:K464R	logit=-0.501
C:S180T	D:S453T	logit=-0.649
C:T42V	D:T315V	logit=-0.716
C:N51P	D:N324P	logit=-0.756

Top tied mutations (A + B view):
A:T18V	B:T215V	logit=-0.403
A:N55S	B:N252S	logit=-0.485
A:N54V	B:N251V	logit=-0.734
A:E100V	B:E297V	logit=-1.167
A:V102I	B:V299I	logit=-1.525

Top tied mutations (C + D view):
C:V218L	D:V491L	logit=-0.434
C:K191R	D:K464R	logit=-0.624
C:S180T	D:S453T	logit=-0.679
C:T42V	D:T315V	logit=-0.746
C:S89A	D:S362A	logit=-0.903

Top tied mutations (A + B view):
A:T18V	B:T215V	logit=-0.349
A:N55S	B:N252S	logit=-0.517
A:N54V	B:N251V	logit=-0.774
A:E100V	B:E297V	logit=-1.323
A:V102I	B:V299I	logit=-1.518

Top tied mutations (C + D view):
C:V218L	D:V491L	logit=-0.480
C:K191R	D:K464R	logit=-0.563
C:S180T	D:S453T	logit=-0.668
C:T42V	D:T315V	logit=-0.801
C:N51P	D:N324P	logit=-0.895

Top tied mutations (A + B view):
A:T18V	B:T215V	logit=-0.423
A:N55S	B:N252S	logit=-0.463
A:N54V	B:N251V	logit=-0.703
A:E100V	B:E297V	logit=-1.241
A:V102I	B:V299I	logit=-1.459

Top tied mutations (C + D view):
C:V218L	D:V491L	logit=-0.460
C:K191R	D:K464R	logit=-0.613
C:S180T	D:S453T	logit=-0.649
C:T42V	D:T315V	logit=-0.781
C:S89A	D:S362A	logit=-0.871

Top tied mutations (A + B view):
A:T18V	B:T215V	logit=-0.349
A:N55S	B:N252S	logit=-0.527
A:N54V	B:N251V	logit=-1.014
A:E100V	B:E297V	logit=-1.196
A:V102I	B:V299I	logit=-1.476

Top tied mutations (C + D view):
C:V218L	D:V491L	logit=-0.448
C:K191R	D:K464R	logit=-0.528
C:S180T	D:S453T	logit=-0.649
C:T42V	D:T315V	logit=-0.728
C:S89A	D:S362A	logit=-0.900

Top tied mutations (A + B view):
A:T18V	B:T215V	logit=-0.443
A:N55S	B:N252S	logit=-0.534
A:N54V	B:N251V	logit=-0.706
A:E100V	B:E297V	logit=-1.256
A:V102I	B:V299I	logit=-1.513

Top tied mutations (C + D view):
C:V218L	D:V491L	logit=-0.478
C:K191R	D:K464R	logit=-0.515
C:T42V	D:T315V	logit=-0.658
C:N51P	D:N324P	logit=-0.671
C:S180T	D:S453T	logit=-0.693

Top tied mutations (A + B view):
A:T18V	B:T215V	logit=-0.411
A:N55S	B:N252S	logit=-0.564
A:N54V	B:N251V	logit=-0.789
A:E100V	B:E297V	logit=-1.309
A:V58T	B:V255T	logit=-1.604

Top tied mutations (C + D view):
C:V218L	D:V491L	logit=-0.420
C:K191R	D:K464R	logit=-0.550
C:S180T	D:S453T	logit=-0.667
C:T42V	D:T315V	logit=-0.707
C:N51P	D:N324P	logit=-0.779

Top tied mutations (A + B view):
A:T18V	B:T215V	logit=-0.487
A:N55S	B:N252S	logit=-0.512
A:N54V	B:N251V	logit=-0.775
A:E100V	B:E297V	logit=-1.301
A:V102I	B:V299I	logit=-1.566

Top tied mutations (C + D view):
C:V218L	D:V491L	logit=-0.440
C:S180T	D:S453T	logit=-0.632
C:K191R	D:K464R	logit=-0.649
C:T42V	D:T315V	logit=-0.722
C:N51P	D:N324P	logit=-0.807

Top tied mutations (A + B view):
A:T18V	B:T215V	logit=-0.384
A:N55S	B:N252S	logit=-0.574
A:N54V	B:N251V	logit=-0.986
A:E100V	B:E297V	logit=-1.277
A:V102I	B:V299I	logit=-1.509

Top tied mutations (C + D view):
C:V218L	D:V491L	logit=-0.397
C:K191R	D:K464R	logit=-0.566
C:S180T	D:S453T	logit=-0.652
C:T42V	D:T315V	logit=-0.711
C:S89A	D:S362A	logit=-0.911

Top tied mutations (A + B view):
A:T18V	B:T215V	logit=-0.382
A:N55S	B:N252S	logit=-0.501
A:N54V	B:N251V	logit=-0.714
A:E100V	B:E297V	logit=-1.239
A:N54I	B:N251I	logit=-1.291

Top tied mutations (C + D view):
C:V218L	D:V491L	logit=-0.465
C:K191R	D:K464R	logit=-0.538
C:S180T	D:S453T	logit=-0.631
C:T42V	D:T315V	logit=-0.748
C:N51P	D:N324P	logit=-0.763

Top tied mutations (A + B view):
A:T18V	B:T215V	logit=-0.459
A:N55S	B:N252S	logit=-0.525
A:N54V	B:N251V	logit=-0.785
A:E100V	B:E297V	logit=-1.304
A:V102I	B:V299I	logit=-1.560

Top tied mutations (C + D view):
C:V218L	D:V491L	logit=-0.429
C:K191R	D:K464R	logit=-0.501
C:S180T	D:S453T	logit=-0.656
C:T42V	D:T315V	logit=-0.696
C:N51P	D:N324P	logit=-0.843

Top tied mutations (A + B view):
A:T18V	B:T215V	logit=-0.328
A:N55S	B:N252S	logit=-0.644
A:N54V	B:N251V	logit=-0.730
A:E100V	B:E297V	logit=-1.296
A:V102I	B:V299I	logit=-1.485

Top tied mutations (C + D view):
C:V218L	D:V491L	logit=-0.472
C:K191R	D:K464R	logit=-0.581
C:S180T	D:S453T	logit=-0.643
C:N51P	D:N324P	logit=-0.728
C:T42V	D:T315V	logit=-0.732

Top tied mutations (A + B view):
A:T18V	B:T215V	logit=-0.390
A:N55S	B:N252S	logit=-0.548
A:N54V	B:N251V	logit=-0.789
A:E100V	B:E297V	logit=-1.347
A:N54I	B:N251I	logit=-1.516

Top tied mutations (C + D view):
C:V218L	D:V491L	logit=-0.431
C:K191R	D:K464R	logit=-0.502
C:S180T	D:S453T	logit=-0.671
C:T42V	D:T315V	logit=-0.803
C:N51P	D:N324P	logit=-0.840

Top tied mutations (A + B view):
A:T18V	B:T215V	logit=-0.388
A:N55S	B:N252S	logit=-0.546
A:N54V	B:N251V	logit=-0.750
A:E100V	B:E297V	logit=-1.193
A:N54I	B:N251I	logit=-1.448

Top tied mutations (C + D view):
C:V218L	D:V491L	logit=-0.497
C:K191R	D:K464R	logit=-0.523
C:S180T	D:S453T	logit=-0.664
C:T42V	D:T315V	logit=-0.740
C:N51P	D:N324P	logit=-0.816

Top tied mutations (A + B view):
A:T18V	B:T215V	logit=-0.407
A:N55S	B:N252S	logit=-0.556
A:N54V	B:N251V	logit=-0.753
A:E100V	B:E297V	logit=-1.308
A:V102I	B:V299I	logit=-1.559

Top tied mutations (C + D view):
C:V218L	D:V491L	logit=-0.483
C:K191R	D:K464R	logit=-0.548
C:S180T	D:S453T	logit=-0.655
C:T42V	D:T315V	logit=-0.763
C:N51P	D:N324P	logit=-0.828

Top tied mutations (A + B view):
A:T18V	B:T215V	logit=-0.419
A:N55S	B:N252S	logit=-0.523
A:N54V	B:N251V	logit=-0.760
A:E100V	B:E297V	logit=-1.223
A:V102I	B:V299I	logit=-1.558

Top tied mutations (C + D view):
C:V218L	D:V491L	logit=-0.456
C:K191R	D:K464R	logit=-0.538
C:S180T	D:S453T	logit=-0.643
C:T42V	D:T315V	logit=-0.730
C:S72G	D:S345G	logit=-0.894

Top tied mutations (A + B view):
A:T18V	B:T215V	logit=-0.344
A:N55S	B:N252S	logit=-0.505
A:N54V	B:N251V	logit=-0.941
A:E100V	B:E297V	logit=-1.318
A:N57R	B:N254R	logit=-1.489

Top tied mutations (C + D view):
C:V218L	D:V491L	logit=-0.494
C:K191R	D:K464R	logit=-0.564
C:S180T	D:S453T	logit=-0.670
C:T42V	D:T315V	logit=-0.687
C:N51P	D:N324P	logit=-0.848

Top tied mutations (A + B view):
A:T18V	B:T215V	logit=-0.292
A:N55S	B:N252S	logit=-0.488
A:N54V	B:N251V	logit=-0.767
A:E100V	B:E297V	logit=-1.087
A:V102I	B:V299I	logit=-1.427

Top tied mutations (C + D view):
C:V218L	D:V491L	logit=-0.408
C:K191R	D:K464R	logit=-0.586
C:T42V	D:T315V	logit=-0.656
C:S180T	D:S453T	logit=-0.675
C:N51P	D:N324P	logit=-0.808

Top tied mutations (A + B view):
A:T18V	B:T215V	logit=-0.305
A:N55S	B:N252S	logit=-0.428
A:N54V	B:N251V	logit=-0.605
A:E100V	B:E297V	logit=-1.277
A:N57R	B:N254R	logit=-1.576

Top tied mutations (C + D view):
C:V218L	D:V491L	logit=-0.498
C:K191R	D:K464R	logit=-0.545
C:S180T	D:S453T	logit=-0.638
C:N51P	D:N324P	logit=-0.712
C:T42V	D:T315V	logit=-0.721

Top tied mutations (A + B view):
A:T18V	B:T215V	logit=-0.393
A:N55S	B:N252S	logit=-0.486
A:N54V	B:N251V	logit=-0.676
A:E100V	B:E297V	logit=-1.415
A:V102I	B:V299I	logit=-1.530

Top tied mutations (C + D view):
C:V218L	D:V491L	logit=-0.466
C:K191R	D:K464R	logit=-0.617
C:S180T	D:S453T	logit=-0.680
C:T42V	D:T315V	logit=-0.708
C:S89A	D:S362A	logit=-0.852

Top tied mutations (A + B view):
A:T18V	B:T215V	logit=-0.411
A:N55S	B:N252S	logit=-0.501
A:N54V	B:N251V	logit=-1.031
A:E100V	B:E297V	logit=-1.176
A:R61K	B:R258K	logit=-1.384

Top tied mutations (C + D view):
C:V218L	D:V491L	logit=-0.463
C:K191R	D:K464R	logit=-0.622
C:S180T	D:S453T	logit=-0.670
C:T42V	D:T315V	logit=-0.720
C:S89A	D:S362A	logit=-0.864

Top tied mutations (A + B view):
A:T18V	B:T215V	logit=-0.408
A:N55S	B:N252S	logit=-0.460
A:N54V	B:N251V	logit=-0.790
A:E100V	B:E297V	logit=-1.347
A:N57R	B:N254R	logit=-1.405

Top tied mutations (C + D view):
C:V218L	D:V491L	logit=-0.477
C:K191R	D:K464R	logit=-0.564
C:S180T	D:S453T	logit=-0.666
C:T42V	D:T315V	logit=-0.788
C:N51P	D:N324P	logit=-0.819

Top tied mutations (A + B view):
A:T18V	B:T215V	logit=-0.358
A:N55S	B:N252S	logit=-0.458
A:N54V	B:N251V	logit=-0.769
A:E100V	B:E297V	logit=-1.228
A:V102I	B:V299I	logit=-1.525

Top tied mutations (C + D view):
C:V218L	D:V491L	logit=-0.418
C:K191R	D:K464R	logit=-0.536
C:S180T	D:S453T	logit=-0.646
C:T42V	D:T315V	logit=-0.769
C:N51P	D:N324P	logit=-0.883

Top tied mutations (A + B view):
A:T18V	B:T215V	logit=-0.393
A:N55S	B:N252S	logit=-0.526
A:N54V	B:N251V	logit=-0.750
A:E100V	B:E297V	logit=-1.291
A:N54I	B:N251I	logit=-1.505

Top tied mutations (C + D view):
C:V218L	D:V491L	logit=-0.412
C:K191R	D:K464R	logit=-0.522
C:S180T	D:S453T	logit=-0.670
C:T42V	D:T315V	logit=-0.743
C:S89A	D:S362A	logit=-0.896

Top tied mutations (A + B view):
A:T18V	B:T215V	logit=-0.357
A:N55S	B:N252S	logit=-0.496
A:N54V	B:N251V	logit=-0.770
A:E100V	B:E297V	logit=-1.267
A:N57R	B:N254R	logit=-1.459

Top tied mutations (C + D view):
C:V218L	D:V491L	logit=-0.472
C:K191R	D:K464R	logit=-0.514
C:S180T	D:S453T	logit=-0.652
C:T42V	D:T315V	logit=-0.728
C:N51P	D:N324P	logit=-0.750

Top tied mutations (A + B view):
A:T18V	B:T215V	logit=-0.416
A:N55S	B:N252S	logit=-0.514
A:N54V	B:N251V	logit=-0.787
A:E100V	B:E297V	logit=-1.221
A:V102I	B:V299I	logit=-1.538

Top tied mutations (C + D view):
C:V218L	D:V491L	logit=-0.457
C:K191R	D:K464R	logit=-0.594
C:S180T	D:S453T	logit=-0.646
C:T42V	D:T315V	logit=-0.700
C:N51P	D:N324P	logit=-0.812

Top tied mutations (A + B view):
A:N55S	B:N252S	logit=-0.477
A:T18V	B:T215V	logit=-0.505
A:N54V	B:N251V	logit=-0.771
A:E100V	B:E297V	logit=-1.267
A:V102I	B:V299I	logit=-1.493

Top tied mutations (C + D view):
C:V218L	D:V491L	logit=-0.495
C:K191R	D:K464R	logit=-0.586
C:S180T	D:S453T	logit=-0.649
C:T42V	D:T315V	logit=-0.786
C:N51P	D:N324P	logit=-0.906

Top tied mutations (A + B view):
A:T18V	B:T215V	logit=-0.356
A:N55S	B:N252S	logit=-0.466
A:N54V	B:N251V	logit=-0.776
A:E100V	B:E297V	logit=-1.311
A:V102I	B:V299I	logit=-1.512

Top tied mutations (C + D view):
C:V218L	D:V491L	logit=-0.412
C:K191R	D:K464R	logit=-0.610
C:S180T	D:S453T	logit=-0.650
C:T42V	D:T315V	logit=-0.773
C:S89A	D:S362A	logit=-0.903

Top tied mutations (A + B view):
A:T18V	B:T215V	logit=-0.415
A:N55S	B:N252S	logit=-0.513
A:N54V	B:N251V	logit=-0.904
A:E100V	B:E297V	logit=-1.310
A:V102I	B:V299I	logit=-1.535

Top tied mutations (C + D view):
C:V218L	D:V491L	logit=-0.477
C:K191R	D:K464R	logit=-0.569
C:S180T	D:S453T	logit=-0.677
C:T42V	D:T315V	logit=-0.760
C:N51P	D:N324P	logit=-0.793

Top tied mutations (A + B view):
A:T18V	B:T215V	logit=-0.323
A:N55S	B:N252S	logit=-0.553
A:N54V	B:N251V	logit=-0.726
A:E100V	B:E297V	logit=-1.357
A:N57R	B:N254R	logit=-1.455

Top tied mutations (C + D view):
C:V218L	D:V491L	logit=-0.492
C:K191R	D:K464R	logit=-0.609
C:S180T	D:S453T	logit=-0.668
C:T42V	D:T315V	logit=-0.680
C:N51P	D:N324P	logit=-0.832

Top tied mutations (A + B view):
A:T18V	B:T215V	logit=-0.453
A:N55S	B:N252S	logit=-0.458
A:N54V	B:N251V	logit=-0.835
A:E100V	B:E297V	logit=-1.225
A:V102I	B:V299I	logit=-1.538

Top tied mutations (C + D view):
C:V218L	D:V491L	logit=-0.434
C:K191R	D:K464R	logit=-0.580
C:S180T	D:S453T	logit=-0.661
C:T42V	D:T315V	logit=-0.749
C:A168P	D:A441P	logit=-0.907

Top tied mutations (A + B view):
A:T18V	B:T215V	logit=-0.413
A:N55S	B:N252S	logit=-0.546
A:N54V	B:N251V	logit=-0.807
A:E100V	B:E297V	logit=-1.293
A:N54I	B:N251I	logit=-1.527

Top tied mutations (C + D view):
C:V218L	D:V491L	logit=-0.459
C:K191R	D:K464R	logit=-0.561
C:S180T	D:S453T	logit=-0.638
C:T42V	D:T315V	logit=-0.715
C:N51P	D:N324P	logit=-0.802

Top tied mutations (A + B view):
A:T18V	B:T215V	logit=-0.367
A:N55S	B:N252S	logit=-0.546
A:N54V	B:N251V	logit=-0.738
A:E100V	B:E297V	logit=-1.295
A:V102I	B:V299I	logit=-1.515

Top tied mutations (C + D view):
C:V218L	D:V491L	logit=-0.434
C:K191R	D:K464R	logit=-0.620
C:S180T	D:S453T	logit=-0.639
C:T42V	D:T315V	logit=-0.760
C:S89A	D:S362A	logit=-0.854

Top tied mutations (A + B view):
A:T18V	B:T215V	logit=-0.325
A:N55S	B:N252S	logit=-0.502
A:N54V	B:N251V	logit=-0.882
A:E100V	B:E297V	logit=-1.197
A:V102I	B:V299I	logit=-1.468

Top tied mutations (C + D view):
C:V218L	D:V491L	logit=-0.417
C:K191R	D:K464R	logit=-0.590
C:S180T	D:S453T	logit=-0.654
C:T42V	D:T315V	logit=-0.686
C:N51P	D:N324P	logit=-0.755

Top tied mutations (A + B view):
A:T18V	B:T215V	logit=-0.436
A:N55S	B:N252S	logit=-0.515
A:N54V	B:N251V	logit=-0.734
A:E100V	B:E297V	logit=-1.240
A:R61K	B:R258K	logit=-1.439

Top tied mutations (C + D view):
C:V218L	D:V491L	logit=-0.445
C:K191R	D:K464R	logit=-0.528
C:S180T	D:S453T	logit=-0.648
C:T42V	D:T315V	logit=-0.750
C:N51P	D:N324P	logit=-0.750

Top tied mutations (A + B view):
A:T18V	B:T215V	logit=-0.321
A:N55S	B:N252S	logit=-0.510
A:N54V	B:N251V	logit=-0.857
A:V102I	B:V299I	logit=-1.399
A:E100V	B:E297V	logit=-1.446

Top tied mutations (C + D view):
C:V218L	D:V491L	logit=-0.442
C:K191R	D:K464R	logit=-0.558
C:S180T	D:S453T	logit=-0.672
C:T42V	D:T315V	logit=-0.726
C:N51P	D:N324P	logit=-0.737

Top tied mutations (A + B view):
A:T18V	B:T215V	logit=-0.356
A:N55S	B:N252S	logit=-0.517
A:N54V	B:N251V	logit=-0.897
A:E100V	B:E297V	logit=-1.177
A:V102I	B:V299I	logit=-1.420

Top tied mutations (C + D view):
C:V218L	D:V491L	logit=-0.428
C:K191R	D:K464R	logit=-0.628
C:S180T	D:S453T	logit=-0.669
C:T42V	D:T315V	logit=-0.738
C:N51P	D:N324P	logit=-0.792

Top tied mutations (A + B view):
A:T18V	B:T215V	logit=-0.354
A:N55S	B:N252S	logit=-0.495
A:N54V	B:N251V	logit=-0.828
A:E100V	B:E297V	logit=-1.250
A:R61K	B:R258K	logit=-1.424

Top tied mutations (C + D view):
C:V218L	D:V491L	logit=-0.459
C:K191R	D:K464R	logit=-0.561
C:S180T	D:S453T	logit=-0.675
C:T42V	D:T315V	logit=-0.741
C:N51P	D:N324P	logit=-0.915

Top tied mutations (A + B view):
A:T18V	B:T215V	logit=-0.398
A:N55S	B:N252S	logit=-0.505
A:N54V	B:N251V	logit=-0.919
A:E100V	B:E297V	logit=-1.228
A:V102I	B:V299I	logit=-1.373

Top tied mutations (C + D view):
C:V218L	D:V491L	logit=-0.451
C:K191R	D:K464R	logit=-0.591
C:S180T	D:S453T	logit=-0.669
C:T42V	D:T315V	logit=-0.736
C:S89A	D:S362A	logit=-0.849

Top tied mutations (A + B view):
A:T18V	B:T215V	logit=-0.405
A:N55S	B:N252S	logit=-0.525
A:N54V	B:N251V	logit=-0.726
A:E100V	B:E297V	logit=-1.404
A:R61K	B:R258K	logit=-1.459

Top tied mutations (C + D view):
C:V218L	D:V491L	logit=-0.475
C:K191R	D:K464R	logit=-0.587
C:S180T	D:S453T	logit=-0.682
C:T42V	D:T315V	logit=-0.745
C:N51P	D:N324P	logit=-0.829

Top tied mutations (A + B view):
A:T18V	B:T215V	logit=-0.290
A:N55S	B:N252S	logit=-0.486
A:N54V	B:N251V	logit=-0.843
A:E100V	B:E297V	logit=-1.248
A:V102I	B:V299I	logit=-1.476

Top tied mutations (C + D view):
C:V218L	D:V491L	logit=-0.436
C:K191R	D:K464R	logit=-0.536
C:S180T	D:S453T	logit=-0.655
C:T42V	D:T315V	logit=-0.742
C:N51P	D:N324P	logit=-0.755

Top tied mutations (A + B view):
A:T18V	B:T215V	logit=-0.363
A:N55S	B:N252S	logit=-0.492
A:N54V	B:N251V	logit=-0.719
A:E100V	B:E297V	logit=-1.162
A:N54I	B:N251I	logit=-1.490

Top tied mutations (C + D view):
C:V218L	D:V491L	logit=-0.461
C:K191R	D:K464R	logit=-0.597
C:S180T	D:S453T	logit=-0.633
C:T42V	D:T315V	logit=-0.656
C:S89A	D:S362A	logit=-0.819

Top tied mutations (A + B view):
A:T18V	B:T215V	logit=-0.358
A:N55S	B:N252S	logit=-0.536
A:N54V	B:N251V	logit=-0.610
A:E100V	B:E297V	logit=-1.229
A:N54I	B:N251I	logit=-1.390

Top tied mutations (C + D view):
C:V218L	D:V491L	logit=-0.446
C:K191R	D:K464R	logit=-0.579
C:S180T	D:S453T	logit=-0.670
C:T42V	D:T315V	logit=-0.703
C:N51P	D:N324P	logit=-0.827

Top tied mutations (A + B view):
A:T18V	B:T215V	logit=-0.390
A:N55S	B:N252S	logit=-0.479
A:N54V	B:N251V	logit=-0.736
A:E100V	B:E297V	logit=-1.328
A:N57R	B:N254R	logit=-1.548

Top tied mutations (C + D view):
C:V218L	D:V491L	logit=-0.474
C:K191R	D:K464R	logit=-0.530
C:S180T	D:S453T	logit=-0.649
C:T42V	D:T315V	logit=-0.714
C:N51P	D:N324P	logit=-0.758

Top tied mutations (A + B view):
A:T18V	B:T215V	logit=-0.384
A:N55S	B:N252S	logit=-0.463
A:N54V	B:N251V	logit=-0.772
A:E100V	B:E297V	logit=-1.347
A:V102I	B:V299I	logit=-1.499

Top tied mutations (C + D view):
C:V218L	D:V491L	logit=-0.484
C:K191R	D:K464R	logit=-0.541
C:S180T	D:S453T	logit=-0.682
C:T42V	D:T315V	logit=-0.713
C:S89A	D:S362A	logit=-0.902

Top tied mutations (A + B view):
A:T18V	B:T215V	logit=-0.434
A:N55S	B:N252S	logit=-0.516
A:N54V	B:N251V	logit=-0.815
A:E100V	B:E297V	logit=-1.290
A:N54I	B:N251I	logit=-1.511

Top tied mutations (C + D view):
C:V218L	D:V491L	logit=-0.424
C:K191R	D:K464R	logit=-0.613
C:S180T	D:S453T	logit=-0.648
C:T42V	D:T315V	logit=-0.691
C:N51P	D:N324P	logit=-0.882

Top tied mutations (A + B view):
A:T18V	B:T215V	logit=-0.376
A:N55S	B:N252S	logit=-0.457
A:N54V	B:N251V	logit=-0.824
A:E100V	B:E297V	logit=-1.119
A:R61K	B:R258K	logit=-1.486

Top tied mutations (C + D view):
C:V218L	D:V491L	logit=-0.437
C:K191R	D:K464R	logit=-0.522
C:S180T	D:S453T	logit=-0.648
C:T42V	D:T315V	logit=-0.682
C:N51P	D:N324P	logit=-0.777

Top tied mutations (A + B view):
A:T18V	B:T215V	logit=-0.498
A:N55S	B:N252S	logit=-0.512
A:N54V	B:N251V	logit=-0.897
A:E100V	B:E297V	logit=-1.237
A:V102I	B:V299I	logit=-1.501

Top tied mutations (C + D view):
C:V218L	D:V491L	logit=-0.421
C:K191R	D:K464R	logit=-0.638
C:S180T	D:S453T	logit=-0.666
C:T42V	D:T315V	logit=-0.815
C:S89A	D:S362A	logit=-0.883

Top tied mutations (A + B view):
A:T18V	B:T215V	logit=-0.392
A:N55S	B:N252S	logit=-0.517
A:N54V	B:N251V	logit=-0.792
A:E100V	B:E297V	logit=-1.315
A:N57R	B:N254R	logit=-1.446

Top tied mutations (C + D view):
C:V218L	D:V491L	logit=-0.469
C:K191R	D:K464R	logit=-0.587
C:S180T	D:S453T	logit=-0.651
C:T42V	D:T315V	logit=-0.725
C:N51P	D:N324P	logit=-0.859

Top tied mutations (A + B view):
A:T18V	B:T215V	logit=-0.357
A:N55S	B:N252S	logit=-0.565
A:N54V	B:N251V	logit=-0.853
A:E100V	B:E297V	logit=-1.182
A:R61V	B:R258V	logit=-1.481

Top tied mutations (C + D view):
C:V218L	D:V491L	logit=-0.427
C:K191R	D:K464R	logit=-0.620
C:S180T	D:S453T	logit=-0.666
C:T42V	D:T315V	logit=-0.754
C:N51P	D:N324P	logit=-0.862

Top tied mutations (A + B view):
A:T18V	B:T215V	logit=-0.409
A:N55S	B:N252S	logit=-0.485
A:N54V	B:N251V	logit=-0.622
A:E100V	B:E297V	logit=-1.379
A:V102I	B:V299I	logit=-1.588

Top tied mutations (C + D view):
C:V218L	D:V491L	logit=-0.465
C:K191R	D:K464R	logit=-0.552
C:S180T	D:S453T	logit=-0.641
C:T42V	D:T315V	logit=-0.795
C:S89A	D:S362A	logit=-0.865

Top tied mutations (A + B view):
A:T18V	B:T215V	logit=-0.396
A:N55S	B:N252S	logit=-0.486
A:N54V	B:N251V	logit=-0.865
A:E100V	B:E297V	logit=-1.291
A:V102I	B:V299I	logit=-1.551

Top tied mutations (C + D view):
C:V218L	D:V491L	logit=-0.414
C:K191R	D:K464R	logit=-0.636
C:S180T	D:S453T	logit=-0.654
C:T42V	D:T315V	logit=-0.769
C:N51P	D:N324P	logit=-0.839

Top tied mutations (A + B view):
A:T18V	B:T215V	logit=-0.426
A:N55S	B:N252S	logit=-0.500
A:N54V	B:N251V	logit=-0.789
A:E100V	B:E297V	logit=-1.260
A:V102I	B:V299I	logit=-1.504

Top tied mutations (C + D view):
C:V218L	D:V491L	logit=-0.480
C:K191R	D:K464R	logit=-0.604
C:S180T	D:S453T	logit=-0.659
C:T42V	D:T315V	logit=-0.732
C:N51P	D:N324P	logit=-0.817

Top tied mutations (A + B view):
A:T18V	B:T215V	logit=-0.358
A:N55S	B:N252S	logit=-0.476
A:N54V	B:N251V	logit=-0.770
A:E100V	B:E297V	logit=-1.249
A:V102I	B:V299I	logit=-1.473

Top tied mutations (C + D view):
C:V218L	D:V491L	logit=-0.421
C:K191R	D:K464R	logit=-0.520
C:S180T	D:S453T	logit=-0.674
C:T42V	D:T315V	logit=-0.701
C:N51P	D:N324P	logit=-0.748

Top tied mutations (A + B view):
A:T18V	B:T215V	logit=-0.360
A:N55S	B:N252S	logit=-0.529
A:N54V	B:N251V	logit=-0.655
A:E100V	B:E297V	logit=-1.319
A:V102I	B:V299I	logit=-1.579

Top tied mutations (C + D view):
C:V218L	D:V491L	logit=-0.472
C:K191R	D:K464R	logit=-0.566
C:S180T	D:S453T	logit=-0.660
C:T42V	D:T315V	logit=-0.765
C:N51P	D:N324P	logit=-0.831

Top tied mutations (A + B view):
A:T18V	B:T215V	logit=-0.361
A:N55S	B:N252S	logit=-0.511
A:N54V	B:N251V	logit=-0.739
A:E100V	B:E297V	logit=-1.239
A:N57R	B:N254R	logit=-1.524

Top tied mutations (C + D view):
C:V218L	D:V491L	logit=-0.441
C:K191R	D:K464R	logit=-0.573
C:S180T	D:S453T	logit=-0.669
C:T42V	D:T315V	logit=-0.737
C:N51P	D:N324P	logit=-0.842

Top tied mutations (A + B view):
A:T18V	B:T215V	logit=-0.358
A:N55S	B:N252S	logit=-0.559
A:N54V	B:N251V	logit=-0.712
A:E100V	B:E297V	logit=-1.227
A:N54I	B:N251I	logit=-1.430

Top tied mutations (C + D view):
C:V218L	D:V491L	logit=-0.430
C:K191R	D:K464R	logit=-0.589
C:S180T	D:S453T	logit=-0.652
C:T42V	D:T315V	logit=-0.694
C:N51P	D:N324P	logit=-0.700

Top tied mutations (A + B view):
A:T18V	B:T215V	logit=-0.361
A:N55S	B:N252S	logit=-0.522
A:N54V	B:N251V	logit=-0.873
A:E100V	B:E297V	logit=-1.190
A:N57R	B:N254R	logit=-1.515

Top tied mutations (C + D view):
C:V218L	D:V491L	logit=-0.409
C:K191R	D:K464R	logit=-0.500
C:S180T	D:S453T	logit=-0.673
C:T42V	D:T315V	logit=-0.758
C:S89A	D:S362A	logit=-0.828

Top tied mutations (A + B view):
A:T18V	B:T215V	logit=-0.393
A:N55S	B:N252S	logit=-0.464
A:N54V	B:N251V	logit=-0.987
A:E100V	B:E297V	logit=-1.212
A:V102I	B:V299I	logit=-1.556

Top tied mutations (C + D view):
C:V218L	D:V491L	logit=-0.496
C:K191R	D:K464R	logit=-0.590
C:S180T	D:S453T	logit=-0.646
C:T42V	D:T315V	logit=-0.709
C:N51P	D:N324P	logit=-0.884

Top tied mutations (A + B view):
A:T18V	B:T215V	logit=-0.424
A:N55S	B:N252S	logit=-0.489
A:N54V	B:N251V	logit=-0.771
A:E100V	B:E297V	logit=-1.312
A:R61K	B:R258K	logit=-1.509

Top tied mutations (C + D view):
C:V218L	D:V491L	logit=-0.445
C:K191R	D:K464R	logit=-0.525
C:S180T	D:S453T	logit=-0.645
C:T42V	D:T315V	logit=-0.736
C:N51P	D:N324P	logit=-0.777

Top tied mutations (A + B view):
A:N55S	B:N252S	logit=-0.445
A:T18V	B:T215V	logit=-0.474
A:N54V	B:N251V	logit=-0.765
A:E100V	B:E297V	logit=-1.256
A:V102I	B:V299I	logit=-1.509

Top tied mutations (C + D view):
C:V218L	D:V491L	logit=-0.501
C:K191R	D:K464R	logit=-0.606
C:S180T	D:S453T	logit=-0.651
C:T42V	D:T315V	logit=-0.733
C:N51P	D:N324P	logit=-0.855

Top tied mutations (A + B view):
A:T18V	B:T215V	logit=-0.385
A:N55S	B:N252S	logit=-0.529
A:N54V	B:N251V	logit=-0.767
A:E100V	B:E297V	logit=-1.318
A:N54I	B:N251I	logit=-1.630

Top tied mutations (C + D view):
C:V218L	D:V491L	logit=-0.444
C:K191R	D:K464R	logit=-0.552
C:S180T	D:S453T	logit=-0.651
C:T42V	D:T315V	logit=-0.742
C:N51P	D:N324P	logit=-0.818

Top tied mutations (A + B view):
A:T18V	B:T215V	logit=-0.385
A:N55S	B:N252S	logit=-0.549
A:N54V	B:N251V	logit=-0.838
A:E100V	B:E297V	logit=-1.300
A:V102I	B:V299I	logit=-1.551

Top tied mutations (C + D view):
C:V218L	D:V491L	logit=-0.415
C:K191R	D:K464R	logit=-0.604
C:S180T	D:S453T	logit=-0.648
C:T42V	D:T315V	logit=-0.783
C:S89A	D:S362A	logit=-0.874

Top tied mutations (A + B view):
A:T18V	B:T215V	logit=-0.401
A:N55S	B:N252S	logit=-0.538
A:N54V	B:N251V	logit=-0.720
A:E100V	B:E297V	logit=-1.192
A:N54I	B:N251I	logit=-1.391

Top tied mutations (C + D view):
C:V218L	D:V491L	logit=-0.480
C:K191R	D:K464R	logit=-0.591
C:S180T	D:S453T	logit=-0.660
C:T42V	D:T315V	logit=-0.754
C:S89A	D:S362A	logit=-0.893

Top tied mutations (A + B view):
A:T18V	B:T215V	logit=-0.416
A:N55S	B:N252S	logit=-0.459
A:N54V	B:N251V	logit=-0.784
A:E100V	B:E297V	logit=-1.302
A:V102I	B:V299I	logit=-1.491

Top tied mutations (C + D view):
C:V218L	D:V491L	logit=-0.434
C:K191R	D:K464R	logit=-0.598
C:S180T	D:S453T	logit=-0.654
C:T42V	D:T315V	logit=-0.789
C:N51P	D:N324P	logit=-0.847

Top tied mutations (A + B view):
A:T18V	B:T215V	logit=-0.418
A:N55S	B:N252S	logit=-0.497
A:N54V	B:N251V	logit=-0.790
A:E100V	B:E297V	logit=-1.227
A:V102I	B:V299I	logit=-1.534

Top tied mutations (C + D view):
C:V218L	D:V491L	logit=-0.413
C:K191R	D:K464R	logit=-0.545
C:S180T	D:S453T	logit=-0.672
C:T42V	D:T315V	logit=-0.708
C:S89A	D:S362A	logit=-0.854

Top tied mutations (A + B view):
A:T18V	B:T215V	logit=-0.466
A:N55S	B:N252S	logit=-0.555
A:N54V	B:N251V	logit=-0.647
A:E100V	B:E297V	logit=-1.347
A:N54I	B:N251I	logit=-1.398

Top tied mutations (C + D view):
C:V218L	D:V491L	logit=-0.433
C:K191R	D:K464R	logit=-0.600
C:S180T	D:S453T	logit=-0.682
C:T42V	D:T315V	logit=-0.704
C:N51P	D:N324P	logit=-0.814

Top tied mutations (A + B view):
A:T18V	B:T215V	logit=-0.359
A:N55S	B:N252S	logit=-0.482
A:N54V	B:N251V	logit=-0.810
A:E100V	B:E297V	logit=-1.313
A:V102I	B:V299I	logit=-1.517

Top tied mutations (C + D view):
C:V218L	D:V491L	logit=-0.450
C:K191R	D:K464R	logit=-0.519
C:S180T	D:S453T	logit=-0.662
C:T42V	D:T315V	logit=-0.677
C:N51P	D:N324P	logit=-0.833

Top tied mutations (A + B view):
A:T18V	B:T215V	logit=-0.490
A:N55S	B:N252S	logit=-0.529
A:N54V	B:N251V	logit=-0.805
A:E100V	B:E297V	logit=-1.260
A:V102I	B:V299I	logit=-1.583

Top tied mutations (C + D view):
C:V218L	D:V491L	logit=-0.417
C:K191R	D:K464R	logit=-0.480
C:S180T	D:S453T	logit=-0.642
C:T42V	D:T315V	logit=-0.784
C:H175P	D:H448P	logit=-0.922

Top tied mutations (A + B view):
A:T18V	B:T215V	logit=-0.370
A:N55S	B:N252S	logit=-0.542
A:N54V	B:N251V	logit=-0.965
A:E100V	B:E297V	logit=-1.238
A:V102I	B:V299I	logit=-1.406

Top tied mutations (C + D view):
C:V218L	D:V491L	logit=-0.454
C:K191R	D:K464R	logit=-0.541
C:S180T	D:S453T	logit=-0.648
C:T42V	D:T315V	logit=-0.735
C:N51P	D:N324P	logit=-0.777

Top tied mutations (A + B view):
A:T18V	B:T215V	logit=-0.313
A:N55S	B:N252S	logit=-0.548
A:N54V	B:N251V	logit=-0.888
A:E100V	B:E297V	logit=-1.213
A:V102I	B:V299I	logit=-1.496

Top tied mutations (C + D view):
C:V218L	D:V491L	logit=-0.449
C:K191R	D:K464R	logit=-0.573
C:S180T	D:S453T	logit=-0.658
C:T42V	D:T315V	logit=-0.716
C:N51P	D:N324P	logit=-0.783

Top tied mutations (A + B view):
A:T18V	B:T215V	logit=-0.338
A:N55S	B:N252S	logit=-0.456
A:N54V	B:N251V	logit=-0.836
A:E100V	B:E297V	logit=-1.313
A:V102I	B:V299I	logit=-1.598

Top tied mutations (C + D view):
C:V218L	D:V491L	logit=-0.451
C:K191R	D:K464R	logit=-0.559
C:S180T	D:S453T	logit=-0.653
C:T42V	D:T315V	logit=-0.742
C:N51P	D:N324P	logit=-0.797

Top tied mutations (A + B view):
A:T18V	B:T215V	logit=-0.353
A:N55S	B:N252S	logit=-0.496
A:N54V	B:N251V	logit=-0.733
A:E100V	B:E297V	logit=-1.410
A:V102I	B:V299I	logit=-1.556

Top tied mutations (C + D view):
C:V218L	D:V491L	logit=-0.484
C:K191R	D:K464R	logit=-0.532
C:S180T	D:S453T	logit=-0.641
C:T42V	D:T315V	logit=-0.724
C:N219S	D:N492S	logit=-0.946

Top tied mutations (A + B view):
A:T18V	B:T215V	logit=-0.419
A:N55S	B:N252S	logit=-0.502
A:N54V	B:N251V	logit=-0.721
A:E100V	B:E297V	logit=-1.264
A:V102I	B:V299I	logit=-1.490

Top tied mutations (C + D view):
C:V218L	D:V491L	logit=-0.422
C:K191R	D:K464R	logit=-0.542
C:S180T	D:S453T	logit=-0.664
C:T42V	D:T315V	logit=-0.699
C:N51P	D:N324P	logit=-0.766

Top tied mutations (A + B view):
A:T18V	B:T215V	logit=-0.355
A:N55S	B:N252S	logit=-0.517
A:N54V	B:N251V	logit=-0.788
A:E100V	B:E297V	logit=-1.270
A:N57R	B:N254R	logit=-1.519

Top tied mutations (C + D view):
C:V218L	D:V491L	logit=-0.470
C:K191R	D:K464R	logit=-0.617
C:S180T	D:S453T	logit=-0.653
C:T42V	D:T315V	logit=-0.786
C:S89A	D:S362A	logit=-0.869

Top tied mutations (A + B view):
A:T18V	B:T215V	logit=-0.430
A:N55S	B:N252S	logit=-0.477
A:N54V	B:N251V	logit=-0.617
A:E100V	B:E297V	logit=-1.331
A:V102I	B:V299I	logit=-1.548

Top tied mutations (C + D view):
C:V218L	D:V491L	logit=-0.455
C:K191R	D:K464R	logit=-0.560
C:S180T	D:S453T	logit=-0.643
C:T42V	D:T315V	logit=-0.742
C:N51P	D:N324P	logit=-0.837

Top tied mutations (A + B view):
A:T18V	B:T215V	logit=-0.367
A:N55S	B:N252S	logit=-0.554
A:N54V	B:N251V	logit=-0.881
A:E100V	B:E297V	logit=-1.238
A:N54I	B:N251I	logit=-1.470

Top tied mutations (C + D view):
C:V218L	D:V491L	logit=-0.408
C:K191R	D:K464R	logit=-0.582
C:S180T	D:S453T	logit=-0.667
C:T42V	D:T315V	logit=-0.723
C:N51P	D:N324P	logit=-0.866

Top tied mutations (A + B view):
A:T18V	B:T215V	logit=-0.386
A:N55S	B:N252S	logit=-0.418
A:N54V	B:N251V	logit=-0.872
A:E100V	B:E297V	logit=-1.295
A:N57R	B:N254R	logit=-1.468

Top tied mutations (C + D view):
C:V218L	D:V491L	logit=-0.468
C:K191R	D:K464R	logit=-0.592
C:S180T	D:S453T	logit=-0.645
C:T42V	D:T315V	logit=-0.788
C:S89A	D:S362A	logit=-0.857

Top tied mutations (A + B view):
A:T18V	B:T215V	logit=-0.399
A:N55S	B:N252S	logit=-0.455
A:N54V	B:N251V	logit=-0.759
A:E100V	B:E297V	logit=-1.260
A:R61K	B:R258K	logit=-1.491

Top tied mutations (C + D view):
C:V218L	D:V491L	logit=-0.475
C:K191R	D:K464R	logit=-0.558
C:S180T	D:S453T	logit=-0.666
C:T42V	D:T315V	logit=-0.758
C:N51P	D:N324P	logit=-0.873

Top tied mutations (A + B view):
A:T18V	B:T215V	logit=-0.384
A:N55S	B:N252S	logit=-0.471
A:N54V	B:N251V	logit=-0.776
A:E100V	B:E297V	logit=-1.254
A:V102I	B:V299I	logit=-1.536

Top tied mutations (C + D view):
C:V218L	D:V491L	logit=-0.443
C:K191R	D:K464R	logit=-0.575
C:S180T	D:S453T	logit=-0.652
C:T42V	D:T315V	logit=-0.786
C:S89A	D:S362A	logit=-0.893

Top tied mutations (A + B view):
A:T18V	B:T215V	logit=-0.354
A:N55S	B:N252S	logit=-0.542
A:N54V	B:N251V	logit=-0.885
A:E100V	B:E297V	logit=-1.257
A:V102I	B:V299I	logit=-1.462

Top tied mutations (C + D view):
C:V218L	D:V491L	logit=-0.420
C:K191R	D:K464R	logit=-0.586
C:S180T	D:S453T	logit=-0.690
C:T42V	D:T315V	logit=-0.748
C:S89A	D:S362A	logit=-0.917

Top tied mutations (A + B view):
A:T18V	B:T215V	logit=-0.370
A:N55S	B:N252S	logit=-0.524
A:N54V	B:N251V	logit=-0.975
A:E100V	B:E297V	logit=-1.211
A:V102I	B:V299I	logit=-1.533

Top tied mutations (C + D view):
C:V218L	D:V491L	logit=-0.403
C:K191R	D:K464R	logit=-0.568
C:S180T	D:S453T	logit=-0.666
C:T42V	D:T315V	logit=-0.806
C:N51P	D:N324P	logit=-0.816

Top tied mutations (A + B view):
A:T18V	B:T215V	logit=-0.354
A:N55S	B:N252S	logit=-0.484
A:N54V	B:N251V	logit=-0.869
A:E100V	B:E297V	logit=-1.300
A:R61V	B:R258V	logit=-1.473

Top tied mutations (C + D view):
C:V218L	D:V491L	logit=-0.447
C:K191R	D:K464R	logit=-0.595
C:S180T	D:S453T	logit=-0.646
C:T42V	D:T315V	logit=-0.722
C:N51P	D:N324P	logit=-0.773

Top tied mutations (A + B view):
A:T18V	B:T215V	logit=-0.356
A:N55S	B:N252S	logit=-0.557
A:N54V	B:N251V	logit=-0.747
A:E100V	B:E297V	logit=-1.234
A:N57R	B:N254R	logit=-1.463

Top tied mutations (C + D view):
C:V218L	D:V491L	logit=-0.482
C:K191R	D:K464R	logit=-0.574
C:S180T	D:S453T	logit=-0.638
C:T42V	D:T315V	logit=-0.726
C:N51P	D:N324P	logit=-0.788

Top tied mutations (A + B view):
A:T18V	B:T215V	logit=-0.351
A:N55S	B:N252S	logit=-0.523
A:N54V	B:N251V	logit=-0.786
A:E100V	B:E297V	logit=-1.253
A:N54I	B:N251I	logit=-1.463

Top tied mutations (C + D view):
C:V218L	D:V491L	logit=-0.458
C:K191R	D:K464R	logit=-0.554
C:S180T	D:S453T	logit=-0.671
C:T42V	D:T315V	logit=-0.733
C:N51P	D:N324P	logit=-0.846

Top tied mutations (A + B view):
A:T18V	B:T215V	logit=-0.341
A:N55S	B:N252S	logit=-0.610
A:N54V	B:N251V	logit=-0.612
A:E100V	B:E297V	logit=-1.330
A:N54I	B:N251I	logit=-1.465

Top tied mutations (C + D view):
C:V218L	D:V491L	logit=-0.453
C:K191R	D:K464R	logit=-0.607
C:S180T	D:S453T	logit=-0.662
C:T42V	D:T315V	logit=-0.731
C:N51P	D:N324P	logit=-0.772

Top tied mutations (A + B view):
A:T18V	B:T215V	logit=-0.347
A:N55S	B:N252S	logit=-0.447
A:N54V	B:N251V	logit=-0.761
A:E100V	B:E297V	logit=-1.260
A:V102I	B:V299I	logit=-1.543

Top tied mutations (C + D view):
C:V218L	D:V491L	logit=-0.478
C:K191R	D:K464R	logit=-0.538
C:S180T	D:S453T	logit=-0.657
C:T42V	D:T315V	logit=-0.691
C:S89A	D:S362A	logit=-0.847

Top tied mutations (A + B view):
A:T18V	B:T215V	logit=-0.447
A:N55S	B:N252S	logit=-0.519
A:N54V	B:N251V	logit=-0.891
A:E100V	B:E297V	logit=-1.348
A:V58T	B:V255T	logit=-1.573

Top tied mutations (C + D view):
C:V218L	D:V491L	logit=-0.481
C:K191R	D:K464R	logit=-0.638
C:S180T	D:S453T	logit=-0.669
C:T42V	D:T315V	logit=-0.725
C:N51P	D:N324P	logit=-0.774

Top tied mutations (A + B view):
A:T18V	B:T215V	logit=-0.368
A:N55S	B:N252S	logit=-0.549
A:N54V	B:N251V	logit=-0.670
A:E100V	B:E297V	logit=-1.306
A:N57R	B:N254R	logit=-1.507

Top tied mutations (C + D view):
C:V218L	D:V491L	logit=-0.427
C:K191R	D:K464R	logit=-0.589
C:S180T	D:S453T	logit=-0.651
C:T42V	D:T315V	logit=-0.758
C:N51P	D:N324P	logit=-0.764

Top tied mutations (A + B view):
A:T18V	B:T215V	logit=-0.461
A:N55S	B:N252S	logit=-0.463
A:N54V	B:N251V	logit=-0.824
A:E100V	B:E297V	logit=-1.219
A:V102I	B:V299I	logit=-1.419

Top tied mutations (C + D view):
C:V218L	D:V491L	logit=-0.482
C:K191R	D:K464R	logit=-0.536
C:S180T	D:S453T	logit=-0.662
C:T42V	D:T315V	logit=-0.782
C:N51P	D:N324P	logit=-0.840

Top tied mutations (A + B view):
A:T18V	B:T215V	logit=-0.370
A:N55S	B:N252S	logit=-0.536
A:N54V	B:N251V	logit=-1.011
A:E100V	B:E297V	logit=-1.271
A:V102I	B:V299I	logit=-1.447

Top tied mutations (C + D view):
C:V218L	D:V491L	logit=-0.459
C:K191R	D:K464R	logit=-0.547
C:S180T	D:S453T	logit=-0.662
C:T42V	D:T315V	logit=-0.765
C:S89A	D:S362A	logit=-0.856

Top tied mutations (A + B view):
A:T18V	B:T215V	logit=-0.434
A:N55S	B:N252S	logit=-0.549
A:N54V	B:N251V	logit=-0.720
A:E100V	B:E297V	logit=-1.369
A:V102I	B:V299I	logit=-1.420

Top tied mutations (C + D view):
C:V218L	D:V491L	logit=-0.420
C:K191R	D:K464R	logit=-0.541
C:S180T	D:S453T	logit=-0.658
C:T42V	D:T315V	logit=-0.690
C:N51P	D:N324P	logit=-0.917

Top tied mutations (A + B view):
A:T18V	B:T215V	logit=-0.378
A:N55S	B:N252S	logit=-0.475
A:N54V	B:N251V	logit=-0.823
A:E100V	B:E297V	logit=-1.299
A:V58T	B:V255T	logit=-1.547

Top tied mutations (C + D view):
C:V218L	D:V491L	logit=-0.417
C:K191R	D:K464R	logit=-0.505
C:S180T	D:S453T	logit=-0.655
C:T42V	D:T315V	logit=-0.758
C:S89A	D:S362A	logit=-0.935

Top tied mutations (A + B view):
A:T18V	B:T215V	logit=-0.360
A:N55S	B:N252S	logit=-0.546
A:N54V	B:N251V	logit=-0.892
A:E100V	B:E297V	logit=-1.288
A:N57R	B:N254R	logit=-1.375

Top tied mutations (C + D view):
C:V218L	D:V491L	logit=-0.473
C:K191R	D:K464R	logit=-0.558
C:S180T	D:S453T	logit=-0.644
C:T42V	D:T315V	logit=-0.698
C:N51P	D:N324P	logit=-0.761

Top tied mutations (A + B view):
A:T18V	B:T215V	logit=-0.354
A:N55S	B:N252S	logit=-0.475
A:N54V	B:N251V	logit=-0.781
A:E100V	B:E297V	logit=-1.418
A:R61K	B:R258K	logit=-1.433

Top tied mutations (C + D view):
C:V218L	D:V491L	logit=-0.488
C:K191R	D:K464R	logit=-0.556
C:S180T	D:S453T	logit=-0.648
C:T42V	D:T315V	logit=-0.714
C:S89A	D:S362A	logit=-0.878

Top tied mutations (A + B view):
A:T18V	B:T215V	logit=-0.458
A:N55S	B:N252S	logit=-0.541
A:N54V	B:N251V	logit=-0.784
A:E100V	B:E297V	logit=-1.076
A:V102I	B:V299I	logit=-1.531

Top tied mutations (C + D view):
C:V218L	D:V491L	logit=-0.463
C:K191R	D:K464R	logit=-0.554
C:S180T	D:S453T	logit=-0.644
C:T42V	D:T315V	logit=-0.710
C:S89A	D:S362A	logit=-0.869

Top tied mutations (A + B view):
A:T18V	B:T215V	logit=-0.412
A:N55S	B:N252S	logit=-0.498
A:N54V	B:N251V	logit=-0.914
A:E100V	B:E297V	logit=-1.326
A:R61K	B:R258K	logit=-1.373

Top tied mutations (C + D view):
C:V218L	D:V491L	logit=-0.419
C:K191R	D:K464R	logit=-0.600
C:S180T	D:S453T	logit=-0.672
C:T42V	D:T315V	logit=-0.728
C:N51P	D:N324P	logit=-0.897

Top tied mutations (A + B view):
A:T18V	B:T215V	logit=-0.424
A:N55S	B:N252S	logit=-0.452
A:N54V	B:N251V	logit=-0.682
A:E100V	B:E297V	logit=-1.220
A:R61K	B:R258K	logit=-1.470

Top tied mutations (C + D view):
C:V218L	D:V491L	logit=-0.476
C:K191R	D:K464R	logit=-0.568
C:S180T	D:S453T	logit=-0.665
C:T42V	D:T315V	logit=-0.715
C:N51P	D:N324P	logit=-0.876

Top tied mutations (A + B view):
A:T18V	B:T215V	logit=-0.427
A:N55S	B:N252S	logit=-0.557
A:N54V	B:N251V	logit=-0.795
A:E100V	B:E297V	logit=-1.239
A:N54I	B:N251I	logit=-1.500

Top tied mutations (C + D view):
C:V218L	D:V491L	logit=-0.472
C:K191R	D:K464R	logit=-0.600
C:S180T	D:S453T	logit=-0.645
C:T42V	D:T315V	logit=-0.731
C:N51P	D:N324P	logit=-0.833

Top tied mutations (A + B view):
A:T18V	B:T215V	logit=-0.358
A:N55S	B:N252S	logit=-0.477
A:N54V	B:N251V	logit=-0.918
A:E100V	B:E297V	logit=-1.313
A:N57R	B:N254R	logit=-1.552

Top tied mutations (C + D view):
C:V218L	D:V491L	logit=-0.407
C:K191R	D:K464R	logit=-0.581
C:S180T	D:S453T	logit=-0.654
C:T42V	D:T315V	logit=-0.724
C:N51P	D:N324P	logit=-0.881

Top tied mutations (A + B view):
A:T18V	B:T215V	logit=-0.472
A:N55S	B:N252S	logit=-0.533
A:N54V	B:N251V	logit=-0.691
A:E100V	B:E297V	logit=-1.403
A:N54I	B:N251I	logit=-1.525

Top tied mutations (C + D view):
C:V218L	D:V491L	logit=-0.463
C:K191R	D:K464R	logit=-0.550
C:S180T	D:S453T	logit=-0.658
C:T42V	D:T315V	logit=-0.739
C:S89A	D:S362A	logit=-0.889

Top tied mutations (A + B view):
A:T18V	B:T215V	logit=-0.399
A:N55S	B:N252S	logit=-0.488
A:N54V	B:N251V	logit=-0.931
A:E100V	B:E297V	logit=-1.304
A:V102I	B:V299I	logit=-1.497

Top tied mutations (C + D view):
C:V218L	D:V491L	logit=-0.463
C:K191R	D:K464R	logit=-0.579
C:S180T	D:S453T	logit=-0.639
C:T42V	D:T315V	logit=-0.716
C:N51P	D:N324P	logit=-0.806

Top tied mutations (A + B view):
A:T18V	B:T215V	logit=-0.353
A:N55S	B:N252S	logit=-0.445
A:N54V	B:N251V	logit=-0.650
A:E100V	B:E297V	logit=-1.291
A:N54I	B:N251I	logit=-1.541

Top tied mutations (C + D view):
C:V218L	D:V491L	logit=-0.457
C:K191R	D:K464R	logit=-0.506
C:S180T	D:S453T	logit=-0.644
C:T42V	D:T315V	logit=-0.717
C:N51P	D:N324P	logit=-0.845

Top tied mutations (A + B view):
A:T18V	B:T215V	logit=-0.400
A:N55S	B:N252S	logit=-0.515
A:N54V	B:N251V	logit=-0.824
A:E100V	B:E297V	logit=-1.354
A:N57R	B:N254R	logit=-1.407

Top tied mutations (C + D view):
C:V218L	D:V491L	logit=-0.449
C:K191R	D:K464R	logit=-0.566
C:S180T	D:S453T	logit=-0.657
C:T42V	D:T315V	logit=-0.706
C:N51P	D:N324P	logit=-0.833

Top tied mutations (A + B view):
A:T18V	B:T215V	logit=-0.408
A:N55S	B:N252S	logit=-0.513
A:N54V	B:N251V	logit=-0.793
A:E100V	B:E297V	logit=-1.325
A:N57R	B:N254R	logit=-1.458

Top tied mutations (C + D view):
C:V218L	D:V491L	logit=-0.432
C:K191R	D:K464R	logit=-0.647
C:S180T	D:S453T	logit=-0.676
C:T42V	D:T315V	logit=-0.793
C:S89A	D:S362A	logit=-0.889

Top tied mutations (A + B view):
A:T18V	B:T215V	logit=-0.431
A:N55S	B:N252S	logit=-0.521
A:N54V	B:N251V	logit=-0.870
A:N57R	B:N254R	logit=-1.347
A:E100V	B:E297V	logit=-1.383

Top tied mutations (C + D view):
C:V218L	D:V491L	logit=-0.465
C:K191R	D:K464R	logit=-0.610
C:S180T	D:S453T	logit=-0.647
C:T42V	D:T315V	logit=-0.727
C:N51P	D:N324P	logit=-0.843

Top tied mutations (A + B view):
A:T18V	B:T215V	logit=-0.374
A:N55S	B:N252S	logit=-0.516
A:N54V	B:N251V	logit=-0.688
A:E100V	B:E297V	logit=-1.199
A:V102I	B:V299I	logit=-1.602

Top tied mutations (C + D view):
C:V218L	D:V491L	logit=-0.414
C:K191R	D:K464R	logit=-0.550
C:S180T	D:S453T	logit=-0.644
C:T42V	D:T315V	logit=-0.732
C:N51P	D:N324P	logit=-0.811

Top tied mutations (A + B view):
A:N55S	B:N252S	logit=-0.437
A:T18V	B:T215V	logit=-0.446
A:N54V	B:N251V	logit=-0.749
A:E100V	B:E297V	logit=-1.337
A:N57R	B:N254R	logit=-1.538

Top tied mutations (C + D view):
C:V218L	D:V491L	logit=-0.415
C:K191R	D:K464R	logit=-0.562
C:S180T	D:S453T	logit=-0.647
C:T42V	D:T315V	logit=-0.720
C:N51P	D:N324P	logit=-0.783

Top tied mutations (A + B view):
A:T18V	B:T215V	logit=-0.341
A:N55S	B:N252S	logit=-0.544
A:N54V	B:N251V	logit=-0.815
A:E100V	B:E297V	logit=-1.223
A:R61V	B:R258V	logit=-1.488

Top tied mutations (C + D view):
C:V218L	D:V491L	logit=-0.428
C:K191R	D:K464R	logit=-0.616
C:S180T	D:S453T	logit=-0.645
C:T42V	D:T315V	logit=-0.683
C:N51P	D:N324P	logit=-0.813

Top tied mutations (A + B view):
A:T18V	B:T215V	logit=-0.368
A:N55S	B:N252S	logit=-0.494
A:N54V	B:N251V	logit=-0.708
A:E100V	B:E297V	logit=-1.247
A:N54I	B:N251I	logit=-1.373

Top tied mutations (C + D view):
C:V218L	D:V491L	logit=-0.397
C:K191R	D:K464R	logit=-0.526
C:S180T	D:S453T	logit=-0.646
C:T42V	D:T315V	logit=-0.725
C:N51P	D:N324P	logit=-0.727

Top tied mutations (A + B view):
A:T18V	B:T215V	logit=-0.436
A:N55S	B:N252S	logit=-0.557
A:N54V	B:N251V	logit=-0.773
A:E100V	B:E297V	logit=-1.289
A:R61V	B:R258V	logit=-1.515

Top tied mutations (C + D view):
C:V218L	D:V491L	logit=-0.471
C:K191R	D:K464R	logit=-0.620
C:S180T	D:S453T	logit=-0.673
C:T42V	D:T315V	logit=-0.698
C:N51P	D:N324P	logit=-0.896

Top tied mutations (A + B view):
A:T18V	B:T215V	logit=-0.376
A:N55S	B:N252S	logit=-0.518
A:N54V	B:N251V	logit=-0.823
A:E100V	B:E297V	logit=-1.230
A:N57R	B:N254R	logit=-1.630

Top tied mutations (C + D view):
C:V218L	D:V491L	logit=-0.495
C:K191R	D:K464R	logit=-0.557
C:S180T	D:S453T	logit=-0.664
C:T42V	D:T315V	logit=-0.759
C:N51P	D:N324P	logit=-0.906

Top tied mutations (A + B view):
A:T18V	B:T215V	logit=-0.388
A:N55S	B:N252S	logit=-0.468
A:N54V	B:N251V	logit=-0.836
A:E100V	B:E297V	logit=-1.257
A:V102I	B:V299I	logit=-1.558

Top tied mutations (C + D view):
C:V218L	D:V491L	logit=-0.450
C:K191R	D:K464R	logit=-0.533
C:S180T	D:S453T	logit=-0.644
C:T42V	D:T315V	logit=-0.738
C:S89A	D:S362A	logit=-0.868

Top tied mutations (A + B view):
A:T18V	B:T215V	logit=-0.380
A:N55S	B:N252S	logit=-0.480
A:N54V	B:N251V	logit=-0.787
A:E100V	B:E297V	logit=-1.180
A:V102I	B:V299I	logit=-1.613

Top tied mutations (C + D view):
C:V218L	D:V491L	logit=-0.420
C:K191R	D:K464R	logit=-0.558
C:S180T	D:S453T	logit=-0.662
C:T42V	D:T315V	logit=-0.766
C:A168P	D:A441P	logit=-0.912

Top tied mutations (A + B view):
A:T18V	B:T215V	logit=-0.401
A:N55S	B:N252S	logit=-0.446
A:N54V	B:N251V	logit=-0.742
A:E100V	B:E297V	logit=-1.313
A:N57R	B:N254R	logit=-1.353

Top tied mutations (C + D view):
C:V218L	D:V491L	logit=-0.512
C:K191R	D:K464R	logit=-0.565
C:S180T	D:S453T	logit=-0.660
C:T42V	D:T315V	logit=-0.791
C:N51P	D:N324P	logit=-0.817

Top tied mutations (A + B view):
A:T18V	B:T215V	logit=-0.372
A:N55S	B:N252S	logit=-0.529
A:N54V	B:N251V	logit=-0.805
A:N54I	B:N251I	logit=-1.395
A:E100V	B:E297V	logit=-1.424

Top tied mutations (C + D view):
C:V218L	D:V491L	logit=-0.471
C:K191R	D:K464R	logit=-0.604
C:S180T	D:S453T	logit=-0.684
C:T42V	D:T315V	logit=-0.714
C:S89A	D:S362A	logit=-0.886

Top tied mutations (A + B view):
A:T18V	B:T215V	logit=-0.353
A:N55S	B:N252S	logit=-0.472
A:N54V	B:N251V	logit=-0.673
A:E100V	B:E297V	logit=-1.305
A:V102I	B:V299I	logit=-1.454

Top tied mutations (C + D view):
C:V218L	D:V491L	logit=-0.421
C:K191R	D:K464R	logit=-0.498
C:S180T	D:S453T	logit=-0.647
C:T42V	D:T315V	logit=-0.759
C:N51P	D:N324P	logit=-0.782

Top tied mutations (A + B view):
A:T18V	B:T215V	logit=-0.402
A:N55S	B:N252S	logit=-0.417
A:N54V	B:N251V	logit=-0.790
A:E100V	B:E297V	logit=-1.242
A:V102I	B:V299I	logit=-1.555

Top tied mutations (C + D view):
C:V218L	D:V491L	logit=-0.454
C:K191R	D:K464R	logit=-0.500
C:S180T	D:S453T	logit=-0.670
C:T42V	D:T315V	logit=-0.791
C:S89A	D:S362A	logit=-0.893

Top tied mutations (A + B view):
A:T18V	B:T215V	logit=-0.454
A:N55S	B:N252S	logit=-0.488
A:N54V	B:N251V	logit=-0.875
A:E100V	B:E297V	logit=-1.265
A:V102I	B:V299I	logit=-1.492

Top tied mutations (C + D view):
C:V218L	D:V491L	logit=-0.435
C:K191R	D:K464R	logit=-0.593
C:S180T	D:S453T	logit=-0.645
C:T42V	D:T315V	logit=-0.755
C:N51P	D:N324P	logit=-0.777

Top tied mutations (A + B view):
A:T18V	B:T215V	logit=-0.420
A:N55S	B:N252S	logit=-0.496
A:N54V	B:N251V	logit=-0.744
A:E100V	B:E297V	logit=-1.249
A:V102I	B:V299I	logit=-1.512

Top tied mutations (C + D view):
C:V218L	D:V491L	logit=-0.410
C:K191R	D:K464R	logit=-0.532
C:S180T	D:S453T	logit=-0.645
C:N51P	D:N324P	logit=-0.741
C:T42V	D:T315V	logit=-0.748

Top tied mutations (A + B view):
A:T18V	B:T215V	logit=-0.375
A:N55S	B:N252S	logit=-0.535
A:N54V	B:N251V	logit=-0.636
A:E100V	B:E297V	logit=-1.259
A:N54I	B:N251I	logit=-1.381

Top tied mutations (C + D view):
C:V218L	D:V491L	logit=-0.460
C:K191R	D:K464R	logit=-0.557
C:S180T	D:S453T	logit=-0.662
C:T42V	D:T315V	logit=-0.732
C:N51P	D:N324P	logit=-0.889

Top tied mutations (A + B view):
A:T18V	B:T215V	logit=-0.360
A:N55S	B:N252S	logit=-0.498
A:N54V	B:N251V	logit=-0.770
A:E100V	B:E297V	logit=-1.390
A:V102I	B:V299I	logit=-1.513

Top tied mutations (C + D view):
C:V218L	D:V491L	logit=-0.479
C:K191R	D:K464R	logit=-0.548
C:S180T	D:S453T	logit=-0.637
C:T42V	D:T315V	logit=-0.699
C:S89A	D:S362A	logit=-0.843

Top tied mutations (A + B view):
A:T18V	B:T215V	logit=-0.430
A:N55S	B:N252S	logit=-0.543
A:N54V	B:N251V	logit=-0.760
A:E100V	B:E297V	logit=-1.283
A:N54I	B:N251I	logit=-1.557

Top tied mutations (C + D view):
C:V218L	D:V491L	logit=-0.426
C:K191R	D:K464R	logit=-0.553
C:S180T	D:S453T	logit=-0.660
C:T42V	D:T315V	logit=-0.730
C:N51P	D:N324P	logit=-0.911

Top tied mutations (A + B view):
A:T18V	B:T215V	logit=-0.395
A:N55S	B:N252S	logit=-0.473
A:N54V	B:N251V	logit=-0.781
A:E100V	B:E297V	logit=-1.258
A:V102I	B:V299I	logit=-1.406

Top tied mutations (C + D view):
C:V218L	D:V491L	logit=-0.465
C:K191R	D:K464R	logit=-0.553
C:S180T	D:S453T	logit=-0.684
C:T42V	D:T315V	logit=-0.690
C:S72G	D:S345G	logit=-0.904

Top tied mutations (A + B view):
A:T18V	B:T215V	logit=-0.414
A:N55S	B:N252S	logit=-0.488
A:N54V	B:N251V	logit=-0.652
A:E100V	B:E297V	logit=-1.319
A:N57R	B:N254R	logit=-1.587

Top tied mutations (C + D view):
C:V218L	D:V491L	logit=-0.433
C:K191R	D:K464R	logit=-0.567
C:S180T	D:S453T	logit=-0.667
C:T42V	D:T315V	logit=-0.766
C:N51P	D:N324P	logit=-0.891

Top tied mutations (A + B view):
A:T18V	B:T215V	logit=-0.289
A:N55S	B:N252S	logit=-0.488
A:N54V	B:N251V	logit=-0.791
A:E100V	B:E297V	logit=-1.227
A:R61V	B:R258V	logit=-1.507

Top tied mutations (C + D view):
C:V218L	D:V491L	logit=-0.471
C:K191R	D:K464R	logit=-0.561
C:S180T	D:S453T	logit=-0.647
C:T42V	D:T315V	logit=-0.708
C:N51P	D:N324P	logit=-0.785

Top tied mutations (A + B view):
A:T18V	B:T215V	logit=-0.393
A:N55S	B:N252S	logit=-0.535
A:N54V	B:N251V	logit=-0.881
A:E100V	B:E297V	logit=-1.272
A:V102I	B:V299I	logit=-1.524

Top tied mutations (C + D view):
C:V218L	D:V491L	logit=-0.424
C:K191R	D:K464R	logit=-0.597
C:S180T	D:S453T	logit=-0.689
C:N51P	D:N324P	logit=-0.763
C:T42V	D:T315V	logit=-0.770

Top tied mutations (A + B view):
A:T18V	B:T215V	logit=-0.408
A:N55S	B:N252S	logit=-0.436
A:N54V	B:N251V	logit=-0.851
A:E100V	B:E297V	logit=-1.231
A:R61K	B:R258K	logit=-1.544

Top tied mutations (C + D view):
C:V218L	D:V491L	logit=-0.457
C:K191R	D:K464R	logit=-0.570
C:S180T	D:S453T	logit=-0.661
C:T42V	D:T315V	logit=-0.797
C:N51P	D:N324P	logit=-0.876

Top tied mutations (A + B view):
A:T18V	B:T215V	logit=-0.374
A:N55S	B:N252S	logit=-0.502
A:N54V	B:N251V	logit=-0.740
A:N54I	B:N251I	logit=-1.314
A:E100V	B:E297V	logit=-1.405

Top tied mutations (C + D view):
C:V218L	D:V491L	logit=-0.427
C:K191R	D:K464R	logit=-0.542
C:S180T	D:S453T	logit=-0.660
C:T42V	D:T315V	logit=-0.767
C:N51P	D:N324P	logit=-0.841

Top tied mutations (A + B view):
A:T18V	B:T215V	logit=-0.360
A:N55S	B:N252S	logit=-0.455
A:N54V	B:N251V	logit=-0.696
A:E100V	B:E297V	logit=-1.289
A:V102I	B:V299I	logit=-1.518

Top tied mutations (C + D view):
C:V218L	D:V491L	logit=-0.484
C:K191R	D:K464R	logit=-0.560
C:S180T	D:S453T	logit=-0.639
C:T42V	D:T315V	logit=-0.738
C:N51P	D:N324P	logit=-0.778

Top tied mutations (A + B view):
A:T18V	B:T215V	logit=-0.351
A:N55S	B:N252S	logit=-0.536
A:N54V	B:N251V	logit=-0.800
A:E100V	B:E297V	logit=-1.263
A:V58T	B:V255T	logit=-1.567

Top tied mutations (C + D view):
C:V218L	D:V491L	logit=-0.489
C:K191R	D:K464R	logit=-0.598
C:S180T	D:S453T	logit=-0.664
C:T42V	D:T315V	logit=-0.767
C:N51P	D:N324P	logit=-0.843

Top tied mutations (A + B view):
A:T18V	B:T215V	logit=-0.322
A:N55S	B:N252S	logit=-0.565
A:N54V	B:N251V	logit=-0.796
A:E100V	B:E297V	logit=-1.300
A:N54I	B:N251I	logit=-1.431

Top tied mutations (C + D view):
C:V218L	D:V491L	logit=-0.433
C:K191R	D:K464R	logit=-0.595
C:S180T	D:S453T	logit=-0.667
C:T42V	D:T315V	logit=-0.725
C:S89A	D:S362A	logit=-0.860

Top tied mutations (A + B view):
A:T18V	B:T215V	logit=-0.395
A:N55S	B:N252S	logit=-0.584
A:N54V	B:N251V	logit=-0.861
A:E100V	B:E297V	logit=-1.082
A:V102I	B:V299I	logit=-1.482

Top tied mutations (C + D view):
C:V218L	D:V491L	logit=-0.421
C:K191R	D:K464R	logit=-0.517
C:S180T	D:S453T	logit=-0.663
C:T42V	D:T315V	logit=-0.751
C:N51P	D:N324P	logit=-0.906

Top tied mutations (A + B view):
A:N55S	B:N252S	logit=-0.466
A:T18V	B:T215V	logit=-0.474
A:N54V	B:N251V	logit=-0.828
A:E100V	B:E297V	logit=-1.235
A:V102I	B:V299I	logit=-1.484

Top tied mutations (C + D view):
C:V218L	D:V491L	logit=-0.428
C:K191R	D:K464R	logit=-0.577
C:S180T	D:S453T	logit=-0.653
C:T42V	D:T315V	logit=-0.745
C:N51P	D:N324P	logit=-0.787

Top tied mutations (A + B view):
A:T18V	B:T215V	logit=-0.354
A:N55S	B:N252S	logit=-0.484
A:N54V	B:N251V	logit=-0.822
A:E100V	B:E297V	logit=-1.245
A:N57R	B:N254R	logit=-1.481

Top tied mutations (C + D view):
C:V218L	D:V491L	logit=-0.422
C:K191R	D:K464R	logit=-0.599
C:S180T	D:S453T	logit=-0.657
C:T42V	D:T315V	logit=-0.738
C:N51P	D:N324P	logit=-0.804

Top tied mutations (A + B view):
A:T18V	B:T215V	logit=-0.350
A:N55S	B:N252S	logit=-0.496
A:N54V	B:N251V	logit=-0.836
A:E100V	B:E297V	logit=-1.358
A:N57R	B:N254R	logit=-1.492

Top tied mutations (C + D view):
C:V218L	D:V491L	logit=-0.473
C:K191R	D:K464R	logit=-0.546
C:S180T	D:S453T	logit=-0.651
C:T42V	D:T315V	logit=-0.746
C:S89A	D:S362A	logit=-0.869

Top tied mutations (A + B view):
A:N55S	B:N252S	logit=-0.450
A:T18V	B:T215V	logit=-0.464
A:N54V	B:N251V	logit=-0.777
A:E100V	B:E297V	logit=-1.339
A:R61K	B:R258K	logit=-1.619

Top tied mutations (C + D view):
C:V218L	D:V491L	logit=-0.418
C:K191R	D:K464R	logit=-0.521
C:S180T	D:S453T	logit=-0.649
C:T42V	D:T315V	logit=-0.755
C:S89A	D:S362A	logit=-0.834

Top tied mutations (A + B view):
A:T18V	B:T215V	logit=-0.317
A:N55S	B:N252S	logit=-0.498
A:N54V	B:N251V	logit=-0.774
A:E100V	B:E297V	logit=-1.323
A:V102I	B:V299I	logit=-1.523

Top tied mutations (C + D view):
C:V218L	D:V491L	logit=-0.425
C:K191R	D:K464R	logit=-0.551
C:S180T	D:S453T	logit=-0.669
C:T42V	D:T315V	logit=-0.695
C:N51P	D:N324P	logit=-0.853

Top tied mutations (A + B view):
A:T18V	B:T215V	logit=-0.357
A:N55S	B:N252S	logit=-0.449
A:N54V	B:N251V	logit=-0.794
A:E100V	B:E297V	logit=-1.401
A:V102I	B:V299I	logit=-1.537

Top tied mutations (C + D view):
C:V218L	D:V491L	logit=-0.414
C:K191R	D:K464R	logit=-0.565
C:S180T	D:S453T	logit=-0.660
C:T42V	D:T315V	logit=-0.660
C:N51P	D:N324P	logit=-0.860

Top tied mutations (A + B view):
A:T18V	B:T215V	logit=-0.352
A:N55S	B:N252S	logit=-0.520
A:N54V	B:N251V	logit=-0.887
A:E100V	B:E297V	logit=-1.207
A:V102I	B:V299I	logit=-1.523

Top tied mutations (C + D view):
C:V218L	D:V491L	logit=-0.435
C:K191R	D:K464R	logit=-0.501
C:S180T	D:S453T	logit=-0.682
C:T42V	D:T315V	logit=-0.762
C:N51P	D:N324P	logit=-0.869

Top tied mutations (A + B view):
A:T18V	B:T215V	logit=-0.370
A:N55S	B:N252S	logit=-0.491
A:N54V	B:N251V	logit=-0.712
A:E100V	B:E297V	logit=-1.393
A:V102I	B:V299I	logit=-1.531

Top tied mutations (C + D view):
C:V218L	D:V491L	logit=-0.482
C:K191R	D:K464R	logit=-0.529
C:S180T	D:S453T	logit=-0.651
C:T42V	D:T315V	logit=-0.684
C:N51P	D:N324P	logit=-0.849

Top tied mutations (A + B view):
A:T18V	B:T215V	logit=-0.359
A:N55S	B:N252S	logit=-0.501
A:N54V	B:N251V	logit=-0.650
A:E100V	B:E297V	logit=-1.302
A:N54I	B:N251I	logit=-1.367

Top tied mutations (C + D view):
C:V218L	D:V491L	logit=-0.419
C:K191R	D:K464R	logit=-0.567
C:S180T	D:S453T	logit=-0.655
C:T42V	D:T315V	logit=-0.724
C:N51P	D:N324P	logit=-0.822

Top tied mutations (A + B view):
A:T18V	B:T215V	logit=-0.341
A:N55S	B:N252S	logit=-0.518
A:N54V	B:N251V	logit=-0.739
A:E100V	B:E297V	logit=-1.205
A:V102I	B:V299I	logit=-1.541

Top tied mutations (C + D view):
C:V218L	D:V491L	logit=-0.441
C:K191R	D:K464R	logit=-0.503
C:S180T	D:S453T	logit=-0.657
C:T42V	D:T315V	logit=-0.726
C:N51P	D:N324P	logit=-0.902

Top tied mutations (A + B view):
A:T18V	B:T215V	logit=-0.381
A:N55S	B:N252S	logit=-0.583
A:N54V	B:N251V	logit=-0.645
A:E100V	B:E297V	logit=-1.263
A:N54I	B:N251I	logit=-1.539

Top tied mutations (C + D view):
C:V218L	D:V491L	logit=-0.480
C:K191R	D:K464R	logit=-0.523
C:S180T	D:S453T	logit=-0.672
C:T42V	D:T315V	logit=-0.737
C:N51P	D:N324P	logit=-0.820

Top tied mutations (A + B view):
A:T18V	B:T215V	logit=-0.438
A:N55S	B:N252S	logit=-0.517
A:N54V	B:N251V	logit=-0.782
A:E100V	B:E297V	logit=-1.271
A:R61V	B:R258V	logit=-1.548

Top tied mutations (C + D view):
C:V218L	D:V491L	logit=-0.436
C:K191R	D:K464R	logit=-0.514
C:S180T	D:S453T	logit=-0.669
C:T42V	D:T315V	logit=-0.726
C:S89A	D:S362A	logit=-0.857

Top tied mutations (A + B view):
A:T18V	B:T215V	logit=-0.390
A:N55S	B:N252S	logit=-0.461
A:N54V	B:N251V	logit=-0.866
A:E100V	B:E297V	logit=-1.130
A:N57R	B:N254R	logit=-1.444

Top tied mutations (C + D view):
C:V218L	D:V491L	logit=-0.441
C:K191R	D:K464R	logit=-0.585
C:S180T	D:S453T	logit=-0.671
C:T42V	D:T315V	logit=-0.745
C:N51P	D:N324P	logit=-0.823

Top tied mutations (A + B view):
A:T18V	B:T215V	logit=-0.361
A:N55S	B:N252S	logit=-0.517
A:N54V	B:N251V	logit=-0.881
A:E100V	B:E297V	logit=-1.322
A:V102I	B:V299I	logit=-1.601

Top tied mutations (C + D view):
C:V218L	D:V491L	logit=-0.396
C:K191R	D:K464R	logit=-0.550
C:S180T	D:S453T	logit=-0.648
C:T42V	D:T315V	logit=-0.701
C:N51P	D:N324P	logit=-0.858

Top tied mutations (A + B view):
A:T18V	B:T215V	logit=-0.414
A:N55S	B:N252S	logit=-0.493
A:N54V	B:N251V	logit=-0.796
A:E100V	B:E297V	logit=-1.327
A:V102I	B:V299I	logit=-1.496

Top tied mutations (C + D view):
C:V218L	D:V491L	logit=-0.416
C:K191R	D:K464R	logit=-0.548
C:T42V	D:T315V	logit=-0.675
C:S180T	D:S453T	logit=-0.682
C:N51P	D:N324P	logit=-0.702

Top tied mutations (A + B view):
A:N55S	B:N252S	logit=-0.426
A:T18V	B:T215V	logit=-0.439
A:N54V	B:N251V	logit=-0.738
A:E100V	B:E297V	logit=-1.304
A:R61V	B:R258V	logit=-1.620

Top tied mutations (C + D view):
C:V218L	D:V491L	logit=-0.463
C:K191R	D:K464R	logit=-0.511
C:S180T	D:S453T	logit=-0.660
C:T42V	D:T315V	logit=-0.702
C:N51P	D:N324P	logit=-0.868

Top tied mutations (A + B view):
A:T18V	B:T215V	logit=-0.354
A:N55S	B:N252S	logit=-0.469
A:N54V	B:N251V	logit=-0.827
A:E100V	B:E297V	logit=-1.174
A:N57R	B:N254R	logit=-1.343

Top tied mutations (C + D view):
C:V218L	D:V491L	logit=-0.414
C:K191R	D:K464R	logit=-0.533
C:S180T	D:S453T	logit=-0.665
C:T42V	D:T315V	logit=-0.668
C:N51P	D:N324P	logit=-0.831

Top tied mutations (A + B view):
A:T18V	B:T215V	logit=-0.384
A:N55S	B:N252S	logit=-0.447
A:N54V	B:N251V	logit=-0.750
A:E100V	B:E297V	logit=-1.275
A:N54I	B:N251I	logit=-1.491

Top tied mutations (C + D view):
C:V218L	D:V491L	logit=-0.440
C:K191R	D:K464R	logit=-0.524
C:S180T	D:S453T	logit=-0.654
C:T42V	D:T315V	logit=-0.712
C:N51P	D:N324P	logit=-0.906

Top tied mutations (A + B view):
A:T18V	B:T215V	logit=-0.419
A:N55S	B:N252S	logit=-0.518
A:N54V	B:N251V	logit=-0.724
A:E100V	B:E297V	logit=-1.265
A:N54I	B:N251I	logit=-1.482

Top tied mutations (C + D view):
C:V218L	D:V491L	logit=-0.435
C:K191R	D:K464R	logit=-0.649
C:S180T	D:S453T	logit=-0.668
C:T42V	D:T315V	logit=-0.680
C:N51P	D:N324P	logit=-0.791

Top tied mutations (A + B view):
A:T18V	B:T215V	logit=-0.347
A:N55S	B:N252S	logit=-0.423
A:N54V	B:N251V	logit=-0.937
A:E100V	B:E297V	logit=-1.248
A:V102I	B:V299I	logit=-1.563

Top tied mutations (C + D view):
C:V218L	D:V491L	logit=-0.464
C:K191R	D:K464R	logit=-0.524
C:S180T	D:S453T	logit=-0.648
C:N51P	D:N324P	logit=-0.737
C:T42V	D:T315V	logit=-0.747

Top tied mutations (A + B view):
A:T18V	B:T215V	logit=-0.422
A:N55S	B:N252S	logit=-0.472
A:N54V	B:N251V	logit=-0.795
A:E100V	B:E297V	logit=-1.250
A:V102I	B:V299I	logit=-1.587

Top tied mutations (C + D view):
C:V218L	D:V491L	logit=-0.402
C:K191R	D:K464R	logit=-0.546
C:S180T	D:S453T	logit=-0.639
C:T42V	D:T315V	logit=-0.726
C:N51P	D:N324P	logit=-0.768

Top tied mutations (A + B view):
A:T18V	B:T215V	logit=-0.384
A:N55S	B:N252S	logit=-0.511
A:N54V	B:N251V	logit=-0.827
A:E100V	B:E297V	logit=-1.373
A:V102I	B:V299I	logit=-1.603

Top tied mutations (C + D view):
C:V218L	D:V491L	logit=-0.481
C:K191R	D:K464R	logit=-0.519
C:S180T	D:S453T	logit=-0.659
C:T42V	D:T315V	logit=-0.717
C:N51P	D:N324P	logit=-0.742

Top tied mutations (A + B view):
A:T18V	B:T215V	logit=-0.410
A:N55S	B:N252S	logit=-0.489
A:N54V	B:N251V	logit=-0.740
A:E100V	B:E297V	logit=-1.368
A:N57R	B:N254R	logit=-1.518

Top tied mutations (C + D view):
C:V218L	D:V491L	logit=-0.456
C:K191R	D:K464R	logit=-0.625
C:S180T	D:S453T	logit=-0.630
C:T42V	D:T315V	logit=-0.799
C:S89A	D:S362A	logit=-0.826

Top tied mutations (A + B view):
A:T18V	B:T215V	logit=-0.454
A:N55S	B:N252S	logit=-0.511
A:N54V	B:N251V	logit=-0.835
A:E100V	B:E297V	logit=-1.220
A:V102I	B:V299I	logit=-1.461

Top tied mutations (C + D view):
C:V218L	D:V491L	logit=-0.473
C:K191R	D:K464R	logit=-0.584
C:S180T	D:S453T	logit=-0.674
C:T42V	D:T315V	logit=-0.717
C:N51P	D:N324P	logit=-0.881

Top tied mutations (A + B view):
A:T18V	B:T215V	logit=-0.426
A:N55S	B:N252S	logit=-0.520
A:N54V	B:N251V	logit=-0.839
A:E100V	B:E297V	logit=-1.241
A:N57R	B:N254R	logit=-1.446

Top tied mutations (C + D view):
C:V218L	D:V491L	logit=-0.432
C:K191R	D:K464R	logit=-0.552
C:S180T	D:S453T	logit=-0.639
C:T42V	D:T315V	logit=-0.753
C:N51P	D:N324P	logit=-0.899

Top tied mutations (A + B view):
A:T18V	B:T215V	logit=-0.417
A:N55S	B:N252S	logit=-0.480
A:N54V	B:N251V	logit=-0.659
A:R61K	B:R258K	logit=-1.245
A:E100V	B:E297V	logit=-1.311

Top tied mutations (C + D view):
C:V218L	D:V491L	logit=-0.416
C:K191R	D:K464R	logit=-0.531
C:S180T	D:S453T	logit=-0.644
C:T42V	D:T315V	logit=-0.771
C:N51P	D:N324P	logit=-0.816

Top tied mutations (A + B view):
A:T18V	B:T215V	logit=-0.378
A:N55S	B:N252S	logit=-0.521
A:N54V	B:N251V	logit=-0.764
A:E100V	B:E297V	logit=-1.257
A:V58T	B:V255T	logit=-1.512

Top tied mutations (C + D view):
C:V218L	D:V491L	logit=-0.454
C:K191R	D:K464R	logit=-0.583
C:S180T	D:S453T	logit=-0.635
C:T42V	D:T315V	logit=-0.700
C:N51P	D:N324P	logit=-0.785

Top tied mutations (A + B view):
A:T18V	B:T215V	logit=-0.388
A:N55S	B:N252S	logit=-0.471
A:N54V	B:N251V	logit=-0.855
A:E100V	B:E297V	logit=-1.308
A:V102I	B:V299I	logit=-1.447

Top tied mutations (C + D view):
C:V218L	D:V491L	logit=-0.433
C:K191R	D:K464R	logit=-0.540
C:S180T	D:S453T	logit=-0.646
C:T42V	D:T315V	logit=-0.760
C:S89A	D:S362A	logit=-0.843

Top tied mutations (A + B view):
A:T18V	B:T215V	logit=-0.352
A:N55S	B:N252S	logit=-0.547
A:N54V	B:N251V	logit=-0.904
A:E100V	B:E297V	logit=-1.267
A:V102I	B:V299I	logit=-1.558

Top tied mutations (C + D view):
C:V218L	D:V491L	logit=-0.465
C:K191R	D:K464R	logit=-0.512
C:S180T	D:S453T	logit=-0.662
C:T42V	D:T315V	logit=-0.715
C:N51P	D:N324P	logit=-0.865

Top tied mutations (A + B view):
A:T18V	B:T215V	logit=-0.434
A:N55S	B:N252S	logit=-0.489
A:N54V	B:N251V	logit=-0.648
A:E100V	B:E297V	logit=-1.289
A:N54I	B:N251I	logit=-1.546

Top tied mutations (C + D view):
C:V218L	D:V491L	logit=-0.470
C:K191R	D:K464R	logit=-0.531
C:S180T	D:S453T	logit=-0.676
C:T42V	D:T315V	logit=-0.756
C:S89A	D:S362A	logit=-0.870

Top tied mutations (A + B view):
A:T18V	B:T215V	logit=-0.399
A:N55S	B:N252S	logit=-0.532
A:N54V	B:N251V	logit=-0.863
A:E100V	B:E297V	logit=-1.256
A:V102I	B:V299I	logit=-1.568

Top tied mutations (C + D view):
C:V218L	D:V491L	logit=-0.455
C:K191R	D:K464R	logit=-0.602
C:S180T	D:S453T	logit=-0.659
C:T42V	D:T315V	logit=-0.779
C:S89A	D:S362A	logit=-0.869

Top tied mutations (A + B view):
A:T18V	B:T215V	logit=-0.377
A:N55S	B:N252S	logit=-0.413
A:N54V	B:N251V	logit=-0.825
A:E100V	B:E297V	logit=-1.305
A:V102I	B:V299I	logit=-1.538

Top tied mutations (C + D view):
C:V218L	D:V491L	logit=-0.404
C:K191R	D:K464R	logit=-0.571
C:S180T	D:S453T	logit=-0.646
C:T42V	D:T315V	logit=-0.705
C:N51P	D:N324P	logit=-0.874

Top tied mutations (A + B view):
A:T18V	B:T215V	logit=-0.377
A:N55S	B:N252S	logit=-0.495
A:N54V	B:N251V	logit=-0.731
A:E100V	B:E297V	logit=-1.218
A:N54I	B:N251I	logit=-1.324

Top tied mutations (C + D view):
C:V218L	D:V491L	logit=-0.453
C:K191R	D:K464R	logit=-0.529
C:S180T	D:S453T	logit=-0.618
C:T42V	D:T315V	logit=-0.762
C:N51P	D:N324P	logit=-0.819

Top tied mutations (A + B view):
A:T18V	B:T215V	logit=-0.431
A:N55S	B:N252S	logit=-0.462
A:N54V	B:N251V	logit=-0.782
A:E100V	B:E297V	logit=-1.250
A:N54I	B:N251I	logit=-1.469

Top tied mutations (C + D view):
C:V218L	D:V491L	logit=-0.406
C:K191R	D:K464R	logit=-0.534
C:S180T	D:S453T	logit=-0.638
C:T42V	D:T315V	logit=-0.809
C:S89A	D:S362A	logit=-0.855

Top tied mutations (A + B view):
A:T18V	B:T215V	logit=-0.398
A:N55S	B:N252S	logit=-0.514
A:N54V	B:N251V	logit=-0.890
A:E100V	B:E297V	logit=-1.201
A:N54I	B:N251I	logit=-1.435

Top tied mutations (C + D view):
C:V218L	D:V491L	logit=-0.507
C:K191R	D:K464R	logit=-0.569
C:S180T	D:S453T	logit=-0.652
C:T42V	D:T315V	logit=-0.696
C:N51P	D:N324P	logit=-0.772

Top tied mutations (A + B view):
A:T18V	B:T215V	logit=-0.288
A:N55S	B:N252S	logit=-0.442
A:N54V	B:N251V	logit=-0.774
A:E100V	B:E297V	logit=-1.260
A:N57R	B:N254R	logit=-1.563

Top tied mutations (C + D view):
C:V218L	D:V491L	logit=-0.457
C:K191R	D:K464R	logit=-0.546
C:S180T	D:S453T	logit=-0.646
C:T42V	D:T315V	logit=-0.699
C:N51P	D:N324P	logit=-0.833

Top tied mutations (A + B view):
A:T18V	B:T215V	logit=-0.406
A:N55S	B:N252S	logit=-0.504
A:N54V	B:N251V	logit=-0.759
A:E100V	B:E297V	logit=-1.194
A:N57R	B:N254R	logit=-1.471

Top tied mutations (C + D view):
C:V218L	D:V491L	logit=-0.434
C:K191R	D:K464R	logit=-0.562
C:S180T	D:S453T	logit=-0.672
C:T42V	D:T315V	logit=-0.731
C:S89A	D:S362A	logit=-0.885

Top tied mutations (A + B view):
A:T18V	B:T215V	logit=-0.390
A:N55S	B:N252S	logit=-0.450
A:N54V	B:N251V	logit=-0.766
A:E100V	B:E297V	logit=-1.230
A:N57R	B:N254R	logit=-1.512

Top tied mutations (C + D view):
C:V218L	D:V491L	logit=-0.418
C:K191R	D:K464R	logit=-0.513
C:S180T	D:S453T	logit=-0.642
C:T42V	D:T315V	logit=-0.703
C:S89A	D:S362A	logit=-0.819

Top tied mutations (A + B view):
A:T18V	B:T215V	logit=-0.412
A:N55S	B:N252S	logit=-0.481
A:N54V	B:N251V	logit=-0.720
A:E100V	B:E297V	logit=-1.387
A:V102I	B:V299I	logit=-1.488

Top tied mutations (C + D view):
C:V218L	D:V491L	logit=-0.434
C:K191R	D:K464R	logit=-0.521
C:S180T	D:S453T	logit=-0.654
C:N51P	D:N324P	logit=-0.758
C:T42V	D:T315V	logit=-0.760

Top tied mutations (A + B view):
A:T18V	B:T215V	logit=-0.358
A:N55S	B:N252S	logit=-0.533
A:N54V	B:N251V	logit=-0.843
A:E100V	B:E297V	logit=-1.288
A:N57R	B:N254R	logit=-1.383

Top tied mutations (C + D view):
C:V218L	D:V491L	logit=-0.423
C:K191R	D:K464R	logit=-0.528
C:S180T	D:S453T	logit=-0.643
C:T42V	D:T315V	logit=-0.711
C:N51P	D:N324P	logit=-0.844

Top tied mutations (A + B view):
A:T18V	B:T215V	logit=-0.405
A:N55S	B:N252S	logit=-0.515
A:N54V	B:N251V	logit=-0.733
A:E100V	B:E297V	logit=-1.399
A:V58T	B:V255T	logit=-1.538

Top tied mutations (C + D view):
C:V218L	D:V491L	logit=-0.460
C:K191R	D:K464R	logit=-0.533
C:S180T	D:S453T	logit=-0.645
C:N51P	D:N324P	logit=-0.801
C:T42V	D:T315V	logit=-0.801

Top tied mutations (A + B view):
A:T18V	B:T215V	logit=-0.426
A:N55S	B:N252S	logit=-0.462
A:N54V	B:N251V	logit=-0.659
A:E100V	B:E297V	logit=-1.460
A:V102I	B:V299I	logit=-1.534

Top tied mutations (C + D view):
C:V218L	D:V491L	logit=-0.476
C:K191R	D:K464R	logit=-0.509
C:S180T	D:S453T	logit=-0.656
C:T42V	D:T315V	logit=-0.708
C:N51P	D:N324P	logit=-0.787

Top tied mutations (A + B view):
A:T18V	B:T215V	logit=-0.382
A:N55S	B:N252S	logit=-0.494
A:N54V	B:N251V	logit=-0.915
A:E100V	B:E297V	logit=-1.292
A:V102I	B:V299I	logit=-1.546

Top tied mutations (C + D view):
C:V218L	D:V491L	logit=-0.475
C:K191R	D:K464R	logit=-0.602
C:S180T	D:S453T	logit=-0.643
C:T42V	D:T315V	logit=-0.754
C:N51P	D:N324P	logit=-0.838

Top tied mutations (A + B view):
A:T18V	B:T215V	logit=-0.480
A:N55S	B:N252S	logit=-0.513
A:N54V	B:N251V	logit=-0.796
A:E100V	B:E297V	logit=-1.309
A:V102I	B:V299I	logit=-1.460

Top tied mutations (C + D view):
C:V218L	D:V491L	logit=-0.481
C:K191R	D:K464R	logit=-0.570
C:S180T	D:S453T	logit=-0.655
C:T42V	D:T315V	logit=-0.709
C:N51P	D:N324P	logit=-0.834

Top tied mutations (A + B view):
A:T18V	B:T215V	logit=-0.390
A:N55S	B:N252S	logit=-0.483
A:N54V	B:N251V	logit=-0.945
A:E100V	B:E297V	logit=-1.249
A:V102I	B:V299I	logit=-1.594

Top tied mutations (C + D view):
C:V218L	D:V491L	logit=-0.422
C:K191R	D:K464R	logit=-0.524
C:S180T	D:S453T	logit=-0.659
C:T42V	D:T315V	logit=-0.710
C:N51P	D:N324P	logit=-0.916

Top tied mutations (A + B view):
A:T18V	B:T215V	logit=-0.373
A:N55S	B:N252S	logit=-0.507
A:N54V	B:N251V	logit=-0.818
A:E100V	B:E297V	logit=-1.342
A:N54I	B:N251I	logit=-1.454

Top tied mutations (C + D view):
C:V218L	D:V491L	logit=-0.442
C:K191R	D:K464R	logit=-0.579
C:S180T	D:S453T	logit=-0.655
C:T42V	D:T315V	logit=-0.785
C:N51P	D:N324P	logit=-0.798

Top tied mutations (A + B view):
A:T18V	B:T215V	logit=-0.405
A:N55S	B:N252S	logit=-0.454
A:N54V	B:N251V	logit=-0.847
A:E100V	B:E297V	logit=-1.315
A:V102I	B:V299I	logit=-1.514

Top tied mutations (C + D view):
C:V218L	D:V491L	logit=-0.419
C:K191R	D:K464R	logit=-0.581
C:S180T	D:S453T	logit=-0.665
C:T42V	D:T315V	logit=-0.728
C:N51P	D:N324P	logit=-0.836

Top tied mutations (A + B view):
A:T18V	B:T215V	logit=-0.430
A:N55S	B:N252S	logit=-0.553
A:N54V	B:N251V	logit=-0.746
A:E100V	B:E297V	logit=-1.148
A:V102I	B:V299I	logit=-1.523

Top tied mutations (C + D view):
C:V218L	D:V491L	logit=-0.432
C:K191R	D:K464R	logit=-0.567
C:S180T	D:S453T	logit=-0.672
C:T42V	D:T315V	logit=-0.732
C:N51P	D:N324P	logit=-0.862

Top tied mutations (A + B view):
A:T18V	B:T215V	logit=-0.359
A:N55S	B:N252S	logit=-0.518
A:N54V	B:N251V	logit=-0.683
A:E100V	B:E297V	logit=-1.283
A:V102I	B:V299I	logit=-1.504

Top tied mutations (C + D view):
C:V218L	D:V491L	logit=-0.497
C:K191R	D:K464R	logit=-0.619
C:S180T	D:S453T	logit=-0.670
C:T42V	D:T315V	logit=-0.715
C:S89A	D:S362A	logit=-0.902

Top tied mutations (A + B view):
A:T18V	B:T215V	logit=-0.350
A:N55S	B:N252S	logit=-0.456
A:N54V	B:N251V	logit=-0.934
A:E100V	B:E297V	logit=-1.364
A:V102I	B:V299I	logit=-1.558

Top tied mutations (C + D view):
C:V218L	D:V491L	logit=-0.478
C:S180T	D:S453T	logit=-0.649
C:K191R	D:K464R	logit=-0.653
C:T42V	D:T315V	logit=-0.719
C:N51P	D:N324P	logit=-0.811

Top tied mutations (A + B view):
A:T18V	B:T215V	logit=-0.408
A:N55S	B:N252S	logit=-0.524
A:N54V	B:N251V	logit=-0.742
A:E100V	B:E297V	logit=-1.420
A:N54I	B:N251I	logit=-1.451

Top tied mutations (C + D view):
C:V218L	D:V491L	logit=-0.484
C:K191R	D:K464R	logit=-0.574
C:S180T	D:S453T	logit=-0.664
C:T42V	D:T315V	logit=-0.717
C:A168P	D:A441P	logit=-0.940

Top tied mutations (A + B view):
A:T18V	B:T215V	logit=-0.383
A:N55S	B:N252S	logit=-0.513
A:N54V	B:N251V	logit=-0.919
A:E100V	B:E297V	logit=-1.239
A:V102I	B:V299I	logit=-1.435

Top tied mutations (C + D view):
C:V218L	D:V491L	logit=-0.440
C:K191R	D:K464R	logit=-0.578
C:S180T	D:S453T	logit=-0.638
C:T42V	D:T315V	logit=-0.737
C:N51P	D:N324P	logit=-0.799

Top tied mutations (A + B view):
A:T18V	B:T215V	logit=-0.445
A:N55S	B:N252S	logit=-0.543
A:N54V	B:N251V	logit=-0.693
A:E100V	B:E297V	logit=-1.209
A:V102I	B:V299I	logit=-1.583

Top tied mutations (C + D view):
C:V218L	D:V491L	logit=-0.426
C:K191R	D:K464R	logit=-0.526
C:S180T	D:S453T	logit=-0.651
C:T42V	D:T315V	logit=-0.758
C:N51P	D:N324P	logit=-0.813

Top tied mutations (A + B view):
A:T18V	B:T215V	logit=-0.443
A:N55S	B:N252S	logit=-0.472
A:N54V	B:N251V	logit=-0.937
A:E100V	B:E297V	logit=-1.332
A:V102I	B:V299I	logit=-1.450

Top tied mutations (C + D view):
C:V218L	D:V491L	logit=-0.408
C:K191R	D:K464R	logit=-0.521
C:S180T	D:S453T	logit=-0.673
C:T42V	D:T315V	logit=-0.701
C:N51P	D:N324P	logit=-0.843

Top tied mutations (A + B view):
A:T18V	B:T215V	logit=-0.382
A:N55S	B:N252S	logit=-0.481
A:N54V	B:N251V	logit=-0.657
A:E100V	B:E297V	logit=-1.416
A:N57R	B:N254R	logit=-1.509

Top tied mutations (C + D view):
C:V218L	D:V491L	logit=-0.433
C:K191R	D:K464R	logit=-0.501
C:S180T	D:S453T	logit=-0.641
C:T42V	D:T315V	logit=-0.669
C:N51P	D:N324P	logit=-0.773

Top tied mutations (A + B view):
A:T18V	B:T215V	logit=-0.305
A:N55S	B:N252S	logit=-0.521
A:N54V	B:N251V	logit=-0.777
A:E100V	B:E297V	logit=-1.297
A:V102I	B:V299I	logit=-1.517

Top tied mutations (C + D view):
C:V218L	D:V491L	logit=-0.503
C:K191R	D:K464R	logit=-0.623
C:S180T	D:S453T	logit=-0.673
C:T42V	D:T315V	logit=-0.706
C:N51P	D:N324P	logit=-0.834

Top tied mutations (A + B view):
A:T18V	B:T215V	logit=-0.429
A:N55S	B:N252S	logit=-0.523
A:N54V	B:N251V	logit=-0.882
A:E100V	B:E297V	logit=-1.290
A:V102I	B:V299I	logit=-1.483

Top tied mutations (C + D view):
C:V218L	D:V491L	logit=-0.417
C:K191R	D:K464R	logit=-0.515
C:S180T	D:S453T	logit=-0.684
C:T42V	D:T315V	logit=-0.729
C:S89A	D:S362A	logit=-0.898

Top tied mutations (A + B view):
A:T18V	B:T215V	logit=-0.472
A:N55S	B:N252S	logit=-0.501
A:N54V	B:N251V	logit=-0.737
A:E100V	B:E297V	logit=-1.347
A:V102I	B:V299I	logit=-1.468

Top tied mutations (C + D view):
C:V218L	D:V491L	logit=-0.460
C:K191R	D:K464R	logit=-0.579
C:S180T	D:S453T	logit=-0.646
C:T42V	D:T315V	logit=-0.755
C:S89A	D:S362A	logit=-0.771

Top tied mutations (A + B view):
A:T18V	B:T215V	logit=-0.380
A:N55S	B:N252S	logit=-0.507
A:N54V	B:N251V	logit=-0.883
A:E100V	B:E297V	logit=-1.319
A:V102I	B:V299I	logit=-1.553

Top tied mutations (C + D view):
C:V218L	D:V491L	logit=-0.448
C:K191R	D:K464R	logit=-0.551
C:S180T	D:S453T	logit=-0.652
C:T42V	D:T315V	logit=-0.778
C:N51P	D:N324P	logit=-0.885

Top tied mutations (A + B view):
A:T18V	B:T215V	logit=-0.434
A:N55S	B:N252S	logit=-0.580
A:N54V	B:N251V	logit=-0.815
A:E100V	B:E297V	logit=-1.273
A:V102I	B:V299I	logit=-1.415

Top tied mutations (C + D view):
C:V218L	D:V491L	logit=-0.445
C:K191R	D:K464R	logit=-0.550
C:S180T	D:S453T	logit=-0.673
C:T42V	D:T315V	logit=-0.747
C:N51P	D:N324P	logit=-0.876

Top tied mutations (A + B view):
A:N55S	B:N252S	logit=-0.402
A:T18V	B:T215V	logit=-0.421
A:N54V	B:N251V	logit=-0.718
A:E100V	B:E297V	logit=-1.374
A:N57R	B:N254R	logit=-1.412

Top tied mutations (C + D view):
C:V218L	D:V491L	logit=-0.435
C:K191R	D:K464R	logit=-0.566
C:S180T	D:S453T	logit=-0.644
C:T42V	D:T315V	logit=-0.702
C:S89A	D:S362A	logit=-0.910

Top tied mutations (A + B view):
A:T18V	B:T215V	logit=-0.417
A:N55S	B:N252S	logit=-0.505
A:N54V	B:N251V	logit=-0.859
A:E100V	B:E297V	logit=-1.375
A:V102I	B:V299I	logit=-1.474

Top tied mutations (C + D view):
C:V218L	D:V491L	logit=-0.445
C:K191R	D:K464R	logit=-0.538
C:S180T	D:S453T	logit=-0.649
C:T42V	D:T315V	logit=-0.737
C:N51P	D:N324P	logit=-0.810

Top tied mutations (A + B view):
A:T18V	B:T215V	logit=-0.334
A:N55S	B:N252S	logit=-0.600
A:N54V	B:N251V	logit=-0.819
A:V102I	B:V299I	logit=-1.359
A:E100V	B:E297V	logit=-1.378

Top tied mutations (C + D view):
C:V218L	D:V491L	logit=-0.389
C:K191R	D:K464R	logit=-0.623
C:S180T	D:S453T	logit=-0.686
C:T42V	D:T315V	logit=-0.751
C:N51P	D:N324P	logit=-0.887

Top tied mutations (A + B view):
A:T18V	B:T215V	logit=-0.424
A:N55S	B:N252S	logit=-0.546
A:N54V	B:N251V	logit=-0.812
A:E100V	B:E297V	logit=-1.247
A:V102I	B:V299I	logit=-1.579

Top tied mutations (C + D view):
C:V218L	D:V491L	logit=-0.469
C:K191R	D:K464R	logit=-0.609
C:S180T	D:S453T	logit=-0.681
C:T42V	D:T315V	logit=-0.742
C:N51P	D:N324P	logit=-0.807

Top tied mutations (A + B view):
A:T18V	B:T215V	logit=-0.477
A:N55S	B:N252S	logit=-0.497
A:N54V	B:N251V	logit=-0.704
A:E100V	B:E297V	logit=-1.248
A:N54I	B:N251I	logit=-1.527

Top tied mutations (C + D view):
C:V218L	D:V491L	logit=-0.450
C:K191R	D:K464R	logit=-0.572
C:S180T	D:S453T	logit=-0.641
C:T42V	D:T315V	logit=-0.728
C:S89A	D:S362A	logit=-0.847

Top tied mutations (A + B view):
A:T18V	B:T215V	logit=-0.348
A:N55S	B:N252S	logit=-0.426
A:N54V	B:N251V	logit=-0.803
A:E100V	B:E297V	logit=-1.371
A:N54I	B:N251I	logit=-1.553

Top tied mutations (C + D view):
C:V218L	D:V491L	logit=-0.456
C:K191R	D:K464R	logit=-0.545
C:S180T	D:S453T	logit=-0.676
C:T42V	D:T315V	logit=-0.785
C:N51P	D:N324P	logit=-0.846

Top tied mutations (A + B view):
A:T18V	B:T215V	logit=-0.421
A:N55S	B:N252S	logit=-0.508
A:N54V	B:N251V	logit=-0.701
A:E100V	B:E297V	logit=-1.389
A:N54I	B:N251I	logit=-1.452

Top tied mutations (C + D view):
C:V218L	D:V491L	logit=-0.434
C:K191R	D:K464R	logit=-0.576
C:S180T	D:S453T	logit=-0.661
C:T42V	D:T315V	logit=-0.780
C:N51P	D:N324P	logit=-0.815

Top tied mutations (A + B view):
A:T18V	B:T215V	logit=-0.388
A:N55S	B:N252S	logit=-0.505
A:N54V	B:N251V	logit=-0.706
A:E100V	B:E297V	logit=-1.271
A:R61K	B:R258K	logit=-1.423

Top tied mutations (C + D view):
C:V218L	D:V491L	logit=-0.429
C:K191R	D:K464R	logit=-0.581
C:S180T	D:S453T	logit=-0.685
C:T42V	D:T315V	logit=-0.686
C:N51P	D:N324P	logit=-0.775
Counter({'A:T18V': 1000, 'A:N55S': 1000, 'A:N54V': 1000, 'A:E100V': 999, 'A:V102I': 438, 'A:N54I': 229, 'A:N57R': 177, 'A:R61K': 90, 'A:V58T': 39, 'A:R61V': 28})
Counter({'C:V218L': 1000, 'C:K191R': 1000, 'C:S180T': 1000, 'C:T42V': 1000, 'C:N51P': 748, 'C:S89A': 215, 'C:N219S': 15, 'C:A168P': 13, 'C:S72G': 6, 'C:H175P': 2, 'C:V40L': 1})
