/home/zhuggan1/scr4_jgray21/zhuggan1/miniconda3/envs/mpnn/bin/python
Torch loaded: 2.1.1+cu118
----------------------------------------
pssm_jsonl is NOT loaded
----------------------------------------
omit_AA_jsonl is NOT loaded
----------------------------------------
bias_AA_jsonl is NOT loaded
----------------------------------------
bias by residue dictionary is not loaded, or not provided
----------------------------------------
discarded {'bad_chars': 0, 'too_long': 0, 'bad_seq_length': 0}
----------------------------------------
Number of edges: 48
Training noise level: 0.2A
Calculating conditional probabilities for merged_tetramer_ignorechain

Top tied mutations (A + B view):
A:T18V	B:T215V	logit=-0.815
A:N55S	B:N252S	logit=-1.002
A:N54V	B:N251V	logit=-1.483
A:E100V	B:E297V	logit=-2.586
A:I30V	B:I227V	logit=-2.640

Top tied mutations (C + D view):
C:V218L	D:V491L	logit=-0.395
C:K191R	D:K464R	logit=-0.625
C:S180T	D:S453T	logit=-0.634
C:T42V	D:T315V	logit=-0.703
C:N51P	D:N324P	logit=-0.787

Top tied mutations (A + B view):
A:T18V	B:T215V	logit=-0.766
A:N55S	B:N252S	logit=-1.002
A:N54V	B:N251V	logit=-1.563
A:E100V	B:E297V	logit=-2.581
A:I30V	B:I227V	logit=-2.667

Top tied mutations (C + D view):
C:V218L	D:V491L	logit=-0.422
C:K191R	D:K464R	logit=-0.614
C:S180T	D:S453T	logit=-0.640
C:T42V	D:T315V	logit=-0.740
C:S89A	D:S362A	logit=-0.864

Top tied mutations (A + B view):
A:T18V	B:T215V	logit=-0.704
A:N55S	B:N252S	logit=-1.027
A:N54V	B:N251V	logit=-1.711
A:E100V	B:E297V	logit=-2.548
A:I30V	B:I227V	logit=-2.709

Top tied mutations (C + D view):
C:V218L	D:V491L	logit=-0.466
C:K191R	D:K464R	logit=-0.533
C:S180T	D:S453T	logit=-0.635
C:T42V	D:T315V	logit=-0.701
C:N51P	D:N324P	logit=-0.755

Top tied mutations (A + B view):
A:T18V	B:T215V	logit=-0.820
A:N55S	B:N252S	logit=-1.021
A:N54V	B:N251V	logit=-1.689
A:I30V	B:I227V	logit=-2.623
A:E100V	B:E297V	logit=-2.680

Top tied mutations (C + D view):
C:V218L	D:V491L	logit=-0.423
C:K191R	D:K464R	logit=-0.512
C:S180T	D:S453T	logit=-0.646
C:T42V	D:T315V	logit=-0.719
C:N51P	D:N324P	logit=-0.750

Top tied mutations (A + B view):
A:T18V	B:T215V	logit=-0.780
A:N55S	B:N252S	logit=-1.043
A:N54V	B:N251V	logit=-1.586
A:E100V	B:E297V	logit=-2.410
A:I30V	B:I227V	logit=-2.561

Top tied mutations (C + D view):
C:V218L	D:V491L	logit=-0.482
C:K191R	D:K464R	logit=-0.622
C:S180T	D:S453T	logit=-0.671
C:T42V	D:T315V	logit=-0.727
C:N51P	D:N324P	logit=-0.748

Top tied mutations (A + B view):
A:T18V	B:T215V	logit=-0.787
A:N55S	B:N252S	logit=-0.973
A:N54V	B:N251V	logit=-1.529
A:E100V	B:E297V	logit=-2.428
A:I30V	B:I227V	logit=-2.654

Top tied mutations (C + D view):
C:V218L	D:V491L	logit=-0.452
C:K191R	D:K464R	logit=-0.505
C:S180T	D:S453T	logit=-0.664
C:T42V	D:T315V	logit=-0.719
C:N51P	D:N324P	logit=-0.863

Top tied mutations (A + B view):
A:T18V	B:T215V	logit=-0.743
A:N55S	B:N252S	logit=-1.085
A:N54V	B:N251V	logit=-1.571
A:E100V	B:E297V	logit=-2.525
A:I30V	B:I227V	logit=-2.541

Top tied mutations (C + D view):
C:V218L	D:V491L	logit=-0.445
C:K191R	D:K464R	logit=-0.577
C:S180T	D:S453T	logit=-0.667
C:T42V	D:T315V	logit=-0.714
C:N51P	D:N324P	logit=-0.853

Top tied mutations (A + B view):
A:T18V	B:T215V	logit=-0.805
A:N55S	B:N252S	logit=-1.021
A:N54V	B:N251V	logit=-1.532
A:E100V	B:E297V	logit=-2.590
A:I30V	B:I227V	logit=-2.710

Top tied mutations (C + D view):
C:V218L	D:V491L	logit=-0.415
C:K191R	D:K464R	logit=-0.664
C:S180T	D:S453T	logit=-0.685
C:T42V	D:T315V	logit=-0.751
C:N51P	D:N324P	logit=-0.849

Top tied mutations (A + B view):
A:T18V	B:T215V	logit=-0.862
A:N55S	B:N252S	logit=-1.064
A:N54V	B:N251V	logit=-1.687
A:I30V	B:I227V	logit=-2.487
A:E100V	B:E297V	logit=-2.635

Top tied mutations (C + D view):
C:V218L	D:V491L	logit=-0.484
C:K191R	D:K464R	logit=-0.597
C:S180T	D:S453T	logit=-0.649
C:T42V	D:T315V	logit=-0.666
C:N51P	D:N324P	logit=-0.801

Top tied mutations (A + B view):
A:T18V	B:T215V	logit=-0.814
A:N55S	B:N252S	logit=-0.990
A:N54V	B:N251V	logit=-1.519
A:E100V	B:E297V	logit=-2.540
A:I30V	B:I227V	logit=-2.551

Top tied mutations (C + D view):
C:V218L	D:V491L	logit=-0.449
C:K191R	D:K464R	logit=-0.512
C:S180T	D:S453T	logit=-0.673
C:T42V	D:T315V	logit=-0.728
C:S89A	D:S362A	logit=-0.873

Top tied mutations (A + B view):
A:T18V	B:T215V	logit=-0.805
A:N55S	B:N252S	logit=-0.924
A:N54V	B:N251V	logit=-1.582
A:I30V	B:I227V	logit=-2.511
A:E100V	B:E297V	logit=-2.578

Top tied mutations (C + D view):
C:V218L	D:V491L	logit=-0.422
C:K191R	D:K464R	logit=-0.466
C:S180T	D:S453T	logit=-0.651
C:T42V	D:T315V	logit=-0.717
C:S89A	D:S362A	logit=-0.918

Top tied mutations (A + B view):
A:T18V	B:T215V	logit=-0.777
A:N55S	B:N252S	logit=-0.979
A:N54V	B:N251V	logit=-1.526
A:E100V	B:E297V	logit=-2.583
A:I30V	B:I227V	logit=-2.736

Top tied mutations (C + D view):
C:V218L	D:V491L	logit=-0.451
C:K191R	D:K464R	logit=-0.558
C:S180T	D:S453T	logit=-0.673
C:T42V	D:T315V	logit=-0.783
C:N51P	D:N324P	logit=-0.802

Top tied mutations (A + B view):
A:T18V	B:T215V	logit=-0.735
A:N55S	B:N252S	logit=-1.021
A:N54V	B:N251V	logit=-1.553
A:E100V	B:E297V	logit=-2.486
A:I30V	B:I227V	logit=-2.602

Top tied mutations (C + D view):
C:V218L	D:V491L	logit=-0.496
C:K191R	D:K464R	logit=-0.593
C:S180T	D:S453T	logit=-0.671
C:T42V	D:T315V	logit=-0.825
C:S89A	D:S362A	logit=-0.886

Top tied mutations (A + B view):
A:T18V	B:T215V	logit=-0.801
A:N55S	B:N252S	logit=-0.987
A:N54V	B:N251V	logit=-1.761
A:E100V	B:E297V	logit=-2.503
A:I30V	B:I227V	logit=-2.531

Top tied mutations (C + D view):
C:V218L	D:V491L	logit=-0.466
C:K191R	D:K464R	logit=-0.535
C:S180T	D:S453T	logit=-0.672
C:T42V	D:T315V	logit=-0.694
C:N51P	D:N324P	logit=-0.878

Top tied mutations (A + B view):
A:T18V	B:T215V	logit=-0.777
A:N55S	B:N252S	logit=-1.045
A:N54V	B:N251V	logit=-1.634
A:I30V	B:I227V	logit=-2.447
A:E100V	B:E297V	logit=-2.465

Top tied mutations (C + D view):
C:V218L	D:V491L	logit=-0.471
C:K191R	D:K464R	logit=-0.524
C:S180T	D:S453T	logit=-0.662
C:T42V	D:T315V	logit=-0.759
C:N51P	D:N324P	logit=-0.824

Top tied mutations (A + B view):
A:T18V	B:T215V	logit=-0.791
A:N55S	B:N252S	logit=-1.074
A:N54V	B:N251V	logit=-1.439
A:E100V	B:E297V	logit=-2.467
A:I30V	B:I227V	logit=-2.584

Top tied mutations (C + D view):
C:V218L	D:V491L	logit=-0.449
C:K191R	D:K464R	logit=-0.519
C:S180T	D:S453T	logit=-0.666
C:T42V	D:T315V	logit=-0.704
C:N51P	D:N324P	logit=-0.829

Top tied mutations (A + B view):
A:T18V	B:T215V	logit=-0.767
A:N55S	B:N252S	logit=-1.153
A:N54V	B:N251V	logit=-1.700
A:I30V	B:I227V	logit=-2.483
A:E100V	B:E297V	logit=-2.497

Top tied mutations (C + D view):
C:V218L	D:V491L	logit=-0.489
C:K191R	D:K464R	logit=-0.564
C:S180T	D:S453T	logit=-0.635
C:T42V	D:T315V	logit=-0.714
C:N51P	D:N324P	logit=-0.808

Top tied mutations (A + B view):
A:T18V	B:T215V	logit=-0.812
A:N55S	B:N252S	logit=-1.032
A:N54V	B:N251V	logit=-1.597
A:E100V	B:E297V	logit=-2.443
A:I30V	B:I227V	logit=-2.665

Top tied mutations (C + D view):
C:V218L	D:V491L	logit=-0.496
C:K191R	D:K464R	logit=-0.510
C:S180T	D:S453T	logit=-0.654
C:T42V	D:T315V	logit=-0.746
C:N51P	D:N324P	logit=-0.821

Top tied mutations (A + B view):
A:T18V	B:T215V	logit=-0.784
A:N55S	B:N252S	logit=-1.048
A:N54V	B:N251V	logit=-1.644
A:I30V	B:I227V	logit=-2.559
A:E100V	B:E297V	logit=-2.567

Top tied mutations (C + D view):
C:V218L	D:V491L	logit=-0.482
C:K191R	D:K464R	logit=-0.528
C:S180T	D:S453T	logit=-0.647
C:T42V	D:T315V	logit=-0.761
C:N51P	D:N324P	logit=-0.805

Top tied mutations (A + B view):
A:T18V	B:T215V	logit=-0.742
A:N55S	B:N252S	logit=-0.980
A:N54V	B:N251V	logit=-1.620
A:I30V	B:I227V	logit=-2.437
A:E100V	B:E297V	logit=-2.542

Top tied mutations (C + D view):
C:V218L	D:V491L	logit=-0.481
C:K191R	D:K464R	logit=-0.585
C:S180T	D:S453T	logit=-0.647
C:T42V	D:T315V	logit=-0.691
C:N51P	D:N324P	logit=-0.894

Top tied mutations (A + B view):
A:T18V	B:T215V	logit=-0.823
A:N55S	B:N252S	logit=-1.001
A:N54V	B:N251V	logit=-1.652
A:E100V	B:E297V	logit=-2.529
A:I30V	B:I227V	logit=-2.678

Top tied mutations (C + D view):
C:V218L	D:V491L	logit=-0.423
C:K191R	D:K464R	logit=-0.509
C:S180T	D:S453T	logit=-0.658
C:T42V	D:T315V	logit=-0.713
C:N51P	D:N324P	logit=-0.781

Top tied mutations (A + B view):
A:T18V	B:T215V	logit=-0.751
A:N55S	B:N252S	logit=-1.003
A:N54V	B:N251V	logit=-1.634
A:E100V	B:E297V	logit=-2.479
A:I30V	B:I227V	logit=-2.584

Top tied mutations (C + D view):
C:V218L	D:V491L	logit=-0.423
C:K191R	D:K464R	logit=-0.553
C:S180T	D:S453T	logit=-0.680
C:T42V	D:T315V	logit=-0.743
C:N51P	D:N324P	logit=-0.781

Top tied mutations (A + B view):
A:T18V	B:T215V	logit=-0.799
A:N55S	B:N252S	logit=-1.014
A:N54V	B:N251V	logit=-1.613
A:E100V	B:E297V	logit=-2.525
A:I30V	B:I227V	logit=-2.572

Top tied mutations (C + D view):
C:V218L	D:V491L	logit=-0.466
C:K191R	D:K464R	logit=-0.515
C:S180T	D:S453T	logit=-0.642
C:T42V	D:T315V	logit=-0.724
C:N51P	D:N324P	logit=-0.809

Top tied mutations (A + B view):
A:T18V	B:T215V	logit=-0.765
A:N55S	B:N252S	logit=-1.078
A:N54V	B:N251V	logit=-1.479
A:E100V	B:E297V	logit=-2.521
A:I30V	B:I227V	logit=-2.598

Top tied mutations (C + D view):
C:V218L	D:V491L	logit=-0.477
C:K191R	D:K464R	logit=-0.557
C:S180T	D:S453T	logit=-0.661
C:T42V	D:T315V	logit=-0.686
C:A168P	D:A441P	logit=-0.901

Top tied mutations (A + B view):
A:T18V	B:T215V	logit=-0.791
A:N55S	B:N252S	logit=-0.962
A:N54V	B:N251V	logit=-1.562
A:E100V	B:E297V	logit=-2.629
A:I30V	B:I227V	logit=-2.665

Top tied mutations (C + D view):
C:V218L	D:V491L	logit=-0.470
C:K191R	D:K464R	logit=-0.509
C:S180T	D:S453T	logit=-0.659
C:T42V	D:T315V	logit=-0.726
C:N51P	D:N324P	logit=-0.849

Top tied mutations (A + B view):
A:T18V	B:T215V	logit=-0.864
A:N55S	B:N252S	logit=-0.954
A:N54V	B:N251V	logit=-1.615
A:I30V	B:I227V	logit=-2.473
A:E100V	B:E297V	logit=-2.563

Top tied mutations (C + D view):
C:V218L	D:V491L	logit=-0.455
C:K191R	D:K464R	logit=-0.583
C:S180T	D:S453T	logit=-0.669
C:T42V	D:T315V	logit=-0.719
C:N51P	D:N324P	logit=-0.927

Top tied mutations (A + B view):
A:T18V	B:T215V	logit=-0.752
A:N55S	B:N252S	logit=-1.099
A:N54V	B:N251V	logit=-1.551
A:I30V	B:I227V	logit=-2.568
A:E100V	B:E297V	logit=-2.577

Top tied mutations (C + D view):
C:V218L	D:V491L	logit=-0.426
C:K191R	D:K464R	logit=-0.523
C:S180T	D:S453T	logit=-0.636
C:T42V	D:T315V	logit=-0.764
C:N51P	D:N324P	logit=-0.834

Top tied mutations (A + B view):
A:T18V	B:T215V	logit=-0.776
A:N55S	B:N252S	logit=-0.999
A:N54V	B:N251V	logit=-1.505
A:E100V	B:E297V	logit=-2.373
A:I30V	B:I227V	logit=-2.506

Top tied mutations (C + D view):
C:V218L	D:V491L	logit=-0.480
C:K191R	D:K464R	logit=-0.500
C:S180T	D:S453T	logit=-0.656
C:T42V	D:T315V	logit=-0.759
C:N51P	D:N324P	logit=-0.869

Top tied mutations (A + B view):
A:T18V	B:T215V	logit=-0.825
A:N55S	B:N252S	logit=-1.015
A:N54V	B:N251V	logit=-1.660
A:I30V	B:I227V	logit=-2.547
A:E100V	B:E297V	logit=-2.602

Top tied mutations (C + D view):
C:V218L	D:V491L	logit=-0.431
C:K191R	D:K464R	logit=-0.574
C:S180T	D:S453T	logit=-0.651
C:T42V	D:T315V	logit=-0.760
C:N51P	D:N324P	logit=-0.818

Top tied mutations (A + B view):
A:T18V	B:T215V	logit=-0.784
A:N55S	B:N252S	logit=-0.979
A:N54V	B:N251V	logit=-1.707
A:E100V	B:E297V	logit=-2.598
A:I30V	B:I227V	logit=-2.735

Top tied mutations (C + D view):
C:V218L	D:V491L	logit=-0.445
C:K191R	D:K464R	logit=-0.593
C:S180T	D:S453T	logit=-0.617
C:T42V	D:T315V	logit=-0.746
C:N51P	D:N324P	logit=-0.819

Top tied mutations (A + B view):
A:T18V	B:T215V	logit=-0.757
A:N55S	B:N252S	logit=-0.978
A:N54V	B:N251V	logit=-1.773
A:E100V	B:E297V	logit=-2.468
A:I30V	B:I227V	logit=-2.646

Top tied mutations (C + D view):
C:V218L	D:V491L	logit=-0.467
C:K191R	D:K464R	logit=-0.586
C:S180T	D:S453T	logit=-0.647
C:T42V	D:T315V	logit=-0.696
C:S89A	D:S362A	logit=-0.921

Top tied mutations (A + B view):
A:T18V	B:T215V	logit=-0.807
A:N55S	B:N252S	logit=-1.019
A:N54V	B:N251V	logit=-1.518
A:I30V	B:I227V	logit=-2.514
A:E100V	B:E297V	logit=-2.572

Top tied mutations (C + D view):
C:V218L	D:V491L	logit=-0.466
C:K191R	D:K464R	logit=-0.534
C:S180T	D:S453T	logit=-0.673
C:T42V	D:T315V	logit=-0.730
C:S89A	D:S362A	logit=-0.864

Top tied mutations (A + B view):
A:T18V	B:T215V	logit=-0.730
A:N55S	B:N252S	logit=-0.962
A:N54V	B:N251V	logit=-1.616
A:E100V	B:E297V	logit=-2.607
A:I30V	B:I227V	logit=-2.668

Top tied mutations (C + D view):
C:V218L	D:V491L	logit=-0.414
C:K191R	D:K464R	logit=-0.598
C:S180T	D:S453T	logit=-0.666
C:T42V	D:T315V	logit=-0.701
C:A168P	D:A441P	logit=-0.951

Top tied mutations (A + B view):
A:T18V	B:T215V	logit=-0.733
A:N55S	B:N252S	logit=-0.984
A:N54V	B:N251V	logit=-1.638
A:E100V	B:E297V	logit=-2.532
A:I30V	B:I227V	logit=-2.717

Top tied mutations (C + D view):
C:V218L	D:V491L	logit=-0.483
C:K191R	D:K464R	logit=-0.556
C:S180T	D:S453T	logit=-0.660
C:T42V	D:T315V	logit=-0.695
C:N51P	D:N324P	logit=-0.796

Top tied mutations (A + B view):
A:T18V	B:T215V	logit=-0.777
A:N55S	B:N252S	logit=-1.005
A:N54V	B:N251V	logit=-1.536
A:I30V	B:I227V	logit=-2.554
A:E100V	B:E297V	logit=-2.557

Top tied mutations (C + D view):
C:V218L	D:V491L	logit=-0.451
C:K191R	D:K464R	logit=-0.615
C:S180T	D:S453T	logit=-0.649
C:T42V	D:T315V	logit=-0.782
C:N51P	D:N324P	logit=-0.849

Top tied mutations (A + B view):
A:T18V	B:T215V	logit=-0.784
A:N55S	B:N252S	logit=-0.984
A:N54V	B:N251V	logit=-1.656
A:E100V	B:E297V	logit=-2.534
A:I30V	B:I227V	logit=-2.591

Top tied mutations (C + D view):
C:V218L	D:V491L	logit=-0.450
C:K191R	D:K464R	logit=-0.572
C:S180T	D:S453T	logit=-0.651
C:T42V	D:T315V	logit=-0.790
C:S89A	D:S362A	logit=-0.841

Top tied mutations (A + B view):
A:T18V	B:T215V	logit=-0.770
A:N55S	B:N252S	logit=-1.009
A:N54V	B:N251V	logit=-1.622
A:E100V	B:E297V	logit=-2.503
A:I30V	B:I227V	logit=-2.510

Top tied mutations (C + D view):
C:V218L	D:V491L	logit=-0.425
C:K191R	D:K464R	logit=-0.531
C:S180T	D:S453T	logit=-0.664
C:T42V	D:T315V	logit=-0.752
C:N51P	D:N324P	logit=-0.868

Top tied mutations (A + B view):
A:T18V	B:T215V	logit=-0.815
A:N55S	B:N252S	logit=-0.981
A:N54V	B:N251V	logit=-1.670
A:I30V	B:I227V	logit=-2.313
A:E100V	B:E297V	logit=-2.560

Top tied mutations (C + D view):
C:V218L	D:V491L	logit=-0.413
C:K191R	D:K464R	logit=-0.642
C:S180T	D:S453T	logit=-0.665
C:T42V	D:T315V	logit=-0.733
C:N51P	D:N324P	logit=-0.807

Top tied mutations (A + B view):
A:T18V	B:T215V	logit=-0.748
A:N55S	B:N252S	logit=-0.953
A:N54V	B:N251V	logit=-1.575
A:E100V	B:E297V	logit=-2.598
A:I30V	B:I227V	logit=-2.618

Top tied mutations (C + D view):
C:V218L	D:V491L	logit=-0.453
C:K191R	D:K464R	logit=-0.600
C:S180T	D:S453T	logit=-0.681
C:T42V	D:T315V	logit=-0.701
C:N51P	D:N324P	logit=-0.812

Top tied mutations (A + B view):
A:T18V	B:T215V	logit=-0.768
A:N55S	B:N252S	logit=-0.994
A:N54V	B:N251V	logit=-1.763
A:E100V	B:E297V	logit=-2.503
A:I30V	B:I227V	logit=-2.603

Top tied mutations (C + D view):
C:V218L	D:V491L	logit=-0.435
C:K191R	D:K464R	logit=-0.558
C:S180T	D:S453T	logit=-0.667
C:T42V	D:T315V	logit=-0.724
C:S89A	D:S362A	logit=-0.834

Top tied mutations (A + B view):
A:T18V	B:T215V	logit=-0.744
A:N55S	B:N252S	logit=-0.951
A:N54V	B:N251V	logit=-1.583
A:I30V	B:I227V	logit=-2.549
A:E100V	B:E297V	logit=-2.560

Top tied mutations (C + D view):
C:V218L	D:V491L	logit=-0.415
C:K191R	D:K464R	logit=-0.564
C:S180T	D:S453T	logit=-0.652
C:T42V	D:T315V	logit=-0.738
C:N51P	D:N324P	logit=-0.835

Top tied mutations (A + B view):
A:T18V	B:T215V	logit=-0.778
A:N55S	B:N252S	logit=-1.006
A:N54V	B:N251V	logit=-1.679
A:E100V	B:E297V	logit=-2.439
A:I30V	B:I227V	logit=-2.603

Top tied mutations (C + D view):
C:V218L	D:V491L	logit=-0.442
C:K191R	D:K464R	logit=-0.468
C:S180T	D:S453T	logit=-0.666
C:T42V	D:T315V	logit=-0.754
C:N51P	D:N324P	logit=-0.882

Top tied mutations (A + B view):
A:T18V	B:T215V	logit=-0.739
A:N55S	B:N252S	logit=-0.921
A:N54V	B:N251V	logit=-1.561
A:E100V	B:E297V	logit=-2.320
A:I30V	B:I227V	logit=-2.567

Top tied mutations (C + D view):
C:V218L	D:V491L	logit=-0.469
C:K191R	D:K464R	logit=-0.512
C:S180T	D:S453T	logit=-0.638
C:T42V	D:T315V	logit=-0.700
C:N51P	D:N324P	logit=-0.857

Top tied mutations (A + B view):
A:T18V	B:T215V	logit=-0.773
A:N55S	B:N252S	logit=-1.007
A:N54V	B:N251V	logit=-1.609
A:E100V	B:E297V	logit=-2.499
A:I30V	B:I227V	logit=-2.609

Top tied mutations (C + D view):
C:V218L	D:V491L	logit=-0.474
C:K191R	D:K464R	logit=-0.548
C:S180T	D:S453T	logit=-0.660
C:T42V	D:T315V	logit=-0.784
C:N51P	D:N324P	logit=-0.858

Top tied mutations (A + B view):
A:T18V	B:T215V	logit=-0.794
A:N55S	B:N252S	logit=-1.024
A:N54V	B:N251V	logit=-1.685
A:E100V	B:E297V	logit=-2.532
A:I30V	B:I227V	logit=-2.546

Top tied mutations (C + D view):
C:V218L	D:V491L	logit=-0.483
C:K191R	D:K464R	logit=-0.594
C:S180T	D:S453T	logit=-0.639
C:T42V	D:T315V	logit=-0.773
C:S89A	D:S362A	logit=-0.912

Top tied mutations (A + B view):
A:T18V	B:T215V	logit=-0.769
A:N55S	B:N252S	logit=-0.916
A:N54V	B:N251V	logit=-1.631
A:E100V	B:E297V	logit=-2.464
A:I30V	B:I227V	logit=-2.639

Top tied mutations (C + D view):
C:V218L	D:V491L	logit=-0.457
C:K191R	D:K464R	logit=-0.631
C:S180T	D:S453T	logit=-0.639
C:T42V	D:T315V	logit=-0.763
C:N51P	D:N324P	logit=-0.813

Top tied mutations (A + B view):
A:T18V	B:T215V	logit=-0.777
A:N55S	B:N252S	logit=-1.039
A:N54V	B:N251V	logit=-1.655
A:E100V	B:E297V	logit=-2.592
A:I30V	B:I227V	logit=-2.607

Top tied mutations (C + D view):
C:V218L	D:V491L	logit=-0.459
C:K191R	D:K464R	logit=-0.603
C:S180T	D:S453T	logit=-0.681
C:T42V	D:T315V	logit=-0.712
C:N51P	D:N324P	logit=-0.825

Top tied mutations (A + B view):
A:T18V	B:T215V	logit=-0.797
A:N55S	B:N252S	logit=-0.986
A:N54V	B:N251V	logit=-1.653
A:E100V	B:E297V	logit=-2.615
A:I30V	B:I227V	logit=-2.623

Top tied mutations (C + D view):
C:V218L	D:V491L	logit=-0.429
C:K191R	D:K464R	logit=-0.530
C:S180T	D:S453T	logit=-0.654
C:T42V	D:T315V	logit=-0.757
C:N51P	D:N324P	logit=-0.863

Top tied mutations (A + B view):
A:T18V	B:T215V	logit=-0.738
A:N55S	B:N252S	logit=-1.066
A:N54V	B:N251V	logit=-1.649
A:E100V	B:E297V	logit=-2.560
A:I30V	B:I227V	logit=-2.595

Top tied mutations (C + D view):
C:V218L	D:V491L	logit=-0.416
C:K191R	D:K464R	logit=-0.540
C:S180T	D:S453T	logit=-0.659
C:T42V	D:T315V	logit=-0.779
C:N51P	D:N324P	logit=-0.829

Top tied mutations (A + B view):
A:T18V	B:T215V	logit=-0.760
A:N55S	B:N252S	logit=-1.006
A:N54V	B:N251V	logit=-1.520
A:E100V	B:E297V	logit=-2.463
A:I30V	B:I227V	logit=-2.464

Top tied mutations (C + D view):
C:V218L	D:V491L	logit=-0.415
C:K191R	D:K464R	logit=-0.539
C:S180T	D:S453T	logit=-0.641
C:T42V	D:T315V	logit=-0.729
C:N51P	D:N324P	logit=-0.804

Top tied mutations (A + B view):
A:T18V	B:T215V	logit=-0.802
A:N55S	B:N252S	logit=-1.024
A:N54V	B:N251V	logit=-1.602
A:I30V	B:I227V	logit=-2.644
A:E100V	B:E297V	logit=-2.648

Top tied mutations (C + D view):
C:V218L	D:V491L	logit=-0.476
C:K191R	D:K464R	logit=-0.533
C:T42V	D:T315V	logit=-0.659
C:S180T	D:S453T	logit=-0.669
C:N51P	D:N324P	logit=-0.820

Top tied mutations (A + B view):
A:T18V	B:T215V	logit=-0.723
A:N55S	B:N252S	logit=-0.931
A:N54V	B:N251V	logit=-1.649
A:E100V	B:E297V	logit=-2.697
A:I30V	B:I227V	logit=-2.771

Top tied mutations (C + D view):
C:V218L	D:V491L	logit=-0.437
C:K191R	D:K464R	logit=-0.520
C:S180T	D:S453T	logit=-0.680
C:T42V	D:T315V	logit=-0.780
C:N51P	D:N324P	logit=-0.856

Top tied mutations (A + B view):
A:T18V	B:T215V	logit=-0.823
A:N55S	B:N252S	logit=-1.079
A:N54V	B:N251V	logit=-1.581
A:E100V	B:E297V	logit=-2.498
A:I30V	B:I227V	logit=-2.541

Top tied mutations (C + D view):
C:V218L	D:V491L	logit=-0.436
C:K191R	D:K464R	logit=-0.548
C:S180T	D:S453T	logit=-0.668
C:T42V	D:T315V	logit=-0.729
C:N51P	D:N324P	logit=-0.758

Top tied mutations (A + B view):
A:T18V	B:T215V	logit=-0.710
A:N55S	B:N252S	logit=-0.989
A:N54V	B:N251V	logit=-1.475
A:E100V	B:E297V	logit=-2.481
A:I30V	B:I227V	logit=-2.573

Top tied mutations (C + D view):
C:V218L	D:V491L	logit=-0.483
C:K191R	D:K464R	logit=-0.626
C:S180T	D:S453T	logit=-0.663
C:T42V	D:T315V	logit=-0.726
C:N51P	D:N324P	logit=-0.748

Top tied mutations (A + B view):
A:T18V	B:T215V	logit=-0.744
A:N55S	B:N252S	logit=-1.092
A:N54V	B:N251V	logit=-1.648
A:I30V	B:I227V	logit=-2.485
A:E100V	B:E297V	logit=-2.530

Top tied mutations (C + D view):
C:V218L	D:V491L	logit=-0.465
C:K191R	D:K464R	logit=-0.525
C:S180T	D:S453T	logit=-0.663
C:T42V	D:T315V	logit=-0.734
C:N51P	D:N324P	logit=-0.792

Top tied mutations (A + B view):
A:T18V	B:T215V	logit=-0.683
A:N55S	B:N252S	logit=-1.028
A:N54V	B:N251V	logit=-1.568
A:I30V	B:I227V	logit=-2.505
A:E100V	B:E297V	logit=-2.519

Top tied mutations (C + D view):
C:V218L	D:V491L	logit=-0.483
C:K191R	D:K464R	logit=-0.583
C:S180T	D:S453T	logit=-0.665
C:T42V	D:T315V	logit=-0.786
C:N51P	D:N324P	logit=-0.868

Top tied mutations (A + B view):
A:T18V	B:T215V	logit=-0.825
A:N55S	B:N252S	logit=-1.064
A:N54V	B:N251V	logit=-1.678
A:E100V	B:E297V	logit=-2.574
A:I30V	B:I227V	logit=-2.779

Top tied mutations (C + D view):
C:V218L	D:V491L	logit=-0.482
C:K191R	D:K464R	logit=-0.522
C:S180T	D:S453T	logit=-0.671
C:T42V	D:T315V	logit=-0.776
C:N51P	D:N324P	logit=-0.842

Top tied mutations (A + B view):
A:T18V	B:T215V	logit=-0.779
A:N55S	B:N252S	logit=-0.995
A:N54V	B:N251V	logit=-1.702
A:E100V	B:E297V	logit=-2.535
A:I30V	B:I227V	logit=-2.732

Top tied mutations (C + D view):
C:V218L	D:V491L	logit=-0.448
C:K191R	D:K464R	logit=-0.567
C:S180T	D:S453T	logit=-0.658
C:T42V	D:T315V	logit=-0.714
C:S89A	D:S362A	logit=-0.839

Top tied mutations (A + B view):
A:T18V	B:T215V	logit=-0.734
A:N55S	B:N252S	logit=-1.007
A:N54V	B:N251V	logit=-1.463
A:E100V	B:E297V	logit=-2.454
A:I30V	B:I227V	logit=-2.627

Top tied mutations (C + D view):
C:V218L	D:V491L	logit=-0.403
C:K191R	D:K464R	logit=-0.558
C:S180T	D:S453T	logit=-0.624
C:T42V	D:T315V	logit=-0.697
C:N51P	D:N324P	logit=-0.877

Top tied mutations (A + B view):
A:T18V	B:T215V	logit=-0.782
A:N55S	B:N252S	logit=-0.991
A:N54V	B:N251V	logit=-1.522
A:I30V	B:I227V	logit=-2.502
A:E100V	B:E297V	logit=-2.591

Top tied mutations (C + D view):
C:V218L	D:V491L	logit=-0.399
C:K191R	D:K464R	logit=-0.562
C:S180T	D:S453T	logit=-0.647
C:T42V	D:T315V	logit=-0.737
C:N51P	D:N324P	logit=-0.772

Top tied mutations (A + B view):
A:T18V	B:T215V	logit=-0.715
A:N55S	B:N252S	logit=-1.055
A:N54V	B:N251V	logit=-1.632
A:E100V	B:E297V	logit=-2.497
A:I30V	B:I227V	logit=-2.583

Top tied mutations (C + D view):
C:V218L	D:V491L	logit=-0.406
C:K191R	D:K464R	logit=-0.519
C:S180T	D:S453T	logit=-0.679
C:T42V	D:T315V	logit=-0.729
C:S89A	D:S362A	logit=-0.850

Top tied mutations (A + B view):
A:T18V	B:T215V	logit=-0.731
A:N55S	B:N252S	logit=-0.980
A:N54V	B:N251V	logit=-1.626
A:I30V	B:I227V	logit=-2.657
A:E100V	B:E297V	logit=-2.669

Top tied mutations (C + D view):
C:V218L	D:V491L	logit=-0.446
C:K191R	D:K464R	logit=-0.575
C:S180T	D:S453T	logit=-0.660
C:N51P	D:N324P	logit=-0.790
C:T42V	D:T315V	logit=-0.803

Top tied mutations (A + B view):
A:T18V	B:T215V	logit=-0.820
A:N55S	B:N252S	logit=-1.007
A:N54V	B:N251V	logit=-1.616
A:E100V	B:E297V	logit=-2.549
A:I30V	B:I227V	logit=-2.668

Top tied mutations (C + D view):
C:V218L	D:V491L	logit=-0.497
C:K191R	D:K464R	logit=-0.582
C:S180T	D:S453T	logit=-0.647
C:T42V	D:T315V	logit=-0.657
C:N51P	D:N324P	logit=-0.767

Top tied mutations (A + B view):
A:T18V	B:T215V	logit=-0.749
A:N55S	B:N252S	logit=-0.992
A:N54V	B:N251V	logit=-1.643
A:E100V	B:E297V	logit=-2.559
A:I30V	B:I227V	logit=-2.622

Top tied mutations (C + D view):
C:V218L	D:V491L	logit=-0.447
C:K191R	D:K464R	logit=-0.558
C:S180T	D:S453T	logit=-0.661
C:T42V	D:T315V	logit=-0.755
C:S89A	D:S362A	logit=-0.857

Top tied mutations (A + B view):
A:T18V	B:T215V	logit=-0.778
A:N55S	B:N252S	logit=-1.051
A:N54V	B:N251V	logit=-1.460
A:E100V	B:E297V	logit=-2.447
A:I30V	B:I227V	logit=-2.628

Top tied mutations (C + D view):
C:V218L	D:V491L	logit=-0.449
C:K191R	D:K464R	logit=-0.612
C:S180T	D:S453T	logit=-0.665
C:T42V	D:T315V	logit=-0.727
C:S89A	D:S362A	logit=-0.927

Top tied mutations (A + B view):
A:T18V	B:T215V	logit=-0.810
A:N55S	B:N252S	logit=-1.024
A:N54V	B:N251V	logit=-1.559
A:E100V	B:E297V	logit=-2.559
A:I30V	B:I227V	logit=-2.646

Top tied mutations (C + D view):
C:V218L	D:V491L	logit=-0.460
C:K191R	D:K464R	logit=-0.592
C:S180T	D:S453T	logit=-0.635
C:T42V	D:T315V	logit=-0.720
C:N51P	D:N324P	logit=-0.733

Top tied mutations (A + B view):
A:T18V	B:T215V	logit=-0.746
A:N55S	B:N252S	logit=-1.021
A:N54V	B:N251V	logit=-1.649
A:E100V	B:E297V	logit=-2.561
A:I30V	B:I227V	logit=-2.620

Top tied mutations (C + D view):
C:V218L	D:V491L	logit=-0.471
C:K191R	D:K464R	logit=-0.548
C:S180T	D:S453T	logit=-0.634
C:T42V	D:T315V	logit=-0.706
C:N51P	D:N324P	logit=-0.884

Top tied mutations (A + B view):
A:T18V	B:T215V	logit=-0.782
A:N55S	B:N252S	logit=-1.031
A:N54V	B:N251V	logit=-1.631
A:E100V	B:E297V	logit=-2.586
A:I30V	B:I227V	logit=-2.724

Top tied mutations (C + D view):
C:V218L	D:V491L	logit=-0.437
C:K191R	D:K464R	logit=-0.550
C:S180T	D:S453T	logit=-0.670
C:T42V	D:T315V	logit=-0.738
C:N51P	D:N324P	logit=-0.761

Top tied mutations (A + B view):
A:T18V	B:T215V	logit=-0.759
A:N55S	B:N252S	logit=-1.025
A:N54V	B:N251V	logit=-1.725
A:E100V	B:E297V	logit=-2.485
A:I30V	B:I227V	logit=-2.537

Top tied mutations (C + D view):
C:V218L	D:V491L	logit=-0.439
C:K191R	D:K464R	logit=-0.522
C:S180T	D:S453T	logit=-0.643
C:T42V	D:T315V	logit=-0.676
C:N51P	D:N324P	logit=-0.807

Top tied mutations (A + B view):
A:T18V	B:T215V	logit=-0.800
A:N55S	B:N252S	logit=-1.001
A:N54V	B:N251V	logit=-1.562
A:E100V	B:E297V	logit=-2.552
A:I30V	B:I227V	logit=-2.612

Top tied mutations (C + D view):
C:V218L	D:V491L	logit=-0.425
C:K191R	D:K464R	logit=-0.612
C:S180T	D:S453T	logit=-0.668
C:T42V	D:T315V	logit=-0.711
C:N51P	D:N324P	logit=-0.825

Top tied mutations (A + B view):
A:T18V	B:T215V	logit=-0.811
A:N55S	B:N252S	logit=-1.022
A:N54V	B:N251V	logit=-1.656
A:E100V	B:E297V	logit=-2.438
A:I30V	B:I227V	logit=-2.552

Top tied mutations (C + D view):
C:V218L	D:V491L	logit=-0.439
C:K191R	D:K464R	logit=-0.567
C:S180T	D:S453T	logit=-0.682
C:T42V	D:T315V	logit=-0.735
C:N51P	D:N324P	logit=-0.798

Top tied mutations (A + B view):
A:T18V	B:T215V	logit=-0.803
A:N55S	B:N252S	logit=-1.086
A:N54V	B:N251V	logit=-1.568
A:E100V	B:E297V	logit=-2.612
A:I30V	B:I227V	logit=-2.660

Top tied mutations (C + D view):
C:V218L	D:V491L	logit=-0.430
C:K191R	D:K464R	logit=-0.562
C:S180T	D:S453T	logit=-0.670
C:T42V	D:T315V	logit=-0.692
C:N51P	D:N324P	logit=-0.826

Top tied mutations (A + B view):
A:T18V	B:T215V	logit=-0.788
A:N55S	B:N252S	logit=-0.988
A:N54V	B:N251V	logit=-1.592
A:E100V	B:E297V	logit=-2.649
A:I30V	B:I227V	logit=-2.754

Top tied mutations (C + D view):
C:V218L	D:V491L	logit=-0.471
C:K191R	D:K464R	logit=-0.557
C:S180T	D:S453T	logit=-0.633
C:T42V	D:T315V	logit=-0.700
C:N51P	D:N324P	logit=-0.766

Top tied mutations (A + B view):
A:T18V	B:T215V	logit=-0.818
A:N55S	B:N252S	logit=-1.013
A:N54V	B:N251V	logit=-1.608
A:E100V	B:E297V	logit=-2.471
A:I30V	B:I227V	logit=-2.561

Top tied mutations (C + D view):
C:V218L	D:V491L	logit=-0.424
C:K191R	D:K464R	logit=-0.527
C:S180T	D:S453T	logit=-0.651
C:T42V	D:T315V	logit=-0.682
C:N51P	D:N324P	logit=-0.824

Top tied mutations (A + B view):
A:T18V	B:T215V	logit=-0.787
A:N55S	B:N252S	logit=-1.031
A:N54V	B:N251V	logit=-1.659
A:I30V	B:I227V	logit=-2.577
A:E100V	B:E297V	logit=-2.594

Top tied mutations (C + D view):
C:K191R	D:K464R	logit=-0.470
C:V218L	D:V491L	logit=-0.475
C:S180T	D:S453T	logit=-0.648
C:T42V	D:T315V	logit=-0.739
C:N51P	D:N324P	logit=-0.769

Top tied mutations (A + B view):
A:T18V	B:T215V	logit=-0.777
A:N55S	B:N252S	logit=-1.000
A:N54V	B:N251V	logit=-1.593
A:I30V	B:I227V	logit=-2.499
A:E100V	B:E297V	logit=-2.580

Top tied mutations (C + D view):
C:V218L	D:V491L	logit=-0.480
C:K191R	D:K464R	logit=-0.555
C:S180T	D:S453T	logit=-0.647
C:T42V	D:T315V	logit=-0.697
C:N51P	D:N324P	logit=-0.799

Top tied mutations (A + B view):
A:T18V	B:T215V	logit=-0.747
A:N55S	B:N252S	logit=-1.034
A:N54V	B:N251V	logit=-1.632
A:E100V	B:E297V	logit=-2.450
A:I30V	B:I227V	logit=-2.614

Top tied mutations (C + D view):
C:V218L	D:V491L	logit=-0.475
C:K191R	D:K464R	logit=-0.579
C:S180T	D:S453T	logit=-0.656
C:N51P	D:N324P	logit=-0.730
C:T42V	D:T315V	logit=-0.730

Top tied mutations (A + B view):
A:T18V	B:T215V	logit=-0.780
A:N55S	B:N252S	logit=-1.039
A:N54V	B:N251V	logit=-1.661
A:E100V	B:E297V	logit=-2.517
A:I30V	B:I227V	logit=-2.522

Top tied mutations (C + D view):
C:V218L	D:V491L	logit=-0.470
C:K191R	D:K464R	logit=-0.546
C:S180T	D:S453T	logit=-0.626
C:T42V	D:T315V	logit=-0.684
C:N51P	D:N324P	logit=-0.852

Top tied mutations (A + B view):
A:T18V	B:T215V	logit=-0.736
A:N55S	B:N252S	logit=-0.992
A:N54V	B:N251V	logit=-1.572
A:E100V	B:E297V	logit=-2.553
A:I30V	B:I227V	logit=-2.651

Top tied mutations (C + D view):
C:V218L	D:V491L	logit=-0.481
C:K191R	D:K464R	logit=-0.601
C:S180T	D:S453T	logit=-0.646
C:T42V	D:T315V	logit=-0.731
C:N51P	D:N324P	logit=-0.777

Top tied mutations (A + B view):
A:T18V	B:T215V	logit=-0.791
A:N55S	B:N252S	logit=-1.014
A:N54V	B:N251V	logit=-1.530
A:I30V	B:I227V	logit=-2.451
A:E100V	B:E297V	logit=-2.566

Top tied mutations (C + D view):
C:V218L	D:V491L	logit=-0.472
C:K191R	D:K464R	logit=-0.525
C:S180T	D:S453T	logit=-0.659
C:T42V	D:T315V	logit=-0.739
C:N51P	D:N324P	logit=-0.893

Top tied mutations (A + B view):
A:T18V	B:T215V	logit=-0.782
A:N55S	B:N252S	logit=-1.007
A:N54V	B:N251V	logit=-1.537
A:E100V	B:E297V	logit=-2.511
A:I30V	B:I227V	logit=-2.601

Top tied mutations (C + D view):
C:V218L	D:V491L	logit=-0.430
C:K191R	D:K464R	logit=-0.550
C:S180T	D:S453T	logit=-0.681
C:N51P	D:N324P	logit=-0.727
C:T42V	D:T315V	logit=-0.736

Top tied mutations (A + B view):
A:T18V	B:T215V	logit=-0.751
A:N55S	B:N252S	logit=-0.938
A:N54V	B:N251V	logit=-1.545
A:E100V	B:E297V	logit=-2.509
A:I30V	B:I227V	logit=-2.623

Top tied mutations (C + D view):
C:V218L	D:V491L	logit=-0.445
C:K191R	D:K464R	logit=-0.562
C:S180T	D:S453T	logit=-0.646
C:T42V	D:T315V	logit=-0.764
C:N51P	D:N324P	logit=-0.847

Top tied mutations (A + B view):
A:T18V	B:T215V	logit=-0.767
A:N55S	B:N252S	logit=-1.048
A:N54V	B:N251V	logit=-1.711
A:E100V	B:E297V	logit=-2.582
A:I30V	B:I227V	logit=-2.585

Top tied mutations (C + D view):
C:V218L	D:V491L	logit=-0.486
C:K191R	D:K464R	logit=-0.540
C:S180T	D:S453T	logit=-0.652
C:T42V	D:T315V	logit=-0.797
C:S89A	D:S362A	logit=-0.864

Top tied mutations (A + B view):
A:T18V	B:T215V	logit=-0.711
A:N55S	B:N252S	logit=-0.999
A:N54V	B:N251V	logit=-1.519
A:E100V	B:E297V	logit=-2.537
A:I30V	B:I227V	logit=-2.575

Top tied mutations (C + D view):
C:V218L	D:V491L	logit=-0.423
C:K191R	D:K464R	logit=-0.537
C:S180T	D:S453T	logit=-0.653
C:T42V	D:T315V	logit=-0.672
C:N51P	D:N324P	logit=-0.784

Top tied mutations (A + B view):
A:T18V	B:T215V	logit=-0.737
A:N55S	B:N252S	logit=-1.058
A:N54V	B:N251V	logit=-1.617
A:I30V	B:I227V	logit=-2.534
A:E100V	B:E297V	logit=-2.575

Top tied mutations (C + D view):
C:V218L	D:V491L	logit=-0.459
C:K191R	D:K464R	logit=-0.562
C:S180T	D:S453T	logit=-0.662
C:T42V	D:T315V	logit=-0.765
C:N51P	D:N324P	logit=-0.858

Top tied mutations (A + B view):
A:T18V	B:T215V	logit=-0.789
A:N55S	B:N252S	logit=-0.996
A:N54V	B:N251V	logit=-1.512
A:E100V	B:E297V	logit=-2.441
A:I30V	B:I227V	logit=-2.620

Top tied mutations (C + D view):
C:V218L	D:V491L	logit=-0.477
C:K191R	D:K464R	logit=-0.510
C:S180T	D:S453T	logit=-0.668
C:T42V	D:T315V	logit=-0.785
C:N51P	D:N324P	logit=-0.898

Top tied mutations (A + B view):
A:T18V	B:T215V	logit=-0.769
A:N55S	B:N252S	logit=-1.076
A:N54V	B:N251V	logit=-1.543
A:E100V	B:E297V	logit=-2.616
A:I30V	B:I227V	logit=-2.644

Top tied mutations (C + D view):
C:V218L	D:V491L	logit=-0.470
C:K191R	D:K464R	logit=-0.549
C:S180T	D:S453T	logit=-0.674
C:T42V	D:T315V	logit=-0.770
C:N51P	D:N324P	logit=-0.902

Top tied mutations (A + B view):
A:T18V	B:T215V	logit=-0.701
A:N55S	B:N252S	logit=-0.969
A:N54V	B:N251V	logit=-1.621
A:I30V	B:I227V	logit=-2.549
A:E100V	B:E297V	logit=-2.606

Top tied mutations (C + D view):
C:K191R	D:K464R	logit=-0.445
C:V218L	D:V491L	logit=-0.495
C:S180T	D:S453T	logit=-0.668
C:T42V	D:T315V	logit=-0.703
C:N51P	D:N324P	logit=-0.822

Top tied mutations (A + B view):
A:T18V	B:T215V	logit=-0.753
A:N55S	B:N252S	logit=-1.049
A:N54V	B:N251V	logit=-1.560
A:E100V	B:E297V	logit=-2.527
A:I30V	B:I227V	logit=-2.643

Top tied mutations (C + D view):
C:V218L	D:V491L	logit=-0.429
C:K191R	D:K464R	logit=-0.536
C:S180T	D:S453T	logit=-0.638
C:T42V	D:T315V	logit=-0.788
C:S89A	D:S362A	logit=-0.853

Top tied mutations (A + B view):
A:T18V	B:T215V	logit=-0.779
A:N55S	B:N252S	logit=-1.012
A:N54V	B:N251V	logit=-1.734
A:E100V	B:E297V	logit=-2.335
A:I30V	B:I227V	logit=-2.573

Top tied mutations (C + D view):
C:V218L	D:V491L	logit=-0.467
C:K191R	D:K464R	logit=-0.595
C:S180T	D:S453T	logit=-0.614
C:T42V	D:T315V	logit=-0.647
C:S89A	D:S362A	logit=-0.872

Top tied mutations (A + B view):
A:T18V	B:T215V	logit=-0.820
A:N55S	B:N252S	logit=-0.995
A:N54V	B:N251V	logit=-1.693
A:E100V	B:E297V	logit=-2.410
A:I30V	B:I227V	logit=-2.683

Top tied mutations (C + D view):
C:V218L	D:V491L	logit=-0.489
C:K191R	D:K464R	logit=-0.557
C:S180T	D:S453T	logit=-0.652
C:T42V	D:T315V	logit=-0.719
C:S89A	D:S362A	logit=-0.853

Top tied mutations (A + B view):
A:T18V	B:T215V	logit=-0.741
A:N55S	B:N252S	logit=-1.041
A:N54V	B:N251V	logit=-1.567
A:I30V	B:I227V	logit=-2.453
A:E100V	B:E297V	logit=-2.593

Top tied mutations (C + D view):
C:V218L	D:V491L	logit=-0.443
C:K191R	D:K464R	logit=-0.561
C:S180T	D:S453T	logit=-0.655
C:T42V	D:T315V	logit=-0.770
C:N219S	D:N492S	logit=-0.895

Top tied mutations (A + B view):
A:T18V	B:T215V	logit=-0.732
A:N55S	B:N252S	logit=-0.988
A:N54V	B:N251V	logit=-1.661
A:E100V	B:E297V	logit=-2.539
A:I30V	B:I227V	logit=-2.762

Top tied mutations (C + D view):
C:V218L	D:V491L	logit=-0.425
C:K191R	D:K464R	logit=-0.498
C:S180T	D:S453T	logit=-0.652
C:T42V	D:T315V	logit=-0.706
C:N51P	D:N324P	logit=-0.785

Top tied mutations (A + B view):
A:T18V	B:T215V	logit=-0.786
A:N55S	B:N252S	logit=-1.028
A:N54V	B:N251V	logit=-1.545
A:E100V	B:E297V	logit=-2.496
A:I30V	B:I227V	logit=-2.607

Top tied mutations (C + D view):
C:V218L	D:V491L	logit=-0.452
C:K191R	D:K464R	logit=-0.564
C:S180T	D:S453T	logit=-0.649
C:T42V	D:T315V	logit=-0.743
C:N51P	D:N324P	logit=-0.756

Top tied mutations (A + B view):
A:T18V	B:T215V	logit=-0.770
A:N55S	B:N252S	logit=-0.984
A:N54V	B:N251V	logit=-1.577
A:I30V	B:I227V	logit=-2.497
A:E100V	B:E297V	logit=-2.611

Top tied mutations (C + D view):
C:V218L	D:V491L	logit=-0.416
C:K191R	D:K464R	logit=-0.543
C:S180T	D:S453T	logit=-0.656
C:N51P	D:N324P	logit=-0.794
C:T42V	D:T315V	logit=-0.796

Top tied mutations (A + B view):
A:T18V	B:T215V	logit=-0.752
A:N55S	B:N252S	logit=-0.998
A:N54V	B:N251V	logit=-1.626
A:E100V	B:E297V	logit=-2.524
A:I30V	B:I227V	logit=-2.587

Top tied mutations (C + D view):
C:V218L	D:V491L	logit=-0.456
C:K191R	D:K464R	logit=-0.551
C:S180T	D:S453T	logit=-0.691
C:T42V	D:T315V	logit=-0.697
C:N51P	D:N324P	logit=-0.829

Top tied mutations (A + B view):
A:T18V	B:T215V	logit=-0.790
A:N55S	B:N252S	logit=-1.014
A:N54V	B:N251V	logit=-1.582
A:I30V	B:I227V	logit=-2.529
A:E100V	B:E297V	logit=-2.544

Top tied mutations (C + D view):
C:V218L	D:V491L	logit=-0.419
C:K191R	D:K464R	logit=-0.549
C:S180T	D:S453T	logit=-0.674
C:T42V	D:T315V	logit=-0.751
C:N51P	D:N324P	logit=-0.788

Top tied mutations (A + B view):
A:T18V	B:T215V	logit=-0.829
A:N55S	B:N252S	logit=-1.065
A:N54V	B:N251V	logit=-1.453
A:E100V	B:E297V	logit=-2.539
A:I30V	B:I227V	logit=-2.562

Top tied mutations (C + D view):
C:V218L	D:V491L	logit=-0.475
C:K191R	D:K464R	logit=-0.581
C:S180T	D:S453T	logit=-0.664
C:T42V	D:T315V	logit=-0.765
C:N51P	D:N324P	logit=-0.767

Top tied mutations (A + B view):
A:T18V	B:T215V	logit=-0.797
A:N55S	B:N252S	logit=-0.987
A:N54V	B:N251V	logit=-1.651
A:E100V	B:E297V	logit=-2.507
A:I30V	B:I227V	logit=-2.531

Top tied mutations (C + D view):
C:V218L	D:V491L	logit=-0.442
C:K191R	D:K464R	logit=-0.576
C:S180T	D:S453T	logit=-0.659
C:T42V	D:T315V	logit=-0.736
C:N51P	D:N324P	logit=-0.838

Top tied mutations (A + B view):
A:T18V	B:T215V	logit=-0.768
A:N55S	B:N252S	logit=-0.992
A:N54V	B:N251V	logit=-1.457
A:I30V	B:I227V	logit=-2.599
A:E100V	B:E297V	logit=-2.628

Top tied mutations (C + D view):
C:V218L	D:V491L	logit=-0.459
C:K191R	D:K464R	logit=-0.530
C:S180T	D:S453T	logit=-0.654
C:T42V	D:T315V	logit=-0.681
C:N51P	D:N324P	logit=-0.834

Top tied mutations (A + B view):
A:T18V	B:T215V	logit=-0.846
A:N55S	B:N252S	logit=-1.017
A:N54V	B:N251V	logit=-1.575
A:I30V	B:I227V	logit=-2.530
A:E100V	B:E297V	logit=-2.555

Top tied mutations (C + D view):
C:V218L	D:V491L	logit=-0.477
C:K191R	D:K464R	logit=-0.499
C:S180T	D:S453T	logit=-0.671
C:T42V	D:T315V	logit=-0.739
C:N51P	D:N324P	logit=-0.872

Top tied mutations (A + B view):
A:T18V	B:T215V	logit=-0.891
A:N55S	B:N252S	logit=-1.015
A:N54V	B:N251V	logit=-1.509
A:E100V	B:E297V	logit=-2.526
A:I30V	B:I227V	logit=-2.565

Top tied mutations (C + D view):
C:V218L	D:V491L	logit=-0.453
C:K191R	D:K464R	logit=-0.557
C:S180T	D:S453T	logit=-0.660
C:T42V	D:T315V	logit=-0.695
C:S89A	D:S362A	logit=-0.836

Top tied mutations (A + B view):
A:T18V	B:T215V	logit=-0.727
A:N55S	B:N252S	logit=-1.037
A:N54V	B:N251V	logit=-1.700
A:E100V	B:E297V	logit=-2.533
A:I30V	B:I227V	logit=-2.673

Top tied mutations (C + D view):
C:V218L	D:V491L	logit=-0.437
C:K191R	D:K464R	logit=-0.468
C:S180T	D:S453T	logit=-0.650
C:T42V	D:T315V	logit=-0.782
C:N51P	D:N324P	logit=-0.823

Top tied mutations (A + B view):
A:T18V	B:T215V	logit=-0.802
A:N55S	B:N252S	logit=-1.004
A:N54V	B:N251V	logit=-1.666
A:E100V	B:E297V	logit=-2.584
A:I30V	B:I227V	logit=-2.656

Top tied mutations (C + D view):
C:V218L	D:V491L	logit=-0.408
C:K191R	D:K464R	logit=-0.618
C:S180T	D:S453T	logit=-0.679
C:T42V	D:T315V	logit=-0.694
C:N51P	D:N324P	logit=-0.767

Top tied mutations (A + B view):
A:T18V	B:T215V	logit=-0.745
A:N55S	B:N252S	logit=-0.966
A:N54V	B:N251V	logit=-1.554
A:I30V	B:I227V	logit=-2.473
A:E100V	B:E297V	logit=-2.669

Top tied mutations (C + D view):
C:V218L	D:V491L	logit=-0.491
C:K191R	D:K464R	logit=-0.538
C:S180T	D:S453T	logit=-0.634
C:T42V	D:T315V	logit=-0.741
C:S89A	D:S362A	logit=-0.890

Top tied mutations (A + B view):
A:T18V	B:T215V	logit=-0.771
A:N55S	B:N252S	logit=-0.998
A:N54V	B:N251V	logit=-1.578
A:E100V	B:E297V	logit=-2.601
A:I30V	B:I227V	logit=-2.762

Top tied mutations (C + D view):
C:V218L	D:V491L	logit=-0.451
C:K191R	D:K464R	logit=-0.588
C:S180T	D:S453T	logit=-0.660
C:T42V	D:T315V	logit=-0.702
C:N51P	D:N324P	logit=-0.822

Top tied mutations (A + B view):
A:T18V	B:T215V	logit=-0.746
A:N55S	B:N252S	logit=-0.995
A:N54V	B:N251V	logit=-1.590
A:E100V	B:E297V	logit=-2.527
A:I30V	B:I227V	logit=-2.656

Top tied mutations (C + D view):
C:V218L	D:V491L	logit=-0.446
C:K191R	D:K464R	logit=-0.520
C:S180T	D:S453T	logit=-0.685
C:N51P	D:N324P	logit=-0.699
C:T42V	D:T315V	logit=-0.713

Top tied mutations (A + B view):
A:T18V	B:T215V	logit=-0.722
A:N55S	B:N252S	logit=-1.009
A:N54V	B:N251V	logit=-1.647
A:E100V	B:E297V	logit=-2.552
A:I30V	B:I227V	logit=-2.590

Top tied mutations (C + D view):
C:V218L	D:V491L	logit=-0.472
C:K191R	D:K464R	logit=-0.514
C:S180T	D:S453T	logit=-0.671
C:T42V	D:T315V	logit=-0.788
C:N51P	D:N324P	logit=-0.839

Top tied mutations (A + B view):
A:T18V	B:T215V	logit=-0.776
A:N55S	B:N252S	logit=-1.026
A:N54V	B:N251V	logit=-1.489
A:E100V	B:E297V	logit=-2.678
A:I30V	B:I227V	logit=-2.710

Top tied mutations (C + D view):
C:V218L	D:V491L	logit=-0.466
C:K191R	D:K464R	logit=-0.525
C:S180T	D:S453T	logit=-0.662
C:T42V	D:T315V	logit=-0.748
C:N51P	D:N324P	logit=-0.818

Top tied mutations (A + B view):
A:T18V	B:T215V	logit=-0.738
A:N55S	B:N252S	logit=-1.040
A:N54V	B:N251V	logit=-1.698
A:E100V	B:E297V	logit=-2.400
A:I30V	B:I227V	logit=-2.623

Top tied mutations (C + D view):
C:V218L	D:V491L	logit=-0.444
C:K191R	D:K464R	logit=-0.550
C:S180T	D:S453T	logit=-0.638
C:T42V	D:T315V	logit=-0.695
C:N51P	D:N324P	logit=-0.808

Top tied mutations (A + B view):
A:T18V	B:T215V	logit=-0.764
A:N55S	B:N252S	logit=-1.010
A:N54V	B:N251V	logit=-1.535
A:E100V	B:E297V	logit=-2.452
A:I30V	B:I227V	logit=-2.582

Top tied mutations (C + D view):
C:V218L	D:V491L	logit=-0.470
C:K191R	D:K464R	logit=-0.546
C:S180T	D:S453T	logit=-0.665
C:T42V	D:T315V	logit=-0.697
C:N51P	D:N324P	logit=-0.894

Top tied mutations (A + B view):
A:T18V	B:T215V	logit=-0.778
A:N55S	B:N252S	logit=-0.964
A:N54V	B:N251V	logit=-1.567
A:E100V	B:E297V	logit=-2.615
A:I30V	B:I227V	logit=-2.638

Top tied mutations (C + D view):
C:V218L	D:V491L	logit=-0.477
C:K191R	D:K464R	logit=-0.478
C:S180T	D:S453T	logit=-0.674
C:T42V	D:T315V	logit=-0.706
C:N51P	D:N324P	logit=-0.861

Top tied mutations (A + B view):
A:T18V	B:T215V	logit=-0.714
A:N55S	B:N252S	logit=-1.071
A:N54V	B:N251V	logit=-1.639
A:E100V	B:E297V	logit=-2.571
A:I30V	B:I227V	logit=-2.635

Top tied mutations (C + D view):
C:V218L	D:V491L	logit=-0.487
C:K191R	D:K464R	logit=-0.565
C:S180T	D:S453T	logit=-0.644
C:T42V	D:T315V	logit=-0.733
C:N51P	D:N324P	logit=-0.779

Top tied mutations (A + B view):
A:T18V	B:T215V	logit=-0.783
A:N55S	B:N252S	logit=-0.956
A:N54V	B:N251V	logit=-1.657
A:I30V	B:I227V	logit=-2.609
A:E100V	B:E297V	logit=-2.752

Top tied mutations (C + D view):
C:V218L	D:V491L	logit=-0.481
C:K191R	D:K464R	logit=-0.572
C:S180T	D:S453T	logit=-0.652
C:T42V	D:T315V	logit=-0.722
C:N51P	D:N324P	logit=-0.750

Top tied mutations (A + B view):
A:T18V	B:T215V	logit=-0.739
A:N55S	B:N252S	logit=-0.985
A:N54V	B:N251V	logit=-1.609
A:E100V	B:E297V	logit=-2.482
A:I30V	B:I227V	logit=-2.656

Top tied mutations (C + D view):
C:V218L	D:V491L	logit=-0.400
C:K191R	D:K464R	logit=-0.557
C:S180T	D:S453T	logit=-0.666
C:T42V	D:T315V	logit=-0.775
C:N51P	D:N324P	logit=-0.847

Top tied mutations (A + B view):
A:T18V	B:T215V	logit=-0.761
A:N55S	B:N252S	logit=-1.030
A:N54V	B:N251V	logit=-1.632
A:E100V	B:E297V	logit=-2.531
A:I30V	B:I227V	logit=-2.565

Top tied mutations (C + D view):
C:V218L	D:V491L	logit=-0.441
C:K191R	D:K464R	logit=-0.549
C:S180T	D:S453T	logit=-0.663
C:T42V	D:T315V	logit=-0.711
C:N51P	D:N324P	logit=-0.823

Top tied mutations (A + B view):
A:T18V	B:T215V	logit=-0.789
A:N55S	B:N252S	logit=-1.004
A:N54V	B:N251V	logit=-1.580
A:I30V	B:I227V	logit=-2.615
A:E100V	B:E297V	logit=-2.630

Top tied mutations (C + D view):
C:V218L	D:V491L	logit=-0.414
C:K191R	D:K464R	logit=-0.558
C:S180T	D:S453T	logit=-0.665
C:T42V	D:T315V	logit=-0.762
C:N51P	D:N324P	logit=-0.843

Top tied mutations (A + B view):
A:T18V	B:T215V	logit=-0.759
A:N55S	B:N252S	logit=-0.975
A:N54V	B:N251V	logit=-1.515
A:E100V	B:E297V	logit=-2.483
A:I30V	B:I227V	logit=-2.502

Top tied mutations (C + D view):
C:V218L	D:V491L	logit=-0.464
C:K191R	D:K464R	logit=-0.515
C:S180T	D:S453T	logit=-0.626
C:T42V	D:T315V	logit=-0.745
C:S89A	D:S362A	logit=-0.850

Top tied mutations (A + B view):
A:T18V	B:T215V	logit=-0.812
A:N55S	B:N252S	logit=-0.999
A:N54V	B:N251V	logit=-1.523
A:E100V	B:E297V	logit=-2.610
A:I30V	B:I227V	logit=-2.647

Top tied mutations (C + D view):
C:V218L	D:V491L	logit=-0.427
C:K191R	D:K464R	logit=-0.567
C:S180T	D:S453T	logit=-0.667
C:T42V	D:T315V	logit=-0.680
C:S89A	D:S362A	logit=-0.903

Top tied mutations (A + B view):
A:T18V	B:T215V	logit=-0.857
A:N55S	B:N252S	logit=-0.997
A:N54V	B:N251V	logit=-1.549
A:I30V	B:I227V	logit=-2.528
A:E100V	B:E297V	logit=-2.542

Top tied mutations (C + D view):
C:V218L	D:V491L	logit=-0.452
C:K191R	D:K464R	logit=-0.582
C:S180T	D:S453T	logit=-0.645
C:T42V	D:T315V	logit=-0.706
C:N51P	D:N324P	logit=-0.800

Top tied mutations (A + B view):
A:T18V	B:T215V	logit=-0.794
A:N55S	B:N252S	logit=-0.986
A:N54V	B:N251V	logit=-1.660
A:E100V	B:E297V	logit=-2.544
A:I30V	B:I227V	logit=-2.616

Top tied mutations (C + D view):
C:V218L	D:V491L	logit=-0.424
C:K191R	D:K464R	logit=-0.551
C:S180T	D:S453T	logit=-0.640
C:T42V	D:T315V	logit=-0.698
C:N51P	D:N324P	logit=-0.815

Top tied mutations (A + B view):
A:T18V	B:T215V	logit=-0.711
A:N55S	B:N252S	logit=-1.014
A:N54V	B:N251V	logit=-1.521
A:E100V	B:E297V	logit=-2.591
A:I30V	B:I227V	logit=-2.647

Top tied mutations (C + D view):
C:V218L	D:V491L	logit=-0.482
C:K191R	D:K464R	logit=-0.502
C:S180T	D:S453T	logit=-0.643
C:T42V	D:T315V	logit=-0.718
C:N51P	D:N324P	logit=-0.800

Top tied mutations (A + B view):
A:T18V	B:T215V	logit=-0.724
A:N55S	B:N252S	logit=-0.998
A:N54V	B:N251V	logit=-1.629
A:I30V	B:I227V	logit=-2.551
A:E100V	B:E297V	logit=-2.623

Top tied mutations (C + D view):
C:V218L	D:V491L	logit=-0.407
C:K191R	D:K464R	logit=-0.535
C:S180T	D:S453T	logit=-0.658
C:T42V	D:T315V	logit=-0.698
C:N51P	D:N324P	logit=-0.771

Top tied mutations (A + B view):
A:T18V	B:T215V	logit=-0.752
A:N55S	B:N252S	logit=-1.008
A:N54V	B:N251V	logit=-1.645
A:E100V	B:E297V	logit=-2.421
A:I30V	B:I227V	logit=-2.574

Top tied mutations (C + D view):
C:V218L	D:V491L	logit=-0.439
C:K191R	D:K464R	logit=-0.621
C:S180T	D:S453T	logit=-0.637
C:T42V	D:T315V	logit=-0.782
C:N51P	D:N324P	logit=-0.862

Top tied mutations (A + B view):
A:T18V	B:T215V	logit=-0.806
A:N55S	B:N252S	logit=-1.032
A:N54V	B:N251V	logit=-1.580
A:I30V	B:I227V	logit=-2.545
A:E100V	B:E297V	logit=-2.584

Top tied mutations (C + D view):
C:V218L	D:V491L	logit=-0.457
C:K191R	D:K464R	logit=-0.528
C:S180T	D:S453T	logit=-0.654
C:T42V	D:T315V	logit=-0.687
C:N51P	D:N324P	logit=-0.762

Top tied mutations (A + B view):
A:T18V	B:T215V	logit=-0.753
A:N55S	B:N252S	logit=-1.045
A:N54V	B:N251V	logit=-1.571
A:E100V	B:E297V	logit=-2.537
A:I30V	B:I227V	logit=-2.627

Top tied mutations (C + D view):
C:V218L	D:V491L	logit=-0.471
C:K191R	D:K464R	logit=-0.605
C:S180T	D:S453T	logit=-0.625
C:T42V	D:T315V	logit=-0.717
C:N51P	D:N324P	logit=-0.831

Top tied mutations (A + B view):
A:T18V	B:T215V	logit=-0.803
A:N55S	B:N252S	logit=-1.016
A:N54V	B:N251V	logit=-1.504
A:I30V	B:I227V	logit=-2.643
A:E100V	B:E297V	logit=-2.672

Top tied mutations (C + D view):
C:V218L	D:V491L	logit=-0.415
C:K191R	D:K464R	logit=-0.607
C:S180T	D:S453T	logit=-0.648
C:T42V	D:T315V	logit=-0.736
C:S89A	D:S362A	logit=-0.833

Top tied mutations (A + B view):
A:T18V	B:T215V	logit=-0.764
A:N55S	B:N252S	logit=-0.999
A:N54V	B:N251V	logit=-1.622
A:E100V	B:E297V	logit=-2.617
A:I30V	B:I227V	logit=-2.678

Top tied mutations (C + D view):
C:V218L	D:V491L	logit=-0.463
C:K191R	D:K464R	logit=-0.573
C:S180T	D:S453T	logit=-0.669
C:T42V	D:T315V	logit=-0.763
C:S89A	D:S362A	logit=-0.902

Top tied mutations (A + B view):
A:T18V	B:T215V	logit=-0.761
A:N55S	B:N252S	logit=-0.977
A:N54V	B:N251V	logit=-1.567
A:E100V	B:E297V	logit=-2.561
A:I30V	B:I227V	logit=-2.714

Top tied mutations (C + D view):
C:V218L	D:V491L	logit=-0.440
C:K191R	D:K464R	logit=-0.524
C:S180T	D:S453T	logit=-0.664
C:T42V	D:T315V	logit=-0.798
C:N51P	D:N324P	logit=-0.856

Top tied mutations (A + B view):
A:T18V	B:T215V	logit=-0.718
A:N55S	B:N252S	logit=-0.988
A:N54V	B:N251V	logit=-1.606
A:E100V	B:E297V	logit=-2.524
A:I30V	B:I227V	logit=-2.684

Top tied mutations (C + D view):
C:V218L	D:V491L	logit=-0.418
C:K191R	D:K464R	logit=-0.567
C:S180T	D:S453T	logit=-0.649
C:T42V	D:T315V	logit=-0.683
C:N51P	D:N324P	logit=-0.771

Top tied mutations (A + B view):
A:T18V	B:T215V	logit=-0.758
A:N55S	B:N252S	logit=-1.023
A:N54V	B:N251V	logit=-1.601
A:E100V	B:E297V	logit=-2.485
A:I30V	B:I227V	logit=-2.489

Top tied mutations (C + D view):
C:V218L	D:V491L	logit=-0.481
C:K191R	D:K464R	logit=-0.535
C:S180T	D:S453T	logit=-0.678
C:T42V	D:T315V	logit=-0.735
C:N51P	D:N324P	logit=-0.799

Top tied mutations (A + B view):
A:T18V	B:T215V	logit=-0.770
A:N55S	B:N252S	logit=-1.067
A:N54V	B:N251V	logit=-1.691
A:E100V	B:E297V	logit=-2.493
A:I30V	B:I227V	logit=-2.603

Top tied mutations (C + D view):
C:V218L	D:V491L	logit=-0.482
C:K191R	D:K464R	logit=-0.544
C:S180T	D:S453T	logit=-0.682
C:T42V	D:T315V	logit=-0.733
C:S89A	D:S362A	logit=-0.904

Top tied mutations (A + B view):
A:T18V	B:T215V	logit=-0.754
A:N55S	B:N252S	logit=-1.042
A:N54V	B:N251V	logit=-1.644
A:E100V	B:E297V	logit=-2.457
A:I30V	B:I227V	logit=-2.663

Top tied mutations (C + D view):
C:V218L	D:V491L	logit=-0.463
C:K191R	D:K464R	logit=-0.554
C:S180T	D:S453T	logit=-0.659
C:T42V	D:T315V	logit=-0.721
C:N51P	D:N324P	logit=-0.792

Top tied mutations (A + B view):
A:T18V	B:T215V	logit=-0.755
A:N55S	B:N252S	logit=-1.062
A:N54V	B:N251V	logit=-1.600
A:I30V	B:I227V	logit=-2.510
A:E100V	B:E297V	logit=-2.567

Top tied mutations (C + D view):
C:V218L	D:V491L	logit=-0.449
C:K191R	D:K464R	logit=-0.585
C:S180T	D:S453T	logit=-0.646
C:T42V	D:T315V	logit=-0.731
C:N51P	D:N324P	logit=-0.838

Top tied mutations (A + B view):
A:T18V	B:T215V	logit=-0.738
A:N55S	B:N252S	logit=-0.953
A:N54V	B:N251V	logit=-1.741
A:E100V	B:E297V	logit=-2.446
A:I30V	B:I227V	logit=-2.631

Top tied mutations (C + D view):
C:V218L	D:V491L	logit=-0.418
C:K191R	D:K464R	logit=-0.577
C:S180T	D:S453T	logit=-0.638
C:T42V	D:T315V	logit=-0.678
C:N51P	D:N324P	logit=-0.786

Top tied mutations (A + B view):
A:T18V	B:T215V	logit=-0.790
A:N55S	B:N252S	logit=-0.937
A:N54V	B:N251V	logit=-1.529
A:E100V	B:E297V	logit=-2.524
A:I30V	B:I227V	logit=-2.737

Top tied mutations (C + D view):
C:V218L	D:V491L	logit=-0.427
C:K191R	D:K464R	logit=-0.559
C:S180T	D:S453T	logit=-0.649
C:T42V	D:T315V	logit=-0.708
C:N51P	D:N324P	logit=-0.876

Top tied mutations (A + B view):
A:T18V	B:T215V	logit=-0.789
A:N55S	B:N252S	logit=-0.986
A:N54V	B:N251V	logit=-1.511
A:I30V	B:I227V	logit=-2.616
A:E100V	B:E297V	logit=-2.618

Top tied mutations (C + D view):
C:V218L	D:V491L	logit=-0.474
C:K191R	D:K464R	logit=-0.610
C:S180T	D:S453T	logit=-0.662
C:T42V	D:T315V	logit=-0.763
C:S89A	D:S362A	logit=-0.889

Top tied mutations (A + B view):
A:T18V	B:T215V	logit=-0.824
A:N55S	B:N252S	logit=-0.960
A:N54V	B:N251V	logit=-1.634
A:E100V	B:E297V	logit=-2.501
A:I30V	B:I227V	logit=-2.630

Top tied mutations (C + D view):
C:V218L	D:V491L	logit=-0.439
C:K191R	D:K464R	logit=-0.585
C:S180T	D:S453T	logit=-0.652
C:T42V	D:T315V	logit=-0.819
C:N51P	D:N324P	logit=-0.883

Top tied mutations (A + B view):
A:T18V	B:T215V	logit=-0.760
A:N55S	B:N252S	logit=-0.997
A:N54V	B:N251V	logit=-1.588
A:E100V	B:E297V	logit=-2.445
A:I30V	B:I227V	logit=-2.560

Top tied mutations (C + D view):
C:V218L	D:V491L	logit=-0.489
C:K191R	D:K464R	logit=-0.610
C:S180T	D:S453T	logit=-0.662
C:T42V	D:T315V	logit=-0.772
C:N51P	D:N324P	logit=-0.815

Top tied mutations (A + B view):
A:T18V	B:T215V	logit=-0.772
A:N55S	B:N252S	logit=-0.996
A:N54V	B:N251V	logit=-1.553
A:E100V	B:E297V	logit=-2.543
A:I30V	B:I227V	logit=-2.712

Top tied mutations (C + D view):
C:V218L	D:V491L	logit=-0.474
C:K191R	D:K464R	logit=-0.615
C:S180T	D:S453T	logit=-0.670
C:T42V	D:T315V	logit=-0.773
C:N51P	D:N324P	logit=-0.856

Top tied mutations (A + B view):
A:T18V	B:T215V	logit=-0.856
A:N55S	B:N252S	logit=-1.006
A:N54V	B:N251V	logit=-1.573
A:E100V	B:E297V	logit=-2.531
A:I30V	B:I227V	logit=-2.734

Top tied mutations (C + D view):
C:V218L	D:V491L	logit=-0.457
C:K191R	D:K464R	logit=-0.540
C:S180T	D:S453T	logit=-0.684
C:T42V	D:T315V	logit=-0.700
C:N51P	D:N324P	logit=-0.863

Top tied mutations (A + B view):
A:T18V	B:T215V	logit=-0.784
A:N55S	B:N252S	logit=-1.066
A:N54V	B:N251V	logit=-1.642
A:E100V	B:E297V	logit=-2.502
A:I30V	B:I227V	logit=-2.582

Top tied mutations (C + D view):
C:V218L	D:V491L	logit=-0.487
C:K191R	D:K464R	logit=-0.573
C:S180T	D:S453T	logit=-0.691
C:T42V	D:T315V	logit=-0.755
C:N51P	D:N324P	logit=-0.840

Top tied mutations (A + B view):
A:T18V	B:T215V	logit=-0.803
A:N55S	B:N252S	logit=-0.944
A:N54V	B:N251V	logit=-1.603
A:E100V	B:E297V	logit=-2.420
A:I30V	B:I227V	logit=-2.609

Top tied mutations (C + D view):
C:V218L	D:V491L	logit=-0.435
C:K191R	D:K464R	logit=-0.601
C:S180T	D:S453T	logit=-0.666
C:T42V	D:T315V	logit=-0.791
C:N51P	D:N324P	logit=-0.886

Top tied mutations (A + B view):
A:T18V	B:T215V	logit=-0.785
A:N55S	B:N252S	logit=-0.977
A:N54V	B:N251V	logit=-1.726
A:E100V	B:E297V	logit=-2.522
A:I30V	B:I227V	logit=-2.536

Top tied mutations (C + D view):
C:V218L	D:V491L	logit=-0.430
C:K191R	D:K464R	logit=-0.542
C:S180T	D:S453T	logit=-0.647
C:T42V	D:T315V	logit=-0.698
C:N51P	D:N324P	logit=-0.862

Top tied mutations (A + B view):
A:T18V	B:T215V	logit=-0.728
A:N55S	B:N252S	logit=-0.998
A:N54V	B:N251V	logit=-1.565
A:E100V	B:E297V	logit=-2.515
A:I30V	B:I227V	logit=-2.516

Top tied mutations (C + D view):
C:V218L	D:V491L	logit=-0.391
C:K191R	D:K464R	logit=-0.582
C:S180T	D:S453T	logit=-0.633
C:T42V	D:T315V	logit=-0.758
C:N51P	D:N324P	logit=-0.788

Top tied mutations (A + B view):
A:T18V	B:T215V	logit=-0.710
A:N55S	B:N252S	logit=-1.078
A:N54V	B:N251V	logit=-1.514
A:I30V	B:I227V	logit=-2.448
A:E100V	B:E297V	logit=-2.472

Top tied mutations (C + D view):
C:V218L	D:V491L	logit=-0.457
C:K191R	D:K464R	logit=-0.553
C:S180T	D:S453T	logit=-0.671
C:N51P	D:N324P	logit=-0.749
C:T42V	D:T315V	logit=-0.784

Top tied mutations (A + B view):
A:T18V	B:T215V	logit=-0.803
A:N55S	B:N252S	logit=-0.987
A:N54V	B:N251V	logit=-1.613
A:E100V	B:E297V	logit=-2.436
A:I30V	B:I227V	logit=-2.601

Top tied mutations (C + D view):
C:V218L	D:V491L	logit=-0.389
C:K191R	D:K464R	logit=-0.574
C:S180T	D:S453T	logit=-0.621
C:T42V	D:T315V	logit=-0.692
C:N51P	D:N324P	logit=-0.799

Top tied mutations (A + B view):
A:T18V	B:T215V	logit=-0.795
A:N55S	B:N252S	logit=-1.017
A:N54V	B:N251V	logit=-1.651
A:E100V	B:E297V	logit=-2.430
A:I30V	B:I227V	logit=-2.604

Top tied mutations (C + D view):
C:V218L	D:V491L	logit=-0.469
C:K191R	D:K464R	logit=-0.574
C:S180T	D:S453T	logit=-0.680
C:T42V	D:T315V	logit=-0.708
C:S89A	D:S362A	logit=-0.879

Top tied mutations (A + B view):
A:T18V	B:T215V	logit=-0.768
A:N55S	B:N252S	logit=-0.952
A:N54V	B:N251V	logit=-1.493
A:I30V	B:I227V	logit=-2.528
A:E100V	B:E297V	logit=-2.559

Top tied mutations (C + D view):
C:V218L	D:V491L	logit=-0.408
C:K191R	D:K464R	logit=-0.543
C:S180T	D:S453T	logit=-0.648
C:N51P	D:N324P	logit=-0.762
C:T42V	D:T315V	logit=-0.775

Top tied mutations (A + B view):
A:T18V	B:T215V	logit=-0.778
A:N55S	B:N252S	logit=-0.949
A:N54V	B:N251V	logit=-1.596
A:E100V	B:E297V	logit=-2.568
A:I30V	B:I227V	logit=-2.644

Top tied mutations (C + D view):
C:V218L	D:V491L	logit=-0.449
C:K191R	D:K464R	logit=-0.583
C:S180T	D:S453T	logit=-0.642
C:T42V	D:T315V	logit=-0.728
C:N51P	D:N324P	logit=-0.785

Top tied mutations (A + B view):
A:T18V	B:T215V	logit=-0.728
A:N55S	B:N252S	logit=-0.990
A:N54V	B:N251V	logit=-1.553
A:E100V	B:E297V	logit=-2.494
A:I30V	B:I227V	logit=-2.500

Top tied mutations (C + D view):
C:V218L	D:V491L	logit=-0.445
C:K191R	D:K464R	logit=-0.541
C:S180T	D:S453T	logit=-0.658
C:T42V	D:T315V	logit=-0.691
C:N51P	D:N324P	logit=-0.815

Top tied mutations (A + B view):
A:T18V	B:T215V	logit=-0.743
A:N55S	B:N252S	logit=-1.043
A:N54V	B:N251V	logit=-1.614
A:I30V	B:I227V	logit=-2.519
A:E100V	B:E297V	logit=-2.585

Top tied mutations (C + D view):
C:V218L	D:V491L	logit=-0.418
C:K191R	D:K464R	logit=-0.628
C:S180T	D:S453T	logit=-0.642
C:T42V	D:T315V	logit=-0.680
C:N51P	D:N324P	logit=-0.871

Top tied mutations (A + B view):
A:T18V	B:T215V	logit=-0.815
A:N55S	B:N252S	logit=-1.015
A:N54V	B:N251V	logit=-1.602
A:E100V	B:E297V	logit=-2.465
A:I30V	B:I227V	logit=-2.726

Top tied mutations (C + D view):
C:V218L	D:V491L	logit=-0.421
C:K191R	D:K464R	logit=-0.543
C:S180T	D:S453T	logit=-0.638
C:T42V	D:T315V	logit=-0.734
C:N51P	D:N324P	logit=-0.911

Top tied mutations (A + B view):
A:T18V	B:T215V	logit=-0.730
A:N55S	B:N252S	logit=-1.086
A:N54V	B:N251V	logit=-1.633
A:I30V	B:I227V	logit=-2.474
A:E100V	B:E297V	logit=-2.503

Top tied mutations (C + D view):
C:V218L	D:V491L	logit=-0.473
C:K191R	D:K464R	logit=-0.529
C:S180T	D:S453T	logit=-0.655
C:T42V	D:T315V	logit=-0.739
C:N51P	D:N324P	logit=-0.904

Top tied mutations (A + B view):
A:T18V	B:T215V	logit=-0.747
A:N55S	B:N252S	logit=-1.005
A:N54V	B:N251V	logit=-1.687
A:E100V	B:E297V	logit=-2.564
A:I30V	B:I227V	logit=-2.575

Top tied mutations (C + D view):
C:V218L	D:V491L	logit=-0.420
C:K191R	D:K464R	logit=-0.535
C:S180T	D:S453T	logit=-0.641
C:T42V	D:T315V	logit=-0.787
C:N51P	D:N324P	logit=-0.851

Top tied mutations (A + B view):
A:T18V	B:T215V	logit=-0.784
A:N55S	B:N252S	logit=-1.079
A:N54V	B:N251V	logit=-1.599
A:I30V	B:I227V	logit=-2.514
A:E100V	B:E297V	logit=-2.616

Top tied mutations (C + D view):
C:V218L	D:V491L	logit=-0.438
C:K191R	D:K464R	logit=-0.566
C:S180T	D:S453T	logit=-0.676
C:T42V	D:T315V	logit=-0.763
C:S89A	D:S362A	logit=-0.857

Top tied mutations (A + B view):
A:T18V	B:T215V	logit=-0.763
A:N55S	B:N252S	logit=-0.984
A:N54V	B:N251V	logit=-1.645
A:E100V	B:E297V	logit=-2.553
A:I30V	B:I227V	logit=-2.613

Top tied mutations (C + D view):
C:V218L	D:V491L	logit=-0.463
C:K191R	D:K464R	logit=-0.509
C:S180T	D:S453T	logit=-0.666
C:T42V	D:T315V	logit=-0.670
C:N51P	D:N324P	logit=-0.840

Top tied mutations (A + B view):
A:T18V	B:T215V	logit=-0.756
A:N55S	B:N252S	logit=-1.015
A:N54V	B:N251V	logit=-1.493
A:E100V	B:E297V	logit=-2.505
A:I30V	B:I227V	logit=-2.704

Top tied mutations (C + D view):
C:V218L	D:V491L	logit=-0.478
C:K191R	D:K464R	logit=-0.623
C:S180T	D:S453T	logit=-0.682
C:T42V	D:T315V	logit=-0.750
C:S89A	D:S362A	logit=-0.931

Top tied mutations (A + B view):
A:T18V	B:T215V	logit=-0.686
A:N55S	B:N252S	logit=-1.035
A:N54V	B:N251V	logit=-1.629
A:E100V	B:E297V	logit=-2.581
A:I30V	B:I227V	logit=-2.600

Top tied mutations (C + D view):
C:V218L	D:V491L	logit=-0.431
C:K191R	D:K464R	logit=-0.537
C:S180T	D:S453T	logit=-0.660
C:T42V	D:T315V	logit=-0.709
C:S89A	D:S362A	logit=-0.846

Top tied mutations (A + B view):
A:T18V	B:T215V	logit=-0.760
A:N55S	B:N252S	logit=-1.032
A:N54V	B:N251V	logit=-1.550
A:E100V	B:E297V	logit=-2.547
A:I30V	B:I227V	logit=-2.645

Top tied mutations (C + D view):
C:V218L	D:V491L	logit=-0.447
C:K191R	D:K464R	logit=-0.569
C:S180T	D:S453T	logit=-0.661
C:T42V	D:T315V	logit=-0.753
C:S89A	D:S362A	logit=-0.880

Top tied mutations (A + B view):
A:T18V	B:T215V	logit=-0.800
A:N55S	B:N252S	logit=-0.978
A:N54V	B:N251V	logit=-1.587
A:I30V	B:I227V	logit=-2.582
A:E100V	B:E297V	logit=-2.591

Top tied mutations (C + D view):
C:V218L	D:V491L	logit=-0.425
C:K191R	D:K464R	logit=-0.603
C:S180T	D:S453T	logit=-0.645
C:T42V	D:T315V	logit=-0.784
C:S89A	D:S362A	logit=-0.902

Top tied mutations (A + B view):
A:T18V	B:T215V	logit=-0.743
A:N55S	B:N252S	logit=-0.962
A:N54V	B:N251V	logit=-1.698
A:E100V	B:E297V	logit=-2.621
A:I30V	B:I227V	logit=-2.693

Top tied mutations (C + D view):
C:V218L	D:V491L	logit=-0.408
C:K191R	D:K464R	logit=-0.607
C:S180T	D:S453T	logit=-0.658
C:T42V	D:T315V	logit=-0.682
C:N51P	D:N324P	logit=-0.764

Top tied mutations (A + B view):
A:T18V	B:T215V	logit=-0.763
A:N55S	B:N252S	logit=-0.988
A:N54V	B:N251V	logit=-1.455
A:I30V	B:I227V	logit=-2.485
A:E100V	B:E297V	logit=-2.592

Top tied mutations (C + D view):
C:V218L	D:V491L	logit=-0.418
C:K191R	D:K464R	logit=-0.580
C:S180T	D:S453T	logit=-0.687
C:T42V	D:T315V	logit=-0.720
C:N51P	D:N324P	logit=-0.769

Top tied mutations (A + B view):
A:T18V	B:T215V	logit=-0.834
A:N55S	B:N252S	logit=-1.005
A:N54V	B:N251V	logit=-1.538
A:E100V	B:E297V	logit=-2.541
A:I30V	B:I227V	logit=-2.687

Top tied mutations (C + D view):
C:V218L	D:V491L	logit=-0.457
C:K191R	D:K464R	logit=-0.548
C:S180T	D:S453T	logit=-0.664
C:T42V	D:T315V	logit=-0.742
C:N51P	D:N324P	logit=-0.808

Top tied mutations (A + B view):
A:T18V	B:T215V	logit=-0.771
A:N55S	B:N252S	logit=-1.036
A:N54V	B:N251V	logit=-1.632
A:E100V	B:E297V	logit=-2.470
A:I30V	B:I227V	logit=-2.493

Top tied mutations (C + D view):
C:V218L	D:V491L	logit=-0.403
C:K191R	D:K464R	logit=-0.531
C:S180T	D:S453T	logit=-0.668
C:T42V	D:T315V	logit=-0.769
C:N51P	D:N324P	logit=-0.917

Top tied mutations (A + B view):
A:T18V	B:T215V	logit=-0.778
A:N55S	B:N252S	logit=-0.997
A:N54V	B:N251V	logit=-1.465
A:E100V	B:E297V	logit=-2.506
A:I30V	B:I227V	logit=-2.580

Top tied mutations (C + D view):
C:V218L	D:V491L	logit=-0.475
C:K191R	D:K464R	logit=-0.566
C:S180T	D:S453T	logit=-0.650
C:T42V	D:T315V	logit=-0.775
C:N51P	D:N324P	logit=-0.804

Top tied mutations (A + B view):
A:T18V	B:T215V	logit=-0.768
A:N55S	B:N252S	logit=-0.996
A:N54V	B:N251V	logit=-1.522
A:E100V	B:E297V	logit=-2.563
A:I30V	B:I227V	logit=-2.677

Top tied mutations (C + D view):
C:V218L	D:V491L	logit=-0.413
C:K191R	D:K464R	logit=-0.546
C:S180T	D:S453T	logit=-0.672
C:T42V	D:T315V	logit=-0.708
C:N51P	D:N324P	logit=-0.850

Top tied mutations (A + B view):
A:T18V	B:T215V	logit=-0.801
A:N55S	B:N252S	logit=-0.995
A:N54V	B:N251V	logit=-1.554
A:E100V	B:E297V	logit=-2.509
A:I30V	B:I227V	logit=-2.546

Top tied mutations (C + D view):
C:V218L	D:V491L	logit=-0.406
C:K191R	D:K464R	logit=-0.533
C:S180T	D:S453T	logit=-0.657
C:T42V	D:T315V	logit=-0.725
C:N51P	D:N324P	logit=-0.817

Top tied mutations (A + B view):
A:T18V	B:T215V	logit=-0.741
A:N55S	B:N252S	logit=-0.944
A:N54V	B:N251V	logit=-1.575
A:I30V	B:I227V	logit=-2.486
A:E100V	B:E297V	logit=-2.523

Top tied mutations (C + D view):
C:V218L	D:V491L	logit=-0.430
C:K191R	D:K464R	logit=-0.508
C:S180T	D:S453T	logit=-0.641
C:N51P	D:N324P	logit=-0.780
C:T42V	D:T315V	logit=-0.797

Top tied mutations (A + B view):
A:T18V	B:T215V	logit=-0.700
A:N55S	B:N252S	logit=-1.026
A:N54V	B:N251V	logit=-1.711
A:E100V	B:E297V	logit=-2.536
A:I30V	B:I227V	logit=-2.660

Top tied mutations (C + D view):
C:V218L	D:V491L	logit=-0.481
C:K191R	D:K464R	logit=-0.553
C:S180T	D:S453T	logit=-0.645
C:T42V	D:T315V	logit=-0.729
C:N51P	D:N324P	logit=-0.753

Top tied mutations (A + B view):
A:T18V	B:T215V	logit=-0.850
A:N55S	B:N252S	logit=-0.998
A:N54V	B:N251V	logit=-1.421
A:I30V	B:I227V	logit=-2.567
A:E100V	B:E297V	logit=-2.632

Top tied mutations (C + D view):
C:V218L	D:V491L	logit=-0.466
C:K191R	D:K464R	logit=-0.508
C:S180T	D:S453T	logit=-0.669
C:T42V	D:T315V	logit=-0.745
C:N51P	D:N324P	logit=-0.782

Top tied mutations (A + B view):
A:T18V	B:T215V	logit=-0.788
A:N55S	B:N252S	logit=-1.034
A:N54V	B:N251V	logit=-1.481
A:I30V	B:I227V	logit=-2.578
A:E100V	B:E297V	logit=-2.679

Top tied mutations (C + D view):
C:V218L	D:V491L	logit=-0.421
C:K191R	D:K464R	logit=-0.524
C:S180T	D:S453T	logit=-0.624
C:T42V	D:T315V	logit=-0.806
C:S89A	D:S362A	logit=-0.815

Top tied mutations (A + B view):
A:T18V	B:T215V	logit=-0.777
A:N55S	B:N252S	logit=-0.998
A:N54V	B:N251V	logit=-1.490
A:I30V	B:I227V	logit=-2.401
A:E100V	B:E297V	logit=-2.619

Top tied mutations (C + D view):
C:V218L	D:V491L	logit=-0.455
C:K191R	D:K464R	logit=-0.532
C:S180T	D:S453T	logit=-0.654
C:T42V	D:T315V	logit=-0.743
C:N51P	D:N324P	logit=-0.818

Top tied mutations (A + B view):
A:T18V	B:T215V	logit=-0.801
A:N55S	B:N252S	logit=-0.983
A:N54V	B:N251V	logit=-1.552
A:E100V	B:E297V	logit=-2.516
A:I30V	B:I227V	logit=-2.615

Top tied mutations (C + D view):
C:V218L	D:V491L	logit=-0.508
C:K191R	D:K464R	logit=-0.603
C:S180T	D:S453T	logit=-0.666
C:T42V	D:T315V	logit=-0.716
C:N219S	D:N492S	logit=-0.924

Top tied mutations (A + B view):
A:T18V	B:T215V	logit=-0.768
A:N55S	B:N252S	logit=-1.019
A:N54V	B:N251V	logit=-1.643
A:I30V	B:I227V	logit=-2.541
A:E100V	B:E297V	logit=-2.586

Top tied mutations (C + D view):
C:V218L	D:V491L	logit=-0.487
C:K191R	D:K464R	logit=-0.615
C:S180T	D:S453T	logit=-0.658
C:T42V	D:T315V	logit=-0.682
C:N51P	D:N324P	logit=-0.859

Top tied mutations (A + B view):
A:T18V	B:T215V	logit=-0.766
A:N55S	B:N252S	logit=-0.992
A:N54V	B:N251V	logit=-1.641
A:I30V	B:I227V	logit=-2.430
A:E100V	B:E297V	logit=-2.478

Top tied mutations (C + D view):
C:V218L	D:V491L	logit=-0.417
C:K191R	D:K464R	logit=-0.600
C:S180T	D:S453T	logit=-0.653
C:T42V	D:T315V	logit=-0.694
C:N51P	D:N324P	logit=-0.860

Top tied mutations (A + B view):
A:T18V	B:T215V	logit=-0.745
A:N55S	B:N252S	logit=-0.997
A:N54V	B:N251V	logit=-1.499
A:E100V	B:E297V	logit=-2.563
A:I30V	B:I227V	logit=-2.563

Top tied mutations (C + D view):
C:V218L	D:V491L	logit=-0.420
C:K191R	D:K464R	logit=-0.564
C:S180T	D:S453T	logit=-0.632
C:T42V	D:T315V	logit=-0.702
C:N51P	D:N324P	logit=-0.786

Top tied mutations (A + B view):
A:T18V	B:T215V	logit=-0.796
A:N55S	B:N252S	logit=-0.997
A:N54V	B:N251V	logit=-1.619
A:E100V	B:E297V	logit=-2.483
A:I30V	B:I227V	logit=-2.667

Top tied mutations (C + D view):
C:V218L	D:V491L	logit=-0.412
C:K191R	D:K464R	logit=-0.525
C:S180T	D:S453T	logit=-0.662
C:T42V	D:T315V	logit=-0.785
C:S89A	D:S362A	logit=-0.848

Top tied mutations (A + B view):
A:T18V	B:T215V	logit=-0.803
A:N55S	B:N252S	logit=-1.049
A:N54V	B:N251V	logit=-1.653
A:E100V	B:E297V	logit=-2.422
A:I30V	B:I227V	logit=-2.589

Top tied mutations (C + D view):
C:V218L	D:V491L	logit=-0.468
C:K191R	D:K464R	logit=-0.596
C:S180T	D:S453T	logit=-0.665
C:T42V	D:T315V	logit=-0.723
C:N51P	D:N324P	logit=-0.751

Top tied mutations (A + B view):
A:T18V	B:T215V	logit=-0.771
A:N55S	B:N252S	logit=-1.006
A:N54V	B:N251V	logit=-1.552
A:I30V	B:I227V	logit=-2.603
A:E100V	B:E297V	logit=-2.611

Top tied mutations (C + D view):
C:V218L	D:V491L	logit=-0.424
C:K191R	D:K464R	logit=-0.579
C:S180T	D:S453T	logit=-0.671
C:T42V	D:T315V	logit=-0.719
C:N51P	D:N324P	logit=-0.886

Top tied mutations (A + B view):
A:T18V	B:T215V	logit=-0.777
A:N55S	B:N252S	logit=-0.997
A:N54V	B:N251V	logit=-1.662
A:I30V	B:I227V	logit=-2.477
A:E100V	B:E297V	logit=-2.499

Top tied mutations (C + D view):
C:V218L	D:V491L	logit=-0.417
C:K191R	D:K464R	logit=-0.513
C:S180T	D:S453T	logit=-0.669
C:T42V	D:T315V	logit=-0.749
C:S89A	D:S362A	logit=-0.883

Top tied mutations (A + B view):
A:T18V	B:T215V	logit=-0.765
A:N55S	B:N252S	logit=-0.970
A:N54V	B:N251V	logit=-1.560
A:E100V	B:E297V	logit=-2.509
A:I30V	B:I227V	logit=-2.527

Top tied mutations (C + D view):
C:V218L	D:V491L	logit=-0.488
C:K191R	D:K464R	logit=-0.567
C:S180T	D:S453T	logit=-0.671
C:T42V	D:T315V	logit=-0.706
C:N51P	D:N324P	logit=-0.804

Top tied mutations (A + B view):
A:T18V	B:T215V	logit=-0.750
A:N55S	B:N252S	logit=-1.065
A:N54V	B:N251V	logit=-1.704
A:E100V	B:E297V	logit=-2.365
A:I30V	B:I227V	logit=-2.608

Top tied mutations (C + D view):
C:V218L	D:V491L	logit=-0.443
C:K191R	D:K464R	logit=-0.579
C:S180T	D:S453T	logit=-0.654
C:T42V	D:T315V	logit=-0.729
C:N51P	D:N324P	logit=-0.753

Top tied mutations (A + B view):
A:T18V	B:T215V	logit=-0.810
A:N55S	B:N252S	logit=-1.043
A:N54V	B:N251V	logit=-1.681
A:I30V	B:I227V	logit=-2.456
A:E100V	B:E297V	logit=-2.529

Top tied mutations (C + D view):
C:V218L	D:V491L	logit=-0.466
C:K191R	D:K464R	logit=-0.570
C:S180T	D:S453T	logit=-0.620
C:T42V	D:T315V	logit=-0.777
C:N51P	D:N324P	logit=-0.841

Top tied mutations (A + B view):
A:T18V	B:T215V	logit=-0.764
A:N55S	B:N252S	logit=-1.006
A:N54V	B:N251V	logit=-1.688
A:E100V	B:E297V	logit=-2.397
A:I30V	B:I227V	logit=-2.540

Top tied mutations (C + D view):
C:V218L	D:V491L	logit=-0.479
C:K191R	D:K464R	logit=-0.566
C:S180T	D:S453T	logit=-0.679
C:T42V	D:T315V	logit=-0.772
C:N51P	D:N324P	logit=-0.882

Top tied mutations (A + B view):
A:T18V	B:T215V	logit=-0.804
A:N55S	B:N252S	logit=-1.011
A:N54V	B:N251V	logit=-1.607
A:I30V	B:I227V	logit=-2.477
A:E100V	B:E297V	logit=-2.588

Top tied mutations (C + D view):
C:V218L	D:V491L	logit=-0.437
C:K191R	D:K464R	logit=-0.580
C:S180T	D:S453T	logit=-0.658
C:T42V	D:T315V	logit=-0.740
C:N51P	D:N324P	logit=-0.856

Top tied mutations (A + B view):
A:T18V	B:T215V	logit=-0.784
A:N55S	B:N252S	logit=-0.982
A:N54V	B:N251V	logit=-1.569
A:E100V	B:E297V	logit=-2.475
A:I30V	B:I227V	logit=-2.671

Top tied mutations (C + D view):
C:V218L	D:V491L	logit=-0.419
C:K191R	D:K464R	logit=-0.548
C:S180T	D:S453T	logit=-0.675
C:T42V	D:T315V	logit=-0.757
C:S89A	D:S362A	logit=-0.861

Top tied mutations (A + B view):
A:T18V	B:T215V	logit=-0.738
A:N55S	B:N252S	logit=-0.981
A:N54V	B:N251V	logit=-1.704
A:I30V	B:I227V	logit=-2.608
A:E100V	B:E297V	logit=-2.609

Top tied mutations (C + D view):
C:V218L	D:V491L	logit=-0.461
C:K191R	D:K464R	logit=-0.545
C:S180T	D:S453T	logit=-0.659
C:T42V	D:T315V	logit=-0.681
C:N51P	D:N324P	logit=-0.712

Top tied mutations (A + B view):
A:T18V	B:T215V	logit=-0.787
A:N55S	B:N252S	logit=-1.068
A:N54V	B:N251V	logit=-1.609
A:E100V	B:E297V	logit=-2.398
A:I30V	B:I227V	logit=-2.617

Top tied mutations (C + D view):
C:V218L	D:V491L	logit=-0.470
C:K191R	D:K464R	logit=-0.639
C:S180T	D:S453T	logit=-0.657
C:T42V	D:T315V	logit=-0.689
C:N51P	D:N324P	logit=-0.816

Top tied mutations (A + B view):
A:T18V	B:T215V	logit=-0.789
A:N55S	B:N252S	logit=-0.990
A:N54V	B:N251V	logit=-1.534
A:E100V	B:E297V	logit=-2.527
A:I30V	B:I227V	logit=-2.543

Top tied mutations (C + D view):
C:V218L	D:V491L	logit=-0.476
C:K191R	D:K464R	logit=-0.565
C:S180T	D:S453T	logit=-0.660
C:T42V	D:T315V	logit=-0.734
C:N51P	D:N324P	logit=-0.883

Top tied mutations (A + B view):
A:T18V	B:T215V	logit=-0.776
A:N55S	B:N252S	logit=-1.001
A:N54V	B:N251V	logit=-1.639
A:I30V	B:I227V	logit=-2.471
A:E100V	B:E297V	logit=-2.635

Top tied mutations (C + D view):
C:V218L	D:V491L	logit=-0.415
C:K191R	D:K464R	logit=-0.534
C:S180T	D:S453T	logit=-0.672
C:T42V	D:T315V	logit=-0.718
C:N219S	D:N492S	logit=-0.911

Top tied mutations (A + B view):
A:T18V	B:T215V	logit=-0.774
A:N55S	B:N252S	logit=-0.993
A:N54V	B:N251V	logit=-1.590
A:E100V	B:E297V	logit=-2.530
A:I30V	B:I227V	logit=-2.559

Top tied mutations (C + D view):
C:V218L	D:V491L	logit=-0.418
C:K191R	D:K464R	logit=-0.531
C:S180T	D:S453T	logit=-0.694
C:T42V	D:T315V	logit=-0.749
C:N51P	D:N324P	logit=-0.788

Top tied mutations (A + B view):
A:T18V	B:T215V	logit=-0.702
A:N55S	B:N252S	logit=-1.050
A:N54V	B:N251V	logit=-1.683
A:E100V	B:E297V	logit=-2.533
A:I30V	B:I227V	logit=-2.590

Top tied mutations (C + D view):
C:V218L	D:V491L	logit=-0.434
C:K191R	D:K464R	logit=-0.533
C:S180T	D:S453T	logit=-0.664
C:T42V	D:T315V	logit=-0.687
C:N51P	D:N324P	logit=-0.771

Top tied mutations (A + B view):
A:T18V	B:T215V	logit=-0.745
A:N55S	B:N252S	logit=-1.014
A:N54V	B:N251V	logit=-1.534
A:E100V	B:E297V	logit=-2.487
A:I30V	B:I227V	logit=-2.520

Top tied mutations (C + D view):
C:V218L	D:V491L	logit=-0.425
C:K191R	D:K464R	logit=-0.606
C:S180T	D:S453T	logit=-0.641
C:T42V	D:T315V	logit=-0.714
C:N51P	D:N324P	logit=-0.900

Top tied mutations (A + B view):
A:T18V	B:T215V	logit=-0.805
A:N55S	B:N252S	logit=-1.002
A:N54V	B:N251V	logit=-1.587
A:I30V	B:I227V	logit=-2.600
A:E100V	B:E297V	logit=-2.601

Top tied mutations (C + D view):
C:V218L	D:V491L	logit=-0.425
C:K191R	D:K464R	logit=-0.566
C:S180T	D:S453T	logit=-0.653
C:T42V	D:T315V	logit=-0.708
C:N51P	D:N324P	logit=-0.759

Top tied mutations (A + B view):
A:T18V	B:T215V	logit=-0.760
A:N55S	B:N252S	logit=-1.053
A:N54V	B:N251V	logit=-1.523
A:I30V	B:I227V	logit=-2.519
A:E100V	B:E297V	logit=-2.627

Top tied mutations (C + D view):
C:V218L	D:V491L	logit=-0.488
C:K191R	D:K464R	logit=-0.527
C:S180T	D:S453T	logit=-0.652
C:T42V	D:T315V	logit=-0.717
C:N51P	D:N324P	logit=-0.829

Top tied mutations (A + B view):
A:T18V	B:T215V	logit=-0.705
A:N55S	B:N252S	logit=-1.027
A:N54V	B:N251V	logit=-1.619
A:E100V	B:E297V	logit=-2.567
A:I30V	B:I227V	logit=-2.662

Top tied mutations (C + D view):
C:V218L	D:V491L	logit=-0.467
C:K191R	D:K464R	logit=-0.499
C:S180T	D:S453T	logit=-0.646
C:T42V	D:T315V	logit=-0.718
C:S89A	D:S362A	logit=-0.851

Top tied mutations (A + B view):
A:T18V	B:T215V	logit=-0.781
A:N55S	B:N252S	logit=-0.993
A:N54V	B:N251V	logit=-1.607
A:E100V	B:E297V	logit=-2.514
A:I30V	B:I227V	logit=-2.621

Top tied mutations (C + D view):
C:V218L	D:V491L	logit=-0.445
C:K191R	D:K464R	logit=-0.551
C:S180T	D:S453T	logit=-0.656
C:T42V	D:T315V	logit=-0.681
C:N51P	D:N324P	logit=-0.829

Top tied mutations (A + B view):
A:T18V	B:T215V	logit=-0.752
A:N55S	B:N252S	logit=-1.020
A:N54V	B:N251V	logit=-1.656
A:I30V	B:I227V	logit=-2.570
A:E100V	B:E297V	logit=-2.595

Top tied mutations (C + D view):
C:V218L	D:V491L	logit=-0.452
C:K191R	D:K464R	logit=-0.495
C:S180T	D:S453T	logit=-0.637
C:T42V	D:T315V	logit=-0.754
C:S89A	D:S362A	logit=-0.815

Top tied mutations (A + B view):
A:T18V	B:T215V	logit=-0.754
A:N55S	B:N252S	logit=-1.043
A:N54V	B:N251V	logit=-1.521
A:E100V	B:E297V	logit=-2.464
A:I30V	B:I227V	logit=-2.666

Top tied mutations (C + D view):
C:V218L	D:V491L	logit=-0.440
C:K191R	D:K464R	logit=-0.610
C:T42V	D:T315V	logit=-0.676
C:S180T	D:S453T	logit=-0.680
C:N51P	D:N324P	logit=-0.804

Top tied mutations (A + B view):
A:T18V	B:T215V	logit=-0.787
A:N55S	B:N252S	logit=-1.053
A:N54V	B:N251V	logit=-1.520
A:E100V	B:E297V	logit=-2.488
A:I30V	B:I227V	logit=-2.578

Top tied mutations (C + D view):
C:V218L	D:V491L	logit=-0.405
C:K191R	D:K464R	logit=-0.539
C:S180T	D:S453T	logit=-0.672
C:T42V	D:T315V	logit=-0.694
C:N51P	D:N324P	logit=-0.753

Top tied mutations (A + B view):
A:T18V	B:T215V	logit=-0.875
A:N55S	B:N252S	logit=-0.937
A:N54V	B:N251V	logit=-1.557
A:E100V	B:E297V	logit=-2.554
A:I30V	B:I227V	logit=-2.565

Top tied mutations (C + D view):
C:V218L	D:V491L	logit=-0.415
C:K191R	D:K464R	logit=-0.508
C:S180T	D:S453T	logit=-0.631
C:T42V	D:T315V	logit=-0.713
C:N51P	D:N324P	logit=-0.900

Top tied mutations (A + B view):
A:T18V	B:T215V	logit=-0.845
A:N55S	B:N252S	logit=-1.024
A:N54V	B:N251V	logit=-1.631
A:E100V	B:E297V	logit=-2.602
A:I30V	B:I227V	logit=-2.739

Top tied mutations (C + D view):
C:V218L	D:V491L	logit=-0.438
C:K191R	D:K464R	logit=-0.604
C:S180T	D:S453T	logit=-0.660
C:T42V	D:T315V	logit=-0.663
C:N51P	D:N324P	logit=-0.752

Top tied mutations (A + B view):
A:T18V	B:T215V	logit=-0.818
A:N55S	B:N252S	logit=-1.008
A:N54V	B:N251V	logit=-1.561
A:I30V	B:I227V	logit=-2.485
A:E100V	B:E297V	logit=-2.528

Top tied mutations (C + D view):
C:V218L	D:V491L	logit=-0.487
C:K191R	D:K464R	logit=-0.636
C:S180T	D:S453T	logit=-0.658
C:T42V	D:T315V	logit=-0.693
C:S89A	D:S362A	logit=-0.841

Top tied mutations (A + B view):
A:T18V	B:T215V	logit=-0.756
A:N55S	B:N252S	logit=-1.006
A:N54V	B:N251V	logit=-1.669
A:I30V	B:I227V	logit=-2.507
A:E100V	B:E297V	logit=-2.531

Top tied mutations (C + D view):
C:V218L	D:V491L	logit=-0.451
C:K191R	D:K464R	logit=-0.535
C:S180T	D:S453T	logit=-0.670
C:T42V	D:T315V	logit=-0.723
C:N51P	D:N324P	logit=-0.820

Top tied mutations (A + B view):
A:T18V	B:T215V	logit=-0.800
A:N55S	B:N252S	logit=-1.041
A:N54V	B:N251V	logit=-1.507
A:E100V	B:E297V	logit=-2.482
A:I30V	B:I227V	logit=-2.700

Top tied mutations (C + D view):
C:V218L	D:V491L	logit=-0.429
C:K191R	D:K464R	logit=-0.541
C:S180T	D:S453T	logit=-0.640
C:N51P	D:N324P	logit=-0.716
C:T42V	D:T315V	logit=-0.736

Top tied mutations (A + B view):
A:T18V	B:T215V	logit=-0.806
A:N55S	B:N252S	logit=-1.040
A:N54V	B:N251V	logit=-1.849
A:E100V	B:E297V	logit=-2.497
A:I30V	B:I227V	logit=-2.536

Top tied mutations (C + D view):
C:V218L	D:V491L	logit=-0.423
C:K191R	D:K464R	logit=-0.515
C:S180T	D:S453T	logit=-0.658
C:T42V	D:T315V	logit=-0.724
C:N51P	D:N324P	logit=-0.778

Top tied mutations (A + B view):
A:T18V	B:T215V	logit=-0.735
A:N55S	B:N252S	logit=-1.030
A:N54V	B:N251V	logit=-1.706
A:E100V	B:E297V	logit=-2.549
A:I30V	B:I227V	logit=-2.593

Top tied mutations (C + D view):
C:V218L	D:V491L	logit=-0.453
C:K191R	D:K464R	logit=-0.585
C:S180T	D:S453T	logit=-0.658
C:T42V	D:T315V	logit=-0.760
C:N51P	D:N324P	logit=-0.878

Top tied mutations (A + B view):
A:T18V	B:T215V	logit=-0.798
A:N55S	B:N252S	logit=-1.106
A:N54V	B:N251V	logit=-1.554
A:E100V	B:E297V	logit=-2.442
A:I30V	B:I227V	logit=-2.622

Top tied mutations (C + D view):
C:V218L	D:V491L	logit=-0.413
C:K191R	D:K464R	logit=-0.623
C:S180T	D:S453T	logit=-0.679
C:T42V	D:T315V	logit=-0.798
C:N51P	D:N324P	logit=-0.809

Top tied mutations (A + B view):
A:T18V	B:T215V	logit=-0.760
A:N55S	B:N252S	logit=-1.035
A:N54V	B:N251V	logit=-1.485
A:I30V	B:I227V	logit=-2.474
A:E100V	B:E297V	logit=-2.651

Top tied mutations (C + D view):
C:V218L	D:V491L	logit=-0.463
C:K191R	D:K464R	logit=-0.518
C:S180T	D:S453T	logit=-0.656
C:T42V	D:T315V	logit=-0.720
C:N219S	D:N492S	logit=-0.921

Top tied mutations (A + B view):
A:T18V	B:T215V	logit=-0.775
A:N55S	B:N252S	logit=-0.976
A:N54V	B:N251V	logit=-1.637
A:I30V	B:I227V	logit=-2.414
A:E100V	B:E297V	logit=-2.633

Top tied mutations (C + D view):
C:V218L	D:V491L	logit=-0.419
C:K191R	D:K464R	logit=-0.583
C:S180T	D:S453T	logit=-0.669
C:T42V	D:T315V	logit=-0.734
C:N51P	D:N324P	logit=-0.767

Top tied mutations (A + B view):
A:T18V	B:T215V	logit=-0.767
A:N55S	B:N252S	logit=-0.996
A:N54V	B:N251V	logit=-1.643
A:E100V	B:E297V	logit=-2.517
A:I30V	B:I227V	logit=-2.653

Top tied mutations (C + D view):
C:V218L	D:V491L	logit=-0.494
C:K191R	D:K464R	logit=-0.513
C:S180T	D:S453T	logit=-0.657
C:N51P	D:N324P	logit=-0.722
C:T42V	D:T315V	logit=-0.734

Top tied mutations (A + B view):
A:T18V	B:T215V	logit=-0.727
A:N55S	B:N252S	logit=-1.010
A:N54V	B:N251V	logit=-1.512
A:E100V	B:E297V	logit=-2.480
A:I30V	B:I227V	logit=-2.624

Top tied mutations (C + D view):
C:V218L	D:V491L	logit=-0.455
C:K191R	D:K464R	logit=-0.507
C:S180T	D:S453T	logit=-0.645
C:T42V	D:T315V	logit=-0.720
C:N51P	D:N324P	logit=-0.735

Top tied mutations (A + B view):
A:T18V	B:T215V	logit=-0.722
A:N55S	B:N252S	logit=-0.974
A:N54V	B:N251V	logit=-1.708
A:E100V	B:E297V	logit=-2.480
A:I30V	B:I227V	logit=-2.683

Top tied mutations (C + D view):
C:V218L	D:V491L	logit=-0.478
C:K191R	D:K464R	logit=-0.552
C:S180T	D:S453T	logit=-0.644
C:T42V	D:T315V	logit=-0.751
C:N51P	D:N324P	logit=-0.791

Top tied mutations (A + B view):
A:T18V	B:T215V	logit=-0.793
A:N55S	B:N252S	logit=-1.059
A:N54V	B:N251V	logit=-1.591
A:I30V	B:I227V	logit=-2.367
A:E100V	B:E297V	logit=-2.452

Top tied mutations (C + D view):
C:V218L	D:V491L	logit=-0.463
C:K191R	D:K464R	logit=-0.589
C:S180T	D:S453T	logit=-0.648
C:T42V	D:T315V	logit=-0.717
C:N51P	D:N324P	logit=-0.789

Top tied mutations (A + B view):
A:T18V	B:T215V	logit=-0.816
A:N55S	B:N252S	logit=-1.007
A:N54V	B:N251V	logit=-1.464
A:E100V	B:E297V	logit=-2.556
A:I30V	B:I227V	logit=-2.624

Top tied mutations (C + D view):
C:V218L	D:V491L	logit=-0.466
C:K191R	D:K464R	logit=-0.628
C:S180T	D:S453T	logit=-0.650
C:T42V	D:T315V	logit=-0.775
C:N51P	D:N324P	logit=-0.894

Top tied mutations (A + B view):
A:T18V	B:T215V	logit=-0.733
A:N55S	B:N252S	logit=-1.034
A:N54V	B:N251V	logit=-1.527
A:I30V	B:I227V	logit=-2.577
A:E100V	B:E297V	logit=-2.661

Top tied mutations (C + D view):
C:V218L	D:V491L	logit=-0.465
C:K191R	D:K464R	logit=-0.548
C:S180T	D:S453T	logit=-0.655
C:N51P	D:N324P	logit=-0.716
C:T42V	D:T315V	logit=-0.728

Top tied mutations (A + B view):
A:T18V	B:T215V	logit=-0.785
A:N55S	B:N252S	logit=-0.998
A:N54V	B:N251V	logit=-1.654
A:E100V	B:E297V	logit=-2.647
A:I30V	B:I227V	logit=-2.673

Top tied mutations (C + D view):
C:V218L	D:V491L	logit=-0.494
C:K191R	D:K464R	logit=-0.544
C:S180T	D:S453T	logit=-0.641
C:T42V	D:T315V	logit=-0.708
C:S89A	D:S362A	logit=-0.889

Top tied mutations (A + B view):
A:T18V	B:T215V	logit=-0.838
A:N55S	B:N252S	logit=-0.976
A:N54V	B:N251V	logit=-1.602
A:E100V	B:E297V	logit=-2.498
A:I30V	B:I227V	logit=-2.645

Top tied mutations (C + D view):
C:V218L	D:V491L	logit=-0.443
C:K191R	D:K464R	logit=-0.518
C:S180T	D:S453T	logit=-0.652
C:T42V	D:T315V	logit=-0.727
C:A168P	D:A441P	logit=-0.901

Top tied mutations (A + B view):
A:T18V	B:T215V	logit=-0.804
A:N55S	B:N252S	logit=-1.011
A:N54V	B:N251V	logit=-1.540
A:E100V	B:E297V	logit=-2.536
A:I30V	B:I227V	logit=-2.676

Top tied mutations (C + D view):
C:V218L	D:V491L	logit=-0.439
C:K191R	D:K464R	logit=-0.501
C:S180T	D:S453T	logit=-0.647
C:T42V	D:T315V	logit=-0.700
C:N51P	D:N324P	logit=-0.900

Top tied mutations (A + B view):
A:T18V	B:T215V	logit=-0.742
A:N55S	B:N252S	logit=-0.956
A:N54V	B:N251V	logit=-1.619
A:E100V	B:E297V	logit=-2.546
A:I30V	B:I227V	logit=-2.605

Top tied mutations (C + D view):
C:V218L	D:V491L	logit=-0.478
C:K191R	D:K464R	logit=-0.539
C:S180T	D:S453T	logit=-0.651
C:T42V	D:T315V	logit=-0.691
C:N51P	D:N324P	logit=-0.792

Top tied mutations (A + B view):
A:T18V	B:T215V	logit=-0.709
A:N55S	B:N252S	logit=-0.987
A:N54V	B:N251V	logit=-1.591
A:E100V	B:E297V	logit=-2.458
A:I30V	B:I227V	logit=-2.515

Top tied mutations (C + D view):
C:V218L	D:V491L	logit=-0.464
C:K191R	D:K464R	logit=-0.514
C:S180T	D:S453T	logit=-0.652
C:T42V	D:T315V	logit=-0.747
C:N51P	D:N324P	logit=-0.765

Top tied mutations (A + B view):
A:T18V	B:T215V	logit=-0.775
A:N55S	B:N252S	logit=-0.996
A:N54V	B:N251V	logit=-1.532
A:E100V	B:E297V	logit=-2.483
A:I30V	B:I227V	logit=-2.699

Top tied mutations (C + D view):
C:V218L	D:V491L	logit=-0.434
C:K191R	D:K464R	logit=-0.591
C:S180T	D:S453T	logit=-0.645
C:T42V	D:T315V	logit=-0.747
C:N51P	D:N324P	logit=-0.784

Top tied mutations (A + B view):
A:T18V	B:T215V	logit=-0.692
A:N55S	B:N252S	logit=-1.022
A:N54V	B:N251V	logit=-1.606
A:I30V	B:I227V	logit=-2.597
A:E100V	B:E297V	logit=-2.635

Top tied mutations (C + D view):
C:V218L	D:V491L	logit=-0.459
C:K191R	D:K464R	logit=-0.511
C:S180T	D:S453T	logit=-0.656
C:T42V	D:T315V	logit=-0.711
C:N51P	D:N324P	logit=-0.854

Top tied mutations (A + B view):
A:T18V	B:T215V	logit=-0.807
A:N55S	B:N252S	logit=-0.993
A:N54V	B:N251V	logit=-1.624
A:E100V	B:E297V	logit=-2.483
A:I30V	B:I227V	logit=-2.607

Top tied mutations (C + D view):
C:V218L	D:V491L	logit=-0.482
C:K191R	D:K464R	logit=-0.559
C:S180T	D:S453T	logit=-0.633
C:T42V	D:T315V	logit=-0.722
C:N51P	D:N324P	logit=-0.843

Top tied mutations (A + B view):
A:T18V	B:T215V	logit=-0.820
A:N55S	B:N252S	logit=-1.088
A:N54V	B:N251V	logit=-1.586
A:E100V	B:E297V	logit=-2.519
A:I30V	B:I227V	logit=-2.576

Top tied mutations (C + D view):
C:V218L	D:V491L	logit=-0.440
C:K191R	D:K464R	logit=-0.547
C:S180T	D:S453T	logit=-0.663
C:T42V	D:T315V	logit=-0.771
C:N51P	D:N324P	logit=-0.834

Top tied mutations (A + B view):
A:T18V	B:T215V	logit=-0.778
A:N55S	B:N252S	logit=-1.013
A:N54V	B:N251V	logit=-1.556
A:E100V	B:E297V	logit=-2.582
A:I30V	B:I227V	logit=-2.652

Top tied mutations (C + D view):
C:V218L	D:V491L	logit=-0.475
C:K191R	D:K464R	logit=-0.619
C:S180T	D:S453T	logit=-0.680
C:T42V	D:T315V	logit=-0.716
C:A168P	D:A441P	logit=-0.897

Top tied mutations (A + B view):
A:T18V	B:T215V	logit=-0.800
A:N55S	B:N252S	logit=-1.023
A:N54V	B:N251V	logit=-1.629
A:E100V	B:E297V	logit=-2.407
A:I30V	B:I227V	logit=-2.631

Top tied mutations (C + D view):
C:V218L	D:V491L	logit=-0.467
C:K191R	D:K464R	logit=-0.560
C:S180T	D:S453T	logit=-0.675
C:T42V	D:T315V	logit=-0.703
C:N51P	D:N324P	logit=-0.776

Top tied mutations (A + B view):
A:T18V	B:T215V	logit=-0.756
A:N55S	B:N252S	logit=-0.963
A:N54V	B:N251V	logit=-1.543
A:E100V	B:E297V	logit=-2.433
A:I30V	B:I227V	logit=-2.526

Top tied mutations (C + D view):
C:V218L	D:V491L	logit=-0.457
C:K191R	D:K464R	logit=-0.506
C:S180T	D:S453T	logit=-0.633
C:T42V	D:T315V	logit=-0.710
C:N51P	D:N324P	logit=-0.779

Top tied mutations (A + B view):
A:T18V	B:T215V	logit=-0.720
A:N55S	B:N252S	logit=-0.991
A:N54V	B:N251V	logit=-1.563
A:I30V	B:I227V	logit=-2.547
A:E100V	B:E297V	logit=-2.581

Top tied mutations (C + D view):
C:V218L	D:V491L	logit=-0.422
C:K191R	D:K464R	logit=-0.606
C:S180T	D:S453T	logit=-0.660
C:T42V	D:T315V	logit=-0.750
C:N51P	D:N324P	logit=-0.873

Top tied mutations (A + B view):
A:T18V	B:T215V	logit=-0.772
A:N55S	B:N252S	logit=-0.922
A:N54V	B:N251V	logit=-1.555
A:E100V	B:E297V	logit=-2.462
A:I30V	B:I227V	logit=-2.589

Top tied mutations (C + D view):
C:V218L	D:V491L	logit=-0.463
C:K191R	D:K464R	logit=-0.552
C:S180T	D:S453T	logit=-0.640
C:T42V	D:T315V	logit=-0.676
C:N51P	D:N324P	logit=-0.872

Top tied mutations (A + B view):
A:T18V	B:T215V	logit=-0.763
A:N55S	B:N252S	logit=-0.967
A:N54V	B:N251V	logit=-1.597
A:E100V	B:E297V	logit=-2.532
A:I30V	B:I227V	logit=-2.732

Top tied mutations (C + D view):
C:V218L	D:V491L	logit=-0.464
C:K191R	D:K464R	logit=-0.590
C:S180T	D:S453T	logit=-0.657
C:T42V	D:T315V	logit=-0.718
C:N51P	D:N324P	logit=-0.761

Top tied mutations (A + B view):
A:T18V	B:T215V	logit=-0.727
A:N55S	B:N252S	logit=-1.011
A:N54V	B:N251V	logit=-1.621
A:E100V	B:E297V	logit=-2.428
A:I30V	B:I227V	logit=-2.732

Top tied mutations (C + D view):
C:V218L	D:V491L	logit=-0.412
C:K191R	D:K464R	logit=-0.581
C:S180T	D:S453T	logit=-0.643
C:T42V	D:T315V	logit=-0.742
C:N51P	D:N324P	logit=-0.802

Top tied mutations (A + B view):
A:T18V	B:T215V	logit=-0.848
A:N55S	B:N252S	logit=-1.039
A:N54V	B:N251V	logit=-1.634
A:E100V	B:E297V	logit=-2.508
A:I30V	B:I227V	logit=-2.557

Top tied mutations (C + D view):
C:V218L	D:V491L	logit=-0.425
C:K191R	D:K464R	logit=-0.460
C:S180T	D:S453T	logit=-0.663
C:T42V	D:T315V	logit=-0.726
C:N51P	D:N324P	logit=-0.794

Top tied mutations (A + B view):
A:T18V	B:T215V	logit=-0.772
A:N55S	B:N252S	logit=-0.892
A:N54V	B:N251V	logit=-1.559
A:I30V	B:I227V	logit=-2.468
A:E100V	B:E297V	logit=-2.615

Top tied mutations (C + D view):
C:V218L	D:V491L	logit=-0.461
C:K191R	D:K464R	logit=-0.588
C:S180T	D:S453T	logit=-0.644
C:T42V	D:T315V	logit=-0.690
C:S89A	D:S362A	logit=-0.939

Top tied mutations (A + B view):
A:T18V	B:T215V	logit=-0.777
A:N55S	B:N252S	logit=-0.987
A:N54V	B:N251V	logit=-1.554
A:E100V	B:E297V	logit=-2.539
A:I30V	B:I227V	logit=-2.774

Top tied mutations (C + D view):
C:V218L	D:V491L	logit=-0.410
C:K191R	D:K464R	logit=-0.509
C:S180T	D:S453T	logit=-0.650
C:T42V	D:T315V	logit=-0.712
C:N51P	D:N324P	logit=-0.792

Top tied mutations (A + B view):
A:T18V	B:T215V	logit=-0.775
A:N55S	B:N252S	logit=-1.061
A:N54V	B:N251V	logit=-1.608
A:I30V	B:I227V	logit=-2.446
A:E100V	B:E297V	logit=-2.492

Top tied mutations (C + D view):
C:V218L	D:V491L	logit=-0.433
C:K191R	D:K464R	logit=-0.550
C:S180T	D:S453T	logit=-0.631
C:T42V	D:T315V	logit=-0.773
C:N51P	D:N324P	logit=-0.804

Top tied mutations (A + B view):
A:T18V	B:T215V	logit=-0.725
A:N55S	B:N252S	logit=-0.999
A:N54V	B:N251V	logit=-1.600
A:E100V	B:E297V	logit=-2.615
A:I30V	B:I227V	logit=-2.671

Top tied mutations (C + D view):
C:V218L	D:V491L	logit=-0.425
C:K191R	D:K464R	logit=-0.584
C:S180T	D:S453T	logit=-0.666
C:T42V	D:T315V	logit=-0.677
C:N51P	D:N324P	logit=-0.803

Top tied mutations (A + B view):
A:T18V	B:T215V	logit=-0.789
A:N55S	B:N252S	logit=-0.943
A:N54V	B:N251V	logit=-1.519
A:I30V	B:I227V	logit=-2.546
A:E100V	B:E297V	logit=-2.654

Top tied mutations (C + D view):
C:V218L	D:V491L	logit=-0.512
C:K191R	D:K464R	logit=-0.552
C:S180T	D:S453T	logit=-0.647
C:N51P	D:N324P	logit=-0.780
C:T42V	D:T315V	logit=-0.800

Top tied mutations (A + B view):
A:T18V	B:T215V	logit=-0.760
A:N55S	B:N252S	logit=-1.003
A:N54V	B:N251V	logit=-1.668
A:E100V	B:E297V	logit=-2.556
A:I30V	B:I227V	logit=-2.662

Top tied mutations (C + D view):
C:V218L	D:V491L	logit=-0.490
C:K191R	D:K464R	logit=-0.530
C:S180T	D:S453T	logit=-0.650
C:T42V	D:T315V	logit=-0.719
C:N51P	D:N324P	logit=-0.775

Top tied mutations (A + B view):
A:T18V	B:T215V	logit=-0.729
A:N55S	B:N252S	logit=-1.006
A:N54V	B:N251V	logit=-1.629
A:I30V	B:I227V	logit=-2.490
A:E100V	B:E297V	logit=-2.491

Top tied mutations (C + D view):
C:V218L	D:V491L	logit=-0.489
C:K191R	D:K464R	logit=-0.577
C:S180T	D:S453T	logit=-0.653
C:T42V	D:T315V	logit=-0.753
C:N51P	D:N324P	logit=-0.834

Top tied mutations (A + B view):
A:T18V	B:T215V	logit=-0.737
A:N55S	B:N252S	logit=-0.953
A:N54V	B:N251V	logit=-1.578
A:E100V	B:E297V	logit=-2.405
A:I30V	B:I227V	logit=-2.468

Top tied mutations (C + D view):
C:K191R	D:K464R	logit=-0.466
C:V218L	D:V491L	logit=-0.477
C:S180T	D:S453T	logit=-0.634
C:T42V	D:T315V	logit=-0.749
C:N51P	D:N324P	logit=-0.897

Top tied mutations (A + B view):
A:T18V	B:T215V	logit=-0.734
A:N55S	B:N252S	logit=-1.049
A:N54V	B:N251V	logit=-1.661
A:E100V	B:E297V	logit=-2.568
A:I30V	B:I227V	logit=-2.655

Top tied mutations (C + D view):
C:V218L	D:V491L	logit=-0.417
C:K191R	D:K464R	logit=-0.600
C:S180T	D:S453T	logit=-0.636
C:T42V	D:T315V	logit=-0.716
C:N51P	D:N324P	logit=-0.807

Top tied mutations (A + B view):
A:T18V	B:T215V	logit=-0.746
A:N55S	B:N252S	logit=-1.058
A:N54V	B:N251V	logit=-1.854
A:E100V	B:E297V	logit=-2.521
A:I30V	B:I227V	logit=-2.580

Top tied mutations (C + D view):
C:V218L	D:V491L	logit=-0.423
C:K191R	D:K464R	logit=-0.597
C:S180T	D:S453T	logit=-0.678
C:T42V	D:T315V	logit=-0.717
C:N51P	D:N324P	logit=-0.809

Top tied mutations (A + B view):
A:T18V	B:T215V	logit=-0.823
A:N55S	B:N252S	logit=-0.968
A:N54V	B:N251V	logit=-1.519
A:E100V	B:E297V	logit=-2.637
A:I30V	B:I227V	logit=-2.797

Top tied mutations (C + D view):
C:V218L	D:V491L	logit=-0.498
C:K191R	D:K464R	logit=-0.535
C:S180T	D:S453T	logit=-0.654
C:T42V	D:T315V	logit=-0.731
C:N51P	D:N324P	logit=-0.771

Top tied mutations (A + B view):
A:T18V	B:T215V	logit=-0.748
A:N55S	B:N252S	logit=-0.962
A:N54V	B:N251V	logit=-1.639
A:E100V	B:E297V	logit=-2.523
A:I30V	B:I227V	logit=-2.611

Top tied mutations (C + D view):
C:V218L	D:V491L	logit=-0.439
C:K191R	D:K464R	logit=-0.514
C:S180T	D:S453T	logit=-0.666
C:T42V	D:T315V	logit=-0.761
C:N51P	D:N324P	logit=-0.801

Top tied mutations (A + B view):
A:T18V	B:T215V	logit=-0.818
A:N55S	B:N252S	logit=-1.015
A:N54V	B:N251V	logit=-1.561
A:E100V	B:E297V	logit=-2.557
A:I30V	B:I227V	logit=-2.603

Top tied mutations (C + D view):
C:V218L	D:V491L	logit=-0.443
C:K191R	D:K464R	logit=-0.604
C:S180T	D:S453T	logit=-0.658
C:T42V	D:T315V	logit=-0.677
C:N51P	D:N324P	logit=-0.832

Top tied mutations (A + B view):
A:T18V	B:T215V	logit=-0.736
A:N55S	B:N252S	logit=-0.975
A:N54V	B:N251V	logit=-1.597
A:E100V	B:E297V	logit=-2.488
A:I30V	B:I227V	logit=-2.568

Top tied mutations (C + D view):
C:V218L	D:V491L	logit=-0.445
C:K191R	D:K464R	logit=-0.533
C:S180T	D:S453T	logit=-0.657
C:T42V	D:T315V	logit=-0.729
C:S89A	D:S362A	logit=-0.936

Top tied mutations (A + B view):
A:T18V	B:T215V	logit=-0.793
A:N55S	B:N252S	logit=-0.965
A:N54V	B:N251V	logit=-1.528
A:E100V	B:E297V	logit=-2.511
A:I30V	B:I227V	logit=-2.693

Top tied mutations (C + D view):
C:V218L	D:V491L	logit=-0.485
C:K191R	D:K464R	logit=-0.559
C:S180T	D:S453T	logit=-0.642
C:T42V	D:T315V	logit=-0.720
C:N51P	D:N324P	logit=-0.806

Top tied mutations (A + B view):
A:T18V	B:T215V	logit=-0.727
A:N55S	B:N252S	logit=-0.992
A:N54V	B:N251V	logit=-1.733
A:E100V	B:E297V	logit=-2.444
A:I30V	B:I227V	logit=-2.458

Top tied mutations (C + D view):
C:V218L	D:V491L	logit=-0.484
C:K191R	D:K464R	logit=-0.605
C:S180T	D:S453T	logit=-0.649
C:T42V	D:T315V	logit=-0.727
C:N51P	D:N324P	logit=-0.766

Top tied mutations (A + B view):
A:T18V	B:T215V	logit=-0.736
A:N55S	B:N252S	logit=-1.007
A:N54V	B:N251V	logit=-1.578
A:E100V	B:E297V	logit=-2.509
A:I30V	B:I227V	logit=-2.579

Top tied mutations (C + D view):
C:V218L	D:V491L	logit=-0.411
C:K191R	D:K464R	logit=-0.497
C:S180T	D:S453T	logit=-0.651
C:T42V	D:T315V	logit=-0.702
C:N51P	D:N324P	logit=-0.801

Top tied mutations (A + B view):
A:T18V	B:T215V	logit=-0.788
A:N55S	B:N252S	logit=-0.995
A:N54V	B:N251V	logit=-1.791
A:E100V	B:E297V	logit=-2.520
A:I30V	B:I227V	logit=-2.597

Top tied mutations (C + D view):
C:V218L	D:V491L	logit=-0.479
C:K191R	D:K464R	logit=-0.490
C:S180T	D:S453T	logit=-0.651
C:T42V	D:T315V	logit=-0.744
C:N51P	D:N324P	logit=-0.810

Top tied mutations (A + B view):
A:T18V	B:T215V	logit=-0.825
A:N55S	B:N252S	logit=-0.976
A:N54V	B:N251V	logit=-1.561
A:E100V	B:E297V	logit=-2.575
A:I30V	B:I227V	logit=-2.698

Top tied mutations (C + D view):
C:V218L	D:V491L	logit=-0.473
C:K191R	D:K464R	logit=-0.488
C:S180T	D:S453T	logit=-0.628
C:T42V	D:T315V	logit=-0.709
C:N51P	D:N324P	logit=-0.861

Top tied mutations (A + B view):
A:T18V	B:T215V	logit=-0.865
A:N55S	B:N252S	logit=-0.971
A:N54V	B:N251V	logit=-1.597
A:E100V	B:E297V	logit=-2.586
A:I30V	B:I227V	logit=-2.598

Top tied mutations (C + D view):
C:V218L	D:V491L	logit=-0.476
C:K191R	D:K464R	logit=-0.598
C:S180T	D:S453T	logit=-0.669
C:T42V	D:T315V	logit=-0.730
C:N51P	D:N324P	logit=-0.901

Top tied mutations (A + B view):
A:T18V	B:T215V	logit=-0.724
A:N55S	B:N252S	logit=-0.972
A:N54V	B:N251V	logit=-1.493
A:E100V	B:E297V	logit=-2.498
A:I30V	B:I227V	logit=-2.542

Top tied mutations (C + D view):
C:V218L	D:V491L	logit=-0.431
C:K191R	D:K464R	logit=-0.620
C:S180T	D:S453T	logit=-0.670
C:T42V	D:T315V	logit=-0.757
C:N219S	D:N492S	logit=-0.925

Top tied mutations (A + B view):
A:T18V	B:T215V	logit=-0.777
A:N55S	B:N252S	logit=-0.947
A:N54V	B:N251V	logit=-1.541
A:I30V	B:I227V	logit=-2.433
A:E100V	B:E297V	logit=-2.523

Top tied mutations (C + D view):
C:V218L	D:V491L	logit=-0.460
C:K191R	D:K464R	logit=-0.559
C:S180T	D:S453T	logit=-0.653
C:T42V	D:T315V	logit=-0.748
C:N51P	D:N324P	logit=-0.878

Top tied mutations (A + B view):
A:T18V	B:T215V	logit=-0.767
A:N55S	B:N252S	logit=-1.013
A:N54V	B:N251V	logit=-1.557
A:I30V	B:I227V	logit=-2.605
A:E100V	B:E297V	logit=-2.626

Top tied mutations (C + D view):
C:V218L	D:V491L	logit=-0.428
C:K191R	D:K464R	logit=-0.572
C:S180T	D:S453T	logit=-0.633
C:T42V	D:T315V	logit=-0.717
C:N51P	D:N324P	logit=-0.888

Top tied mutations (A + B view):
A:T18V	B:T215V	logit=-0.782
A:N55S	B:N252S	logit=-1.010
A:N54V	B:N251V	logit=-1.543
A:E100V	B:E297V	logit=-2.562
A:I30V	B:I227V	logit=-2.615

Top tied mutations (C + D view):
C:V218L	D:V491L	logit=-0.406
C:K191R	D:K464R	logit=-0.586
C:S180T	D:S453T	logit=-0.683
C:T42V	D:T315V	logit=-0.754
C:N51P	D:N324P	logit=-0.899

Top tied mutations (A + B view):
A:T18V	B:T215V	logit=-0.760
A:N55S	B:N252S	logit=-0.988
A:N54V	B:N251V	logit=-1.554
A:E100V	B:E297V	logit=-2.511
A:I30V	B:I227V	logit=-2.567

Top tied mutations (C + D view):
C:V218L	D:V491L	logit=-0.470
C:K191R	D:K464R	logit=-0.497
C:S180T	D:S453T	logit=-0.648
C:T42V	D:T315V	logit=-0.749
C:N51P	D:N324P	logit=-0.768

Top tied mutations (A + B view):
A:T18V	B:T215V	logit=-0.752
A:N55S	B:N252S	logit=-1.026
A:N54V	B:N251V	logit=-1.540
A:I30V	B:I227V	logit=-2.461
A:E100V	B:E297V	logit=-2.479

Top tied mutations (C + D view):
C:V218L	D:V491L	logit=-0.435
C:K191R	D:K464R	logit=-0.561
C:S180T	D:S453T	logit=-0.658
C:T42V	D:T315V	logit=-0.812
C:N51P	D:N324P	logit=-0.874

Top tied mutations (A + B view):
A:T18V	B:T215V	logit=-0.755
A:N55S	B:N252S	logit=-0.977
A:N54V	B:N251V	logit=-1.723
A:E100V	B:E297V	logit=-2.479
A:I30V	B:I227V	logit=-2.771

Top tied mutations (C + D view):
C:V218L	D:V491L	logit=-0.421
C:K191R	D:K464R	logit=-0.528
C:S180T	D:S453T	logit=-0.638
C:T42V	D:T315V	logit=-0.708
C:N51P	D:N324P	logit=-0.725

Top tied mutations (A + B view):
A:T18V	B:T215V	logit=-0.780
A:N55S	B:N252S	logit=-0.985
A:N54V	B:N251V	logit=-1.575
A:E100V	B:E297V	logit=-2.531
A:I30V	B:I227V	logit=-2.642

Top tied mutations (C + D view):
C:V218L	D:V491L	logit=-0.475
C:K191R	D:K464R	logit=-0.513
C:S180T	D:S453T	logit=-0.664
C:T42V	D:T315V	logit=-0.703
C:N51P	D:N324P	logit=-0.852

Top tied mutations (A + B view):
A:T18V	B:T215V	logit=-0.781
A:N55S	B:N252S	logit=-1.076
A:N54V	B:N251V	logit=-1.651
A:E100V	B:E297V	logit=-2.444
A:I30V	B:I227V	logit=-2.695

Top tied mutations (C + D view):
C:V218L	D:V491L	logit=-0.461
C:K191R	D:K464R	logit=-0.561
C:S180T	D:S453T	logit=-0.677
C:T42V	D:T315V	logit=-0.810
C:S89A	D:S362A	logit=-0.821

Top tied mutations (A + B view):
A:T18V	B:T215V	logit=-0.723
A:N55S	B:N252S	logit=-1.061
A:N54V	B:N251V	logit=-1.638
A:I30V	B:I227V	logit=-2.515
A:E100V	B:E297V	logit=-2.529

Top tied mutations (C + D view):
C:V218L	D:V491L	logit=-0.468
C:K191R	D:K464R	logit=-0.565
C:S180T	D:S453T	logit=-0.644
C:T42V	D:T315V	logit=-0.694
C:S89A	D:S362A	logit=-0.828

Top tied mutations (A + B view):
A:T18V	B:T215V	logit=-0.770
A:N55S	B:N252S	logit=-1.024
A:N54V	B:N251V	logit=-1.637
A:E100V	B:E297V	logit=-2.472
A:I30V	B:I227V	logit=-2.490

Top tied mutations (C + D view):
C:V218L	D:V491L	logit=-0.464
C:K191R	D:K464R	logit=-0.543
C:S180T	D:S453T	logit=-0.669
C:T42V	D:T315V	logit=-0.727
C:H175P	D:H448P	logit=-0.896

Top tied mutations (A + B view):
A:T18V	B:T215V	logit=-0.736
A:N55S	B:N252S	logit=-0.992
A:N54V	B:N251V	logit=-1.667
A:I30V	B:I227V	logit=-2.496
A:E100V	B:E297V	logit=-2.584

Top tied mutations (C + D view):
C:V218L	D:V491L	logit=-0.495
C:K191R	D:K464R	logit=-0.553
C:S180T	D:S453T	logit=-0.660
C:T42V	D:T315V	logit=-0.747
C:S89A	D:S362A	logit=-0.888

Top tied mutations (A + B view):
A:T18V	B:T215V	logit=-0.759
A:N55S	B:N252S	logit=-0.945
A:N54V	B:N251V	logit=-1.639
A:E100V	B:E297V	logit=-2.435
A:I30V	B:I227V	logit=-2.619

Top tied mutations (C + D view):
C:V218L	D:V491L	logit=-0.427
C:K191R	D:K464R	logit=-0.525
C:S180T	D:S453T	logit=-0.641
C:T42V	D:T315V	logit=-0.776
C:S89A	D:S362A	logit=-0.829

Top tied mutations (A + B view):
A:T18V	B:T215V	logit=-0.801
A:N55S	B:N252S	logit=-1.137
A:N54V	B:N251V	logit=-1.486
A:E100V	B:E297V	logit=-2.507
A:I30V	B:I227V	logit=-2.550

Top tied mutations (C + D view):
C:V218L	D:V491L	logit=-0.431
C:K191R	D:K464R	logit=-0.565
C:S180T	D:S453T	logit=-0.661
C:T42V	D:T315V	logit=-0.747
C:S89A	D:S362A	logit=-0.867

Top tied mutations (A + B view):
A:T18V	B:T215V	logit=-0.709
A:N55S	B:N252S	logit=-1.037
A:N54V	B:N251V	logit=-1.664
A:E100V	B:E297V	logit=-2.395
A:I30V	B:I227V	logit=-2.607

Top tied mutations (C + D view):
C:V218L	D:V491L	logit=-0.396
C:K191R	D:K464R	logit=-0.516
C:S180T	D:S453T	logit=-0.661
C:T42V	D:T315V	logit=-0.747
C:N51P	D:N324P	logit=-0.959

Top tied mutations (A + B view):
A:T18V	B:T215V	logit=-0.825
A:N55S	B:N252S	logit=-1.026
A:N54V	B:N251V	logit=-1.574
A:E100V	B:E297V	logit=-2.459
A:I30V	B:I227V	logit=-2.622

Top tied mutations (C + D view):
C:V218L	D:V491L	logit=-0.501
C:K191R	D:K464R	logit=-0.573
C:S180T	D:S453T	logit=-0.656
C:T42V	D:T315V	logit=-0.775
C:N51P	D:N324P	logit=-0.780

Top tied mutations (A + B view):
A:T18V	B:T215V	logit=-0.745
A:N55S	B:N252S	logit=-1.032
A:N54V	B:N251V	logit=-1.562
A:I30V	B:I227V	logit=-2.583
A:E100V	B:E297V	logit=-2.595

Top tied mutations (C + D view):
C:V218L	D:V491L	logit=-0.407
C:K191R	D:K464R	logit=-0.502
C:S180T	D:S453T	logit=-0.673
C:T42V	D:T315V	logit=-0.733
C:N51P	D:N324P	logit=-0.830

Top tied mutations (A + B view):
A:T18V	B:T215V	logit=-0.769
A:N55S	B:N252S	logit=-1.037
A:N54V	B:N251V	logit=-1.524
A:I30V	B:I227V	logit=-2.594
A:E100V	B:E297V	logit=-2.651

Top tied mutations (C + D view):
C:V218L	D:V491L	logit=-0.441
C:K191R	D:K464R	logit=-0.494
C:S180T	D:S453T	logit=-0.641
C:T42V	D:T315V	logit=-0.727
C:N51P	D:N324P	logit=-0.795

Top tied mutations (A + B view):
A:T18V	B:T215V	logit=-0.793
A:N55S	B:N252S	logit=-1.027
A:N54V	B:N251V	logit=-1.622
A:I30V	B:I227V	logit=-2.516
A:E100V	B:E297V	logit=-2.593

Top tied mutations (C + D view):
C:V218L	D:V491L	logit=-0.502
C:K191R	D:K464R	logit=-0.516
C:S180T	D:S453T	logit=-0.665
C:T42V	D:T315V	logit=-0.666
C:S89A	D:S362A	logit=-0.864

Top tied mutations (A + B view):
A:T18V	B:T215V	logit=-0.770
A:N55S	B:N252S	logit=-1.007
A:N54V	B:N251V	logit=-1.516
A:I30V	B:I227V	logit=-2.605
A:E100V	B:E297V	logit=-2.665

Top tied mutations (C + D view):
C:V218L	D:V491L	logit=-0.431
C:K191R	D:K464R	logit=-0.533
C:S180T	D:S453T	logit=-0.644
C:T42V	D:T315V	logit=-0.707
C:N51P	D:N324P	logit=-0.715

Top tied mutations (A + B view):
A:T18V	B:T215V	logit=-0.739
A:N55S	B:N252S	logit=-1.002
A:N54V	B:N251V	logit=-1.625
A:E100V	B:E297V	logit=-2.432
A:I30V	B:I227V	logit=-2.502

Top tied mutations (C + D view):
C:V218L	D:V491L	logit=-0.453
C:K191R	D:K464R	logit=-0.558
C:S180T	D:S453T	logit=-0.647
C:T42V	D:T315V	logit=-0.723
C:N51P	D:N324P	logit=-0.817

Top tied mutations (A + B view):
A:T18V	B:T215V	logit=-0.753
A:N55S	B:N252S	logit=-0.994
A:N54V	B:N251V	logit=-1.511
A:E100V	B:E297V	logit=-2.535
A:I30V	B:I227V	logit=-2.622

Top tied mutations (C + D view):
C:V218L	D:V491L	logit=-0.404
C:K191R	D:K464R	logit=-0.621
C:S180T	D:S453T	logit=-0.683
C:T42V	D:T315V	logit=-0.711
C:N51P	D:N324P	logit=-0.841

Top tied mutations (A + B view):
A:T18V	B:T215V	logit=-0.769
A:N55S	B:N252S	logit=-0.987
A:N54V	B:N251V	logit=-1.599
A:I30V	B:I227V	logit=-2.537
A:E100V	B:E297V	logit=-2.545

Top tied mutations (C + D view):
C:V218L	D:V491L	logit=-0.458
C:K191R	D:K464R	logit=-0.505
C:S180T	D:S453T	logit=-0.646
C:T42V	D:T315V	logit=-0.709
C:N51P	D:N324P	logit=-0.843

Top tied mutations (A + B view):
A:T18V	B:T215V	logit=-0.738
A:N55S	B:N252S	logit=-1.022
A:N54V	B:N251V	logit=-1.800
A:E100V	B:E297V	logit=-2.482
A:I30V	B:I227V	logit=-2.549

Top tied mutations (C + D view):
C:V218L	D:V491L	logit=-0.422
C:K191R	D:K464R	logit=-0.559
C:S180T	D:S453T	logit=-0.657
C:T42V	D:T315V	logit=-0.746
C:S89A	D:S362A	logit=-0.862

Top tied mutations (A + B view):
A:T18V	B:T215V	logit=-0.691
A:N55S	B:N252S	logit=-1.122
A:N54V	B:N251V	logit=-1.845
A:I30V	B:I227V	logit=-2.422
A:E100V	B:E297V	logit=-2.487

Top tied mutations (C + D view):
C:V218L	D:V491L	logit=-0.422
C:K191R	D:K464R	logit=-0.546
C:S180T	D:S453T	logit=-0.618
C:T42V	D:T315V	logit=-0.751
C:N219S	D:N492S	logit=-0.884

Top tied mutations (A + B view):
A:T18V	B:T215V	logit=-0.772
A:N55S	B:N252S	logit=-1.067
A:N54V	B:N251V	logit=-1.502
A:I30V	B:I227V	logit=-2.546
A:E100V	B:E297V	logit=-2.628

Top tied mutations (C + D view):
C:V218L	D:V491L	logit=-0.491
C:K191R	D:K464R	logit=-0.529
C:S180T	D:S453T	logit=-0.642
C:T42V	D:T315V	logit=-0.760
C:S89A	D:S362A	logit=-0.878

Top tied mutations (A + B view):
A:T18V	B:T215V	logit=-0.803
A:N55S	B:N252S	logit=-0.997
A:N54V	B:N251V	logit=-1.687
A:E100V	B:E297V	logit=-2.580
A:I30V	B:I227V	logit=-2.603

Top tied mutations (C + D view):
C:V218L	D:V491L	logit=-0.434
C:K191R	D:K464R	logit=-0.571
C:S180T	D:S453T	logit=-0.671
C:T42V	D:T315V	logit=-0.775
C:N51P	D:N324P	logit=-0.835

Top tied mutations (A + B view):
A:T18V	B:T215V	logit=-0.726
A:N55S	B:N252S	logit=-0.978
A:N54V	B:N251V	logit=-1.581
A:E100V	B:E297V	logit=-2.540
A:I30V	B:I227V	logit=-2.583

Top tied mutations (C + D view):
C:V218L	D:V491L	logit=-0.455
C:K191R	D:K464R	logit=-0.556
C:S180T	D:S453T	logit=-0.651
C:T42V	D:T315V	logit=-0.739
C:N51P	D:N324P	logit=-0.801

Top tied mutations (A + B view):
A:T18V	B:T215V	logit=-0.745
A:N55S	B:N252S	logit=-1.030
A:N54V	B:N251V	logit=-1.426
A:E100V	B:E297V	logit=-2.472
A:I30V	B:I227V	logit=-2.533

Top tied mutations (C + D view):
C:V218L	D:V491L	logit=-0.434
C:K191R	D:K464R	logit=-0.562
C:S180T	D:S453T	logit=-0.673
C:T42V	D:T315V	logit=-0.710
C:N51P	D:N324P	logit=-0.839

Top tied mutations (A + B view):
A:T18V	B:T215V	logit=-0.832
A:N55S	B:N252S	logit=-0.974
A:N54V	B:N251V	logit=-1.739
A:E100V	B:E297V	logit=-2.457
A:I30V	B:I227V	logit=-2.650

Top tied mutations (C + D view):
C:V218L	D:V491L	logit=-0.477
C:K191R	D:K464R	logit=-0.547
C:S180T	D:S453T	logit=-0.655
C:T42V	D:T315V	logit=-0.744
C:N51P	D:N324P	logit=-0.847

Top tied mutations (A + B view):
A:T18V	B:T215V	logit=-0.806
A:N55S	B:N252S	logit=-1.018
A:N54V	B:N251V	logit=-1.598
A:E100V	B:E297V	logit=-2.510
A:I30V	B:I227V	logit=-2.632

Top tied mutations (C + D view):
C:V218L	D:V491L	logit=-0.448
C:K191R	D:K464R	logit=-0.551
C:S180T	D:S453T	logit=-0.673
C:T42V	D:T315V	logit=-0.745
C:N51P	D:N324P	logit=-0.898

Top tied mutations (A + B view):
A:T18V	B:T215V	logit=-0.823
A:N55S	B:N252S	logit=-0.982
A:N54V	B:N251V	logit=-1.496
A:E100V	B:E297V	logit=-2.555
A:I30V	B:I227V	logit=-2.620

Top tied mutations (C + D view):
C:V218L	D:V491L	logit=-0.409
C:K191R	D:K464R	logit=-0.576
C:S180T	D:S453T	logit=-0.641
C:T42V	D:T315V	logit=-0.721
C:N51P	D:N324P	logit=-0.843

Top tied mutations (A + B view):
A:T18V	B:T215V	logit=-0.767
A:N55S	B:N252S	logit=-1.025
A:N54V	B:N251V	logit=-1.496
A:E100V	B:E297V	logit=-2.630
A:I30V	B:I227V	logit=-2.731

Top tied mutations (C + D view):
C:V218L	D:V491L	logit=-0.418
C:K191R	D:K464R	logit=-0.524
C:S180T	D:S453T	logit=-0.672
C:T42V	D:T315V	logit=-0.676
C:N51P	D:N324P	logit=-0.826

Top tied mutations (A + B view):
A:T18V	B:T215V	logit=-0.772
A:N55S	B:N252S	logit=-0.913
A:N54V	B:N251V	logit=-1.632
A:E100V	B:E297V	logit=-2.543
A:I30V	B:I227V	logit=-2.588

Top tied mutations (C + D view):
C:V218L	D:V491L	logit=-0.417
C:K191R	D:K464R	logit=-0.538
C:T42V	D:T315V	logit=-0.644
C:S180T	D:S453T	logit=-0.659
C:N51P	D:N324P	logit=-0.786

Top tied mutations (A + B view):
A:T18V	B:T215V	logit=-0.778
A:N55S	B:N252S	logit=-0.943
A:N54V	B:N251V	logit=-1.549
A:I30V	B:I227V	logit=-2.479
A:E100V	B:E297V	logit=-2.568

Top tied mutations (C + D view):
C:V218L	D:V491L	logit=-0.473
C:K191R	D:K464R	logit=-0.612
C:S180T	D:S453T	logit=-0.645
C:T42V	D:T315V	logit=-0.744
C:N51P	D:N324P	logit=-0.778

Top tied mutations (A + B view):
A:T18V	B:T215V	logit=-0.803
A:N55S	B:N252S	logit=-1.036
A:N54V	B:N251V	logit=-1.592
A:E100V	B:E297V	logit=-2.547
A:I30V	B:I227V	logit=-2.665

Top tied mutations (C + D view):
C:V218L	D:V491L	logit=-0.471
C:K191R	D:K464R	logit=-0.541
C:S180T	D:S453T	logit=-0.670
C:T42V	D:T315V	logit=-0.761
C:S89A	D:S362A	logit=-0.888

Top tied mutations (A + B view):
A:T18V	B:T215V	logit=-0.759
A:N55S	B:N252S	logit=-0.972
A:N54V	B:N251V	logit=-1.467
A:I30V	B:I227V	logit=-2.512
A:E100V	B:E297V	logit=-2.653

Top tied mutations (C + D view):
C:V218L	D:V491L	logit=-0.448
C:K191R	D:K464R	logit=-0.570
C:S180T	D:S453T	logit=-0.659
C:T42V	D:T315V	logit=-0.717
C:N51P	D:N324P	logit=-0.842

Top tied mutations (A + B view):
A:T18V	B:T215V	logit=-0.852
A:N55S	B:N252S	logit=-1.047
A:N54V	B:N251V	logit=-1.580
A:E100V	B:E297V	logit=-2.460
A:I30V	B:I227V	logit=-2.589

Top tied mutations (C + D view):
C:V218L	D:V491L	logit=-0.423
C:K191R	D:K464R	logit=-0.512
C:S180T	D:S453T	logit=-0.662
C:T42V	D:T315V	logit=-0.725
C:N51P	D:N324P	logit=-0.833

Top tied mutations (A + B view):
A:T18V	B:T215V	logit=-0.830
A:N55S	B:N252S	logit=-1.041
A:N54V	B:N251V	logit=-1.490
A:E100V	B:E297V	logit=-2.590
A:I30V	B:I227V	logit=-2.630

Top tied mutations (C + D view):
C:V218L	D:V491L	logit=-0.450
C:K191R	D:K464R	logit=-0.502
C:S180T	D:S453T	logit=-0.624
C:N51P	D:N324P	logit=-0.770
C:T42V	D:T315V	logit=-0.780

Top tied mutations (A + B view):
A:T18V	B:T215V	logit=-0.824
A:N55S	B:N252S	logit=-0.998
A:N54V	B:N251V	logit=-1.650
A:E100V	B:E297V	logit=-2.452
A:I30V	B:I227V	logit=-2.809

Top tied mutations (C + D view):
C:V218L	D:V491L	logit=-0.514
C:K191R	D:K464R	logit=-0.540
C:S180T	D:S453T	logit=-0.657
C:T42V	D:T315V	logit=-0.726
C:N51P	D:N324P	logit=-0.759

Top tied mutations (A + B view):
A:T18V	B:T215V	logit=-0.803
A:N55S	B:N252S	logit=-1.006
A:N54V	B:N251V	logit=-1.599
A:E100V	B:E297V	logit=-2.488
A:I30V	B:I227V	logit=-2.578

Top tied mutations (C + D view):
C:V218L	D:V491L	logit=-0.444
C:K191R	D:K464R	logit=-0.591
C:S180T	D:S453T	logit=-0.659
C:T42V	D:T315V	logit=-0.672
C:N51P	D:N324P	logit=-0.814

Top tied mutations (A + B view):
A:T18V	B:T215V	logit=-0.762
A:N55S	B:N252S	logit=-1.013
A:N54V	B:N251V	logit=-1.655
A:I30V	B:I227V	logit=-2.496
A:E100V	B:E297V	logit=-2.613

Top tied mutations (C + D view):
C:V218L	D:V491L	logit=-0.415
C:K191R	D:K464R	logit=-0.593
C:S180T	D:S453T	logit=-0.655
C:T42V	D:T315V	logit=-0.716
C:N51P	D:N324P	logit=-0.907

Top tied mutations (A + B view):
A:T18V	B:T215V	logit=-0.776
A:N55S	B:N252S	logit=-1.021
A:N54V	B:N251V	logit=-1.759
A:I30V	B:I227V	logit=-2.593
A:E100V	B:E297V	logit=-2.619

Top tied mutations (C + D view):
C:V218L	D:V491L	logit=-0.411
C:K191R	D:K464R	logit=-0.569
C:S180T	D:S453T	logit=-0.670
C:T42V	D:T315V	logit=-0.713
C:N51P	D:N324P	logit=-0.928

Top tied mutations (A + B view):
A:T18V	B:T215V	logit=-0.853
A:N55S	B:N252S	logit=-0.936
A:N54V	B:N251V	logit=-1.591
A:E100V	B:E297V	logit=-2.524
A:I30V	B:I227V	logit=-2.572

Top tied mutations (C + D view):
C:V218L	D:V491L	logit=-0.451
C:K191R	D:K464R	logit=-0.632
C:S180T	D:S453T	logit=-0.667
C:T42V	D:T315V	logit=-0.746
C:N51P	D:N324P	logit=-0.765

Top tied mutations (A + B view):
A:T18V	B:T215V	logit=-0.816
A:N55S	B:N252S	logit=-0.984
A:N54V	B:N251V	logit=-1.491
A:I30V	B:I227V	logit=-2.557
A:E100V	B:E297V	logit=-2.667

Top tied mutations (C + D view):
C:V218L	D:V491L	logit=-0.469
C:K191R	D:K464R	logit=-0.495
C:S180T	D:S453T	logit=-0.630
C:T42V	D:T315V	logit=-0.676
C:N51P	D:N324P	logit=-0.799

Top tied mutations (A + B view):
A:T18V	B:T215V	logit=-0.759
A:N55S	B:N252S	logit=-1.007
A:N54V	B:N251V	logit=-1.614
A:I30V	B:I227V	logit=-2.505
A:E100V	B:E297V	logit=-2.639

Top tied mutations (C + D view):
C:V218L	D:V491L	logit=-0.470
C:K191R	D:K464R	logit=-0.519
C:S180T	D:S453T	logit=-0.636
C:T42V	D:T315V	logit=-0.735
C:N51P	D:N324P	logit=-0.842

Top tied mutations (A + B view):
A:T18V	B:T215V	logit=-0.777
A:N55S	B:N252S	logit=-1.051
A:N54V	B:N251V	logit=-1.750
A:E100V	B:E297V	logit=-2.416
A:I30V	B:I227V	logit=-2.523

Top tied mutations (C + D view):
C:V218L	D:V491L	logit=-0.426
C:K191R	D:K464R	logit=-0.573
C:S180T	D:S453T	logit=-0.686
C:T42V	D:T315V	logit=-0.743
C:S89A	D:S362A	logit=-0.895

Top tied mutations (A + B view):
A:T18V	B:T215V	logit=-0.764
A:N55S	B:N252S	logit=-0.973
A:N54V	B:N251V	logit=-1.614
A:I30V	B:I227V	logit=-2.523
A:E100V	B:E297V	logit=-2.640

Top tied mutations (C + D view):
C:V218L	D:V491L	logit=-0.469
C:K191R	D:K464R	logit=-0.574
C:S180T	D:S453T	logit=-0.665
C:T42V	D:T315V	logit=-0.750
C:N51P	D:N324P	logit=-0.862

Top tied mutations (A + B view):
A:T18V	B:T215V	logit=-0.812
A:N55S	B:N252S	logit=-0.989
A:N54V	B:N251V	logit=-1.542
A:E100V	B:E297V	logit=-2.532
A:I30V	B:I227V	logit=-2.637

Top tied mutations (C + D view):
C:V218L	D:V491L	logit=-0.422
C:K191R	D:K464R	logit=-0.572
C:S180T	D:S453T	logit=-0.645
C:T42V	D:T315V	logit=-0.667
C:S89A	D:S362A	logit=-0.853

Top tied mutations (A + B view):
A:T18V	B:T215V	logit=-0.758
A:N55S	B:N252S	logit=-1.009
A:N54V	B:N251V	logit=-1.602
A:E100V	B:E297V	logit=-2.494
A:I30V	B:I227V	logit=-2.663

Top tied mutations (C + D view):
C:V218L	D:V491L	logit=-0.408
C:K191R	D:K464R	logit=-0.598
C:S180T	D:S453T	logit=-0.670
C:T42V	D:T315V	logit=-0.771
C:S89A	D:S362A	logit=-0.874

Top tied mutations (A + B view):
A:T18V	B:T215V	logit=-0.766
A:N55S	B:N252S	logit=-1.040
A:N54V	B:N251V	logit=-1.653
A:I30V	B:I227V	logit=-2.578
A:E100V	B:E297V	logit=-2.653

Top tied mutations (C + D view):
C:V218L	D:V491L	logit=-0.446
C:K191R	D:K464R	logit=-0.592
C:S180T	D:S453T	logit=-0.672
C:T42V	D:T315V	logit=-0.754
C:N51P	D:N324P	logit=-0.816

Top tied mutations (A + B view):
A:T18V	B:T215V	logit=-0.771
A:N55S	B:N252S	logit=-0.923
A:N54V	B:N251V	logit=-1.573
A:E100V	B:E297V	logit=-2.508
A:I30V	B:I227V	logit=-2.573

Top tied mutations (C + D view):
C:V218L	D:V491L	logit=-0.451
C:K191R	D:K464R	logit=-0.538
C:S180T	D:S453T	logit=-0.648
C:T42V	D:T315V	logit=-0.725
C:S89A	D:S362A	logit=-0.873

Top tied mutations (A + B view):
A:T18V	B:T215V	logit=-0.768
A:N55S	B:N252S	logit=-1.034
A:N54V	B:N251V	logit=-1.604
A:I30V	B:I227V	logit=-2.561
A:E100V	B:E297V	logit=-2.583

Top tied mutations (C + D view):
C:V218L	D:V491L	logit=-0.475
C:K191R	D:K464R	logit=-0.589
C:S180T	D:S453T	logit=-0.672
C:N51P	D:N324P	logit=-0.798
C:T42V	D:T315V	logit=-0.805

Top tied mutations (A + B view):
A:T18V	B:T215V	logit=-0.738
A:N55S	B:N252S	logit=-1.044
A:N54V	B:N251V	logit=-1.571
A:E100V	B:E297V	logit=-2.525
A:I30V	B:I227V	logit=-2.558

Top tied mutations (C + D view):
C:V218L	D:V491L	logit=-0.422
C:K191R	D:K464R	logit=-0.584
C:S180T	D:S453T	logit=-0.672
C:T42V	D:T315V	logit=-0.761
C:N51P	D:N324P	logit=-0.804

Top tied mutations (A + B view):
A:T18V	B:T215V	logit=-0.750
A:N55S	B:N252S	logit=-0.953
A:N54V	B:N251V	logit=-1.490
A:I30V	B:I227V	logit=-2.478
A:E100V	B:E297V	logit=-2.682

Top tied mutations (C + D view):
C:V218L	D:V491L	logit=-0.484
C:K191R	D:K464R	logit=-0.562
C:S180T	D:S453T	logit=-0.658
C:T42V	D:T315V	logit=-0.733
C:S89A	D:S362A	logit=-0.873

Top tied mutations (A + B view):
A:T18V	B:T215V	logit=-0.720
A:N55S	B:N252S	logit=-0.995
A:N54V	B:N251V	logit=-1.635
A:I30V	B:I227V	logit=-2.629
A:E100V	B:E297V	logit=-2.638

Top tied mutations (C + D view):
C:V218L	D:V491L	logit=-0.437
C:K191R	D:K464R	logit=-0.565
C:S180T	D:S453T	logit=-0.685
C:T42V	D:T315V	logit=-0.732
C:S89A	D:S362A	logit=-0.901

Top tied mutations (A + B view):
A:T18V	B:T215V	logit=-0.746
A:N55S	B:N252S	logit=-1.035
A:N54V	B:N251V	logit=-1.513
A:I30V	B:I227V	logit=-2.440
A:E100V	B:E297V	logit=-2.576

Top tied mutations (C + D view):
C:V218L	D:V491L	logit=-0.466
C:K191R	D:K464R	logit=-0.560
C:S180T	D:S453T	logit=-0.665
C:T42V	D:T315V	logit=-0.713
C:N51P	D:N324P	logit=-0.859

Top tied mutations (A + B view):
A:T18V	B:T215V	logit=-0.774
A:N55S	B:N252S	logit=-0.998
A:N54V	B:N251V	logit=-1.657
A:E100V	B:E297V	logit=-2.370
A:I30V	B:I227V	logit=-2.483

Top tied mutations (C + D view):
C:V218L	D:V491L	logit=-0.433
C:K191R	D:K464R	logit=-0.566
C:S180T	D:S453T	logit=-0.637
C:T42V	D:T315V	logit=-0.807
C:S89A	D:S362A	logit=-0.829

Top tied mutations (A + B view):
A:T18V	B:T215V	logit=-0.831
A:N55S	B:N252S	logit=-1.029
A:N54V	B:N251V	logit=-1.569
A:E100V	B:E297V	logit=-2.420
A:I30V	B:I227V	logit=-2.619

Top tied mutations (C + D view):
C:V218L	D:V491L	logit=-0.420
C:K191R	D:K464R	logit=-0.539
C:S180T	D:S453T	logit=-0.668
C:T42V	D:T315V	logit=-0.723
C:S89A	D:S362A	logit=-0.863

Top tied mutations (A + B view):
A:T18V	B:T215V	logit=-0.800
A:N55S	B:N252S	logit=-1.017
A:N54V	B:N251V	logit=-1.572
A:E100V	B:E297V	logit=-2.514
A:I30V	B:I227V	logit=-2.735

Top tied mutations (C + D view):
C:V218L	D:V491L	logit=-0.390
C:K191R	D:K464R	logit=-0.547
C:S180T	D:S453T	logit=-0.661
C:T42V	D:T315V	logit=-0.762
C:S89A	D:S362A	logit=-0.858

Top tied mutations (A + B view):
A:T18V	B:T215V	logit=-0.734
A:N55S	B:N252S	logit=-1.057
A:N54V	B:N251V	logit=-1.568
A:E100V	B:E297V	logit=-2.605
A:I30V	B:I227V	logit=-2.669

Top tied mutations (C + D view):
C:V218L	D:V491L	logit=-0.444
C:K191R	D:K464R	logit=-0.532
C:S180T	D:S453T	logit=-0.619
C:T42V	D:T315V	logit=-0.799
C:N51P	D:N324P	logit=-0.847

Top tied mutations (A + B view):
A:T18V	B:T215V	logit=-0.789
A:N55S	B:N252S	logit=-0.981
A:N54V	B:N251V	logit=-1.559
A:E100V	B:E297V	logit=-2.548
A:I30V	B:I227V	logit=-2.583

Top tied mutations (C + D view):
C:V218L	D:V491L	logit=-0.481
C:K191R	D:K464R	logit=-0.616
C:S180T	D:S453T	logit=-0.678
C:T42V	D:T315V	logit=-0.712
C:N51P	D:N324P	logit=-0.791

Top tied mutations (A + B view):
A:T18V	B:T215V	logit=-0.786
A:N55S	B:N252S	logit=-0.982
A:N54V	B:N251V	logit=-1.652
A:I30V	B:I227V	logit=-2.550
A:E100V	B:E297V	logit=-2.607

Top tied mutations (C + D view):
C:V218L	D:V491L	logit=-0.434
C:K191R	D:K464R	logit=-0.536
C:S180T	D:S453T	logit=-0.672
C:T42V	D:T315V	logit=-0.779
C:N51P	D:N324P	logit=-0.932

Top tied mutations (A + B view):
A:T18V	B:T215V	logit=-0.792
A:N55S	B:N252S	logit=-1.000
A:N54V	B:N251V	logit=-1.523
A:E100V	B:E297V	logit=-2.596
A:I30V	B:I227V	logit=-2.650

Top tied mutations (C + D view):
C:V218L	D:V491L	logit=-0.425
C:K191R	D:K464R	logit=-0.585
C:S180T	D:S453T	logit=-0.687
C:T42V	D:T315V	logit=-0.743
C:N51P	D:N324P	logit=-0.818

Top tied mutations (A + B view):
A:T18V	B:T215V	logit=-0.796
A:N55S	B:N252S	logit=-1.001
A:N54V	B:N251V	logit=-1.569
A:I30V	B:I227V	logit=-2.472
A:E100V	B:E297V	logit=-2.629

Top tied mutations (C + D view):
C:V218L	D:V491L	logit=-0.489
C:K191R	D:K464R	logit=-0.630
C:S180T	D:S453T	logit=-0.659
C:T42V	D:T315V	logit=-0.740
C:N51P	D:N324P	logit=-0.801

Top tied mutations (A + B view):
A:T18V	B:T215V	logit=-0.772
A:N55S	B:N252S	logit=-0.958
A:N54V	B:N251V	logit=-1.746
A:E100V	B:E297V	logit=-2.623
A:I30V	B:I227V	logit=-2.629

Top tied mutations (C + D view):
C:V218L	D:V491L	logit=-0.474
C:K191R	D:K464R	logit=-0.530
C:S180T	D:S453T	logit=-0.648
C:T42V	D:T315V	logit=-0.747
C:S89A	D:S362A	logit=-0.898

Top tied mutations (A + B view):
A:T18V	B:T215V	logit=-0.727
A:N55S	B:N252S	logit=-0.961
A:N54V	B:N251V	logit=-1.592
A:E100V	B:E297V	logit=-2.436
A:I30V	B:I227V	logit=-2.689

Top tied mutations (C + D view):
C:V218L	D:V491L	logit=-0.411
C:K191R	D:K464R	logit=-0.529
C:S180T	D:S453T	logit=-0.657
C:T42V	D:T315V	logit=-0.721
C:N51P	D:N324P	logit=-0.850

Top tied mutations (A + B view):
A:T18V	B:T215V	logit=-0.790
A:N55S	B:N252S	logit=-0.979
A:N54V	B:N251V	logit=-1.594
A:E100V	B:E297V	logit=-2.498
A:I30V	B:I227V	logit=-2.578

Top tied mutations (C + D view):
C:V218L	D:V491L	logit=-0.409
C:K191R	D:K464R	logit=-0.566
C:S180T	D:S453T	logit=-0.658
C:T42V	D:T315V	logit=-0.693
C:N51P	D:N324P	logit=-0.846

Top tied mutations (A + B view):
A:T18V	B:T215V	logit=-0.725
A:N55S	B:N252S	logit=-0.957
A:N54V	B:N251V	logit=-1.696
A:E100V	B:E297V	logit=-2.395
A:I30V	B:I227V	logit=-2.517

Top tied mutations (C + D view):
C:V218L	D:V491L	logit=-0.480
C:K191R	D:K464R	logit=-0.597
C:S180T	D:S453T	logit=-0.660
C:T42V	D:T315V	logit=-0.740
C:N51P	D:N324P	logit=-0.807

Top tied mutations (A + B view):
A:T18V	B:T215V	logit=-0.736
A:N55S	B:N252S	logit=-1.058
A:N54V	B:N251V	logit=-1.637
A:I30V	B:I227V	logit=-2.468
A:E100V	B:E297V	logit=-2.493

Top tied mutations (C + D view):
C:V218L	D:V491L	logit=-0.478
C:K191R	D:K464R	logit=-0.596
C:S180T	D:S453T	logit=-0.671
C:T42V	D:T315V	logit=-0.746
C:N51P	D:N324P	logit=-0.918

Top tied mutations (A + B view):
A:T18V	B:T215V	logit=-0.737
A:N55S	B:N252S	logit=-1.008
A:N54V	B:N251V	logit=-1.556
A:I30V	B:I227V	logit=-2.546
A:E100V	B:E297V	logit=-2.579

Top tied mutations (C + D view):
C:V218L	D:V491L	logit=-0.502
C:K191R	D:K464R	logit=-0.573
C:S180T	D:S453T	logit=-0.676
C:T42V	D:T315V	logit=-0.758
C:S89A	D:S362A	logit=-0.907

Top tied mutations (A + B view):
A:T18V	B:T215V	logit=-0.729
A:N55S	B:N252S	logit=-1.021
A:N54V	B:N251V	logit=-1.422
A:E100V	B:E297V	logit=-2.494
A:I30V	B:I227V	logit=-2.671

Top tied mutations (C + D view):
C:V218L	D:V491L	logit=-0.425
C:S180T	D:S453T	logit=-0.620
C:K191R	D:K464R	logit=-0.622
C:T42V	D:T315V	logit=-0.774
C:N51P	D:N324P	logit=-0.831

Top tied mutations (A + B view):
A:T18V	B:T215V	logit=-0.806
A:N55S	B:N252S	logit=-1.038
A:N54V	B:N251V	logit=-1.566
A:E100V	B:E297V	logit=-2.407
A:I30V	B:I227V	logit=-2.465

Top tied mutations (C + D view):
C:V218L	D:V491L	logit=-0.440
C:K191R	D:K464R	logit=-0.579
C:S180T	D:S453T	logit=-0.648
C:T42V	D:T315V	logit=-0.777
C:N51P	D:N324P	logit=-0.779

Top tied mutations (A + B view):
A:T18V	B:T215V	logit=-0.766
A:N55S	B:N252S	logit=-1.061
A:N54V	B:N251V	logit=-1.596
A:E100V	B:E297V	logit=-2.395
A:I30V	B:I227V	logit=-2.643

Top tied mutations (C + D view):
C:V218L	D:V491L	logit=-0.426
C:K191R	D:K464R	logit=-0.517
C:S180T	D:S453T	logit=-0.664
C:T42V	D:T315V	logit=-0.763
C:S89A	D:S362A	logit=-0.875

Top tied mutations (A + B view):
A:T18V	B:T215V	logit=-0.782
A:N55S	B:N252S	logit=-1.060
A:N54V	B:N251V	logit=-1.645
A:I30V	B:I227V	logit=-2.571
A:E100V	B:E297V	logit=-2.613

Top tied mutations (C + D view):
C:V218L	D:V491L	logit=-0.428
C:K191R	D:K464R	logit=-0.605
C:S180T	D:S453T	logit=-0.681
C:T42V	D:T315V	logit=-0.782
C:S89A	D:S362A	logit=-0.850

Top tied mutations (A + B view):
A:T18V	B:T215V	logit=-0.812
A:N55S	B:N252S	logit=-0.971
A:N54V	B:N251V	logit=-1.462
A:E100V	B:E297V	logit=-2.460
A:I30V	B:I227V	logit=-2.490

Top tied mutations (C + D view):
C:V218L	D:V491L	logit=-0.441
C:K191R	D:K464R	logit=-0.559
C:S180T	D:S453T	logit=-0.645
C:T42V	D:T315V	logit=-0.757
C:N51P	D:N324P	logit=-0.848

Top tied mutations (A + B view):
A:T18V	B:T215V	logit=-0.789
A:N55S	B:N252S	logit=-1.070
A:N54V	B:N251V	logit=-1.633
A:I30V	B:I227V	logit=-2.385
A:E100V	B:E297V	logit=-2.456

Top tied mutations (C + D view):
C:V218L	D:V491L	logit=-0.463
C:K191R	D:K464R	logit=-0.557
C:S180T	D:S453T	logit=-0.634
C:T42V	D:T315V	logit=-0.710
C:N51P	D:N324P	logit=-0.882

Top tied mutations (A + B view):
A:T18V	B:T215V	logit=-0.745
A:N55S	B:N252S	logit=-1.033
A:N54V	B:N251V	logit=-1.684
A:I30V	B:I227V	logit=-2.455
A:E100V	B:E297V	logit=-2.568

Top tied mutations (C + D view):
C:V218L	D:V491L	logit=-0.475
C:K191R	D:K464R	logit=-0.537
C:S180T	D:S453T	logit=-0.691
C:T42V	D:T315V	logit=-0.741
C:N51P	D:N324P	logit=-0.794

Top tied mutations (A + B view):
A:T18V	B:T215V	logit=-0.778
A:N55S	B:N252S	logit=-1.009
A:N54V	B:N251V	logit=-1.508
A:E100V	B:E297V	logit=-2.559
A:I30V	B:I227V	logit=-2.572

Top tied mutations (C + D view):
C:V218L	D:V491L	logit=-0.485
C:K191R	D:K464R	logit=-0.538
C:S180T	D:S453T	logit=-0.677
C:N51P	D:N324P	logit=-0.763
C:T42V	D:T315V	logit=-0.783

Top tied mutations (A + B view):
A:T18V	B:T215V	logit=-0.756
A:N55S	B:N252S	logit=-0.986
A:N54V	B:N251V	logit=-1.572
A:E100V	B:E297V	logit=-2.495
A:I30V	B:I227V	logit=-2.691

Top tied mutations (C + D view):
C:V218L	D:V491L	logit=-0.439
C:K191R	D:K464R	logit=-0.511
C:S180T	D:S453T	logit=-0.655
C:T42V	D:T315V	logit=-0.718
C:N51P	D:N324P	logit=-0.818

Top tied mutations (A + B view):
A:T18V	B:T215V	logit=-0.748
A:N55S	B:N252S	logit=-1.030
A:N54V	B:N251V	logit=-1.626
A:E100V	B:E297V	logit=-2.501
A:I30V	B:I227V	logit=-2.552

Top tied mutations (C + D view):
C:V218L	D:V491L	logit=-0.422
C:K191R	D:K464R	logit=-0.532
C:S180T	D:S453T	logit=-0.665
C:T42V	D:T315V	logit=-0.731
C:S89A	D:S362A	logit=-0.860

Top tied mutations (A + B view):
A:T18V	B:T215V	logit=-0.782
A:N55S	B:N252S	logit=-0.983
A:N54V	B:N251V	logit=-1.504
A:E100V	B:E297V	logit=-2.523
A:I30V	B:I227V	logit=-2.557

Top tied mutations (C + D view):
C:V218L	D:V491L	logit=-0.440
C:K191R	D:K464R	logit=-0.463
C:S180T	D:S453T	logit=-0.669
C:T42V	D:T315V	logit=-0.695
C:N51P	D:N324P	logit=-0.819

Top tied mutations (A + B view):
A:T18V	B:T215V	logit=-0.732
A:N55S	B:N252S	logit=-1.020
A:N54V	B:N251V	logit=-1.807
A:I30V	B:I227V	logit=-2.513
A:E100V	B:E297V	logit=-2.514

Top tied mutations (C + D view):
C:V218L	D:V491L	logit=-0.458
C:K191R	D:K464R	logit=-0.555
C:S180T	D:S453T	logit=-0.675
C:T42V	D:T315V	logit=-0.733
C:N51P	D:N324P	logit=-0.868

Top tied mutations (A + B view):
A:T18V	B:T215V	logit=-0.759
A:N55S	B:N252S	logit=-1.011
A:N54V	B:N251V	logit=-1.715
A:E100V	B:E297V	logit=-2.492
A:I30V	B:I227V	logit=-2.551

Top tied mutations (C + D view):
C:V218L	D:V491L	logit=-0.444
C:K191R	D:K464R	logit=-0.544
C:S180T	D:S453T	logit=-0.651
C:T42V	D:T315V	logit=-0.683
C:N51P	D:N324P	logit=-0.763

Top tied mutations (A + B view):
A:T18V	B:T215V	logit=-0.814
A:N55S	B:N252S	logit=-0.985
A:N54V	B:N251V	logit=-1.630
A:E100V	B:E297V	logit=-2.541
A:I30V	B:I227V	logit=-2.665

Top tied mutations (C + D view):
C:V218L	D:V491L	logit=-0.424
C:K191R	D:K464R	logit=-0.548
C:S180T	D:S453T	logit=-0.649
C:T42V	D:T315V	logit=-0.776
C:S89A	D:S362A	logit=-0.906

Top tied mutations (A + B view):
A:T18V	B:T215V	logit=-0.799
A:N55S	B:N252S	logit=-0.949
A:N54V	B:N251V	logit=-1.588
A:I30V	B:I227V	logit=-2.484
A:E100V	B:E297V	logit=-2.537

Top tied mutations (C + D view):
C:V218L	D:V491L	logit=-0.424
C:K191R	D:K464R	logit=-0.568
C:S180T	D:S453T	logit=-0.657
C:T42V	D:T315V	logit=-0.670
C:N51P	D:N324P	logit=-0.873

Top tied mutations (A + B view):
A:T18V	B:T215V	logit=-0.777
A:N55S	B:N252S	logit=-0.945
A:N54V	B:N251V	logit=-1.647
A:E100V	B:E297V	logit=-2.529
A:I30V	B:I227V	logit=-2.627

Top tied mutations (C + D view):
C:V218L	D:V491L	logit=-0.403
C:K191R	D:K464R	logit=-0.580
C:S180T	D:S453T	logit=-0.656
C:T42V	D:T315V	logit=-0.741
C:S89A	D:S362A	logit=-0.817

Top tied mutations (A + B view):
A:T18V	B:T215V	logit=-0.736
A:N55S	B:N252S	logit=-1.053
A:N54V	B:N251V	logit=-1.687
A:E100V	B:E297V	logit=-2.466
A:I30V	B:I227V	logit=-2.657

Top tied mutations (C + D view):
C:V218L	D:V491L	logit=-0.425
C:K191R	D:K464R	logit=-0.563
C:S180T	D:S453T	logit=-0.661
C:T42V	D:T315V	logit=-0.693
C:N51P	D:N324P	logit=-0.794

Top tied mutations (A + B view):
A:T18V	B:T215V	logit=-0.771
A:N55S	B:N252S	logit=-0.943
A:N54V	B:N251V	logit=-1.532
A:E100V	B:E297V	logit=-2.498
A:I30V	B:I227V	logit=-2.625

Top tied mutations (C + D view):
C:V218L	D:V491L	logit=-0.421
C:K191R	D:K464R	logit=-0.532
C:S180T	D:S453T	logit=-0.638
C:T42V	D:T315V	logit=-0.694
C:N51P	D:N324P	logit=-0.733

Top tied mutations (A + B view):
A:T18V	B:T215V	logit=-0.716
A:N55S	B:N252S	logit=-1.021
A:N54V	B:N251V	logit=-1.529
A:E100V	B:E297V	logit=-2.575
A:I30V	B:I227V	logit=-2.583

Top tied mutations (C + D view):
C:V218L	D:V491L	logit=-0.458
C:K191R	D:K464R	logit=-0.547
C:S180T	D:S453T	logit=-0.628
C:T42V	D:T315V	logit=-0.789
C:N51P	D:N324P	logit=-0.802

Top tied mutations (A + B view):
A:T18V	B:T215V	logit=-0.784
A:N55S	B:N252S	logit=-1.037
A:N54V	B:N251V	logit=-1.543
A:I30V	B:I227V	logit=-2.546
A:E100V	B:E297V	logit=-2.636

Top tied mutations (C + D view):
C:V218L	D:V491L	logit=-0.418
C:K191R	D:K464R	logit=-0.492
C:S180T	D:S453T	logit=-0.632
C:T42V	D:T315V	logit=-0.734
C:N51P	D:N324P	logit=-0.857

Top tied mutations (A + B view):
A:T18V	B:T215V	logit=-0.778
A:N55S	B:N252S	logit=-1.000
A:N54V	B:N251V	logit=-1.630
A:I30V	B:I227V	logit=-2.508
A:E100V	B:E297V	logit=-2.616

Top tied mutations (C + D view):
C:V218L	D:V491L	logit=-0.421
C:K191R	D:K464R	logit=-0.635
C:S180T	D:S453T	logit=-0.648
C:T42V	D:T315V	logit=-0.702
C:N51P	D:N324P	logit=-0.768

Top tied mutations (A + B view):
A:T18V	B:T215V	logit=-0.810
A:N55S	B:N252S	logit=-0.958
A:N54V	B:N251V	logit=-1.731
A:I30V	B:I227V	logit=-2.434
A:E100V	B:E297V	logit=-2.449

Top tied mutations (C + D view):
C:V218L	D:V491L	logit=-0.421
C:K191R	D:K464R	logit=-0.604
C:S180T	D:S453T	logit=-0.654
C:T42V	D:T315V	logit=-0.802
C:N51P	D:N324P	logit=-0.829

Top tied mutations (A + B view):
A:T18V	B:T215V	logit=-0.788
A:N55S	B:N252S	logit=-1.038
A:N54V	B:N251V	logit=-1.539
A:I30V	B:I227V	logit=-2.492
A:E100V	B:E297V	logit=-2.542

Top tied mutations (C + D view):
C:V218L	D:V491L	logit=-0.466
C:K191R	D:K464R	logit=-0.545
C:S180T	D:S453T	logit=-0.638
C:T42V	D:T315V	logit=-0.739
C:N51P	D:N324P	logit=-0.750

Top tied mutations (A + B view):
A:T18V	B:T215V	logit=-0.802
A:N55S	B:N252S	logit=-0.983
A:N54V	B:N251V	logit=-1.685
A:E100V	B:E297V	logit=-2.553
A:I30V	B:I227V	logit=-2.602

Top tied mutations (C + D view):
C:V218L	D:V491L	logit=-0.474
C:K191R	D:K464R	logit=-0.609
C:S180T	D:S453T	logit=-0.679
C:T42V	D:T315V	logit=-0.784
C:N51P	D:N324P	logit=-0.864

Top tied mutations (A + B view):
A:T18V	B:T215V	logit=-0.717
A:N55S	B:N252S	logit=-1.003
A:N54V	B:N251V	logit=-1.517
A:I30V	B:I227V	logit=-2.561
A:E100V	B:E297V	logit=-2.597

Top tied mutations (C + D view):
C:V218L	D:V491L	logit=-0.462
C:K191R	D:K464R	logit=-0.591
C:S180T	D:S453T	logit=-0.665
C:T42V	D:T315V	logit=-0.752
C:N51P	D:N324P	logit=-0.806

Top tied mutations (A + B view):
A:T18V	B:T215V	logit=-0.846
A:N55S	B:N252S	logit=-1.008
A:N54V	B:N251V	logit=-1.506
A:E100V	B:E297V	logit=-2.579
A:I30V	B:I227V	logit=-2.621

Top tied mutations (C + D view):
C:V218L	D:V491L	logit=-0.452
C:K191R	D:K464R	logit=-0.524
C:S180T	D:S453T	logit=-0.636
C:T42V	D:T315V	logit=-0.705
C:N51P	D:N324P	logit=-0.824

Top tied mutations (A + B view):
A:T18V	B:T215V	logit=-0.815
A:N55S	B:N252S	logit=-1.029
A:N54V	B:N251V	logit=-1.634
A:I30V	B:I227V	logit=-2.442
A:E100V	B:E297V	logit=-2.444

Top tied mutations (C + D view):
C:V218L	D:V491L	logit=-0.449
C:K191R	D:K464R	logit=-0.557
C:S180T	D:S453T	logit=-0.671
C:T42V	D:T315V	logit=-0.705
C:N51P	D:N324P	logit=-0.760

Top tied mutations (A + B view):
A:T18V	B:T215V	logit=-0.811
A:N55S	B:N252S	logit=-0.989
A:N54V	B:N251V	logit=-1.562
A:I30V	B:I227V	logit=-2.514
A:E100V	B:E297V	logit=-2.584

Top tied mutations (C + D view):
C:V218L	D:V491L	logit=-0.448
C:K191R	D:K464R	logit=-0.570
C:S180T	D:S453T	logit=-0.650
C:T42V	D:T315V	logit=-0.691
C:N51P	D:N324P	logit=-0.767

Top tied mutations (A + B view):
A:T18V	B:T215V	logit=-0.737
A:N55S	B:N252S	logit=-1.044
A:N54V	B:N251V	logit=-1.705
A:E100V	B:E297V	logit=-2.579
A:I30V	B:I227V	logit=-2.734

Top tied mutations (C + D view):
C:V218L	D:V491L	logit=-0.435
C:K191R	D:K464R	logit=-0.476
C:S180T	D:S453T	logit=-0.646
C:T42V	D:T315V	logit=-0.730
C:N51P	D:N324P	logit=-0.816

Top tied mutations (A + B view):
A:T18V	B:T215V	logit=-0.785
A:N55S	B:N252S	logit=-1.007
A:N54V	B:N251V	logit=-1.521
A:E100V	B:E297V	logit=-2.560
A:I30V	B:I227V	logit=-2.616

Top tied mutations (C + D view):
C:V218L	D:V491L	logit=-0.463
C:K191R	D:K464R	logit=-0.533
C:S180T	D:S453T	logit=-0.648
C:T42V	D:T315V	logit=-0.748
C:N51P	D:N324P	logit=-0.876

Top tied mutations (A + B view):
A:T18V	B:T215V	logit=-0.759
A:N55S	B:N252S	logit=-1.069
A:N54V	B:N251V	logit=-1.555
A:E100V	B:E297V	logit=-2.580
A:I30V	B:I227V	logit=-2.590

Top tied mutations (C + D view):
C:V218L	D:V491L	logit=-0.419
C:K191R	D:K464R	logit=-0.618
C:S180T	D:S453T	logit=-0.666
C:T42V	D:T315V	logit=-0.791
C:N51P	D:N324P	logit=-0.809

Top tied mutations (A + B view):
A:T18V	B:T215V	logit=-0.793
A:N55S	B:N252S	logit=-0.963
A:N54V	B:N251V	logit=-1.506
A:E100V	B:E297V	logit=-2.510
A:I30V	B:I227V	logit=-2.634

Top tied mutations (C + D view):
C:V218L	D:V491L	logit=-0.394
C:K191R	D:K464R	logit=-0.554
C:S180T	D:S453T	logit=-0.653
C:T42V	D:T315V	logit=-0.724
C:S89A	D:S362A	logit=-0.926

Top tied mutations (A + B view):
A:T18V	B:T215V	logit=-0.797
A:N55S	B:N252S	logit=-0.973
A:N54V	B:N251V	logit=-1.702
A:E100V	B:E297V	logit=-2.516
A:I30V	B:I227V	logit=-2.528

Top tied mutations (C + D view):
C:V218L	D:V491L	logit=-0.421
C:K191R	D:K464R	logit=-0.560
C:S180T	D:S453T	logit=-0.648
C:T42V	D:T315V	logit=-0.720
C:S89A	D:S362A	logit=-0.818

Top tied mutations (A + B view):
A:T18V	B:T215V	logit=-0.797
A:N55S	B:N252S	logit=-1.018
A:N54V	B:N251V	logit=-1.509
A:I30V	B:I227V	logit=-2.413
A:E100V	B:E297V	logit=-2.458

Top tied mutations (C + D view):
C:V218L	D:V491L	logit=-0.482
C:K191R	D:K464R	logit=-0.546
C:S180T	D:S453T	logit=-0.646
C:T42V	D:T315V	logit=-0.749
C:S89A	D:S362A	logit=-0.883

Top tied mutations (A + B view):
A:T18V	B:T215V	logit=-0.689
A:N55S	B:N252S	logit=-0.954
A:N54V	B:N251V	logit=-1.546
A:E100V	B:E297V	logit=-2.490
A:I30V	B:I227V	logit=-2.548

Top tied mutations (C + D view):
C:V218L	D:V491L	logit=-0.405
C:K191R	D:K464R	logit=-0.521
C:S180T	D:S453T	logit=-0.662
C:T42V	D:T315V	logit=-0.734
C:N51P	D:N324P	logit=-0.806

Top tied mutations (A + B view):
A:T18V	B:T215V	logit=-0.769
A:N55S	B:N252S	logit=-1.003
A:N54V	B:N251V	logit=-1.506
A:I30V	B:I227V	logit=-2.442
A:E100V	B:E297V	logit=-2.574

Top tied mutations (C + D view):
C:V218L	D:V491L	logit=-0.435
C:K191R	D:K464R	logit=-0.524
C:S180T	D:S453T	logit=-0.685
C:T42V	D:T315V	logit=-0.775
C:N51P	D:N324P	logit=-0.850

Top tied mutations (A + B view):
A:T18V	B:T215V	logit=-0.780
A:N55S	B:N252S	logit=-1.048
A:N54V	B:N251V	logit=-1.603
A:I30V	B:I227V	logit=-2.521
A:E100V	B:E297V	logit=-2.556

Top tied mutations (C + D view):
C:V218L	D:V491L	logit=-0.447
C:K191R	D:K464R	logit=-0.530
C:S180T	D:S453T	logit=-0.664
C:T42V	D:T315V	logit=-0.701
C:N51P	D:N324P	logit=-0.773

Top tied mutations (A + B view):
A:T18V	B:T215V	logit=-0.789
A:N55S	B:N252S	logit=-1.009
A:N54V	B:N251V	logit=-1.476
A:E100V	B:E297V	logit=-2.524
A:I30V	B:I227V	logit=-2.592

Top tied mutations (C + D view):
C:V218L	D:V491L	logit=-0.485
C:K191R	D:K464R	logit=-0.544
C:S180T	D:S453T	logit=-0.689
C:T42V	D:T315V	logit=-0.747
C:N51P	D:N324P	logit=-0.854

Top tied mutations (A + B view):
A:T18V	B:T215V	logit=-0.773
A:N55S	B:N252S	logit=-1.074
A:N54V	B:N251V	logit=-1.529
A:I30V	B:I227V	logit=-2.544
A:E100V	B:E297V	logit=-2.612

Top tied mutations (C + D view):
C:V218L	D:V491L	logit=-0.434
C:K191R	D:K464R	logit=-0.549
C:S180T	D:S453T	logit=-0.631
C:T42V	D:T315V	logit=-0.725
C:S89A	D:S362A	logit=-0.900

Top tied mutations (A + B view):
A:T18V	B:T215V	logit=-0.779
A:N55S	B:N252S	logit=-1.019
A:N54V	B:N251V	logit=-1.596
A:E100V	B:E297V	logit=-2.626
A:I30V	B:I227V	logit=-2.769

Top tied mutations (C + D view):
C:V218L	D:V491L	logit=-0.406
C:K191R	D:K464R	logit=-0.590
C:S180T	D:S453T	logit=-0.648
C:T42V	D:T315V	logit=-0.713
C:N51P	D:N324P	logit=-0.779

Top tied mutations (A + B view):
A:T18V	B:T215V	logit=-0.795
A:N55S	B:N252S	logit=-1.020
A:N54V	B:N251V	logit=-1.526
A:I30V	B:I227V	logit=-2.522
A:E100V	B:E297V	logit=-2.599

Top tied mutations (C + D view):
C:V218L	D:V491L	logit=-0.456
C:K191R	D:K464R	logit=-0.558
C:S180T	D:S453T	logit=-0.649
C:T42V	D:T315V	logit=-0.699
C:N51P	D:N324P	logit=-0.787

Top tied mutations (A + B view):
A:T18V	B:T215V	logit=-0.775
A:N55S	B:N252S	logit=-1.107
A:N54V	B:N251V	logit=-1.580
A:I30V	B:I227V	logit=-2.466
A:E100V	B:E297V	logit=-2.541

Top tied mutations (C + D view):
C:V218L	D:V491L	logit=-0.419
C:K191R	D:K464R	logit=-0.604
C:S180T	D:S453T	logit=-0.654
C:T42V	D:T315V	logit=-0.773
C:N51P	D:N324P	logit=-0.843

Top tied mutations (A + B view):
A:T18V	B:T215V	logit=-0.744
A:N55S	B:N252S	logit=-1.008
A:N54V	B:N251V	logit=-1.498
A:E100V	B:E297V	logit=-2.406
A:I30V	B:I227V	logit=-2.454

Top tied mutations (C + D view):
C:V218L	D:V491L	logit=-0.411
C:K191R	D:K464R	logit=-0.571
C:S180T	D:S453T	logit=-0.646
C:T42V	D:T315V	logit=-0.727
C:N219S	D:N492S	logit=-0.913

Top tied mutations (A + B view):
A:T18V	B:T215V	logit=-0.781
A:N55S	B:N252S	logit=-1.044
A:N54V	B:N251V	logit=-1.569
A:I30V	B:I227V	logit=-2.524
A:E100V	B:E297V	logit=-2.597

Top tied mutations (C + D view):
C:V218L	D:V491L	logit=-0.436
C:K191R	D:K464R	logit=-0.548
C:S180T	D:S453T	logit=-0.666
C:T42V	D:T315V	logit=-0.724
C:N51P	D:N324P	logit=-0.816

Top tied mutations (A + B view):
A:T18V	B:T215V	logit=-0.807
A:N55S	B:N252S	logit=-1.023
A:N54V	B:N251V	logit=-1.609
A:E100V	B:E297V	logit=-2.487
A:I30V	B:I227V	logit=-2.592

Top tied mutations (C + D view):
C:V218L	D:V491L	logit=-0.468
C:K191R	D:K464R	logit=-0.599
C:S180T	D:S453T	logit=-0.628
C:T42V	D:T315V	logit=-0.722
C:N51P	D:N324P	logit=-0.806

Top tied mutations (A + B view):
A:T18V	B:T215V	logit=-0.767
A:N55S	B:N252S	logit=-1.021
A:N54V	B:N251V	logit=-1.476
A:E100V	B:E297V	logit=-2.523
A:I30V	B:I227V	logit=-2.575

Top tied mutations (C + D view):
C:V218L	D:V491L	logit=-0.423
C:K191R	D:K464R	logit=-0.554
C:S180T	D:S453T	logit=-0.629
C:T42V	D:T315V	logit=-0.737
C:N51P	D:N324P	logit=-0.827

Top tied mutations (A + B view):
A:T18V	B:T215V	logit=-0.778
A:N55S	B:N252S	logit=-0.969
A:N54V	B:N251V	logit=-1.608
A:I30V	B:I227V	logit=-2.514
A:E100V	B:E297V	logit=-2.616

Top tied mutations (C + D view):
C:V218L	D:V491L	logit=-0.450
C:K191R	D:K464R	logit=-0.539
C:S180T	D:S453T	logit=-0.646
C:T42V	D:T315V	logit=-0.720
C:N51P	D:N324P	logit=-0.918

Top tied mutations (A + B view):
A:T18V	B:T215V	logit=-0.799
A:N55S	B:N252S	logit=-1.047
A:N54V	B:N251V	logit=-1.593
A:E100V	B:E297V	logit=-2.500
A:I30V	B:I227V	logit=-2.654

Top tied mutations (C + D view):
C:V218L	D:V491L	logit=-0.467
C:K191R	D:K464R	logit=-0.592
C:S180T	D:S453T	logit=-0.634
C:T42V	D:T315V	logit=-0.755
C:N51P	D:N324P	logit=-0.897

Top tied mutations (A + B view):
A:T18V	B:T215V	logit=-0.811
A:N55S	B:N252S	logit=-0.980
A:N54V	B:N251V	logit=-1.688
A:E100V	B:E297V	logit=-2.470
A:I30V	B:I227V	logit=-2.643

Top tied mutations (C + D view):
C:V218L	D:V491L	logit=-0.452
C:K191R	D:K464R	logit=-0.542
C:S180T	D:S453T	logit=-0.656
C:T42V	D:T315V	logit=-0.731
C:N51P	D:N324P	logit=-0.868

Top tied mutations (A + B view):
A:T18V	B:T215V	logit=-0.764
A:N55S	B:N252S	logit=-1.071
A:N54V	B:N251V	logit=-1.501
A:E100V	B:E297V	logit=-2.500
A:I30V	B:I227V	logit=-2.563

Top tied mutations (C + D view):
C:V218L	D:V491L	logit=-0.470
C:K191R	D:K464R	logit=-0.535
C:S180T	D:S453T	logit=-0.636
C:T42V	D:T315V	logit=-0.679
C:N51P	D:N324P	logit=-0.765

Top tied mutations (A + B view):
A:T18V	B:T215V	logit=-0.754
A:N55S	B:N252S	logit=-1.014
A:N54V	B:N251V	logit=-1.520
A:E100V	B:E297V	logit=-2.525
A:I30V	B:I227V	logit=-2.581

Top tied mutations (C + D view):
C:V218L	D:V491L	logit=-0.442
C:K191R	D:K464R	logit=-0.580
C:S180T	D:S453T	logit=-0.662
C:T42V	D:T315V	logit=-0.817
C:S89A	D:S362A	logit=-0.895

Top tied mutations (A + B view):
A:T18V	B:T215V	logit=-0.767
A:N55S	B:N252S	logit=-0.975
A:N54V	B:N251V	logit=-1.657
A:E100V	B:E297V	logit=-2.387
A:I30V	B:I227V	logit=-2.681

Top tied mutations (C + D view):
C:V218L	D:V491L	logit=-0.454
C:K191R	D:K464R	logit=-0.532
C:S180T	D:S453T	logit=-0.687
C:T42V	D:T315V	logit=-0.791
C:N51P	D:N324P	logit=-0.803

Top tied mutations (A + B view):
A:T18V	B:T215V	logit=-0.817
A:N55S	B:N252S	logit=-0.987
A:N54V	B:N251V	logit=-1.539
A:E100V	B:E297V	logit=-2.526
A:I30V	B:I227V	logit=-2.689

Top tied mutations (C + D view):
C:V218L	D:V491L	logit=-0.455
C:K191R	D:K464R	logit=-0.549
C:S180T	D:S453T	logit=-0.673
C:T42V	D:T315V	logit=-0.745
C:N51P	D:N324P	logit=-0.763

Top tied mutations (A + B view):
A:T18V	B:T215V	logit=-0.822
A:N55S	B:N252S	logit=-0.975
A:N54V	B:N251V	logit=-1.482
A:I30V	B:I227V	logit=-2.578
A:E100V	B:E297V	logit=-2.655

Top tied mutations (C + D view):
C:V218L	D:V491L	logit=-0.416
C:K191R	D:K464R	logit=-0.561
C:S180T	D:S453T	logit=-0.693
C:T42V	D:T315V	logit=-0.700
C:N51P	D:N324P	logit=-0.901

Top tied mutations (A + B view):
A:T18V	B:T215V	logit=-0.720
A:N55S	B:N252S	logit=-1.099
A:N54V	B:N251V	logit=-1.480
A:I30V	B:I227V	logit=-2.627
A:E100V	B:E297V	logit=-2.648

Top tied mutations (C + D view):
C:V218L	D:V491L	logit=-0.451
C:K191R	D:K464R	logit=-0.545
C:S180T	D:S453T	logit=-0.632
C:T42V	D:T315V	logit=-0.706
C:N51P	D:N324P	logit=-0.756

Top tied mutations (A + B view):
A:T18V	B:T215V	logit=-0.837
A:N55S	B:N252S	logit=-1.004
A:N54V	B:N251V	logit=-1.453
A:I30V	B:I227V	logit=-2.501
A:E100V	B:E297V	logit=-2.530

Top tied mutations (C + D view):
C:V218L	D:V491L	logit=-0.426
C:K191R	D:K464R	logit=-0.589
C:S180T	D:S453T	logit=-0.669
C:T42V	D:T315V	logit=-0.720
C:N51P	D:N324P	logit=-0.788

Top tied mutations (A + B view):
A:T18V	B:T215V	logit=-0.750
A:N55S	B:N252S	logit=-0.929
A:N54V	B:N251V	logit=-1.519
A:E100V	B:E297V	logit=-2.552
A:I30V	B:I227V	logit=-2.705

Top tied mutations (C + D view):
C:V218L	D:V491L	logit=-0.452
C:K191R	D:K464R	logit=-0.565
C:S180T	D:S453T	logit=-0.640
C:T42V	D:T315V	logit=-0.695
C:N51P	D:N324P	logit=-0.825

Top tied mutations (A + B view):
A:T18V	B:T215V	logit=-0.836
A:N55S	B:N252S	logit=-1.072
A:N54V	B:N251V	logit=-1.694
A:I30V	B:I227V	logit=-2.504
A:E100V	B:E297V	logit=-2.580

Top tied mutations (C + D view):
C:V218L	D:V491L	logit=-0.423
C:K191R	D:K464R	logit=-0.549
C:S180T	D:S453T	logit=-0.648
C:T42V	D:T315V	logit=-0.733
C:S89A	D:S362A	logit=-0.858

Top tied mutations (A + B view):
A:T18V	B:T215V	logit=-0.713
A:N55S	B:N252S	logit=-0.998
A:N54V	B:N251V	logit=-1.589
A:I30V	B:I227V	logit=-2.579
A:E100V	B:E297V	logit=-2.593

Top tied mutations (C + D view):
C:V218L	D:V491L	logit=-0.483
C:K191R	D:K464R	logit=-0.585
C:S180T	D:S453T	logit=-0.675
C:T42V	D:T315V	logit=-0.728
C:N51P	D:N324P	logit=-0.845

Top tied mutations (A + B view):
A:T18V	B:T215V	logit=-0.729
A:N55S	B:N252S	logit=-1.006
A:N54V	B:N251V	logit=-1.699
A:E100V	B:E297V	logit=-2.391
A:I30V	B:I227V	logit=-2.552

Top tied mutations (C + D view):
C:V218L	D:V491L	logit=-0.415
C:K191R	D:K464R	logit=-0.570
C:S180T	D:S453T	logit=-0.651
C:T42V	D:T315V	logit=-0.734
C:N51P	D:N324P	logit=-0.828

Top tied mutations (A + B view):
A:T18V	B:T215V	logit=-0.762
A:N55S	B:N252S	logit=-1.062
A:N54V	B:N251V	logit=-1.524
A:E100V	B:E297V	logit=-2.493
A:I30V	B:I227V	logit=-2.616

Top tied mutations (C + D view):
C:V218L	D:V491L	logit=-0.487
C:K191R	D:K464R	logit=-0.600
C:S180T	D:S453T	logit=-0.627
C:T42V	D:T315V	logit=-0.754
C:N51P	D:N324P	logit=-0.905

Top tied mutations (A + B view):
A:T18V	B:T215V	logit=-0.779
A:N55S	B:N252S	logit=-1.116
A:N54V	B:N251V	logit=-1.543
A:I30V	B:I227V	logit=-2.504
A:E100V	B:E297V	logit=-2.516

Top tied mutations (C + D view):
C:V218L	D:V491L	logit=-0.446
C:K191R	D:K464R	logit=-0.554
C:S180T	D:S453T	logit=-0.671
C:N51P	D:N324P	logit=-0.773
C:T42V	D:T315V	logit=-0.820

Top tied mutations (A + B view):
A:T18V	B:T215V	logit=-0.733
A:N55S	B:N252S	logit=-1.018
A:N54V	B:N251V	logit=-1.613
A:I30V	B:I227V	logit=-2.492
A:E100V	B:E297V	logit=-2.608

Top tied mutations (C + D view):
C:V218L	D:V491L	logit=-0.484
C:K191R	D:K464R	logit=-0.522
C:S180T	D:S453T	logit=-0.671
C:T42V	D:T315V	logit=-0.729
C:N51P	D:N324P	logit=-0.771

Top tied mutations (A + B view):
A:T18V	B:T215V	logit=-0.786
A:N55S	B:N252S	logit=-1.003
A:N54V	B:N251V	logit=-1.437
A:I30V	B:I227V	logit=-2.559
A:E100V	B:E297V	logit=-2.609

Top tied mutations (C + D view):
C:V218L	D:V491L	logit=-0.424
C:K191R	D:K464R	logit=-0.543
C:S180T	D:S453T	logit=-0.645
C:T42V	D:T315V	logit=-0.729
C:N51P	D:N324P	logit=-0.936

Top tied mutations (A + B view):
A:T18V	B:T215V	logit=-0.756
A:N55S	B:N252S	logit=-1.003
A:N54V	B:N251V	logit=-1.607
A:I30V	B:I227V	logit=-2.636
A:E100V	B:E297V	logit=-2.664

Top tied mutations (C + D view):
C:V218L	D:V491L	logit=-0.447
C:K191R	D:K464R	logit=-0.558
C:S180T	D:S453T	logit=-0.654
C:T42V	D:T315V	logit=-0.726
C:N51P	D:N324P	logit=-0.847

Top tied mutations (A + B view):
A:T18V	B:T215V	logit=-0.808
A:N55S	B:N252S	logit=-1.061
A:N54V	B:N251V	logit=-1.622
A:E100V	B:E297V	logit=-2.578
A:I30V	B:I227V	logit=-2.614

Top tied mutations (C + D view):
C:V218L	D:V491L	logit=-0.485
C:K191R	D:K464R	logit=-0.540
C:S180T	D:S453T	logit=-0.641
C:T42V	D:T315V	logit=-0.798
C:N51P	D:N324P	logit=-0.801

Top tied mutations (A + B view):
A:T18V	B:T215V	logit=-0.739
A:N55S	B:N252S	logit=-0.986
A:N54V	B:N251V	logit=-1.495
A:I30V	B:I227V	logit=-2.621
A:E100V	B:E297V	logit=-2.642

Top tied mutations (C + D view):
C:V218L	D:V491L	logit=-0.472
C:K191R	D:K464R	logit=-0.538
C:S180T	D:S453T	logit=-0.634
C:T42V	D:T315V	logit=-0.711
C:N51P	D:N324P	logit=-0.746

Top tied mutations (A + B view):
A:T18V	B:T215V	logit=-0.703
A:N55S	B:N252S	logit=-0.939
A:N54V	B:N251V	logit=-1.784
A:E100V	B:E297V	logit=-2.555
A:I30V	B:I227V	logit=-2.642

Top tied mutations (C + D view):
C:V218L	D:V491L	logit=-0.500
C:K191R	D:K464R	logit=-0.568
C:S180T	D:S453T	logit=-0.671
C:T42V	D:T315V	logit=-0.730
C:N51P	D:N324P	logit=-0.793

Top tied mutations (A + B view):
A:T18V	B:T215V	logit=-0.751
A:N55S	B:N252S	logit=-1.035
A:N54V	B:N251V	logit=-1.656
A:E100V	B:E297V	logit=-2.427
A:I30V	B:I227V	logit=-2.510

Top tied mutations (C + D view):
C:V218L	D:V491L	logit=-0.406
C:K191R	D:K464R	logit=-0.500
C:S180T	D:S453T	logit=-0.664
C:T42V	D:T315V	logit=-0.787
C:N219S	D:N492S	logit=-0.928

Top tied mutations (A + B view):
A:T18V	B:T215V	logit=-0.779
A:N55S	B:N252S	logit=-1.030
A:N54V	B:N251V	logit=-1.583
A:I30V	B:I227V	logit=-2.507
A:E100V	B:E297V	logit=-2.561

Top tied mutations (C + D view):
C:V218L	D:V491L	logit=-0.483
C:K191R	D:K464R	logit=-0.586
C:S180T	D:S453T	logit=-0.669
C:T42V	D:T315V	logit=-0.736
C:N51P	D:N324P	logit=-0.856

Top tied mutations (A + B view):
A:T18V	B:T215V	logit=-0.780
A:N55S	B:N252S	logit=-0.971
A:N54V	B:N251V	logit=-1.738
A:I30V	B:I227V	logit=-2.530
A:E100V	B:E297V	logit=-2.541

Top tied mutations (C + D view):
C:V218L	D:V491L	logit=-0.428
C:K191R	D:K464R	logit=-0.553
C:S180T	D:S453T	logit=-0.660
C:T42V	D:T315V	logit=-0.723
C:S89A	D:S362A	logit=-0.936

Top tied mutations (A + B view):
A:T18V	B:T215V	logit=-0.755
A:N55S	B:N252S	logit=-1.077
A:N54V	B:N251V	logit=-1.689
A:E100V	B:E297V	logit=-2.535
A:I30V	B:I227V	logit=-2.584

Top tied mutations (C + D view):
C:V218L	D:V491L	logit=-0.482
C:K191R	D:K464R	logit=-0.541
C:S180T	D:S453T	logit=-0.651
C:T42V	D:T315V	logit=-0.748
C:N51P	D:N324P	logit=-0.847

Top tied mutations (A + B view):
A:T18V	B:T215V	logit=-0.777
A:N55S	B:N252S	logit=-1.023
A:N54V	B:N251V	logit=-1.652
A:E100V	B:E297V	logit=-2.652
A:I30V	B:I227V	logit=-2.725

Top tied mutations (C + D view):
C:V218L	D:V491L	logit=-0.410
C:K191R	D:K464R	logit=-0.537
C:S180T	D:S453T	logit=-0.643
C:T42V	D:T315V	logit=-0.732
C:S89A	D:S362A	logit=-0.930

Top tied mutations (A + B view):
A:T18V	B:T215V	logit=-0.753
A:N55S	B:N252S	logit=-0.992
A:N54V	B:N251V	logit=-1.505
A:E100V	B:E297V	logit=-2.609
A:I30V	B:I227V	logit=-2.666

Top tied mutations (C + D view):
C:V218L	D:V491L	logit=-0.472
C:K191R	D:K464R	logit=-0.572
C:S180T	D:S453T	logit=-0.663
C:T42V	D:T315V	logit=-0.746
C:N51P	D:N324P	logit=-0.818

Top tied mutations (A + B view):
A:T18V	B:T215V	logit=-0.767
A:N55S	B:N252S	logit=-0.941
A:N54V	B:N251V	logit=-1.570
A:E100V	B:E297V	logit=-2.512
A:I30V	B:I227V	logit=-2.706

Top tied mutations (C + D view):
C:V218L	D:V491L	logit=-0.404
C:K191R	D:K464R	logit=-0.564
C:S180T	D:S453T	logit=-0.630
C:T42V	D:T315V	logit=-0.708
C:N51P	D:N324P	logit=-0.821

Top tied mutations (A + B view):
A:T18V	B:T215V	logit=-0.812
A:N55S	B:N252S	logit=-0.955
A:N54V	B:N251V	logit=-1.628
A:E100V	B:E297V	logit=-2.626
A:I30V	B:I227V	logit=-2.682

Top tied mutations (C + D view):
C:V218L	D:V491L	logit=-0.423
C:K191R	D:K464R	logit=-0.566
C:S180T	D:S453T	logit=-0.648
C:T42V	D:T315V	logit=-0.710
C:S89A	D:S362A	logit=-0.899

Top tied mutations (A + B view):
A:T18V	B:T215V	logit=-0.785
A:N55S	B:N252S	logit=-1.061
A:N54V	B:N251V	logit=-1.574
A:I30V	B:I227V	logit=-2.544
A:E100V	B:E297V	logit=-2.673

Top tied mutations (C + D view):
C:V218L	D:V491L	logit=-0.448
C:K191R	D:K464R	logit=-0.583
C:S180T	D:S453T	logit=-0.651
C:T42V	D:T315V	logit=-0.696
C:S89A	D:S362A	logit=-0.890

Top tied mutations (A + B view):
A:T18V	B:T215V	logit=-0.687
A:N55S	B:N252S	logit=-1.064
A:N54V	B:N251V	logit=-1.588
A:E100V	B:E297V	logit=-2.515
A:I30V	B:I227V	logit=-2.617

Top tied mutations (C + D view):
C:V218L	D:V491L	logit=-0.413
C:K191R	D:K464R	logit=-0.541
C:S180T	D:S453T	logit=-0.663
C:T42V	D:T315V	logit=-0.824
C:S89A	D:S362A	logit=-0.887

Top tied mutations (A + B view):
A:T18V	B:T215V	logit=-0.758
A:N55S	B:N252S	logit=-0.977
A:N54V	B:N251V	logit=-1.665
A:I30V	B:I227V	logit=-2.459
A:E100V	B:E297V	logit=-2.508

Top tied mutations (C + D view):
C:V218L	D:V491L	logit=-0.456
C:K191R	D:K464R	logit=-0.554
C:S180T	D:S453T	logit=-0.631
C:T42V	D:T315V	logit=-0.730
C:N51P	D:N324P	logit=-0.769

Top tied mutations (A + B view):
A:T18V	B:T215V	logit=-0.686
A:N55S	B:N252S	logit=-1.009
A:N54V	B:N251V	logit=-1.427
A:E100V	B:E297V	logit=-2.477
A:I30V	B:I227V	logit=-2.518

Top tied mutations (C + D view):
C:V218L	D:V491L	logit=-0.429
C:K191R	D:K464R	logit=-0.522
C:S180T	D:S453T	logit=-0.645
C:T42V	D:T315V	logit=-0.702
C:N51P	D:N324P	logit=-0.858

Top tied mutations (A + B view):
A:T18V	B:T215V	logit=-0.779
A:N55S	B:N252S	logit=-1.007
A:N54V	B:N251V	logit=-1.532
A:E100V	B:E297V	logit=-2.567
A:I30V	B:I227V	logit=-2.644

Top tied mutations (C + D view):
C:V218L	D:V491L	logit=-0.419
C:K191R	D:K464R	logit=-0.609
C:S180T	D:S453T	logit=-0.658
C:T42V	D:T315V	logit=-0.725
C:S89A	D:S362A	logit=-0.804

Top tied mutations (A + B view):
A:T18V	B:T215V	logit=-0.714
A:N55S	B:N252S	logit=-0.992
A:N54V	B:N251V	logit=-1.623
A:E100V	B:E297V	logit=-2.537
A:I30V	B:I227V	logit=-2.558

Top tied mutations (C + D view):
C:V218L	D:V491L	logit=-0.462
C:K191R	D:K464R	logit=-0.532
C:S180T	D:S453T	logit=-0.657
C:T42V	D:T315V	logit=-0.699
C:N51P	D:N324P	logit=-0.789

Top tied mutations (A + B view):
A:T18V	B:T215V	logit=-0.755
A:N55S	B:N252S	logit=-0.994
A:N54V	B:N251V	logit=-1.620
A:E100V	B:E297V	logit=-2.633
A:I30V	B:I227V	logit=-2.638

Top tied mutations (C + D view):
C:V218L	D:V491L	logit=-0.472
C:K191R	D:K464R	logit=-0.579
C:S180T	D:S453T	logit=-0.633
C:T42V	D:T315V	logit=-0.685
C:N51P	D:N324P	logit=-0.764

Top tied mutations (A + B view):
A:T18V	B:T215V	logit=-0.747
A:N55S	B:N252S	logit=-0.993
A:N54V	B:N251V	logit=-1.596
A:I30V	B:I227V	logit=-2.468
A:E100V	B:E297V	logit=-2.494

Top tied mutations (C + D view):
C:V218L	D:V491L	logit=-0.465
C:K191R	D:K464R	logit=-0.565
C:S180T	D:S453T	logit=-0.651
C:T42V	D:T315V	logit=-0.694
C:N51P	D:N324P	logit=-0.856

Top tied mutations (A + B view):
A:T18V	B:T215V	logit=-0.832
A:N55S	B:N252S	logit=-1.008
A:N54V	B:N251V	logit=-1.526
A:E100V	B:E297V	logit=-2.458
A:I30V	B:I227V	logit=-2.563

Top tied mutations (C + D view):
C:V218L	D:V491L	logit=-0.476
C:K191R	D:K464R	logit=-0.597
C:S180T	D:S453T	logit=-0.655
C:T42V	D:T315V	logit=-0.671
C:N51P	D:N324P	logit=-0.806

Top tied mutations (A + B view):
A:T18V	B:T215V	logit=-0.786
A:N55S	B:N252S	logit=-1.056
A:N54V	B:N251V	logit=-1.559
A:E100V	B:E297V	logit=-2.449
A:I30V	B:I227V	logit=-2.705

Top tied mutations (C + D view):
C:V218L	D:V491L	logit=-0.463
C:K191R	D:K464R	logit=-0.540
C:S180T	D:S453T	logit=-0.649
C:T42V	D:T315V	logit=-0.759
C:N51P	D:N324P	logit=-0.825

Top tied mutations (A + B view):
A:T18V	B:T215V	logit=-0.761
A:N55S	B:N252S	logit=-1.044
A:N54V	B:N251V	logit=-1.549
A:I30V	B:I227V	logit=-2.517
A:E100V	B:E297V	logit=-2.569

Top tied mutations (C + D view):
C:V218L	D:V491L	logit=-0.459
C:K191R	D:K464R	logit=-0.538
C:S180T	D:S453T	logit=-0.638
C:T42V	D:T315V	logit=-0.758
C:N51P	D:N324P	logit=-0.843

Top tied mutations (A + B view):
A:T18V	B:T215V	logit=-0.773
A:N55S	B:N252S	logit=-1.044
A:N54V	B:N251V	logit=-1.584
A:E100V	B:E297V	logit=-2.636
A:I30V	B:I227V	logit=-2.663

Top tied mutations (C + D view):
C:V218L	D:V491L	logit=-0.415
C:K191R	D:K464R	logit=-0.519
C:S180T	D:S453T	logit=-0.656
C:T42V	D:T315V	logit=-0.745
C:S89A	D:S362A	logit=-0.838

Top tied mutations (A + B view):
A:T18V	B:T215V	logit=-0.787
A:N55S	B:N252S	logit=-0.982
A:N54V	B:N251V	logit=-1.527
A:E100V	B:E297V	logit=-2.588
A:I30V	B:I227V	logit=-2.696

Top tied mutations (C + D view):
C:V218L	D:V491L	logit=-0.464
C:K191R	D:K464R	logit=-0.585
C:S180T	D:S453T	logit=-0.656
C:T42V	D:T315V	logit=-0.692
C:N51P	D:N324P	logit=-0.877

Top tied mutations (A + B view):
A:T18V	B:T215V	logit=-0.735
A:N55S	B:N252S	logit=-0.992
A:N54V	B:N251V	logit=-1.676
A:E100V	B:E297V	logit=-2.480
A:I30V	B:I227V	logit=-2.596

Top tied mutations (C + D view):
C:V218L	D:V491L	logit=-0.475
C:K191R	D:K464R	logit=-0.531
C:S180T	D:S453T	logit=-0.662
C:T42V	D:T315V	logit=-0.710
C:N51P	D:N324P	logit=-0.883

Top tied mutations (A + B view):
A:T18V	B:T215V	logit=-0.723
A:N55S	B:N252S	logit=-1.059
A:N54V	B:N251V	logit=-1.579
A:E100V	B:E297V	logit=-2.493
A:I30V	B:I227V	logit=-2.707

Top tied mutations (C + D view):
C:V218L	D:V491L	logit=-0.428
C:K191R	D:K464R	logit=-0.571
C:S180T	D:S453T	logit=-0.663
C:T42V	D:T315V	logit=-0.709
C:N51P	D:N324P	logit=-0.773

Top tied mutations (A + B view):
A:T18V	B:T215V	logit=-0.768
A:N55S	B:N252S	logit=-1.028
A:N54V	B:N251V	logit=-1.596
A:E100V	B:E297V	logit=-2.487
A:I30V	B:I227V	logit=-2.611

Top tied mutations (C + D view):
C:V218L	D:V491L	logit=-0.415
C:K191R	D:K464R	logit=-0.589
C:S180T	D:S453T	logit=-0.643
C:T42V	D:T315V	logit=-0.682
C:N51P	D:N324P	logit=-0.892

Top tied mutations (A + B view):
A:T18V	B:T215V	logit=-0.739
A:N55S	B:N252S	logit=-1.007
A:N54V	B:N251V	logit=-1.652
A:E100V	B:E297V	logit=-2.564
A:I30V	B:I227V	logit=-2.672

Top tied mutations (C + D view):
C:V218L	D:V491L	logit=-0.433
C:K191R	D:K464R	logit=-0.597
C:S180T	D:S453T	logit=-0.640
C:T42V	D:T315V	logit=-0.674
C:S89A	D:S362A	logit=-0.885

Top tied mutations (A + B view):
A:T18V	B:T215V	logit=-0.819
A:N55S	B:N252S	logit=-1.009
A:N54V	B:N251V	logit=-1.515
A:I30V	B:I227V	logit=-2.459
A:E100V	B:E297V	logit=-2.580

Top tied mutations (C + D view):
C:V218L	D:V491L	logit=-0.438
C:K191R	D:K464R	logit=-0.489
C:S180T	D:S453T	logit=-0.688
C:T42V	D:T315V	logit=-0.716
C:N51P	D:N324P	logit=-0.862

Top tied mutations (A + B view):
A:T18V	B:T215V	logit=-0.782
A:N55S	B:N252S	logit=-1.032
A:N54V	B:N251V	logit=-1.586
A:I30V	B:I227V	logit=-2.351
A:E100V	B:E297V	logit=-2.601

Top tied mutations (C + D view):
C:V218L	D:V491L	logit=-0.468
C:K191R	D:K464R	logit=-0.486
C:S180T	D:S453T	logit=-0.652
C:T42V	D:T315V	logit=-0.737
C:N51P	D:N324P	logit=-0.829

Top tied mutations (A + B view):
A:T18V	B:T215V	logit=-0.770
A:N55S	B:N252S	logit=-0.981
A:N54V	B:N251V	logit=-1.537
A:E100V	B:E297V	logit=-2.495
A:I30V	B:I227V	logit=-2.585

Top tied mutations (C + D view):
C:V218L	D:V491L	logit=-0.431
C:K191R	D:K464R	logit=-0.560
C:S180T	D:S453T	logit=-0.649
C:T42V	D:T315V	logit=-0.709
C:N51P	D:N324P	logit=-0.809

Top tied mutations (A + B view):
A:T18V	B:T215V	logit=-0.814
A:N55S	B:N252S	logit=-1.014
A:N54V	B:N251V	logit=-1.601
A:E100V	B:E297V	logit=-2.476
A:I30V	B:I227V	logit=-2.596

Top tied mutations (C + D view):
C:V218L	D:V491L	logit=-0.451
C:K191R	D:K464R	logit=-0.482
C:S180T	D:S453T	logit=-0.669
C:T42V	D:T315V	logit=-0.774
C:N51P	D:N324P	logit=-0.833

Top tied mutations (A + B view):
A:T18V	B:T215V	logit=-0.711
A:N55S	B:N252S	logit=-1.017
A:N54V	B:N251V	logit=-1.646
A:I30V	B:I227V	logit=-2.481
A:E100V	B:E297V	logit=-2.576

Top tied mutations (C + D view):
C:V218L	D:V491L	logit=-0.478
C:K191R	D:K464R	logit=-0.566
C:S180T	D:S453T	logit=-0.661
C:T42V	D:T315V	logit=-0.717
C:N51P	D:N324P	logit=-0.822

Top tied mutations (A + B view):
A:T18V	B:T215V	logit=-0.786
A:N55S	B:N252S	logit=-0.996
A:N54V	B:N251V	logit=-1.507
A:E100V	B:E297V	logit=-2.471
A:I30V	B:I227V	logit=-2.553

Top tied mutations (C + D view):
C:V218L	D:V491L	logit=-0.455
C:K191R	D:K464R	logit=-0.525
C:S180T	D:S453T	logit=-0.641
C:T42V	D:T315V	logit=-0.719
C:S89A	D:S362A	logit=-0.921

Top tied mutations (A + B view):
A:T18V	B:T215V	logit=-0.804
A:N55S	B:N252S	logit=-0.982
A:N54V	B:N251V	logit=-1.635
A:I30V	B:I227V	logit=-2.478
A:E100V	B:E297V	logit=-2.633

Top tied mutations (C + D view):
C:V218L	D:V491L	logit=-0.467
C:K191R	D:K464R	logit=-0.553
C:S180T	D:S453T	logit=-0.683
C:T42V	D:T315V	logit=-0.720
C:N51P	D:N324P	logit=-0.859

Top tied mutations (A + B view):
A:T18V	B:T215V	logit=-0.837
A:N55S	B:N252S	logit=-1.024
A:N54V	B:N251V	logit=-1.654
A:E100V	B:E297V	logit=-2.518
A:I30V	B:I227V	logit=-2.610

Top tied mutations (C + D view):
C:V218L	D:V491L	logit=-0.426
C:K191R	D:K464R	logit=-0.566
C:S180T	D:S453T	logit=-0.659
C:T42V	D:T315V	logit=-0.778
C:N51P	D:N324P	logit=-0.805

Top tied mutations (A + B view):
A:T18V	B:T215V	logit=-0.779
A:N55S	B:N252S	logit=-0.974
A:N54V	B:N251V	logit=-1.556
A:I30V	B:I227V	logit=-2.649
A:E100V	B:E297V	logit=-2.701

Top tied mutations (C + D view):
C:V218L	D:V491L	logit=-0.415
C:K191R	D:K464R	logit=-0.589
C:S180T	D:S453T	logit=-0.669
C:T42V	D:T315V	logit=-0.721
C:S89A	D:S362A	logit=-0.841

Top tied mutations (A + B view):
A:T18V	B:T215V	logit=-0.785
A:N55S	B:N252S	logit=-0.998
A:N54V	B:N251V	logit=-1.704
A:E100V	B:E297V	logit=-2.509
A:I30V	B:I227V	logit=-2.554

Top tied mutations (C + D view):
C:V218L	D:V491L	logit=-0.471
C:K191R	D:K464R	logit=-0.560
C:S180T	D:S453T	logit=-0.627
C:T42V	D:T315V	logit=-0.694
C:N51P	D:N324P	logit=-0.793

Top tied mutations (A + B view):
A:T18V	B:T215V	logit=-0.846
A:N55S	B:N252S	logit=-0.973
A:N54V	B:N251V	logit=-1.790
A:E100V	B:E297V	logit=-2.503
A:I30V	B:I227V	logit=-2.683

Top tied mutations (C + D view):
C:V218L	D:V491L	logit=-0.484
C:K191R	D:K464R	logit=-0.606
C:S180T	D:S453T	logit=-0.686
C:T42V	D:T315V	logit=-0.737
C:S89A	D:S362A	logit=-0.895

Top tied mutations (A + B view):
A:T18V	B:T215V	logit=-0.781
A:N55S	B:N252S	logit=-0.999
A:N54V	B:N251V	logit=-1.659
A:E100V	B:E297V	logit=-2.493
A:I30V	B:I227V	logit=-2.668

Top tied mutations (C + D view):
C:V218L	D:V491L	logit=-0.476
C:K191R	D:K464R	logit=-0.590
C:S180T	D:S453T	logit=-0.650
C:T42V	D:T315V	logit=-0.707
C:N51P	D:N324P	logit=-0.870

Top tied mutations (A + B view):
A:T18V	B:T215V	logit=-0.732
A:N55S	B:N252S	logit=-0.994
A:N54V	B:N251V	logit=-1.633
A:E100V	B:E297V	logit=-2.566
A:I30V	B:I227V	logit=-2.627

Top tied mutations (C + D view):
C:V218L	D:V491L	logit=-0.408
C:K191R	D:K464R	logit=-0.522
C:S180T	D:S453T	logit=-0.691
C:T42V	D:T315V	logit=-0.716
C:N51P	D:N324P	logit=-0.844

Top tied mutations (A + B view):
A:T18V	B:T215V	logit=-0.765
A:N55S	B:N252S	logit=-1.015
A:N54V	B:N251V	logit=-1.812
A:E100V	B:E297V	logit=-2.462
A:I30V	B:I227V	logit=-2.510

Top tied mutations (C + D view):
C:V218L	D:V491L	logit=-0.460
C:K191R	D:K464R	logit=-0.534
C:S180T	D:S453T	logit=-0.659
C:T42V	D:T315V	logit=-0.719
C:N51P	D:N324P	logit=-0.836

Top tied mutations (A + B view):
A:T18V	B:T215V	logit=-0.738
A:N55S	B:N252S	logit=-1.018
A:N54V	B:N251V	logit=-1.764
A:E100V	B:E297V	logit=-2.481
A:I30V	B:I227V	logit=-2.565

Top tied mutations (C + D view):
C:V218L	D:V491L	logit=-0.454
C:K191R	D:K464R	logit=-0.574
C:S180T	D:S453T	logit=-0.678
C:T42V	D:T315V	logit=-0.696
C:N51P	D:N324P	logit=-0.885

Top tied mutations (A + B view):
A:T18V	B:T215V	logit=-0.751
A:N55S	B:N252S	logit=-0.941
A:N54V	B:N251V	logit=-1.600
A:I30V	B:I227V	logit=-2.450
A:E100V	B:E297V	logit=-2.499

Top tied mutations (C + D view):
C:V218L	D:V491L	logit=-0.466
C:K191R	D:K464R	logit=-0.549
C:S180T	D:S453T	logit=-0.652
C:T42V	D:T315V	logit=-0.785
C:N51P	D:N324P	logit=-0.934

Top tied mutations (A + B view):
A:T18V	B:T215V	logit=-0.771
A:N55S	B:N252S	logit=-1.029
A:N54V	B:N251V	logit=-1.531
A:I30V	B:I227V	logit=-2.576
A:E100V	B:E297V	logit=-2.588

Top tied mutations (C + D view):
C:V218L	D:V491L	logit=-0.464
C:K191R	D:K464R	logit=-0.575
C:S180T	D:S453T	logit=-0.677
C:T42V	D:T315V	logit=-0.777
C:N51P	D:N324P	logit=-0.787

Top tied mutations (A + B view):
A:T18V	B:T215V	logit=-0.756
A:N55S	B:N252S	logit=-0.957
A:N54V	B:N251V	logit=-1.578
A:E100V	B:E297V	logit=-2.626
A:I30V	B:I227V	logit=-2.803

Top tied mutations (C + D view):
C:V218L	D:V491L	logit=-0.463
C:K191R	D:K464R	logit=-0.552
C:S180T	D:S453T	logit=-0.655
C:T42V	D:T315V	logit=-0.718
C:N51P	D:N324P	logit=-0.914

Top tied mutations (A + B view):
A:T18V	B:T215V	logit=-0.803
A:N55S	B:N252S	logit=-1.002
A:N54V	B:N251V	logit=-1.499
A:E100V	B:E297V	logit=-2.511
A:I30V	B:I227V	logit=-2.543

Top tied mutations (C + D view):
C:V218L	D:V491L	logit=-0.464
C:K191R	D:K464R	logit=-0.542
C:S180T	D:S453T	logit=-0.662
C:T42V	D:T315V	logit=-0.768
C:N51P	D:N324P	logit=-0.803

Top tied mutations (A + B view):
A:T18V	B:T215V	logit=-0.754
A:N55S	B:N252S	logit=-0.996
A:N54V	B:N251V	logit=-1.521
A:E100V	B:E297V	logit=-2.583
A:I30V	B:I227V	logit=-2.588

Top tied mutations (C + D view):
C:V218L	D:V491L	logit=-0.452
C:K191R	D:K464R	logit=-0.542
C:S180T	D:S453T	logit=-0.646
C:T42V	D:T315V	logit=-0.734
C:N51P	D:N324P	logit=-0.913

Top tied mutations (A + B view):
A:T18V	B:T215V	logit=-0.782
A:N55S	B:N252S	logit=-0.979
A:N54V	B:N251V	logit=-1.674
A:E100V	B:E297V	logit=-2.548
A:I30V	B:I227V	logit=-2.635

Top tied mutations (C + D view):
C:V218L	D:V491L	logit=-0.468
C:K191R	D:K464R	logit=-0.615
C:T42V	D:T315V	logit=-0.671
C:S180T	D:S453T	logit=-0.681
C:N51P	D:N324P	logit=-0.864

Top tied mutations (A + B view):
A:T18V	B:T215V	logit=-0.786
A:N55S	B:N252S	logit=-1.036
A:N54V	B:N251V	logit=-1.606
A:E100V	B:E297V	logit=-2.528
A:I30V	B:I227V	logit=-2.722

Top tied mutations (C + D view):
C:V218L	D:V491L	logit=-0.446
C:K191R	D:K464R	logit=-0.566
C:S180T	D:S453T	logit=-0.642
C:T42V	D:T315V	logit=-0.771
C:N219S	D:N492S	logit=-0.955

Top tied mutations (A + B view):
A:T18V	B:T215V	logit=-0.730
A:N55S	B:N252S	logit=-0.983
A:N54V	B:N251V	logit=-1.632
A:E100V	B:E297V	logit=-2.679
A:I30V	B:I227V	logit=-2.781

Top tied mutations (C + D view):
C:V218L	D:V491L	logit=-0.464
C:K191R	D:K464R	logit=-0.523
C:S180T	D:S453T	logit=-0.663
C:T42V	D:T315V	logit=-0.755
C:N51P	D:N324P	logit=-0.809

Top tied mutations (A + B view):
A:T18V	B:T215V	logit=-0.795
A:N55S	B:N252S	logit=-0.954
A:N54V	B:N251V	logit=-1.558
A:I30V	B:I227V	logit=-2.492
A:E100V	B:E297V	logit=-2.505

Top tied mutations (C + D view):
C:V218L	D:V491L	logit=-0.417
C:K191R	D:K464R	logit=-0.570
C:S180T	D:S453T	logit=-0.644
C:T42V	D:T315V	logit=-0.720
C:N51P	D:N324P	logit=-0.818

Top tied mutations (A + B view):
A:T18V	B:T215V	logit=-0.885
A:N55S	B:N252S	logit=-0.997
A:N54V	B:N251V	logit=-1.610
A:I30V	B:I227V	logit=-2.533
A:E100V	B:E297V	logit=-2.580

Top tied mutations (C + D view):
C:V218L	D:V491L	logit=-0.426
C:K191R	D:K464R	logit=-0.516
C:S180T	D:S453T	logit=-0.654
C:T42V	D:T315V	logit=-0.711
C:N51P	D:N324P	logit=-0.845

Top tied mutations (A + B view):
A:T18V	B:T215V	logit=-0.759
A:N55S	B:N252S	logit=-1.030
A:N54V	B:N251V	logit=-1.609
A:E100V	B:E297V	logit=-2.654
A:I30V	B:I227V	logit=-2.726

Top tied mutations (C + D view):
C:V218L	D:V491L	logit=-0.413
C:K191R	D:K464R	logit=-0.498
C:S180T	D:S453T	logit=-0.661
C:N51P	D:N324P	logit=-0.786
C:T42V	D:T315V	logit=-0.827

Top tied mutations (A + B view):
A:T18V	B:T215V	logit=-0.816
A:N55S	B:N252S	logit=-0.984
A:N54V	B:N251V	logit=-1.589
A:I30V	B:I227V	logit=-2.510
A:E100V	B:E297V	logit=-2.528

Top tied mutations (C + D view):
C:V218L	D:V491L	logit=-0.434
C:K191R	D:K464R	logit=-0.520
C:S180T	D:S453T	logit=-0.630
C:T42V	D:T315V	logit=-0.718
C:N51P	D:N324P	logit=-0.783

Top tied mutations (A + B view):
A:T18V	B:T215V	logit=-0.746
A:N55S	B:N252S	logit=-0.997
A:N54V	B:N251V	logit=-1.686
A:I30V	B:I227V	logit=-2.458
A:E100V	B:E297V	logit=-2.653

Top tied mutations (C + D view):
C:V218L	D:V491L	logit=-0.438
C:K191R	D:K464R	logit=-0.560
C:S180T	D:S453T	logit=-0.669
C:T42V	D:T315V	logit=-0.753
C:N51P	D:N324P	logit=-0.774

Top tied mutations (A + B view):
A:T18V	B:T215V	logit=-0.813
A:N55S	B:N252S	logit=-1.019
A:N54V	B:N251V	logit=-1.594
A:E100V	B:E297V	logit=-2.626
A:I30V	B:I227V	logit=-2.674

Top tied mutations (C + D view):
C:V218L	D:V491L	logit=-0.437
C:K191R	D:K464R	logit=-0.577
C:S180T	D:S453T	logit=-0.671
C:T42V	D:T315V	logit=-0.748
C:N51P	D:N324P	logit=-0.877

Top tied mutations (A + B view):
A:T18V	B:T215V	logit=-0.858
A:N55S	B:N252S	logit=-0.998
A:N54V	B:N251V	logit=-1.595
A:I30V	B:I227V	logit=-2.597
A:E100V	B:E297V	logit=-2.598

Top tied mutations (C + D view):
C:V218L	D:V491L	logit=-0.405
C:K191R	D:K464R	logit=-0.624
C:S180T	D:S453T	logit=-0.689
C:T42V	D:T315V	logit=-0.761
C:N51P	D:N324P	logit=-0.906

Top tied mutations (A + B view):
A:T18V	B:T215V	logit=-0.770
A:N55S	B:N252S	logit=-1.034
A:N54V	B:N251V	logit=-1.523
A:E100V	B:E297V	logit=-2.625
A:I30V	B:I227V	logit=-2.682

Top tied mutations (C + D view):
C:V218L	D:V491L	logit=-0.429
C:K191R	D:K464R	logit=-0.554
C:S180T	D:S453T	logit=-0.624
C:T42V	D:T315V	logit=-0.772
C:S89A	D:S362A	logit=-0.885

Top tied mutations (A + B view):
A:T18V	B:T215V	logit=-0.825
A:N55S	B:N252S	logit=-1.063
A:N54V	B:N251V	logit=-1.615
A:E100V	B:E297V	logit=-2.490
A:I30V	B:I227V	logit=-2.600

Top tied mutations (C + D view):
C:V218L	D:V491L	logit=-0.441
C:K191R	D:K464R	logit=-0.492
C:S180T	D:S453T	logit=-0.664
C:T42V	D:T315V	logit=-0.761
C:N51P	D:N324P	logit=-0.836

Top tied mutations (A + B view):
A:T18V	B:T215V	logit=-0.732
A:N55S	B:N252S	logit=-1.067
A:N54V	B:N251V	logit=-1.701
A:E100V	B:E297V	logit=-2.470
A:I30V	B:I227V	logit=-2.682

Top tied mutations (C + D view):
C:V218L	D:V491L	logit=-0.405
C:K191R	D:K464R	logit=-0.557
C:S180T	D:S453T	logit=-0.678
C:T42V	D:T315V	logit=-0.738
C:N51P	D:N324P	logit=-0.859

Top tied mutations (A + B view):
A:T18V	B:T215V	logit=-0.794
A:N55S	B:N252S	logit=-0.987
A:N54V	B:N251V	logit=-1.666
A:I30V	B:I227V	logit=-2.443
A:E100V	B:E297V	logit=-2.445

Top tied mutations (C + D view):
C:V218L	D:V491L	logit=-0.472
C:K191R	D:K464R	logit=-0.531
C:S180T	D:S453T	logit=-0.637
C:T42V	D:T315V	logit=-0.683
C:S89A	D:S362A	logit=-0.868

Top tied mutations (A + B view):
A:T18V	B:T215V	logit=-0.793
A:N55S	B:N252S	logit=-1.077
A:N54V	B:N251V	logit=-1.659
A:E100V	B:E297V	logit=-2.539
A:I30V	B:I227V	logit=-2.733

Top tied mutations (C + D view):
C:V218L	D:V491L	logit=-0.493
C:K191R	D:K464R	logit=-0.513
C:S180T	D:S453T	logit=-0.679
C:T42V	D:T315V	logit=-0.714
C:S89A	D:S362A	logit=-0.871

Top tied mutations (A + B view):
A:T18V	B:T215V	logit=-0.704
A:N55S	B:N252S	logit=-1.054
A:N54V	B:N251V	logit=-1.554
A:E100V	B:E297V	logit=-2.525
A:I30V	B:I227V	logit=-2.567

Top tied mutations (C + D view):
C:V218L	D:V491L	logit=-0.493
C:K191R	D:K464R	logit=-0.533
C:S180T	D:S453T	logit=-0.675
C:T42V	D:T315V	logit=-0.734
C:N51P	D:N324P	logit=-0.779

Top tied mutations (A + B view):
A:T18V	B:T215V	logit=-0.757
A:N55S	B:N252S	logit=-0.991
A:N54V	B:N251V	logit=-1.568
A:I30V	B:I227V	logit=-2.484
A:E100V	B:E297V	logit=-2.535

Top tied mutations (C + D view):
C:V218L	D:V491L	logit=-0.420
C:K191R	D:K464R	logit=-0.586
C:S180T	D:S453T	logit=-0.672
C:T42V	D:T315V	logit=-0.711
C:N51P	D:N324P	logit=-0.858

Top tied mutations (A + B view):
A:T18V	B:T215V	logit=-0.843
A:N55S	B:N252S	logit=-1.011
A:N54V	B:N251V	logit=-1.622
A:E100V	B:E297V	logit=-2.505
A:I30V	B:I227V	logit=-2.563

Top tied mutations (C + D view):
C:V218L	D:V491L	logit=-0.436
C:K191R	D:K464R	logit=-0.595
C:S180T	D:S453T	logit=-0.648
C:T42V	D:T315V	logit=-0.741
C:N51P	D:N324P	logit=-0.881

Top tied mutations (A + B view):
A:T18V	B:T215V	logit=-0.784
A:N55S	B:N252S	logit=-1.028
A:N54V	B:N251V	logit=-1.519
A:E100V	B:E297V	logit=-2.401
A:I30V	B:I227V	logit=-2.468

Top tied mutations (C + D view):
C:V218L	D:V491L	logit=-0.427
C:K191R	D:K464R	logit=-0.579
C:S180T	D:S453T	logit=-0.676
C:T42V	D:T315V	logit=-0.767
C:N51P	D:N324P	logit=-0.901

Top tied mutations (A + B view):
A:T18V	B:T215V	logit=-0.802
A:N55S	B:N252S	logit=-1.015
A:N54V	B:N251V	logit=-1.693
A:I30V	B:I227V	logit=-2.563
A:E100V	B:E297V	logit=-2.579

Top tied mutations (C + D view):
C:V218L	D:V491L	logit=-0.423
C:K191R	D:K464R	logit=-0.602
C:S180T	D:S453T	logit=-0.664
C:T42V	D:T315V	logit=-0.772
C:N51P	D:N324P	logit=-0.918

Top tied mutations (A + B view):
A:T18V	B:T215V	logit=-0.787
A:N55S	B:N252S	logit=-0.996
A:N54V	B:N251V	logit=-1.532
A:I30V	B:I227V	logit=-2.626
A:E100V	B:E297V	logit=-2.637

Top tied mutations (C + D view):
C:V218L	D:V491L	logit=-0.457
C:K191R	D:K464R	logit=-0.607
C:S180T	D:S453T	logit=-0.679
C:T42V	D:T315V	logit=-0.767
C:N51P	D:N324P	logit=-0.826

Top tied mutations (A + B view):
A:T18V	B:T215V	logit=-0.846
A:N55S	B:N252S	logit=-0.983
A:N54V	B:N251V	logit=-1.595
A:E100V	B:E297V	logit=-2.630
A:I30V	B:I227V	logit=-2.782

Top tied mutations (C + D view):
C:V218L	D:V491L	logit=-0.449
C:K191R	D:K464R	logit=-0.597
C:S180T	D:S453T	logit=-0.661
C:T42V	D:T315V	logit=-0.739
C:N51P	D:N324P	logit=-0.757

Top tied mutations (A + B view):
A:T18V	B:T215V	logit=-0.721
A:N55S	B:N252S	logit=-0.985
A:N54V	B:N251V	logit=-1.530
A:E100V	B:E297V	logit=-2.437
A:I30V	B:I227V	logit=-2.663

Top tied mutations (C + D view):
C:V218L	D:V491L	logit=-0.428
C:K191R	D:K464R	logit=-0.580
C:S180T	D:S453T	logit=-0.651
C:T42V	D:T315V	logit=-0.734
C:N51P	D:N324P	logit=-0.803

Top tied mutations (A + B view):
A:T18V	B:T215V	logit=-0.764
A:N55S	B:N252S	logit=-1.027
A:N54V	B:N251V	logit=-1.652
A:E100V	B:E297V	logit=-2.569
A:I30V	B:I227V	logit=-2.590

Top tied mutations (C + D view):
C:V218L	D:V491L	logit=-0.431
C:K191R	D:K464R	logit=-0.532
C:S180T	D:S453T	logit=-0.663
C:T42V	D:T315V	logit=-0.722
C:N51P	D:N324P	logit=-0.732

Top tied mutations (A + B view):
A:T18V	B:T215V	logit=-0.740
A:N55S	B:N252S	logit=-1.032
A:N54V	B:N251V	logit=-1.610
A:I30V	B:I227V	logit=-2.627
A:E100V	B:E297V	logit=-2.662

Top tied mutations (C + D view):
C:V218L	D:V491L	logit=-0.438
C:K191R	D:K464R	logit=-0.576
C:S180T	D:S453T	logit=-0.657
C:T42V	D:T315V	logit=-0.732
C:N51P	D:N324P	logit=-0.877

Top tied mutations (A + B view):
A:T18V	B:T215V	logit=-0.744
A:N55S	B:N252S	logit=-1.050
A:N54V	B:N251V	logit=-1.583
A:E100V	B:E297V	logit=-2.503
A:I30V	B:I227V	logit=-2.617

Top tied mutations (C + D view):
C:V218L	D:V491L	logit=-0.468
C:K191R	D:K464R	logit=-0.637
C:S180T	D:S453T	logit=-0.676
C:T42V	D:T315V	logit=-0.737
C:S89A	D:S362A	logit=-0.828

Top tied mutations (A + B view):
A:T18V	B:T215V	logit=-0.738
A:N55S	B:N252S	logit=-1.095
A:N54V	B:N251V	logit=-1.461
A:E100V	B:E297V	logit=-2.475
A:I30V	B:I227V	logit=-2.622

Top tied mutations (C + D view):
C:V218L	D:V491L	logit=-0.439
C:K191R	D:K464R	logit=-0.605
C:S180T	D:S453T	logit=-0.671
C:T42V	D:T315V	logit=-0.790
C:S89A	D:S362A	logit=-0.871

Top tied mutations (A + B view):
A:T18V	B:T215V	logit=-0.724
A:N55S	B:N252S	logit=-1.007
A:N54V	B:N251V	logit=-1.701
A:I30V	B:I227V	logit=-2.541
A:E100V	B:E297V	logit=-2.615

Top tied mutations (C + D view):
C:V218L	D:V491L	logit=-0.436
C:K191R	D:K464R	logit=-0.601
C:S180T	D:S453T	logit=-0.661
C:T42V	D:T315V	logit=-0.681
C:N51P	D:N324P	logit=-0.764

Top tied mutations (A + B view):
A:T18V	B:T215V	logit=-0.742
A:N55S	B:N252S	logit=-1.038
A:N54V	B:N251V	logit=-1.639
A:E100V	B:E297V	logit=-2.559
A:I30V	B:I227V	logit=-2.623

Top tied mutations (C + D view):
C:V218L	D:V491L	logit=-0.419
C:K191R	D:K464R	logit=-0.555
C:S180T	D:S453T	logit=-0.625
C:T42V	D:T315V	logit=-0.717
C:S89A	D:S362A	logit=-0.898

Top tied mutations (A + B view):
A:T18V	B:T215V	logit=-0.784
A:N55S	B:N252S	logit=-1.052
A:N54V	B:N251V	logit=-1.609
A:E100V	B:E297V	logit=-2.630
A:I30V	B:I227V	logit=-2.775

Top tied mutations (C + D view):
C:V218L	D:V491L	logit=-0.475
C:K191R	D:K464R	logit=-0.548
C:S180T	D:S453T	logit=-0.669
C:T42V	D:T315V	logit=-0.759
C:S89A	D:S362A	logit=-0.922

Top tied mutations (A + B view):
A:T18V	B:T215V	logit=-0.715
A:N55S	B:N252S	logit=-0.981
A:N54V	B:N251V	logit=-1.429
A:I30V	B:I227V	logit=-2.504
A:E100V	B:E297V	logit=-2.522

Top tied mutations (C + D view):
C:V218L	D:V491L	logit=-0.478
C:K191R	D:K464R	logit=-0.482
C:S180T	D:S453T	logit=-0.667
C:T42V	D:T315V	logit=-0.718
C:N51P	D:N324P	logit=-0.776

Top tied mutations (A + B view):
A:T18V	B:T215V	logit=-0.771
A:N55S	B:N252S	logit=-1.023
A:N54V	B:N251V	logit=-1.623
A:E100V	B:E297V	logit=-2.517
A:I30V	B:I227V	logit=-2.627

Top tied mutations (C + D view):
C:V218L	D:V491L	logit=-0.420
C:K191R	D:K464R	logit=-0.523
C:S180T	D:S453T	logit=-0.630
C:T42V	D:T315V	logit=-0.706
C:N51P	D:N324P	logit=-0.757

Top tied mutations (A + B view):
A:T18V	B:T215V	logit=-0.806
A:N55S	B:N252S	logit=-0.999
A:N54V	B:N251V	logit=-1.549
A:I30V	B:I227V	logit=-2.636
A:E100V	B:E297V	logit=-2.672

Top tied mutations (C + D view):
C:V218L	D:V491L	logit=-0.460
C:K191R	D:K464R	logit=-0.558
C:S180T	D:S453T	logit=-0.664
C:T42V	D:T315V	logit=-0.695
C:N51P	D:N324P	logit=-0.809

Top tied mutations (A + B view):
A:T18V	B:T215V	logit=-0.781
A:N55S	B:N252S	logit=-1.002
A:N54V	B:N251V	logit=-1.583
A:I30V	B:I227V	logit=-2.553
A:E100V	B:E297V	logit=-2.588

Top tied mutations (C + D view):
C:V218L	D:V491L	logit=-0.406
C:K191R	D:K464R	logit=-0.528
C:S180T	D:S453T	logit=-0.649
C:T42V	D:T315V	logit=-0.739
C:N51P	D:N324P	logit=-0.752

Top tied mutations (A + B view):
A:T18V	B:T215V	logit=-0.776
A:N55S	B:N252S	logit=-0.983
A:N54V	B:N251V	logit=-1.629
A:I30V	B:I227V	logit=-2.474
A:E100V	B:E297V	logit=-2.501

Top tied mutations (C + D view):
C:V218L	D:V491L	logit=-0.440
C:K191R	D:K464R	logit=-0.577
C:S180T	D:S453T	logit=-0.688
C:T42V	D:T315V	logit=-0.708
C:N51P	D:N324P	logit=-0.876

Top tied mutations (A + B view):
A:T18V	B:T215V	logit=-0.841
A:N55S	B:N252S	logit=-0.960
A:N54V	B:N251V	logit=-1.577
A:E100V	B:E297V	logit=-2.514
A:I30V	B:I227V	logit=-2.578

Top tied mutations (C + D view):
C:V218L	D:V491L	logit=-0.493
C:K191R	D:K464R	logit=-0.575
C:S180T	D:S453T	logit=-0.668
C:T42V	D:T315V	logit=-0.775
C:N51P	D:N324P	logit=-0.848

Top tied mutations (A + B view):
A:T18V	B:T215V	logit=-0.746
A:N55S	B:N252S	logit=-1.053
A:N54V	B:N251V	logit=-1.490
A:E100V	B:E297V	logit=-2.561
A:I30V	B:I227V	logit=-2.608

Top tied mutations (C + D view):
C:V218L	D:V491L	logit=-0.424
C:K191R	D:K464R	logit=-0.589
C:S180T	D:S453T	logit=-0.643
C:T42V	D:T315V	logit=-0.759
C:N51P	D:N324P	logit=-0.786

Top tied mutations (A + B view):
A:T18V	B:T215V	logit=-0.792
A:N55S	B:N252S	logit=-1.033
A:N54V	B:N251V	logit=-1.719
A:E100V	B:E297V	logit=-2.524
A:I30V	B:I227V	logit=-2.569

Top tied mutations (C + D view):
C:V218L	D:V491L	logit=-0.456
C:K191R	D:K464R	logit=-0.623
C:S180T	D:S453T	logit=-0.667
C:T42V	D:T315V	logit=-0.704
C:N51P	D:N324P	logit=-0.841

Top tied mutations (A + B view):
A:T18V	B:T215V	logit=-0.772
A:N55S	B:N252S	logit=-1.047
A:N54V	B:N251V	logit=-1.485
A:I30V	B:I227V	logit=-2.554
A:E100V	B:E297V	logit=-2.623

Top tied mutations (C + D view):
C:V218L	D:V491L	logit=-0.448
C:K191R	D:K464R	logit=-0.576
C:S180T	D:S453T	logit=-0.701
C:T42V	D:T315V	logit=-0.748
C:N51P	D:N324P	logit=-0.789

Top tied mutations (A + B view):
A:T18V	B:T215V	logit=-0.801
A:N55S	B:N252S	logit=-0.982
A:N54V	B:N251V	logit=-1.629
A:I30V	B:I227V	logit=-2.516
A:E100V	B:E297V	logit=-2.546

Top tied mutations (C + D view):
C:V218L	D:V491L	logit=-0.457
C:K191R	D:K464R	logit=-0.540
C:S180T	D:S453T	logit=-0.667
C:T42V	D:T315V	logit=-0.720
C:N51P	D:N324P	logit=-0.798

Top tied mutations (A + B view):
A:T18V	B:T215V	logit=-0.838
A:N55S	B:N252S	logit=-0.968
A:N54V	B:N251V	logit=-1.479
A:E100V	B:E297V	logit=-2.582
A:I30V	B:I227V	logit=-2.605

Top tied mutations (C + D view):
C:V218L	D:V491L	logit=-0.452
C:K191R	D:K464R	logit=-0.567
C:S180T	D:S453T	logit=-0.655
C:T42V	D:T315V	logit=-0.739
C:N51P	D:N324P	logit=-0.764

Top tied mutations (A + B view):
A:T18V	B:T215V	logit=-0.776
A:N55S	B:N252S	logit=-0.984
A:N54V	B:N251V	logit=-1.542
A:I30V	B:I227V	logit=-2.476
A:E100V	B:E297V	logit=-2.703

Top tied mutations (C + D view):
C:V218L	D:V491L	logit=-0.463
C:K191R	D:K464R	logit=-0.592
C:S180T	D:S453T	logit=-0.647
C:T42V	D:T315V	logit=-0.719
C:N51P	D:N324P	logit=-0.904

Top tied mutations (A + B view):
A:T18V	B:T215V	logit=-0.750
A:N55S	B:N252S	logit=-0.952
A:N54V	B:N251V	logit=-1.551
A:I30V	B:I227V	logit=-2.498
A:E100V	B:E297V	logit=-2.520

Top tied mutations (C + D view):
C:V218L	D:V491L	logit=-0.411
C:K191R	D:K464R	logit=-0.523
C:S180T	D:S453T	logit=-0.640
C:N51P	D:N324P	logit=-0.677
C:T42V	D:T315V	logit=-0.709

Top tied mutations (A + B view):
A:T18V	B:T215V	logit=-0.782
A:N55S	B:N252S	logit=-1.024
A:N54V	B:N251V	logit=-1.593
A:I30V	B:I227V	logit=-2.621
A:E100V	B:E297V	logit=-2.625

Top tied mutations (C + D view):
C:V218L	D:V491L	logit=-0.419
C:K191R	D:K464R	logit=-0.597
C:S180T	D:S453T	logit=-0.666
C:T42V	D:T315V	logit=-0.686
C:N51P	D:N324P	logit=-0.774

Top tied mutations (A + B view):
A:T18V	B:T215V	logit=-0.807
A:N55S	B:N252S	logit=-1.082
A:N54V	B:N251V	logit=-1.608
A:E100V	B:E297V	logit=-2.489
A:I30V	B:I227V	logit=-2.611

Top tied mutations (C + D view):
C:V218L	D:V491L	logit=-0.416
C:K191R	D:K464R	logit=-0.595
C:S180T	D:S453T	logit=-0.636
C:T42V	D:T315V	logit=-0.750
C:N51P	D:N324P	logit=-0.878

Top tied mutations (A + B view):
A:T18V	B:T215V	logit=-0.759
A:N55S	B:N252S	logit=-0.965
A:N54V	B:N251V	logit=-1.757
A:E100V	B:E297V	logit=-2.480
A:I30V	B:I227V	logit=-2.682

Top tied mutations (C + D view):
C:V218L	D:V491L	logit=-0.428
C:K191R	D:K464R	logit=-0.543
C:S180T	D:S453T	logit=-0.645
C:T42V	D:T315V	logit=-0.691
C:N51P	D:N324P	logit=-0.815

Top tied mutations (A + B view):
A:T18V	B:T215V	logit=-0.745
A:N55S	B:N252S	logit=-1.036
A:N54V	B:N251V	logit=-1.480
A:I30V	B:I227V	logit=-2.521
A:E100V	B:E297V	logit=-2.545

Top tied mutations (C + D view):
C:V218L	D:V491L	logit=-0.438
C:K191R	D:K464R	logit=-0.600
C:S180T	D:S453T	logit=-0.648
C:T42V	D:T315V	logit=-0.785
C:N51P	D:N324P	logit=-0.803

Top tied mutations (A + B view):
A:T18V	B:T215V	logit=-0.721
A:N55S	B:N252S	logit=-0.997
A:N54V	B:N251V	logit=-1.665
A:I30V	B:I227V	logit=-2.470
A:E100V	B:E297V	logit=-2.568

Top tied mutations (C + D view):
C:V218L	D:V491L	logit=-0.430
C:K191R	D:K464R	logit=-0.535
C:S180T	D:S453T	logit=-0.662
C:T42V	D:T315V	logit=-0.723
C:N51P	D:N324P	logit=-0.854

Top tied mutations (A + B view):
A:T18V	B:T215V	logit=-0.744
A:N55S	B:N252S	logit=-1.017
A:N54V	B:N251V	logit=-1.622
A:E100V	B:E297V	logit=-2.430
A:I30V	B:I227V	logit=-2.626

Top tied mutations (C + D view):
C:V218L	D:V491L	logit=-0.440
C:K191R	D:K464R	logit=-0.533
C:S180T	D:S453T	logit=-0.654
C:T42V	D:T315V	logit=-0.733
C:N51P	D:N324P	logit=-0.824

Top tied mutations (A + B view):
A:T18V	B:T215V	logit=-0.729
A:N55S	B:N252S	logit=-1.018
A:N54V	B:N251V	logit=-1.637
A:I30V	B:I227V	logit=-2.478
A:E100V	B:E297V	logit=-2.504

Top tied mutations (C + D view):
C:V218L	D:V491L	logit=-0.447
C:K191R	D:K464R	logit=-0.587
C:S180T	D:S453T	logit=-0.690
C:T42V	D:T315V	logit=-0.710
C:N51P	D:N324P	logit=-0.806

Top tied mutations (A + B view):
A:T18V	B:T215V	logit=-0.718
A:N55S	B:N252S	logit=-1.013
A:N54V	B:N251V	logit=-1.563
A:E100V	B:E297V	logit=-2.563
A:I30V	B:I227V	logit=-2.638

Top tied mutations (C + D view):
C:V218L	D:V491L	logit=-0.435
C:K191R	D:K464R	logit=-0.531
C:S180T	D:S453T	logit=-0.642
C:T42V	D:T315V	logit=-0.715
C:N51P	D:N324P	logit=-0.826

Top tied mutations (A + B view):
A:T18V	B:T215V	logit=-0.770
A:N55S	B:N252S	logit=-1.063
A:N54V	B:N251V	logit=-1.486
A:E100V	B:E297V	logit=-2.489
A:I30V	B:I227V	logit=-2.526

Top tied mutations (C + D view):
C:V218L	D:V491L	logit=-0.426
C:K191R	D:K464R	logit=-0.580
C:S180T	D:S453T	logit=-0.657
C:T42V	D:T315V	logit=-0.724
C:N51P	D:N324P	logit=-0.896

Top tied mutations (A + B view):
A:T18V	B:T215V	logit=-0.792
A:N55S	B:N252S	logit=-1.009
A:N54V	B:N251V	logit=-1.703
A:E100V	B:E297V	logit=-2.552
A:I30V	B:I227V	logit=-2.585

Top tied mutations (C + D view):
C:V218L	D:V491L	logit=-0.481
C:K191R	D:K464R	logit=-0.576
C:S180T	D:S453T	logit=-0.671
C:T42V	D:T315V	logit=-0.702
C:N51P	D:N324P	logit=-0.896

Top tied mutations (A + B view):
A:T18V	B:T215V	logit=-0.771
A:N55S	B:N252S	logit=-1.034
A:N54V	B:N251V	logit=-1.498
A:E100V	B:E297V	logit=-2.506
A:I30V	B:I227V	logit=-2.864

Top tied mutations (C + D view):
C:V218L	D:V491L	logit=-0.444
C:K191R	D:K464R	logit=-0.576
C:S180T	D:S453T	logit=-0.638
C:T42V	D:T315V	logit=-0.718
C:S89A	D:S362A	logit=-0.833

Top tied mutations (A + B view):
A:T18V	B:T215V	logit=-0.818
A:N55S	B:N252S	logit=-1.027
A:N54V	B:N251V	logit=-1.640
A:E100V	B:E297V	logit=-2.566
A:I30V	B:I227V	logit=-2.574

Top tied mutations (C + D view):
C:V218L	D:V491L	logit=-0.405
C:K191R	D:K464R	logit=-0.531
C:S180T	D:S453T	logit=-0.634
C:T42V	D:T315V	logit=-0.742
C:N51P	D:N324P	logit=-0.762

Top tied mutations (A + B view):
A:T18V	B:T215V	logit=-0.829
A:N55S	B:N252S	logit=-0.966
A:N54V	B:N251V	logit=-1.491
A:I30V	B:I227V	logit=-2.549
A:E100V	B:E297V	logit=-2.626

Top tied mutations (C + D view):
C:V218L	D:V491L	logit=-0.445
C:K191R	D:K464R	logit=-0.528
C:S180T	D:S453T	logit=-0.640
C:T42V	D:T315V	logit=-0.731
C:N51P	D:N324P	logit=-0.886

Top tied mutations (A + B view):
A:T18V	B:T215V	logit=-0.769
A:N55S	B:N252S	logit=-1.010
A:N54V	B:N251V	logit=-1.586
A:E100V	B:E297V	logit=-2.372
A:I30V	B:I227V	logit=-2.583

Top tied mutations (C + D view):
C:V218L	D:V491L	logit=-0.485
C:K191R	D:K464R	logit=-0.553
C:S180T	D:S453T	logit=-0.633
C:T42V	D:T315V	logit=-0.724
C:N51P	D:N324P	logit=-0.810

Top tied mutations (A + B view):
A:T18V	B:T215V	logit=-0.745
A:N55S	B:N252S	logit=-0.990
A:N54V	B:N251V	logit=-1.453
A:E100V	B:E297V	logit=-2.511
A:I30V	B:I227V	logit=-2.593

Top tied mutations (C + D view):
C:V218L	D:V491L	logit=-0.458
C:K191R	D:K464R	logit=-0.537
C:S180T	D:S453T	logit=-0.657
C:T42V	D:T315V	logit=-0.716
C:N51P	D:N324P	logit=-0.874

Top tied mutations (A + B view):
A:T18V	B:T215V	logit=-0.745
A:N55S	B:N252S	logit=-0.980
A:N54V	B:N251V	logit=-1.691
A:E100V	B:E297V	logit=-2.504
A:I30V	B:I227V	logit=-2.638

Top tied mutations (C + D view):
C:V218L	D:V491L	logit=-0.451
C:K191R	D:K464R	logit=-0.575
C:S180T	D:S453T	logit=-0.666
C:T42V	D:T315V	logit=-0.727
C:N51P	D:N324P	logit=-0.844

Top tied mutations (A + B view):
A:T18V	B:T215V	logit=-0.740
A:N55S	B:N252S	logit=-1.045
A:N54V	B:N251V	logit=-1.643
A:I30V	B:I227V	logit=-2.552
A:E100V	B:E297V	logit=-2.633

Top tied mutations (C + D view):
C:V218L	D:V491L	logit=-0.423
C:K191R	D:K464R	logit=-0.551
C:S180T	D:S453T	logit=-0.644
C:T42V	D:T315V	logit=-0.721
C:N51P	D:N324P	logit=-0.825

Top tied mutations (A + B view):
A:T18V	B:T215V	logit=-0.712
A:N55S	B:N252S	logit=-0.997
A:N54V	B:N251V	logit=-1.688
A:E100V	B:E297V	logit=-2.527
A:I30V	B:I227V	logit=-2.552

Top tied mutations (C + D view):
C:V218L	D:V491L	logit=-0.413
C:K191R	D:K464R	logit=-0.541
C:S180T	D:S453T	logit=-0.667
C:T42V	D:T315V	logit=-0.703
C:N51P	D:N324P	logit=-0.864

Top tied mutations (A + B view):
A:T18V	B:T215V	logit=-0.775
A:N55S	B:N252S	logit=-1.044
A:N54V	B:N251V	logit=-1.455
A:I30V	B:I227V	logit=-2.600
A:E100V	B:E297V	logit=-2.667

Top tied mutations (C + D view):
C:V218L	D:V491L	logit=-0.447
C:K191R	D:K464R	logit=-0.565
C:S180T	D:S453T	logit=-0.643
C:T42V	D:T315V	logit=-0.708
C:N51P	D:N324P	logit=-0.719

Top tied mutations (A + B view):
A:T18V	B:T215V	logit=-0.714
A:N55S	B:N252S	logit=-1.032
A:N54V	B:N251V	logit=-1.567
A:E100V	B:E297V	logit=-2.580
A:I30V	B:I227V	logit=-2.672

Top tied mutations (C + D view):
C:V218L	D:V491L	logit=-0.487
C:K191R	D:K464R	logit=-0.560
C:S180T	D:S453T	logit=-0.646
C:T42V	D:T315V	logit=-0.808
C:N51P	D:N324P	logit=-0.846

Top tied mutations (A + B view):
A:T18V	B:T215V	logit=-0.787
A:N55S	B:N252S	logit=-0.982
A:N54V	B:N251V	logit=-1.429
A:I30V	B:I227V	logit=-2.432
A:E100V	B:E297V	logit=-2.581

Top tied mutations (C + D view):
C:V218L	D:V491L	logit=-0.406
C:K191R	D:K464R	logit=-0.537
C:S180T	D:S453T	logit=-0.637
C:T42V	D:T315V	logit=-0.770
C:N51P	D:N324P	logit=-0.851

Top tied mutations (A + B view):
A:T18V	B:T215V	logit=-0.767
A:N55S	B:N252S	logit=-1.092
A:N54V	B:N251V	logit=-1.523
A:E100V	B:E297V	logit=-2.688
A:I30V	B:I227V	logit=-2.722

Top tied mutations (C + D view):
C:V218L	D:V491L	logit=-0.438
C:K191R	D:K464R	logit=-0.613
C:S180T	D:S453T	logit=-0.637
C:T42V	D:T315V	logit=-0.705
C:N51P	D:N324P	logit=-0.872

Top tied mutations (A + B view):
A:T18V	B:T215V	logit=-0.756
A:N55S	B:N252S	logit=-0.968
A:N54V	B:N251V	logit=-1.717
A:I30V	B:I227V	logit=-2.500
A:E100V	B:E297V	logit=-2.520

Top tied mutations (C + D view):
C:V218L	D:V491L	logit=-0.411
C:K191R	D:K464R	logit=-0.591
C:S180T	D:S453T	logit=-0.645
C:T42V	D:T315V	logit=-0.729
C:S89A	D:S362A	logit=-0.869

Top tied mutations (A + B view):
A:T18V	B:T215V	logit=-0.784
A:N55S	B:N252S	logit=-1.025
A:N54V	B:N251V	logit=-1.703
A:E100V	B:E297V	logit=-2.614
A:I30V	B:I227V	logit=-2.620

Top tied mutations (C + D view):
C:V218L	D:V491L	logit=-0.439
C:K191R	D:K464R	logit=-0.594
C:S180T	D:S453T	logit=-0.649
C:T42V	D:T315V	logit=-0.736
C:N51P	D:N324P	logit=-0.765

Top tied mutations (A + B view):
A:T18V	B:T215V	logit=-0.786
A:N55S	B:N252S	logit=-1.051
A:N54V	B:N251V	logit=-1.618
A:I30V	B:I227V	logit=-2.380
A:E100V	B:E297V	logit=-2.476

Top tied mutations (C + D view):
C:V218L	D:V491L	logit=-0.458
C:K191R	D:K464R	logit=-0.548
C:S180T	D:S453T	logit=-0.649
C:T42V	D:T315V	logit=-0.692
C:N51P	D:N324P	logit=-0.710

Top tied mutations (A + B view):
A:T18V	B:T215V	logit=-0.739
A:N55S	B:N252S	logit=-1.062
A:N54V	B:N251V	logit=-1.593
A:I30V	B:I227V	logit=-2.513
A:E100V	B:E297V	logit=-2.591

Top tied mutations (C + D view):
C:V218L	D:V491L	logit=-0.466
C:K191R	D:K464R	logit=-0.504
C:S180T	D:S453T	logit=-0.638
C:T42V	D:T315V	logit=-0.746
C:N51P	D:N324P	logit=-0.858

Top tied mutations (A + B view):
A:T18V	B:T215V	logit=-0.819
A:N55S	B:N252S	logit=-1.031
A:N54V	B:N251V	logit=-1.739
A:E100V	B:E297V	logit=-2.482
A:I30V	B:I227V	logit=-2.571

Top tied mutations (C + D view):
C:V218L	D:V491L	logit=-0.419
C:K191R	D:K464R	logit=-0.545
C:S180T	D:S453T	logit=-0.655
C:T42V	D:T315V	logit=-0.744
C:N51P	D:N324P	logit=-0.745

Top tied mutations (A + B view):
A:T18V	B:T215V	logit=-0.745
A:N55S	B:N252S	logit=-0.994
A:N54V	B:N251V	logit=-1.482
A:I30V	B:I227V	logit=-2.485
A:E100V	B:E297V	logit=-2.543

Top tied mutations (C + D view):
C:V218L	D:V491L	logit=-0.423
C:K191R	D:K464R	logit=-0.459
C:S180T	D:S453T	logit=-0.656
C:T42V	D:T315V	logit=-0.726
C:N51P	D:N324P	logit=-0.761

Top tied mutations (A + B view):
A:T18V	B:T215V	logit=-0.833
A:N55S	B:N252S	logit=-1.018
A:N54V	B:N251V	logit=-1.522
A:E100V	B:E297V	logit=-2.538
A:I30V	B:I227V	logit=-2.593

Top tied mutations (C + D view):
C:V218L	D:V491L	logit=-0.407
C:K191R	D:K464R	logit=-0.571
C:S180T	D:S453T	logit=-0.670
C:T42V	D:T315V	logit=-0.708
C:S89A	D:S362A	logit=-0.870

Top tied mutations (A + B view):
A:T18V	B:T215V	logit=-0.723
A:N55S	B:N252S	logit=-1.016
A:N54V	B:N251V	logit=-1.728
A:E100V	B:E297V	logit=-2.548
A:I30V	B:I227V	logit=-2.661

Top tied mutations (C + D view):
C:V218L	D:V491L	logit=-0.417
C:K191R	D:K464R	logit=-0.558
C:S180T	D:S453T	logit=-0.652
C:T42V	D:T315V	logit=-0.714
C:N51P	D:N324P	logit=-0.732

Top tied mutations (A + B view):
A:T18V	B:T215V	logit=-0.762
A:N55S	B:N252S	logit=-0.958
A:N54V	B:N251V	logit=-1.490
A:E100V	B:E297V	logit=-2.538
A:I30V	B:I227V	logit=-2.655

Top tied mutations (C + D view):
C:V218L	D:V491L	logit=-0.438
C:K191R	D:K464R	logit=-0.477
C:S180T	D:S453T	logit=-0.667
C:T42V	D:T315V	logit=-0.774
C:N51P	D:N324P	logit=-0.846

Top tied mutations (A + B view):
A:T18V	B:T215V	logit=-0.819
A:N55S	B:N252S	logit=-0.989
A:N54V	B:N251V	logit=-1.695
A:I30V	B:I227V	logit=-2.520
A:E100V	B:E297V	logit=-2.526

Top tied mutations (C + D view):
C:V218L	D:V491L	logit=-0.502
C:K191R	D:K464R	logit=-0.599
C:S180T	D:S453T	logit=-0.684
C:T42V	D:T315V	logit=-0.764
C:N51P	D:N324P	logit=-0.867

Top tied mutations (A + B view):
A:T18V	B:T215V	logit=-0.773
A:N55S	B:N252S	logit=-0.963
A:N54V	B:N251V	logit=-1.614
A:I30V	B:I227V	logit=-2.548
A:E100V	B:E297V	logit=-2.638

Top tied mutations (C + D view):
C:V218L	D:V491L	logit=-0.408
C:K191R	D:K464R	logit=-0.500
C:S180T	D:S453T	logit=-0.658
C:T42V	D:T315V	logit=-0.718
C:N51P	D:N324P	logit=-0.884

Top tied mutations (A + B view):
A:T18V	B:T215V	logit=-0.722
A:N55S	B:N252S	logit=-0.965
A:N54V	B:N251V	logit=-1.601
A:E100V	B:E297V	logit=-2.676
A:I30V	B:I227V	logit=-2.750

Top tied mutations (C + D view):
C:V218L	D:V491L	logit=-0.405
C:K191R	D:K464R	logit=-0.592
C:S180T	D:S453T	logit=-0.673
C:T42V	D:T315V	logit=-0.740
C:S89A	D:S362A	logit=-0.848

Top tied mutations (A + B view):
A:T18V	B:T215V	logit=-0.774
A:N55S	B:N252S	logit=-0.971
A:N54V	B:N251V	logit=-1.656
A:E100V	B:E297V	logit=-2.535
A:I30V	B:I227V	logit=-2.573

Top tied mutations (C + D view):
C:V218L	D:V491L	logit=-0.471
C:K191R	D:K464R	logit=-0.549
C:S180T	D:S453T	logit=-0.643
C:T42V	D:T315V	logit=-0.703
C:N51P	D:N324P	logit=-0.719

Top tied mutations (A + B view):
A:T18V	B:T215V	logit=-0.777
A:N55S	B:N252S	logit=-0.984
A:N54V	B:N251V	logit=-1.565
A:E100V	B:E297V	logit=-2.532
A:I30V	B:I227V	logit=-2.623

Top tied mutations (C + D view):
C:V218L	D:V491L	logit=-0.442
C:K191R	D:K464R	logit=-0.586
C:S180T	D:S453T	logit=-0.660
C:T42V	D:T315V	logit=-0.763
C:N51P	D:N324P	logit=-0.824

Top tied mutations (A + B view):
A:T18V	B:T215V	logit=-0.819
A:N55S	B:N252S	logit=-1.017
A:N54V	B:N251V	logit=-1.700
A:I30V	B:I227V	logit=-2.511
A:E100V	B:E297V	logit=-2.554

Top tied mutations (C + D view):
C:V218L	D:V491L	logit=-0.436
C:K191R	D:K464R	logit=-0.554
C:S180T	D:S453T	logit=-0.660
C:T42V	D:T315V	logit=-0.717
C:S89A	D:S362A	logit=-0.802

Top tied mutations (A + B view):
A:T18V	B:T215V	logit=-0.807
A:N55S	B:N252S	logit=-0.997
A:N54V	B:N251V	logit=-1.578
A:I30V	B:I227V	logit=-2.535
A:E100V	B:E297V	logit=-2.545

Top tied mutations (C + D view):
C:V218L	D:V491L	logit=-0.440
C:K191R	D:K464R	logit=-0.537
C:S180T	D:S453T	logit=-0.659
C:T42V	D:T315V	logit=-0.773
C:N51P	D:N324P	logit=-0.848

Top tied mutations (A + B view):
A:T18V	B:T215V	logit=-0.790
A:N55S	B:N252S	logit=-1.041
A:N54V	B:N251V	logit=-1.603
A:E100V	B:E297V	logit=-2.591
A:I30V	B:I227V	logit=-2.688

Top tied mutations (C + D view):
C:V218L	D:V491L	logit=-0.409
C:K191R	D:K464R	logit=-0.556
C:S180T	D:S453T	logit=-0.660
C:T42V	D:T315V	logit=-0.760
C:N51P	D:N324P	logit=-0.822

Top tied mutations (A + B view):
A:T18V	B:T215V	logit=-0.757
A:N55S	B:N252S	logit=-1.030
A:N54V	B:N251V	logit=-1.602
A:E100V	B:E297V	logit=-2.469
A:I30V	B:I227V	logit=-2.567

Top tied mutations (C + D view):
C:V218L	D:V491L	logit=-0.463
C:K191R	D:K464R	logit=-0.538
C:S180T	D:S453T	logit=-0.647
C:T42V	D:T315V	logit=-0.711
C:N51P	D:N324P	logit=-0.856

Top tied mutations (A + B view):
A:T18V	B:T215V	logit=-0.686
A:N55S	B:N252S	logit=-0.987
A:N54V	B:N251V	logit=-1.580
A:E100V	B:E297V	logit=-2.522
A:I30V	B:I227V	logit=-2.579

Top tied mutations (C + D view):
C:V218L	D:V491L	logit=-0.406
C:K191R	D:K464R	logit=-0.567
C:S180T	D:S453T	logit=-0.639
C:T42V	D:T315V	logit=-0.742
C:N51P	D:N324P	logit=-0.811

Top tied mutations (A + B view):
A:T18V	B:T215V	logit=-0.782
A:N55S	B:N252S	logit=-0.986
A:N54V	B:N251V	logit=-1.505
A:E100V	B:E297V	logit=-2.472
A:I30V	B:I227V	logit=-2.587

Top tied mutations (C + D view):
C:V218L	D:V491L	logit=-0.438
C:K191R	D:K464R	logit=-0.600
C:S180T	D:S453T	logit=-0.659
C:T42V	D:T315V	logit=-0.766
C:S89A	D:S362A	logit=-0.799

Top tied mutations (A + B view):
A:T18V	B:T215V	logit=-0.793
A:N55S	B:N252S	logit=-0.980
A:N54V	B:N251V	logit=-1.569
A:E100V	B:E297V	logit=-2.490
A:I30V	B:I227V	logit=-2.540

Top tied mutations (C + D view):
C:V218L	D:V491L	logit=-0.478
C:K191R	D:K464R	logit=-0.561
C:S180T	D:S453T	logit=-0.673
C:T42V	D:T315V	logit=-0.750
C:N51P	D:N324P	logit=-0.769

Top tied mutations (A + B view):
A:T18V	B:T215V	logit=-0.756
A:N55S	B:N252S	logit=-1.072
A:N54V	B:N251V	logit=-1.501
A:E100V	B:E297V	logit=-2.605
A:I30V	B:I227V	logit=-2.638

Top tied mutations (C + D view):
C:V218L	D:V491L	logit=-0.472
C:K191R	D:K464R	logit=-0.555
C:S180T	D:S453T	logit=-0.671
C:T42V	D:T315V	logit=-0.719
C:N51P	D:N324P	logit=-0.892

Top tied mutations (A + B view):
A:T18V	B:T215V	logit=-0.797
A:N55S	B:N252S	logit=-0.947
A:N54V	B:N251V	logit=-1.643
A:E100V	B:E297V	logit=-2.494
A:I30V	B:I227V	logit=-2.565

Top tied mutations (C + D view):
C:V218L	D:V491L	logit=-0.428
C:K191R	D:K464R	logit=-0.519
C:S180T	D:S453T	logit=-0.668
C:T42V	D:T315V	logit=-0.749
C:N51P	D:N324P	logit=-0.809

Top tied mutations (A + B view):
A:T18V	B:T215V	logit=-0.784
A:N55S	B:N252S	logit=-1.073
A:N54V	B:N251V	logit=-1.793
A:I30V	B:I227V	logit=-2.571
A:E100V	B:E297V	logit=-2.584

Top tied mutations (C + D view):
C:V218L	D:V491L	logit=-0.450
C:K191R	D:K464R	logit=-0.592
C:S180T	D:S453T	logit=-0.670
C:T42V	D:T315V	logit=-0.700
C:N51P	D:N324P	logit=-0.850

Top tied mutations (A + B view):
A:T18V	B:T215V	logit=-0.744
A:N55S	B:N252S	logit=-1.048
A:N54V	B:N251V	logit=-1.724
A:E100V	B:E297V	logit=-2.433
A:I30V	B:I227V	logit=-2.624

Top tied mutations (C + D view):
C:V218L	D:V491L	logit=-0.459
C:K191R	D:K464R	logit=-0.547
C:S180T	D:S453T	logit=-0.654
C:T42V	D:T315V	logit=-0.751
C:S89A	D:S362A	logit=-0.883

Top tied mutations (A + B view):
A:T18V	B:T215V	logit=-0.780
A:N55S	B:N252S	logit=-1.003
A:N54V	B:N251V	logit=-1.658
A:E100V	B:E297V	logit=-2.442
A:I30V	B:I227V	logit=-2.668

Top tied mutations (C + D view):
C:V218L	D:V491L	logit=-0.464
C:K191R	D:K464R	logit=-0.540
C:S180T	D:S453T	logit=-0.671
C:T42V	D:T315V	logit=-0.776
C:N51P	D:N324P	logit=-0.908

Top tied mutations (A + B view):
A:T18V	B:T215V	logit=-0.748
A:N55S	B:N252S	logit=-1.061
A:N54V	B:N251V	logit=-1.586
A:E100V	B:E297V	logit=-2.544
A:I30V	B:I227V	logit=-2.619

Top tied mutations (C + D view):
C:V218L	D:V491L	logit=-0.472
C:K191R	D:K464R	logit=-0.563
C:S180T	D:S453T	logit=-0.661
C:T42V	D:T315V	logit=-0.684
C:N51P	D:N324P	logit=-0.836

Top tied mutations (A + B view):
A:T18V	B:T215V	logit=-0.753
A:N55S	B:N252S	logit=-1.010
A:N54V	B:N251V	logit=-1.586
A:E100V	B:E297V	logit=-2.491
A:I30V	B:I227V	logit=-2.516

Top tied mutations (C + D view):
C:V218L	D:V491L	logit=-0.421
C:K191R	D:K464R	logit=-0.580
C:S180T	D:S453T	logit=-0.686
C:T42V	D:T315V	logit=-0.753
C:S89A	D:S362A	logit=-0.838

Top tied mutations (A + B view):
A:T18V	B:T215V	logit=-0.823
A:N55S	B:N252S	logit=-0.990
A:N54V	B:N251V	logit=-1.621
A:E100V	B:E297V	logit=-2.621
A:I30V	B:I227V	logit=-2.663

Top tied mutations (C + D view):
C:V218L	D:V491L	logit=-0.416
C:K191R	D:K464R	logit=-0.493
C:S180T	D:S453T	logit=-0.630
C:T42V	D:T315V	logit=-0.755
C:N51P	D:N324P	logit=-0.768

Top tied mutations (A + B view):
A:T18V	B:T215V	logit=-0.714
A:N55S	B:N252S	logit=-1.002
A:N54V	B:N251V	logit=-1.577
A:E100V	B:E297V	logit=-2.525
A:I30V	B:I227V	logit=-2.584

Top tied mutations (C + D view):
C:V218L	D:V491L	logit=-0.460
C:K191R	D:K464R	logit=-0.563
C:S180T	D:S453T	logit=-0.656
C:N51P	D:N324P	logit=-0.752
C:T42V	D:T315V	logit=-0.756

Top tied mutations (A + B view):
A:T18V	B:T215V	logit=-0.783
A:N55S	B:N252S	logit=-1.025
A:N54V	B:N251V	logit=-1.583
A:E100V	B:E297V	logit=-2.541
A:I30V	B:I227V	logit=-2.624

Top tied mutations (C + D view):
C:V218L	D:V491L	logit=-0.444
C:K191R	D:K464R	logit=-0.509
C:S180T	D:S453T	logit=-0.654
C:T42V	D:T315V	logit=-0.704
C:N51P	D:N324P	logit=-0.800

Top tied mutations (A + B view):
A:T18V	B:T215V	logit=-0.735
A:N55S	B:N252S	logit=-1.025
A:N54V	B:N251V	logit=-1.767
A:E100V	B:E297V	logit=-2.452
A:I30V	B:I227V	logit=-2.456

Top tied mutations (C + D view):
C:V218L	D:V491L	logit=-0.462
C:K191R	D:K464R	logit=-0.547
C:S180T	D:S453T	logit=-0.663
C:T42V	D:T315V	logit=-0.739
C:N51P	D:N324P	logit=-0.831

Top tied mutations (A + B view):
A:T18V	B:T215V	logit=-0.786
A:N55S	B:N252S	logit=-0.951
A:N54V	B:N251V	logit=-1.549
A:E100V	B:E297V	logit=-2.509
A:I30V	B:I227V	logit=-2.584

Top tied mutations (C + D view):
C:V218L	D:V491L	logit=-0.475
C:K191R	D:K464R	logit=-0.526
C:S180T	D:S453T	logit=-0.648
C:T42V	D:T315V	logit=-0.701
C:N51P	D:N324P	logit=-0.888

Top tied mutations (A + B view):
A:T18V	B:T215V	logit=-0.810
A:N55S	B:N252S	logit=-0.981
A:N54V	B:N251V	logit=-1.523
A:E100V	B:E297V	logit=-2.584
A:I30V	B:I227V	logit=-2.638

Top tied mutations (C + D view):
C:V218L	D:V491L	logit=-0.477
C:K191R	D:K464R	logit=-0.495
C:S180T	D:S453T	logit=-0.646
C:N51P	D:N324P	logit=-0.724
C:T42V	D:T315V	logit=-0.795

Top tied mutations (A + B view):
A:T18V	B:T215V	logit=-0.844
A:N55S	B:N252S	logit=-0.974
A:N54V	B:N251V	logit=-1.600
A:E100V	B:E297V	logit=-2.473
A:I30V	B:I227V	logit=-2.512

Top tied mutations (C + D view):
C:V218L	D:V491L	logit=-0.415
C:K191R	D:K464R	logit=-0.579
C:S180T	D:S453T	logit=-0.663
C:T42V	D:T315V	logit=-0.673
C:N51P	D:N324P	logit=-0.849

Top tied mutations (A + B view):
A:T18V	B:T215V	logit=-0.777
A:N55S	B:N252S	logit=-1.035
A:N54V	B:N251V	logit=-1.602
A:I30V	B:I227V	logit=-2.530
A:E100V	B:E297V	logit=-2.565

Top tied mutations (C + D view):
C:V218L	D:V491L	logit=-0.443
C:K191R	D:K464R	logit=-0.525
C:S180T	D:S453T	logit=-0.679
C:T42V	D:T315V	logit=-0.792
C:S89A	D:S362A	logit=-0.869

Top tied mutations (A + B view):
A:T18V	B:T215V	logit=-0.730
A:N55S	B:N252S	logit=-0.964
A:N54V	B:N251V	logit=-1.729
A:E100V	B:E297V	logit=-2.473
A:I30V	B:I227V	logit=-2.656

Top tied mutations (C + D view):
C:V218L	D:V491L	logit=-0.470
C:K191R	D:K464R	logit=-0.528
C:S180T	D:S453T	logit=-0.667
C:T42V	D:T315V	logit=-0.702
C:N51P	D:N324P	logit=-0.777

Top tied mutations (A + B view):
A:T18V	B:T215V	logit=-0.718
A:N55S	B:N252S	logit=-0.967
A:N54V	B:N251V	logit=-1.588
A:I30V	B:I227V	logit=-2.616
A:E100V	B:E297V	logit=-2.617

Top tied mutations (C + D view):
C:V218L	D:V491L	logit=-0.466
C:K191R	D:K464R	logit=-0.585
C:S180T	D:S453T	logit=-0.677
C:T42V	D:T315V	logit=-0.732
C:N51P	D:N324P	logit=-0.823

Top tied mutations (A + B view):
A:T18V	B:T215V	logit=-0.771
A:N55S	B:N252S	logit=-1.041
A:N54V	B:N251V	logit=-1.565
A:I30V	B:I227V	logit=-2.508
A:E100V	B:E297V	logit=-2.558

Top tied mutations (C + D view):
C:V218L	D:V491L	logit=-0.489
C:K191R	D:K464R	logit=-0.525
C:S180T	D:S453T	logit=-0.636
C:T42V	D:T315V	logit=-0.742
C:S89A	D:S362A	logit=-0.862

Top tied mutations (A + B view):
A:T18V	B:T215V	logit=-0.722
A:N55S	B:N252S	logit=-0.985
A:N54V	B:N251V	logit=-1.621
A:E100V	B:E297V	logit=-2.546
A:I30V	B:I227V	logit=-2.672

Top tied mutations (C + D view):
C:V218L	D:V491L	logit=-0.484
C:S180T	D:S453T	logit=-0.664
C:K191R	D:K464R	logit=-0.687
C:T42V	D:T315V	logit=-0.777
C:N51P	D:N324P	logit=-0.888

Top tied mutations (A + B view):
A:T18V	B:T215V	logit=-0.759
A:N55S	B:N252S	logit=-1.021
A:N54V	B:N251V	logit=-1.615
A:E100V	B:E297V	logit=-2.452
A:I30V	B:I227V	logit=-2.621

Top tied mutations (C + D view):
C:V218L	D:V491L	logit=-0.418
C:K191R	D:K464R	logit=-0.500
C:S180T	D:S453T	logit=-0.695
C:T42V	D:T315V	logit=-0.713
C:N51P	D:N324P	logit=-0.820

Top tied mutations (A + B view):
A:T18V	B:T215V	logit=-0.805
A:N55S	B:N252S	logit=-1.002
A:N54V	B:N251V	logit=-1.553
A:I30V	B:I227V	logit=-2.512
A:E100V	B:E297V	logit=-2.576

Top tied mutations (C + D view):
C:V218L	D:V491L	logit=-0.482
C:K191R	D:K464R	logit=-0.561
C:S180T	D:S453T	logit=-0.634
C:T42V	D:T315V	logit=-0.681
C:N51P	D:N324P	logit=-0.760

Top tied mutations (A + B view):
A:T18V	B:T215V	logit=-0.818
A:N55S	B:N252S	logit=-1.009
A:N54V	B:N251V	logit=-1.613
A:I30V	B:I227V	logit=-2.495
A:E100V	B:E297V	logit=-2.547

Top tied mutations (C + D view):
C:V218L	D:V491L	logit=-0.429
C:K191R	D:K464R	logit=-0.486
C:S180T	D:S453T	logit=-0.661
C:T42V	D:T315V	logit=-0.736
C:N51P	D:N324P	logit=-0.747

Top tied mutations (A + B view):
A:T18V	B:T215V	logit=-0.831
A:N55S	B:N252S	logit=-1.069
A:N54V	B:N251V	logit=-1.441
A:E100V	B:E297V	logit=-2.498
A:I30V	B:I227V	logit=-2.620

Top tied mutations (C + D view):
C:V218L	D:V491L	logit=-0.474
C:K191R	D:K464R	logit=-0.605
C:S180T	D:S453T	logit=-0.651
C:T42V	D:T315V	logit=-0.669
C:N51P	D:N324P	logit=-0.749

Top tied mutations (A + B view):
A:T18V	B:T215V	logit=-0.712
A:N55S	B:N252S	logit=-1.047
A:N54V	B:N251V	logit=-1.666
A:E100V	B:E297V	logit=-2.452
A:I30V	B:I227V	logit=-2.633

Top tied mutations (C + D view):
C:V218L	D:V491L	logit=-0.418
C:K191R	D:K464R	logit=-0.533
C:S180T	D:S453T	logit=-0.665
C:T42V	D:T315V	logit=-0.714
C:N51P	D:N324P	logit=-0.861

Top tied mutations (A + B view):
A:T18V	B:T215V	logit=-0.735
A:N55S	B:N252S	logit=-1.009
A:N54V	B:N251V	logit=-1.637
A:I30V	B:I227V	logit=-2.613
A:E100V	B:E297V	logit=-2.644

Top tied mutations (C + D view):
C:V218L	D:V491L	logit=-0.482
C:K191R	D:K464R	logit=-0.600
C:S180T	D:S453T	logit=-0.633
C:T42V	D:T315V	logit=-0.710
C:N51P	D:N324P	logit=-0.831

Top tied mutations (A + B view):
A:T18V	B:T215V	logit=-0.790
A:N55S	B:N252S	logit=-0.994
A:N54V	B:N251V	logit=-1.553
A:E100V	B:E297V	logit=-2.643
A:I30V	B:I227V	logit=-2.701

Top tied mutations (C + D view):
C:V218L	D:V491L	logit=-0.492
C:K191R	D:K464R	logit=-0.537
C:S180T	D:S453T	logit=-0.640
C:T42V	D:T315V	logit=-0.742
C:N51P	D:N324P	logit=-0.783

Top tied mutations (A + B view):
A:T18V	B:T215V	logit=-0.778
A:N55S	B:N252S	logit=-1.020
A:N54V	B:N251V	logit=-1.596
A:E100V	B:E297V	logit=-2.544
A:I30V	B:I227V	logit=-2.648

Top tied mutations (C + D view):
C:V218L	D:V491L	logit=-0.502
C:K191R	D:K464R	logit=-0.567
C:S180T	D:S453T	logit=-0.663
C:T42V	D:T315V	logit=-0.667
C:N51P	D:N324P	logit=-0.815

Top tied mutations (A + B view):
A:T18V	B:T215V	logit=-0.779
A:N55S	B:N252S	logit=-1.023
A:N54V	B:N251V	logit=-1.603
A:E100V	B:E297V	logit=-2.465
A:I30V	B:I227V	logit=-2.618

Top tied mutations (C + D view):
C:V218L	D:V491L	logit=-0.417
C:K191R	D:K464R	logit=-0.614
C:S180T	D:S453T	logit=-0.643
C:T42V	D:T315V	logit=-0.721
C:N51P	D:N324P	logit=-0.845

Top tied mutations (A + B view):
A:T18V	B:T215V	logit=-0.788
A:N55S	B:N252S	logit=-0.982
A:N54V	B:N251V	logit=-1.499
A:E100V	B:E297V	logit=-2.413
A:I30V	B:I227V	logit=-2.511

Top tied mutations (C + D view):
C:V218L	D:V491L	logit=-0.411
C:K191R	D:K464R	logit=-0.557
C:S180T	D:S453T	logit=-0.632
C:T42V	D:T315V	logit=-0.691
C:N51P	D:N324P	logit=-0.863

Top tied mutations (A + B view):
A:T18V	B:T215V	logit=-0.868
A:N55S	B:N252S	logit=-1.043
A:N54V	B:N251V	logit=-1.720
A:I30V	B:I227V	logit=-2.390
A:E100V	B:E297V	logit=-2.579

Top tied mutations (C + D view):
C:V218L	D:V491L	logit=-0.435
C:K191R	D:K464R	logit=-0.604
C:S180T	D:S453T	logit=-0.671
C:T42V	D:T315V	logit=-0.678
C:N51P	D:N324P	logit=-0.816

Top tied mutations (A + B view):
A:T18V	B:T215V	logit=-0.744
A:N55S	B:N252S	logit=-1.072
A:N54V	B:N251V	logit=-1.702
A:I30V	B:I227V	logit=-2.565
A:E100V	B:E297V	logit=-2.633

Top tied mutations (C + D view):
C:V218L	D:V491L	logit=-0.428
C:K191R	D:K464R	logit=-0.521
C:S180T	D:S453T	logit=-0.659
C:T42V	D:T315V	logit=-0.710
C:N51P	D:N324P	logit=-0.787

Top tied mutations (A + B view):
A:T18V	B:T215V	logit=-0.798
A:N55S	B:N252S	logit=-1.055
A:N54V	B:N251V	logit=-1.489
A:E100V	B:E297V	logit=-2.537
A:I30V	B:I227V	logit=-2.631

Top tied mutations (C + D view):
C:K191R	D:K464R	logit=-0.480
C:V218L	D:V491L	logit=-0.488
C:S180T	D:S453T	logit=-0.656
C:T42V	D:T315V	logit=-0.708
C:N51P	D:N324P	logit=-0.867

Top tied mutations (A + B view):
A:T18V	B:T215V	logit=-0.778
A:N55S	B:N252S	logit=-1.005
A:N54V	B:N251V	logit=-1.603
A:E100V	B:E297V	logit=-2.446
A:I30V	B:I227V	logit=-2.561

Top tied mutations (C + D view):
C:V218L	D:V491L	logit=-0.461
C:K191R	D:K464R	logit=-0.584
C:S180T	D:S453T	logit=-0.677
C:T42V	D:T315V	logit=-0.767
C:N51P	D:N324P	logit=-0.903

Top tied mutations (A + B view):
A:T18V	B:T215V	logit=-0.736
A:N55S	B:N252S	logit=-0.973
A:N54V	B:N251V	logit=-1.566
A:E100V	B:E297V	logit=-2.416
A:I30V	B:I227V	logit=-2.617

Top tied mutations (C + D view):
C:V218L	D:V491L	logit=-0.447
C:K191R	D:K464R	logit=-0.522
C:S180T	D:S453T	logit=-0.626
C:T42V	D:T315V	logit=-0.744
C:N51P	D:N324P	logit=-0.774

Top tied mutations (A + B view):
A:T18V	B:T215V	logit=-0.823
A:N55S	B:N252S	logit=-0.972
A:N54V	B:N251V	logit=-1.684
A:E100V	B:E297V	logit=-2.552
A:I30V	B:I227V	logit=-2.598

Top tied mutations (C + D view):
C:V218L	D:V491L	logit=-0.436
C:K191R	D:K464R	logit=-0.560
C:S180T	D:S453T	logit=-0.670
C:T42V	D:T315V	logit=-0.729
C:N51P	D:N324P	logit=-0.765

Top tied mutations (A + B view):
A:T18V	B:T215V	logit=-0.786
A:N55S	B:N252S	logit=-1.024
A:N54V	B:N251V	logit=-1.486
A:E100V	B:E297V	logit=-2.588
A:I30V	B:I227V	logit=-2.600

Top tied mutations (C + D view):
C:V218L	D:V491L	logit=-0.464
C:K191R	D:K464R	logit=-0.561
C:S180T	D:S453T	logit=-0.650
C:T42V	D:T315V	logit=-0.719
C:N51P	D:N324P	logit=-0.774

Top tied mutations (A + B view):
A:T18V	B:T215V	logit=-0.828
A:N55S	B:N252S	logit=-0.990
A:N54V	B:N251V	logit=-1.574
A:E100V	B:E297V	logit=-2.589
A:I30V	B:I227V	logit=-2.629

Top tied mutations (C + D view):
C:V218L	D:V491L	logit=-0.434
C:K191R	D:K464R	logit=-0.541
C:S180T	D:S453T	logit=-0.681
C:T42V	D:T315V	logit=-0.703
C:N51P	D:N324P	logit=-0.811

Top tied mutations (A + B view):
A:T18V	B:T215V	logit=-0.710
A:N55S	B:N252S	logit=-1.006
A:N54V	B:N251V	logit=-1.541
A:E100V	B:E297V	logit=-2.495
A:I30V	B:I227V	logit=-2.541

Top tied mutations (C + D view):
C:V218L	D:V491L	logit=-0.468
C:K191R	D:K464R	logit=-0.530
C:S180T	D:S453T	logit=-0.646
C:T42V	D:T315V	logit=-0.751
C:N51P	D:N324P	logit=-0.855

Top tied mutations (A + B view):
A:T18V	B:T215V	logit=-0.742
A:N55S	B:N252S	logit=-0.976
A:N54V	B:N251V	logit=-1.594
A:I30V	B:I227V	logit=-2.582
A:E100V	B:E297V	logit=-2.675

Top tied mutations (C + D view):
C:V218L	D:V491L	logit=-0.475
C:K191R	D:K464R	logit=-0.563
C:S180T	D:S453T	logit=-0.640
C:T42V	D:T315V	logit=-0.714
C:N51P	D:N324P	logit=-0.772

Top tied mutations (A + B view):
A:T18V	B:T215V	logit=-0.761
A:N55S	B:N252S	logit=-1.053
A:N54V	B:N251V	logit=-1.735
A:I30V	B:I227V	logit=-2.410
A:E100V	B:E297V	logit=-2.513

Top tied mutations (C + D view):
C:V218L	D:V491L	logit=-0.439
C:K191R	D:K464R	logit=-0.557
C:S180T	D:S453T	logit=-0.668
C:T42V	D:T315V	logit=-0.711
C:N51P	D:N324P	logit=-0.846

Top tied mutations (A + B view):
A:T18V	B:T215V	logit=-0.796
A:N55S	B:N252S	logit=-1.097
A:N54V	B:N251V	logit=-1.708
A:E100V	B:E297V	logit=-2.518
A:I30V	B:I227V	logit=-2.658

Top tied mutations (C + D view):
C:V218L	D:V491L	logit=-0.435
C:K191R	D:K464R	logit=-0.490
C:S180T	D:S453T	logit=-0.652
C:T42V	D:T315V	logit=-0.660
C:N51P	D:N324P	logit=-0.817

Top tied mutations (A + B view):
A:T18V	B:T215V	logit=-0.763
A:N55S	B:N252S	logit=-1.054
A:N54V	B:N251V	logit=-1.620
A:I30V	B:I227V	logit=-2.493
A:E100V	B:E297V	logit=-2.525

Top tied mutations (C + D view):
C:V218L	D:V491L	logit=-0.407
C:K191R	D:K464R	logit=-0.584
C:S180T	D:S453T	logit=-0.657
C:T42V	D:T315V	logit=-0.694
C:S89A	D:S362A	logit=-0.889

Top tied mutations (A + B view):
A:T18V	B:T215V	logit=-0.809
A:N55S	B:N252S	logit=-1.044
A:N54V	B:N251V	logit=-1.611
A:E100V	B:E297V	logit=-2.548
A:I30V	B:I227V	logit=-2.645

Top tied mutations (C + D view):
C:V218L	D:V491L	logit=-0.434
C:K191R	D:K464R	logit=-0.541
C:S180T	D:S453T	logit=-0.641
C:T42V	D:T315V	logit=-0.692
C:N51P	D:N324P	logit=-0.763

Top tied mutations (A + B view):
A:T18V	B:T215V	logit=-0.754
A:N55S	B:N252S	logit=-0.985
A:N54V	B:N251V	logit=-1.730
A:E100V	B:E297V	logit=-2.576
A:I30V	B:I227V	logit=-2.583

Top tied mutations (C + D view):
C:V218L	D:V491L	logit=-0.420
C:K191R	D:K464R	logit=-0.572
C:S180T	D:S453T	logit=-0.649
C:T42V	D:T315V	logit=-0.681
C:S89A	D:S362A	logit=-0.835

Top tied mutations (A + B view):
A:T18V	B:T215V	logit=-0.764
A:N55S	B:N252S	logit=-1.039
A:N54V	B:N251V	logit=-1.524
A:I30V	B:I227V	logit=-2.475
A:E100V	B:E297V	logit=-2.526

Top tied mutations (C + D view):
C:V218L	D:V491L	logit=-0.419
C:K191R	D:K464R	logit=-0.569
C:S180T	D:S453T	logit=-0.646
C:T42V	D:T315V	logit=-0.701
C:N51P	D:N324P	logit=-0.814

Top tied mutations (A + B view):
A:T18V	B:T215V	logit=-0.808
A:N55S	B:N252S	logit=-0.922
A:N54V	B:N251V	logit=-1.524
A:I30V	B:I227V	logit=-2.627
A:E100V	B:E297V	logit=-2.648

Top tied mutations (C + D view):
C:V218L	D:V491L	logit=-0.459
C:K191R	D:K464R	logit=-0.541
C:S180T	D:S453T	logit=-0.655
C:T42V	D:T315V	logit=-0.764
C:N51P	D:N324P	logit=-0.898

Top tied mutations (A + B view):
A:T18V	B:T215V	logit=-0.761
A:N55S	B:N252S	logit=-0.988
A:N54V	B:N251V	logit=-1.680
A:E100V	B:E297V	logit=-2.510
A:I30V	B:I227V	logit=-2.539

Top tied mutations (C + D view):
C:V218L	D:V491L	logit=-0.409
C:K191R	D:K464R	logit=-0.576
C:S180T	D:S453T	logit=-0.651
C:T42V	D:T315V	logit=-0.731
C:S89A	D:S362A	logit=-0.892

Top tied mutations (A + B view):
A:T18V	B:T215V	logit=-0.741
A:N54V	B:N251V	logit=-1.520
A:N55S	B:N252S	logit=-1.684
A:E100V	B:E297V	logit=-2.598
A:I30V	B:I227V	logit=-2.632

Top tied mutations (C + D view):
C:V218L	D:V491L	logit=-0.446
C:K191R	D:K464R	logit=-0.557
C:S180T	D:S453T	logit=-0.671
C:T42V	D:T315V	logit=-0.809
C:N51P	D:N324P	logit=-0.862

Top tied mutations (A + B view):
A:T18V	B:T215V	logit=-0.849
A:N55S	B:N252S	logit=-1.018
A:N54V	B:N251V	logit=-1.563
A:E100V	B:E297V	logit=-2.576
A:I30V	B:I227V	logit=-2.626

Top tied mutations (C + D view):
C:V218L	D:V491L	logit=-0.418
C:K191R	D:K464R	logit=-0.519
C:S180T	D:S453T	logit=-0.644
C:T42V	D:T315V	logit=-0.701
C:S89A	D:S362A	logit=-0.794

Top tied mutations (A + B view):
A:T18V	B:T215V	logit=-0.796
A:N55S	B:N252S	logit=-0.988
A:N54V	B:N251V	logit=-1.524
A:E100V	B:E297V	logit=-2.523
A:I30V	B:I227V	logit=-2.580

Top tied mutations (C + D view):
C:V218L	D:V491L	logit=-0.413
C:K191R	D:K464R	logit=-0.524
C:S180T	D:S453T	logit=-0.663
C:T42V	D:T315V	logit=-0.692
C:N51P	D:N324P	logit=-0.850

Top tied mutations (A + B view):
A:T18V	B:T215V	logit=-0.842
A:N55S	B:N252S	logit=-1.017
A:N54V	B:N251V	logit=-1.468
A:I30V	B:I227V	logit=-2.556
A:E100V	B:E297V	logit=-2.579

Top tied mutations (C + D view):
C:V218L	D:V491L	logit=-0.423
C:K191R	D:K464R	logit=-0.573
C:S180T	D:S453T	logit=-0.653
C:T42V	D:T315V	logit=-0.806
C:N51P	D:N324P	logit=-0.876

Top tied mutations (A + B view):
A:T18V	B:T215V	logit=-0.740
A:N55S	B:N252S	logit=-1.045
A:N54V	B:N251V	logit=-1.655
A:I30V	B:I227V	logit=-2.400
A:E100V	B:E297V	logit=-2.536

Top tied mutations (C + D view):
C:V218L	D:V491L	logit=-0.437
C:K191R	D:K464R	logit=-0.532
C:S180T	D:S453T	logit=-0.674
C:T42V	D:T315V	logit=-0.740
C:N51P	D:N324P	logit=-0.866

Top tied mutations (A + B view):
A:T18V	B:T215V	logit=-0.779
A:N55S	B:N252S	logit=-1.026
A:N54V	B:N251V	logit=-1.533
A:E100V	B:E297V	logit=-2.476
A:I30V	B:I227V	logit=-2.614

Top tied mutations (C + D view):
C:V218L	D:V491L	logit=-0.438
C:K191R	D:K464R	logit=-0.599
C:S180T	D:S453T	logit=-0.665
C:T42V	D:T315V	logit=-0.742
C:N51P	D:N324P	logit=-0.862

Top tied mutations (A + B view):
A:T18V	B:T215V	logit=-0.838
A:N55S	B:N252S	logit=-1.008
A:N54V	B:N251V	logit=-1.619
A:E100V	B:E297V	logit=-2.591
A:I30V	B:I227V	logit=-2.616

Top tied mutations (C + D view):
C:V218L	D:V491L	logit=-0.468
C:K191R	D:K464R	logit=-0.594
C:S180T	D:S453T	logit=-0.659
C:T42V	D:T315V	logit=-0.702
C:N51P	D:N324P	logit=-0.843

Top tied mutations (A + B view):
A:T18V	B:T215V	logit=-0.778
A:N55S	B:N252S	logit=-1.043
A:N54V	B:N251V	logit=-1.612
A:E100V	B:E297V	logit=-2.544
A:I30V	B:I227V	logit=-2.665

Top tied mutations (C + D view):
C:V218L	D:V491L	logit=-0.491
C:K191R	D:K464R	logit=-0.580
C:S180T	D:S453T	logit=-0.662
C:T42V	D:T315V	logit=-0.748
C:N51P	D:N324P	logit=-0.772

Top tied mutations (A + B view):
A:T18V	B:T215V	logit=-0.809
A:N55S	B:N252S	logit=-0.943
A:N54V	B:N251V	logit=-1.514
A:I30V	B:I227V	logit=-2.445
A:E100V	B:E297V	logit=-2.621

Top tied mutations (C + D view):
C:V218L	D:V491L	logit=-0.435
C:K191R	D:K464R	logit=-0.508
C:S180T	D:S453T	logit=-0.654
C:T42V	D:T315V	logit=-0.762
C:N51P	D:N324P	logit=-0.873

Top tied mutations (A + B view):
A:T18V	B:T215V	logit=-0.778
A:N55S	B:N252S	logit=-0.948
A:N54V	B:N251V	logit=-1.576
A:E100V	B:E297V	logit=-2.598
A:I30V	B:I227V	logit=-2.659

Top tied mutations (C + D view):
C:V218L	D:V491L	logit=-0.502
C:K191R	D:K464R	logit=-0.553
C:S180T	D:S453T	logit=-0.667
C:T42V	D:T315V	logit=-0.754
C:A168P	D:A441P	logit=-0.893

Top tied mutations (A + B view):
A:T18V	B:T215V	logit=-0.771
A:N55S	B:N252S	logit=-1.006
A:N54V	B:N251V	logit=-1.530
A:I30V	B:I227V	logit=-2.482
A:E100V	B:E297V	logit=-2.588

Top tied mutations (C + D view):
C:V218L	D:V491L	logit=-0.440
C:K191R	D:K464R	logit=-0.572
C:S180T	D:S453T	logit=-0.629
C:T42V	D:T315V	logit=-0.747
C:N51P	D:N324P	logit=-0.861

Top tied mutations (A + B view):
A:T18V	B:T215V	logit=-0.741
A:N55S	B:N252S	logit=-1.028
A:N54V	B:N251V	logit=-1.578
A:E100V	B:E297V	logit=-2.515
A:I30V	B:I227V	logit=-2.588

Top tied mutations (C + D view):
C:V218L	D:V491L	logit=-0.439
C:K191R	D:K464R	logit=-0.518
C:S180T	D:S453T	logit=-0.640
C:T42V	D:T315V	logit=-0.658
C:N51P	D:N324P	logit=-0.862

Top tied mutations (A + B view):
A:T18V	B:T215V	logit=-0.782
A:N55S	B:N252S	logit=-1.010
A:N54V	B:N251V	logit=-1.655
A:E100V	B:E297V	logit=-2.508
A:I30V	B:I227V	logit=-2.536

Top tied mutations (C + D view):
C:V218L	D:V491L	logit=-0.411
C:K191R	D:K464R	logit=-0.566
C:S180T	D:S453T	logit=-0.669
C:T42V	D:T315V	logit=-0.760
C:N51P	D:N324P	logit=-0.878

Top tied mutations (A + B view):
A:T18V	B:T215V	logit=-0.760
A:N55S	B:N252S	logit=-0.990
A:N54V	B:N251V	logit=-1.653
A:I30V	B:I227V	logit=-2.538
A:E100V	B:E297V	logit=-2.610

Top tied mutations (C + D view):
C:V218L	D:V491L	logit=-0.435
C:K191R	D:K464R	logit=-0.607
C:S180T	D:S453T	logit=-0.635
C:T42V	D:T315V	logit=-0.680
C:N51P	D:N324P	logit=-0.894

Top tied mutations (A + B view):
A:T18V	B:T215V	logit=-0.724
A:N55S	B:N252S	logit=-1.006
A:N54V	B:N251V	logit=-1.648
A:I30V	B:I227V	logit=-2.552
A:E100V	B:E297V	logit=-2.589

Top tied mutations (C + D view):
C:V218L	D:V491L	logit=-0.495
C:K191R	D:K464R	logit=-0.534
C:S180T	D:S453T	logit=-0.671
C:N51P	D:N324P	logit=-0.749
C:T42V	D:T315V	logit=-0.796

Top tied mutations (A + B view):
A:T18V	B:T215V	logit=-0.830
A:N55S	B:N252S	logit=-1.060
A:N54V	B:N251V	logit=-1.600
A:I30V	B:I227V	logit=-2.586
A:E100V	B:E297V	logit=-2.648

Top tied mutations (C + D view):
C:V218L	D:V491L	logit=-0.426
C:S180T	D:S453T	logit=-0.646
C:K191R	D:K464R	logit=-0.659
C:T42V	D:T315V	logit=-0.673
C:N51P	D:N324P	logit=-0.793

Top tied mutations (A + B view):
A:T18V	B:T215V	logit=-0.800
A:N55S	B:N252S	logit=-1.037
A:N54V	B:N251V	logit=-1.567
A:I30V	B:I227V	logit=-2.523
A:E100V	B:E297V	logit=-2.578

Top tied mutations (C + D view):
C:V218L	D:V491L	logit=-0.457
C:K191R	D:K464R	logit=-0.606
C:S180T	D:S453T	logit=-0.666
C:T42V	D:T315V	logit=-0.758
C:N51P	D:N324P	logit=-0.881

Top tied mutations (A + B view):
A:T18V	B:T215V	logit=-0.807
A:N55S	B:N252S	logit=-1.059
A:N54V	B:N251V	logit=-1.855
A:E100V	B:E297V	logit=-2.528
A:I30V	B:I227V	logit=-2.555

Top tied mutations (C + D view):
C:V218L	D:V491L	logit=-0.429
C:K191R	D:K464R	logit=-0.578
C:S180T	D:S453T	logit=-0.651
C:T42V	D:T315V	logit=-0.705
C:N51P	D:N324P	logit=-0.740

Top tied mutations (A + B view):
A:T18V	B:T215V	logit=-0.853
A:N55S	B:N252S	logit=-0.979
A:N54V	B:N251V	logit=-1.544
A:I30V	B:I227V	logit=-2.433
A:E100V	B:E297V	logit=-2.490

Top tied mutations (C + D view):
C:V218L	D:V491L	logit=-0.482
C:K191R	D:K464R	logit=-0.623
C:S180T	D:S453T	logit=-0.683
C:N51P	D:N324P	logit=-0.773
C:T42V	D:T315V	logit=-0.810

Top tied mutations (A + B view):
A:T18V	B:T215V	logit=-0.711
A:N55S	B:N252S	logit=-1.074
A:N54V	B:N251V	logit=-1.548
A:E100V	B:E297V	logit=-2.481
A:I30V	B:I227V	logit=-2.659

Top tied mutations (C + D view):
C:V218L	D:V491L	logit=-0.483
C:K191R	D:K464R	logit=-0.624
C:S180T	D:S453T	logit=-0.649
C:N51P	D:N324P	logit=-0.700
C:T42V	D:T315V	logit=-0.761

Top tied mutations (A + B view):
A:T18V	B:T215V	logit=-0.707
A:N55S	B:N252S	logit=-1.044
A:N54V	B:N251V	logit=-1.608
A:E100V	B:E297V	logit=-2.543
A:I30V	B:I227V	logit=-2.555

Top tied mutations (C + D view):
C:V218L	D:V491L	logit=-0.487
C:K191R	D:K464R	logit=-0.563
C:S180T	D:S453T	logit=-0.656
C:T42V	D:T315V	logit=-0.767
C:N51P	D:N324P	logit=-0.802

Top tied mutations (A + B view):
A:T18V	B:T215V	logit=-0.812
A:N55S	B:N252S	logit=-0.973
A:N54V	B:N251V	logit=-1.498
A:E100V	B:E297V	logit=-2.472
A:I30V	B:I227V	logit=-2.583

Top tied mutations (C + D view):
C:V218L	D:V491L	logit=-0.409
C:K191R	D:K464R	logit=-0.572
C:S180T	D:S453T	logit=-0.641
C:T42V	D:T315V	logit=-0.688
C:N51P	D:N324P	logit=-0.708

Top tied mutations (A + B view):
A:T18V	B:T215V	logit=-0.770
A:N55S	B:N252S	logit=-1.082
A:N54V	B:N251V	logit=-1.691
A:E100V	B:E297V	logit=-2.570
A:I30V	B:I227V	logit=-2.596

Top tied mutations (C + D view):
C:V218L	D:V491L	logit=-0.479
C:K191R	D:K464R	logit=-0.551
C:S180T	D:S453T	logit=-0.676
C:T42V	D:T315V	logit=-0.741
C:S89A	D:S362A	logit=-0.845

Top tied mutations (A + B view):
A:T18V	B:T215V	logit=-0.782
A:N55S	B:N252S	logit=-0.972
A:N54V	B:N251V	logit=-1.554
A:E100V	B:E297V	logit=-2.481
A:I30V	B:I227V	logit=-2.529

Top tied mutations (C + D view):
C:V218L	D:V491L	logit=-0.472
C:K191R	D:K464R	logit=-0.613
C:S180T	D:S453T	logit=-0.657
C:T42V	D:T315V	logit=-0.684
C:S89A	D:S362A	logit=-0.835

Top tied mutations (A + B view):
A:T18V	B:T215V	logit=-0.850
A:N55S	B:N252S	logit=-1.035
A:N54V	B:N251V	logit=-1.465
A:E100V	B:E297V	logit=-2.433
A:I30V	B:I227V	logit=-2.563

Top tied mutations (C + D view):
C:V218L	D:V491L	logit=-0.466
C:K191R	D:K464R	logit=-0.534
C:S180T	D:S453T	logit=-0.668
C:T42V	D:T315V	logit=-0.723
C:S89A	D:S362A	logit=-0.848

Top tied mutations (A + B view):
A:T18V	B:T215V	logit=-0.794
A:N55S	B:N252S	logit=-1.045
A:N54V	B:N251V	logit=-1.649
A:E100V	B:E297V	logit=-2.464
A:I30V	B:I227V	logit=-2.567

Top tied mutations (C + D view):
C:V218L	D:V491L	logit=-0.436
C:K191R	D:K464R	logit=-0.568
C:S180T	D:S453T	logit=-0.646
C:T42V	D:T315V	logit=-0.783
C:N51P	D:N324P	logit=-0.855

Top tied mutations (A + B view):
A:T18V	B:T215V	logit=-0.807
A:N55S	B:N252S	logit=-0.971
A:N54V	B:N251V	logit=-1.727
A:E100V	B:E297V	logit=-2.462
A:I30V	B:I227V	logit=-2.546

Top tied mutations (C + D view):
C:V218L	D:V491L	logit=-0.454
C:K191R	D:K464R	logit=-0.567
C:S180T	D:S453T	logit=-0.685
C:T42V	D:T315V	logit=-0.731
C:S89A	D:S362A	logit=-0.897

Top tied mutations (A + B view):
A:T18V	B:T215V	logit=-0.734
A:N55S	B:N252S	logit=-0.967
A:N54V	B:N251V	logit=-1.712
A:E100V	B:E297V	logit=-2.548
A:I30V	B:I227V	logit=-2.619

Top tied mutations (C + D view):
C:V218L	D:V491L	logit=-0.462
C:K191R	D:K464R	logit=-0.554
C:S180T	D:S453T	logit=-0.649
C:T42V	D:T315V	logit=-0.738
C:N51P	D:N324P	logit=-0.877

Top tied mutations (A + B view):
A:T18V	B:T215V	logit=-0.766
A:N55S	B:N252S	logit=-0.979
A:N54V	B:N251V	logit=-1.549
A:E100V	B:E297V	logit=-2.492
A:I30V	B:I227V	logit=-2.608

Top tied mutations (C + D view):
C:V218L	D:V491L	logit=-0.429
C:K191R	D:K464R	logit=-0.488
C:S180T	D:S453T	logit=-0.667
C:T42V	D:T315V	logit=-0.718
C:N51P	D:N324P	logit=-0.739

Top tied mutations (A + B view):
A:T18V	B:T215V	logit=-0.770
A:N55S	B:N252S	logit=-1.024
A:N54V	B:N251V	logit=-1.651
A:I30V	B:I227V	logit=-2.516
A:E100V	B:E297V	logit=-2.575

Top tied mutations (C + D view):
C:V218L	D:V491L	logit=-0.410
C:K191R	D:K464R	logit=-0.514
C:S180T	D:S453T	logit=-0.649
C:T42V	D:T315V	logit=-0.724
C:S89A	D:S362A	logit=-0.824

Top tied mutations (A + B view):
A:T18V	B:T215V	logit=-0.743
A:N55S	B:N252S	logit=-1.112
A:N54V	B:N251V	logit=-1.765
A:E100V	B:E297V	logit=-2.545
A:I30V	B:I227V	logit=-2.640

Top tied mutations (C + D view):
C:V218L	D:V491L	logit=-0.497
C:K191R	D:K464R	logit=-0.526
C:S180T	D:S453T	logit=-0.670
C:T42V	D:T315V	logit=-0.722
C:N51P	D:N324P	logit=-0.857

Top tied mutations (A + B view):
A:T18V	B:T215V	logit=-0.734
A:N55S	B:N252S	logit=-1.024
A:N54V	B:N251V	logit=-1.568
A:E100V	B:E297V	logit=-2.365
A:I30V	B:I227V	logit=-2.597

Top tied mutations (C + D view):
C:V218L	D:V491L	logit=-0.471
C:K191R	D:K464R	logit=-0.577
C:S180T	D:S453T	logit=-0.686
C:T42V	D:T315V	logit=-0.763
C:S89A	D:S362A	logit=-0.920

Top tied mutations (A + B view):
A:T18V	B:T215V	logit=-0.772
A:N55S	B:N252S	logit=-0.975
A:N54V	B:N251V	logit=-1.510
A:E100V	B:E297V	logit=-2.536
A:I30V	B:I227V	logit=-2.714

Top tied mutations (C + D view):
C:V218L	D:V491L	logit=-0.424
C:K191R	D:K464R	logit=-0.512
C:S180T	D:S453T	logit=-0.654
C:T42V	D:T315V	logit=-0.704
C:N51P	D:N324P	logit=-0.831

Top tied mutations (A + B view):
A:T18V	B:T215V	logit=-0.776
A:N55S	B:N252S	logit=-0.987
A:N54V	B:N251V	logit=-1.590
A:E100V	B:E297V	logit=-2.361
A:I30V	B:I227V	logit=-2.572

Top tied mutations (C + D view):
C:V218L	D:V491L	logit=-0.436
C:K191R	D:K464R	logit=-0.582
C:S180T	D:S453T	logit=-0.648
C:T42V	D:T315V	logit=-0.764
C:N51P	D:N324P	logit=-0.848

Top tied mutations (A + B view):
A:T18V	B:T215V	logit=-0.715
A:N55S	B:N252S	logit=-1.039
A:N54V	B:N251V	logit=-1.514
A:E100V	B:E297V	logit=-2.540
A:I30V	B:I227V	logit=-2.668

Top tied mutations (C + D view):
C:V218L	D:V491L	logit=-0.492
C:K191R	D:K464R	logit=-0.535
C:S180T	D:S453T	logit=-0.688
C:T42V	D:T315V	logit=-0.716
C:N51P	D:N324P	logit=-0.812

Top tied mutations (A + B view):
A:T18V	B:T215V	logit=-0.811
A:N55S	B:N252S	logit=-1.022
A:N54V	B:N251V	logit=-1.507
A:E100V	B:E297V	logit=-2.506
A:I30V	B:I227V	logit=-2.553

Top tied mutations (C + D view):
C:V218L	D:V491L	logit=-0.422
C:K191R	D:K464R	logit=-0.506
C:S180T	D:S453T	logit=-0.655
C:T42V	D:T315V	logit=-0.817
C:N51P	D:N324P	logit=-0.865

Top tied mutations (A + B view):
A:T18V	B:T215V	logit=-0.806
A:N55S	B:N252S	logit=-1.067
A:N54V	B:N251V	logit=-1.492
A:E100V	B:E297V	logit=-2.452
A:I30V	B:I227V	logit=-2.671

Top tied mutations (C + D view):
C:V218L	D:V491L	logit=-0.440
C:K191R	D:K464R	logit=-0.497
C:S180T	D:S453T	logit=-0.662
C:T42V	D:T315V	logit=-0.779
C:N51P	D:N324P	logit=-0.869

Top tied mutations (A + B view):
A:T18V	B:T215V	logit=-0.788
A:N55S	B:N252S	logit=-1.047
A:N54V	B:N251V	logit=-1.584
A:E100V	B:E297V	logit=-2.507
A:I30V	B:I227V	logit=-2.717

Top tied mutations (C + D view):
C:V218L	D:V491L	logit=-0.491
C:K191R	D:K464R	logit=-0.577
C:S180T	D:S453T	logit=-0.650
C:T42V	D:T315V	logit=-0.687
C:N51P	D:N324P	logit=-0.785

Top tied mutations (A + B view):
A:T18V	B:T215V	logit=-0.812
A:N55S	B:N252S	logit=-1.041
A:N54V	B:N251V	logit=-1.563
A:E100V	B:E297V	logit=-2.592
A:I30V	B:I227V	logit=-2.594

Top tied mutations (C + D view):
C:V218L	D:V491L	logit=-0.456
C:K191R	D:K464R	logit=-0.529
C:S180T	D:S453T	logit=-0.624
C:T42V	D:T315V	logit=-0.740
C:N51P	D:N324P	logit=-0.804

Top tied mutations (A + B view):
A:T18V	B:T215V	logit=-0.733
A:N55S	B:N252S	logit=-0.972
A:N54V	B:N251V	logit=-1.418
A:E100V	B:E297V	logit=-2.531
A:I30V	B:I227V	logit=-2.616

Top tied mutations (C + D view):
C:V218L	D:V491L	logit=-0.443
C:K191R	D:K464R	logit=-0.552
C:S180T	D:S453T	logit=-0.632
C:T42V	D:T315V	logit=-0.742
C:N51P	D:N324P	logit=-0.860

Top tied mutations (A + B view):
A:T18V	B:T215V	logit=-0.679
A:N55S	B:N252S	logit=-1.018
A:N54V	B:N251V	logit=-1.602
A:I30V	B:I227V	logit=-2.411
A:E100V	B:E297V	logit=-2.460

Top tied mutations (C + D view):
C:V218L	D:V491L	logit=-0.435
C:K191R	D:K464R	logit=-0.594
C:S180T	D:S453T	logit=-0.634
C:T42V	D:T315V	logit=-0.730
C:N51P	D:N324P	logit=-0.782

Top tied mutations (A + B view):
A:T18V	B:T215V	logit=-0.792
A:N55S	B:N252S	logit=-1.081
A:N54V	B:N251V	logit=-1.602
A:I30V	B:I227V	logit=-2.532
A:E100V	B:E297V	logit=-2.560

Top tied mutations (C + D view):
C:V218L	D:V491L	logit=-0.401
C:K191R	D:K464R	logit=-0.580
C:S180T	D:S453T	logit=-0.655
C:T42V	D:T315V	logit=-0.752
C:S89A	D:S362A	logit=-0.914

Top tied mutations (A + B view):
A:T18V	B:T215V	logit=-0.743
A:N55S	B:N252S	logit=-1.091
A:N54V	B:N251V	logit=-1.561
A:E100V	B:E297V	logit=-2.631
A:I30V	B:I227V	logit=-2.732

Top tied mutations (C + D view):
C:V218L	D:V491L	logit=-0.418
C:K191R	D:K464R	logit=-0.619
C:S180T	D:S453T	logit=-0.655
C:T42V	D:T315V	logit=-0.688
C:N51P	D:N324P	logit=-0.782

Top tied mutations (A + B view):
A:T18V	B:T215V	logit=-0.788
A:N55S	B:N252S	logit=-1.031
A:N54V	B:N251V	logit=-1.704
A:E100V	B:E297V	logit=-2.586
A:I30V	B:I227V	logit=-2.632

Top tied mutations (C + D view):
C:V218L	D:V491L	logit=-0.472
C:K191R	D:K464R	logit=-0.524
C:S180T	D:S453T	logit=-0.655
C:T42V	D:T315V	logit=-0.802
C:N51P	D:N324P	logit=-0.879

Top tied mutations (A + B view):
A:T18V	B:T215V	logit=-0.703
A:N55S	B:N252S	logit=-0.962
A:N54V	B:N251V	logit=-1.593
A:I30V	B:I227V	logit=-2.536
A:E100V	B:E297V	logit=-2.597

Top tied mutations (C + D view):
C:V218L	D:V491L	logit=-0.481
C:K191R	D:K464R	logit=-0.583
C:S180T	D:S453T	logit=-0.642
C:T42V	D:T315V	logit=-0.723
C:N51P	D:N324P	logit=-0.898

Top tied mutations (A + B view):
A:T18V	B:T215V	logit=-0.756
A:N55S	B:N252S	logit=-1.047
A:N54V	B:N251V	logit=-1.620
A:E100V	B:E297V	logit=-2.389
A:I30V	B:I227V	logit=-2.499

Top tied mutations (C + D view):
C:V218L	D:V491L	logit=-0.428
C:K191R	D:K464R	logit=-0.534
C:S180T	D:S453T	logit=-0.632
C:T42V	D:T315V	logit=-0.736
C:N51P	D:N324P	logit=-0.820

Top tied mutations (A + B view):
A:T18V	B:T215V	logit=-0.779
A:N55S	B:N252S	logit=-0.984
A:N54V	B:N251V	logit=-1.484
A:E100V	B:E297V	logit=-2.519
A:I30V	B:I227V	logit=-2.521

Top tied mutations (C + D view):
C:V218L	D:V491L	logit=-0.488
C:K191R	D:K464R	logit=-0.570
C:S180T	D:S453T	logit=-0.634
C:T42V	D:T315V	logit=-0.748
C:N51P	D:N324P	logit=-0.838

Top tied mutations (A + B view):
A:T18V	B:T215V	logit=-0.828
A:N55S	B:N252S	logit=-1.046
A:N54V	B:N251V	logit=-1.524
A:E100V	B:E297V	logit=-2.540
A:I30V	B:I227V	logit=-2.746

Top tied mutations (C + D view):
C:V218L	D:V491L	logit=-0.417
C:K191R	D:K464R	logit=-0.614
C:S180T	D:S453T	logit=-0.654
C:T42V	D:T315V	logit=-0.672
C:N51P	D:N324P	logit=-0.859

Top tied mutations (A + B view):
A:T18V	B:T215V	logit=-0.744
A:N55S	B:N252S	logit=-0.974
A:N54V	B:N251V	logit=-1.632
A:E100V	B:E297V	logit=-2.549
A:I30V	B:I227V	logit=-2.639

Top tied mutations (C + D view):
C:V218L	D:V491L	logit=-0.432
C:K191R	D:K464R	logit=-0.513
C:S180T	D:S453T	logit=-0.643
C:T42V	D:T315V	logit=-0.714
C:N51P	D:N324P	logit=-0.901

Top tied mutations (A + B view):
A:T18V	B:T215V	logit=-0.789
A:N55S	B:N252S	logit=-1.048
A:N54V	B:N251V	logit=-1.631
A:E100V	B:E297V	logit=-2.512
A:I30V	B:I227V	logit=-2.537

Top tied mutations (C + D view):
C:V218L	D:V491L	logit=-0.469
C:K191R	D:K464R	logit=-0.497
C:S180T	D:S453T	logit=-0.660
C:N51P	D:N324P	logit=-0.749
C:T42V	D:T315V	logit=-0.756

Top tied mutations (A + B view):
A:T18V	B:T215V	logit=-0.763
A:N55S	B:N252S	logit=-1.062
A:N54V	B:N251V	logit=-1.540
A:E100V	B:E297V	logit=-2.490
A:I30V	B:I227V	logit=-2.508

Top tied mutations (C + D view):
C:V218L	D:V491L	logit=-0.439
C:K191R	D:K464R	logit=-0.520
C:S180T	D:S453T	logit=-0.640
C:T42V	D:T315V	logit=-0.775
C:N219S	D:N492S	logit=-0.905

Top tied mutations (A + B view):
A:T18V	B:T215V	logit=-0.716
A:N55S	B:N252S	logit=-1.069
A:N54V	B:N251V	logit=-1.687
A:I30V	B:I227V	logit=-2.503
A:E100V	B:E297V	logit=-2.576

Top tied mutations (C + D view):
C:V218L	D:V491L	logit=-0.413
C:K191R	D:K464R	logit=-0.556
C:S180T	D:S453T	logit=-0.644
C:T42V	D:T315V	logit=-0.696
C:N51P	D:N324P	logit=-0.767

Top tied mutations (A + B view):
A:T18V	B:T215V	logit=-0.820
A:N55S	B:N252S	logit=-1.057
A:N54V	B:N251V	logit=-1.663
A:E100V	B:E297V	logit=-2.511
A:I30V	B:I227V	logit=-2.563

Top tied mutations (C + D view):
C:V218L	D:V491L	logit=-0.454
C:K191R	D:K464R	logit=-0.603
C:S180T	D:S453T	logit=-0.669
C:T42V	D:T315V	logit=-0.770
C:N51P	D:N324P	logit=-0.934

Top tied mutations (A + B view):
A:T18V	B:T215V	logit=-0.794
A:N55S	B:N252S	logit=-1.034
A:N54V	B:N251V	logit=-1.655
A:I30V	B:I227V	logit=-2.582
A:E100V	B:E297V	logit=-2.660

Top tied mutations (C + D view):
C:V218L	D:V491L	logit=-0.461
C:K191R	D:K464R	logit=-0.592
C:S180T	D:S453T	logit=-0.634
C:T42V	D:T315V	logit=-0.756
C:N219S	D:N492S	logit=-0.919

Top tied mutations (A + B view):
A:T18V	B:T215V	logit=-0.775
A:N55S	B:N252S	logit=-1.074
A:N54V	B:N251V	logit=-1.607
A:E100V	B:E297V	logit=-2.499
A:I30V	B:I227V	logit=-2.631

Top tied mutations (C + D view):
C:V218L	D:V491L	logit=-0.408
C:K191R	D:K464R	logit=-0.552
C:S180T	D:S453T	logit=-0.639
C:T42V	D:T315V	logit=-0.734
C:N51P	D:N324P	logit=-0.857

Top tied mutations (A + B view):
A:T18V	B:T215V	logit=-0.781
A:N55S	B:N252S	logit=-1.044
A:N54V	B:N251V	logit=-1.486
A:E100V	B:E297V	logit=-2.583
A:I30V	B:I227V	logit=-2.653

Top tied mutations (C + D view):
C:V218L	D:V491L	logit=-0.409
C:K191R	D:K464R	logit=-0.550
C:S180T	D:S453T	logit=-0.654
C:T42V	D:T315V	logit=-0.704
C:N51P	D:N324P	logit=-0.823

Top tied mutations (A + B view):
A:T18V	B:T215V	logit=-0.788
A:N55S	B:N252S	logit=-0.984
A:N54V	B:N251V	logit=-1.514
A:E100V	B:E297V	logit=-2.576
A:I30V	B:I227V	logit=-2.676

Top tied mutations (C + D view):
C:V218L	D:V491L	logit=-0.429
C:K191R	D:K464R	logit=-0.563
C:S180T	D:S453T	logit=-0.653
C:N51P	D:N324P	logit=-0.747
C:T42V	D:T315V	logit=-0.764

Top tied mutations (A + B view):
A:T18V	B:T215V	logit=-0.858
A:N55S	B:N252S	logit=-1.006
A:N54V	B:N251V	logit=-1.547
A:E100V	B:E297V	logit=-2.578
A:I30V	B:I227V	logit=-2.719

Top tied mutations (C + D view):
C:V218L	D:V491L	logit=-0.423
C:K191R	D:K464R	logit=-0.636
C:S180T	D:S453T	logit=-0.643
C:T42V	D:T315V	logit=-0.696
C:N51P	D:N324P	logit=-0.784

Top tied mutations (A + B view):
A:T18V	B:T215V	logit=-0.793
A:N55S	B:N252S	logit=-1.005
A:N54V	B:N251V	logit=-1.592
A:I30V	B:I227V	logit=-2.604
A:E100V	B:E297V	logit=-2.710

Top tied mutations (C + D view):
C:V218L	D:V491L	logit=-0.445
C:K191R	D:K464R	logit=-0.613
C:S180T	D:S453T	logit=-0.655
C:T42V	D:T315V	logit=-0.695
C:N51P	D:N324P	logit=-0.808

Top tied mutations (A + B view):
A:T18V	B:T215V	logit=-0.828
A:N55S	B:N252S	logit=-0.925
A:N54V	B:N251V	logit=-1.622
A:E100V	B:E297V	logit=-2.587
A:I30V	B:I227V	logit=-2.603

Top tied mutations (C + D view):
C:V218L	D:V491L	logit=-0.436
C:K191R	D:K464R	logit=-0.612
C:S180T	D:S453T	logit=-0.646
C:T42V	D:T315V	logit=-0.776
C:S89A	D:S362A	logit=-0.877

Top tied mutations (A + B view):
A:T18V	B:T215V	logit=-0.778
A:N55S	B:N252S	logit=-1.011
A:N54V	B:N251V	logit=-1.484
A:I30V	B:I227V	logit=-2.547
A:E100V	B:E297V	logit=-2.548

Top tied mutations (C + D view):
C:V218L	D:V491L	logit=-0.463
C:K191R	D:K464R	logit=-0.563
C:S180T	D:S453T	logit=-0.663
C:T42V	D:T315V	logit=-0.763
C:N51P	D:N324P	logit=-0.911

Top tied mutations (A + B view):
A:T18V	B:T215V	logit=-0.708
A:N55S	B:N252S	logit=-0.973
A:N54V	B:N251V	logit=-1.585
A:I30V	B:I227V	logit=-2.377
A:E100V	B:E297V	logit=-2.443

Top tied mutations (C + D view):
C:V218L	D:V491L	logit=-0.439
C:K191R	D:K464R	logit=-0.528
C:S180T	D:S453T	logit=-0.647
C:T42V	D:T315V	logit=-0.766
C:N51P	D:N324P	logit=-0.813

Top tied mutations (A + B view):
A:T18V	B:T215V	logit=-0.754
A:N55S	B:N252S	logit=-1.055
A:N54V	B:N251V	logit=-1.377
A:I30V	B:I227V	logit=-2.594
A:E100V	B:E297V	logit=-2.608

Top tied mutations (C + D view):
C:V218L	D:V491L	logit=-0.458
C:K191R	D:K464R	logit=-0.563
C:S180T	D:S453T	logit=-0.651
C:T42V	D:T315V	logit=-0.748
C:N51P	D:N324P	logit=-0.755

Top tied mutations (A + B view):
A:T18V	B:T215V	logit=-0.774
A:N55S	B:N252S	logit=-0.981
A:N54V	B:N251V	logit=-1.713
A:I30V	B:I227V	logit=-2.474
A:E100V	B:E297V	logit=-2.604

Top tied mutations (C + D view):
C:V218L	D:V491L	logit=-0.457
C:K191R	D:K464R	logit=-0.518
C:S180T	D:S453T	logit=-0.627
C:T42V	D:T315V	logit=-0.752
C:N51P	D:N324P	logit=-0.792

Top tied mutations (A + B view):
A:T18V	B:T215V	logit=-0.756
A:N55S	B:N252S	logit=-1.045
A:N54V	B:N251V	logit=-1.657
A:I30V	B:I227V	logit=-2.499
A:E100V	B:E297V	logit=-2.627

Top tied mutations (C + D view):
C:V218L	D:V491L	logit=-0.483
C:S180T	D:S453T	logit=-0.649
C:K191R	D:K464R	logit=-0.651
C:T42V	D:T315V	logit=-0.781
C:S89A	D:S362A	logit=-0.908

Top tied mutations (A + B view):
A:T18V	B:T215V	logit=-0.709
A:N55S	B:N252S	logit=-1.022
A:N54V	B:N251V	logit=-1.569
A:I30V	B:I227V	logit=-2.553
A:E100V	B:E297V	logit=-2.554

Top tied mutations (C + D view):
C:V218L	D:V491L	logit=-0.395
C:K191R	D:K464R	logit=-0.567
C:S180T	D:S453T	logit=-0.658
C:T42V	D:T315V	logit=-0.757
C:N51P	D:N324P	logit=-0.787

Top tied mutations (A + B view):
A:T18V	B:T215V	logit=-0.809
A:N55S	B:N252S	logit=-0.959
A:N54V	B:N251V	logit=-1.632
A:E100V	B:E297V	logit=-2.464
A:I30V	B:I227V	logit=-2.575

Top tied mutations (C + D view):
C:V218L	D:V491L	logit=-0.483
C:K191R	D:K464R	logit=-0.565
C:S180T	D:S453T	logit=-0.668
C:T42V	D:T315V	logit=-0.730
C:N51P	D:N324P	logit=-0.830

Top tied mutations (A + B view):
A:T18V	B:T215V	logit=-0.774
A:N55S	B:N252S	logit=-1.020
A:N54V	B:N251V	logit=-1.554
A:E100V	B:E297V	logit=-2.527
A:I30V	B:I227V	logit=-2.644

Top tied mutations (C + D view):
C:V218L	D:V491L	logit=-0.439
C:K191R	D:K464R	logit=-0.550
C:S180T	D:S453T	logit=-0.676
C:T42V	D:T315V	logit=-0.752
C:N51P	D:N324P	logit=-0.887

Top tied mutations (A + B view):
A:T18V	B:T215V	logit=-0.768
A:N55S	B:N252S	logit=-0.936
A:N54V	B:N251V	logit=-1.615
A:E100V	B:E297V	logit=-2.559
A:I30V	B:I227V	logit=-2.616

Top tied mutations (C + D view):
C:V218L	D:V491L	logit=-0.471
C:K191R	D:K464R	logit=-0.624
C:S180T	D:S453T	logit=-0.634
C:T42V	D:T315V	logit=-0.800
C:N51P	D:N324P	logit=-0.909

Top tied mutations (A + B view):
A:T18V	B:T215V	logit=-0.817
A:N55S	B:N252S	logit=-1.018
A:N54V	B:N251V	logit=-1.526
A:I30V	B:I227V	logit=-2.490
A:E100V	B:E297V	logit=-2.492

Top tied mutations (C + D view):
C:V218L	D:V491L	logit=-0.441
C:K191R	D:K464R	logit=-0.582
C:S180T	D:S453T	logit=-0.640
C:T42V	D:T315V	logit=-0.699
C:N51P	D:N324P	logit=-0.804

Top tied mutations (A + B view):
A:T18V	B:T215V	logit=-0.809
A:N55S	B:N252S	logit=-0.995
A:N54V	B:N251V	logit=-1.550
A:E100V	B:E297V	logit=-2.597
A:I30V	B:I227V	logit=-2.665

Top tied mutations (C + D view):
C:V218L	D:V491L	logit=-0.445
C:K191R	D:K464R	logit=-0.545
C:S180T	D:S453T	logit=-0.649
C:T42V	D:T315V	logit=-0.772
C:N51P	D:N324P	logit=-0.781

Top tied mutations (A + B view):
A:T18V	B:T215V	logit=-0.869
A:N55S	B:N252S	logit=-1.008
A:N54V	B:N251V	logit=-1.567
A:E100V	B:E297V	logit=-2.654
A:I30V	B:I227V	logit=-2.698

Top tied mutations (C + D view):
C:V218L	D:V491L	logit=-0.476
C:K191R	D:K464R	logit=-0.520
C:S180T	D:S453T	logit=-0.624
C:T42V	D:T315V	logit=-0.698
C:N51P	D:N324P	logit=-0.779

Top tied mutations (A + B view):
A:T18V	B:T215V	logit=-0.763
A:N55S	B:N252S	logit=-1.012
A:N54V	B:N251V	logit=-1.693
A:E100V	B:E297V	logit=-2.391
A:I30V	B:I227V	logit=-2.598

Top tied mutations (C + D view):
C:K191R	D:K464R	logit=-0.485
C:V218L	D:V491L	logit=-0.492
C:S180T	D:S453T	logit=-0.650
C:T42V	D:T315V	logit=-0.673
C:N51P	D:N324P	logit=-0.822

Top tied mutations (A + B view):
A:T18V	B:T215V	logit=-0.754
A:N55S	B:N252S	logit=-1.025
A:N54V	B:N251V	logit=-1.617
A:E100V	B:E297V	logit=-2.443
A:I30V	B:I227V	logit=-2.608

Top tied mutations (C + D view):
C:V218L	D:V491L	logit=-0.433
C:K191R	D:K464R	logit=-0.581
C:S180T	D:S453T	logit=-0.670
C:T42V	D:T315V	logit=-0.706
C:N51P	D:N324P	logit=-0.848

Top tied mutations (A + B view):
A:T18V	B:T215V	logit=-0.705
A:N55S	B:N252S	logit=-0.908
A:N54V	B:N251V	logit=-1.617
A:I30V	B:I227V	logit=-2.576
A:E100V	B:E297V	logit=-2.612

Top tied mutations (C + D view):
C:V218L	D:V491L	logit=-0.436
C:K191R	D:K464R	logit=-0.486
C:S180T	D:S453T	logit=-0.609
C:T42V	D:T315V	logit=-0.791
C:N51P	D:N324P	logit=-0.804

Top tied mutations (A + B view):
A:T18V	B:T215V	logit=-0.755
A:N55S	B:N252S	logit=-0.948
A:N54V	B:N251V	logit=-1.595
A:I30V	B:I227V	logit=-2.550
A:E100V	B:E297V	logit=-2.671

Top tied mutations (C + D view):
C:V218L	D:V491L	logit=-0.462
C:K191R	D:K464R	logit=-0.602
C:S180T	D:S453T	logit=-0.653
C:T42V	D:T315V	logit=-0.745
C:S89A	D:S362A	logit=-0.849

Top tied mutations (A + B view):
A:T18V	B:T215V	logit=-0.767
A:N55S	B:N252S	logit=-1.063
A:N54V	B:N251V	logit=-1.646
A:E100V	B:E297V	logit=-2.509
A:I30V	B:I227V	logit=-2.523

Top tied mutations (C + D view):
C:V218L	D:V491L	logit=-0.437
C:K191R	D:K464R	logit=-0.607
C:S180T	D:S453T	logit=-0.645
C:T42V	D:T315V	logit=-0.740
C:N51P	D:N324P	logit=-0.832

Top tied mutations (A + B view):
A:T18V	B:T215V	logit=-0.743
A:N55S	B:N252S	logit=-0.972
A:N54V	B:N251V	logit=-1.558
A:I30V	B:I227V	logit=-2.530
A:E100V	B:E297V	logit=-2.565

Top tied mutations (C + D view):
C:V218L	D:V491L	logit=-0.446
C:K191R	D:K464R	logit=-0.577
C:S180T	D:S453T	logit=-0.650
C:T42V	D:T315V	logit=-0.718
C:N51P	D:N324P	logit=-0.836

Top tied mutations (A + B view):
A:T18V	B:T215V	logit=-0.763
A:N55S	B:N252S	logit=-1.019
A:N54V	B:N251V	logit=-1.520
A:E100V	B:E297V	logit=-2.465
A:I30V	B:I227V	logit=-2.610

Top tied mutations (C + D view):
C:V218L	D:V491L	logit=-0.473
C:K191R	D:K464R	logit=-0.555
C:S180T	D:S453T	logit=-0.621
C:T42V	D:T315V	logit=-0.750
C:N51P	D:N324P	logit=-0.933

Top tied mutations (A + B view):
A:T18V	B:T215V	logit=-0.734
A:N55S	B:N252S	logit=-1.023
A:N54V	B:N251V	logit=-1.597
A:I30V	B:I227V	logit=-2.495
A:E100V	B:E297V	logit=-2.593

Top tied mutations (C + D view):
C:V218L	D:V491L	logit=-0.416
C:K191R	D:K464R	logit=-0.507
C:S180T	D:S453T	logit=-0.647
C:T42V	D:T315V	logit=-0.671
C:N51P	D:N324P	logit=-0.838

Top tied mutations (A + B view):
A:T18V	B:T215V	logit=-0.740
A:N55S	B:N252S	logit=-0.955
A:N54V	B:N251V	logit=-1.608
A:E100V	B:E297V	logit=-2.530
A:I30V	B:I227V	logit=-2.564

Top tied mutations (C + D view):
C:V218L	D:V491L	logit=-0.465
C:K191R	D:K464R	logit=-0.517
C:S180T	D:S453T	logit=-0.622
C:T42V	D:T315V	logit=-0.781
C:S89A	D:S362A	logit=-0.893

Top tied mutations (A + B view):
A:T18V	B:T215V	logit=-0.791
A:N55S	B:N252S	logit=-1.057
A:N54V	B:N251V	logit=-1.567
A:I30V	B:I227V	logit=-2.598
A:E100V	B:E297V	logit=-2.660

Top tied mutations (C + D view):
C:V218L	D:V491L	logit=-0.483
C:K191R	D:K464R	logit=-0.573
C:S180T	D:S453T	logit=-0.661
C:T42V	D:T315V	logit=-0.746
C:N219S	D:N492S	logit=-0.935

Top tied mutations (A + B view):
A:T18V	B:T215V	logit=-0.764
A:N55S	B:N252S	logit=-1.075
A:N54V	B:N251V	logit=-1.530
A:E100V	B:E297V	logit=-2.595
A:I30V	B:I227V	logit=-2.680

Top tied mutations (C + D view):
C:V218L	D:V491L	logit=-0.475
C:K191R	D:K464R	logit=-0.563
C:S180T	D:S453T	logit=-0.653
C:T42V	D:T315V	logit=-0.692
C:N51P	D:N324P	logit=-0.757

Top tied mutations (A + B view):
A:T18V	B:T215V	logit=-0.685
A:N55S	B:N252S	logit=-1.030
A:N54V	B:N251V	logit=-1.573
A:E100V	B:E297V	logit=-2.534
A:I30V	B:I227V	logit=-2.580

Top tied mutations (C + D view):
C:V218L	D:V491L	logit=-0.476
C:K191R	D:K464R	logit=-0.616
C:S180T	D:S453T	logit=-0.669
C:T42V	D:T315V	logit=-0.752
C:N51P	D:N324P	logit=-0.853

Top tied mutations (A + B view):
A:T18V	B:T215V	logit=-0.783
A:N55S	B:N252S	logit=-1.043
A:N54V	B:N251V	logit=-1.603
A:E100V	B:E297V	logit=-2.414
A:I30V	B:I227V	logit=-2.592

Top tied mutations (C + D view):
C:V218L	D:V491L	logit=-0.433
C:K191R	D:K464R	logit=-0.524
C:S180T	D:S453T	logit=-0.659
C:T42V	D:T315V	logit=-0.715
C:N51P	D:N324P	logit=-0.779

Top tied mutations (A + B view):
A:T18V	B:T215V	logit=-0.740
A:N55S	B:N252S	logit=-1.020
A:N54V	B:N251V	logit=-1.704
A:E100V	B:E297V	logit=-2.573
A:I30V	B:I227V	logit=-2.589

Top tied mutations (C + D view):
C:V218L	D:V491L	logit=-0.473
C:K191R	D:K464R	logit=-0.617
C:S180T	D:S453T	logit=-0.670
C:T42V	D:T315V	logit=-0.701
C:N51P	D:N324P	logit=-0.910

Top tied mutations (A + B view):
A:T18V	B:T215V	logit=-0.796
A:N55S	B:N252S	logit=-1.041
A:N54V	B:N251V	logit=-1.529
A:E100V	B:E297V	logit=-2.602
A:I30V	B:I227V	logit=-2.610

Top tied mutations (C + D view):
C:V218L	D:V491L	logit=-0.424
C:K191R	D:K464R	logit=-0.600
C:S180T	D:S453T	logit=-0.678
C:T42V	D:T315V	logit=-0.704
C:N51P	D:N324P	logit=-0.878

Top tied mutations (A + B view):
A:T18V	B:T215V	logit=-0.738
A:N55S	B:N252S	logit=-1.046
A:N54V	B:N251V	logit=-1.579
A:E100V	B:E297V	logit=-2.553
A:I30V	B:I227V	logit=-2.630

Top tied mutations (C + D view):
C:V218L	D:V491L	logit=-0.438
C:K191R	D:K464R	logit=-0.505
C:S180T	D:S453T	logit=-0.649
C:T42V	D:T315V	logit=-0.678
C:S89A	D:S362A	logit=-0.899

Top tied mutations (A + B view):
A:T18V	B:T215V	logit=-0.772
A:N55S	B:N252S	logit=-1.048
A:N54V	B:N251V	logit=-1.621
A:E100V	B:E297V	logit=-2.603
A:I30V	B:I227V	logit=-2.657

Top tied mutations (C + D view):
C:V218L	D:V491L	logit=-0.432
C:K191R	D:K464R	logit=-0.487
C:S180T	D:S453T	logit=-0.638
C:T42V	D:T315V	logit=-0.759
C:N51P	D:N324P	logit=-0.790

Top tied mutations (A + B view):
A:T18V	B:T215V	logit=-0.813
A:N55S	B:N252S	logit=-1.052
A:N54V	B:N251V	logit=-1.493
A:E100V	B:E297V	logit=-2.504
A:I30V	B:I227V	logit=-2.510

Top tied mutations (C + D view):
C:V218L	D:V491L	logit=-0.481
C:K191R	D:K464R	logit=-0.565
C:S180T	D:S453T	logit=-0.637
C:T42V	D:T315V	logit=-0.762
C:S89A	D:S362A	logit=-0.814

Top tied mutations (A + B view):
A:T18V	B:T215V	logit=-0.767
A:N55S	B:N252S	logit=-1.024
A:N54V	B:N251V	logit=-1.614
A:E100V	B:E297V	logit=-2.454
A:I30V	B:I227V	logit=-2.617

Top tied mutations (C + D view):
C:V218L	D:V491L	logit=-0.471
C:K191R	D:K464R	logit=-0.521
C:S180T	D:S453T	logit=-0.652
C:T42V	D:T315V	logit=-0.769
C:N51P	D:N324P	logit=-0.779

Top tied mutations (A + B view):
A:T18V	B:T215V	logit=-0.829
A:N55S	B:N252S	logit=-1.002
A:N54V	B:N251V	logit=-1.674
A:I30V	B:I227V	logit=-2.513
A:E100V	B:E297V	logit=-2.666

Top tied mutations (C + D view):
C:V218L	D:V491L	logit=-0.419
C:K191R	D:K464R	logit=-0.548
C:S180T	D:S453T	logit=-0.662
C:T42V	D:T315V	logit=-0.748
C:N51P	D:N324P	logit=-0.892

Top tied mutations (A + B view):
A:T18V	B:T215V	logit=-0.838
A:N55S	B:N252S	logit=-0.950
A:N54V	B:N251V	logit=-1.591
A:E100V	B:E297V	logit=-2.551
A:I30V	B:I227V	logit=-2.719

Top tied mutations (C + D view):
C:V218L	D:V491L	logit=-0.463
C:K191R	D:K464R	logit=-0.539
C:S180T	D:S453T	logit=-0.645
C:T42V	D:T315V	logit=-0.690
C:S89A	D:S362A	logit=-0.905

Top tied mutations (A + B view):
A:T18V	B:T215V	logit=-0.802
A:N55S	B:N252S	logit=-0.998
A:N54V	B:N251V	logit=-1.546
A:E100V	B:E297V	logit=-2.448
A:I30V	B:I227V	logit=-2.609

Top tied mutations (C + D view):
C:V218L	D:V491L	logit=-0.433
C:K191R	D:K464R	logit=-0.541
C:S180T	D:S453T	logit=-0.636
C:T42V	D:T315V	logit=-0.689
C:S89A	D:S362A	logit=-0.874

Top tied mutations (A + B view):
A:T18V	B:T215V	logit=-0.756
A:N55S	B:N252S	logit=-0.994
A:N54V	B:N251V	logit=-1.633
A:E100V	B:E297V	logit=-2.583
A:I30V	B:I227V	logit=-2.620

Top tied mutations (C + D view):
C:V218L	D:V491L	logit=-0.511
C:K191R	D:K464R	logit=-0.559
C:S180T	D:S453T	logit=-0.669
C:T42V	D:T315V	logit=-0.700
C:N51P	D:N324P	logit=-0.773

Top tied mutations (A + B view):
A:T18V	B:T215V	logit=-0.761
A:N55S	B:N252S	logit=-0.945
A:N54V	B:N251V	logit=-1.624
A:E100V	B:E297V	logit=-2.486
A:I30V	B:I227V	logit=-2.578

Top tied mutations (C + D view):
C:V218L	D:V491L	logit=-0.427
C:K191R	D:K464R	logit=-0.543
C:S180T	D:S453T	logit=-0.664
C:T42V	D:T315V	logit=-0.748
C:N51P	D:N324P	logit=-0.840

Top tied mutations (A + B view):
A:T18V	B:T215V	logit=-0.765
A:N55S	B:N252S	logit=-0.929
A:N54V	B:N251V	logit=-1.610
A:E100V	B:E297V	logit=-2.520
A:I30V	B:I227V	logit=-2.524

Top tied mutations (C + D view):
C:V218L	D:V491L	logit=-0.428
C:K191R	D:K464R	logit=-0.529
C:S180T	D:S453T	logit=-0.644
C:T42V	D:T315V	logit=-0.746
C:S89A	D:S362A	logit=-0.944

Top tied mutations (A + B view):
A:T18V	B:T215V	logit=-0.827
A:N55S	B:N252S	logit=-1.013
A:N54V	B:N251V	logit=-1.627
A:E100V	B:E297V	logit=-2.612
A:I30V	B:I227V	logit=-2.638

Top tied mutations (C + D view):
C:V218L	D:V491L	logit=-0.482
C:K191R	D:K464R	logit=-0.527
C:S180T	D:S453T	logit=-0.657
C:T42V	D:T315V	logit=-0.722
C:N51P	D:N324P	logit=-0.874

Top tied mutations (A + B view):
A:T18V	B:T215V	logit=-0.727
A:N55S	B:N252S	logit=-1.066
A:N54V	B:N251V	logit=-1.670
A:E100V	B:E297V	logit=-2.482
A:I30V	B:I227V	logit=-2.558

Top tied mutations (C + D view):
C:V218L	D:V491L	logit=-0.449
C:K191R	D:K464R	logit=-0.547
C:S180T	D:S453T	logit=-0.666
C:T42V	D:T315V	logit=-0.700
C:N51P	D:N324P	logit=-0.866

Top tied mutations (A + B view):
A:T18V	B:T215V	logit=-0.775
A:N55S	B:N252S	logit=-1.044
A:N54V	B:N251V	logit=-1.490
A:E100V	B:E297V	logit=-2.617
A:I30V	B:I227V	logit=-2.653

Top tied mutations (C + D view):
C:V218L	D:V491L	logit=-0.428
C:K191R	D:K464R	logit=-0.560
C:S180T	D:S453T	logit=-0.645
C:T42V	D:T315V	logit=-0.775
C:N51P	D:N324P	logit=-0.851

Top tied mutations (A + B view):
A:T18V	B:T215V	logit=-0.783
A:N55S	B:N252S	logit=-1.083
A:N54V	B:N251V	logit=-1.622
A:I30V	B:I227V	logit=-2.633
A:E100V	B:E297V	logit=-2.638

Top tied mutations (C + D view):
C:V218L	D:V491L	logit=-0.418
C:K191R	D:K464R	logit=-0.563
C:S180T	D:S453T	logit=-0.664
C:T42V	D:T315V	logit=-0.796
C:N51P	D:N324P	logit=-0.805

Top tied mutations (A + B view):
A:T18V	B:T215V	logit=-0.736
A:N55S	B:N252S	logit=-1.007
A:N54V	B:N251V	logit=-1.598
A:E100V	B:E297V	logit=-2.538
A:I30V	B:I227V	logit=-2.638

Top tied mutations (C + D view):
C:V218L	D:V491L	logit=-0.492
C:S180T	D:S453T	logit=-0.653
C:K191R	D:K464R	logit=-0.662
C:T42V	D:T315V	logit=-0.774
C:N51P	D:N324P	logit=-0.823

Top tied mutations (A + B view):
A:T18V	B:T215V	logit=-0.739
A:N55S	B:N252S	logit=-1.035
A:N54V	B:N251V	logit=-1.668
A:E100V	B:E297V	logit=-2.491
A:I30V	B:I227V	logit=-2.527

Top tied mutations (C + D view):
C:V218L	D:V491L	logit=-0.438
C:K191R	D:K464R	logit=-0.588
C:S180T	D:S453T	logit=-0.664
C:T42V	D:T315V	logit=-0.687
C:S89A	D:S362A	logit=-0.875

Top tied mutations (A + B view):
A:T18V	B:T215V	logit=-0.799
A:N55S	B:N252S	logit=-1.005
A:N54V	B:N251V	logit=-1.498
A:E100V	B:E297V	logit=-2.503
A:I30V	B:I227V	logit=-2.619

Top tied mutations (C + D view):
C:V218L	D:V491L	logit=-0.449
C:K191R	D:K464R	logit=-0.577
C:S180T	D:S453T	logit=-0.663
C:T42V	D:T315V	logit=-0.737
C:N51P	D:N324P	logit=-0.764

Top tied mutations (A + B view):
A:T18V	B:T215V	logit=-0.793
A:N55S	B:N252S	logit=-0.973
A:N54V	B:N251V	logit=-1.676
A:E100V	B:E297V	logit=-2.496
A:I30V	B:I227V	logit=-2.657

Top tied mutations (C + D view):
C:V218L	D:V491L	logit=-0.398
C:K191R	D:K464R	logit=-0.567
C:S180T	D:S453T	logit=-0.638
C:T42V	D:T315V	logit=-0.683
C:N51P	D:N324P	logit=-0.834

Top tied mutations (A + B view):
A:T18V	B:T215V	logit=-0.703
A:N55S	B:N252S	logit=-0.990
A:N54V	B:N251V	logit=-1.738
A:I30V	B:I227V	logit=-2.437
A:E100V	B:E297V	logit=-2.534

Top tied mutations (C + D view):
C:V218L	D:V491L	logit=-0.417
C:K191R	D:K464R	logit=-0.518
C:S180T	D:S453T	logit=-0.655
C:T42V	D:T315V	logit=-0.773
C:N51P	D:N324P	logit=-0.827

Top tied mutations (A + B view):
A:T18V	B:T215V	logit=-0.768
A:N55S	B:N252S	logit=-0.989
A:N54V	B:N251V	logit=-1.570
A:E100V	B:E297V	logit=-2.520
A:I30V	B:I227V	logit=-2.653

Top tied mutations (C + D view):
C:V218L	D:V491L	logit=-0.462
C:K191R	D:K464R	logit=-0.482
C:S180T	D:S453T	logit=-0.641
C:T42V	D:T315V	logit=-0.789
C:S89A	D:S362A	logit=-0.866

Top tied mutations (A + B view):
A:T18V	B:T215V	logit=-0.772
A:N55S	B:N252S	logit=-1.023
A:N54V	B:N251V	logit=-1.636
A:I30V	B:I227V	logit=-2.564
A:E100V	B:E297V	logit=-2.643

Top tied mutations (C + D view):
C:V218L	D:V491L	logit=-0.419
C:K191R	D:K464R	logit=-0.570
C:S180T	D:S453T	logit=-0.664
C:T42V	D:T315V	logit=-0.772
C:N51P	D:N324P	logit=-0.815

Top tied mutations (A + B view):
A:T18V	B:T215V	logit=-0.860
A:N55S	B:N252S	logit=-1.051
A:N54V	B:N251V	logit=-1.552
A:I30V	B:I227V	logit=-2.607
A:E100V	B:E297V	logit=-2.665

Top tied mutations (C + D view):
C:V218L	D:V491L	logit=-0.461
C:K191R	D:K464R	logit=-0.596
C:S180T	D:S453T	logit=-0.630
C:T42V	D:T315V	logit=-0.707
C:S89A	D:S362A	logit=-0.868

Top tied mutations (A + B view):
A:T18V	B:T215V	logit=-0.829
A:N55S	B:N252S	logit=-1.019
A:N54V	B:N251V	logit=-1.611
A:E100V	B:E297V	logit=-2.540
A:I30V	B:I227V	logit=-2.575

Top tied mutations (C + D view):
C:V218L	D:V491L	logit=-0.491
C:K191R	D:K464R	logit=-0.548
C:S180T	D:S453T	logit=-0.677
C:T42V	D:T315V	logit=-0.730
C:N51P	D:N324P	logit=-0.761

Top tied mutations (A + B view):
A:T18V	B:T215V	logit=-0.810
A:N55S	B:N252S	logit=-1.031
A:N54V	B:N251V	logit=-1.460
A:I30V	B:I227V	logit=-2.513
A:E100V	B:E297V	logit=-2.567

Top tied mutations (C + D view):
C:V218L	D:V491L	logit=-0.411
C:K191R	D:K464R	logit=-0.635
C:S180T	D:S453T	logit=-0.659
C:T42V	D:T315V	logit=-0.744
C:N51P	D:N324P	logit=-0.867

Top tied mutations (A + B view):
A:T18V	B:T215V	logit=-0.819
A:N55S	B:N252S	logit=-1.028
A:N54V	B:N251V	logit=-1.550
A:I30V	B:I227V	logit=-2.438
A:E100V	B:E297V	logit=-2.520

Top tied mutations (C + D view):
C:V218L	D:V491L	logit=-0.468
C:K191R	D:K464R	logit=-0.509
C:S180T	D:S453T	logit=-0.652
C:T42V	D:T315V	logit=-0.727
C:N51P	D:N324P	logit=-0.867

Top tied mutations (A + B view):
A:T18V	B:T215V	logit=-0.779
A:N55S	B:N252S	logit=-0.943
A:N54V	B:N251V	logit=-1.658
A:I30V	B:I227V	logit=-2.513
A:E100V	B:E297V	logit=-2.562

Top tied mutations (C + D view):
C:V218L	D:V491L	logit=-0.425
C:K191R	D:K464R	logit=-0.639
C:S180T	D:S453T	logit=-0.666
C:T42V	D:T315V	logit=-0.749
C:S89A	D:S362A	logit=-0.933

Top tied mutations (A + B view):
A:T18V	B:T215V	logit=-0.791
A:N55S	B:N252S	logit=-1.063
A:N54V	B:N251V	logit=-1.652
A:I30V	B:I227V	logit=-2.501
A:E100V	B:E297V	logit=-2.566

Top tied mutations (C + D view):
C:V218L	D:V491L	logit=-0.496
C:K191R	D:K464R	logit=-0.510
C:S180T	D:S453T	logit=-0.648
C:T42V	D:T315V	logit=-0.783
C:N51P	D:N324P	logit=-0.925

Top tied mutations (A + B view):
A:T18V	B:T215V	logit=-0.717
A:N55S	B:N252S	logit=-0.966
A:N54V	B:N251V	logit=-1.589
A:E100V	B:E297V	logit=-2.445
A:I30V	B:I227V	logit=-2.669

Top tied mutations (C + D view):
C:V218L	D:V491L	logit=-0.449
C:K191R	D:K464R	logit=-0.550
C:S180T	D:S453T	logit=-0.659
C:T42V	D:T315V	logit=-0.707
C:S89A	D:S362A	logit=-0.896

Top tied mutations (A + B view):
A:T18V	B:T215V	logit=-0.785
A:N55S	B:N252S	logit=-1.032
A:N54V	B:N251V	logit=-1.527
A:E100V	B:E297V	logit=-2.486
A:I30V	B:I227V	logit=-2.542

Top tied mutations (C + D view):
C:V218L	D:V491L	logit=-0.468
C:K191R	D:K464R	logit=-0.518
C:S180T	D:S453T	logit=-0.668
C:T42V	D:T315V	logit=-0.712
C:S89A	D:S362A	logit=-0.853

Top tied mutations (A + B view):
A:T18V	B:T215V	logit=-0.774
A:N55S	B:N252S	logit=-0.994
A:N54V	B:N251V	logit=-1.604
A:E100V	B:E297V	logit=-2.453
A:I30V	B:I227V	logit=-2.579

Top tied mutations (C + D view):
C:V218L	D:V491L	logit=-0.429
C:K191R	D:K464R	logit=-0.596
C:S180T	D:S453T	logit=-0.668
C:T42V	D:T315V	logit=-0.733
C:S89A	D:S362A	logit=-0.911

Top tied mutations (A + B view):
A:T18V	B:T215V	logit=-0.758
A:N55S	B:N252S	logit=-0.987
A:N54V	B:N251V	logit=-1.563
A:I30V	B:I227V	logit=-2.460
A:E100V	B:E297V	logit=-2.542

Top tied mutations (C + D view):
C:V218L	D:V491L	logit=-0.440
C:K191R	D:K464R	logit=-0.523
C:S180T	D:S453T	logit=-0.662
C:T42V	D:T315V	logit=-0.749
C:N51P	D:N324P	logit=-0.798

Top tied mutations (A + B view):
A:T18V	B:T215V	logit=-0.769
A:N55S	B:N252S	logit=-0.949
A:N54V	B:N251V	logit=-1.579
A:I30V	B:I227V	logit=-2.633
A:E100V	B:E297V	logit=-2.686

Top tied mutations (C + D view):
C:V218L	D:V491L	logit=-0.464
C:K191R	D:K464R	logit=-0.574
C:S180T	D:S453T	logit=-0.651
C:T42V	D:T315V	logit=-0.675
C:N51P	D:N324P	logit=-0.750

Top tied mutations (A + B view):
A:T18V	B:T215V	logit=-0.773
A:N55S	B:N252S	logit=-1.015
A:N54V	B:N251V	logit=-1.494
A:I30V	B:I227V	logit=-2.569
A:E100V	B:E297V	logit=-2.643

Top tied mutations (C + D view):
C:V218L	D:V491L	logit=-0.426
C:K191R	D:K464R	logit=-0.552
C:S180T	D:S453T	logit=-0.679
C:T42V	D:T315V	logit=-0.745
C:V40L	D:V313L	logit=-0.913

Top tied mutations (A + B view):
A:T18V	B:T215V	logit=-0.771
A:N55S	B:N252S	logit=-0.997
A:N54V	B:N251V	logit=-1.610
A:I30V	B:I227V	logit=-2.651
A:E100V	B:E297V	logit=-2.703

Top tied mutations (C + D view):
C:V218L	D:V491L	logit=-0.430
C:K191R	D:K464R	logit=-0.572
C:S180T	D:S453T	logit=-0.649
C:T42V	D:T315V	logit=-0.730
C:N51P	D:N324P	logit=-0.890

Top tied mutations (A + B view):
A:T18V	B:T215V	logit=-0.760
A:N55S	B:N252S	logit=-1.038
A:N54V	B:N251V	logit=-1.575
A:I30V	B:I227V	logit=-2.583
A:E100V	B:E297V	logit=-2.671

Top tied mutations (C + D view):
C:V218L	D:V491L	logit=-0.428
C:K191R	D:K464R	logit=-0.610
C:S180T	D:S453T	logit=-0.677
C:T42V	D:T315V	logit=-0.704
C:N51P	D:N324P	logit=-0.776

Top tied mutations (A + B view):
A:T18V	B:T215V	logit=-0.776
A:N55S	B:N252S	logit=-1.029
A:N54V	B:N251V	logit=-1.713
A:E100V	B:E297V	logit=-2.577
A:I30V	B:I227V	logit=-2.582

Top tied mutations (C + D view):
C:V218L	D:V491L	logit=-0.433
C:K191R	D:K464R	logit=-0.516
C:S180T	D:S453T	logit=-0.647
C:N51P	D:N324P	logit=-0.727
C:T42V	D:T315V	logit=-0.730

Top tied mutations (A + B view):
A:T18V	B:T215V	logit=-0.770
A:N55S	B:N252S	logit=-0.975
A:N54V	B:N251V	logit=-1.666
A:E100V	B:E297V	logit=-2.485
A:I30V	B:I227V	logit=-2.652

Top tied mutations (C + D view):
C:V218L	D:V491L	logit=-0.457
C:K191R	D:K464R	logit=-0.577
C:S180T	D:S453T	logit=-0.657
C:T42V	D:T315V	logit=-0.764
C:N51P	D:N324P	logit=-0.792

Top tied mutations (A + B view):
A:T18V	B:T215V	logit=-0.746
A:N55S	B:N252S	logit=-0.969
A:N54V	B:N251V	logit=-1.611
A:E100V	B:E297V	logit=-2.460
A:I30V	B:I227V	logit=-2.765

Top tied mutations (C + D view):
C:V218L	D:V491L	logit=-0.414
C:K191R	D:K464R	logit=-0.565
C:S180T	D:S453T	logit=-0.640
C:T42V	D:T315V	logit=-0.728
C:S89A	D:S362A	logit=-0.893

Top tied mutations (A + B view):
A:T18V	B:T215V	logit=-0.769
A:N55S	B:N252S	logit=-0.978
A:N54V	B:N251V	logit=-1.585
A:E100V	B:E297V	logit=-2.516
A:I30V	B:I227V	logit=-2.557

Top tied mutations (C + D view):
C:V218L	D:V491L	logit=-0.430
C:K191R	D:K464R	logit=-0.602
C:S180T	D:S453T	logit=-0.646
C:T42V	D:T315V	logit=-0.726
C:N51P	D:N324P	logit=-0.904

Top tied mutations (A + B view):
A:T18V	B:T215V	logit=-0.750
A:N55S	B:N252S	logit=-1.020
A:N54V	B:N251V	logit=-1.552
A:E100V	B:E297V	logit=-2.466
A:I30V	B:I227V	logit=-2.638

Top tied mutations (C + D view):
C:V218L	D:V491L	logit=-0.470
C:K191R	D:K464R	logit=-0.531
C:S180T	D:S453T	logit=-0.675
C:T42V	D:T315V	logit=-0.730
C:S89A	D:S362A	logit=-0.886

Top tied mutations (A + B view):
A:T18V	B:T215V	logit=-0.765
A:N55S	B:N252S	logit=-0.985
A:N54V	B:N251V	logit=-1.560
A:I30V	B:I227V	logit=-2.449
A:E100V	B:E297V	logit=-2.454

Top tied mutations (C + D view):
C:V218L	D:V491L	logit=-0.493
C:K191R	D:K464R	logit=-0.559
C:S180T	D:S453T	logit=-0.656
C:T42V	D:T315V	logit=-0.706
C:N51P	D:N324P	logit=-0.716

Top tied mutations (A + B view):
A:T18V	B:T215V	logit=-0.808
A:N55S	B:N252S	logit=-1.010
A:N54V	B:N251V	logit=-1.661
A:I30V	B:I227V	logit=-2.473
A:E100V	B:E297V	logit=-2.589

Top tied mutations (C + D view):
C:V218L	D:V491L	logit=-0.466
C:K191R	D:K464R	logit=-0.562
C:T42V	D:T315V	logit=-0.675
C:S180T	D:S453T	logit=-0.679
C:S89A	D:S362A	logit=-0.815

Top tied mutations (A + B view):
A:T18V	B:T215V	logit=-0.789
A:N55S	B:N252S	logit=-1.030
A:N54V	B:N251V	logit=-1.602
A:E100V	B:E297V	logit=-2.439
A:I30V	B:I227V	logit=-2.621

Top tied mutations (C + D view):
C:V218L	D:V491L	logit=-0.421
C:K191R	D:K464R	logit=-0.581
C:S180T	D:S453T	logit=-0.651
C:T42V	D:T315V	logit=-0.743
C:N51P	D:N324P	logit=-0.824

Top tied mutations (A + B view):
A:T18V	B:T215V	logit=-0.797
A:N55S	B:N252S	logit=-0.973
A:N54V	B:N251V	logit=-1.661
A:I30V	B:I227V	logit=-2.571
A:E100V	B:E297V	logit=-2.601

Top tied mutations (C + D view):
C:V218L	D:V491L	logit=-0.463
C:K191R	D:K464R	logit=-0.563
C:S180T	D:S453T	logit=-0.626
C:T42V	D:T315V	logit=-0.686
C:N51P	D:N324P	logit=-0.911

Top tied mutations (A + B view):
A:T18V	B:T215V	logit=-0.740
A:N55S	B:N252S	logit=-0.960
A:N54V	B:N251V	logit=-1.511
A:I30V	B:I227V	logit=-2.409
A:E100V	B:E297V	logit=-2.611

Top tied mutations (C + D view):
C:V218L	D:V491L	logit=-0.407
C:K191R	D:K464R	logit=-0.514
C:S180T	D:S453T	logit=-0.656
C:T42V	D:T315V	logit=-0.764
C:S89A	D:S362A	logit=-0.874

Top tied mutations (A + B view):
A:T18V	B:T215V	logit=-0.862
A:N55S	B:N252S	logit=-0.992
A:N54V	B:N251V	logit=-1.510
A:E100V	B:E297V	logit=-2.521
A:I30V	B:I227V	logit=-2.657

Top tied mutations (C + D view):
C:V218L	D:V491L	logit=-0.485
C:K191R	D:K464R	logit=-0.588
C:S180T	D:S453T	logit=-0.658
C:T42V	D:T315V	logit=-0.730
C:N51P	D:N324P	logit=-0.763

Top tied mutations (A + B view):
A:T18V	B:T215V	logit=-0.839
A:N55S	B:N252S	logit=-1.041
A:N54V	B:N251V	logit=-1.527
A:I30V	B:I227V	logit=-2.567
A:E100V	B:E297V	logit=-2.653

Top tied mutations (C + D view):
C:V218L	D:V491L	logit=-0.461
C:K191R	D:K464R	logit=-0.588
C:S180T	D:S453T	logit=-0.675
C:T42V	D:T315V	logit=-0.713
C:S89A	D:S362A	logit=-0.903

Top tied mutations (A + B view):
A:T18V	B:T215V	logit=-0.791
A:N55S	B:N252S	logit=-1.039
A:N54V	B:N251V	logit=-1.522
A:E100V	B:E297V	logit=-2.512
A:I30V	B:I227V	logit=-2.631

Top tied mutations (C + D view):
C:K191R	D:K464R	logit=-0.471
C:V218L	D:V491L	logit=-0.476
C:S180T	D:S453T	logit=-0.642
C:T42V	D:T315V	logit=-0.688
C:N51P	D:N324P	logit=-0.818

Top tied mutations (A + B view):
A:T18V	B:T215V	logit=-0.760
A:N55S	B:N252S	logit=-1.009
A:N54V	B:N251V	logit=-1.641
A:I30V	B:I227V	logit=-2.608
A:E100V	B:E297V	logit=-2.662

Top tied mutations (C + D view):
C:V218L	D:V491L	logit=-0.424
C:K191R	D:K464R	logit=-0.496
C:S180T	D:S453T	logit=-0.660
C:T42V	D:T315V	logit=-0.700
C:N51P	D:N324P	logit=-0.777

Top tied mutations (A + B view):
A:T18V	B:T215V	logit=-0.799
A:N55S	B:N252S	logit=-1.028
A:N54V	B:N251V	logit=-1.663
A:I30V	B:I227V	logit=-2.530
A:E100V	B:E297V	logit=-2.611

Top tied mutations (C + D view):
C:V218L	D:V491L	logit=-0.480
C:K191R	D:K464R	logit=-0.562
C:S180T	D:S453T	logit=-0.651
C:T42V	D:T315V	logit=-0.775
C:N51P	D:N324P	logit=-0.872

Top tied mutations (A + B view):
A:T18V	B:T215V	logit=-0.826
A:N55S	B:N252S	logit=-1.025
A:N54V	B:N251V	logit=-1.590
A:I30V	B:I227V	logit=-2.504
A:E100V	B:E297V	logit=-2.560

Top tied mutations (C + D view):
C:V218L	D:V491L	logit=-0.454
C:K191R	D:K464R	logit=-0.644
C:S180T	D:S453T	logit=-0.673
C:T42V	D:T315V	logit=-0.761
C:N51P	D:N324P	logit=-0.841

Top tied mutations (A + B view):
A:T18V	B:T215V	logit=-0.847
A:N55S	B:N252S	logit=-1.001
A:N54V	B:N251V	logit=-1.621
A:I30V	B:I227V	logit=-2.566
A:E100V	B:E297V	logit=-2.597

Top tied mutations (C + D view):
C:V218L	D:V491L	logit=-0.425
C:K191R	D:K464R	logit=-0.549
C:S180T	D:S453T	logit=-0.652
C:T42V	D:T315V	logit=-0.750
C:N51P	D:N324P	logit=-0.803

Top tied mutations (A + B view):
A:T18V	B:T215V	logit=-0.760
A:N55S	B:N252S	logit=-1.004
A:N54V	B:N251V	logit=-1.610
A:I30V	B:I227V	logit=-2.564
A:E100V	B:E297V	logit=-2.592

Top tied mutations (C + D view):
C:V218L	D:V491L	logit=-0.426
C:K191R	D:K464R	logit=-0.593
C:S180T	D:S453T	logit=-0.670
C:T42V	D:T315V	logit=-0.710
C:N51P	D:N324P	logit=-0.715

Top tied mutations (A + B view):
A:T18V	B:T215V	logit=-0.860
A:N55S	B:N252S	logit=-1.017
A:N54V	B:N251V	logit=-1.596
A:E100V	B:E297V	logit=-2.505
A:I30V	B:I227V	logit=-2.615

Top tied mutations (C + D view):
C:V218L	D:V491L	logit=-0.424
C:K191R	D:K464R	logit=-0.633
C:S180T	D:S453T	logit=-0.641
C:T42V	D:T315V	logit=-0.709
C:N51P	D:N324P	logit=-0.816

Top tied mutations (A + B view):
A:T18V	B:T215V	logit=-0.779
A:N55S	B:N252S	logit=-0.994
A:N54V	B:N251V	logit=-1.583
A:I30V	B:I227V	logit=-2.562
A:E100V	B:E297V	logit=-2.574

Top tied mutations (C + D view):
C:V218L	D:V491L	logit=-0.445
C:K191R	D:K464R	logit=-0.551
C:S180T	D:S453T	logit=-0.657
C:T42V	D:T315V	logit=-0.681
C:N51P	D:N324P	logit=-0.746

Top tied mutations (A + B view):
A:T18V	B:T215V	logit=-0.711
A:N55S	B:N252S	logit=-1.074
A:N54V	B:N251V	logit=-1.596
A:E100V	B:E297V	logit=-2.555
A:I30V	B:I227V	logit=-2.609

Top tied mutations (C + D view):
C:V218L	D:V491L	logit=-0.433
C:K191R	D:K464R	logit=-0.502
C:S180T	D:S453T	logit=-0.658
C:T42V	D:T315V	logit=-0.750
C:N51P	D:N324P	logit=-0.836

Top tied mutations (A + B view):
A:T18V	B:T215V	logit=-0.731
A:N55S	B:N252S	logit=-1.003
A:N54V	B:N251V	logit=-1.639
A:E100V	B:E297V	logit=-2.490
A:I30V	B:I227V	logit=-2.552

Top tied mutations (C + D view):
C:V218L	D:V491L	logit=-0.453
C:K191R	D:K464R	logit=-0.554
C:S180T	D:S453T	logit=-0.668
C:T42V	D:T315V	logit=-0.719
C:N51P	D:N324P	logit=-0.792

Top tied mutations (A + B view):
A:T18V	B:T215V	logit=-0.752
A:N55S	B:N252S	logit=-1.049
A:N54V	B:N251V	logit=-1.681
A:E100V	B:E297V	logit=-2.450
A:I30V	B:I227V	logit=-2.654

Top tied mutations (C + D view):
C:V218L	D:V491L	logit=-0.441
C:K191R	D:K464R	logit=-0.511
C:S180T	D:S453T	logit=-0.647
C:T42V	D:T315V	logit=-0.680
C:N51P	D:N324P	logit=-0.868

Top tied mutations (A + B view):
A:T18V	B:T215V	logit=-0.835
A:N55S	B:N252S	logit=-1.028
A:N54V	B:N251V	logit=-1.722
A:I30V	B:I227V	logit=-2.536
A:E100V	B:E297V	logit=-2.598

Top tied mutations (C + D view):
C:V218L	D:V491L	logit=-0.425
C:K191R	D:K464R	logit=-0.586
C:S180T	D:S453T	logit=-0.656
C:T42V	D:T315V	logit=-0.717
C:N51P	D:N324P	logit=-0.897

Top tied mutations (A + B view):
A:T18V	B:T215V	logit=-0.794
A:N55S	B:N252S	logit=-1.031
A:N54V	B:N251V	logit=-1.666
A:I30V	B:I227V	logit=-2.528
A:E100V	B:E297V	logit=-2.655

Top tied mutations (C + D view):
C:V218L	D:V491L	logit=-0.463
C:K191R	D:K464R	logit=-0.545
C:S180T	D:S453T	logit=-0.675
C:N51P	D:N324P	logit=-0.678
C:T42V	D:T315V	logit=-0.744

Top tied mutations (A + B view):
A:T18V	B:T215V	logit=-0.779
A:N55S	B:N252S	logit=-0.935
A:N54V	B:N251V	logit=-1.599
A:E100V	B:E297V	logit=-2.487
A:I30V	B:I227V	logit=-2.591

Top tied mutations (C + D view):
C:V218L	D:V491L	logit=-0.423
C:K191R	D:K464R	logit=-0.526
C:S180T	D:S453T	logit=-0.623
C:T42V	D:T315V	logit=-0.754
C:N51P	D:N324P	logit=-0.868

Top tied mutations (A + B view):
A:T18V	B:T215V	logit=-0.779
A:N55S	B:N252S	logit=-0.967
A:N54V	B:N251V	logit=-1.676
A:E100V	B:E297V	logit=-2.506
A:I30V	B:I227V	logit=-2.641

Top tied mutations (C + D view):
C:V218L	D:V491L	logit=-0.476
C:K191R	D:K464R	logit=-0.562
C:S180T	D:S453T	logit=-0.660
C:T42V	D:T315V	logit=-0.773
C:N51P	D:N324P	logit=-0.829

Top tied mutations (A + B view):
A:T18V	B:T215V	logit=-0.770
A:N55S	B:N252S	logit=-1.032
A:N54V	B:N251V	logit=-1.527
A:I30V	B:I227V	logit=-2.503
A:E100V	B:E297V	logit=-2.522

Top tied mutations (C + D view):
C:V218L	D:V491L	logit=-0.444
C:K191R	D:K464R	logit=-0.580
C:S180T	D:S453T	logit=-0.637
C:T42V	D:T315V	logit=-0.764
C:S89A	D:S362A	logit=-0.837

Top tied mutations (A + B view):
A:T18V	B:T215V	logit=-0.802
A:N55S	B:N252S	logit=-1.024
A:N54V	B:N251V	logit=-1.595
A:I30V	B:I227V	logit=-2.540
A:E100V	B:E297V	logit=-2.633

Top tied mutations (C + D view):
C:V218L	D:V491L	logit=-0.501
C:K191R	D:K464R	logit=-0.593
C:S180T	D:S453T	logit=-0.660
C:T42V	D:T315V	logit=-0.728
C:N219S	D:N492S	logit=-0.910

Top tied mutations (A + B view):
A:T18V	B:T215V	logit=-0.797
A:N55S	B:N252S	logit=-1.011
A:N54V	B:N251V	logit=-1.569
A:E100V	B:E297V	logit=-2.450
A:I30V	B:I227V	logit=-2.601

Top tied mutations (C + D view):
C:V218L	D:V491L	logit=-0.496
C:K191R	D:K464R	logit=-0.560
C:S180T	D:S453T	logit=-0.632
C:T42V	D:T315V	logit=-0.698
C:N51P	D:N324P	logit=-0.804

Top tied mutations (A + B view):
A:T18V	B:T215V	logit=-0.812
A:N55S	B:N252S	logit=-1.079
A:N54V	B:N251V	logit=-1.630
A:E100V	B:E297V	logit=-2.508
A:I30V	B:I227V	logit=-2.725

Top tied mutations (C + D view):
C:V218L	D:V491L	logit=-0.470
C:K191R	D:K464R	logit=-0.591
C:S180T	D:S453T	logit=-0.640
C:T42V	D:T315V	logit=-0.757
C:N51P	D:N324P	logit=-0.835

Top tied mutations (A + B view):
A:T18V	B:T215V	logit=-0.763
A:N55S	B:N252S	logit=-1.018
A:N54V	B:N251V	logit=-1.602
A:I30V	B:I227V	logit=-2.537
A:E100V	B:E297V	logit=-2.556

Top tied mutations (C + D view):
C:V218L	D:V491L	logit=-0.491
C:K191R	D:K464R	logit=-0.595
C:S180T	D:S453T	logit=-0.659
C:T42V	D:T315V	logit=-0.684
C:N51P	D:N324P	logit=-0.779

Top tied mutations (A + B view):
A:T18V	B:T215V	logit=-0.760
A:N55S	B:N252S	logit=-0.960
A:N54V	B:N251V	logit=-1.556
A:E100V	B:E297V	logit=-2.603
A:I30V	B:I227V	logit=-2.651

Top tied mutations (C + D view):
C:V218L	D:V491L	logit=-0.435
C:K191R	D:K464R	logit=-0.581
C:S180T	D:S453T	logit=-0.648
C:T42V	D:T315V	logit=-0.730
C:N51P	D:N324P	logit=-0.788

Top tied mutations (A + B view):
A:T18V	B:T215V	logit=-0.817
A:N55S	B:N252S	logit=-1.060
A:N54V	B:N251V	logit=-1.705
A:I30V	B:I227V	logit=-2.489
A:E100V	B:E297V	logit=-2.516

Top tied mutations (C + D view):
C:V218L	D:V491L	logit=-0.441
C:K191R	D:K464R	logit=-0.583
C:S180T	D:S453T	logit=-0.665
C:T42V	D:T315V	logit=-0.768
C:N51P	D:N324P	logit=-0.867

Top tied mutations (A + B view):
A:T18V	B:T215V	logit=-0.741
A:N55S	B:N252S	logit=-0.958
A:N54V	B:N251V	logit=-1.634
A:E100V	B:E297V	logit=-2.464
A:I30V	B:I227V	logit=-2.523

Top tied mutations (C + D view):
C:V218L	D:V491L	logit=-0.469
C:K191R	D:K464R	logit=-0.542
C:S180T	D:S453T	logit=-0.649
C:T42V	D:T315V	logit=-0.726
C:N51P	D:N324P	logit=-0.826

Top tied mutations (A + B view):
A:T18V	B:T215V	logit=-0.776
A:N55S	B:N252S	logit=-1.028
A:N54V	B:N251V	logit=-1.484
A:I30V	B:I227V	logit=-2.490
A:E100V	B:E297V	logit=-2.610

Top tied mutations (C + D view):
C:V218L	D:V491L	logit=-0.450
C:K191R	D:K464R	logit=-0.571
C:S180T	D:S453T	logit=-0.655
C:T42V	D:T315V	logit=-0.736
C:N51P	D:N324P	logit=-0.778

Top tied mutations (A + B view):
A:T18V	B:T215V	logit=-0.790
A:N55S	B:N252S	logit=-1.032
A:N54V	B:N251V	logit=-1.545
A:E100V	B:E297V	logit=-2.523
A:I30V	B:I227V	logit=-2.659

Top tied mutations (C + D view):
C:V218L	D:V491L	logit=-0.447
C:K191R	D:K464R	logit=-0.518
C:S180T	D:S453T	logit=-0.660
C:T42V	D:T315V	logit=-0.755
C:S89A	D:S362A	logit=-0.830

Top tied mutations (A + B view):
A:T18V	B:T215V	logit=-0.862
A:N55S	B:N252S	logit=-0.978
A:N54V	B:N251V	logit=-1.634
A:I30V	B:I227V	logit=-2.551
A:E100V	B:E297V	logit=-2.585

Top tied mutations (C + D view):
C:V218L	D:V491L	logit=-0.439
C:K191R	D:K464R	logit=-0.530
C:S180T	D:S453T	logit=-0.669
C:N51P	D:N324P	logit=-0.753
C:T42V	D:T315V	logit=-0.778

Top tied mutations (A + B view):
A:T18V	B:T215V	logit=-0.745
A:N55S	B:N252S	logit=-0.992
A:N54V	B:N251V	logit=-1.845
A:E100V	B:E297V	logit=-2.527
A:I30V	B:I227V	logit=-2.705

Top tied mutations (C + D view):
C:V218L	D:V491L	logit=-0.431
C:K191R	D:K464R	logit=-0.559
C:S180T	D:S453T	logit=-0.645
C:T42V	D:T315V	logit=-0.680
C:N51P	D:N324P	logit=-0.768

Top tied mutations (A + B view):
A:T18V	B:T215V	logit=-0.789
A:N55S	B:N252S	logit=-1.024
A:N54V	B:N251V	logit=-1.615
A:E100V	B:E297V	logit=-2.467
A:I30V	B:I227V	logit=-2.575

Top tied mutations (C + D view):
C:V218L	D:V491L	logit=-0.433
C:K191R	D:K464R	logit=-0.544
C:S180T	D:S453T	logit=-0.661
C:T42V	D:T315V	logit=-0.672
C:N51P	D:N324P	logit=-0.802

Top tied mutations (A + B view):
A:T18V	B:T215V	logit=-0.724
A:N55S	B:N252S	logit=-1.016
A:N54V	B:N251V	logit=-1.628
A:E100V	B:E297V	logit=-2.607
A:I30V	B:I227V	logit=-2.701

Top tied mutations (C + D view):
C:V218L	D:V491L	logit=-0.458
C:K191R	D:K464R	logit=-0.527
C:T42V	D:T315V	logit=-0.682
C:S180T	D:S453T	logit=-0.692
C:N51P	D:N324P	logit=-0.828

Top tied mutations (A + B view):
A:T18V	B:T215V	logit=-0.724
A:N55S	B:N252S	logit=-0.997
A:N54V	B:N251V	logit=-1.609
A:I30V	B:I227V	logit=-2.539
A:E100V	B:E297V	logit=-2.561

Top tied mutations (C + D view):
C:V218L	D:V491L	logit=-0.488
C:K191R	D:K464R	logit=-0.554
C:S180T	D:S453T	logit=-0.641
C:T42V	D:T315V	logit=-0.716
C:S89A	D:S362A	logit=-0.888

Top tied mutations (A + B view):
A:T18V	B:T215V	logit=-0.767
A:N55S	B:N252S	logit=-1.003
A:N54V	B:N251V	logit=-1.524
A:E100V	B:E297V	logit=-2.504
A:I30V	B:I227V	logit=-2.651

Top tied mutations (C + D view):
C:V218L	D:V491L	logit=-0.425
C:K191R	D:K464R	logit=-0.533
C:S180T	D:S453T	logit=-0.660
C:T42V	D:T315V	logit=-0.797
C:S89A	D:S362A	logit=-0.924

Top tied mutations (A + B view):
A:T18V	B:T215V	logit=-0.786
A:N55S	B:N252S	logit=-1.010
A:N54V	B:N251V	logit=-1.593
A:E100V	B:E297V	logit=-2.535
A:I30V	B:I227V	logit=-2.637

Top tied mutations (C + D view):
C:V218L	D:V491L	logit=-0.408
C:K191R	D:K464R	logit=-0.541
C:S180T	D:S453T	logit=-0.641
C:T42V	D:T315V	logit=-0.762
C:N51P	D:N324P	logit=-0.765

Top tied mutations (A + B view):
A:T18V	B:T215V	logit=-0.807
A:N55S	B:N252S	logit=-1.051
A:N54V	B:N251V	logit=-1.590
A:E100V	B:E297V	logit=-2.463
A:I30V	B:I227V	logit=-2.680

Top tied mutations (C + D view):
C:V218L	D:V491L	logit=-0.420
C:K191R	D:K464R	logit=-0.538
C:S180T	D:S453T	logit=-0.624
C:T42V	D:T315V	logit=-0.720
C:N51P	D:N324P	logit=-0.919

Top tied mutations (A + B view):
A:T18V	B:T215V	logit=-0.783
A:N55S	B:N252S	logit=-0.967
A:N54V	B:N251V	logit=-1.744
A:I30V	B:I227V	logit=-2.495
A:E100V	B:E297V	logit=-2.613

Top tied mutations (C + D view):
C:V218L	D:V491L	logit=-0.465
C:K191R	D:K464R	logit=-0.554
C:S180T	D:S453T	logit=-0.639
C:T42V	D:T315V	logit=-0.697
C:A168P	D:A441P	logit=-0.881

Top tied mutations (A + B view):
A:T18V	B:T215V	logit=-0.765
A:N55S	B:N252S	logit=-1.007
A:N54V	B:N251V	logit=-1.588
A:E100V	B:E297V	logit=-2.543
A:I30V	B:I227V	logit=-2.688

Top tied mutations (C + D view):
C:V218L	D:V491L	logit=-0.479
C:K191R	D:K464R	logit=-0.569
C:S180T	D:S453T	logit=-0.634
C:T42V	D:T315V	logit=-0.705
C:N51P	D:N324P	logit=-0.742

Top tied mutations (A + B view):
A:T18V	B:T215V	logit=-0.826
A:N55S	B:N252S	logit=-1.026
A:N54V	B:N251V	logit=-1.490
A:I30V	B:I227V	logit=-2.569
A:E100V	B:E297V	logit=-2.617

Top tied mutations (C + D view):
C:V218L	D:V491L	logit=-0.428
C:K191R	D:K464R	logit=-0.553
C:S180T	D:S453T	logit=-0.655
C:T42V	D:T315V	logit=-0.729
C:S89A	D:S362A	logit=-0.856

Top tied mutations (A + B view):
A:T18V	B:T215V	logit=-0.815
A:N55S	B:N252S	logit=-1.024
A:N54V	B:N251V	logit=-1.518
A:E100V	B:E297V	logit=-2.569
A:I30V	B:I227V	logit=-2.722

Top tied mutations (C + D view):
C:K191R	D:K464R	logit=-0.456
C:V218L	D:V491L	logit=-0.479
C:S180T	D:S453T	logit=-0.654
C:T42V	D:T315V	logit=-0.768
C:S89A	D:S362A	logit=-0.871

Top tied mutations (A + B view):
A:T18V	B:T215V	logit=-0.777
A:N55S	B:N252S	logit=-0.998
A:N54V	B:N251V	logit=-1.649
A:I30V	B:I227V	logit=-2.548
A:E100V	B:E297V	logit=-2.617

Top tied mutations (C + D view):
C:V218L	D:V491L	logit=-0.424
C:K191R	D:K464R	logit=-0.500
C:S180T	D:S453T	logit=-0.672
C:N51P	D:N324P	logit=-0.743
C:T42V	D:T315V	logit=-0.769

Top tied mutations (A + B view):
A:T18V	B:T215V	logit=-0.747
A:N55S	B:N252S	logit=-0.912
A:N54V	B:N251V	logit=-1.606
A:I30V	B:I227V	logit=-2.538
A:E100V	B:E297V	logit=-2.540

Top tied mutations (C + D view):
C:V218L	D:V491L	logit=-0.461
C:K191R	D:K464R	logit=-0.559
C:S180T	D:S453T	logit=-0.656
C:N51P	D:N324P	logit=-0.745
C:T42V	D:T315V	logit=-0.809

Top tied mutations (A + B view):
A:T18V	B:T215V	logit=-0.811
A:N55S	B:N252S	logit=-1.061
A:N54V	B:N251V	logit=-1.632
A:E100V	B:E297V	logit=-2.497
A:I30V	B:I227V	logit=-2.615

Top tied mutations (C + D view):
C:V218L	D:V491L	logit=-0.456
C:K191R	D:K464R	logit=-0.501
C:S180T	D:S453T	logit=-0.636
C:T42V	D:T315V	logit=-0.741
C:N51P	D:N324P	logit=-0.796

Top tied mutations (A + B view):
A:T18V	B:T215V	logit=-0.760
A:N55S	B:N252S	logit=-0.976
A:N54V	B:N251V	logit=-1.723
A:E100V	B:E297V	logit=-2.478
A:I30V	B:I227V	logit=-2.546

Top tied mutations (C + D view):
C:V218L	D:V491L	logit=-0.468
C:K191R	D:K464R	logit=-0.520
C:S180T	D:S453T	logit=-0.646
C:T42V	D:T315V	logit=-0.722
C:N51P	D:N324P	logit=-0.738

Top tied mutations (A + B view):
A:T18V	B:T215V	logit=-0.747
A:N55S	B:N252S	logit=-0.975
A:N54V	B:N251V	logit=-1.512
A:I30V	B:I227V	logit=-2.479
A:E100V	B:E297V	logit=-2.541

Top tied mutations (C + D view):
C:V218L	D:V491L	logit=-0.454
C:K191R	D:K464R	logit=-0.562
C:S180T	D:S453T	logit=-0.672
C:T42V	D:T315V	logit=-0.718
C:N51P	D:N324P	logit=-0.882

Top tied mutations (A + B view):
A:T18V	B:T215V	logit=-0.809
A:N55S	B:N252S	logit=-1.033
A:N54V	B:N251V	logit=-1.603
A:E100V	B:E297V	logit=-2.510
A:I30V	B:I227V	logit=-2.554

Top tied mutations (C + D view):
C:V218L	D:V491L	logit=-0.464
C:K191R	D:K464R	logit=-0.587
C:S180T	D:S453T	logit=-0.657
C:T42V	D:T315V	logit=-0.701
C:N51P	D:N324P	logit=-0.808

Top tied mutations (A + B view):
A:T18V	B:T215V	logit=-0.812
A:N55S	B:N252S	logit=-0.995
A:N54V	B:N251V	logit=-1.728
A:I30V	B:I227V	logit=-2.597
A:E100V	B:E297V	logit=-2.617

Top tied mutations (C + D view):
C:V218L	D:V491L	logit=-0.414
C:K191R	D:K464R	logit=-0.561
C:S180T	D:S453T	logit=-0.678
C:T42V	D:T315V	logit=-0.744
C:A168P	D:A441P	logit=-0.919

Top tied mutations (A + B view):
A:T18V	B:T215V	logit=-0.760
A:N55S	B:N252S	logit=-1.023
A:N54V	B:N251V	logit=-1.481
A:E100V	B:E297V	logit=-2.448
A:I30V	B:I227V	logit=-2.524

Top tied mutations (C + D view):
C:V218L	D:V491L	logit=-0.432
C:K191R	D:K464R	logit=-0.540
C:S180T	D:S453T	logit=-0.660
C:T42V	D:T315V	logit=-0.771
C:N51P	D:N324P	logit=-0.819

Top tied mutations (A + B view):
A:T18V	B:T215V	logit=-0.750
A:N55S	B:N252S	logit=-0.990
A:N54V	B:N251V	logit=-1.576
A:E100V	B:E297V	logit=-2.594
A:I30V	B:I227V	logit=-2.733

Top tied mutations (C + D view):
C:V218L	D:V491L	logit=-0.472
C:K191R	D:K464R	logit=-0.565
C:S180T	D:S453T	logit=-0.649
C:T42V	D:T315V	logit=-0.680
C:S89A	D:S362A	logit=-0.903

Top tied mutations (A + B view):
A:T18V	B:T215V	logit=-0.775
A:N55S	B:N252S	logit=-0.999
A:N54V	B:N251V	logit=-1.526
A:E100V	B:E297V	logit=-2.494
A:I30V	B:I227V	logit=-2.591

Top tied mutations (C + D view):
C:V218L	D:V491L	logit=-0.437
C:K191R	D:K464R	logit=-0.497
C:S180T	D:S453T	logit=-0.634
C:T42V	D:T315V	logit=-0.773
C:N51P	D:N324P	logit=-0.846

Top tied mutations (A + B view):
A:T18V	B:T215V	logit=-0.782
A:N55S	B:N252S	logit=-1.021
A:N54V	B:N251V	logit=-1.521
A:E100V	B:E297V	logit=-2.552
A:I30V	B:I227V	logit=-2.648

Top tied mutations (C + D view):
C:V218L	D:V491L	logit=-0.434
C:K191R	D:K464R	logit=-0.623
C:S180T	D:S453T	logit=-0.649
C:T42V	D:T315V	logit=-0.716
C:N51P	D:N324P	logit=-0.862

Top tied mutations (A + B view):
A:T18V	B:T215V	logit=-0.785
A:N55S	B:N252S	logit=-0.993
A:N54V	B:N251V	logit=-1.528
A:E100V	B:E297V	logit=-2.508
A:I30V	B:I227V	logit=-2.562

Top tied mutations (C + D view):
C:V218L	D:V491L	logit=-0.493
C:K191R	D:K464R	logit=-0.563
C:S180T	D:S453T	logit=-0.663
C:T42V	D:T315V	logit=-0.697
C:N51P	D:N324P	logit=-0.909

Top tied mutations (A + B view):
A:T18V	B:T215V	logit=-0.784
A:N55S	B:N252S	logit=-0.994
A:N54V	B:N251V	logit=-1.591
A:I30V	B:I227V	logit=-2.563
A:E100V	B:E297V	logit=-2.588

Top tied mutations (C + D view):
C:V218L	D:V491L	logit=-0.432
C:K191R	D:K464R	logit=-0.586
C:S180T	D:S453T	logit=-0.659
C:T42V	D:T315V	logit=-0.716
C:N51P	D:N324P	logit=-0.767

Top tied mutations (A + B view):
A:T18V	B:T215V	logit=-0.779
A:N55S	B:N252S	logit=-0.959
A:N54V	B:N251V	logit=-1.564
A:E100V	B:E297V	logit=-2.541
A:I30V	B:I227V	logit=-2.642

Top tied mutations (C + D view):
C:V218L	D:V491L	logit=-0.445
C:K191R	D:K464R	logit=-0.570
C:S180T	D:S453T	logit=-0.677
C:T42V	D:T315V	logit=-0.690
C:N51P	D:N324P	logit=-0.748

Top tied mutations (A + B view):
A:T18V	B:T215V	logit=-0.801
A:N55S	B:N252S	logit=-1.022
A:N54V	B:N251V	logit=-1.580
A:E100V	B:E297V	logit=-2.514
A:I30V	B:I227V	logit=-2.646

Top tied mutations (C + D view):
C:V218L	D:V491L	logit=-0.451
C:K191R	D:K464R	logit=-0.553
C:S180T	D:S453T	logit=-0.671
C:T42V	D:T315V	logit=-0.751
C:N51P	D:N324P	logit=-0.825

Top tied mutations (A + B view):
A:T18V	B:T215V	logit=-0.774
A:N55S	B:N252S	logit=-0.978
A:N54V	B:N251V	logit=-1.578
A:I30V	B:I227V	logit=-2.471
A:E100V	B:E297V	logit=-2.555

Top tied mutations (C + D view):
C:V218L	D:V491L	logit=-0.477
C:K191R	D:K464R	logit=-0.599
C:S180T	D:S453T	logit=-0.660
C:T42V	D:T315V	logit=-0.664
C:N51P	D:N324P	logit=-0.828

Top tied mutations (A + B view):
A:T18V	B:T215V	logit=-0.734
A:N55S	B:N252S	logit=-1.011
A:N54V	B:N251V	logit=-1.596
A:I30V	B:I227V	logit=-2.623
A:E100V	B:E297V	logit=-2.635

Top tied mutations (C + D view):
C:V218L	D:V491L	logit=-0.409
C:S180T	D:S453T	logit=-0.666
C:K191R	D:K464R	logit=-0.685
C:T42V	D:T315V	logit=-0.757
C:N51P	D:N324P	logit=-0.862

Top tied mutations (A + B view):
A:T18V	B:T215V	logit=-0.781
A:N55S	B:N252S	logit=-1.025
A:N54V	B:N251V	logit=-1.647
A:E100V	B:E297V	logit=-2.602
A:I30V	B:I227V	logit=-2.671

Top tied mutations (C + D view):
C:V218L	D:V491L	logit=-0.456
C:K191R	D:K464R	logit=-0.577
C:S180T	D:S453T	logit=-0.661
C:T42V	D:T315V	logit=-0.692
C:S89A	D:S362A	logit=-0.926

Top tied mutations (A + B view):
A:T18V	B:T215V	logit=-0.719
A:N55S	B:N252S	logit=-1.049
A:N54V	B:N251V	logit=-1.583
A:I30V	B:I227V	logit=-2.605
A:E100V	B:E297V	logit=-2.678

Top tied mutations (C + D view):
C:V218L	D:V491L	logit=-0.429
C:K191R	D:K464R	logit=-0.562
C:S180T	D:S453T	logit=-0.650
C:T42V	D:T315V	logit=-0.710
C:N51P	D:N324P	logit=-0.803

Top tied mutations (A + B view):
A:T18V	B:T215V	logit=-0.719
A:N55S	B:N252S	logit=-1.077
A:N54V	B:N251V	logit=-1.727
A:I30V	B:I227V	logit=-2.520
A:E100V	B:E297V	logit=-2.596

Top tied mutations (C + D view):
C:V218L	D:V491L	logit=-0.451
C:K191R	D:K464R	logit=-0.542
C:S180T	D:S453T	logit=-0.620
C:T42V	D:T315V	logit=-0.708
C:N51P	D:N324P	logit=-0.872

Top tied mutations (A + B view):
A:T18V	B:T215V	logit=-0.761
A:N55S	B:N252S	logit=-0.984
A:N54V	B:N251V	logit=-1.713
A:I30V	B:I227V	logit=-2.528
A:E100V	B:E297V	logit=-2.530

Top tied mutations (C + D view):
C:V218L	D:V491L	logit=-0.451
C:K191R	D:K464R	logit=-0.524
C:S180T	D:S453T	logit=-0.664
C:T42V	D:T315V	logit=-0.738
C:S89A	D:S362A	logit=-0.853

Top tied mutations (A + B view):
A:T18V	B:T215V	logit=-0.788
A:N55S	B:N252S	logit=-1.040
A:N54V	B:N251V	logit=-1.594
A:I30V	B:I227V	logit=-2.609
A:E100V	B:E297V	logit=-2.635

Top tied mutations (C + D view):
C:V218L	D:V491L	logit=-0.436
C:K191R	D:K464R	logit=-0.559
C:S180T	D:S453T	logit=-0.620
C:T42V	D:T315V	logit=-0.713
C:N51P	D:N324P	logit=-0.825

Top tied mutations (A + B view):
A:T18V	B:T215V	logit=-0.777
A:N55S	B:N252S	logit=-1.004
A:N54V	B:N251V	logit=-1.586
A:E100V	B:E297V	logit=-2.506
A:I30V	B:I227V	logit=-2.717

Top tied mutations (C + D view):
C:V218L	D:V491L	logit=-0.493
C:K191R	D:K464R	logit=-0.608
C:S180T	D:S453T	logit=-0.670
C:T42V	D:T315V	logit=-0.782
C:S89A	D:S362A	logit=-0.896

Top tied mutations (A + B view):
A:T18V	B:T215V	logit=-0.776
A:N55S	B:N252S	logit=-1.006
A:N54V	B:N251V	logit=-1.546
A:E100V	B:E297V	logit=-2.488
A:I30V	B:I227V	logit=-2.556

Top tied mutations (C + D view):
C:V218L	D:V491L	logit=-0.434
C:K191R	D:K464R	logit=-0.489
C:S180T	D:S453T	logit=-0.656
C:T42V	D:T315V	logit=-0.712
C:S89A	D:S362A	logit=-0.892

Top tied mutations (A + B view):
A:T18V	B:T215V	logit=-0.836
A:N55S	B:N252S	logit=-1.024
A:N54V	B:N251V	logit=-1.558
A:E100V	B:E297V	logit=-2.495
A:I30V	B:I227V	logit=-2.533

Top tied mutations (C + D view):
C:V218L	D:V491L	logit=-0.414
C:K191R	D:K464R	logit=-0.533
C:S180T	D:S453T	logit=-0.623
C:T42V	D:T315V	logit=-0.743
C:N219S	D:N492S	logit=-0.914

Top tied mutations (A + B view):
A:T18V	B:T215V	logit=-0.750
A:N55S	B:N252S	logit=-0.997
A:N54V	B:N251V	logit=-1.572
A:E100V	B:E297V	logit=-2.506
A:I30V	B:I227V	logit=-2.533

Top tied mutations (C + D view):
C:V218L	D:V491L	logit=-0.426
C:K191R	D:K464R	logit=-0.610
C:S180T	D:S453T	logit=-0.663
C:T42V	D:T315V	logit=-0.709
C:N51P	D:N324P	logit=-0.821

Top tied mutations (A + B view):
A:T18V	B:T215V	logit=-0.697
A:N55S	B:N252S	logit=-0.989
A:N54V	B:N251V	logit=-1.580
A:E100V	B:E297V	logit=-2.497
A:I30V	B:I227V	logit=-2.520

Top tied mutations (C + D view):
C:V218L	D:V491L	logit=-0.422
C:K191R	D:K464R	logit=-0.584
C:S180T	D:S453T	logit=-0.634
C:T42V	D:T315V	logit=-0.742
C:N51P	D:N324P	logit=-0.770

Top tied mutations (A + B view):
A:T18V	B:T215V	logit=-0.709
A:N55S	B:N252S	logit=-1.003
A:N54V	B:N251V	logit=-1.597
A:E100V	B:E297V	logit=-2.463
A:I30V	B:I227V	logit=-2.489

Top tied mutations (C + D view):
C:V218L	D:V491L	logit=-0.475
C:K191R	D:K464R	logit=-0.571
C:S180T	D:S453T	logit=-0.674
C:N51P	D:N324P	logit=-0.743
C:T42V	D:T315V	logit=-0.761

Top tied mutations (A + B view):
A:T18V	B:T215V	logit=-0.749
A:N55S	B:N252S	logit=-0.915
A:N54V	B:N251V	logit=-1.467
A:E100V	B:E297V	logit=-2.512
A:I30V	B:I227V	logit=-2.717

Top tied mutations (C + D view):
C:V218L	D:V491L	logit=-0.410
C:K191R	D:K464R	logit=-0.482
C:S180T	D:S453T	logit=-0.651
C:T42V	D:T315V	logit=-0.677
C:S89A	D:S362A	logit=-0.848

Top tied mutations (A + B view):
A:T18V	B:T215V	logit=-0.710
A:N55S	B:N252S	logit=-1.062
A:N54V	B:N251V	logit=-1.631
A:E100V	B:E297V	logit=-2.472
A:I30V	B:I227V	logit=-2.549

Top tied mutations (C + D view):
C:V218L	D:V491L	logit=-0.459
C:K191R	D:K464R	logit=-0.555
C:S180T	D:S453T	logit=-0.663
C:T42V	D:T315V	logit=-0.728
C:N51P	D:N324P	logit=-0.789

Top tied mutations (A + B view):
A:T18V	B:T215V	logit=-0.717
A:N55S	B:N252S	logit=-1.041
A:N54V	B:N251V	logit=-1.690
A:E100V	B:E297V	logit=-2.493
A:I30V	B:I227V	logit=-2.512

Top tied mutations (C + D view):
C:V218L	D:V491L	logit=-0.426
C:K191R	D:K464R	logit=-0.611
C:S180T	D:S453T	logit=-0.630
C:T42V	D:T315V	logit=-0.745
C:N51P	D:N324P	logit=-0.759

Top tied mutations (A + B view):
A:T18V	B:T215V	logit=-0.738
A:N55S	B:N252S	logit=-1.021
A:N54V	B:N251V	logit=-1.490
A:E100V	B:E297V	logit=-2.556
A:I30V	B:I227V	logit=-2.698

Top tied mutations (C + D view):
C:V218L	D:V491L	logit=-0.402
C:K191R	D:K464R	logit=-0.511
C:S180T	D:S453T	logit=-0.640
C:T42V	D:T315V	logit=-0.766
C:N51P	D:N324P	logit=-0.870

Top tied mutations (A + B view):
A:T18V	B:T215V	logit=-0.741
A:N55S	B:N252S	logit=-0.899
A:N54V	B:N251V	logit=-1.792
A:E100V	B:E297V	logit=-2.448
A:I30V	B:I227V	logit=-2.544

Top tied mutations (C + D view):
C:V218L	D:V491L	logit=-0.433
C:K191R	D:K464R	logit=-0.600
C:S180T	D:S453T	logit=-0.665
C:T42V	D:T315V	logit=-0.722
C:N51P	D:N324P	logit=-0.843

Top tied mutations (A + B view):
A:T18V	B:T215V	logit=-0.807
A:N55S	B:N252S	logit=-1.032
A:N54V	B:N251V	logit=-1.725
A:E100V	B:E297V	logit=-2.504
A:I30V	B:I227V	logit=-2.568

Top tied mutations (C + D view):
C:V218L	D:V491L	logit=-0.428
C:K191R	D:K464R	logit=-0.524
C:S180T	D:S453T	logit=-0.659
C:T42V	D:T315V	logit=-0.761
C:N51P	D:N324P	logit=-0.915

Top tied mutations (A + B view):
A:T18V	B:T215V	logit=-0.790
A:N55S	B:N252S	logit=-1.037
A:N54V	B:N251V	logit=-1.546
A:E100V	B:E297V	logit=-2.504
A:I30V	B:I227V	logit=-2.556

Top tied mutations (C + D view):
C:V218L	D:V491L	logit=-0.433
C:K191R	D:K464R	logit=-0.521
C:S180T	D:S453T	logit=-0.677
C:T42V	D:T315V	logit=-0.748
C:S89A	D:S362A	logit=-0.900

Top tied mutations (A + B view):
A:T18V	B:T215V	logit=-0.715
A:N55S	B:N252S	logit=-1.030
A:N54V	B:N251V	logit=-1.607
A:E100V	B:E297V	logit=-2.538
A:I30V	B:I227V	logit=-2.585

Top tied mutations (C + D view):
C:V218L	D:V491L	logit=-0.478
C:K191R	D:K464R	logit=-0.532
C:S180T	D:S453T	logit=-0.643
C:T42V	D:T315V	logit=-0.745
C:N51P	D:N324P	logit=-0.799

Top tied mutations (A + B view):
A:T18V	B:T215V	logit=-0.811
A:N55S	B:N252S	logit=-0.952
A:N54V	B:N251V	logit=-1.508
A:E100V	B:E297V	logit=-2.614
A:I30V	B:I227V	logit=-2.617

Top tied mutations (C + D view):
C:V218L	D:V491L	logit=-0.464
C:K191R	D:K464R	logit=-0.525
C:S180T	D:S453T	logit=-0.640
C:T42V	D:T315V	logit=-0.696
C:S89A	D:S362A	logit=-0.858

Top tied mutations (A + B view):
A:T18V	B:T215V	logit=-0.729
A:N55S	B:N252S	logit=-1.000
A:N54V	B:N251V	logit=-1.498
A:E100V	B:E297V	logit=-2.521
A:I30V	B:I227V	logit=-2.608

Top tied mutations (C + D view):
C:V218L	D:V491L	logit=-0.440
C:K191R	D:K464R	logit=-0.534
C:S180T	D:S453T	logit=-0.644
C:T42V	D:T315V	logit=-0.720
C:N51P	D:N324P	logit=-0.769

Top tied mutations (A + B view):
A:T18V	B:T215V	logit=-0.804
A:N55S	B:N252S	logit=-0.988
A:N54V	B:N251V	logit=-1.594
A:E100V	B:E297V	logit=-2.422
A:I30V	B:I227V	logit=-2.576

Top tied mutations (C + D view):
C:V218L	D:V491L	logit=-0.439
C:K191R	D:K464R	logit=-0.561
C:S180T	D:S453T	logit=-0.661
C:T42V	D:T315V	logit=-0.744
C:S89A	D:S362A	logit=-0.904

Top tied mutations (A + B view):
A:T18V	B:T215V	logit=-0.766
A:N55S	B:N252S	logit=-1.030
A:N54V	B:N251V	logit=-1.509
A:E100V	B:E297V	logit=-2.448
A:I30V	B:I227V	logit=-2.579

Top tied mutations (C + D view):
C:V218L	D:V491L	logit=-0.478
C:K191R	D:K464R	logit=-0.567
C:S180T	D:S453T	logit=-0.642
C:T42V	D:T315V	logit=-0.723
C:N51P	D:N324P	logit=-0.876

Top tied mutations (A + B view):
A:T18V	B:T215V	logit=-0.808
A:N55S	B:N252S	logit=-1.067
A:N54V	B:N251V	logit=-1.583
A:E100V	B:E297V	logit=-2.545
A:I30V	B:I227V	logit=-2.579

Top tied mutations (C + D view):
C:V218L	D:V491L	logit=-0.429
C:K191R	D:K464R	logit=-0.497
C:S180T	D:S453T	logit=-0.660
C:T42V	D:T315V	logit=-0.742
C:N51P	D:N324P	logit=-0.889

Top tied mutations (A + B view):
A:T18V	B:T215V	logit=-0.780
A:N55S	B:N252S	logit=-1.057
A:N54V	B:N251V	logit=-1.573
A:I30V	B:I227V	logit=-2.519
A:E100V	B:E297V	logit=-2.596

Top tied mutations (C + D view):
C:V218L	D:V491L	logit=-0.423
C:K191R	D:K464R	logit=-0.525
C:S180T	D:S453T	logit=-0.678
C:T42V	D:T315V	logit=-0.713
C:N51P	D:N324P	logit=-0.722

Top tied mutations (A + B view):
A:T18V	B:T215V	logit=-0.755
A:N55S	B:N252S	logit=-1.030
A:N54V	B:N251V	logit=-1.568
A:E100V	B:E297V	logit=-2.479
A:I30V	B:I227V	logit=-2.580

Top tied mutations (C + D view):
C:V218L	D:V491L	logit=-0.451
C:K191R	D:K464R	logit=-0.557
C:S180T	D:S453T	logit=-0.678
C:T42V	D:T315V	logit=-0.734
C:N51P	D:N324P	logit=-0.820

Top tied mutations (A + B view):
A:T18V	B:T215V	logit=-0.752
A:N55S	B:N252S	logit=-1.040
A:N54V	B:N251V	logit=-1.701
A:E100V	B:E297V	logit=-2.586
A:I30V	B:I227V	logit=-2.590

Top tied mutations (C + D view):
C:V218L	D:V491L	logit=-0.474
C:K191R	D:K464R	logit=-0.614
C:S180T	D:S453T	logit=-0.663
C:T42V	D:T315V	logit=-0.687
C:S89A	D:S362A	logit=-0.852

Top tied mutations (A + B view):
A:T18V	B:T215V	logit=-0.858
A:N55S	B:N252S	logit=-1.058
A:N54V	B:N251V	logit=-1.500
A:E100V	B:E297V	logit=-2.468
A:I30V	B:I227V	logit=-2.537

Top tied mutations (C + D view):
C:V218L	D:V491L	logit=-0.459
C:K191R	D:K464R	logit=-0.571
C:S180T	D:S453T	logit=-0.660
C:T42V	D:T315V	logit=-0.731
C:S89A	D:S362A	logit=-0.874

Top tied mutations (A + B view):
A:T18V	B:T215V	logit=-0.799
A:N55S	B:N252S	logit=-1.007
A:N54V	B:N251V	logit=-1.538
A:E100V	B:E297V	logit=-2.465
A:I30V	B:I227V	logit=-2.529

Top tied mutations (C + D view):
C:V218L	D:V491L	logit=-0.404
C:K191R	D:K464R	logit=-0.541
C:S180T	D:S453T	logit=-0.671
C:T42V	D:T315V	logit=-0.784
C:N51P	D:N324P	logit=-0.794

Top tied mutations (A + B view):
A:T18V	B:T215V	logit=-0.768
A:N55S	B:N252S	logit=-1.066
A:N54V	B:N251V	logit=-1.628
A:E100V	B:E297V	logit=-2.521
A:I30V	B:I227V	logit=-2.610

Top tied mutations (C + D view):
C:V218L	D:V491L	logit=-0.528
C:K191R	D:K464R	logit=-0.607
C:S180T	D:S453T	logit=-0.660
C:T42V	D:T315V	logit=-0.764
C:S89A	D:S362A	logit=-0.850

Top tied mutations (A + B view):
A:T18V	B:T215V	logit=-0.801
A:N55S	B:N252S	logit=-1.011
A:N54V	B:N251V	logit=-1.672
A:E100V	B:E297V	logit=-2.532
A:I30V	B:I227V	logit=-2.631

Top tied mutations (C + D view):
C:V218L	D:V491L	logit=-0.407
C:K191R	D:K464R	logit=-0.571
C:S180T	D:S453T	logit=-0.675
C:T42V	D:T315V	logit=-0.756
C:S89A	D:S362A	logit=-0.813

Top tied mutations (A + B view):
A:T18V	B:T215V	logit=-0.752
A:N55S	B:N252S	logit=-1.108
A:N54V	B:N251V	logit=-1.589
A:E100V	B:E297V	logit=-2.470
A:I30V	B:I227V	logit=-2.604

Top tied mutations (C + D view):
C:V218L	D:V491L	logit=-0.450
C:K191R	D:K464R	logit=-0.635
C:S180T	D:S453T	logit=-0.672
C:T42V	D:T315V	logit=-0.694
C:N51P	D:N324P	logit=-0.875

Top tied mutations (A + B view):
A:T18V	B:T215V	logit=-0.775
A:N55S	B:N252S	logit=-0.998
A:N54V	B:N251V	logit=-1.655
A:E100V	B:E297V	logit=-2.504
A:I30V	B:I227V	logit=-2.668

Top tied mutations (C + D view):
C:V218L	D:V491L	logit=-0.442
C:K191R	D:K464R	logit=-0.534
C:S180T	D:S453T	logit=-0.661
C:T42V	D:T315V	logit=-0.672
C:N51P	D:N324P	logit=-0.816

Top tied mutations (A + B view):
A:T18V	B:T215V	logit=-0.782
A:N55S	B:N252S	logit=-1.046
A:N54V	B:N251V	logit=-1.663
A:E100V	B:E297V	logit=-2.479
A:I30V	B:I227V	logit=-2.596

Top tied mutations (C + D view):
C:V218L	D:V491L	logit=-0.459
C:K191R	D:K464R	logit=-0.546
C:S180T	D:S453T	logit=-0.638
C:T42V	D:T315V	logit=-0.735
C:N51P	D:N324P	logit=-0.760

Top tied mutations (A + B view):
A:T18V	B:T215V	logit=-0.803
A:N55S	B:N252S	logit=-1.035
A:N54V	B:N251V	logit=-1.665
A:E100V	B:E297V	logit=-2.415
A:I30V	B:I227V	logit=-2.703

Top tied mutations (C + D view):
C:V218L	D:V491L	logit=-0.510
C:K191R	D:K464R	logit=-0.619
C:S180T	D:S453T	logit=-0.660
C:T42V	D:T315V	logit=-0.827
C:S89A	D:S362A	logit=-0.828

Top tied mutations (A + B view):
A:T18V	B:T215V	logit=-0.807
A:N55S	B:N252S	logit=-1.045
A:N54V	B:N251V	logit=-1.568
A:I30V	B:I227V	logit=-2.498
A:E100V	B:E297V	logit=-2.540

Top tied mutations (C + D view):
C:V218L	D:V491L	logit=-0.465
C:K191R	D:K464R	logit=-0.509
C:S180T	D:S453T	logit=-0.676
C:T42V	D:T315V	logit=-0.724
C:S89A	D:S362A	logit=-0.887

Top tied mutations (A + B view):
A:T18V	B:T215V	logit=-0.750
A:N55S	B:N252S	logit=-1.014
A:N54V	B:N251V	logit=-1.516
A:E100V	B:E297V	logit=-2.522
A:I30V	B:I227V	logit=-2.670

Top tied mutations (C + D view):
C:V218L	D:V491L	logit=-0.456
C:K191R	D:K464R	logit=-0.532
C:S180T	D:S453T	logit=-0.644
C:T42V	D:T315V	logit=-0.697
C:N51P	D:N324P	logit=-0.724

Top tied mutations (A + B view):
A:T18V	B:T215V	logit=-0.803
A:N55S	B:N252S	logit=-1.002
A:N54V	B:N251V	logit=-1.579
A:I30V	B:I227V	logit=-2.477
A:E100V	B:E297V	logit=-2.530

Top tied mutations (C + D view):
C:V218L	D:V491L	logit=-0.402
C:K191R	D:K464R	logit=-0.509
C:S180T	D:S453T	logit=-0.656
C:T42V	D:T315V	logit=-0.677
C:N51P	D:N324P	logit=-0.847

Top tied mutations (A + B view):
A:T18V	B:T215V	logit=-0.758
A:N55S	B:N252S	logit=-1.014
A:N54V	B:N251V	logit=-1.456
A:E100V	B:E297V	logit=-2.562
A:I30V	B:I227V	logit=-2.657

Top tied mutations (C + D view):
C:V218L	D:V491L	logit=-0.403
C:K191R	D:K464R	logit=-0.636
C:S180T	D:S453T	logit=-0.670
C:T42V	D:T315V	logit=-0.733
C:N51P	D:N324P	logit=-0.890

Top tied mutations (A + B view):
A:T18V	B:T215V	logit=-0.805
A:N55S	B:N252S	logit=-1.018
A:N54V	B:N251V	logit=-1.610
A:E100V	B:E297V	logit=-2.504
A:I30V	B:I227V	logit=-2.526

Top tied mutations (C + D view):
C:V218L	D:V491L	logit=-0.462
C:K191R	D:K464R	logit=-0.587
C:S180T	D:S453T	logit=-0.643
C:T42V	D:T315V	logit=-0.756
C:N51P	D:N324P	logit=-0.823

Top tied mutations (A + B view):
A:T18V	B:T215V	logit=-0.796
A:N55S	B:N252S	logit=-1.000
A:N54V	B:N251V	logit=-1.545
A:I30V	B:I227V	logit=-2.588
A:E100V	B:E297V	logit=-2.615

Top tied mutations (C + D view):
C:V218L	D:V491L	logit=-0.430
C:K191R	D:K464R	logit=-0.550
C:S180T	D:S453T	logit=-0.648
C:T42V	D:T315V	logit=-0.708
C:N51P	D:N324P	logit=-0.835

Top tied mutations (A + B view):
A:T18V	B:T215V	logit=-0.826
A:N55S	B:N252S	logit=-1.069
A:N54V	B:N251V	logit=-1.521
A:E100V	B:E297V	logit=-2.591
A:I30V	B:I227V	logit=-2.638

Top tied mutations (C + D view):
C:V218L	D:V491L	logit=-0.441
C:K191R	D:K464R	logit=-0.578
C:S180T	D:S453T	logit=-0.653
C:T42V	D:T315V	logit=-0.674
C:N51P	D:N324P	logit=-0.850

Top tied mutations (A + B view):
A:T18V	B:T215V	logit=-0.797
A:N55S	B:N252S	logit=-0.977
A:N54V	B:N251V	logit=-1.537
A:E100V	B:E297V	logit=-2.507
A:I30V	B:I227V	logit=-2.538

Top tied mutations (C + D view):
C:V218L	D:V491L	logit=-0.451
C:K191R	D:K464R	logit=-0.600
C:S180T	D:S453T	logit=-0.669
C:T42V	D:T315V	logit=-0.708
C:N219S	D:N492S	logit=-0.902

Top tied mutations (A + B view):
A:T18V	B:T215V	logit=-0.785
A:N55S	B:N252S	logit=-0.957
A:N54V	B:N251V	logit=-1.670
A:E100V	B:E297V	logit=-2.538
A:I30V	B:I227V	logit=-2.580

Top tied mutations (C + D view):
C:V218L	D:V491L	logit=-0.468
C:K191R	D:K464R	logit=-0.523
C:S180T	D:S453T	logit=-0.644
C:T42V	D:T315V	logit=-0.688
C:S89A	D:S362A	logit=-0.908

Top tied mutations (A + B view):
A:T18V	B:T215V	logit=-0.749
A:N55S	B:N252S	logit=-1.007
A:N54V	B:N251V	logit=-1.526
A:I30V	B:I227V	logit=-2.638
A:E100V	B:E297V	logit=-2.674

Top tied mutations (C + D view):
C:V218L	D:V491L	logit=-0.441
C:K191R	D:K464R	logit=-0.631
C:S180T	D:S453T	logit=-0.644
C:T42V	D:T315V	logit=-0.686
C:N51P	D:N324P	logit=-0.756

Top tied mutations (A + B view):
A:T18V	B:T215V	logit=-0.730
A:N55S	B:N252S	logit=-0.982
A:N54V	B:N251V	logit=-1.528
A:E100V	B:E297V	logit=-2.584
A:I30V	B:I227V	logit=-2.681

Top tied mutations (C + D view):
C:V218L	D:V491L	logit=-0.474
C:K191R	D:K464R	logit=-0.557
C:S180T	D:S453T	logit=-0.656
C:T42V	D:T315V	logit=-0.752
C:N51P	D:N324P	logit=-0.801

Top tied mutations (A + B view):
A:T18V	B:T215V	logit=-0.755
A:N55S	B:N252S	logit=-1.031
A:N54V	B:N251V	logit=-1.531
A:E100V	B:E297V	logit=-2.518
A:I30V	B:I227V	logit=-2.531

Top tied mutations (C + D view):
C:V218L	D:V491L	logit=-0.408
C:K191R	D:K464R	logit=-0.471
C:S180T	D:S453T	logit=-0.632
C:T42V	D:T315V	logit=-0.774
C:N51P	D:N324P	logit=-0.844

Top tied mutations (A + B view):
A:T18V	B:T215V	logit=-0.819
A:N55S	B:N252S	logit=-0.966
A:N54V	B:N251V	logit=-1.521
A:E100V	B:E297V	logit=-2.487
A:I30V	B:I227V	logit=-2.490

Top tied mutations (C + D view):
C:V218L	D:V491L	logit=-0.449
C:K191R	D:K464R	logit=-0.557
C:S180T	D:S453T	logit=-0.667
C:T42V	D:T315V	logit=-0.740
C:N51P	D:N324P	logit=-0.757

Top tied mutations (A + B view):
A:T18V	B:T215V	logit=-0.860
A:N55S	B:N252S	logit=-1.000
A:N54V	B:N251V	logit=-1.789
A:I30V	B:I227V	logit=-2.505
A:E100V	B:E297V	logit=-2.543

Top tied mutations (C + D view):
C:V218L	D:V491L	logit=-0.463
C:K191R	D:K464R	logit=-0.505
C:S180T	D:S453T	logit=-0.658
C:T42V	D:T315V	logit=-0.704
C:N51P	D:N324P	logit=-0.793

Top tied mutations (A + B view):
A:T18V	B:T215V	logit=-0.755
A:N55S	B:N252S	logit=-1.030
A:N54V	B:N251V	logit=-1.571
A:E100V	B:E297V	logit=-2.441
A:I30V	B:I227V	logit=-2.611

Top tied mutations (C + D view):
C:V218L	D:V491L	logit=-0.436
C:K191R	D:K464R	logit=-0.489
C:S180T	D:S453T	logit=-0.658
C:T42V	D:T315V	logit=-0.659
C:N51P	D:N324P	logit=-0.748

Top tied mutations (A + B view):
A:T18V	B:T215V	logit=-0.732
A:N55S	B:N252S	logit=-1.039
A:N54V	B:N251V	logit=-1.656
A:E100V	B:E297V	logit=-2.584
A:I30V	B:I227V	logit=-2.622

Top tied mutations (C + D view):
C:V218L	D:V491L	logit=-0.442
C:K191R	D:K464R	logit=-0.490
C:S180T	D:S453T	logit=-0.656
C:T42V	D:T315V	logit=-0.778
C:N51P	D:N324P	logit=-0.787

Top tied mutations (A + B view):
A:T18V	B:T215V	logit=-0.781
A:N55S	B:N252S	logit=-1.083
A:N54V	B:N251V	logit=-1.667
A:I30V	B:I227V	logit=-2.602
A:E100V	B:E297V	logit=-2.609

Top tied mutations (C + D view):
C:V218L	D:V491L	logit=-0.442
C:K191R	D:K464R	logit=-0.563
C:S180T	D:S453T	logit=-0.650
C:T42V	D:T315V	logit=-0.743
C:S89A	D:S362A	logit=-0.892

Top tied mutations (A + B view):
A:T18V	B:T215V	logit=-0.798
A:N55S	B:N252S	logit=-0.956
A:N54V	B:N251V	logit=-1.723
A:I30V	B:I227V	logit=-2.475
A:E100V	B:E297V	logit=-2.537

Top tied mutations (C + D view):
C:V218L	D:V491L	logit=-0.473
C:K191R	D:K464R	logit=-0.589
C:S180T	D:S453T	logit=-0.668
C:T42V	D:T315V	logit=-0.779
C:N51P	D:N324P	logit=-0.828

Top tied mutations (A + B view):
A:T18V	B:T215V	logit=-0.809
A:N55S	B:N252S	logit=-0.989
A:N54V	B:N251V	logit=-1.510
A:E100V	B:E297V	logit=-2.529
A:I30V	B:I227V	logit=-2.802

Top tied mutations (C + D view):
C:V218L	D:V491L	logit=-0.435
C:K191R	D:K464R	logit=-0.555
C:S180T	D:S453T	logit=-0.670
C:T42V	D:T315V	logit=-0.720
C:N51P	D:N324P	logit=-0.889

Top tied mutations (A + B view):
A:T18V	B:T215V	logit=-0.758
A:N55S	B:N252S	logit=-1.077
A:N54V	B:N251V	logit=-1.450
A:I30V	B:I227V	logit=-2.560
A:E100V	B:E297V	logit=-2.591

Top tied mutations (C + D view):
C:V218L	D:V491L	logit=-0.479
C:K191R	D:K464R	logit=-0.598
C:S180T	D:S453T	logit=-0.651
C:T42V	D:T315V	logit=-0.756
C:N51P	D:N324P	logit=-0.794

Top tied mutations (A + B view):
A:T18V	B:T215V	logit=-0.734
A:N55S	B:N252S	logit=-1.062
A:N54V	B:N251V	logit=-1.824
A:E100V	B:E297V	logit=-2.610
A:I30V	B:I227V	logit=-2.631

Top tied mutations (C + D view):
C:V218L	D:V491L	logit=-0.412
C:K191R	D:K464R	logit=-0.499
C:S180T	D:S453T	logit=-0.659
C:T42V	D:T315V	logit=-0.786
C:N51P	D:N324P	logit=-0.812

Top tied mutations (A + B view):
A:T18V	B:T215V	logit=-0.797
A:N55S	B:N252S	logit=-1.037
A:N54V	B:N251V	logit=-1.535
A:E100V	B:E297V	logit=-2.533
A:I30V	B:I227V	logit=-2.677

Top tied mutations (C + D view):
C:V218L	D:V491L	logit=-0.459
C:K191R	D:K464R	logit=-0.530
C:S180T	D:S453T	logit=-0.655
C:T42V	D:T315V	logit=-0.689
C:N51P	D:N324P	logit=-0.806

Top tied mutations (A + B view):
A:T18V	B:T215V	logit=-0.760
A:N55S	B:N252S	logit=-1.016
A:N54V	B:N251V	logit=-1.537
A:I30V	B:I227V	logit=-2.536
A:E100V	B:E297V	logit=-2.558

Top tied mutations (C + D view):
C:V218L	D:V491L	logit=-0.409
C:K191R	D:K464R	logit=-0.507
C:S180T	D:S453T	logit=-0.656
C:T42V	D:T315V	logit=-0.711
C:N51P	D:N324P	logit=-0.836

Top tied mutations (A + B view):
A:T18V	B:T215V	logit=-0.842
A:N55S	B:N252S	logit=-0.992
A:N54V	B:N251V	logit=-1.755
A:E100V	B:E297V	logit=-2.480
A:I30V	B:I227V	logit=-2.625

Top tied mutations (C + D view):
C:V218L	D:V491L	logit=-0.477
C:K191R	D:K464R	logit=-0.554
C:S180T	D:S453T	logit=-0.637
C:T42V	D:T315V	logit=-0.781
C:N51P	D:N324P	logit=-0.829

Top tied mutations (A + B view):
A:T18V	B:T215V	logit=-0.818
A:N55S	B:N252S	logit=-1.042
A:N54V	B:N251V	logit=-1.660
A:I30V	B:I227V	logit=-2.541
A:E100V	B:E297V	logit=-2.619

Top tied mutations (C + D view):
C:V218L	D:V491L	logit=-0.436
C:K191R	D:K464R	logit=-0.612
C:S180T	D:S453T	logit=-0.667
C:T42V	D:T315V	logit=-0.765
C:N51P	D:N324P	logit=-0.878

Top tied mutations (A + B view):
A:T18V	B:T215V	logit=-0.786
A:N55S	B:N252S	logit=-0.970
A:N54V	B:N251V	logit=-1.582
A:I30V	B:I227V	logit=-2.517
A:E100V	B:E297V	logit=-2.546

Top tied mutations (C + D view):
C:V218L	D:V491L	logit=-0.472
C:K191R	D:K464R	logit=-0.551
C:S180T	D:S453T	logit=-0.656
C:N51P	D:N324P	logit=-0.665
C:T42V	D:T315V	logit=-0.703

Top tied mutations (A + B view):
A:T18V	B:T215V	logit=-0.741
A:N55S	B:N252S	logit=-1.041
A:N54V	B:N251V	logit=-1.490
A:E100V	B:E297V	logit=-2.540
A:I30V	B:I227V	logit=-2.603

Top tied mutations (C + D view):
C:V218L	D:V491L	logit=-0.425
C:K191R	D:K464R	logit=-0.570
C:S180T	D:S453T	logit=-0.649
C:T42V	D:T315V	logit=-0.689
C:N51P	D:N324P	logit=-0.857

Top tied mutations (A + B view):
A:T18V	B:T215V	logit=-0.763
A:N55S	B:N252S	logit=-1.009
A:N54V	B:N251V	logit=-1.422
A:I30V	B:I227V	logit=-2.492
A:E100V	B:E297V	logit=-2.495

Top tied mutations (C + D view):
C:V218L	D:V491L	logit=-0.410
C:K191R	D:K464R	logit=-0.560
C:S180T	D:S453T	logit=-0.641
C:T42V	D:T315V	logit=-0.753
C:N51P	D:N324P	logit=-0.842

Top tied mutations (A + B view):
A:T18V	B:T215V	logit=-0.767
A:N55S	B:N252S	logit=-1.002
A:N54V	B:N251V	logit=-1.633
A:I30V	B:I227V	logit=-2.500
A:E100V	B:E297V	logit=-2.593

Top tied mutations (C + D view):
C:V218L	D:V491L	logit=-0.415
C:K191R	D:K464R	logit=-0.513
C:S180T	D:S453T	logit=-0.654
C:T42V	D:T315V	logit=-0.702
C:N51P	D:N324P	logit=-0.854

Top tied mutations (A + B view):
A:T18V	B:T215V	logit=-0.766
A:N55S	B:N252S	logit=-0.968
A:N54V	B:N251V	logit=-1.588
A:I30V	B:I227V	logit=-2.506
A:E100V	B:E297V	logit=-2.543

Top tied mutations (C + D view):
C:V218L	D:V491L	logit=-0.479
C:K191R	D:K464R	logit=-0.537
C:S180T	D:S453T	logit=-0.627
C:T42V	D:T315V	logit=-0.779
C:N51P	D:N324P	logit=-0.794

Top tied mutations (A + B view):
A:T18V	B:T215V	logit=-0.788
A:N55S	B:N252S	logit=-1.022
A:N54V	B:N251V	logit=-1.622
A:I30V	B:I227V	logit=-2.389
A:E100V	B:E297V	logit=-2.506

Top tied mutations (C + D view):
C:V218L	D:V491L	logit=-0.442
C:K191R	D:K464R	logit=-0.511
C:S180T	D:S453T	logit=-0.649
C:T42V	D:T315V	logit=-0.750
C:N51P	D:N324P	logit=-0.844

Top tied mutations (A + B view):
A:T18V	B:T215V	logit=-0.797
A:N55S	B:N252S	logit=-0.981
A:N54V	B:N251V	logit=-1.613
A:E100V	B:E297V	logit=-2.524
A:I30V	B:I227V	logit=-2.612

Top tied mutations (C + D view):
C:V218L	D:V491L	logit=-0.444
C:K191R	D:K464R	logit=-0.533
C:S180T	D:S453T	logit=-0.659
C:T42V	D:T315V	logit=-0.749
C:N51P	D:N324P	logit=-0.860

Top tied mutations (A + B view):
A:T18V	B:T215V	logit=-0.756
A:N55S	B:N252S	logit=-0.967
A:N54V	B:N251V	logit=-1.621
A:E100V	B:E297V	logit=-2.577
A:I30V	B:I227V	logit=-2.622

Top tied mutations (C + D view):
C:V218L	D:V491L	logit=-0.419
C:K191R	D:K464R	logit=-0.558
C:S180T	D:S453T	logit=-0.647
C:T42V	D:T315V	logit=-0.750
C:N51P	D:N324P	logit=-0.852

Top tied mutations (A + B view):
A:T18V	B:T215V	logit=-0.772
A:N55S	B:N252S	logit=-1.097
A:N54V	B:N251V	logit=-1.552
A:I30V	B:I227V	logit=-2.541
A:E100V	B:E297V	logit=-2.625

Top tied mutations (C + D view):
C:V218L	D:V491L	logit=-0.457
C:K191R	D:K464R	logit=-0.553
C:S180T	D:S453T	logit=-0.626
C:T42V	D:T315V	logit=-0.691
C:N51P	D:N324P	logit=-0.840

Top tied mutations (A + B view):
A:T18V	B:T215V	logit=-0.754
A:N55S	B:N252S	logit=-1.021
A:N54V	B:N251V	logit=-1.553
A:I30V	B:I227V	logit=-2.495
A:E100V	B:E297V	logit=-2.555

Top tied mutations (C + D view):
C:V218L	D:V491L	logit=-0.462
C:K191R	D:K464R	logit=-0.631
C:S180T	D:S453T	logit=-0.657
C:T42V	D:T315V	logit=-0.717
C:N51P	D:N324P	logit=-0.776

Top tied mutations (A + B view):
A:T18V	B:T215V	logit=-0.723
A:N55S	B:N252S	logit=-1.036
A:N54V	B:N251V	logit=-1.589
A:I30V	B:I227V	logit=-2.537
A:E100V	B:E297V	logit=-2.668

Top tied mutations (C + D view):
C:V218L	D:V491L	logit=-0.429
C:K191R	D:K464R	logit=-0.574
C:S180T	D:S453T	logit=-0.645
C:T42V	D:T315V	logit=-0.698
C:N51P	D:N324P	logit=-0.755

Top tied mutations (A + B view):
A:T18V	B:T215V	logit=-0.745
A:N55S	B:N252S	logit=-0.953
A:N54V	B:N251V	logit=-1.651
A:I30V	B:I227V	logit=-2.472
A:E100V	B:E297V	logit=-2.580

Top tied mutations (C + D view):
C:V218L	D:V491L	logit=-0.475
C:K191R	D:K464R	logit=-0.583
C:S180T	D:S453T	logit=-0.659
C:T42V	D:T315V	logit=-0.787
C:N51P	D:N324P	logit=-0.793

Top tied mutations (A + B view):
A:T18V	B:T215V	logit=-0.769
A:N55S	B:N252S	logit=-1.061
A:N54V	B:N251V	logit=-1.519
A:E100V	B:E297V	logit=-2.594
A:I30V	B:I227V	logit=-2.700

Top tied mutations (C + D view):
C:V218L	D:V491L	logit=-0.432
C:K191R	D:K464R	logit=-0.567
C:S180T	D:S453T	logit=-0.681
C:N51P	D:N324P	logit=-0.684
C:T42V	D:T315V	logit=-0.779

Top tied mutations (A + B view):
A:T18V	B:T215V	logit=-0.798
A:N55S	B:N252S	logit=-0.960
A:N54V	B:N251V	logit=-1.617
A:E100V	B:E297V	logit=-2.569
A:I30V	B:I227V	logit=-2.616

Top tied mutations (C + D view):
C:V218L	D:V491L	logit=-0.457
C:K191R	D:K464R	logit=-0.604
C:S180T	D:S453T	logit=-0.656
C:T42V	D:T315V	logit=-0.723
C:N51P	D:N324P	logit=-0.858

Top tied mutations (A + B view):
A:T18V	B:T215V	logit=-0.799
A:N55S	B:N252S	logit=-1.063
A:N54V	B:N251V	logit=-1.661
A:E100V	B:E297V	logit=-2.477
A:I30V	B:I227V	logit=-2.526

Top tied mutations (C + D view):
C:V218L	D:V491L	logit=-0.408
C:K191R	D:K464R	logit=-0.607
C:S180T	D:S453T	logit=-0.672
C:N51P	D:N324P	logit=-0.696
C:T42V	D:T315V	logit=-0.738

Top tied mutations (A + B view):
A:T18V	B:T215V	logit=-0.834
A:N55S	B:N252S	logit=-0.999
A:N54V	B:N251V	logit=-1.687
A:E100V	B:E297V	logit=-2.591
A:I30V	B:I227V	logit=-2.665

Top tied mutations (C + D view):
C:V218L	D:V491L	logit=-0.458
C:K191R	D:K464R	logit=-0.606
C:S180T	D:S453T	logit=-0.656
C:T42V	D:T315V	logit=-0.784
C:N51P	D:N324P	logit=-0.869

Top tied mutations (A + B view):
A:T18V	B:T215V	logit=-0.786
A:N55S	B:N252S	logit=-0.907
A:N54V	B:N251V	logit=-1.513
A:I30V	B:I227V	logit=-2.533
A:E100V	B:E297V	logit=-2.635

Top tied mutations (C + D view):
C:V218L	D:V491L	logit=-0.470
C:K191R	D:K464R	logit=-0.539
C:S180T	D:S453T	logit=-0.662
C:T42V	D:T315V	logit=-0.754
C:N51P	D:N324P	logit=-0.825

Top tied mutations (A + B view):
A:T18V	B:T215V	logit=-0.810
A:N55S	B:N252S	logit=-0.994
A:N54V	B:N251V	logit=-1.578
A:E100V	B:E297V	logit=-2.450
A:I30V	B:I227V	logit=-2.543

Top tied mutations (C + D view):
C:V218L	D:V491L	logit=-0.469
C:K191R	D:K464R	logit=-0.502
C:S180T	D:S453T	logit=-0.666
C:T42V	D:T315V	logit=-0.734
C:N51P	D:N324P	logit=-0.795

Top tied mutations (A + B view):
A:T18V	B:T215V	logit=-0.807
A:N55S	B:N252S	logit=-0.996
A:N54V	B:N251V	logit=-1.684
A:E100V	B:E297V	logit=-2.539
A:I30V	B:I227V	logit=-2.599

Top tied mutations (C + D view):
C:V218L	D:V491L	logit=-0.442
C:K191R	D:K464R	logit=-0.576
C:S180T	D:S453T	logit=-0.674
C:T42V	D:T315V	logit=-0.734
C:S89A	D:S362A	logit=-0.870

Top tied mutations (A + B view):
A:T18V	B:T215V	logit=-0.807
A:N55S	B:N252S	logit=-1.051
A:N54V	B:N251V	logit=-1.515
A:E100V	B:E297V	logit=-2.502
A:I30V	B:I227V	logit=-2.509

Top tied mutations (C + D view):
C:V218L	D:V491L	logit=-0.457
C:K191R	D:K464R	logit=-0.543
C:S180T	D:S453T	logit=-0.662
C:T42V	D:T315V	logit=-0.667
C:S89A	D:S362A	logit=-0.875

Top tied mutations (A + B view):
A:T18V	B:T215V	logit=-0.789
A:N55S	B:N252S	logit=-1.017
A:N54V	B:N251V	logit=-1.497
A:E100V	B:E297V	logit=-2.561
A:I30V	B:I227V	logit=-2.612

Top tied mutations (C + D view):
C:V218L	D:V491L	logit=-0.397
C:K191R	D:K464R	logit=-0.564
C:S180T	D:S453T	logit=-0.631
C:N51P	D:N324P	logit=-0.776
C:T42V	D:T315V	logit=-0.787

Top tied mutations (A + B view):
A:T18V	B:T215V	logit=-0.775
A:N55S	B:N252S	logit=-0.943
A:N54V	B:N251V	logit=-1.635
A:I30V	B:I227V	logit=-2.472
A:E100V	B:E297V	logit=-2.516

Top tied mutations (C + D view):
C:V218L	D:V491L	logit=-0.482
C:K191R	D:K464R	logit=-0.556
C:S180T	D:S453T	logit=-0.656
C:T42V	D:T315V	logit=-0.752
C:N219S	D:N492S	logit=-0.894

Top tied mutations (A + B view):
A:T18V	B:T215V	logit=-0.784
A:N55S	B:N252S	logit=-1.092
A:N54V	B:N251V	logit=-1.658
A:I30V	B:I227V	logit=-2.457
A:E100V	B:E297V	logit=-2.542

Top tied mutations (C + D view):
C:V218L	D:V491L	logit=-0.402
C:K191R	D:K464R	logit=-0.528
C:S180T	D:S453T	logit=-0.668
C:T42V	D:T315V	logit=-0.727
C:N51P	D:N324P	logit=-0.908

Top tied mutations (A + B view):
A:T18V	B:T215V	logit=-0.825
A:N55S	B:N252S	logit=-1.039
A:N54V	B:N251V	logit=-1.525
A:E100V	B:E297V	logit=-2.460
A:I30V	B:I227V	logit=-2.731

Top tied mutations (C + D view):
C:V218L	D:V491L	logit=-0.467
C:K191R	D:K464R	logit=-0.602
C:S180T	D:S453T	logit=-0.684
C:T42V	D:T315V	logit=-0.758
C:N51P	D:N324P	logit=-0.880

Top tied mutations (A + B view):
A:T18V	B:T215V	logit=-0.807
A:N55S	B:N252S	logit=-1.026
A:N54V	B:N251V	logit=-1.634
A:I30V	B:I227V	logit=-2.369
A:E100V	B:E297V	logit=-2.483

Top tied mutations (C + D view):
C:V218L	D:V491L	logit=-0.451
C:K191R	D:K464R	logit=-0.544
C:S180T	D:S453T	logit=-0.652
C:T42V	D:T315V	logit=-0.717
C:S89A	D:S362A	logit=-0.891

Top tied mutations (A + B view):
A:T18V	B:T215V	logit=-0.830
A:N55S	B:N252S	logit=-1.017
A:N54V	B:N251V	logit=-1.532
A:E100V	B:E297V	logit=-2.644
A:I30V	B:I227V	logit=-2.760

Top tied mutations (C + D view):
C:V218L	D:V491L	logit=-0.398
C:K191R	D:K464R	logit=-0.537
C:S180T	D:S453T	logit=-0.653
C:T42V	D:T315V	logit=-0.796
C:N51P	D:N324P	logit=-0.828

Top tied mutations (A + B view):
A:T18V	B:T215V	logit=-0.833
A:N55S	B:N252S	logit=-1.004
A:N54V	B:N251V	logit=-1.833
A:E100V	B:E297V	logit=-2.420
A:I30V	B:I227V	logit=-2.669

Top tied mutations (C + D view):
C:V218L	D:V491L	logit=-0.428
C:K191R	D:K464R	logit=-0.583
C:S180T	D:S453T	logit=-0.660
C:T42V	D:T315V	logit=-0.769
C:N51P	D:N324P	logit=-0.910

Top tied mutations (A + B view):
A:T18V	B:T215V	logit=-0.833
A:N55S	B:N252S	logit=-0.986
A:N54V	B:N251V	logit=-1.615
A:E100V	B:E297V	logit=-2.453
A:I30V	B:I227V	logit=-2.482

Top tied mutations (C + D view):
C:V218L	D:V491L	logit=-0.474
C:K191R	D:K464R	logit=-0.526
C:S180T	D:S453T	logit=-0.660
C:T42V	D:T315V	logit=-0.784
C:N51P	D:N324P	logit=-0.833

Top tied mutations (A + B view):
A:T18V	B:T215V	logit=-0.745
A:N55S	B:N252S	logit=-1.051
A:N54V	B:N251V	logit=-1.551
A:I30V	B:I227V	logit=-2.397
A:E100V	B:E297V	logit=-2.509

Top tied mutations (C + D view):
C:V218L	D:V491L	logit=-0.479
C:K191R	D:K464R	logit=-0.548
C:S180T	D:S453T	logit=-0.648
C:T42V	D:T315V	logit=-0.746
C:S89A	D:S362A	logit=-0.884

Top tied mutations (A + B view):
A:T18V	B:T215V	logit=-0.827
A:N55S	B:N252S	logit=-0.990
A:N54V	B:N251V	logit=-1.628
A:E100V	B:E297V	logit=-2.481
A:I30V	B:I227V	logit=-2.687

Top tied mutations (C + D view):
C:V218L	D:V491L	logit=-0.442
C:K191R	D:K464R	logit=-0.577
C:S180T	D:S453T	logit=-0.659
C:T42V	D:T315V	logit=-0.689
C:N51P	D:N324P	logit=-0.776

Top tied mutations (A + B view):
A:T18V	B:T215V	logit=-0.733
A:N55S	B:N252S	logit=-1.016
A:N54V	B:N251V	logit=-1.663
A:E100V	B:E297V	logit=-2.404
A:I30V	B:I227V	logit=-2.458

Top tied mutations (C + D view):
C:V218L	D:V491L	logit=-0.409
C:K191R	D:K464R	logit=-0.524
C:S180T	D:S453T	logit=-0.632
C:T42V	D:T315V	logit=-0.771
C:N51P	D:N324P	logit=-0.895

Top tied mutations (A + B view):
A:T18V	B:T215V	logit=-0.794
A:N55S	B:N252S	logit=-0.962
A:N54V	B:N251V	logit=-1.595
A:E100V	B:E297V	logit=-2.445
A:I30V	B:I227V	logit=-2.517

Top tied mutations (C + D view):
C:V218L	D:V491L	logit=-0.425
C:K191R	D:K464R	logit=-0.594
C:S180T	D:S453T	logit=-0.669
C:T42V	D:T315V	logit=-0.697
C:S89A	D:S362A	logit=-0.874

Top tied mutations (A + B view):
A:T18V	B:T215V	logit=-0.797
A:N55S	B:N252S	logit=-1.083
A:N54V	B:N251V	logit=-1.632
A:I30V	B:I227V	logit=-2.571
A:E100V	B:E297V	logit=-2.644

Top tied mutations (C + D view):
C:V218L	D:V491L	logit=-0.448
C:K191R	D:K464R	logit=-0.556
C:S180T	D:S453T	logit=-0.645
C:T42V	D:T315V	logit=-0.673
C:N51P	D:N324P	logit=-0.808

Top tied mutations (A + B view):
A:T18V	B:T215V	logit=-0.749
A:N55S	B:N252S	logit=-1.004
A:N54V	B:N251V	logit=-1.609
A:E100V	B:E297V	logit=-2.466
A:I30V	B:I227V	logit=-2.743

Top tied mutations (C + D view):
C:V218L	D:V491L	logit=-0.481
C:K191R	D:K464R	logit=-0.537
C:S180T	D:S453T	logit=-0.651
C:T42V	D:T315V	logit=-0.754
C:N51P	D:N324P	logit=-0.754

Top tied mutations (A + B view):
A:T18V	B:T215V	logit=-0.774
A:N55S	B:N252S	logit=-0.981
A:N54V	B:N251V	logit=-1.489
A:E100V	B:E297V	logit=-2.521
A:I30V	B:I227V	logit=-2.584

Top tied mutations (C + D view):
C:V218L	D:V491L	logit=-0.481
C:K191R	D:K464R	logit=-0.499
C:S180T	D:S453T	logit=-0.664
C:T42V	D:T315V	logit=-0.757
C:N51P	D:N324P	logit=-0.849

Top tied mutations (A + B view):
A:T18V	B:T215V	logit=-0.802
A:N55S	B:N252S	logit=-0.969
A:N54V	B:N251V	logit=-1.554
A:E100V	B:E297V	logit=-2.564
A:I30V	B:I227V	logit=-2.669

Top tied mutations (C + D view):
C:V218L	D:V491L	logit=-0.432
C:K191R	D:K464R	logit=-0.523
C:S180T	D:S453T	logit=-0.644
C:N51P	D:N324P	logit=-0.694
C:T42V	D:T315V	logit=-0.733

Top tied mutations (A + B view):
A:T18V	B:T215V	logit=-0.834
A:N55S	B:N252S	logit=-1.010
A:N54V	B:N251V	logit=-1.625
A:E100V	B:E297V	logit=-2.446
A:I30V	B:I227V	logit=-2.588

Top tied mutations (C + D view):
C:V218L	D:V491L	logit=-0.415
C:K191R	D:K464R	logit=-0.598
C:S180T	D:S453T	logit=-0.656
C:T42V	D:T315V	logit=-0.735
C:S89A	D:S362A	logit=-0.897

Top tied mutations (A + B view):
A:T18V	B:T215V	logit=-0.745
A:N55S	B:N252S	logit=-0.967
A:N54V	B:N251V	logit=-1.621
A:E100V	B:E297V	logit=-2.493
A:I30V	B:I227V	logit=-2.595

Top tied mutations (C + D view):
C:V218L	D:V491L	logit=-0.444
C:K191R	D:K464R	logit=-0.566
C:S180T	D:S453T	logit=-0.676
C:T42V	D:T315V	logit=-0.695
C:N51P	D:N324P	logit=-0.801

Top tied mutations (A + B view):
A:T18V	B:T215V	logit=-0.815
A:N55S	B:N252S	logit=-0.984
A:N54V	B:N251V	logit=-1.589
A:I30V	B:I227V	logit=-2.455
A:E100V	B:E297V	logit=-2.593

Top tied mutations (C + D view):
C:V218L	D:V491L	logit=-0.417
C:K191R	D:K464R	logit=-0.504
C:S180T	D:S453T	logit=-0.669
C:T42V	D:T315V	logit=-0.709
C:N51P	D:N324P	logit=-0.788

Top tied mutations (A + B view):
A:T18V	B:T215V	logit=-0.801
A:N55S	B:N252S	logit=-0.999
A:N54V	B:N251V	logit=-1.534
A:I30V	B:I227V	logit=-2.545
A:E100V	B:E297V	logit=-2.643

Top tied mutations (C + D view):
C:V218L	D:V491L	logit=-0.474
C:K191R	D:K464R	logit=-0.537
C:S180T	D:S453T	logit=-0.652
C:T42V	D:T315V	logit=-0.783
C:N51P	D:N324P	logit=-0.931

Top tied mutations (A + B view):
A:T18V	B:T215V	logit=-0.750
A:N55S	B:N252S	logit=-0.994
A:N54V	B:N251V	logit=-1.691
A:I30V	B:I227V	logit=-2.629
A:E100V	B:E297V	logit=-2.630

Top tied mutations (C + D view):
C:V218L	D:V491L	logit=-0.448
C:K191R	D:K464R	logit=-0.509
C:S180T	D:S453T	logit=-0.683
C:T42V	D:T315V	logit=-0.762
C:N51P	D:N324P	logit=-0.841

Top tied mutations (A + B view):
A:T18V	B:T215V	logit=-0.762
A:N55S	B:N252S	logit=-1.001
A:N54V	B:N251V	logit=-1.553
A:I30V	B:I227V	logit=-2.602
A:E100V	B:E297V	logit=-2.707

Top tied mutations (C + D view):
C:V218L	D:V491L	logit=-0.451
C:K191R	D:K464R	logit=-0.481
C:S180T	D:S453T	logit=-0.643
C:T42V	D:T315V	logit=-0.806
C:S89A	D:S362A	logit=-0.869

Top tied mutations (A + B view):
A:T18V	B:T215V	logit=-0.824
A:N55S	B:N252S	logit=-1.058
A:N54V	B:N251V	logit=-1.509
A:I30V	B:I227V	logit=-2.471
A:E100V	B:E297V	logit=-2.624

Top tied mutations (C + D view):
C:V218L	D:V491L	logit=-0.422
C:K191R	D:K464R	logit=-0.551
C:S180T	D:S453T	logit=-0.668
C:T42V	D:T315V	logit=-0.710
C:N51P	D:N324P	logit=-0.881

Top tied mutations (A + B view):
A:T18V	B:T215V	logit=-0.778
A:N55S	B:N252S	logit=-1.071
A:N54V	B:N251V	logit=-1.624
A:E100V	B:E297V	logit=-2.569
A:I30V	B:I227V	logit=-2.809

Top tied mutations (C + D view):
C:V218L	D:V491L	logit=-0.388
C:K191R	D:K464R	logit=-0.589
C:S180T	D:S453T	logit=-0.653
C:N51P	D:N324P	logit=-0.754
C:T42V	D:T315V	logit=-0.780

Top tied mutations (A + B view):
A:T18V	B:T215V	logit=-0.803
A:N55S	B:N252S	logit=-1.016
A:N54V	B:N251V	logit=-1.501
A:E100V	B:E297V	logit=-2.498
A:I30V	B:I227V	logit=-2.558

Top tied mutations (C + D view):
C:V218L	D:V491L	logit=-0.443
C:K191R	D:K464R	logit=-0.546
C:S180T	D:S453T	logit=-0.648
C:T42V	D:T315V	logit=-0.743
C:N51P	D:N324P	logit=-0.795

Top tied mutations (A + B view):
A:T18V	B:T215V	logit=-0.839
A:N55S	B:N252S	logit=-0.997
A:N54V	B:N251V	logit=-1.545
A:E100V	B:E297V	logit=-2.484
A:I30V	B:I227V	logit=-2.553

Top tied mutations (C + D view):
C:V218L	D:V491L	logit=-0.451
C:K191R	D:K464R	logit=-0.503
C:S180T	D:S453T	logit=-0.647
C:T42V	D:T315V	logit=-0.690
C:N51P	D:N324P	logit=-0.782

Top tied mutations (A + B view):
A:T18V	B:T215V	logit=-0.782
A:N55S	B:N252S	logit=-1.007
A:N54V	B:N251V	logit=-1.644
A:I30V	B:I227V	logit=-2.480
A:E100V	B:E297V	logit=-2.513

Top tied mutations (C + D view):
C:V218L	D:V491L	logit=-0.448
C:K191R	D:K464R	logit=-0.578
C:S180T	D:S453T	logit=-0.645
C:T42V	D:T315V	logit=-0.776
C:N51P	D:N324P	logit=-0.872

Top tied mutations (A + B view):
A:T18V	B:T215V	logit=-0.859
A:N55S	B:N252S	logit=-1.064
A:N54V	B:N251V	logit=-1.472
A:E100V	B:E297V	logit=-2.531
A:I30V	B:I227V	logit=-2.617

Top tied mutations (C + D view):
C:V218L	D:V491L	logit=-0.415
C:K191R	D:K464R	logit=-0.523
C:S180T	D:S453T	logit=-0.663
C:T42V	D:T315V	logit=-0.691
C:N51P	D:N324P	logit=-0.849

Top tied mutations (A + B view):
A:T18V	B:T215V	logit=-0.752
A:N55S	B:N252S	logit=-0.977
A:N54V	B:N251V	logit=-1.599
A:E100V	B:E297V	logit=-2.496
A:I30V	B:I227V	logit=-2.654

Top tied mutations (C + D view):
C:V218L	D:V491L	logit=-0.436
C:K191R	D:K464R	logit=-0.609
C:S180T	D:S453T	logit=-0.679
C:T42V	D:T315V	logit=-0.685
C:N51P	D:N324P	logit=-0.824

Top tied mutations (A + B view):
A:T18V	B:T215V	logit=-0.743
A:N55S	B:N252S	logit=-1.042
A:N54V	B:N251V	logit=-1.493
A:E100V	B:E297V	logit=-2.475
A:I30V	B:I227V	logit=-2.726

Top tied mutations (C + D view):
C:V218L	D:V491L	logit=-0.467
C:K191R	D:K464R	logit=-0.520
C:S180T	D:S453T	logit=-0.642
C:T42V	D:T315V	logit=-0.736
C:N51P	D:N324P	logit=-0.837

Top tied mutations (A + B view):
A:T18V	B:T215V	logit=-0.779
A:N55S	B:N252S	logit=-1.036
A:N54V	B:N251V	logit=-1.543
A:I30V	B:I227V	logit=-2.478
A:E100V	B:E297V	logit=-2.651

Top tied mutations (C + D view):
C:V218L	D:V491L	logit=-0.456
C:K191R	D:K464R	logit=-0.557
C:S180T	D:S453T	logit=-0.629
C:T42V	D:T315V	logit=-0.718
C:N51P	D:N324P	logit=-0.804

Top tied mutations (A + B view):
A:T18V	B:T215V	logit=-0.724
A:N55S	B:N252S	logit=-1.018
A:N54V	B:N251V	logit=-1.529
A:E100V	B:E297V	logit=-2.587
A:I30V	B:I227V	logit=-2.631

Top tied mutations (C + D view):
C:V218L	D:V491L	logit=-0.480
C:K191R	D:K464R	logit=-0.617
C:S180T	D:S453T	logit=-0.664
C:T42V	D:T315V	logit=-0.771
C:N219S	D:N492S	logit=-0.916

Top tied mutations (A + B view):
A:T18V	B:T215V	logit=-0.786
A:N55S	B:N252S	logit=-1.044
A:N54V	B:N251V	logit=-1.603
A:I30V	B:I227V	logit=-2.410
A:E100V	B:E297V	logit=-2.625

Top tied mutations (C + D view):
C:V218L	D:V491L	logit=-0.395
C:K191R	D:K464R	logit=-0.596
C:S180T	D:S453T	logit=-0.641
C:T42V	D:T315V	logit=-0.698
C:N51P	D:N324P	logit=-0.747

Top tied mutations (A + B view):
A:T18V	B:T215V	logit=-0.770
A:N55S	B:N252S	logit=-1.043
A:N54V	B:N251V	logit=-1.736
A:I30V	B:I227V	logit=-2.468
A:E100V	B:E297V	logit=-2.505

Top tied mutations (C + D view):
C:V218L	D:V491L	logit=-0.436
C:K191R	D:K464R	logit=-0.543
C:S180T	D:S453T	logit=-0.663
C:T42V	D:T315V	logit=-0.754
C:N51P	D:N324P	logit=-0.809

Top tied mutations (A + B view):
A:T18V	B:T215V	logit=-0.849
A:N55S	B:N252S	logit=-1.001
A:N54V	B:N251V	logit=-1.551
A:E100V	B:E297V	logit=-2.495
A:I30V	B:I227V	logit=-2.644

Top tied mutations (C + D view):
C:V218L	D:V491L	logit=-0.465
C:K191R	D:K464R	logit=-0.581
C:S180T	D:S453T	logit=-0.652
C:T42V	D:T315V	logit=-0.733
C:N51P	D:N324P	logit=-0.866

Top tied mutations (A + B view):
A:T18V	B:T215V	logit=-0.752
A:N55S	B:N252S	logit=-1.011
A:N54V	B:N251V	logit=-1.502
A:E100V	B:E297V	logit=-2.452
A:I30V	B:I227V	logit=-2.490

Top tied mutations (C + D view):
C:V218L	D:V491L	logit=-0.468
C:K191R	D:K464R	logit=-0.520
C:S180T	D:S453T	logit=-0.626
C:T42V	D:T315V	logit=-0.732
C:N51P	D:N324P	logit=-0.741

Top tied mutations (A + B view):
A:T18V	B:T215V	logit=-0.810
A:N55S	B:N252S	logit=-0.991
A:N54V	B:N251V	logit=-1.560
A:I30V	B:I227V	logit=-2.460
A:E100V	B:E297V	logit=-2.625

Top tied mutations (C + D view):
C:V218L	D:V491L	logit=-0.444
C:K191R	D:K464R	logit=-0.538
C:S180T	D:S453T	logit=-0.655
C:N51P	D:N324P	logit=-0.767
C:T42V	D:T315V	logit=-0.819

Top tied mutations (A + B view):
A:T18V	B:T215V	logit=-0.837
A:N55S	B:N252S	logit=-0.999
A:N54V	B:N251V	logit=-1.580
A:E100V	B:E297V	logit=-2.491
A:I30V	B:I227V	logit=-2.825

Top tied mutations (C + D view):
C:V218L	D:V491L	logit=-0.442
C:K191R	D:K464R	logit=-0.560
C:S180T	D:S453T	logit=-0.662
C:T42V	D:T315V	logit=-0.808
C:N51P	D:N324P	logit=-0.885

Top tied mutations (A + B view):
A:T18V	B:T215V	logit=-0.822
A:N55S	B:N252S	logit=-0.997
A:N54V	B:N251V	logit=-1.660
A:E100V	B:E297V	logit=-2.417
A:I30V	B:I227V	logit=-2.587

Top tied mutations (C + D view):
C:V218L	D:V491L	logit=-0.466
C:K191R	D:K464R	logit=-0.512
C:S180T	D:S453T	logit=-0.622
C:T42V	D:T315V	logit=-0.787
C:N51P	D:N324P	logit=-0.879

Top tied mutations (A + B view):
A:T18V	B:T215V	logit=-0.738
A:N55S	B:N252S	logit=-1.046
A:N54V	B:N251V	logit=-1.544
A:E100V	B:E297V	logit=-2.466
A:I30V	B:I227V	logit=-2.473

Top tied mutations (C + D view):
C:V218L	D:V491L	logit=-0.444
C:K191R	D:K464R	logit=-0.540
C:S180T	D:S453T	logit=-0.672
C:T42V	D:T315V	logit=-0.744
C:N51P	D:N324P	logit=-0.932

Top tied mutations (A + B view):
A:T18V	B:T215V	logit=-0.795
A:N55S	B:N252S	logit=-1.039
A:N54V	B:N251V	logit=-1.508
A:E100V	B:E297V	logit=-2.604
A:I30V	B:I227V	logit=-2.623

Top tied mutations (C + D view):
C:V218L	D:V491L	logit=-0.475
C:K191R	D:K464R	logit=-0.552
C:S180T	D:S453T	logit=-0.663
C:T42V	D:T315V	logit=-0.734
C:S89A	D:S362A	logit=-0.841

Top tied mutations (A + B view):
A:T18V	B:T215V	logit=-0.785
A:N55S	B:N252S	logit=-0.958
A:N54V	B:N251V	logit=-1.562
A:I30V	B:I227V	logit=-2.577
A:E100V	B:E297V	logit=-2.647

Top tied mutations (C + D view):
C:V218L	D:V491L	logit=-0.435
C:K191R	D:K464R	logit=-0.505
C:S180T	D:S453T	logit=-0.630
C:T42V	D:T315V	logit=-0.695
C:N51P	D:N324P	logit=-0.834

Top tied mutations (A + B view):
A:T18V	B:T215V	logit=-0.794
A:N55S	B:N252S	logit=-1.032
A:N54V	B:N251V	logit=-1.509
A:I30V	B:I227V	logit=-2.589
A:E100V	B:E297V	logit=-2.600

Top tied mutations (C + D view):
C:V218L	D:V491L	logit=-0.415
C:K191R	D:K464R	logit=-0.535
C:S180T	D:S453T	logit=-0.664
C:T42V	D:T315V	logit=-0.697
C:N51P	D:N324P	logit=-0.837

Top tied mutations (A + B view):
A:T18V	B:T215V	logit=-0.808
A:N55S	B:N252S	logit=-0.986
A:N54V	B:N251V	logit=-1.586
A:E100V	B:E297V	logit=-2.476
A:I30V	B:I227V	logit=-2.591

Top tied mutations (C + D view):
C:V218L	D:V491L	logit=-0.497
C:K191R	D:K464R	logit=-0.576
C:S180T	D:S453T	logit=-0.645
C:T42V	D:T315V	logit=-0.684
C:N51P	D:N324P	logit=-0.878

Top tied mutations (A + B view):
A:T18V	B:T215V	logit=-0.739
A:N55S	B:N252S	logit=-1.027
A:N54V	B:N251V	logit=-1.543
A:E100V	B:E297V	logit=-2.468
A:I30V	B:I227V	logit=-2.543

Top tied mutations (C + D view):
C:V218L	D:V491L	logit=-0.431
C:K191R	D:K464R	logit=-0.523
C:S180T	D:S453T	logit=-0.667
C:T42V	D:T315V	logit=-0.732
C:N51P	D:N324P	logit=-0.842

Top tied mutations (A + B view):
A:T18V	B:T215V	logit=-0.772
A:N55S	B:N252S	logit=-1.088
A:N54V	B:N251V	logit=-1.628
A:E100V	B:E297V	logit=-2.523
A:I30V	B:I227V	logit=-2.626

Top tied mutations (C + D view):
C:V218L	D:V491L	logit=-0.461
C:K191R	D:K464R	logit=-0.646
C:S180T	D:S453T	logit=-0.655
C:T42V	D:T315V	logit=-0.717
C:S89A	D:S362A	logit=-0.821

Top tied mutations (A + B view):
A:T18V	B:T215V	logit=-0.738
A:N55S	B:N252S	logit=-0.978
A:N54V	B:N251V	logit=-1.537
A:I30V	B:I227V	logit=-2.478
A:E100V	B:E297V	logit=-2.564

Top tied mutations (C + D view):
C:V218L	D:V491L	logit=-0.479
C:K191R	D:K464R	logit=-0.639
C:S180T	D:S453T	logit=-0.669
C:T42V	D:T315V	logit=-0.736
C:S89A	D:S362A	logit=-0.929

Top tied mutations (A + B view):
A:T18V	B:T215V	logit=-0.788
A:N55S	B:N252S	logit=-0.994
A:N54V	B:N251V	logit=-1.624
A:I30V	B:I227V	logit=-2.476
A:E100V	B:E297V	logit=-2.558

Top tied mutations (C + D view):
C:V218L	D:V491L	logit=-0.467
C:K191R	D:K464R	logit=-0.493
C:S180T	D:S453T	logit=-0.653
C:T42V	D:T315V	logit=-0.721
C:N51P	D:N324P	logit=-0.798

Top tied mutations (A + B view):
A:T18V	B:T215V	logit=-0.814
A:N55S	B:N252S	logit=-0.973
A:N54V	B:N251V	logit=-1.589
A:E100V	B:E297V	logit=-2.583
A:I30V	B:I227V	logit=-2.651

Top tied mutations (C + D view):
C:V218L	D:V491L	logit=-0.476
C:K191R	D:K464R	logit=-0.510
C:S180T	D:S453T	logit=-0.641
C:T42V	D:T315V	logit=-0.773
C:N51P	D:N324P	logit=-0.870

Top tied mutations (A + B view):
A:T18V	B:T215V	logit=-0.798
A:N55S	B:N252S	logit=-1.031
A:N54V	B:N251V	logit=-1.493
A:E100V	B:E297V	logit=-2.570
A:I30V	B:I227V	logit=-2.707

Top tied mutations (C + D view):
C:V218L	D:V491L	logit=-0.421
C:K191R	D:K464R	logit=-0.563
C:S180T	D:S453T	logit=-0.673
C:T42V	D:T315V	logit=-0.738
C:S89A	D:S362A	logit=-0.818

Top tied mutations (A + B view):
A:T18V	B:T215V	logit=-0.759
A:N55S	B:N252S	logit=-0.932
A:N54V	B:N251V	logit=-1.691
A:I30V	B:I227V	logit=-2.551
A:E100V	B:E297V	logit=-2.585

Top tied mutations (C + D view):
C:K191R	D:K464R	logit=-0.473
C:V218L	D:V491L	logit=-0.487
C:S180T	D:S453T	logit=-0.623
C:T42V	D:T315V	logit=-0.731
C:N51P	D:N324P	logit=-0.832

Top tied mutations (A + B view):
A:T18V	B:T215V	logit=-0.816
A:N55S	B:N252S	logit=-0.993
A:N54V	B:N251V	logit=-1.649
A:E100V	B:E297V	logit=-2.566
A:I30V	B:I227V	logit=-2.635

Top tied mutations (C + D view):
C:V218L	D:V491L	logit=-0.468
C:K191R	D:K464R	logit=-0.526
C:S180T	D:S453T	logit=-0.654
C:N51P	D:N324P	logit=-0.745
C:T42V	D:T315V	logit=-0.754

Top tied mutations (A + B view):
A:T18V	B:T215V	logit=-0.719
A:N55S	B:N252S	logit=-1.018
A:N54V	B:N251V	logit=-1.627
A:I30V	B:I227V	logit=-2.541
A:E100V	B:E297V	logit=-2.582

Top tied mutations (C + D view):
C:V218L	D:V491L	logit=-0.490
C:K191R	D:K464R	logit=-0.551
C:S180T	D:S453T	logit=-0.676
C:T42V	D:T315V	logit=-0.705
C:N51P	D:N324P	logit=-0.803

Top tied mutations (A + B view):
A:T18V	B:T215V	logit=-0.730
A:N55S	B:N252S	logit=-1.012
A:N54V	B:N251V	logit=-1.803
A:E100V	B:E297V	logit=-2.484
A:I30V	B:I227V	logit=-2.560

Top tied mutations (C + D view):
C:V218L	D:V491L	logit=-0.465
C:K191R	D:K464R	logit=-0.554
C:S180T	D:S453T	logit=-0.664
C:T42V	D:T315V	logit=-0.765
C:S72G	D:S345G	logit=-0.945

Top tied mutations (A + B view):
A:T18V	B:T215V	logit=-0.790
A:N55S	B:N252S	logit=-0.996
A:N54V	B:N251V	logit=-1.597
A:E100V	B:E297V	logit=-2.560
A:I30V	B:I227V	logit=-2.635

Top tied mutations (C + D view):
C:V218L	D:V491L	logit=-0.447
C:K191R	D:K464R	logit=-0.556
C:S180T	D:S453T	logit=-0.658
C:T42V	D:T315V	logit=-0.736
C:N51P	D:N324P	logit=-0.838

Top tied mutations (A + B view):
A:T18V	B:T215V	logit=-0.764
A:N55S	B:N252S	logit=-0.977
A:N54V	B:N251V	logit=-1.576
A:E100V	B:E297V	logit=-2.437
A:I30V	B:I227V	logit=-2.508

Top tied mutations (C + D view):
C:V218L	D:V491L	logit=-0.446
C:K191R	D:K464R	logit=-0.556
C:S180T	D:S453T	logit=-0.665
C:T42V	D:T315V	logit=-0.712
C:N51P	D:N324P	logit=-0.884

Top tied mutations (A + B view):
A:T18V	B:T215V	logit=-0.729
A:N55S	B:N252S	logit=-1.041
A:N54V	B:N251V	logit=-1.543
A:E100V	B:E297V	logit=-2.529
A:I30V	B:I227V	logit=-2.534

Top tied mutations (C + D view):
C:V218L	D:V491L	logit=-0.504
C:K191R	D:K464R	logit=-0.552
C:S180T	D:S453T	logit=-0.682
C:T42V	D:T315V	logit=-0.709
C:N51P	D:N324P	logit=-0.840

Top tied mutations (A + B view):
A:T18V	B:T215V	logit=-0.789
A:N55S	B:N252S	logit=-0.998
A:N54V	B:N251V	logit=-1.580
A:I30V	B:I227V	logit=-2.541
A:E100V	B:E297V	logit=-2.587

Top tied mutations (C + D view):
C:V218L	D:V491L	logit=-0.404
C:K191R	D:K464R	logit=-0.498
C:S180T	D:S453T	logit=-0.626
C:T42V	D:T315V	logit=-0.695
C:S89A	D:S362A	logit=-0.909

Top tied mutations (A + B view):
A:T18V	B:T215V	logit=-0.752
A:N55S	B:N252S	logit=-1.125
A:N54V	B:N251V	logit=-1.683
A:E100V	B:E297V	logit=-2.531
A:I30V	B:I227V	logit=-2.633

Top tied mutations (C + D view):
C:V218L	D:V491L	logit=-0.467
C:K191R	D:K464R	logit=-0.618
C:S180T	D:S453T	logit=-0.657
C:T42V	D:T315V	logit=-0.698
C:N51P	D:N324P	logit=-0.785

Top tied mutations (A + B view):
A:T18V	B:T215V	logit=-0.785
A:N55S	B:N252S	logit=-1.108
A:N54V	B:N251V	logit=-1.584
A:I30V	B:I227V	logit=-2.499
A:E100V	B:E297V	logit=-2.550

Top tied mutations (C + D view):
C:V218L	D:V491L	logit=-0.462
C:K191R	D:K464R	logit=-0.528
C:S180T	D:S453T	logit=-0.649
C:T42V	D:T315V	logit=-0.781
C:S89A	D:S362A	logit=-0.861

Top tied mutations (A + B view):
A:T18V	B:T215V	logit=-0.826
A:N55S	B:N252S	logit=-0.993
A:N54V	B:N251V	logit=-1.580
A:E100V	B:E297V	logit=-2.570
A:I30V	B:I227V	logit=-2.628

Top tied mutations (C + D view):
C:V218L	D:V491L	logit=-0.464
C:K191R	D:K464R	logit=-0.558
C:S180T	D:S453T	logit=-0.637
C:T42V	D:T315V	logit=-0.762
C:N51P	D:N324P	logit=-0.849

Top tied mutations (A + B view):
A:T18V	B:T215V	logit=-0.736
A:N55S	B:N252S	logit=-1.001
A:N54V	B:N251V	logit=-1.593
A:I30V	B:I227V	logit=-2.501
A:E100V	B:E297V	logit=-2.507

Top tied mutations (C + D view):
C:V218L	D:V491L	logit=-0.413
C:K191R	D:K464R	logit=-0.535
C:S180T	D:S453T	logit=-0.664
C:T42V	D:T315V	logit=-0.753
C:A168P	D:A441P	logit=-0.904

Top tied mutations (A + B view):
A:T18V	B:T215V	logit=-0.763
A:N55S	B:N252S	logit=-0.958
A:N54V	B:N251V	logit=-1.795
A:E100V	B:E297V	logit=-2.576
A:I30V	B:I227V	logit=-2.630

Top tied mutations (C + D view):
C:V218L	D:V491L	logit=-0.442
C:K191R	D:K464R	logit=-0.532
C:S180T	D:S453T	logit=-0.659
C:T42V	D:T315V	logit=-0.740
C:N51P	D:N324P	logit=-0.801

Top tied mutations (A + B view):
A:T18V	B:T215V	logit=-0.694
A:N55S	B:N252S	logit=-0.981
A:N54V	B:N251V	logit=-1.692
A:E100V	B:E297V	logit=-2.542
A:I30V	B:I227V	logit=-2.623

Top tied mutations (C + D view):
C:V218L	D:V491L	logit=-0.481
C:K191R	D:K464R	logit=-0.529
C:S180T	D:S453T	logit=-0.654
C:T42V	D:T315V	logit=-0.694
C:N51P	D:N324P	logit=-0.873

Top tied mutations (A + B view):
A:T18V	B:T215V	logit=-0.738
A:N55S	B:N252S	logit=-1.010
A:N54V	B:N251V	logit=-1.691
A:I30V	B:I227V	logit=-2.572
A:E100V	B:E297V	logit=-2.608

Top tied mutations (C + D view):
C:V218L	D:V491L	logit=-0.412
C:K191R	D:K464R	logit=-0.585
C:S180T	D:S453T	logit=-0.652
C:T42V	D:T315V	logit=-0.752
C:N219S	D:N492S	logit=-0.923

Top tied mutations (A + B view):
A:T18V	B:T215V	logit=-0.786
A:N55S	B:N252S	logit=-1.009
A:N54V	B:N251V	logit=-1.753
A:I30V	B:I227V	logit=-2.569
A:E100V	B:E297V	logit=-2.614

Top tied mutations (C + D view):
C:V218L	D:V491L	logit=-0.513
C:K191R	D:K464R	logit=-0.526
C:S180T	D:S453T	logit=-0.695
C:T42V	D:T315V	logit=-0.747
C:N51P	D:N324P	logit=-0.849

Top tied mutations (A + B view):
A:T18V	B:T215V	logit=-0.743
A:N55S	B:N252S	logit=-0.974
A:N54V	B:N251V	logit=-1.550
A:E100V	B:E297V	logit=-2.546
A:I30V	B:I227V	logit=-2.626

Top tied mutations (C + D view):
C:V218L	D:V491L	logit=-0.447
C:K191R	D:K464R	logit=-0.550
C:S180T	D:S453T	logit=-0.671
C:T42V	D:T315V	logit=-0.711
C:S89A	D:S362A	logit=-0.832

Top tied mutations (A + B view):
A:T18V	B:T215V	logit=-0.762
A:N55S	B:N252S	logit=-0.950
A:N54V	B:N251V	logit=-1.596
A:E100V	B:E297V	logit=-2.462
A:I30V	B:I227V	logit=-2.570

Top tied mutations (C + D view):
C:V218L	D:V491L	logit=-0.478
C:K191R	D:K464R	logit=-0.542
C:S180T	D:S453T	logit=-0.646
C:T42V	D:T315V	logit=-0.693
C:N51P	D:N324P	logit=-0.862

Top tied mutations (A + B view):
A:T18V	B:T215V	logit=-0.758
A:N55S	B:N252S	logit=-1.005
A:N54V	B:N251V	logit=-1.602
A:E100V	B:E297V	logit=-2.528
A:I30V	B:I227V	logit=-2.530

Top tied mutations (C + D view):
C:V218L	D:V491L	logit=-0.466
C:K191R	D:K464R	logit=-0.499
C:S180T	D:S453T	logit=-0.626
C:T42V	D:T315V	logit=-0.765
C:N51P	D:N324P	logit=-0.791

Top tied mutations (A + B view):
A:T18V	B:T215V	logit=-0.800
A:N55S	B:N252S	logit=-0.983
A:N54V	B:N251V	logit=-1.575
A:E100V	B:E297V	logit=-2.532
A:I30V	B:I227V	logit=-2.534

Top tied mutations (C + D view):
C:V218L	D:V491L	logit=-0.419
C:K191R	D:K464R	logit=-0.574
C:S180T	D:S453T	logit=-0.659
C:T42V	D:T315V	logit=-0.678
C:N51P	D:N324P	logit=-0.878

Top tied mutations (A + B view):
A:T18V	B:T215V	logit=-0.805
A:N55S	B:N252S	logit=-1.023
A:N54V	B:N251V	logit=-1.560
A:I30V	B:I227V	logit=-2.583
A:E100V	B:E297V	logit=-2.595

Top tied mutations (C + D view):
C:V218L	D:V491L	logit=-0.447
C:K191R	D:K464R	logit=-0.577
C:S180T	D:S453T	logit=-0.655
C:T42V	D:T315V	logit=-0.728
C:N51P	D:N324P	logit=-0.820

Top tied mutations (A + B view):
A:T18V	B:T215V	logit=-0.740
A:N55S	B:N252S	logit=-0.940
A:N54V	B:N251V	logit=-1.719
A:E100V	B:E297V	logit=-2.489
A:I30V	B:I227V	logit=-2.509

Top tied mutations (C + D view):
C:V218L	D:V491L	logit=-0.496
C:K191R	D:K464R	logit=-0.561
C:S180T	D:S453T	logit=-0.682
C:T42V	D:T315V	logit=-0.726
C:S72G	D:S345G	logit=-0.911

Top tied mutations (A + B view):
A:T18V	B:T215V	logit=-0.738
A:N55S	B:N252S	logit=-1.040
A:N54V	B:N251V	logit=-1.651
A:E100V	B:E297V	logit=-2.456
A:I30V	B:I227V	logit=-2.671

Top tied mutations (C + D view):
C:V218L	D:V491L	logit=-0.449
C:K191R	D:K464R	logit=-0.508
C:S180T	D:S453T	logit=-0.648
C:T42V	D:T315V	logit=-0.773
C:N51P	D:N324P	logit=-0.809

Top tied mutations (A + B view):
A:T18V	B:T215V	logit=-0.804
A:N55S	B:N252S	logit=-0.965
A:N54V	B:N251V	logit=-1.596
A:I30V	B:I227V	logit=-2.515
A:E100V	B:E297V	logit=-2.546

Top tied mutations (C + D view):
C:V218L	D:V491L	logit=-0.436
C:K191R	D:K464R	logit=-0.560
C:S180T	D:S453T	logit=-0.666
C:T42V	D:T315V	logit=-0.694
C:S89A	D:S362A	logit=-0.838

Top tied mutations (A + B view):
A:T18V	B:T215V	logit=-0.786
A:N55S	B:N252S	logit=-0.961
A:N54V	B:N251V	logit=-1.602
A:I30V	B:I227V	logit=-2.501
A:E100V	B:E297V	logit=-2.579

Top tied mutations (C + D view):
C:V218L	D:V491L	logit=-0.448
C:K191R	D:K464R	logit=-0.515
C:S180T	D:S453T	logit=-0.630
C:T42V	D:T315V	logit=-0.720
C:N51P	D:N324P	logit=-0.755

Top tied mutations (A + B view):
A:T18V	B:T215V	logit=-0.709
A:N55S	B:N252S	logit=-1.094
A:N54V	B:N251V	logit=-1.687
A:E100V	B:E297V	logit=-2.468
A:I30V	B:I227V	logit=-2.569

Top tied mutations (C + D view):
C:V218L	D:V491L	logit=-0.412
C:K191R	D:K464R	logit=-0.509
C:S180T	D:S453T	logit=-0.669
C:T42V	D:T315V	logit=-0.755
C:S89A	D:S362A	logit=-0.823

Top tied mutations (A + B view):
A:T18V	B:T215V	logit=-0.790
A:N55S	B:N252S	logit=-1.018
A:N54V	B:N251V	logit=-1.518
A:E100V	B:E297V	logit=-2.530
A:I30V	B:I227V	logit=-2.650

Top tied mutations (C + D view):
C:V218L	D:V491L	logit=-0.448
C:K191R	D:K464R	logit=-0.606
C:S180T	D:S453T	logit=-0.646
C:T42V	D:T315V	logit=-0.721
C:N51P	D:N324P	logit=-0.766

Top tied mutations (A + B view):
A:T18V	B:T215V	logit=-0.801
A:N55S	B:N252S	logit=-1.010
A:N54V	B:N251V	logit=-1.609
A:E100V	B:E297V	logit=-2.575
A:I30V	B:I227V	logit=-2.678

Top tied mutations (C + D view):
C:V218L	D:V491L	logit=-0.486
C:K191R	D:K464R	logit=-0.515
C:S180T	D:S453T	logit=-0.645
C:T42V	D:T315V	logit=-0.756
C:N51P	D:N324P	logit=-0.779

Top tied mutations (A + B view):
A:T18V	B:T215V	logit=-0.751
A:N55S	B:N252S	logit=-1.014
A:N54V	B:N251V	logit=-1.533
A:I30V	B:I227V	logit=-2.632
A:E100V	B:E297V	logit=-2.639

Top tied mutations (C + D view):
C:V218L	D:V491L	logit=-0.480
C:K191R	D:K464R	logit=-0.545
C:S180T	D:S453T	logit=-0.678
C:T42V	D:T315V	logit=-0.718
C:S89A	D:S362A	logit=-0.838

Top tied mutations (A + B view):
A:T18V	B:T215V	logit=-0.866
A:N55S	B:N252S	logit=-1.015
A:N54V	B:N251V	logit=-1.778
A:E100V	B:E297V	logit=-2.489
A:I30V	B:I227V	logit=-2.661

Top tied mutations (C + D view):
C:V218L	D:V491L	logit=-0.480
C:K191R	D:K464R	logit=-0.569
C:S180T	D:S453T	logit=-0.624
C:T42V	D:T315V	logit=-0.749
C:N51P	D:N324P	logit=-0.855

Top tied mutations (A + B view):
A:T18V	B:T215V	logit=-0.746
A:N55S	B:N252S	logit=-1.038
A:N54V	B:N251V	logit=-1.713
A:E100V	B:E297V	logit=-2.460
A:I30V	B:I227V	logit=-2.567

Top tied mutations (C + D view):
C:V218L	D:V491L	logit=-0.437
C:K191R	D:K464R	logit=-0.625
C:S180T	D:S453T	logit=-0.663
C:T42V	D:T315V	logit=-0.726
C:S89A	D:S362A	logit=-0.816

Top tied mutations (A + B view):
A:T18V	B:T215V	logit=-0.789
A:N55S	B:N252S	logit=-1.000
A:N54V	B:N251V	logit=-1.749
A:I30V	B:I227V	logit=-2.514
A:E100V	B:E297V	logit=-2.527

Top tied mutations (C + D view):
C:V218L	D:V491L	logit=-0.416
C:K191R	D:K464R	logit=-0.518
C:S180T	D:S453T	logit=-0.648
C:N51P	D:N324P	logit=-0.808
C:T42V	D:T315V	logit=-0.813

Top tied mutations (A + B view):
A:T18V	B:T215V	logit=-0.735
A:N55S	B:N252S	logit=-1.025
A:N54V	B:N251V	logit=-1.519
A:I30V	B:I227V	logit=-2.432
A:E100V	B:E297V	logit=-2.532

Top tied mutations (C + D view):
C:V218L	D:V491L	logit=-0.469
C:K191R	D:K464R	logit=-0.578
C:S180T	D:S453T	logit=-0.658
C:T42V	D:T315V	logit=-0.735
C:N51P	D:N324P	logit=-0.837

Top tied mutations (A + B view):
A:T18V	B:T215V	logit=-0.773
A:N55S	B:N252S	logit=-1.011
A:N54V	B:N251V	logit=-1.535
A:E100V	B:E297V	logit=-2.481
A:I30V	B:I227V	logit=-2.693

Top tied mutations (C + D view):
C:V218L	D:V491L	logit=-0.484
C:K191R	D:K464R	logit=-0.550
C:S180T	D:S453T	logit=-0.652
C:T42V	D:T315V	logit=-0.785
C:S89A	D:S362A	logit=-0.848

Top tied mutations (A + B view):
A:T18V	B:T215V	logit=-0.785
A:N55S	B:N252S	logit=-1.065
A:N54V	B:N251V	logit=-1.636
A:E100V	B:E297V	logit=-2.569
A:I30V	B:I227V	logit=-2.592

Top tied mutations (C + D view):
C:V218L	D:V491L	logit=-0.444
C:K191R	D:K464R	logit=-0.507
C:S180T	D:S453T	logit=-0.657
C:T42V	D:T315V	logit=-0.737
C:S89A	D:S362A	logit=-0.864

Top tied mutations (A + B view):
A:T18V	B:T215V	logit=-0.833
A:N55S	B:N252S	logit=-0.989
A:N54V	B:N251V	logit=-1.522
A:E100V	B:E297V	logit=-2.587
A:I30V	B:I227V	logit=-2.608

Top tied mutations (C + D view):
C:V218L	D:V491L	logit=-0.425
C:K191R	D:K464R	logit=-0.572
C:S180T	D:S453T	logit=-0.655
C:T42V	D:T315V	logit=-0.725
C:N51P	D:N324P	logit=-0.859

Top tied mutations (A + B view):
A:T18V	B:T215V	logit=-0.794
A:N55S	B:N252S	logit=-0.972
A:N54V	B:N251V	logit=-1.549
A:E100V	B:E297V	logit=-2.406
A:I30V	B:I227V	logit=-2.699

Top tied mutations (C + D view):
C:V218L	D:V491L	logit=-0.429
C:K191R	D:K464R	logit=-0.594
C:S180T	D:S453T	logit=-0.628
C:T42V	D:T315V	logit=-0.734
C:N51P	D:N324P	logit=-0.816

Top tied mutations (A + B view):
A:T18V	B:T215V	logit=-0.780
A:N55S	B:N252S	logit=-0.990
A:N54V	B:N251V	logit=-1.545
A:E100V	B:E297V	logit=-2.515
A:I30V	B:I227V	logit=-2.665

Top tied mutations (C + D view):
C:V218L	D:V491L	logit=-0.430
C:K191R	D:K464R	logit=-0.587
C:S180T	D:S453T	logit=-0.650
C:T42V	D:T315V	logit=-0.724
C:N51P	D:N324P	logit=-0.791

Top tied mutations (A + B view):
A:T18V	B:T215V	logit=-0.785
A:N55S	B:N252S	logit=-0.989
A:N54V	B:N251V	logit=-1.632
A:E100V	B:E297V	logit=-2.508
A:I30V	B:I227V	logit=-2.571

Top tied mutations (C + D view):
C:V218L	D:V491L	logit=-0.461
C:K191R	D:K464R	logit=-0.592
C:S180T	D:S453T	logit=-0.672
C:T42V	D:T315V	logit=-0.798
C:N51P	D:N324P	logit=-0.899

Top tied mutations (A + B view):
A:T18V	B:T215V	logit=-0.787
A:N55S	B:N252S	logit=-0.982
A:N54V	B:N251V	logit=-1.481
A:E100V	B:E297V	logit=-2.537
A:I30V	B:I227V	logit=-2.576

Top tied mutations (C + D view):
C:V218L	D:V491L	logit=-0.457
C:K191R	D:K464R	logit=-0.609
C:S180T	D:S453T	logit=-0.655
C:T42V	D:T315V	logit=-0.727
C:N51P	D:N324P	logit=-0.902

Top tied mutations (A + B view):
A:T18V	B:T215V	logit=-0.747
A:N55S	B:N252S	logit=-0.974
A:N54V	B:N251V	logit=-1.650
A:I30V	B:I227V	logit=-2.571
A:E100V	B:E297V	logit=-2.595

Top tied mutations (C + D view):
C:V218L	D:V491L	logit=-0.429
C:K191R	D:K464R	logit=-0.558
C:S180T	D:S453T	logit=-0.678
C:T42V	D:T315V	logit=-0.753
C:N51P	D:N324P	logit=-0.765

Top tied mutations (A + B view):
A:T18V	B:T215V	logit=-0.780
A:N55S	B:N252S	logit=-0.945
A:N54V	B:N251V	logit=-1.678
A:I30V	B:I227V	logit=-2.504
A:E100V	B:E297V	logit=-2.511

Top tied mutations (C + D view):
C:V218L	D:V491L	logit=-0.470
C:K191R	D:K464R	logit=-0.569
C:S180T	D:S453T	logit=-0.656
C:T42V	D:T315V	logit=-0.743
C:S89A	D:S362A	logit=-0.832

Top tied mutations (A + B view):
A:T18V	B:T215V	logit=-0.779
A:N55S	B:N252S	logit=-1.026
A:N54V	B:N251V	logit=-1.609
A:E100V	B:E297V	logit=-2.544
A:I30V	B:I227V	logit=-2.642

Top tied mutations (C + D view):
C:V218L	D:V491L	logit=-0.480
C:K191R	D:K464R	logit=-0.507
C:S180T	D:S453T	logit=-0.651
C:T42V	D:T315V	logit=-0.718
C:N51P	D:N324P	logit=-0.903

Top tied mutations (A + B view):
A:T18V	B:T215V	logit=-0.780
A:N55S	B:N252S	logit=-1.044
A:N54V	B:N251V	logit=-1.580
A:E100V	B:E297V	logit=-2.554
A:I30V	B:I227V	logit=-2.559

Top tied mutations (C + D view):
C:V218L	D:V491L	logit=-0.423
C:K191R	D:K464R	logit=-0.557
C:S180T	D:S453T	logit=-0.653
C:T42V	D:T315V	logit=-0.779
C:N51P	D:N324P	logit=-0.788

Top tied mutations (A + B view):
A:T18V	B:T215V	logit=-0.766
A:N55S	B:N252S	logit=-0.962
A:N54V	B:N251V	logit=-1.581
A:I30V	B:I227V	logit=-2.520
A:E100V	B:E297V	logit=-2.538

Top tied mutations (C + D view):
C:V218L	D:V491L	logit=-0.458
C:K191R	D:K464R	logit=-0.574
C:S180T	D:S453T	logit=-0.658
C:T42V	D:T315V	logit=-0.825
C:N51P	D:N324P	logit=-0.859

Top tied mutations (A + B view):
A:T18V	B:T215V	logit=-0.744
A:N55S	B:N252S	logit=-0.958
A:N54V	B:N251V	logit=-1.565
A:E100V	B:E297V	logit=-2.541
A:I30V	B:I227V	logit=-2.627

Top tied mutations (C + D view):
C:V218L	D:V491L	logit=-0.480
C:K191R	D:K464R	logit=-0.528
C:S180T	D:S453T	logit=-0.659
C:T42V	D:T315V	logit=-0.730
C:N51P	D:N324P	logit=-0.863

Top tied mutations (A + B view):
A:T18V	B:T215V	logit=-0.749
A:N55S	B:N252S	logit=-1.039
A:N54V	B:N251V	logit=-1.598
A:E100V	B:E297V	logit=-2.611
A:I30V	B:I227V	logit=-2.674

Top tied mutations (C + D view):
C:V218L	D:V491L	logit=-0.431
C:K191R	D:K464R	logit=-0.540
C:S180T	D:S453T	logit=-0.647
C:T42V	D:T315V	logit=-0.763
C:N51P	D:N324P	logit=-0.779

Top tied mutations (A + B view):
A:T18V	B:T215V	logit=-0.848
A:N55S	B:N252S	logit=-1.019
A:N54V	B:N251V	logit=-1.558
A:E100V	B:E297V	logit=-2.447
A:I30V	B:I227V	logit=-2.457

Top tied mutations (C + D view):
C:V218L	D:V491L	logit=-0.405
C:K191R	D:K464R	logit=-0.514
C:S180T	D:S453T	logit=-0.650
C:T42V	D:T315V	logit=-0.737
C:N51P	D:N324P	logit=-0.830

Top tied mutations (A + B view):
A:T18V	B:T215V	logit=-0.773
A:N55S	B:N252S	logit=-1.073
A:N54V	B:N251V	logit=-1.478
A:I30V	B:I227V	logit=-2.493
A:E100V	B:E297V	logit=-2.511

Top tied mutations (C + D view):
C:V218L	D:V491L	logit=-0.486
C:K191R	D:K464R	logit=-0.519
C:S180T	D:S453T	logit=-0.647
C:T42V	D:T315V	logit=-0.685
C:N51P	D:N324P	logit=-0.840

Top tied mutations (A + B view):
A:T18V	B:T215V	logit=-0.807
A:N55S	B:N252S	logit=-1.096
A:N54V	B:N251V	logit=-1.518
A:E100V	B:E297V	logit=-2.616
A:I30V	B:I227V	logit=-2.678

Top tied mutations (C + D view):
C:V218L	D:V491L	logit=-0.442
C:K191R	D:K464R	logit=-0.597
C:S180T	D:S453T	logit=-0.655
C:N51P	D:N324P	logit=-0.691
C:T42V	D:T315V	logit=-0.726

Top tied mutations (A + B view):
A:T18V	B:T215V	logit=-0.808
A:N55S	B:N252S	logit=-1.021
A:N54V	B:N251V	logit=-1.618
A:E100V	B:E297V	logit=-2.543
A:I30V	B:I227V	logit=-2.544

Top tied mutations (C + D view):
C:V218L	D:V491L	logit=-0.448
C:K191R	D:K464R	logit=-0.566
C:S180T	D:S453T	logit=-0.656
C:T42V	D:T315V	logit=-0.780
C:N51P	D:N324P	logit=-0.859

Top tied mutations (A + B view):
A:T18V	B:T215V	logit=-0.801
A:N55S	B:N252S	logit=-0.975
A:N54V	B:N251V	logit=-1.501
A:I30V	B:I227V	logit=-2.520
A:E100V	B:E297V	logit=-2.612

Top tied mutations (C + D view):
C:V218L	D:V491L	logit=-0.456
C:K191R	D:K464R	logit=-0.538
C:S180T	D:S453T	logit=-0.662
C:T42V	D:T315V	logit=-0.719
C:S89A	D:S362A	logit=-0.876

Top tied mutations (A + B view):
A:T18V	B:T215V	logit=-0.811
A:N55S	B:N252S	logit=-1.012
A:N54V	B:N251V	logit=-1.512
A:I30V	B:I227V	logit=-2.662
A:E100V	B:E297V	logit=-2.702

Top tied mutations (C + D view):
C:V218L	D:V491L	logit=-0.456
C:K191R	D:K464R	logit=-0.559
C:S180T	D:S453T	logit=-0.644
C:T42V	D:T315V	logit=-0.794
C:N219S	D:N492S	logit=-0.901

Top tied mutations (A + B view):
A:T18V	B:T215V	logit=-0.790
A:N55S	B:N252S	logit=-0.914
A:N54V	B:N251V	logit=-1.530
A:I30V	B:I227V	logit=-2.537
A:E100V	B:E297V	logit=-2.644

Top tied mutations (C + D view):
C:V218L	D:V491L	logit=-0.389
C:K191R	D:K464R	logit=-0.560
C:S180T	D:S453T	logit=-0.681
C:T42V	D:T315V	logit=-0.703
C:N51P	D:N324P	logit=-0.731

Top tied mutations (A + B view):
A:T18V	B:T215V	logit=-0.799
A:N55S	B:N252S	logit=-0.922
A:N54V	B:N251V	logit=-1.590
A:I30V	B:I227V	logit=-2.429
A:E100V	B:E297V	logit=-2.582

Top tied mutations (C + D view):
C:V218L	D:V491L	logit=-0.466
C:K191R	D:K464R	logit=-0.650
C:S180T	D:S453T	logit=-0.660
C:T42V	D:T315V	logit=-0.738
C:N51P	D:N324P	logit=-0.815

Top tied mutations (A + B view):
A:T18V	B:T215V	logit=-0.811
A:N55S	B:N252S	logit=-1.044
A:N54V	B:N251V	logit=-1.597
A:I30V	B:I227V	logit=-2.475
A:E100V	B:E297V	logit=-2.665

Top tied mutations (C + D view):
C:V218L	D:V491L	logit=-0.414
C:K191R	D:K464R	logit=-0.504
C:S180T	D:S453T	logit=-0.631
C:T42V	D:T315V	logit=-0.738
C:N51P	D:N324P	logit=-0.751

Top tied mutations (A + B view):
A:T18V	B:T215V	logit=-0.843
A:N55S	B:N252S	logit=-1.034
A:N54V	B:N251V	logit=-1.593
A:I30V	B:I227V	logit=-2.505
A:E100V	B:E297V	logit=-2.562

Top tied mutations (C + D view):
C:V218L	D:V491L	logit=-0.495
C:K191R	D:K464R	logit=-0.546
C:S180T	D:S453T	logit=-0.654
C:T42V	D:T315V	logit=-0.710
C:S89A	D:S362A	logit=-0.857

Top tied mutations (A + B view):
A:T18V	B:T215V	logit=-0.776
A:N55S	B:N252S	logit=-0.943
A:N54V	B:N251V	logit=-1.709
A:E100V	B:E297V	logit=-2.548
A:I30V	B:I227V	logit=-2.593

Top tied mutations (C + D view):
C:V218L	D:V491L	logit=-0.464
C:K191R	D:K464R	logit=-0.636
C:S180T	D:S453T	logit=-0.664
C:T42V	D:T315V	logit=-0.738
C:N51P	D:N324P	logit=-0.818

Top tied mutations (A + B view):
A:T18V	B:T215V	logit=-0.803
A:N55S	B:N252S	logit=-0.994
A:N54V	B:N251V	logit=-1.584
A:I30V	B:I227V	logit=-2.537
A:E100V	B:E297V	logit=-2.551

Top tied mutations (C + D view):
C:V218L	D:V491L	logit=-0.417
C:K191R	D:K464R	logit=-0.556
C:S180T	D:S453T	logit=-0.645
C:N51P	D:N324P	logit=-0.772
C:T42V	D:T315V	logit=-0.787

Top tied mutations (A + B view):
A:T18V	B:T215V	logit=-0.798
A:N55S	B:N252S	logit=-0.997
A:N54V	B:N251V	logit=-1.627
A:E100V	B:E297V	logit=-2.403
A:I30V	B:I227V	logit=-2.557

Top tied mutations (C + D view):
C:V218L	D:V491L	logit=-0.419
C:K191R	D:K464R	logit=-0.601
C:S180T	D:S453T	logit=-0.659
C:T42V	D:T315V	logit=-0.732
C:S89A	D:S362A	logit=-0.912

Top tied mutations (A + B view):
A:T18V	B:T215V	logit=-0.765
A:N55S	B:N252S	logit=-1.022
A:N54V	B:N251V	logit=-1.744
A:I30V	B:I227V	logit=-2.534
A:E100V	B:E297V	logit=-2.551

Top tied mutations (C + D view):
C:V218L	D:V491L	logit=-0.487
C:K191R	D:K464R	logit=-0.584
C:S180T	D:S453T	logit=-0.661
C:T42V	D:T315V	logit=-0.761
C:S89A	D:S362A	logit=-0.908

Top tied mutations (A + B view):
A:T18V	B:T215V	logit=-0.775
A:N55S	B:N252S	logit=-0.999
A:N54V	B:N251V	logit=-1.661
A:E100V	B:E297V	logit=-2.492
A:I30V	B:I227V	logit=-2.604

Top tied mutations (C + D view):
C:V218L	D:V491L	logit=-0.434
C:K191R	D:K464R	logit=-0.557
C:S180T	D:S453T	logit=-0.638
C:T42V	D:T315V	logit=-0.696
C:N51P	D:N324P	logit=-0.835

Top tied mutations (A + B view):
A:T18V	B:T215V	logit=-0.795
A:N55S	B:N252S	logit=-1.032
A:N54V	B:N251V	logit=-1.609
A:E100V	B:E297V	logit=-2.548
A:I30V	B:I227V	logit=-2.579

Top tied mutations (C + D view):
C:V218L	D:V491L	logit=-0.464
C:K191R	D:K464R	logit=-0.516
C:S180T	D:S453T	logit=-0.642
C:T42V	D:T315V	logit=-0.713
C:N51P	D:N324P	logit=-0.777

Top tied mutations (A + B view):
A:T18V	B:T215V	logit=-0.772
A:N55S	B:N252S	logit=-1.013
A:N54V	B:N251V	logit=-1.560
A:E100V	B:E297V	logit=-2.554
A:I30V	B:I227V	logit=-2.603

Top tied mutations (C + D view):
C:V218L	D:V491L	logit=-0.487
C:K191R	D:K464R	logit=-0.552
C:S180T	D:S453T	logit=-0.634
C:T42V	D:T315V	logit=-0.740
C:N51P	D:N324P	logit=-0.790

Top tied mutations (A + B view):
A:T18V	B:T215V	logit=-0.734
A:N55S	B:N252S	logit=-0.980
A:N54V	B:N251V	logit=-1.592
A:E100V	B:E297V	logit=-2.503
A:I30V	B:I227V	logit=-2.635

Top tied mutations (C + D view):
C:V218L	D:V491L	logit=-0.473
C:K191R	D:K464R	logit=-0.627
C:S180T	D:S453T	logit=-0.654
C:T42V	D:T315V	logit=-0.740
C:N51P	D:N324P	logit=-0.802

Top tied mutations (A + B view):
A:T18V	B:T215V	logit=-0.805
A:N55S	B:N252S	logit=-0.974
A:N54V	B:N251V	logit=-1.621
A:E100V	B:E297V	logit=-2.627
A:I30V	B:I227V	logit=-2.658

Top tied mutations (C + D view):
C:V218L	D:V491L	logit=-0.425
C:K191R	D:K464R	logit=-0.568
C:S180T	D:S453T	logit=-0.644
C:T42V	D:T315V	logit=-0.763
C:N51P	D:N324P	logit=-0.771

Top tied mutations (A + B view):
A:T18V	B:T215V	logit=-0.704
A:N55S	B:N252S	logit=-1.004
A:N54V	B:N251V	logit=-1.628
A:I30V	B:I227V	logit=-2.450
A:E100V	B:E297V	logit=-2.563

Top tied mutations (C + D view):
C:V218L	D:V491L	logit=-0.471
C:K191R	D:K464R	logit=-0.496
C:S180T	D:S453T	logit=-0.663
C:T42V	D:T315V	logit=-0.763
C:N51P	D:N324P	logit=-0.883

Top tied mutations (A + B view):
A:T18V	B:T215V	logit=-0.753
A:N55S	B:N252S	logit=-0.987
A:N54V	B:N251V	logit=-1.543
A:E100V	B:E297V	logit=-2.536
A:I30V	B:I227V	logit=-2.840

Top tied mutations (C + D view):
C:V218L	D:V491L	logit=-0.407
C:K191R	D:K464R	logit=-0.589
C:S180T	D:S453T	logit=-0.673
C:T42V	D:T315V	logit=-0.703
C:N51P	D:N324P	logit=-0.799

Top tied mutations (A + B view):
A:T18V	B:T215V	logit=-0.782
A:N55S	B:N252S	logit=-1.029
A:N54V	B:N251V	logit=-1.564
A:I30V	B:I227V	logit=-2.553
A:E100V	B:E297V	logit=-2.677

Top tied mutations (C + D view):
C:V218L	D:V491L	logit=-0.483
C:K191R	D:K464R	logit=-0.639
C:S180T	D:S453T	logit=-0.665
C:T42V	D:T315V	logit=-0.774
C:S89A	D:S362A	logit=-0.845

Top tied mutations (A + B view):
A:T18V	B:T215V	logit=-0.753
A:N55S	B:N252S	logit=-0.994
A:N54V	B:N251V	logit=-1.627
A:E100V	B:E297V	logit=-2.545
A:I30V	B:I227V	logit=-2.559

Top tied mutations (C + D view):
C:V218L	D:V491L	logit=-0.490
C:K191R	D:K464R	logit=-0.556
C:S180T	D:S453T	logit=-0.691
C:T42V	D:T315V	logit=-0.740
C:N51P	D:N324P	logit=-0.873

Top tied mutations (A + B view):
A:T18V	B:T215V	logit=-0.783
A:N55S	B:N252S	logit=-1.101
A:N54V	B:N251V	logit=-1.584
A:I30V	B:I227V	logit=-2.624
A:E100V	B:E297V	logit=-2.639

Top tied mutations (C + D view):
C:V218L	D:V491L	logit=-0.416
C:K191R	D:K464R	logit=-0.553
C:S180T	D:S453T	logit=-0.638
C:T42V	D:T315V	logit=-0.740
C:N51P	D:N324P	logit=-0.834

Top tied mutations (A + B view):
A:T18V	B:T215V	logit=-0.825
A:N55S	B:N252S	logit=-1.026
A:N54V	B:N251V	logit=-1.533
A:E100V	B:E297V	logit=-2.427
A:I30V	B:I227V	logit=-2.501

Top tied mutations (C + D view):
C:V218L	D:V491L	logit=-0.423
C:K191R	D:K464R	logit=-0.565
C:S180T	D:S453T	logit=-0.653
C:T42V	D:T315V	logit=-0.773
C:N51P	D:N324P	logit=-0.810

Top tied mutations (A + B view):
A:T18V	B:T215V	logit=-0.746
A:N55S	B:N252S	logit=-1.003
A:N54V	B:N251V	logit=-1.583
A:E100V	B:E297V	logit=-2.556
A:I30V	B:I227V	logit=-2.663

Top tied mutations (C + D view):
C:V218L	D:V491L	logit=-0.410
C:K191R	D:K464R	logit=-0.517
C:S180T	D:S453T	logit=-0.649
C:T42V	D:T315V	logit=-0.735
C:N51P	D:N324P	logit=-0.778

Top tied mutations (A + B view):
A:T18V	B:T215V	logit=-0.768
A:N55S	B:N252S	logit=-0.981
A:N54V	B:N251V	logit=-1.675
A:I30V	B:I227V	logit=-2.573
A:E100V	B:E297V	logit=-2.673

Top tied mutations (C + D view):
C:V218L	D:V491L	logit=-0.441
C:K191R	D:K464R	logit=-0.581
C:S180T	D:S453T	logit=-0.638
C:T42V	D:T315V	logit=-0.797
C:N51P	D:N324P	logit=-0.903

Top tied mutations (A + B view):
A:T18V	B:T215V	logit=-0.772
A:N55S	B:N252S	logit=-0.976
A:N54V	B:N251V	logit=-1.634
A:E100V	B:E297V	logit=-2.392
A:I30V	B:I227V	logit=-2.714

Top tied mutations (C + D view):
C:V218L	D:V491L	logit=-0.460
C:K191R	D:K464R	logit=-0.561
C:S180T	D:S453T	logit=-0.679
C:T42V	D:T315V	logit=-0.753
C:S89A	D:S362A	logit=-0.894

Top tied mutations (A + B view):
A:T18V	B:T215V	logit=-0.773
A:N55S	B:N252S	logit=-1.044
A:N54V	B:N251V	logit=-1.629
A:E100V	B:E297V	logit=-2.466
A:I30V	B:I227V	logit=-2.509

Top tied mutations (C + D view):
C:V218L	D:V491L	logit=-0.437
C:K191R	D:K464R	logit=-0.519
C:S180T	D:S453T	logit=-0.616
C:N51P	D:N324P	logit=-0.759
C:T42V	D:T315V	logit=-0.768

Top tied mutations (A + B view):
A:T18V	B:T215V	logit=-0.728
A:N55S	B:N252S	logit=-1.028
A:N54V	B:N251V	logit=-1.575
A:E100V	B:E297V	logit=-2.541
A:I30V	B:I227V	logit=-2.671

Top tied mutations (C + D view):
C:V218L	D:V491L	logit=-0.494
C:K191R	D:K464R	logit=-0.557
C:S180T	D:S453T	logit=-0.681
C:T42V	D:T315V	logit=-0.758
C:N51P	D:N324P	logit=-0.819

Top tied mutations (A + B view):
A:T18V	B:T215V	logit=-0.823
A:N55S	B:N252S	logit=-0.947
A:N54V	B:N251V	logit=-1.715
A:E100V	B:E297V	logit=-2.560
A:I30V	B:I227V	logit=-2.605

Top tied mutations (C + D view):
C:V218L	D:V491L	logit=-0.434
C:K191R	D:K464R	logit=-0.554
C:S180T	D:S453T	logit=-0.650
C:T42V	D:T315V	logit=-0.708
C:N51P	D:N324P	logit=-0.818

Top tied mutations (A + B view):
A:T18V	B:T215V	logit=-0.765
A:N55S	B:N252S	logit=-1.044
A:N54V	B:N251V	logit=-1.704
A:E100V	B:E297V	logit=-2.507
A:I30V	B:I227V	logit=-2.563

Top tied mutations (C + D view):
C:V218L	D:V491L	logit=-0.481
C:K191R	D:K464R	logit=-0.646
C:S180T	D:S453T	logit=-0.682
C:T42V	D:T315V	logit=-0.718
C:N51P	D:N324P	logit=-0.799

Top tied mutations (A + B view):
A:T18V	B:T215V	logit=-0.786
A:N55S	B:N252S	logit=-0.959
A:N54V	B:N251V	logit=-1.590
A:E100V	B:E297V	logit=-2.558
A:I30V	B:I227V	logit=-2.579

Top tied mutations (C + D view):
C:V218L	D:V491L	logit=-0.447
C:K191R	D:K464R	logit=-0.597
C:S180T	D:S453T	logit=-0.650
C:T42V	D:T315V	logit=-0.715
C:S89A	D:S362A	logit=-0.921

Top tied mutations (A + B view):
A:T18V	B:T215V	logit=-0.792
A:N55S	B:N252S	logit=-0.996
A:N54V	B:N251V	logit=-1.498
A:E100V	B:E297V	logit=-2.710
A:I30V	B:I227V	logit=-2.775

Top tied mutations (C + D view):
C:V218L	D:V491L	logit=-0.428
C:K191R	D:K464R	logit=-0.554
C:S180T	D:S453T	logit=-0.628
C:T42V	D:T315V	logit=-0.720
C:N51P	D:N324P	logit=-0.758

Top tied mutations (A + B view):
A:T18V	B:T215V	logit=-0.767
A:N55S	B:N252S	logit=-0.963
A:N54V	B:N251V	logit=-1.541
A:E100V	B:E297V	logit=-2.449
A:I30V	B:I227V	logit=-2.600

Top tied mutations (C + D view):
C:V218L	D:V491L	logit=-0.412
C:K191R	D:K464R	logit=-0.590
C:S180T	D:S453T	logit=-0.640
C:T42V	D:T315V	logit=-0.769
C:N51P	D:N324P	logit=-0.922

Top tied mutations (A + B view):
A:T18V	B:T215V	logit=-0.775
A:N55S	B:N252S	logit=-1.115
A:N54V	B:N251V	logit=-1.680
A:E100V	B:E297V	logit=-2.574
A:I30V	B:I227V	logit=-2.640

Top tied mutations (C + D view):
C:V218L	D:V491L	logit=-0.462
C:K191R	D:K464R	logit=-0.596
C:S180T	D:S453T	logit=-0.654
C:T42V	D:T315V	logit=-0.792
C:N51P	D:N324P	logit=-0.879

Top tied mutations (A + B view):
A:T18V	B:T215V	logit=-0.814
A:N55S	B:N252S	logit=-0.961
A:N54V	B:N251V	logit=-1.530
A:I30V	B:I227V	logit=-2.426
A:E100V	B:E297V	logit=-2.551

Top tied mutations (C + D view):
C:K191R	D:K464R	logit=-0.447
C:V218L	D:V491L	logit=-0.449
C:S180T	D:S453T	logit=-0.642
C:T42V	D:T315V	logit=-0.735
C:N51P	D:N324P	logit=-0.824

Top tied mutations (A + B view):
A:T18V	B:T215V	logit=-0.811
A:N55S	B:N252S	logit=-1.025
A:N54V	B:N251V	logit=-1.516
A:I30V	B:I227V	logit=-2.431
A:E100V	B:E297V	logit=-2.572

Top tied mutations (C + D view):
C:V218L	D:V491L	logit=-0.409
C:K191R	D:K464R	logit=-0.551
C:S180T	D:S453T	logit=-0.653
C:N51P	D:N324P	logit=-0.810
C:T42V	D:T315V	logit=-0.812

Top tied mutations (A + B view):
A:T18V	B:T215V	logit=-0.867
A:N55S	B:N252S	logit=-0.960
A:N54V	B:N251V	logit=-1.474
A:I30V	B:I227V	logit=-2.399
A:E100V	B:E297V	logit=-2.427

Top tied mutations (C + D view):
C:V218L	D:V491L	logit=-0.479
C:K191R	D:K464R	logit=-0.489
C:S180T	D:S453T	logit=-0.651
C:T42V	D:T315V	logit=-0.707
C:N51P	D:N324P	logit=-0.934

Top tied mutations (A + B view):
A:T18V	B:T215V	logit=-0.723
A:N55S	B:N252S	logit=-0.987
A:N54V	B:N251V	logit=-1.678
A:E100V	B:E297V	logit=-2.576
A:I30V	B:I227V	logit=-2.644

Top tied mutations (C + D view):
C:V218L	D:V491L	logit=-0.460
C:K191R	D:K464R	logit=-0.565
C:S180T	D:S453T	logit=-0.638
C:T42V	D:T315V	logit=-0.742
C:N51P	D:N324P	logit=-0.845

Top tied mutations (A + B view):
A:T18V	B:T215V	logit=-0.797
A:N55S	B:N252S	logit=-0.907
A:N54V	B:N251V	logit=-1.677
A:E100V	B:E297V	logit=-2.550
A:I30V	B:I227V	logit=-2.672

Top tied mutations (C + D view):
C:V218L	D:V491L	logit=-0.414
C:K191R	D:K464R	logit=-0.488
C:S180T	D:S453T	logit=-0.616
C:T42V	D:T315V	logit=-0.713
C:N51P	D:N324P	logit=-0.809

Top tied mutations (A + B view):
A:T18V	B:T215V	logit=-0.756
A:N55S	B:N252S	logit=-1.037
A:N54V	B:N251V	logit=-1.573
A:E100V	B:E297V	logit=-2.455
A:I30V	B:I227V	logit=-2.491

Top tied mutations (C + D view):
C:V218L	D:V491L	logit=-0.452
C:K191R	D:K464R	logit=-0.567
C:S180T	D:S453T	logit=-0.666
C:T42V	D:T315V	logit=-0.724
C:N51P	D:N324P	logit=-0.857

Top tied mutations (A + B view):
A:T18V	B:T215V	logit=-0.754
A:N55S	B:N252S	logit=-1.024
A:N54V	B:N251V	logit=-1.596
A:I30V	B:I227V	logit=-2.538
A:E100V	B:E297V	logit=-2.569

Top tied mutations (C + D view):
C:V218L	D:V491L	logit=-0.468
C:K191R	D:K464R	logit=-0.624
C:S180T	D:S453T	logit=-0.673
C:T42V	D:T315V	logit=-0.756
C:S89A	D:S362A	logit=-0.887

Top tied mutations (A + B view):
A:T18V	B:T215V	logit=-0.862
A:N55S	B:N252S	logit=-1.019
A:N54V	B:N251V	logit=-1.866
A:E100V	B:E297V	logit=-2.464
A:I30V	B:I227V	logit=-2.552

Top tied mutations (C + D view):
C:V218L	D:V491L	logit=-0.517
C:K191R	D:K464R	logit=-0.583
C:S180T	D:S453T	logit=-0.646
C:T42V	D:T315V	logit=-0.759
C:N51P	D:N324P	logit=-0.852

Top tied mutations (A + B view):
A:T18V	B:T215V	logit=-0.722
A:N55S	B:N252S	logit=-1.017
A:N54V	B:N251V	logit=-1.526
A:E100V	B:E297V	logit=-2.504
A:I30V	B:I227V	logit=-2.569

Top tied mutations (C + D view):
C:V218L	D:V491L	logit=-0.455
C:K191R	D:K464R	logit=-0.539
C:S180T	D:S453T	logit=-0.637
C:T42V	D:T315V	logit=-0.726
C:N51P	D:N324P	logit=-0.783

Top tied mutations (A + B view):
A:T18V	B:T215V	logit=-0.743
A:N55S	B:N252S	logit=-0.938
A:N54V	B:N251V	logit=-1.572
A:E100V	B:E297V	logit=-2.509
A:I30V	B:I227V	logit=-2.596

Top tied mutations (C + D view):
C:V218L	D:V491L	logit=-0.430
C:K191R	D:K464R	logit=-0.537
C:S180T	D:S453T	logit=-0.652
C:T42V	D:T315V	logit=-0.702
C:N51P	D:N324P	logit=-0.789

Top tied mutations (A + B view):
A:T18V	B:T215V	logit=-0.782
A:N55S	B:N252S	logit=-1.008
A:N54V	B:N251V	logit=-1.686
A:E100V	B:E297V	logit=-2.506
A:I30V	B:I227V	logit=-2.660

Top tied mutations (C + D view):
C:V218L	D:V491L	logit=-0.424
C:K191R	D:K464R	logit=-0.538
C:S180T	D:S453T	logit=-0.645
C:T42V	D:T315V	logit=-0.712
C:N51P	D:N324P	logit=-0.826

Top tied mutations (A + B view):
A:T18V	B:T215V	logit=-0.802
A:N55S	B:N252S	logit=-0.999
A:N54V	B:N251V	logit=-1.634
A:E100V	B:E297V	logit=-2.543
A:I30V	B:I227V	logit=-2.555

Top tied mutations (C + D view):
C:V218L	D:V491L	logit=-0.427
C:K191R	D:K464R	logit=-0.613
C:S180T	D:S453T	logit=-0.662
C:T42V	D:T315V	logit=-0.762
C:N51P	D:N324P	logit=-0.789

Top tied mutations (A + B view):
A:T18V	B:T215V	logit=-0.823
A:N55S	B:N252S	logit=-1.034
A:N54V	B:N251V	logit=-1.675
A:E100V	B:E297V	logit=-2.510
A:I30V	B:I227V	logit=-2.608

Top tied mutations (C + D view):
C:V218L	D:V491L	logit=-0.490
C:K191R	D:K464R	logit=-0.587
C:S180T	D:S453T	logit=-0.663
C:T42V	D:T315V	logit=-0.757
C:N51P	D:N324P	logit=-0.829

Top tied mutations (A + B view):
A:T18V	B:T215V	logit=-0.785
A:N55S	B:N252S	logit=-0.953
A:N54V	B:N251V	logit=-1.577
A:E100V	B:E297V	logit=-2.575
A:I30V	B:I227V	logit=-2.624

Top tied mutations (C + D view):
C:V218L	D:V491L	logit=-0.462
C:K191R	D:K464R	logit=-0.551
C:T42V	D:T315V	logit=-0.671
C:S180T	D:S453T	logit=-0.681
C:N51P	D:N324P	logit=-0.851

Top tied mutations (A + B view):
A:T18V	B:T215V	logit=-0.711
A:N55S	B:N252S	logit=-1.025
A:N54V	B:N251V	logit=-1.615
A:E100V	B:E297V	logit=-2.396
A:I30V	B:I227V	logit=-2.595

Top tied mutations (C + D view):
C:V218L	D:V491L	logit=-0.390
C:K191R	D:K464R	logit=-0.553
C:S180T	D:S453T	logit=-0.654
C:T42V	D:T315V	logit=-0.776
C:S89A	D:S362A	logit=-0.932

Top tied mutations (A + B view):
A:T18V	B:T215V	logit=-0.714
A:N55S	B:N252S	logit=-0.971
A:N54V	B:N251V	logit=-1.712
A:E100V	B:E297V	logit=-2.522
A:I30V	B:I227V	logit=-2.583

Top tied mutations (C + D view):
C:V218L	D:V491L	logit=-0.478
C:K191R	D:K464R	logit=-0.589
C:S180T	D:S453T	logit=-0.661
C:T42V	D:T315V	logit=-0.731
C:N51P	D:N324P	logit=-0.825

Top tied mutations (A + B view):
A:T18V	B:T215V	logit=-0.804
A:N55S	B:N252S	logit=-0.975
A:N54V	B:N251V	logit=-1.589
A:E100V	B:E297V	logit=-2.481
A:I30V	B:I227V	logit=-2.624

Top tied mutations (C + D view):
C:V218L	D:V491L	logit=-0.426
C:K191R	D:K464R	logit=-0.543
C:S180T	D:S453T	logit=-0.655
C:T42V	D:T315V	logit=-0.737
C:N51P	D:N324P	logit=-0.879

Top tied mutations (A + B view):
A:T18V	B:T215V	logit=-0.771
A:N55S	B:N252S	logit=-1.012
A:N54V	B:N251V	logit=-1.646
A:I30V	B:I227V	logit=-2.477
A:E100V	B:E297V	logit=-2.561

Top tied mutations (C + D view):
C:V218L	D:V491L	logit=-0.430
C:K191R	D:K464R	logit=-0.531
C:S180T	D:S453T	logit=-0.652
C:T42V	D:T315V	logit=-0.730
C:N51P	D:N324P	logit=-0.882

Top tied mutations (A + B view):
A:T18V	B:T215V	logit=-0.813
A:N55S	B:N252S	logit=-1.002
A:N54V	B:N251V	logit=-1.684
A:I30V	B:I227V	logit=-2.521
A:E100V	B:E297V	logit=-2.595

Top tied mutations (C + D view):
C:V218L	D:V491L	logit=-0.414
C:K191R	D:K464R	logit=-0.551
C:S180T	D:S453T	logit=-0.692
C:T42V	D:T315V	logit=-0.699
C:N51P	D:N324P	logit=-0.792

Top tied mutations (A + B view):
A:T18V	B:T215V	logit=-0.720
A:N55S	B:N252S	logit=-1.051
A:N54V	B:N251V	logit=-1.760
A:I30V	B:I227V	logit=-2.526
A:E100V	B:E297V	logit=-2.617

Top tied mutations (C + D view):
C:V218L	D:V491L	logit=-0.438
C:K191R	D:K464R	logit=-0.492
C:S180T	D:S453T	logit=-0.629
C:T42V	D:T315V	logit=-0.674
C:N51P	D:N324P	logit=-0.829

Top tied mutations (A + B view):
A:T18V	B:T215V	logit=-0.730
A:N55S	B:N252S	logit=-0.954
A:N54V	B:N251V	logit=-1.557
A:I30V	B:I227V	logit=-2.498
A:E100V	B:E297V	logit=-2.563

Top tied mutations (C + D view):
C:V218L	D:V491L	logit=-0.413
C:K191R	D:K464R	logit=-0.555
C:S180T	D:S453T	logit=-0.662
C:T42V	D:T315V	logit=-0.725
C:N51P	D:N324P	logit=-0.775

Top tied mutations (A + B view):
A:T18V	B:T215V	logit=-0.857
A:N55S	B:N252S	logit=-0.974
A:N54V	B:N251V	logit=-1.664
A:I30V	B:I227V	logit=-2.508
A:E100V	B:E297V	logit=-2.582

Top tied mutations (C + D view):
C:V218L	D:V491L	logit=-0.451
C:K191R	D:K464R	logit=-0.483
C:S180T	D:S453T	logit=-0.685
C:T42V	D:T315V	logit=-0.722
C:N51P	D:N324P	logit=-0.803

Top tied mutations (A + B view):
A:T18V	B:T215V	logit=-0.828
A:N55S	B:N252S	logit=-1.014
A:N54V	B:N251V	logit=-1.568
A:I30V	B:I227V	logit=-2.585
A:E100V	B:E297V	logit=-2.625

Top tied mutations (C + D view):
C:V218L	D:V491L	logit=-0.434
C:K191R	D:K464R	logit=-0.523
C:S180T	D:S453T	logit=-0.671
C:T42V	D:T315V	logit=-0.745
C:S89A	D:S362A	logit=-0.818

Top tied mutations (A + B view):
A:T18V	B:T215V	logit=-0.798
A:N55S	B:N252S	logit=-1.088
A:N54V	B:N251V	logit=-1.521
A:I30V	B:I227V	logit=-2.420
A:E100V	B:E297V	logit=-2.479

Top tied mutations (C + D view):
C:V218L	D:V491L	logit=-0.463
C:K191R	D:K464R	logit=-0.592
C:S180T	D:S453T	logit=-0.620
C:T42V	D:T315V	logit=-0.737
C:S89A	D:S362A	logit=-0.855

Top tied mutations (A + B view):
A:T18V	B:T215V	logit=-0.816
A:N55S	B:N252S	logit=-1.063
A:N54V	B:N251V	logit=-1.567
A:E100V	B:E297V	logit=-2.602
A:I30V	B:I227V	logit=-2.690

Top tied mutations (C + D view):
C:V218L	D:V491L	logit=-0.444
C:K191R	D:K464R	logit=-0.560
C:S180T	D:S453T	logit=-0.638
C:T42V	D:T315V	logit=-0.742
C:N51P	D:N324P	logit=-0.872

Top tied mutations (A + B view):
A:T18V	B:T215V	logit=-0.802
A:N55S	B:N252S	logit=-0.992
A:N54V	B:N251V	logit=-1.628
A:E100V	B:E297V	logit=-2.627
A:I30V	B:I227V	logit=-2.699

Top tied mutations (C + D view):
C:V218L	D:V491L	logit=-0.416
C:K191R	D:K464R	logit=-0.601
C:S180T	D:S453T	logit=-0.659
C:T42V	D:T315V	logit=-0.757
C:S89A	D:S362A	logit=-0.911

Top tied mutations (A + B view):
A:T18V	B:T215V	logit=-0.809
A:N55S	B:N252S	logit=-0.968
A:N54V	B:N251V	logit=-1.509
A:I30V	B:I227V	logit=-2.531
A:E100V	B:E297V	logit=-2.573

Top tied mutations (C + D view):
C:V218L	D:V491L	logit=-0.470
C:K191R	D:K464R	logit=-0.618
C:S180T	D:S453T	logit=-0.641
C:T42V	D:T315V	logit=-0.712
C:N51P	D:N324P	logit=-0.854

Top tied mutations (A + B view):
A:T18V	B:T215V	logit=-0.743
A:N55S	B:N252S	logit=-0.968
A:N54V	B:N251V	logit=-1.590
A:I30V	B:I227V	logit=-2.534
A:E100V	B:E297V	logit=-2.560

Top tied mutations (C + D view):
C:V218L	D:V491L	logit=-0.425
C:K191R	D:K464R	logit=-0.505
C:S180T	D:S453T	logit=-0.659
C:T42V	D:T315V	logit=-0.790
C:S89A	D:S362A	logit=-0.871
Counter({'A:T18V': 1000, 'A:N55S': 1000, 'A:N54V': 1000, 'A:E100V': 1000, 'A:I30V': 1000})
Counter({'C:V218L': 1000, 'C:K191R': 1000, 'C:S180T': 1000, 'C:T42V': 1000, 'C:N51P': 780, 'C:S89A': 189, 'C:N219S': 19, 'C:A168P': 8, 'C:S72G': 2, 'C:H175P': 1, 'C:V40L': 1})
