/home/zhuggan1/scr4_jgray21/zhuggan1/miniconda3/envs/mpnn/bin/python
Torch loaded: 2.1.1+cu118
----------------------------------------
pssm_jsonl is NOT loaded
----------------------------------------
omit_AA_jsonl is NOT loaded
----------------------------------------
bias_AA_jsonl is NOT loaded
----------------------------------------
bias by residue dictionary is not loaded, or not provided
----------------------------------------
discarded {'bad_chars': 0, 'too_long': 0, 'bad_seq_length': 0}
----------------------------------------
Number of edges: 48
Training noise level: 0.2A
Calculating conditional probabilities for merged_tetramer_ignorechain

Top tied mutations (A + B view):
A:T18C	B:T215C	logit=0.640
A:Q59E	B:Q256E	logit=0.480
A:R56E	B:R253E	logit=0.434
A:E100C	B:E297C	logit=0.296
A:N55T	B:N252T	logit=0.294

Top tied mutations (C + D view):
C:V218L	D:V491L	logit=-0.468
C:K191R	D:K464R	logit=-0.606
C:S180T	D:S453T	logit=-0.637
C:T42V	D:T315V	logit=-0.764
C:S89A	D:S362A	logit=-0.884

Top tied mutations (A + B view):
A:T18C	B:T215C	logit=0.335
A:N54H	B:N251H	logit=0.286
A:V58C	B:V255C	logit=0.206
A:T18P	B:T215P	logit=0.200
A:T18L	B:T215L	logit=0.196

Top tied mutations (C + D view):
C:V218L	D:V491L	logit=-0.501
C:K191R	D:K464R	logit=-0.596
C:S180T	D:S453T	logit=-0.670
C:T42V	D:T315V	logit=-0.737
C:N51P	D:N324P	logit=-0.864

Top tied mutations (A + B view):
A:E100R	B:E297R	logit=0.335
A:R56P	B:R253P	logit=0.322
A:R61K	B:R258K	logit=0.308
A:R56A	B:R253A	logit=0.301
A:N55A	B:N252A	logit=0.244

Top tied mutations (C + D view):
C:V218L	D:V491L	logit=-0.473
C:K191R	D:K464R	logit=-0.563
C:S180T	D:S453T	logit=-0.613
C:T42V	D:T315V	logit=-0.742
C:N51P	D:N324P	logit=-0.845

Top tied mutations (A + B view):
A:N55D	B:N252D	logit=0.608
A:N54E	B:N251E	logit=0.489
A:N54T	B:N251T	logit=0.334
A:T18I	B:T215I	logit=0.297
A:R56N	B:R253N	logit=0.262

Top tied mutations (C + D view):
C:V218L	D:V491L	logit=-0.442
C:K191R	D:K464R	logit=-0.534
C:S180T	D:S453T	logit=-0.653
C:T42V	D:T315V	logit=-0.726
C:N51P	D:N324P	logit=-0.762

Top tied mutations (A + B view):
A:V58R	B:V255R	logit=0.453
A:T18P	B:T215P	logit=0.266
A:N54I	B:N251I	logit=0.223
A:N55D	B:N252D	logit=0.221
A:N57R	B:N254R	logit=0.214

Top tied mutations (C + D view):
C:V218L	D:V491L	logit=-0.439
C:K191R	D:K464R	logit=-0.618
C:S180T	D:S453T	logit=-0.638
C:T42V	D:T315V	logit=-0.764
C:N51P	D:N324P	logit=-0.772

Top tied mutations (A + B view):
A:V58S	B:V255S	logit=0.321
A:V58E	B:V255E	logit=0.321
A:N55T	B:N252T	logit=0.304
A:V58N	B:V255N	logit=0.287
A:N54L	B:N251L	logit=0.282

Top tied mutations (C + D view):
C:V218L	D:V491L	logit=-0.455
C:K191R	D:K464R	logit=-0.546
C:S180T	D:S453T	logit=-0.660
C:T42V	D:T315V	logit=-0.720
C:N51P	D:N324P	logit=-0.912

Top tied mutations (A + B view):
A:N54P	B:N251P	logit=0.513
A:V58R	B:V255R	logit=0.442
A:N55H	B:N252H	logit=0.243
A:T18P	B:T215P	logit=0.241
A:V102K	B:V299K	logit=0.227

Top tied mutations (C + D view):
C:V218L	D:V491L	logit=-0.470
C:K191R	D:K464R	logit=-0.603
C:S180T	D:S453T	logit=-0.652
C:T42V	D:T315V	logit=-0.770
C:N51P	D:N324P	logit=-0.824

Top tied mutations (A + B view):
A:N54T	B:N251T	logit=0.406
A:V58R	B:V255R	logit=0.302
A:R56K	B:R253K	logit=0.260
A:V58N	B:V255N	logit=0.227
A:T18P	B:T215P	logit=0.222

Top tied mutations (C + D view):
C:V218L	D:V491L	logit=-0.468
C:K191R	D:K464R	logit=-0.524
C:S180T	D:S453T	logit=-0.663
C:T42V	D:T315V	logit=-0.777
C:N51P	D:N324P	logit=-0.889

Top tied mutations (A + B view):
A:R56K	B:R253K	logit=0.578
A:N55D	B:N252D	logit=0.522
A:Q59K	B:Q256K	logit=0.367
A:V102K	B:V299K	logit=0.363
A:N55G	B:N252G	logit=0.315

Top tied mutations (C + D view):
C:V218L	D:V491L	logit=-0.461
C:K191R	D:K464R	logit=-0.543
C:S180T	D:S453T	logit=-0.647
C:T42V	D:T315V	logit=-0.749
C:N51P	D:N324P	logit=-0.869

Top tied mutations (A + B view):
A:V58H	B:V255H	logit=0.334
A:E100H	B:E297H	logit=0.316
A:Q59K	B:Q256K	logit=0.295
A:R56E	B:R253E	logit=0.267
A:V102N	B:V299N	logit=0.245

Top tied mutations (C + D view):
C:V218L	D:V491L	logit=-0.449
C:K191R	D:K464R	logit=-0.525
C:S180T	D:S453T	logit=-0.668
C:T42V	D:T315V	logit=-0.671
C:N51P	D:N324P	logit=-0.753

Top tied mutations (A + B view):
A:N55D	B:N252D	logit=0.641
A:N54H	B:N251H	logit=0.421
A:N55G	B:N252G	logit=0.394
A:V58R	B:V255R	logit=0.358
A:E100K	B:E297K	logit=0.316

Top tied mutations (C + D view):
C:V218L	D:V491L	logit=-0.428
C:K191R	D:K464R	logit=-0.607
C:S180T	D:S453T	logit=-0.657
C:T42V	D:T315V	logit=-0.711
C:N51P	D:N324P	logit=-0.786

Top tied mutations (A + B view):
A:R61C	B:R258C	logit=0.437
A:T18P	B:T215P	logit=0.364
A:R56C	B:R253C	logit=0.351
A:N57C	B:N254C	logit=0.281
A:R56P	B:R253P	logit=0.270

Top tied mutations (C + D view):
C:V218L	D:V491L	logit=-0.410
C:K191R	D:K464R	logit=-0.565
C:S180T	D:S453T	logit=-0.653
C:T42V	D:T315V	logit=-0.790
C:S89A	D:S362A	logit=-0.870

Top tied mutations (A + B view):
A:R56E	B:R253E	logit=0.531
A:N55D	B:N252D	logit=0.488
A:R56D	B:R253D	logit=0.481
A:N57R	B:N254R	logit=0.330
A:T18P	B:T215P	logit=0.326

Top tied mutations (C + D view):
C:V218L	D:V491L	logit=-0.457
C:K191R	D:K464R	logit=-0.509
C:S180T	D:S453T	logit=-0.653
C:T42V	D:T315V	logit=-0.710
C:S89A	D:S362A	logit=-0.895

Top tied mutations (A + B view):
A:N57F	B:N254F	logit=0.450
A:N55A	B:N252A	logit=0.375
A:N54I	B:N251I	logit=0.341
A:N54L	B:N251L	logit=0.284
A:R56Y	B:R253Y	logit=0.281

Top tied mutations (C + D view):
C:V218L	D:V491L	logit=-0.426
C:K191R	D:K464R	logit=-0.566
C:S180T	D:S453T	logit=-0.664
C:T42V	D:T315V	logit=-0.757
C:N51P	D:N324P	logit=-0.846

Top tied mutations (A + B view):
A:E100K	B:E297K	logit=0.705
A:E100R	B:E297R	logit=0.586
A:R61K	B:R258K	logit=0.491
A:V102K	B:V299K	logit=0.483
A:V102R	B:V299R	logit=0.349

Top tied mutations (C + D view):
C:V218L	D:V491L	logit=-0.462
C:K191R	D:K464R	logit=-0.543
C:S180T	D:S453T	logit=-0.655
C:T42V	D:T315V	logit=-0.682
C:N51P	D:N324P	logit=-0.791

Top tied mutations (A + B view):
A:N55Q	B:N252Q	logit=0.362
A:N55T	B:N252T	logit=0.329
A:N55C	B:N252C	logit=0.268
A:N55F	B:N252F	logit=0.204
A:N57L	B:N254L	logit=0.199

Top tied mutations (C + D view):
C:V218L	D:V491L	logit=-0.480
C:K191R	D:K464R	logit=-0.562
C:S180T	D:S453T	logit=-0.661
C:T42V	D:T315V	logit=-0.777
C:N219S	D:N492S	logit=-0.903

Top tied mutations (A + B view):
A:N54E	B:N251E	logit=0.395
A:N54T	B:N251T	logit=0.350
A:T18I	B:T215I	logit=0.319
A:N54L	B:N251L	logit=0.281
A:N54Q	B:N251Q	logit=0.229

Top tied mutations (C + D view):
C:V218L	D:V491L	logit=-0.429
C:K191R	D:K464R	logit=-0.564
C:S180T	D:S453T	logit=-0.667
C:T42V	D:T315V	logit=-0.746
C:N51P	D:N324P	logit=-0.856

Top tied mutations (A + B view):
A:N57F	B:N254F	logit=0.474
A:V58S	B:V255S	logit=0.471
A:N57L	B:N254L	logit=0.359
A:N57I	B:N254I	logit=0.340
A:E100R	B:E297R	logit=0.339

Top tied mutations (C + D view):
C:V218L	D:V491L	logit=-0.424
C:K191R	D:K464R	logit=-0.515
C:S180T	D:S453T	logit=-0.656
C:T42V	D:T315V	logit=-0.691
C:N51P	D:N324P	logit=-0.814

Top tied mutations (A + B view):
A:R56K	B:R253K	logit=0.451
A:N57D	B:N254D	logit=0.262
A:R61K	B:R258K	logit=0.257
A:N57T	B:N254T	logit=0.237
A:N54V	B:N251V	logit=0.231

Top tied mutations (C + D view):
C:V218L	D:V491L	logit=-0.411
C:K191R	D:K464R	logit=-0.515
C:S180T	D:S453T	logit=-0.641
C:T42V	D:T315V	logit=-0.697
C:N51P	D:N324P	logit=-0.706

Top tied mutations (A + B view):
A:V58R	B:V255R	logit=0.523
A:N54H	B:N251H	logit=0.412
A:N54E	B:N251E	logit=0.389
A:N54T	B:N251T	logit=0.368
A:N57R	B:N254R	logit=0.362

Top tied mutations (C + D view):
C:V218L	D:V491L	logit=-0.418
C:K191R	D:K464R	logit=-0.627
C:S180T	D:S453T	logit=-0.676
C:T42V	D:T315V	logit=-0.719
C:N51P	D:N324P	logit=-0.769

Top tied mutations (A + B view):
A:N54E	B:N251E	logit=0.463
A:N54H	B:N251H	logit=0.422
A:N54T	B:N251T	logit=0.377
A:Q59K	B:Q256K	logit=0.310
A:V58R	B:V255R	logit=0.298

Top tied mutations (C + D view):
C:V218L	D:V491L	logit=-0.417
C:K191R	D:K464R	logit=-0.598
C:S180T	D:S453T	logit=-0.653
C:T42V	D:T315V	logit=-0.723
C:N51P	D:N324P	logit=-0.842

Top tied mutations (A + B view):
A:N55R	B:N252R	logit=0.285
A:N55K	B:N252K	logit=0.265
A:R61A	B:R258A	logit=0.244
A:N54I	B:N251I	logit=0.234
A:N55Y	B:N252Y	logit=0.228

Top tied mutations (C + D view):
C:V218L	D:V491L	logit=-0.431
C:K191R	D:K464R	logit=-0.573
C:S180T	D:S453T	logit=-0.643
C:T42V	D:T315V	logit=-0.784
C:N51P	D:N324P	logit=-0.903

Top tied mutations (A + B view):
A:V58C	B:V255C	logit=0.444
A:N54P	B:N251P	logit=0.371
A:R61C	B:R258C	logit=0.312
A:R56N	B:R253N	logit=0.304
A:V102C	B:V299C	logit=0.295

Top tied mutations (C + D view):
C:V218L	D:V491L	logit=-0.482
C:K191R	D:K464R	logit=-0.488
C:S180T	D:S453T	logit=-0.659
C:T42V	D:T315V	logit=-0.702
C:N51P	D:N324P	logit=-0.874

Top tied mutations (A + B view):
A:N54E	B:N251E	logit=0.536
A:N54H	B:N251H	logit=0.518
A:N54T	B:N251T	logit=0.312
A:R56V	B:R253V	logit=0.292
A:R56C	B:R253C	logit=0.283

Top tied mutations (C + D view):
C:V218L	D:V491L	logit=-0.422
C:K191R	D:K464R	logit=-0.664
C:S180T	D:S453T	logit=-0.670
C:T42V	D:T315V	logit=-0.727
C:N219S	D:N492S	logit=-0.912

Top tied mutations (A + B view):
A:V58R	B:V255R	logit=0.608
A:N57F	B:N254F	logit=0.455
A:N57D	B:N254D	logit=0.342
A:V58C	B:V255C	logit=0.316
A:N57L	B:N254L	logit=0.303

Top tied mutations (C + D view):
C:V218L	D:V491L	logit=-0.451
C:K191R	D:K464R	logit=-0.554
C:S180T	D:S453T	logit=-0.662
C:T42V	D:T315V	logit=-0.712
C:N51P	D:N324P	logit=-0.854

Top tied mutations (A + B view):
A:N54E	B:N251E	logit=0.352
A:N55Q	B:N252Q	logit=0.308
A:R56D	B:R253D	logit=0.269
A:N55R	B:N252R	logit=0.253
A:N54A	B:N251A	logit=0.241

Top tied mutations (C + D view):
C:V218L	D:V491L	logit=-0.425
C:K191R	D:K464R	logit=-0.588
C:S180T	D:S453T	logit=-0.644
C:T42V	D:T315V	logit=-0.752
C:A168P	D:A441P	logit=-0.898

Top tied mutations (A + B view):
A:N54E	B:N251E	logit=0.462
A:N54H	B:N251H	logit=0.448
A:N54T	B:N251T	logit=0.427
A:N54Q	B:N251Q	logit=0.361
A:R56E	B:R253E	logit=0.357

Top tied mutations (C + D view):
C:V218L	D:V491L	logit=-0.474
C:K191R	D:K464R	logit=-0.571
C:S180T	D:S453T	logit=-0.631
C:T42V	D:T315V	logit=-0.710
C:N51P	D:N324P	logit=-0.873

Top tied mutations (A + B view):
A:N54R	B:N251R	logit=0.455
A:R56D	B:R253D	logit=0.374
A:R61L	B:R258L	logit=0.260
A:R61Q	B:R258Q	logit=0.254
A:N57L	B:N254L	logit=0.227

Top tied mutations (C + D view):
C:V218L	D:V491L	logit=-0.495
C:K191R	D:K464R	logit=-0.513
C:S180T	D:S453T	logit=-0.642
C:T42V	D:T315V	logit=-0.737
C:N51P	D:N324P	logit=-0.853

Top tied mutations (A + B view):
A:R56K	B:R253K	logit=0.491
A:N55A	B:N252A	logit=0.294
A:R61K	B:R258K	logit=0.212
A:V58M	B:V255M	logit=0.204
A:E100K	B:E297K	logit=0.195

Top tied mutations (C + D view):
C:V218L	D:V491L	logit=-0.419
C:K191R	D:K464R	logit=-0.581
C:S180T	D:S453T	logit=-0.664
C:T42V	D:T315V	logit=-0.736
C:N51P	D:N324P	logit=-0.784

Top tied mutations (A + B view):
A:V58E	B:V255E	logit=0.379
A:V58R	B:V255R	logit=0.369
A:V58Y	B:V255Y	logit=0.367
A:N57K	B:N254K	logit=0.305
A:V58K	B:V255K	logit=0.304

Top tied mutations (C + D view):
C:V218L	D:V491L	logit=-0.417
C:K191R	D:K464R	logit=-0.522
C:S180T	D:S453T	logit=-0.629
C:N51P	D:N324P	logit=-0.745
C:T42V	D:T315V	logit=-0.770

Top tied mutations (A + B view):
A:R56D	B:R253D	logit=0.470
A:V58R	B:V255R	logit=0.376
A:V58K	B:V255K	logit=0.294
A:R56N	B:R253N	logit=0.272
A:R56K	B:R253K	logit=0.268

Top tied mutations (C + D view):
C:V218L	D:V491L	logit=-0.493
C:K191R	D:K464R	logit=-0.564
C:S180T	D:S453T	logit=-0.642
C:T42V	D:T315V	logit=-0.671
C:S89A	D:S362A	logit=-0.880

Top tied mutations (A + B view):
A:N55A	B:N252A	logit=0.335
A:T18I	B:T215I	logit=0.304
A:N54R	B:N251R	logit=0.282
A:E100R	B:E297R	logit=0.214
A:T18P	B:T215P	logit=0.182

Top tied mutations (C + D view):
C:V218L	D:V491L	logit=-0.469
C:K191R	D:K464R	logit=-0.548
C:S180T	D:S453T	logit=-0.665
C:T42V	D:T315V	logit=-0.744
C:N51P	D:N324P	logit=-0.832

Top tied mutations (A + B view):
A:V58R	B:V255R	logit=0.639
A:N57E	B:N254E	logit=0.552
A:N57D	B:N254D	logit=0.509
A:N55G	B:N252G	logit=0.503
A:N57F	B:N254F	logit=0.402

Top tied mutations (C + D view):
C:V218L	D:V491L	logit=-0.459
C:S180T	D:S453T	logit=-0.635
C:K191R	D:K464R	logit=-0.680
C:T42V	D:T315V	logit=-0.746
C:N51P	D:N324P	logit=-0.857

Top tied mutations (A + B view):
A:N55D	B:N252D	logit=0.426
A:Q59E	B:Q256E	logit=0.384
A:Q59D	B:Q256D	logit=0.312
A:R56N	B:R253N	logit=0.308
A:V58R	B:V255R	logit=0.297

Top tied mutations (C + D view):
C:V218L	D:V491L	logit=-0.396
C:K191R	D:K464R	logit=-0.565
C:S180T	D:S453T	logit=-0.670
C:T42V	D:T315V	logit=-0.681
C:S89A	D:S362A	logit=-0.889

Top tied mutations (A + B view):
A:N57D	B:N254D	logit=0.368
A:R56S	B:R253S	logit=0.308
A:N54P	B:N251P	logit=0.270
A:N54E	B:N251E	logit=0.266
A:Q59Y	B:Q256Y	logit=0.247

Top tied mutations (C + D view):
C:V218L	D:V491L	logit=-0.457
C:K191R	D:K464R	logit=-0.545
C:S180T	D:S453T	logit=-0.682
C:T42V	D:T315V	logit=-0.728
C:N51P	D:N324P	logit=-0.795

Top tied mutations (A + B view):
A:R61K	B:R258K	logit=0.424
A:R56K	B:R253K	logit=0.403
A:N55D	B:N252D	logit=0.356
A:N57K	B:N254K	logit=0.308
A:R56H	B:R253H	logit=0.225

Top tied mutations (C + D view):
C:V218L	D:V491L	logit=-0.403
C:K191R	D:K464R	logit=-0.542
C:S180T	D:S453T	logit=-0.641
C:N51P	D:N324P	logit=-0.779
C:T42V	D:T315V	logit=-0.787

Top tied mutations (A + B view):
A:N55D	B:N252D	logit=0.295
A:N55K	B:N252K	logit=0.219
A:R56H	B:R253H	logit=0.206
A:R61A	B:R258A	logit=0.201
A:R56K	B:R253K	logit=0.187

Top tied mutations (C + D view):
C:V218L	D:V491L	logit=-0.455
C:K191R	D:K464R	logit=-0.530
C:S180T	D:S453T	logit=-0.644
C:T42V	D:T315V	logit=-0.696
C:N51P	D:N324P	logit=-0.823

Top tied mutations (A + B view):
A:N54H	B:N251H	logit=0.477
A:N54E	B:N251E	logit=0.392
A:V58H	B:V255H	logit=0.384
A:V58N	B:V255N	logit=0.364
A:N55A	B:N252A	logit=0.355

Top tied mutations (C + D view):
C:V218L	D:V491L	logit=-0.498
C:K191R	D:K464R	logit=-0.634
C:S180T	D:S453T	logit=-0.658
C:T42V	D:T315V	logit=-0.770
C:N51P	D:N324P	logit=-0.910

Top tied mutations (A + B view):
A:R56K	B:R253K	logit=0.593
A:V58R	B:V255R	logit=0.333
A:R61K	B:R258K	logit=0.299
A:V58K	B:V255K	logit=0.231
A:V58N	B:V255N	logit=0.229

Top tied mutations (C + D view):
C:V218L	D:V491L	logit=-0.423
C:K191R	D:K464R	logit=-0.563
C:S180T	D:S453T	logit=-0.678
C:T42V	D:T315V	logit=-0.755
C:N51P	D:N324P	logit=-0.904

Top tied mutations (A + B view):
A:R56K	B:R253K	logit=0.664
A:V58R	B:V255R	logit=0.395
A:Q59K	B:Q256K	logit=0.385
A:E100D	B:E297D	logit=0.290
A:N57K	B:N254K	logit=0.241

Top tied mutations (C + D view):
C:V218L	D:V491L	logit=-0.481
C:K191R	D:K464R	logit=-0.627
C:S180T	D:S453T	logit=-0.667
C:T42V	D:T315V	logit=-0.708
C:N51P	D:N324P	logit=-0.821

Top tied mutations (A + B view):
A:N55R	B:N252R	logit=0.530
A:V58E	B:V255E	logit=0.429
A:N55K	B:N252K	logit=0.379
A:E100R	B:E297R	logit=0.358
A:N55H	B:N252H	logit=0.335

Top tied mutations (C + D view):
C:V218L	D:V491L	logit=-0.429
C:K191R	D:K464R	logit=-0.609
C:S180T	D:S453T	logit=-0.676
C:T42V	D:T315V	logit=-0.804
C:S89A	D:S362A	logit=-0.886

Top tied mutations (A + B view):
A:T18C	B:T215C	logit=0.693
A:V58C	B:V255C	logit=0.510
A:N54P	B:N251P	logit=0.426
A:E100C	B:E297C	logit=0.405
A:R61C	B:R258C	logit=0.356

Top tied mutations (C + D view):
C:V218L	D:V491L	logit=-0.488
C:K191R	D:K464R	logit=-0.564
C:S180T	D:S453T	logit=-0.660
C:T42V	D:T315V	logit=-0.756
C:N51P	D:N324P	logit=-0.788

Top tied mutations (A + B view):
A:N57D	B:N254D	logit=0.384
A:N57F	B:N254F	logit=0.326
A:V58R	B:V255R	logit=0.304
A:T18C	B:T215C	logit=0.303
A:N54M	B:N251M	logit=0.292

Top tied mutations (C + D view):
C:V218L	D:V491L	logit=-0.466
C:K191R	D:K464R	logit=-0.607
C:S180T	D:S453T	logit=-0.651
C:T42V	D:T315V	logit=-0.703
C:N51P	D:N324P	logit=-0.811

Top tied mutations (A + B view):
A:R61C	B:R258C	logit=0.732
A:E100C	B:E297C	logit=0.581
A:V58R	B:V255R	logit=0.517
A:T18C	B:T215C	logit=0.488
A:V102C	B:V299C	logit=0.416

Top tied mutations (C + D view):
C:V218L	D:V491L	logit=-0.422
C:K191R	D:K464R	logit=-0.573
C:S180T	D:S453T	logit=-0.626
C:T42V	D:T315V	logit=-0.737
C:N51P	D:N324P	logit=-0.800

Top tied mutations (A + B view):
A:N55D	B:N252D	logit=0.450
A:V58H	B:V255H	logit=0.358
A:N54H	B:N251H	logit=0.296
A:V58A	B:V255A	logit=0.260
A:N54L	B:N251L	logit=0.258

Top tied mutations (C + D view):
C:V218L	D:V491L	logit=-0.421
C:K191R	D:K464R	logit=-0.557
C:S180T	D:S453T	logit=-0.656
C:T42V	D:T315V	logit=-0.729
C:N51P	D:N324P	logit=-0.831

Top tied mutations (A + B view):
A:T18C	B:T215C	logit=0.654
A:V58C	B:V255C	logit=0.495
A:R56P	B:R253P	logit=0.372
A:V58S	B:V255S	logit=0.289
A:R56F	B:R253F	logit=0.276

Top tied mutations (C + D view):
C:V218L	D:V491L	logit=-0.416
C:S180T	D:S453T	logit=-0.644
C:K191R	D:K464R	logit=-0.648
C:T42V	D:T315V	logit=-0.772
C:N51P	D:N324P	logit=-0.872

Top tied mutations (A + B view):
A:V58C	B:V255C	logit=0.386
A:V102C	B:V299C	logit=0.367
A:N57M	B:N254M	logit=0.359
A:N54I	B:N251I	logit=0.346
A:N55A	B:N252A	logit=0.302

Top tied mutations (C + D view):
C:V218L	D:V491L	logit=-0.399
C:K191R	D:K464R	logit=-0.489
C:S180T	D:S453T	logit=-0.642
C:T42V	D:T315V	logit=-0.746
C:N51P	D:N324P	logit=-0.797

Top tied mutations (A + B view):
A:N54E	B:N251E	logit=0.238
A:V58A	B:V255A	logit=0.194
A:Q59I	B:Q256I	logit=0.173
A:N54V	B:N251V	logit=0.171
A:R56F	B:R253F	logit=0.167

Top tied mutations (C + D view):
C:V218L	D:V491L	logit=-0.476
C:K191R	D:K464R	logit=-0.589
C:S180T	D:S453T	logit=-0.654
C:T42V	D:T315V	logit=-0.734
C:S89A	D:S362A	logit=-0.834

Top tied mutations (A + B view):
A:V58R	B:V255R	logit=0.774
A:N54R	B:N251R	logit=0.517
A:N55H	B:N252H	logit=0.381
A:N54Q	B:N251Q	logit=0.310
A:N54L	B:N251L	logit=0.310

Top tied mutations (C + D view):
C:V218L	D:V491L	logit=-0.467
C:K191R	D:K464R	logit=-0.497
C:S180T	D:S453T	logit=-0.686
C:T42V	D:T315V	logit=-0.789
C:N51P	D:N324P	logit=-0.846

Top tied mutations (A + B view):
A:R61K	B:R258K	logit=0.432
A:V58C	B:V255C	logit=0.400
A:T18C	B:T215C	logit=0.380
A:R56D	B:R253D	logit=0.303
A:R56E	B:R253E	logit=0.284

Top tied mutations (C + D view):
C:V218L	D:V491L	logit=-0.440
C:S180T	D:S453T	logit=-0.637
C:K191R	D:K464R	logit=-0.639
C:T42V	D:T315V	logit=-0.762
C:N51P	D:N324P	logit=-0.895

Top tied mutations (A + B view):
A:R61C	B:R258C	logit=0.483
A:V102C	B:V299C	logit=0.282
A:V58C	B:V255C	logit=0.264
A:V58Q	B:V255Q	logit=0.261
A:T18C	B:T215C	logit=0.259

Top tied mutations (C + D view):
C:V218L	D:V491L	logit=-0.478
C:K191R	D:K464R	logit=-0.527
C:S180T	D:S453T	logit=-0.646
C:T42V	D:T315V	logit=-0.709
C:N51P	D:N324P	logit=-0.793

Top tied mutations (A + B view):
A:V58R	B:V255R	logit=0.310
A:N57L	B:N254L	logit=0.285
A:R56C	B:R253C	logit=0.275
A:Q59K	B:Q256K	logit=0.204
A:R56F	B:R253F	logit=0.186

Top tied mutations (C + D view):
C:V218L	D:V491L	logit=-0.463
C:K191R	D:K464R	logit=-0.498
C:S180T	D:S453T	logit=-0.651
C:T42V	D:T315V	logit=-0.735
C:N51P	D:N324P	logit=-0.864

Top tied mutations (A + B view):
A:N55D	B:N252D	logit=0.402
A:V102K	B:V299K	logit=0.384
A:N57K	B:N254K	logit=0.326
A:N57D	B:N254D	logit=0.311
A:T18I	B:T215I	logit=0.237

Top tied mutations (C + D view):
C:V218L	D:V491L	logit=-0.423
C:K191R	D:K464R	logit=-0.512
C:S180T	D:S453T	logit=-0.660
C:T42V	D:T315V	logit=-0.762
C:N51P	D:N324P	logit=-0.814

Top tied mutations (A + B view):
A:T18C	B:T215C	logit=0.491
A:N54Q	B:N251Q	logit=0.247
A:N54I	B:N251I	logit=0.226
A:Q59R	B:Q256R	logit=0.210
A:R56C	B:R253C	logit=0.209

Top tied mutations (C + D view):
C:V218L	D:V491L	logit=-0.499
C:K191R	D:K464R	logit=-0.513
C:S180T	D:S453T	logit=-0.617
C:N51P	D:N324P	logit=-0.732
C:T42V	D:T315V	logit=-0.747

Top tied mutations (A + B view):
A:E100C	B:E297C	logit=0.505
A:R56K	B:R253K	logit=0.448
A:V58C	B:V255C	logit=0.423
A:V102C	B:V299C	logit=0.420
A:N54P	B:N251P	logit=0.377

Top tied mutations (C + D view):
C:V218L	D:V491L	logit=-0.474
C:K191R	D:K464R	logit=-0.593
C:S180T	D:S453T	logit=-0.657
C:T42V	D:T315V	logit=-0.795
C:N51P	D:N324P	logit=-0.846

Top tied mutations (A + B view):
A:T18C	B:T215C	logit=0.601
A:R61C	B:R258C	logit=0.593
A:N57M	B:N254M	logit=0.547
A:N57F	B:N254F	logit=0.519
A:N57Y	B:N254Y	logit=0.469

Top tied mutations (C + D view):
C:V218L	D:V491L	logit=-0.464
C:K191R	D:K464R	logit=-0.535
C:S180T	D:S453T	logit=-0.658
C:T42V	D:T315V	logit=-0.710
C:S89A	D:S362A	logit=-0.865

Top tied mutations (A + B view):
A:N55D	B:N252D	logit=0.518
A:T18C	B:T215C	logit=0.501
A:V58E	B:V255E	logit=0.340
A:N54E	B:N251E	logit=0.280
A:R61C	B:R258C	logit=0.258

Top tied mutations (C + D view):
C:V218L	D:V491L	logit=-0.421
C:K191R	D:K464R	logit=-0.596
C:S180T	D:S453T	logit=-0.664
C:T42V	D:T315V	logit=-0.732
C:N51P	D:N324P	logit=-0.782

Top tied mutations (A + B view):
A:T18C	B:T215C	logit=0.460
A:N57D	B:N254D	logit=0.371
A:R61C	B:R258C	logit=0.330
A:V58E	B:V255E	logit=0.268
A:V102C	B:V299C	logit=0.264

Top tied mutations (C + D view):
C:V218L	D:V491L	logit=-0.489
C:K191R	D:K464R	logit=-0.534
C:S180T	D:S453T	logit=-0.639
C:T42V	D:T315V	logit=-0.724
C:N51P	D:N324P	logit=-0.869

Top tied mutations (A + B view):
A:N54M	B:N251M	logit=0.365
A:N54P	B:N251P	logit=0.288
A:N57K	B:N254K	logit=0.225
A:N55A	B:N252A	logit=0.221
A:E100V	B:E297V	logit=0.209

Top tied mutations (C + D view):
C:V218L	D:V491L	logit=-0.411
C:K191R	D:K464R	logit=-0.615
C:S180T	D:S453T	logit=-0.662
C:T42V	D:T315V	logit=-0.718
C:N51P	D:N324P	logit=-0.851

Top tied mutations (A + B view):
A:R61C	B:R258C	logit=0.781
A:V58C	B:V255C	logit=0.622
A:T18C	B:T215C	logit=0.615
A:V102C	B:V299C	logit=0.606
A:R61S	B:R258S	logit=0.453

Top tied mutations (C + D view):
C:V218L	D:V491L	logit=-0.431
C:K191R	D:K464R	logit=-0.559
C:S180T	D:S453T	logit=-0.658
C:N51P	D:N324P	logit=-0.694
C:T42V	D:T315V	logit=-0.703

Top tied mutations (A + B view):
A:N55A	B:N252A	logit=0.384
A:V58R	B:V255R	logit=0.343
A:R61L	B:R258L	logit=0.292
A:V58L	B:V255L	logit=0.281
A:Q59E	B:Q256E	logit=0.258

Top tied mutations (C + D view):
C:V218L	D:V491L	logit=-0.505
C:K191R	D:K464R	logit=-0.521
C:S180T	D:S453T	logit=-0.642
C:T42V	D:T315V	logit=-0.732
C:S89A	D:S362A	logit=-0.916

Top tied mutations (A + B view):
A:N57R	B:N254R	logit=0.567
A:N54H	B:N251H	logit=0.365
A:N55R	B:N252R	logit=0.337
A:N55T	B:N252T	logit=0.320
A:V58R	B:V255R	logit=0.211

Top tied mutations (C + D view):
C:V218L	D:V491L	logit=-0.432
C:K191R	D:K464R	logit=-0.553
C:S180T	D:S453T	logit=-0.641
C:T42V	D:T315V	logit=-0.818
C:N51P	D:N324P	logit=-0.847

Top tied mutations (A + B view):
A:N55D	B:N252D	logit=0.304
A:N55A	B:N252A	logit=0.296
A:N55G	B:N252G	logit=0.263
A:E100K	B:E297K	logit=0.262
A:V58N	B:V255N	logit=0.225

Top tied mutations (C + D view):
C:V218L	D:V491L	logit=-0.408
C:K191R	D:K464R	logit=-0.582
C:S180T	D:S453T	logit=-0.660
C:T42V	D:T315V	logit=-0.774
C:N51P	D:N324P	logit=-0.848

Top tied mutations (A + B view):
A:V102K	B:V299K	logit=0.390
A:V102R	B:V299R	logit=0.377
A:N55T	B:N252T	logit=0.337
A:V102Y	B:V299Y	logit=0.252
A:V58S	B:V255S	logit=0.241

Top tied mutations (C + D view):
C:V218L	D:V491L	logit=-0.467
C:K191R	D:K464R	logit=-0.521
C:S180T	D:S453T	logit=-0.627
C:T42V	D:T315V	logit=-0.717
C:N51P	D:N324P	logit=-0.873

Top tied mutations (A + B view):
A:R56D	B:R253D	logit=0.336
A:Q59E	B:Q256E	logit=0.320
A:N57Y	B:N254Y	logit=0.308
A:R56E	B:R253E	logit=0.306
A:N57F	B:N254F	logit=0.260

Top tied mutations (C + D view):
C:V218L	D:V491L	logit=-0.470
C:K191R	D:K464R	logit=-0.536
C:S180T	D:S453T	logit=-0.650
C:T42V	D:T315V	logit=-0.759
C:A168P	D:A441P	logit=-0.930

Top tied mutations (A + B view):
A:V58E	B:V255E	logit=0.421
A:N55T	B:N252T	logit=0.349
A:N57D	B:N254D	logit=0.305
A:N55Q	B:N252Q	logit=0.300
A:T18I	B:T215I	logit=0.292

Top tied mutations (C + D view):
C:V218L	D:V491L	logit=-0.462
C:K191R	D:K464R	logit=-0.519
C:S180T	D:S453T	logit=-0.671
C:T42V	D:T315V	logit=-0.672
C:N51P	D:N324P	logit=-0.837

Top tied mutations (A + B view):
A:T18P	B:T215P	logit=0.354
A:N54A	B:N251A	logit=0.342
A:N54E	B:N251E	logit=0.283
A:N57R	B:N254R	logit=0.205
A:V58A	B:V255A	logit=0.200

Top tied mutations (C + D view):
C:V218L	D:V491L	logit=-0.410
C:K191R	D:K464R	logit=-0.594
C:S180T	D:S453T	logit=-0.657
C:T42V	D:T315V	logit=-0.697
C:N51P	D:N324P	logit=-0.806

Top tied mutations (A + B view):
A:T18C	B:T215C	logit=0.486
A:V58C	B:V255C	logit=0.443
A:R61C	B:R258C	logit=0.426
A:V102C	B:V299C	logit=0.366
A:Q59C	B:Q256C	logit=0.263

Top tied mutations (C + D view):
C:V218L	D:V491L	logit=-0.469
C:K191R	D:K464R	logit=-0.597
C:S180T	D:S453T	logit=-0.674
C:T42V	D:T315V	logit=-0.719
C:N51P	D:N324P	logit=-0.880

Top tied mutations (A + B view):
A:E100K	B:E297K	logit=0.558
A:E100R	B:E297R	logit=0.471
A:E100I	B:E297I	logit=0.270
A:Q59R	B:Q256R	logit=0.230
A:R56F	B:R253F	logit=0.216

Top tied mutations (C + D view):
C:V218L	D:V491L	logit=-0.472
C:K191R	D:K464R	logit=-0.535
C:S180T	D:S453T	logit=-0.680
C:T42V	D:T315V	logit=-0.690
C:N51P	D:N324P	logit=-0.784

Top tied mutations (A + B view):
A:E100K	B:E297K	logit=0.320
A:V58E	B:V255E	logit=0.275
A:N55R	B:N252R	logit=0.190
A:N55K	B:N252K	logit=0.189
A:V58H	B:V255H	logit=0.183

Top tied mutations (C + D view):
C:V218L	D:V491L	logit=-0.432
C:K191R	D:K464R	logit=-0.544
C:S180T	D:S453T	logit=-0.637
C:T42V	D:T315V	logit=-0.697
C:N51P	D:N324P	logit=-0.892

Top tied mutations (A + B view):
A:V58R	B:V255R	logit=0.702
A:R56E	B:R253E	logit=0.440
A:N55G	B:N252G	logit=0.299
A:N55A	B:N252A	logit=0.279
A:V58K	B:V255K	logit=0.265

Top tied mutations (C + D view):
C:V218L	D:V491L	logit=-0.412
C:K191R	D:K464R	logit=-0.569
C:S180T	D:S453T	logit=-0.632
C:T42V	D:T315V	logit=-0.720
C:N51P	D:N324P	logit=-0.850

Top tied mutations (A + B view):
A:N55D	B:N252D	logit=0.936
A:R56D	B:R253D	logit=0.420
A:V58E	B:V255E	logit=0.386
A:R56N	B:R253N	logit=0.376
A:V58Q	B:V255Q	logit=0.342

Top tied mutations (C + D view):
C:V218L	D:V491L	logit=-0.412
C:K191R	D:K464R	logit=-0.587
C:S180T	D:S453T	logit=-0.660
C:T42V	D:T315V	logit=-0.769
C:N51P	D:N324P	logit=-0.921

Top tied mutations (A + B view):
A:N55Q	B:N252Q	logit=0.383
A:T18C	B:T215C	logit=0.370
A:R61C	B:R258C	logit=0.331
A:N57F	B:N254F	logit=0.281
A:E100C	B:E297C	logit=0.248

Top tied mutations (C + D view):
C:V218L	D:V491L	logit=-0.474
C:K191R	D:K464R	logit=-0.567
C:S180T	D:S453T	logit=-0.653
C:T42V	D:T315V	logit=-0.756
C:N51P	D:N324P	logit=-0.853

Top tied mutations (A + B view):
A:T18C	B:T215C	logit=0.511
A:V58E	B:V255E	logit=0.435
A:N55R	B:N252R	logit=0.364
A:N55T	B:N252T	logit=0.357
A:N55Q	B:N252Q	logit=0.262

Top tied mutations (C + D view):
C:V218L	D:V491L	logit=-0.494
C:K191R	D:K464R	logit=-0.579
C:S180T	D:S453T	logit=-0.660
C:T42V	D:T315V	logit=-0.811
C:N51P	D:N324P	logit=-0.893

Top tied mutations (A + B view):
A:N55D	B:N252D	logit=0.351
A:V58K	B:V255K	logit=0.330
A:R56N	B:R253N	logit=0.311
A:R61K	B:R258K	logit=0.306
A:N54T	B:N251T	logit=0.296

Top tied mutations (C + D view):
C:V218L	D:V491L	logit=-0.481
C:K191R	D:K464R	logit=-0.596
C:S180T	D:S453T	logit=-0.657
C:T42V	D:T315V	logit=-0.734
C:S89A	D:S362A	logit=-0.874

Top tied mutations (A + B view):
A:T18C	B:T215C	logit=0.615
A:N54P	B:N251P	logit=0.429
A:R61C	B:R258C	logit=0.405
A:V58C	B:V255C	logit=0.398
A:R56K	B:R253K	logit=0.367

Top tied mutations (C + D view):
C:V218L	D:V491L	logit=-0.429
C:K191R	D:K464R	logit=-0.590
C:S180T	D:S453T	logit=-0.630
C:T42V	D:T315V	logit=-0.712
C:N51P	D:N324P	logit=-0.750

Top tied mutations (A + B view):
A:N57M	B:N254M	logit=0.429
A:N57L	B:N254L	logit=0.424
A:N57E	B:N254E	logit=0.384
A:V58R	B:V255R	logit=0.375
A:N54E	B:N251E	logit=0.369

Top tied mutations (C + D view):
C:V218L	D:V491L	logit=-0.435
C:K191R	D:K464R	logit=-0.548
C:S180T	D:S453T	logit=-0.669
C:T42V	D:T315V	logit=-0.720
C:N51P	D:N324P	logit=-0.911

Top tied mutations (A + B view):
A:N54E	B:N251E	logit=0.365
A:N54T	B:N251T	logit=0.316
A:T18I	B:T215I	logit=0.286
A:R61K	B:R258K	logit=0.278
A:V58K	B:V255K	logit=0.263

Top tied mutations (C + D view):
C:V218L	D:V491L	logit=-0.437
C:S180T	D:S453T	logit=-0.640
C:K191R	D:K464R	logit=-0.669
C:T42V	D:T315V	logit=-0.689
C:N51P	D:N324P	logit=-0.836

Top tied mutations (A + B view):
A:T18C	B:T215C	logit=0.354
A:N57F	B:N254F	logit=0.313
A:N57Y	B:N254Y	logit=0.304
A:N55Q	B:N252Q	logit=0.300
A:V58E	B:V255E	logit=0.251

Top tied mutations (C + D view):
C:V218L	D:V491L	logit=-0.463
C:K191R	D:K464R	logit=-0.515
C:S180T	D:S453T	logit=-0.667
C:N51P	D:N324P	logit=-0.740
C:T42V	D:T315V	logit=-0.761

Top tied mutations (A + B view):
A:N55D	B:N252D	logit=0.490
A:E100R	B:E297R	logit=0.444
A:N57D	B:N254D	logit=0.341
A:E100Q	B:E297Q	logit=0.317
A:E100K	B:E297K	logit=0.308

Top tied mutations (C + D view):
C:V218L	D:V491L	logit=-0.448
C:K191R	D:K464R	logit=-0.458
C:S180T	D:S453T	logit=-0.644
C:T42V	D:T315V	logit=-0.739
C:N51P	D:N324P	logit=-0.855

Top tied mutations (A + B view):
A:N55T	B:N252T	logit=0.315
A:N55W	B:N252W	logit=0.311
A:N55Q	B:N252Q	logit=0.290
A:V58R	B:V255R	logit=0.268
A:N55C	B:N252C	logit=0.265

Top tied mutations (C + D view):
C:V218L	D:V491L	logit=-0.474
C:K191R	D:K464R	logit=-0.565
C:S180T	D:S453T	logit=-0.641
C:T42V	D:T315V	logit=-0.763
C:N51P	D:N324P	logit=-0.878

Top tied mutations (A + B view):
A:N57D	B:N254D	logit=0.450
A:V102C	B:V299C	logit=0.386
A:N57Q	B:N254Q	logit=0.375
A:N57C	B:N254C	logit=0.361
A:N57E	B:N254E	logit=0.358

Top tied mutations (C + D view):
C:V218L	D:V491L	logit=-0.460
C:K191R	D:K464R	logit=-0.570
C:S180T	D:S453T	logit=-0.666
C:T42V	D:T315V	logit=-0.742
C:N51P	D:N324P	logit=-0.835

Top tied mutations (A + B view):
A:V58S	B:V255S	logit=0.358
A:V58C	B:V255C	logit=0.356
A:R56N	B:R253N	logit=0.351
A:R56D	B:R253D	logit=0.315
A:Q59E	B:Q256E	logit=0.264

Top tied mutations (C + D view):
C:V218L	D:V491L	logit=-0.459
C:K191R	D:K464R	logit=-0.495
C:S180T	D:S453T	logit=-0.646
C:T42V	D:T315V	logit=-0.796
C:N51P	D:N324P	logit=-0.880

Top tied mutations (A + B view):
A:R56E	B:R253E	logit=0.424
A:N55D	B:N252D	logit=0.357
A:V58E	B:V255E	logit=0.335
A:V58A	B:V255A	logit=0.292
A:V58S	B:V255S	logit=0.262

Top tied mutations (C + D view):
C:V218L	D:V491L	logit=-0.516
C:K191R	D:K464R	logit=-0.529
C:S180T	D:S453T	logit=-0.631
C:N51P	D:N324P	logit=-0.725
C:T42V	D:T315V	logit=-0.751

Top tied mutations (A + B view):
A:T18C	B:T215C	logit=0.739
A:N55D	B:N252D	logit=0.508
A:R61C	B:R258C	logit=0.202
A:E100F	B:E297F	logit=0.196
A:Q59E	B:Q256E	logit=0.195

Top tied mutations (C + D view):
C:V218L	D:V491L	logit=-0.442
C:K191R	D:K464R	logit=-0.559
C:S180T	D:S453T	logit=-0.665
C:T42V	D:T315V	logit=-0.699
C:N51P	D:N324P	logit=-0.804

Top tied mutations (A + B view):
A:N55D	B:N252D	logit=0.405
A:V58E	B:V255E	logit=0.339
A:R56K	B:R253K	logit=0.295
A:V58K	B:V255K	logit=0.288
A:V58H	B:V255H	logit=0.257

Top tied mutations (C + D view):
C:V218L	D:V491L	logit=-0.417
C:K191R	D:K464R	logit=-0.591
C:S180T	D:S453T	logit=-0.669
C:T42V	D:T315V	logit=-0.769
C:S89A	D:S362A	logit=-0.888

Top tied mutations (A + B view):
A:N57K	B:N254K	logit=0.340
A:N54I	B:N251I	logit=0.292
A:N55D	B:N252D	logit=0.247
A:Q59D	B:Q256D	logit=0.224
A:Q59H	B:Q256H	logit=0.209

Top tied mutations (C + D view):
C:K191R	D:K464R	logit=-0.458
C:V218L	D:V491L	logit=-0.473
C:S180T	D:S453T	logit=-0.654
C:T42V	D:T315V	logit=-0.759
C:S89A	D:S362A	logit=-0.865

Top tied mutations (A + B view):
A:T18C	B:T215C	logit=0.443
A:R61C	B:R258C	logit=0.336
A:V58S	B:V255S	logit=0.330
A:N57E	B:N254E	logit=0.323
A:V58C	B:V255C	logit=0.319

Top tied mutations (C + D view):
C:V218L	D:V491L	logit=-0.463
C:K191R	D:K464R	logit=-0.618
C:S180T	D:S453T	logit=-0.643
C:T42V	D:T315V	logit=-0.728
C:N51P	D:N324P	logit=-0.821

Top tied mutations (A + B view):
A:V58Y	B:V255Y	logit=0.297
A:N57K	B:N254K	logit=0.269
A:T18I	B:T215I	logit=0.267
A:R56K	B:R253K	logit=0.265
A:R61K	B:R258K	logit=0.264

Top tied mutations (C + D view):
C:V218L	D:V491L	logit=-0.467
C:K191R	D:K464R	logit=-0.581
C:S180T	D:S453T	logit=-0.660
C:T42V	D:T315V	logit=-0.668
C:S89A	D:S362A	logit=-0.896

Top tied mutations (A + B view):
A:N55D	B:N252D	logit=0.726
A:V102R	B:V299R	logit=0.510
A:N54P	B:N251P	logit=0.489
A:V102K	B:V299K	logit=0.455
A:V58C	B:V255C	logit=0.334

Top tied mutations (C + D view):
C:K191R	D:K464R	logit=-0.488
C:V218L	D:V491L	logit=-0.490
C:S180T	D:S453T	logit=-0.647
C:T42V	D:T315V	logit=-0.696
C:N51P	D:N324P	logit=-0.779

Top tied mutations (A + B view):
A:V58R	B:V255R	logit=0.781
A:T18C	B:T215C	logit=0.647
A:R61C	B:R258C	logit=0.574
A:E100C	B:E297C	logit=0.493
A:R56H	B:R253H	logit=0.436

Top tied mutations (C + D view):
C:V218L	D:V491L	logit=-0.398
C:K191R	D:K464R	logit=-0.502
C:S180T	D:S453T	logit=-0.668
C:T42V	D:T315V	logit=-0.719
C:S89A	D:S362A	logit=-0.884

Top tied mutations (A + B view):
A:T18C	B:T215C	logit=0.625
A:V58R	B:V255R	logit=0.438
A:R56C	B:R253C	logit=0.330
A:N54V	B:N251V	logit=0.271
A:N55A	B:N252A	logit=0.239

Top tied mutations (C + D view):
C:V218L	D:V491L	logit=-0.455
C:K191R	D:K464R	logit=-0.560
C:S180T	D:S453T	logit=-0.651
C:T42V	D:T315V	logit=-0.684
C:S89A	D:S362A	logit=-0.819

Top tied mutations (A + B view):
A:N57W	B:N254W	logit=0.294
A:V58E	B:V255E	logit=0.290
A:N55R	B:N252R	logit=0.275
A:N55K	B:N252K	logit=0.233
A:N54E	B:N251E	logit=0.231

Top tied mutations (C + D view):
C:V218L	D:V491L	logit=-0.480
C:K191R	D:K464R	logit=-0.571
C:S180T	D:S453T	logit=-0.650
C:T42V	D:T315V	logit=-0.652
C:N51P	D:N324P	logit=-0.716

Top tied mutations (A + B view):
A:N55D	B:N252D	logit=0.888
A:R61C	B:R258C	logit=0.619
A:N54P	B:N251P	logit=0.469
A:R61L	B:R258L	logit=0.410
A:R56D	B:R253D	logit=0.371

Top tied mutations (C + D view):
C:V218L	D:V491L	logit=-0.426
C:K191R	D:K464R	logit=-0.557
C:S180T	D:S453T	logit=-0.678
C:T42V	D:T315V	logit=-0.728
C:N51P	D:N324P	logit=-0.886

Top tied mutations (A + B view):
A:N54P	B:N251P	logit=0.596
A:R61K	B:R258K	logit=0.453
A:N54E	B:N251E	logit=0.429
A:N54A	B:N251A	logit=0.425
A:V58E	B:V255E	logit=0.422

Top tied mutations (C + D view):
C:V218L	D:V491L	logit=-0.456
C:K191R	D:K464R	logit=-0.517
C:S180T	D:S453T	logit=-0.658
C:T42V	D:T315V	logit=-0.797
C:N51P	D:N324P	logit=-0.885

Top tied mutations (A + B view):
A:V58R	B:V255R	logit=0.574
A:N57M	B:N254M	logit=0.392
A:N57Y	B:N254Y	logit=0.372
A:N57W	B:N254W	logit=0.304
A:N57F	B:N254F	logit=0.300

Top tied mutations (C + D view):
C:V218L	D:V491L	logit=-0.450
C:K191R	D:K464R	logit=-0.596
C:S180T	D:S453T	logit=-0.648
C:T42V	D:T315V	logit=-0.715
C:N51P	D:N324P	logit=-0.873

Top tied mutations (A + B view):
A:V58R	B:V255R	logit=0.386
A:V58E	B:V255E	logit=0.249
A:V58Y	B:V255Y	logit=0.226
A:V58H	B:V255H	logit=0.224
A:N55D	B:N252D	logit=0.221

Top tied mutations (C + D view):
C:V218L	D:V491L	logit=-0.466
C:K191R	D:K464R	logit=-0.594
C:S180T	D:S453T	logit=-0.656
C:T42V	D:T315V	logit=-0.798
C:S89A	D:S362A	logit=-0.847

Top tied mutations (A + B view):
A:E100R	B:E297R	logit=0.483
A:E100K	B:E297K	logit=0.445
A:V102K	B:V299K	logit=0.364
A:N54P	B:N251P	logit=0.355
A:N55K	B:N252K	logit=0.348

Top tied mutations (C + D view):
C:V218L	D:V491L	logit=-0.440
C:K191R	D:K464R	logit=-0.618
C:S180T	D:S453T	logit=-0.668
C:T42V	D:T315V	logit=-0.766
C:N51P	D:N324P	logit=-0.833

Top tied mutations (A + B view):
A:N55T	B:N252T	logit=0.576
A:N54P	B:N251P	logit=0.514
A:N55C	B:N252C	logit=0.436
A:R56D	B:R253D	logit=0.428
A:N57F	B:N254F	logit=0.369

Top tied mutations (C + D view):
C:V218L	D:V491L	logit=-0.400
C:K191R	D:K464R	logit=-0.512
C:S180T	D:S453T	logit=-0.648
C:T42V	D:T315V	logit=-0.732
C:N51P	D:N324P	logit=-0.749

Top tied mutations (A + B view):
A:R61C	B:R258C	logit=0.519
A:N57W	B:N254W	logit=0.479
A:N54H	B:N251H	logit=0.449
A:N57F	B:N254F	logit=0.438
A:T18C	B:T215C	logit=0.426

Top tied mutations (C + D view):
C:V218L	D:V491L	logit=-0.470
C:K191R	D:K464R	logit=-0.557
C:S180T	D:S453T	logit=-0.653
C:T42V	D:T315V	logit=-0.690
C:N51P	D:N324P	logit=-0.916

Top tied mutations (A + B view):
A:T18C	B:T215C	logit=0.702
A:R61C	B:R258C	logit=0.311
A:N55Q	B:N252Q	logit=0.307
A:N54I	B:N251I	logit=0.261
A:N55T	B:N252T	logit=0.251

Top tied mutations (C + D view):
C:V218L	D:V491L	logit=-0.480
C:S180T	D:S453T	logit=-0.621
C:K191R	D:K464R	logit=-0.626
C:T42V	D:T315V	logit=-0.726
C:S89A	D:S362A	logit=-0.894

Top tied mutations (A + B view):
A:N55D	B:N252D	logit=0.531
A:N55A	B:N252A	logit=0.393
A:N57W	B:N254W	logit=0.371
A:T18C	B:T215C	logit=0.371
A:V58M	B:V255M	logit=0.354

Top tied mutations (C + D view):
C:V218L	D:V491L	logit=-0.466
C:K191R	D:K464R	logit=-0.503
C:S180T	D:S453T	logit=-0.647
C:T42V	D:T315V	logit=-0.752
C:N51P	D:N324P	logit=-0.847

Top tied mutations (A + B view):
A:E100K	B:E297K	logit=0.492
A:E100R	B:E297R	logit=0.426
A:E100H	B:E297H	logit=0.377
A:T18C	B:T215C	logit=0.337
A:N54H	B:N251H	logit=0.282

Top tied mutations (C + D view):
C:V218L	D:V491L	logit=-0.411
C:K191R	D:K464R	logit=-0.554
C:S180T	D:S453T	logit=-0.657
C:T42V	D:T315V	logit=-0.744
C:N219S	D:N492S	logit=-0.906

Top tied mutations (A + B view):
A:V58C	B:V255C	logit=0.442
A:N54I	B:N251I	logit=0.423
A:R56F	B:R253F	logit=0.363
A:R56Y	B:R253Y	logit=0.304
A:R56C	B:R253C	logit=0.288

Top tied mutations (C + D view):
C:V218L	D:V491L	logit=-0.411
C:K191R	D:K464R	logit=-0.569
C:S180T	D:S453T	logit=-0.680
C:T42V	D:T315V	logit=-0.785
C:N51P	D:N324P	logit=-0.862

Top tied mutations (A + B view):
A:V58R	B:V255R	logit=0.544
A:N55G	B:N252G	logit=0.253
A:N55A	B:N252A	logit=0.235
A:V58K	B:V255K	logit=0.234
A:R61M	B:R258M	logit=0.233

Top tied mutations (C + D view):
C:V218L	D:V491L	logit=-0.404
C:K191R	D:K464R	logit=-0.575
C:S180T	D:S453T	logit=-0.676
C:T42V	D:T315V	logit=-0.701
C:N51P	D:N324P	logit=-0.910

Top tied mutations (A + B view):
A:E100K	B:E297K	logit=0.620
A:N54L	B:N251L	logit=0.472
A:T18C	B:T215C	logit=0.420
A:E100R	B:E297R	logit=0.398
A:N54E	B:N251E	logit=0.392

Top tied mutations (C + D view):
C:V218L	D:V491L	logit=-0.472
C:K191R	D:K464R	logit=-0.610
C:S180T	D:S453T	logit=-0.663
C:T42V	D:T315V	logit=-0.767
C:S89A	D:S362A	logit=-0.870

Top tied mutations (A + B view):
A:V58E	B:V255E	logit=0.432
A:R56K	B:R253K	logit=0.406
A:R61I	B:R258I	logit=0.374
A:N55D	B:N252D	logit=0.371
A:N54P	B:N251P	logit=0.337

Top tied mutations (C + D view):
C:V218L	D:V491L	logit=-0.452
C:K191R	D:K464R	logit=-0.555
C:S180T	D:S453T	logit=-0.680
C:T42V	D:T315V	logit=-0.748
C:N51P	D:N324P	logit=-0.815

Top tied mutations (A + B view):
A:V58S	B:V255S	logit=0.431
A:N55Q	B:N252Q	logit=0.422
A:N55T	B:N252T	logit=0.375
A:N54I	B:N251I	logit=0.263
A:V58C	B:V255C	logit=0.253

Top tied mutations (C + D view):
C:V218L	D:V491L	logit=-0.422
C:K191R	D:K464R	logit=-0.551
C:S180T	D:S453T	logit=-0.667
C:T42V	D:T315V	logit=-0.715
C:N51P	D:N324P	logit=-0.800

Top tied mutations (A + B view):
A:T18C	B:T215C	logit=0.756
A:R61C	B:R258C	logit=0.703
A:V58C	B:V255C	logit=0.464
A:R56P	B:R253P	logit=0.419
A:N55T	B:N252T	logit=0.371

Top tied mutations (C + D view):
C:V218L	D:V491L	logit=-0.501
C:K191R	D:K464R	logit=-0.578
C:S180T	D:S453T	logit=-0.663
C:T42V	D:T315V	logit=-0.770
C:N51P	D:N324P	logit=-0.859

Top tied mutations (A + B view):
A:V102C	B:V299C	logit=0.487
A:E100C	B:E297C	logit=0.399
A:R61C	B:R258C	logit=0.330
A:R56S	B:R253S	logit=0.288
A:Q59C	B:Q256C	logit=0.256

Top tied mutations (C + D view):
C:V218L	D:V491L	logit=-0.474
C:K191R	D:K464R	logit=-0.547
C:S180T	D:S453T	logit=-0.651
C:T42V	D:T315V	logit=-0.807
C:N51P	D:N324P	logit=-0.848

Top tied mutations (A + B view):
A:Q59E	B:Q256E	logit=0.419
A:N55D	B:N252D	logit=0.311
A:R56D	B:R253D	logit=0.219
A:N54I	B:N251I	logit=0.184
A:V58T	B:V255T	logit=0.166

Top tied mutations (C + D view):
C:V218L	D:V491L	logit=-0.455
C:K191R	D:K464R	logit=-0.625
C:S180T	D:S453T	logit=-0.654
C:T42V	D:T315V	logit=-0.694
C:N51P	D:N324P	logit=-0.815

Top tied mutations (A + B view):
A:E100D	B:E297D	logit=0.392
A:R56N	B:R253N	logit=0.345
A:R56D	B:R253D	logit=0.269
A:Q59D	B:Q256D	logit=0.223
A:N57G	B:N254G	logit=0.204

Top tied mutations (C + D view):
C:V218L	D:V491L	logit=-0.416
C:K191R	D:K464R	logit=-0.580
C:S180T	D:S453T	logit=-0.647
C:T42V	D:T315V	logit=-0.740
C:N51P	D:N324P	logit=-0.761

Top tied mutations (A + B view):
A:N55D	B:N252D	logit=0.324
A:V102C	B:V299C	logit=0.298
A:Q59E	B:Q256E	logit=0.297
A:N55A	B:N252A	logit=0.263
A:R61T	B:R258T	logit=0.251

Top tied mutations (C + D view):
C:V218L	D:V491L	logit=-0.492
C:K191R	D:K464R	logit=-0.544
C:S180T	D:S453T	logit=-0.647
C:T42V	D:T315V	logit=-0.741
C:N51P	D:N324P	logit=-0.902

Top tied mutations (A + B view):
A:V58R	B:V255R	logit=0.515
A:V58I	B:V255I	logit=0.370
A:V58L	B:V255L	logit=0.324
A:Q59A	B:Q256A	logit=0.296
A:N55C	B:N252C	logit=0.286

Top tied mutations (C + D view):
C:V218L	D:V491L	logit=-0.447
C:K191R	D:K464R	logit=-0.480
C:S180T	D:S453T	logit=-0.639
C:T42V	D:T315V	logit=-0.687
C:N51P	D:N324P	logit=-0.723

Top tied mutations (A + B view):
A:V58S	B:V255S	logit=0.343
A:R61C	B:R258C	logit=0.340
A:R61E	B:R258E	logit=0.263
A:R61Q	B:R258Q	logit=0.246
A:E100S	B:E297S	logit=0.201

Top tied mutations (C + D view):
C:V218L	D:V491L	logit=-0.455
C:K191R	D:K464R	logit=-0.509
C:T42V	D:T315V	logit=-0.662
C:S180T	D:S453T	logit=-0.669
C:N51P	D:N324P	logit=-0.817

Top tied mutations (A + B view):
A:N55R	B:N252R	logit=0.421
A:N55T	B:N252T	logit=0.363
A:N55Q	B:N252Q	logit=0.341
A:N55H	B:N252H	logit=0.316
A:N55Y	B:N252Y	logit=0.306

Top tied mutations (C + D view):
C:V218L	D:V491L	logit=-0.472
C:K191R	D:K464R	logit=-0.547
C:S180T	D:S453T	logit=-0.649
C:T42V	D:T315V	logit=-0.697
C:S89A	D:S362A	logit=-0.873

Top tied mutations (A + B view):
A:N54P	B:N251P	logit=0.383
A:N55A	B:N252A	logit=0.284
A:N57M	B:N254M	logit=0.273
A:Q59Y	B:Q256Y	logit=0.231
A:R61M	B:R258M	logit=0.228

Top tied mutations (C + D view):
C:V218L	D:V491L	logit=-0.423
C:K191R	D:K464R	logit=-0.506
C:S180T	D:S453T	logit=-0.658
C:N51P	D:N324P	logit=-0.785
C:T42V	D:T315V	logit=-0.816

Top tied mutations (A + B view):
A:R56E	B:R253E	logit=0.391
A:V58E	B:V255E	logit=0.330
A:R61V	B:R258V	logit=0.241
A:N54P	B:N251P	logit=0.237
A:Q59Y	B:Q256Y	logit=0.225

Top tied mutations (C + D view):
C:V218L	D:V491L	logit=-0.475
C:K191R	D:K464R	logit=-0.527
C:S180T	D:S453T	logit=-0.668
C:N51P	D:N324P	logit=-0.731
C:T42V	D:T315V	logit=-0.761

Top tied mutations (A + B view):
A:V102C	B:V299C	logit=0.500
A:V58C	B:V255C	logit=0.496
A:R61C	B:R258C	logit=0.490
A:E100C	B:E297C	logit=0.485
A:R56P	B:R253P	logit=0.378

Top tied mutations (C + D view):
C:V218L	D:V491L	logit=-0.416
C:K191R	D:K464R	logit=-0.488
C:S180T	D:S453T	logit=-0.665
C:T42V	D:T315V	logit=-0.701
C:N51P	D:N324P	logit=-0.771

Top tied mutations (A + B view):
A:V58R	B:V255R	logit=0.341
A:N54L	B:N251L	logit=0.226
A:N57L	B:N254L	logit=0.219
A:T18I	B:T215I	logit=0.211
A:R56T	B:R253T	logit=0.202

Top tied mutations (C + D view):
C:V218L	D:V491L	logit=-0.403
C:K191R	D:K464R	logit=-0.577
C:S180T	D:S453T	logit=-0.660
C:T42V	D:T315V	logit=-0.754
C:S89A	D:S362A	logit=-0.858

Top tied mutations (A + B view):
A:N55D	B:N252D	logit=0.511
A:N57E	B:N254E	logit=0.332
A:N57M	B:N254M	logit=0.291
A:N57Q	B:N254Q	logit=0.285
A:V102K	B:V299K	logit=0.284

Top tied mutations (C + D view):
C:V218L	D:V491L	logit=-0.479
C:K191R	D:K464R	logit=-0.561
C:S180T	D:S453T	logit=-0.669
C:T42V	D:T315V	logit=-0.699
C:S89A	D:S362A	logit=-0.825

Top tied mutations (A + B view):
A:T18C	B:T215C	logit=0.499
A:R56H	B:R253H	logit=0.443
A:N57R	B:N254R	logit=0.354
A:N54M	B:N251M	logit=0.345
A:N54L	B:N251L	logit=0.336

Top tied mutations (C + D view):
C:V218L	D:V491L	logit=-0.441
C:K191R	D:K464R	logit=-0.576
C:S180T	D:S453T	logit=-0.625
C:T42V	D:T315V	logit=-0.730
C:N51P	D:N324P	logit=-0.855

Top tied mutations (A + B view):
A:V58R	B:V255R	logit=0.574
A:N54H	B:N251H	logit=0.444
A:N54P	B:N251P	logit=0.320
A:N57R	B:N254R	logit=0.319
A:N54A	B:N251A	logit=0.313

Top tied mutations (C + D view):
C:V218L	D:V491L	logit=-0.439
C:K191R	D:K464R	logit=-0.596
C:S180T	D:S453T	logit=-0.656
C:T42V	D:T315V	logit=-0.707
C:N219S	D:N492S	logit=-0.888

Top tied mutations (A + B view):
A:N54T	B:N251T	logit=0.463
A:N54Q	B:N251Q	logit=0.429
A:N54R	B:N251R	logit=0.382
A:V102K	B:V299K	logit=0.356
A:Q59K	B:Q256K	logit=0.333

Top tied mutations (C + D view):
C:V218L	D:V491L	logit=-0.425
C:K191R	D:K464R	logit=-0.613
C:S180T	D:S453T	logit=-0.642
C:T42V	D:T315V	logit=-0.701
C:S89A	D:S362A	logit=-0.881

Top tied mutations (A + B view):
A:N55D	B:N252D	logit=0.527
A:N57W	B:N254W	logit=0.321
A:R56H	B:R253H	logit=0.310
A:N57C	B:N254C	logit=0.298
A:N57F	B:N254F	logit=0.263

Top tied mutations (C + D view):
C:V218L	D:V491L	logit=-0.424
C:K191R	D:K464R	logit=-0.475
C:S180T	D:S453T	logit=-0.630
C:T42V	D:T315V	logit=-0.724
C:N51P	D:N324P	logit=-0.903

Top tied mutations (A + B view):
A:T18C	B:T215C	logit=0.671
A:N55A	B:N252A	logit=0.434
A:V58C	B:V255C	logit=0.418
A:N57M	B:N254M	logit=0.368
A:R61C	B:R258C	logit=0.304

Top tied mutations (C + D view):
C:V218L	D:V491L	logit=-0.408
C:K191R	D:K464R	logit=-0.582
C:S180T	D:S453T	logit=-0.666
C:T42V	D:T315V	logit=-0.722
C:N51P	D:N324P	logit=-0.763

Top tied mutations (A + B view):
A:N55D	B:N252D	logit=0.309
A:N55R	B:N252R	logit=0.296
A:V102C	B:V299C	logit=0.270
A:R61Q	B:R258Q	logit=0.256
A:V102E	B:V299E	logit=0.247

Top tied mutations (C + D view):
C:V218L	D:V491L	logit=-0.434
C:K191R	D:K464R	logit=-0.523
C:S180T	D:S453T	logit=-0.656
C:N51P	D:N324P	logit=-0.718
C:T42V	D:T315V	logit=-0.745

Top tied mutations (A + B view):
A:V58R	B:V255R	logit=0.586
A:V58M	B:V255M	logit=0.380
A:R56K	B:R253K	logit=0.352
A:N55R	B:N252R	logit=0.343
A:T18C	B:T215C	logit=0.328

Top tied mutations (C + D view):
C:V218L	D:V491L	logit=-0.429
C:K191R	D:K464R	logit=-0.567
C:S180T	D:S453T	logit=-0.642
C:T42V	D:T315V	logit=-0.670
C:N51P	D:N324P	logit=-0.812

Top tied mutations (A + B view):
A:V58R	B:V255R	logit=0.477
A:R56P	B:R253P	logit=0.311
A:N54E	B:N251E	logit=0.288
A:R56K	B:R253K	logit=0.255
A:N54H	B:N251H	logit=0.231

Top tied mutations (C + D view):
C:V218L	D:V491L	logit=-0.466
C:K191R	D:K464R	logit=-0.634
C:S180T	D:S453T	logit=-0.692
C:T42V	D:T315V	logit=-0.756
C:S89A	D:S362A	logit=-0.865

Top tied mutations (A + B view):
A:N55D	B:N252D	logit=0.434
A:N54T	B:N251T	logit=0.398
A:T18I	B:T215I	logit=0.315
A:N55R	B:N252R	logit=0.307
A:N55K	B:N252K	logit=0.299

Top tied mutations (C + D view):
C:V218L	D:V491L	logit=-0.418
C:K191R	D:K464R	logit=-0.571
C:S180T	D:S453T	logit=-0.691
C:T42V	D:T315V	logit=-0.794
C:N51P	D:N324P	logit=-0.800

Top tied mutations (A + B view):
A:R56H	B:R253H	logit=0.327
A:R56C	B:R253C	logit=0.317
A:E100D	B:E297D	logit=0.268
A:R56F	B:R253F	logit=0.239
A:R56Y	B:R253Y	logit=0.214

Top tied mutations (C + D view):
C:V218L	D:V491L	logit=-0.409
C:K191R	D:K464R	logit=-0.528
C:S180T	D:S453T	logit=-0.650
C:T42V	D:T315V	logit=-0.717
C:N51P	D:N324P	logit=-0.844

Top tied mutations (A + B view):
A:T18C	B:T215C	logit=0.676
A:N55D	B:N252D	logit=0.489
A:R61C	B:R258C	logit=0.377
A:V58A	B:V255A	logit=0.305
A:V58C	B:V255C	logit=0.302

Top tied mutations (C + D view):
C:V218L	D:V491L	logit=-0.429
C:K191R	D:K464R	logit=-0.586
C:S180T	D:S453T	logit=-0.650
C:T42V	D:T315V	logit=-0.753
C:N51P	D:N324P	logit=-0.890

Top tied mutations (A + B view):
A:T18P	B:T215P	logit=0.431
A:V58R	B:V255R	logit=0.319
A:N57M	B:N254M	logit=0.310
A:E100I	B:E297I	logit=0.297
A:T18C	B:T215C	logit=0.295

Top tied mutations (C + D view):
C:V218L	D:V491L	logit=-0.421
C:K191R	D:K464R	logit=-0.631
C:S180T	D:S453T	logit=-0.673
C:T42V	D:T315V	logit=-0.740
C:S89A	D:S362A	logit=-0.917

Top tied mutations (A + B view):
A:R56E	B:R253E	logit=0.335
A:N55D	B:N252D	logit=0.322
A:V102K	B:V299K	logit=0.263
A:R56D	B:R253D	logit=0.255
A:V102R	B:V299R	logit=0.235

Top tied mutations (C + D view):
C:V218L	D:V491L	logit=-0.483
C:K191R	D:K464R	logit=-0.545
C:S180T	D:S453T	logit=-0.623
C:T42V	D:T315V	logit=-0.761
C:S89A	D:S362A	logit=-0.877

Top tied mutations (A + B view):
A:N57E	B:N254E	logit=0.315
A:N57D	B:N254D	logit=0.289
A:N54T	B:N251T	logit=0.258
A:V58E	B:V255E	logit=0.246
A:E100D	B:E297D	logit=0.237

Top tied mutations (C + D view):
C:V218L	D:V491L	logit=-0.403
C:K191R	D:K464R	logit=-0.492
C:S180T	D:S453T	logit=-0.635
C:T42V	D:T315V	logit=-0.801
C:N51P	D:N324P	logit=-0.841

Top tied mutations (A + B view):
A:R61K	B:R258K	logit=0.325
A:N57R	B:N254R	logit=0.287
A:Q59K	B:Q256K	logit=0.219
A:V102K	B:V299K	logit=0.219
A:Q59R	B:Q256R	logit=0.199

Top tied mutations (C + D view):
C:V218L	D:V491L	logit=-0.453
C:K191R	D:K464R	logit=-0.581
C:S180T	D:S453T	logit=-0.674
C:T42V	D:T315V	logit=-0.790
C:N51P	D:N324P	logit=-0.887

Top tied mutations (A + B view):
A:V58R	B:V255R	logit=0.823
A:V58K	B:V255K	logit=0.377
A:N54T	B:N251T	logit=0.347
A:R56K	B:R253K	logit=0.277
A:T18P	B:T215P	logit=0.237

Top tied mutations (C + D view):
C:V218L	D:V491L	logit=-0.454
C:K191R	D:K464R	logit=-0.600
C:S180T	D:S453T	logit=-0.645
C:T42V	D:T315V	logit=-0.721
C:N51P	D:N324P	logit=-0.842

Top tied mutations (A + B view):
A:N54R	B:N251R	logit=0.493
A:R56K	B:R253K	logit=0.316
A:N54M	B:N251M	logit=0.314
A:N54L	B:N251L	logit=0.277
A:N54Q	B:N251Q	logit=0.253

Top tied mutations (C + D view):
C:V218L	D:V491L	logit=-0.479
C:K191R	D:K464R	logit=-0.570
C:S180T	D:S453T	logit=-0.666
C:N51P	D:N324P	logit=-0.733
C:T42V	D:T315V	logit=-0.787

Top tied mutations (A + B view):
A:R56E	B:R253E	logit=0.313
A:N55Q	B:N252Q	logit=0.305
A:N54P	B:N251P	logit=0.285
A:V58Q	B:V255Q	logit=0.263
A:N57S	B:N254S	logit=0.254

Top tied mutations (C + D view):
C:V218L	D:V491L	logit=-0.459
C:K191R	D:K464R	logit=-0.540
C:S180T	D:S453T	logit=-0.655
C:T42V	D:T315V	logit=-0.756
C:S89A	D:S362A	logit=-0.899

Top tied mutations (A + B view):
A:R56K	B:R253K	logit=0.394
A:N57K	B:N254K	logit=0.335
A:R61K	B:R258K	logit=0.316
A:V58R	B:V255R	logit=0.233
A:R56H	B:R253H	logit=0.231

Top tied mutations (C + D view):
C:V218L	D:V491L	logit=-0.442
C:K191R	D:K464R	logit=-0.580
C:S180T	D:S453T	logit=-0.661
C:T42V	D:T315V	logit=-0.713
C:N51P	D:N324P	logit=-0.802

Top tied mutations (A + B view):
A:N54M	B:N251M	logit=0.437
A:N54L	B:N251L	logit=0.368
A:N54I	B:N251I	logit=0.319
A:N54E	B:N251E	logit=0.296
A:T18I	B:T215I	logit=0.237

Top tied mutations (C + D view):
C:V218L	D:V491L	logit=-0.440
C:K191R	D:K464R	logit=-0.535
C:S180T	D:S453T	logit=-0.646
C:T42V	D:T315V	logit=-0.705
C:N51P	D:N324P	logit=-0.793

Top tied mutations (A + B view):
A:N54T	B:N251T	logit=0.379
A:N54E	B:N251E	logit=0.244
A:N57E	B:N254E	logit=0.227
A:E100K	B:E297K	logit=0.221
A:T18K	B:T215K	logit=0.206

Top tied mutations (C + D view):
C:V218L	D:V491L	logit=-0.480
C:K191R	D:K464R	logit=-0.610
C:S180T	D:S453T	logit=-0.661
C:T42V	D:T315V	logit=-0.769
C:N51P	D:N324P	logit=-0.825

Top tied mutations (A + B view):
A:R56K	B:R253K	logit=0.335
A:V58E	B:V255E	logit=0.287
A:R56C	B:R253C	logit=0.269
A:Q59D	B:Q256D	logit=0.255
A:N55R	B:N252R	logit=0.252

Top tied mutations (C + D view):
C:V218L	D:V491L	logit=-0.486
C:K191R	D:K464R	logit=-0.565
C:S180T	D:S453T	logit=-0.641
C:T42V	D:T315V	logit=-0.765
C:S89A	D:S362A	logit=-0.852

Top tied mutations (A + B view):
A:R56F	B:R253F	logit=0.399
A:V58R	B:V255R	logit=0.382
A:N57F	B:N254F	logit=0.330
A:N55T	B:N252T	logit=0.269
A:R56V	B:R253V	logit=0.260

Top tied mutations (C + D view):
C:V218L	D:V491L	logit=-0.448
C:K191R	D:K464R	logit=-0.560
C:S180T	D:S453T	logit=-0.653
C:T42V	D:T315V	logit=-0.732
C:S89A	D:S362A	logit=-0.862

Top tied mutations (A + B view):
A:E100K	B:E297K	logit=0.360
A:R61K	B:R258K	logit=0.344
A:N54T	B:N251T	logit=0.334
A:Q59K	B:Q256K	logit=0.325
A:R56A	B:R253A	logit=0.292

Top tied mutations (C + D view):
C:V218L	D:V491L	logit=-0.404
C:K191R	D:K464R	logit=-0.498
C:S180T	D:S453T	logit=-0.650
C:T42V	D:T315V	logit=-0.728
C:N219S	D:N492S	logit=-0.934

Top tied mutations (A + B view):
A:N57M	B:N254M	logit=0.409
A:N55A	B:N252A	logit=0.281
A:V58E	B:V255E	logit=0.264
A:N57L	B:N254L	logit=0.205
A:Q59H	B:Q256H	logit=0.183

Top tied mutations (C + D view):
C:V218L	D:V491L	logit=-0.434
C:K191R	D:K464R	logit=-0.553
C:S180T	D:S453T	logit=-0.661
C:T42V	D:T315V	logit=-0.704
C:N51P	D:N324P	logit=-0.824

Top tied mutations (A + B view):
A:R56E	B:R253E	logit=0.364
A:R56D	B:R253D	logit=0.321
A:V102C	B:V299C	logit=0.268
A:Q59I	B:Q256I	logit=0.249
A:N55D	B:N252D	logit=0.236

Top tied mutations (C + D view):
C:V218L	D:V491L	logit=-0.478
C:K191R	D:K464R	logit=-0.554
C:S180T	D:S453T	logit=-0.654
C:N51P	D:N324P	logit=-0.749
C:T42V	D:T315V	logit=-0.781

Top tied mutations (A + B view):
A:V102T	B:V299T	logit=1.092
A:V102D	B:V299D	logit=1.050
A:V102E	B:V299E	logit=1.014
A:V102N	B:V299N	logit=0.836
A:V102A	B:V299A	logit=0.809

Top tied mutations (C + D view):
C:V218L	D:V491L	logit=-0.418
C:K191R	D:K464R	logit=-0.578
C:S180T	D:S453T	logit=-0.655
C:T42V	D:T315V	logit=-0.765
C:N219S	D:N492S	logit=-0.951

Top tied mutations (A + B view):
A:N55A	B:N252A	logit=0.504
A:V58R	B:V255R	logit=0.492
A:T18P	B:T215P	logit=0.345
A:N57F	B:N254F	logit=0.294
A:N54H	B:N251H	logit=0.200

Top tied mutations (C + D view):
C:V218L	D:V491L	logit=-0.429
C:K191R	D:K464R	logit=-0.630
C:S180T	D:S453T	logit=-0.679
C:T42V	D:T315V	logit=-0.758
C:S89A	D:S362A	logit=-0.856

Top tied mutations (A + B view):
A:N54T	B:N251T	logit=0.309
A:Q59K	B:Q256K	logit=0.296
A:N55G	B:N252G	logit=0.283
A:R56K	B:R253K	logit=0.240
A:N55D	B:N252D	logit=0.199

Top tied mutations (C + D view):
C:V218L	D:V491L	logit=-0.431
C:K191R	D:K464R	logit=-0.619
C:S180T	D:S453T	logit=-0.651
C:T42V	D:T315V	logit=-0.739
C:N51P	D:N324P	logit=-0.902

Top tied mutations (A + B view):
A:V58R	B:V255R	logit=0.410
A:R56K	B:R253K	logit=0.368
A:E100S	B:E297S	logit=0.295
A:V58K	B:V255K	logit=0.270
A:Q59K	B:Q256K	logit=0.193

Top tied mutations (C + D view):
C:V218L	D:V491L	logit=-0.481
C:K191R	D:K464R	logit=-0.508
C:S180T	D:S453T	logit=-0.646
C:T42V	D:T315V	logit=-0.743
C:N51P	D:N324P	logit=-0.838

Top tied mutations (A + B view):
A:N54R	B:N251R	logit=0.467
A:N57M	B:N254M	logit=0.392
A:N57F	B:N254F	logit=0.370
A:V58E	B:V255E	logit=0.301
A:N57Y	B:N254Y	logit=0.259

Top tied mutations (C + D view):
C:V218L	D:V491L	logit=-0.469
C:K191R	D:K464R	logit=-0.564
C:T42V	D:T315V	logit=-0.673
C:S180T	D:S453T	logit=-0.696
C:N51P	D:N324P	logit=-0.875

Top tied mutations (A + B view):
A:N57F	B:N254F	logit=0.435
A:V58Y	B:V255Y	logit=0.381
A:N57E	B:N254E	logit=0.380
A:N57W	B:N254W	logit=0.366
A:N57Q	B:N254Q	logit=0.364

Top tied mutations (C + D view):
C:V218L	D:V491L	logit=-0.470
C:K191R	D:K464R	logit=-0.502
C:S180T	D:S453T	logit=-0.653
C:T42V	D:T315V	logit=-0.788
C:N51P	D:N324P	logit=-0.855

Top tied mutations (A + B view):
A:V102K	B:V299K	logit=0.300
A:N57M	B:N254M	logit=0.297
A:N55D	B:N252D	logit=0.286
A:V102N	B:V299N	logit=0.264
A:N57L	B:N254L	logit=0.236

Top tied mutations (C + D view):
C:V218L	D:V491L	logit=-0.398
C:K191R	D:K464R	logit=-0.552
C:S180T	D:S453T	logit=-0.646
C:T42V	D:T315V	logit=-0.699
C:S89A	D:S362A	logit=-0.804

Top tied mutations (A + B view):
A:E100K	B:E297K	logit=0.299
A:E100R	B:E297R	logit=0.277
A:V102Q	B:V299Q	logit=0.263
A:N55H	B:N252H	logit=0.261
A:E100H	B:E297H	logit=0.236

Top tied mutations (C + D view):
C:V218L	D:V491L	logit=-0.469
C:K191R	D:K464R	logit=-0.542
C:S180T	D:S453T	logit=-0.657
C:T42V	D:T315V	logit=-0.787
C:N51P	D:N324P	logit=-0.854

Top tied mutations (A + B view):
A:V58R	B:V255R	logit=0.541
A:R61C	B:R258C	logit=0.354
A:E100C	B:E297C	logit=0.231
A:V58W	B:V255W	logit=0.229
A:N57M	B:N254M	logit=0.221

Top tied mutations (C + D view):
C:V218L	D:V491L	logit=-0.435
C:K191R	D:K464R	logit=-0.561
C:S180T	D:S453T	logit=-0.647
C:T42V	D:T315V	logit=-0.733
C:N51P	D:N324P	logit=-0.925

Top tied mutations (A + B view):
A:N54I	B:N251I	logit=0.389
A:E100K	B:E297K	logit=0.386
A:V102C	B:V299C	logit=0.374
A:R56K	B:R253K	logit=0.331
A:R61C	B:R258C	logit=0.292

Top tied mutations (C + D view):
C:V218L	D:V491L	logit=-0.461
C:K191R	D:K464R	logit=-0.534
C:S180T	D:S453T	logit=-0.654
C:T42V	D:T315V	logit=-0.766
C:N51P	D:N324P	logit=-0.847

Top tied mutations (A + B view):
A:N54H	B:N251H	logit=0.300
A:R56K	B:R253K	logit=0.287
A:N54E	B:N251E	logit=0.269
A:R56V	B:R253V	logit=0.251
A:R56T	B:R253T	logit=0.239

Top tied mutations (C + D view):
C:V218L	D:V491L	logit=-0.417
C:K191R	D:K464R	logit=-0.510
C:S180T	D:S453T	logit=-0.667
C:T42V	D:T315V	logit=-0.675
C:S89A	D:S362A	logit=-0.846

Top tied mutations (A + B view):
A:Q59E	B:Q256E	logit=0.321
A:N57R	B:N254R	logit=0.300
A:N54P	B:N251P	logit=0.294
A:N55A	B:N252A	logit=0.284
A:T18C	B:T215C	logit=0.249

Top tied mutations (C + D view):
C:V218L	D:V491L	logit=-0.411
C:K191R	D:K464R	logit=-0.577
C:S180T	D:S453T	logit=-0.658
C:T42V	D:T315V	logit=-0.664
C:N51P	D:N324P	logit=-0.779

Top tied mutations (A + B view):
A:V58R	B:V255R	logit=0.373
A:N54I	B:N251I	logit=0.344
A:N54V	B:N251V	logit=0.283
A:T18C	B:T215C	logit=0.281
A:R56N	B:R253N	logit=0.264

Top tied mutations (C + D view):
C:V218L	D:V491L	logit=-0.413
C:K191R	D:K464R	logit=-0.501
C:S180T	D:S453T	logit=-0.681
C:T42V	D:T315V	logit=-0.757
C:N51P	D:N324P	logit=-0.908

Top tied mutations (A + B view):
A:T18C	B:T215C	logit=0.463
A:N54P	B:N251P	logit=0.295
A:N55A	B:N252A	logit=0.267
A:N57M	B:N254M	logit=0.265
A:R61Q	B:R258Q	logit=0.191

Top tied mutations (C + D view):
C:V218L	D:V491L	logit=-0.466
C:K191R	D:K464R	logit=-0.586
C:S180T	D:S453T	logit=-0.648
C:T42V	D:T315V	logit=-0.737
C:N51P	D:N324P	logit=-0.790

Top tied mutations (A + B view):
A:N54A	B:N251A	logit=0.279
A:R61A	B:R258A	logit=0.264
A:V58N	B:V255N	logit=0.258
A:V58M	B:V255M	logit=0.253
A:N55Y	B:N252Y	logit=0.242

Top tied mutations (C + D view):
C:V218L	D:V491L	logit=-0.469
C:K191R	D:K464R	logit=-0.533
C:S180T	D:S453T	logit=-0.673
C:T42V	D:T315V	logit=-0.720
C:N51P	D:N324P	logit=-0.852

Top tied mutations (A + B view):
A:V58E	B:V255E	logit=0.467
A:V58S	B:V255S	logit=0.436
A:V58N	B:V255N	logit=0.368
A:N57M	B:N254M	logit=0.366
A:N57Y	B:N254Y	logit=0.310

Top tied mutations (C + D view):
C:V218L	D:V491L	logit=-0.502
C:K191R	D:K464R	logit=-0.538
C:S180T	D:S453T	logit=-0.639
C:T42V	D:T315V	logit=-0.693
C:N51P	D:N324P	logit=-0.933

Top tied mutations (A + B view):
A:N55D	B:N252D	logit=0.421
A:V58S	B:V255S	logit=0.392
A:N55G	B:N252G	logit=0.369
A:N54T	B:N251T	logit=0.363
A:V58K	B:V255K	logit=0.302

Top tied mutations (C + D view):
C:V218L	D:V491L	logit=-0.436
C:K191R	D:K464R	logit=-0.507
C:S180T	D:S453T	logit=-0.659
C:T42V	D:T315V	logit=-0.753
C:N51P	D:N324P	logit=-0.846

Top tied mutations (A + B view):
A:R61C	B:R258C	logit=0.610
A:N54H	B:N251H	logit=0.448
A:N54M	B:N251M	logit=0.364
A:Q59C	B:Q256C	logit=0.311
A:R61M	B:R258M	logit=0.297

Top tied mutations (C + D view):
C:V218L	D:V491L	logit=-0.419
C:K191R	D:K464R	logit=-0.576
C:S180T	D:S453T	logit=-0.633
C:T42V	D:T315V	logit=-0.731
C:N51P	D:N324P	logit=-0.762

Top tied mutations (A + B view):
A:V58E	B:V255E	logit=0.365
A:E100D	B:E297D	logit=0.311
A:T18E	B:T215E	logit=0.267
A:N57L	B:N254L	logit=0.240
A:R61E	B:R258E	logit=0.234

Top tied mutations (C + D view):
C:V218L	D:V491L	logit=-0.471
C:K191R	D:K464R	logit=-0.599
C:S180T	D:S453T	logit=-0.651
C:T42V	D:T315V	logit=-0.664
C:N51P	D:N324P	logit=-0.823

Top tied mutations (A + B view):
A:V58R	B:V255R	logit=0.316
A:T18P	B:T215P	logit=0.234
A:N54P	B:N251P	logit=0.221
A:N57I	B:N254I	logit=0.193
A:R56Y	B:R253Y	logit=0.184

Top tied mutations (C + D view):
C:V218L	D:V491L	logit=-0.484
C:K191R	D:K464R	logit=-0.545
C:S180T	D:S453T	logit=-0.647
C:T42V	D:T315V	logit=-0.683
C:N51P	D:N324P	logit=-0.713

Top tied mutations (A + B view):
A:E100K	B:E297K	logit=0.565
A:N55Q	B:N252Q	logit=0.396
A:E100R	B:E297R	logit=0.338
A:N54T	B:N251T	logit=0.320
A:Q59K	B:Q256K	logit=0.282

Top tied mutations (C + D view):
C:V218L	D:V491L	logit=-0.451
C:K191R	D:K464R	logit=-0.620
C:S180T	D:S453T	logit=-0.635
C:T42V	D:T315V	logit=-0.725
C:N51P	D:N324P	logit=-0.823

Top tied mutations (A + B view):
A:N57R	B:N254R	logit=0.452
A:E100K	B:E297K	logit=0.328
A:R56D	B:R253D	logit=0.303
A:R56K	B:R253K	logit=0.281
A:E100R	B:E297R	logit=0.277

Top tied mutations (C + D view):
C:V218L	D:V491L	logit=-0.409
C:K191R	D:K464R	logit=-0.557
C:S180T	D:S453T	logit=-0.653
C:T42V	D:T315V	logit=-0.714
C:N51P	D:N324P	logit=-0.895

Top tied mutations (A + B view):
A:E100D	B:E297D	logit=0.405
A:N54A	B:N251A	logit=0.352
A:N54R	B:N251R	logit=0.339
A:V58R	B:V255R	logit=0.300
A:N54S	B:N251S	logit=0.252

Top tied mutations (C + D view):
C:V218L	D:V491L	logit=-0.428
C:K191R	D:K464R	logit=-0.569
C:S180T	D:S453T	logit=-0.654
C:T42V	D:T315V	logit=-0.753
C:S89A	D:S362A	logit=-0.877

Top tied mutations (A + B view):
A:N54P	B:N251P	logit=0.624
A:V58E	B:V255E	logit=0.289
A:N55T	B:N252T	logit=0.286
A:R56F	B:R253F	logit=0.283
A:N55W	B:N252W	logit=0.281

Top tied mutations (C + D view):
C:V218L	D:V491L	logit=-0.436
C:K191R	D:K464R	logit=-0.513
C:S180T	D:S453T	logit=-0.659
C:T42V	D:T315V	logit=-0.756
C:N51P	D:N324P	logit=-0.806

Top tied mutations (A + B view):
A:E100K	B:E297K	logit=0.553
A:R56K	B:R253K	logit=0.377
A:E100R	B:E297R	logit=0.344
A:N54E	B:N251E	logit=0.260
A:N54L	B:N251L	logit=0.260

Top tied mutations (C + D view):
C:V218L	D:V491L	logit=-0.444
C:K191R	D:K464R	logit=-0.536
C:S180T	D:S453T	logit=-0.679
C:T42V	D:T315V	logit=-0.779
C:S89A	D:S362A	logit=-0.841

Top tied mutations (A + B view):
A:R61C	B:R258C	logit=0.595
A:T18C	B:T215C	logit=0.593
A:R61M	B:R258M	logit=0.353
A:V58C	B:V255C	logit=0.313
A:N55C	B:N252C	logit=0.294

Top tied mutations (C + D view):
C:V218L	D:V491L	logit=-0.463
C:K191R	D:K464R	logit=-0.538
C:S180T	D:S453T	logit=-0.639
C:T42V	D:T315V	logit=-0.777
C:N51P	D:N324P	logit=-0.810

Top tied mutations (A + B view):
A:T18C	B:T215C	logit=0.725
A:R61C	B:R258C	logit=0.468
A:V58C	B:V255C	logit=0.416
A:N55D	B:N252D	logit=0.331
A:Q59C	B:Q256C	logit=0.274

Top tied mutations (C + D view):
C:V218L	D:V491L	logit=-0.465
C:K191R	D:K464R	logit=-0.552
C:S180T	D:S453T	logit=-0.650
C:T42V	D:T315V	logit=-0.752
C:H175P	D:H448P	logit=-0.898

Top tied mutations (A + B view):
A:N54P	B:N251P	logit=0.388
A:R61E	B:R258E	logit=0.368
A:R61Q	B:R258Q	logit=0.342
A:R61S	B:R258S	logit=0.331
A:R56D	B:R253D	logit=0.317

Top tied mutations (C + D view):
C:V218L	D:V491L	logit=-0.443
C:K191R	D:K464R	logit=-0.507
C:S180T	D:S453T	logit=-0.657
C:T42V	D:T315V	logit=-0.753
C:S89A	D:S362A	logit=-0.910

Top tied mutations (A + B view):
A:V58R	B:V255R	logit=0.783
A:T18C	B:T215C	logit=0.769
A:R61C	B:R258C	logit=0.538
A:E100C	B:E297C	logit=0.437
A:V58H	B:V255H	logit=0.430

Top tied mutations (C + D view):
C:V218L	D:V491L	logit=-0.434
C:K191R	D:K464R	logit=-0.573
C:S180T	D:S453T	logit=-0.637
C:T42V	D:T315V	logit=-0.725
C:N51P	D:N324P	logit=-0.754

Top tied mutations (A + B view):
A:N55Q	B:N252Q	logit=0.562
A:N55T	B:N252T	logit=0.477
A:N55C	B:N252C	logit=0.406
A:N57D	B:N254D	logit=0.406
A:N57E	B:N254E	logit=0.355

Top tied mutations (C + D view):
C:V218L	D:V491L	logit=-0.415
C:K191R	D:K464R	logit=-0.530
C:S180T	D:S453T	logit=-0.644
C:T42V	D:T315V	logit=-0.716
C:N51P	D:N324P	logit=-0.893

Top tied mutations (A + B view):
A:N54I	B:N251I	logit=0.479
A:V58C	B:V255C	logit=0.451
A:V102C	B:V299C	logit=0.442
A:R61Q	B:R258Q	logit=0.439
A:R61C	B:R258C	logit=0.431

Top tied mutations (C + D view):
C:V218L	D:V491L	logit=-0.491
C:K191R	D:K464R	logit=-0.557
C:S180T	D:S453T	logit=-0.651
C:T42V	D:T315V	logit=-0.700
C:S72G	D:S345G	logit=-0.911

Top tied mutations (A + B view):
A:N54P	B:N251P	logit=0.696
A:N54M	B:N251M	logit=0.465
A:N54R	B:N251R	logit=0.349
A:E100K	B:E297K	logit=0.316
A:R61C	B:R258C	logit=0.293

Top tied mutations (C + D view):
C:V218L	D:V491L	logit=-0.472
C:K191R	D:K464R	logit=-0.614
C:S180T	D:S453T	logit=-0.647
C:T42V	D:T315V	logit=-0.810
C:S89A	D:S362A	logit=-0.956

Top tied mutations (A + B view):
A:N54E	B:N251E	logit=0.540
A:E100K	B:E297K	logit=0.530
A:R56K	B:R253K	logit=0.459
A:N54P	B:N251P	logit=0.445
A:N54A	B:N251A	logit=0.391

Top tied mutations (C + D view):
C:V218L	D:V491L	logit=-0.504
C:K191R	D:K464R	logit=-0.527
C:S180T	D:S453T	logit=-0.662
C:T42V	D:T315V	logit=-0.703
C:N51P	D:N324P	logit=-0.883

Top tied mutations (A + B view):
A:V58A	B:V255A	logit=0.443
A:T18P	B:T215P	logit=0.419
A:E100K	B:E297K	logit=0.366
A:E100R	B:E297R	logit=0.361
A:N54E	B:N251E	logit=0.310

Top tied mutations (C + D view):
C:V218L	D:V491L	logit=-0.450
C:K191R	D:K464R	logit=-0.509
C:S180T	D:S453T	logit=-0.667
C:T42V	D:T315V	logit=-0.693
C:N51P	D:N324P	logit=-0.851

Top tied mutations (A + B view):
A:V58R	B:V255R	logit=0.706
A:V102C	B:V299C	logit=0.433
A:E100C	B:E297C	logit=0.326
A:V58K	B:V255K	logit=0.219
A:N55A	B:N252A	logit=0.211

Top tied mutations (C + D view):
C:V218L	D:V491L	logit=-0.474
C:K191R	D:K464R	logit=-0.506
C:S180T	D:S453T	logit=-0.664
C:T42V	D:T315V	logit=-0.691
C:S89A	D:S362A	logit=-0.851

Top tied mutations (A + B view):
A:V58R	B:V255R	logit=0.720
A:V58K	B:V255K	logit=0.274
A:R56K	B:R253K	logit=0.231
A:E100C	B:E297C	logit=0.207
A:V58G	B:V255G	logit=0.195

Top tied mutations (C + D view):
C:V218L	D:V491L	logit=-0.478
C:K191R	D:K464R	logit=-0.575
C:S180T	D:S453T	logit=-0.668
C:T42V	D:T315V	logit=-0.678
C:N51P	D:N324P	logit=-0.836

Top tied mutations (A + B view):
A:N54E	B:N251E	logit=0.365
A:R61K	B:R258K	logit=0.287
A:R56K	B:R253K	logit=0.254
A:N54R	B:N251R	logit=0.242
A:Q59K	B:Q256K	logit=0.238

Top tied mutations (C + D view):
C:V218L	D:V491L	logit=-0.442
C:K191R	D:K464R	logit=-0.588
C:S180T	D:S453T	logit=-0.654
C:T42V	D:T315V	logit=-0.740
C:S89A	D:S362A	logit=-0.830

Top tied mutations (A + B view):
A:E100D	B:E297D	logit=0.309
A:N54P	B:N251P	logit=0.307
A:E100S	B:E297S	logit=0.281
A:T18P	B:T215P	logit=0.267
A:Q59Y	B:Q256Y	logit=0.245

Top tied mutations (C + D view):
C:V218L	D:V491L	logit=-0.431
C:K191R	D:K464R	logit=-0.526
C:S180T	D:S453T	logit=-0.638
C:T42V	D:T315V	logit=-0.729
C:N51P	D:N324P	logit=-0.843

Top tied mutations (A + B view):
A:N54T	B:N251T	logit=0.422
A:V58R	B:V255R	logit=0.386
A:N54E	B:N251E	logit=0.368
A:R56K	B:R253K	logit=0.288
A:V58N	B:V255N	logit=0.277

Top tied mutations (C + D view):
C:V218L	D:V491L	logit=-0.494
C:K191R	D:K464R	logit=-0.580
C:S180T	D:S453T	logit=-0.648
C:T42V	D:T315V	logit=-0.734
C:S89A	D:S362A	logit=-0.891

Top tied mutations (A + B view):
A:N55D	B:N252D	logit=0.488
A:T18C	B:T215C	logit=0.445
A:R56K	B:R253K	logit=0.413
A:V58S	B:V255S	logit=0.407
A:V58C	B:V255C	logit=0.358

Top tied mutations (C + D view):
C:V218L	D:V491L	logit=-0.424
C:K191R	D:K464R	logit=-0.524
C:S180T	D:S453T	logit=-0.695
C:T42V	D:T315V	logit=-0.775
C:S89A	D:S362A	logit=-0.834

Top tied mutations (A + B view):
A:N57E	B:N254E	logit=0.491
A:T18P	B:T215P	logit=0.400
A:R56E	B:R253E	logit=0.379
A:N57D	B:N254D	logit=0.367
A:E100R	B:E297R	logit=0.352

Top tied mutations (C + D view):
C:V218L	D:V491L	logit=-0.434
C:K191R	D:K464R	logit=-0.556
C:S180T	D:S453T	logit=-0.685
C:T42V	D:T315V	logit=-0.696
C:S89A	D:S362A	logit=-0.901

Top tied mutations (A + B view):
A:N54T	B:N251T	logit=0.604
A:N55D	B:N252D	logit=0.406
A:N57R	B:N254R	logit=0.339
A:E100D	B:E297D	logit=0.311
A:N54S	B:N251S	logit=0.301

Top tied mutations (C + D view):
C:V218L	D:V491L	logit=-0.430
C:K191R	D:K464R	logit=-0.554
C:S180T	D:S453T	logit=-0.621
C:T42V	D:T315V	logit=-0.729
C:N51P	D:N324P	logit=-0.785

Top tied mutations (A + B view):
A:N54A	B:N251A	logit=0.390
A:V58E	B:V255E	logit=0.276
A:R61S	B:R258S	logit=0.261
A:R61T	B:R258T	logit=0.255
A:N54P	B:N251P	logit=0.237

Top tied mutations (C + D view):
C:V218L	D:V491L	logit=-0.449
C:K191R	D:K464R	logit=-0.604
C:S180T	D:S453T	logit=-0.675
C:T42V	D:T315V	logit=-0.719
C:N51P	D:N324P	logit=-0.739

Top tied mutations (A + B view):
A:V58R	B:V255R	logit=0.705
A:N54R	B:N251R	logit=0.490
A:V58K	B:V255K	logit=0.459
A:R56N	B:R253N	logit=0.345
A:Q59K	B:Q256K	logit=0.319

Top tied mutations (C + D view):
C:V218L	D:V491L	logit=-0.440
C:K191R	D:K464R	logit=-0.574
C:S180T	D:S453T	logit=-0.694
C:T42V	D:T315V	logit=-0.745
C:N51P	D:N324P	logit=-0.804

Top tied mutations (A + B view):
A:N57M	B:N254M	logit=0.341
A:N57T	B:N254T	logit=0.309
A:N55A	B:N252A	logit=0.309
A:N57Q	B:N254Q	logit=0.289
A:N57D	B:N254D	logit=0.266

Top tied mutations (C + D view):
C:V218L	D:V491L	logit=-0.413
C:K191R	D:K464R	logit=-0.558
C:S180T	D:S453T	logit=-0.628
C:T42V	D:T315V	logit=-0.721
C:N51P	D:N324P	logit=-0.867

Top tied mutations (A + B view):
A:V58R	B:V255R	logit=0.540
A:R56D	B:R253D	logit=0.364
A:R56S	B:R253S	logit=0.237
A:V58K	B:V255K	logit=0.235
A:N55Q	B:N252Q	logit=0.225

Top tied mutations (C + D view):
C:V218L	D:V491L	logit=-0.470
C:K191R	D:K464R	logit=-0.523
C:S180T	D:S453T	logit=-0.613
C:T42V	D:T315V	logit=-0.749
C:S89A	D:S362A	logit=-0.848

Top tied mutations (A + B view):
A:N57D	B:N254D	logit=0.418
A:V58E	B:V255E	logit=0.327
A:N57E	B:N254E	logit=0.316
A:R61K	B:R258K	logit=0.293
A:E100K	B:E297K	logit=0.291

Top tied mutations (C + D view):
C:V218L	D:V491L	logit=-0.402
C:K191R	D:K464R	logit=-0.593
C:S180T	D:S453T	logit=-0.671
C:T42V	D:T315V	logit=-0.709
C:N51P	D:N324P	logit=-0.819

Top tied mutations (A + B view):
A:N55D	B:N252D	logit=0.606
A:V58R	B:V255R	logit=0.565
A:V58I	B:V255I	logit=0.422
A:V58Y	B:V255Y	logit=0.382
A:N57Y	B:N254Y	logit=0.340

Top tied mutations (C + D view):
C:V218L	D:V491L	logit=-0.434
C:K191R	D:K464R	logit=-0.547
C:S180T	D:S453T	logit=-0.661
C:T42V	D:T315V	logit=-0.728
C:S89A	D:S362A	logit=-0.830

Top tied mutations (A + B view):
A:N55D	B:N252D	logit=0.291
A:E100K	B:E297K	logit=0.266
A:V58C	B:V255C	logit=0.227
A:R56C	B:R253C	logit=0.208
A:R56Y	B:R253Y	logit=0.193

Top tied mutations (C + D view):
C:V218L	D:V491L	logit=-0.479
C:K191R	D:K464R	logit=-0.568
C:S180T	D:S453T	logit=-0.684
C:T42V	D:T315V	logit=-0.717
C:S89A	D:S362A	logit=-0.848

Top tied mutations (A + B view):
A:N55A	B:N252A	logit=0.330
A:N57D	B:N254D	logit=0.290
A:R56F	B:R253F	logit=0.219
A:E100S	B:E297S	logit=0.205
A:V102K	B:V299K	logit=0.194

Top tied mutations (C + D view):
C:V218L	D:V491L	logit=-0.402
C:K191R	D:K464R	logit=-0.520
C:S180T	D:S453T	logit=-0.662
C:T42V	D:T315V	logit=-0.720
C:N51P	D:N324P	logit=-0.722

Top tied mutations (A + B view):
A:N54P	B:N251P	logit=0.654
A:N55C	B:N252C	logit=0.228
A:V58E	B:V255E	logit=0.200
A:N57R	B:N254R	logit=0.189
A:R61C	B:R258C	logit=0.187

Top tied mutations (C + D view):
C:V218L	D:V491L	logit=-0.416
C:K191R	D:K464R	logit=-0.492
C:S180T	D:S453T	logit=-0.669
C:T42V	D:T315V	logit=-0.707
C:S89A	D:S362A	logit=-0.872

Top tied mutations (A + B view):
A:N54P	B:N251P	logit=0.410
A:V58E	B:V255E	logit=0.381
A:N55D	B:N252D	logit=0.266
A:N55A	B:N252A	logit=0.225
A:N54M	B:N251M	logit=0.215

Top tied mutations (C + D view):
C:V218L	D:V491L	logit=-0.412
C:K191R	D:K464R	logit=-0.548
C:S180T	D:S453T	logit=-0.669
C:T42V	D:T315V	logit=-0.731
C:A168P	D:A441P	logit=-0.911

Top tied mutations (A + B view):
A:N55T	B:N252T	logit=0.636
A:R56P	B:R253P	logit=0.422
A:N55C	B:N252C	logit=0.397
A:N57L	B:N254L	logit=0.377
A:N54L	B:N251L	logit=0.370

Top tied mutations (C + D view):
C:V218L	D:V491L	logit=-0.439
C:K191R	D:K464R	logit=-0.564
C:S180T	D:S453T	logit=-0.665
C:T42V	D:T315V	logit=-0.742
C:N51P	D:N324P	logit=-0.800

Top tied mutations (A + B view):
A:N54L	B:N251L	logit=0.543
A:N54I	B:N251I	logit=0.462
A:N54M	B:N251M	logit=0.315
A:V58A	B:V255A	logit=0.235
A:N55D	B:N252D	logit=0.230

Top tied mutations (C + D view):
C:V218L	D:V491L	logit=-0.457
C:K191R	D:K464R	logit=-0.497
C:S180T	D:S453T	logit=-0.652
C:T42V	D:T315V	logit=-0.726
C:N51P	D:N324P	logit=-0.793

Top tied mutations (A + B view):
A:R56E	B:R253E	logit=0.325
A:T18C	B:T215C	logit=0.266
A:N57I	B:N254I	logit=0.235
A:V58N	B:V255N	logit=0.198
A:V58C	B:V255C	logit=0.189

Top tied mutations (C + D view):
C:V218L	D:V491L	logit=-0.457
C:K191R	D:K464R	logit=-0.609
C:S180T	D:S453T	logit=-0.682
C:N51P	D:N324P	logit=-0.739
C:T42V	D:T315V	logit=-0.758

Top tied mutations (A + B view):
A:N55D	B:N252D	logit=0.467
A:R56D	B:R253D	logit=0.329
A:N54M	B:N251M	logit=0.294
A:N55K	B:N252K	logit=0.286
A:R56H	B:R253H	logit=0.259

Top tied mutations (C + D view):
C:V218L	D:V491L	logit=-0.470
C:K191R	D:K464R	logit=-0.539
C:S180T	D:S453T	logit=-0.652
C:T42V	D:T315V	logit=-0.725
C:N51P	D:N324P	logit=-0.860

Top tied mutations (A + B view):
A:N54E	B:N251E	logit=0.642
A:R56K	B:R253K	logit=0.433
A:R61K	B:R258K	logit=0.422
A:T18I	B:T215I	logit=0.415
A:V102K	B:V299K	logit=0.376

Top tied mutations (C + D view):
C:V218L	D:V491L	logit=-0.476
C:K191R	D:K464R	logit=-0.532
C:S180T	D:S453T	logit=-0.671
C:T42V	D:T315V	logit=-0.724
C:N51P	D:N324P	logit=-0.850

Top tied mutations (A + B view):
A:R61C	B:R258C	logit=0.315
A:N54H	B:N251H	logit=0.288
A:N57K	B:N254K	logit=0.280
A:N54E	B:N251E	logit=0.268
A:N54T	B:N251T	logit=0.259

Top tied mutations (C + D view):
C:V218L	D:V491L	logit=-0.406
C:K191R	D:K464R	logit=-0.502
C:S180T	D:S453T	logit=-0.664
C:T42V	D:T315V	logit=-0.724
C:N51P	D:N324P	logit=-0.830

Top tied mutations (A + B view):
A:R61K	B:R258K	logit=0.212
A:Q59E	B:Q256E	logit=0.192
A:N57P	B:N254P	logit=0.172
A:N55E	B:N252E	logit=0.161
A:N57S	B:N254S	logit=0.161

Top tied mutations (C + D view):
C:V218L	D:V491L	logit=-0.437
C:K191R	D:K464R	logit=-0.553
C:S180T	D:S453T	logit=-0.666
C:T42V	D:T315V	logit=-0.724
C:N51P	D:N324P	logit=-0.856

Top tied mutations (A + B view):
A:V58R	B:V255R	logit=0.614
A:N54E	B:N251E	logit=0.394
A:V58N	B:V255N	logit=0.353
A:R56E	B:R253E	logit=0.343
A:N54H	B:N251H	logit=0.325

Top tied mutations (C + D view):
C:V218L	D:V491L	logit=-0.443
C:K191R	D:K464R	logit=-0.610
C:S180T	D:S453T	logit=-0.667
C:T42V	D:T315V	logit=-0.695
C:S89A	D:S362A	logit=-0.825

Top tied mutations (A + B view):
A:N55D	B:N252D	logit=0.547
A:R56D	B:R253D	logit=0.425
A:T18C	B:T215C	logit=0.398
A:E100R	B:E297R	logit=0.336
A:E100Q	B:E297Q	logit=0.309

Top tied mutations (C + D view):
C:V218L	D:V491L	logit=-0.470
C:K191R	D:K464R	logit=-0.607
C:S180T	D:S453T	logit=-0.665
C:T42V	D:T315V	logit=-0.716
C:N51P	D:N324P	logit=-0.776

Top tied mutations (A + B view):
A:N57A	B:N254A	logit=0.375
A:V58S	B:V255S	logit=0.357
A:N57L	B:N254L	logit=0.334
A:N57G	B:N254G	logit=0.291
A:N57D	B:N254D	logit=0.288

Top tied mutations (C + D view):
C:V218L	D:V491L	logit=-0.474
C:K191R	D:K464R	logit=-0.551
C:S180T	D:S453T	logit=-0.665
C:T42V	D:T315V	logit=-0.689
C:N51P	D:N324P	logit=-0.884

Top tied mutations (A + B view):
A:T18C	B:T215C	logit=0.741
A:R61C	B:R258C	logit=0.632
A:V58C	B:V255C	logit=0.591
A:R61S	B:R258S	logit=0.500
A:N57L	B:N254L	logit=0.470

Top tied mutations (C + D view):
C:V218L	D:V491L	logit=-0.460
C:K191R	D:K464R	logit=-0.626
C:S180T	D:S453T	logit=-0.662
C:T42V	D:T315V	logit=-0.754
C:S89A	D:S362A	logit=-0.842

Top tied mutations (A + B view):
A:N54L	B:N251L	logit=0.450
A:N54M	B:N251M	logit=0.336
A:N57F	B:N254F	logit=0.321
A:N57D	B:N254D	logit=0.308
A:R56E	B:R253E	logit=0.303

Top tied mutations (C + D view):
C:V218L	D:V491L	logit=-0.469
C:K191R	D:K464R	logit=-0.555
C:S180T	D:S453T	logit=-0.670
C:T42V	D:T315V	logit=-0.746
C:N51P	D:N324P	logit=-0.752

Top tied mutations (A + B view):
A:V58R	B:V255R	logit=0.287
A:V58I	B:V255I	logit=0.279
A:N57L	B:N254L	logit=0.279
A:V58K	B:V255K	logit=0.271
A:R56K	B:R253K	logit=0.266

Top tied mutations (C + D view):
C:V218L	D:V491L	logit=-0.485
C:K191R	D:K464R	logit=-0.595
C:S180T	D:S453T	logit=-0.642
C:T42V	D:T315V	logit=-0.723
C:N51P	D:N324P	logit=-0.826

Top tied mutations (A + B view):
A:N55R	B:N252R	logit=0.487
A:N57Y	B:N254Y	logit=0.433
A:R56D	B:R253D	logit=0.428
A:N55K	B:N252K	logit=0.391
A:T18P	B:T215P	logit=0.314

Top tied mutations (C + D view):
C:V218L	D:V491L	logit=-0.454
C:K191R	D:K464R	logit=-0.598
C:S180T	D:S453T	logit=-0.651
C:T42V	D:T315V	logit=-0.674
C:S72G	D:S345G	logit=-0.917

Top tied mutations (A + B view):
A:N55A	B:N252A	logit=0.332
A:T18P	B:T215P	logit=0.265
A:R56C	B:R253C	logit=0.252
A:N57W	B:N254W	logit=0.186
A:V58C	B:V255C	logit=0.183

Top tied mutations (C + D view):
C:V218L	D:V491L	logit=-0.438
C:K191R	D:K464R	logit=-0.570
C:S180T	D:S453T	logit=-0.647
C:T42V	D:T315V	logit=-0.758
C:N51P	D:N324P	logit=-0.855

Top tied mutations (A + B view):
A:N55D	B:N252D	logit=0.492
A:R56K	B:R253K	logit=0.435
A:N54P	B:N251P	logit=0.393
A:N57R	B:N254R	logit=0.346
A:R61V	B:R258V	logit=0.318

Top tied mutations (C + D view):
C:V218L	D:V491L	logit=-0.420
C:K191R	D:K464R	logit=-0.538
C:S180T	D:S453T	logit=-0.652
C:T42V	D:T315V	logit=-0.715
C:N51P	D:N324P	logit=-0.896

Top tied mutations (A + B view):
A:T18C	B:T215C	logit=0.968
A:R61C	B:R258C	logit=0.635
A:V58C	B:V255C	logit=0.611
A:E100C	B:E297C	logit=0.476
A:V102C	B:V299C	logit=0.335

Top tied mutations (C + D view):
C:V218L	D:V491L	logit=-0.407
C:K191R	D:K464R	logit=-0.575
C:S180T	D:S453T	logit=-0.637
C:T42V	D:T315V	logit=-0.753
C:N51P	D:N324P	logit=-0.790

Top tied mutations (A + B view):
A:R61C	B:R258C	logit=0.389
A:E100K	B:E297K	logit=0.303
A:Q59E	B:Q256E	logit=0.256
A:E100R	B:E297R	logit=0.246
A:E100H	B:E297H	logit=0.223

Top tied mutations (C + D view):
C:V218L	D:V491L	logit=-0.429
C:K191R	D:K464R	logit=-0.490
C:S180T	D:S453T	logit=-0.661
C:T42V	D:T315V	logit=-0.706
C:N51P	D:N324P	logit=-0.797

Top tied mutations (A + B view):
A:V58E	B:V255E	logit=0.487
A:N54L	B:N251L	logit=0.370
A:R56P	B:R253P	logit=0.283
A:V58A	B:V255A	logit=0.266
A:N54I	B:N251I	logit=0.266

Top tied mutations (C + D view):
C:V218L	D:V491L	logit=-0.428
C:K191R	D:K464R	logit=-0.512
C:S180T	D:S453T	logit=-0.647
C:T42V	D:T315V	logit=-0.750
C:N51P	D:N324P	logit=-0.871

Top tied mutations (A + B view):
A:V58E	B:V255E	logit=0.295
A:R56Y	B:R253Y	logit=0.237
A:V58S	B:V255S	logit=0.228
A:E100K	B:E297K	logit=0.225
A:R56F	B:R253F	logit=0.224

Top tied mutations (C + D view):
C:V218L	D:V491L	logit=-0.471
C:K191R	D:K464R	logit=-0.583
C:S180T	D:S453T	logit=-0.623
C:N51P	D:N324P	logit=-0.726
C:T42V	D:T315V	logit=-0.752

Top tied mutations (A + B view):
A:V58H	B:V255H	logit=0.243
A:V58R	B:V255R	logit=0.236
A:V58K	B:V255K	logit=0.232
A:V58A	B:V255A	logit=0.226
A:N55D	B:N252D	logit=0.218

Top tied mutations (C + D view):
C:V218L	D:V491L	logit=-0.441
C:K191R	D:K464R	logit=-0.473
C:S180T	D:S453T	logit=-0.650
C:T42V	D:T315V	logit=-0.715
C:N51P	D:N324P	logit=-0.817

Top tied mutations (A + B view):
A:N55D	B:N252D	logit=0.385
A:N55G	B:N252G	logit=0.385
A:N55R	B:N252R	logit=0.349
A:N55K	B:N252K	logit=0.333
A:R56N	B:R253N	logit=0.278

Top tied mutations (C + D view):
C:V218L	D:V491L	logit=-0.407
C:K191R	D:K464R	logit=-0.565
C:S180T	D:S453T	logit=-0.660
C:T42V	D:T315V	logit=-0.751
C:N51P	D:N324P	logit=-0.878

Top tied mutations (A + B view):
A:N55D	B:N252D	logit=0.362
A:R56K	B:R253K	logit=0.322
A:V58A	B:V255A	logit=0.302
A:N54V	B:N251V	logit=0.240
A:N57D	B:N254D	logit=0.235

Top tied mutations (C + D view):
C:V218L	D:V491L	logit=-0.463
C:K191R	D:K464R	logit=-0.623
C:S180T	D:S453T	logit=-0.678
C:T42V	D:T315V	logit=-0.696
C:S72G	D:S345G	logit=-0.904

Top tied mutations (A + B view):
A:N57M	B:N254M	logit=0.360
A:E100C	B:E297C	logit=0.329
A:V102C	B:V299C	logit=0.299
A:R61A	B:R258A	logit=0.272
A:Q59A	B:Q256A	logit=0.268

Top tied mutations (C + D view):
C:V218L	D:V491L	logit=-0.454
C:K191R	D:K464R	logit=-0.599
C:S180T	D:S453T	logit=-0.632
C:T42V	D:T315V	logit=-0.720
C:N51P	D:N324P	logit=-0.799

Top tied mutations (A + B view):
A:E100K	B:E297K	logit=0.390
A:N54P	B:N251P	logit=0.334
A:N55D	B:N252D	logit=0.285
A:N54A	B:N251A	logit=0.264
A:E100R	B:E297R	logit=0.247

Top tied mutations (C + D view):
C:V218L	D:V491L	logit=-0.488
C:K191R	D:K464R	logit=-0.503
C:S180T	D:S453T	logit=-0.665
C:T42V	D:T315V	logit=-0.698
C:N51P	D:N324P	logit=-0.857

Top tied mutations (A + B view):
A:N55Q	B:N252Q	logit=0.464
A:V58R	B:V255R	logit=0.400
A:N55T	B:N252T	logit=0.285
A:N57R	B:N254R	logit=0.272
A:Q59E	B:Q256E	logit=0.251

Top tied mutations (C + D view):
C:V218L	D:V491L	logit=-0.439
C:K191R	D:K464R	logit=-0.568
C:S180T	D:S453T	logit=-0.650
C:T42V	D:T315V	logit=-0.728
C:N51P	D:N324P	logit=-0.773

Top tied mutations (A + B view):
A:V58C	B:V255C	logit=0.318
A:R56P	B:R253P	logit=0.285
A:R61C	B:R258C	logit=0.269
A:V58S	B:V255S	logit=0.254
A:R61S	B:R258S	logit=0.222

Top tied mutations (C + D view):
C:V218L	D:V491L	logit=-0.497
C:K191R	D:K464R	logit=-0.570
C:S180T	D:S453T	logit=-0.651
C:T42V	D:T315V	logit=-0.703
C:S89A	D:S362A	logit=-0.865

Top tied mutations (A + B view):
A:E100K	B:E297K	logit=0.498
A:V102K	B:V299K	logit=0.435
A:E100R	B:E297R	logit=0.426
A:N55D	B:N252D	logit=0.395
A:N54E	B:N251E	logit=0.351

Top tied mutations (C + D view):
C:V218L	D:V491L	logit=-0.473
C:K191R	D:K464R	logit=-0.582
C:S180T	D:S453T	logit=-0.662
C:T42V	D:T315V	logit=-0.734
C:N51P	D:N324P	logit=-0.815

Top tied mutations (A + B view):
A:T18C	B:T215C	logit=0.613
A:R61C	B:R258C	logit=0.346
A:N54L	B:N251L	logit=0.339
A:V58H	B:V255H	logit=0.290
A:Q59E	B:Q256E	logit=0.275

Top tied mutations (C + D view):
C:V218L	D:V491L	logit=-0.492
C:K191R	D:K464R	logit=-0.544
C:S180T	D:S453T	logit=-0.636
C:T42V	D:T315V	logit=-0.723
C:S89A	D:S362A	logit=-0.894

Top tied mutations (A + B view):
A:Q59S	B:Q256S	logit=0.324
A:E100S	B:E297S	logit=0.314
A:E100D	B:E297D	logit=0.301
A:T18I	B:T215I	logit=0.277
A:V58S	B:V255S	logit=0.272

Top tied mutations (C + D view):
C:V218L	D:V491L	logit=-0.436
C:K191R	D:K464R	logit=-0.543
C:S180T	D:S453T	logit=-0.639
C:T42V	D:T315V	logit=-0.725
C:N51P	D:N324P	logit=-0.747

Top tied mutations (A + B view):
A:N55R	B:N252R	logit=0.392
A:N55K	B:N252K	logit=0.326
A:T18C	B:T215C	logit=0.261
A:N55D	B:N252D	logit=0.248
A:N55Q	B:N252Q	logit=0.224

Top tied mutations (C + D view):
C:V218L	D:V491L	logit=-0.492
C:K191R	D:K464R	logit=-0.516
C:S180T	D:S453T	logit=-0.657
C:T42V	D:T315V	logit=-0.761
C:N51P	D:N324P	logit=-0.834

Top tied mutations (A + B view):
A:V58R	B:V255R	logit=0.427
A:T18C	B:T215C	logit=0.427
A:V102K	B:V299K	logit=0.355
A:V58K	B:V255K	logit=0.325
A:Q59K	B:Q256K	logit=0.315

Top tied mutations (C + D view):
C:V218L	D:V491L	logit=-0.413
C:K191R	D:K464R	logit=-0.581
C:S180T	D:S453T	logit=-0.686
C:T42V	D:T315V	logit=-0.762
C:N51P	D:N324P	logit=-0.846

Top tied mutations (A + B view):
A:N54P	B:N251P	logit=0.422
A:T18C	B:T215C	logit=0.351
A:R56D	B:R253D	logit=0.341
A:N55T	B:N252T	logit=0.313
A:N55R	B:N252R	logit=0.295

Top tied mutations (C + D view):
C:V218L	D:V491L	logit=-0.449
C:K191R	D:K464R	logit=-0.510
C:S180T	D:S453T	logit=-0.682
C:T42V	D:T315V	logit=-0.707
C:N51P	D:N324P	logit=-0.858

Top tied mutations (A + B view):
A:N54P	B:N251P	logit=0.369
A:V58C	B:V255C	logit=0.331
A:N54R	B:N251R	logit=0.307
A:R56D	B:R253D	logit=0.297
A:V102K	B:V299K	logit=0.293

Top tied mutations (C + D view):
C:V218L	D:V491L	logit=-0.423
C:K191R	D:K464R	logit=-0.536
C:S180T	D:S453T	logit=-0.645
C:T42V	D:T315V	logit=-0.781
C:A168P	D:A441P	logit=-0.937

Top tied mutations (A + B view):
A:V58T	B:V255T	logit=0.280
A:R61K	B:R258K	logit=0.274
A:V58H	B:V255H	logit=0.251
A:V58M	B:V255M	logit=0.249
A:N55R	B:N252R	logit=0.237

Top tied mutations (C + D view):
C:V218L	D:V491L	logit=-0.432
C:K191R	D:K464R	logit=-0.524
C:S180T	D:S453T	logit=-0.630
C:T42V	D:T315V	logit=-0.712
C:S89A	D:S362A	logit=-0.845

Top tied mutations (A + B view):
A:E100K	B:E297K	logit=0.524
A:E100R	B:E297R	logit=0.454
A:N55D	B:N252D	logit=0.402
A:T18K	B:T215K	logit=0.332
A:V58E	B:V255E	logit=0.302

Top tied mutations (C + D view):
C:V218L	D:V491L	logit=-0.482
C:K191R	D:K464R	logit=-0.546
C:S180T	D:S453T	logit=-0.652
C:T42V	D:T315V	logit=-0.777
C:S89A	D:S362A	logit=-0.895

Top tied mutations (A + B view):
A:N55A	B:N252A	logit=0.385
A:R56D	B:R253D	logit=0.291
A:N55G	B:N252G	logit=0.272
A:R61K	B:R258K	logit=0.232
A:R56G	B:R253G	logit=0.224

Top tied mutations (C + D view):
C:V218L	D:V491L	logit=-0.470
C:K191R	D:K464R	logit=-0.574
C:S180T	D:S453T	logit=-0.622
C:T42V	D:T315V	logit=-0.752
C:N51P	D:N324P	logit=-0.764

Top tied mutations (A + B view):
A:T18C	B:T215C	logit=0.489
A:N55R	B:N252R	logit=0.422
A:E100F	B:E297F	logit=0.376
A:Q59E	B:Q256E	logit=0.364
A:N55H	B:N252H	logit=0.349

Top tied mutations (C + D view):
C:V218L	D:V491L	logit=-0.420
C:K191R	D:K464R	logit=-0.582
C:S180T	D:S453T	logit=-0.664
C:T42V	D:T315V	logit=-0.736
C:N51P	D:N324P	logit=-0.810

Top tied mutations (A + B view):
A:V58N	B:V255N	logit=0.389
A:V58E	B:V255E	logit=0.372
A:V58A	B:V255A	logit=0.314
A:V102R	B:V299R	logit=0.297
A:V58H	B:V255H	logit=0.291

Top tied mutations (C + D view):
C:V218L	D:V491L	logit=-0.476
C:K191R	D:K464R	logit=-0.503
C:S180T	D:S453T	logit=-0.644
C:T42V	D:T315V	logit=-0.803
C:N219S	D:N492S	logit=-0.918

Top tied mutations (A + B view):
A:N55D	B:N252D	logit=0.329
A:N54T	B:N251T	logit=0.309
A:Q59E	B:Q256E	logit=0.281
A:R56N	B:R253N	logit=0.277
A:N54E	B:N251E	logit=0.256

Top tied mutations (C + D view):
C:V218L	D:V491L	logit=-0.479
C:K191R	D:K464R	logit=-0.592
C:S180T	D:S453T	logit=-0.640
C:T42V	D:T315V	logit=-0.727
C:N51P	D:N324P	logit=-0.829

Top tied mutations (A + B view):
A:V102R	B:V299R	logit=0.357
A:V102C	B:V299C	logit=0.335
A:R61A	B:R258A	logit=0.334
A:V102S	B:V299S	logit=0.246
A:V102Q	B:V299Q	logit=0.227

Top tied mutations (C + D view):
C:V218L	D:V491L	logit=-0.472
C:K191R	D:K464R	logit=-0.503
C:S180T	D:S453T	logit=-0.660
C:T42V	D:T315V	logit=-0.716
C:S89A	D:S362A	logit=-0.877

Top tied mutations (A + B view):
A:R61C	B:R258C	logit=0.542
A:V58C	B:V255C	logit=0.517
A:T18C	B:T215C	logit=0.331
A:N55T	B:N252T	logit=0.330
A:Q59C	B:Q256C	logit=0.291

Top tied mutations (C + D view):
C:V218L	D:V491L	logit=-0.451
C:K191R	D:K464R	logit=-0.554
C:S180T	D:S453T	logit=-0.628
C:T42V	D:T315V	logit=-0.751
C:N51P	D:N324P	logit=-0.801

Top tied mutations (A + B view):
A:N54H	B:N251H	logit=0.419
A:R61K	B:R258K	logit=0.380
A:N55D	B:N252D	logit=0.355
A:N54E	B:N251E	logit=0.334
A:V58M	B:V255M	logit=0.322

Top tied mutations (C + D view):
C:V218L	D:V491L	logit=-0.444
C:K191R	D:K464R	logit=-0.548
C:S180T	D:S453T	logit=-0.644
C:T42V	D:T315V	logit=-0.767
C:N51P	D:N324P	logit=-0.779

Top tied mutations (A + B view):
A:N54H	B:N251H	logit=0.574
A:V102C	B:V299C	logit=0.553
A:E100K	B:E297K	logit=0.400
A:N55A	B:N252A	logit=0.308
A:V58N	B:V255N	logit=0.278

Top tied mutations (C + D view):
C:V218L	D:V491L	logit=-0.473
C:K191R	D:K464R	logit=-0.558
C:S180T	D:S453T	logit=-0.655
C:T42V	D:T315V	logit=-0.742
C:N51P	D:N324P	logit=-0.813

Top tied mutations (A + B view):
A:N55D	B:N252D	logit=0.631
A:E100Q	B:E297Q	logit=0.334
A:R56E	B:R253E	logit=0.331
A:E100K	B:E297K	logit=0.310
A:E100D	B:E297D	logit=0.310

Top tied mutations (C + D view):
C:V218L	D:V491L	logit=-0.475
C:K191R	D:K464R	logit=-0.509
C:S180T	D:S453T	logit=-0.652
C:T42V	D:T315V	logit=-0.687
C:N51P	D:N324P	logit=-0.823

Top tied mutations (A + B view):
A:N57L	B:N254L	logit=0.430
A:T18P	B:T215P	logit=0.332
A:N54L	B:N251L	logit=0.304
A:N57C	B:N254C	logit=0.282
A:N54I	B:N251I	logit=0.275

Top tied mutations (C + D view):
C:V218L	D:V491L	logit=-0.429
C:K191R	D:K464R	logit=-0.509
C:S180T	D:S453T	logit=-0.679
C:T42V	D:T315V	logit=-0.692
C:S89A	D:S362A	logit=-0.911

Top tied mutations (A + B view):
A:Q59E	B:Q256E	logit=0.403
A:V58N	B:V255N	logit=0.366
A:N55A	B:N252A	logit=0.337
A:V58R	B:V255R	logit=0.296
A:N55T	B:N252T	logit=0.290

Top tied mutations (C + D view):
C:V218L	D:V491L	logit=-0.463
C:K191R	D:K464R	logit=-0.610
C:S180T	D:S453T	logit=-0.657
C:T42V	D:T315V	logit=-0.727
C:N51P	D:N324P	logit=-0.816

Top tied mutations (A + B view):
A:N55D	B:N252D	logit=0.609
A:R56E	B:R253E	logit=0.508
A:R56D	B:R253D	logit=0.349
A:Q59E	B:Q256E	logit=0.323
A:R56N	B:R253N	logit=0.311

Top tied mutations (C + D view):
C:V218L	D:V491L	logit=-0.486
C:K191R	D:K464R	logit=-0.521
C:S180T	D:S453T	logit=-0.643
C:T42V	D:T315V	logit=-0.736
C:N51P	D:N324P	logit=-0.866

Top tied mutations (A + B view):
A:N55D	B:N252D	logit=0.467
A:E100C	B:E297C	logit=0.334
A:N54I	B:N251I	logit=0.309
A:V102C	B:V299C	logit=0.303
A:Q59E	B:Q256E	logit=0.293

Top tied mutations (C + D view):
C:V218L	D:V491L	logit=-0.411
C:K191R	D:K464R	logit=-0.521
C:S180T	D:S453T	logit=-0.644
C:T42V	D:T315V	logit=-0.759
C:N51P	D:N324P	logit=-0.878

Top tied mutations (A + B view):
A:T18C	B:T215C	logit=0.599
A:R56K	B:R253K	logit=0.460
A:E100R	B:E297R	logit=0.391
A:E100K	B:E297K	logit=0.318
A:N57L	B:N254L	logit=0.280

Top tied mutations (C + D view):
C:V218L	D:V491L	logit=-0.421
C:K191R	D:K464R	logit=-0.500
C:S180T	D:S453T	logit=-0.664
C:T42V	D:T315V	logit=-0.820
C:N51P	D:N324P	logit=-0.850

Top tied mutations (A + B view):
A:N55D	B:N252D	logit=0.517
A:N54P	B:N251P	logit=0.415
A:N54M	B:N251M	logit=0.308
A:R56E	B:R253E	logit=0.284
A:V58C	B:V255C	logit=0.267

Top tied mutations (C + D view):
C:V218L	D:V491L	logit=-0.422
C:K191R	D:K464R	logit=-0.546
C:S180T	D:S453T	logit=-0.674
C:T42V	D:T315V	logit=-0.724
C:N51P	D:N324P	logit=-0.815

Top tied mutations (A + B view):
A:E100C	B:E297C	logit=0.370
A:R56M	B:R253M	logit=0.276
A:R61C	B:R258C	logit=0.242
A:R56T	B:R253T	logit=0.225
A:T18C	B:T215C	logit=0.208

Top tied mutations (C + D view):
C:V218L	D:V491L	logit=-0.403
C:K191R	D:K464R	logit=-0.556
C:S180T	D:S453T	logit=-0.675
C:N51P	D:N324P	logit=-0.738
C:T42V	D:T315V	logit=-0.747

Top tied mutations (A + B view):
A:N54I	B:N251I	logit=0.591
A:N55D	B:N252D	logit=0.554
A:V58R	B:V255R	logit=0.415
A:N54M	B:N251M	logit=0.287
A:N57Y	B:N254Y	logit=0.287

Top tied mutations (C + D view):
C:V218L	D:V491L	logit=-0.458
C:K191R	D:K464R	logit=-0.582
C:S180T	D:S453T	logit=-0.642
C:T42V	D:T315V	logit=-0.689
C:N51P	D:N324P	logit=-0.788

Top tied mutations (A + B view):
A:E100R	B:E297R	logit=0.427
A:E100K	B:E297K	logit=0.421
A:V58A	B:V255A	logit=0.374
A:V58S	B:V255S	logit=0.319
A:T18P	B:T215P	logit=0.313

Top tied mutations (C + D view):
C:V218L	D:V491L	logit=-0.479
C:K191R	D:K464R	logit=-0.506
C:S180T	D:S453T	logit=-0.641
C:T42V	D:T315V	logit=-0.801
C:N51P	D:N324P	logit=-0.832

Top tied mutations (A + B view):
A:N54M	B:N251M	logit=0.395
A:N57F	B:N254F	logit=0.270
A:R56M	B:R253M	logit=0.241
A:R56L	B:R253L	logit=0.241
A:R56K	B:R253K	logit=0.233

Top tied mutations (C + D view):
C:V218L	D:V491L	logit=-0.442
C:K191R	D:K464R	logit=-0.566
C:S180T	D:S453T	logit=-0.650
C:T42V	D:T315V	logit=-0.734
C:N51P	D:N324P	logit=-0.755

Top tied mutations (A + B view):
A:V58R	B:V255R	logit=0.629
A:R61K	B:R258K	logit=0.519
A:N54H	B:N251H	logit=0.511
A:N54T	B:N251T	logit=0.498
A:N54E	B:N251E	logit=0.489

Top tied mutations (C + D view):
C:V218L	D:V491L	logit=-0.444
C:K191R	D:K464R	logit=-0.544
C:S180T	D:S453T	logit=-0.647
C:T42V	D:T315V	logit=-0.768
C:S89A	D:S362A	logit=-0.878

Top tied mutations (A + B view):
A:T18C	B:T215C	logit=0.434
A:N54L	B:N251L	logit=0.350
A:N54M	B:N251M	logit=0.279
A:V58S	B:V255S	logit=0.269
A:V58A	B:V255A	logit=0.237

Top tied mutations (C + D view):
C:V218L	D:V491L	logit=-0.430
C:K191R	D:K464R	logit=-0.542
C:S180T	D:S453T	logit=-0.673
C:T42V	D:T315V	logit=-0.727
C:N51P	D:N324P	logit=-0.798

Top tied mutations (A + B view):
A:R56N	B:R253N	logit=0.399
A:Q59Y	B:Q256Y	logit=0.331
A:Q59D	B:Q256D	logit=0.328
A:R56D	B:R253D	logit=0.298
A:R56E	B:R253E	logit=0.288

Top tied mutations (C + D view):
C:V218L	D:V491L	logit=-0.456
C:K191R	D:K464R	logit=-0.563
C:S180T	D:S453T	logit=-0.671
C:T42V	D:T315V	logit=-0.742
C:N51P	D:N324P	logit=-0.888

Top tied mutations (A + B view):
A:T18C	B:T215C	logit=0.507
A:N55G	B:N252G	logit=0.483
A:N54P	B:N251P	logit=0.313
A:R61C	B:R258C	logit=0.289
A:E100F	B:E297F	logit=0.270

Top tied mutations (C + D view):
C:V218L	D:V491L	logit=-0.425
C:K191R	D:K464R	logit=-0.555
C:S180T	D:S453T	logit=-0.669
C:T42V	D:T315V	logit=-0.777
C:N51P	D:N324P	logit=-0.821

Top tied mutations (A + B view):
A:V58E	B:V255E	logit=0.260
A:N57K	B:N254K	logit=0.243
A:N55K	B:N252K	logit=0.231
A:E100T	B:E297T	logit=0.219
A:N55H	B:N252H	logit=0.212

Top tied mutations (C + D view):
C:V218L	D:V491L	logit=-0.448
C:K191R	D:K464R	logit=-0.551
C:S180T	D:S453T	logit=-0.668
C:T42V	D:T315V	logit=-0.757
C:N51P	D:N324P	logit=-0.819

Top tied mutations (A + B view):
A:N54L	B:N251L	logit=0.608
A:V102C	B:V299C	logit=0.445
A:N54I	B:N251I	logit=0.418
A:E100C	B:E297C	logit=0.404
A:N54M	B:N251M	logit=0.379

Top tied mutations (C + D view):
C:V218L	D:V491L	logit=-0.434
C:K191R	D:K464R	logit=-0.522
C:S180T	D:S453T	logit=-0.641
C:T42V	D:T315V	logit=-0.733
C:N51P	D:N324P	logit=-0.821

Top tied mutations (A + B view):
A:N54H	B:N251H	logit=0.498
A:R56E	B:R253E	logit=0.396
A:R61K	B:R258K	logit=0.370
A:N54A	B:N251A	logit=0.366
A:N54P	B:N251P	logit=0.327

Top tied mutations (C + D view):
C:V218L	D:V491L	logit=-0.412
C:K191R	D:K464R	logit=-0.582
C:S180T	D:S453T	logit=-0.639
C:T42V	D:T315V	logit=-0.727
C:N51P	D:N324P	logit=-0.818

Top tied mutations (A + B view):
A:V58R	B:V255R	logit=0.441
A:N54P	B:N251P	logit=0.361
A:N55D	B:N252D	logit=0.299
A:N55G	B:N252G	logit=0.273
A:N55A	B:N252A	logit=0.257

Top tied mutations (C + D view):
C:V218L	D:V491L	logit=-0.456
C:K191R	D:K464R	logit=-0.580
C:T42V	D:T315V	logit=-0.686
C:S180T	D:S453T	logit=-0.689
C:N51P	D:N324P	logit=-0.862

Top tied mutations (A + B view):
A:N55D	B:N252D	logit=0.520
A:R61C	B:R258C	logit=0.448
A:N55A	B:N252A	logit=0.345
A:E100C	B:E297C	logit=0.329
A:T18C	B:T215C	logit=0.308

Top tied mutations (C + D view):
C:V218L	D:V491L	logit=-0.432
C:K191R	D:K464R	logit=-0.534
C:S180T	D:S453T	logit=-0.662
C:T42V	D:T315V	logit=-0.749
C:N51P	D:N324P	logit=-0.868

Top tied mutations (A + B view):
A:V58R	B:V255R	logit=0.553
A:N55D	B:N252D	logit=0.521
A:R56D	B:R253D	logit=0.323
A:N55G	B:N252G	logit=0.240
A:V102E	B:V299E	logit=0.231

Top tied mutations (C + D view):
C:V218L	D:V491L	logit=-0.426
C:K191R	D:K464R	logit=-0.486
C:S180T	D:S453T	logit=-0.679
C:T42V	D:T315V	logit=-0.752
C:S89A	D:S362A	logit=-0.868

Top tied mutations (A + B view):
A:T18C	B:T215C	logit=0.576
A:N54I	B:N251I	logit=0.500
A:N55T	B:N252T	logit=0.473
A:R56C	B:R253C	logit=0.460
A:R61C	B:R258C	logit=0.338

Top tied mutations (C + D view):
C:V218L	D:V491L	logit=-0.465
C:K191R	D:K464R	logit=-0.517
C:S180T	D:S453T	logit=-0.642
C:T42V	D:T315V	logit=-0.742
C:N51P	D:N324P	logit=-0.876

Top tied mutations (A + B view):
A:N55D	B:N252D	logit=0.653
A:R56K	B:R253K	logit=0.523
A:N54T	B:N251T	logit=0.437
A:V58R	B:V255R	logit=0.335
A:V58H	B:V255H	logit=0.302

Top tied mutations (C + D view):
C:V218L	D:V491L	logit=-0.462
C:K191R	D:K464R	logit=-0.565
C:S180T	D:S453T	logit=-0.669
C:T42V	D:T315V	logit=-0.797
C:S89A	D:S362A	logit=-0.804

Top tied mutations (A + B view):
A:V58R	B:V255R	logit=0.250
A:R61K	B:R258K	logit=0.246
A:N55D	B:N252D	logit=0.233
A:Q59K	B:Q256K	logit=0.214
A:N54L	B:N251L	logit=0.202

Top tied mutations (C + D view):
C:V218L	D:V491L	logit=-0.481
C:K191R	D:K464R	logit=-0.575
C:S180T	D:S453T	logit=-0.650
C:T42V	D:T315V	logit=-0.709
C:N51P	D:N324P	logit=-0.896

Top tied mutations (A + B view):
A:V58E	B:V255E	logit=0.535
A:N54P	B:N251P	logit=0.370
A:E100K	B:E297K	logit=0.304
A:R61C	B:R258C	logit=0.284
A:E100D	B:E297D	logit=0.275

Top tied mutations (C + D view):
C:V218L	D:V491L	logit=-0.453
C:K191R	D:K464R	logit=-0.527
C:S180T	D:S453T	logit=-0.649
C:T42V	D:T315V	logit=-0.690
C:N51P	D:N324P	logit=-0.821

Top tied mutations (A + B view):
A:N57D	B:N254D	logit=0.294
A:V102R	B:V299R	logit=0.261
A:Q59R	B:Q256R	logit=0.218
A:V102K	B:V299K	logit=0.202
A:N54T	B:N251T	logit=0.176

Top tied mutations (C + D view):
C:V218L	D:V491L	logit=-0.419
C:K191R	D:K464R	logit=-0.549
C:S180T	D:S453T	logit=-0.687
C:T42V	D:T315V	logit=-0.735
C:N51P	D:N324P	logit=-0.835

Top tied mutations (A + B view):
A:N55R	B:N252R	logit=0.403
A:N55T	B:N252T	logit=0.287
A:R56E	B:R253E	logit=0.265
A:N55K	B:N252K	logit=0.255
A:Q59Y	B:Q256Y	logit=0.246

Top tied mutations (C + D view):
C:V218L	D:V491L	logit=-0.475
C:K191R	D:K464R	logit=-0.548
C:S180T	D:S453T	logit=-0.661
C:T42V	D:T315V	logit=-0.753
C:N51P	D:N324P	logit=-0.802

Top tied mutations (A + B view):
A:R61C	B:R258C	logit=0.443
A:E100C	B:E297C	logit=0.347
A:E100H	B:E297H	logit=0.282
A:R61S	B:R258S	logit=0.220
A:R61L	B:R258L	logit=0.204

Top tied mutations (C + D view):
C:V218L	D:V491L	logit=-0.474
C:K191R	D:K464R	logit=-0.533
C:S180T	D:S453T	logit=-0.648
C:T42V	D:T315V	logit=-0.792
C:S89A	D:S362A	logit=-0.847

Top tied mutations (A + B view):
A:V58C	B:V255C	logit=0.539
A:E100C	B:E297C	logit=0.480
A:R61C	B:R258C	logit=0.450
A:V102C	B:V299C	logit=0.447
A:T18C	B:T215C	logit=0.346

Top tied mutations (C + D view):
C:V218L	D:V491L	logit=-0.460
C:K191R	D:K464R	logit=-0.546
C:S180T	D:S453T	logit=-0.687
C:T42V	D:T315V	logit=-0.727
C:N51P	D:N324P	logit=-0.774

Top tied mutations (A + B view):
A:N55D	B:N252D	logit=0.599
A:R56D	B:R253D	logit=0.534
A:T18C	B:T215C	logit=0.534
A:N54P	B:N251P	logit=0.436
A:V58C	B:V255C	logit=0.423

Top tied mutations (C + D view):
C:V218L	D:V491L	logit=-0.429
C:K191R	D:K464R	logit=-0.546
C:S180T	D:S453T	logit=-0.653
C:T42V	D:T315V	logit=-0.695
C:N51P	D:N324P	logit=-0.813

Top tied mutations (A + B view):
A:N55D	B:N252D	logit=0.554
A:R56N	B:R253N	logit=0.337
A:R56K	B:R253K	logit=0.283
A:T18P	B:T215P	logit=0.208
A:Q59I	B:Q256I	logit=0.205

Top tied mutations (C + D view):
C:V218L	D:V491L	logit=-0.471
C:K191R	D:K464R	logit=-0.553
C:S180T	D:S453T	logit=-0.655
C:T42V	D:T315V	logit=-0.710
C:N51P	D:N324P	logit=-0.858

Top tied mutations (A + B view):
A:T18C	B:T215C	logit=0.457
A:N54P	B:N251P	logit=0.326
A:E100C	B:E297C	logit=0.313
A:R56C	B:R253C	logit=0.294
A:R61C	B:R258C	logit=0.274

Top tied mutations (C + D view):
C:V218L	D:V491L	logit=-0.459
C:K191R	D:K464R	logit=-0.514
C:S180T	D:S453T	logit=-0.640
C:T42V	D:T315V	logit=-0.749
C:N51P	D:N324P	logit=-0.759

Top tied mutations (A + B view):
A:R56K	B:R253K	logit=0.432
A:V58K	B:V255K	logit=0.396
A:N55R	B:N252R	logit=0.273
A:N54T	B:N251T	logit=0.259
A:N55K	B:N252K	logit=0.202

Top tied mutations (C + D view):
C:V218L	D:V491L	logit=-0.410
C:K191R	D:K464R	logit=-0.564
C:S180T	D:S453T	logit=-0.664
C:T42V	D:T315V	logit=-0.746
C:N51P	D:N324P	logit=-0.822

Top tied mutations (A + B view):
A:N55D	B:N252D	logit=0.435
A:R56E	B:R253E	logit=0.407
A:R61K	B:R258K	logit=0.401
A:E100A	B:E297A	logit=0.281
A:R56D	B:R253D	logit=0.250

Top tied mutations (C + D view):
C:V218L	D:V491L	logit=-0.450
C:K191R	D:K464R	logit=-0.595
C:S180T	D:S453T	logit=-0.657
C:T42V	D:T315V	logit=-0.796
C:S89A	D:S362A	logit=-0.836

Top tied mutations (A + B view):
A:Q59K	B:Q256K	logit=0.320
A:N57D	B:N254D	logit=0.314
A:R56F	B:R253F	logit=0.225
A:N54P	B:N251P	logit=0.215
A:N57E	B:N254E	logit=0.186

Top tied mutations (C + D view):
C:V218L	D:V491L	logit=-0.425
C:K191R	D:K464R	logit=-0.608
C:S180T	D:S453T	logit=-0.668
C:T42V	D:T315V	logit=-0.717
C:N51P	D:N324P	logit=-0.926

Top tied mutations (A + B view):
A:N54P	B:N251P	logit=0.452
A:N57L	B:N254L	logit=0.390
A:N57M	B:N254M	logit=0.307
A:T18I	B:T215I	logit=0.306
A:R61V	B:R258V	logit=0.300

Top tied mutations (C + D view):
C:V218L	D:V491L	logit=-0.418
C:K191R	D:K464R	logit=-0.555
C:S180T	D:S453T	logit=-0.680
C:T42V	D:T315V	logit=-0.764
C:N51P	D:N324P	logit=-0.821

Top tied mutations (A + B view):
A:V58E	B:V255E	logit=0.327
A:R61V	B:R258V	logit=0.270
A:E100R	B:E297R	logit=0.270
A:R61S	B:R258S	logit=0.217
A:N54L	B:N251L	logit=0.212

Top tied mutations (C + D view):
C:V218L	D:V491L	logit=-0.444
C:K191R	D:K464R	logit=-0.517
C:S180T	D:S453T	logit=-0.652
C:T42V	D:T315V	logit=-0.765
C:N51P	D:N324P	logit=-0.829

Top tied mutations (A + B view):
A:V58R	B:V255R	logit=0.747
A:R61K	B:R258K	logit=0.393
A:V58Y	B:V255Y	logit=0.327
A:N57E	B:N254E	logit=0.304
A:V58H	B:V255H	logit=0.297

Top tied mutations (C + D view):
C:V218L	D:V491L	logit=-0.390
C:K191R	D:K464R	logit=-0.552
C:S180T	D:S453T	logit=-0.650
C:T42V	D:T315V	logit=-0.734
C:N51P	D:N324P	logit=-0.793

Top tied mutations (A + B view):
A:N55D	B:N252D	logit=0.373
A:E100K	B:E297K	logit=0.331
A:N54R	B:N251R	logit=0.319
A:V58I	B:V255I	logit=0.315
A:N54H	B:N251H	logit=0.306

Top tied mutations (C + D view):
C:V218L	D:V491L	logit=-0.474
C:K191R	D:K464R	logit=-0.612
C:S180T	D:S453T	logit=-0.673
C:T42V	D:T315V	logit=-0.693
C:N51P	D:N324P	logit=-0.722

Top tied mutations (A + B view):
A:V58C	B:V255C	logit=0.920
A:V102C	B:V299C	logit=0.602
A:E100C	B:E297C	logit=0.380
A:N54C	B:N251C	logit=0.252
A:Q59A	B:Q256A	logit=0.246

Top tied mutations (C + D view):
C:V218L	D:V491L	logit=-0.473
C:K191R	D:K464R	logit=-0.560
C:S180T	D:S453T	logit=-0.680
C:T42V	D:T315V	logit=-0.708
C:N51P	D:N324P	logit=-0.854

Top tied mutations (A + B view):
A:N57F	B:N254F	logit=0.337
A:V102C	B:V299C	logit=0.230
A:V58H	B:V255H	logit=0.230
A:N57G	B:N254G	logit=0.215
A:Q59S	B:Q256S	logit=0.211

Top tied mutations (C + D view):
C:V218L	D:V491L	logit=-0.413
C:K191R	D:K464R	logit=-0.623
C:S180T	D:S453T	logit=-0.664
C:T42V	D:T315V	logit=-0.724
C:S89A	D:S362A	logit=-0.830

Top tied mutations (A + B view):
A:R61C	B:R258C	logit=0.661
A:V58C	B:V255C	logit=0.558
A:T18C	B:T215C	logit=0.404
A:V102C	B:V299C	logit=0.348
A:Q59C	B:Q256C	logit=0.325

Top tied mutations (C + D view):
C:V218L	D:V491L	logit=-0.421
C:K191R	D:K464R	logit=-0.529
C:S180T	D:S453T	logit=-0.651
C:T42V	D:T315V	logit=-0.681
C:N51P	D:N324P	logit=-0.824

Top tied mutations (A + B view):
A:R56E	B:R253E	logit=0.313
A:N54M	B:N251M	logit=0.302
A:V58A	B:V255A	logit=0.292
A:N54L	B:N251L	logit=0.259
A:R56L	B:R253L	logit=0.251

Top tied mutations (C + D view):
C:V218L	D:V491L	logit=-0.465
C:K191R	D:K464R	logit=-0.564
C:S180T	D:S453T	logit=-0.650
C:T42V	D:T315V	logit=-0.658
C:N51P	D:N324P	logit=-0.813

Top tied mutations (A + B view):
A:T18C	B:T215C	logit=0.461
A:R61C	B:R258C	logit=0.432
A:N55T	B:N252T	logit=0.401
A:N55Q	B:N252Q	logit=0.394
A:N57F	B:N254F	logit=0.317

Top tied mutations (C + D view):
C:V218L	D:V491L	logit=-0.464
C:K191R	D:K464R	logit=-0.520
C:S180T	D:S453T	logit=-0.665
C:T42V	D:T315V	logit=-0.711
C:N51P	D:N324P	logit=-0.832

Top tied mutations (A + B view):
A:V58C	B:V255C	logit=0.424
A:V58S	B:V255S	logit=0.407
A:T18I	B:T215I	logit=0.322
A:E100K	B:E297K	logit=0.314
A:E100R	B:E297R	logit=0.292

Top tied mutations (C + D view):
C:V218L	D:V491L	logit=-0.453
C:K191R	D:K464R	logit=-0.618
C:S180T	D:S453T	logit=-0.642
C:T42V	D:T315V	logit=-0.735
C:N51P	D:N324P	logit=-0.831

Top tied mutations (A + B view):
A:V58N	B:V255N	logit=0.407
A:V58H	B:V255H	logit=0.379
A:V58S	B:V255S	logit=0.342
A:N57F	B:N254F	logit=0.283
A:V58Y	B:V255Y	logit=0.211

Top tied mutations (C + D view):
C:V218L	D:V491L	logit=-0.405
C:K191R	D:K464R	logit=-0.600
C:S180T	D:S453T	logit=-0.681
C:T42V	D:T315V	logit=-0.682
C:N51P	D:N324P	logit=-0.886

Top tied mutations (A + B view):
A:N55T	B:N252T	logit=0.409
A:V58E	B:V255E	logit=0.271
A:Q59E	B:Q256E	logit=0.270
A:E100D	B:E297D	logit=0.238
A:N55H	B:N252H	logit=0.223

Top tied mutations (C + D view):
C:V218L	D:V491L	logit=-0.457
C:K191R	D:K464R	logit=-0.595
C:S180T	D:S453T	logit=-0.654
C:T42V	D:T315V	logit=-0.770
C:N51P	D:N324P	logit=-0.842

Top tied mutations (A + B view):
A:R61K	B:R258K	logit=0.375
A:R56E	B:R253E	logit=0.341
A:N54P	B:N251P	logit=0.313
A:V102K	B:V299K	logit=0.286
A:Q59K	B:Q256K	logit=0.281

Top tied mutations (C + D view):
C:V218L	D:V491L	logit=-0.416
C:K191R	D:K464R	logit=-0.522
C:S180T	D:S453T	logit=-0.650
C:T42V	D:T315V	logit=-0.777
C:S89A	D:S362A	logit=-0.869

Top tied mutations (A + B view):
A:N54T	B:N251T	logit=0.386
A:N55D	B:N252D	logit=0.367
A:E100D	B:E297D	logit=0.284
A:E100S	B:E297S	logit=0.270
A:R56M	B:R253M	logit=0.270

Top tied mutations (C + D view):
C:V218L	D:V491L	logit=-0.414
C:K191R	D:K464R	logit=-0.605
C:S180T	D:S453T	logit=-0.637
C:T42V	D:T315V	logit=-0.720
C:N51P	D:N324P	logit=-0.816

Top tied mutations (A + B view):
A:T18C	B:T215C	logit=0.435
A:E100D	B:E297D	logit=0.375
A:N55K	B:N252K	logit=0.354
A:V58H	B:V255H	logit=0.333
A:R56K	B:R253K	logit=0.325

Top tied mutations (C + D view):
C:V218L	D:V491L	logit=-0.457
C:K191R	D:K464R	logit=-0.574
C:S180T	D:S453T	logit=-0.674
C:T42V	D:T315V	logit=-0.723
C:S89A	D:S362A	logit=-0.924

Top tied mutations (A + B view):
A:V58R	B:V255R	logit=0.459
A:R61C	B:R258C	logit=0.382
A:R56C	B:R253C	logit=0.364
A:T18P	B:T215P	logit=0.315
A:N55H	B:N252H	logit=0.276

Top tied mutations (C + D view):
C:V218L	D:V491L	logit=-0.472
C:K191R	D:K464R	logit=-0.629
C:S180T	D:S453T	logit=-0.661
C:T42V	D:T315V	logit=-0.701
C:N51P	D:N324P	logit=-0.788

Top tied mutations (A + B view):
A:R56P	B:R253P	logit=0.361
A:Q59K	B:Q256K	logit=0.346
A:R61K	B:R258K	logit=0.259
A:N54E	B:N251E	logit=0.246
A:T18C	B:T215C	logit=0.231

Top tied mutations (C + D view):
C:V218L	D:V491L	logit=-0.483
C:K191R	D:K464R	logit=-0.588
C:S180T	D:S453T	logit=-0.646
C:T42V	D:T315V	logit=-0.718
C:N51P	D:N324P	logit=-0.896

Top tied mutations (A + B view):
A:R56E	B:R253E	logit=0.398
A:N55D	B:N252D	logit=0.258
A:N57M	B:N254M	logit=0.224
A:R56A	B:R253A	logit=0.220
A:R56M	B:R253M	logit=0.217

Top tied mutations (C + D view):
C:V218L	D:V491L	logit=-0.465
C:K191R	D:K464R	logit=-0.540
C:S180T	D:S453T	logit=-0.688
C:T42V	D:T315V	logit=-0.697
C:N51P	D:N324P	logit=-0.901

Top tied mutations (A + B view):
A:N57M	B:N254M	logit=0.399
A:R61C	B:R258C	logit=0.348
A:V58H	B:V255H	logit=0.312
A:V102C	B:V299C	logit=0.310
A:E100C	B:E297C	logit=0.291

Top tied mutations (C + D view):
C:V218L	D:V491L	logit=-0.430
C:K191R	D:K464R	logit=-0.528
C:S180T	D:S453T	logit=-0.642
C:T42V	D:T315V	logit=-0.794
C:N51P	D:N324P	logit=-0.828

Top tied mutations (A + B view):
A:N57R	B:N254R	logit=0.302
A:R61K	B:R258K	logit=0.210
A:N54Q	B:N251Q	logit=0.210
A:R56K	B:R253K	logit=0.181
A:R56D	B:R253D	logit=0.176

Top tied mutations (C + D view):
C:V218L	D:V491L	logit=-0.408
C:K191R	D:K464R	logit=-0.482
C:S180T	D:S453T	logit=-0.649
C:T42V	D:T315V	logit=-0.784
C:N51P	D:N324P	logit=-0.829

Top tied mutations (A + B view):
A:R61C	B:R258C	logit=0.270
A:R56E	B:R253E	logit=0.265
A:T18C	B:T215C	logit=0.253
A:N54H	B:N251H	logit=0.237
A:N55T	B:N252T	logit=0.223

Top tied mutations (C + D view):
C:V218L	D:V491L	logit=-0.404
C:K191R	D:K464R	logit=-0.559
C:S180T	D:S453T	logit=-0.641
C:T42V	D:T315V	logit=-0.733
C:S89A	D:S362A	logit=-0.888

Top tied mutations (A + B view):
A:T18C	B:T215C	logit=0.569
A:V58R	B:V255R	logit=0.507
A:R61C	B:R258C	logit=0.485
A:E100K	B:E297K	logit=0.448
A:R56K	B:R253K	logit=0.349

Top tied mutations (C + D view):
C:V218L	D:V491L	logit=-0.413
C:K191R	D:K464R	logit=-0.549
C:S180T	D:S453T	logit=-0.645
C:T42V	D:T315V	logit=-0.752
C:N219S	D:N492S	logit=-0.899

Top tied mutations (A + B view):
A:N55T	B:N252T	logit=0.626
A:N57T	B:N254T	logit=0.330
A:R56P	B:R253P	logit=0.286
A:N55W	B:N252W	logit=0.269
A:N55Q	B:N252Q	logit=0.264

Top tied mutations (C + D view):
C:V218L	D:V491L	logit=-0.454
C:K191R	D:K464R	logit=-0.542
C:S180T	D:S453T	logit=-0.622
C:T42V	D:T315V	logit=-0.723
C:N51P	D:N324P	logit=-0.786

Top tied mutations (A + B view):
A:T18C	B:T215C	logit=0.665
A:E100K	B:E297K	logit=0.426
A:E100R	B:E297R	logit=0.400
A:R56E	B:R253E	logit=0.316
A:N54A	B:N251A	logit=0.310

Top tied mutations (C + D view):
C:V218L	D:V491L	logit=-0.485
C:K191R	D:K464R	logit=-0.580
C:S180T	D:S453T	logit=-0.640
C:T42V	D:T315V	logit=-0.743
C:N51P	D:N324P	logit=-0.778

Top tied mutations (A + B view):
A:N57R	B:N254R	logit=0.351
A:R56D	B:R253D	logit=0.295
A:R56K	B:R253K	logit=0.278
A:N57K	B:N254K	logit=0.250
A:E100H	B:E297H	logit=0.230

Top tied mutations (C + D view):
C:V218L	D:V491L	logit=-0.467
C:K191R	D:K464R	logit=-0.562
C:S180T	D:S453T	logit=-0.641
C:T42V	D:T315V	logit=-0.677
C:N51P	D:N324P	logit=-0.760

Top tied mutations (A + B view):
A:N57D	B:N254D	logit=0.443
A:N54R	B:N251R	logit=0.358
A:N54P	B:N251P	logit=0.339
A:T18C	B:T215C	logit=0.339
A:N57E	B:N254E	logit=0.337

Top tied mutations (C + D view):
C:V218L	D:V491L	logit=-0.443
C:K191R	D:K464R	logit=-0.633
C:S180T	D:S453T	logit=-0.666
C:T42V	D:T315V	logit=-0.713
C:N51P	D:N324P	logit=-0.774

Top tied mutations (A + B view):
A:N54H	B:N251H	logit=0.644
A:N54E	B:N251E	logit=0.591
A:N54P	B:N251P	logit=0.533
A:N55G	B:N252G	logit=0.393
A:N54L	B:N251L	logit=0.388

Top tied mutations (C + D view):
C:V218L	D:V491L	logit=-0.411
C:K191R	D:K464R	logit=-0.617
C:S180T	D:S453T	logit=-0.666
C:T42V	D:T315V	logit=-0.763
C:N51P	D:N324P	logit=-0.816

Top tied mutations (A + B view):
A:N54P	B:N251P	logit=0.581
A:R56D	B:R253D	logit=0.445
A:V58R	B:V255R	logit=0.412
A:N55K	B:N252K	logit=0.372
A:N55R	B:N252R	logit=0.342

Top tied mutations (C + D view):
C:V218L	D:V491L	logit=-0.411
C:K191R	D:K464R	logit=-0.561
C:S180T	D:S453T	logit=-0.665
C:T42V	D:T315V	logit=-0.761
C:S89A	D:S362A	logit=-0.896

Top tied mutations (A + B view):
A:N57K	B:N254K	logit=0.447
A:N55D	B:N252D	logit=0.421
A:N54H	B:N251H	logit=0.412
A:N57R	B:N254R	logit=0.373
A:N54E	B:N251E	logit=0.307

Top tied mutations (C + D view):
C:V218L	D:V491L	logit=-0.466
C:K191R	D:K464R	logit=-0.587
C:S180T	D:S453T	logit=-0.648
C:T42V	D:T315V	logit=-0.777
C:S89A	D:S362A	logit=-0.816

Top tied mutations (A + B view):
A:T18C	B:T215C	logit=0.582
A:V58C	B:V255C	logit=0.337
A:E100D	B:E297D	logit=0.283
A:Q59E	B:Q256E	logit=0.256
A:Q59A	B:Q256A	logit=0.252

Top tied mutations (C + D view):
C:V218L	D:V491L	logit=-0.426
C:K191R	D:K464R	logit=-0.553
C:S180T	D:S453T	logit=-0.664
C:T42V	D:T315V	logit=-0.678
C:N51P	D:N324P	logit=-0.750

Top tied mutations (A + B view):
A:N55D	B:N252D	logit=0.375
A:R56D	B:R253D	logit=0.270
A:T18E	B:T215E	logit=0.228
A:V58E	B:V255E	logit=0.219
A:N54P	B:N251P	logit=0.213

Top tied mutations (C + D view):
C:V218L	D:V491L	logit=-0.428
C:K191R	D:K464R	logit=-0.588
C:S180T	D:S453T	logit=-0.643
C:T42V	D:T315V	logit=-0.731
C:N51P	D:N324P	logit=-0.823

Top tied mutations (A + B view):
A:N54T	B:N251T	logit=0.476
A:N54Q	B:N251Q	logit=0.359
A:E100D	B:E297D	logit=0.336
A:N54L	B:N251L	logit=0.310
A:N54R	B:N251R	logit=0.309

Top tied mutations (C + D view):
C:V218L	D:V491L	logit=-0.449
C:K191R	D:K464R	logit=-0.551
C:S180T	D:S453T	logit=-0.641
C:T42V	D:T315V	logit=-0.717
C:N51P	D:N324P	logit=-0.746

Top tied mutations (A + B view):
A:T18C	B:T215C	logit=0.543
A:V58C	B:V255C	logit=0.444
A:N55Q	B:N252Q	logit=0.409
A:N55H	B:N252H	logit=0.393
A:N55C	B:N252C	logit=0.355

Top tied mutations (C + D view):
C:V218L	D:V491L	logit=-0.484
C:K191R	D:K464R	logit=-0.619
C:S180T	D:S453T	logit=-0.678
C:T42V	D:T315V	logit=-0.713
C:N51P	D:N324P	logit=-0.848

Top tied mutations (A + B view):
A:R56K	B:R253K	logit=0.349
A:V58I	B:V255I	logit=0.271
A:E100K	B:E297K	logit=0.263
A:N55T	B:N252T	logit=0.261
A:V58W	B:V255W	logit=0.231

Top tied mutations (C + D view):
C:V218L	D:V491L	logit=-0.503
C:K191R	D:K464R	logit=-0.592
C:S180T	D:S453T	logit=-0.668
C:T42V	D:T315V	logit=-0.715
C:N51P	D:N324P	logit=-0.797

Top tied mutations (A + B view):
A:V58R	B:V255R	logit=0.651
A:V58H	B:V255H	logit=0.375
A:N57E	B:N254E	logit=0.327
A:V58Y	B:V255Y	logit=0.295
A:V58K	B:V255K	logit=0.286

Top tied mutations (C + D view):
C:V218L	D:V491L	logit=-0.493
C:K191R	D:K464R	logit=-0.532
C:S180T	D:S453T	logit=-0.672
C:T42V	D:T315V	logit=-0.712
C:N51P	D:N324P	logit=-0.766

Top tied mutations (A + B view):
A:N54T	B:N251T	logit=0.357
A:V102K	B:V299K	logit=0.352
A:N55K	B:N252K	logit=0.316
A:V58C	B:V255C	logit=0.306
A:Q59K	B:Q256K	logit=0.273

Top tied mutations (C + D view):
C:V218L	D:V491L	logit=-0.433
C:K191R	D:K464R	logit=-0.563
C:S180T	D:S453T	logit=-0.681
C:N51P	D:N324P	logit=-0.734
C:T42V	D:T315V	logit=-0.758

Top tied mutations (A + B view):
A:V102K	B:V299K	logit=0.331
A:R56E	B:R253E	logit=0.309
A:R56N	B:R253N	logit=0.292
A:N57R	B:N254R	logit=0.240
A:T18L	B:T215L	logit=0.237

Top tied mutations (C + D view):
C:V218L	D:V491L	logit=-0.481
C:K191R	D:K464R	logit=-0.544
C:S180T	D:S453T	logit=-0.653
C:T42V	D:T315V	logit=-0.663
C:N51P	D:N324P	logit=-0.779

Top tied mutations (A + B view):
A:T18C	B:T215C	logit=0.701
A:V58R	B:V255R	logit=0.664
A:R61C	B:R258C	logit=0.395
A:V58C	B:V255C	logit=0.312
A:E100C	B:E297C	logit=0.304

Top tied mutations (C + D view):
C:V218L	D:V491L	logit=-0.437
C:K191R	D:K464R	logit=-0.548
C:S180T	D:S453T	logit=-0.635
C:T42V	D:T315V	logit=-0.736
C:N51P	D:N324P	logit=-0.758

Top tied mutations (A + B view):
A:T18C	B:T215C	logit=0.412
A:N55Q	B:N252Q	logit=0.358
A:N55T	B:N252T	logit=0.288
A:N55H	B:N252H	logit=0.250
A:N55C	B:N252C	logit=0.238

Top tied mutations (C + D view):
C:V218L	D:V491L	logit=-0.455
C:K191R	D:K464R	logit=-0.601
C:S180T	D:S453T	logit=-0.652
C:T42V	D:T315V	logit=-0.722
C:S72G	D:S345G	logit=-0.933

Top tied mutations (A + B view):
A:E100S	B:E297S	logit=0.370
A:N55Q	B:N252Q	logit=0.316
A:E100T	B:E297T	logit=0.308
A:V102S	B:V299S	logit=0.255
A:V58H	B:V255H	logit=0.239

Top tied mutations (C + D view):
C:V218L	D:V491L	logit=-0.469
C:K191R	D:K464R	logit=-0.614
C:S180T	D:S453T	logit=-0.667
C:T42V	D:T315V	logit=-0.755
C:N51P	D:N324P	logit=-0.838

Top tied mutations (A + B view):
A:T18C	B:T215C	logit=0.733
A:N54P	B:N251P	logit=0.565
A:V58C	B:V255C	logit=0.404
A:N55D	B:N252D	logit=0.308
A:N54A	B:N251A	logit=0.291

Top tied mutations (C + D view):
C:V218L	D:V491L	logit=-0.455
C:K191R	D:K464R	logit=-0.497
C:S180T	D:S453T	logit=-0.646
C:T42V	D:T315V	logit=-0.704
C:N51P	D:N324P	logit=-0.812

Top tied mutations (A + B view):
A:R56D	B:R253D	logit=0.403
A:V58S	B:V255S	logit=0.374
A:T18C	B:T215C	logit=0.371
A:E100R	B:E297R	logit=0.338
A:R56S	B:R253S	logit=0.321

Top tied mutations (C + D view):
C:V218L	D:V491L	logit=-0.414
C:K191R	D:K464R	logit=-0.549
C:S180T	D:S453T	logit=-0.661
C:T42V	D:T315V	logit=-0.778
C:S89A	D:S362A	logit=-0.838

Top tied mutations (A + B view):
A:T18C	B:T215C	logit=0.812
A:R61C	B:R258C	logit=0.506
A:V58C	B:V255C	logit=0.492
A:N57L	B:N254L	logit=0.382
A:R61Q	B:R258Q	logit=0.327

Top tied mutations (C + D view):
C:V218L	D:V491L	logit=-0.394
C:K191R	D:K464R	logit=-0.518
C:S180T	D:S453T	logit=-0.644
C:T42V	D:T315V	logit=-0.729
C:N51P	D:N324P	logit=-0.810

Top tied mutations (A + B view):
A:V102C	B:V299C	logit=0.411
A:E100C	B:E297C	logit=0.336
A:Q59S	B:Q256S	logit=0.263
A:V58C	B:V255C	logit=0.254
A:R56K	B:R253K	logit=0.253

Top tied mutations (C + D view):
C:V218L	D:V491L	logit=-0.438
C:K191R	D:K464R	logit=-0.561
C:S180T	D:S453T	logit=-0.684
C:T42V	D:T315V	logit=-0.714
C:N51P	D:N324P	logit=-0.792

Top tied mutations (A + B view):
A:N55T	B:N252T	logit=0.400
A:N54T	B:N251T	logit=0.341
A:R56F	B:R253F	logit=0.313
A:N54H	B:N251H	logit=0.277
A:R56V	B:R253V	logit=0.269

Top tied mutations (C + D view):
C:V218L	D:V491L	logit=-0.425
C:K191R	D:K464R	logit=-0.542
C:S180T	D:S453T	logit=-0.651
C:T42V	D:T315V	logit=-0.743
C:N219S	D:N492S	logit=-0.926

Top tied mutations (A + B view):
A:V58R	B:V255R	logit=0.362
A:R56N	B:R253N	logit=0.294
A:R56D	B:R253D	logit=0.280
A:R61K	B:R258K	logit=0.267
A:R56Y	B:R253Y	logit=0.218

Top tied mutations (C + D view):
C:V218L	D:V491L	logit=-0.445
C:K191R	D:K464R	logit=-0.584
C:S180T	D:S453T	logit=-0.651
C:T42V	D:T315V	logit=-0.719
C:N51P	D:N324P	logit=-0.837

Top tied mutations (A + B view):
A:R61S	B:R258S	logit=0.400
A:N54P	B:N251P	logit=0.341
A:R61E	B:R258E	logit=0.285
A:V58E	B:V255E	logit=0.277
A:E100Y	B:E297Y	logit=0.260

Top tied mutations (C + D view):
C:V218L	D:V491L	logit=-0.470
C:K191R	D:K464R	logit=-0.601
C:S180T	D:S453T	logit=-0.625
C:T42V	D:T315V	logit=-0.781
C:N51P	D:N324P	logit=-0.890

Top tied mutations (A + B view):
A:R61S	B:R258S	logit=0.412
A:N55D	B:N252D	logit=0.363
A:R61C	B:R258C	logit=0.349
A:E100C	B:E297C	logit=0.322
A:R61L	B:R258L	logit=0.284

Top tied mutations (C + D view):
C:V218L	D:V491L	logit=-0.445
C:K191R	D:K464R	logit=-0.543
C:S180T	D:S453T	logit=-0.674
C:N51P	D:N324P	logit=-0.776
C:T42V	D:T315V	logit=-0.801

Top tied mutations (A + B view):
A:E100K	B:E297K	logit=0.491
A:E100R	B:E297R	logit=0.389
A:R56P	B:R253P	logit=0.301
A:N55T	B:N252T	logit=0.282
A:T18P	B:T215P	logit=0.268

Top tied mutations (C + D view):
C:V218L	D:V491L	logit=-0.443
C:K191R	D:K464R	logit=-0.550
C:S180T	D:S453T	logit=-0.668
C:T42V	D:T315V	logit=-0.705
C:S89A	D:S362A	logit=-0.935

Top tied mutations (A + B view):
A:N54P	B:N251P	logit=0.475
A:N55A	B:N252A	logit=0.397
A:R56C	B:R253C	logit=0.346
A:N55C	B:N252C	logit=0.309
A:R56Y	B:R253Y	logit=0.254

Top tied mutations (C + D view):
C:V218L	D:V491L	logit=-0.441
C:K191R	D:K464R	logit=-0.573
C:S180T	D:S453T	logit=-0.637
C:T42V	D:T315V	logit=-0.661
C:N51P	D:N324P	logit=-0.849

Top tied mutations (A + B view):
A:N55G	B:N252G	logit=0.361
A:V58R	B:V255R	logit=0.326
A:N55Q	B:N252Q	logit=0.307
A:T18P	B:T215P	logit=0.304
A:V58M	B:V255M	logit=0.294

Top tied mutations (C + D view):
C:V218L	D:V491L	logit=-0.444
C:K191R	D:K464R	logit=-0.467
C:S180T	D:S453T	logit=-0.685
C:T42V	D:T315V	logit=-0.763
C:S89A	D:S362A	logit=-0.879

Top tied mutations (A + B view):
A:N55H	B:N252H	logit=0.375
A:N55Q	B:N252Q	logit=0.369
A:T18C	B:T215C	logit=0.367
A:N55T	B:N252T	logit=0.346
A:V58H	B:V255H	logit=0.284

Top tied mutations (C + D view):
C:V218L	D:V491L	logit=-0.470
C:K191R	D:K464R	logit=-0.562
C:S180T	D:S453T	logit=-0.670
C:T42V	D:T315V	logit=-0.745
C:S89A	D:S362A	logit=-0.845

Top tied mutations (A + B view):
A:V58K	B:V255K	logit=0.270
A:R56K	B:R253K	logit=0.236
A:N57M	B:N254M	logit=0.233
A:N54T	B:N251T	logit=0.230
A:E100A	B:E297A	logit=0.194

Top tied mutations (C + D view):
C:V218L	D:V491L	logit=-0.467
C:K191R	D:K464R	logit=-0.564
C:S180T	D:S453T	logit=-0.628
C:T42V	D:T315V	logit=-0.765
C:N51P	D:N324P	logit=-0.862

Top tied mutations (A + B view):
A:N55D	B:N252D	logit=0.318
A:N57Q	B:N254Q	logit=0.295
A:N57L	B:N254L	logit=0.261
A:N57T	B:N254T	logit=0.245
A:N57F	B:N254F	logit=0.245

Top tied mutations (C + D view):
C:V218L	D:V491L	logit=-0.420
C:K191R	D:K464R	logit=-0.571
C:S180T	D:S453T	logit=-0.660
C:T42V	D:T315V	logit=-0.749
C:N51P	D:N324P	logit=-0.877

Top tied mutations (A + B view):
A:R56D	B:R253D	logit=0.379
A:N55D	B:N252D	logit=0.335
A:N57R	B:N254R	logit=0.330
A:R56K	B:R253K	logit=0.235
A:R61K	B:R258K	logit=0.227

Top tied mutations (C + D view):
C:V218L	D:V491L	logit=-0.425
C:K191R	D:K464R	logit=-0.528
C:S180T	D:S453T	logit=-0.654
C:T42V	D:T315V	logit=-0.729
C:N51P	D:N324P	logit=-0.899

Top tied mutations (A + B view):
A:N55T	B:N252T	logit=0.291
A:E100H	B:E297H	logit=0.282
A:N55G	B:N252G	logit=0.276
A:N54E	B:N251E	logit=0.260
A:R61L	B:R258L	logit=0.250

Top tied mutations (C + D view):
C:V218L	D:V491L	logit=-0.417
C:K191R	D:K464R	logit=-0.622
C:S180T	D:S453T	logit=-0.656
C:T42V	D:T315V	logit=-0.759
C:N51P	D:N324P	logit=-0.861

Top tied mutations (A + B view):
A:N55D	B:N252D	logit=0.496
A:N54L	B:N251L	logit=0.415
A:R56K	B:R253K	logit=0.411
A:N55K	B:N252K	logit=0.407
A:R56H	B:R253H	logit=0.324

Top tied mutations (C + D view):
C:V218L	D:V491L	logit=-0.422
C:K191R	D:K464R	logit=-0.575
C:S180T	D:S453T	logit=-0.689
C:T42V	D:T315V	logit=-0.760
C:N51P	D:N324P	logit=-0.860

Top tied mutations (A + B view):
A:N57D	B:N254D	logit=0.509
A:R61C	B:R258C	logit=0.407
A:N57Q	B:N254Q	logit=0.362
A:N57C	B:N254C	logit=0.333
A:R56C	B:R253C	logit=0.327

Top tied mutations (C + D view):
C:V218L	D:V491L	logit=-0.425
C:K191R	D:K464R	logit=-0.555
C:S180T	D:S453T	logit=-0.639
C:T42V	D:T315V	logit=-0.784
C:S89A	D:S362A	logit=-0.818

Top tied mutations (A + B view):
A:V58R	B:V255R	logit=0.930
A:N54E	B:N251E	logit=0.521
A:V58K	B:V255K	logit=0.428
A:N54Q	B:N251Q	logit=0.415
A:V58L	B:V255L	logit=0.356

Top tied mutations (C + D view):
C:V218L	D:V491L	logit=-0.469
C:K191R	D:K464R	logit=-0.562
C:S180T	D:S453T	logit=-0.660
C:T42V	D:T315V	logit=-0.749
C:N51P	D:N324P	logit=-0.882

Top tied mutations (A + B view):
A:N55D	B:N252D	logit=0.617
A:N54P	B:N251P	logit=0.473
A:N54A	B:N251A	logit=0.428
A:R56D	B:R253D	logit=0.352
A:E100R	B:E297R	logit=0.322

Top tied mutations (C + D view):
C:V218L	D:V491L	logit=-0.416
C:K191R	D:K464R	logit=-0.626
C:S180T	D:S453T	logit=-0.671
C:T42V	D:T315V	logit=-0.723
C:S89A	D:S362A	logit=-0.868

Top tied mutations (A + B view):
A:N54P	B:N251P	logit=0.549
A:V58E	B:V255E	logit=0.368
A:N55A	B:N252A	logit=0.299
A:N54A	B:N251A	logit=0.236
A:N54E	B:N251E	logit=0.216

Top tied mutations (C + D view):
C:V218L	D:V491L	logit=-0.448
C:K191R	D:K464R	logit=-0.491
C:S180T	D:S453T	logit=-0.646
C:T42V	D:T315V	logit=-0.760
C:N51P	D:N324P	logit=-0.789

Top tied mutations (A + B view):
A:N57D	B:N254D	logit=0.424
A:R56C	B:R253C	logit=0.342
A:E100D	B:E297D	logit=0.337
A:N55T	B:N252T	logit=0.275
A:R56F	B:R253F	logit=0.230

Top tied mutations (C + D view):
C:V218L	D:V491L	logit=-0.446
C:K191R	D:K464R	logit=-0.555
C:S180T	D:S453T	logit=-0.678
C:T42V	D:T315V	logit=-0.699
C:S89A	D:S362A	logit=-0.891

Top tied mutations (A + B view):
A:R56N	B:R253N	logit=0.427
A:N55D	B:N252D	logit=0.425
A:V58R	B:V255R	logit=0.324
A:Q59D	B:Q256D	logit=0.321
A:R61Q	B:R258Q	logit=0.267

Top tied mutations (C + D view):
C:V218L	D:V491L	logit=-0.410
C:K191R	D:K464R	logit=-0.531
C:S180T	D:S453T	logit=-0.655
C:T42V	D:T315V	logit=-0.748
C:N51P	D:N324P	logit=-0.832

Top tied mutations (A + B view):
A:E100C	B:E297C	logit=0.218
A:V58E	B:V255E	logit=0.198
A:V58Q	B:V255Q	logit=0.190
A:R61I	B:R258I	logit=0.182
A:R56K	B:R253K	logit=0.179

Top tied mutations (C + D view):
C:V218L	D:V491L	logit=-0.483
C:K191R	D:K464R	logit=-0.614
C:S180T	D:S453T	logit=-0.654
C:T42V	D:T315V	logit=-0.689
C:N51P	D:N324P	logit=-0.772

Top tied mutations (A + B view):
A:T18C	B:T215C	logit=0.530
A:R56K	B:R253K	logit=0.401
A:R61C	B:R258C	logit=0.389
A:N54L	B:N251L	logit=0.387
A:N54E	B:N251E	logit=0.317

Top tied mutations (C + D view):
C:V218L	D:V491L	logit=-0.484
C:K191R	D:K464R	logit=-0.538
C:T42V	D:T315V	logit=-0.660
C:S180T	D:S453T	logit=-0.680
C:N51P	D:N324P	logit=-0.808

Top tied mutations (A + B view):
A:E100K	B:E297K	logit=0.640
A:E100R	B:E297R	logit=0.534
A:N54L	B:N251L	logit=0.266
A:N54H	B:N251H	logit=0.263
A:N55D	B:N252D	logit=0.261

Top tied mutations (C + D view):
C:V218L	D:V491L	logit=-0.416
C:K191R	D:K464R	logit=-0.562
C:S180T	D:S453T	logit=-0.686
C:T42V	D:T315V	logit=-0.722
C:S89A	D:S362A	logit=-0.841

Top tied mutations (A + B view):
A:T18C	B:T215C	logit=0.427
A:N55T	B:N252T	logit=0.380
A:R56P	B:R253P	logit=0.359
A:N55K	B:N252K	logit=0.297
A:N54P	B:N251P	logit=0.293

Top tied mutations (C + D view):
C:V218L	D:V491L	logit=-0.426
C:K191R	D:K464R	logit=-0.584
C:S180T	D:S453T	logit=-0.665
C:T42V	D:T315V	logit=-0.674
C:N51P	D:N324P	logit=-0.842

Top tied mutations (A + B view):
A:R56K	B:R253K	logit=0.423
A:E100R	B:E297R	logit=0.365
A:V58E	B:V255E	logit=0.341
A:N57Y	B:N254Y	logit=0.334
A:N55D	B:N252D	logit=0.323

Top tied mutations (C + D view):
C:V218L	D:V491L	logit=-0.434
C:K191R	D:K464R	logit=-0.574
C:S180T	D:S453T	logit=-0.665
C:T42V	D:T315V	logit=-0.707
C:N51P	D:N324P	logit=-0.781

Top tied mutations (A + B view):
A:V58I	B:V255I	logit=0.329
A:V58D	B:V255D	logit=0.325
A:V58Y	B:V255Y	logit=0.303
A:N54P	B:N251P	logit=0.272
A:N55G	B:N252G	logit=0.271

Top tied mutations (C + D view):
C:V218L	D:V491L	logit=-0.439
C:K191R	D:K464R	logit=-0.574
C:S180T	D:S453T	logit=-0.661
C:T42V	D:T315V	logit=-0.715
C:N51P	D:N324P	logit=-0.860

Top tied mutations (A + B view):
A:V102K	B:V299K	logit=0.345
A:V102R	B:V299R	logit=0.312
A:N55G	B:N252G	logit=0.288
A:N55A	B:N252A	logit=0.276
A:N57A	B:N254A	logit=0.196

Top tied mutations (C + D view):
C:V218L	D:V491L	logit=-0.421
C:K191R	D:K464R	logit=-0.542
C:S180T	D:S453T	logit=-0.657
C:T42V	D:T315V	logit=-0.748
C:S89A	D:S362A	logit=-0.815

Top tied mutations (A + B view):
A:T18C	B:T215C	logit=0.482
A:R61C	B:R258C	logit=0.399
A:V58C	B:V255C	logit=0.396
A:V102C	B:V299C	logit=0.363
A:E100C	B:E297C	logit=0.333

Top tied mutations (C + D view):
C:V218L	D:V491L	logit=-0.470
C:K191R	D:K464R	logit=-0.559
C:S180T	D:S453T	logit=-0.656
C:T42V	D:T315V	logit=-0.751
C:S89A	D:S362A	logit=-0.863

Top tied mutations (A + B view):
A:N55T	B:N252T	logit=0.584
A:N55R	B:N252R	logit=0.370
A:N55C	B:N252C	logit=0.279
A:N57Y	B:N254Y	logit=0.270
A:N57W	B:N254W	logit=0.268

Top tied mutations (C + D view):
C:V218L	D:V491L	logit=-0.414
C:K191R	D:K464R	logit=-0.607
C:T42V	D:T315V	logit=-0.682
C:S180T	D:S453T	logit=-0.683
C:N51P	D:N324P	logit=-0.882

Top tied mutations (A + B view):
A:N55D	B:N252D	logit=0.555
A:R61E	B:R258E	logit=0.255
A:V58E	B:V255E	logit=0.230
A:R61A	B:R258A	logit=0.221
A:E100Q	B:E297Q	logit=0.200

Top tied mutations (C + D view):
C:V218L	D:V491L	logit=-0.471
C:K191R	D:K464R	logit=-0.490
C:S180T	D:S453T	logit=-0.647
C:T42V	D:T315V	logit=-0.723
C:N51P	D:N324P	logit=-0.884

Top tied mutations (A + B view):
A:V58C	B:V255C	logit=0.629
A:T18C	B:T215C	logit=0.593
A:R61C	B:R258C	logit=0.519
A:E100C	B:E297C	logit=0.376
A:V102C	B:V299C	logit=0.332

Top tied mutations (C + D view):
C:V218L	D:V491L	logit=-0.444
C:K191R	D:K464R	logit=-0.547
C:S180T	D:S453T	logit=-0.616
C:T42V	D:T315V	logit=-0.743
C:N51P	D:N324P	logit=-0.823

Top tied mutations (A + B view):
A:V58H	B:V255H	logit=0.458
A:V58F	B:V255F	logit=0.347
A:N54P	B:N251P	logit=0.340
A:V58Y	B:V255Y	logit=0.333
A:V58Q	B:V255Q	logit=0.304

Top tied mutations (C + D view):
C:V218L	D:V491L	logit=-0.489
C:K191R	D:K464R	logit=-0.584
C:S180T	D:S453T	logit=-0.665
C:T42V	D:T315V	logit=-0.729
C:N51P	D:N324P	logit=-0.811

Top tied mutations (A + B view):
A:E100K	B:E297K	logit=0.407
A:R56K	B:R253K	logit=0.258
A:V58I	B:V255I	logit=0.257
A:R61C	B:R258C	logit=0.255
A:E100R	B:E297R	logit=0.248

Top tied mutations (C + D view):
C:V218L	D:V491L	logit=-0.463
C:K191R	D:K464R	logit=-0.595
C:S180T	D:S453T	logit=-0.660
C:T42V	D:T315V	logit=-0.704
C:N51P	D:N324P	logit=-0.837

Top tied mutations (A + B view):
A:N54E	B:N251E	logit=0.346
A:V58E	B:V255E	logit=0.308
A:N57D	B:N254D	logit=0.307
A:V102K	B:V299K	logit=0.272
A:N54H	B:N251H	logit=0.234

Top tied mutations (C + D view):
C:V218L	D:V491L	logit=-0.459
C:K191R	D:K464R	logit=-0.649
C:S180T	D:S453T	logit=-0.674
C:T42V	D:T315V	logit=-0.735
C:S89A	D:S362A	logit=-0.891

Top tied mutations (A + B view):
A:E100K	B:E297K	logit=0.510
A:Q59K	B:Q256K	logit=0.419
A:T18C	B:T215C	logit=0.408
A:N55K	B:N252K	logit=0.398
A:N54I	B:N251I	logit=0.374

Top tied mutations (C + D view):
C:V218L	D:V491L	logit=-0.419
C:K191R	D:K464R	logit=-0.585
C:S180T	D:S453T	logit=-0.698
C:T42V	D:T315V	logit=-0.710
C:N51P	D:N324P	logit=-0.935

Top tied mutations (A + B view):
A:N55R	B:N252R	logit=0.490
A:N55K	B:N252K	logit=0.385
A:N55H	B:N252H	logit=0.362
A:E100K	B:E297K	logit=0.361
A:V58E	B:V255E	logit=0.310

Top tied mutations (C + D view):
C:V218L	D:V491L	logit=-0.457
C:K191R	D:K464R	logit=-0.509
C:S180T	D:S453T	logit=-0.674
C:T42V	D:T315V	logit=-0.737
C:S89A	D:S362A	logit=-0.832

Top tied mutations (A + B view):
A:R56K	B:R253K	logit=0.316
A:N54T	B:N251T	logit=0.316
A:N55K	B:N252K	logit=0.312
A:R61I	B:R258I	logit=0.225
A:R61V	B:R258V	logit=0.212

Top tied mutations (C + D view):
C:V218L	D:V491L	logit=-0.485
C:K191R	D:K464R	logit=-0.557
C:S180T	D:S453T	logit=-0.666
C:T42V	D:T315V	logit=-0.768
C:S89A	D:S362A	logit=-0.870

Top tied mutations (A + B view):
A:R56K	B:R253K	logit=0.284
A:N57M	B:N254M	logit=0.261
A:Q59C	B:Q256C	logit=0.235
A:N55T	B:N252T	logit=0.227
A:R61E	B:R258E	logit=0.215

Top tied mutations (C + D view):
C:V218L	D:V491L	logit=-0.468
C:K191R	D:K464R	logit=-0.586
C:S180T	D:S453T	logit=-0.680
C:T42V	D:T315V	logit=-0.719
C:N51P	D:N324P	logit=-0.909

Top tied mutations (A + B view):
A:N55D	B:N252D	logit=0.703
A:V58R	B:V255R	logit=0.408
A:R56D	B:R253D	logit=0.343
A:V58I	B:V255I	logit=0.328
A:T18I	B:T215I	logit=0.309

Top tied mutations (C + D view):
C:V218L	D:V491L	logit=-0.402
C:K191R	D:K464R	logit=-0.573
C:S180T	D:S453T	logit=-0.656
C:T42V	D:T315V	logit=-0.717
C:N51P	D:N324P	logit=-0.869

Top tied mutations (A + B view):
A:R61C	B:R258C	logit=0.503
A:E100C	B:E297C	logit=0.477
A:V102C	B:V299C	logit=0.402
A:N57D	B:N254D	logit=0.331
A:Q59C	B:Q256C	logit=0.280

Top tied mutations (C + D view):
C:V218L	D:V491L	logit=-0.501
C:K191R	D:K464R	logit=-0.569
C:S180T	D:S453T	logit=-0.661
C:T42V	D:T315V	logit=-0.756
C:N51P	D:N324P	logit=-0.791

Top tied mutations (A + B view):
A:V58R	B:V255R	logit=0.562
A:N54T	B:N251T	logit=0.404
A:V58N	B:V255N	logit=0.396
A:V102R	B:V299R	logit=0.363
A:V58E	B:V255E	logit=0.303

Top tied mutations (C + D view):
C:V218L	D:V491L	logit=-0.394
C:K191R	D:K464R	logit=-0.593
C:S180T	D:S453T	logit=-0.635
C:T42V	D:T315V	logit=-0.768
C:N51P	D:N324P	logit=-0.898

Top tied mutations (A + B view):
A:N54P	B:N251P	logit=0.417
A:N55H	B:N252H	logit=0.279
A:R61C	B:R258C	logit=0.278
A:V102C	B:V299C	logit=0.260
A:V58C	B:V255C	logit=0.249

Top tied mutations (C + D view):
C:V218L	D:V491L	logit=-0.416
C:K191R	D:K464R	logit=-0.580
C:S180T	D:S453T	logit=-0.658
C:T42V	D:T315V	logit=-0.750
C:N51P	D:N324P	logit=-0.790

Top tied mutations (A + B view):
A:N55D	B:N252D	logit=0.544
A:N57D	B:N254D	logit=0.421
A:V58R	B:V255R	logit=0.393
A:R56N	B:R253N	logit=0.262
A:N57E	B:N254E	logit=0.244

Top tied mutations (C + D view):
C:V218L	D:V491L	logit=-0.424
C:K191R	D:K464R	logit=-0.524
C:S180T	D:S453T	logit=-0.649
C:T42V	D:T315V	logit=-0.773
C:N51P	D:N324P	logit=-0.780

Top tied mutations (A + B view):
A:N57D	B:N254D	logit=0.305
A:R61K	B:R258K	logit=0.296
A:N55C	B:N252C	logit=0.294
A:E100S	B:E297S	logit=0.291
A:R56C	B:R253C	logit=0.287

Top tied mutations (C + D view):
C:V218L	D:V491L	logit=-0.475
C:S180T	D:S453T	logit=-0.635
C:K191R	D:K464R	logit=-0.636
C:T42V	D:T315V	logit=-0.727
C:S89A	D:S362A	logit=-0.885

Top tied mutations (A + B view):
A:N55R	B:N252R	logit=0.334
A:V58Q	B:V255Q	logit=0.307
A:E100H	B:E297H	logit=0.296
A:V58C	B:V255C	logit=0.286
A:V58S	B:V255S	logit=0.266

Top tied mutations (C + D view):
C:V218L	D:V491L	logit=-0.445
C:K191R	D:K464R	logit=-0.549
C:T42V	D:T315V	logit=-0.689
C:S180T	D:S453T	logit=-0.692
C:S89A	D:S362A	logit=-0.856

Top tied mutations (A + B view):
A:N54H	B:N251H	logit=0.456
A:N54E	B:N251E	logit=0.406
A:N54T	B:N251T	logit=0.360
A:N55Q	B:N252Q	logit=0.304
A:N54M	B:N251M	logit=0.298

Top tied mutations (C + D view):
C:V218L	D:V491L	logit=-0.413
C:K191R	D:K464R	logit=-0.561
C:S180T	D:S453T	logit=-0.690
C:T42V	D:T315V	logit=-0.711
C:N51P	D:N324P	logit=-0.820

Top tied mutations (A + B view):
A:R56H	B:R253H	logit=0.294
A:E100K	B:E297K	logit=0.273
A:V58E	B:V255E	logit=0.258
A:R56K	B:R253K	logit=0.243
A:N54R	B:N251R	logit=0.228

Top tied mutations (C + D view):
C:V218L	D:V491L	logit=-0.447
C:K191R	D:K464R	logit=-0.567
C:S180T	D:S453T	logit=-0.673
C:T42V	D:T315V	logit=-0.729
C:N51P	D:N324P	logit=-0.787

Top tied mutations (A + B view):
A:N55A	B:N252A	logit=0.327
A:R61C	B:R258C	logit=0.326
A:R56I	B:R253I	logit=0.289
A:V102S	B:V299S	logit=0.286
A:R56Y	B:R253Y	logit=0.286

Top tied mutations (C + D view):
C:V218L	D:V491L	logit=-0.478
C:K191R	D:K464R	logit=-0.510
C:S180T	D:S453T	logit=-0.630
C:T42V	D:T315V	logit=-0.673
C:N51P	D:N324P	logit=-0.839

Top tied mutations (A + B view):
A:V58M	B:V255M	logit=0.320
A:N54A	B:N251A	logit=0.285
A:N55H	B:N252H	logit=0.269
A:N54T	B:N251T	logit=0.253
A:V58Y	B:V255Y	logit=0.245

Top tied mutations (C + D view):
C:V218L	D:V491L	logit=-0.450
C:K191R	D:K464R	logit=-0.539
C:S180T	D:S453T	logit=-0.640
C:T42V	D:T315V	logit=-0.790
C:N51P	D:N324P	logit=-0.924

Top tied mutations (A + B view):
A:R56K	B:R253K	logit=0.342
A:R56D	B:R253D	logit=0.334
A:N54P	B:N251P	logit=0.301
A:N57D	B:N254D	logit=0.237
A:R56H	B:R253H	logit=0.229

Top tied mutations (C + D view):
C:V218L	D:V491L	logit=-0.402
C:K191R	D:K464R	logit=-0.559
C:S180T	D:S453T	logit=-0.635
C:T42V	D:T315V	logit=-0.764
C:S89A	D:S362A	logit=-0.866

Top tied mutations (A + B view):
A:N54I	B:N251I	logit=0.470
A:V58C	B:V255C	logit=0.410
A:N54L	B:N251L	logit=0.377
A:N55T	B:N252T	logit=0.345
A:V102C	B:V299C	logit=0.344

Top tied mutations (C + D view):
C:V218L	D:V491L	logit=-0.411
C:K191R	D:K464R	logit=-0.581
C:S180T	D:S453T	logit=-0.693
C:N51P	D:N324P	logit=-0.726
C:T42V	D:T315V	logit=-0.738

Top tied mutations (A + B view):
A:E100K	B:E297K	logit=0.455
A:E100R	B:E297R	logit=0.359
A:N55Q	B:N252Q	logit=0.336
A:E100S	B:E297S	logit=0.331
A:E100H	B:E297H	logit=0.304

Top tied mutations (C + D view):
C:V218L	D:V491L	logit=-0.402
C:K191R	D:K464R	logit=-0.612
C:S180T	D:S453T	logit=-0.660
C:T42V	D:T315V	logit=-0.711
C:S89A	D:S362A	logit=-0.858

Top tied mutations (A + B view):
A:N57E	B:N254E	logit=0.466
A:N57D	B:N254D	logit=0.414
A:N57Q	B:N254Q	logit=0.292
A:N55T	B:N252T	logit=0.264
A:E100C	B:E297C	logit=0.259

Top tied mutations (C + D view):
C:V218L	D:V491L	logit=-0.459
C:K191R	D:K464R	logit=-0.535
C:S180T	D:S453T	logit=-0.645
C:T42V	D:T315V	logit=-0.701
C:N51P	D:N324P	logit=-0.736

Top tied mutations (A + B view):
A:N54L	B:N251L	logit=0.345
A:N54T	B:N251T	logit=0.292
A:V58A	B:V255A	logit=0.260
A:V58E	B:V255E	logit=0.259
A:R56P	B:R253P	logit=0.258

Top tied mutations (C + D view):
C:V218L	D:V491L	logit=-0.463
C:K191R	D:K464R	logit=-0.547
C:S180T	D:S453T	logit=-0.635
C:T42V	D:T315V	logit=-0.686
C:N51P	D:N324P	logit=-0.732

Top tied mutations (A + B view):
A:V58R	B:V255R	logit=0.394
A:N54P	B:N251P	logit=0.320
A:R56E	B:R253E	logit=0.308
A:R56A	B:R253A	logit=0.296
A:N54H	B:N251H	logit=0.291

Top tied mutations (C + D view):
C:V218L	D:V491L	logit=-0.444
C:K191R	D:K464R	logit=-0.638
C:S180T	D:S453T	logit=-0.643
C:T42V	D:T315V	logit=-0.771
C:N51P	D:N324P	logit=-0.861

Top tied mutations (A + B view):
A:T18C	B:T215C	logit=0.804
A:V58C	B:V255C	logit=0.474
A:N54P	B:N251P	logit=0.298
A:V102C	B:V299C	logit=0.267
A:V58R	B:V255R	logit=0.250

Top tied mutations (C + D view):
C:V218L	D:V491L	logit=-0.444
C:K191R	D:K464R	logit=-0.590
C:S180T	D:S453T	logit=-0.645
C:T42V	D:T315V	logit=-0.736
C:N51P	D:N324P	logit=-0.783

Top tied mutations (A + B view):
A:V58N	B:V255N	logit=0.517
A:V58R	B:V255R	logit=0.470
A:E100D	B:E297D	logit=0.417
A:N54T	B:N251T	logit=0.413
A:Q59K	B:Q256K	logit=0.408

Top tied mutations (C + D view):
C:V218L	D:V491L	logit=-0.466
C:K191R	D:K464R	logit=-0.535
C:S180T	D:S453T	logit=-0.683
C:T42V	D:T315V	logit=-0.756
C:S89A	D:S362A	logit=-0.892

Top tied mutations (A + B view):
A:N57W	B:N254W	logit=0.323
A:V58A	B:V255A	logit=0.266
A:V58M	B:V255M	logit=0.253
A:E100I	B:E297I	logit=0.223
A:N57M	B:N254M	logit=0.219

Top tied mutations (C + D view):
C:V218L	D:V491L	logit=-0.481
C:K191R	D:K464R	logit=-0.559
C:S180T	D:S453T	logit=-0.651
C:T42V	D:T315V	logit=-0.698
C:N51P	D:N324P	logit=-0.808

Top tied mutations (A + B view):
A:N55D	B:N252D	logit=0.480
A:Q59E	B:Q256E	logit=0.342
A:R56H	B:R253H	logit=0.303
A:V102E	B:V299E	logit=0.291
A:V102D	B:V299D	logit=0.270

Top tied mutations (C + D view):
C:V218L	D:V491L	logit=-0.420
C:K191R	D:K464R	logit=-0.573
C:S180T	D:S453T	logit=-0.663
C:T42V	D:T315V	logit=-0.680
C:N51P	D:N324P	logit=-0.888

Top tied mutations (A + B view):
A:N55D	B:N252D	logit=0.461
A:N54E	B:N251E	logit=0.445
A:N54H	B:N251H	logit=0.403
A:V58R	B:V255R	logit=0.374
A:N54T	B:N251T	logit=0.337

Top tied mutations (C + D view):
C:V218L	D:V491L	logit=-0.438
C:K191R	D:K464R	logit=-0.534
C:S180T	D:S453T	logit=-0.685
C:T42V	D:T315V	logit=-0.695
C:N51P	D:N324P	logit=-0.713

Top tied mutations (A + B view):
A:N57L	B:N254L	logit=0.334
A:Q59E	B:Q256E	logit=0.277
A:V58K	B:V255K	logit=0.266
A:N57M	B:N254M	logit=0.265
A:N57I	B:N254I	logit=0.249

Top tied mutations (C + D view):
C:V218L	D:V491L	logit=-0.420
C:K191R	D:K464R	logit=-0.577
C:S180T	D:S453T	logit=-0.696
C:T42V	D:T315V	logit=-0.745
C:N51P	D:N324P	logit=-0.861

Top tied mutations (A + B view):
A:V102C	B:V299C	logit=0.293
A:N54R	B:N251R	logit=0.273
A:T18I	B:T215I	logit=0.249
A:V58C	B:V255C	logit=0.217
A:R56K	B:R253K	logit=0.213

Top tied mutations (C + D view):
C:V218L	D:V491L	logit=-0.425
C:K191R	D:K464R	logit=-0.511
C:S180T	D:S453T	logit=-0.646
C:T42V	D:T315V	logit=-0.741
C:N51P	D:N324P	logit=-0.795

Top tied mutations (A + B view):
A:N55Q	B:N252Q	logit=0.502
A:N55T	B:N252T	logit=0.475
A:N55H	B:N252H	logit=0.358
A:R61C	B:R258C	logit=0.311
A:N57R	B:N254R	logit=0.311

Top tied mutations (C + D view):
C:V218L	D:V491L	logit=-0.421
C:K191R	D:K464R	logit=-0.567
C:S180T	D:S453T	logit=-0.670
C:T42V	D:T315V	logit=-0.744
C:N51P	D:N324P	logit=-0.812

Top tied mutations (A + B view):
A:N54H	B:N251H	logit=0.290
A:N54T	B:N251T	logit=0.249
A:N54E	B:N251E	logit=0.228
A:N54R	B:N251R	logit=0.211
A:N54S	B:N251S	logit=0.162

Top tied mutations (C + D view):
C:V218L	D:V491L	logit=-0.432
C:K191R	D:K464R	logit=-0.511
C:S180T	D:S453T	logit=-0.650
C:T42V	D:T315V	logit=-0.716
C:N51P	D:N324P	logit=-0.755

Top tied mutations (A + B view):
A:T18C	B:T215C	logit=0.450
A:Q59E	B:Q256E	logit=0.431
A:V58C	B:V255C	logit=0.363
A:R56K	B:R253K	logit=0.303
A:V58W	B:V255W	logit=0.264

Top tied mutations (C + D view):
C:V218L	D:V491L	logit=-0.435
C:K191R	D:K464R	logit=-0.629
C:S180T	D:S453T	logit=-0.703
C:T42V	D:T315V	logit=-0.722
C:S89A	D:S362A	logit=-0.854

Top tied mutations (A + B view):
A:T18C	B:T215C	logit=0.710
A:N54P	B:N251P	logit=0.549
A:E100C	B:E297C	logit=0.347
A:V102C	B:V299C	logit=0.321
A:R61C	B:R258C	logit=0.304

Top tied mutations (C + D view):
C:V218L	D:V491L	logit=-0.437
C:K191R	D:K464R	logit=-0.531
C:S180T	D:S453T	logit=-0.635
C:T42V	D:T315V	logit=-0.661
C:N51P	D:N324P	logit=-0.739

Top tied mutations (A + B view):
A:N54I	B:N251I	logit=0.371
A:N55T	B:N252T	logit=0.339
A:R56S	B:R253S	logit=0.237
A:N55R	B:N252R	logit=0.229
A:E100A	B:E297A	logit=0.203

Top tied mutations (C + D view):
C:V218L	D:V491L	logit=-0.475
C:K191R	D:K464R	logit=-0.554
C:S180T	D:S453T	logit=-0.643
C:T42V	D:T315V	logit=-0.768
C:N51P	D:N324P	logit=-0.836

Top tied mutations (A + B view):
A:T18C	B:T215C	logit=0.574
A:R61C	B:R258C	logit=0.389
A:N57L	B:N254L	logit=0.372
A:N54M	B:N251M	logit=0.332
A:V58E	B:V255E	logit=0.317

Top tied mutations (C + D view):
C:V218L	D:V491L	logit=-0.423
C:K191R	D:K464R	logit=-0.614
C:S180T	D:S453T	logit=-0.671
C:T42V	D:T315V	logit=-0.735
C:N51P	D:N324P	logit=-0.809

Top tied mutations (A + B view):
A:T18C	B:T215C	logit=0.541
A:E100C	B:E297C	logit=0.455
A:R61C	B:R258C	logit=0.415
A:V102C	B:V299C	logit=0.326
A:R61S	B:R258S	logit=0.287

Top tied mutations (C + D view):
C:V218L	D:V491L	logit=-0.485
C:K191R	D:K464R	logit=-0.569
C:S180T	D:S453T	logit=-0.681
C:T42V	D:T315V	logit=-0.779
C:S89A	D:S362A	logit=-0.915

Top tied mutations (A + B view):
A:T18C	B:T215C	logit=1.026
A:R56C	B:R253C	logit=0.474
A:R61C	B:R258C	logit=0.439
A:V58F	B:V255F	logit=0.394
A:R56F	B:R253F	logit=0.366

Top tied mutations (C + D view):
C:V218L	D:V491L	logit=-0.487
C:K191R	D:K464R	logit=-0.597
C:S180T	D:S453T	logit=-0.655
C:T42V	D:T315V	logit=-0.705
C:N51P	D:N324P	logit=-0.798

Top tied mutations (A + B view):
A:N55D	B:N252D	logit=0.572
A:V58E	B:V255E	logit=0.249
A:R56C	B:R253C	logit=0.244
A:N55E	B:N252E	logit=0.216
A:V58Y	B:V255Y	logit=0.200

Top tied mutations (C + D view):
C:V218L	D:V491L	logit=-0.420
C:K191R	D:K464R	logit=-0.592
C:S180T	D:S453T	logit=-0.659
C:T42V	D:T315V	logit=-0.768
C:N51P	D:N324P	logit=-0.861

Top tied mutations (A + B view):
A:N54E	B:N251E	logit=0.570
A:N54T	B:N251T	logit=0.568
A:N54H	B:N251H	logit=0.466
A:N54Q	B:N251Q	logit=0.455
A:E100K	B:E297K	logit=0.405

Top tied mutations (C + D view):
C:V218L	D:V491L	logit=-0.440
C:K191R	D:K464R	logit=-0.608
C:S180T	D:S453T	logit=-0.646
C:T42V	D:T315V	logit=-0.710
C:N51P	D:N324P	logit=-0.876

Top tied mutations (A + B view):
A:R56H	B:R253H	logit=0.426
A:R56D	B:R253D	logit=0.335
A:N57R	B:N254R	logit=0.317
A:N57Y	B:N254Y	logit=0.278
A:R56K	B:R253K	logit=0.275

Top tied mutations (C + D view):
C:V218L	D:V491L	logit=-0.466
C:K191R	D:K464R	logit=-0.593
C:S180T	D:S453T	logit=-0.682
C:T42V	D:T315V	logit=-0.709
C:S89A	D:S362A	logit=-0.888

Top tied mutations (A + B view):
A:N57T	B:N254T	logit=0.322
A:Q59E	B:Q256E	logit=0.300
A:N57L	B:N254L	logit=0.297
A:N57F	B:N254F	logit=0.246
A:R56F	B:R253F	logit=0.241

Top tied mutations (C + D view):
C:V218L	D:V491L	logit=-0.435
C:K191R	D:K464R	logit=-0.538
C:S180T	D:S453T	logit=-0.653
C:T42V	D:T315V	logit=-0.680
C:N51P	D:N324P	logit=-0.853

Top tied mutations (A + B view):
A:E100K	B:E297K	logit=0.308
A:T18P	B:T215P	logit=0.235
A:N55H	B:N252H	logit=0.230
A:N54R	B:N251R	logit=0.229
A:E100I	B:E297I	logit=0.226

Top tied mutations (C + D view):
C:V218L	D:V491L	logit=-0.422
C:K191R	D:K464R	logit=-0.551
C:S180T	D:S453T	logit=-0.644
C:T42V	D:T315V	logit=-0.780
C:N51P	D:N324P	logit=-0.854

Top tied mutations (A + B view):
A:T18C	B:T215C	logit=0.609
A:V58R	B:V255R	logit=0.511
A:R61C	B:R258C	logit=0.309
A:E100C	B:E297C	logit=0.277
A:R56H	B:R253H	logit=0.230

Top tied mutations (C + D view):
C:V218L	D:V491L	logit=-0.434
C:K191R	D:K464R	logit=-0.503
C:S180T	D:S453T	logit=-0.663
C:T42V	D:T315V	logit=-0.694
C:N51P	D:N324P	logit=-0.738

Top tied mutations (A + B view):
A:V58R	B:V255R	logit=0.501
A:V58N	B:V255N	logit=0.318
A:V58Y	B:V255Y	logit=0.297
A:V58H	B:V255H	logit=0.288
A:N57D	B:N254D	logit=0.273

Top tied mutations (C + D view):
C:V218L	D:V491L	logit=-0.433
C:K191R	D:K464R	logit=-0.565
C:S180T	D:S453T	logit=-0.674
C:N51P	D:N324P	logit=-0.747
C:T42V	D:T315V	logit=-0.755

Top tied mutations (A + B view):
A:N54V	B:N251V	logit=1.167
A:N54L	B:N251L	logit=0.835
A:N54T	B:N251T	logit=0.772
A:N54I	B:N251I	logit=0.698
A:N55H	B:N252H	logit=0.325

Top tied mutations (C + D view):
C:V218L	D:V491L	logit=-0.483
C:K191R	D:K464R	logit=-0.616
C:S180T	D:S453T	logit=-0.667
C:N51P	D:N324P	logit=-0.738
C:T42V	D:T315V	logit=-0.766

Top tied mutations (A + B view):
A:V58R	B:V255R	logit=0.490
A:T18P	B:T215P	logit=0.327
A:R56K	B:R253K	logit=0.239
A:T18A	B:T215A	logit=0.186
A:T18L	B:T215L	logit=0.173

Top tied mutations (C + D view):
C:V218L	D:V491L	logit=-0.428
C:K191R	D:K464R	logit=-0.540
C:S180T	D:S453T	logit=-0.620
C:T42V	D:T315V	logit=-0.746
C:N51P	D:N324P	logit=-0.809

Top tied mutations (A + B view):
A:R56D	B:R253D	logit=0.634
A:R56E	B:R253E	logit=0.499
A:N54P	B:N251P	logit=0.465
A:V102C	B:V299C	logit=0.337
A:E100K	B:E297K	logit=0.291

Top tied mutations (C + D view):
C:V218L	D:V491L	logit=-0.403
C:K191R	D:K464R	logit=-0.534
C:S180T	D:S453T	logit=-0.659
C:T42V	D:T315V	logit=-0.756
C:N51P	D:N324P	logit=-0.757

Top tied mutations (A + B view):
A:N54L	B:N251L	logit=0.340
A:R56P	B:R253P	logit=0.332
A:N55D	B:N252D	logit=0.298
A:E100C	B:E297C	logit=0.267
A:V102Q	B:V299Q	logit=0.257

Top tied mutations (C + D view):
C:V218L	D:V491L	logit=-0.429
C:K191R	D:K464R	logit=-0.514
C:S180T	D:S453T	logit=-0.641
C:T42V	D:T315V	logit=-0.708
C:N51P	D:N324P	logit=-0.787

Top tied mutations (A + B view):
A:E100K	B:E297K	logit=0.527
A:E100R	B:E297R	logit=0.524
A:N54P	B:N251P	logit=0.434
A:N54M	B:N251M	logit=0.391
A:T18C	B:T215C	logit=0.379

Top tied mutations (C + D view):
C:V218L	D:V491L	logit=-0.461
C:K191R	D:K464R	logit=-0.524
C:S180T	D:S453T	logit=-0.652
C:T42V	D:T315V	logit=-0.718
C:N51P	D:N324P	logit=-0.842

Top tied mutations (A + B view):
A:E100K	B:E297K	logit=0.626
A:E100R	B:E297R	logit=0.472
A:T18C	B:T215C	logit=0.310
A:V58C	B:V255C	logit=0.291
A:Q59K	B:Q256K	logit=0.285

Top tied mutations (C + D view):
C:V218L	D:V491L	logit=-0.448
C:K191R	D:K464R	logit=-0.590
C:S180T	D:S453T	logit=-0.673
C:T42V	D:T315V	logit=-0.684
C:N51P	D:N324P	logit=-0.890

Top tied mutations (A + B view):
A:E100K	B:E297K	logit=0.493
A:Q59E	B:Q256E	logit=0.414
A:E100R	B:E297R	logit=0.372
A:R56E	B:R253E	logit=0.248
A:N55A	B:N252A	logit=0.246

Top tied mutations (C + D view):
C:V218L	D:V491L	logit=-0.463
C:K191R	D:K464R	logit=-0.614
C:S180T	D:S453T	logit=-0.655
C:T42V	D:T315V	logit=-0.676
C:S89A	D:S362A	logit=-0.883

Top tied mutations (A + B view):
A:N55T	B:N252T	logit=0.410
A:N54I	B:N251I	logit=0.394
A:N57K	B:N254K	logit=0.269
A:R56K	B:R253K	logit=0.262
A:R61K	B:R258K	logit=0.223

Top tied mutations (C + D view):
C:V218L	D:V491L	logit=-0.457
C:K191R	D:K464R	logit=-0.579
C:S180T	D:S453T	logit=-0.653
C:T42V	D:T315V	logit=-0.688
C:N51P	D:N324P	logit=-0.738

Top tied mutations (A + B view):
A:N54E	B:N251E	logit=0.419
A:V58I	B:V255I	logit=0.395
A:N54L	B:N251L	logit=0.371
A:N55K	B:N252K	logit=0.363
A:N54T	B:N251T	logit=0.331

Top tied mutations (C + D view):
C:V218L	D:V491L	logit=-0.449
C:K191R	D:K464R	logit=-0.574
C:S180T	D:S453T	logit=-0.683
C:N51P	D:N324P	logit=-0.713
C:T42V	D:T315V	logit=-0.715

Top tied mutations (A + B view):
A:N54E	B:N251E	logit=0.795
A:N54T	B:N251T	logit=0.570
A:N54H	B:N251H	logit=0.443
A:E100K	B:E297K	logit=0.367
A:N54A	B:N251A	logit=0.341

Top tied mutations (C + D view):
C:V218L	D:V491L	logit=-0.420
C:K191R	D:K464R	logit=-0.548
C:S180T	D:S453T	logit=-0.679
C:T42V	D:T315V	logit=-0.693
C:N51P	D:N324P	logit=-0.805

Top tied mutations (A + B view):
A:E100K	B:E297K	logit=0.412
A:V102K	B:V299K	logit=0.341
A:R61K	B:R258K	logit=0.304
A:R56P	B:R253P	logit=0.298
A:R61S	B:R258S	logit=0.291

Top tied mutations (C + D view):
C:V218L	D:V491L	logit=-0.456
C:K191R	D:K464R	logit=-0.571
C:S180T	D:S453T	logit=-0.634
C:T42V	D:T315V	logit=-0.764
C:N51P	D:N324P	logit=-0.807

Top tied mutations (A + B view):
A:N54I	B:N251I	logit=0.350
A:V58N	B:V255N	logit=0.341
A:R56H	B:R253H	logit=0.302
A:V58H	B:V255H	logit=0.285
A:V58I	B:V255I	logit=0.276

Top tied mutations (C + D view):
C:V218L	D:V491L	logit=-0.410
C:K191R	D:K464R	logit=-0.555
C:S180T	D:S453T	logit=-0.696
C:T42V	D:T315V	logit=-0.789
C:S89A	D:S362A	logit=-0.905

Top tied mutations (A + B view):
A:N55D	B:N252D	logit=0.717
A:V58R	B:V255R	logit=0.445
A:E100C	B:E297C	logit=0.390
A:N54A	B:N251A	logit=0.339
A:N54P	B:N251P	logit=0.281

Top tied mutations (C + D view):
C:V218L	D:V491L	logit=-0.455
C:K191R	D:K464R	logit=-0.515
C:S180T	D:S453T	logit=-0.655
C:T42V	D:T315V	logit=-0.729
C:N51P	D:N324P	logit=-0.845

Top tied mutations (A + B view):
A:V58E	B:V255E	logit=0.434
A:N55R	B:N252R	logit=0.388
A:T18I	B:T215I	logit=0.378
A:V58S	B:V255S	logit=0.361
A:N54H	B:N251H	logit=0.342

Top tied mutations (C + D view):
C:V218L	D:V491L	logit=-0.474
C:K191R	D:K464R	logit=-0.585
C:S180T	D:S453T	logit=-0.681
C:T42V	D:T315V	logit=-0.693
C:S89A	D:S362A	logit=-0.901

Top tied mutations (A + B view):
A:R61C	B:R258C	logit=0.751
A:T18C	B:T215C	logit=0.598
A:V58C	B:V255C	logit=0.573
A:E100C	B:E297C	logit=0.548
A:V102C	B:V299C	logit=0.464

Top tied mutations (C + D view):
C:V218L	D:V491L	logit=-0.403
C:K191R	D:K464R	logit=-0.585
C:S180T	D:S453T	logit=-0.684
C:T42V	D:T315V	logit=-0.709
C:N51P	D:N324P	logit=-0.774

Top tied mutations (A + B view):
A:N57L	B:N254L	logit=0.384
A:N57T	B:N254T	logit=0.319
A:V58R	B:V255R	logit=0.292
A:N55D	B:N252D	logit=0.285
A:R56E	B:R253E	logit=0.275

Top tied mutations (C + D view):
C:V218L	D:V491L	logit=-0.429
C:K191R	D:K464R	logit=-0.517
C:S180T	D:S453T	logit=-0.642
C:T42V	D:T315V	logit=-0.730
C:N51P	D:N324P	logit=-0.753

Top tied mutations (A + B view):
A:R56K	B:R253K	logit=0.469
A:Q59E	B:Q256E	logit=0.372
A:N57R	B:N254R	logit=0.337
A:N55D	B:N252D	logit=0.335
A:R56D	B:R253D	logit=0.248

Top tied mutations (C + D view):
C:V218L	D:V491L	logit=-0.467
C:K191R	D:K464R	logit=-0.618
C:S180T	D:S453T	logit=-0.667
C:T42V	D:T315V	logit=-0.686
C:N51P	D:N324P	logit=-0.825

Top tied mutations (A + B view):
A:T18C	B:T215C	logit=0.533
A:R56N	B:R253N	logit=0.490
A:R56E	B:R253E	logit=0.348
A:V102K	B:V299K	logit=0.268
A:R56D	B:R253D	logit=0.253

Top tied mutations (C + D view):
C:V218L	D:V491L	logit=-0.448
C:K191R	D:K464R	logit=-0.567
C:S180T	D:S453T	logit=-0.622
C:T42V	D:T315V	logit=-0.748
C:N51P	D:N324P	logit=-0.891

Top tied mutations (A + B view):
A:N54E	B:N251E	logit=0.448
A:N54I	B:N251I	logit=0.351
A:N57F	B:N254F	logit=0.314
A:N54H	B:N251H	logit=0.289
A:N54L	B:N251L	logit=0.287

Top tied mutations (C + D view):
C:V218L	D:V491L	logit=-0.483
C:K191R	D:K464R	logit=-0.558
C:S180T	D:S453T	logit=-0.662
C:T42V	D:T315V	logit=-0.774
C:N51P	D:N324P	logit=-0.844

Top tied mutations (A + B view):
A:N55D	B:N252D	logit=0.695
A:N54T	B:N251T	logit=0.350
A:R56P	B:R253P	logit=0.340
A:V102C	B:V299C	logit=0.243
A:N54V	B:N251V	logit=0.240

Top tied mutations (C + D view):
C:V218L	D:V491L	logit=-0.423
C:K191R	D:K464R	logit=-0.634
C:S180T	D:S453T	logit=-0.643
C:T42V	D:T315V	logit=-0.742
C:N51P	D:N324P	logit=-0.880

Top tied mutations (A + B view):
A:T18C	B:T215C	logit=0.399
A:V58Q	B:V255Q	logit=0.382
A:V58S	B:V255S	logit=0.319
A:N57L	B:N254L	logit=0.287
A:T18P	B:T215P	logit=0.285

Top tied mutations (C + D view):
C:V218L	D:V491L	logit=-0.440
C:K191R	D:K464R	logit=-0.495
C:S180T	D:S453T	logit=-0.673
C:T42V	D:T315V	logit=-0.679
C:N51P	D:N324P	logit=-0.860

Top tied mutations (A + B view):
A:N55D	B:N252D	logit=1.000
A:V58R	B:V255R	logit=0.395
A:N54H	B:N251H	logit=0.269
A:N54Q	B:N251Q	logit=0.238
A:R56N	B:R253N	logit=0.225

Top tied mutations (C + D view):
C:V218L	D:V491L	logit=-0.410
C:K191R	D:K464R	logit=-0.584
C:S180T	D:S453T	logit=-0.662
C:T42V	D:T315V	logit=-0.788
C:N51P	D:N324P	logit=-0.884

Top tied mutations (A + B view):
A:T18C	B:T215C	logit=0.456
A:N57D	B:N254D	logit=0.441
A:R61C	B:R258C	logit=0.413
A:N57E	B:N254E	logit=0.376
A:E100C	B:E297C	logit=0.309

Top tied mutations (C + D view):
C:V218L	D:V491L	logit=-0.434
C:K191R	D:K464R	logit=-0.539
C:S180T	D:S453T	logit=-0.653
C:T42V	D:T315V	logit=-0.691
C:N51P	D:N324P	logit=-0.934

Top tied mutations (A + B view):
A:N57I	B:N254I	logit=0.235
A:N57F	B:N254F	logit=0.231
A:T18K	B:T215K	logit=0.201
A:R56K	B:R253K	logit=0.178
A:N55H	B:N252H	logit=0.173

Top tied mutations (C + D view):
C:V218L	D:V491L	logit=-0.487
C:K191R	D:K464R	logit=-0.583
C:S180T	D:S453T	logit=-0.672
C:T42V	D:T315V	logit=-0.738
C:N51P	D:N324P	logit=-0.769

Top tied mutations (A + B view):
A:R56C	B:R253C	logit=0.280
A:N54E	B:N251E	logit=0.275
A:Q59E	B:Q256E	logit=0.273
A:N54L	B:N251L	logit=0.272
A:N54H	B:N251H	logit=0.254

Top tied mutations (C + D view):
C:V218L	D:V491L	logit=-0.413
C:K191R	D:K464R	logit=-0.569
C:S180T	D:S453T	logit=-0.681
C:T42V	D:T315V	logit=-0.793
C:N51P	D:N324P	logit=-0.830

Top tied mutations (A + B view):
A:T18C	B:T215C	logit=0.716
A:V58C	B:V255C	logit=0.481
A:V58A	B:V255A	logit=0.409
A:R61C	B:R258C	logit=0.355
A:N57D	B:N254D	logit=0.347

Top tied mutations (C + D view):
C:V218L	D:V491L	logit=-0.433
C:K191R	D:K464R	logit=-0.517
C:S180T	D:S453T	logit=-0.665
C:T42V	D:T315V	logit=-0.728
C:N51P	D:N324P	logit=-0.765

Top tied mutations (A + B view):
A:N55Q	B:N252Q	logit=0.348
A:V58I	B:V255I	logit=0.233
A:N55T	B:N252T	logit=0.231
A:V58L	B:V255L	logit=0.228
A:R56P	B:R253P	logit=0.221

Top tied mutations (C + D view):
C:V218L	D:V491L	logit=-0.446
C:K191R	D:K464R	logit=-0.564
C:S180T	D:S453T	logit=-0.674
C:N51P	D:N324P	logit=-0.713
C:T42V	D:T315V	logit=-0.761

Top tied mutations (A + B view):
A:N55D	B:N252D	logit=0.557
A:N54L	B:N251L	logit=0.316
A:E100R	B:E297R	logit=0.299
A:R56K	B:R253K	logit=0.287
A:E100K	B:E297K	logit=0.279

Top tied mutations (C + D view):
C:V218L	D:V491L	logit=-0.423
C:K191R	D:K464R	logit=-0.530
C:S180T	D:S453T	logit=-0.634
C:T42V	D:T315V	logit=-0.703
C:S89A	D:S362A	logit=-0.930

Top tied mutations (A + B view):
A:V58H	B:V255H	logit=0.472
A:N55Q	B:N252Q	logit=0.361
A:R56V	B:R253V	logit=0.339
A:N57E	B:N254E	logit=0.331
A:R61T	B:R258T	logit=0.322

Top tied mutations (C + D view):
C:V218L	D:V491L	logit=-0.454
C:S180T	D:S453T	logit=-0.639
C:K191R	D:K464R	logit=-0.652
C:T42V	D:T315V	logit=-0.718
C:N51P	D:N324P	logit=-0.731

Top tied mutations (A + B view):
A:V102C	B:V299C	logit=0.630
A:N54P	B:N251P	logit=0.467
A:E100K	B:E297K	logit=0.426
A:R61C	B:R258C	logit=0.392
A:E100C	B:E297C	logit=0.316

Top tied mutations (C + D view):
C:V218L	D:V491L	logit=-0.438
C:K191R	D:K464R	logit=-0.607
C:S180T	D:S453T	logit=-0.647
C:T42V	D:T315V	logit=-0.733
C:S89A	D:S362A	logit=-0.924

Top tied mutations (A + B view):
A:N57Q	B:N254Q	logit=0.411
A:N55G	B:N252G	logit=0.388
A:V102C	B:V299C	logit=0.376
A:N57E	B:N254E	logit=0.338
A:N57D	B:N254D	logit=0.327

Top tied mutations (C + D view):
C:V218L	D:V491L	logit=-0.407
C:K191R	D:K464R	logit=-0.584
C:S180T	D:S453T	logit=-0.640
C:T42V	D:T315V	logit=-0.739
C:N51P	D:N324P	logit=-0.866

Top tied mutations (A + B view):
A:E100K	B:E297K	logit=0.433
A:V58R	B:V255R	logit=0.428
A:N54A	B:N251A	logit=0.399
A:N54E	B:N251E	logit=0.368
A:N54H	B:N251H	logit=0.349

Top tied mutations (C + D view):
C:V218L	D:V491L	logit=-0.447
C:K191R	D:K464R	logit=-0.580
C:S180T	D:S453T	logit=-0.668
C:T42V	D:T315V	logit=-0.748
C:A168P	D:A441P	logit=-0.894

Top tied mutations (A + B view):
A:V58R	B:V255R	logit=0.405
A:R61C	B:R258C	logit=0.379
A:N54H	B:N251H	logit=0.372
A:E100K	B:E297K	logit=0.330
A:V58Y	B:V255Y	logit=0.319

Top tied mutations (C + D view):
C:V218L	D:V491L	logit=-0.475
C:K191R	D:K464R	logit=-0.552
C:S180T	D:S453T	logit=-0.655
C:T42V	D:T315V	logit=-0.702
C:N51P	D:N324P	logit=-0.792

Top tied mutations (A + B view):
A:N55D	B:N252D	logit=0.369
A:N54I	B:N251I	logit=0.294
A:N57H	B:N254H	logit=0.286
A:N57C	B:N254C	logit=0.275
A:Q59D	B:Q256D	logit=0.228

Top tied mutations (C + D view):
C:V218L	D:V491L	logit=-0.464
C:K191R	D:K464R	logit=-0.556
C:S180T	D:S453T	logit=-0.656
C:T42V	D:T315V	logit=-0.753
C:N51P	D:N324P	logit=-0.914

Top tied mutations (A + B view):
A:N57F	B:N254F	logit=0.388
A:N55T	B:N252T	logit=0.343
A:E100R	B:E297R	logit=0.289
A:N55W	B:N252W	logit=0.251
A:N55C	B:N252C	logit=0.234

Top tied mutations (C + D view):
C:V218L	D:V491L	logit=-0.415
C:K191R	D:K464R	logit=-0.507
C:S180T	D:S453T	logit=-0.663
C:T42V	D:T315V	logit=-0.726
C:N51P	D:N324P	logit=-0.811

Top tied mutations (A + B view):
A:T18C	B:T215C	logit=0.437
A:T18I	B:T215I	logit=0.331
A:V58Q	B:V255Q	logit=0.264
A:T18K	B:T215K	logit=0.212
A:V58R	B:V255R	logit=0.207

Top tied mutations (C + D view):
C:V218L	D:V491L	logit=-0.400
C:K191R	D:K464R	logit=-0.505
C:S180T	D:S453T	logit=-0.667
C:T42V	D:T315V	logit=-0.697
C:N51P	D:N324P	logit=-0.860

Top tied mutations (A + B view):
A:N55D	B:N252D	logit=0.504
A:R56T	B:R253T	logit=0.295
A:N57R	B:N254R	logit=0.277
A:V58C	B:V255C	logit=0.274
A:V58Q	B:V255Q	logit=0.268

Top tied mutations (C + D view):
C:V218L	D:V491L	logit=-0.487
C:K191R	D:K464R	logit=-0.592
C:S180T	D:S453T	logit=-0.652
C:T42V	D:T315V	logit=-0.784
C:N51P	D:N324P	logit=-0.895

Top tied mutations (A + B view):
A:V58R	B:V255R	logit=0.378
A:N55D	B:N252D	logit=0.317
A:N54R	B:N251R	logit=0.266
A:N57D	B:N254D	logit=0.235
A:N57L	B:N254L	logit=0.231

Top tied mutations (C + D view):
C:K191R	D:K464R	logit=-0.468
C:V218L	D:V491L	logit=-0.476
C:S180T	D:S453T	logit=-0.644
C:T42V	D:T315V	logit=-0.756
C:N51P	D:N324P	logit=-0.817

Top tied mutations (A + B view):
A:N54E	B:N251E	logit=0.366
A:N54L	B:N251L	logit=0.348
A:R56E	B:R253E	logit=0.315
A:N55T	B:N252T	logit=0.314
A:N54H	B:N251H	logit=0.305

Top tied mutations (C + D view):
C:V218L	D:V491L	logit=-0.457
C:K191R	D:K464R	logit=-0.595
C:S180T	D:S453T	logit=-0.639
C:T42V	D:T315V	logit=-0.771
C:N51P	D:N324P	logit=-0.856

Top tied mutations (A + B view):
A:V58C	B:V255C	logit=0.396
A:Q59C	B:Q256C	logit=0.354
A:R61C	B:R258C	logit=0.344
A:N57F	B:N254F	logit=0.334
A:N57C	B:N254C	logit=0.333

Top tied mutations (C + D view):
C:V218L	D:V491L	logit=-0.457
C:K191R	D:K464R	logit=-0.544
C:S180T	D:S453T	logit=-0.632
C:T42V	D:T315V	logit=-0.785
C:N51P	D:N324P	logit=-0.901

Top tied mutations (A + B view):
A:N54P	B:N251P	logit=0.377
A:N57R	B:N254R	logit=0.290
A:N54A	B:N251A	logit=0.266
A:N54E	B:N251E	logit=0.214
A:N54H	B:N251H	logit=0.210

Top tied mutations (C + D view):
C:V218L	D:V491L	logit=-0.420
C:K191R	D:K464R	logit=-0.646
C:S180T	D:S453T	logit=-0.650
C:T42V	D:T315V	logit=-0.790
C:N219S	D:N492S	logit=-0.937

Top tied mutations (A + B view):
A:T18C	B:T215C	logit=0.572
A:R61C	B:R258C	logit=0.494
A:V58C	B:V255C	logit=0.451
A:N54P	B:N251P	logit=0.398
A:E100R	B:E297R	logit=0.394

Top tied mutations (C + D view):
C:V218L	D:V491L	logit=-0.444
C:K191R	D:K464R	logit=-0.526
C:S180T	D:S453T	logit=-0.656
C:T42V	D:T315V	logit=-0.689
C:N51P	D:N324P	logit=-0.817

Top tied mutations (A + B view):
A:N54P	B:N251P	logit=0.426
A:E100C	B:E297C	logit=0.392
A:N55D	B:N252D	logit=0.342
A:R61S	B:R258S	logit=0.280
A:R61Q	B:R258Q	logit=0.217

Top tied mutations (C + D view):
C:V218L	D:V491L	logit=-0.500
C:K191R	D:K464R	logit=-0.570
C:S180T	D:S453T	logit=-0.691
C:T42V	D:T315V	logit=-0.730
C:S89A	D:S362A	logit=-0.822

Top tied mutations (A + B view):
A:N57L	B:N254L	logit=0.276
A:R56K	B:R253K	logit=0.257
A:R61C	B:R258C	logit=0.231
A:R56Q	B:R253Q	logit=0.197
A:V58E	B:V255E	logit=0.177

Top tied mutations (C + D view):
C:V218L	D:V491L	logit=-0.406
C:K191R	D:K464R	logit=-0.599
C:S180T	D:S453T	logit=-0.621
C:T42V	D:T315V	logit=-0.743
C:S89A	D:S362A	logit=-0.857

Top tied mutations (A + B view):
A:R56K	B:R253K	logit=0.397
A:N54H	B:N251H	logit=0.378
A:E100K	B:E297K	logit=0.346
A:N54A	B:N251A	logit=0.315
A:R56F	B:R253F	logit=0.290

Top tied mutations (C + D view):
C:V218L	D:V491L	logit=-0.413
C:K191R	D:K464R	logit=-0.572
C:S180T	D:S453T	logit=-0.682
C:T42V	D:T315V	logit=-0.772
C:N51P	D:N324P	logit=-0.940

Top tied mutations (A + B view):
A:Q59D	B:Q256D	logit=0.287
A:R56D	B:R253D	logit=0.284
A:R56E	B:R253E	logit=0.280
A:N55T	B:N252T	logit=0.255
A:Q59E	B:Q256E	logit=0.249

Top tied mutations (C + D view):
C:V218L	D:V491L	logit=-0.469
C:K191R	D:K464R	logit=-0.517
C:S180T	D:S453T	logit=-0.646
C:T42V	D:T315V	logit=-0.702
C:N51P	D:N324P	logit=-0.805

Top tied mutations (A + B view):
A:T18C	B:T215C	logit=0.555
A:N54P	B:N251P	logit=0.370
A:V102K	B:V299K	logit=0.235
A:T18I	B:T215I	logit=0.221
A:V102R	B:V299R	logit=0.190

Top tied mutations (C + D view):
C:V218L	D:V491L	logit=-0.468
C:K191R	D:K464R	logit=-0.496
C:S180T	D:S453T	logit=-0.650
C:T42V	D:T315V	logit=-0.732
C:N51P	D:N324P	logit=-0.843

Top tied mutations (A + B view):
A:N55T	B:N252T	logit=0.521
A:R56S	B:R253S	logit=0.332
A:Q59D	B:Q256D	logit=0.323
A:N55W	B:N252W	logit=0.310
A:N55V	B:N252V	logit=0.279

Top tied mutations (C + D view):
C:V218L	D:V491L	logit=-0.451
C:K191R	D:K464R	logit=-0.538
C:S180T	D:S453T	logit=-0.664
C:T42V	D:T315V	logit=-0.747
C:N51P	D:N324P	logit=-0.864

Top tied mutations (A + B view):
A:V58C	B:V255C	logit=0.442
A:R56K	B:R253K	logit=0.361
A:N57R	B:N254R	logit=0.247
A:R56H	B:R253H	logit=0.239
A:E100C	B:E297C	logit=0.205

Top tied mutations (C + D view):
C:V218L	D:V491L	logit=-0.494
C:K191R	D:K464R	logit=-0.576
C:S180T	D:S453T	logit=-0.675
C:T42V	D:T315V	logit=-0.746
C:S89A	D:S362A	logit=-0.895

Top tied mutations (A + B view):
A:V58R	B:V255R	logit=0.667
A:E100C	B:E297C	logit=0.509
A:V102C	B:V299C	logit=0.421
A:T18C	B:T215C	logit=0.418
A:R61C	B:R258C	logit=0.352

Top tied mutations (C + D view):
C:V218L	D:V491L	logit=-0.459
C:K191R	D:K464R	logit=-0.515
C:S180T	D:S453T	logit=-0.671
C:T42V	D:T315V	logit=-0.714
C:N51P	D:N324P	logit=-0.756

Top tied mutations (A + B view):
A:V58R	B:V255R	logit=0.627
A:N57M	B:N254M	logit=0.444
A:N54E	B:N251E	logit=0.378
A:N54L	B:N251L	logit=0.261
A:N54H	B:N251H	logit=0.245

Top tied mutations (C + D view):
C:V218L	D:V491L	logit=-0.463
C:K191R	D:K464R	logit=-0.590
C:S180T	D:S453T	logit=-0.662
C:N51P	D:N324P	logit=-0.770
C:T42V	D:T315V	logit=-0.835

Top tied mutations (A + B view):
A:N54P	B:N251P	logit=0.386
A:T18I	B:T215I	logit=0.189
A:N55W	B:N252W	logit=0.188
A:R56W	B:R253W	logit=0.183
A:R61T	B:R258T	logit=0.171

Top tied mutations (C + D view):
C:V218L	D:V491L	logit=-0.494
C:K191R	D:K464R	logit=-0.597
C:S180T	D:S453T	logit=-0.657
C:T42V	D:T315V	logit=-0.778
C:N219S	D:N492S	logit=-0.918

Top tied mutations (A + B view):
A:T18C	B:T215C	logit=0.653
A:R61C	B:R258C	logit=0.456
A:V58C	B:V255C	logit=0.338
A:E100C	B:E297C	logit=0.324
A:V58A	B:V255A	logit=0.304

Top tied mutations (C + D view):
C:V218L	D:V491L	logit=-0.451
C:K191R	D:K464R	logit=-0.528
C:S180T	D:S453T	logit=-0.641
C:T42V	D:T315V	logit=-0.744
C:N51P	D:N324P	logit=-0.864

Top tied mutations (A + B view):
A:R56D	B:R253D	logit=0.402
A:N54P	B:N251P	logit=0.336
A:R56E	B:R253E	logit=0.269
A:N54A	B:N251A	logit=0.222
A:T18C	B:T215C	logit=0.195

Top tied mutations (C + D view):
C:V218L	D:V491L	logit=-0.447
C:K191R	D:K464R	logit=-0.552
C:S180T	D:S453T	logit=-0.622
C:T42V	D:T315V	logit=-0.729
C:N51P	D:N324P	logit=-0.791

Top tied mutations (A + B view):
A:N54R	B:N251R	logit=0.484
A:V58H	B:V255H	logit=0.254
A:V58F	B:V255F	logit=0.220
A:N57M	B:N254M	logit=0.217
A:E100R	B:E297R	logit=0.214

Top tied mutations (C + D view):
C:V218L	D:V491L	logit=-0.475
C:K191R	D:K464R	logit=-0.516
C:S180T	D:S453T	logit=-0.664
C:T42V	D:T315V	logit=-0.758
C:N51P	D:N324P	logit=-0.801

Top tied mutations (A + B view):
A:N57E	B:N254E	logit=0.403
A:N57Q	B:N254Q	logit=0.343
A:N57L	B:N254L	logit=0.321
A:N55C	B:N252C	logit=0.298
A:N55A	B:N252A	logit=0.285

Top tied mutations (C + D view):
C:V218L	D:V491L	logit=-0.471
C:K191R	D:K464R	logit=-0.611
C:S180T	D:S453T	logit=-0.664
C:T42V	D:T315V	logit=-0.785
C:S89A	D:S362A	logit=-0.886

Top tied mutations (A + B view):
A:T18C	B:T215C	logit=0.403
A:V58E	B:V255E	logit=0.399
A:N57D	B:N254D	logit=0.230
A:N55D	B:N252D	logit=0.229
A:N57M	B:N254M	logit=0.206

Top tied mutations (C + D view):
C:V218L	D:V491L	logit=-0.487
C:K191R	D:K464R	logit=-0.514
C:S180T	D:S453T	logit=-0.671
C:T42V	D:T315V	logit=-0.781
C:N51P	D:N324P	logit=-0.835

Top tied mutations (A + B view):
A:R56K	B:R253K	logit=0.419
A:V58E	B:V255E	logit=0.367
A:N54P	B:N251P	logit=0.300
A:T18E	B:T215E	logit=0.262
A:V102C	B:V299C	logit=0.239

Top tied mutations (C + D view):
C:V218L	D:V491L	logit=-0.458
C:K191R	D:K464R	logit=-0.512
C:S180T	D:S453T	logit=-0.665
C:T42V	D:T315V	logit=-0.713
C:N51P	D:N324P	logit=-0.794

Top tied mutations (A + B view):
A:N55D	B:N252D	logit=0.473
A:R56D	B:R253D	logit=0.431
A:V58S	B:V255S	logit=0.325
A:E100C	B:E297C	logit=0.303
A:V102C	B:V299C	logit=0.287

Top tied mutations (C + D view):
C:V218L	D:V491L	logit=-0.436
C:K191R	D:K464R	logit=-0.535
C:S180T	D:S453T	logit=-0.665
C:N51P	D:N324P	logit=-0.768
C:T42V	D:T315V	logit=-0.808

Top tied mutations (A + B view):
A:V102C	B:V299C	logit=0.410
A:V58Q	B:V255Q	logit=0.323
A:Q59E	B:Q256E	logit=0.295
A:E100C	B:E297C	logit=0.272
A:N55G	B:N252G	logit=0.252

Top tied mutations (C + D view):
C:V218L	D:V491L	logit=-0.463
C:K191R	D:K464R	logit=-0.499
C:S180T	D:S453T	logit=-0.648
C:T42V	D:T315V	logit=-0.724
C:N51P	D:N324P	logit=-0.762

Top tied mutations (A + B view):
A:E100C	B:E297C	logit=0.405
A:R61C	B:R258C	logit=0.396
A:N57D	B:N254D	logit=0.334
A:V58C	B:V255C	logit=0.330
A:N55C	B:N252C	logit=0.326

Top tied mutations (C + D view):
C:V218L	D:V491L	logit=-0.429
C:K191R	D:K464R	logit=-0.602
C:S180T	D:S453T	logit=-0.683
C:T42V	D:T315V	logit=-0.756
C:N51P	D:N324P	logit=-0.868

Top tied mutations (A + B view):
A:N54E	B:N251E	logit=0.713
A:N55D	B:N252D	logit=0.395
A:N57R	B:N254R	logit=0.385
A:N54T	B:N251T	logit=0.382
A:V58E	B:V255E	logit=0.373

Top tied mutations (C + D view):
C:V218L	D:V491L	logit=-0.406
C:K191R	D:K464R	logit=-0.630
C:S180T	D:S453T	logit=-0.665
C:T42V	D:T315V	logit=-0.682
C:N51P	D:N324P	logit=-0.822

Top tied mutations (A + B view):
A:T18C	B:T215C	logit=0.889
A:N54P	B:N251P	logit=0.550
A:N57E	B:N254E	logit=0.361
A:N57W	B:N254W	logit=0.360
A:N57D	B:N254D	logit=0.333

Top tied mutations (C + D view):
C:V218L	D:V491L	logit=-0.427
C:K191R	D:K464R	logit=-0.515
C:S180T	D:S453T	logit=-0.661
C:T42V	D:T315V	logit=-0.790
C:S89A	D:S362A	logit=-0.881

Top tied mutations (A + B view):
A:N55D	B:N252D	logit=0.729
A:V58R	B:V255R	logit=0.384
A:R56D	B:R253D	logit=0.352
A:N54T	B:N251T	logit=0.344
A:V58H	B:V255H	logit=0.316

Top tied mutations (C + D view):
C:V218L	D:V491L	logit=-0.443
C:K191R	D:K464R	logit=-0.534
C:S180T	D:S453T	logit=-0.659
C:T42V	D:T315V	logit=-0.709
C:N51P	D:N324P	logit=-0.882

Top tied mutations (A + B view):
A:N54L	B:N251L	logit=0.453
A:R56E	B:R253E	logit=0.402
A:N54I	B:N251I	logit=0.339
A:R56C	B:R253C	logit=0.331
A:N55C	B:N252C	logit=0.304

Top tied mutations (C + D view):
C:V218L	D:V491L	logit=-0.430
C:K191R	D:K464R	logit=-0.516
C:S180T	D:S453T	logit=-0.643
C:T42V	D:T315V	logit=-0.722
C:N51P	D:N324P	logit=-0.797

Top tied mutations (A + B view):
A:T18C	B:T215C	logit=0.443
A:R56E	B:R253E	logit=0.360
A:R56P	B:R253P	logit=0.268
A:Q59E	B:Q256E	logit=0.249
A:N57M	B:N254M	logit=0.242

Top tied mutations (C + D view):
C:V218L	D:V491L	logit=-0.427
C:K191R	D:K464R	logit=-0.545
C:S180T	D:S453T	logit=-0.626
C:T42V	D:T315V	logit=-0.738
C:N51P	D:N324P	logit=-0.904

Top tied mutations (A + B view):
A:V58R	B:V255R	logit=0.500
A:N54I	B:N251I	logit=0.327
A:V102C	B:V299C	logit=0.327
A:E100C	B:E297C	logit=0.324
A:T18C	B:T215C	logit=0.312

Top tied mutations (C + D view):
C:V218L	D:V491L	logit=-0.454
C:K191R	D:K464R	logit=-0.560
C:S180T	D:S453T	logit=-0.655
C:T42V	D:T315V	logit=-0.759
C:N51P	D:N324P	logit=-0.824

Top tied mutations (A + B view):
A:V58R	B:V255R	logit=0.529
A:N57L	B:N254L	logit=0.456
A:N57M	B:N254M	logit=0.441
A:N54H	B:N251H	logit=0.401
A:N57F	B:N254F	logit=0.399

Top tied mutations (C + D view):
C:V218L	D:V491L	logit=-0.495
C:K191R	D:K464R	logit=-0.644
C:S180T	D:S453T	logit=-0.662
C:T42V	D:T315V	logit=-0.750
C:N219S	D:N492S	logit=-0.905

Top tied mutations (A + B view):
A:N54E	B:N251E	logit=0.359
A:N54T	B:N251T	logit=0.290
A:R56D	B:R253D	logit=0.281
A:R56K	B:R253K	logit=0.273
A:R61K	B:R258K	logit=0.271

Top tied mutations (C + D view):
C:V218L	D:V491L	logit=-0.428
C:K191R	D:K464R	logit=-0.537
C:S180T	D:S453T	logit=-0.649
C:N51P	D:N324P	logit=-0.701
C:T42V	D:T315V	logit=-0.751

Top tied mutations (A + B view):
A:E100H	B:E297H	logit=0.326
A:N57G	B:N254G	logit=0.318
A:E100K	B:E297K	logit=0.268
A:R56P	B:R253P	logit=0.260
A:E100R	B:E297R	logit=0.254

Top tied mutations (C + D view):
C:V218L	D:V491L	logit=-0.464
C:K191R	D:K464R	logit=-0.605
C:S180T	D:S453T	logit=-0.685
C:T42V	D:T315V	logit=-0.752
C:S89A	D:S362A	logit=-0.854

Top tied mutations (A + B view):
A:N55D	B:N252D	logit=0.676
A:V58R	B:V255R	logit=0.504
A:R56D	B:R253D	logit=0.319
A:N57D	B:N254D	logit=0.308
A:E100K	B:E297K	logit=0.280

Top tied mutations (C + D view):
C:V218L	D:V491L	logit=-0.398
C:K191R	D:K464R	logit=-0.595
C:S180T	D:S453T	logit=-0.625
C:T42V	D:T315V	logit=-0.768
C:N51P	D:N324P	logit=-0.874

Top tied mutations (A + B view):
A:N57M	B:N254M	logit=0.219
A:R61C	B:R258C	logit=0.200
A:T18P	B:T215P	logit=0.195
A:E100V	B:E297V	logit=0.176
A:Q59E	B:Q256E	logit=0.174

Top tied mutations (C + D view):
C:V218L	D:V491L	logit=-0.408
C:K191R	D:K464R	logit=-0.556
C:S180T	D:S453T	logit=-0.622
C:T42V	D:T315V	logit=-0.731
C:S89A	D:S362A	logit=-0.869

Top tied mutations (A + B view):
A:N54H	B:N251H	logit=0.495
A:V58R	B:V255R	logit=0.461
A:N54A	B:N251A	logit=0.438
A:R56K	B:R253K	logit=0.381
A:Q59K	B:Q256K	logit=0.379

Top tied mutations (C + D view):
C:V218L	D:V491L	logit=-0.461
C:K191R	D:K464R	logit=-0.608
C:S180T	D:S453T	logit=-0.661
C:T42V	D:T315V	logit=-0.686
C:N51P	D:N324P	logit=-0.779

Top tied mutations (A + B view):
A:R56P	B:R253P	logit=0.322
A:T18I	B:T215I	logit=0.280
A:Q59C	B:Q256C	logit=0.209
A:Q59L	B:Q256L	logit=0.193
A:N57E	B:N254E	logit=0.190

Top tied mutations (C + D view):
C:V218L	D:V491L	logit=-0.476
C:K191R	D:K464R	logit=-0.530
C:S180T	D:S453T	logit=-0.651
C:T42V	D:T315V	logit=-0.673
C:N51P	D:N324P	logit=-0.931

Top tied mutations (A + B view):
A:N54V	B:N251V	logit=0.317
A:N55K	B:N252K	logit=0.316
A:N57S	B:N254S	logit=0.232
A:Q59S	B:Q256S	logit=0.229
A:N57L	B:N254L	logit=0.227

Top tied mutations (C + D view):
C:V218L	D:V491L	logit=-0.422
C:K191R	D:K464R	logit=-0.511
C:S180T	D:S453T	logit=-0.652
C:T42V	D:T315V	logit=-0.746
C:S89A	D:S362A	logit=-0.844

Top tied mutations (A + B view):
A:N55D	B:N252D	logit=0.388
A:V58E	B:V255E	logit=0.316
A:R56D	B:R253D	logit=0.292
A:R56E	B:R253E	logit=0.264
A:N57D	B:N254D	logit=0.240

Top tied mutations (C + D view):
C:V218L	D:V491L	logit=-0.449
C:K191R	D:K464R	logit=-0.542
C:S180T	D:S453T	logit=-0.636
C:N51P	D:N324P	logit=-0.717
C:T42V	D:T315V	logit=-0.722

Top tied mutations (A + B view):
A:V58R	B:V255R	logit=0.384
A:T18P	B:T215P	logit=0.340
A:N55Q	B:N252Q	logit=0.287
A:N54R	B:N251R	logit=0.252
A:R56K	B:R253K	logit=0.219

Top tied mutations (C + D view):
C:V218L	D:V491L	logit=-0.441
C:K191R	D:K464R	logit=-0.577
C:S180T	D:S453T	logit=-0.681
C:T42V	D:T315V	logit=-0.734
C:N51P	D:N324P	logit=-0.783

Top tied mutations (A + B view):
A:N54T	B:N251T	logit=0.459
A:N57E	B:N254E	logit=0.385
A:N55D	B:N252D	logit=0.374
A:T18C	B:T215C	logit=0.373
A:V58H	B:V255H	logit=0.349

Top tied mutations (C + D view):
C:V218L	D:V491L	logit=-0.413
C:K191R	D:K464R	logit=-0.532
C:S180T	D:S453T	logit=-0.643
C:T42V	D:T315V	logit=-0.708
C:S89A	D:S362A	logit=-0.848

Top tied mutations (A + B view):
A:N55Q	B:N252Q	logit=0.231
A:Q59E	B:Q256E	logit=0.214
A:N54M	B:N251M	logit=0.208
A:N57R	B:N254R	logit=0.193
A:N55W	B:N252W	logit=0.181

Top tied mutations (C + D view):
C:V218L	D:V491L	logit=-0.485
C:K191R	D:K464R	logit=-0.541
C:S180T	D:S453T	logit=-0.650
C:T42V	D:T315V	logit=-0.722
C:N51P	D:N324P	logit=-0.813

Top tied mutations (A + B view):
A:T18C	B:T215C	logit=0.374
A:V102C	B:V299C	logit=0.371
A:N55T	B:N252T	logit=0.345
A:R61C	B:R258C	logit=0.295
A:N57F	B:N254F	logit=0.243

Top tied mutations (C + D view):
C:V218L	D:V491L	logit=-0.477
C:K191R	D:K464R	logit=-0.586
C:S180T	D:S453T	logit=-0.657
C:T42V	D:T315V	logit=-0.696
C:N51P	D:N324P	logit=-0.808

Top tied mutations (A + B view):
A:E100K	B:E297K	logit=0.297
A:N55R	B:N252R	logit=0.272
A:T18P	B:T215P	logit=0.202
A:N57R	B:N254R	logit=0.195
A:N55H	B:N252H	logit=0.189

Top tied mutations (C + D view):
C:V218L	D:V491L	logit=-0.440
C:K191R	D:K464R	logit=-0.586
C:S180T	D:S453T	logit=-0.639
C:T42V	D:T315V	logit=-0.726
C:S72G	D:S345G	logit=-0.883

Top tied mutations (A + B view):
A:N54R	B:N251R	logit=0.390
A:N57L	B:N254L	logit=0.298
A:V58I	B:V255I	logit=0.285
A:N54K	B:N251K	logit=0.269
A:N57M	B:N254M	logit=0.259

Top tied mutations (C + D view):
C:V218L	D:V491L	logit=-0.420
C:K191R	D:K464R	logit=-0.563
C:S180T	D:S453T	logit=-0.647
C:T42V	D:T315V	logit=-0.756
C:N51P	D:N324P	logit=-0.830

Top tied mutations (A + B view):
A:N54P	B:N251P	logit=0.539
A:R56E	B:R253E	logit=0.275
A:N57E	B:N254E	logit=0.275
A:N57Y	B:N254Y	logit=0.267
A:Q59S	B:Q256S	logit=0.260

Top tied mutations (C + D view):
C:V218L	D:V491L	logit=-0.468
C:K191R	D:K464R	logit=-0.568
C:S180T	D:S453T	logit=-0.638
C:T42V	D:T315V	logit=-0.735
C:N51P	D:N324P	logit=-0.852

Top tied mutations (A + B view):
A:N54V	B:N251V	logit=0.290
A:R56N	B:R253N	logit=0.249
A:E100K	B:E297K	logit=0.245
A:Q59E	B:Q256E	logit=0.244
A:T18N	B:T215N	logit=0.233

Top tied mutations (C + D view):
C:V218L	D:V491L	logit=-0.428
C:K191R	D:K464R	logit=-0.506
C:S180T	D:S453T	logit=-0.664
C:T42V	D:T315V	logit=-0.745
C:N51P	D:N324P	logit=-0.855

Top tied mutations (A + B view):
A:V102R	B:V299R	logit=0.304
A:N57D	B:N254D	logit=0.290
A:N55A	B:N252A	logit=0.267
A:V102K	B:V299K	logit=0.239
A:N54I	B:N251I	logit=0.239

Top tied mutations (C + D view):
C:V218L	D:V491L	logit=-0.479
C:K191R	D:K464R	logit=-0.596
C:S180T	D:S453T	logit=-0.667
C:T42V	D:T315V	logit=-0.746
C:N51P	D:N324P	logit=-0.849

Top tied mutations (A + B view):
A:T18C	B:T215C	logit=0.554
A:N54M	B:N251M	logit=0.471
A:N54P	B:N251P	logit=0.433
A:V58C	B:V255C	logit=0.325
A:N54L	B:N251L	logit=0.323

Top tied mutations (C + D view):
C:V218L	D:V491L	logit=-0.465
C:K191R	D:K464R	logit=-0.586
C:S180T	D:S453T	logit=-0.651
C:T42V	D:T315V	logit=-0.690
C:N51P	D:N324P	logit=-0.850

Top tied mutations (A + B view):
A:N54M	B:N251M	logit=0.490
A:N54H	B:N251H	logit=0.424
A:N55R	B:N252R	logit=0.309
A:N55C	B:N252C	logit=0.302
A:N54L	B:N251L	logit=0.296

Top tied mutations (C + D view):
C:V218L	D:V491L	logit=-0.464
C:K191R	D:K464R	logit=-0.511
C:S180T	D:S453T	logit=-0.659
C:T42V	D:T315V	logit=-0.729
C:N51P	D:N324P	logit=-0.747

Top tied mutations (A + B view):
A:N55G	B:N252G	logit=0.371
A:V58R	B:V255R	logit=0.363
A:V58Q	B:V255Q	logit=0.244
A:N54L	B:N251L	logit=0.205
A:N55A	B:N252A	logit=0.193

Top tied mutations (C + D view):
C:V218L	D:V491L	logit=-0.483
C:K191R	D:K464R	logit=-0.578
C:S180T	D:S453T	logit=-0.647
C:T42V	D:T315V	logit=-0.727
C:N51P	D:N324P	logit=-0.743

Top tied mutations (A + B view):
A:V58R	B:V255R	logit=0.444
A:N54H	B:N251H	logit=0.347
A:N55D	B:N252D	logit=0.307
A:N54L	B:N251L	logit=0.264
A:E100D	B:E297D	logit=0.228

Top tied mutations (C + D view):
C:V218L	D:V491L	logit=-0.470
C:K191R	D:K464R	logit=-0.567
C:S180T	D:S453T	logit=-0.648
C:T42V	D:T315V	logit=-0.769
C:S89A	D:S362A	logit=-0.895

Top tied mutations (A + B view):
A:R56N	B:R253N	logit=0.334
A:N57D	B:N254D	logit=0.310
A:N54T	B:N251T	logit=0.283
A:N57E	B:N254E	logit=0.279
A:N54E	B:N251E	logit=0.268

Top tied mutations (C + D view):
C:V218L	D:V491L	logit=-0.459
C:K191R	D:K464R	logit=-0.539
C:S180T	D:S453T	logit=-0.672
C:T42V	D:T315V	logit=-0.683
C:N51P	D:N324P	logit=-0.723

Top tied mutations (A + B view):
A:N55D	B:N252D	logit=0.569
A:N54P	B:N251P	logit=0.340
A:R56E	B:R253E	logit=0.226
A:R56N	B:R253N	logit=0.222
A:N55E	B:N252E	logit=0.215

Top tied mutations (C + D view):
C:V218L	D:V491L	logit=-0.497
C:K191R	D:K464R	logit=-0.538
C:S180T	D:S453T	logit=-0.657
C:T42V	D:T315V	logit=-0.672
C:N51P	D:N324P	logit=-0.799

Top tied mutations (A + B view):
A:V58C	B:V255C	logit=0.435
A:N54P	B:N251P	logit=0.369
A:Q59E	B:Q256E	logit=0.282
A:R61V	B:R258V	logit=0.255
A:N55A	B:N252A	logit=0.254

Top tied mutations (C + D view):
C:V218L	D:V491L	logit=-0.434
C:K191R	D:K464R	logit=-0.506
C:S180T	D:S453T	logit=-0.641
C:T42V	D:T315V	logit=-0.734
C:N51P	D:N324P	logit=-0.736

Top tied mutations (A + B view):
A:N57D	B:N254D	logit=0.368
A:R61C	B:R258C	logit=0.348
A:V58C	B:V255C	logit=0.322
A:N55G	B:N252G	logit=0.311
A:N54P	B:N251P	logit=0.305

Top tied mutations (C + D view):
C:V218L	D:V491L	logit=-0.413
C:K191R	D:K464R	logit=-0.539
C:S180T	D:S453T	logit=-0.658
C:T42V	D:T315V	logit=-0.752
C:N51P	D:N324P	logit=-0.804

Top tied mutations (A + B view):
A:T18C	B:T215C	logit=0.809
A:R61C	B:R258C	logit=0.591
A:E100C	B:E297C	logit=0.416
A:V102C	B:V299C	logit=0.410
A:V58C	B:V255C	logit=0.360

Top tied mutations (C + D view):
C:V218L	D:V491L	logit=-0.503
C:K191R	D:K464R	logit=-0.610
C:S180T	D:S453T	logit=-0.663
C:T42V	D:T315V	logit=-0.763
C:N51P	D:N324P	logit=-0.872

Top tied mutations (A + B view):
A:N57F	B:N254F	logit=0.578
A:N57E	B:N254E	logit=0.513
A:N57D	B:N254D	logit=0.487
A:R56E	B:R253E	logit=0.447
A:R56D	B:R253D	logit=0.357

Top tied mutations (C + D view):
C:K191R	D:K464R	logit=-0.496
C:V218L	D:V491L	logit=-0.499
C:S180T	D:S453T	logit=-0.654
C:T42V	D:T315V	logit=-0.812
C:S89A	D:S362A	logit=-0.823

Top tied mutations (A + B view):
A:V58C	B:V255C	logit=0.424
A:V102C	B:V299C	logit=0.394
A:V102S	B:V299S	logit=0.373
A:V102R	B:V299R	logit=0.317
A:N57A	B:N254A	logit=0.288

Top tied mutations (C + D view):
C:V218L	D:V491L	logit=-0.440
C:K191R	D:K464R	logit=-0.516
C:S180T	D:S453T	logit=-0.643
C:T42V	D:T315V	logit=-0.778
C:N51P	D:N324P	logit=-0.923

Top tied mutations (A + B view):
A:N55K	B:N252K	logit=0.389
A:Q59E	B:Q256E	logit=0.337
A:V58C	B:V255C	logit=0.273
A:E100C	B:E297C	logit=0.258
A:R61C	B:R258C	logit=0.258

Top tied mutations (C + D view):
C:V218L	D:V491L	logit=-0.461
C:K191R	D:K464R	logit=-0.485
C:S180T	D:S453T	logit=-0.678
C:T42V	D:T315V	logit=-0.683
C:N51P	D:N324P	logit=-0.728

Top tied mutations (A + B view):
A:N55D	B:N252D	logit=0.700
A:E100K	B:E297K	logit=0.367
A:E100R	B:E297R	logit=0.350
A:N54P	B:N251P	logit=0.329
A:V58Q	B:V255Q	logit=0.314

Top tied mutations (C + D view):
C:V218L	D:V491L	logit=-0.456
C:K191R	D:K464R	logit=-0.570
C:S180T	D:S453T	logit=-0.667
C:T42V	D:T315V	logit=-0.768
C:S72G	D:S345G	logit=-0.900

Top tied mutations (A + B view):
A:N57L	B:N254L	logit=0.263
A:N55T	B:N252T	logit=0.257
A:R56M	B:R253M	logit=0.177
A:T18E	B:T215E	logit=0.175
A:N55G	B:N252G	logit=0.162

Top tied mutations (C + D view):
C:V218L	D:V491L	logit=-0.426
C:S180T	D:S453T	logit=-0.663
C:K191R	D:K464R	logit=-0.677
C:T42V	D:T315V	logit=-0.755
C:S89A	D:S362A	logit=-0.922

Top tied mutations (A + B view):
A:N54P	B:N251P	logit=0.430
A:R56K	B:R253K	logit=0.312
A:N54A	B:N251A	logit=0.242
A:T18C	B:T215C	logit=0.217
A:V102C	B:V299C	logit=0.202

Top tied mutations (C + D view):
C:V218L	D:V491L	logit=-0.426
C:K191R	D:K464R	logit=-0.552
C:S180T	D:S453T	logit=-0.696
C:T42V	D:T315V	logit=-0.745
C:N51P	D:N324P	logit=-0.765

Top tied mutations (A + B view):
A:T18C	B:T215C	logit=0.624
A:R56N	B:R253N	logit=0.458
A:R56D	B:R253D	logit=0.237
A:R56E	B:R253E	logit=0.211
A:R56S	B:R253S	logit=0.208

Top tied mutations (C + D view):
C:V218L	D:V491L	logit=-0.426
C:K191R	D:K464R	logit=-0.570
C:S180T	D:S453T	logit=-0.643
C:T42V	D:T315V	logit=-0.737
C:S89A	D:S362A	logit=-0.895

Top tied mutations (A + B view):
A:T18K	B:T215K	logit=0.328
A:V58R	B:V255R	logit=0.325
A:R61K	B:R258K	logit=0.305
A:N57M	B:N254M	logit=0.296
A:T18P	B:T215P	logit=0.283

Top tied mutations (C + D view):
C:V218L	D:V491L	logit=-0.494
C:K191R	D:K464R	logit=-0.585
C:S180T	D:S453T	logit=-0.637
C:T42V	D:T315V	logit=-0.739
C:S89A	D:S362A	logit=-0.866

Top tied mutations (A + B view):
A:N55D	B:N252D	logit=0.431
A:T18C	B:T215C	logit=0.418
A:N54L	B:N251L	logit=0.296
A:N55A	B:N252A	logit=0.271
A:R56F	B:R253F	logit=0.207

Top tied mutations (C + D view):
C:V218L	D:V491L	logit=-0.465
C:K191R	D:K464R	logit=-0.642
C:S180T	D:S453T	logit=-0.678
C:T42V	D:T315V	logit=-0.724
C:S89A	D:S362A	logit=-0.930

Top tied mutations (A + B view):
A:V58R	B:V255R	logit=0.729
A:T18C	B:T215C	logit=0.449
A:E100C	B:E297C	logit=0.444
A:N57Y	B:N254Y	logit=0.421
A:N55D	B:N252D	logit=0.346

Top tied mutations (C + D view):
C:V218L	D:V491L	logit=-0.468
C:K191R	D:K464R	logit=-0.564
C:S180T	D:S453T	logit=-0.677
C:T42V	D:T315V	logit=-0.692
C:N51P	D:N324P	logit=-0.845

Top tied mutations (A + B view):
A:N54T	B:N251T	logit=0.482
A:E100R	B:E297R	logit=0.432
A:N55D	B:N252D	logit=0.404
A:V58E	B:V255E	logit=0.368
A:E100H	B:E297H	logit=0.353

Top tied mutations (C + D view):
C:V218L	D:V491L	logit=-0.426
C:K191R	D:K464R	logit=-0.549
C:S180T	D:S453T	logit=-0.627
C:T42V	D:T315V	logit=-0.739
C:S89A	D:S362A	logit=-0.881

Top tied mutations (A + B view):
A:N54A	B:N251A	logit=0.467
A:T18C	B:T215C	logit=0.455
A:E100R	B:E297R	logit=0.402
A:E100K	B:E297K	logit=0.365
A:V58E	B:V255E	logit=0.290

Top tied mutations (C + D view):
C:V218L	D:V491L	logit=-0.405
C:K191R	D:K464R	logit=-0.565
C:S180T	D:S453T	logit=-0.656
C:T42V	D:T315V	logit=-0.735
C:S89A	D:S362A	logit=-0.907

Top tied mutations (A + B view):
A:N55Q	B:N252Q	logit=0.400
A:R56H	B:R253H	logit=0.337
A:N54I	B:N251I	logit=0.336
A:N55C	B:N252C	logit=0.315
A:N55G	B:N252G	logit=0.303

Top tied mutations (C + D view):
C:V218L	D:V491L	logit=-0.468
C:K191R	D:K464R	logit=-0.552
C:S180T	D:S453T	logit=-0.636
C:T42V	D:T315V	logit=-0.687
C:N51P	D:N324P	logit=-0.794

Top tied mutations (A + B view):
A:T18C	B:T215C	logit=0.503
A:Q59E	B:Q256E	logit=0.388
A:V102C	B:V299C	logit=0.359
A:N55T	B:N252T	logit=0.304
A:N54H	B:N251H	logit=0.283

Top tied mutations (C + D view):
C:V218L	D:V491L	logit=-0.469
C:K191R	D:K464R	logit=-0.598
C:S180T	D:S453T	logit=-0.640
C:T42V	D:T315V	logit=-0.743
C:N51P	D:N324P	logit=-0.790

Top tied mutations (A + B view):
A:N54L	B:N251L	logit=0.270
A:N57K	B:N254K	logit=0.208
A:R56D	B:R253D	logit=0.193
A:V58E	B:V255E	logit=0.191
A:E100T	B:E297T	logit=0.183

Top tied mutations (C + D view):
C:V218L	D:V491L	logit=-0.477
C:K191R	D:K464R	logit=-0.660
C:S180T	D:S453T	logit=-0.668
C:T42V	D:T315V	logit=-0.696
C:N51P	D:N324P	logit=-0.860

Top tied mutations (A + B view):
A:V58R	B:V255R	logit=0.420
A:V102C	B:V299C	logit=0.415
A:N57L	B:N254L	logit=0.370
A:N57C	B:N254C	logit=0.343
A:N57E	B:N254E	logit=0.311

Top tied mutations (C + D view):
C:V218L	D:V491L	logit=-0.474
C:K191R	D:K464R	logit=-0.567
C:S180T	D:S453T	logit=-0.666
C:T42V	D:T315V	logit=-0.729
C:N219S	D:N492S	logit=-0.909

Top tied mutations (A + B view):
A:N57M	B:N254M	logit=0.347
A:N57L	B:N254L	logit=0.304
A:R61C	B:R258C	logit=0.256
A:R61A	B:R258A	logit=0.189
A:V58N	B:V255N	logit=0.179

Top tied mutations (C + D view):
C:V218L	D:V491L	logit=-0.459
C:K191R	D:K464R	logit=-0.528
C:S180T	D:S453T	logit=-0.669
C:T42V	D:T315V	logit=-0.711
C:N51P	D:N324P	logit=-0.846

Top tied mutations (A + B view):
A:V58R	B:V255R	logit=0.522
A:R56K	B:R253K	logit=0.520
A:N54P	B:N251P	logit=0.415
A:V58K	B:V255K	logit=0.267
A:N54A	B:N251A	logit=0.221

Top tied mutations (C + D view):
C:V218L	D:V491L	logit=-0.461
C:K191R	D:K464R	logit=-0.561
C:S180T	D:S453T	logit=-0.649
C:T42V	D:T315V	logit=-0.706
C:N51P	D:N324P	logit=-0.764

Top tied mutations (A + B view):
A:N55R	B:N252R	logit=0.537
A:N54H	B:N251H	logit=0.487
A:N54E	B:N251E	logit=0.459
A:N57D	B:N254D	logit=0.436
A:R56H	B:R253H	logit=0.378

Top tied mutations (C + D view):
C:V218L	D:V491L	logit=-0.449
C:K191R	D:K464R	logit=-0.588
C:S180T	D:S453T	logit=-0.654
C:T42V	D:T315V	logit=-0.757
C:N51P	D:N324P	logit=-0.780

Top tied mutations (A + B view):
A:N55D	B:N252D	logit=0.565
A:R56E	B:R253E	logit=0.441
A:N54T	B:N251T	logit=0.393
A:V102R	B:V299R	logit=0.321
A:N54E	B:N251E	logit=0.303

Top tied mutations (C + D view):
C:V218L	D:V491L	logit=-0.421
C:K191R	D:K464R	logit=-0.533
C:S180T	D:S453T	logit=-0.683
C:N51P	D:N324P	logit=-0.795
C:T42V	D:T315V	logit=-0.814

Top tied mutations (A + B view):
A:R56A	B:R253A	logit=0.248
A:N55K	B:N252K	logit=0.247
A:N57K	B:N254K	logit=0.240
A:R56Q	B:R253Q	logit=0.213
A:R56W	B:R253W	logit=0.186

Top tied mutations (C + D view):
C:V218L	D:V491L	logit=-0.475
C:K191R	D:K464R	logit=-0.627
C:S180T	D:S453T	logit=-0.671
C:T42V	D:T315V	logit=-0.710
C:N51P	D:N324P	logit=-0.851

Top tied mutations (A + B view):
A:V102R	B:V299R	logit=0.412
A:V102A	B:V299A	logit=0.339
A:R61K	B:R258K	logit=0.279
A:R56P	B:R253P	logit=0.265
A:V58A	B:V255A	logit=0.263

Top tied mutations (C + D view):
C:V218L	D:V491L	logit=-0.451
C:K191R	D:K464R	logit=-0.549
C:S180T	D:S453T	logit=-0.680
C:T42V	D:T315V	logit=-0.764
C:S89A	D:S362A	logit=-0.861

Top tied mutations (A + B view):
A:V58C	B:V255C	logit=0.659
A:E100C	B:E297C	logit=0.605
A:V102C	B:V299C	logit=0.517
A:Q59C	B:Q256C	logit=0.446
A:R61C	B:R258C	logit=0.417

Top tied mutations (C + D view):
C:V218L	D:V491L	logit=-0.473
C:K191R	D:K464R	logit=-0.608
C:S180T	D:S453T	logit=-0.652
C:T42V	D:T315V	logit=-0.721
C:N51P	D:N324P	logit=-0.785

Top tied mutations (A + B view):
A:R61K	B:R258K	logit=0.384
A:V58N	B:V255N	logit=0.354
A:T18C	B:T215C	logit=0.301
A:V58H	B:V255H	logit=0.275
A:N55H	B:N252H	logit=0.264

Top tied mutations (C + D view):
C:V218L	D:V491L	logit=-0.422
C:K191R	D:K464R	logit=-0.533
C:S180T	D:S453T	logit=-0.627
C:T42V	D:T315V	logit=-0.753
C:N51P	D:N324P	logit=-0.870

Top tied mutations (A + B view):
A:N57M	B:N254M	logit=0.394
A:N54L	B:N251L	logit=0.322
A:N54M	B:N251M	logit=0.317
A:V58E	B:V255E	logit=0.271
A:N55H	B:N252H	logit=0.258

Top tied mutations (C + D view):
C:V218L	D:V491L	logit=-0.445
C:K191R	D:K464R	logit=-0.581
C:S180T	D:S453T	logit=-0.700
C:T42V	D:T315V	logit=-0.725
C:N51P	D:N324P	logit=-0.777

Top tied mutations (A + B view):
A:N57F	B:N254F	logit=0.418
A:N57L	B:N254L	logit=0.222
A:R56I	B:R253I	logit=0.210
A:N55Q	B:N252Q	logit=0.192
A:V58G	B:V255G	logit=0.188

Top tied mutations (C + D view):
C:V218L	D:V491L	logit=-0.422
C:K191R	D:K464R	logit=-0.570
C:S180T	D:S453T	logit=-0.670
C:T42V	D:T315V	logit=-0.700
C:N51P	D:N324P	logit=-0.824

Top tied mutations (A + B view):
A:N55D	B:N252D	logit=0.397
A:T18C	B:T215C	logit=0.374
A:R56K	B:R253K	logit=0.346
A:V58C	B:V255C	logit=0.288
A:R61C	B:R258C	logit=0.218

Top tied mutations (C + D view):
C:V218L	D:V491L	logit=-0.445
C:K191R	D:K464R	logit=-0.583
C:S180T	D:S453T	logit=-0.671
C:T42V	D:T315V	logit=-0.741
C:S89A	D:S362A	logit=-0.917

Top tied mutations (A + B view):
A:V58R	B:V255R	logit=0.390
A:N55Q	B:N252Q	logit=0.288
A:N55T	B:N252T	logit=0.284
A:R56N	B:R253N	logit=0.275
A:N55D	B:N252D	logit=0.267

Top tied mutations (C + D view):
C:V218L	D:V491L	logit=-0.437
C:K191R	D:K464R	logit=-0.583
C:S180T	D:S453T	logit=-0.667
C:T42V	D:T315V	logit=-0.717
C:N51P	D:N324P	logit=-0.821

Top tied mutations (A + B view):
A:N55R	B:N252R	logit=0.435
A:N55K	B:N252K	logit=0.291
A:R56K	B:R253K	logit=0.289
A:N54I	B:N251I	logit=0.261
A:N54L	B:N251L	logit=0.250

Top tied mutations (C + D view):
C:V218L	D:V491L	logit=-0.408
C:K191R	D:K464R	logit=-0.614
C:S180T	D:S453T	logit=-0.656
C:T42V	D:T315V	logit=-0.730
C:N51P	D:N324P	logit=-0.860

Top tied mutations (A + B view):
A:N55T	B:N252T	logit=0.389
A:N55Q	B:N252Q	logit=0.293
A:R56V	B:R253V	logit=0.259
A:R56C	B:R253C	logit=0.250
A:R56F	B:R253F	logit=0.236

Top tied mutations (C + D view):
C:K191R	D:K464R	logit=-0.464
C:V218L	D:V491L	logit=-0.470
C:S180T	D:S453T	logit=-0.657
C:T42V	D:T315V	logit=-0.711
C:N51P	D:N324P	logit=-0.732

Top tied mutations (A + B view):
A:V58R	B:V255R	logit=0.338
A:N55D	B:N252D	logit=0.305
A:V58M	B:V255M	logit=0.295
A:N57E	B:N254E	logit=0.255
A:N57D	B:N254D	logit=0.243

Top tied mutations (C + D view):
C:V218L	D:V491L	logit=-0.464
C:K191R	D:K464R	logit=-0.656
C:S180T	D:S453T	logit=-0.671
C:N51P	D:N324P	logit=-0.736
C:T42V	D:T315V	logit=-0.742

Top tied mutations (A + B view):
A:N57F	B:N254F	logit=0.455
A:N57E	B:N254E	logit=0.426
A:N57L	B:N254L	logit=0.357
A:T18C	B:T215C	logit=0.283
A:N57Y	B:N254Y	logit=0.282

Top tied mutations (C + D view):
C:V218L	D:V491L	logit=-0.399
C:K191R	D:K464R	logit=-0.608
C:T42V	D:T315V	logit=-0.669
C:S180T	D:S453T	logit=-0.682
C:N51P	D:N324P	logit=-0.752

Top tied mutations (A + B view):
A:R56K	B:R253K	logit=0.365
A:R61S	B:R258S	logit=0.291
A:Q59E	B:Q256E	logit=0.226
A:T18C	B:T215C	logit=0.208
A:R61T	B:R258T	logit=0.203

Top tied mutations (C + D view):
C:V218L	D:V491L	logit=-0.445
C:K191R	D:K464R	logit=-0.540
C:S180T	D:S453T	logit=-0.631
C:T42V	D:T315V	logit=-0.722
C:S89A	D:S362A	logit=-0.922

Top tied mutations (A + B view):
A:N54P	B:N251P	logit=0.671
A:N55A	B:N252A	logit=0.379
A:T18P	B:T215P	logit=0.328
A:N54A	B:N251A	logit=0.290
A:R56F	B:R253F	logit=0.256

Top tied mutations (C + D view):
C:V218L	D:V491L	logit=-0.447
C:K191R	D:K464R	logit=-0.523
C:S180T	D:S453T	logit=-0.679
C:T42V	D:T315V	logit=-0.736
C:N51P	D:N324P	logit=-0.826

Top tied mutations (A + B view):
A:N54A	B:N251A	logit=0.524
A:V102K	B:V299K	logit=0.454
A:T18C	B:T215C	logit=0.404
A:V102R	B:V299R	logit=0.397
A:N55G	B:N252G	logit=0.359

Top tied mutations (C + D view):
C:V218L	D:V491L	logit=-0.486
C:K191R	D:K464R	logit=-0.559
C:S180T	D:S453T	logit=-0.639
C:T42V	D:T315V	logit=-0.722
C:N51P	D:N324P	logit=-0.904

Top tied mutations (A + B view):
A:N55A	B:N252A	logit=0.235
A:N55W	B:N252W	logit=0.232
A:N57K	B:N254K	logit=0.223
A:N55Q	B:N252Q	logit=0.211
A:Q59K	B:Q256K	logit=0.203

Top tied mutations (C + D view):
C:V218L	D:V491L	logit=-0.445
C:K191R	D:K464R	logit=-0.532
C:S180T	D:S453T	logit=-0.669
C:T42V	D:T315V	logit=-0.692
C:N51P	D:N324P	logit=-0.892

Top tied mutations (A + B view):
A:N55D	B:N252D	logit=0.452
A:R61K	B:R258K	logit=0.364
A:V58Q	B:V255Q	logit=0.354
A:V58S	B:V255S	logit=0.267
A:N54I	B:N251I	logit=0.253

Top tied mutations (C + D view):
C:V218L	D:V491L	logit=-0.396
C:K191R	D:K464R	logit=-0.652
C:S180T	D:S453T	logit=-0.678
C:T42V	D:T315V	logit=-0.748
C:S89A	D:S362A	logit=-0.926

Top tied mutations (A + B view):
A:N54M	B:N251M	logit=0.413
A:R56D	B:R253D	logit=0.270
A:N54E	B:N251E	logit=0.230
A:N57D	B:N254D	logit=0.229
A:R56E	B:R253E	logit=0.197

Top tied mutations (C + D view):
C:V218L	D:V491L	logit=-0.489
C:K191R	D:K464R	logit=-0.567
C:S180T	D:S453T	logit=-0.676
C:T42V	D:T315V	logit=-0.702
C:A168P	D:A441P	logit=-0.920

Top tied mutations (A + B view):
A:N54I	B:N251I	logit=0.539
A:E100C	B:E297C	logit=0.239
A:N55T	B:N252T	logit=0.234
A:T18E	B:T215E	logit=0.230
A:N55D	B:N252D	logit=0.211

Top tied mutations (C + D view):
C:V218L	D:V491L	logit=-0.456
C:K191R	D:K464R	logit=-0.548
C:S180T	D:S453T	logit=-0.658
C:T42V	D:T315V	logit=-0.749
C:N51P	D:N324P	logit=-0.890

Top tied mutations (A + B view):
A:E100C	B:E297C	logit=0.295
A:N55T	B:N252T	logit=0.262
A:N57Y	B:N254Y	logit=0.255
A:N55Y	B:N252Y	logit=0.226
A:E100I	B:E297I	logit=0.206

Top tied mutations (C + D view):
C:V218L	D:V491L	logit=-0.436
C:K191R	D:K464R	logit=-0.599
C:S180T	D:S453T	logit=-0.670
C:T42V	D:T315V	logit=-0.705
C:S89A	D:S362A	logit=-0.852

Top tied mutations (A + B view):
A:T18C	B:T215C	logit=0.415
A:N54P	B:N251P	logit=0.326
A:N55Q	B:N252Q	logit=0.301
A:R61C	B:R258C	logit=0.276
A:V58C	B:V255C	logit=0.255

Top tied mutations (C + D view):
C:V218L	D:V491L	logit=-0.417
C:K191R	D:K464R	logit=-0.524
C:S180T	D:S453T	logit=-0.647
C:T42V	D:T315V	logit=-0.703
C:S89A	D:S362A	logit=-0.844

Top tied mutations (A + B view):
A:N54H	B:N251H	logit=0.545
A:N54E	B:N251E	logit=0.456
A:V58A	B:V255A	logit=0.449
A:R56D	B:R253D	logit=0.372
A:V58E	B:V255E	logit=0.354

Top tied mutations (C + D view):
C:V218L	D:V491L	logit=-0.409
C:K191R	D:K464R	logit=-0.553
C:S180T	D:S453T	logit=-0.663
C:T42V	D:T315V	logit=-0.835
C:N51P	D:N324P	logit=-0.891

Top tied mutations (A + B view):
A:N54I	B:N251I	logit=0.551
A:R56D	B:R253D	logit=0.305
A:N54L	B:N251L	logit=0.296
A:N55T	B:N252T	logit=0.254
A:R56E	B:R253E	logit=0.251

Top tied mutations (C + D view):
C:V218L	D:V491L	logit=-0.411
C:K191R	D:K464R	logit=-0.597
C:S180T	D:S453T	logit=-0.660
C:T42V	D:T315V	logit=-0.764
C:N51P	D:N324P	logit=-0.862

Top tied mutations (A + B view):
A:N55R	B:N252R	logit=0.454
A:N55T	B:N252T	logit=0.408
A:N55K	B:N252K	logit=0.370
A:N55H	B:N252H	logit=0.268
A:R56C	B:R253C	logit=0.254

Top tied mutations (C + D view):
C:V218L	D:V491L	logit=-0.416
C:K191R	D:K464R	logit=-0.583
C:S180T	D:S453T	logit=-0.670
C:T42V	D:T315V	logit=-0.707
C:S89A	D:S362A	logit=-0.881

Top tied mutations (A + B view):
A:V58R	B:V255R	logit=0.329
A:Q59E	B:Q256E	logit=0.319
A:R56A	B:R253A	logit=0.266
A:R56M	B:R253M	logit=0.241
A:R56E	B:R253E	logit=0.209

Top tied mutations (C + D view):
C:V218L	D:V491L	logit=-0.414
C:K191R	D:K464R	logit=-0.570
C:S180T	D:S453T	logit=-0.628
C:T42V	D:T315V	logit=-0.698
C:S89A	D:S362A	logit=-0.862

Top tied mutations (A + B view):
A:T18C	B:T215C	logit=0.804
A:N54H	B:N251H	logit=0.373
A:E100K	B:E297K	logit=0.340
A:N54L	B:N251L	logit=0.313
A:E100R	B:E297R	logit=0.310

Top tied mutations (C + D view):
C:V218L	D:V491L	logit=-0.440
C:K191R	D:K464R	logit=-0.555
C:S180T	D:S453T	logit=-0.654
C:T42V	D:T315V	logit=-0.715
C:N51P	D:N324P	logit=-0.846

Top tied mutations (A + B view):
A:E100K	B:E297K	logit=0.547
A:E100R	B:E297R	logit=0.540
A:N54H	B:N251H	logit=0.445
A:N57D	B:N254D	logit=0.422
A:N57E	B:N254E	logit=0.345

Top tied mutations (C + D view):
C:V218L	D:V491L	logit=-0.434
C:K191R	D:K464R	logit=-0.537
C:S180T	D:S453T	logit=-0.649
C:T42V	D:T315V	logit=-0.741
C:S89A	D:S362A	logit=-0.834

Top tied mutations (A + B view):
A:N54T	B:N251T	logit=0.354
A:R61K	B:R258K	logit=0.293
A:T18K	B:T215K	logit=0.264
A:N57M	B:N254M	logit=0.255
A:N57A	B:N254A	logit=0.254

Top tied mutations (C + D view):
C:V218L	D:V491L	logit=-0.435
C:K191R	D:K464R	logit=-0.569
C:S180T	D:S453T	logit=-0.660
C:T42V	D:T315V	logit=-0.746
C:N51P	D:N324P	logit=-0.948

Top tied mutations (A + B view):
A:V58R	B:V255R	logit=0.471
A:R56P	B:R253P	logit=0.288
A:V102T	B:V299T	logit=0.202
A:E100T	B:E297T	logit=0.186
A:V58Y	B:V255Y	logit=0.180

Top tied mutations (C + D view):
C:V218L	D:V491L	logit=-0.459
C:K191R	D:K464R	logit=-0.553
C:S180T	D:S453T	logit=-0.659
C:T42V	D:T315V	logit=-0.736
C:N51P	D:N324P	logit=-0.778

Top tied mutations (A + B view):
A:R56N	B:R253N	logit=0.396
A:N57D	B:N254D	logit=0.316
A:N55D	B:N252D	logit=0.312
A:R56E	B:R253E	logit=0.294
A:R56S	B:R253S	logit=0.277

Top tied mutations (C + D view):
C:V218L	D:V491L	logit=-0.476
C:K191R	D:K464R	logit=-0.581
C:S180T	D:S453T	logit=-0.633
C:T42V	D:T315V	logit=-0.688
C:N51P	D:N324P	logit=-0.704

Top tied mutations (A + B view):
A:N54H	B:N251H	logit=0.527
A:R56H	B:R253H	logit=0.380
A:N54P	B:N251P	logit=0.266
A:N57R	B:N254R	logit=0.258
A:R56K	B:R253K	logit=0.247

Top tied mutations (C + D view):
C:V218L	D:V491L	logit=-0.462
C:K191R	D:K464R	logit=-0.534
C:S180T	D:S453T	logit=-0.667
C:T42V	D:T315V	logit=-0.788
C:N51P	D:N324P	logit=-0.863

Top tied mutations (A + B view):
A:R56D	B:R253D	logit=0.488
A:N57Y	B:N254Y	logit=0.460
A:N55D	B:N252D	logit=0.456
A:T18C	B:T215C	logit=0.451
A:V58E	B:V255E	logit=0.392

Top tied mutations (C + D view):
C:V218L	D:V491L	logit=-0.422
C:K191R	D:K464R	logit=-0.534
C:S180T	D:S453T	logit=-0.675
C:T42V	D:T315V	logit=-0.774
C:N51P	D:N324P	logit=-0.854

Top tied mutations (A + B view):
A:T18C	B:T215C	logit=0.481
A:V58S	B:V255S	logit=0.407
A:R61C	B:R258C	logit=0.350
A:V58C	B:V255C	logit=0.345
A:V102C	B:V299C	logit=0.327

Top tied mutations (C + D view):
C:V218L	D:V491L	logit=-0.420
C:K191R	D:K464R	logit=-0.570
C:S180T	D:S453T	logit=-0.675
C:T42V	D:T315V	logit=-0.764
C:N51P	D:N324P	logit=-0.872

Top tied mutations (A + B view):
A:N55Q	B:N252Q	logit=0.361
A:V58R	B:V255R	logit=0.269
A:N55C	B:N252C	logit=0.267
A:N54R	B:N251R	logit=0.238
A:N57L	B:N254L	logit=0.238

Top tied mutations (C + D view):
C:V218L	D:V491L	logit=-0.394
C:K191R	D:K464R	logit=-0.470
C:S180T	D:S453T	logit=-0.626
C:T42V	D:T315V	logit=-0.744
C:N51P	D:N324P	logit=-0.856

Top tied mutations (A + B view):
A:R61C	B:R258C	logit=0.479
A:N54M	B:N251M	logit=0.454
A:R56E	B:R253E	logit=0.419
A:N54L	B:N251L	logit=0.417
A:R56D	B:R253D	logit=0.409

Top tied mutations (C + D view):
C:V218L	D:V491L	logit=-0.451
C:K191R	D:K464R	logit=-0.527
C:S180T	D:S453T	logit=-0.672
C:T42V	D:T315V	logit=-0.694
C:N51P	D:N324P	logit=-0.763

Top tied mutations (A + B view):
A:V58A	B:V255A	logit=0.338
A:E100K	B:E297K	logit=0.310
A:N54V	B:N251V	logit=0.279
A:Q59D	B:Q256D	logit=0.240
A:T18P	B:T215P	logit=0.239

Top tied mutations (C + D view):
C:V218L	D:V491L	logit=-0.464
C:K191R	D:K464R	logit=-0.557
C:S180T	D:S453T	logit=-0.661
C:T42V	D:T315V	logit=-0.795
C:N51P	D:N324P	logit=-0.947

Top tied mutations (A + B view):
A:N54P	B:N251P	logit=0.423
A:R56P	B:R253P	logit=0.302
A:N55G	B:N252G	logit=0.263
A:V58I	B:V255I	logit=0.213
A:N54T	B:N251T	logit=0.188

Top tied mutations (C + D view):
C:V218L	D:V491L	logit=-0.485
C:K191R	D:K464R	logit=-0.549
C:S180T	D:S453T	logit=-0.633
C:T42V	D:T315V	logit=-0.727
C:N51P	D:N324P	logit=-0.767

Top tied mutations (A + B view):
A:R61T	B:R258T	logit=0.436
A:R61V	B:R258V	logit=0.314
A:V58A	B:V255A	logit=0.263
A:R61S	B:R258S	logit=0.249
A:R61E	B:R258E	logit=0.247

Top tied mutations (C + D view):
C:V218L	D:V491L	logit=-0.454
C:K191R	D:K464R	logit=-0.597
C:S180T	D:S453T	logit=-0.629
C:T42V	D:T315V	logit=-0.726
C:N51P	D:N324P	logit=-0.801

Top tied mutations (A + B view):
A:V58E	B:V255E	logit=0.364
A:N57D	B:N254D	logit=0.329
A:N57K	B:N254K	logit=0.318
A:N55D	B:N252D	logit=0.300
A:V58W	B:V255W	logit=0.220

Top tied mutations (C + D view):
C:V218L	D:V491L	logit=-0.492
C:K191R	D:K464R	logit=-0.550
C:S180T	D:S453T	logit=-0.642
C:T42V	D:T315V	logit=-0.750
C:N51P	D:N324P	logit=-0.827

Top tied mutations (A + B view):
A:T18C	B:T215C	logit=0.326
A:N55D	B:N252D	logit=0.277
A:N55T	B:N252T	logit=0.259
A:T18L	B:T215L	logit=0.251
A:N55K	B:N252K	logit=0.242

Top tied mutations (C + D view):
C:V218L	D:V491L	logit=-0.448
C:K191R	D:K464R	logit=-0.510
C:S180T	D:S453T	logit=-0.643
C:T42V	D:T315V	logit=-0.714
C:N51P	D:N324P	logit=-0.772

Top tied mutations (A + B view):
A:N54M	B:N251M	logit=0.373
A:N54H	B:N251H	logit=0.371
A:N55D	B:N252D	logit=0.368
A:N54L	B:N251L	logit=0.362
A:V58R	B:V255R	logit=0.318

Top tied mutations (C + D view):
C:V218L	D:V491L	logit=-0.410
C:K191R	D:K464R	logit=-0.584
C:S180T	D:S453T	logit=-0.653
C:T42V	D:T315V	logit=-0.738
C:N51P	D:N324P	logit=-0.802

Top tied mutations (A + B view):
A:N55D	B:N252D	logit=0.458
A:V58E	B:V255E	logit=0.407
A:E100K	B:E297K	logit=0.335
A:N57D	B:N254D	logit=0.272
A:V58Q	B:V255Q	logit=0.258

Top tied mutations (C + D view):
C:V218L	D:V491L	logit=-0.481
C:K191R	D:K464R	logit=-0.633
C:S180T	D:S453T	logit=-0.671
C:T42V	D:T315V	logit=-0.746
C:N51P	D:N324P	logit=-0.776

Top tied mutations (A + B view):
A:N55D	B:N252D	logit=0.618
A:N57D	B:N254D	logit=0.413
A:R56K	B:R253K	logit=0.369
A:N54E	B:N251E	logit=0.343
A:V58R	B:V255R	logit=0.317

Top tied mutations (C + D view):
C:V218L	D:V491L	logit=-0.407
C:K191R	D:K464R	logit=-0.501
C:S180T	D:S453T	logit=-0.660
C:T42V	D:T315V	logit=-0.676
C:N51P	D:N324P	logit=-0.738

Top tied mutations (A + B view):
A:T18C	B:T215C	logit=0.995
A:R61C	B:R258C	logit=0.473
A:N54P	B:N251P	logit=0.448
A:V58C	B:V255C	logit=0.445
A:E100K	B:E297K	logit=0.283

Top tied mutations (C + D view):
C:V218L	D:V491L	logit=-0.467
C:K191R	D:K464R	logit=-0.605
C:S180T	D:S453T	logit=-0.669
C:T42V	D:T315V	logit=-0.716
C:N51P	D:N324P	logit=-0.757

Top tied mutations (A + B view):
A:R56D	B:R253D	logit=0.665
A:N54I	B:N251I	logit=0.578
A:R56E	B:R253E	logit=0.412
A:N54M	B:N251M	logit=0.322
A:N54L	B:N251L	logit=0.301

Top tied mutations (C + D view):
C:V218L	D:V491L	logit=-0.411
C:K191R	D:K464R	logit=-0.543
C:S180T	D:S453T	logit=-0.646
C:T42V	D:T315V	logit=-0.739
C:N51P	D:N324P	logit=-0.877

Top tied mutations (A + B view):
A:N55D	B:N252D	logit=0.455
A:R56N	B:R253N	logit=0.376
A:R56E	B:R253E	logit=0.364
A:N54T	B:N251T	logit=0.361
A:N55G	B:N252G	logit=0.353

Top tied mutations (C + D view):
C:V218L	D:V491L	logit=-0.478
C:K191R	D:K464R	logit=-0.593
C:S180T	D:S453T	logit=-0.654
C:T42V	D:T315V	logit=-0.759
C:N51P	D:N324P	logit=-0.840

Top tied mutations (A + B view):
A:V58E	B:V255E	logit=0.310
A:E100K	B:E297K	logit=0.300
A:E100S	B:E297S	logit=0.296
A:E100R	B:E297R	logit=0.271
A:R61K	B:R258K	logit=0.247

Top tied mutations (C + D view):
C:V218L	D:V491L	logit=-0.481
C:K191R	D:K464R	logit=-0.583
C:S180T	D:S453T	logit=-0.655
C:T42V	D:T315V	logit=-0.789
C:N51P	D:N324P	logit=-0.838

Top tied mutations (A + B view):
A:V102C	B:V299C	logit=0.406
A:N55A	B:N252A	logit=0.254
A:N54M	B:N251M	logit=0.233
A:V102Q	B:V299Q	logit=0.224
A:N54L	B:N251L	logit=0.207

Top tied mutations (C + D view):
C:V218L	D:V491L	logit=-0.437
C:K191R	D:K464R	logit=-0.527
C:S180T	D:S453T	logit=-0.651
C:N51P	D:N324P	logit=-0.755
C:T42V	D:T315V	logit=-0.770

Top tied mutations (A + B view):
A:N55Q	B:N252Q	logit=0.349
A:V58N	B:V255N	logit=0.208
A:V58S	B:V255S	logit=0.182
A:V58R	B:V255R	logit=0.182
A:N55R	B:N252R	logit=0.177

Top tied mutations (C + D view):
C:V218L	D:V491L	logit=-0.487
C:K191R	D:K464R	logit=-0.569
C:S180T	D:S453T	logit=-0.657
C:T42V	D:T315V	logit=-0.763
C:N51P	D:N324P	logit=-0.865

Top tied mutations (A + B view):
A:V58S	B:V255S	logit=0.449
A:N57D	B:N254D	logit=0.368
A:V58A	B:V255A	logit=0.314
A:V58Q	B:V255Q	logit=0.275
A:V102R	B:V299R	logit=0.265

Top tied mutations (C + D view):
C:V218L	D:V491L	logit=-0.445
C:K191R	D:K464R	logit=-0.497
C:S180T	D:S453T	logit=-0.653
C:T42V	D:T315V	logit=-0.735
C:S89A	D:S362A	logit=-0.873

Top tied mutations (A + B view):
A:N57M	B:N254M	logit=0.384
A:R61K	B:R258K	logit=0.345
A:V58R	B:V255R	logit=0.332
A:N54R	B:N251R	logit=0.331
A:R56P	B:R253P	logit=0.290

Top tied mutations (C + D view):
C:V218L	D:V491L	logit=-0.420
C:K191R	D:K464R	logit=-0.549
C:S180T	D:S453T	logit=-0.636
C:T42V	D:T315V	logit=-0.697
C:N51P	D:N324P	logit=-0.837

Top tied mutations (A + B view):
A:N54P	B:N251P	logit=0.335
A:R56P	B:R253P	logit=0.263
A:N55Q	B:N252Q	logit=0.219
A:R61A	B:R258A	logit=0.213
A:N55Y	B:N252Y	logit=0.193

Top tied mutations (C + D view):
C:V218L	D:V491L	logit=-0.483
C:K191R	D:K464R	logit=-0.601
C:S180T	D:S453T	logit=-0.638
C:T42V	D:T315V	logit=-0.757
C:N51P	D:N324P	logit=-0.780

Top tied mutations (A + B view):
A:V58H	B:V255H	logit=0.374
A:V58C	B:V255C	logit=0.342
A:R61C	B:R258C	logit=0.326
A:N55C	B:N252C	logit=0.300
A:T18C	B:T215C	logit=0.285

Top tied mutations (C + D view):
C:V218L	D:V491L	logit=-0.459
C:K191R	D:K464R	logit=-0.521
C:S180T	D:S453T	logit=-0.690
C:T42V	D:T315V	logit=-0.708
C:N51P	D:N324P	logit=-0.793

Top tied mutations (A + B view):
A:N54P	B:N251P	logit=0.436
A:V102R	B:V299R	logit=0.386
A:N54E	B:N251E	logit=0.376
A:N54A	B:N251A	logit=0.304
A:V102K	B:V299K	logit=0.237

Top tied mutations (C + D view):
C:V218L	D:V491L	logit=-0.413
C:K191R	D:K464R	logit=-0.560
C:S180T	D:S453T	logit=-0.644
C:T42V	D:T315V	logit=-0.766
C:N51P	D:N324P	logit=-0.886

Top tied mutations (A + B view):
A:T18C	B:T215C	logit=0.827
A:R56P	B:R253P	logit=0.352
A:V58R	B:V255R	logit=0.315
A:N57K	B:N254K	logit=0.265
A:T18A	B:T215A	logit=0.221

Top tied mutations (C + D view):
C:V218L	D:V491L	logit=-0.405
C:K191R	D:K464R	logit=-0.489
C:S180T	D:S453T	logit=-0.675
C:T42V	D:T315V	logit=-0.699
C:S89A	D:S362A	logit=-0.876

Top tied mutations (A + B view):
A:V58R	B:V255R	logit=0.555
A:R56K	B:R253K	logit=0.403
A:N55R	B:N252R	logit=0.296
A:N57R	B:N254R	logit=0.282
A:N55K	B:N252K	logit=0.187

Top tied mutations (C + D view):
C:V218L	D:V491L	logit=-0.475
C:K191R	D:K464R	logit=-0.535
C:S180T	D:S453T	logit=-0.634
C:T42V	D:T315V	logit=-0.742
C:N51P	D:N324P	logit=-0.843

Top tied mutations (A + B view):
A:V58R	B:V255R	logit=0.370
A:E100C	B:E297C	logit=0.335
A:N54L	B:N251L	logit=0.335
A:N55G	B:N252G	logit=0.334
A:R61C	B:R258C	logit=0.323

Top tied mutations (C + D view):
C:V218L	D:V491L	logit=-0.457
C:K191R	D:K464R	logit=-0.475
C:S180T	D:S453T	logit=-0.685
C:N51P	D:N324P	logit=-0.725
C:T42V	D:T315V	logit=-0.729

Top tied mutations (A + B view):
A:V58R	B:V255R	logit=0.367
A:R61K	B:R258K	logit=0.304
A:N54H	B:N251H	logit=0.291
A:R56E	B:R253E	logit=0.291
A:N57K	B:N254K	logit=0.269

Top tied mutations (C + D view):
C:V218L	D:V491L	logit=-0.499
C:K191R	D:K464R	logit=-0.575
C:S180T	D:S453T	logit=-0.658
C:T42V	D:T315V	logit=-0.746
C:N51P	D:N324P	logit=-0.834

Top tied mutations (A + B view):
A:T18C	B:T215C	logit=0.354
A:N54E	B:N251E	logit=0.246
A:N54L	B:N251L	logit=0.239
A:V58E	B:V255E	logit=0.238
A:N55E	B:N252E	logit=0.177

Top tied mutations (C + D view):
C:V218L	D:V491L	logit=-0.468
C:K191R	D:K464R	logit=-0.598
C:S180T	D:S453T	logit=-0.646
C:T42V	D:T315V	logit=-0.698
C:N51P	D:N324P	logit=-0.783

Top tied mutations (A + B view):
A:V58E	B:V255E	logit=0.585
A:T18C	B:T215C	logit=0.507
A:R56K	B:R253K	logit=0.378
A:N54H	B:N251H	logit=0.311
A:V58Q	B:V255Q	logit=0.304

Top tied mutations (C + D view):
C:V218L	D:V491L	logit=-0.434
C:K191R	D:K464R	logit=-0.513
C:S180T	D:S453T	logit=-0.646
C:T42V	D:T315V	logit=-0.752
C:S89A	D:S362A	logit=-0.865

Top tied mutations (A + B view):
A:V58R	B:V255R	logit=0.726
A:N54I	B:N251I	logit=0.525
A:N54M	B:N251M	logit=0.373
A:N54L	B:N251L	logit=0.351
A:V58L	B:V255L	logit=0.328

Top tied mutations (C + D view):
C:V218L	D:V491L	logit=-0.505
C:K191R	D:K464R	logit=-0.550
C:S180T	D:S453T	logit=-0.655
C:T42V	D:T315V	logit=-0.750
C:N51P	D:N324P	logit=-0.900

Top tied mutations (A + B view):
A:T18C	B:T215C	logit=0.540
A:V58R	B:V255R	logit=0.294
A:R61C	B:R258C	logit=0.214
A:V58N	B:V255N	logit=0.212
A:V58H	B:V255H	logit=0.207

Top tied mutations (C + D view):
C:V218L	D:V491L	logit=-0.485
C:K191R	D:K464R	logit=-0.554
C:S180T	D:S453T	logit=-0.641
C:T42V	D:T315V	logit=-0.670
C:N51P	D:N324P	logit=-0.819

Top tied mutations (A + B view):
A:R56P	B:R253P	logit=0.402
A:V102R	B:V299R	logit=0.372
A:V102Q	B:V299Q	logit=0.256
A:V102K	B:V299K	logit=0.256
A:V102A	B:V299A	logit=0.222

Top tied mutations (C + D view):
C:V218L	D:V491L	logit=-0.421
C:K191R	D:K464R	logit=-0.617
C:S180T	D:S453T	logit=-0.649
C:T42V	D:T315V	logit=-0.737
C:N51P	D:N324P	logit=-0.783

Top tied mutations (A + B view):
A:V58R	B:V255R	logit=0.636
A:N55D	B:N252D	logit=0.414
A:V58N	B:V255N	logit=0.375
A:T18P	B:T215P	logit=0.347
A:N55G	B:N252G	logit=0.338

Top tied mutations (C + D view):
C:V218L	D:V491L	logit=-0.429
C:K191R	D:K464R	logit=-0.540
C:S180T	D:S453T	logit=-0.671
C:T42V	D:T315V	logit=-0.768
C:N51P	D:N324P	logit=-0.770

Top tied mutations (A + B view):
A:E100R	B:E297R	logit=0.511
A:E100K	B:E297K	logit=0.507
A:T18C	B:T215C	logit=0.486
A:V58C	B:V255C	logit=0.430
A:R56K	B:R253K	logit=0.368

Top tied mutations (C + D view):
C:V218L	D:V491L	logit=-0.448
C:K191R	D:K464R	logit=-0.567
C:S180T	D:S453T	logit=-0.667
C:T42V	D:T315V	logit=-0.694
C:S89A	D:S362A	logit=-0.903

Top tied mutations (A + B view):
A:R56K	B:R253K	logit=0.534
A:V58C	B:V255C	logit=0.473
A:N57M	B:N254M	logit=0.348
A:N57L	B:N254L	logit=0.326
A:N57C	B:N254C	logit=0.269

Top tied mutations (C + D view):
C:V218L	D:V491L	logit=-0.501
C:K191R	D:K464R	logit=-0.524
C:S180T	D:S453T	logit=-0.655
C:T42V	D:T315V	logit=-0.736
C:N51P	D:N324P	logit=-0.801

Top tied mutations (A + B view):
A:N54T	B:N251T	logit=0.627
A:R61K	B:R258K	logit=0.511
A:N54E	B:N251E	logit=0.440
A:E100K	B:E297K	logit=0.381
A:N54Q	B:N251Q	logit=0.379

Top tied mutations (C + D view):
C:V218L	D:V491L	logit=-0.463
C:K191R	D:K464R	logit=-0.598
C:S180T	D:S453T	logit=-0.662
C:T42V	D:T315V	logit=-0.709
C:N51P	D:N324P	logit=-0.907

Top tied mutations (A + B view):
A:V58A	B:V255A	logit=0.243
A:N57M	B:N254M	logit=0.238
A:N57F	B:N254F	logit=0.213
A:N55Q	B:N252Q	logit=0.200
A:T18I	B:T215I	logit=0.179

Top tied mutations (C + D view):
C:V218L	D:V491L	logit=-0.496
C:K191R	D:K464R	logit=-0.614
C:S180T	D:S453T	logit=-0.667
C:T42V	D:T315V	logit=-0.733
C:N51P	D:N324P	logit=-0.750

Top tied mutations (A + B view):
A:N54I	B:N251I	logit=0.612
A:E100R	B:E297R	logit=0.521
A:E100K	B:E297K	logit=0.490
A:V58C	B:V255C	logit=0.369
A:N57F	B:N254F	logit=0.352

Top tied mutations (C + D view):
C:V218L	D:V491L	logit=-0.481
C:K191R	D:K464R	logit=-0.538
C:S180T	D:S453T	logit=-0.666
C:T42V	D:T315V	logit=-0.702
C:N51P	D:N324P	logit=-0.872

Top tied mutations (A + B view):
A:N54P	B:N251P	logit=0.555
A:N55A	B:N252A	logit=0.292
A:N54A	B:N251A	logit=0.266
A:R56E	B:R253E	logit=0.255
A:V58R	B:V255R	logit=0.252

Top tied mutations (C + D view):
C:V218L	D:V491L	logit=-0.465
C:K191R	D:K464R	logit=-0.527
C:S180T	D:S453T	logit=-0.633
C:T42V	D:T315V	logit=-0.676
C:N51P	D:N324P	logit=-0.804

Top tied mutations (A + B view):
A:N54E	B:N251E	logit=0.497
A:R56N	B:R253N	logit=0.369
A:V58E	B:V255E	logit=0.326
A:N54M	B:N251M	logit=0.326
A:N54Q	B:N251Q	logit=0.311

Top tied mutations (C + D view):
C:V218L	D:V491L	logit=-0.504
C:K191R	D:K464R	logit=-0.550
C:S180T	D:S453T	logit=-0.661
C:T42V	D:T315V	logit=-0.723
C:N51P	D:N324P	logit=-0.815

Top tied mutations (A + B view):
A:N54E	B:N251E	logit=0.443
A:N54H	B:N251H	logit=0.309
A:N54R	B:N251R	logit=0.292
A:V102R	B:V299R	logit=0.279
A:V102A	B:V299A	logit=0.278

Top tied mutations (C + D view):
C:V218L	D:V491L	logit=-0.478
C:K191R	D:K464R	logit=-0.546
C:S180T	D:S453T	logit=-0.644
C:T42V	D:T315V	logit=-0.680
C:N51P	D:N324P	logit=-0.779

Top tied mutations (A + B view):
A:V58R	B:V255R	logit=0.551
A:T18C	B:T215C	logit=0.397
A:E100C	B:E297C	logit=0.325
A:V58C	B:V255C	logit=0.324
A:V58N	B:V255N	logit=0.318

Top tied mutations (C + D view):
C:V218L	D:V491L	logit=-0.430
C:K191R	D:K464R	logit=-0.553
C:S180T	D:S453T	logit=-0.656
C:T42V	D:T315V	logit=-0.700
C:N51P	D:N324P	logit=-0.804

Top tied mutations (A + B view):
A:R56E	B:R253E	logit=0.316
A:N54T	B:N251T	logit=0.310
A:N54E	B:N251E	logit=0.303
A:V102K	B:V299K	logit=0.290
A:R56D	B:R253D	logit=0.252

Top tied mutations (C + D view):
C:V218L	D:V491L	logit=-0.402
C:K191R	D:K464R	logit=-0.509
C:S180T	D:S453T	logit=-0.664
C:T42V	D:T315V	logit=-0.788
C:N51P	D:N324P	logit=-0.835

Top tied mutations (A + B view):
A:N54P	B:N251P	logit=0.691
A:T18C	B:T215C	logit=0.400
A:V58E	B:V255E	logit=0.269
A:V58Q	B:V255Q	logit=0.248
A:R61C	B:R258C	logit=0.229

Top tied mutations (C + D view):
C:V218L	D:V491L	logit=-0.451
C:K191R	D:K464R	logit=-0.586
C:S180T	D:S453T	logit=-0.676
C:T42V	D:T315V	logit=-0.718
C:N51P	D:N324P	logit=-0.822

Top tied mutations (A + B view):
A:E100K	B:E297K	logit=0.588
A:N54H	B:N251H	logit=0.466
A:N54E	B:N251E	logit=0.436
A:N55Q	B:N252Q	logit=0.429
A:T18P	B:T215P	logit=0.376

Top tied mutations (C + D view):
C:V218L	D:V491L	logit=-0.469
C:K191R	D:K464R	logit=-0.561
C:S180T	D:S453T	logit=-0.635
C:T42V	D:T315V	logit=-0.762
C:N51P	D:N324P	logit=-0.806

Top tied mutations (A + B view):
A:T18C	B:T215C	logit=0.601
A:V58C	B:V255C	logit=0.442
A:R61C	B:R258C	logit=0.435
A:N55Q	B:N252Q	logit=0.330
A:N54T	B:N251T	logit=0.324

Top tied mutations (C + D view):
C:V218L	D:V491L	logit=-0.482
C:K191R	D:K464R	logit=-0.549
C:T42V	D:T315V	logit=-0.690
C:S180T	D:S453T	logit=-0.692
C:N51P	D:N324P	logit=-0.929

Top tied mutations (A + B view):
A:N54I	B:N251I	logit=0.362
A:V58R	B:V255R	logit=0.340
A:V102K	B:V299K	logit=0.322
A:R56K	B:R253K	logit=0.273
A:N57K	B:N254K	logit=0.263

Top tied mutations (C + D view):
C:V218L	D:V491L	logit=-0.445
C:K191R	D:K464R	logit=-0.535
C:S180T	D:S453T	logit=-0.658
C:T42V	D:T315V	logit=-0.781
C:N51P	D:N324P	logit=-0.860

Top tied mutations (A + B view):
A:V58R	B:V255R	logit=0.646
A:N54L	B:N251L	logit=0.269
A:Q59E	B:Q256E	logit=0.261
A:N54T	B:N251T	logit=0.251
A:V58L	B:V255L	logit=0.246

Top tied mutations (C + D view):
C:V218L	D:V491L	logit=-0.438
C:K191R	D:K464R	logit=-0.539
C:S180T	D:S453T	logit=-0.655
C:T42V	D:T315V	logit=-0.755
C:N51P	D:N324P	logit=-0.869

Top tied mutations (A + B view):
A:R56K	B:R253K	logit=0.561
A:Q59E	B:Q256E	logit=0.479
A:V58R	B:V255R	logit=0.372
A:N55D	B:N252D	logit=0.329
A:R56D	B:R253D	logit=0.291

Top tied mutations (C + D view):
C:V218L	D:V491L	logit=-0.488
C:K191R	D:K464R	logit=-0.525
C:S180T	D:S453T	logit=-0.649
C:T42V	D:T315V	logit=-0.694
C:N51P	D:N324P	logit=-0.845

Top tied mutations (A + B view):
A:T18C	B:T215C	logit=0.551
A:V58C	B:V255C	logit=0.345
A:V102R	B:V299R	logit=0.344
A:V102C	B:V299C	logit=0.328
A:V58Q	B:V255Q	logit=0.322

Top tied mutations (C + D view):
C:V218L	D:V491L	logit=-0.412
C:K191R	D:K464R	logit=-0.547
C:S180T	D:S453T	logit=-0.660
C:T42V	D:T315V	logit=-0.750
C:N51P	D:N324P	logit=-0.824

Top tied mutations (A + B view):
A:T18C	B:T215C	logit=0.466
A:E100K	B:E297K	logit=0.415
A:E100R	B:E297R	logit=0.274
A:Q59E	B:Q256E	logit=0.274
A:N57K	B:N254K	logit=0.229

Top tied mutations (C + D view):
C:V218L	D:V491L	logit=-0.426
C:K191R	D:K464R	logit=-0.606
C:S180T	D:S453T	logit=-0.668
C:T42V	D:T315V	logit=-0.730
C:S89A	D:S362A	logit=-0.874

Top tied mutations (A + B view):
A:N55D	B:N252D	logit=0.566
A:R56N	B:R253N	logit=0.380
A:R56D	B:R253D	logit=0.334
A:E100K	B:E297K	logit=0.301
A:V58E	B:V255E	logit=0.297

Top tied mutations (C + D view):
C:V218L	D:V491L	logit=-0.412
C:K191R	D:K464R	logit=-0.571
C:S180T	D:S453T	logit=-0.634
C:T42V	D:T315V	logit=-0.712
C:S89A	D:S362A	logit=-0.881

Top tied mutations (A + B view):
A:R56K	B:R253K	logit=0.527
A:E100K	B:E297K	logit=0.387
A:N57R	B:N254R	logit=0.351
A:T18P	B:T215P	logit=0.328
A:E100R	B:E297R	logit=0.317

Top tied mutations (C + D view):
C:V218L	D:V491L	logit=-0.417
C:K191R	D:K464R	logit=-0.586
C:S180T	D:S453T	logit=-0.683
C:T42V	D:T315V	logit=-0.743
C:S89A	D:S362A	logit=-0.832

Top tied mutations (A + B view):
A:T18C	B:T215C	logit=0.704
A:V58C	B:V255C	logit=0.511
A:E100K	B:E297K	logit=0.344
A:R61C	B:R258C	logit=0.304
A:V102C	B:V299C	logit=0.273

Top tied mutations (C + D view):
C:V218L	D:V491L	logit=-0.416
C:K191R	D:K464R	logit=-0.512
C:S180T	D:S453T	logit=-0.650
C:T42V	D:T315V	logit=-0.740
C:N51P	D:N324P	logit=-0.787

Top tied mutations (A + B view):
A:E100K	B:E297K	logit=0.512
A:N55D	B:N252D	logit=0.470
A:Q59K	B:Q256K	logit=0.461
A:V58E	B:V255E	logit=0.429
A:R56D	B:R253D	logit=0.371

Top tied mutations (C + D view):
C:V218L	D:V491L	logit=-0.451
C:K191R	D:K464R	logit=-0.640
C:S180T	D:S453T	logit=-0.645
C:T42V	D:T315V	logit=-0.680
C:N51P	D:N324P	logit=-0.801

Top tied mutations (A + B view):
A:R56M	B:R253M	logit=0.375
A:R56V	B:R253V	logit=0.361
A:R56F	B:R253F	logit=0.343
A:R56L	B:R253L	logit=0.337
A:R56Y	B:R253Y	logit=0.306

Top tied mutations (C + D view):
C:V218L	D:V491L	logit=-0.477
C:K191R	D:K464R	logit=-0.548
C:S180T	D:S453T	logit=-0.648
C:T42V	D:T315V	logit=-0.752
C:N51P	D:N324P	logit=-0.843

Top tied mutations (A + B view):
A:Q59E	B:Q256E	logit=0.366
A:V58R	B:V255R	logit=0.323
A:R56D	B:R253D	logit=0.295
A:N55Q	B:N252Q	logit=0.269
A:N57R	B:N254R	logit=0.239

Top tied mutations (C + D view):
C:V218L	D:V491L	logit=-0.431
C:K191R	D:K464R	logit=-0.616
C:S180T	D:S453T	logit=-0.669
C:T42V	D:T315V	logit=-0.687
C:N51P	D:N324P	logit=-0.840

Top tied mutations (A + B view):
A:N55D	B:N252D	logit=0.504
A:N57D	B:N254D	logit=0.188
A:R61I	B:R258I	logit=0.176
A:Q59E	B:Q256E	logit=0.175
A:R56L	B:R253L	logit=0.173

Top tied mutations (C + D view):
C:V218L	D:V491L	logit=-0.409
C:K191R	D:K464R	logit=-0.539
C:S180T	D:S453T	logit=-0.691
C:T42V	D:T315V	logit=-0.699
C:N51P	D:N324P	logit=-0.770

Top tied mutations (A + B view):
A:R61K	B:R258K	logit=0.313
A:Q59K	B:Q256K	logit=0.285
A:N54T	B:N251T	logit=0.268
A:T18E	B:T215E	logit=0.244
A:T18P	B:T215P	logit=0.229

Top tied mutations (C + D view):
C:V218L	D:V491L	logit=-0.453
C:K191R	D:K464R	logit=-0.583
C:S180T	D:S453T	logit=-0.624
C:T42V	D:T315V	logit=-0.673
C:S89A	D:S362A	logit=-0.844

Top tied mutations (A + B view):
A:N54P	B:N251P	logit=0.562
A:N54E	B:N251E	logit=0.416
A:V102K	B:V299K	logit=0.394
A:V58H	B:V255H	logit=0.380
A:N54A	B:N251A	logit=0.355

Top tied mutations (C + D view):
C:V218L	D:V491L	logit=-0.424
C:K191R	D:K464R	logit=-0.604
C:S180T	D:S453T	logit=-0.615
C:T42V	D:T315V	logit=-0.733
C:N51P	D:N324P	logit=-0.830

Top tied mutations (A + B view):
A:V58I	B:V255I	logit=0.485
A:N55K	B:N252K	logit=0.333
A:R56Y	B:R253Y	logit=0.315
A:N54H	B:N251H	logit=0.308
A:R56K	B:R253K	logit=0.300

Top tied mutations (C + D view):
C:V218L	D:V491L	logit=-0.467
C:K191R	D:K464R	logit=-0.636
C:S180T	D:S453T	logit=-0.646
C:N51P	D:N324P	logit=-0.761
C:T42V	D:T315V	logit=-0.771

Top tied mutations (A + B view):
A:N54P	B:N251P	logit=0.545
A:N54M	B:N251M	logit=0.401
A:R56P	B:R253P	logit=0.366
A:V58E	B:V255E	logit=0.306
A:T18C	B:T215C	logit=0.259

Top tied mutations (C + D view):
C:V218L	D:V491L	logit=-0.428
C:K191R	D:K464R	logit=-0.519
C:S180T	D:S453T	logit=-0.660
C:T42V	D:T315V	logit=-0.703
C:N51P	D:N324P	logit=-0.897

Top tied mutations (A + B view):
A:V102C	B:V299C	logit=0.450
A:V58C	B:V255C	logit=0.338
A:V102R	B:V299R	logit=0.297
A:V58E	B:V255E	logit=0.262
A:V58S	B:V255S	logit=0.259

Top tied mutations (C + D view):
C:V218L	D:V491L	logit=-0.422
C:K191R	D:K464R	logit=-0.555
C:S180T	D:S453T	logit=-0.671
C:T42V	D:T315V	logit=-0.791
C:S89A	D:S362A	logit=-0.907

Top tied mutations (A + B view):
A:T18C	B:T215C	logit=1.003
A:V58C	B:V255C	logit=0.766
A:R61C	B:R258C	logit=0.756
A:V102C	B:V299C	logit=0.454
A:E100C	B:E297C	logit=0.403

Top tied mutations (C + D view):
C:V218L	D:V491L	logit=-0.422
C:K191R	D:K464R	logit=-0.501
C:S180T	D:S453T	logit=-0.667
C:N51P	D:N324P	logit=-0.719
C:T42V	D:T315V	logit=-0.758

Top tied mutations (A + B view):
A:Q59A	B:Q256A	logit=0.298
A:N55A	B:N252A	logit=0.233
A:V102A	B:V299A	logit=0.184
A:R56C	B:R253C	logit=0.168
A:R61A	B:R258A	logit=0.159

Top tied mutations (C + D view):
C:V218L	D:V491L	logit=-0.468
C:K191R	D:K464R	logit=-0.584
C:S180T	D:S453T	logit=-0.656
C:T42V	D:T315V	logit=-0.680
C:N51P	D:N324P	logit=-0.755

Top tied mutations (A + B view):
A:N55D	B:N252D	logit=0.301
A:N55R	B:N252R	logit=0.283
A:R56E	B:R253E	logit=0.265
A:E100R	B:E297R	logit=0.245
A:R56D	B:R253D	logit=0.236

Top tied mutations (C + D view):
C:V218L	D:V491L	logit=-0.419
C:K191R	D:K464R	logit=-0.590
C:S180T	D:S453T	logit=-0.649
C:T42V	D:T315V	logit=-0.723
C:N51P	D:N324P	logit=-0.871

Top tied mutations (A + B view):
A:T18C	B:T215C	logit=0.517
A:N57L	B:N254L	logit=0.450
A:N55C	B:N252C	logit=0.322
A:N55Q	B:N252Q	logit=0.318
A:N54L	B:N251L	logit=0.267

Top tied mutations (C + D view):
C:V218L	D:V491L	logit=-0.451
C:K191R	D:K464R	logit=-0.505
C:S180T	D:S453T	logit=-0.647
C:T42V	D:T315V	logit=-0.801
C:N51P	D:N324P	logit=-0.891

Top tied mutations (A + B view):
A:N57M	B:N254M	logit=0.423
A:E100C	B:E297C	logit=0.393
A:N54P	B:N251P	logit=0.392
A:V102C	B:V299C	logit=0.374
A:R61C	B:R258C	logit=0.366

Top tied mutations (C + D view):
C:V218L	D:V491L	logit=-0.446
C:K191R	D:K464R	logit=-0.544
C:S180T	D:S453T	logit=-0.655
C:T42V	D:T315V	logit=-0.702
C:S89A	D:S362A	logit=-0.867

Top tied mutations (A + B view):
A:N57F	B:N254F	logit=0.499
A:R56L	B:R253L	logit=0.370
A:R56F	B:R253F	logit=0.350
A:N57I	B:N254I	logit=0.300
A:N57C	B:N254C	logit=0.293

Top tied mutations (C + D view):
C:V218L	D:V491L	logit=-0.407
C:K191R	D:K464R	logit=-0.543
C:T42V	D:T315V	logit=-0.672
C:S180T	D:S453T	logit=-0.679
C:N51P	D:N324P	logit=-0.827

Top tied mutations (A + B view):
A:N54H	B:N251H	logit=0.653
A:N54E	B:N251E	logit=0.511
A:N54L	B:N251L	logit=0.434
A:N54M	B:N251M	logit=0.433
A:N57H	B:N254H	logit=0.315

Top tied mutations (C + D view):
C:V218L	D:V491L	logit=-0.457
C:K191R	D:K464R	logit=-0.567
C:S180T	D:S453T	logit=-0.646
C:T42V	D:T315V	logit=-0.746
C:N51P	D:N324P	logit=-0.831

Top tied mutations (A + B view):
A:T18C	B:T215C	logit=0.491
A:V58R	B:V255R	logit=0.402
A:Q59E	B:Q256E	logit=0.343
A:N57F	B:N254F	logit=0.282
A:N55G	B:N252G	logit=0.247

Top tied mutations (C + D view):
C:V218L	D:V491L	logit=-0.443
C:K191R	D:K464R	logit=-0.514
C:S180T	D:S453T	logit=-0.651
C:T42V	D:T315V	logit=-0.766
C:N51P	D:N324P	logit=-0.841

Top tied mutations (A + B view):
A:N54I	B:N251I	logit=0.545
A:N54E	B:N251E	logit=0.516
A:N55T	B:N252T	logit=0.378
A:V58R	B:V255R	logit=0.250
A:V58M	B:V255M	logit=0.217

Top tied mutations (C + D view):
C:V218L	D:V491L	logit=-0.436
C:K191R	D:K464R	logit=-0.553
C:S180T	D:S453T	logit=-0.636
C:T42V	D:T315V	logit=-0.796
C:N51P	D:N324P	logit=-0.869

Top tied mutations (A + B view):
A:V58C	B:V255C	logit=0.722
A:T18C	B:T215C	logit=0.689
A:V102C	B:V299C	logit=0.541
A:R61C	B:R258C	logit=0.533
A:N55T	B:N252T	logit=0.507

Top tied mutations (C + D view):
C:V218L	D:V491L	logit=-0.445
C:K191R	D:K464R	logit=-0.561
C:S180T	D:S453T	logit=-0.653
C:T42V	D:T315V	logit=-0.702
C:N51P	D:N324P	logit=-0.775

Top tied mutations (A + B view):
A:T18C	B:T215C	logit=0.438
A:V58C	B:V255C	logit=0.418
A:N55T	B:N252T	logit=0.319
A:N57L	B:N254L	logit=0.303
A:N57M	B:N254M	logit=0.300

Top tied mutations (C + D view):
C:V218L	D:V491L	logit=-0.429
C:K191R	D:K464R	logit=-0.502
C:S180T	D:S453T	logit=-0.624
C:T42V	D:T315V	logit=-0.775
C:N51P	D:N324P	logit=-0.885

Top tied mutations (A + B view):
A:V58Q	B:V255Q	logit=0.512
A:V58E	B:V255E	logit=0.415
A:V58H	B:V255H	logit=0.358
A:N54H	B:N251H	logit=0.357
A:V58Y	B:V255Y	logit=0.355

Top tied mutations (C + D view):
C:V218L	D:V491L	logit=-0.420
C:K191R	D:K464R	logit=-0.623
C:S180T	D:S453T	logit=-0.655
C:T42V	D:T315V	logit=-0.739
C:N51P	D:N324P	logit=-0.839

Top tied mutations (A + B view):
A:N54P	B:N251P	logit=0.463
A:N54A	B:N251A	logit=0.397
A:E100S	B:E297S	logit=0.306
A:E100D	B:E297D	logit=0.269
A:R56L	B:R253L	logit=0.264

Top tied mutations (C + D view):
C:V218L	D:V491L	logit=-0.421
C:K191R	D:K464R	logit=-0.588
C:S180T	D:S453T	logit=-0.644
C:T42V	D:T315V	logit=-0.693
C:N51P	D:N324P	logit=-0.865

Top tied mutations (A + B view):
A:T18C	B:T215C	logit=0.662
A:R61C	B:R258C	logit=0.367
A:V58C	B:V255C	logit=0.319
A:R56A	B:R253A	logit=0.315
A:V58S	B:V255S	logit=0.309

Top tied mutations (C + D view):
C:V218L	D:V491L	logit=-0.421
C:K191R	D:K464R	logit=-0.599
C:S180T	D:S453T	logit=-0.663
C:T42V	D:T315V	logit=-0.719
C:S89A	D:S362A	logit=-0.843

Top tied mutations (A + B view):
A:N54T	B:N251T	logit=0.472
A:R56K	B:R253K	logit=0.445
A:E100R	B:E297R	logit=0.331
A:N54E	B:N251E	logit=0.330
A:N54H	B:N251H	logit=0.305

Top tied mutations (C + D view):
C:V218L	D:V491L	logit=-0.470
C:K191R	D:K464R	logit=-0.539
C:S180T	D:S453T	logit=-0.642
C:T42V	D:T315V	logit=-0.689
C:S89A	D:S362A	logit=-0.839

Top tied mutations (A + B view):
A:T18C	B:T215C	logit=0.380
A:E100K	B:E297K	logit=0.348
A:N55D	B:N252D	logit=0.342
A:N54P	B:N251P	logit=0.292
A:V58E	B:V255E	logit=0.244

Top tied mutations (C + D view):
C:V218L	D:V491L	logit=-0.417
C:K191R	D:K464R	logit=-0.636
C:S180T	D:S453T	logit=-0.640
C:T42V	D:T315V	logit=-0.745
C:S89A	D:S362A	logit=-0.919

Top tied mutations (A + B view):
A:E100K	B:E297K	logit=0.614
A:E100R	B:E297R	logit=0.545
A:E100S	B:E297S	logit=0.462
A:T18C	B:T215C	logit=0.393
A:V58C	B:V255C	logit=0.316

Top tied mutations (C + D view):
C:V218L	D:V491L	logit=-0.420
C:K191R	D:K464R	logit=-0.568
C:S180T	D:S453T	logit=-0.673
C:T42V	D:T315V	logit=-0.752
C:N51P	D:N324P	logit=-0.841

Top tied mutations (A + B view):
A:V58C	B:V255C	logit=0.760
A:R56C	B:R253C	logit=0.686
A:R56V	B:R253V	logit=0.497
A:R56L	B:R253L	logit=0.484
A:R56F	B:R253F	logit=0.459

Top tied mutations (C + D view):
C:V218L	D:V491L	logit=-0.443
C:K191R	D:K464R	logit=-0.519
C:S180T	D:S453T	logit=-0.668
C:T42V	D:T315V	logit=-0.714
C:N51P	D:N324P	logit=-0.792

Top tied mutations (A + B view):
A:V58R	B:V255R	logit=0.627
A:R56E	B:R253E	logit=0.293
A:N54A	B:N251A	logit=0.263
A:V58K	B:V255K	logit=0.263
A:V102R	B:V299R	logit=0.215

Top tied mutations (C + D view):
C:V218L	D:V491L	logit=-0.487
C:K191R	D:K464R	logit=-0.600
C:S180T	D:S453T	logit=-0.622
C:T42V	D:T315V	logit=-0.715
C:N51P	D:N324P	logit=-0.776

Top tied mutations (A + B view):
A:V58E	B:V255E	logit=0.447
A:N54T	B:N251T	logit=0.370
A:N55D	B:N252D	logit=0.360
A:Q59K	B:Q256K	logit=0.336
A:E100K	B:E297K	logit=0.332

Top tied mutations (C + D view):
C:V218L	D:V491L	logit=-0.434
C:K191R	D:K464R	logit=-0.517
C:S180T	D:S453T	logit=-0.646
C:T42V	D:T315V	logit=-0.763
C:N51P	D:N324P	logit=-0.846

Top tied mutations (A + B view):
A:N54T	B:N251T	logit=0.499
A:V58E	B:V255E	logit=0.442
A:E100D	B:E297D	logit=0.408
A:E100S	B:E297S	logit=0.288
A:E100N	B:E297N	logit=0.287

Top tied mutations (C + D view):
C:V218L	D:V491L	logit=-0.490
C:K191R	D:K464R	logit=-0.556
C:S180T	D:S453T	logit=-0.630
C:T42V	D:T315V	logit=-0.730
C:N51P	D:N324P	logit=-0.902

Top tied mutations (A + B view):
A:R56D	B:R253D	logit=0.441
A:N55D	B:N252D	logit=0.413
A:V58Q	B:V255Q	logit=0.312
A:N57D	B:N254D	logit=0.289
A:V58K	B:V255K	logit=0.266

Top tied mutations (C + D view):
C:V218L	D:V491L	logit=-0.468
C:K191R	D:K464R	logit=-0.586
C:S180T	D:S453T	logit=-0.654
C:T42V	D:T315V	logit=-0.698
C:N51P	D:N324P	logit=-0.845

Top tied mutations (A + B view):
A:N55D	B:N252D	logit=0.403
A:N54P	B:N251P	logit=0.334
A:R56C	B:R253C	logit=0.283
A:V58C	B:V255C	logit=0.271
A:T18P	B:T215P	logit=0.236

Top tied mutations (C + D view):
C:V218L	D:V491L	logit=-0.434
C:K191R	D:K464R	logit=-0.511
C:S180T	D:S453T	logit=-0.650
C:T42V	D:T315V	logit=-0.754
C:S89A	D:S362A	logit=-0.869

Top tied mutations (A + B view):
A:V102K	B:V299K	logit=0.325
A:V58C	B:V255C	logit=0.272
A:N55K	B:N252K	logit=0.263
A:V58R	B:V255R	logit=0.258
A:N57R	B:N254R	logit=0.247

Top tied mutations (C + D view):
C:V218L	D:V491L	logit=-0.474
C:K191R	D:K464R	logit=-0.541
C:S180T	D:S453T	logit=-0.659
C:T42V	D:T315V	logit=-0.751
C:N51P	D:N324P	logit=-0.826

Top tied mutations (A + B view):
A:N54P	B:N251P	logit=0.462
A:N55T	B:N252T	logit=0.387
A:N54A	B:N251A	logit=0.313
A:N55R	B:N252R	logit=0.286
A:R56K	B:R253K	logit=0.268

Top tied mutations (C + D view):
C:V218L	D:V491L	logit=-0.458
C:K191R	D:K464R	logit=-0.617
C:S180T	D:S453T	logit=-0.648
C:T42V	D:T315V	logit=-0.727
C:N51P	D:N324P	logit=-0.824

Top tied mutations (A + B view):
A:T18C	B:T215C	logit=0.825
A:R61C	B:R258C	logit=0.552
A:V58C	B:V255C	logit=0.394
A:Q59C	B:Q256C	logit=0.334
A:R56C	B:R253C	logit=0.279

Top tied mutations (C + D view):
C:V218L	D:V491L	logit=-0.447
C:K191R	D:K464R	logit=-0.606
C:S180T	D:S453T	logit=-0.644
C:T42V	D:T315V	logit=-0.690
C:N51P	D:N324P	logit=-0.909

Top tied mutations (A + B view):
A:V58A	B:V255A	logit=0.309
A:V58E	B:V255E	logit=0.307
A:N57A	B:N254A	logit=0.299
A:N57E	B:N254E	logit=0.273
A:R56E	B:R253E	logit=0.270

Top tied mutations (C + D view):
C:V218L	D:V491L	logit=-0.499
C:K191R	D:K464R	logit=-0.554
C:S180T	D:S453T	logit=-0.685
C:T42V	D:T315V	logit=-0.698
C:N51P	D:N324P	logit=-0.773

Top tied mutations (A + B view):
A:E100K	B:E297K	logit=0.419
A:Q59K	B:Q256K	logit=0.380
A:R61K	B:R258K	logit=0.363
A:N55D	B:N252D	logit=0.347
A:R56D	B:R253D	logit=0.344

Top tied mutations (C + D view):
C:V218L	D:V491L	logit=-0.462
C:K191R	D:K464R	logit=-0.535
C:S180T	D:S453T	logit=-0.646
C:T42V	D:T315V	logit=-0.753
C:N51P	D:N324P	logit=-0.781

Top tied mutations (A + B view):
A:V102K	B:V299K	logit=0.270
A:R56D	B:R253D	logit=0.218
A:V102R	B:V299R	logit=0.213
A:V102N	B:V299N	logit=0.185
A:N55G	B:N252G	logit=0.163

Top tied mutations (C + D view):
C:V218L	D:V491L	logit=-0.441
C:K191R	D:K464R	logit=-0.560
C:S180T	D:S453T	logit=-0.673
C:T42V	D:T315V	logit=-0.777
C:N51P	D:N324P	logit=-0.916

Top tied mutations (A + B view):
A:T18C	B:T215C	logit=0.918
A:V58R	B:V255R	logit=0.408
A:E100C	B:E297C	logit=0.344
A:V102C	B:V299C	logit=0.336
A:Q59E	B:Q256E	logit=0.303

Top tied mutations (C + D view):
C:V218L	D:V491L	logit=-0.459
C:K191R	D:K464R	logit=-0.521
C:S180T	D:S453T	logit=-0.671
C:T42V	D:T315V	logit=-0.703
C:N51P	D:N324P	logit=-0.872

Top tied mutations (A + B view):
A:N57D	B:N254D	logit=0.361
A:R61K	B:R258K	logit=0.311
A:E100K	B:E297K	logit=0.302
A:N54L	B:N251L	logit=0.291
A:V102R	B:V299R	logit=0.279

Top tied mutations (C + D view):
C:V218L	D:V491L	logit=-0.479
C:K191R	D:K464R	logit=-0.588
C:S180T	D:S453T	logit=-0.683
C:T42V	D:T315V	logit=-0.760
C:N51P	D:N324P	logit=-0.769

Top tied mutations (A + B view):
A:N55D	B:N252D	logit=0.755
A:N54M	B:N251M	logit=0.589
A:V58C	B:V255C	logit=0.536
A:N54I	B:N251I	logit=0.484
A:N54L	B:N251L	logit=0.471

Top tied mutations (C + D view):
C:V218L	D:V491L	logit=-0.498
C:K191R	D:K464R	logit=-0.620
C:S180T	D:S453T	logit=-0.682
C:T42V	D:T315V	logit=-0.768
C:S89A	D:S362A	logit=-0.903

Top tied mutations (A + B view):
A:N54P	B:N251P	logit=0.412
A:R56N	B:R253N	logit=0.369
A:E100K	B:E297K	logit=0.348
A:E100C	B:E297C	logit=0.293
A:V102C	B:V299C	logit=0.292

Top tied mutations (C + D view):
C:V218L	D:V491L	logit=-0.408
C:K191R	D:K464R	logit=-0.617
C:S180T	D:S453T	logit=-0.646
C:N51P	D:N324P	logit=-0.723
C:T42V	D:T315V	logit=-0.758

Top tied mutations (A + B view):
A:T18C	B:T215C	logit=0.331
A:R56Y	B:R253Y	logit=0.292
A:R56F	B:R253F	logit=0.287
A:R56L	B:R253L	logit=0.264
A:R56W	B:R253W	logit=0.238

Top tied mutations (C + D view):
C:V218L	D:V491L	logit=-0.419
C:K191R	D:K464R	logit=-0.574
C:S180T	D:S453T	logit=-0.670
C:T42V	D:T315V	logit=-0.758
C:N51P	D:N324P	logit=-0.897

Top tied mutations (A + B view):
A:T18C	B:T215C	logit=0.407
A:V102C	B:V299C	logit=0.360
A:R56K	B:R253K	logit=0.317
A:V58C	B:V255C	logit=0.310
A:E100C	B:E297C	logit=0.295

Top tied mutations (C + D view):
C:V218L	D:V491L	logit=-0.448
C:K191R	D:K464R	logit=-0.492
C:S180T	D:S453T	logit=-0.667
C:T42V	D:T315V	logit=-0.734
C:S89A	D:S362A	logit=-0.943

Top tied mutations (A + B view):
A:V58C	B:V255C	logit=0.382
A:N54P	B:N251P	logit=0.371
A:R61C	B:R258C	logit=0.288
A:V102C	B:V299C	logit=0.242
A:R56P	B:R253P	logit=0.235

Top tied mutations (C + D view):
C:V218L	D:V491L	logit=-0.466
C:K191R	D:K464R	logit=-0.593
C:S180T	D:S453T	logit=-0.664
C:T42V	D:T315V	logit=-0.763
C:N51P	D:N324P	logit=-0.879

Top tied mutations (A + B view):
A:N55D	B:N252D	logit=0.492
A:R56D	B:R253D	logit=0.340
A:E100K	B:E297K	logit=0.249
A:N55A	B:N252A	logit=0.217
A:R56N	B:R253N	logit=0.190

Top tied mutations (C + D view):
C:V218L	D:V491L	logit=-0.430
C:K191R	D:K464R	logit=-0.604
C:S180T	D:S453T	logit=-0.675
C:T42V	D:T315V	logit=-0.737
C:N51P	D:N324P	logit=-0.833

Top tied mutations (A + B view):
A:V102C	B:V299C	logit=0.381
A:V58A	B:V255A	logit=0.315
A:N54L	B:N251L	logit=0.239
A:N54R	B:N251R	logit=0.230
A:V102Q	B:V299Q	logit=0.227

Top tied mutations (C + D view):
C:V218L	D:V491L	logit=-0.471
C:K191R	D:K464R	logit=-0.503
C:S180T	D:S453T	logit=-0.617
C:T42V	D:T315V	logit=-0.698
C:N51P	D:N324P	logit=-0.775

Top tied mutations (A + B view):
A:T18C	B:T215C	logit=0.238
A:R61V	B:R258V	logit=0.225
A:Q59E	B:Q256E	logit=0.221
A:R56N	B:R253N	logit=0.204
A:N57M	B:N254M	logit=0.196

Top tied mutations (C + D view):
C:V218L	D:V491L	logit=-0.435
C:K191R	D:K464R	logit=-0.530
C:S180T	D:S453T	logit=-0.666
C:T42V	D:T315V	logit=-0.757
C:N51P	D:N324P	logit=-0.852

Top tied mutations (A + B view):
A:R56D	B:R253D	logit=0.542
A:R56E	B:R253E	logit=0.404
A:R56N	B:R253N	logit=0.392
A:E100S	B:E297S	logit=0.220
A:V58C	B:V255C	logit=0.206

Top tied mutations (C + D view):
C:V218L	D:V491L	logit=-0.468
C:K191R	D:K464R	logit=-0.634
C:S180T	D:S453T	logit=-0.660
C:T42V	D:T315V	logit=-0.799
C:N51P	D:N324P	logit=-0.844

Top tied mutations (A + B view):
A:T18C	B:T215C	logit=0.693
A:R61C	B:R258C	logit=0.676
A:N54P	B:N251P	logit=0.565
A:V58C	B:V255C	logit=0.489
A:Q59C	B:Q256C	logit=0.424

Top tied mutations (C + D view):
C:V218L	D:V491L	logit=-0.422
C:K191R	D:K464R	logit=-0.525
C:S180T	D:S453T	logit=-0.677
C:T42V	D:T315V	logit=-0.711
C:N51P	D:N324P	logit=-0.755

Top tied mutations (A + B view):
A:V58A	B:V255A	logit=0.466
A:R56P	B:R253P	logit=0.346
A:V102R	B:V299R	logit=0.325
A:N57R	B:N254R	logit=0.323
A:Q59A	B:Q256A	logit=0.303

Top tied mutations (C + D view):
C:V218L	D:V491L	logit=-0.459
C:K191R	D:K464R	logit=-0.493
C:S180T	D:S453T	logit=-0.675
C:T42V	D:T315V	logit=-0.696
C:N51P	D:N324P	logit=-0.850

Top tied mutations (A + B view):
A:N54P	B:N251P	logit=0.475
A:N55D	B:N252D	logit=0.361
A:N57W	B:N254W	logit=0.329
A:N54E	B:N251E	logit=0.296
A:T18C	B:T215C	logit=0.285

Top tied mutations (C + D view):
C:V218L	D:V491L	logit=-0.498
C:K191R	D:K464R	logit=-0.596
C:S180T	D:S453T	logit=-0.631
C:T42V	D:T315V	logit=-0.731
C:N51P	D:N324P	logit=-0.801

Top tied mutations (A + B view):
A:N57L	B:N254L	logit=0.339
A:V58S	B:V255S	logit=0.252
A:R56P	B:R253P	logit=0.247
A:T18I	B:T215I	logit=0.240
A:V58A	B:V255A	logit=0.234

Top tied mutations (C + D view):
C:V218L	D:V491L	logit=-0.490
C:K191R	D:K464R	logit=-0.534
C:S180T	D:S453T	logit=-0.650
C:T42V	D:T315V	logit=-0.739
C:N51P	D:N324P	logit=-0.778

Top tied mutations (A + B view):
A:T18C	B:T215C	logit=0.501
A:R56K	B:R253K	logit=0.323
A:N54T	B:N251T	logit=0.314
A:N54E	B:N251E	logit=0.255
A:N55K	B:N252K	logit=0.230

Top tied mutations (C + D view):
C:V218L	D:V491L	logit=-0.461
C:K191R	D:K464R	logit=-0.555
C:S180T	D:S453T	logit=-0.645
C:T42V	D:T315V	logit=-0.713
C:N51P	D:N324P	logit=-0.801

Top tied mutations (A + B view):
A:V58R	B:V255R	logit=0.725
A:R61C	B:R258C	logit=0.475
A:T18C	B:T215C	logit=0.473
A:T18A	B:T215A	logit=0.325
A:N57F	B:N254F	logit=0.306

Top tied mutations (C + D view):
C:V218L	D:V491L	logit=-0.499
C:K191R	D:K464R	logit=-0.586
C:S180T	D:S453T	logit=-0.663
C:N51P	D:N324P	logit=-0.720
C:T42V	D:T315V	logit=-0.786

Top tied mutations (A + B view):
A:E100K	B:E297K	logit=0.347
A:R61K	B:R258K	logit=0.343
A:N54T	B:N251T	logit=0.232
A:E100R	B:E297R	logit=0.230
A:V102K	B:V299K	logit=0.186

Top tied mutations (C + D view):
C:V218L	D:V491L	logit=-0.408
C:K191R	D:K464R	logit=-0.552
C:S180T	D:S453T	logit=-0.633
C:T42V	D:T315V	logit=-0.710
C:S89A	D:S362A	logit=-0.909

Top tied mutations (A + B view):
A:R56K	B:R253K	logit=0.586
A:R61K	B:R258K	logit=0.379
A:E100K	B:E297K	logit=0.336
A:N57R	B:N254R	logit=0.283
A:N55R	B:N252R	logit=0.247

Top tied mutations (C + D view):
C:V218L	D:V491L	logit=-0.412
C:S180T	D:S453T	logit=-0.665
C:K191R	D:K464R	logit=-0.694
C:T42V	D:T315V	logit=-0.750
C:N51P	D:N324P	logit=-0.905

Top tied mutations (A + B view):
A:N57F	B:N254F	logit=0.544
A:N57W	B:N254W	logit=0.336
A:N55T	B:N252T	logit=0.319
A:V102R	B:V299R	logit=0.307
A:N57L	B:N254L	logit=0.305

Top tied mutations (C + D view):
C:V218L	D:V491L	logit=-0.498
C:K191R	D:K464R	logit=-0.583
C:S180T	D:S453T	logit=-0.659
C:T42V	D:T315V	logit=-0.764
C:S89A	D:S362A	logit=-0.898

Top tied mutations (A + B view):
A:T18C	B:T215C	logit=0.731
A:E100R	B:E297R	logit=0.575
A:R61C	B:R258C	logit=0.508
A:V58C	B:V255C	logit=0.426
A:N54P	B:N251P	logit=0.397

Top tied mutations (C + D view):
C:V218L	D:V491L	logit=-0.416
C:K191R	D:K464R	logit=-0.544
C:S180T	D:S453T	logit=-0.667
C:T42V	D:T315V	logit=-0.725
C:N51P	D:N324P	logit=-0.849

Top tied mutations (A + B view):
A:N54I	B:N251I	logit=0.389
A:V58C	B:V255C	logit=0.341
A:N55R	B:N252R	logit=0.285
A:V58M	B:V255M	logit=0.275
A:N57Q	B:N254Q	logit=0.267

Top tied mutations (C + D view):
C:V218L	D:V491L	logit=-0.410
C:K191R	D:K464R	logit=-0.565
C:S180T	D:S453T	logit=-0.654
C:T42V	D:T315V	logit=-0.718
C:N51P	D:N324P	logit=-0.801

Top tied mutations (A + B view):
A:T18C	B:T215C	logit=0.474
A:R56D	B:R253D	logit=0.466
A:N55D	B:N252D	logit=0.431
A:R56E	B:R253E	logit=0.315
A:R56C	B:R253C	logit=0.216

Top tied mutations (C + D view):
C:V218L	D:V491L	logit=-0.431
C:K191R	D:K464R	logit=-0.550
C:S180T	D:S453T	logit=-0.667
C:T42V	D:T315V	logit=-0.711
C:N51P	D:N324P	logit=-0.850

Top tied mutations (A + B view):
A:N54I	B:N251I	logit=0.256
A:V58R	B:V255R	logit=0.227
A:R56V	B:R253V	logit=0.217
A:N54T	B:N251T	logit=0.214
A:N57T	B:N254T	logit=0.205

Top tied mutations (C + D view):
C:V218L	D:V491L	logit=-0.432
C:K191R	D:K464R	logit=-0.475
C:S180T	D:S453T	logit=-0.655
C:T42V	D:T315V	logit=-0.766
C:N51P	D:N324P	logit=-0.801

Top tied mutations (A + B view):
A:V58L	B:V255L	logit=0.351
A:V102A	B:V299A	logit=0.326
A:N54L	B:N251L	logit=0.311
A:V58I	B:V255I	logit=0.290
A:N54M	B:N251M	logit=0.252

Top tied mutations (C + D view):
C:V218L	D:V491L	logit=-0.409
C:S180T	D:S453T	logit=-0.652
C:K191R	D:K464R	logit=-0.662
C:T42V	D:T315V	logit=-0.704
C:N51P	D:N324P	logit=-0.850

Top tied mutations (A + B view):
A:T18C	B:T215C	logit=0.353
A:V58E	B:V255E	logit=0.314
A:N57Y	B:N254Y	logit=0.295
A:R61I	B:R258I	logit=0.223
A:N57F	B:N254F	logit=0.217

Top tied mutations (C + D view):
C:V218L	D:V491L	logit=-0.412
C:K191R	D:K464R	logit=-0.590
C:S180T	D:S453T	logit=-0.669
C:T42V	D:T315V	logit=-0.736
C:N51P	D:N324P	logit=-0.869

Top tied mutations (A + B view):
A:T18C	B:T215C	logit=0.653
A:V58Q	B:V255Q	logit=0.464
A:R61C	B:R258C	logit=0.384
A:N55Q	B:N252Q	logit=0.361
A:N55R	B:N252R	logit=0.331

Top tied mutations (C + D view):
C:V218L	D:V491L	logit=-0.442
C:K191R	D:K464R	logit=-0.647
C:S180T	D:S453T	logit=-0.661
C:T42V	D:T315V	logit=-0.777
C:N51P	D:N324P	logit=-0.797

Top tied mutations (A + B view):
A:Q59E	B:Q256E	logit=0.351
A:N57R	B:N254R	logit=0.282
A:N57F	B:N254F	logit=0.252
A:R56K	B:R253K	logit=0.248
A:N57E	B:N254E	logit=0.240

Top tied mutations (C + D view):
C:V218L	D:V491L	logit=-0.438
C:K191R	D:K464R	logit=-0.538
C:S180T	D:S453T	logit=-0.650
C:T42V	D:T315V	logit=-0.745
C:N51P	D:N324P	logit=-0.851

Top tied mutations (A + B view):
A:N57L	B:N254L	logit=0.507
A:N55T	B:N252T	logit=0.413
A:N54T	B:N251T	logit=0.378
A:N57M	B:N254M	logit=0.322
A:R56L	B:R253L	logit=0.292

Top tied mutations (C + D view):
C:V218L	D:V491L	logit=-0.442
C:K191R	D:K464R	logit=-0.565
C:S180T	D:S453T	logit=-0.649
C:N51P	D:N324P	logit=-0.781
C:T42V	D:T315V	logit=-0.815

Top tied mutations (A + B view):
A:V58R	B:V255R	logit=0.624
A:R56D	B:R253D	logit=0.498
A:N54H	B:N251H	logit=0.420
A:N54R	B:N251R	logit=0.364
A:V58Y	B:V255Y	logit=0.249

Top tied mutations (C + D view):
C:V218L	D:V491L	logit=-0.465
C:K191R	D:K464R	logit=-0.519
C:S180T	D:S453T	logit=-0.650
C:T42V	D:T315V	logit=-0.726
C:N51P	D:N324P	logit=-0.740

Top tied mutations (A + B view):
A:N57F	B:N254F	logit=0.249
A:E100S	B:E297S	logit=0.247
A:V58I	B:V255I	logit=0.236
A:E100D	B:E297D	logit=0.230
A:R56N	B:R253N	logit=0.207

Top tied mutations (C + D view):
C:V218L	D:V491L	logit=-0.478
C:K191R	D:K464R	logit=-0.639
C:S180T	D:S453T	logit=-0.686
C:T42V	D:T315V	logit=-0.705
C:N51P	D:N324P	logit=-0.829

Top tied mutations (A + B view):
A:N55D	B:N252D	logit=0.581
A:V58C	B:V255C	logit=0.303
A:E100C	B:E297C	logit=0.264
A:R56C	B:R253C	logit=0.243
A:R61Q	B:R258Q	logit=0.226

Top tied mutations (C + D view):
C:V218L	D:V491L	logit=-0.440
C:K191R	D:K464R	logit=-0.567
C:S180T	D:S453T	logit=-0.650
C:T42V	D:T315V	logit=-0.713
C:N51P	D:N324P	logit=-0.767

Top tied mutations (A + B view):
A:N54P	B:N251P	logit=0.544
A:R56D	B:R253D	logit=0.426
A:R56E	B:R253E	logit=0.317
A:N54A	B:N251A	logit=0.274
A:V58I	B:V255I	logit=0.267

Top tied mutations (C + D view):
C:V218L	D:V491L	logit=-0.433
C:K191R	D:K464R	logit=-0.591
C:S180T	D:S453T	logit=-0.661
C:T42V	D:T315V	logit=-0.790
C:N51P	D:N324P	logit=-0.870

Top tied mutations (A + B view):
A:N57M	B:N254M	logit=0.392
A:V58E	B:V255E	logit=0.350
A:N55D	B:N252D	logit=0.321
A:N57L	B:N254L	logit=0.308
A:V58H	B:V255H	logit=0.291

Top tied mutations (C + D view):
C:V218L	D:V491L	logit=-0.446
C:K191R	D:K464R	logit=-0.567
C:S180T	D:S453T	logit=-0.650
C:T42V	D:T315V	logit=-0.764
C:N51P	D:N324P	logit=-0.808

Top tied mutations (A + B view):
A:R56W	B:R253W	logit=0.287
A:R56C	B:R253C	logit=0.261
A:Q59A	B:Q256A	logit=0.249
A:V102A	B:V299A	logit=0.232
A:V58A	B:V255A	logit=0.219

Top tied mutations (C + D view):
C:V218L	D:V491L	logit=-0.410
C:K191R	D:K464R	logit=-0.548
C:S180T	D:S453T	logit=-0.650
C:T42V	D:T315V	logit=-0.745
C:N51P	D:N324P	logit=-0.829

Top tied mutations (A + B view):
A:T18C	B:T215C	logit=0.329
A:V102R	B:V299R	logit=0.322
A:V58C	B:V255C	logit=0.295
A:R61Q	B:R258Q	logit=0.284
A:N55T	B:N252T	logit=0.283

Top tied mutations (C + D view):
C:V218L	D:V491L	logit=-0.476
C:K191R	D:K464R	logit=-0.543
C:S180T	D:S453T	logit=-0.618
C:T42V	D:T315V	logit=-0.727
C:N51P	D:N324P	logit=-0.838

Top tied mutations (A + B view):
A:N57D	B:N254D	logit=0.416
A:T18C	B:T215C	logit=0.379
A:V102K	B:V299K	logit=0.322
A:N55D	B:N252D	logit=0.302
A:R56K	B:R253K	logit=0.277

Top tied mutations (C + D view):
C:V218L	D:V491L	logit=-0.474
C:K191R	D:K464R	logit=-0.490
C:S180T	D:S453T	logit=-0.634
C:T42V	D:T315V	logit=-0.750
C:N51P	D:N324P	logit=-0.826

Top tied mutations (A + B view):
A:Q59E	B:Q256E	logit=0.442
A:V58R	B:V255R	logit=0.413
A:T18P	B:T215P	logit=0.389
A:N54Q	B:N251Q	logit=0.344
A:N54E	B:N251E	logit=0.324

Top tied mutations (C + D view):
C:V218L	D:V491L	logit=-0.449
C:K191R	D:K464R	logit=-0.540
C:S180T	D:S453T	logit=-0.648
C:T42V	D:T315V	logit=-0.690
C:N51P	D:N324P	logit=-0.836

Top tied mutations (A + B view):
A:T18C	B:T215C	logit=0.529
A:N55T	B:N252T	logit=0.412
A:N54V	B:N251V	logit=0.287
A:R61L	B:R258L	logit=0.267
A:N54I	B:N251I	logit=0.266

Top tied mutations (C + D view):
C:V218L	D:V491L	logit=-0.439
C:K191R	D:K464R	logit=-0.568
C:S180T	D:S453T	logit=-0.667
C:T42V	D:T315V	logit=-0.686
C:S89A	D:S362A	logit=-0.848

Top tied mutations (A + B view):
A:V102R	B:V299R	logit=0.358
A:E100C	B:E297C	logit=0.348
A:N57D	B:N254D	logit=0.324
A:N55T	B:N252T	logit=0.298
A:N55C	B:N252C	logit=0.294

Top tied mutations (C + D view):
C:V218L	D:V491L	logit=-0.428
C:K191R	D:K464R	logit=-0.560
C:S180T	D:S453T	logit=-0.650
C:T42V	D:T315V	logit=-0.763
C:S89A	D:S362A	logit=-0.886

Top tied mutations (A + B view):
A:T18C	B:T215C	logit=0.407
A:V102R	B:V299R	logit=0.405
A:V58C	B:V255C	logit=0.377
A:V58A	B:V255A	logit=0.325
A:N55A	B:N252A	logit=0.315

Top tied mutations (C + D view):
C:V218L	D:V491L	logit=-0.428
C:K191R	D:K464R	logit=-0.531
C:S180T	D:S453T	logit=-0.663
C:T42V	D:T315V	logit=-0.692
C:N51P	D:N324P	logit=-0.819

Top tied mutations (A + B view):
A:N54P	B:N251P	logit=0.458
A:R56A	B:R253A	logit=0.356
A:V102R	B:V299R	logit=0.321
A:R56T	B:R253T	logit=0.293
A:R56P	B:R253P	logit=0.292

Top tied mutations (C + D view):
C:V218L	D:V491L	logit=-0.451
C:K191R	D:K464R	logit=-0.600
C:S180T	D:S453T	logit=-0.641
C:T42V	D:T315V	logit=-0.842
C:N51P	D:N324P	logit=-0.902

Top tied mutations (A + B view):
A:N54H	B:N251H	logit=0.397
A:N54E	B:N251E	logit=0.369
A:N55D	B:N252D	logit=0.322
A:N57F	B:N254F	logit=0.297
A:V102R	B:V299R	logit=0.294

Top tied mutations (C + D view):
C:V218L	D:V491L	logit=-0.462
C:K191R	D:K464R	logit=-0.488
C:S180T	D:S453T	logit=-0.644
C:T42V	D:T315V	logit=-0.726
C:N51P	D:N324P	logit=-0.810

Top tied mutations (A + B view):
A:T18I	B:T215I	logit=0.363
A:N54P	B:N251P	logit=0.327
A:R56V	B:R253V	logit=0.313
A:R56F	B:R253F	logit=0.301
A:N54R	B:N251R	logit=0.289

Top tied mutations (C + D view):
C:V218L	D:V491L	logit=-0.415
C:K191R	D:K464R	logit=-0.511
C:S180T	D:S453T	logit=-0.643
C:T42V	D:T315V	logit=-0.673
C:N51P	D:N324P	logit=-0.906

Top tied mutations (A + B view):
A:R61C	B:R258C	logit=0.486
A:E100C	B:E297C	logit=0.434
A:N57R	B:N254R	logit=0.358
A:N55R	B:N252R	logit=0.346
A:R61E	B:R258E	logit=0.325

Top tied mutations (C + D view):
C:V218L	D:V491L	logit=-0.418
C:K191R	D:K464R	logit=-0.538
C:S180T	D:S453T	logit=-0.629
C:N51P	D:N324P	logit=-0.704
C:T42V	D:T315V	logit=-0.716

Top tied mutations (A + B view):
A:N57M	B:N254M	logit=0.469
A:Q59E	B:Q256E	logit=0.448
A:N55D	B:N252D	logit=0.403
A:R56I	B:R253I	logit=0.393
A:R56Y	B:R253Y	logit=0.380

Top tied mutations (C + D view):
C:V218L	D:V491L	logit=-0.406
C:K191R	D:K464R	logit=-0.508
C:S180T	D:S453T	logit=-0.656
C:T42V	D:T315V	logit=-0.688
C:S89A	D:S362A	logit=-0.868

Top tied mutations (A + B view):
A:N55T	B:N252T	logit=0.463
A:T18C	B:T215C	logit=0.450
A:N54V	B:N251V	logit=0.339
A:V102R	B:V299R	logit=0.274
A:V102A	B:V299A	logit=0.251

Top tied mutations (C + D view):
C:V218L	D:V491L	logit=-0.437
C:K191R	D:K464R	logit=-0.548
C:S180T	D:S453T	logit=-0.670
C:T42V	D:T315V	logit=-0.690
C:N51P	D:N324P	logit=-0.890

Top tied mutations (A + B view):
A:N54P	B:N251P	logit=0.272
A:V102I	B:V299I	logit=0.269
A:N57K	B:N254K	logit=0.261
A:R56Y	B:R253Y	logit=0.243
A:R56I	B:R253I	logit=0.220

Top tied mutations (C + D view):
C:V218L	D:V491L	logit=-0.443
C:K191R	D:K464R	logit=-0.604
C:S180T	D:S453T	logit=-0.658
C:T42V	D:T315V	logit=-0.729
C:N51P	D:N324P	logit=-0.800

Top tied mutations (A + B view):
A:N55D	B:N252D	logit=0.460
A:N54H	B:N251H	logit=0.448
A:R56K	B:R253K	logit=0.399
A:N54E	B:N251E	logit=0.394
A:N54T	B:N251T	logit=0.383

Top tied mutations (C + D view):
C:V218L	D:V491L	logit=-0.440
C:K191R	D:K464R	logit=-0.529
C:S180T	D:S453T	logit=-0.656
C:T42V	D:T315V	logit=-0.770
C:N51P	D:N324P	logit=-0.906

Top tied mutations (A + B view):
A:R56K	B:R253K	logit=0.444
A:T18P	B:T215P	logit=0.323
A:E100V	B:E297V	logit=0.283
A:N55D	B:N252D	logit=0.251
A:N57K	B:N254K	logit=0.220

Top tied mutations (C + D view):
C:V218L	D:V491L	logit=-0.447
C:K191R	D:K464R	logit=-0.581
C:S180T	D:S453T	logit=-0.660
C:T42V	D:T315V	logit=-0.713
C:S89A	D:S362A	logit=-0.883

Top tied mutations (A + B view):
A:N55D	B:N252D	logit=0.431
A:E100R	B:E297R	logit=0.427
A:R56D	B:R253D	logit=0.353
A:V58C	B:V255C	logit=0.256
A:E100S	B:E297S	logit=0.224

Top tied mutations (C + D view):
C:V218L	D:V491L	logit=-0.439
C:S180T	D:S453T	logit=-0.655
C:K191R	D:K464R	logit=-0.671
C:T42V	D:T315V	logit=-0.718
C:N51P	D:N324P	logit=-0.910

Top tied mutations (A + B view):
A:N55D	B:N252D	logit=0.673
A:V58R	B:V255R	logit=0.443
A:V58K	B:V255K	logit=0.269
A:N57F	B:N254F	logit=0.242
A:N57Y	B:N254Y	logit=0.223

Top tied mutations (C + D view):
C:V218L	D:V491L	logit=-0.413
C:K191R	D:K464R	logit=-0.582
C:S180T	D:S453T	logit=-0.637
C:T42V	D:T315V	logit=-0.783
C:N51P	D:N324P	logit=-0.841

Top tied mutations (A + B view):
A:T18C	B:T215C	logit=0.546
A:V58C	B:V255C	logit=0.368
A:N55C	B:N252C	logit=0.328
A:E100C	B:E297C	logit=0.294
A:R61C	B:R258C	logit=0.279

Top tied mutations (C + D view):
C:V218L	D:V491L	logit=-0.479
C:K191R	D:K464R	logit=-0.620
C:S180T	D:S453T	logit=-0.640
C:T42V	D:T315V	logit=-0.724
C:N51P	D:N324P	logit=-0.802

Top tied mutations (A + B view):
A:Q59E	B:Q256E	logit=0.291
A:V58R	B:V255R	logit=0.274
A:V58Y	B:V255Y	logit=0.247
A:V58H	B:V255H	logit=0.246
A:R61V	B:R258V	logit=0.241

Top tied mutations (C + D view):
C:V218L	D:V491L	logit=-0.463
C:K191R	D:K464R	logit=-0.524
C:S180T	D:S453T	logit=-0.668
C:N51P	D:N324P	logit=-0.741
C:T42V	D:T315V	logit=-0.777

Top tied mutations (A + B view):
A:E100C	B:E297C	logit=0.502
A:E100K	B:E297K	logit=0.457
A:N54H	B:N251H	logit=0.433
A:V102C	B:V299C	logit=0.423
A:E100H	B:E297H	logit=0.376

Top tied mutations (C + D view):
C:V218L	D:V491L	logit=-0.457
C:K191R	D:K464R	logit=-0.655
C:S180T	D:S453T	logit=-0.676
C:T42V	D:T315V	logit=-0.705
C:N51P	D:N324P	logit=-0.841

Top tied mutations (A + B view):
A:R56K	B:R253K	logit=0.620
A:T18C	B:T215C	logit=0.597
A:N54T	B:N251T	logit=0.476
A:V58E	B:V255E	logit=0.425
A:N55D	B:N252D	logit=0.405

Top tied mutations (C + D view):
C:V218L	D:V491L	logit=-0.407
C:K191R	D:K464R	logit=-0.534
C:S180T	D:S453T	logit=-0.688
C:T42V	D:T315V	logit=-0.713
C:N51P	D:N324P	logit=-0.899

Top tied mutations (A + B view):
A:V58E	B:V255E	logit=0.635
A:N55T	B:N252T	logit=0.337
A:N55Q	B:N252Q	logit=0.304
A:N54L	B:N251L	logit=0.251
A:V58N	B:V255N	logit=0.231

Top tied mutations (C + D view):
C:V218L	D:V491L	logit=-0.430
C:K191R	D:K464R	logit=-0.535
C:S180T	D:S453T	logit=-0.674
C:T42V	D:T315V	logit=-0.697
C:N51P	D:N324P	logit=-0.794

Top tied mutations (A + B view):
A:Q59E	B:Q256E	logit=0.312
A:N57S	B:N254S	logit=0.193
A:N55A	B:N252A	logit=0.176
A:N57M	B:N254M	logit=0.175
A:N57P	B:N254P	logit=0.173

Top tied mutations (C + D view):
C:V218L	D:V491L	logit=-0.418
C:K191R	D:K464R	logit=-0.546
C:S180T	D:S453T	logit=-0.655
C:T42V	D:T315V	logit=-0.749
C:N51P	D:N324P	logit=-0.846

Top tied mutations (A + B view):
A:V58R	B:V255R	logit=0.475
A:R56N	B:R253N	logit=0.419
A:R56S	B:R253S	logit=0.349
A:N57D	B:N254D	logit=0.331
A:R56K	B:R253K	logit=0.264

Top tied mutations (C + D view):
C:V218L	D:V491L	logit=-0.487
C:K191R	D:K464R	logit=-0.536
C:S180T	D:S453T	logit=-0.653
C:T42V	D:T315V	logit=-0.781
C:N51P	D:N324P	logit=-0.783

Top tied mutations (A + B view):
A:N54P	B:N251P	logit=0.547
A:R56D	B:R253D	logit=0.404
A:Q59E	B:Q256E	logit=0.392
A:N55D	B:N252D	logit=0.376
A:R56A	B:R253A	logit=0.232

Top tied mutations (C + D view):
C:V218L	D:V491L	logit=-0.405
C:K191R	D:K464R	logit=-0.534
C:S180T	D:S453T	logit=-0.635
C:T42V	D:T315V	logit=-0.770
C:N51P	D:N324P	logit=-0.868

Top tied mutations (A + B view):
A:R61K	B:R258K	logit=0.312
A:N57F	B:N254F	logit=0.276
A:R56C	B:R253C	logit=0.258
A:N57D	B:N254D	logit=0.232
A:N55D	B:N252D	logit=0.193

Top tied mutations (C + D view):
C:V218L	D:V491L	logit=-0.421
C:K191R	D:K464R	logit=-0.636
C:S180T	D:S453T	logit=-0.658
C:T42V	D:T315V	logit=-0.725
C:N51P	D:N324P	logit=-0.880

Top tied mutations (A + B view):
A:N55T	B:N252T	logit=0.537
A:N57D	B:N254D	logit=0.393
A:N54I	B:N251I	logit=0.361
A:T18I	B:T215I	logit=0.347
A:N57E	B:N254E	logit=0.327

Top tied mutations (C + D view):
C:V218L	D:V491L	logit=-0.490
C:K191R	D:K464R	logit=-0.585
C:S180T	D:S453T	logit=-0.655
C:T42V	D:T315V	logit=-0.719
C:N51P	D:N324P	logit=-0.843

Top tied mutations (A + B view):
A:V58S	B:V255S	logit=0.363
A:R56D	B:R253D	logit=0.314
A:R56E	B:R253E	logit=0.304
A:V58E	B:V255E	logit=0.269
A:V102T	B:V299T	logit=0.256

Top tied mutations (C + D view):
C:V218L	D:V491L	logit=-0.473
C:K191R	D:K464R	logit=-0.578
C:S180T	D:S453T	logit=-0.680
C:T42V	D:T315V	logit=-0.756
C:N51P	D:N324P	logit=-0.826

Top tied mutations (A + B view):
A:Q59K	B:Q256K	logit=0.444
A:R56K	B:R253K	logit=0.431
A:E100K	B:E297K	logit=0.430
A:N57R	B:N254R	logit=0.400
A:N55K	B:N252K	logit=0.397

Top tied mutations (C + D view):
C:V218L	D:V491L	logit=-0.438
C:K191R	D:K464R	logit=-0.518
C:S180T	D:S453T	logit=-0.693
C:T42V	D:T315V	logit=-0.708
C:N51P	D:N324P	logit=-0.794

Top tied mutations (A + B view):
A:N55D	B:N252D	logit=1.127
A:N54P	B:N251P	logit=0.545
A:R56E	B:R253E	logit=0.336
A:N54A	B:N251A	logit=0.285
A:N55E	B:N252E	logit=0.269

Top tied mutations (C + D view):
C:V218L	D:V491L	logit=-0.459
C:K191R	D:K464R	logit=-0.554
C:S180T	D:S453T	logit=-0.671
C:T42V	D:T315V	logit=-0.711
C:N51P	D:N324P	logit=-0.842

Top tied mutations (A + B view):
A:N55D	B:N252D	logit=0.641
A:R56N	B:R253N	logit=0.411
A:R56D	B:R253D	logit=0.401
A:V58I	B:V255I	logit=0.341
A:N54E	B:N251E	logit=0.339

Top tied mutations (C + D view):
C:V218L	D:V491L	logit=-0.464
C:K191R	D:K464R	logit=-0.521
C:S180T	D:S453T	logit=-0.679
C:T42V	D:T315V	logit=-0.719
C:N51P	D:N324P	logit=-0.745

Top tied mutations (A + B view):
A:N55A	B:N252A	logit=0.459
A:N55G	B:N252G	logit=0.183
A:V58Q	B:V255Q	logit=0.183
A:N54P	B:N251P	logit=0.180
A:E100C	B:E297C	logit=0.178

Top tied mutations (C + D view):
C:V218L	D:V491L	logit=-0.485
C:K191R	D:K464R	logit=-0.522
C:S180T	D:S453T	logit=-0.666
C:N51P	D:N324P	logit=-0.810
C:T42V	D:T315V	logit=-0.815

Top tied mutations (A + B view):
A:V58N	B:V255N	logit=0.424
A:V102C	B:V299C	logit=0.348
A:R56C	B:R253C	logit=0.330
A:V58S	B:V255S	logit=0.310
A:R61Q	B:R258Q	logit=0.291

Top tied mutations (C + D view):
C:V218L	D:V491L	logit=-0.442
C:K191R	D:K464R	logit=-0.524
C:S180T	D:S453T	logit=-0.657
C:T42V	D:T315V	logit=-0.748
C:N51P	D:N324P	logit=-0.885

Top tied mutations (A + B view):
A:R56E	B:R253E	logit=0.347
A:N55R	B:N252R	logit=0.333
A:N55T	B:N252T	logit=0.322
A:N55K	B:N252K	logit=0.288
A:T18P	B:T215P	logit=0.261

Top tied mutations (C + D view):
C:V218L	D:V491L	logit=-0.433
C:K191R	D:K464R	logit=-0.510
C:S180T	D:S453T	logit=-0.639
C:T42V	D:T315V	logit=-0.753
C:S89A	D:S362A	logit=-0.878

Top tied mutations (A + B view):
A:R56K	B:R253K	logit=0.228
A:V102I	B:V299I	logit=0.200
A:N55G	B:N252G	logit=0.198
A:Q59K	B:Q256K	logit=0.173
A:N54R	B:N251R	logit=0.171

Top tied mutations (C + D view):
C:V218L	D:V491L	logit=-0.451
C:K191R	D:K464R	logit=-0.591
C:S180T	D:S453T	logit=-0.643
C:T42V	D:T315V	logit=-0.703
C:N51P	D:N324P	logit=-0.869

Top tied mutations (A + B view):
A:V58C	B:V255C	logit=0.527
A:T18C	B:T215C	logit=0.332
A:N54P	B:N251P	logit=0.312
A:E100K	B:E297K	logit=0.295
A:N54H	B:N251H	logit=0.250

Top tied mutations (C + D view):
C:V218L	D:V491L	logit=-0.472
C:K191R	D:K464R	logit=-0.599
C:S180T	D:S453T	logit=-0.670
C:T42V	D:T315V	logit=-0.736
C:S89A	D:S362A	logit=-0.878

Top tied mutations (A + B view):
A:E100R	B:E297R	logit=0.573
A:E100K	B:E297K	logit=0.501
A:R56K	B:R253K	logit=0.442
A:N57K	B:N254K	logit=0.302
A:E100H	B:E297H	logit=0.265

Top tied mutations (C + D view):
C:V218L	D:V491L	logit=-0.468
C:K191R	D:K464R	logit=-0.625
C:S180T	D:S453T	logit=-0.667
C:T42V	D:T315V	logit=-0.741
C:N51P	D:N324P	logit=-0.851

Top tied mutations (A + B view):
A:N55Q	B:N252Q	logit=0.588
A:N55H	B:N252H	logit=0.261
A:N55F	B:N252F	logit=0.214
A:V58M	B:V255M	logit=0.193
A:N55R	B:N252R	logit=0.186

Top tied mutations (C + D view):
C:V218L	D:V491L	logit=-0.465
C:K191R	D:K464R	logit=-0.561
C:S180T	D:S453T	logit=-0.679
C:T42V	D:T315V	logit=-0.751
C:S89A	D:S362A	logit=-0.922

Top tied mutations (A + B view):
A:N55D	B:N252D	logit=0.531
A:V58R	B:V255R	logit=0.432
A:N54P	B:N251P	logit=0.381
A:R56A	B:R253A	logit=0.283
A:N57F	B:N254F	logit=0.265

Top tied mutations (C + D view):
C:V218L	D:V491L	logit=-0.425
C:K191R	D:K464R	logit=-0.534
C:S180T	D:S453T	logit=-0.644
C:T42V	D:T315V	logit=-0.756
C:N51P	D:N324P	logit=-0.866

Top tied mutations (A + B view):
A:N55D	B:N252D	logit=0.638
A:V58C	B:V255C	logit=0.582
A:N55A	B:N252A	logit=0.379
A:N55G	B:N252G	logit=0.343
A:N57M	B:N254M	logit=0.334

Top tied mutations (C + D view):
C:V218L	D:V491L	logit=-0.433
C:K191R	D:K464R	logit=-0.510
C:S180T	D:S453T	logit=-0.652
C:N51P	D:N324P	logit=-0.748
C:T42V	D:T315V	logit=-0.815

Top tied mutations (A + B view):
A:N55H	B:N252H	logit=0.276
A:R56C	B:R253C	logit=0.252
A:E100C	B:E297C	logit=0.243
A:Q59C	B:Q256C	logit=0.241
A:R56K	B:R253K	logit=0.171

Top tied mutations (C + D view):
C:V218L	D:V491L	logit=-0.410
C:K191R	D:K464R	logit=-0.510
C:S180T	D:S453T	logit=-0.645
C:T42V	D:T315V	logit=-0.677
C:N51P	D:N324P	logit=-0.819

Top tied mutations (A + B view):
A:E100K	B:E297K	logit=0.789
A:E100R	B:E297R	logit=0.676
A:N54P	B:N251P	logit=0.423
A:R61K	B:R258K	logit=0.382
A:N55D	B:N252D	logit=0.356

Top tied mutations (C + D view):
C:V218L	D:V491L	logit=-0.444
C:K191R	D:K464R	logit=-0.569
C:S180T	D:S453T	logit=-0.669
C:T42V	D:T315V	logit=-0.692
C:S89A	D:S362A	logit=-0.825

Top tied mutations (A + B view):
A:R56D	B:R253D	logit=0.402
A:R56E	B:R253E	logit=0.391
A:V102C	B:V299C	logit=0.325
A:V58C	B:V255C	logit=0.324
A:N57R	B:N254R	logit=0.261

Top tied mutations (C + D view):
C:V218L	D:V491L	logit=-0.419
C:K191R	D:K464R	logit=-0.582
C:S180T	D:S453T	logit=-0.663
C:T42V	D:T315V	logit=-0.741
C:N51P	D:N324P	logit=-0.836

Top tied mutations (A + B view):
A:N57W	B:N254W	logit=0.285
A:V58R	B:V255R	logit=0.271
A:Q59E	B:Q256E	logit=0.255
A:N54H	B:N251H	logit=0.254
A:N54M	B:N251M	logit=0.227

Top tied mutations (C + D view):
C:V218L	D:V491L	logit=-0.434
C:K191R	D:K464R	logit=-0.585
C:S180T	D:S453T	logit=-0.633
C:T42V	D:T315V	logit=-0.764
C:N51P	D:N324P	logit=-0.860

Top tied mutations (A + B view):
A:R56F	B:R253F	logit=0.365
A:V58C	B:V255C	logit=0.360
A:V58R	B:V255R	logit=0.350
A:V58N	B:V255N	logit=0.322
A:T18C	B:T215C	logit=0.307

Top tied mutations (C + D view):
C:V218L	D:V491L	logit=-0.477
C:K191R	D:K464R	logit=-0.619
C:S180T	D:S453T	logit=-0.663
C:T42V	D:T315V	logit=-0.748
C:N51P	D:N324P	logit=-0.800

Top tied mutations (A + B view):
A:N57D	B:N254D	logit=0.565
A:N57E	B:N254E	logit=0.487
A:N57F	B:N254F	logit=0.482
A:N57T	B:N254T	logit=0.367
A:N54P	B:N251P	logit=0.364

Top tied mutations (C + D view):
C:V218L	D:V491L	logit=-0.469
C:K191R	D:K464R	logit=-0.513
C:S180T	D:S453T	logit=-0.650
C:T42V	D:T315V	logit=-0.779
C:N51P	D:N324P	logit=-0.818

Top tied mutations (A + B view):
A:V58E	B:V255E	logit=0.336
A:T18I	B:T215I	logit=0.319
A:V102K	B:V299K	logit=0.244
A:E100R	B:E297R	logit=0.234
A:T18E	B:T215E	logit=0.219

Top tied mutations (C + D view):
C:V218L	D:V491L	logit=-0.460
C:K191R	D:K464R	logit=-0.561
C:S180T	D:S453T	logit=-0.645
C:T42V	D:T315V	logit=-0.791
C:N51P	D:N324P	logit=-0.835

Top tied mutations (A + B view):
A:V58C	B:V255C	logit=0.764
A:T18C	B:T215C	logit=0.726
A:N55D	B:N252D	logit=0.588
A:R61C	B:R258C	logit=0.577
A:V102R	B:V299R	logit=0.480

Top tied mutations (C + D view):
C:V218L	D:V491L	logit=-0.484
C:K191R	D:K464R	logit=-0.577
C:S180T	D:S453T	logit=-0.668
C:T42V	D:T315V	logit=-0.718
C:N51P	D:N324P	logit=-0.811

Top tied mutations (A + B view):
A:T18C	B:T215C	logit=0.458
A:N57L	B:N254L	logit=0.330
A:V58R	B:V255R	logit=0.330
A:E100S	B:E297S	logit=0.254
A:N55D	B:N252D	logit=0.247

Top tied mutations (C + D view):
C:V218L	D:V491L	logit=-0.417
C:K191R	D:K464R	logit=-0.554
C:S180T	D:S453T	logit=-0.638
C:T42V	D:T315V	logit=-0.725
C:N51P	D:N324P	logit=-0.788

Top tied mutations (A + B view):
A:N55R	B:N252R	logit=0.221
A:N54Q	B:N251Q	logit=0.217
A:R56K	B:R253K	logit=0.198
A:N55D	B:N252D	logit=0.184
A:N54I	B:N251I	logit=0.179

Top tied mutations (C + D view):
C:V218L	D:V491L	logit=-0.414
C:K191R	D:K464R	logit=-0.618
C:S180T	D:S453T	logit=-0.684
C:T42V	D:T315V	logit=-0.790
C:N51P	D:N324P	logit=-0.889

Top tied mutations (A + B view):
A:T18C	B:T215C	logit=0.655
A:R56H	B:R253H	logit=0.357
A:V58C	B:V255C	logit=0.328
A:R61C	B:R258C	logit=0.320
A:R56W	B:R253W	logit=0.281

Top tied mutations (C + D view):
C:V218L	D:V491L	logit=-0.466
C:K191R	D:K464R	logit=-0.613
C:S180T	D:S453T	logit=-0.658
C:T42V	D:T315V	logit=-0.744
C:N51P	D:N324P	logit=-0.840

Top tied mutations (A + B view):
A:R61C	B:R258C	logit=0.367
A:T18C	B:T215C	logit=0.299
A:N54M	B:N251M	logit=0.279
A:N54L	B:N251L	logit=0.277
A:N57D	B:N254D	logit=0.267

Top tied mutations (C + D view):
C:V218L	D:V491L	logit=-0.400
C:K191R	D:K464R	logit=-0.543
C:S180T	D:S453T	logit=-0.638
C:T42V	D:T315V	logit=-0.750
C:N51P	D:N324P	logit=-0.766

Top tied mutations (A + B view):
A:R56K	B:R253K	logit=0.468
A:T18C	B:T215C	logit=0.327
A:N54P	B:N251P	logit=0.286
A:T18I	B:T215I	logit=0.278
A:V58R	B:V255R	logit=0.274

Top tied mutations (C + D view):
C:V218L	D:V491L	logit=-0.414
C:K191R	D:K464R	logit=-0.532
C:S180T	D:S453T	logit=-0.667
C:T42V	D:T315V	logit=-0.686
C:N51P	D:N324P	logit=-0.790

Top tied mutations (A + B view):
A:N55D	B:N252D	logit=0.318
A:T18P	B:T215P	logit=0.315
A:V58A	B:V255A	logit=0.268
A:V58S	B:V255S	logit=0.230
A:R61Q	B:R258Q	logit=0.221

Top tied mutations (C + D view):
C:V218L	D:V491L	logit=-0.439
C:K191R	D:K464R	logit=-0.495
C:S180T	D:S453T	logit=-0.645
C:T42V	D:T315V	logit=-0.753
C:N51P	D:N324P	logit=-0.798

Top tied mutations (A + B view):
A:R61C	B:R258C	logit=0.587
A:T18C	B:T215C	logit=0.460
A:R61L	B:R258L	logit=0.392
A:V58C	B:V255C	logit=0.384
A:N55D	B:N252D	logit=0.363

Top tied mutations (C + D view):
C:V218L	D:V491L	logit=-0.504
C:K191R	D:K464R	logit=-0.546
C:S180T	D:S453T	logit=-0.650
C:T42V	D:T315V	logit=-0.736
C:N51P	D:N324P	logit=-0.822

Top tied mutations (A + B view):
A:V58R	B:V255R	logit=0.647
A:N57Y	B:N254Y	logit=0.386
A:R61C	B:R258C	logit=0.362
A:R61L	B:R258L	logit=0.352
A:V58H	B:V255H	logit=0.318

Top tied mutations (C + D view):
C:V218L	D:V491L	logit=-0.466
C:K191R	D:K464R	logit=-0.496
C:S180T	D:S453T	logit=-0.659
C:T42V	D:T315V	logit=-0.690
C:N51P	D:N324P	logit=-0.779

Top tied mutations (A + B view):
A:V58R	B:V255R	logit=0.545
A:N55A	B:N252A	logit=0.385
A:V58C	B:V255C	logit=0.379
A:N57M	B:N254M	logit=0.337
A:N57C	B:N254C	logit=0.309

Top tied mutations (C + D view):
C:V218L	D:V491L	logit=-0.407
C:K191R	D:K464R	logit=-0.542
C:S180T	D:S453T	logit=-0.667
C:T42V	D:T315V	logit=-0.709
C:N219S	D:N492S	logit=-0.917

Top tied mutations (A + B view):
A:V58R	B:V255R	logit=0.615
A:R61C	B:R258C	logit=0.336
A:V58C	B:V255C	logit=0.290
A:Q59C	B:Q256C	logit=0.283
A:N57D	B:N254D	logit=0.272

Top tied mutations (C + D view):
C:V218L	D:V491L	logit=-0.476
C:K191R	D:K464R	logit=-0.555
C:S180T	D:S453T	logit=-0.646
C:T42V	D:T315V	logit=-0.708
C:S89A	D:S362A	logit=-0.942

Top tied mutations (A + B view):
A:N54L	B:N251L	logit=0.475
A:N54E	B:N251E	logit=0.366
A:E100R	B:E297R	logit=0.328
A:N54P	B:N251P	logit=0.300
A:V58L	B:V255L	logit=0.289

Top tied mutations (C + D view):
C:V218L	D:V491L	logit=-0.474
C:K191R	D:K464R	logit=-0.557
C:S180T	D:S453T	logit=-0.656
C:T42V	D:T315V	logit=-0.731
C:N51P	D:N324P	logit=-0.882

Top tied mutations (A + B view):
A:V58R	B:V255R	logit=0.262
A:N54P	B:N251P	logit=0.253
A:R56C	B:R253C	logit=0.225
A:Q59E	B:Q256E	logit=0.192
A:N54C	B:N251C	logit=0.183

Top tied mutations (C + D view):
C:V218L	D:V491L	logit=-0.461
C:K191R	D:K464R	logit=-0.588
C:S180T	D:S453T	logit=-0.668
C:T42V	D:T315V	logit=-0.780
C:N219S	D:N492S	logit=-0.905

Top tied mutations (A + B view):
A:V58I	B:V255I	logit=0.379
A:N54I	B:N251I	logit=0.312
A:V58L	B:V255L	logit=0.308
A:N55V	B:N252V	logit=0.295
A:N55W	B:N252W	logit=0.271

Top tied mutations (C + D view):
C:V218L	D:V491L	logit=-0.472
C:K191R	D:K464R	logit=-0.538
C:S180T	D:S453T	logit=-0.640
C:T42V	D:T315V	logit=-0.746
C:N51P	D:N324P	logit=-0.875

Top tied mutations (A + B view):
A:T18C	B:T215C	logit=0.440
A:N55T	B:N252T	logit=0.412
A:N55Q	B:N252Q	logit=0.273
A:V58A	B:V255A	logit=0.198
A:V102R	B:V299R	logit=0.189

Top tied mutations (C + D view):
C:V218L	D:V491L	logit=-0.428
C:K191R	D:K464R	logit=-0.549
C:S180T	D:S453T	logit=-0.651
C:N51P	D:N324P	logit=-0.761
C:T42V	D:T315V	logit=-0.778

Top tied mutations (A + B view):
A:N54R	B:N251R	logit=0.301
A:N54P	B:N251P	logit=0.274
A:V58C	B:V255C	logit=0.259
A:N54A	B:N251A	logit=0.253
A:E100S	B:E297S	logit=0.236

Top tied mutations (C + D view):
C:V218L	D:V491L	logit=-0.447
C:K191R	D:K464R	logit=-0.518
C:S180T	D:S453T	logit=-0.637
C:T42V	D:T315V	logit=-0.701
C:S89A	D:S362A	logit=-0.893

Top tied mutations (A + B view):
A:V58C	B:V255C	logit=0.738
A:T18C	B:T215C	logit=0.735
A:R61C	B:R258C	logit=0.611
A:Q59C	B:Q256C	logit=0.377
A:N54M	B:N251M	logit=0.343

Top tied mutations (C + D view):
C:V218L	D:V491L	logit=-0.431
C:K191R	D:K464R	logit=-0.564
C:S180T	D:S453T	logit=-0.673
C:T42V	D:T315V	logit=-0.706
C:S89A	D:S362A	logit=-0.818

Top tied mutations (A + B view):
A:V58N	B:V255N	logit=0.257
A:E100D	B:E297D	logit=0.253
A:R61I	B:R258I	logit=0.251
A:E100C	B:E297C	logit=0.250
A:R61S	B:R258S	logit=0.249

Top tied mutations (C + D view):
C:V218L	D:V491L	logit=-0.475
C:K191R	D:K464R	logit=-0.522
C:S180T	D:S453T	logit=-0.657
C:T42V	D:T315V	logit=-0.781
C:S89A	D:S362A	logit=-0.875

Top tied mutations (A + B view):
A:V58A	B:V255A	logit=0.318
A:N55Q	B:N252Q	logit=0.301
A:N55T	B:N252T	logit=0.256
A:V58S	B:V255S	logit=0.235
A:R61V	B:R258V	logit=0.226

Top tied mutations (C + D view):
C:V218L	D:V491L	logit=-0.467
C:K191R	D:K464R	logit=-0.488
C:S180T	D:S453T	logit=-0.660
C:T42V	D:T315V	logit=-0.714
C:N51P	D:N324P	logit=-0.757

Top tied mutations (A + B view):
A:E100D	B:E297D	logit=0.292
A:N54E	B:N251E	logit=0.275
A:N54P	B:N251P	logit=0.260
A:N57D	B:N254D	logit=0.224
A:R61S	B:R258S	logit=0.210

Top tied mutations (C + D view):
C:V218L	D:V491L	logit=-0.499
C:K191R	D:K464R	logit=-0.587
C:S180T	D:S453T	logit=-0.675
C:T42V	D:T315V	logit=-0.760
C:S89A	D:S362A	logit=-0.863

Top tied mutations (A + B view):
A:N54P	B:N251P	logit=0.617
A:V58S	B:V255S	logit=0.339
A:N55D	B:N252D	logit=0.279
A:E100C	B:E297C	logit=0.278
A:N57Y	B:N254Y	logit=0.277

Top tied mutations (C + D view):
C:V218L	D:V491L	logit=-0.431
C:K191R	D:K464R	logit=-0.619
C:S180T	D:S453T	logit=-0.635
C:T42V	D:T315V	logit=-0.713
C:N51P	D:N324P	logit=-0.724

Top tied mutations (A + B view):
A:N55D	B:N252D	logit=0.320
A:V58R	B:V255R	logit=0.285
A:T18K	B:T215K	logit=0.235
A:R56N	B:R253N	logit=0.231
A:T18E	B:T215E	logit=0.205

Top tied mutations (C + D view):
C:V218L	D:V491L	logit=-0.462
C:K191R	D:K464R	logit=-0.606
C:S180T	D:S453T	logit=-0.671
C:T42V	D:T315V	logit=-0.711
C:N51P	D:N324P	logit=-0.862

Top tied mutations (A + B view):
A:E100D	B:E297D	logit=0.347
A:V58R	B:V255R	logit=0.343
A:V58L	B:V255L	logit=0.316
A:V58H	B:V255H	logit=0.289
A:N57T	B:N254T	logit=0.242

Top tied mutations (C + D view):
C:V218L	D:V491L	logit=-0.478
C:K191R	D:K464R	logit=-0.495
C:S180T	D:S453T	logit=-0.645
C:T42V	D:T315V	logit=-0.662
C:N51P	D:N324P	logit=-0.873

Top tied mutations (A + B view):
A:N55R	B:N252R	logit=0.375
A:Q59E	B:Q256E	logit=0.330
A:N57R	B:N254R	logit=0.290
A:R61V	B:R258V	logit=0.283
A:R56E	B:R253E	logit=0.263

Top tied mutations (C + D view):
C:V218L	D:V491L	logit=-0.431
C:K191R	D:K464R	logit=-0.536
C:S180T	D:S453T	logit=-0.658
C:T42V	D:T315V	logit=-0.699
C:N51P	D:N324P	logit=-0.838

Top tied mutations (A + B view):
A:R56E	B:R253E	logit=0.425
A:N55D	B:N252D	logit=0.323
A:V58E	B:V255E	logit=0.286
A:V102R	B:V299R	logit=0.270
A:E100R	B:E297R	logit=0.257

Top tied mutations (C + D view):
C:V218L	D:V491L	logit=-0.513
C:K191R	D:K464R	logit=-0.603
C:S180T	D:S453T	logit=-0.663
C:T42V	D:T315V	logit=-0.720
C:N51P	D:N324P	logit=-0.765

Top tied mutations (A + B view):
A:V58R	B:V255R	logit=0.715
A:N54T	B:N251T	logit=0.308
A:V58H	B:V255H	logit=0.307
A:N54H	B:N251H	logit=0.289
A:V58C	B:V255C	logit=0.288

Top tied mutations (C + D view):
C:V218L	D:V491L	logit=-0.405
C:K191R	D:K464R	logit=-0.594
C:S180T	D:S453T	logit=-0.667
C:T42V	D:T315V	logit=-0.757
C:N51P	D:N324P	logit=-0.868

Top tied mutations (A + B view):
A:T18P	B:T215P	logit=0.250
A:E100K	B:E297K	logit=0.247
A:E100R	B:E297R	logit=0.235
A:R56C	B:R253C	logit=0.234
A:T18C	B:T215C	logit=0.222

Top tied mutations (C + D view):
C:V218L	D:V491L	logit=-0.461
C:K191R	D:K464R	logit=-0.528
C:S180T	D:S453T	logit=-0.655
C:T42V	D:T315V	logit=-0.704
C:N51P	D:N324P	logit=-0.776

Top tied mutations (A + B view):
A:N57D	B:N254D	logit=0.352
A:N54P	B:N251P	logit=0.239
A:R56K	B:R253K	logit=0.233
A:R56D	B:R253D	logit=0.222
A:V58R	B:V255R	logit=0.216

Top tied mutations (C + D view):
C:V218L	D:V491L	logit=-0.467
C:K191R	D:K464R	logit=-0.535
C:S180T	D:S453T	logit=-0.659
C:T42V	D:T315V	logit=-0.664
C:N51P	D:N324P	logit=-0.822

Top tied mutations (A + B view):
A:V58E	B:V255E	logit=0.463
A:V102R	B:V299R	logit=0.304
A:N57Y	B:N254Y	logit=0.303
A:N55D	B:N252D	logit=0.299
A:Q59D	B:Q256D	logit=0.286

Top tied mutations (C + D view):
C:V218L	D:V491L	logit=-0.447
C:K191R	D:K464R	logit=-0.480
C:S180T	D:S453T	logit=-0.640
C:T42V	D:T315V	logit=-0.687
C:N51P	D:N324P	logit=-0.882

Top tied mutations (A + B view):
A:V58R	B:V255R	logit=0.385
A:N55Q	B:N252Q	logit=0.360
A:N54A	B:N251A	logit=0.338
A:V58H	B:V255H	logit=0.302
A:R56K	B:R253K	logit=0.286

Top tied mutations (C + D view):
C:V218L	D:V491L	logit=-0.440
C:K191R	D:K464R	logit=-0.593
C:S180T	D:S453T	logit=-0.658
C:T42V	D:T315V	logit=-0.669
C:N51P	D:N324P	logit=-0.751

Top tied mutations (A + B view):
A:N54E	B:N251E	logit=0.382
A:V58E	B:V255E	logit=0.319
A:N54P	B:N251P	logit=0.227
A:Q59K	B:Q256K	logit=0.202
A:N57E	B:N254E	logit=0.198

Top tied mutations (C + D view):
C:V218L	D:V491L	logit=-0.424
C:K191R	D:K464R	logit=-0.651
C:S180T	D:S453T	logit=-0.664
C:T42V	D:T315V	logit=-0.690
C:N51P	D:N324P	logit=-0.903

Top tied mutations (A + B view):
A:V58R	B:V255R	logit=0.602
A:V58Y	B:V255Y	logit=0.510
A:N54H	B:N251H	logit=0.462
A:R56K	B:R253K	logit=0.417
A:V58N	B:V255N	logit=0.370

Top tied mutations (C + D view):
C:V218L	D:V491L	logit=-0.412
C:K191R	D:K464R	logit=-0.524
C:S180T	D:S453T	logit=-0.661
C:T42V	D:T315V	logit=-0.678
C:N51P	D:N324P	logit=-0.737

Top tied mutations (A + B view):
A:V58A	B:V255A	logit=0.350
A:R61K	B:R258K	logit=0.339
A:N55Q	B:N252Q	logit=0.291
A:N55K	B:N252K	logit=0.284
A:N55T	B:N252T	logit=0.260

Top tied mutations (C + D view):
C:V218L	D:V491L	logit=-0.457
C:K191R	D:K464R	logit=-0.505
C:S180T	D:S453T	logit=-0.632
C:T42V	D:T315V	logit=-0.677
C:S89A	D:S362A	logit=-0.927

Top tied mutations (A + B view):
A:N55A	B:N252A	logit=0.500
A:V58R	B:V255R	logit=0.363
A:N57D	B:N254D	logit=0.324
A:E100D	B:E297D	logit=0.271
A:V58N	B:V255N	logit=0.248

Top tied mutations (C + D view):
C:V218L	D:V491L	logit=-0.471
C:K191R	D:K464R	logit=-0.556
C:S180T	D:S453T	logit=-0.637
C:T42V	D:T315V	logit=-0.738
C:N51P	D:N324P	logit=-0.861

Top tied mutations (A + B view):
A:N55T	B:N252T	logit=0.476
A:V102C	B:V299C	logit=0.319
A:N57F	B:N254F	logit=0.257
A:R56P	B:R253P	logit=0.256
A:N55K	B:N252K	logit=0.248

Top tied mutations (C + D view):
C:V218L	D:V491L	logit=-0.427
C:K191R	D:K464R	logit=-0.506
C:S180T	D:S453T	logit=-0.674
C:T42V	D:T315V	logit=-0.739
C:N51P	D:N324P	logit=-0.802

Top tied mutations (A + B view):
A:V58R	B:V255R	logit=0.440
A:V58K	B:V255K	logit=0.300
A:N55Q	B:N252Q	logit=0.276
A:V58H	B:V255H	logit=0.261
A:N55T	B:N252T	logit=0.236

Top tied mutations (C + D view):
C:V218L	D:V491L	logit=-0.458
C:K191R	D:K464R	logit=-0.575
C:S180T	D:S453T	logit=-0.632
C:T42V	D:T315V	logit=-0.764
C:N51P	D:N324P	logit=-0.828

Top tied mutations (A + B view):
A:R61C	B:R258C	logit=0.633
A:E100C	B:E297C	logit=0.564
A:Q59E	B:Q256E	logit=0.507
A:V102C	B:V299C	logit=0.482
A:N55C	B:N252C	logit=0.460

Top tied mutations (C + D view):
C:V218L	D:V491L	logit=-0.424
C:K191R	D:K464R	logit=-0.611
C:S180T	D:S453T	logit=-0.665
C:T42V	D:T315V	logit=-0.704
C:N51P	D:N324P	logit=-0.715

Top tied mutations (A + B view):
A:N54P	B:N251P	logit=0.424
A:N57Y	B:N254Y	logit=0.362
A:Q59E	B:Q256E	logit=0.339
A:R56C	B:R253C	logit=0.332
A:R56W	B:R253W	logit=0.294

Top tied mutations (C + D view):
C:V218L	D:V491L	logit=-0.468
C:K191R	D:K464R	logit=-0.529
C:S180T	D:S453T	logit=-0.640
C:T42V	D:T315V	logit=-0.721
C:N51P	D:N324P	logit=-0.854

Top tied mutations (A + B view):
A:N57M	B:N254M	logit=0.426
A:N55A	B:N252A	logit=0.423
A:N57F	B:N254F	logit=0.387
A:N57D	B:N254D	logit=0.304
A:N57S	B:N254S	logit=0.293

Top tied mutations (C + D view):
C:V218L	D:V491L	logit=-0.456
C:K191R	D:K464R	logit=-0.592
C:S180T	D:S453T	logit=-0.625
C:T42V	D:T315V	logit=-0.735
C:N51P	D:N324P	logit=-0.812

Top tied mutations (A + B view):
A:N54P	B:N251P	logit=0.535
A:N54M	B:N251M	logit=0.474
A:R61C	B:R258C	logit=0.386
A:N54A	B:N251A	logit=0.351
A:N54H	B:N251H	logit=0.335

Top tied mutations (C + D view):
C:V218L	D:V491L	logit=-0.459
C:K191R	D:K464R	logit=-0.551
C:S180T	D:S453T	logit=-0.676
C:N51P	D:N324P	logit=-0.723
C:T42V	D:T315V	logit=-0.754

Top tied mutations (A + B view):
A:N54E	B:N251E	logit=0.551
A:N54H	B:N251H	logit=0.484
A:N54M	B:N251M	logit=0.367
A:R56K	B:R253K	logit=0.320
A:N54L	B:N251L	logit=0.297

Top tied mutations (C + D view):
C:V218L	D:V491L	logit=-0.411
C:K191R	D:K464R	logit=-0.580
C:S180T	D:S453T	logit=-0.655
C:T42V	D:T315V	logit=-0.766
C:N51P	D:N324P	logit=-0.824

Top tied mutations (A + B view):
A:N57L	B:N254L	logit=0.400
A:Q59E	B:Q256E	logit=0.310
A:R56E	B:R253E	logit=0.261
A:R56M	B:R253M	logit=0.250
A:N57F	B:N254F	logit=0.242

Top tied mutations (C + D view):
C:V218L	D:V491L	logit=-0.462
C:K191R	D:K464R	logit=-0.543
C:S180T	D:S453T	logit=-0.656
C:T42V	D:T315V	logit=-0.765
C:N51P	D:N324P	logit=-0.879

Top tied mutations (A + B view):
A:N54I	B:N251I	logit=0.338
A:R56K	B:R253K	logit=0.283
A:V58A	B:V255A	logit=0.250
A:V58M	B:V255M	logit=0.247
A:N57K	B:N254K	logit=0.220

Top tied mutations (C + D view):
C:V218L	D:V491L	logit=-0.415
C:K191R	D:K464R	logit=-0.549
C:S180T	D:S453T	logit=-0.646
C:T42V	D:T315V	logit=-0.735
C:N51P	D:N324P	logit=-0.755

Top tied mutations (A + B view):
A:N54E	B:N251E	logit=0.469
A:N54M	B:N251M	logit=0.346
A:R56C	B:R253C	logit=0.312
A:N54H	B:N251H	logit=0.312
A:N54L	B:N251L	logit=0.311

Top tied mutations (C + D view):
C:V218L	D:V491L	logit=-0.442
C:K191R	D:K464R	logit=-0.619
C:S180T	D:S453T	logit=-0.673
C:T42V	D:T315V	logit=-0.729
C:S89A	D:S362A	logit=-0.826

Top tied mutations (A + B view):
A:E100R	B:E297R	logit=0.463
A:T18C	B:T215C	logit=0.441
A:E100K	B:E297K	logit=0.405
A:N57M	B:N254M	logit=0.375
A:R56E	B:R253E	logit=0.338

Top tied mutations (C + D view):
C:V218L	D:V491L	logit=-0.471
C:K191R	D:K464R	logit=-0.570
C:S180T	D:S453T	logit=-0.676
C:T42V	D:T315V	logit=-0.720
C:S89A	D:S362A	logit=-0.852

Top tied mutations (A + B view):
A:N57R	B:N254R	logit=0.326
A:N54A	B:N251A	logit=0.233
A:N55D	B:N252D	logit=0.221
A:N54T	B:N251T	logit=0.215
A:N55A	B:N252A	logit=0.212

Top tied mutations (C + D view):
C:V218L	D:V491L	logit=-0.420
C:K191R	D:K464R	logit=-0.596
C:S180T	D:S453T	logit=-0.647
C:T42V	D:T315V	logit=-0.748
C:N51P	D:N324P	logit=-0.834

Top tied mutations (A + B view):
A:V58C	B:V255C	logit=0.243
A:V58R	B:V255R	logit=0.243
A:N55D	B:N252D	logit=0.224
A:N55T	B:N252T	logit=0.197
A:V102Q	B:V299Q	logit=0.195

Top tied mutations (C + D view):
C:V218L	D:V491L	logit=-0.426
C:K191R	D:K464R	logit=-0.546
C:S180T	D:S453T	logit=-0.667
C:T42V	D:T315V	logit=-0.798
C:N51P	D:N324P	logit=-0.841

Top tied mutations (A + B view):
A:N55D	B:N252D	logit=0.619
A:N54T	B:N251T	logit=0.341
A:N54E	B:N251E	logit=0.324
A:T18I	B:T215I	logit=0.282
A:R56K	B:R253K	logit=0.273

Top tied mutations (C + D view):
C:V218L	D:V491L	logit=-0.493
C:K191R	D:K464R	logit=-0.575
C:S180T	D:S453T	logit=-0.662
C:T42V	D:T315V	logit=-0.751
C:S89A	D:S362A	logit=-0.881

Top tied mutations (A + B view):
A:N54R	B:N251R	logit=0.565
A:T18C	B:T215C	logit=0.384
A:N55C	B:N252C	logit=0.320
A:V102S	B:V299S	logit=0.316
A:V102C	B:V299C	logit=0.291

Top tied mutations (C + D view):
C:V218L	D:V491L	logit=-0.497
C:K191R	D:K464R	logit=-0.498
C:S180T	D:S453T	logit=-0.650
C:T42V	D:T315V	logit=-0.701
C:N51P	D:N324P	logit=-0.803

Top tied mutations (A + B view):
A:N54E	B:N251E	logit=0.405
A:N55G	B:N252G	logit=0.350
A:V102K	B:V299K	logit=0.314
A:N54Q	B:N251Q	logit=0.274
A:N55A	B:N252A	logit=0.269

Top tied mutations (C + D view):
C:V218L	D:V491L	logit=-0.416
C:K191R	D:K464R	logit=-0.560
C:S180T	D:S453T	logit=-0.657
C:N51P	D:N324P	logit=-0.767
C:T42V	D:T315V	logit=-0.767

Top tied mutations (A + B view):
A:N55K	B:N252K	logit=0.355
A:E100K	B:E297K	logit=0.337
A:N55Q	B:N252Q	logit=0.315
A:N54T	B:N251T	logit=0.301
A:N55F	B:N252F	logit=0.267

Top tied mutations (C + D view):
C:V218L	D:V491L	logit=-0.435
C:K191R	D:K464R	logit=-0.548
C:S180T	D:S453T	logit=-0.660
C:T42V	D:T315V	logit=-0.727
C:S89A	D:S362A	logit=-0.772

Top tied mutations (A + B view):
A:T18C	B:T215C	logit=0.553
A:E100I	B:E297I	logit=0.336
A:R61C	B:R258C	logit=0.316
A:V58N	B:V255N	logit=0.288
A:V58A	B:V255A	logit=0.278

Top tied mutations (C + D view):
C:V218L	D:V491L	logit=-0.496
C:K191R	D:K464R	logit=-0.576
C:S180T	D:S453T	logit=-0.662
C:T42V	D:T315V	logit=-0.743
C:N51P	D:N324P	logit=-0.818

Top tied mutations (A + B view):
A:R56C	B:R253C	logit=0.444
A:T18C	B:T215C	logit=0.423
A:N55C	B:N252C	logit=0.408
A:R61C	B:R258C	logit=0.391
A:R56F	B:R253F	logit=0.379

Top tied mutations (C + D view):
C:V218L	D:V491L	logit=-0.451
C:K191R	D:K464R	logit=-0.537
C:S180T	D:S453T	logit=-0.653
C:T42V	D:T315V	logit=-0.735
C:N51P	D:N324P	logit=-0.899

Top tied mutations (A + B view):
A:E100K	B:E297K	logit=0.252
A:T18P	B:T215P	logit=0.252
A:E100R	B:E297R	logit=0.216
A:N55R	B:N252R	logit=0.210
A:V58A	B:V255A	logit=0.200

Top tied mutations (C + D view):
C:V218L	D:V491L	logit=-0.466
C:K191R	D:K464R	logit=-0.519
C:S180T	D:S453T	logit=-0.648
C:T42V	D:T315V	logit=-0.729
C:N51P	D:N324P	logit=-0.851

Top tied mutations (A + B view):
A:V58R	B:V255R	logit=0.403
A:N57M	B:N254M	logit=0.396
A:R61K	B:R258K	logit=0.360
A:N55A	B:N252A	logit=0.295
A:V102K	B:V299K	logit=0.267

Top tied mutations (C + D view):
C:V218L	D:V491L	logit=-0.467
C:K191R	D:K464R	logit=-0.571
C:S180T	D:S453T	logit=-0.674
C:T42V	D:T315V	logit=-0.730
C:N51P	D:N324P	logit=-0.875

Top tied mutations (A + B view):
A:T18C	B:T215C	logit=0.595
A:V58A	B:V255A	logit=0.310
A:R56P	B:R253P	logit=0.288
A:N54P	B:N251P	logit=0.252
A:V58C	B:V255C	logit=0.233

Top tied mutations (C + D view):
C:V218L	D:V491L	logit=-0.423
C:K191R	D:K464R	logit=-0.574
C:S180T	D:S453T	logit=-0.657
C:T42V	D:T315V	logit=-0.763
C:N51P	D:N324P	logit=-0.795

Top tied mutations (A + B view):
A:N54P	B:N251P	logit=0.531
A:N54M	B:N251M	logit=0.453
A:N54E	B:N251E	logit=0.436
A:T18I	B:T215I	logit=0.331
A:N54H	B:N251H	logit=0.301

Top tied mutations (C + D view):
C:V218L	D:V491L	logit=-0.413
C:K191R	D:K464R	logit=-0.520
C:S180T	D:S453T	logit=-0.659
C:T42V	D:T315V	logit=-0.726
C:N51P	D:N324P	logit=-0.806

Top tied mutations (A + B view):
A:N54Q	B:N251Q	logit=0.333
A:N54T	B:N251T	logit=0.312
A:V58E	B:V255E	logit=0.280
A:N54E	B:N251E	logit=0.258
A:N54R	B:N251R	logit=0.241

Top tied mutations (C + D view):
C:V218L	D:V491L	logit=-0.415
C:K191R	D:K464R	logit=-0.555
C:S180T	D:S453T	logit=-0.635
C:T42V	D:T315V	logit=-0.717
C:N51P	D:N324P	logit=-0.887

Top tied mutations (A + B view):
A:N54P	B:N251P	logit=0.399
A:V58C	B:V255C	logit=0.398
A:V102C	B:V299C	logit=0.320
A:N54A	B:N251A	logit=0.317
A:R61K	B:R258K	logit=0.317

Top tied mutations (C + D view):
C:V218L	D:V491L	logit=-0.479
C:K191R	D:K464R	logit=-0.571
C:S180T	D:S453T	logit=-0.680
C:T42V	D:T315V	logit=-0.748
C:N51P	D:N324P	logit=-0.800

Top tied mutations (A + B view):
A:E100K	B:E297K	logit=0.495
A:E100R	B:E297R	logit=0.426
A:N54E	B:N251E	logit=0.347
A:R61K	B:R258K	logit=0.319
A:V58H	B:V255H	logit=0.299

Top tied mutations (C + D view):
C:V218L	D:V491L	logit=-0.432
C:K191R	D:K464R	logit=-0.570
C:S180T	D:S453T	logit=-0.652
C:T42V	D:T315V	logit=-0.741
C:N51P	D:N324P	logit=-0.821

Top tied mutations (A + B view):
A:T18C	B:T215C	logit=0.340
A:R56C	B:R253C	logit=0.282
A:V58A	B:V255A	logit=0.274
A:N55A	B:N252A	logit=0.249
A:V58C	B:V255C	logit=0.238

Top tied mutations (C + D view):
C:V218L	D:V491L	logit=-0.462
C:K191R	D:K464R	logit=-0.565
C:S180T	D:S453T	logit=-0.646
C:T42V	D:T315V	logit=-0.677
C:S89A	D:S362A	logit=-0.897

Top tied mutations (A + B view):
A:N54P	B:N251P	logit=0.368
A:T18C	B:T215C	logit=0.330
A:N55R	B:N252R	logit=0.320
A:N57R	B:N254R	logit=0.268
A:V58S	B:V255S	logit=0.217

Top tied mutations (C + D view):
C:V218L	D:V491L	logit=-0.418
C:K191R	D:K464R	logit=-0.536
C:S180T	D:S453T	logit=-0.673
C:T42V	D:T315V	logit=-0.674
C:N51P	D:N324P	logit=-0.757

Top tied mutations (A + B view):
A:N54T	B:N251T	logit=0.397
A:Q59E	B:Q256E	logit=0.356
A:R61E	B:R258E	logit=0.316
A:R61A	B:R258A	logit=0.309
A:R61Q	B:R258Q	logit=0.297

Top tied mutations (C + D view):
C:V218L	D:V491L	logit=-0.480
C:K191R	D:K464R	logit=-0.552
C:S180T	D:S453T	logit=-0.672
C:T42V	D:T315V	logit=-0.766
C:S89A	D:S362A	logit=-0.858

Top tied mutations (A + B view):
A:N55D	B:N252D	logit=0.554
A:V58E	B:V255E	logit=0.428
A:N57R	B:N254R	logit=0.356
A:E100K	B:E297K	logit=0.321
A:N54R	B:N251R	logit=0.294

Top tied mutations (C + D view):
C:V218L	D:V491L	logit=-0.481
C:K191R	D:K464R	logit=-0.646
C:S180T	D:S453T	logit=-0.677
C:T42V	D:T315V	logit=-0.751
C:N51P	D:N324P	logit=-0.901

Top tied mutations (A + B view):
A:N54E	B:N251E	logit=0.280
A:R56E	B:R253E	logit=0.254
A:R61Q	B:R258Q	logit=0.251
A:N57Y	B:N254Y	logit=0.190
A:R61E	B:R258E	logit=0.187

Top tied mutations (C + D view):
C:V218L	D:V491L	logit=-0.421
C:K191R	D:K464R	logit=-0.565
C:S180T	D:S453T	logit=-0.646
C:T42V	D:T315V	logit=-0.711
C:N51P	D:N324P	logit=-0.746

Top tied mutations (A + B view):
A:N55R	B:N252R	logit=0.273
A:V102A	B:V299A	logit=0.265
A:N57A	B:N254A	logit=0.265
A:N57C	B:N254C	logit=0.264
A:N55D	B:N252D	logit=0.257

Top tied mutations (C + D view):
C:V218L	D:V491L	logit=-0.402
C:K191R	D:K464R	logit=-0.486
C:S180T	D:S453T	logit=-0.643
C:T42V	D:T315V	logit=-0.687
C:N51P	D:N324P	logit=-0.736

Top tied mutations (A + B view):
A:N55D	B:N252D	logit=0.682
A:T18C	B:T215C	logit=0.638
A:E100D	B:E297D	logit=0.581
A:E100S	B:E297S	logit=0.554
A:E100T	B:E297T	logit=0.492

Top tied mutations (C + D view):
C:V218L	D:V491L	logit=-0.426
C:K191R	D:K464R	logit=-0.543
C:S180T	D:S453T	logit=-0.662
C:T42V	D:T315V	logit=-0.742
C:N51P	D:N324P	logit=-0.886

Top tied mutations (A + B view):
A:R56K	B:R253K	logit=0.595
A:N57R	B:N254R	logit=0.356
A:V58E	B:V255E	logit=0.332
A:N54P	B:N251P	logit=0.219
A:R61I	B:R258I	logit=0.191

Top tied mutations (C + D view):
C:V218L	D:V491L	logit=-0.433
C:K191R	D:K464R	logit=-0.540
C:S180T	D:S453T	logit=-0.660
C:T42V	D:T315V	logit=-0.782
C:N51P	D:N324P	logit=-0.877

Top tied mutations (A + B view):
A:N57R	B:N254R	logit=0.357
A:N55H	B:N252H	logit=0.275
A:N55Q	B:N252Q	logit=0.261
A:N54T	B:N251T	logit=0.242
A:V58E	B:V255E	logit=0.236

Top tied mutations (C + D view):
C:V218L	D:V491L	logit=-0.453
C:K191R	D:K464R	logit=-0.508
C:S180T	D:S453T	logit=-0.674
C:T42V	D:T315V	logit=-0.695
C:N51P	D:N324P	logit=-0.747

Top tied mutations (A + B view):
A:E100C	B:E297C	logit=0.438
A:V58H	B:V255H	logit=0.293
A:R56K	B:R253K	logit=0.289
A:V58C	B:V255C	logit=0.288
A:V102C	B:V299C	logit=0.261

Top tied mutations (C + D view):
C:V218L	D:V491L	logit=-0.453
C:K191R	D:K464R	logit=-0.590
C:S180T	D:S453T	logit=-0.660
C:T42V	D:T315V	logit=-0.744
C:N51P	D:N324P	logit=-0.791

Top tied mutations (A + B view):
A:N55Q	B:N252Q	logit=0.516
A:N54E	B:N251E	logit=0.449
A:V58R	B:V255R	logit=0.291
A:N55T	B:N252T	logit=0.291
A:N54H	B:N251H	logit=0.286

Top tied mutations (C + D view):
C:V218L	D:V491L	logit=-0.483
C:K191R	D:K464R	logit=-0.630
C:S180T	D:S453T	logit=-0.681
C:T42V	D:T315V	logit=-0.689
C:N51P	D:N324P	logit=-0.821

Top tied mutations (A + B view):
A:N57R	B:N254R	logit=0.445
A:N55A	B:N252A	logit=0.353
A:T18L	B:T215L	logit=0.225
A:R56P	B:R253P	logit=0.223
A:T18C	B:T215C	logit=0.193

Top tied mutations (C + D view):
C:V218L	D:V491L	logit=-0.444
C:K191R	D:K464R	logit=-0.531
C:S180T	D:S453T	logit=-0.660
C:T42V	D:T315V	logit=-0.722
C:N51P	D:N324P	logit=-0.843

Top tied mutations (A + B view):
A:R61K	B:R258K	logit=0.581
A:R56K	B:R253K	logit=0.416
A:V102K	B:V299K	logit=0.372
A:R56P	B:R253P	logit=0.247
A:N55T	B:N252T	logit=0.227

Top tied mutations (C + D view):
C:V218L	D:V491L	logit=-0.416
C:K191R	D:K464R	logit=-0.578
C:S180T	D:S453T	logit=-0.649
C:T42V	D:T315V	logit=-0.732
C:N51P	D:N324P	logit=-0.822

Top tied mutations (A + B view):
A:N55H	B:N252H	logit=0.230
A:E100A	B:E297A	logit=0.225
A:N57K	B:N254K	logit=0.204
A:N55K	B:N252K	logit=0.201
A:T18L	B:T215L	logit=0.196

Top tied mutations (C + D view):
C:V218L	D:V491L	logit=-0.478
C:K191R	D:K464R	logit=-0.529
C:S180T	D:S453T	logit=-0.686
C:N51P	D:N324P	logit=-0.717
C:T42V	D:T315V	logit=-0.736

Top tied mutations (A + B view):
A:V58R	B:V255R	logit=0.355
A:N57D	B:N254D	logit=0.314
A:T18C	B:T215C	logit=0.285
A:R61K	B:R258K	logit=0.281
A:N57E	B:N254E	logit=0.279

Top tied mutations (C + D view):
C:V218L	D:V491L	logit=-0.493
C:K191R	D:K464R	logit=-0.517
C:S180T	D:S453T	logit=-0.642
C:N51P	D:N324P	logit=-0.693
C:T42V	D:T315V	logit=-0.719

Top tied mutations (A + B view):
A:E100C	B:E297C	logit=0.461
A:R61C	B:R258C	logit=0.434
A:V102C	B:V299C	logit=0.418
A:N55D	B:N252D	logit=0.391
A:R61S	B:R258S	logit=0.368

Top tied mutations (C + D view):
C:V218L	D:V491L	logit=-0.418
C:K191R	D:K464R	logit=-0.496
C:S180T	D:S453T	logit=-0.652
C:T42V	D:T315V	logit=-0.726
C:N51P	D:N324P	logit=-0.780

Top tied mutations (A + B view):
A:N54P	B:N251P	logit=0.343
A:N57E	B:N254E	logit=0.305
A:N57L	B:N254L	logit=0.286
A:N57D	B:N254D	logit=0.248
A:N54R	B:N251R	logit=0.217

Top tied mutations (C + D view):
C:V218L	D:V491L	logit=-0.458
C:K191R	D:K464R	logit=-0.540
C:S180T	D:S453T	logit=-0.649
C:T42V	D:T315V	logit=-0.746
C:N51P	D:N324P	logit=-0.837

Top tied mutations (A + B view):
A:N54P	B:N251P	logit=0.498
A:N54A	B:N251A	logit=0.390
A:E100D	B:E297D	logit=0.377
A:V58I	B:V255I	logit=0.367
A:V58R	B:V255R	logit=0.365

Top tied mutations (C + D view):
C:V218L	D:V491L	logit=-0.478
C:K191R	D:K464R	logit=-0.576
C:S180T	D:S453T	logit=-0.655
C:T42V	D:T315V	logit=-0.779
C:S89A	D:S362A	logit=-0.936

Top tied mutations (A + B view):
A:V58C	B:V255C	logit=1.099
A:T18C	B:T215C	logit=0.811
A:R61C	B:R258C	logit=0.810
A:V102C	B:V299C	logit=0.490
A:Q59C	B:Q256C	logit=0.461

Top tied mutations (C + D view):
C:V218L	D:V491L	logit=-0.446
C:K191R	D:K464R	logit=-0.588
C:S180T	D:S453T	logit=-0.660
C:T42V	D:T315V	logit=-0.728
C:N51P	D:N324P	logit=-0.807

Top tied mutations (A + B view):
A:N54P	B:N251P	logit=0.490
A:N57D	B:N254D	logit=0.422
A:R61Q	B:R258Q	logit=0.419
A:R61S	B:R258S	logit=0.352
A:N57E	B:N254E	logit=0.348

Top tied mutations (C + D view):
C:V218L	D:V491L	logit=-0.458
C:K191R	D:K464R	logit=-0.501
C:S180T	D:S453T	logit=-0.665
C:T42V	D:T315V	logit=-0.729
C:A168P	D:A441P	logit=-0.892

Top tied mutations (A + B view):
A:T18C	B:T215C	logit=0.458
A:N54H	B:N251H	logit=0.446
A:R61C	B:R258C	logit=0.399
A:R56C	B:R253C	logit=0.352
A:N54M	B:N251M	logit=0.302

Top tied mutations (C + D view):
C:V218L	D:V491L	logit=-0.407
C:K191R	D:K464R	logit=-0.545
C:S180T	D:S453T	logit=-0.670
C:T42V	D:T315V	logit=-0.736
C:N51P	D:N324P	logit=-0.846

Top tied mutations (A + B view):
A:N55D	B:N252D	logit=0.867
A:N54R	B:N251R	logit=0.487
A:R56D	B:R253D	logit=0.369
A:V58A	B:V255A	logit=0.343
A:R56N	B:R253N	logit=0.313

Top tied mutations (C + D view):
C:V218L	D:V491L	logit=-0.416
C:K191R	D:K464R	logit=-0.560
C:S180T	D:S453T	logit=-0.655
C:T42V	D:T315V	logit=-0.731
C:S89A	D:S362A	logit=-0.814

Top tied mutations (A + B view):
A:V58R	B:V255R	logit=0.430
A:N55D	B:N252D	logit=0.278
A:R56K	B:R253K	logit=0.275
A:Q59K	B:Q256K	logit=0.272
A:N55A	B:N252A	logit=0.263

Top tied mutations (C + D view):
C:V218L	D:V491L	logit=-0.468
C:K191R	D:K464R	logit=-0.488
C:S180T	D:S453T	logit=-0.655
C:T42V	D:T315V	logit=-0.763
C:S89A	D:S362A	logit=-0.894

Top tied mutations (A + B view):
A:E100C	B:E297C	logit=0.533
A:V102C	B:V299C	logit=0.379
A:N55R	B:N252R	logit=0.294
A:V58C	B:V255C	logit=0.292
A:V58S	B:V255S	logit=0.285

Top tied mutations (C + D view):
C:V218L	D:V491L	logit=-0.482
C:K191R	D:K464R	logit=-0.559
C:S180T	D:S453T	logit=-0.661
C:T42V	D:T315V	logit=-0.745
C:S89A	D:S362A	logit=-0.856

Top tied mutations (A + B view):
A:V102K	B:V299K	logit=0.255
A:N55D	B:N252D	logit=0.218
A:N57F	B:N254F	logit=0.209
A:R61K	B:R258K	logit=0.201
A:R56E	B:R253E	logit=0.179

Top tied mutations (C + D view):
C:V218L	D:V491L	logit=-0.423
C:K191R	D:K464R	logit=-0.562
C:S180T	D:S453T	logit=-0.641
C:T42V	D:T315V	logit=-0.777
C:N51P	D:N324P	logit=-0.885

Top tied mutations (A + B view):
A:N54P	B:N251P	logit=0.325
A:R56D	B:R253D	logit=0.307
A:Q59D	B:Q256D	logit=0.283
A:N55A	B:N252A	logit=0.271
A:Q59E	B:Q256E	logit=0.244

Top tied mutations (C + D view):
C:V218L	D:V491L	logit=-0.453
C:K191R	D:K464R	logit=-0.504
C:S180T	D:S453T	logit=-0.636
C:T42V	D:T315V	logit=-0.719
C:N219S	D:N492S	logit=-0.912

Top tied mutations (A + B view):
A:N54I	B:N251I	logit=0.321
A:R56K	B:R253K	logit=0.284
A:Q59I	B:Q256I	logit=0.207
A:N55T	B:N252T	logit=0.203
A:N57C	B:N254C	logit=0.191

Top tied mutations (C + D view):
C:V218L	D:V491L	logit=-0.409
C:K191R	D:K464R	logit=-0.585
C:S180T	D:S453T	logit=-0.668
C:T42V	D:T315V	logit=-0.778
C:S89A	D:S362A	logit=-0.903

Top tied mutations (A + B view):
A:N54P	B:N251P	logit=0.728
A:T18P	B:T215P	logit=0.384
A:E100C	B:E297C	logit=0.371
A:N54A	B:N251A	logit=0.257
A:V58I	B:V255I	logit=0.253

Top tied mutations (C + D view):
C:V218L	D:V491L	logit=-0.430
C:K191R	D:K464R	logit=-0.547
C:S180T	D:S453T	logit=-0.644
C:T42V	D:T315V	logit=-0.749
C:N219S	D:N492S	logit=-0.905

Top tied mutations (A + B view):
A:N54P	B:N251P	logit=0.436
A:R56C	B:R253C	logit=0.360
A:N57C	B:N254C	logit=0.333
A:R56T	B:R253T	logit=0.228
A:N54M	B:N251M	logit=0.223

Top tied mutations (C + D view):
C:V218L	D:V491L	logit=-0.474
C:K191R	D:K464R	logit=-0.513
C:S180T	D:S453T	logit=-0.659
C:T42V	D:T315V	logit=-0.764
C:S89A	D:S362A	logit=-0.923

Top tied mutations (A + B view):
A:N55D	B:N252D	logit=0.727
A:R61S	B:R258S	logit=0.280
A:R61T	B:R258T	logit=0.272
A:N57E	B:N254E	logit=0.268
A:R56D	B:R253D	logit=0.256

Top tied mutations (C + D view):
C:V218L	D:V491L	logit=-0.408
C:K191R	D:K464R	logit=-0.635
C:S180T	D:S453T	logit=-0.659
C:T42V	D:T315V	logit=-0.771
C:S89A	D:S362A	logit=-0.898

Top tied mutations (A + B view):
A:N57E	B:N254E	logit=0.377
A:N57F	B:N254F	logit=0.365
A:N54L	B:N251L	logit=0.361
A:V58R	B:V255R	logit=0.348
A:N55R	B:N252R	logit=0.348

Top tied mutations (C + D view):
C:V218L	D:V491L	logit=-0.454
C:K191R	D:K464R	logit=-0.547
C:S180T	D:S453T	logit=-0.663
C:T42V	D:T315V	logit=-0.784
C:N51P	D:N324P	logit=-0.882

Top tied mutations (A + B view):
A:R56C	B:R253C	logit=0.545
A:R56Y	B:R253Y	logit=0.470
A:R56F	B:R253F	logit=0.468
A:N54P	B:N251P	logit=0.431
A:N54H	B:N251H	logit=0.404

Top tied mutations (C + D view):
C:V218L	D:V491L	logit=-0.462
C:K191R	D:K464R	logit=-0.576
C:S180T	D:S453T	logit=-0.666
C:T42V	D:T315V	logit=-0.765
C:N51P	D:N324P	logit=-0.873

Top tied mutations (A + B view):
A:N57F	B:N254F	logit=0.353
A:N55G	B:N252G	logit=0.345
A:N57L	B:N254L	logit=0.331
A:V58R	B:V255R	logit=0.315
A:N57I	B:N254I	logit=0.301

Top tied mutations (C + D view):
C:V218L	D:V491L	logit=-0.417
C:K191R	D:K464R	logit=-0.539
C:S180T	D:S453T	logit=-0.667
C:T42V	D:T315V	logit=-0.706
C:N51P	D:N324P	logit=-0.884

Top tied mutations (A + B view):
A:N54P	B:N251P	logit=0.527
A:E100K	B:E297K	logit=0.524
A:E100R	B:E297R	logit=0.345
A:V58C	B:V255C	logit=0.311
A:R56K	B:R253K	logit=0.278

Top tied mutations (C + D view):
C:V218L	D:V491L	logit=-0.421
C:K191R	D:K464R	logit=-0.540
C:S180T	D:S453T	logit=-0.663
C:N51P	D:N324P	logit=-0.714
C:T42V	D:T315V	logit=-0.722

Top tied mutations (A + B view):
A:N55D	B:N252D	logit=0.495
A:V58R	B:V255R	logit=0.420
A:R56D	B:R253D	logit=0.393
A:N54A	B:N251A	logit=0.367
A:R56E	B:R253E	logit=0.290

Top tied mutations (C + D view):
C:V218L	D:V491L	logit=-0.442
C:K191R	D:K464R	logit=-0.572
C:S180T	D:S453T	logit=-0.660
C:T42V	D:T315V	logit=-0.750
C:N51P	D:N324P	logit=-0.834

Top tied mutations (A + B view):
A:E100K	B:E297K	logit=0.706
A:T18C	B:T215C	logit=0.698
A:E100R	B:E297R	logit=0.519
A:N55D	B:N252D	logit=0.456
A:N54P	B:N251P	logit=0.434

Top tied mutations (C + D view):
C:V218L	D:V491L	logit=-0.435
C:K191R	D:K464R	logit=-0.555
C:S180T	D:S453T	logit=-0.649
C:N51P	D:N324P	logit=-0.753
C:T42V	D:T315V	logit=-0.755

Top tied mutations (A + B view):
A:N54P	B:N251P	logit=0.549
A:N55G	B:N252G	logit=0.297
A:V102I	B:V299I	logit=0.186
A:N55K	B:N252K	logit=0.182
A:N55A	B:N252A	logit=0.179

Top tied mutations (C + D view):
C:V218L	D:V491L	logit=-0.413
C:K191R	D:K464R	logit=-0.537
C:S180T	D:S453T	logit=-0.650
C:T42V	D:T315V	logit=-0.764
C:N51P	D:N324P	logit=-0.801

Top tied mutations (A + B view):
A:V102R	B:V299R	logit=0.476
A:N55R	B:N252R	logit=0.365
A:E100R	B:E297R	logit=0.339
A:E100K	B:E297K	logit=0.331
A:V102A	B:V299A	logit=0.327

Top tied mutations (C + D view):
C:V218L	D:V491L	logit=-0.508
C:K191R	D:K464R	logit=-0.540
C:S180T	D:S453T	logit=-0.649
C:T42V	D:T315V	logit=-0.773
C:N51P	D:N324P	logit=-0.806

Top tied mutations (A + B view):
A:T18C	B:T215C	logit=1.281
A:R61C	B:R258C	logit=0.750
A:T18A	B:T215A	logit=0.400
A:N54I	B:N251I	logit=0.396
A:N55T	B:N252T	logit=0.349

Top tied mutations (C + D view):
C:V218L	D:V491L	logit=-0.439
C:K191R	D:K464R	logit=-0.543
C:S180T	D:S453T	logit=-0.668
C:T42V	D:T315V	logit=-0.721
C:N51P	D:N324P	logit=-0.893

Top tied mutations (A + B view):
A:N54P	B:N251P	logit=0.316
A:N57R	B:N254R	logit=0.312
A:N57K	B:N254K	logit=0.248
A:Q59K	B:Q256K	logit=0.222
A:T18E	B:T215E	logit=0.216

Top tied mutations (C + D view):
C:V218L	D:V491L	logit=-0.415
C:K191R	D:K464R	logit=-0.585
C:S180T	D:S453T	logit=-0.650
C:T42V	D:T315V	logit=-0.709
C:N51P	D:N324P	logit=-0.774

Top tied mutations (A + B view):
A:N54E	B:N251E	logit=0.446
A:N54H	B:N251H	logit=0.360
A:N54T	B:N251T	logit=0.331
A:R56S	B:R253S	logit=0.326
A:T18P	B:T215P	logit=0.318

Top tied mutations (C + D view):
C:V218L	D:V491L	logit=-0.389
C:K191R	D:K464R	logit=-0.546
C:S180T	D:S453T	logit=-0.642
C:T42V	D:T315V	logit=-0.769
C:N51P	D:N324P	logit=-0.913

Top tied mutations (A + B view):
A:Q59E	B:Q256E	logit=0.381
A:N57C	B:N254C	logit=0.357
A:R61C	B:R258C	logit=0.307
A:V102E	B:V299E	logit=0.286
A:N55C	B:N252C	logit=0.279

Top tied mutations (C + D view):
C:V218L	D:V491L	logit=-0.486
C:K191R	D:K464R	logit=-0.585
C:S180T	D:S453T	logit=-0.651
C:T42V	D:T315V	logit=-0.761
C:S89A	D:S362A	logit=-0.871

Top tied mutations (A + B view):
A:N55D	B:N252D	logit=0.632
A:N55G	B:N252G	logit=0.377
A:V58R	B:V255R	logit=0.302
A:V58N	B:V255N	logit=0.282
A:R56D	B:R253D	logit=0.267

Top tied mutations (C + D view):
C:V218L	D:V491L	logit=-0.438
C:K191R	D:K464R	logit=-0.534
C:S180T	D:S453T	logit=-0.647
C:T42V	D:T315V	logit=-0.731
C:S89A	D:S362A	logit=-0.885

Top tied mutations (A + B view):
A:V58E	B:V255E	logit=0.261
A:R61I	B:R258I	logit=0.224
A:V102K	B:V299K	logit=0.179
A:T18I	B:T215I	logit=0.174
A:N55Q	B:N252Q	logit=0.172

Top tied mutations (C + D view):
C:V218L	D:V491L	logit=-0.425
C:K191R	D:K464R	logit=-0.508
C:S180T	D:S453T	logit=-0.682
C:T42V	D:T315V	logit=-0.693
C:N51P	D:N324P	logit=-0.738

Top tied mutations (A + B view):
A:E100R	B:E297R	logit=0.644
A:N54E	B:N251E	logit=0.554
A:E100K	B:E297K	logit=0.508
A:N57E	B:N254E	logit=0.425
A:N54H	B:N251H	logit=0.407

Top tied mutations (C + D view):
C:V218L	D:V491L	logit=-0.442
C:K191R	D:K464R	logit=-0.621
C:S180T	D:S453T	logit=-0.671
C:T42V	D:T315V	logit=-0.732
C:N51P	D:N324P	logit=-0.906

Top tied mutations (A + B view):
A:T18C	B:T215C	logit=1.069
A:N54P	B:N251P	logit=0.666
A:V58R	B:V255R	logit=0.492
A:R61C	B:R258C	logit=0.422
A:V58C	B:V255C	logit=0.397

Top tied mutations (C + D view):
C:V218L	D:V491L	logit=-0.492
C:K191R	D:K464R	logit=-0.580
C:S180T	D:S453T	logit=-0.655
C:T42V	D:T315V	logit=-0.696
C:N51P	D:N324P	logit=-0.783

Top tied mutations (A + B view):
A:N55D	B:N252D	logit=0.524
A:N54R	B:N251R	logit=0.373
A:V58H	B:V255H	logit=0.319
A:V58C	B:V255C	logit=0.305
A:R56H	B:R253H	logit=0.260

Top tied mutations (C + D view):
C:V218L	D:V491L	logit=-0.471
C:K191R	D:K464R	logit=-0.536
C:S180T	D:S453T	logit=-0.626
C:T42V	D:T315V	logit=-0.721
C:N51P	D:N324P	logit=-0.766

Top tied mutations (A + B view):
A:T18C	B:T215C	logit=0.611
A:E100H	B:E297H	logit=0.594
A:V58C	B:V255C	logit=0.566
A:E100K	B:E297K	logit=0.560
A:E100S	B:E297S	logit=0.498

Top tied mutations (C + D view):
C:V218L	D:V491L	logit=-0.436
C:K191R	D:K464R	logit=-0.511
C:S180T	D:S453T	logit=-0.652
C:T42V	D:T315V	logit=-0.691
C:N51P	D:N324P	logit=-0.923

Top tied mutations (A + B view):
A:T18C	B:T215C	logit=0.548
A:R61C	B:R258C	logit=0.462
A:V102C	B:V299C	logit=0.344
A:V58H	B:V255H	logit=0.342
A:V58C	B:V255C	logit=0.339

Top tied mutations (C + D view):
C:V218L	D:V491L	logit=-0.465
C:K191R	D:K464R	logit=-0.538
C:S180T	D:S453T	logit=-0.662
C:T42V	D:T315V	logit=-0.737
C:N51P	D:N324P	logit=-0.753

Top tied mutations (A + B view):
A:N54P	B:N251P	logit=0.439
A:R56V	B:R253V	logit=0.368
A:R56F	B:R253F	logit=0.333
A:R56L	B:R253L	logit=0.309
A:R56I	B:R253I	logit=0.274

Top tied mutations (C + D view):
C:V218L	D:V491L	logit=-0.472
C:K191R	D:K464R	logit=-0.546
C:S180T	D:S453T	logit=-0.660
C:T42V	D:T315V	logit=-0.697
C:N51P	D:N324P	logit=-0.818

Top tied mutations (A + B view):
A:N55R	B:N252R	logit=0.318
A:N57R	B:N254R	logit=0.301
A:N55D	B:N252D	logit=0.260
A:N55K	B:N252K	logit=0.234
A:N54T	B:N251T	logit=0.224

Top tied mutations (C + D view):
C:V218L	D:V491L	logit=-0.419
C:K191R	D:K464R	logit=-0.539
C:S180T	D:S453T	logit=-0.683
C:N51P	D:N324P	logit=-0.733
C:T42V	D:T315V	logit=-0.767

Top tied mutations (A + B view):
A:V58C	B:V255C	logit=0.543
A:E100C	B:E297C	logit=0.419
A:V58H	B:V255H	logit=0.317
A:V102C	B:V299C	logit=0.248
A:E100D	B:E297D	logit=0.217

Top tied mutations (C + D view):
C:V218L	D:V491L	logit=-0.429
C:K191R	D:K464R	logit=-0.476
C:S180T	D:S453T	logit=-0.626
C:T42V	D:T315V	logit=-0.747
C:N51P	D:N324P	logit=-0.811

Top tied mutations (A + B view):
A:E100K	B:E297K	logit=0.603
A:E100R	B:E297R	logit=0.501
A:V58E	B:V255E	logit=0.360
A:R56H	B:R253H	logit=0.280
A:N55H	B:N252H	logit=0.201

Top tied mutations (C + D view):
C:V218L	D:V491L	logit=-0.401
C:K191R	D:K464R	logit=-0.562
C:S180T	D:S453T	logit=-0.659
C:T42V	D:T315V	logit=-0.705
C:N51P	D:N324P	logit=-0.895

Top tied mutations (A + B view):
A:R61S	B:R258S	logit=0.344
A:R61E	B:R258E	logit=0.300
A:R61Q	B:R258Q	logit=0.252
A:R61N	B:R258N	logit=0.232
A:V58S	B:V255S	logit=0.222

Top tied mutations (C + D view):
C:V218L	D:V491L	logit=-0.464
C:K191R	D:K464R	logit=-0.491
C:S180T	D:S453T	logit=-0.669
C:T42V	D:T315V	logit=-0.732
C:N51P	D:N324P	logit=-0.828

Top tied mutations (A + B view):
A:V58R	B:V255R	logit=0.299
A:V102C	B:V299C	logit=0.275
A:N55Q	B:N252Q	logit=0.252
A:N55K	B:N252K	logit=0.249
A:N55H	B:N252H	logit=0.230

Top tied mutations (C + D view):
C:V218L	D:V491L	logit=-0.483
C:K191R	D:K464R	logit=-0.633
C:S180T	D:S453T	logit=-0.680
C:T42V	D:T315V	logit=-0.711
C:S89A	D:S362A	logit=-0.911

Top tied mutations (A + B view):
A:V58C	B:V255C	logit=0.510
A:T18C	B:T215C	logit=0.351
A:R56Y	B:R253Y	logit=0.336
A:R56F	B:R253F	logit=0.267
A:E100K	B:E297K	logit=0.227

Top tied mutations (C + D view):
C:V218L	D:V491L	logit=-0.397
C:K191R	D:K464R	logit=-0.519
C:S180T	D:S453T	logit=-0.610
C:T42V	D:T315V	logit=-0.763
C:N51P	D:N324P	logit=-0.789

Top tied mutations (A + B view):
A:N55D	B:N252D	logit=0.324
A:V58A	B:V255A	logit=0.317
A:R56N	B:R253N	logit=0.295
A:R56D	B:R253D	logit=0.287
A:N54T	B:N251T	logit=0.282

Top tied mutations (C + D view):
C:V218L	D:V491L	logit=-0.461
C:K191R	D:K464R	logit=-0.537
C:S180T	D:S453T	logit=-0.637
C:T42V	D:T315V	logit=-0.741
C:N51P	D:N324P	logit=-0.892

Top tied mutations (A + B view):
A:N55Q	B:N252Q	logit=0.350
A:N54I	B:N251I	logit=0.325
A:R56F	B:R253F	logit=0.306
A:N57L	B:N254L	logit=0.293
A:R56Y	B:R253Y	logit=0.275

Top tied mutations (C + D view):
C:K191R	D:K464R	logit=-0.466
C:V218L	D:V491L	logit=-0.469
C:S180T	D:S453T	logit=-0.657
C:T42V	D:T315V	logit=-0.740
C:N51P	D:N324P	logit=-0.812

Top tied mutations (A + B view):
A:N54H	B:N251H	logit=0.428
A:V58R	B:V255R	logit=0.422
A:N54T	B:N251T	logit=0.330
A:V58Y	B:V255Y	logit=0.321
A:N57D	B:N254D	logit=0.304

Top tied mutations (C + D view):
C:V218L	D:V491L	logit=-0.469
C:K191R	D:K464R	logit=-0.514
C:S180T	D:S453T	logit=-0.640
C:T42V	D:T315V	logit=-0.770
C:N51P	D:N324P	logit=-0.843

Top tied mutations (A + B view):
A:N54T	B:N251T	logit=0.411
A:V58R	B:V255R	logit=0.398
A:N54E	B:N251E	logit=0.280
A:N57R	B:N254R	logit=0.276
A:N54Q	B:N251Q	logit=0.220

Top tied mutations (C + D view):
C:V218L	D:V491L	logit=-0.458
C:K191R	D:K464R	logit=-0.577
C:S180T	D:S453T	logit=-0.653
C:T42V	D:T315V	logit=-0.682
C:S89A	D:S362A	logit=-0.899

Top tied mutations (A + B view):
A:R61C	B:R258C	logit=0.526
A:T18C	B:T215C	logit=0.512
A:N54P	B:N251P	logit=0.451
A:N54L	B:N251L	logit=0.352
A:E100R	B:E297R	logit=0.342

Top tied mutations (C + D view):
C:V218L	D:V491L	logit=-0.442
C:K191R	D:K464R	logit=-0.529
C:S180T	D:S453T	logit=-0.642
C:T42V	D:T315V	logit=-0.732
C:N51P	D:N324P	logit=-0.812

Top tied mutations (A + B view):
A:R61C	B:R258C	logit=0.607
A:T18C	B:T215C	logit=0.529
A:N54H	B:N251H	logit=0.461
A:N54E	B:N251E	logit=0.451
A:R61S	B:R258S	logit=0.388

Top tied mutations (C + D view):
C:V218L	D:V491L	logit=-0.453
C:K191R	D:K464R	logit=-0.605
C:S180T	D:S453T	logit=-0.673
C:T42V	D:T315V	logit=-0.763
C:S89A	D:S362A	logit=-0.841

Top tied mutations (A + B view):
A:Q59A	B:Q256A	logit=0.198
A:V58Y	B:V255Y	logit=0.191
A:N57M	B:N254M	logit=0.190
A:R56K	B:R253K	logit=0.171
A:V58W	B:V255W	logit=0.164

Top tied mutations (C + D view):
C:V218L	D:V491L	logit=-0.466
C:K191R	D:K464R	logit=-0.568
C:S180T	D:S453T	logit=-0.673
C:T42V	D:T315V	logit=-0.784
C:N51P	D:N324P	logit=-0.903

Top tied mutations (A + B view):
A:E100K	B:E297K	logit=0.330
A:N57I	B:N254I	logit=0.247
A:N54I	B:N251I	logit=0.245
A:N57F	B:N254F	logit=0.208
A:R56P	B:R253P	logit=0.199

Top tied mutations (C + D view):
C:V218L	D:V491L	logit=-0.473
C:K191R	D:K464R	logit=-0.575
C:S180T	D:S453T	logit=-0.657
C:T42V	D:T315V	logit=-0.733
C:S89A	D:S362A	logit=-0.931

Top tied mutations (A + B view):
A:N54L	B:N251L	logit=0.484
A:N54H	B:N251H	logit=0.426
A:N54E	B:N251E	logit=0.419
A:N54M	B:N251M	logit=0.405
A:E100K	B:E297K	logit=0.397

Top tied mutations (C + D view):
C:V218L	D:V491L	logit=-0.422
C:K191R	D:K464R	logit=-0.505
C:S180T	D:S453T	logit=-0.649
C:T42V	D:T315V	logit=-0.706
C:A168P	D:A441P	logit=-0.912

Top tied mutations (A + B view):
A:N55D	B:N252D	logit=0.389
A:N54T	B:N251T	logit=0.334
A:N54L	B:N251L	logit=0.303
A:N54V	B:N251V	logit=0.291
A:E100D	B:E297D	logit=0.287

Top tied mutations (C + D view):
C:V218L	D:V491L	logit=-0.466
C:K191R	D:K464R	logit=-0.628
C:S180T	D:S453T	logit=-0.660
C:T42V	D:T315V	logit=-0.714
C:N51P	D:N324P	logit=-0.908

Top tied mutations (A + B view):
A:N54L	B:N251L	logit=0.482
A:Q59L	B:Q256L	logit=0.482
A:N54M	B:N251M	logit=0.284
A:R61Q	B:R258Q	logit=0.261
A:Q59F	B:Q256F	logit=0.240

Top tied mutations (C + D view):
C:V218L	D:V491L	logit=-0.464
C:K191R	D:K464R	logit=-0.628
C:S180T	D:S453T	logit=-0.634
C:T42V	D:T315V	logit=-0.763
C:N51P	D:N324P	logit=-0.825

Top tied mutations (A + B view):
A:N54T	B:N251T	logit=0.540
A:N55D	B:N252D	logit=0.528
A:V58R	B:V255R	logit=0.338
A:V58G	B:V255G	logit=0.263
A:V58H	B:V255H	logit=0.261

Top tied mutations (C + D view):
C:V218L	D:V491L	logit=-0.475
C:K191R	D:K464R	logit=-0.548
C:S180T	D:S453T	logit=-0.663
C:T42V	D:T315V	logit=-0.731
C:S89A	D:S362A	logit=-0.848

Top tied mutations (A + B view):
A:N55D	B:N252D	logit=0.406
A:V58C	B:V255C	logit=0.363
A:T18C	B:T215C	logit=0.362
A:R61C	B:R258C	logit=0.246
A:R61K	B:R258K	logit=0.237

Top tied mutations (C + D view):
C:V218L	D:V491L	logit=-0.489
C:K191R	D:K464R	logit=-0.610
C:S180T	D:S453T	logit=-0.666
C:T42V	D:T315V	logit=-0.770
C:S89A	D:S362A	logit=-0.862

Top tied mutations (A + B view):
A:N55T	B:N252T	logit=0.432
A:V58C	B:V255C	logit=0.413
A:R56C	B:R253C	logit=0.398
A:N55Q	B:N252Q	logit=0.395
A:N55C	B:N252C	logit=0.342

Top tied mutations (C + D view):
C:V218L	D:V491L	logit=-0.447
C:K191R	D:K464R	logit=-0.563
C:S180T	D:S453T	logit=-0.657
C:T42V	D:T315V	logit=-0.703
C:N51P	D:N324P	logit=-0.832

Top tied mutations (A + B view):
A:N54L	B:N251L	logit=0.380
A:N54M	B:N251M	logit=0.329
A:N55G	B:N252G	logit=0.328
A:E100H	B:E297H	logit=0.238
A:N57T	B:N254T	logit=0.226

Top tied mutations (C + D view):
C:V218L	D:V491L	logit=-0.445
C:K191R	D:K464R	logit=-0.541
C:S180T	D:S453T	logit=-0.653
C:T42V	D:T315V	logit=-0.772
C:S89A	D:S362A	logit=-0.895

Top tied mutations (A + B view):
A:V58N	B:V255N	logit=0.495
A:V58E	B:V255E	logit=0.424
A:R61E	B:R258E	logit=0.386
A:N54T	B:N251T	logit=0.354
A:V58S	B:V255S	logit=0.349

Top tied mutations (C + D view):
C:V218L	D:V491L	logit=-0.452
C:K191R	D:K464R	logit=-0.524
C:S180T	D:S453T	logit=-0.635
C:T42V	D:T315V	logit=-0.692
C:N51P	D:N324P	logit=-0.884

Top tied mutations (A + B view):
A:N54H	B:N251H	logit=0.512
A:N54E	B:N251E	logit=0.498
A:V58N	B:V255N	logit=0.405
A:N54T	B:N251T	logit=0.370
A:R56P	B:R253P	logit=0.365

Top tied mutations (C + D view):
C:V218L	D:V491L	logit=-0.427
C:K191R	D:K464R	logit=-0.579
C:S180T	D:S453T	logit=-0.655
C:T42V	D:T315V	logit=-0.742
C:N51P	D:N324P	logit=-0.783

Top tied mutations (A + B view):
A:V102C	B:V299C	logit=0.361
A:N57T	B:N254T	logit=0.261
A:N57S	B:N254S	logit=0.255
A:N54P	B:N251P	logit=0.251
A:R56C	B:R253C	logit=0.240

Top tied mutations (C + D view):
C:V218L	D:V491L	logit=-0.450
C:K191R	D:K464R	logit=-0.581
C:S180T	D:S453T	logit=-0.688
C:T42V	D:T315V	logit=-0.705
C:N51P	D:N324P	logit=-0.848

Top tied mutations (A + B view):
A:V58E	B:V255E	logit=0.619
A:E100K	B:E297K	logit=0.428
A:E100R	B:E297R	logit=0.418
A:N54E	B:N251E	logit=0.356
A:N57E	B:N254E	logit=0.311

Top tied mutations (C + D view):
C:V218L	D:V491L	logit=-0.401
C:K191R	D:K464R	logit=-0.554
C:S180T	D:S453T	logit=-0.648
C:T42V	D:T315V	logit=-0.725
C:N51P	D:N324P	logit=-0.849

Top tied mutations (A + B view):
A:N55D	B:N252D	logit=0.456
A:R56K	B:R253K	logit=0.432
A:V58S	B:V255S	logit=0.299
A:V58T	B:V255T	logit=0.273
A:E100Q	B:E297Q	logit=0.226

Top tied mutations (C + D view):
C:V218L	D:V491L	logit=-0.472
C:K191R	D:K464R	logit=-0.545
C:S180T	D:S453T	logit=-0.671
C:T42V	D:T315V	logit=-0.710
C:N51P	D:N324P	logit=-0.870

Top tied mutations (A + B view):
A:N54Q	B:N251Q	logit=0.302
A:N54T	B:N251T	logit=0.294
A:E100D	B:E297D	logit=0.275
A:N54M	B:N251M	logit=0.272
A:Q59E	B:Q256E	logit=0.264

Top tied mutations (C + D view):
C:V218L	D:V491L	logit=-0.429
C:K191R	D:K464R	logit=-0.557
C:S180T	D:S453T	logit=-0.632
C:T42V	D:T315V	logit=-0.685
C:N51P	D:N324P	logit=-0.862

Top tied mutations (A + B view):
A:N57D	B:N254D	logit=0.455
A:N55T	B:N252T	logit=0.415
A:N55Q	B:N252Q	logit=0.285
A:T18C	B:T215C	logit=0.257
A:N57E	B:N254E	logit=0.225

Top tied mutations (C + D view):
C:V218L	D:V491L	logit=-0.438
C:K191R	D:K464R	logit=-0.589
C:S180T	D:S453T	logit=-0.620
C:T42V	D:T315V	logit=-0.791
C:N51P	D:N324P	logit=-0.843

Top tied mutations (A + B view):
A:V58N	B:V255N	logit=0.341
A:V58S	B:V255S	logit=0.300
A:N57R	B:N254R	logit=0.262
A:V58D	B:V255D	logit=0.246
A:T18K	B:T215K	logit=0.197

Top tied mutations (C + D view):
C:V218L	D:V491L	logit=-0.483
C:K191R	D:K464R	logit=-0.557
C:S180T	D:S453T	logit=-0.627
C:T42V	D:T315V	logit=-0.736
C:N51P	D:N324P	logit=-0.760

Top tied mutations (A + B view):
A:R56E	B:R253E	logit=0.368
A:N57D	B:N254D	logit=0.328
A:V58R	B:V255R	logit=0.297
A:Q59E	B:Q256E	logit=0.276
A:N54A	B:N251A	logit=0.266

Top tied mutations (C + D view):
C:V218L	D:V491L	logit=-0.453
C:K191R	D:K464R	logit=-0.542
C:S180T	D:S453T	logit=-0.636
C:T42V	D:T315V	logit=-0.728
C:N51P	D:N324P	logit=-0.782

Top tied mutations (A + B view):
A:R56F	B:R253F	logit=0.336
A:N57M	B:N254M	logit=0.286
A:Q59E	B:Q256E	logit=0.281
A:R56C	B:R253C	logit=0.278
A:R56V	B:R253V	logit=0.272

Top tied mutations (C + D view):
C:V218L	D:V491L	logit=-0.479
C:K191R	D:K464R	logit=-0.496
C:S180T	D:S453T	logit=-0.626
C:T42V	D:T315V	logit=-0.760
C:N51P	D:N324P	logit=-0.763

Top tied mutations (A + B view):
A:N54H	B:N251H	logit=0.403
A:N55A	B:N252A	logit=0.344
A:E100I	B:E297I	logit=0.341
A:V58C	B:V255C	logit=0.339
A:V58Q	B:V255Q	logit=0.328

Top tied mutations (C + D view):
C:V218L	D:V491L	logit=-0.485
C:K191R	D:K464R	logit=-0.606
C:S180T	D:S453T	logit=-0.665
C:T42V	D:T315V	logit=-0.751
C:S89A	D:S362A	logit=-0.920

Top tied mutations (A + B view):
A:N54T	B:N251T	logit=0.481
A:N55K	B:N252K	logit=0.391
A:N54Q	B:N251Q	logit=0.369
A:N54L	B:N251L	logit=0.328
A:T18I	B:T215I	logit=0.326

Top tied mutations (C + D view):
C:V218L	D:V491L	logit=-0.477
C:K191R	D:K464R	logit=-0.567
C:S180T	D:S453T	logit=-0.646
C:T42V	D:T315V	logit=-0.753
C:S89A	D:S362A	logit=-0.893

Top tied mutations (A + B view):
A:E100K	B:E297K	logit=0.578
A:R61K	B:R258K	logit=0.572
A:E100R	B:E297R	logit=0.385
A:R56K	B:R253K	logit=0.368
A:N57F	B:N254F	logit=0.269

Top tied mutations (C + D view):
C:V218L	D:V491L	logit=-0.485
C:K191R	D:K464R	logit=-0.576
C:S180T	D:S453T	logit=-0.677
C:T42V	D:T315V	logit=-0.735
C:A168P	D:A441P	logit=-0.890

Top tied mutations (A + B view):
A:R61K	B:R258K	logit=0.294
A:V58Q	B:V255Q	logit=0.276
A:N57Q	B:N254Q	logit=0.273
A:N55A	B:N252A	logit=0.233
A:V58E	B:V255E	logit=0.213

Top tied mutations (C + D view):
C:V218L	D:V491L	logit=-0.452
C:K191R	D:K464R	logit=-0.570
C:S180T	D:S453T	logit=-0.680
C:T42V	D:T315V	logit=-0.760
C:N51P	D:N324P	logit=-0.795

Top tied mutations (A + B view):
A:N57M	B:N254M	logit=0.445
A:N54P	B:N251P	logit=0.278
A:N55A	B:N252A	logit=0.267
A:N54L	B:N251L	logit=0.266
A:V58Q	B:V255Q	logit=0.256

Top tied mutations (C + D view):
C:V218L	D:V491L	logit=-0.457
C:K191R	D:K464R	logit=-0.523
C:S180T	D:S453T	logit=-0.631
C:T42V	D:T315V	logit=-0.793
C:N51P	D:N324P	logit=-0.841

Top tied mutations (A + B view):
A:V58R	B:V255R	logit=0.459
A:V58M	B:V255M	logit=0.280
A:N55A	B:N252A	logit=0.257
A:R61K	B:R258K	logit=0.257
A:V58L	B:V255L	logit=0.244

Top tied mutations (C + D view):
C:V218L	D:V491L	logit=-0.411
C:K191R	D:K464R	logit=-0.593
C:S180T	D:S453T	logit=-0.664
C:N51P	D:N324P	logit=-0.744
C:T42V	D:T315V	logit=-0.749

Top tied mutations (A + B view):
A:N54T	B:N251T	logit=0.440
A:T18C	B:T215C	logit=0.410
A:E100S	B:E297S	logit=0.313
A:E100R	B:E297R	logit=0.274
A:E100K	B:E297K	logit=0.255

Top tied mutations (C + D view):
C:V218L	D:V491L	logit=-0.470
C:K191R	D:K464R	logit=-0.517
C:S180T	D:S453T	logit=-0.667
C:T42V	D:T315V	logit=-0.781
C:S72G	D:S345G	logit=-0.921

Top tied mutations (A + B view):
A:N55D	B:N252D	logit=0.387
A:E100H	B:E297H	logit=0.358
A:E100R	B:E297R	logit=0.295
A:Q59E	B:Q256E	logit=0.269
A:R56E	B:R253E	logit=0.257

Top tied mutations (C + D view):
C:V218L	D:V491L	logit=-0.431
C:K191R	D:K464R	logit=-0.489
C:S180T	D:S453T	logit=-0.669
C:T42V	D:T315V	logit=-0.690
C:N51P	D:N324P	logit=-0.800

Top tied mutations (A + B view):
A:N57D	B:N254D	logit=0.425
A:N57E	B:N254E	logit=0.393
A:N54E	B:N251E	logit=0.325
A:V102C	B:V299C	logit=0.309
A:R56K	B:R253K	logit=0.277

Top tied mutations (C + D view):
C:V218L	D:V491L	logit=-0.479
C:K191R	D:K464R	logit=-0.513
C:S180T	D:S453T	logit=-0.657
C:T42V	D:T315V	logit=-0.684
C:S89A	D:S362A	logit=-0.828

Top tied mutations (A + B view):
A:N57L	B:N254L	logit=0.324
A:N57W	B:N254W	logit=0.308
A:N57F	B:N254F	logit=0.276
A:V58R	B:V255R	logit=0.266
A:R56V	B:R253V	logit=0.223

Top tied mutations (C + D view):
C:V218L	D:V491L	logit=-0.401
C:K191R	D:K464R	logit=-0.551
C:S180T	D:S453T	logit=-0.638
C:T42V	D:T315V	logit=-0.813
C:N51P	D:N324P	logit=-0.828

Top tied mutations (A + B view):
A:V58Y	B:V255Y	logit=0.396
A:T18C	B:T215C	logit=0.377
A:R56E	B:R253E	logit=0.367
A:V58R	B:V255R	logit=0.351
A:Q59E	B:Q256E	logit=0.330

Top tied mutations (C + D view):
C:V218L	D:V491L	logit=-0.411
C:K191R	D:K464R	logit=-0.615
C:S180T	D:S453T	logit=-0.664
C:T42V	D:T315V	logit=-0.674
C:A168P	D:A441P	logit=-0.938

Top tied mutations (A + B view):
A:E100K	B:E297K	logit=0.532
A:N55A	B:N252A	logit=0.517
A:E100R	B:E297R	logit=0.512
A:Q59K	B:Q256K	logit=0.382
A:N54R	B:N251R	logit=0.373

Top tied mutations (C + D view):
C:V218L	D:V491L	logit=-0.448
C:K191R	D:K464R	logit=-0.566
C:S180T	D:S453T	logit=-0.657
C:T42V	D:T315V	logit=-0.737
C:N51P	D:N324P	logit=-0.864

Top tied mutations (A + B view):
A:E100K	B:E297K	logit=0.345
A:V58Q	B:V255Q	logit=0.303
A:N55K	B:N252K	logit=0.288
A:N54L	B:N251L	logit=0.283
A:N54E	B:N251E	logit=0.273

Top tied mutations (C + D view):
C:V218L	D:V491L	logit=-0.410
C:K191R	D:K464R	logit=-0.557
C:S180T	D:S453T	logit=-0.636
C:T42V	D:T315V	logit=-0.755
C:S89A	D:S362A	logit=-0.889

Top tied mutations (A + B view):
A:Q59E	B:Q256E	logit=0.456
A:R61K	B:R258K	logit=0.339
A:V58R	B:V255R	logit=0.286
A:N54P	B:N251P	logit=0.285
A:N57K	B:N254K	logit=0.283

Top tied mutations (C + D view):
C:V218L	D:V491L	logit=-0.424
C:K191R	D:K464R	logit=-0.623
C:S180T	D:S453T	logit=-0.651
C:T42V	D:T315V	logit=-0.772
C:N51P	D:N324P	logit=-0.925

Top tied mutations (A + B view):
A:N57R	B:N254R	logit=0.374
A:T18C	B:T215C	logit=0.325
A:N54T	B:N251T	logit=0.317
A:N57K	B:N254K	logit=0.255
A:N55P	B:N252P	logit=0.225

Top tied mutations (C + D view):
C:K191R	D:K464R	logit=-0.433
C:V218L	D:V491L	logit=-0.490
C:S180T	D:S453T	logit=-0.648
C:T42V	D:T315V	logit=-0.714
C:S89A	D:S362A	logit=-0.879

Top tied mutations (A + B view):
A:R56P	B:R253P	logit=0.358
A:N57R	B:N254R	logit=0.317
A:V58R	B:V255R	logit=0.270
A:R61S	B:R258S	logit=0.259
A:N55T	B:N252T	logit=0.240

Top tied mutations (C + D view):
C:V218L	D:V491L	logit=-0.451
C:K191R	D:K464R	logit=-0.570
C:S180T	D:S453T	logit=-0.678
C:T42V	D:T315V	logit=-0.781
C:S89A	D:S362A	logit=-0.913

Top tied mutations (A + B view):
A:E100K	B:E297K	logit=0.448
A:E100R	B:E297R	logit=0.411
A:N57R	B:N254R	logit=0.339
A:T18C	B:T215C	logit=0.327
A:N54R	B:N251R	logit=0.308

Top tied mutations (C + D view):
C:V218L	D:V491L	logit=-0.431
C:K191R	D:K464R	logit=-0.574
C:S180T	D:S453T	logit=-0.661
C:T42V	D:T315V	logit=-0.686
C:N51P	D:N324P	logit=-0.837

Top tied mutations (A + B view):
A:R56S	B:R253S	logit=0.277
A:V58N	B:V255N	logit=0.274
A:T18C	B:T215C	logit=0.250
A:N57M	B:N254M	logit=0.199
A:R61E	B:R258E	logit=0.197

Top tied mutations (C + D view):
C:V218L	D:V491L	logit=-0.446
C:K191R	D:K464R	logit=-0.551
C:S180T	D:S453T	logit=-0.644
C:T42V	D:T315V	logit=-0.700
C:N51P	D:N324P	logit=-0.703

Top tied mutations (A + B view):
A:N54H	B:N251H	logit=0.468
A:N54R	B:N251R	logit=0.389
A:N54E	B:N251E	logit=0.367
A:R56P	B:R253P	logit=0.346
A:N57E	B:N254E	logit=0.344

Top tied mutations (C + D view):
C:V218L	D:V491L	logit=-0.427
C:K191R	D:K464R	logit=-0.504
C:S180T	D:S453T	logit=-0.625
C:T42V	D:T315V	logit=-0.769
C:N51P	D:N324P	logit=-0.859

Top tied mutations (A + B view):
A:V58R	B:V255R	logit=0.576
A:T18C	B:T215C	logit=0.343
A:Q59K	B:Q256K	logit=0.300
A:R56K	B:R253K	logit=0.284
A:R61C	B:R258C	logit=0.270

Top tied mutations (C + D view):
C:V218L	D:V491L	logit=-0.441
C:K191R	D:K464R	logit=-0.537
C:S180T	D:S453T	logit=-0.652
C:T42V	D:T315V	logit=-0.733
C:N51P	D:N324P	logit=-0.855

Top tied mutations (A + B view):
A:N55D	B:N252D	logit=0.545
A:V58S	B:V255S	logit=0.420
A:N54H	B:N251H	logit=0.417
A:N57D	B:N254D	logit=0.403
A:V58E	B:V255E	logit=0.402

Top tied mutations (C + D view):
C:V218L	D:V491L	logit=-0.455
C:K191R	D:K464R	logit=-0.640
C:S180T	D:S453T	logit=-0.659
C:T42V	D:T315V	logit=-0.756
C:N51P	D:N324P	logit=-0.883

Top tied mutations (A + B view):
A:V58R	B:V255R	logit=0.959
A:V58Y	B:V255Y	logit=0.435
A:V58L	B:V255L	logit=0.426
A:V58K	B:V255K	logit=0.380
A:V58H	B:V255H	logit=0.379

Top tied mutations (C + D view):
C:V218L	D:V491L	logit=-0.439
C:K191R	D:K464R	logit=-0.522
C:S180T	D:S453T	logit=-0.672
C:T42V	D:T315V	logit=-0.725
C:N51P	D:N324P	logit=-0.747

Top tied mutations (A + B view):
A:N54L	B:N251L	logit=0.613
A:N54I	B:N251I	logit=0.558
A:N54V	B:N251V	logit=0.452
A:N54T	B:N251T	logit=0.299
A:N57F	B:N254F	logit=0.262

Top tied mutations (C + D view):
C:V218L	D:V491L	logit=-0.441
C:K191R	D:K464R	logit=-0.535
C:S180T	D:S453T	logit=-0.659
C:N51P	D:N324P	logit=-0.721
C:T42V	D:T315V	logit=-0.745

Top tied mutations (A + B view):
A:V58M	B:V255M	logit=0.265
A:V58Y	B:V255Y	logit=0.248
A:N57S	B:N254S	logit=0.228
A:T18I	B:T215I	logit=0.227
A:N57F	B:N254F	logit=0.223

Top tied mutations (C + D view):
C:V218L	D:V491L	logit=-0.481
C:K191R	D:K464R	logit=-0.555
C:S180T	D:S453T	logit=-0.621
C:T42V	D:T315V	logit=-0.703
C:N51P	D:N324P	logit=-0.807

Top tied mutations (A + B view):
A:E100K	B:E297K	logit=0.390
A:N55R	B:N252R	logit=0.355
A:E100R	B:E297R	logit=0.295
A:N55D	B:N252D	logit=0.289
A:R56I	B:R253I	logit=0.210

Top tied mutations (C + D view):
C:V218L	D:V491L	logit=-0.460
C:K191R	D:K464R	logit=-0.507
C:S180T	D:S453T	logit=-0.637
C:T42V	D:T315V	logit=-0.770
C:N51P	D:N324P	logit=-0.794

Top tied mutations (A + B view):
A:T18C	B:T215C	logit=0.554
A:E100K	B:E297K	logit=0.366
A:N57D	B:N254D	logit=0.348
A:N57L	B:N254L	logit=0.333
A:E100R	B:E297R	logit=0.308

Top tied mutations (C + D view):
C:V218L	D:V491L	logit=-0.436
C:K191R	D:K464R	logit=-0.485
C:S180T	D:S453T	logit=-0.666
C:T42V	D:T315V	logit=-0.705
C:N51P	D:N324P	logit=-0.853

Top tied mutations (A + B view):
A:V102C	B:V299C	logit=0.400
A:N54H	B:N251H	logit=0.380
A:E100K	B:E297K	logit=0.330
A:E100R	B:E297R	logit=0.327
A:N54P	B:N251P	logit=0.302

Top tied mutations (C + D view):
C:V218L	D:V491L	logit=-0.425
C:K191R	D:K464R	logit=-0.575
C:S180T	D:S453T	logit=-0.682
C:T42V	D:T315V	logit=-0.821
C:N51P	D:N324P	logit=-0.893

Top tied mutations (A + B view):
A:R56K	B:R253K	logit=0.267
A:R56H	B:R253H	logit=0.246
A:N57C	B:N254C	logit=0.213
A:R61Q	B:R258Q	logit=0.211
A:N54I	B:N251I	logit=0.183

Top tied mutations (C + D view):
C:V218L	D:V491L	logit=-0.447
C:K191R	D:K464R	logit=-0.485
C:S180T	D:S453T	logit=-0.663
C:T42V	D:T315V	logit=-0.704
C:N51P	D:N324P	logit=-0.830

Top tied mutations (A + B view):
A:N54L	B:N251L	logit=0.256
A:V58H	B:V255H	logit=0.245
A:V58R	B:V255R	logit=0.190
A:V58N	B:V255N	logit=0.186
A:R56F	B:R253F	logit=0.184

Top tied mutations (C + D view):
C:V218L	D:V491L	logit=-0.453
C:K191R	D:K464R	logit=-0.553
C:S180T	D:S453T	logit=-0.643
C:T42V	D:T315V	logit=-0.800
C:N51P	D:N324P	logit=-0.822

Top tied mutations (A + B view):
A:N57W	B:N254W	logit=0.309
A:R56M	B:R253M	logit=0.297
A:N55R	B:N252R	logit=0.276
A:N57R	B:N254R	logit=0.272
A:R56E	B:R253E	logit=0.261

Top tied mutations (C + D view):
C:V218L	D:V491L	logit=-0.496
C:K191R	D:K464R	logit=-0.587
C:S180T	D:S453T	logit=-0.638
C:T42V	D:T315V	logit=-0.728
C:N51P	D:N324P	logit=-0.779

Top tied mutations (A + B view):
A:V58R	B:V255R	logit=0.394
A:N57K	B:N254K	logit=0.296
A:V58H	B:V255H	logit=0.275
A:N57R	B:N254R	logit=0.272
A:N55T	B:N252T	logit=0.263

Top tied mutations (C + D view):
C:V218L	D:V491L	logit=-0.477
C:K191R	D:K464R	logit=-0.547
C:S180T	D:S453T	logit=-0.659
C:T42V	D:T315V	logit=-0.731
C:N51P	D:N324P	logit=-0.907

Top tied mutations (A + B view):
A:T18P	B:T215P	logit=0.502
A:T18C	B:T215C	logit=0.464
A:R61C	B:R258C	logit=0.349
A:R56E	B:R253E	logit=0.327
A:N54A	B:N251A	logit=0.289

Top tied mutations (C + D view):
C:V218L	D:V491L	logit=-0.469
C:K191R	D:K464R	logit=-0.507
C:S180T	D:S453T	logit=-0.640
C:T42V	D:T315V	logit=-0.681
C:N51P	D:N324P	logit=-0.810

Top tied mutations (A + B view):
A:N57D	B:N254D	logit=0.510
A:N57E	B:N254E	logit=0.481
A:N55D	B:N252D	logit=0.430
A:V58R	B:V255R	logit=0.372
A:R56D	B:R253D	logit=0.343

Top tied mutations (C + D view):
C:V218L	D:V491L	logit=-0.481
C:K191R	D:K464R	logit=-0.532
C:S180T	D:S453T	logit=-0.630
C:T42V	D:T315V	logit=-0.715
C:V40L	D:V313L	logit=-0.920

Top tied mutations (A + B view):
A:V58A	B:V255A	logit=0.339
A:R56D	B:R253D	logit=0.288
A:R56E	B:R253E	logit=0.230
A:Q59E	B:Q256E	logit=0.224
A:V58K	B:V255K	logit=0.202

Top tied mutations (C + D view):
C:V218L	D:V491L	logit=-0.459
C:K191R	D:K464R	logit=-0.499
C:S180T	D:S453T	logit=-0.667
C:N51P	D:N324P	logit=-0.738
C:T42V	D:T315V	logit=-0.803

Top tied mutations (A + B view):
A:T18C	B:T215C	logit=0.551
A:V58R	B:V255R	logit=0.383
A:R56F	B:R253F	logit=0.330
A:N55C	B:N252C	logit=0.302
A:R56C	B:R253C	logit=0.271

Top tied mutations (C + D view):
C:V218L	D:V491L	logit=-0.423
C:K191R	D:K464R	logit=-0.593
C:S180T	D:S453T	logit=-0.657
C:T42V	D:T315V	logit=-0.700
C:N51P	D:N324P	logit=-0.709

Top tied mutations (A + B view):
A:V58R	B:V255R	logit=0.503
A:V58K	B:V255K	logit=0.235
A:N54T	B:N251T	logit=0.232
A:V58Q	B:V255Q	logit=0.212
A:E100C	B:E297C	logit=0.201

Top tied mutations (C + D view):
C:V218L	D:V491L	logit=-0.442
C:K191R	D:K464R	logit=-0.569
C:S180T	D:S453T	logit=-0.635
C:T42V	D:T315V	logit=-0.743
C:N51P	D:N324P	logit=-0.775

Top tied mutations (A + B view):
A:V58R	B:V255R	logit=0.730
A:N55D	B:N252D	logit=0.580
A:N57F	B:N254F	logit=0.375
A:V58Y	B:V255Y	logit=0.318
A:V58W	B:V255W	logit=0.305

Top tied mutations (C + D view):
C:V218L	D:V491L	logit=-0.459
C:K191R	D:K464R	logit=-0.493
C:S180T	D:S453T	logit=-0.657
C:T42V	D:T315V	logit=-0.714
C:N51P	D:N324P	logit=-0.852

Top tied mutations (A + B view):
A:N55D	B:N252D	logit=0.692
A:V58E	B:V255E	logit=0.521
A:V58H	B:V255H	logit=0.340
A:E100S	B:E297S	logit=0.313
A:R56N	B:R253N	logit=0.306

Top tied mutations (C + D view):
C:V218L	D:V491L	logit=-0.413
C:K191R	D:K464R	logit=-0.578
C:S180T	D:S453T	logit=-0.703
C:T42V	D:T315V	logit=-0.715
C:N51P	D:N324P	logit=-0.817

Top tied mutations (A + B view):
A:E100R	B:E297R	logit=0.447
A:E100K	B:E297K	logit=0.427
A:N54T	B:N251T	logit=0.364
A:V102R	B:V299R	logit=0.294
A:E100H	B:E297H	logit=0.284

Top tied mutations (C + D view):
C:V218L	D:V491L	logit=-0.474
C:K191R	D:K464R	logit=-0.587
C:S180T	D:S453T	logit=-0.670
C:T42V	D:T315V	logit=-0.720
C:N51P	D:N324P	logit=-0.741

Top tied mutations (A + B view):
A:R61C	B:R258C	logit=0.594
A:N55D	B:N252D	logit=0.587
A:N57Q	B:N254Q	logit=0.363
A:V102C	B:V299C	logit=0.354
A:N57E	B:N254E	logit=0.349

Top tied mutations (C + D view):
C:K191R	D:K464R	logit=-0.475
C:V218L	D:V491L	logit=-0.479
C:S180T	D:S453T	logit=-0.647
C:N51P	D:N324P	logit=-0.728
C:T42V	D:T315V	logit=-0.789

Top tied mutations (A + B view):
A:N54M	B:N251M	logit=0.413
A:N54P	B:N251P	logit=0.387
A:N54H	B:N251H	logit=0.335
A:N54E	B:N251E	logit=0.324
A:R61E	B:R258E	logit=0.323

Top tied mutations (C + D view):
C:V218L	D:V491L	logit=-0.413
C:K191R	D:K464R	logit=-0.524
C:S180T	D:S453T	logit=-0.659
C:T42V	D:T315V	logit=-0.764
C:N51P	D:N324P	logit=-0.829

Top tied mutations (A + B view):
A:N55D	B:N252D	logit=0.560
A:V58E	B:V255E	logit=0.474
A:E100K	B:E297K	logit=0.415
A:V58Q	B:V255Q	logit=0.410
A:E100R	B:E297R	logit=0.334

Top tied mutations (C + D view):
C:V218L	D:V491L	logit=-0.447
C:K191R	D:K464R	logit=-0.563
C:S180T	D:S453T	logit=-0.663
C:T42V	D:T315V	logit=-0.732
C:N51P	D:N324P	logit=-0.779

Top tied mutations (A + B view):
A:N55A	B:N252A	logit=0.367
A:V58R	B:V255R	logit=0.353
A:N54I	B:N251I	logit=0.336
A:N54L	B:N251L	logit=0.313
A:V58Y	B:V255Y	logit=0.261

Top tied mutations (C + D view):
C:V218L	D:V491L	logit=-0.442
C:K191R	D:K464R	logit=-0.571
C:S180T	D:S453T	logit=-0.657
C:T42V	D:T315V	logit=-0.719
C:N51P	D:N324P	logit=-0.797

Top tied mutations (A + B view):
A:N54H	B:N251H	logit=0.344
A:N54T	B:N251T	logit=0.322
A:T18K	B:T215K	logit=0.309
A:N57K	B:N254K	logit=0.294
A:N54E	B:N251E	logit=0.227

Top tied mutations (C + D view):
C:V218L	D:V491L	logit=-0.472
C:K191R	D:K464R	logit=-0.609
C:S180T	D:S453T	logit=-0.627
C:T42V	D:T315V	logit=-0.745
C:N51P	D:N324P	logit=-0.868

Top tied mutations (A + B view):
A:N55H	B:N252H	logit=0.338
A:V58Q	B:V255Q	logit=0.309
A:R56E	B:R253E	logit=0.309
A:N55Y	B:N252Y	logit=0.303
A:R56N	B:R253N	logit=0.280

Top tied mutations (C + D view):
C:V218L	D:V491L	logit=-0.475
C:S180T	D:S453T	logit=-0.647
C:K191R	D:K464R	logit=-0.664
C:T42V	D:T315V	logit=-0.750
C:N51P	D:N324P	logit=-0.805

Top tied mutations (A + B view):
A:V58R	B:V255R	logit=0.298
A:N57D	B:N254D	logit=0.261
A:Q59K	B:Q256K	logit=0.244
A:R56T	B:R253T	logit=0.211
A:N54R	B:N251R	logit=0.209

Top tied mutations (C + D view):
C:V218L	D:V491L	logit=-0.456
C:K191R	D:K464R	logit=-0.502
C:S180T	D:S453T	logit=-0.628
C:T42V	D:T315V	logit=-0.768
C:N51P	D:N324P	logit=-0.810

Top tied mutations (A + B view):
A:N55D	B:N252D	logit=0.556
A:N57D	B:N254D	logit=0.541
A:N57E	B:N254E	logit=0.394
A:T18I	B:T215I	logit=0.306
A:V102R	B:V299R	logit=0.292

Top tied mutations (C + D view):
C:V218L	D:V491L	logit=-0.452
C:K191R	D:K464R	logit=-0.604
C:S180T	D:S453T	logit=-0.659
C:T42V	D:T315V	logit=-0.712
C:N51P	D:N324P	logit=-0.832

Top tied mutations (A + B view):
A:N55T	B:N252T	logit=0.388
A:N55Q	B:N252Q	logit=0.362
A:N57E	B:N254E	logit=0.350
A:R61S	B:R258S	logit=0.331
A:N57D	B:N254D	logit=0.304

Top tied mutations (C + D view):
C:V218L	D:V491L	logit=-0.462
C:K191R	D:K464R	logit=-0.598
C:S180T	D:S453T	logit=-0.645
C:T42V	D:T315V	logit=-0.776
C:N51P	D:N324P	logit=-0.861

Top tied mutations (A + B view):
A:N55T	B:N252T	logit=0.417
A:V58R	B:V255R	logit=0.383
A:R61T	B:R258T	logit=0.313
A:E100F	B:E297F	logit=0.241
A:T18P	B:T215P	logit=0.220

Top tied mutations (C + D view):
C:V218L	D:V491L	logit=-0.461
C:K191R	D:K464R	logit=-0.539
C:S180T	D:S453T	logit=-0.655
C:T42V	D:T315V	logit=-0.688
C:N51P	D:N324P	logit=-0.894

Top tied mutations (A + B view):
A:R56K	B:R253K	logit=0.618
A:N57K	B:N254K	logit=0.308
A:N55D	B:N252D	logit=0.237
A:N54T	B:N251T	logit=0.204
A:N54Q	B:N251Q	logit=0.186

Top tied mutations (C + D view):
C:V218L	D:V491L	logit=-0.434
C:K191R	D:K464R	logit=-0.527
C:S180T	D:S453T	logit=-0.653
C:T42V	D:T315V	logit=-0.752
C:N51P	D:N324P	logit=-0.810

Top tied mutations (A + B view):
A:N57M	B:N254M	logit=0.276
A:V58R	B:V255R	logit=0.252
A:N57D	B:N254D	logit=0.247
A:R56D	B:R253D	logit=0.231
A:N57L	B:N254L	logit=0.226

Top tied mutations (C + D view):
C:V218L	D:V491L	logit=-0.460
C:K191R	D:K464R	logit=-0.482
C:S180T	D:S453T	logit=-0.655
C:T42V	D:T315V	logit=-0.723
C:N51P	D:N324P	logit=-0.753

Top tied mutations (A + B view):
A:R61K	B:R258K	logit=0.359
A:Q59K	B:Q256K	logit=0.357
A:N54E	B:N251E	logit=0.341
A:V58C	B:V255C	logit=0.277
A:R56H	B:R253H	logit=0.260

Top tied mutations (C + D view):
C:V218L	D:V491L	logit=-0.414
C:K191R	D:K464R	logit=-0.489
C:S180T	D:S453T	logit=-0.650
C:T42V	D:T315V	logit=-0.695
C:S89A	D:S362A	logit=-0.897

Top tied mutations (A + B view):
A:V102C	B:V299C	logit=0.364
A:N55A	B:N252A	logit=0.296
A:N57D	B:N254D	logit=0.233
A:R61T	B:R258T	logit=0.213
A:Q59D	B:Q256D	logit=0.191

Top tied mutations (C + D view):
C:V218L	D:V491L	logit=-0.412
C:K191R	D:K464R	logit=-0.520
C:S180T	D:S453T	logit=-0.668
C:T42V	D:T315V	logit=-0.710
C:N51P	D:N324P	logit=-0.849

Top tied mutations (A + B view):
A:E100K	B:E297K	logit=0.570
A:R61C	B:R258C	logit=0.472
A:V58C	B:V255C	logit=0.446
A:N54H	B:N251H	logit=0.369
A:T18C	B:T215C	logit=0.368

Top tied mutations (C + D view):
C:V218L	D:V491L	logit=-0.462
C:K191R	D:K464R	logit=-0.526
C:S180T	D:S453T	logit=-0.641
C:T42V	D:T315V	logit=-0.756
C:N51P	D:N324P	logit=-0.758

Top tied mutations (A + B view):
A:V58R	B:V255R	logit=0.440
A:R56F	B:R253F	logit=0.216
A:N54M	B:N251M	logit=0.207
A:R61K	B:R258K	logit=0.204
A:N57D	B:N254D	logit=0.201

Top tied mutations (C + D view):
C:V218L	D:V491L	logit=-0.479
C:K191R	D:K464R	logit=-0.540
C:S180T	D:S453T	logit=-0.640
C:T42V	D:T315V	logit=-0.731
C:N51P	D:N324P	logit=-0.885

Top tied mutations (A + B view):
A:T18C	B:T215C	logit=0.819
A:R61C	B:R258C	logit=0.400
A:N54E	B:N251E	logit=0.357
A:E100R	B:E297R	logit=0.270
A:N54A	B:N251A	logit=0.268

Top tied mutations (C + D view):
C:V218L	D:V491L	logit=-0.437
C:K191R	D:K464R	logit=-0.584
C:S180T	D:S453T	logit=-0.656
C:T42V	D:T315V	logit=-0.740
C:N51P	D:N324P	logit=-0.858

Top tied mutations (A + B view):
A:T18C	B:T215C	logit=0.416
A:T18P	B:T215P	logit=0.349
A:V58R	B:V255R	logit=0.318
A:V58H	B:V255H	logit=0.297
A:N57K	B:N254K	logit=0.271

Top tied mutations (C + D view):
C:V218L	D:V491L	logit=-0.452
C:K191R	D:K464R	logit=-0.552
C:S180T	D:S453T	logit=-0.658
C:T42V	D:T315V	logit=-0.681
C:N51P	D:N324P	logit=-0.845

Top tied mutations (A + B view):
A:V102K	B:V299K	logit=0.406
A:R61K	B:R258K	logit=0.350
A:N54P	B:N251P	logit=0.312
A:V58R	B:V255R	logit=0.275
A:R56N	B:R253N	logit=0.274

Top tied mutations (C + D view):
C:V218L	D:V491L	logit=-0.465
C:K191R	D:K464R	logit=-0.476
C:S180T	D:S453T	logit=-0.670
C:T42V	D:T315V	logit=-0.793
C:N51P	D:N324P	logit=-0.802

Top tied mutations (A + B view):
A:N57Y	B:N254Y	logit=0.363
A:N54P	B:N251P	logit=0.345
A:N57W	B:N254W	logit=0.317
A:T18P	B:T215P	logit=0.316
A:N54L	B:N251L	logit=0.313

Top tied mutations (C + D view):
C:V218L	D:V491L	logit=-0.424
C:K191R	D:K464R	logit=-0.476
C:S180T	D:S453T	logit=-0.647
C:T42V	D:T315V	logit=-0.740
C:N51P	D:N324P	logit=-0.826

Top tied mutations (A + B view):
A:V58C	B:V255C	logit=0.375
A:V102C	B:V299C	logit=0.371
A:N55A	B:N252A	logit=0.361
A:E100C	B:E297C	logit=0.301
A:V58E	B:V255E	logit=0.293

Top tied mutations (C + D view):
C:V218L	D:V491L	logit=-0.479
C:K191R	D:K464R	logit=-0.566
C:S180T	D:S453T	logit=-0.651
C:T42V	D:T315V	logit=-0.705
C:N51P	D:N324P	logit=-0.884

Top tied mutations (A + B view):
A:T18C	B:T215C	logit=0.501
A:V58M	B:V255M	logit=0.394
A:N55R	B:N252R	logit=0.355
A:N54E	B:N251E	logit=0.301
A:N55K	B:N252K	logit=0.293

Top tied mutations (C + D view):
C:V218L	D:V491L	logit=-0.484
C:K191R	D:K464R	logit=-0.577
C:S180T	D:S453T	logit=-0.653
C:T42V	D:T315V	logit=-0.749
C:N51P	D:N324P	logit=-0.762

Top tied mutations (A + B view):
A:V58E	B:V255E	logit=0.599
A:N55T	B:N252T	logit=0.353
A:R56E	B:R253E	logit=0.335
A:V58Q	B:V255Q	logit=0.287
A:R56D	B:R253D	logit=0.279

Top tied mutations (C + D view):
C:V218L	D:V491L	logit=-0.417
C:K191R	D:K464R	logit=-0.531
C:S180T	D:S453T	logit=-0.645
C:T42V	D:T315V	logit=-0.664
C:N51P	D:N324P	logit=-0.809

Top tied mutations (A + B view):
A:N54H	B:N251H	logit=0.515
A:R56K	B:R253K	logit=0.409
A:N54E	B:N251E	logit=0.386
A:N54P	B:N251P	logit=0.343
A:N55H	B:N252H	logit=0.334

Top tied mutations (C + D view):
C:V218L	D:V491L	logit=-0.478
C:K191R	D:K464R	logit=-0.628
C:S180T	D:S453T	logit=-0.671
C:T42V	D:T315V	logit=-0.791
C:S89A	D:S362A	logit=-0.908

Top tied mutations (A + B view):
A:V58C	B:V255C	logit=0.431
A:R56D	B:R253D	logit=0.374
A:R61C	B:R258C	logit=0.339
A:N54T	B:N251T	logit=0.332
A:R56N	B:R253N	logit=0.292

Top tied mutations (C + D view):
C:V218L	D:V491L	logit=-0.453
C:K191R	D:K464R	logit=-0.551
C:S180T	D:S453T	logit=-0.654
C:T42V	D:T315V	logit=-0.800
C:S89A	D:S362A	logit=-0.860

Top tied mutations (A + B view):
A:N57K	B:N254K	logit=0.347
A:R56K	B:R253K	logit=0.299
A:N54H	B:N251H	logit=0.288
A:N54L	B:N251L	logit=0.282
A:N54I	B:N251I	logit=0.254

Top tied mutations (C + D view):
C:V218L	D:V491L	logit=-0.455
C:K191R	D:K464R	logit=-0.654
C:S180T	D:S453T	logit=-0.656
C:T42V	D:T315V	logit=-0.739
C:N51P	D:N324P	logit=-0.933

Top tied mutations (A + B view):
A:N55A	B:N252A	logit=0.428
A:R56F	B:R253F	logit=0.362
A:Q59E	B:Q256E	logit=0.309
A:V58C	B:V255C	logit=0.292
A:R56Y	B:R253Y	logit=0.291

Top tied mutations (C + D view):
C:V218L	D:V491L	logit=-0.462
C:K191R	D:K464R	logit=-0.525
C:S180T	D:S453T	logit=-0.671
C:T42V	D:T315V	logit=-0.720
C:A168P	D:A441P	logit=-0.902

Top tied mutations (A + B view):
A:N57M	B:N254M	logit=0.452
A:N57F	B:N254F	logit=0.427
A:N54Q	B:N251Q	logit=0.340
A:N54E	B:N251E	logit=0.313
A:R56E	B:R253E	logit=0.311

Top tied mutations (C + D view):
C:V218L	D:V491L	logit=-0.477
C:K191R	D:K464R	logit=-0.561
C:S180T	D:S453T	logit=-0.679
C:T42V	D:T315V	logit=-0.753
C:N51P	D:N324P	logit=-0.813

Top tied mutations (A + B view):
A:R56E	B:R253E	logit=0.409
A:E100K	B:E297K	logit=0.322
A:R56N	B:R253N	logit=0.318
A:N55D	B:N252D	logit=0.249
A:R56D	B:R253D	logit=0.249

Top tied mutations (C + D view):
C:V218L	D:V491L	logit=-0.457
C:K191R	D:K464R	logit=-0.598
C:S180T	D:S453T	logit=-0.645
C:T42V	D:T315V	logit=-0.709
C:V40L	D:V313L	logit=-0.938

Top tied mutations (A + B view):
A:N54P	B:N251P	logit=0.513
A:N54E	B:N251E	logit=0.398
A:T18P	B:T215P	logit=0.307
A:N54A	B:N251A	logit=0.287
A:N54H	B:N251H	logit=0.281

Top tied mutations (C + D view):
C:V218L	D:V491L	logit=-0.421
C:K191R	D:K464R	logit=-0.538
C:S180T	D:S453T	logit=-0.635
C:T42V	D:T315V	logit=-0.757
C:S89A	D:S362A	logit=-0.831

Top tied mutations (A + B view):
A:V58E	B:V255E	logit=0.318
A:N54E	B:N251E	logit=0.302
A:T18I	B:T215I	logit=0.274
A:N57D	B:N254D	logit=0.246
A:V102R	B:V299R	logit=0.210

Top tied mutations (C + D view):
C:V218L	D:V491L	logit=-0.425
C:K191R	D:K464R	logit=-0.488
C:S180T	D:S453T	logit=-0.669
C:T42V	D:T315V	logit=-0.696
C:N51P	D:N324P	logit=-0.775

Top tied mutations (A + B view):
A:V58R	B:V255R	logit=0.485
A:N54L	B:N251L	logit=0.448
A:N54T	B:N251T	logit=0.389
A:N54H	B:N251H	logit=0.354
A:T18C	B:T215C	logit=0.285

Top tied mutations (C + D view):
C:V218L	D:V491L	logit=-0.488
C:K191R	D:K464R	logit=-0.501
C:S180T	D:S453T	logit=-0.658
C:T42V	D:T315V	logit=-0.737
C:S89A	D:S362A	logit=-0.893

Top tied mutations (A + B view):
A:V58C	B:V255C	logit=0.504
A:N55D	B:N252D	logit=0.504
A:T18C	B:T215C	logit=0.463
A:V58S	B:V255S	logit=0.303
A:E100K	B:E297K	logit=0.302

Top tied mutations (C + D view):
C:V218L	D:V491L	logit=-0.469
C:K191R	D:K464R	logit=-0.586
C:S180T	D:S453T	logit=-0.661
C:T42V	D:T315V	logit=-0.690
C:N51P	D:N324P	logit=-0.833

Top tied mutations (A + B view):
A:T18C	B:T215C	logit=0.899
A:R61C	B:R258C	logit=0.610
A:V102C	B:V299C	logit=0.544
A:E100C	B:E297C	logit=0.482
A:V58C	B:V255C	logit=0.439

Top tied mutations (C + D view):
C:V218L	D:V491L	logit=-0.449
C:K191R	D:K464R	logit=-0.565
C:S180T	D:S453T	logit=-0.654
C:T42V	D:T315V	logit=-0.725
C:N51P	D:N324P	logit=-0.852

Top tied mutations (A + B view):
A:R56E	B:R253E	logit=0.490
A:R56D	B:R253D	logit=0.453
A:V58C	B:V255C	logit=0.385
A:N55A	B:N252A	logit=0.336
A:T18C	B:T215C	logit=0.330

Top tied mutations (C + D view):
C:V218L	D:V491L	logit=-0.473
C:K191R	D:K464R	logit=-0.529
C:S180T	D:S453T	logit=-0.673
C:T42V	D:T315V	logit=-0.713
C:N51P	D:N324P	logit=-0.841

Top tied mutations (A + B view):
A:T18C	B:T215C	logit=0.421
A:R56K	B:R253K	logit=0.365
A:N55T	B:N252T	logit=0.320
A:N54I	B:N251I	logit=0.296
A:V58C	B:V255C	logit=0.287

Top tied mutations (C + D view):
C:V218L	D:V491L	logit=-0.493
C:K191R	D:K464R	logit=-0.570
C:S180T	D:S453T	logit=-0.675
C:T42V	D:T315V	logit=-0.777
C:S89A	D:S362A	logit=-0.874

Top tied mutations (A + B view):
A:R61K	B:R258K	logit=0.348
A:V102K	B:V299K	logit=0.220
A:V102N	B:V299N	logit=0.215
A:V102C	B:V299C	logit=0.210
A:Q59D	B:Q256D	logit=0.181

Top tied mutations (C + D view):
C:V218L	D:V491L	logit=-0.464
C:K191R	D:K464R	logit=-0.630
C:S180T	D:S453T	logit=-0.682
C:T42V	D:T315V	logit=-0.715
C:N51P	D:N324P	logit=-0.735

Top tied mutations (A + B view):
A:V58C	B:V255C	logit=0.491
A:R56F	B:R253F	logit=0.444
A:N57F	B:N254F	logit=0.425
A:R56Y	B:R253Y	logit=0.394
A:T18C	B:T215C	logit=0.391

Top tied mutations (C + D view):
C:V218L	D:V491L	logit=-0.425
C:K191R	D:K464R	logit=-0.572
C:S180T	D:S453T	logit=-0.629
C:T42V	D:T315V	logit=-0.700
C:N51P	D:N324P	logit=-0.855

Top tied mutations (A + B view):
A:R56K	B:R253K	logit=0.490
A:N57R	B:N254R	logit=0.482
A:R56H	B:R253H	logit=0.363
A:N55R	B:N252R	logit=0.329
A:N55K	B:N252K	logit=0.255

Top tied mutations (C + D view):
C:V218L	D:V491L	logit=-0.421
C:K191R	D:K464R	logit=-0.603
C:S180T	D:S453T	logit=-0.643
C:T42V	D:T315V	logit=-0.668
C:N51P	D:N324P	logit=-0.839

Top tied mutations (A + B view):
A:R56K	B:R253K	logit=0.363
A:N55D	B:N252D	logit=0.311
A:N54I	B:N251I	logit=0.293
A:R56C	B:R253C	logit=0.290
A:V58C	B:V255C	logit=0.280

Top tied mutations (C + D view):
C:V218L	D:V491L	logit=-0.479
C:K191R	D:K464R	logit=-0.627
C:S180T	D:S453T	logit=-0.679
C:T42V	D:T315V	logit=-0.794
C:N51P	D:N324P	logit=-0.803

Top tied mutations (A + B view):
A:V58E	B:V255E	logit=0.533
A:T18P	B:T215P	logit=0.350
A:N55T	B:N252T	logit=0.340
A:E100Y	B:E297Y	logit=0.286
A:R56L	B:R253L	logit=0.285

Top tied mutations (C + D view):
C:V218L	D:V491L	logit=-0.465
C:K191R	D:K464R	logit=-0.534
C:S180T	D:S453T	logit=-0.654
C:N51P	D:N324P	logit=-0.752
C:T42V	D:T315V	logit=-0.756

Top tied mutations (A + B view):
A:E100A	B:E297A	logit=0.298
A:V58R	B:V255R	logit=0.296
A:N55D	B:N252D	logit=0.278
A:N55R	B:N252R	logit=0.248
A:R61A	B:R258A	logit=0.233

Top tied mutations (C + D view):
C:V218L	D:V491L	logit=-0.478
C:K191R	D:K464R	logit=-0.529
C:S180T	D:S453T	logit=-0.617
C:T42V	D:T315V	logit=-0.712
C:N51P	D:N324P	logit=-0.829

Top tied mutations (A + B view):
A:R56K	B:R253K	logit=0.241
A:E100C	B:E297C	logit=0.234
A:N55D	B:N252D	logit=0.208
A:N57M	B:N254M	logit=0.201
A:R61Q	B:R258Q	logit=0.198

Top tied mutations (C + D view):
C:V218L	D:V491L	logit=-0.464
C:K191R	D:K464R	logit=-0.544
C:S180T	D:S453T	logit=-0.661
C:T42V	D:T315V	logit=-0.715
C:N51P	D:N324P	logit=-0.733

Top tied mutations (A + B view):
A:Q59K	B:Q256K	logit=0.346
A:R56K	B:R253K	logit=0.324
A:V58E	B:V255E	logit=0.277
A:T18C	B:T215C	logit=0.267
A:N54P	B:N251P	logit=0.231

Top tied mutations (C + D view):
C:V218L	D:V491L	logit=-0.432
C:K191R	D:K464R	logit=-0.536
C:S180T	D:S453T	logit=-0.651
C:T42V	D:T315V	logit=-0.761
C:N51P	D:N324P	logit=-0.813

Top tied mutations (A + B view):
A:V58E	B:V255E	logit=0.376
A:N54E	B:N251E	logit=0.332
A:R56H	B:R253H	logit=0.278
A:V102K	B:V299K	logit=0.255
A:T18A	B:T215A	logit=0.209

Top tied mutations (C + D view):
C:V218L	D:V491L	logit=-0.478
C:K191R	D:K464R	logit=-0.548
C:S180T	D:S453T	logit=-0.638
C:T42V	D:T315V	logit=-0.720
C:N51P	D:N324P	logit=-0.813

Top tied mutations (A + B view):
A:V58R	B:V255R	logit=0.388
A:V58Y	B:V255Y	logit=0.363
A:N54I	B:N251I	logit=0.321
A:R61K	B:R258K	logit=0.288
A:N55T	B:N252T	logit=0.275

Top tied mutations (C + D view):
C:V218L	D:V491L	logit=-0.464
C:K191R	D:K464R	logit=-0.580
C:S180T	D:S453T	logit=-0.662
C:T42V	D:T315V	logit=-0.673
C:S89A	D:S362A	logit=-0.865

Top tied mutations (A + B view):
A:T18C	B:T215C	logit=0.690
A:R61C	B:R258C	logit=0.547
A:E100C	B:E297C	logit=0.462
A:V58C	B:V255C	logit=0.428
A:N54P	B:N251P	logit=0.418

Top tied mutations (C + D view):
C:V218L	D:V491L	logit=-0.488
C:K191R	D:K464R	logit=-0.561
C:S180T	D:S453T	logit=-0.667
C:T42V	D:T315V	logit=-0.769
C:S89A	D:S362A	logit=-0.901

Top tied mutations (A + B view):
A:T18C	B:T215C	logit=0.691
A:N55T	B:N252T	logit=0.366
A:R61C	B:R258C	logit=0.317
A:N57R	B:N254R	logit=0.223
A:R56P	B:R253P	logit=0.220

Top tied mutations (C + D view):
C:V218L	D:V491L	logit=-0.426
C:K191R	D:K464R	logit=-0.542
C:S180T	D:S453T	logit=-0.664
C:T42V	D:T315V	logit=-0.760
C:S89A	D:S362A	logit=-0.852

Top tied mutations (A + B view):
A:N55Q	B:N252Q	logit=0.447
A:T18C	B:T215C	logit=0.428
A:R56Y	B:R253Y	logit=0.360
A:N54L	B:N251L	logit=0.335
A:R56F	B:R253F	logit=0.289

Top tied mutations (C + D view):
C:K191R	D:K464R	logit=-0.476
C:V218L	D:V491L	logit=-0.484
C:S180T	D:S453T	logit=-0.663
C:T42V	D:T315V	logit=-0.733
C:N51P	D:N324P	logit=-0.830

Top tied mutations (A + B view):
A:T18C	B:T215C	logit=0.622
A:N54E	B:N251E	logit=0.408
A:N57F	B:N254F	logit=0.402
A:R61C	B:R258C	logit=0.377
A:N54H	B:N251H	logit=0.376

Top tied mutations (C + D view):
C:V218L	D:V491L	logit=-0.494
C:K191R	D:K464R	logit=-0.536
C:S180T	D:S453T	logit=-0.679
C:T42V	D:T315V	logit=-0.755
C:S89A	D:S362A	logit=-0.841

Top tied mutations (A + B view):
A:R61L	B:R258L	logit=0.490
A:N54R	B:N251R	logit=0.437
A:N55D	B:N252D	logit=0.391
A:V58F	B:V255F	logit=0.359
A:N54H	B:N251H	logit=0.294

Top tied mutations (C + D view):
C:V218L	D:V491L	logit=-0.410
C:K191R	D:K464R	logit=-0.605
C:S180T	D:S453T	logit=-0.666
C:T42V	D:T315V	logit=-0.685
C:N51P	D:N324P	logit=-0.703

Top tied mutations (A + B view):
A:R56D	B:R253D	logit=0.413
A:N54E	B:N251E	logit=0.341
A:N54R	B:N251R	logit=0.336
A:R56E	B:R253E	logit=0.336
A:V58A	B:V255A	logit=0.226

Top tied mutations (C + D view):
C:V218L	D:V491L	logit=-0.408
C:K191R	D:K464R	logit=-0.580
C:S180T	D:S453T	logit=-0.661
C:T42V	D:T315V	logit=-0.697
C:N51P	D:N324P	logit=-0.806

Top tied mutations (A + B view):
A:R61C	B:R258C	logit=0.526
A:E100C	B:E297C	logit=0.524
A:N54I	B:N251I	logit=0.323
A:V102C	B:V299C	logit=0.317
A:T18I	B:T215I	logit=0.284

Top tied mutations (C + D view):
C:V218L	D:V491L	logit=-0.486
C:K191R	D:K464R	logit=-0.612
C:S180T	D:S453T	logit=-0.671
C:T42V	D:T315V	logit=-0.686
C:N51P	D:N324P	logit=-0.743

Top tied mutations (A + B view):
A:E100K	B:E297K	logit=0.447
A:N57L	B:N254L	logit=0.378
A:T18C	B:T215C	logit=0.354
A:V58H	B:V255H	logit=0.350
A:N57F	B:N254F	logit=0.344

Top tied mutations (C + D view):
C:V218L	D:V491L	logit=-0.476
C:K191R	D:K464R	logit=-0.521
C:S180T	D:S453T	logit=-0.653
C:N51P	D:N324P	logit=-0.660
C:T42V	D:T315V	logit=-0.685

Top tied mutations (A + B view):
A:V58C	B:V255C	logit=0.386
A:R61I	B:R258I	logit=0.327
A:R61S	B:R258S	logit=0.262
A:R61L	B:R258L	logit=0.259
A:N54M	B:N251M	logit=0.257

Top tied mutations (C + D view):
C:V218L	D:V491L	logit=-0.453
C:K191R	D:K464R	logit=-0.589
C:S180T	D:S453T	logit=-0.698
C:T42V	D:T315V	logit=-0.724
C:N51P	D:N324P	logit=-0.917

Top tied mutations (A + B view):
A:N54H	B:N251H	logit=0.734
A:N54E	B:N251E	logit=0.682
A:N55D	B:N252D	logit=0.585
A:N54T	B:N251T	logit=0.556
A:V58E	B:V255E	logit=0.421

Top tied mutations (C + D view):
C:V218L	D:V491L	logit=-0.460
C:K191R	D:K464R	logit=-0.570
C:S180T	D:S453T	logit=-0.652
C:T42V	D:T315V	logit=-0.790
C:N51P	D:N324P	logit=-0.804

Top tied mutations (A + B view):
A:N54H	B:N251H	logit=0.603
A:N54L	B:N251L	logit=0.455
A:N54M	B:N251M	logit=0.443
A:V58R	B:V255R	logit=0.357
A:N54E	B:N251E	logit=0.343

Top tied mutations (C + D view):
C:V218L	D:V491L	logit=-0.441
C:K191R	D:K464R	logit=-0.542
C:S180T	D:S453T	logit=-0.669
C:T42V	D:T315V	logit=-0.729
C:S89A	D:S362A	logit=-0.871

Top tied mutations (A + B view):
A:V58R	B:V255R	logit=0.416
A:V58N	B:V255N	logit=0.284
A:V58S	B:V255S	logit=0.273
A:R61Q	B:R258Q	logit=0.263
A:T18I	B:T215I	logit=0.253

Top tied mutations (C + D view):
C:V218L	D:V491L	logit=-0.437
C:K191R	D:K464R	logit=-0.513
C:S180T	D:S453T	logit=-0.649
C:T42V	D:T315V	logit=-0.713
C:N51P	D:N324P	logit=-0.797

Top tied mutations (A + B view):
A:V58C	B:V255C	logit=0.582
A:V102C	B:V299C	logit=0.418
A:N54R	B:N251R	logit=0.357
A:Q59M	B:Q256M	logit=0.311
A:R61C	B:R258C	logit=0.302

Top tied mutations (C + D view):
C:V218L	D:V491L	logit=-0.425
C:K191R	D:K464R	logit=-0.601
C:T42V	D:T315V	logit=-0.677
C:S180T	D:S453T	logit=-0.679
C:N51P	D:N324P	logit=-0.880

Top tied mutations (A + B view):
A:N55D	B:N252D	logit=0.361
A:V58R	B:V255R	logit=0.289
A:V58C	B:V255C	logit=0.245
A:T18C	B:T215C	logit=0.240
A:V102C	B:V299C	logit=0.185

Top tied mutations (C + D view):
C:V218L	D:V491L	logit=-0.499
C:K191R	D:K464R	logit=-0.556
C:S180T	D:S453T	logit=-0.662
C:T42V	D:T315V	logit=-0.788
C:N51P	D:N324P	logit=-0.798

Top tied mutations (A + B view):
A:T18C	B:T215C	logit=0.514
A:V58C	B:V255C	logit=0.432
A:R61C	B:R258C	logit=0.393
A:N55C	B:N252C	logit=0.309
A:R56F	B:R253F	logit=0.301

Top tied mutations (C + D view):
C:V218L	D:V491L	logit=-0.429
C:K191R	D:K464R	logit=-0.571
C:S180T	D:S453T	logit=-0.654
C:T42V	D:T315V	logit=-0.734
C:N51P	D:N324P	logit=-0.817

Top tied mutations (A + B view):
A:N55K	B:N252K	logit=0.306
A:N55H	B:N252H	logit=0.270
A:N55R	B:N252R	logit=0.258
A:E100K	B:E297K	logit=0.253
A:Q59K	B:Q256K	logit=0.244

Top tied mutations (C + D view):
C:V218L	D:V491L	logit=-0.482
C:K191R	D:K464R	logit=-0.537
C:S180T	D:S453T	logit=-0.642
C:T42V	D:T315V	logit=-0.711
C:N51P	D:N324P	logit=-0.846

Top tied mutations (A + B view):
A:V102K	B:V299K	logit=0.405
A:N55D	B:N252D	logit=0.290
A:R56K	B:R253K	logit=0.290
A:N57K	B:N254K	logit=0.234
A:N54L	B:N251L	logit=0.233

Top tied mutations (C + D view):
C:V218L	D:V491L	logit=-0.444
C:K191R	D:K464R	logit=-0.596
C:S180T	D:S453T	logit=-0.671
C:T42V	D:T315V	logit=-0.734
C:N51P	D:N324P	logit=-0.923

Top tied mutations (A + B view):
A:N57W	B:N254W	logit=0.316
A:N54P	B:N251P	logit=0.291
A:N57R	B:N254R	logit=0.288
A:R56W	B:R253W	logit=0.272
A:N57C	B:N254C	logit=0.219

Top tied mutations (C + D view):
C:V218L	D:V491L	logit=-0.447
C:K191R	D:K464R	logit=-0.496
C:S180T	D:S453T	logit=-0.659
C:T42V	D:T315V	logit=-0.693
C:N51P	D:N324P	logit=-0.706

Top tied mutations (A + B view):
A:V58R	B:V255R	logit=0.510
A:V58N	B:V255N	logit=0.303
A:N55R	B:N252R	logit=0.281
A:V58Y	B:V255Y	logit=0.251
A:N54L	B:N251L	logit=0.222

Top tied mutations (C + D view):
C:V218L	D:V491L	logit=-0.430
C:K191R	D:K464R	logit=-0.525
C:S180T	D:S453T	logit=-0.672
C:T42V	D:T315V	logit=-0.755
C:S89A	D:S362A	logit=-0.849

Top tied mutations (A + B view):
A:R56C	B:R253C	logit=0.396
A:N57R	B:N254R	logit=0.361
A:E100C	B:E297C	logit=0.356
A:R56H	B:R253H	logit=0.313
A:V58M	B:V255M	logit=0.313

Top tied mutations (C + D view):
C:V218L	D:V491L	logit=-0.410
C:K191R	D:K464R	logit=-0.547
C:S180T	D:S453T	logit=-0.661
C:T42V	D:T315V	logit=-0.717
C:N51P	D:N324P	logit=-0.897

Top tied mutations (A + B view):
A:V58E	B:V255E	logit=0.457
A:V58Q	B:V255Q	logit=0.353
A:E100D	B:E297D	logit=0.350
A:V58A	B:V255A	logit=0.289
A:N54A	B:N251A	logit=0.288

Top tied mutations (C + D view):
C:V218L	D:V491L	logit=-0.475
C:K191R	D:K464R	logit=-0.564
C:S180T	D:S453T	logit=-0.638
C:T42V	D:T315V	logit=-0.770
C:S89A	D:S362A	logit=-0.914

Top tied mutations (A + B view):
A:N54P	B:N251P	logit=0.449
A:N57Q	B:N254Q	logit=0.299
A:T18C	B:T215C	logit=0.292
A:R61K	B:R258K	logit=0.277
A:E100S	B:E297S	logit=0.271

Top tied mutations (C + D view):
C:V218L	D:V491L	logit=-0.471
C:K191R	D:K464R	logit=-0.585
C:S180T	D:S453T	logit=-0.678
C:T42V	D:T315V	logit=-0.707
C:S89A	D:S362A	logit=-0.887

Top tied mutations (A + B view):
A:N54P	B:N251P	logit=0.542
A:R56P	B:R253P	logit=0.413
A:N55A	B:N252A	logit=0.328
A:N57R	B:N254R	logit=0.314
A:T18I	B:T215I	logit=0.199

Top tied mutations (C + D view):
C:V218L	D:V491L	logit=-0.451
C:K191R	D:K464R	logit=-0.599
C:T42V	D:T315V	logit=-0.663
C:S180T	D:S453T	logit=-0.670
C:N51P	D:N324P	logit=-0.778

Top tied mutations (A + B view):
A:T18P	B:T215P	logit=0.347
A:T18C	B:T215C	logit=0.336
A:R61C	B:R258C	logit=0.326
A:V58F	B:V255F	logit=0.298
A:V58R	B:V255R	logit=0.292

Top tied mutations (C + D view):
C:V218L	D:V491L	logit=-0.444
C:K191R	D:K464R	logit=-0.611
C:S180T	D:S453T	logit=-0.667
C:T42V	D:T315V	logit=-0.725
C:N51P	D:N324P	logit=-0.730

Top tied mutations (A + B view):
A:V58H	B:V255H	logit=0.410
A:E100D	B:E297D	logit=0.385
A:N54H	B:N251H	logit=0.292
A:R56C	B:R253C	logit=0.253
A:V58Y	B:V255Y	logit=0.239

Top tied mutations (C + D view):
C:V218L	D:V491L	logit=-0.478
C:K191R	D:K464R	logit=-0.604
C:S180T	D:S453T	logit=-0.671
C:T42V	D:T315V	logit=-0.714
C:N51P	D:N324P	logit=-0.866

Top tied mutations (A + B view):
A:T18C	B:T215C	logit=0.357
A:R56E	B:R253E	logit=0.349
A:R56F	B:R253F	logit=0.325
A:R56M	B:R253M	logit=0.286
A:R56Y	B:R253Y	logit=0.283

Top tied mutations (C + D view):
C:V218L	D:V491L	logit=-0.435
C:K191R	D:K464R	logit=-0.602
C:S180T	D:S453T	logit=-0.665
C:T42V	D:T315V	logit=-0.773
C:N51P	D:N324P	logit=-0.808

Top tied mutations (A + B view):
A:R61C	B:R258C	logit=0.683
A:V58C	B:V255C	logit=0.537
A:T18C	B:T215C	logit=0.458
A:R56D	B:R253D	logit=0.424
A:E100C	B:E297C	logit=0.349

Top tied mutations (C + D view):
C:V218L	D:V491L	logit=-0.473
C:K191R	D:K464R	logit=-0.521
C:S180T	D:S453T	logit=-0.673
C:T42V	D:T315V	logit=-0.707
C:N51P	D:N324P	logit=-0.812

Top tied mutations (A + B view):
A:N57D	B:N254D	logit=0.394
A:N54P	B:N251P	logit=0.352
A:N55C	B:N252C	logit=0.333
A:E100C	B:E297C	logit=0.318
A:E100D	B:E297D	logit=0.260

Top tied mutations (C + D view):
C:V218L	D:V491L	logit=-0.461
C:K191R	D:K464R	logit=-0.597
C:S180T	D:S453T	logit=-0.664
C:T42V	D:T315V	logit=-0.689
C:N51P	D:N324P	logit=-0.814

Top tied mutations (A + B view):
A:N55D	B:N252D	logit=0.398
A:V58R	B:V255R	logit=0.327
A:V58K	B:V255K	logit=0.265
A:N55E	B:N252E	logit=0.232
A:R56I	B:R253I	logit=0.229

Top tied mutations (C + D view):
C:V218L	D:V491L	logit=-0.505
C:K191R	D:K464R	logit=-0.512
C:S180T	D:S453T	logit=-0.659
C:T42V	D:T315V	logit=-0.728
C:A168P	D:A441P	logit=-0.896

Top tied mutations (A + B view):
A:V102C	B:V299C	logit=0.377
A:E100K	B:E297K	logit=0.374
A:Q59E	B:Q256E	logit=0.339
A:N57D	B:N254D	logit=0.326
A:R61K	B:R258K	logit=0.290

Top tied mutations (C + D view):
C:V218L	D:V491L	logit=-0.457
C:K191R	D:K464R	logit=-0.588
C:S180T	D:S453T	logit=-0.675
C:T42V	D:T315V	logit=-0.703
C:N51P	D:N324P	logit=-0.787

Top tied mutations (A + B view):
A:N54E	B:N251E	logit=0.425
A:N54H	B:N251H	logit=0.325
A:V102K	B:V299K	logit=0.296
A:Q59K	B:Q256K	logit=0.270
A:Q59R	B:Q256R	logit=0.244

Top tied mutations (C + D view):
C:V218L	D:V491L	logit=-0.478
C:K191R	D:K464R	logit=-0.592
C:S180T	D:S453T	logit=-0.661
C:T42V	D:T315V	logit=-0.751
C:N51P	D:N324P	logit=-0.780

Top tied mutations (A + B view):
A:V58E	B:V255E	logit=0.559
A:V58C	B:V255C	logit=0.438
A:V102R	B:V299R	logit=0.422
A:T18C	B:T215C	logit=0.398
A:E100K	B:E297K	logit=0.367

Top tied mutations (C + D view):
C:V218L	D:V491L	logit=-0.487
C:K191R	D:K464R	logit=-0.556
C:S180T	D:S453T	logit=-0.662
C:T42V	D:T315V	logit=-0.716
C:S89A	D:S362A	logit=-0.818

Top tied mutations (A + B view):
A:N55D	B:N252D	logit=0.638
A:T18C	B:T215C	logit=0.590
A:R56K	B:R253K	logit=0.538
A:R56D	B:R253D	logit=0.516
A:R56H	B:R253H	logit=0.383

Top tied mutations (C + D view):
C:V218L	D:V491L	logit=-0.479
C:K191R	D:K464R	logit=-0.531
C:S180T	D:S453T	logit=-0.679
C:T42V	D:T315V	logit=-0.780
C:S89A	D:S362A	logit=-0.840

Top tied mutations (A + B view):
A:V58N	B:V255N	logit=0.257
A:V58E	B:V255E	logit=0.251
A:V58Q	B:V255Q	logit=0.187
A:N55Q	B:N252Q	logit=0.180
A:N55F	B:N252F	logit=0.173

Top tied mutations (C + D view):
C:V218L	D:V491L	logit=-0.442
C:K191R	D:K464R	logit=-0.540
C:S180T	D:S453T	logit=-0.660
C:T42V	D:T315V	logit=-0.773
C:N51P	D:N324P	logit=-0.802

Top tied mutations (A + B view):
A:R56E	B:R253E	logit=0.418
A:N57L	B:N254L	logit=0.336
A:R56D	B:R253D	logit=0.326
A:N54P	B:N251P	logit=0.320
A:N57M	B:N254M	logit=0.299

Top tied mutations (C + D view):
C:V218L	D:V491L	logit=-0.439
C:K191R	D:K464R	logit=-0.508
C:S180T	D:S453T	logit=-0.656
C:T42V	D:T315V	logit=-0.711
C:N51P	D:N324P	logit=-0.866

Top tied mutations (A + B view):
A:N54T	B:N251T	logit=0.362
A:N57R	B:N254R	logit=0.307
A:N54E	B:N251E	logit=0.303
A:N54A	B:N251A	logit=0.260
A:N55D	B:N252D	logit=0.259

Top tied mutations (C + D view):
C:V218L	D:V491L	logit=-0.461
C:K191R	D:K464R	logit=-0.617
C:S180T	D:S453T	logit=-0.619
C:T42V	D:T315V	logit=-0.687
C:N51P	D:N324P	logit=-0.827

Top tied mutations (A + B view):
A:N57R	B:N254R	logit=0.430
A:N54E	B:N251E	logit=0.354
A:N54H	B:N251H	logit=0.265
A:R61C	B:R258C	logit=0.208
A:R61Q	B:R258Q	logit=0.189

Top tied mutations (C + D view):
C:V218L	D:V491L	logit=-0.469
C:K191R	D:K464R	logit=-0.568
C:T42V	D:T315V	logit=-0.653
C:S180T	D:S453T	logit=-0.670
C:N51P	D:N324P	logit=-0.789

Top tied mutations (A + B view):
A:T18C	B:T215C	logit=0.451
A:N54E	B:N251E	logit=0.384
A:N54H	B:N251H	logit=0.372
A:V58C	B:V255C	logit=0.368
A:N57D	B:N254D	logit=0.349

Top tied mutations (C + D view):
C:V218L	D:V491L	logit=-0.457
C:K191R	D:K464R	logit=-0.483
C:S180T	D:S453T	logit=-0.653
C:T42V	D:T315V	logit=-0.774
C:N51P	D:N324P	logit=-0.917

Top tied mutations (A + B view):
A:N55K	B:N252K	logit=0.441
A:N54I	B:N251I	logit=0.422
A:N55D	B:N252D	logit=0.399
A:R61K	B:R258K	logit=0.392
A:R56N	B:R253N	logit=0.250

Top tied mutations (C + D view):
C:V218L	D:V491L	logit=-0.422
C:K191R	D:K464R	logit=-0.527
C:S180T	D:S453T	logit=-0.667
C:T42V	D:T315V	logit=-0.740
C:S89A	D:S362A	logit=-0.834

Top tied mutations (A + B view):
A:R56K	B:R253K	logit=0.449
A:V58R	B:V255R	logit=0.421
A:N54T	B:N251T	logit=0.274
A:V58N	B:V255N	logit=0.255
A:E100T	B:E297T	logit=0.240

Top tied mutations (C + D view):
C:V218L	D:V491L	logit=-0.481
C:K191R	D:K464R	logit=-0.557
C:S180T	D:S453T	logit=-0.641
C:T42V	D:T315V	logit=-0.674
C:N51P	D:N324P	logit=-0.791

Top tied mutations (A + B view):
A:N54E	B:N251E	logit=0.302
A:V58T	B:V255T	logit=0.240
A:R56S	B:R253S	logit=0.191
A:R61S	B:R258S	logit=0.190
A:N54H	B:N251H	logit=0.186

Top tied mutations (C + D view):
C:V218L	D:V491L	logit=-0.419
C:K191R	D:K464R	logit=-0.542
C:S180T	D:S453T	logit=-0.689
C:T42V	D:T315V	logit=-0.736
C:N51P	D:N324P	logit=-0.917

Top tied mutations (A + B view):
A:V58R	B:V255R	logit=0.665
A:N55D	B:N252D	logit=0.634
A:V58I	B:V255I	logit=0.255
A:R56K	B:R253K	logit=0.229
A:N54M	B:N251M	logit=0.224

Top tied mutations (C + D view):
C:V218L	D:V491L	logit=-0.461
C:K191R	D:K464R	logit=-0.568
C:S180T	D:S453T	logit=-0.670
C:T42V	D:T315V	logit=-0.694
C:N51P	D:N324P	logit=-0.830

Top tied mutations (A + B view):
A:V58E	B:V255E	logit=0.360
A:R56E	B:R253E	logit=0.330
A:N57Y	B:N254Y	logit=0.298
A:Q59E	B:Q256E	logit=0.258
A:R56D	B:R253D	logit=0.251

Top tied mutations (C + D view):
C:V218L	D:V491L	logit=-0.427
C:K191R	D:K464R	logit=-0.547
C:S180T	D:S453T	logit=-0.645
C:T42V	D:T315V	logit=-0.690
C:S89A	D:S362A	logit=-0.822

Top tied mutations (A + B view):
A:T18C	B:T215C	logit=0.579
A:N55R	B:N252R	logit=0.475
A:N55K	B:N252K	logit=0.457
A:R61C	B:R258C	logit=0.321
A:R56K	B:R253K	logit=0.302

Top tied mutations (C + D view):
C:V218L	D:V491L	logit=-0.459
C:K191R	D:K464R	logit=-0.520
C:S180T	D:S453T	logit=-0.657
C:T42V	D:T315V	logit=-0.722
C:N51P	D:N324P	logit=-0.827

Top tied mutations (A + B view):
A:N54H	B:N251H	logit=0.358
A:V58R	B:V255R	logit=0.352
A:R56N	B:R253N	logit=0.351
A:R56E	B:R253E	logit=0.351
A:V102R	B:V299R	logit=0.337

Top tied mutations (C + D view):
C:V218L	D:V491L	logit=-0.439
C:K191R	D:K464R	logit=-0.582
C:S180T	D:S453T	logit=-0.656
C:N51P	D:N324P	logit=-0.717
C:T42V	D:T315V	logit=-0.749

Top tied mutations (A + B view):
A:V58R	B:V255R	logit=0.334
A:V58M	B:V255M	logit=0.305
A:N55T	B:N252T	logit=0.299
A:N55H	B:N252H	logit=0.284
A:V58W	B:V255W	logit=0.281

Top tied mutations (C + D view):
C:V218L	D:V491L	logit=-0.438
C:K191R	D:K464R	logit=-0.566
C:S180T	D:S453T	logit=-0.634
C:T42V	D:T315V	logit=-0.698
C:N51P	D:N324P	logit=-0.868

Top tied mutations (A + B view):
A:V58E	B:V255E	logit=0.481
A:R56N	B:R253N	logit=0.439
A:Q59E	B:Q256E	logit=0.323
A:Q59D	B:Q256D	logit=0.285
A:R61V	B:R258V	logit=0.271

Top tied mutations (C + D view):
C:V218L	D:V491L	logit=-0.418
C:K191R	D:K464R	logit=-0.542
C:S180T	D:S453T	logit=-0.657
C:T42V	D:T315V	logit=-0.709
C:N51P	D:N324P	logit=-0.835

Top tied mutations (A + B view):
A:N55D	B:N252D	logit=1.023
A:R56N	B:R253N	logit=0.425
A:V58E	B:V255E	logit=0.294
A:R56D	B:R253D	logit=0.267
A:N55E	B:N252E	logit=0.238

Top tied mutations (C + D view):
C:V218L	D:V491L	logit=-0.426
C:K191R	D:K464R	logit=-0.496
C:S180T	D:S453T	logit=-0.656
C:T42V	D:T315V	logit=-0.666
C:N51P	D:N324P	logit=-0.849

Top tied mutations (A + B view):
A:V58R	B:V255R	logit=0.388
A:E100C	B:E297C	logit=0.319
A:N55A	B:N252A	logit=0.260
A:R56C	B:R253C	logit=0.247
A:N55D	B:N252D	logit=0.229

Top tied mutations (C + D view):
C:V218L	D:V491L	logit=-0.441
C:K191R	D:K464R	logit=-0.571
C:S180T	D:S453T	logit=-0.649
C:T42V	D:T315V	logit=-0.695
C:N51P	D:N324P	logit=-0.906

Top tied mutations (A + B view):
A:N55D	B:N252D	logit=0.503
A:V102R	B:V299R	logit=0.334
A:R56E	B:R253E	logit=0.331
A:R56S	B:R253S	logit=0.280
A:N54P	B:N251P	logit=0.265

Top tied mutations (C + D view):
C:V218L	D:V491L	logit=-0.477
C:K191R	D:K464R	logit=-0.602
C:S180T	D:S453T	logit=-0.674
C:T42V	D:T315V	logit=-0.737
C:N51P	D:N324P	logit=-0.889

Top tied mutations (A + B view):
A:T18C	B:T215C	logit=0.816
A:R61C	B:R258C	logit=0.658
A:E100K	B:E297K	logit=0.452
A:E100R	B:E297R	logit=0.448
A:N55D	B:N252D	logit=0.437

Top tied mutations (C + D view):
C:V218L	D:V491L	logit=-0.444
C:K191R	D:K464R	logit=-0.533
C:S180T	D:S453T	logit=-0.650
C:T42V	D:T315V	logit=-0.714
C:N51P	D:N324P	logit=-0.781

Top tied mutations (A + B view):
A:T18C	B:T215C	logit=0.522
A:R61C	B:R258C	logit=0.447
A:R56C	B:R253C	logit=0.424
A:V58C	B:V255C	logit=0.412
A:N55C	B:N252C	logit=0.332

Top tied mutations (C + D view):
C:V218L	D:V491L	logit=-0.465
C:K191R	D:K464R	logit=-0.594
C:S180T	D:S453T	logit=-0.677
C:T42V	D:T315V	logit=-0.683
C:N51P	D:N324P	logit=-0.737

Top tied mutations (A + B view):
A:T18C	B:T215C	logit=0.422
A:V58C	B:V255C	logit=0.294
A:R61Q	B:R258Q	logit=0.288
A:V58L	B:V255L	logit=0.270
A:V58M	B:V255M	logit=0.247

Top tied mutations (C + D view):
C:V218L	D:V491L	logit=-0.467
C:K191R	D:K464R	logit=-0.520
C:S180T	D:S453T	logit=-0.656
C:T42V	D:T315V	logit=-0.703
C:S89A	D:S362A	logit=-0.877

Top tied mutations (A + B view):
A:N57Y	B:N254Y	logit=0.281
A:N54P	B:N251P	logit=0.275
A:N55H	B:N252H	logit=0.249
A:N55Q	B:N252Q	logit=0.231
A:V58Q	B:V255Q	logit=0.217

Top tied mutations (C + D view):
C:V218L	D:V491L	logit=-0.403
C:K191R	D:K464R	logit=-0.528
C:S180T	D:S453T	logit=-0.642
C:T42V	D:T315V	logit=-0.708
C:S89A	D:S362A	logit=-0.882

Top tied mutations (A + B view):
A:T18C	B:T215C	logit=0.504
A:N55T	B:N252T	logit=0.267
A:N55C	B:N252C	logit=0.250
A:V58C	B:V255C	logit=0.248
A:N57R	B:N254R	logit=0.236

Top tied mutations (C + D view):
C:V218L	D:V491L	logit=-0.452
C:K191R	D:K464R	logit=-0.512
C:S180T	D:S453T	logit=-0.664
C:T42V	D:T315V	logit=-0.736
C:S72G	D:S345G	logit=-0.928

Top tied mutations (A + B view):
A:N54H	B:N251H	logit=0.441
A:N54A	B:N251A	logit=0.436
A:N54P	B:N251P	logit=0.429
A:N55D	B:N252D	logit=0.335
A:N55R	B:N252R	logit=0.335

Top tied mutations (C + D view):
C:V218L	D:V491L	logit=-0.440
C:K191R	D:K464R	logit=-0.475
C:S180T	D:S453T	logit=-0.623
C:T42V	D:T315V	logit=-0.764
C:N51P	D:N324P	logit=-0.817

Top tied mutations (A + B view):
A:N54P	B:N251P	logit=0.432
A:N54A	B:N251A	logit=0.286
A:R56C	B:R253C	logit=0.192
A:V58M	B:V255M	logit=0.190
A:R56V	B:R253V	logit=0.171

Top tied mutations (C + D view):
C:V218L	D:V491L	logit=-0.419
C:K191R	D:K464R	logit=-0.564
C:S180T	D:S453T	logit=-0.663
C:T42V	D:T315V	logit=-0.780
C:N51P	D:N324P	logit=-0.821
Counter({'A:T18C': 238, 'A:N55D': 217, 'A:V58R': 203, 'A:N54P': 160, 'A:V58C': 155, 'A:R61C': 152, 'A:R56K': 135, 'A:E100K': 126, 'A:N54E': 119, 'A:V58E': 111, 'A:N54H': 107, 'A:N54T': 98, 'A:R56D': 97, 'A:V102C': 94, 'A:N55T': 93, 'A:R56E': 89, 'A:N57D': 88, 'A:N54L': 86, 'A:E100C': 85, 'A:E100R': 85, 'A:N55A': 73, 'A:Q59E': 72, 'A:R61K': 71, 'A:N55Q': 64, 'A:N54I': 63, 'A:N57R': 63, 'A:N57F': 63, 'A:N55R': 59, 'A:N57M': 57, 'A:N57L': 53, 'A:N54M': 53, 'A:T18P': 52, 'A:V58H': 52, 'A:R56C': 52, 'A:N54A': 51, 'A:N57E': 50, 'A:R56N': 49, 'A:N55K': 49, 'A:V102K': 48, 'A:V58S': 46, 'A:V58A': 44, 'A:R56P': 43, 'A:V102R': 43, 'A:N54R': 43, 'A:V58N': 41, 'A:Q59K': 40, 'A:N55G': 39, 'A:R56F': 39, 'A:T18I': 37, 'A:N57K': 35, 'A:N55H': 34, 'A:N55C': 34, 'A:E100D': 34, 'A:V58Q': 33, 'A:V58K': 32, 'A:V58Y': 29, 'A:R56H': 28, 'A:N57Y': 27, 'A:R61S': 25, 'A:R61Q': 23, 'A:E100S': 23, 'A:N54Q': 22, 'A:V58I': 22, 'A:R56Y': 21, 'A:V58M': 21, 'A:E100H': 17, 'A:N57C': 17, 'A:Q59C': 17, 'A:N57W': 17, 'A:Q59D': 15, 'A:N54V': 14, 'A:R56V': 14, 'A:R61E': 14, 'A:R56S': 13, 'A:V58L': 13, 'A:N57Q': 13, 'A:R61V': 12, 'A:N57T': 11, 'A:R61A': 11, 'A:R61L': 11, 'A:R56L': 11, 'A:R56A': 10, 'A:V102A': 10, 'A:R56M': 10, 'A:N55W': 9, 'A:R61I': 9, 'A:R61T': 9, 'A:T18K': 9, 'A:T18E': 9, 'A:N57I': 8, 'A:Q59A': 8, 'A:E100I': 7, 'A:R56T': 7, 'A:N57S': 7, 'A:V102Q': 7, 'A:V58W': 7, 'A:N55E': 7, 'A:R56I': 7, 'A:R56W': 7, 'A:T18L': 6, 'A:N55Y': 6, 'A:Q59Y': 6, 'A:N57A': 6, 'A:E100T': 6, 'A:V102N': 5, 'A:Q59R': 5, 'A:E100Q': 5, 'A:V102E': 5, 'A:Q59S': 5, 'A:V102S': 5, 'A:E100A': 5, 'A:V58F': 5, 'A:T18A': 5, 'A:N55F': 4, 'A:Q59I': 4, 'A:E100F': 4, 'A:R61M': 4, 'A:V58T': 4, 'A:N57G': 4, 'A:E100V': 3, 'A:V102T': 3, 'A:N54S': 3, 'A:V58G': 3, 'A:V102I': 3, 'A:Q59H': 2, 'A:V102D': 2, 'A:N57P': 2, 'A:N54C': 2, 'A:E100Y': 2, 'A:V58D': 2, 'A:N57H': 2, 'A:R56Q': 2, 'A:N55V': 2, 'A:Q59L': 2, 'A:V102Y': 1, 'A:R56G': 1, 'A:N54K': 1, 'A:T18N': 1, 'A:E100N': 1, 'A:R61N': 1, 'A:Q59F': 1, 'A:N55P': 1, 'A:Q59M': 1})
Counter({'C:V218L': 1000, 'C:K191R': 1000, 'C:S180T': 1000, 'C:T42V': 1000, 'C:N51P': 765, 'C:S89A': 195, 'C:N219S': 17, 'C:A168P': 12, 'C:S72G': 8, 'C:V40L': 2, 'C:H175P': 1})
