/home/zhuggan1/scr4_jgray21/zhuggan1/miniconda3/envs/mpnn/bin/python
Torch loaded: 2.1.1+cu118
----------------------------------------
pssm_jsonl is NOT loaded
----------------------------------------
omit_AA_jsonl is NOT loaded
----------------------------------------
bias_AA_jsonl is NOT loaded
----------------------------------------
bias by residue dictionary is not loaded, or not provided
----------------------------------------
discarded {'bad_chars': 0, 'too_long': 0, 'bad_seq_length': 0}
----------------------------------------
Number of edges: 48
Training noise level: 0.2A
Calculating conditional probabilities for merged_tetramer_ignorechain

Top tied mutations (A + B view):
A:T18V	B:T215V	logit=-0.487
A:N55S	B:N252S	logit=-0.698
A:N54V	B:N251V	logit=-0.972
A:E100V	B:E297V	logit=-1.834
A:N54I	B:N251I	logit=-2.125

Top tied mutations (C + D view):
C:V218L	D:V491L	logit=-0.413
C:K191R	D:K464R	logit=-0.533
C:S180T	D:S453T	logit=-0.618
C:T42V	D:T315V	logit=-0.680
C:N51P	D:N324P	logit=-0.860

Top tied mutations (A + B view):
A:T18V	B:T215V	logit=-0.476
A:N55S	B:N252S	logit=-0.650
A:N54V	B:N251V	logit=-1.069
A:E100V	B:E297V	logit=-1.794
A:V102I	B:V299I	logit=-2.113

Top tied mutations (C + D view):
C:V218L	D:V491L	logit=-0.486
C:K191R	D:K464R	logit=-0.498
C:S180T	D:S453T	logit=-0.670
C:N51P	D:N324P	logit=-0.695
C:T42V	D:T315V	logit=-0.807

Top tied mutations (A + B view):
A:T18V	B:T215V	logit=-0.479
A:N55S	B:N252S	logit=-0.692
A:N54V	B:N251V	logit=-1.096
A:E100V	B:E297V	logit=-1.812
A:V102I	B:V299I	logit=-2.157

Top tied mutations (C + D view):
C:V218L	D:V491L	logit=-0.428
C:K191R	D:K464R	logit=-0.501
C:S180T	D:S453T	logit=-0.663
C:T42V	D:T315V	logit=-0.718
C:N51P	D:N324P	logit=-0.787

Top tied mutations (A + B view):
A:T18V	B:T215V	logit=-0.563
A:N55S	B:N252S	logit=-0.688
A:N54V	B:N251V	logit=-1.155
A:E100V	B:E297V	logit=-1.759
A:V102I	B:V299I	logit=-2.188

Top tied mutations (C + D view):
C:V218L	D:V491L	logit=-0.474
C:K191R	D:K464R	logit=-0.540
C:S180T	D:S453T	logit=-0.676
C:T42V	D:T315V	logit=-0.779
C:N51P	D:N324P	logit=-0.864

Top tied mutations (A + B view):
A:T18V	B:T215V	logit=-0.615
A:N55S	B:N252S	logit=-0.665
A:N54V	B:N251V	logit=-1.164
A:E100V	B:E297V	logit=-1.766
A:V102I	B:V299I	logit=-2.218

Top tied mutations (C + D view):
C:V218L	D:V491L	logit=-0.469
C:K191R	D:K464R	logit=-0.605
C:S180T	D:S453T	logit=-0.654
C:T42V	D:T315V	logit=-0.670
C:N51P	D:N324P	logit=-0.790

Top tied mutations (A + B view):
A:T18V	B:T215V	logit=-0.510
A:N55S	B:N252S	logit=-0.726
A:N54V	B:N251V	logit=-1.176
A:E100V	B:E297V	logit=-1.731
A:V102I	B:V299I	logit=-2.201

Top tied mutations (C + D view):
C:V218L	D:V491L	logit=-0.436
C:K191R	D:K464R	logit=-0.555
C:S180T	D:S453T	logit=-0.649
C:T42V	D:T315V	logit=-0.745
C:N51P	D:N324P	logit=-0.790

Top tied mutations (A + B view):
A:T18V	B:T215V	logit=-0.540
A:N55S	B:N252S	logit=-0.672
A:N54V	B:N251V	logit=-1.198
A:E100V	B:E297V	logit=-1.898
A:V58T	B:V255T	logit=-2.214

Top tied mutations (C + D view):
C:V218L	D:V491L	logit=-0.455
C:K191R	D:K464R	logit=-0.600
C:S180T	D:S453T	logit=-0.657
C:T42V	D:T315V	logit=-0.678
C:N51P	D:N324P	logit=-0.722

Top tied mutations (A + B view):
A:T18V	B:T215V	logit=-0.446
A:N55S	B:N252S	logit=-0.644
A:N54V	B:N251V	logit=-1.220
A:E100V	B:E297V	logit=-1.554
A:V102I	B:V299I	logit=-2.165

Top tied mutations (C + D view):
C:V218L	D:V491L	logit=-0.440
C:K191R	D:K464R	logit=-0.568
C:S180T	D:S453T	logit=-0.662
C:T42V	D:T315V	logit=-0.740
C:N51P	D:N324P	logit=-0.872

Top tied mutations (A + B view):
A:T18V	B:T215V	logit=-0.531
A:N55S	B:N252S	logit=-0.720
A:N54V	B:N251V	logit=-1.125
A:E100V	B:E297V	logit=-1.840
A:N57R	B:N254R	logit=-2.085

Top tied mutations (C + D view):
C:V218L	D:V491L	logit=-0.475
C:K191R	D:K464R	logit=-0.654
C:S180T	D:S453T	logit=-0.665
C:T42V	D:T315V	logit=-0.719
C:N51P	D:N324P	logit=-0.871

Top tied mutations (A + B view):
A:T18V	B:T215V	logit=-0.516
A:N55S	B:N252S	logit=-0.707
A:N54V	B:N251V	logit=-1.006
A:E100V	B:E297V	logit=-1.783
A:N57R	B:N254R	logit=-2.131

Top tied mutations (C + D view):
C:V218L	D:V491L	logit=-0.458
C:K191R	D:K464R	logit=-0.534
C:S180T	D:S453T	logit=-0.643
C:T42V	D:T315V	logit=-0.738
C:S89A	D:S362A	logit=-0.821

Top tied mutations (A + B view):
A:T18V	B:T215V	logit=-0.557
A:N55S	B:N252S	logit=-0.769
A:N54V	B:N251V	logit=-1.018
A:E100V	B:E297V	logit=-1.734
A:N54I	B:N251I	logit=-2.143

Top tied mutations (C + D view):
C:V218L	D:V491L	logit=-0.492
C:K191R	D:K464R	logit=-0.573
C:S180T	D:S453T	logit=-0.642
C:T42V	D:T315V	logit=-0.802
C:N51P	D:N324P	logit=-0.867

Top tied mutations (A + B view):
A:T18V	B:T215V	logit=-0.568
A:N55S	B:N252S	logit=-0.777
A:N54V	B:N251V	logit=-1.063
A:E100V	B:E297V	logit=-1.755
A:V102I	B:V299I	logit=-2.155

Top tied mutations (C + D view):
C:V218L	D:V491L	logit=-0.477
C:K191R	D:K464R	logit=-0.533
C:S180T	D:S453T	logit=-0.671
C:T42V	D:T315V	logit=-0.777
C:N51P	D:N324P	logit=-0.877

Top tied mutations (A + B view):
A:T18V	B:T215V	logit=-0.537
A:N55S	B:N252S	logit=-0.700
A:N54V	B:N251V	logit=-1.135
A:E100V	B:E297V	logit=-1.685
A:V102I	B:V299I	logit=-2.143

Top tied mutations (C + D view):
C:V218L	D:V491L	logit=-0.460
C:K191R	D:K464R	logit=-0.521
C:S180T	D:S453T	logit=-0.685
C:T42V	D:T315V	logit=-0.706
C:S89A	D:S362A	logit=-0.874

Top tied mutations (A + B view):
A:T18V	B:T215V	logit=-0.490
A:N55S	B:N252S	logit=-0.709
A:N54V	B:N251V	logit=-1.138
A:E100V	B:E297V	logit=-1.814
A:V102I	B:V299I	logit=-2.154

Top tied mutations (C + D view):
C:V218L	D:V491L	logit=-0.442
C:K191R	D:K464R	logit=-0.544
C:S180T	D:S453T	logit=-0.666
C:T42V	D:T315V	logit=-0.729
C:N51P	D:N324P	logit=-0.821

Top tied mutations (A + B view):
A:T18V	B:T215V	logit=-0.494
A:N55S	B:N252S	logit=-0.696
A:N54V	B:N251V	logit=-1.163
A:E100V	B:E297V	logit=-1.919
A:V102I	B:V299I	logit=-2.137

Top tied mutations (C + D view):
C:V218L	D:V491L	logit=-0.433
C:K191R	D:K464R	logit=-0.603
C:S180T	D:S453T	logit=-0.627
C:T42V	D:T315V	logit=-0.738
C:N51P	D:N324P	logit=-0.753

Top tied mutations (A + B view):
A:T18V	B:T215V	logit=-0.487
A:N55S	B:N252S	logit=-0.660
A:N54V	B:N251V	logit=-1.016
A:E100V	B:E297V	logit=-1.867
A:V102I	B:V299I	logit=-2.115

Top tied mutations (C + D view):
C:V218L	D:V491L	logit=-0.424
C:K191R	D:K464R	logit=-0.549
C:S180T	D:S453T	logit=-0.650
C:T42V	D:T315V	logit=-0.739
C:N51P	D:N324P	logit=-0.770

Top tied mutations (A + B view):
A:T18V	B:T215V	logit=-0.536
A:N55S	B:N252S	logit=-0.726
A:N54V	B:N251V	logit=-1.149
A:E100V	B:E297V	logit=-1.873
A:V102I	B:V299I	logit=-2.083

Top tied mutations (C + D view):
C:V218L	D:V491L	logit=-0.427
C:K191R	D:K464R	logit=-0.576
C:S180T	D:S453T	logit=-0.653
C:T42V	D:T315V	logit=-0.750
C:N51P	D:N324P	logit=-0.817

Top tied mutations (A + B view):
A:T18V	B:T215V	logit=-0.484
A:N55S	B:N252S	logit=-0.767
A:N54V	B:N251V	logit=-1.038
A:E100V	B:E297V	logit=-1.736
A:V102I	B:V299I	logit=-2.153

Top tied mutations (C + D view):
C:V218L	D:V491L	logit=-0.462
C:K191R	D:K464R	logit=-0.516
C:S180T	D:S453T	logit=-0.651
C:T42V	D:T315V	logit=-0.783
C:N51P	D:N324P	logit=-0.809

Top tied mutations (A + B view):
A:T18V	B:T215V	logit=-0.545
A:N55S	B:N252S	logit=-0.739
A:N54V	B:N251V	logit=-0.969
A:E100V	B:E297V	logit=-1.857
A:V102I	B:V299I	logit=-2.165

Top tied mutations (C + D view):
C:V218L	D:V491L	logit=-0.489
C:K191R	D:K464R	logit=-0.555
C:S180T	D:S453T	logit=-0.655
C:T42V	D:T315V	logit=-0.715
C:N51P	D:N324P	logit=-0.808

Top tied mutations (A + B view):
A:T18V	B:T215V	logit=-0.529
A:N55S	B:N252S	logit=-0.705
A:N54V	B:N251V	logit=-1.152
A:E100V	B:E297V	logit=-1.754
A:N54I	B:N251I	logit=-2.168

Top tied mutations (C + D view):
C:V218L	D:V491L	logit=-0.447
C:K191R	D:K464R	logit=-0.490
C:S180T	D:S453T	logit=-0.647
C:T42V	D:T315V	logit=-0.779
C:S89A	D:S362A	logit=-0.913

Top tied mutations (A + B view):
A:T18V	B:T215V	logit=-0.532
A:N55S	B:N252S	logit=-0.671
A:N54V	B:N251V	logit=-1.024
A:E100V	B:E297V	logit=-1.719
A:N54I	B:N251I	logit=-2.082

Top tied mutations (C + D view):
C:V218L	D:V491L	logit=-0.456
C:K191R	D:K464R	logit=-0.488
C:S180T	D:S453T	logit=-0.630
C:T42V	D:T315V	logit=-0.724
C:N51P	D:N324P	logit=-0.753

Top tied mutations (A + B view):
A:T18V	B:T215V	logit=-0.581
A:N55S	B:N252S	logit=-0.803
A:N54V	B:N251V	logit=-1.010
A:E100V	B:E297V	logit=-1.772
A:V102I	B:V299I	logit=-2.133

Top tied mutations (C + D view):
C:V218L	D:V491L	logit=-0.487
C:K191R	D:K464R	logit=-0.608
C:S180T	D:S453T	logit=-0.653
C:T42V	D:T315V	logit=-0.730
C:N51P	D:N324P	logit=-0.872

Top tied mutations (A + B view):
A:T18V	B:T215V	logit=-0.549
A:N55S	B:N252S	logit=-0.686
A:N54V	B:N251V	logit=-1.033
A:E100V	B:E297V	logit=-1.888
A:V102I	B:V299I	logit=-2.108

Top tied mutations (C + D view):
C:V218L	D:V491L	logit=-0.462
C:K191R	D:K464R	logit=-0.595
C:S180T	D:S453T	logit=-0.627
C:T42V	D:T315V	logit=-0.731
C:N51P	D:N324P	logit=-0.889

Top tied mutations (A + B view):
A:T18V	B:T215V	logit=-0.465
A:N55S	B:N252S	logit=-0.685
A:N54V	B:N251V	logit=-1.095
A:E100V	B:E297V	logit=-1.735
A:V102I	B:V299I	logit=-2.129

Top tied mutations (C + D view):
C:V218L	D:V491L	logit=-0.455
C:K191R	D:K464R	logit=-0.617
C:S180T	D:S453T	logit=-0.651
C:T42V	D:T315V	logit=-0.782
C:N51P	D:N324P	logit=-0.858

Top tied mutations (A + B view):
A:T18V	B:T215V	logit=-0.519
A:N55S	B:N252S	logit=-0.642
A:N54V	B:N251V	logit=-1.065
A:E100V	B:E297V	logit=-1.716
A:N57R	B:N254R	logit=-2.143

Top tied mutations (C + D view):
C:V218L	D:V491L	logit=-0.460
C:K191R	D:K464R	logit=-0.584
C:S180T	D:S453T	logit=-0.660
C:T42V	D:T315V	logit=-0.725
C:N51P	D:N324P	logit=-0.728

Top tied mutations (A + B view):
A:T18V	B:T215V	logit=-0.541
A:N55S	B:N252S	logit=-0.746
A:N54V	B:N251V	logit=-1.011
A:E100V	B:E297V	logit=-1.704
A:V102I	B:V299I	logit=-2.145

Top tied mutations (C + D view):
C:V218L	D:V491L	logit=-0.431
C:K191R	D:K464R	logit=-0.544
C:S180T	D:S453T	logit=-0.653
C:T42V	D:T315V	logit=-0.767
C:A168P	D:A441P	logit=-0.918

Top tied mutations (A + B view):
A:T18V	B:T215V	logit=-0.522
A:N55S	B:N252S	logit=-0.672
A:N54V	B:N251V	logit=-1.113
A:E100V	B:E297V	logit=-1.754
A:N57R	B:N254R	logit=-2.193

Top tied mutations (C + D view):
C:V218L	D:V491L	logit=-0.434
C:K191R	D:K464R	logit=-0.634
C:S180T	D:S453T	logit=-0.665
C:N51P	D:N324P	logit=-0.694
C:T42V	D:T315V	logit=-0.696

Top tied mutations (A + B view):
A:T18V	B:T215V	logit=-0.518
A:N55S	B:N252S	logit=-0.684
A:N54V	B:N251V	logit=-1.054
A:E100V	B:E297V	logit=-1.761
A:R61K	B:R258K	logit=-2.203

Top tied mutations (C + D view):
C:V218L	D:V491L	logit=-0.447
C:K191R	D:K464R	logit=-0.545
C:S180T	D:S453T	logit=-0.654
C:N51P	D:N324P	logit=-0.780
C:T42V	D:T315V	logit=-0.809

Top tied mutations (A + B view):
A:T18V	B:T215V	logit=-0.572
A:N55S	B:N252S	logit=-0.677
A:N54V	B:N251V	logit=-1.050
A:E100V	B:E297V	logit=-1.875
A:V102I	B:V299I	logit=-2.181

Top tied mutations (C + D view):
C:V218L	D:V491L	logit=-0.431
C:K191R	D:K464R	logit=-0.636
C:S180T	D:S453T	logit=-0.677
C:T42V	D:T315V	logit=-0.752
C:N51P	D:N324P	logit=-0.834

Top tied mutations (A + B view):
A:T18V	B:T215V	logit=-0.600
A:N55S	B:N252S	logit=-0.722
A:N54V	B:N251V	logit=-1.104
A:E100V	B:E297V	logit=-1.891
A:V102I	B:V299I	logit=-2.172

Top tied mutations (C + D view):
C:V218L	D:V491L	logit=-0.431
C:K191R	D:K464R	logit=-0.533
C:S180T	D:S453T	logit=-0.636
C:T42V	D:T315V	logit=-0.719
C:N51P	D:N324P	logit=-0.726

Top tied mutations (A + B view):
A:T18V	B:T215V	logit=-0.561
A:N55S	B:N252S	logit=-0.669
A:N54V	B:N251V	logit=-1.162
A:E100V	B:E297V	logit=-1.749
A:V102I	B:V299I	logit=-2.237

Top tied mutations (C + D view):
C:V218L	D:V491L	logit=-0.433
C:K191R	D:K464R	logit=-0.580
C:S180T	D:S453T	logit=-0.686
C:T42V	D:T315V	logit=-0.778
C:N51P	D:N324P	logit=-0.857

Top tied mutations (A + B view):
A:T18V	B:T215V	logit=-0.622
A:N55S	B:N252S	logit=-0.716
A:N54V	B:N251V	logit=-1.059
A:E100V	B:E297V	logit=-1.817
A:V102I	B:V299I	logit=-2.101

Top tied mutations (C + D view):
C:V218L	D:V491L	logit=-0.462
C:K191R	D:K464R	logit=-0.470
C:S180T	D:S453T	logit=-0.657
C:T42V	D:T315V	logit=-0.739
C:N51P	D:N324P	logit=-0.836

Top tied mutations (A + B view):
A:T18V	B:T215V	logit=-0.591
A:N55S	B:N252S	logit=-0.671
A:N54V	B:N251V	logit=-1.081
A:E100V	B:E297V	logit=-1.810
A:V102I	B:V299I	logit=-2.199

Top tied mutations (C + D view):
C:V218L	D:V491L	logit=-0.489
C:K191R	D:K464R	logit=-0.581
C:S180T	D:S453T	logit=-0.638
C:T42V	D:T315V	logit=-0.694
C:S89A	D:S362A	logit=-0.870

Top tied mutations (A + B view):
A:T18V	B:T215V	logit=-0.498
A:N55S	B:N252S	logit=-0.665
A:N54V	B:N251V	logit=-1.019
A:E100V	B:E297V	logit=-1.705
A:N54I	B:N251I	logit=-2.160

Top tied mutations (C + D view):
C:V218L	D:V491L	logit=-0.471
C:K191R	D:K464R	logit=-0.593
C:S180T	D:S453T	logit=-0.658
C:T42V	D:T315V	logit=-0.722
C:S72G	D:S345G	logit=-0.919

Top tied mutations (A + B view):
A:T18V	B:T215V	logit=-0.521
A:N55S	B:N252S	logit=-0.680
A:N54V	B:N251V	logit=-1.146
A:E100V	B:E297V	logit=-1.653
A:V102I	B:V299I	logit=-2.171

Top tied mutations (C + D view):
C:V218L	D:V491L	logit=-0.425
C:K191R	D:K464R	logit=-0.536
C:S180T	D:S453T	logit=-0.678
C:T42V	D:T315V	logit=-0.773
C:N51P	D:N324P	logit=-0.813

Top tied mutations (A + B view):
A:T18V	B:T215V	logit=-0.656
A:N55S	B:N252S	logit=-0.709
A:N54V	B:N251V	logit=-1.240
A:E100V	B:E297V	logit=-1.824
A:V102I	B:V299I	logit=-2.082

Top tied mutations (C + D view):
C:V218L	D:V491L	logit=-0.400
C:K191R	D:K464R	logit=-0.575
C:S180T	D:S453T	logit=-0.679
C:T42V	D:T315V	logit=-0.710
C:N51P	D:N324P	logit=-0.752

Top tied mutations (A + B view):
A:T18V	B:T215V	logit=-0.565
A:N55S	B:N252S	logit=-0.688
A:N54V	B:N251V	logit=-1.185
A:E100V	B:E297V	logit=-1.974
A:N54I	B:N251I	logit=-2.047

Top tied mutations (C + D view):
C:V218L	D:V491L	logit=-0.453
C:K191R	D:K464R	logit=-0.586
C:S180T	D:S453T	logit=-0.625
C:T42V	D:T315V	logit=-0.739
C:N51P	D:N324P	logit=-0.784

Top tied mutations (A + B view):
A:T18V	B:T215V	logit=-0.615
A:N55S	B:N252S	logit=-0.670
A:N54V	B:N251V	logit=-1.200
A:E100V	B:E297V	logit=-1.857
A:V102I	B:V299I	logit=-2.147

Top tied mutations (C + D view):
C:V218L	D:V491L	logit=-0.435
C:K191R	D:K464R	logit=-0.552
C:S180T	D:S453T	logit=-0.659
C:T42V	D:T315V	logit=-0.726
C:N51P	D:N324P	logit=-0.790

Top tied mutations (A + B view):
A:T18V	B:T215V	logit=-0.508
A:N55S	B:N252S	logit=-0.723
A:N54V	B:N251V	logit=-1.020
A:E100V	B:E297V	logit=-1.818
A:V102I	B:V299I	logit=-2.110

Top tied mutations (C + D view):
C:V218L	D:V491L	logit=-0.495
C:K191R	D:K464R	logit=-0.600
C:S180T	D:S453T	logit=-0.632
C:T42V	D:T315V	logit=-0.801
C:S89A	D:S362A	logit=-0.834

Top tied mutations (A + B view):
A:T18V	B:T215V	logit=-0.577
A:N55S	B:N252S	logit=-0.701
A:N54V	B:N251V	logit=-1.186
A:E100V	B:E297V	logit=-1.760
A:V102I	B:V299I	logit=-2.217

Top tied mutations (C + D view):
C:V218L	D:V491L	logit=-0.470
C:K191R	D:K464R	logit=-0.654
C:S180T	D:S453T	logit=-0.659
C:T42V	D:T315V	logit=-0.676
C:N51P	D:N324P	logit=-0.861

Top tied mutations (A + B view):
A:T18V	B:T215V	logit=-0.497
A:N55S	B:N252S	logit=-0.692
A:N54V	B:N251V	logit=-1.122
A:E100V	B:E297V	logit=-1.692
A:V102I	B:V299I	logit=-2.169

Top tied mutations (C + D view):
C:V218L	D:V491L	logit=-0.439
C:K191R	D:K464R	logit=-0.581
C:S180T	D:S453T	logit=-0.661
C:T42V	D:T315V	logit=-0.708
C:S89A	D:S362A	logit=-0.902

Top tied mutations (A + B view):
A:T18V	B:T215V	logit=-0.576
A:N55S	B:N252S	logit=-0.744
A:N54V	B:N251V	logit=-1.096
A:E100V	B:E297V	logit=-1.687
A:R61K	B:R258K	logit=-2.177

Top tied mutations (C + D view):
C:V218L	D:V491L	logit=-0.473
C:K191R	D:K464R	logit=-0.614
C:S180T	D:S453T	logit=-0.671
C:T42V	D:T315V	logit=-0.687
C:N51P	D:N324P	logit=-0.852

Top tied mutations (A + B view):
A:T18V	B:T215V	logit=-0.506
A:N55S	B:N252S	logit=-0.710
A:N54V	B:N251V	logit=-1.077
A:E100V	B:E297V	logit=-1.720
A:N57R	B:N254R	logit=-2.078

Top tied mutations (C + D view):
C:V218L	D:V491L	logit=-0.465
C:K191R	D:K464R	logit=-0.490
C:S180T	D:S453T	logit=-0.646
C:T42V	D:T315V	logit=-0.791
C:N51P	D:N324P	logit=-0.816

Top tied mutations (A + B view):
A:T18V	B:T215V	logit=-0.578
A:N55S	B:N252S	logit=-0.695
A:N54V	B:N251V	logit=-1.030
A:E100V	B:E297V	logit=-1.713
A:V102I	B:V299I	logit=-2.151

Top tied mutations (C + D view):
C:V218L	D:V491L	logit=-0.494
C:K191R	D:K464R	logit=-0.615
C:S180T	D:S453T	logit=-0.667
C:T42V	D:T315V	logit=-0.717
C:N51P	D:N324P	logit=-0.838

Top tied mutations (A + B view):
A:T18V	B:T215V	logit=-0.593
A:N55S	B:N252S	logit=-0.631
A:N54V	B:N251V	logit=-1.163
A:E100V	B:E297V	logit=-1.795
A:N54I	B:N251I	logit=-2.128

Top tied mutations (C + D view):
C:V218L	D:V491L	logit=-0.470
C:K191R	D:K464R	logit=-0.593
C:S180T	D:S453T	logit=-0.700
C:T42V	D:T315V	logit=-0.737
C:N51P	D:N324P	logit=-0.924

Top tied mutations (A + B view):
A:T18V	B:T215V	logit=-0.520
A:N55S	B:N252S	logit=-0.692
A:N54V	B:N251V	logit=-1.081
A:E100V	B:E297V	logit=-1.766
A:N54I	B:N251I	logit=-2.140

Top tied mutations (C + D view):
C:V218L	D:V491L	logit=-0.464
C:K191R	D:K464R	logit=-0.559
C:S180T	D:S453T	logit=-0.670
C:N51P	D:N324P	logit=-0.726
C:T42V	D:T315V	logit=-0.790

Top tied mutations (A + B view):
A:T18V	B:T215V	logit=-0.509
A:N55S	B:N252S	logit=-0.638
A:N54V	B:N251V	logit=-1.084
A:E100V	B:E297V	logit=-1.730
A:V102I	B:V299I	logit=-2.085

Top tied mutations (C + D view):
C:V218L	D:V491L	logit=-0.427
C:K191R	D:K464R	logit=-0.612
C:S180T	D:S453T	logit=-0.664
C:T42V	D:T315V	logit=-0.693
C:S89A	D:S362A	logit=-0.887

Top tied mutations (A + B view):
A:T18V	B:T215V	logit=-0.604
A:N55S	B:N252S	logit=-0.717
A:N54V	B:N251V	logit=-1.089
A:E100V	B:E297V	logit=-1.721
A:V102I	B:V299I	logit=-2.138

Top tied mutations (C + D view):
C:V218L	D:V491L	logit=-0.450
C:K191R	D:K464R	logit=-0.530
C:S180T	D:S453T	logit=-0.643
C:T42V	D:T315V	logit=-0.691
C:N51P	D:N324P	logit=-0.729

Top tied mutations (A + B view):
A:T18V	B:T215V	logit=-0.488
A:N55S	B:N252S	logit=-0.736
A:N54V	B:N251V	logit=-1.186
A:E100V	B:E297V	logit=-1.675
A:N57R	B:N254R	logit=-2.099

Top tied mutations (C + D view):
C:V218L	D:V491L	logit=-0.437
C:K191R	D:K464R	logit=-0.536
C:S180T	D:S453T	logit=-0.643
C:T42V	D:T315V	logit=-0.832
C:N51P	D:N324P	logit=-0.869

Top tied mutations (A + B view):
A:T18V	B:T215V	logit=-0.571
A:N55S	B:N252S	logit=-0.680
A:N54V	B:N251V	logit=-1.044
A:E100V	B:E297V	logit=-1.733
A:V102I	B:V299I	logit=-2.067

Top tied mutations (C + D view):
C:V218L	D:V491L	logit=-0.442
C:K191R	D:K464R	logit=-0.642
C:S180T	D:S453T	logit=-0.691
C:T42V	D:T315V	logit=-0.735
C:N51P	D:N324P	logit=-0.819

Top tied mutations (A + B view):
A:T18V	B:T215V	logit=-0.550
A:N55S	B:N252S	logit=-0.714
A:N54V	B:N251V	logit=-1.174
A:E100V	B:E297V	logit=-1.721
A:V102I	B:V299I	logit=-2.188

Top tied mutations (C + D view):
C:V218L	D:V491L	logit=-0.468
C:K191R	D:K464R	logit=-0.562
C:S180T	D:S453T	logit=-0.674
C:T42V	D:T315V	logit=-0.730
C:N51P	D:N324P	logit=-0.811

Top tied mutations (A + B view):
A:T18V	B:T215V	logit=-0.518
A:N55S	B:N252S	logit=-0.609
A:N54V	B:N251V	logit=-1.136
A:E100V	B:E297V	logit=-1.877
A:N57R	B:N254R	logit=-2.167

Top tied mutations (C + D view):
C:V218L	D:V491L	logit=-0.428
C:K191R	D:K464R	logit=-0.520
C:S180T	D:S453T	logit=-0.652
C:T42V	D:T315V	logit=-0.694
C:N51P	D:N324P	logit=-0.841

Top tied mutations (A + B view):
A:T18V	B:T215V	logit=-0.502
A:N55S	B:N252S	logit=-0.681
A:N54V	B:N251V	logit=-0.960
A:E100V	B:E297V	logit=-1.785
A:N57R	B:N254R	logit=-2.163

Top tied mutations (C + D view):
C:V218L	D:V491L	logit=-0.440
C:K191R	D:K464R	logit=-0.574
C:S180T	D:S453T	logit=-0.646
C:T42V	D:T315V	logit=-0.716
C:N51P	D:N324P	logit=-0.877

Top tied mutations (A + B view):
A:T18V	B:T215V	logit=-0.501
A:N55S	B:N252S	logit=-0.683
A:N54V	B:N251V	logit=-1.300
A:E100V	B:E297V	logit=-1.964
A:V102I	B:V299I	logit=-2.262

Top tied mutations (C + D view):
C:V218L	D:V491L	logit=-0.424
C:K191R	D:K464R	logit=-0.553
C:S180T	D:S453T	logit=-0.656
C:T42V	D:T315V	logit=-0.777
C:N51P	D:N324P	logit=-0.817

Top tied mutations (A + B view):
A:T18V	B:T215V	logit=-0.514
A:N55S	B:N252S	logit=-0.624
A:N54V	B:N251V	logit=-1.115
A:E100V	B:E297V	logit=-1.705
A:V102I	B:V299I	logit=-2.100

Top tied mutations (C + D view):
C:V218L	D:V491L	logit=-0.437
C:K191R	D:K464R	logit=-0.498
C:S180T	D:S453T	logit=-0.669
C:T42V	D:T315V	logit=-0.736
C:N51P	D:N324P	logit=-0.816

Top tied mutations (A + B view):
A:T18V	B:T215V	logit=-0.541
A:N55S	B:N252S	logit=-0.673
A:N54V	B:N251V	logit=-1.089
A:E100V	B:E297V	logit=-1.767
A:R61K	B:R258K	logit=-2.004

Top tied mutations (C + D view):
C:V218L	D:V491L	logit=-0.426
C:K191R	D:K464R	logit=-0.560
C:S180T	D:S453T	logit=-0.648
C:T42V	D:T315V	logit=-0.760
C:N51P	D:N324P	logit=-0.856

Top tied mutations (A + B view):
A:T18V	B:T215V	logit=-0.546
A:N55S	B:N252S	logit=-0.765
A:N54V	B:N251V	logit=-1.180
A:E100V	B:E297V	logit=-1.729
A:V102I	B:V299I	logit=-2.171

Top tied mutations (C + D view):
C:V218L	D:V491L	logit=-0.438
C:K191R	D:K464R	logit=-0.564
C:S180T	D:S453T	logit=-0.645
C:T42V	D:T315V	logit=-0.728
C:S89A	D:S362A	logit=-0.894

Top tied mutations (A + B view):
A:T18V	B:T215V	logit=-0.581
A:N55S	B:N252S	logit=-0.690
A:N54V	B:N251V	logit=-1.015
A:E100V	B:E297V	logit=-1.669
A:V102I	B:V299I	logit=-2.032

Top tied mutations (C + D view):
C:V218L	D:V491L	logit=-0.436
C:K191R	D:K464R	logit=-0.535
C:S180T	D:S453T	logit=-0.633
C:T42V	D:T315V	logit=-0.691
C:N51P	D:N324P	logit=-0.823

Top tied mutations (A + B view):
A:T18V	B:T215V	logit=-0.543
A:N55S	B:N252S	logit=-0.709
A:N54V	B:N251V	logit=-1.051
A:E100V	B:E297V	logit=-1.733
A:V102I	B:V299I	logit=-2.196

Top tied mutations (C + D view):
C:V218L	D:V491L	logit=-0.453
C:K191R	D:K464R	logit=-0.601
C:S180T	D:S453T	logit=-0.674
C:T42V	D:T315V	logit=-0.712
C:S89A	D:S362A	logit=-0.914

Top tied mutations (A + B view):
A:T18V	B:T215V	logit=-0.538
A:N55S	B:N252S	logit=-0.721
A:N54V	B:N251V	logit=-1.228
A:E100V	B:E297V	logit=-1.885
A:V102I	B:V299I	logit=-2.119

Top tied mutations (C + D view):
C:V218L	D:V491L	logit=-0.460
C:K191R	D:K464R	logit=-0.517
C:S180T	D:S453T	logit=-0.648
C:T42V	D:T315V	logit=-0.717
C:S89A	D:S362A	logit=-0.824

Top tied mutations (A + B view):
A:T18V	B:T215V	logit=-0.558
A:N55S	B:N252S	logit=-0.715
A:N54V	B:N251V	logit=-1.065
A:E100V	B:E297V	logit=-1.827
A:N54I	B:N251I	logit=-2.085

Top tied mutations (C + D view):
C:V218L	D:V491L	logit=-0.484
C:K191R	D:K464R	logit=-0.503
C:S180T	D:S453T	logit=-0.660
C:T42V	D:T315V	logit=-0.733
C:N51P	D:N324P	logit=-0.836

Top tied mutations (A + B view):
A:T18V	B:T215V	logit=-0.543
A:N55S	B:N252S	logit=-0.780
A:N54V	B:N251V	logit=-1.086
A:E100V	B:E297V	logit=-1.752
A:V102I	B:V299I	logit=-2.116

Top tied mutations (C + D view):
C:V218L	D:V491L	logit=-0.437
C:K191R	D:K464R	logit=-0.567
C:S180T	D:S453T	logit=-0.675
C:T42V	D:T315V	logit=-0.688
C:N51P	D:N324P	logit=-0.860

Top tied mutations (A + B view):
A:T18V	B:T215V	logit=-0.600
A:N55S	B:N252S	logit=-0.697
A:N54V	B:N251V	logit=-1.091
A:E100V	B:E297V	logit=-1.794
A:V102I	B:V299I	logit=-2.141

Top tied mutations (C + D view):
C:V218L	D:V491L	logit=-0.454
C:K191R	D:K464R	logit=-0.610
C:S180T	D:S453T	logit=-0.654
C:T42V	D:T315V	logit=-0.690
C:N51P	D:N324P	logit=-0.847

Top tied mutations (A + B view):
A:T18V	B:T215V	logit=-0.565
A:N55S	B:N252S	logit=-0.758
A:N54V	B:N251V	logit=-1.094
A:E100V	B:E297V	logit=-1.811
A:V102I	B:V299I	logit=-2.013

Top tied mutations (C + D view):
C:V218L	D:V491L	logit=-0.427
C:K191R	D:K464R	logit=-0.586
C:S180T	D:S453T	logit=-0.685
C:T42V	D:T315V	logit=-0.725
C:N51P	D:N324P	logit=-0.844

Top tied mutations (A + B view):
A:T18V	B:T215V	logit=-0.501
A:N55S	B:N252S	logit=-0.707
A:N54V	B:N251V	logit=-1.146
A:E100V	B:E297V	logit=-1.615
A:V102I	B:V299I	logit=-2.067

Top tied mutations (C + D view):
C:V218L	D:V491L	logit=-0.440
C:K191R	D:K464R	logit=-0.553
C:S180T	D:S453T	logit=-0.655
C:T42V	D:T315V	logit=-0.712
C:S89A	D:S362A	logit=-0.901

Top tied mutations (A + B view):
A:T18V	B:T215V	logit=-0.519
A:N55S	B:N252S	logit=-0.702
A:N54V	B:N251V	logit=-1.042
A:E100V	B:E297V	logit=-1.691
A:N57R	B:N254R	logit=-2.107

Top tied mutations (C + D view):
C:V218L	D:V491L	logit=-0.418
C:K191R	D:K464R	logit=-0.514
C:S180T	D:S453T	logit=-0.649
C:T42V	D:T315V	logit=-0.743
C:N51P	D:N324P	logit=-0.913

Top tied mutations (A + B view):
A:T18V	B:T215V	logit=-0.526
A:N55S	B:N252S	logit=-0.614
A:N54V	B:N251V	logit=-1.056
A:E100V	B:E297V	logit=-1.814
A:V102I	B:V299I	logit=-2.147

Top tied mutations (C + D view):
C:V218L	D:V491L	logit=-0.414
C:K191R	D:K464R	logit=-0.562
C:S180T	D:S453T	logit=-0.652
C:T42V	D:T315V	logit=-0.748
C:S89A	D:S362A	logit=-0.854

Top tied mutations (A + B view):
A:T18V	B:T215V	logit=-0.546
A:N55S	B:N252S	logit=-0.711
A:N54V	B:N251V	logit=-1.075
A:E100V	B:E297V	logit=-1.894
A:V102I	B:V299I	logit=-2.159

Top tied mutations (C + D view):
C:V218L	D:V491L	logit=-0.481
C:K191R	D:K464R	logit=-0.492
C:T42V	D:T315V	logit=-0.674
C:S180T	D:S453T	logit=-0.682
C:N51P	D:N324P	logit=-0.768

Top tied mutations (A + B view):
A:T18V	B:T215V	logit=-0.476
A:N55S	B:N252S	logit=-0.719
A:N54V	B:N251V	logit=-1.052
A:E100V	B:E297V	logit=-1.834
A:V102I	B:V299I	logit=-2.168

Top tied mutations (C + D view):
C:V218L	D:V491L	logit=-0.409
C:K191R	D:K464R	logit=-0.542
C:S180T	D:S453T	logit=-0.661
C:T42V	D:T315V	logit=-0.730
C:N51P	D:N324P	logit=-0.847

Top tied mutations (A + B view):
A:T18V	B:T215V	logit=-0.470
A:N55S	B:N252S	logit=-0.723
A:N54V	B:N251V	logit=-1.119
A:E100V	B:E297V	logit=-1.696
A:N54I	B:N251I	logit=-2.068

Top tied mutations (C + D view):
C:V218L	D:V491L	logit=-0.493
C:K191R	D:K464R	logit=-0.616
C:S180T	D:S453T	logit=-0.643
C:T42V	D:T315V	logit=-0.749
C:S89A	D:S362A	logit=-0.857

Top tied mutations (A + B view):
A:T18V	B:T215V	logit=-0.509
A:N55S	B:N252S	logit=-0.682
A:N54V	B:N251V	logit=-1.208
A:E100V	B:E297V	logit=-1.804
A:N57R	B:N254R	logit=-1.996

Top tied mutations (C + D view):
C:V218L	D:V491L	logit=-0.457
C:S180T	D:S453T	logit=-0.650
C:K191R	D:K464R	logit=-0.651
C:T42V	D:T315V	logit=-0.691
C:S89A	D:S362A	logit=-0.904

Top tied mutations (A + B view):
A:T18V	B:T215V	logit=-0.517
A:N55S	B:N252S	logit=-0.695
A:N54V	B:N251V	logit=-1.108
A:E100V	B:E297V	logit=-1.778
A:V102I	B:V299I	logit=-2.169

Top tied mutations (C + D view):
C:V218L	D:V491L	logit=-0.476
C:K191R	D:K464R	logit=-0.528
C:S180T	D:S453T	logit=-0.654
C:T42V	D:T315V	logit=-0.747
C:N51P	D:N324P	logit=-0.865

Top tied mutations (A + B view):
A:T18V	B:T215V	logit=-0.554
A:N55S	B:N252S	logit=-0.714
A:N54V	B:N251V	logit=-1.068
A:E100V	B:E297V	logit=-1.778
A:N54I	B:N251I	logit=-2.167

Top tied mutations (C + D view):
C:V218L	D:V491L	logit=-0.404
C:K191R	D:K464R	logit=-0.511
C:S180T	D:S453T	logit=-0.653
C:T42V	D:T315V	logit=-0.696
C:N51P	D:N324P	logit=-0.805

Top tied mutations (A + B view):
A:T18V	B:T215V	logit=-0.547
A:N55S	B:N252S	logit=-0.663
A:N54V	B:N251V	logit=-1.067
A:E100V	B:E297V	logit=-1.828
A:V102I	B:V299I	logit=-2.210

Top tied mutations (C + D view):
C:V218L	D:V491L	logit=-0.485
C:K191R	D:K464R	logit=-0.500
C:S180T	D:S453T	logit=-0.662
C:T42V	D:T315V	logit=-0.713
C:N51P	D:N324P	logit=-0.849

Top tied mutations (A + B view):
A:T18V	B:T215V	logit=-0.551
A:N55S	B:N252S	logit=-0.657
A:N54V	B:N251V	logit=-1.071
A:E100V	B:E297V	logit=-1.842
A:R61K	B:R258K	logit=-2.183

Top tied mutations (C + D view):
C:V218L	D:V491L	logit=-0.487
C:K191R	D:K464R	logit=-0.570
C:S180T	D:S453T	logit=-0.661
C:T42V	D:T315V	logit=-0.761
C:N51P	D:N324P	logit=-0.858

Top tied mutations (A + B view):
A:T18V	B:T215V	logit=-0.476
A:N55S	B:N252S	logit=-0.703
A:N54V	B:N251V	logit=-1.431
A:E100V	B:E297V	logit=-1.639
A:N57R	B:N254R	logit=-2.008

Top tied mutations (C + D view):
C:V218L	D:V491L	logit=-0.418
C:K191R	D:K464R	logit=-0.537
C:S180T	D:S453T	logit=-0.680
C:T42V	D:T315V	logit=-0.745
C:N51P	D:N324P	logit=-0.775

Top tied mutations (A + B view):
A:T18V	B:T215V	logit=-0.511
A:N55S	B:N252S	logit=-0.700
A:N54V	B:N251V	logit=-1.059
A:E100V	B:E297V	logit=-1.787
A:N54I	B:N251I	logit=-2.021

Top tied mutations (C + D view):
C:V218L	D:V491L	logit=-0.451
C:K191R	D:K464R	logit=-0.467
C:S180T	D:S453T	logit=-0.662
C:T42V	D:T315V	logit=-0.684
C:N51P	D:N324P	logit=-0.840

Top tied mutations (A + B view):
A:T18V	B:T215V	logit=-0.610
A:N55S	B:N252S	logit=-0.715
A:N54V	B:N251V	logit=-1.251
A:E100V	B:E297V	logit=-1.794
A:V102I	B:V299I	logit=-2.195

Top tied mutations (C + D view):
C:V218L	D:V491L	logit=-0.433
C:K191R	D:K464R	logit=-0.533
C:S180T	D:S453T	logit=-0.668
C:T42V	D:T315V	logit=-0.677
C:N51P	D:N324P	logit=-0.922

Top tied mutations (A + B view):
A:T18V	B:T215V	logit=-0.539
A:N55S	B:N252S	logit=-0.714
A:N54V	B:N251V	logit=-0.984
A:E100V	B:E297V	logit=-1.876
A:V102I	B:V299I	logit=-2.127

Top tied mutations (C + D view):
C:V218L	D:V491L	logit=-0.483
C:K191R	D:K464R	logit=-0.584
C:S180T	D:S453T	logit=-0.663
C:T42V	D:T315V	logit=-0.696
C:S89A	D:S362A	logit=-0.860

Top tied mutations (A + B view):
A:T18V	B:T215V	logit=-0.592
A:N55S	B:N252S	logit=-0.720
A:N54V	B:N251V	logit=-1.106
A:E100V	B:E297V	logit=-1.668
A:N57R	B:N254R	logit=-2.148

Top tied mutations (C + D view):
C:V218L	D:V491L	logit=-0.483
C:K191R	D:K464R	logit=-0.551
C:S180T	D:S453T	logit=-0.667
C:T42V	D:T315V	logit=-0.754
C:N51P	D:N324P	logit=-0.797

Top tied mutations (A + B view):
A:T18V	B:T215V	logit=-0.511
A:N55S	B:N252S	logit=-0.626
A:N54V	B:N251V	logit=-1.060
A:E100V	B:E297V	logit=-1.757
A:V102I	B:V299I	logit=-2.116

Top tied mutations (C + D view):
C:V218L	D:V491L	logit=-0.419
C:K191R	D:K464R	logit=-0.546
C:S180T	D:S453T	logit=-0.660
C:T42V	D:T315V	logit=-0.719
C:N51P	D:N324P	logit=-0.894

Top tied mutations (A + B view):
A:T18V	B:T215V	logit=-0.557
A:N55S	B:N252S	logit=-0.712
A:N54V	B:N251V	logit=-1.255
A:E100V	B:E297V	logit=-1.698
A:N57R	B:N254R	logit=-2.153

Top tied mutations (C + D view):
C:V218L	D:V491L	logit=-0.435
C:K191R	D:K464R	logit=-0.526
C:S180T	D:S453T	logit=-0.649
C:T42V	D:T315V	logit=-0.759
C:S89A	D:S362A	logit=-0.882

Top tied mutations (A + B view):
A:T18V	B:T215V	logit=-0.491
A:N55S	B:N252S	logit=-0.724
A:N54V	B:N251V	logit=-1.183
A:E100V	B:E297V	logit=-1.669
A:V102I	B:V299I	logit=-2.190

Top tied mutations (C + D view):
C:V218L	D:V491L	logit=-0.481
C:K191R	D:K464R	logit=-0.603
C:S180T	D:S453T	logit=-0.665
C:N51P	D:N324P	logit=-0.723
C:T42V	D:T315V	logit=-0.772

Top tied mutations (A + B view):
A:T18V	B:T215V	logit=-0.533
A:N55S	B:N252S	logit=-0.700
A:N54V	B:N251V	logit=-1.079
A:E100V	B:E297V	logit=-1.679
A:V102I	B:V299I	logit=-2.047

Top tied mutations (C + D view):
C:V218L	D:V491L	logit=-0.413
C:K191R	D:K464R	logit=-0.552
C:S180T	D:S453T	logit=-0.651
C:T42V	D:T315V	logit=-0.755
C:N51P	D:N324P	logit=-0.892

Top tied mutations (A + B view):
A:T18V	B:T215V	logit=-0.550
A:N55S	B:N252S	logit=-0.758
A:N54V	B:N251V	logit=-1.070
A:E100V	B:E297V	logit=-1.813
A:N54I	B:N251I	logit=-2.104

Top tied mutations (C + D view):
C:V218L	D:V491L	logit=-0.419
C:K191R	D:K464R	logit=-0.566
C:S180T	D:S453T	logit=-0.656
C:T42V	D:T315V	logit=-0.714
C:A168P	D:A441P	logit=-0.912

Top tied mutations (A + B view):
A:T18V	B:T215V	logit=-0.524
A:N55S	B:N252S	logit=-0.684
A:N54V	B:N251V	logit=-1.132
A:E100V	B:E297V	logit=-1.823
A:N54I	B:N251I	logit=-2.104

Top tied mutations (C + D view):
C:V218L	D:V491L	logit=-0.420
C:K191R	D:K464R	logit=-0.506
C:S180T	D:S453T	logit=-0.665
C:N51P	D:N324P	logit=-0.691
C:T42V	D:T315V	logit=-0.763

Top tied mutations (A + B view):
A:T18V	B:T215V	logit=-0.597
A:N55S	B:N252S	logit=-0.650
A:N54V	B:N251V	logit=-1.113
A:E100V	B:E297V	logit=-1.722
A:R61K	B:R258K	logit=-2.082

Top tied mutations (C + D view):
C:V218L	D:V491L	logit=-0.466
C:K191R	D:K464R	logit=-0.551
C:S180T	D:S453T	logit=-0.676
C:T42V	D:T315V	logit=-0.764
C:N51P	D:N324P	logit=-0.779

Top tied mutations (A + B view):
A:T18V	B:T215V	logit=-0.544
A:N55S	B:N252S	logit=-0.688
A:N54V	B:N251V	logit=-1.139
A:E100V	B:E297V	logit=-1.762
A:V102I	B:V299I	logit=-2.187

Top tied mutations (C + D view):
C:V218L	D:V491L	logit=-0.452
C:K191R	D:K464R	logit=-0.586
C:S180T	D:S453T	logit=-0.665
C:T42V	D:T315V	logit=-0.730
C:S89A	D:S362A	logit=-0.896

Top tied mutations (A + B view):
A:T18V	B:T215V	logit=-0.564
A:N55S	B:N252S	logit=-0.755
A:N54V	B:N251V	logit=-1.098
A:E100V	B:E297V	logit=-1.871
A:N57R	B:N254R	logit=-2.066

Top tied mutations (C + D view):
C:V218L	D:V491L	logit=-0.464
C:K191R	D:K464R	logit=-0.574
C:S180T	D:S453T	logit=-0.647
C:T42V	D:T315V	logit=-0.770
C:N51P	D:N324P	logit=-0.889

Top tied mutations (A + B view):
A:T18V	B:T215V	logit=-0.554
A:N55S	B:N252S	logit=-0.674
A:N54V	B:N251V	logit=-1.240
A:E100V	B:E297V	logit=-1.818
A:V102I	B:V299I	logit=-2.104

Top tied mutations (C + D view):
C:V218L	D:V491L	logit=-0.426
C:K191R	D:K464R	logit=-0.562
C:S180T	D:S453T	logit=-0.646
C:T42V	D:T315V	logit=-0.749
C:N51P	D:N324P	logit=-0.860

Top tied mutations (A + B view):
A:T18V	B:T215V	logit=-0.536
A:N55S	B:N252S	logit=-0.701
A:N54V	B:N251V	logit=-1.120
A:E100V	B:E297V	logit=-1.787
A:V102I	B:V299I	logit=-2.169

Top tied mutations (C + D view):
C:V218L	D:V491L	logit=-0.448
C:K191R	D:K464R	logit=-0.487
C:S180T	D:S453T	logit=-0.639
C:T42V	D:T315V	logit=-0.758
C:N51P	D:N324P	logit=-0.799

Top tied mutations (A + B view):
A:T18V	B:T215V	logit=-0.491
A:N55S	B:N252S	logit=-0.694
A:N54V	B:N251V	logit=-1.225
A:E100V	B:E297V	logit=-1.786
A:V102I	B:V299I	logit=-2.096

Top tied mutations (C + D view):
C:V218L	D:V491L	logit=-0.486
C:K191R	D:K464R	logit=-0.552
C:S180T	D:S453T	logit=-0.644
C:T42V	D:T315V	logit=-0.735
C:N51P	D:N324P	logit=-0.804

Top tied mutations (A + B view):
A:T18V	B:T215V	logit=-0.568
A:N55S	B:N252S	logit=-0.729
A:N54V	B:N251V	logit=-1.121
A:E100V	B:E297V	logit=-1.791
A:N57R	B:N254R	logit=-2.142

Top tied mutations (C + D view):
C:V218L	D:V491L	logit=-0.456
C:K191R	D:K464R	logit=-0.614
C:S180T	D:S453T	logit=-0.670
C:T42V	D:T315V	logit=-0.739
C:N51P	D:N324P	logit=-0.825

Top tied mutations (A + B view):
A:T18V	B:T215V	logit=-0.588
A:N55S	B:N252S	logit=-0.655
A:N54V	B:N251V	logit=-1.031
A:E100V	B:E297V	logit=-1.834
A:N54I	B:N251I	logit=-2.112

Top tied mutations (C + D view):
C:V218L	D:V491L	logit=-0.459
C:K191R	D:K464R	logit=-0.548
C:S180T	D:S453T	logit=-0.645
C:T42V	D:T315V	logit=-0.769
C:N51P	D:N324P	logit=-0.787

Top tied mutations (A + B view):
A:T18V	B:T215V	logit=-0.562
A:N55S	B:N252S	logit=-0.681
A:N54V	B:N251V	logit=-1.164
A:E100V	B:E297V	logit=-1.813
A:N57R	B:N254R	logit=-2.124

Top tied mutations (C + D view):
C:V218L	D:V491L	logit=-0.412
C:K191R	D:K464R	logit=-0.561
C:S180T	D:S453T	logit=-0.659
C:T42V	D:T315V	logit=-0.713
C:S72G	D:S345G	logit=-0.911

Top tied mutations (A + B view):
A:T18V	B:T215V	logit=-0.596
A:N55S	B:N252S	logit=-0.792
A:N54V	B:N251V	logit=-1.087
A:E100V	B:E297V	logit=-1.775
A:V102I	B:V299I	logit=-2.153

Top tied mutations (C + D view):
C:V218L	D:V491L	logit=-0.422
C:K191R	D:K464R	logit=-0.526
C:S180T	D:S453T	logit=-0.658
C:T42V	D:T315V	logit=-0.707
C:N51P	D:N324P	logit=-0.944

Top tied mutations (A + B view):
A:T18V	B:T215V	logit=-0.545
A:N55S	B:N252S	logit=-0.714
A:N54V	B:N251V	logit=-1.010
A:E100V	B:E297V	logit=-1.917
A:N54I	B:N251I	logit=-2.117

Top tied mutations (C + D view):
C:V218L	D:V491L	logit=-0.406
C:K191R	D:K464R	logit=-0.611
C:S180T	D:S453T	logit=-0.652
C:T42V	D:T315V	logit=-0.787
C:S89A	D:S362A	logit=-0.882

Top tied mutations (A + B view):
A:T18V	B:T215V	logit=-0.591
A:N55S	B:N252S	logit=-0.720
A:N54V	B:N251V	logit=-1.172
A:E100V	B:E297V	logit=-1.772
A:V102I	B:V299I	logit=-2.167

Top tied mutations (C + D view):
C:V218L	D:V491L	logit=-0.409
C:K191R	D:K464R	logit=-0.529
C:S180T	D:S453T	logit=-0.645
C:T42V	D:T315V	logit=-0.721
C:N51P	D:N324P	logit=-0.758

Top tied mutations (A + B view):
A:T18V	B:T215V	logit=-0.527
A:N55S	B:N252S	logit=-0.716
A:N54V	B:N251V	logit=-1.092
A:E100V	B:E297V	logit=-1.675
A:N57R	B:N254R	logit=-2.203

Top tied mutations (C + D view):
C:V218L	D:V491L	logit=-0.463
C:K191R	D:K464R	logit=-0.534
C:S180T	D:S453T	logit=-0.649
C:T42V	D:T315V	logit=-0.665
C:N51P	D:N324P	logit=-0.833

Top tied mutations (A + B view):
A:T18V	B:T215V	logit=-0.523
A:N55S	B:N252S	logit=-0.679
A:N54V	B:N251V	logit=-1.143
A:E100V	B:E297V	logit=-1.786
A:V102I	B:V299I	logit=-2.298

Top tied mutations (C + D view):
C:V218L	D:V491L	logit=-0.477
C:K191R	D:K464R	logit=-0.526
C:S180T	D:S453T	logit=-0.660
C:T42V	D:T315V	logit=-0.733
C:S89A	D:S362A	logit=-0.865

Top tied mutations (A + B view):
A:T18V	B:T215V	logit=-0.561
A:N55S	B:N252S	logit=-0.730
A:N54V	B:N251V	logit=-1.093
A:E100V	B:E297V	logit=-1.754
A:V102I	B:V299I	logit=-2.126

Top tied mutations (C + D view):
C:V218L	D:V491L	logit=-0.437
C:K191R	D:K464R	logit=-0.549
C:S180T	D:S453T	logit=-0.648
C:T42V	D:T315V	logit=-0.727
C:N51P	D:N324P	logit=-0.861

Top tied mutations (A + B view):
A:T18V	B:T215V	logit=-0.565
A:N55S	B:N252S	logit=-0.677
A:N54V	B:N251V	logit=-1.094
A:E100V	B:E297V	logit=-1.760
A:N54I	B:N251I	logit=-2.178

Top tied mutations (C + D view):
C:V218L	D:V491L	logit=-0.433
C:K191R	D:K464R	logit=-0.517
C:S180T	D:S453T	logit=-0.677
C:T42V	D:T315V	logit=-0.766
C:N51P	D:N324P	logit=-0.808

Top tied mutations (A + B view):
A:T18V	B:T215V	logit=-0.462
A:N55S	B:N252S	logit=-0.753
A:N54V	B:N251V	logit=-1.073
A:E100V	B:E297V	logit=-1.744
A:V102I	B:V299I	logit=-2.158

Top tied mutations (C + D view):
C:V218L	D:V491L	logit=-0.443
C:K191R	D:K464R	logit=-0.532
C:S180T	D:S453T	logit=-0.637
C:T42V	D:T315V	logit=-0.681
C:N51P	D:N324P	logit=-0.752

Top tied mutations (A + B view):
A:T18V	B:T215V	logit=-0.607
A:N55S	B:N252S	logit=-0.709
A:N54V	B:N251V	logit=-1.275
A:E100V	B:E297V	logit=-1.751
A:V102I	B:V299I	logit=-2.171

Top tied mutations (C + D view):
C:V218L	D:V491L	logit=-0.443
C:K191R	D:K464R	logit=-0.514
C:S180T	D:S453T	logit=-0.667
C:T42V	D:T315V	logit=-0.743
C:N51P	D:N324P	logit=-0.747

Top tied mutations (A + B view):
A:T18V	B:T215V	logit=-0.587
A:N55S	B:N252S	logit=-0.716
A:N54V	B:N251V	logit=-1.086
A:E100V	B:E297V	logit=-1.717
A:V102I	B:V299I	logit=-2.262

Top tied mutations (C + D view):
C:V218L	D:V491L	logit=-0.477
C:K191R	D:K464R	logit=-0.595
C:S180T	D:S453T	logit=-0.674
C:T42V	D:T315V	logit=-0.675
C:N51P	D:N324P	logit=-0.899

Top tied mutations (A + B view):
A:T18V	B:T215V	logit=-0.578
A:N55S	B:N252S	logit=-0.631
A:N54V	B:N251V	logit=-1.112
A:E100V	B:E297V	logit=-1.879
A:V58T	B:V255T	logit=-2.156

Top tied mutations (C + D view):
C:V218L	D:V491L	logit=-0.428
C:K191R	D:K464R	logit=-0.592
C:S180T	D:S453T	logit=-0.682
C:T42V	D:T315V	logit=-0.702
C:N51P	D:N324P	logit=-0.906

Top tied mutations (A + B view):
A:T18V	B:T215V	logit=-0.533
A:N55S	B:N252S	logit=-0.768
A:N54V	B:N251V	logit=-1.134
A:E100V	B:E297V	logit=-1.835
A:V102I	B:V299I	logit=-2.116

Top tied mutations (C + D view):
C:V218L	D:V491L	logit=-0.481
C:K191R	D:K464R	logit=-0.571
C:S180T	D:S453T	logit=-0.666
C:T42V	D:T315V	logit=-0.735
C:N51P	D:N324P	logit=-0.782

Top tied mutations (A + B view):
A:T18V	B:T215V	logit=-0.526
A:N55S	B:N252S	logit=-0.814
A:N54V	B:N251V	logit=-1.073
A:E100V	B:E297V	logit=-1.813
A:V102I	B:V299I	logit=-2.141

Top tied mutations (C + D view):
C:V218L	D:V491L	logit=-0.459
C:K191R	D:K464R	logit=-0.510
C:S180T	D:S453T	logit=-0.662
C:T42V	D:T315V	logit=-0.752
C:S89A	D:S362A	logit=-0.909

Top tied mutations (A + B view):
A:T18V	B:T215V	logit=-0.568
A:N55S	B:N252S	logit=-0.684
A:N54V	B:N251V	logit=-1.030
A:E100V	B:E297V	logit=-1.771
A:R61K	B:R258K	logit=-2.087

Top tied mutations (C + D view):
C:V218L	D:V491L	logit=-0.450
C:K191R	D:K464R	logit=-0.577
C:S180T	D:S453T	logit=-0.659
C:T42V	D:T315V	logit=-0.805
C:N51P	D:N324P	logit=-0.885

Top tied mutations (A + B view):
A:T18V	B:T215V	logit=-0.564
A:N55S	B:N252S	logit=-0.755
A:N54V	B:N251V	logit=-1.144
A:E100V	B:E297V	logit=-1.676
A:V102I	B:V299I	logit=-1.969

Top tied mutations (C + D view):
C:V218L	D:V491L	logit=-0.470
C:K191R	D:K464R	logit=-0.565
C:S180T	D:S453T	logit=-0.662
C:T42V	D:T315V	logit=-0.698
C:N51P	D:N324P	logit=-0.816

Top tied mutations (A + B view):
A:T18V	B:T215V	logit=-0.508
A:N55S	B:N252S	logit=-0.702
A:N54V	B:N251V	logit=-1.150
A:E100V	B:E297V	logit=-1.800
A:V102I	B:V299I	logit=-2.224

Top tied mutations (C + D view):
C:V218L	D:V491L	logit=-0.440
C:K191R	D:K464R	logit=-0.527
C:S180T	D:S453T	logit=-0.650
C:T42V	D:T315V	logit=-0.678
C:N51P	D:N324P	logit=-0.869

Top tied mutations (A + B view):
A:T18V	B:T215V	logit=-0.521
A:N55S	B:N252S	logit=-0.699
A:N54V	B:N251V	logit=-1.298
A:E100V	B:E297V	logit=-1.752
A:V102I	B:V299I	logit=-2.246

Top tied mutations (C + D view):
C:V218L	D:V491L	logit=-0.474
C:K191R	D:K464R	logit=-0.632
C:S180T	D:S453T	logit=-0.669
C:T42V	D:T315V	logit=-0.726
C:N51P	D:N324P	logit=-0.830

Top tied mutations (A + B view):
A:T18V	B:T215V	logit=-0.549
A:N55S	B:N252S	logit=-0.696
A:N54V	B:N251V	logit=-1.160
A:E100V	B:E297V	logit=-1.622
A:N57R	B:N254R	logit=-2.123

Top tied mutations (C + D view):
C:V218L	D:V491L	logit=-0.473
C:K191R	D:K464R	logit=-0.522
C:S180T	D:S453T	logit=-0.668
C:T42V	D:T315V	logit=-0.782
C:N51P	D:N324P	logit=-0.853

Top tied mutations (A + B view):
A:T18V	B:T215V	logit=-0.519
A:N55S	B:N252S	logit=-0.677
A:N54V	B:N251V	logit=-1.020
A:E100V	B:E297V	logit=-1.856
A:V102I	B:V299I	logit=-2.183

Top tied mutations (C + D view):
C:V218L	D:V491L	logit=-0.448
C:K191R	D:K464R	logit=-0.504
C:S180T	D:S453T	logit=-0.667
C:T42V	D:T315V	logit=-0.735
C:N51P	D:N324P	logit=-0.875

Top tied mutations (A + B view):
A:T18V	B:T215V	logit=-0.485
A:N55S	B:N252S	logit=-0.683
A:N54V	B:N251V	logit=-1.047
A:E100V	B:E297V	logit=-1.750
A:N57R	B:N254R	logit=-2.186

Top tied mutations (C + D view):
C:V218L	D:V491L	logit=-0.463
C:K191R	D:K464R	logit=-0.624
C:S180T	D:S453T	logit=-0.682
C:T42V	D:T315V	logit=-0.777
C:N51P	D:N324P	logit=-0.847

Top tied mutations (A + B view):
A:T18V	B:T215V	logit=-0.592
A:N55S	B:N252S	logit=-0.665
A:N54V	B:N251V	logit=-1.134
A:E100V	B:E297V	logit=-1.737
A:N57R	B:N254R	logit=-2.160

Top tied mutations (C + D view):
C:V218L	D:V491L	logit=-0.480
C:K191R	D:K464R	logit=-0.523
C:S180T	D:S453T	logit=-0.640
C:T42V	D:T315V	logit=-0.765
C:N51P	D:N324P	logit=-0.890

Top tied mutations (A + B view):
A:T18V	B:T215V	logit=-0.524
A:N55S	B:N252S	logit=-0.696
A:N54V	B:N251V	logit=-1.192
A:E100V	B:E297V	logit=-1.654
A:V102I	B:V299I	logit=-2.181

Top tied mutations (C + D view):
C:V218L	D:V491L	logit=-0.483
C:K191R	D:K464R	logit=-0.522
C:S180T	D:S453T	logit=-0.641
C:T42V	D:T315V	logit=-0.718
C:N51P	D:N324P	logit=-0.906

Top tied mutations (A + B view):
A:T18V	B:T215V	logit=-0.546
A:N55S	B:N252S	logit=-0.605
A:N54V	B:N251V	logit=-1.149
A:E100V	B:E297V	logit=-1.712
A:V102I	B:V299I	logit=-2.161

Top tied mutations (C + D view):
C:V218L	D:V491L	logit=-0.424
C:K191R	D:K464R	logit=-0.564
C:S180T	D:S453T	logit=-0.627
C:T42V	D:T315V	logit=-0.755
C:N51P	D:N324P	logit=-0.794

Top tied mutations (A + B view):
A:T18V	B:T215V	logit=-0.528
A:N55S	B:N252S	logit=-0.721
A:N54V	B:N251V	logit=-1.183
A:E100V	B:E297V	logit=-1.762
A:V58T	B:V255T	logit=-2.163

Top tied mutations (C + D view):
C:V218L	D:V491L	logit=-0.483
C:K191R	D:K464R	logit=-0.541
C:S180T	D:S453T	logit=-0.649
C:N51P	D:N324P	logit=-0.753
C:T42V	D:T315V	logit=-0.789

Top tied mutations (A + B view):
A:T18V	B:T215V	logit=-0.529
A:N55S	B:N252S	logit=-0.689
A:N54V	B:N251V	logit=-1.208
A:E100V	B:E297V	logit=-1.808
A:V102I	B:V299I	logit=-2.104

Top tied mutations (C + D view):
C:V218L	D:V491L	logit=-0.439
C:K191R	D:K464R	logit=-0.574
C:S180T	D:S453T	logit=-0.660
C:T42V	D:T315V	logit=-0.745
C:N51P	D:N324P	logit=-0.798

Top tied mutations (A + B view):
A:T18V	B:T215V	logit=-0.526
A:N55S	B:N252S	logit=-0.738
A:N54V	B:N251V	logit=-0.972
A:E100V	B:E297V	logit=-1.803
A:V102I	B:V299I	logit=-2.193

Top tied mutations (C + D view):
C:V218L	D:V491L	logit=-0.476
C:K191R	D:K464R	logit=-0.561
C:T42V	D:T315V	logit=-0.696
C:S180T	D:S453T	logit=-0.697
C:N51P	D:N324P	logit=-0.798

Top tied mutations (A + B view):
A:T18V	B:T215V	logit=-0.562
A:N55S	B:N252S	logit=-0.646
A:N54V	B:N251V	logit=-1.145
A:E100V	B:E297V	logit=-1.659
A:N54I	B:N251I	logit=-2.100

Top tied mutations (C + D view):
C:V218L	D:V491L	logit=-0.467
C:K191R	D:K464R	logit=-0.530
C:S180T	D:S453T	logit=-0.654
C:T42V	D:T315V	logit=-0.676
C:N51P	D:N324P	logit=-0.733

Top tied mutations (A + B view):
A:T18V	B:T215V	logit=-0.556
A:N55S	B:N252S	logit=-0.674
A:N54V	B:N251V	logit=-1.128
A:E100V	B:E297V	logit=-1.710
A:R61K	B:R258K	logit=-2.135

Top tied mutations (C + D view):
C:V218L	D:V491L	logit=-0.406
C:K191R	D:K464R	logit=-0.573
C:S180T	D:S453T	logit=-0.651
C:T42V	D:T315V	logit=-0.728
C:N51P	D:N324P	logit=-0.784

Top tied mutations (A + B view):
A:T18V	B:T215V	logit=-0.540
A:N55S	B:N252S	logit=-0.708
A:N54V	B:N251V	logit=-1.014
A:E100V	B:E297V	logit=-1.780
A:V102I	B:V299I	logit=-2.116

Top tied mutations (C + D view):
C:V218L	D:V491L	logit=-0.452
C:K191R	D:K464R	logit=-0.599
C:S180T	D:S453T	logit=-0.669
C:T42V	D:T315V	logit=-0.759
C:N51P	D:N324P	logit=-0.810

Top tied mutations (A + B view):
A:T18V	B:T215V	logit=-0.586
A:N55S	B:N252S	logit=-0.653
A:N54V	B:N251V	logit=-1.144
A:E100V	B:E297V	logit=-1.672
A:V102I	B:V299I	logit=-2.127

Top tied mutations (C + D view):
C:V218L	D:V491L	logit=-0.422
C:S180T	D:S453T	logit=-0.638
C:K191R	D:K464R	logit=-0.649
C:T42V	D:T315V	logit=-0.725
C:N51P	D:N324P	logit=-0.859

Top tied mutations (A + B view):
A:T18V	B:T215V	logit=-0.602
A:N55S	B:N252S	logit=-0.754
A:N54V	B:N251V	logit=-1.104
A:E100V	B:E297V	logit=-1.708
A:V102I	B:V299I	logit=-2.198

Top tied mutations (C + D view):
C:V218L	D:V491L	logit=-0.448
C:K191R	D:K464R	logit=-0.523
C:S180T	D:S453T	logit=-0.652
C:T42V	D:T315V	logit=-0.726
C:N51P	D:N324P	logit=-0.781

Top tied mutations (A + B view):
A:T18V	B:T215V	logit=-0.534
A:N55S	B:N252S	logit=-0.695
A:N54V	B:N251V	logit=-1.076
A:E100V	B:E297V	logit=-1.789
A:N57R	B:N254R	logit=-2.072

Top tied mutations (C + D view):
C:V218L	D:V491L	logit=-0.452
C:K191R	D:K464R	logit=-0.551
C:S180T	D:S453T	logit=-0.664
C:T42V	D:T315V	logit=-0.725
C:N51P	D:N324P	logit=-0.763

Top tied mutations (A + B view):
A:T18V	B:T215V	logit=-0.563
A:N55S	B:N252S	logit=-0.713
A:N54V	B:N251V	logit=-1.069
A:E100V	B:E297V	logit=-1.733
A:R61K	B:R258K	logit=-2.129

Top tied mutations (C + D view):
C:V218L	D:V491L	logit=-0.496
C:K191R	D:K464R	logit=-0.594
C:S180T	D:S453T	logit=-0.629
C:T42V	D:T315V	logit=-0.671
C:N51P	D:N324P	logit=-0.762

Top tied mutations (A + B view):
A:T18V	B:T215V	logit=-0.500
A:N55S	B:N252S	logit=-0.829
A:N54V	B:N251V	logit=-1.247
A:E100V	B:E297V	logit=-1.844
A:V102I	B:V299I	logit=-2.269

Top tied mutations (C + D view):
C:V218L	D:V491L	logit=-0.449
C:K191R	D:K464R	logit=-0.569
C:S180T	D:S453T	logit=-0.688
C:T42V	D:T315V	logit=-0.719
C:N51P	D:N324P	logit=-0.742

Top tied mutations (A + B view):
A:T18V	B:T215V	logit=-0.513
A:N55S	B:N252S	logit=-0.747
A:N54V	B:N251V	logit=-1.076
A:E100V	B:E297V	logit=-1.693
A:V102I	B:V299I	logit=-2.177

Top tied mutations (C + D view):
C:V218L	D:V491L	logit=-0.402
C:K191R	D:K464R	logit=-0.547
C:S180T	D:S453T	logit=-0.669
C:T42V	D:T315V	logit=-0.707
C:S89A	D:S362A	logit=-0.817

Top tied mutations (A + B view):
A:T18V	B:T215V	logit=-0.567
A:N55S	B:N252S	logit=-0.723
A:N54V	B:N251V	logit=-1.134
A:E100V	B:E297V	logit=-1.777
A:V102I	B:V299I	logit=-2.102

Top tied mutations (C + D view):
C:V218L	D:V491L	logit=-0.418
C:K191R	D:K464R	logit=-0.563
C:S180T	D:S453T	logit=-0.629
C:T42V	D:T315V	logit=-0.763
C:N51P	D:N324P	logit=-0.921

Top tied mutations (A + B view):
A:T18V	B:T215V	logit=-0.512
A:N55S	B:N252S	logit=-0.687
A:N54V	B:N251V	logit=-1.075
A:E100V	B:E297V	logit=-1.892
A:V102I	B:V299I	logit=-2.076

Top tied mutations (C + D view):
C:V218L	D:V491L	logit=-0.459
C:K191R	D:K464R	logit=-0.563
C:S180T	D:S453T	logit=-0.670
C:T42V	D:T315V	logit=-0.750
C:S89A	D:S362A	logit=-0.868

Top tied mutations (A + B view):
A:T18V	B:T215V	logit=-0.549
A:N55S	B:N252S	logit=-0.725
A:N54V	B:N251V	logit=-1.096
A:E100V	B:E297V	logit=-1.754
A:V102I	B:V299I	logit=-2.138

Top tied mutations (C + D view):
C:V218L	D:V491L	logit=-0.475
C:K191R	D:K464R	logit=-0.591
C:S180T	D:S453T	logit=-0.666
C:T42V	D:T315V	logit=-0.792
C:A168P	D:A441P	logit=-0.918

Top tied mutations (A + B view):
A:T18V	B:T215V	logit=-0.566
A:N55S	B:N252S	logit=-0.752
A:N54V	B:N251V	logit=-1.037
A:E100V	B:E297V	logit=-1.881
A:N54I	B:N251I	logit=-2.075

Top tied mutations (C + D view):
C:V218L	D:V491L	logit=-0.451
C:K191R	D:K464R	logit=-0.559
C:S180T	D:S453T	logit=-0.647
C:T42V	D:T315V	logit=-0.817
C:S89A	D:S362A	logit=-0.871

Top tied mutations (A + B view):
A:T18V	B:T215V	logit=-0.536
A:N55S	B:N252S	logit=-0.718
A:N54V	B:N251V	logit=-0.982
A:E100V	B:E297V	logit=-1.824
A:N57R	B:N254R	logit=-2.066

Top tied mutations (C + D view):
C:V218L	D:V491L	logit=-0.401
C:K191R	D:K464R	logit=-0.534
C:S180T	D:S453T	logit=-0.650
C:N51P	D:N324P	logit=-0.738
C:T42V	D:T315V	logit=-0.742

Top tied mutations (A + B view):
A:T18V	B:T215V	logit=-0.551
A:N55S	B:N252S	logit=-0.724
A:N54V	B:N251V	logit=-1.085
A:E100V	B:E297V	logit=-1.754
A:V102I	B:V299I	logit=-2.161

Top tied mutations (C + D view):
C:V218L	D:V491L	logit=-0.416
C:K191R	D:K464R	logit=-0.544
C:S180T	D:S453T	logit=-0.646
C:T42V	D:T315V	logit=-0.781
C:S89A	D:S362A	logit=-0.846

Top tied mutations (A + B view):
A:T18V	B:T215V	logit=-0.579
A:N55S	B:N252S	logit=-0.717
A:N54V	B:N251V	logit=-1.141
A:E100V	B:E297V	logit=-1.895
A:N57R	B:N254R	logit=-2.143

Top tied mutations (C + D view):
C:V218L	D:V491L	logit=-0.466
C:K191R	D:K464R	logit=-0.517
C:S180T	D:S453T	logit=-0.678
C:T42V	D:T315V	logit=-0.754
C:N51P	D:N324P	logit=-0.920

Top tied mutations (A + B view):
A:T18V	B:T215V	logit=-0.524
A:N55S	B:N252S	logit=-0.655
A:N54V	B:N251V	logit=-1.181
A:E100V	B:E297V	logit=-1.728
A:V102I	B:V299I	logit=-2.150

Top tied mutations (C + D view):
C:V218L	D:V491L	logit=-0.425
C:S180T	D:S453T	logit=-0.652
C:K191R	D:K464R	logit=-0.676
C:T42V	D:T315V	logit=-0.754
C:N51P	D:N324P	logit=-0.766

Top tied mutations (A + B view):
A:T18V	B:T215V	logit=-0.513
A:N55S	B:N252S	logit=-0.705
A:N54V	B:N251V	logit=-1.124
A:E100V	B:E297V	logit=-1.831
A:V102I	B:V299I	logit=-2.186

Top tied mutations (C + D view):
C:V218L	D:V491L	logit=-0.439
C:K191R	D:K464R	logit=-0.555
C:S180T	D:S453T	logit=-0.646
C:T42V	D:T315V	logit=-0.784
C:N51P	D:N324P	logit=-0.794

Top tied mutations (A + B view):
A:T18V	B:T215V	logit=-0.470
A:N55S	B:N252S	logit=-0.786
A:N54V	B:N251V	logit=-1.240
A:E100V	B:E297V	logit=-1.783
A:N57R	B:N254R	logit=-2.132

Top tied mutations (C + D view):
C:V218L	D:V491L	logit=-0.450
C:K191R	D:K464R	logit=-0.520
C:S180T	D:S453T	logit=-0.675
C:T42V	D:T315V	logit=-0.703
C:N51P	D:N324P	logit=-0.819

Top tied mutations (A + B view):
A:T18V	B:T215V	logit=-0.605
A:N55S	B:N252S	logit=-0.679
A:N54V	B:N251V	logit=-1.071
A:E100V	B:E297V	logit=-1.749
A:N54I	B:N251I	logit=-2.107

Top tied mutations (C + D view):
C:V218L	D:V491L	logit=-0.417
C:K191R	D:K464R	logit=-0.569
C:S180T	D:S453T	logit=-0.652
C:T42V	D:T315V	logit=-0.780
C:N51P	D:N324P	logit=-0.815

Top tied mutations (A + B view):
A:T18V	B:T215V	logit=-0.515
A:N55S	B:N252S	logit=-0.727
A:N54V	B:N251V	logit=-1.158
A:E100V	B:E297V	logit=-1.817
A:N54I	B:N251I	logit=-2.179

Top tied mutations (C + D view):
C:V218L	D:V491L	logit=-0.445
C:K191R	D:K464R	logit=-0.601
C:S180T	D:S453T	logit=-0.660
C:T42V	D:T315V	logit=-0.790
C:S89A	D:S362A	logit=-0.840

Top tied mutations (A + B view):
A:T18V	B:T215V	logit=-0.509
A:N55S	B:N252S	logit=-0.766
A:N54V	B:N251V	logit=-1.116
A:E100V	B:E297V	logit=-1.785
A:V58T	B:V255T	logit=-2.171

Top tied mutations (C + D view):
C:V218L	D:V491L	logit=-0.451
C:K191R	D:K464R	logit=-0.559
C:S180T	D:S453T	logit=-0.665
C:T42V	D:T315V	logit=-0.764
C:N51P	D:N324P	logit=-0.793

Top tied mutations (A + B view):
A:T18V	B:T215V	logit=-0.485
A:N55S	B:N252S	logit=-0.676
A:N54V	B:N251V	logit=-0.992
A:E100V	B:E297V	logit=-1.773
A:N54I	B:N251I	logit=-2.148

Top tied mutations (C + D view):
C:V218L	D:V491L	logit=-0.438
C:K191R	D:K464R	logit=-0.611
C:S180T	D:S453T	logit=-0.644
C:T42V	D:T315V	logit=-0.724
C:N51P	D:N324P	logit=-0.856

Top tied mutations (A + B view):
A:T18V	B:T215V	logit=-0.568
A:N55S	B:N252S	logit=-0.781
A:N54V	B:N251V	logit=-1.103
A:E100V	B:E297V	logit=-1.885
A:N57R	B:N254R	logit=-2.144

Top tied mutations (C + D view):
C:V218L	D:V491L	logit=-0.463
C:K191R	D:K464R	logit=-0.556
C:S180T	D:S453T	logit=-0.667
C:T42V	D:T315V	logit=-0.721
C:N51P	D:N324P	logit=-0.900

Top tied mutations (A + B view):
A:T18V	B:T215V	logit=-0.525
A:N55S	B:N252S	logit=-0.661
A:N54V	B:N251V	logit=-1.112
A:E100V	B:E297V	logit=-1.767
A:N57R	B:N254R	logit=-2.054

Top tied mutations (C + D view):
C:V218L	D:V491L	logit=-0.440
C:K191R	D:K464R	logit=-0.501
C:S180T	D:S453T	logit=-0.652
C:T42V	D:T315V	logit=-0.677
C:S89A	D:S362A	logit=-0.840

Top tied mutations (A + B view):
A:T18V	B:T215V	logit=-0.565
A:N55S	B:N252S	logit=-0.653
A:N54V	B:N251V	logit=-1.086
A:E100V	B:E297V	logit=-1.807
A:V102I	B:V299I	logit=-2.080

Top tied mutations (C + D view):
C:V218L	D:V491L	logit=-0.419
C:K191R	D:K464R	logit=-0.563
C:T42V	D:T315V	logit=-0.683
C:S180T	D:S453T	logit=-0.684
C:N51P	D:N324P	logit=-0.830

Top tied mutations (A + B view):
A:T18V	B:T215V	logit=-0.479
A:N55S	B:N252S	logit=-0.662
A:N54V	B:N251V	logit=-1.008
A:E100V	B:E297V	logit=-1.765
A:V102I	B:V299I	logit=-2.155

Top tied mutations (C + D view):
C:V218L	D:V491L	logit=-0.471
C:K191R	D:K464R	logit=-0.570
C:S180T	D:S453T	logit=-0.663
C:T42V	D:T315V	logit=-0.745
C:A168P	D:A441P	logit=-0.918

Top tied mutations (A + B view):
A:T18V	B:T215V	logit=-0.602
A:N55S	B:N252S	logit=-0.706
A:N54V	B:N251V	logit=-1.250
A:E100V	B:E297V	logit=-1.710
A:N54I	B:N251I	logit=-2.104

Top tied mutations (C + D view):
C:V218L	D:V491L	logit=-0.468
C:K191R	D:K464R	logit=-0.582
C:S180T	D:S453T	logit=-0.643
C:T42V	D:T315V	logit=-0.754
C:N51P	D:N324P	logit=-0.766

Top tied mutations (A + B view):
A:T18V	B:T215V	logit=-0.563
A:N55S	B:N252S	logit=-0.662
A:N54V	B:N251V	logit=-1.090
A:E100V	B:E297V	logit=-1.825
A:V102I	B:V299I	logit=-2.118

Top tied mutations (C + D view):
C:V218L	D:V491L	logit=-0.477
C:K191R	D:K464R	logit=-0.541
C:S180T	D:S453T	logit=-0.686
C:T42V	D:T315V	logit=-0.726
C:N51P	D:N324P	logit=-0.743

Top tied mutations (A + B view):
A:T18V	B:T215V	logit=-0.495
A:N55S	B:N252S	logit=-0.758
A:N54V	B:N251V	logit=-1.199
A:E100V	B:E297V	logit=-1.846
A:N57R	B:N254R	logit=-2.101

Top tied mutations (C + D view):
C:V218L	D:V491L	logit=-0.414
C:K191R	D:K464R	logit=-0.501
C:S180T	D:S453T	logit=-0.658
C:T42V	D:T315V	logit=-0.717
C:N51P	D:N324P	logit=-0.869

Top tied mutations (A + B view):
A:T18V	B:T215V	logit=-0.580
A:N55S	B:N252S	logit=-0.648
A:N54V	B:N251V	logit=-1.132
A:E100V	B:E297V	logit=-1.862
A:R61K	B:R258K	logit=-2.127

Top tied mutations (C + D view):
C:V218L	D:V491L	logit=-0.409
C:K191R	D:K464R	logit=-0.549
C:S180T	D:S453T	logit=-0.656
C:T42V	D:T315V	logit=-0.708
C:N51P	D:N324P	logit=-0.900

Top tied mutations (A + B view):
A:T18V	B:T215V	logit=-0.518
A:N55S	B:N252S	logit=-0.642
A:N54V	B:N251V	logit=-1.174
A:E100V	B:E297V	logit=-1.739
A:V102I	B:V299I	logit=-2.205

Top tied mutations (C + D view):
C:V218L	D:V491L	logit=-0.470
C:K191R	D:K464R	logit=-0.535
C:S180T	D:S453T	logit=-0.665
C:T42V	D:T315V	logit=-0.772
C:N51P	D:N324P	logit=-0.778

Top tied mutations (A + B view):
A:T18V	B:T215V	logit=-0.512
A:N55S	B:N252S	logit=-0.756
A:N54V	B:N251V	logit=-1.299
A:E100V	B:E297V	logit=-1.689
A:V102I	B:V299I	logit=-2.118

Top tied mutations (C + D view):
C:V218L	D:V491L	logit=-0.460
C:K191R	D:K464R	logit=-0.583
C:S180T	D:S453T	logit=-0.645
C:T42V	D:T315V	logit=-0.682
C:N51P	D:N324P	logit=-0.807

Top tied mutations (A + B view):
A:T18V	B:T215V	logit=-0.557
A:N55S	B:N252S	logit=-0.712
A:N54V	B:N251V	logit=-1.167
A:E100V	B:E297V	logit=-1.808
A:V102I	B:V299I	logit=-2.135

Top tied mutations (C + D view):
C:V218L	D:V491L	logit=-0.430
C:K191R	D:K464R	logit=-0.546
C:S180T	D:S453T	logit=-0.657
C:T42V	D:T315V	logit=-0.743
C:N51P	D:N324P	logit=-0.761

Top tied mutations (A + B view):
A:T18V	B:T215V	logit=-0.462
A:N55S	B:N252S	logit=-0.671
A:N54V	B:N251V	logit=-0.988
A:E100V	B:E297V	logit=-1.885
A:V102I	B:V299I	logit=-2.197

Top tied mutations (C + D view):
C:V218L	D:V491L	logit=-0.478
C:K191R	D:K464R	logit=-0.567
C:S180T	D:S453T	logit=-0.661
C:T42V	D:T315V	logit=-0.704
C:N51P	D:N324P	logit=-0.831

Top tied mutations (A + B view):
A:T18V	B:T215V	logit=-0.526
A:N55S	B:N252S	logit=-0.693
A:N54V	B:N251V	logit=-1.212
A:E100V	B:E297V	logit=-1.722
A:V102I	B:V299I	logit=-2.100

Top tied mutations (C + D view):
C:V218L	D:V491L	logit=-0.434
C:K191R	D:K464R	logit=-0.586
C:S180T	D:S453T	logit=-0.652
C:T42V	D:T315V	logit=-0.715
C:S89A	D:S362A	logit=-0.887

Top tied mutations (A + B view):
A:T18V	B:T215V	logit=-0.551
A:N55S	B:N252S	logit=-0.727
A:N54V	B:N251V	logit=-1.057
A:E100V	B:E297V	logit=-1.752
A:N54I	B:N251I	logit=-2.083

Top tied mutations (C + D view):
C:V218L	D:V491L	logit=-0.477
C:K191R	D:K464R	logit=-0.572
C:S180T	D:S453T	logit=-0.678
C:T42V	D:T315V	logit=-0.726
C:N51P	D:N324P	logit=-0.827

Top tied mutations (A + B view):
A:T18V	B:T215V	logit=-0.579
A:N55S	B:N252S	logit=-0.669
A:N54V	B:N251V	logit=-1.073
A:E100V	B:E297V	logit=-1.822
A:N57R	B:N254R	logit=-2.076

Top tied mutations (C + D view):
C:V218L	D:V491L	logit=-0.422
C:K191R	D:K464R	logit=-0.534
C:S180T	D:S453T	logit=-0.674
C:T42V	D:T315V	logit=-0.735
C:S89A	D:S362A	logit=-0.851

Top tied mutations (A + B view):
A:T18V	B:T215V	logit=-0.601
A:N55S	B:N252S	logit=-0.694
A:N54V	B:N251V	logit=-1.053
A:E100V	B:E297V	logit=-1.850
A:V102I	B:V299I	logit=-2.270

Top tied mutations (C + D view):
C:V218L	D:V491L	logit=-0.415
C:K191R	D:K464R	logit=-0.550
C:S180T	D:S453T	logit=-0.631
C:T42V	D:T315V	logit=-0.716
C:N51P	D:N324P	logit=-0.853

Top tied mutations (A + B view):
A:T18V	B:T215V	logit=-0.513
A:N55S	B:N252S	logit=-0.669
A:N54V	B:N251V	logit=-1.174
A:E100V	B:E297V	logit=-1.791
A:V102I	B:V299I	logit=-2.235

Top tied mutations (C + D view):
C:V218L	D:V491L	logit=-0.467
C:K191R	D:K464R	logit=-0.578
C:S180T	D:S453T	logit=-0.647
C:T42V	D:T315V	logit=-0.681
C:N51P	D:N324P	logit=-0.801

Top tied mutations (A + B view):
A:T18V	B:T215V	logit=-0.633
A:N55S	B:N252S	logit=-0.770
A:N54V	B:N251V	logit=-1.171
A:E100V	B:E297V	logit=-1.767
A:V102I	B:V299I	logit=-2.197

Top tied mutations (C + D view):
C:V218L	D:V491L	logit=-0.465
C:K191R	D:K464R	logit=-0.533
C:S180T	D:S453T	logit=-0.651
C:T42V	D:T315V	logit=-0.687
C:N51P	D:N324P	logit=-0.743

Top tied mutations (A + B view):
A:T18V	B:T215V	logit=-0.557
A:N55S	B:N252S	logit=-0.735
A:N54V	B:N251V	logit=-1.054
A:E100V	B:E297V	logit=-1.890
A:V102I	B:V299I	logit=-2.137

Top tied mutations (C + D view):
C:V218L	D:V491L	logit=-0.468
C:K191R	D:K464R	logit=-0.518
C:S180T	D:S453T	logit=-0.662
C:T42V	D:T315V	logit=-0.710
C:N51P	D:N324P	logit=-0.845

Top tied mutations (A + B view):
A:T18V	B:T215V	logit=-0.487
A:N55S	B:N252S	logit=-0.724
A:N54V	B:N251V	logit=-1.297
A:E100V	B:E297V	logit=-1.597
A:V102I	B:V299I	logit=-2.126

Top tied mutations (C + D view):
C:V218L	D:V491L	logit=-0.426
C:K191R	D:K464R	logit=-0.565
C:S180T	D:S453T	logit=-0.665
C:T42V	D:T315V	logit=-0.681
C:N51P	D:N324P	logit=-0.841

Top tied mutations (A + B view):
A:T18V	B:T215V	logit=-0.510
A:N55S	B:N252S	logit=-0.761
A:N54V	B:N251V	logit=-1.097
A:E100V	B:E297V	logit=-1.874
A:V102I	B:V299I	logit=-2.141

Top tied mutations (C + D view):
C:V218L	D:V491L	logit=-0.455
C:K191R	D:K464R	logit=-0.548
C:S180T	D:S453T	logit=-0.679
C:T42V	D:T315V	logit=-0.760
C:N51P	D:N324P	logit=-0.807

Top tied mutations (A + B view):
A:T18V	B:T215V	logit=-0.553
A:N55S	B:N252S	logit=-0.721
A:N54V	B:N251V	logit=-1.174
A:E100V	B:E297V	logit=-1.783
A:V102I	B:V299I	logit=-2.101

Top tied mutations (C + D view):
C:V218L	D:V491L	logit=-0.428
C:K191R	D:K464R	logit=-0.638
C:S180T	D:S453T	logit=-0.642
C:N51P	D:N324P	logit=-0.728
C:T42V	D:T315V	logit=-0.765

Top tied mutations (A + B view):
A:T18V	B:T215V	logit=-0.490
A:N55S	B:N252S	logit=-0.648
A:N54V	B:N251V	logit=-1.242
A:E100V	B:E297V	logit=-1.753
A:N57R	B:N254R	logit=-2.037

Top tied mutations (C + D view):
C:V218L	D:V491L	logit=-0.484
C:K191R	D:K464R	logit=-0.510
C:S180T	D:S453T	logit=-0.661
C:T42V	D:T315V	logit=-0.735
C:N51P	D:N324P	logit=-0.884

Top tied mutations (A + B view):
A:T18V	B:T215V	logit=-0.555
A:N55S	B:N252S	logit=-0.750
A:N54V	B:N251V	logit=-1.020
A:E100V	B:E297V	logit=-1.713
A:N54I	B:N251I	logit=-2.192

Top tied mutations (C + D view):
C:V218L	D:V491L	logit=-0.410
C:K191R	D:K464R	logit=-0.522
C:S180T	D:S453T	logit=-0.636
C:T42V	D:T315V	logit=-0.713
C:N51P	D:N324P	logit=-0.763

Top tied mutations (A + B view):
A:T18V	B:T215V	logit=-0.516
A:N55S	B:N252S	logit=-0.692
A:N54V	B:N251V	logit=-1.105
A:E100V	B:E297V	logit=-1.737
A:N54I	B:N251I	logit=-2.044

Top tied mutations (C + D view):
C:V218L	D:V491L	logit=-0.440
C:K191R	D:K464R	logit=-0.536
C:S180T	D:S453T	logit=-0.635
C:T42V	D:T315V	logit=-0.738
C:N51P	D:N324P	logit=-0.760

Top tied mutations (A + B view):
A:T18V	B:T215V	logit=-0.525
A:N55S	B:N252S	logit=-0.785
A:N54V	B:N251V	logit=-1.127
A:E100V	B:E297V	logit=-1.747
A:V102I	B:V299I	logit=-2.085

Top tied mutations (C + D view):
C:V218L	D:V491L	logit=-0.450
C:K191R	D:K464R	logit=-0.566
C:S180T	D:S453T	logit=-0.637
C:T42V	D:T315V	logit=-0.781
C:N51P	D:N324P	logit=-0.854

Top tied mutations (A + B view):
A:T18V	B:T215V	logit=-0.480
A:N55S	B:N252S	logit=-0.697
A:N54V	B:N251V	logit=-1.024
A:E100V	B:E297V	logit=-1.760
A:N54I	B:N251I	logit=-2.044

Top tied mutations (C + D view):
C:V218L	D:V491L	logit=-0.453
C:K191R	D:K464R	logit=-0.518
C:S180T	D:S453T	logit=-0.662
C:T42V	D:T315V	logit=-0.755
C:N51P	D:N324P	logit=-0.845

Top tied mutations (A + B view):
A:T18V	B:T215V	logit=-0.492
A:N55S	B:N252S	logit=-0.634
A:N54V	B:N251V	logit=-0.984
A:E100V	B:E297V	logit=-1.778
A:V102I	B:V299I	logit=-2.100

Top tied mutations (C + D view):
C:V218L	D:V491L	logit=-0.426
C:K191R	D:K464R	logit=-0.541
C:S180T	D:S453T	logit=-0.642
C:T42V	D:T315V	logit=-0.783
C:N51P	D:N324P	logit=-0.833

Top tied mutations (A + B view):
A:T18V	B:T215V	logit=-0.510
A:N55S	B:N252S	logit=-0.761
A:N54V	B:N251V	logit=-1.215
A:E100V	B:E297V	logit=-1.829
A:V102I	B:V299I	logit=-2.125

Top tied mutations (C + D view):
C:V218L	D:V491L	logit=-0.474
C:K191R	D:K464R	logit=-0.550
C:S180T	D:S453T	logit=-0.649
C:T42V	D:T315V	logit=-0.747
C:N51P	D:N324P	logit=-0.841

Top tied mutations (A + B view):
A:T18V	B:T215V	logit=-0.560
A:N55S	B:N252S	logit=-0.747
A:N54V	B:N251V	logit=-1.091
A:E100V	B:E297V	logit=-1.731
A:N54I	B:N251I	logit=-2.131

Top tied mutations (C + D view):
C:V218L	D:V491L	logit=-0.466
C:K191R	D:K464R	logit=-0.478
C:S180T	D:S453T	logit=-0.662
C:N51P	D:N324P	logit=-0.756
C:T42V	D:T315V	logit=-0.767

Top tied mutations (A + B view):
A:T18V	B:T215V	logit=-0.484
A:N55S	B:N252S	logit=-0.703
A:N54V	B:N251V	logit=-1.169
A:E100V	B:E297V	logit=-1.826
A:V58T	B:V255T	logit=-2.152

Top tied mutations (C + D view):
C:V218L	D:V491L	logit=-0.460
C:K191R	D:K464R	logit=-0.563
C:S180T	D:S453T	logit=-0.638
C:T42V	D:T315V	logit=-0.796
C:N51P	D:N324P	logit=-0.931

Top tied mutations (A + B view):
A:T18V	B:T215V	logit=-0.529
A:N55S	B:N252S	logit=-0.746
A:N54V	B:N251V	logit=-1.100
A:E100V	B:E297V	logit=-1.679
A:N54I	B:N251I	logit=-2.068

Top tied mutations (C + D view):
C:V218L	D:V491L	logit=-0.437
C:K191R	D:K464R	logit=-0.481
C:S180T	D:S453T	logit=-0.651
C:T42V	D:T315V	logit=-0.718
C:N51P	D:N324P	logit=-0.748

Top tied mutations (A + B view):
A:T18V	B:T215V	logit=-0.514
A:N55S	B:N252S	logit=-0.666
A:N54V	B:N251V	logit=-1.012
A:E100V	B:E297V	logit=-1.782
A:V102I	B:V299I	logit=-2.116

Top tied mutations (C + D view):
C:V218L	D:V491L	logit=-0.408
C:K191R	D:K464R	logit=-0.586
C:S180T	D:S453T	logit=-0.655
C:T42V	D:T315V	logit=-0.751
C:N51P	D:N324P	logit=-0.798

Top tied mutations (A + B view):
A:T18V	B:T215V	logit=-0.573
A:N55S	B:N252S	logit=-0.770
A:N54V	B:N251V	logit=-1.167
A:E100V	B:E297V	logit=-1.669
A:V102I	B:V299I	logit=-2.133

Top tied mutations (C + D view):
C:V218L	D:V491L	logit=-0.479
C:K191R	D:K464R	logit=-0.539
C:S180T	D:S453T	logit=-0.650
C:T42V	D:T315V	logit=-0.767
C:N51P	D:N324P	logit=-0.835

Top tied mutations (A + B view):
A:T18V	B:T215V	logit=-0.489
A:N55S	B:N252S	logit=-0.699
A:N54V	B:N251V	logit=-1.053
A:E100V	B:E297V	logit=-1.801
A:V58T	B:V255T	logit=-2.161

Top tied mutations (C + D view):
C:V218L	D:V491L	logit=-0.468
C:K191R	D:K464R	logit=-0.534
C:S180T	D:S453T	logit=-0.647
C:T42V	D:T315V	logit=-0.711
C:N51P	D:N324P	logit=-0.839

Top tied mutations (A + B view):
A:T18V	B:T215V	logit=-0.480
A:N55S	B:N252S	logit=-0.731
A:N54V	B:N251V	logit=-1.155
A:E100V	B:E297V	logit=-1.751
A:V58T	B:V255T	logit=-2.135

Top tied mutations (C + D view):
C:V218L	D:V491L	logit=-0.440
C:K191R	D:K464R	logit=-0.606
C:S180T	D:S453T	logit=-0.663
C:T42V	D:T315V	logit=-0.776
C:N51P	D:N324P	logit=-0.796

Top tied mutations (A + B view):
A:T18V	B:T215V	logit=-0.582
A:N55S	B:N252S	logit=-0.740
A:N54V	B:N251V	logit=-1.074
A:E100V	B:E297V	logit=-1.615
A:V102I	B:V299I	logit=-2.089

Top tied mutations (C + D view):
C:V218L	D:V491L	logit=-0.485
C:K191R	D:K464R	logit=-0.530
C:S180T	D:S453T	logit=-0.666
C:T42V	D:T315V	logit=-0.743
C:N51P	D:N324P	logit=-0.843

Top tied mutations (A + B view):
A:T18V	B:T215V	logit=-0.600
A:N55S	B:N252S	logit=-0.710
A:N54V	B:N251V	logit=-1.257
A:E100V	B:E297V	logit=-1.806
A:V102I	B:V299I	logit=-2.239

Top tied mutations (C + D view):
C:V218L	D:V491L	logit=-0.489
C:K191R	D:K464R	logit=-0.597
C:S180T	D:S453T	logit=-0.703
C:T42V	D:T315V	logit=-0.727
C:N51P	D:N324P	logit=-0.887

Top tied mutations (A + B view):
A:T18V	B:T215V	logit=-0.539
A:N55S	B:N252S	logit=-0.711
A:N54V	B:N251V	logit=-1.038
A:E100V	B:E297V	logit=-1.730
A:N57R	B:N254R	logit=-2.071

Top tied mutations (C + D view):
C:V218L	D:V491L	logit=-0.471
C:K191R	D:K464R	logit=-0.509
C:S180T	D:S453T	logit=-0.647
C:T42V	D:T315V	logit=-0.722
C:N51P	D:N324P	logit=-0.795

Top tied mutations (A + B view):
A:T18V	B:T215V	logit=-0.541
A:N55S	B:N252S	logit=-0.766
A:N54V	B:N251V	logit=-1.122
A:E100V	B:E297V	logit=-1.862
A:V102I	B:V299I	logit=-2.138

Top tied mutations (C + D view):
C:V218L	D:V491L	logit=-0.443
C:K191R	D:K464R	logit=-0.532
C:S180T	D:S453T	logit=-0.653
C:T42V	D:T315V	logit=-0.714
C:N51P	D:N324P	logit=-0.857

Top tied mutations (A + B view):
A:T18V	B:T215V	logit=-0.526
A:N55S	B:N252S	logit=-0.718
A:N54V	B:N251V	logit=-1.108
A:E100V	B:E297V	logit=-1.809
A:V102I	B:V299I	logit=-2.174

Top tied mutations (C + D view):
C:V218L	D:V491L	logit=-0.445
C:K191R	D:K464R	logit=-0.544
C:S180T	D:S453T	logit=-0.642
C:T42V	D:T315V	logit=-0.752
C:N51P	D:N324P	logit=-0.786

Top tied mutations (A + B view):
A:T18V	B:T215V	logit=-0.596
A:N55S	B:N252S	logit=-0.763
A:N54V	B:N251V	logit=-1.004
A:E100V	B:E297V	logit=-1.746
A:V102I	B:V299I	logit=-2.210

Top tied mutations (C + D view):
C:V218L	D:V491L	logit=-0.460
C:K191R	D:K464R	logit=-0.591
C:S180T	D:S453T	logit=-0.655
C:T42V	D:T315V	logit=-0.700
C:N51P	D:N324P	logit=-0.779

Top tied mutations (A + B view):
A:T18V	B:T215V	logit=-0.569
A:N55S	B:N252S	logit=-0.684
A:N54V	B:N251V	logit=-0.957
A:E100V	B:E297V	logit=-1.822
A:V102I	B:V299I	logit=-2.191

Top tied mutations (C + D view):
C:V218L	D:V491L	logit=-0.458
C:K191R	D:K464R	logit=-0.518
C:S180T	D:S453T	logit=-0.631
C:T42V	D:T315V	logit=-0.718
C:N51P	D:N324P	logit=-0.828

Top tied mutations (A + B view):
A:T18V	B:T215V	logit=-0.535
A:N55S	B:N252S	logit=-0.743
A:N54V	B:N251V	logit=-1.261
A:E100V	B:E297V	logit=-1.704
A:V102I	B:V299I	logit=-2.106

Top tied mutations (C + D view):
C:V218L	D:V491L	logit=-0.441
C:K191R	D:K464R	logit=-0.549
C:S180T	D:S453T	logit=-0.643
C:T42V	D:T315V	logit=-0.805
C:S89A	D:S362A	logit=-0.886

Top tied mutations (A + B view):
A:T18V	B:T215V	logit=-0.548
A:N55S	B:N252S	logit=-0.715
A:N54V	B:N251V	logit=-1.085
A:E100V	B:E297V	logit=-1.930
A:N57R	B:N254R	logit=-2.136

Top tied mutations (C + D view):
C:V218L	D:V491L	logit=-0.483
C:K191R	D:K464R	logit=-0.568
C:S180T	D:S453T	logit=-0.683
C:T42V	D:T315V	logit=-0.760
C:S89A	D:S362A	logit=-0.866

Top tied mutations (A + B view):
A:T18V	B:T215V	logit=-0.628
A:N55S	B:N252S	logit=-0.742
A:N54V	B:N251V	logit=-1.027
A:E100V	B:E297V	logit=-1.814
A:N57R	B:N254R	logit=-2.042

Top tied mutations (C + D view):
C:V218L	D:V491L	logit=-0.436
C:K191R	D:K464R	logit=-0.511
C:S180T	D:S453T	logit=-0.628
C:T42V	D:T315V	logit=-0.711
C:N51P	D:N324P	logit=-0.733

Top tied mutations (A + B view):
A:T18V	B:T215V	logit=-0.487
A:N55S	B:N252S	logit=-0.668
A:N54V	B:N251V	logit=-1.272
A:E100V	B:E297V	logit=-1.812
A:V102I	B:V299I	logit=-2.146

Top tied mutations (C + D view):
C:V218L	D:V491L	logit=-0.455
C:K191R	D:K464R	logit=-0.589
C:S180T	D:S453T	logit=-0.635
C:T42V	D:T315V	logit=-0.755
C:N219S	D:N492S	logit=-0.890

Top tied mutations (A + B view):
A:T18V	B:T215V	logit=-0.573
A:N55S	B:N252S	logit=-0.656
A:N54V	B:N251V	logit=-1.039
A:E100V	B:E297V	logit=-1.680
A:V102I	B:V299I	logit=-2.075

Top tied mutations (C + D view):
C:V218L	D:V491L	logit=-0.468
C:K191R	D:K464R	logit=-0.574
C:S180T	D:S453T	logit=-0.636
C:T42V	D:T315V	logit=-0.688
C:N51P	D:N324P	logit=-0.827

Top tied mutations (A + B view):
A:T18V	B:T215V	logit=-0.434
A:N55S	B:N252S	logit=-0.740
A:N54V	B:N251V	logit=-1.197
A:E100V	B:E297V	logit=-1.661
A:V102I	B:V299I	logit=-2.145

Top tied mutations (C + D view):
C:V218L	D:V491L	logit=-0.492
C:K191R	D:K464R	logit=-0.556
C:S180T	D:S453T	logit=-0.677
C:T42V	D:T315V	logit=-0.778
C:S89A	D:S362A	logit=-0.861

Top tied mutations (A + B view):
A:T18V	B:T215V	logit=-0.516
A:N55S	B:N252S	logit=-0.759
A:N54V	B:N251V	logit=-1.169
A:E100V	B:E297V	logit=-1.839
A:V102I	B:V299I	logit=-2.084

Top tied mutations (C + D view):
C:V218L	D:V491L	logit=-0.450
C:K191R	D:K464R	logit=-0.492
C:S180T	D:S453T	logit=-0.661
C:T42V	D:T315V	logit=-0.731
C:S89A	D:S362A	logit=-0.823

Top tied mutations (A + B view):
A:T18V	B:T215V	logit=-0.535
A:N55S	B:N252S	logit=-0.698
A:N54V	B:N251V	logit=-1.122
A:E100V	B:E297V	logit=-1.775
A:V102I	B:V299I	logit=-2.210

Top tied mutations (C + D view):
C:V218L	D:V491L	logit=-0.429
C:K191R	D:K464R	logit=-0.524
C:S180T	D:S453T	logit=-0.646
C:T42V	D:T315V	logit=-0.736
C:A168P	D:A441P	logit=-0.907

Top tied mutations (A + B view):
A:T18V	B:T215V	logit=-0.580
A:N55S	B:N252S	logit=-0.702
A:N54V	B:N251V	logit=-1.237
A:E100V	B:E297V	logit=-1.781
A:V102I	B:V299I	logit=-2.155

Top tied mutations (C + D view):
C:V218L	D:V491L	logit=-0.428
C:K191R	D:K464R	logit=-0.524
C:S180T	D:S453T	logit=-0.644
C:T42V	D:T315V	logit=-0.725
C:N51P	D:N324P	logit=-0.814

Top tied mutations (A + B view):
A:T18V	B:T215V	logit=-0.536
A:N55S	B:N252S	logit=-0.662
A:N54V	B:N251V	logit=-1.205
A:E100V	B:E297V	logit=-1.769
A:V102I	B:V299I	logit=-2.145

Top tied mutations (C + D view):
C:V218L	D:V491L	logit=-0.414
C:K191R	D:K464R	logit=-0.532
C:S180T	D:S453T	logit=-0.643
C:T42V	D:T315V	logit=-0.731
C:N51P	D:N324P	logit=-0.774

Top tied mutations (A + B view):
A:T18V	B:T215V	logit=-0.585
A:N55S	B:N252S	logit=-0.698
A:N54V	B:N251V	logit=-1.124
A:E100V	B:E297V	logit=-1.819
A:V102I	B:V299I	logit=-2.116

Top tied mutations (C + D view):
C:V218L	D:V491L	logit=-0.444
C:K191R	D:K464R	logit=-0.595
C:S180T	D:S453T	logit=-0.661
C:T42V	D:T315V	logit=-0.698
C:N51P	D:N324P	logit=-0.769

Top tied mutations (A + B view):
A:T18V	B:T215V	logit=-0.599
A:N55S	B:N252S	logit=-0.722
A:N54V	B:N251V	logit=-1.093
A:E100V	B:E297V	logit=-1.730
A:V102I	B:V299I	logit=-2.093

Top tied mutations (C + D view):
C:V218L	D:V491L	logit=-0.440
C:K191R	D:K464R	logit=-0.559
C:S180T	D:S453T	logit=-0.652
C:T42V	D:T315V	logit=-0.805
C:S89A	D:S362A	logit=-0.870

Top tied mutations (A + B view):
A:T18V	B:T215V	logit=-0.536
A:N55S	B:N252S	logit=-0.766
A:N54V	B:N251V	logit=-1.105
A:E100V	B:E297V	logit=-1.745
A:V102I	B:V299I	logit=-2.112

Top tied mutations (C + D view):
C:V218L	D:V491L	logit=-0.499
C:K191R	D:K464R	logit=-0.519
C:S180T	D:S453T	logit=-0.664
C:T42V	D:T315V	logit=-0.740
C:N51P	D:N324P	logit=-0.862

Top tied mutations (A + B view):
A:T18V	B:T215V	logit=-0.573
A:N55S	B:N252S	logit=-0.709
A:N54V	B:N251V	logit=-1.124
A:E100V	B:E297V	logit=-1.703
A:V102I	B:V299I	logit=-2.169

Top tied mutations (C + D view):
C:V218L	D:V491L	logit=-0.493
C:K191R	D:K464R	logit=-0.548
C:S180T	D:S453T	logit=-0.639
C:N51P	D:N324P	logit=-0.751
C:T42V	D:T315V	logit=-0.782

Top tied mutations (A + B view):
A:T18V	B:T215V	logit=-0.522
A:N55S	B:N252S	logit=-0.658
A:N54V	B:N251V	logit=-1.137
A:E100V	B:E297V	logit=-1.720
A:V102I	B:V299I	logit=-2.135

Top tied mutations (C + D view):
C:V218L	D:V491L	logit=-0.447
C:K191R	D:K464R	logit=-0.622
C:S180T	D:S453T	logit=-0.663
C:T42V	D:T315V	logit=-0.758
C:S89A	D:S362A	logit=-0.888

Top tied mutations (A + B view):
A:T18V	B:T215V	logit=-0.540
A:N55S	B:N252S	logit=-0.757
A:N54V	B:N251V	logit=-1.285
A:E100V	B:E297V	logit=-1.761
A:V102I	B:V299I	logit=-2.087

Top tied mutations (C + D view):
C:V218L	D:V491L	logit=-0.417
C:K191R	D:K464R	logit=-0.519
C:S180T	D:S453T	logit=-0.661
C:N51P	D:N324P	logit=-0.794
C:T42V	D:T315V	logit=-0.797

Top tied mutations (A + B view):
A:T18V	B:T215V	logit=-0.510
A:N55S	B:N252S	logit=-0.723
A:N54V	B:N251V	logit=-1.198
A:E100V	B:E297V	logit=-1.705
A:V102I	B:V299I	logit=-2.121

Top tied mutations (C + D view):
C:V218L	D:V491L	logit=-0.485
C:K191R	D:K464R	logit=-0.626
C:S180T	D:S453T	logit=-0.672
C:T42V	D:T315V	logit=-0.716
C:N51P	D:N324P	logit=-0.907

Top tied mutations (A + B view):
A:T18V	B:T215V	logit=-0.563
A:N55S	B:N252S	logit=-0.667
A:N54V	B:N251V	logit=-1.096
A:E100V	B:E297V	logit=-1.816
A:N54I	B:N251I	logit=-2.130

Top tied mutations (C + D view):
C:V218L	D:V491L	logit=-0.432
C:K191R	D:K464R	logit=-0.536
C:S180T	D:S453T	logit=-0.677
C:T42V	D:T315V	logit=-0.735
C:S89A	D:S362A	logit=-0.814

Top tied mutations (A + B view):
A:T18V	B:T215V	logit=-0.588
A:N55S	B:N252S	logit=-0.714
A:N54V	B:N251V	logit=-0.993
A:E100V	B:E297V	logit=-1.837
A:V102I	B:V299I	logit=-2.183

Top tied mutations (C + D view):
C:V218L	D:V491L	logit=-0.440
C:K191R	D:K464R	logit=-0.548
C:S180T	D:S453T	logit=-0.680
C:T42V	D:T315V	logit=-0.739
C:S89A	D:S362A	logit=-0.884

Top tied mutations (A + B view):
A:T18V	B:T215V	logit=-0.566
A:N55S	B:N252S	logit=-0.746
A:N54V	B:N251V	logit=-1.155
A:E100V	B:E297V	logit=-1.798
A:N54I	B:N251I	logit=-1.992

Top tied mutations (C + D view):
C:V218L	D:V491L	logit=-0.443
C:K191R	D:K464R	logit=-0.547
C:T42V	D:T315V	logit=-0.681
C:S180T	D:S453T	logit=-0.691
C:N51P	D:N324P	logit=-0.782

Top tied mutations (A + B view):
A:T18V	B:T215V	logit=-0.526
A:N55S	B:N252S	logit=-0.792
A:N54V	B:N251V	logit=-1.091
A:E100V	B:E297V	logit=-1.781
A:N54I	B:N251I	logit=-2.081

Top tied mutations (C + D view):
C:V218L	D:V491L	logit=-0.477
C:K191R	D:K464R	logit=-0.666
C:S180T	D:S453T	logit=-0.683
C:T42V	D:T315V	logit=-0.700
C:N51P	D:N324P	logit=-0.853

Top tied mutations (A + B view):
A:T18V	B:T215V	logit=-0.525
A:N55S	B:N252S	logit=-0.727
A:N54V	B:N251V	logit=-1.005
A:E100V	B:E297V	logit=-1.687
A:N54I	B:N251I	logit=-2.168

Top tied mutations (C + D view):
C:V218L	D:V491L	logit=-0.450
C:K191R	D:K464R	logit=-0.540
C:S180T	D:S453T	logit=-0.659
C:T42V	D:T315V	logit=-0.760
C:A168P	D:A441P	logit=-0.925

Top tied mutations (A + B view):
A:T18V	B:T215V	logit=-0.549
A:N55S	B:N252S	logit=-0.687
A:N54V	B:N251V	logit=-0.923
A:E100V	B:E297V	logit=-1.692
A:V102I	B:V299I	logit=-2.114

Top tied mutations (C + D view):
C:V218L	D:V491L	logit=-0.427
C:K191R	D:K464R	logit=-0.534
C:S180T	D:S453T	logit=-0.658
C:T42V	D:T315V	logit=-0.755
C:N51P	D:N324P	logit=-0.801

Top tied mutations (A + B view):
A:T18V	B:T215V	logit=-0.655
A:N55S	B:N252S	logit=-0.701
A:N54V	B:N251V	logit=-1.106
A:E100V	B:E297V	logit=-1.858
A:N54I	B:N251I	logit=-2.048

Top tied mutations (C + D view):
C:V218L	D:V491L	logit=-0.429
C:K191R	D:K464R	logit=-0.510
C:S180T	D:S453T	logit=-0.636
C:T42V	D:T315V	logit=-0.712
C:S89A	D:S362A	logit=-0.904

Top tied mutations (A + B view):
A:T18V	B:T215V	logit=-0.548
A:N55S	B:N252S	logit=-0.718
A:N54V	B:N251V	logit=-1.115
A:E100V	B:E297V	logit=-1.760
A:N57R	B:N254R	logit=-2.107

Top tied mutations (C + D view):
C:V218L	D:V491L	logit=-0.471
C:K191R	D:K464R	logit=-0.561
C:S180T	D:S453T	logit=-0.660
C:T42V	D:T315V	logit=-0.764
C:S89A	D:S362A	logit=-0.891

Top tied mutations (A + B view):
A:T18V	B:T215V	logit=-0.480
A:N55S	B:N252S	logit=-0.704
A:N54V	B:N251V	logit=-1.073
A:E100V	B:E297V	logit=-1.768
A:V102I	B:V299I	logit=-2.094

Top tied mutations (C + D view):
C:V218L	D:V491L	logit=-0.465
C:K191R	D:K464R	logit=-0.523
C:S180T	D:S453T	logit=-0.683
C:T42V	D:T315V	logit=-0.710
C:S89A	D:S362A	logit=-0.892

Top tied mutations (A + B view):
A:T18V	B:T215V	logit=-0.581
A:N55S	B:N252S	logit=-0.702
A:N54V	B:N251V	logit=-1.272
A:E100V	B:E297V	logit=-1.787
A:V102I	B:V299I	logit=-2.189

Top tied mutations (C + D view):
C:V218L	D:V491L	logit=-0.408
C:K191R	D:K464R	logit=-0.500
C:S180T	D:S453T	logit=-0.644
C:T42V	D:T315V	logit=-0.763
C:N51P	D:N324P	logit=-0.774

Top tied mutations (A + B view):
A:T18V	B:T215V	logit=-0.498
A:N55S	B:N252S	logit=-0.675
A:N54V	B:N251V	logit=-1.148
A:E100V	B:E297V	logit=-1.854
A:R61K	B:R258K	logit=-2.138

Top tied mutations (C + D view):
C:V218L	D:V491L	logit=-0.475
C:K191R	D:K464R	logit=-0.521
C:S180T	D:S453T	logit=-0.642
C:T42V	D:T315V	logit=-0.784
C:N51P	D:N324P	logit=-0.846

Top tied mutations (A + B view):
A:T18V	B:T215V	logit=-0.519
A:N55S	B:N252S	logit=-0.743
A:N54V	B:N251V	logit=-1.059
A:E100V	B:E297V	logit=-1.782
A:N54I	B:N251I	logit=-2.116

Top tied mutations (C + D view):
C:V218L	D:V491L	logit=-0.445
C:K191R	D:K464R	logit=-0.608
C:S180T	D:S453T	logit=-0.659
C:T42V	D:T315V	logit=-0.725
C:N51P	D:N324P	logit=-0.755

Top tied mutations (A + B view):
A:T18V	B:T215V	logit=-0.536
A:N55S	B:N252S	logit=-0.672
A:N54V	B:N251V	logit=-1.144
A:E100V	B:E297V	logit=-1.740
A:N57R	B:N254R	logit=-2.144

Top tied mutations (C + D view):
C:V218L	D:V491L	logit=-0.462
C:K191R	D:K464R	logit=-0.554
C:S180T	D:S453T	logit=-0.643
C:T42V	D:T315V	logit=-0.780
C:N51P	D:N324P	logit=-0.886

Top tied mutations (A + B view):
A:T18V	B:T215V	logit=-0.515
A:N55S	B:N252S	logit=-0.736
A:N54V	B:N251V	logit=-1.206
A:E100V	B:E297V	logit=-1.766
A:V102I	B:V299I	logit=-2.032

Top tied mutations (C + D view):
C:V218L	D:V491L	logit=-0.485
C:K191R	D:K464R	logit=-0.610
C:S180T	D:S453T	logit=-0.648
C:T42V	D:T315V	logit=-0.743
C:N51P	D:N324P	logit=-0.867

Top tied mutations (A + B view):
A:T18V	B:T215V	logit=-0.515
A:N55S	B:N252S	logit=-0.722
A:N54V	B:N251V	logit=-1.192
A:E100V	B:E297V	logit=-1.679
A:N54I	B:N251I	logit=-2.147

Top tied mutations (C + D view):
C:V218L	D:V491L	logit=-0.434
C:K191R	D:K464R	logit=-0.534
C:S180T	D:S453T	logit=-0.651
C:T42V	D:T315V	logit=-0.773
C:N51P	D:N324P	logit=-0.824

Top tied mutations (A + B view):
A:T18V	B:T215V	logit=-0.530
A:N55S	B:N252S	logit=-0.683
A:N54V	B:N251V	logit=-1.058
A:E100V	B:E297V	logit=-1.831
A:V102I	B:V299I	logit=-2.188

Top tied mutations (C + D view):
C:V218L	D:V491L	logit=-0.405
C:K191R	D:K464R	logit=-0.569
C:S180T	D:S453T	logit=-0.658
C:T42V	D:T315V	logit=-0.727
C:N51P	D:N324P	logit=-0.869

Top tied mutations (A + B view):
A:T18V	B:T215V	logit=-0.588
A:N55S	B:N252S	logit=-0.705
A:N54V	B:N251V	logit=-1.141
A:E100V	B:E297V	logit=-1.845
A:V102I	B:V299I	logit=-2.122

Top tied mutations (C + D view):
C:V218L	D:V491L	logit=-0.403
C:K191R	D:K464R	logit=-0.545
C:S180T	D:S453T	logit=-0.670
C:T42V	D:T315V	logit=-0.731
C:N51P	D:N324P	logit=-0.767

Top tied mutations (A + B view):
A:T18V	B:T215V	logit=-0.487
A:N55S	B:N252S	logit=-0.736
A:N54V	B:N251V	logit=-1.052
A:E100V	B:E297V	logit=-1.723
A:N54I	B:N251I	logit=-2.017

Top tied mutations (C + D view):
C:V218L	D:V491L	logit=-0.485
C:K191R	D:K464R	logit=-0.598
C:S180T	D:S453T	logit=-0.659
C:T42V	D:T315V	logit=-0.758
C:N51P	D:N324P	logit=-0.889

Top tied mutations (A + B view):
A:T18V	B:T215V	logit=-0.553
A:N55S	B:N252S	logit=-0.717
A:N54V	B:N251V	logit=-1.039
A:E100V	B:E297V	logit=-1.840
A:N54I	B:N251I	logit=-2.185

Top tied mutations (C + D view):
C:V218L	D:V491L	logit=-0.466
C:K191R	D:K464R	logit=-0.550
C:S180T	D:S453T	logit=-0.648
C:T42V	D:T315V	logit=-0.691
C:N51P	D:N324P	logit=-0.885

Top tied mutations (A + B view):
A:T18V	B:T215V	logit=-0.522
A:N55S	B:N252S	logit=-0.671
A:N54V	B:N251V	logit=-1.134
A:E100V	B:E297V	logit=-1.825
A:V102I	B:V299I	logit=-2.149

Top tied mutations (C + D view):
C:V218L	D:V491L	logit=-0.446
C:K191R	D:K464R	logit=-0.552
C:S180T	D:S453T	logit=-0.623
C:T42V	D:T315V	logit=-0.773
C:N51P	D:N324P	logit=-0.826

Top tied mutations (A + B view):
A:T18V	B:T215V	logit=-0.577
A:N55S	B:N252S	logit=-0.710
A:N54V	B:N251V	logit=-0.994
A:E100V	B:E297V	logit=-1.762
A:N54I	B:N251I	logit=-2.056

Top tied mutations (C + D view):
C:V218L	D:V491L	logit=-0.457
C:K191R	D:K464R	logit=-0.566
C:S180T	D:S453T	logit=-0.645
C:T42V	D:T315V	logit=-0.684
C:N51P	D:N324P	logit=-0.890

Top tied mutations (A + B view):
A:T18V	B:T215V	logit=-0.533
A:N55S	B:N252S	logit=-0.647
A:N54V	B:N251V	logit=-1.213
A:E100V	B:E297V	logit=-1.919
A:N57R	B:N254R	logit=-2.155

Top tied mutations (C + D view):
C:V218L	D:V491L	logit=-0.411
C:K191R	D:K464R	logit=-0.598
C:S180T	D:S453T	logit=-0.668
C:T42V	D:T315V	logit=-0.713
C:S89A	D:S362A	logit=-0.890

Top tied mutations (A + B view):
A:T18V	B:T215V	logit=-0.527
A:N55S	B:N252S	logit=-0.698
A:N54V	B:N251V	logit=-0.985
A:E100V	B:E297V	logit=-1.799
A:V102I	B:V299I	logit=-2.124

Top tied mutations (C + D view):
C:V218L	D:V491L	logit=-0.437
C:K191R	D:K464R	logit=-0.533
C:S180T	D:S453T	logit=-0.653
C:T42V	D:T315V	logit=-0.776
C:S89A	D:S362A	logit=-0.889

Top tied mutations (A + B view):
A:T18V	B:T215V	logit=-0.507
A:N55S	B:N252S	logit=-0.687
A:N54V	B:N251V	logit=-1.118
A:E100V	B:E297V	logit=-1.612
A:N54I	B:N251I	logit=-2.148

Top tied mutations (C + D view):
C:V218L	D:V491L	logit=-0.449
C:K191R	D:K464R	logit=-0.506
C:S180T	D:S453T	logit=-0.672
C:T42V	D:T315V	logit=-0.681
C:N51P	D:N324P	logit=-0.769

Top tied mutations (A + B view):
A:T18V	B:T215V	logit=-0.533
A:N55S	B:N252S	logit=-0.741
A:N54V	B:N251V	logit=-1.121
A:E100V	B:E297V	logit=-1.839
A:V102I	B:V299I	logit=-2.126

Top tied mutations (C + D view):
C:V218L	D:V491L	logit=-0.470
C:K191R	D:K464R	logit=-0.578
C:S180T	D:S453T	logit=-0.680
C:T42V	D:T315V	logit=-0.738
C:N51P	D:N324P	logit=-0.865

Top tied mutations (A + B view):
A:T18V	B:T215V	logit=-0.477
A:N55S	B:N252S	logit=-0.689
A:N54V	B:N251V	logit=-1.243
A:E100V	B:E297V	logit=-1.751
A:V102I	B:V299I	logit=-2.111

Top tied mutations (C + D view):
C:V218L	D:V491L	logit=-0.432
C:K191R	D:K464R	logit=-0.516
C:S180T	D:S453T	logit=-0.674
C:T42V	D:T315V	logit=-0.679
C:N51P	D:N324P	logit=-0.825

Top tied mutations (A + B view):
A:T18V	B:T215V	logit=-0.506
A:N55S	B:N252S	logit=-0.743
A:N54V	B:N251V	logit=-1.140
A:E100V	B:E297V	logit=-1.740
A:V102I	B:V299I	logit=-2.185

Top tied mutations (C + D view):
C:V218L	D:V491L	logit=-0.479
C:K191R	D:K464R	logit=-0.550
C:S180T	D:S453T	logit=-0.647
C:T42V	D:T315V	logit=-0.728
C:N51P	D:N324P	logit=-0.865

Top tied mutations (A + B view):
A:T18V	B:T215V	logit=-0.560
A:N55S	B:N252S	logit=-0.770
A:N54V	B:N251V	logit=-1.141
A:E100V	B:E297V	logit=-1.720
A:V102I	B:V299I	logit=-2.229

Top tied mutations (C + D view):
C:V218L	D:V491L	logit=-0.412
C:K191R	D:K464R	logit=-0.530
C:S180T	D:S453T	logit=-0.693
C:T42V	D:T315V	logit=-0.764
C:N51P	D:N324P	logit=-0.838

Top tied mutations (A + B view):
A:T18V	B:T215V	logit=-0.505
A:N55S	B:N252S	logit=-0.633
A:N54V	B:N251V	logit=-1.026
A:E100V	B:E297V	logit=-1.877
A:N57R	B:N254R	logit=-2.228

Top tied mutations (C + D view):
C:V218L	D:V491L	logit=-0.488
C:K191R	D:K464R	logit=-0.528
C:S180T	D:S453T	logit=-0.665
C:T42V	D:T315V	logit=-0.770
C:N51P	D:N324P	logit=-0.797

Top tied mutations (A + B view):
A:T18V	B:T215V	logit=-0.557
A:N55S	B:N252S	logit=-0.715
A:N54V	B:N251V	logit=-1.097
A:E100V	B:E297V	logit=-1.854
A:V102I	B:V299I	logit=-2.180

Top tied mutations (C + D view):
C:V218L	D:V491L	logit=-0.423
C:K191R	D:K464R	logit=-0.510
C:S180T	D:S453T	logit=-0.685
C:T42V	D:T315V	logit=-0.791
C:N51P	D:N324P	logit=-0.886

Top tied mutations (A + B view):
A:T18V	B:T215V	logit=-0.506
A:N55S	B:N252S	logit=-0.746
A:N54V	B:N251V	logit=-1.122
A:E100V	B:E297V	logit=-1.812
A:V102I	B:V299I	logit=-2.023

Top tied mutations (C + D view):
C:V218L	D:V491L	logit=-0.401
C:K191R	D:K464R	logit=-0.507
C:S180T	D:S453T	logit=-0.666
C:T42V	D:T315V	logit=-0.708
C:N51P	D:N324P	logit=-0.815

Top tied mutations (A + B view):
A:T18V	B:T215V	logit=-0.487
A:N55S	B:N252S	logit=-0.709
A:N54V	B:N251V	logit=-0.975
A:E100V	B:E297V	logit=-1.649
A:V102I	B:V299I	logit=-2.132

Top tied mutations (C + D view):
C:V218L	D:V491L	logit=-0.407
C:K191R	D:K464R	logit=-0.515
C:S180T	D:S453T	logit=-0.669
C:T42V	D:T315V	logit=-0.726
C:S89A	D:S362A	logit=-0.844

Top tied mutations (A + B view):
A:T18V	B:T215V	logit=-0.567
A:N55S	B:N252S	logit=-0.662
A:N54V	B:N251V	logit=-0.989
A:E100V	B:E297V	logit=-1.748
A:V102I	B:V299I	logit=-2.209

Top tied mutations (C + D view):
C:V218L	D:V491L	logit=-0.501
C:K191R	D:K464R	logit=-0.581
C:S180T	D:S453T	logit=-0.662
C:T42V	D:T315V	logit=-0.736
C:S89A	D:S362A	logit=-0.854

Top tied mutations (A + B view):
A:T18V	B:T215V	logit=-0.538
A:N55S	B:N252S	logit=-0.694
A:N54V	B:N251V	logit=-1.192
A:E100V	B:E297V	logit=-1.835
A:V102I	B:V299I	logit=-2.221

Top tied mutations (C + D view):
C:V218L	D:V491L	logit=-0.419
C:K191R	D:K464R	logit=-0.541
C:S180T	D:S453T	logit=-0.632
C:T42V	D:T315V	logit=-0.708
C:N51P	D:N324P	logit=-0.830

Top tied mutations (A + B view):
A:T18V	B:T215V	logit=-0.557
A:N55S	B:N252S	logit=-0.666
A:N54V	B:N251V	logit=-1.222
A:E100V	B:E297V	logit=-1.771
A:V102I	B:V299I	logit=-2.164

Top tied mutations (C + D view):
C:V218L	D:V491L	logit=-0.453
C:K191R	D:K464R	logit=-0.593
C:S180T	D:S453T	logit=-0.641
C:T42V	D:T315V	logit=-0.688
C:N51P	D:N324P	logit=-0.813

Top tied mutations (A + B view):
A:T18V	B:T215V	logit=-0.591
A:N55S	B:N252S	logit=-0.660
A:N54V	B:N251V	logit=-1.175
A:E100V	B:E297V	logit=-1.778
A:V102I	B:V299I	logit=-2.174

Top tied mutations (C + D view):
C:V218L	D:V491L	logit=-0.480
C:K191R	D:K464R	logit=-0.565
C:S180T	D:S453T	logit=-0.666
C:T42V	D:T315V	logit=-0.732
C:N51P	D:N324P	logit=-0.853

Top tied mutations (A + B view):
A:T18V	B:T215V	logit=-0.531
A:N55S	B:N252S	logit=-0.717
A:N54V	B:N251V	logit=-0.961
A:E100V	B:E297V	logit=-1.721
A:V102I	B:V299I	logit=-2.192

Top tied mutations (C + D view):
C:V218L	D:V491L	logit=-0.411
C:K191R	D:K464R	logit=-0.567
C:S180T	D:S453T	logit=-0.642
C:T42V	D:T315V	logit=-0.695
C:N51P	D:N324P	logit=-0.770

Top tied mutations (A + B view):
A:T18V	B:T215V	logit=-0.481
A:N55S	B:N252S	logit=-0.708
A:N54V	B:N251V	logit=-1.133
A:E100V	B:E297V	logit=-1.776
A:V102I	B:V299I	logit=-2.156

Top tied mutations (C + D view):
C:V218L	D:V491L	logit=-0.432
C:K191R	D:K464R	logit=-0.561
C:S180T	D:S453T	logit=-0.670
C:T42V	D:T315V	logit=-0.725
C:S89A	D:S362A	logit=-0.816

Top tied mutations (A + B view):
A:T18V	B:T215V	logit=-0.545
A:N55S	B:N252S	logit=-0.755
A:N54V	B:N251V	logit=-1.128
A:E100V	B:E297V	logit=-1.688
A:V102I	B:V299I	logit=-2.189

Top tied mutations (C + D view):
C:V218L	D:V491L	logit=-0.471
C:K191R	D:K464R	logit=-0.503
C:S180T	D:S453T	logit=-0.633
C:N51P	D:N324P	logit=-0.767
C:T42V	D:T315V	logit=-0.781

Top tied mutations (A + B view):
A:T18V	B:T215V	logit=-0.553
A:N55S	B:N252S	logit=-0.663
A:N54V	B:N251V	logit=-1.049
A:E100V	B:E297V	logit=-1.709
A:N57R	B:N254R	logit=-2.117

Top tied mutations (C + D view):
C:V218L	D:V491L	logit=-0.463
C:K191R	D:K464R	logit=-0.542
C:S180T	D:S453T	logit=-0.653
C:T42V	D:T315V	logit=-0.772
C:N51P	D:N324P	logit=-0.828

Top tied mutations (A + B view):
A:T18V	B:T215V	logit=-0.527
A:N55S	B:N252S	logit=-0.682
A:N54V	B:N251V	logit=-1.220
A:E100V	B:E297V	logit=-1.632
A:N54I	B:N251I	logit=-2.200

Top tied mutations (C + D view):
C:V218L	D:V491L	logit=-0.403
C:K191R	D:K464R	logit=-0.572
C:S180T	D:S453T	logit=-0.651
C:T42V	D:T315V	logit=-0.683
C:N51P	D:N324P	logit=-0.830

Top tied mutations (A + B view):
A:T18V	B:T215V	logit=-0.600
A:N55S	B:N252S	logit=-0.708
A:N54V	B:N251V	logit=-1.149
A:E100V	B:E297V	logit=-1.730
A:V102I	B:V299I	logit=-2.117

Top tied mutations (C + D view):
C:V218L	D:V491L	logit=-0.435
C:K191R	D:K464R	logit=-0.555
C:S180T	D:S453T	logit=-0.620
C:T42V	D:T315V	logit=-0.798
C:N51P	D:N324P	logit=-0.825

Top tied mutations (A + B view):
A:T18V	B:T215V	logit=-0.538
A:N55S	B:N252S	logit=-0.713
A:N54V	B:N251V	logit=-1.067
A:E100V	B:E297V	logit=-1.734
A:N54I	B:N251I	logit=-2.107

Top tied mutations (C + D view):
C:V218L	D:V491L	logit=-0.423
C:K191R	D:K464R	logit=-0.548
C:S180T	D:S453T	logit=-0.639
C:T42V	D:T315V	logit=-0.666
C:S89A	D:S362A	logit=-0.830

Top tied mutations (A + B view):
A:T18V	B:T215V	logit=-0.535
A:N55S	B:N252S	logit=-0.742
A:N54V	B:N251V	logit=-1.211
A:E100V	B:E297V	logit=-1.710
A:N54I	B:N251I	logit=-2.173

Top tied mutations (C + D view):
C:V218L	D:V491L	logit=-0.451
C:K191R	D:K464R	logit=-0.527
C:S180T	D:S453T	logit=-0.658
C:T42V	D:T315V	logit=-0.737
C:N51P	D:N324P	logit=-0.850

Top tied mutations (A + B view):
A:T18V	B:T215V	logit=-0.524
A:N55S	B:N252S	logit=-0.691
A:N54V	B:N251V	logit=-1.169
A:E100V	B:E297V	logit=-1.731
A:V102I	B:V299I	logit=-2.108

Top tied mutations (C + D view):
C:V218L	D:V491L	logit=-0.444
C:K191R	D:K464R	logit=-0.560
C:S180T	D:S453T	logit=-0.647
C:T42V	D:T315V	logit=-0.755
C:N219S	D:N492S	logit=-0.924

Top tied mutations (A + B view):
A:T18V	B:T215V	logit=-0.577
A:N55S	B:N252S	logit=-0.655
A:N54V	B:N251V	logit=-1.076
A:E100V	B:E297V	logit=-1.704
A:V102I	B:V299I	logit=-2.084

Top tied mutations (C + D view):
C:V218L	D:V491L	logit=-0.461
C:K191R	D:K464R	logit=-0.520
C:S180T	D:S453T	logit=-0.653
C:T42V	D:T315V	logit=-0.759
C:S72G	D:S345G	logit=-0.962

Top tied mutations (A + B view):
A:T18V	B:T215V	logit=-0.507
A:N55S	B:N252S	logit=-0.718
A:N54V	B:N251V	logit=-1.101
A:E100V	B:E297V	logit=-1.720
A:V102I	B:V299I	logit=-2.175

Top tied mutations (C + D view):
C:V218L	D:V491L	logit=-0.462
C:K191R	D:K464R	logit=-0.574
C:S180T	D:S453T	logit=-0.642
C:T42V	D:T315V	logit=-0.709
C:N51P	D:N324P	logit=-0.879

Top tied mutations (A + B view):
A:T18V	B:T215V	logit=-0.563
A:N55S	B:N252S	logit=-0.704
A:N54V	B:N251V	logit=-1.207
A:E100V	B:E297V	logit=-1.837
A:V102I	B:V299I	logit=-2.203

Top tied mutations (C + D view):
C:V218L	D:V491L	logit=-0.513
C:K191R	D:K464R	logit=-0.601
C:S180T	D:S453T	logit=-0.651
C:T42V	D:T315V	logit=-0.758
C:S89A	D:S362A	logit=-0.843

Top tied mutations (A + B view):
A:T18V	B:T215V	logit=-0.558
A:N55S	B:N252S	logit=-0.651
A:N54V	B:N251V	logit=-1.100
A:E100V	B:E297V	logit=-1.789
A:N57R	B:N254R	logit=-2.116

Top tied mutations (C + D view):
C:V218L	D:V491L	logit=-0.456
C:K191R	D:K464R	logit=-0.618
C:S180T	D:S453T	logit=-0.651
C:T42V	D:T315V	logit=-0.801
C:N51P	D:N324P	logit=-0.848

Top tied mutations (A + B view):
A:T18V	B:T215V	logit=-0.542
A:N55S	B:N252S	logit=-0.703
A:N54V	B:N251V	logit=-1.158
A:E100V	B:E297V	logit=-1.792
A:V102I	B:V299I	logit=-2.089

Top tied mutations (C + D view):
C:V218L	D:V491L	logit=-0.480
C:K191R	D:K464R	logit=-0.637
C:S180T	D:S453T	logit=-0.682
C:T42V	D:T315V	logit=-0.814
C:S89A	D:S362A	logit=-0.860

Top tied mutations (A + B view):
A:T18V	B:T215V	logit=-0.538
A:N55S	B:N252S	logit=-0.659
A:N54V	B:N251V	logit=-1.057
A:E100V	B:E297V	logit=-1.850
A:V102I	B:V299I	logit=-2.034

Top tied mutations (C + D view):
C:V218L	D:V491L	logit=-0.457
C:K191R	D:K464R	logit=-0.607
C:S180T	D:S453T	logit=-0.673
C:T42V	D:T315V	logit=-0.767
C:N51P	D:N324P	logit=-0.837

Top tied mutations (A + B view):
A:T18V	B:T215V	logit=-0.537
A:N55S	B:N252S	logit=-0.725
A:N54V	B:N251V	logit=-1.027
A:E100V	B:E297V	logit=-1.820
A:V102I	B:V299I	logit=-2.142

Top tied mutations (C + D view):
C:V218L	D:V491L	logit=-0.468
C:K191R	D:K464R	logit=-0.560
C:S180T	D:S453T	logit=-0.672
C:T42V	D:T315V	logit=-0.755
C:N51P	D:N324P	logit=-0.830

Top tied mutations (A + B view):
A:T18V	B:T215V	logit=-0.574
A:N55S	B:N252S	logit=-0.732
A:N54V	B:N251V	logit=-1.106
A:E100V	B:E297V	logit=-1.756
A:V102I	B:V299I	logit=-2.158

Top tied mutations (C + D view):
C:V218L	D:V491L	logit=-0.431
C:K191R	D:K464R	logit=-0.607
C:S180T	D:S453T	logit=-0.648
C:T42V	D:T315V	logit=-0.655
C:N219S	D:N492S	logit=-0.922

Top tied mutations (A + B view):
A:T18V	B:T215V	logit=-0.573
A:N55S	B:N252S	logit=-0.694
A:N54V	B:N251V	logit=-1.037
A:E100V	B:E297V	logit=-1.870
A:N57R	B:N254R	logit=-2.060

Top tied mutations (C + D view):
C:V218L	D:V491L	logit=-0.460
C:S180T	D:S453T	logit=-0.624
C:K191R	D:K464R	logit=-0.625
C:T42V	D:T315V	logit=-0.731
C:N51P	D:N324P	logit=-0.771

Top tied mutations (A + B view):
A:T18V	B:T215V	logit=-0.589
A:N55S	B:N252S	logit=-0.764
A:N54V	B:N251V	logit=-1.026
A:E100V	B:E297V	logit=-1.727
A:V102I	B:V299I	logit=-2.115

Top tied mutations (C + D view):
C:V218L	D:V491L	logit=-0.483
C:K191R	D:K464R	logit=-0.521
C:S180T	D:S453T	logit=-0.631
C:T42V	D:T315V	logit=-0.748
C:S89A	D:S362A	logit=-0.815

Top tied mutations (A + B view):
A:T18V	B:T215V	logit=-0.594
A:N55S	B:N252S	logit=-0.635
A:N54V	B:N251V	logit=-1.206
A:E100V	B:E297V	logit=-1.783
A:V102I	B:V299I	logit=-2.157

Top tied mutations (C + D view):
C:V218L	D:V491L	logit=-0.403
C:K191R	D:K464R	logit=-0.631
C:S180T	D:S453T	logit=-0.683
C:T42V	D:T315V	logit=-0.735
C:N51P	D:N324P	logit=-0.856

Top tied mutations (A + B view):
A:T18V	B:T215V	logit=-0.496
A:N55S	B:N252S	logit=-0.742
A:N54V	B:N251V	logit=-1.164
A:E100V	B:E297V	logit=-1.762
A:N57R	B:N254R	logit=-1.966

Top tied mutations (C + D view):
C:V218L	D:V491L	logit=-0.463
C:K191R	D:K464R	logit=-0.571
C:S180T	D:S453T	logit=-0.685
C:T42V	D:T315V	logit=-0.748
C:N51P	D:N324P	logit=-0.751

Top tied mutations (A + B view):
A:T18V	B:T215V	logit=-0.518
A:N55S	B:N252S	logit=-0.767
A:N54V	B:N251V	logit=-1.128
A:E100V	B:E297V	logit=-1.760
A:R61K	B:R258K	logit=-2.172

Top tied mutations (C + D view):
C:V218L	D:V491L	logit=-0.450
C:K191R	D:K464R	logit=-0.526
C:S180T	D:S453T	logit=-0.669
C:T42V	D:T315V	logit=-0.772
C:N51P	D:N324P	logit=-0.814

Top tied mutations (A + B view):
A:T18V	B:T215V	logit=-0.503
A:N55S	B:N252S	logit=-0.730
A:N54V	B:N251V	logit=-1.077
A:E100V	B:E297V	logit=-1.774
A:V102I	B:V299I	logit=-2.084

Top tied mutations (C + D view):
C:V218L	D:V491L	logit=-0.490
C:K191R	D:K464R	logit=-0.541
C:S180T	D:S453T	logit=-0.613
C:T42V	D:T315V	logit=-0.780
C:N51P	D:N324P	logit=-0.786

Top tied mutations (A + B view):
A:T18V	B:T215V	logit=-0.499
A:N55S	B:N252S	logit=-0.708
A:N54V	B:N251V	logit=-1.245
A:E100V	B:E297V	logit=-1.932
A:V102I	B:V299I	logit=-2.137

Top tied mutations (C + D view):
C:V218L	D:V491L	logit=-0.502
C:K191R	D:K464R	logit=-0.515
C:S180T	D:S453T	logit=-0.661
C:T42V	D:T315V	logit=-0.713
C:N51P	D:N324P	logit=-0.811

Top tied mutations (A + B view):
A:T18V	B:T215V	logit=-0.550
A:N55S	B:N252S	logit=-0.692
A:N54V	B:N251V	logit=-1.152
A:E100V	B:E297V	logit=-1.656
A:V102I	B:V299I	logit=-2.167

Top tied mutations (C + D view):
C:V218L	D:V491L	logit=-0.414
C:K191R	D:K464R	logit=-0.523
C:S180T	D:S453T	logit=-0.681
C:T42V	D:T315V	logit=-0.707
C:N51P	D:N324P	logit=-0.836

Top tied mutations (A + B view):
A:T18V	B:T215V	logit=-0.550
A:N55S	B:N252S	logit=-0.640
A:N54V	B:N251V	logit=-1.101
A:E100V	B:E297V	logit=-1.834
A:V102I	B:V299I	logit=-2.064

Top tied mutations (C + D view):
C:V218L	D:V491L	logit=-0.450
C:K191R	D:K464R	logit=-0.543
C:S180T	D:S453T	logit=-0.656
C:T42V	D:T315V	logit=-0.747
C:N51P	D:N324P	logit=-0.809

Top tied mutations (A + B view):
A:T18V	B:T215V	logit=-0.527
A:N55S	B:N252S	logit=-0.666
A:N54V	B:N251V	logit=-1.189
A:E100V	B:E297V	logit=-1.755
A:V102I	B:V299I	logit=-2.135

Top tied mutations (C + D view):
C:V218L	D:V491L	logit=-0.463
C:K191R	D:K464R	logit=-0.472
C:S180T	D:S453T	logit=-0.647
C:T42V	D:T315V	logit=-0.740
C:N51P	D:N324P	logit=-0.810

Top tied mutations (A + B view):
A:T18V	B:T215V	logit=-0.511
A:N55S	B:N252S	logit=-0.740
A:N54V	B:N251V	logit=-1.185
A:E100V	B:E297V	logit=-1.862
A:V102I	B:V299I	logit=-2.083

Top tied mutations (C + D view):
C:V218L	D:V491L	logit=-0.421
C:K191R	D:K464R	logit=-0.622
C:S180T	D:S453T	logit=-0.658
C:T42V	D:T315V	logit=-0.727
C:S89A	D:S362A	logit=-0.911

Top tied mutations (A + B view):
A:T18V	B:T215V	logit=-0.538
A:N55S	B:N252S	logit=-0.654
A:N54V	B:N251V	logit=-1.097
A:E100V	B:E297V	logit=-1.791
A:V102I	B:V299I	logit=-2.128

Top tied mutations (C + D view):
C:V218L	D:V491L	logit=-0.417
C:K191R	D:K464R	logit=-0.554
C:S180T	D:S453T	logit=-0.633
C:T42V	D:T315V	logit=-0.701
C:N51P	D:N324P	logit=-0.774

Top tied mutations (A + B view):
A:T18V	B:T215V	logit=-0.505
A:N55S	B:N252S	logit=-0.703
A:N54V	B:N251V	logit=-1.019
A:E100V	B:E297V	logit=-1.838
A:V102I	B:V299I	logit=-2.155

Top tied mutations (C + D view):
C:V218L	D:V491L	logit=-0.465
C:K191R	D:K464R	logit=-0.542
C:S180T	D:S453T	logit=-0.625
C:T42V	D:T315V	logit=-0.756
C:N51P	D:N324P	logit=-0.886

Top tied mutations (A + B view):
A:T18V	B:T215V	logit=-0.571
A:N55S	B:N252S	logit=-0.708
A:N54V	B:N251V	logit=-1.122
A:E100V	B:E297V	logit=-1.883
A:V102I	B:V299I	logit=-2.093

Top tied mutations (C + D view):
C:V218L	D:V491L	logit=-0.475
C:K191R	D:K464R	logit=-0.598
C:S180T	D:S453T	logit=-0.673
C:T42V	D:T315V	logit=-0.701
C:N51P	D:N324P	logit=-0.882

Top tied mutations (A + B view):
A:T18V	B:T215V	logit=-0.543
A:N55S	B:N252S	logit=-0.649
A:N54V	B:N251V	logit=-1.202
A:E100V	B:E297V	logit=-1.702
A:V102I	B:V299I	logit=-2.111

Top tied mutations (C + D view):
C:V218L	D:V491L	logit=-0.464
C:K191R	D:K464R	logit=-0.495
C:S180T	D:S453T	logit=-0.664
C:T42V	D:T315V	logit=-0.727
C:N51P	D:N324P	logit=-0.767

Top tied mutations (A + B view):
A:T18V	B:T215V	logit=-0.572
A:N55S	B:N252S	logit=-0.679
A:N54V	B:N251V	logit=-0.989
A:E100V	B:E297V	logit=-1.751
A:V102I	B:V299I	logit=-2.169

Top tied mutations (C + D view):
C:V218L	D:V491L	logit=-0.461
C:K191R	D:K464R	logit=-0.583
C:S180T	D:S453T	logit=-0.670
C:T42V	D:T315V	logit=-0.735
C:N51P	D:N324P	logit=-0.838

Top tied mutations (A + B view):
A:T18V	B:T215V	logit=-0.535
A:N55S	B:N252S	logit=-0.661
A:N54V	B:N251V	logit=-1.117
A:E100V	B:E297V	logit=-1.826
A:R61K	B:R258K	logit=-2.084

Top tied mutations (C + D view):
C:V218L	D:V491L	logit=-0.482
C:K191R	D:K464R	logit=-0.506
C:S180T	D:S453T	logit=-0.620
C:T42V	D:T315V	logit=-0.710
C:N51P	D:N324P	logit=-0.826

Top tied mutations (A + B view):
A:T18V	B:T215V	logit=-0.549
A:N55S	B:N252S	logit=-0.712
A:N54V	B:N251V	logit=-1.040
A:E100V	B:E297V	logit=-1.749
A:R61K	B:R258K	logit=-2.084

Top tied mutations (C + D view):
C:V218L	D:V491L	logit=-0.453
C:K191R	D:K464R	logit=-0.554
C:S180T	D:S453T	logit=-0.660
C:T42V	D:T315V	logit=-0.722
C:N51P	D:N324P	logit=-0.726

Top tied mutations (A + B view):
A:T18V	B:T215V	logit=-0.539
A:N55S	B:N252S	logit=-0.729
A:N54V	B:N251V	logit=-1.094
A:E100V	B:E297V	logit=-1.745
A:V102I	B:V299I	logit=-2.131

Top tied mutations (C + D view):
C:V218L	D:V491L	logit=-0.491
C:K191R	D:K464R	logit=-0.555
C:S180T	D:S453T	logit=-0.662
C:T42V	D:T315V	logit=-0.738
C:N51P	D:N324P	logit=-0.917

Top tied mutations (A + B view):
A:T18V	B:T215V	logit=-0.595
A:N55S	B:N252S	logit=-0.835
A:N54V	B:N251V	logit=-1.217
A:E100V	B:E297V	logit=-1.842
A:N54I	B:N251I	logit=-2.199

Top tied mutations (C + D view):
C:V218L	D:V491L	logit=-0.444
C:K191R	D:K464R	logit=-0.579
C:S180T	D:S453T	logit=-0.646
C:T42V	D:T315V	logit=-0.720
C:S89A	D:S362A	logit=-0.892

Top tied mutations (A + B view):
A:T18V	B:T215V	logit=-0.526
A:N55S	B:N252S	logit=-0.720
A:N54V	B:N251V	logit=-1.002
A:E100V	B:E297V	logit=-1.814
A:V102I	B:V299I	logit=-2.118

Top tied mutations (C + D view):
C:V218L	D:V491L	logit=-0.475
C:K191R	D:K464R	logit=-0.560
C:S180T	D:S453T	logit=-0.647
C:T42V	D:T315V	logit=-0.707
C:N51P	D:N324P	logit=-0.811

Top tied mutations (A + B view):
A:T18V	B:T215V	logit=-0.603
A:N55S	B:N252S	logit=-0.735
A:N54V	B:N251V	logit=-1.179
A:E100V	B:E297V	logit=-1.817
A:V102I	B:V299I	logit=-2.152

Top tied mutations (C + D view):
C:V218L	D:V491L	logit=-0.475
C:K191R	D:K464R	logit=-0.555
C:S180T	D:S453T	logit=-0.637
C:T42V	D:T315V	logit=-0.790
C:N51P	D:N324P	logit=-0.856

Top tied mutations (A + B view):
A:T18V	B:T215V	logit=-0.533
A:N55S	B:N252S	logit=-0.661
A:N54V	B:N251V	logit=-1.077
A:E100V	B:E297V	logit=-1.724
A:N54I	B:N251I	logit=-2.196

Top tied mutations (C + D view):
C:V218L	D:V491L	logit=-0.404
C:K191R	D:K464R	logit=-0.512
C:S180T	D:S453T	logit=-0.629
C:T42V	D:T315V	logit=-0.727
C:N51P	D:N324P	logit=-0.843

Top tied mutations (A + B view):
A:T18V	B:T215V	logit=-0.536
A:N55S	B:N252S	logit=-0.707
A:N54V	B:N251V	logit=-1.270
A:E100V	B:E297V	logit=-1.751
A:V102I	B:V299I	logit=-2.192

Top tied mutations (C + D view):
C:V218L	D:V491L	logit=-0.465
C:K191R	D:K464R	logit=-0.614
C:S180T	D:S453T	logit=-0.644
C:T42V	D:T315V	logit=-0.700
C:N51P	D:N324P	logit=-0.786

Top tied mutations (A + B view):
A:T18V	B:T215V	logit=-0.507
A:N55S	B:N252S	logit=-0.722
A:N54V	B:N251V	logit=-1.123
A:E100V	B:E297V	logit=-1.666
A:V102I	B:V299I	logit=-2.050

Top tied mutations (C + D view):
C:V218L	D:V491L	logit=-0.425
C:K191R	D:K464R	logit=-0.631
C:S180T	D:S453T	logit=-0.649
C:T42V	D:T315V	logit=-0.802
C:S89A	D:S362A	logit=-0.812

Top tied mutations (A + B view):
A:T18V	B:T215V	logit=-0.540
A:N55S	B:N252S	logit=-0.722
A:N54V	B:N251V	logit=-1.048
A:E100V	B:E297V	logit=-1.807
A:N54I	B:N251I	logit=-2.057

Top tied mutations (C + D view):
C:V218L	D:V491L	logit=-0.457
C:K191R	D:K464R	logit=-0.599
C:S180T	D:S453T	logit=-0.649
C:T42V	D:T315V	logit=-0.772
C:N51P	D:N324P	logit=-0.914

Top tied mutations (A + B view):
A:T18V	B:T215V	logit=-0.525
A:N55S	B:N252S	logit=-0.687
A:N54V	B:N251V	logit=-1.115
A:E100V	B:E297V	logit=-1.866
A:V102I	B:V299I	logit=-2.118

Top tied mutations (C + D view):
C:V218L	D:V491L	logit=-0.471
C:K191R	D:K464R	logit=-0.580
C:S180T	D:S453T	logit=-0.645
C:T42V	D:T315V	logit=-0.749
C:S89A	D:S362A	logit=-0.867

Top tied mutations (A + B view):
A:T18V	B:T215V	logit=-0.489
A:N55S	B:N252S	logit=-0.700
A:N54V	B:N251V	logit=-1.213
A:E100V	B:E297V	logit=-1.751
A:N54I	B:N251I	logit=-2.058

Top tied mutations (C + D view):
C:V218L	D:V491L	logit=-0.418
C:K191R	D:K464R	logit=-0.523
C:S180T	D:S453T	logit=-0.638
C:T42V	D:T315V	logit=-0.770
C:N51P	D:N324P	logit=-0.852

Top tied mutations (A + B view):
A:T18V	B:T215V	logit=-0.570
A:N55S	B:N252S	logit=-0.659
A:N54V	B:N251V	logit=-1.221
A:E100V	B:E297V	logit=-1.679
A:V102I	B:V299I	logit=-2.176

Top tied mutations (C + D view):
C:V218L	D:V491L	logit=-0.464
C:K191R	D:K464R	logit=-0.577
C:S180T	D:S453T	logit=-0.661
C:T42V	D:T315V	logit=-0.756
C:N51P	D:N324P	logit=-0.876

Top tied mutations (A + B view):
A:T18V	B:T215V	logit=-0.629
A:N55S	B:N252S	logit=-0.688
A:N54V	B:N251V	logit=-1.102
A:E100V	B:E297V	logit=-1.828
A:R61K	B:R258K	logit=-2.155

Top tied mutations (C + D view):
C:V218L	D:V491L	logit=-0.480
C:K191R	D:K464R	logit=-0.580
C:S180T	D:S453T	logit=-0.688
C:T42V	D:T315V	logit=-0.731
C:N51P	D:N324P	logit=-0.788

Top tied mutations (A + B view):
A:T18V	B:T215V	logit=-0.569
A:N55S	B:N252S	logit=-0.690
A:N54V	B:N251V	logit=-1.176
A:E100V	B:E297V	logit=-1.890
A:V102I	B:V299I	logit=-2.224

Top tied mutations (C + D view):
C:V218L	D:V491L	logit=-0.432
C:K191R	D:K464R	logit=-0.578
C:S180T	D:S453T	logit=-0.675
C:T42V	D:T315V	logit=-0.775
C:N51P	D:N324P	logit=-0.887

Top tied mutations (A + B view):
A:T18V	B:T215V	logit=-0.564
A:N55S	B:N252S	logit=-0.643
A:N54V	B:N251V	logit=-0.984
A:E100V	B:E297V	logit=-1.781
A:N57R	B:N254R	logit=-2.164

Top tied mutations (C + D view):
C:V218L	D:V491L	logit=-0.429
C:K191R	D:K464R	logit=-0.562
C:S180T	D:S453T	logit=-0.650
C:T42V	D:T315V	logit=-0.734
C:N51P	D:N324P	logit=-0.818

Top tied mutations (A + B view):
A:T18V	B:T215V	logit=-0.567
A:N55S	B:N252S	logit=-0.744
A:N54V	B:N251V	logit=-1.137
A:E100V	B:E297V	logit=-1.687
A:V102I	B:V299I	logit=-2.183

Top tied mutations (C + D view):
C:V218L	D:V491L	logit=-0.475
C:K191R	D:K464R	logit=-0.588
C:S180T	D:S453T	logit=-0.684
C:T42V	D:T315V	logit=-0.746
C:S89A	D:S362A	logit=-0.817

Top tied mutations (A + B view):
A:T18V	B:T215V	logit=-0.574
A:N55S	B:N252S	logit=-0.748
A:N54V	B:N251V	logit=-1.189
A:E100V	B:E297V	logit=-1.682
A:V102I	B:V299I	logit=-2.127

Top tied mutations (C + D view):
C:V218L	D:V491L	logit=-0.438
C:K191R	D:K464R	logit=-0.577
C:S180T	D:S453T	logit=-0.649
C:T42V	D:T315V	logit=-0.757
C:S89A	D:S362A	logit=-0.866

Top tied mutations (A + B view):
A:T18V	B:T215V	logit=-0.555
A:N55S	B:N252S	logit=-0.753
A:N54V	B:N251V	logit=-1.196
A:E100V	B:E297V	logit=-1.902
A:V102I	B:V299I	logit=-2.097

Top tied mutations (C + D view):
C:V218L	D:V491L	logit=-0.418
C:K191R	D:K464R	logit=-0.600
C:S180T	D:S453T	logit=-0.659
C:T42V	D:T315V	logit=-0.714
C:N51P	D:N324P	logit=-0.872

Top tied mutations (A + B view):
A:T18V	B:T215V	logit=-0.486
A:N55S	B:N252S	logit=-0.740
A:N54V	B:N251V	logit=-1.156
A:E100V	B:E297V	logit=-1.813
A:N54I	B:N251I	logit=-2.091

Top tied mutations (C + D view):
C:V218L	D:V491L	logit=-0.438
C:K191R	D:K464R	logit=-0.608
C:S180T	D:S453T	logit=-0.634
C:T42V	D:T315V	logit=-0.688
C:N51P	D:N324P	logit=-0.784

Top tied mutations (A + B view):
A:T18V	B:T215V	logit=-0.487
A:N55S	B:N252S	logit=-0.744
A:N54V	B:N251V	logit=-0.955
A:E100V	B:E297V	logit=-1.915
A:V58T	B:V255T	logit=-2.205

Top tied mutations (C + D view):
C:V218L	D:V491L	logit=-0.432
C:S180T	D:S453T	logit=-0.638
C:K191R	D:K464R	logit=-0.646
C:N51P	D:N324P	logit=-0.708
C:T42V	D:T315V	logit=-0.725

Top tied mutations (A + B view):
A:T18V	B:T215V	logit=-0.591
A:N55S	B:N252S	logit=-0.635
A:N54V	B:N251V	logit=-1.141
A:E100V	B:E297V	logit=-1.849
A:V102I	B:V299I	logit=-2.114

Top tied mutations (C + D view):
C:V218L	D:V491L	logit=-0.427
C:K191R	D:K464R	logit=-0.587
C:S180T	D:S453T	logit=-0.676
C:T42V	D:T315V	logit=-0.762
C:S89A	D:S362A	logit=-0.892

Top tied mutations (A + B view):
A:T18V	B:T215V	logit=-0.561
A:N55S	B:N252S	logit=-0.653
A:N54V	B:N251V	logit=-1.062
A:E100V	B:E297V	logit=-1.729
A:R61K	B:R258K	logit=-2.170

Top tied mutations (C + D view):
C:V218L	D:V491L	logit=-0.456
C:K191R	D:K464R	logit=-0.607
C:S180T	D:S453T	logit=-0.646
C:T42V	D:T315V	logit=-0.681
C:N51P	D:N324P	logit=-0.889

Top tied mutations (A + B view):
A:T18V	B:T215V	logit=-0.556
A:N55S	B:N252S	logit=-0.754
A:N54V	B:N251V	logit=-1.253
A:E100V	B:E297V	logit=-1.844
A:N57R	B:N254R	logit=-2.050

Top tied mutations (C + D view):
C:V218L	D:V491L	logit=-0.423
C:K191R	D:K464R	logit=-0.506
C:S180T	D:S453T	logit=-0.656
C:T42V	D:T315V	logit=-0.755
C:S89A	D:S362A	logit=-0.827

Top tied mutations (A + B view):
A:T18V	B:T215V	logit=-0.544
A:N55S	B:N252S	logit=-0.685
A:N54V	B:N251V	logit=-1.271
A:E100V	B:E297V	logit=-1.657
A:N57R	B:N254R	logit=-2.176

Top tied mutations (C + D view):
C:V218L	D:V491L	logit=-0.427
C:K191R	D:K464R	logit=-0.538
C:S180T	D:S453T	logit=-0.649
C:T42V	D:T315V	logit=-0.689
C:N51P	D:N324P	logit=-0.787

Top tied mutations (A + B view):
A:T18V	B:T215V	logit=-0.552
A:N55S	B:N252S	logit=-0.691
A:N54V	B:N251V	logit=-1.231
A:E100V	B:E297V	logit=-1.719
A:R61K	B:R258K	logit=-2.138

Top tied mutations (C + D view):
C:V218L	D:V491L	logit=-0.445
C:K191R	D:K464R	logit=-0.589
C:S180T	D:S453T	logit=-0.646
C:T42V	D:T315V	logit=-0.748
C:S89A	D:S362A	logit=-0.899

Top tied mutations (A + B view):
A:T18V	B:T215V	logit=-0.635
A:N55S	B:N252S	logit=-0.679
A:N54V	B:N251V	logit=-1.086
A:E100V	B:E297V	logit=-1.796
A:V102I	B:V299I	logit=-2.200

Top tied mutations (C + D view):
C:V218L	D:V491L	logit=-0.479
C:K191R	D:K464R	logit=-0.530
C:S180T	D:S453T	logit=-0.690
C:T42V	D:T315V	logit=-0.740
C:S89A	D:S362A	logit=-0.841

Top tied mutations (A + B view):
A:T18V	B:T215V	logit=-0.509
A:N55S	B:N252S	logit=-0.809
A:N54V	B:N251V	logit=-1.172
A:E100V	B:E297V	logit=-1.776
A:V102I	B:V299I	logit=-1.999

Top tied mutations (C + D view):
C:V218L	D:V491L	logit=-0.408
C:K191R	D:K464R	logit=-0.652
C:S180T	D:S453T	logit=-0.655
C:T42V	D:T315V	logit=-0.706
C:N51P	D:N324P	logit=-0.902

Top tied mutations (A + B view):
A:T18V	B:T215V	logit=-0.561
A:N55S	B:N252S	logit=-0.677
A:N54V	B:N251V	logit=-1.084
A:E100V	B:E297V	logit=-1.872
A:N54I	B:N251I	logit=-2.047

Top tied mutations (C + D view):
C:V218L	D:V491L	logit=-0.426
C:K191R	D:K464R	logit=-0.594
C:S180T	D:S453T	logit=-0.650
C:T42V	D:T315V	logit=-0.777
C:S89A	D:S362A	logit=-0.914

Top tied mutations (A + B view):
A:T18V	B:T215V	logit=-0.525
A:N55S	B:N252S	logit=-0.649
A:N54V	B:N251V	logit=-1.077
A:E100V	B:E297V	logit=-1.630
A:N57R	B:N254R	logit=-2.016

Top tied mutations (C + D view):
C:V218L	D:V491L	logit=-0.486
C:K191R	D:K464R	logit=-0.590
C:S180T	D:S453T	logit=-0.665
C:T42V	D:T315V	logit=-0.681
C:N51P	D:N324P	logit=-0.805

Top tied mutations (A + B view):
A:T18V	B:T215V	logit=-0.564
A:N55S	B:N252S	logit=-0.710
A:N54V	B:N251V	logit=-1.207
A:E100V	B:E297V	logit=-1.881
A:V102I	B:V299I	logit=-2.121

Top tied mutations (C + D view):
C:V218L	D:V491L	logit=-0.462
C:K191R	D:K464R	logit=-0.561
C:S180T	D:S453T	logit=-0.669
C:T42V	D:T315V	logit=-0.734
C:N51P	D:N324P	logit=-0.827

Top tied mutations (A + B view):
A:T18V	B:T215V	logit=-0.551
A:N55S	B:N252S	logit=-0.789
A:N54V	B:N251V	logit=-1.045
A:E100V	B:E297V	logit=-1.649
A:N54I	B:N251I	logit=-2.110

Top tied mutations (C + D view):
C:V218L	D:V491L	logit=-0.436
C:K191R	D:K464R	logit=-0.528
C:S180T	D:S453T	logit=-0.623
C:T42V	D:T315V	logit=-0.716
C:S89A	D:S362A	logit=-0.899

Top tied mutations (A + B view):
A:T18V	B:T215V	logit=-0.543
A:N55S	B:N252S	logit=-0.691
A:N54V	B:N251V	logit=-1.274
A:E100V	B:E297V	logit=-1.824
A:V102I	B:V299I	logit=-2.223

Top tied mutations (C + D view):
C:V218L	D:V491L	logit=-0.434
C:K191R	D:K464R	logit=-0.594
C:T42V	D:T315V	logit=-0.730
C:S180T	D:S453T	logit=-0.816
C:N51P	D:N324P	logit=-0.829

Top tied mutations (A + B view):
A:T18V	B:T215V	logit=-0.482
A:N55S	B:N252S	logit=-0.720
A:N54V	B:N251V	logit=-1.188
A:E100V	B:E297V	logit=-1.787
A:V102I	B:V299I	logit=-2.196

Top tied mutations (C + D view):
C:V218L	D:V491L	logit=-0.461
C:K191R	D:K464R	logit=-0.570
C:S180T	D:S453T	logit=-0.666
C:T42V	D:T315V	logit=-0.741
C:S89A	D:S362A	logit=-0.908

Top tied mutations (A + B view):
A:T18V	B:T215V	logit=-0.605
A:N55S	B:N252S	logit=-0.690
A:N54V	B:N251V	logit=-1.161
A:E100V	B:E297V	logit=-1.682
A:V102I	B:V299I	logit=-2.138

Top tied mutations (C + D view):
C:V218L	D:V491L	logit=-0.424
C:K191R	D:K464R	logit=-0.474
C:S180T	D:S453T	logit=-0.642
C:T42V	D:T315V	logit=-0.743
C:N51P	D:N324P	logit=-0.764

Top tied mutations (A + B view):
A:T18V	B:T215V	logit=-0.475
A:N55S	B:N252S	logit=-0.679
A:N54V	B:N251V	logit=-1.077
A:E100V	B:E297V	logit=-1.829
A:V102I	B:V299I	logit=-2.161

Top tied mutations (C + D view):
C:V218L	D:V491L	logit=-0.455
C:K191R	D:K464R	logit=-0.527
C:S180T	D:S453T	logit=-0.651
C:T42V	D:T315V	logit=-0.723
C:N51P	D:N324P	logit=-0.818

Top tied mutations (A + B view):
A:T18V	B:T215V	logit=-0.520
A:N55S	B:N252S	logit=-0.651
A:N54V	B:N251V	logit=-1.242
A:E100V	B:E297V	logit=-1.786
A:V102I	B:V299I	logit=-2.194

Top tied mutations (C + D view):
C:V218L	D:V491L	logit=-0.428
C:K191R	D:K464R	logit=-0.600
C:S180T	D:S453T	logit=-0.644
C:T42V	D:T315V	logit=-0.725
C:N51P	D:N324P	logit=-0.832

Top tied mutations (A + B view):
A:T18V	B:T215V	logit=-0.567
A:N55S	B:N252S	logit=-0.719
A:N54V	B:N251V	logit=-1.172
A:E100V	B:E297V	logit=-1.764
A:N57R	B:N254R	logit=-2.069

Top tied mutations (C + D view):
C:V218L	D:V491L	logit=-0.487
C:K191R	D:K464R	logit=-0.590
C:S180T	D:S453T	logit=-0.664
C:T42V	D:T315V	logit=-0.733
C:N51P	D:N324P	logit=-0.761

Top tied mutations (A + B view):
A:T18V	B:T215V	logit=-0.645
A:N55S	B:N252S	logit=-0.720
A:N54V	B:N251V	logit=-1.185
A:E100V	B:E297V	logit=-1.666
A:V102I	B:V299I	logit=-2.266

Top tied mutations (C + D view):
C:V218L	D:V491L	logit=-0.448
C:K191R	D:K464R	logit=-0.574
C:S180T	D:S453T	logit=-0.681
C:T42V	D:T315V	logit=-0.780
C:N51P	D:N324P	logit=-0.788

Top tied mutations (A + B view):
A:T18V	B:T215V	logit=-0.583
A:N55S	B:N252S	logit=-0.778
A:N54V	B:N251V	logit=-1.183
A:E100V	B:E297V	logit=-1.769
A:V102I	B:V299I	logit=-2.117

Top tied mutations (C + D view):
C:V218L	D:V491L	logit=-0.473
C:K191R	D:K464R	logit=-0.561
C:S180T	D:S453T	logit=-0.680
C:T42V	D:T315V	logit=-0.717
C:N51P	D:N324P	logit=-0.867

Top tied mutations (A + B view):
A:T18V	B:T215V	logit=-0.561
A:N55S	B:N252S	logit=-0.699
A:N54V	B:N251V	logit=-1.068
A:E100V	B:E297V	logit=-1.781
A:V102I	B:V299I	logit=-2.168

Top tied mutations (C + D view):
C:V218L	D:V491L	logit=-0.439
C:K191R	D:K464R	logit=-0.522
C:S180T	D:S453T	logit=-0.662
C:T42V	D:T315V	logit=-0.786
C:S89A	D:S362A	logit=-0.963

Top tied mutations (A + B view):
A:T18V	B:T215V	logit=-0.541
A:N55S	B:N252S	logit=-0.663
A:N54V	B:N251V	logit=-1.079
A:E100V	B:E297V	logit=-1.789
A:V102I	B:V299I	logit=-2.182

Top tied mutations (C + D view):
C:V218L	D:V491L	logit=-0.453
C:K191R	D:K464R	logit=-0.512
C:S180T	D:S453T	logit=-0.667
C:T42V	D:T315V	logit=-0.713
C:N51P	D:N324P	logit=-0.817

Top tied mutations (A + B view):
A:T18V	B:T215V	logit=-0.601
A:N55S	B:N252S	logit=-0.738
A:N54V	B:N251V	logit=-1.085
A:E100V	B:E297V	logit=-1.804
A:N57R	B:N254R	logit=-2.062

Top tied mutations (C + D view):
C:V218L	D:V491L	logit=-0.420
C:K191R	D:K464R	logit=-0.543
C:S180T	D:S453T	logit=-0.632
C:T42V	D:T315V	logit=-0.752
C:S72G	D:S345G	logit=-0.880

Top tied mutations (A + B view):
A:T18V	B:T215V	logit=-0.551
A:N55S	B:N252S	logit=-0.660
A:N54V	B:N251V	logit=-1.072
A:E100V	B:E297V	logit=-1.963
A:V102I	B:V299I	logit=-2.129

Top tied mutations (C + D view):
C:V218L	D:V491L	logit=-0.402
C:K191R	D:K464R	logit=-0.585
C:S180T	D:S453T	logit=-0.645
C:T42V	D:T315V	logit=-0.710
C:N51P	D:N324P	logit=-0.840

Top tied mutations (A + B view):
A:T18V	B:T215V	logit=-0.532
A:N55S	B:N252S	logit=-0.718
A:N54V	B:N251V	logit=-1.244
A:E100V	B:E297V	logit=-1.819
A:N57R	B:N254R	logit=-2.068

Top tied mutations (C + D view):
C:V218L	D:V491L	logit=-0.451
C:K191R	D:K464R	logit=-0.599
C:S180T	D:S453T	logit=-0.642
C:T42V	D:T315V	logit=-0.760
C:S89A	D:S362A	logit=-0.932

Top tied mutations (A + B view):
A:T18V	B:T215V	logit=-0.591
A:N55S	B:N252S	logit=-0.696
A:N54V	B:N251V	logit=-1.107
A:E100V	B:E297V	logit=-1.661
A:V102I	B:V299I	logit=-2.147

Top tied mutations (C + D view):
C:V218L	D:V491L	logit=-0.450
C:K191R	D:K464R	logit=-0.528
C:S180T	D:S453T	logit=-0.668
C:T42V	D:T315V	logit=-0.744
C:N51P	D:N324P	logit=-0.757

Top tied mutations (A + B view):
A:T18V	B:T215V	logit=-0.517
A:N55S	B:N252S	logit=-0.724
A:N54V	B:N251V	logit=-1.169
A:E100V	B:E297V	logit=-1.785
A:V102I	B:V299I	logit=-2.159

Top tied mutations (C + D view):
C:V218L	D:V491L	logit=-0.416
C:K191R	D:K464R	logit=-0.537
C:S180T	D:S453T	logit=-0.654
C:T42V	D:T315V	logit=-0.723
C:N51P	D:N324P	logit=-0.868

Top tied mutations (A + B view):
A:T18V	B:T215V	logit=-0.614
A:N55S	B:N252S	logit=-0.723
A:N54V	B:N251V	logit=-1.168
A:E100V	B:E297V	logit=-1.779
A:N57R	B:N254R	logit=-2.100

Top tied mutations (C + D view):
C:V218L	D:V491L	logit=-0.475
C:K191R	D:K464R	logit=-0.578
C:S180T	D:S453T	logit=-0.635
C:T42V	D:T315V	logit=-0.772
C:N51P	D:N324P	logit=-0.937

Top tied mutations (A + B view):
A:T18V	B:T215V	logit=-0.558
A:N55S	B:N252S	logit=-0.657
A:N54V	B:N251V	logit=-1.199
A:E100V	B:E297V	logit=-1.826
A:V102I	B:V299I	logit=-2.141

Top tied mutations (C + D view):
C:V218L	D:V491L	logit=-0.419
C:K191R	D:K464R	logit=-0.589
C:S180T	D:S453T	logit=-0.658
C:T42V	D:T315V	logit=-0.780
C:S72G	D:S345G	logit=-0.883

Top tied mutations (A + B view):
A:T18V	B:T215V	logit=-0.588
A:N55S	B:N252S	logit=-0.687
A:N54V	B:N251V	logit=-1.081
A:E100V	B:E297V	logit=-1.900
A:N57R	B:N254R	logit=-2.117

Top tied mutations (C + D view):
C:V218L	D:V491L	logit=-0.419
C:K191R	D:K464R	logit=-0.532
C:S180T	D:S453T	logit=-0.622
C:T42V	D:T315V	logit=-0.760
C:N219S	D:N492S	logit=-0.911

Top tied mutations (A + B view):
A:T18V	B:T215V	logit=-0.577
A:N55S	B:N252S	logit=-0.731
A:N54V	B:N251V	logit=-1.023
A:E100V	B:E297V	logit=-1.827
A:V102I	B:V299I	logit=-2.162

Top tied mutations (C + D view):
C:V218L	D:V491L	logit=-0.482
C:K191R	D:K464R	logit=-0.513
C:S180T	D:S453T	logit=-0.637
C:T42V	D:T315V	logit=-0.812
C:N51P	D:N324P	logit=-0.855

Top tied mutations (A + B view):
A:T18V	B:T215V	logit=-0.605
A:N55S	B:N252S	logit=-0.757
A:N54V	B:N251V	logit=-1.119
A:E100V	B:E297V	logit=-1.793
A:V102I	B:V299I	logit=-2.141

Top tied mutations (C + D view):
C:V218L	D:V491L	logit=-0.417
C:K191R	D:K464R	logit=-0.613
C:S180T	D:S453T	logit=-0.660
C:T42V	D:T315V	logit=-0.708
C:N51P	D:N324P	logit=-0.769

Top tied mutations (A + B view):
A:T18V	B:T215V	logit=-0.528
A:N55S	B:N252S	logit=-0.786
A:N54V	B:N251V	logit=-1.159
A:E100V	B:E297V	logit=-1.803
A:V102I	B:V299I	logit=-2.139

Top tied mutations (C + D view):
C:V218L	D:V491L	logit=-0.450
C:S180T	D:S453T	logit=-0.662
C:K191R	D:K464R	logit=-0.678
C:T42V	D:T315V	logit=-0.712
C:S89A	D:S362A	logit=-0.877

Top tied mutations (A + B view):
A:T18V	B:T215V	logit=-0.588
A:N55S	B:N252S	logit=-0.659
A:N54V	B:N251V	logit=-1.134
A:E100V	B:E297V	logit=-1.930
A:N54I	B:N251I	logit=-2.234

Top tied mutations (C + D view):
C:V218L	D:V491L	logit=-0.472
C:K191R	D:K464R	logit=-0.582
C:S180T	D:S453T	logit=-0.661
C:T42V	D:T315V	logit=-0.726
C:S89A	D:S362A	logit=-0.864

Top tied mutations (A + B view):
A:T18V	B:T215V	logit=-0.487
A:N55S	B:N252S	logit=-0.730
A:N54V	B:N251V	logit=-1.187
A:E100V	B:E297V	logit=-1.817
A:V102I	B:V299I	logit=-2.103

Top tied mutations (C + D view):
C:V218L	D:V491L	logit=-0.444
C:K191R	D:K464R	logit=-0.556
C:S180T	D:S453T	logit=-0.650
C:T42V	D:T315V	logit=-0.718
C:S89A	D:S362A	logit=-0.872

Top tied mutations (A + B view):
A:T18V	B:T215V	logit=-0.524
A:N55S	B:N252S	logit=-0.725
A:N54V	B:N251V	logit=-1.098
A:E100V	B:E297V	logit=-1.776
A:N54I	B:N251I	logit=-1.946

Top tied mutations (C + D view):
C:V218L	D:V491L	logit=-0.433
C:K191R	D:K464R	logit=-0.596
C:S180T	D:S453T	logit=-0.636
C:T42V	D:T315V	logit=-0.762
C:N51P	D:N324P	logit=-0.800

Top tied mutations (A + B view):
A:T18V	B:T215V	logit=-0.505
A:N55S	B:N252S	logit=-0.717
A:N54V	B:N251V	logit=-1.011
A:E100V	B:E297V	logit=-1.926
A:N54I	B:N251I	logit=-2.053

Top tied mutations (C + D view):
C:V218L	D:V491L	logit=-0.401
C:K191R	D:K464R	logit=-0.579
C:S180T	D:S453T	logit=-0.674
C:T42V	D:T315V	logit=-0.728
C:S89A	D:S362A	logit=-0.881

Top tied mutations (A + B view):
A:T18V	B:T215V	logit=-0.564
A:N55S	B:N252S	logit=-0.712
A:N54V	B:N251V	logit=-0.995
A:E100V	B:E297V	logit=-1.902
A:R61K	B:R258K	logit=-2.141

Top tied mutations (C + D view):
C:V218L	D:V491L	logit=-0.428
C:K191R	D:K464R	logit=-0.516
C:S180T	D:S453T	logit=-0.631
C:T42V	D:T315V	logit=-0.746
C:N51P	D:N324P	logit=-0.750

Top tied mutations (A + B view):
A:T18V	B:T215V	logit=-0.455
A:N55S	B:N252S	logit=-0.667
A:N54V	B:N251V	logit=-1.181
A:E100V	B:E297V	logit=-1.829
A:V102I	B:V299I	logit=-2.105

Top tied mutations (C + D view):
C:V218L	D:V491L	logit=-0.411
C:K191R	D:K464R	logit=-0.545
C:S180T	D:S453T	logit=-0.653
C:T42V	D:T315V	logit=-0.813
C:S89A	D:S362A	logit=-0.884

Top tied mutations (A + B view):
A:T18V	B:T215V	logit=-0.505
A:N55S	B:N252S	logit=-0.663
A:N54V	B:N251V	logit=-1.062
A:E100V	B:E297V	logit=-1.915
A:V102I	B:V299I	logit=-2.161

Top tied mutations (C + D view):
C:V218L	D:V491L	logit=-0.472
C:K191R	D:K464R	logit=-0.566
C:S180T	D:S453T	logit=-0.662
C:T42V	D:T315V	logit=-0.692
C:N51P	D:N324P	logit=-0.772

Top tied mutations (A + B view):
A:T18V	B:T215V	logit=-0.623
A:N55S	B:N252S	logit=-0.730
A:N54V	B:N251V	logit=-1.003
A:E100V	B:E297V	logit=-1.765
A:N57R	B:N254R	logit=-2.149

Top tied mutations (C + D view):
C:V218L	D:V491L	logit=-0.431
C:K191R	D:K464R	logit=-0.590
C:S180T	D:S453T	logit=-0.664
C:T42V	D:T315V	logit=-0.776
C:N51P	D:N324P	logit=-0.821

Top tied mutations (A + B view):
A:T18V	B:T215V	logit=-0.559
A:N55S	B:N252S	logit=-0.716
A:N54V	B:N251V	logit=-1.015
A:E100V	B:E297V	logit=-1.873
A:N54I	B:N251I	logit=-2.197

Top tied mutations (C + D view):
C:V218L	D:V491L	logit=-0.418
C:K191R	D:K464R	logit=-0.552
C:S180T	D:S453T	logit=-0.642
C:T42V	D:T315V	logit=-0.722
C:N51P	D:N324P	logit=-0.792

Top tied mutations (A + B view):
A:T18V	B:T215V	logit=-0.550
A:N55S	B:N252S	logit=-0.614
A:N54V	B:N251V	logit=-1.220
A:E100V	B:E297V	logit=-1.874
A:N57R	B:N254R	logit=-2.259

Top tied mutations (C + D view):
C:V218L	D:V491L	logit=-0.424
C:K191R	D:K464R	logit=-0.555
C:S180T	D:S453T	logit=-0.667
C:T42V	D:T315V	logit=-0.713
C:N51P	D:N324P	logit=-0.807

Top tied mutations (A + B view):
A:T18V	B:T215V	logit=-0.531
A:N55S	B:N252S	logit=-0.703
A:N54V	B:N251V	logit=-1.112
A:E100V	B:E297V	logit=-1.831
A:V102I	B:V299I	logit=-2.166

Top tied mutations (C + D view):
C:V218L	D:V491L	logit=-0.418
C:K191R	D:K464R	logit=-0.593
C:S180T	D:S453T	logit=-0.640
C:T42V	D:T315V	logit=-0.727
C:N51P	D:N324P	logit=-0.766

Top tied mutations (A + B view):
A:T18V	B:T215V	logit=-0.523
A:N55S	B:N252S	logit=-0.743
A:N54V	B:N251V	logit=-1.084
A:E100V	B:E297V	logit=-1.895
A:V102I	B:V299I	logit=-2.175

Top tied mutations (C + D view):
C:V218L	D:V491L	logit=-0.462
C:K191R	D:K464R	logit=-0.566
C:S180T	D:S453T	logit=-0.667
C:T42V	D:T315V	logit=-0.712
C:N51P	D:N324P	logit=-0.783

Top tied mutations (A + B view):
A:T18V	B:T215V	logit=-0.563
A:N55S	B:N252S	logit=-0.723
A:N54V	B:N251V	logit=-1.190
A:E100V	B:E297V	logit=-1.752
A:V102I	B:V299I	logit=-2.067

Top tied mutations (C + D view):
C:V218L	D:V491L	logit=-0.481
C:K191R	D:K464R	logit=-0.603
C:S180T	D:S453T	logit=-0.654
C:T42V	D:T315V	logit=-0.681
C:N51P	D:N324P	logit=-0.755

Top tied mutations (A + B view):
A:T18V	B:T215V	logit=-0.537
A:N55S	B:N252S	logit=-0.698
A:N54V	B:N251V	logit=-1.128
A:E100V	B:E297V	logit=-1.741
A:V102I	B:V299I	logit=-2.136

Top tied mutations (C + D view):
C:V218L	D:V491L	logit=-0.452
C:K191R	D:K464R	logit=-0.567
C:S180T	D:S453T	logit=-0.665
C:T42V	D:T315V	logit=-0.749
C:A168P	D:A441P	logit=-0.892

Top tied mutations (A + B view):
A:T18V	B:T215V	logit=-0.537
A:N55S	B:N252S	logit=-0.711
A:N54V	B:N251V	logit=-1.231
A:E100V	B:E297V	logit=-1.754
A:V102I	B:V299I	logit=-2.177

Top tied mutations (C + D view):
C:V218L	D:V491L	logit=-0.466
C:K191R	D:K464R	logit=-0.550
C:S180T	D:S453T	logit=-0.653
C:T42V	D:T315V	logit=-0.719
C:N51P	D:N324P	logit=-0.810

Top tied mutations (A + B view):
A:T18V	B:T215V	logit=-0.476
A:N55S	B:N252S	logit=-0.761
A:N54V	B:N251V	logit=-1.140
A:E100V	B:E297V	logit=-1.718
A:R61V	B:R258V	logit=-2.152

Top tied mutations (C + D view):
C:V218L	D:V491L	logit=-0.437
C:K191R	D:K464R	logit=-0.572
C:S180T	D:S453T	logit=-0.661
C:T42V	D:T315V	logit=-0.724
C:N51P	D:N324P	logit=-0.790

Top tied mutations (A + B view):
A:T18V	B:T215V	logit=-0.614
A:N55S	B:N252S	logit=-0.704
A:N54V	B:N251V	logit=-1.095
A:E100V	B:E297V	logit=-1.690
A:V102I	B:V299I	logit=-2.276

Top tied mutations (C + D view):
C:V218L	D:V491L	logit=-0.441
C:K191R	D:K464R	logit=-0.533
C:S180T	D:S453T	logit=-0.666
C:T42V	D:T315V	logit=-0.798
C:N51P	D:N324P	logit=-0.808

Top tied mutations (A + B view):
A:T18V	B:T215V	logit=-0.564
A:N55S	B:N252S	logit=-0.713
A:N54V	B:N251V	logit=-1.134
A:E100V	B:E297V	logit=-1.854
A:V102I	B:V299I	logit=-2.145

Top tied mutations (C + D view):
C:V218L	D:V491L	logit=-0.481
C:K191R	D:K464R	logit=-0.564
C:S180T	D:S453T	logit=-0.677
C:T42V	D:T315V	logit=-0.763
C:N51P	D:N324P	logit=-0.849

Top tied mutations (A + B view):
A:T18V	B:T215V	logit=-0.549
A:N55S	B:N252S	logit=-0.700
A:N54V	B:N251V	logit=-1.079
A:E100V	B:E297V	logit=-1.814
A:V102I	B:V299I	logit=-2.177

Top tied mutations (C + D view):
C:V218L	D:V491L	logit=-0.413
C:K191R	D:K464R	logit=-0.542
C:S180T	D:S453T	logit=-0.648
C:T42V	D:T315V	logit=-0.723
C:N51P	D:N324P	logit=-0.925

Top tied mutations (A + B view):
A:T18V	B:T215V	logit=-0.538
A:N55S	B:N252S	logit=-0.728
A:N54V	B:N251V	logit=-1.032
A:E100V	B:E297V	logit=-1.909
A:N57R	B:N254R	logit=-2.089

Top tied mutations (C + D view):
C:V218L	D:V491L	logit=-0.436
C:K191R	D:K464R	logit=-0.484
C:S180T	D:S453T	logit=-0.662
C:T42V	D:T315V	logit=-0.757
C:N51P	D:N324P	logit=-0.764

Top tied mutations (A + B view):
A:T18V	B:T215V	logit=-0.557
A:N55S	B:N252S	logit=-0.740
A:N54V	B:N251V	logit=-1.152
A:E100V	B:E297V	logit=-1.736
A:N57R	B:N254R	logit=-2.175

Top tied mutations (C + D view):
C:V218L	D:V491L	logit=-0.458
C:K191R	D:K464R	logit=-0.498
C:S180T	D:S453T	logit=-0.657
C:T42V	D:T315V	logit=-0.744
C:N51P	D:N324P	logit=-0.765

Top tied mutations (A + B view):
A:T18V	B:T215V	logit=-0.512
A:N55S	B:N252S	logit=-0.658
A:N54V	B:N251V	logit=-1.202
A:E100V	B:E297V	logit=-1.824
A:V102I	B:V299I	logit=-2.102

Top tied mutations (C + D view):
C:V218L	D:V491L	logit=-0.475
C:K191R	D:K464R	logit=-0.641
C:S180T	D:S453T	logit=-0.642
C:T42V	D:T315V	logit=-0.707
C:N51P	D:N324P	logit=-0.858

Top tied mutations (A + B view):
A:T18V	B:T215V	logit=-0.480
A:N55S	B:N252S	logit=-0.808
A:N54V	B:N251V	logit=-1.119
A:E100V	B:E297V	logit=-1.810
A:V102I	B:V299I	logit=-2.118

Top tied mutations (C + D view):
C:V218L	D:V491L	logit=-0.422
C:K191R	D:K464R	logit=-0.562
C:T42V	D:T315V	logit=-0.650
C:S180T	D:S453T	logit=-0.688
C:N51P	D:N324P	logit=-0.788

Top tied mutations (A + B view):
A:T18V	B:T215V	logit=-0.528
A:N55S	B:N252S	logit=-0.740
A:N54V	B:N251V	logit=-0.960
A:E100V	B:E297V	logit=-1.783
A:R61K	B:R258K	logit=-1.979

Top tied mutations (C + D view):
C:V218L	D:V491L	logit=-0.461
C:K191R	D:K464R	logit=-0.570
C:S180T	D:S453T	logit=-0.697
C:T42V	D:T315V	logit=-0.712
C:S89A	D:S362A	logit=-0.937

Top tied mutations (A + B view):
A:T18V	B:T215V	logit=-0.512
A:N55S	B:N252S	logit=-0.700
A:N54V	B:N251V	logit=-1.036
A:E100V	B:E297V	logit=-1.708
A:V102I	B:V299I	logit=-2.120

Top tied mutations (C + D view):
C:V218L	D:V491L	logit=-0.413
C:K191R	D:K464R	logit=-0.527
C:S180T	D:S453T	logit=-0.664
C:T42V	D:T315V	logit=-0.709
C:N51P	D:N324P	logit=-0.841

Top tied mutations (A + B view):
A:T18V	B:T215V	logit=-0.529
A:N55S	B:N252S	logit=-0.676
A:N54V	B:N251V	logit=-1.133
A:E100V	B:E297V	logit=-1.710
A:V102I	B:V299I	logit=-2.119

Top tied mutations (C + D view):
C:V218L	D:V491L	logit=-0.410
C:K191R	D:K464R	logit=-0.556
C:S180T	D:S453T	logit=-0.674
C:T42V	D:T315V	logit=-0.708
C:S89A	D:S362A	logit=-0.841

Top tied mutations (A + B view):
A:T18V	B:T215V	logit=-0.587
A:N55S	B:N252S	logit=-0.664
A:N54V	B:N251V	logit=-1.065
A:E100V	B:E297V	logit=-1.861
A:V102I	B:V299I	logit=-2.083

Top tied mutations (C + D view):
C:V218L	D:V491L	logit=-0.496
C:K191R	D:K464R	logit=-0.621
C:S180T	D:S453T	logit=-0.659
C:T42V	D:T315V	logit=-0.767
C:N51P	D:N324P	logit=-0.869

Top tied mutations (A + B view):
A:T18V	B:T215V	logit=-0.539
A:N55S	B:N252S	logit=-0.723
A:N54V	B:N251V	logit=-1.046
A:E100V	B:E297V	logit=-1.636
A:V102I	B:V299I	logit=-2.163

Top tied mutations (C + D view):
C:V218L	D:V491L	logit=-0.445
C:K191R	D:K464R	logit=-0.562
C:S180T	D:S453T	logit=-0.664
C:T42V	D:T315V	logit=-0.719
C:N51P	D:N324P	logit=-0.852

Top tied mutations (A + B view):
A:T18V	B:T215V	logit=-0.498
A:N55S	B:N252S	logit=-0.731
A:N54V	B:N251V	logit=-1.065
A:E100V	B:E297V	logit=-1.756
A:V102I	B:V299I	logit=-2.089

Top tied mutations (C + D view):
C:V218L	D:V491L	logit=-0.479
C:K191R	D:K464R	logit=-0.533
C:S180T	D:S453T	logit=-0.648
C:T42V	D:T315V	logit=-0.664
C:N51P	D:N324P	logit=-0.810

Top tied mutations (A + B view):
A:T18V	B:T215V	logit=-0.553
A:N55S	B:N252S	logit=-0.661
A:N54V	B:N251V	logit=-1.068
A:E100V	B:E297V	logit=-1.886
A:V102I	B:V299I	logit=-2.254

Top tied mutations (C + D view):
C:V218L	D:V491L	logit=-0.480
C:K191R	D:K464R	logit=-0.575
C:S180T	D:S453T	logit=-0.663
C:T42V	D:T315V	logit=-0.746
C:N51P	D:N324P	logit=-0.832

Top tied mutations (A + B view):
A:T18V	B:T215V	logit=-0.542
A:N55S	B:N252S	logit=-0.705
A:N54V	B:N251V	logit=-1.165
A:E100V	B:E297V	logit=-1.791
A:V102I	B:V299I	logit=-2.191

Top tied mutations (C + D view):
C:V218L	D:V491L	logit=-0.436
C:K191R	D:K464R	logit=-0.577
C:S180T	D:S453T	logit=-0.657
C:T42V	D:T315V	logit=-0.719
C:N51P	D:N324P	logit=-0.787

Top tied mutations (A + B view):
A:T18V	B:T215V	logit=-0.551
A:N55S	B:N252S	logit=-0.718
A:N54V	B:N251V	logit=-1.092
A:E100V	B:E297V	logit=-1.806
A:V102I	B:V299I	logit=-2.186

Top tied mutations (C + D view):
C:V218L	D:V491L	logit=-0.448
C:K191R	D:K464R	logit=-0.514
C:S180T	D:S453T	logit=-0.670
C:T42V	D:T315V	logit=-0.699
C:N51P	D:N324P	logit=-0.873

Top tied mutations (A + B view):
A:T18V	B:T215V	logit=-0.559
A:N55S	B:N252S	logit=-0.678
A:N54V	B:N251V	logit=-1.068
A:E100V	B:E297V	logit=-1.685
A:V102I	B:V299I	logit=-2.109

Top tied mutations (C + D view):
C:V218L	D:V491L	logit=-0.470
C:K191R	D:K464R	logit=-0.541
C:S180T	D:S453T	logit=-0.643
C:T42V	D:T315V	logit=-0.779
C:N51P	D:N324P	logit=-0.846

Top tied mutations (A + B view):
A:T18V	B:T215V	logit=-0.489
A:N55S	B:N252S	logit=-0.668
A:N54V	B:N251V	logit=-1.241
A:E100V	B:E297V	logit=-1.714
A:V102I	B:V299I	logit=-2.074

Top tied mutations (C + D view):
C:V218L	D:V491L	logit=-0.436
C:K191R	D:K464R	logit=-0.608
C:S180T	D:S453T	logit=-0.652
C:T42V	D:T315V	logit=-0.755
C:S89A	D:S362A	logit=-0.912

Top tied mutations (A + B view):
A:T18V	B:T215V	logit=-0.545
A:N55S	B:N252S	logit=-0.708
A:N54V	B:N251V	logit=-1.170
A:E100V	B:E297V	logit=-1.857
A:V102I	B:V299I	logit=-2.144

Top tied mutations (C + D view):
C:V218L	D:V491L	logit=-0.424
C:K191R	D:K464R	logit=-0.534
C:S180T	D:S453T	logit=-0.665
C:T42V	D:T315V	logit=-0.716
C:N51P	D:N324P	logit=-0.836

Top tied mutations (A + B view):
A:T18V	B:T215V	logit=-0.559
A:N55S	B:N252S	logit=-0.731
A:N54V	B:N251V	logit=-1.048
A:E100V	B:E297V	logit=-1.920
A:V102I	B:V299I	logit=-2.194

Top tied mutations (C + D view):
C:V218L	D:V491L	logit=-0.486
C:K191R	D:K464R	logit=-0.637
C:S180T	D:S453T	logit=-0.672
C:T42V	D:T315V	logit=-0.706
C:S89A	D:S362A	logit=-0.873

Top tied mutations (A + B view):
A:T18V	B:T215V	logit=-0.504
A:N55S	B:N252S	logit=-0.681
A:N54V	B:N251V	logit=-1.057
A:E100V	B:E297V	logit=-1.691
A:N54I	B:N251I	logit=-2.140

Top tied mutations (C + D view):
C:V218L	D:V491L	logit=-0.424
C:K191R	D:K464R	logit=-0.622
C:S180T	D:S453T	logit=-0.658
C:T42V	D:T315V	logit=-0.693
C:N51P	D:N324P	logit=-0.833

Top tied mutations (A + B view):
A:T18V	B:T215V	logit=-0.577
A:N55S	B:N252S	logit=-0.680
A:N54V	B:N251V	logit=-1.025
A:E100V	B:E297V	logit=-1.832
A:V102I	B:V299I	logit=-2.260

Top tied mutations (C + D view):
C:V218L	D:V491L	logit=-0.420
C:K191R	D:K464R	logit=-0.548
C:S180T	D:S453T	logit=-0.683
C:T42V	D:T315V	logit=-0.791
C:S89A	D:S362A	logit=-0.869

Top tied mutations (A + B view):
A:T18V	B:T215V	logit=-0.561
A:N55S	B:N252S	logit=-0.701
A:N54V	B:N251V	logit=-1.063
A:E100V	B:E297V	logit=-1.799
A:V102I	B:V299I	logit=-2.186

Top tied mutations (C + D view):
C:V218L	D:V491L	logit=-0.405
C:K191R	D:K464R	logit=-0.530
C:S180T	D:S453T	logit=-0.651
C:T42V	D:T315V	logit=-0.725
C:N51P	D:N324P	logit=-0.787

Top tied mutations (A + B view):
A:T18V	B:T215V	logit=-0.507
A:N55S	B:N252S	logit=-0.712
A:N54V	B:N251V	logit=-1.155
A:E100V	B:E297V	logit=-1.815
A:V102I	B:V299I	logit=-2.128

Top tied mutations (C + D view):
C:V218L	D:V491L	logit=-0.458
C:K191R	D:K464R	logit=-0.601
C:S180T	D:S453T	logit=-0.649
C:T42V	D:T315V	logit=-0.778
C:N51P	D:N324P	logit=-0.817

Top tied mutations (A + B view):
A:T18V	B:T215V	logit=-0.549
A:N55S	B:N252S	logit=-0.689
A:N54V	B:N251V	logit=-1.019
A:E100V	B:E297V	logit=-1.842
A:N54I	B:N251I	logit=-2.131

Top tied mutations (C + D view):
C:V218L	D:V491L	logit=-0.422
C:K191R	D:K464R	logit=-0.555
C:S180T	D:S453T	logit=-0.653
C:T42V	D:T315V	logit=-0.826
C:N219S	D:N492S	logit=-0.924

Top tied mutations (A + B view):
A:T18V	B:T215V	logit=-0.493
A:N55S	B:N252S	logit=-0.708
A:N54V	B:N251V	logit=-1.133
A:E100V	B:E297V	logit=-1.683
A:N54I	B:N251I	logit=-2.114

Top tied mutations (C + D view):
C:V218L	D:V491L	logit=-0.475
C:K191R	D:K464R	logit=-0.561
C:S180T	D:S453T	logit=-0.679
C:T42V	D:T315V	logit=-0.705
C:N51P	D:N324P	logit=-0.879

Top tied mutations (A + B view):
A:T18V	B:T215V	logit=-0.525
A:N55S	B:N252S	logit=-0.719
A:N54V	B:N251V	logit=-1.081
A:E100V	B:E297V	logit=-1.919
A:V102I	B:V299I	logit=-2.190

Top tied mutations (C + D view):
C:V218L	D:V491L	logit=-0.422
C:K191R	D:K464R	logit=-0.539
C:S180T	D:S453T	logit=-0.665
C:T42V	D:T315V	logit=-0.737
C:S89A	D:S362A	logit=-0.913

Top tied mutations (A + B view):
A:T18V	B:T215V	logit=-0.506
A:N55S	B:N252S	logit=-0.688
A:N54V	B:N251V	logit=-1.158
A:E100V	B:E297V	logit=-1.745
A:V102I	B:V299I	logit=-2.149

Top tied mutations (C + D view):
C:V218L	D:V491L	logit=-0.447
C:K191R	D:K464R	logit=-0.518
C:S180T	D:S453T	logit=-0.652
C:T42V	D:T315V	logit=-0.698
C:N51P	D:N324P	logit=-0.867

Top tied mutations (A + B view):
A:T18V	B:T215V	logit=-0.528
A:N55S	B:N252S	logit=-0.629
A:N54V	B:N251V	logit=-1.159
A:E100V	B:E297V	logit=-1.771
A:V102I	B:V299I	logit=-2.150

Top tied mutations (C + D view):
C:V218L	D:V491L	logit=-0.446
C:K191R	D:K464R	logit=-0.580
C:S180T	D:S453T	logit=-0.680
C:T42V	D:T315V	logit=-0.773
C:N51P	D:N324P	logit=-0.876

Top tied mutations (A + B view):
A:T18V	B:T215V	logit=-0.539
A:N55S	B:N252S	logit=-0.700
A:N54V	B:N251V	logit=-1.144
A:E100V	B:E297V	logit=-1.867
A:N54I	B:N251I	logit=-2.301

Top tied mutations (C + D view):
C:V218L	D:V491L	logit=-0.418
C:K191R	D:K464R	logit=-0.574
C:S180T	D:S453T	logit=-0.659
C:T42V	D:T315V	logit=-0.733
C:N51P	D:N324P	logit=-0.831

Top tied mutations (A + B view):
A:T18V	B:T215V	logit=-0.569
A:N55S	B:N252S	logit=-0.673
A:N54V	B:N251V	logit=-1.070
A:E100V	B:E297V	logit=-1.753
A:V102I	B:V299I	logit=-2.136

Top tied mutations (C + D view):
C:V218L	D:V491L	logit=-0.443
C:K191R	D:K464R	logit=-0.607
C:S180T	D:S453T	logit=-0.673
C:T42V	D:T315V	logit=-0.793
C:N51P	D:N324P	logit=-0.852

Top tied mutations (A + B view):
A:T18V	B:T215V	logit=-0.549
A:N55S	B:N252S	logit=-0.740
A:N54V	B:N251V	logit=-1.311
A:E100V	B:E297V	logit=-1.785
A:N57R	B:N254R	logit=-2.026

Top tied mutations (C + D view):
C:V218L	D:V491L	logit=-0.411
C:K191R	D:K464R	logit=-0.596
C:S180T	D:S453T	logit=-0.661
C:T42V	D:T315V	logit=-0.719
C:N51P	D:N324P	logit=-0.777

Top tied mutations (A + B view):
A:T18V	B:T215V	logit=-0.492
A:N55S	B:N252S	logit=-0.651
A:N54V	B:N251V	logit=-1.114
A:E100V	B:E297V	logit=-1.862
A:V102I	B:V299I	logit=-2.158

Top tied mutations (C + D view):
C:V218L	D:V491L	logit=-0.483
C:K191R	D:K464R	logit=-0.594
C:S180T	D:S453T	logit=-0.650
C:T42V	D:T315V	logit=-0.779
C:S89A	D:S362A	logit=-0.869

Top tied mutations (A + B view):
A:T18V	B:T215V	logit=-0.619
A:N55S	B:N252S	logit=-0.697
A:N54V	B:N251V	logit=-1.189
A:E100V	B:E297V	logit=-1.791
A:V102I	B:V299I	logit=-2.208

Top tied mutations (C + D view):
C:V218L	D:V491L	logit=-0.498
C:K191R	D:K464R	logit=-0.498
C:S180T	D:S453T	logit=-0.672
C:T42V	D:T315V	logit=-0.723
C:N51P	D:N324P	logit=-0.919

Top tied mutations (A + B view):
A:T18V	B:T215V	logit=-0.566
A:N55S	B:N252S	logit=-0.696
A:N54V	B:N251V	logit=-1.084
A:E100V	B:E297V	logit=-1.751
A:N54I	B:N251I	logit=-2.097

Top tied mutations (C + D view):
C:V218L	D:V491L	logit=-0.412
C:K191R	D:K464R	logit=-0.553
C:S180T	D:S453T	logit=-0.687
C:T42V	D:T315V	logit=-0.794
C:N51P	D:N324P	logit=-0.864

Top tied mutations (A + B view):
A:T18V	B:T215V	logit=-0.534
A:N55S	B:N252S	logit=-0.689
A:N54V	B:N251V	logit=-1.168
A:E100V	B:E297V	logit=-1.682
A:V102I	B:V299I	logit=-2.212

Top tied mutations (C + D view):
C:V218L	D:V491L	logit=-0.486
C:K191R	D:K464R	logit=-0.555
C:S180T	D:S453T	logit=-0.656
C:T42V	D:T315V	logit=-0.777
C:S89A	D:S362A	logit=-0.881

Top tied mutations (A + B view):
A:T18V	B:T215V	logit=-0.490
A:N55S	B:N252S	logit=-0.715
A:N54V	B:N251V	logit=-1.155
A:E100V	B:E297V	logit=-1.782
A:V102I	B:V299I	logit=-2.106

Top tied mutations (C + D view):
C:V218L	D:V491L	logit=-0.485
C:K191R	D:K464R	logit=-0.550
C:S180T	D:S453T	logit=-0.651
C:T42V	D:T315V	logit=-0.753
C:N51P	D:N324P	logit=-0.856

Top tied mutations (A + B view):
A:T18V	B:T215V	logit=-0.493
A:N55S	B:N252S	logit=-0.771
A:N54V	B:N251V	logit=-1.210
A:E100V	B:E297V	logit=-1.733
A:V102I	B:V299I	logit=-2.120

Top tied mutations (C + D view):
C:V218L	D:V491L	logit=-0.386
C:K191R	D:K464R	logit=-0.524
C:S180T	D:S453T	logit=-0.626
C:T42V	D:T315V	logit=-0.720
C:N51P	D:N324P	logit=-0.859

Top tied mutations (A + B view):
A:T18V	B:T215V	logit=-0.534
A:N55S	B:N252S	logit=-0.714
A:N54V	B:N251V	logit=-1.150
A:E100V	B:E297V	logit=-1.934
A:N54I	B:N251I	logit=-2.139

Top tied mutations (C + D view):
C:V218L	D:V491L	logit=-0.417
C:K191R	D:K464R	logit=-0.490
C:S180T	D:S453T	logit=-0.639
C:T42V	D:T315V	logit=-0.693
C:N51P	D:N324P	logit=-0.786

Top tied mutations (A + B view):
A:T18V	B:T215V	logit=-0.553
A:N55S	B:N252S	logit=-0.667
A:N54V	B:N251V	logit=-1.038
A:E100V	B:E297V	logit=-1.777
A:V102I	B:V299I	logit=-2.165

Top tied mutations (C + D view):
C:V218L	D:V491L	logit=-0.404
C:K191R	D:K464R	logit=-0.564
C:S180T	D:S453T	logit=-0.663
C:T42V	D:T315V	logit=-0.762
C:N51P	D:N324P	logit=-0.841

Top tied mutations (A + B view):
A:T18V	B:T215V	logit=-0.591
A:N55S	B:N252S	logit=-0.651
A:N54V	B:N251V	logit=-1.150
A:E100V	B:E297V	logit=-1.887
A:V102I	B:V299I	logit=-2.231

Top tied mutations (C + D view):
C:V218L	D:V491L	logit=-0.477
C:K191R	D:K464R	logit=-0.566
C:S180T	D:S453T	logit=-0.650
C:N51P	D:N324P	logit=-0.706
C:T42V	D:T315V	logit=-0.740

Top tied mutations (A + B view):
A:T18V	B:T215V	logit=-0.501
A:N55S	B:N252S	logit=-0.684
A:N54V	B:N251V	logit=-1.067
A:E100V	B:E297V	logit=-1.679
A:N54I	B:N251I	logit=-2.026

Top tied mutations (C + D view):
C:V218L	D:V491L	logit=-0.499
C:K191R	D:K464R	logit=-0.522
C:S180T	D:S453T	logit=-0.650
C:T42V	D:T315V	logit=-0.673
C:S89A	D:S362A	logit=-0.892

Top tied mutations (A + B view):
A:T18V	B:T215V	logit=-0.564
A:N55S	B:N252S	logit=-0.694
A:N54V	B:N251V	logit=-1.149
A:E100V	B:E297V	logit=-1.712
A:V102I	B:V299I	logit=-2.148

Top tied mutations (C + D view):
C:V218L	D:V491L	logit=-0.457
C:K191R	D:K464R	logit=-0.557
C:S180T	D:S453T	logit=-0.665
C:T42V	D:T315V	logit=-0.740
C:N51P	D:N324P	logit=-0.848

Top tied mutations (A + B view):
A:T18V	B:T215V	logit=-0.533
A:N55S	B:N252S	logit=-0.664
A:N54V	B:N251V	logit=-1.307
A:E100V	B:E297V	logit=-1.784
A:V102I	B:V299I	logit=-2.094

Top tied mutations (C + D view):
C:V218L	D:V491L	logit=-0.445
C:K191R	D:K464R	logit=-0.549
C:S180T	D:S453T	logit=-0.657
C:T42V	D:T315V	logit=-0.770
C:S89A	D:S362A	logit=-0.796

Top tied mutations (A + B view):
A:T18V	B:T215V	logit=-0.532
A:N55S	B:N252S	logit=-0.639
A:N54V	B:N251V	logit=-1.072
A:E100V	B:E297V	logit=-1.727
A:V102I	B:V299I	logit=-2.219

Top tied mutations (C + D view):
C:V218L	D:V491L	logit=-0.404
C:K191R	D:K464R	logit=-0.547
C:S180T	D:S453T	logit=-0.630
C:T42V	D:T315V	logit=-0.701
C:N51P	D:N324P	logit=-0.772

Top tied mutations (A + B view):
A:T18V	B:T215V	logit=-0.628
A:N55S	B:N252S	logit=-0.692
A:N54V	B:N251V	logit=-1.088
A:E100V	B:E297V	logit=-1.817
A:N57R	B:N254R	logit=-2.056

Top tied mutations (C + D view):
C:V218L	D:V491L	logit=-0.432
C:K191R	D:K464R	logit=-0.570
C:S180T	D:S453T	logit=-0.669
C:T42V	D:T315V	logit=-0.718
C:N51P	D:N324P	logit=-0.818

Top tied mutations (A + B view):
A:T18V	B:T215V	logit=-0.542
A:N55S	B:N252S	logit=-0.682
A:N54V	B:N251V	logit=-1.218
A:E100V	B:E297V	logit=-1.781
A:V102I	B:V299I	logit=-2.037

Top tied mutations (C + D view):
C:V218L	D:V491L	logit=-0.470
C:K191R	D:K464R	logit=-0.505
C:S180T	D:S453T	logit=-0.638
C:T42V	D:T315V	logit=-0.788
C:N51P	D:N324P	logit=-0.830

Top tied mutations (A + B view):
A:T18V	B:T215V	logit=-0.538
A:N55S	B:N252S	logit=-0.711
A:N54V	B:N251V	logit=-1.048
A:E100V	B:E297V	logit=-1.739
A:N57R	B:N254R	logit=-2.156

Top tied mutations (C + D view):
C:V218L	D:V491L	logit=-0.461
C:K191R	D:K464R	logit=-0.494
C:S180T	D:S453T	logit=-0.665
C:T42V	D:T315V	logit=-0.721
C:N51P	D:N324P	logit=-0.833

Top tied mutations (A + B view):
A:T18V	B:T215V	logit=-0.515
A:N55S	B:N252S	logit=-0.738
A:N54V	B:N251V	logit=-1.145
A:E100V	B:E297V	logit=-1.781
A:V102I	B:V299I	logit=-2.200

Top tied mutations (C + D view):
C:V218L	D:V491L	logit=-0.426
C:K191R	D:K464R	logit=-0.500
C:S180T	D:S453T	logit=-0.654
C:T42V	D:T315V	logit=-0.680
C:N219S	D:N492S	logit=-0.872

Top tied mutations (A + B view):
A:T18V	B:T215V	logit=-0.564
A:N55S	B:N252S	logit=-0.722
A:N54V	B:N251V	logit=-1.076
A:E100V	B:E297V	logit=-1.730
A:N54I	B:N251I	logit=-2.255

Top tied mutations (C + D view):
C:V218L	D:V491L	logit=-0.412
C:K191R	D:K464R	logit=-0.484
C:S180T	D:S453T	logit=-0.660
C:T42V	D:T315V	logit=-0.743
C:N51P	D:N324P	logit=-0.759

Top tied mutations (A + B view):
A:T18V	B:T215V	logit=-0.487
A:N55S	B:N252S	logit=-0.720
A:N54V	B:N251V	logit=-1.110
A:E100V	B:E297V	logit=-1.815
A:N54I	B:N251I	logit=-2.184

Top tied mutations (C + D view):
C:V218L	D:V491L	logit=-0.457
C:K191R	D:K464R	logit=-0.592
C:S180T	D:S453T	logit=-0.642
C:T42V	D:T315V	logit=-0.707
C:N51P	D:N324P	logit=-0.761

Top tied mutations (A + B view):
A:T18V	B:T215V	logit=-0.476
A:N55S	B:N252S	logit=-0.743
A:N54V	B:N251V	logit=-1.004
A:E100V	B:E297V	logit=-1.738
A:V102I	B:V299I	logit=-2.066

Top tied mutations (C + D view):
C:V218L	D:V491L	logit=-0.418
C:K191R	D:K464R	logit=-0.571
C:S180T	D:S453T	logit=-0.650
C:T42V	D:T315V	logit=-0.770
C:N51P	D:N324P	logit=-0.789

Top tied mutations (A + B view):
A:T18V	B:T215V	logit=-0.491
A:N55S	B:N252S	logit=-0.665
A:N54V	B:N251V	logit=-1.282
A:E100V	B:E297V	logit=-1.792
A:N57R	B:N254R	logit=-2.134

Top tied mutations (C + D view):
C:V218L	D:V491L	logit=-0.425
C:K191R	D:K464R	logit=-0.532
C:S180T	D:S453T	logit=-0.693
C:T42V	D:T315V	logit=-0.748
C:N51P	D:N324P	logit=-0.837

Top tied mutations (A + B view):
A:T18V	B:T215V	logit=-0.525
A:N55S	B:N252S	logit=-0.696
A:N54V	B:N251V	logit=-1.069
A:E100V	B:E297V	logit=-1.697
A:V102I	B:V299I	logit=-2.221

Top tied mutations (C + D view):
C:V218L	D:V491L	logit=-0.412
C:K191R	D:K464R	logit=-0.586
C:S180T	D:S453T	logit=-0.676
C:T42V	D:T315V	logit=-0.724
C:N51P	D:N324P	logit=-0.861

Top tied mutations (A + B view):
A:T18V	B:T215V	logit=-0.530
A:N55S	B:N252S	logit=-0.731
A:N54V	B:N251V	logit=-0.990
A:E100V	B:E297V	logit=-1.757
A:V102I	B:V299I	logit=-2.110

Top tied mutations (C + D view):
C:V218L	D:V491L	logit=-0.422
C:K191R	D:K464R	logit=-0.531
C:S180T	D:S453T	logit=-0.654
C:T42V	D:T315V	logit=-0.785
C:N51P	D:N324P	logit=-0.810

Top tied mutations (A + B view):
A:T18V	B:T215V	logit=-0.590
A:N55S	B:N252S	logit=-0.747
A:N54V	B:N251V	logit=-1.151
A:E100V	B:E297V	logit=-1.838
A:N54I	B:N251I	logit=-2.121

Top tied mutations (C + D view):
C:V218L	D:V491L	logit=-0.427
C:K191R	D:K464R	logit=-0.582
C:S180T	D:S453T	logit=-0.662
C:T42V	D:T315V	logit=-0.705
C:N51P	D:N324P	logit=-0.918

Top tied mutations (A + B view):
A:T18V	B:T215V	logit=-0.564
A:N55S	B:N252S	logit=-0.765
A:N54V	B:N251V	logit=-1.093
A:E100V	B:E297V	logit=-1.750
A:V102I	B:V299I	logit=-2.057

Top tied mutations (C + D view):
C:V218L	D:V491L	logit=-0.455
C:K191R	D:K464R	logit=-0.572
C:S180T	D:S453T	logit=-0.657
C:T42V	D:T315V	logit=-0.709
C:N51P	D:N324P	logit=-0.819

Top tied mutations (A + B view):
A:T18V	B:T215V	logit=-0.500
A:N55S	B:N252S	logit=-0.663
A:N54V	B:N251V	logit=-1.176
A:E100V	B:E297V	logit=-1.788
A:V102I	B:V299I	logit=-2.148

Top tied mutations (C + D view):
C:V218L	D:V491L	logit=-0.475
C:K191R	D:K464R	logit=-0.554
C:S180T	D:S453T	logit=-0.678
C:T42V	D:T315V	logit=-0.770
C:N51P	D:N324P	logit=-0.841

Top tied mutations (A + B view):
A:T18V	B:T215V	logit=-0.551
A:N55S	B:N252S	logit=-0.789
A:N54V	B:N251V	logit=-1.217
A:E100V	B:E297V	logit=-1.767
A:V102I	B:V299I	logit=-2.133

Top tied mutations (C + D view):
C:V218L	D:V491L	logit=-0.447
C:K191R	D:K464R	logit=-0.526
C:S180T	D:S453T	logit=-0.645
C:T42V	D:T315V	logit=-0.700
C:N51P	D:N324P	logit=-0.785

Top tied mutations (A + B view):
A:T18V	B:T215V	logit=-0.578
A:N55S	B:N252S	logit=-0.729
A:N54V	B:N251V	logit=-1.031
A:E100V	B:E297V	logit=-1.792
A:V102I	B:V299I	logit=-2.165

Top tied mutations (C + D view):
C:V218L	D:V491L	logit=-0.440
C:K191R	D:K464R	logit=-0.522
C:S180T	D:S453T	logit=-0.671
C:T42V	D:T315V	logit=-0.715
C:N51P	D:N324P	logit=-0.853

Top tied mutations (A + B view):
A:T18V	B:T215V	logit=-0.515
A:N55S	B:N252S	logit=-0.661
A:N54V	B:N251V	logit=-1.064
A:E100V	B:E297V	logit=-1.707
A:V102I	B:V299I	logit=-2.150

Top tied mutations (C + D view):
C:V218L	D:V491L	logit=-0.462
C:K191R	D:K464R	logit=-0.549
C:S180T	D:S453T	logit=-0.661
C:T42V	D:T315V	logit=-0.743
C:N51P	D:N324P	logit=-0.829

Top tied mutations (A + B view):
A:T18V	B:T215V	logit=-0.552
A:N55S	B:N252S	logit=-0.696
A:N54V	B:N251V	logit=-1.069
A:E100V	B:E297V	logit=-1.950
A:N57R	B:N254R	logit=-2.014

Top tied mutations (C + D view):
C:V218L	D:V491L	logit=-0.442
C:K191R	D:K464R	logit=-0.546
C:S180T	D:S453T	logit=-0.662
C:T42V	D:T315V	logit=-0.790
C:N51P	D:N324P	logit=-0.861

Top tied mutations (A + B view):
A:T18V	B:T215V	logit=-0.536
A:N55S	B:N252S	logit=-0.685
A:N54V	B:N251V	logit=-1.122
A:E100V	B:E297V	logit=-1.774
A:V102I	B:V299I	logit=-2.136

Top tied mutations (C + D view):
C:V218L	D:V491L	logit=-0.441
C:K191R	D:K464R	logit=-0.534
C:S180T	D:S453T	logit=-0.651
C:T42V	D:T315V	logit=-0.708
C:S89A	D:S362A	logit=-0.907

Top tied mutations (A + B view):
A:T18V	B:T215V	logit=-0.602
A:N55S	B:N252S	logit=-0.735
A:N54V	B:N251V	logit=-1.169
A:E100V	B:E297V	logit=-1.699
A:N57R	B:N254R	logit=-2.113

Top tied mutations (C + D view):
C:V218L	D:V491L	logit=-0.425
C:K191R	D:K464R	logit=-0.568
C:S180T	D:S453T	logit=-0.629
C:T42V	D:T315V	logit=-0.759
C:N51P	D:N324P	logit=-0.831

Top tied mutations (A + B view):
A:T18V	B:T215V	logit=-0.559
A:N55S	B:N252S	logit=-0.710
A:N54V	B:N251V	logit=-1.130
A:E100V	B:E297V	logit=-1.787
A:R61K	B:R258K	logit=-2.223

Top tied mutations (C + D view):
C:V218L	D:V491L	logit=-0.462
C:K191R	D:K464R	logit=-0.524
C:S180T	D:S453T	logit=-0.644
C:T42V	D:T315V	logit=-0.700
C:N51P	D:N324P	logit=-0.880

Top tied mutations (A + B view):
A:T18V	B:T215V	logit=-0.592
A:N55S	B:N252S	logit=-0.753
A:N54V	B:N251V	logit=-1.134
A:E100V	B:E297V	logit=-1.681
A:N54I	B:N251I	logit=-2.186

Top tied mutations (C + D view):
C:V218L	D:V491L	logit=-0.465
C:K191R	D:K464R	logit=-0.557
C:S180T	D:S453T	logit=-0.657
C:T42V	D:T315V	logit=-0.706
C:S89A	D:S362A	logit=-0.871

Top tied mutations (A + B view):
A:T18V	B:T215V	logit=-0.529
A:N55S	B:N252S	logit=-0.702
A:N54V	B:N251V	logit=-1.121
A:E100V	B:E297V	logit=-1.841
A:V102I	B:V299I	logit=-2.138

Top tied mutations (C + D view):
C:V218L	D:V491L	logit=-0.451
C:K191R	D:K464R	logit=-0.540
C:S180T	D:S453T	logit=-0.652
C:T42V	D:T315V	logit=-0.703
C:S89A	D:S362A	logit=-0.886

Top tied mutations (A + B view):
A:T18V	B:T215V	logit=-0.500
A:N55S	B:N252S	logit=-0.730
A:N54V	B:N251V	logit=-1.064
A:E100V	B:E297V	logit=-1.779
A:V102I	B:V299I	logit=-2.223

Top tied mutations (C + D view):
C:V218L	D:V491L	logit=-0.441
C:K191R	D:K464R	logit=-0.562
C:S180T	D:S453T	logit=-0.669
C:T42V	D:T315V	logit=-0.685
C:N51P	D:N324P	logit=-0.740

Top tied mutations (A + B view):
A:T18V	B:T215V	logit=-0.556
A:N55S	B:N252S	logit=-0.682
A:N54V	B:N251V	logit=-1.053
A:E100V	B:E297V	logit=-1.818
A:N57R	B:N254R	logit=-2.141

Top tied mutations (C + D view):
C:V218L	D:V491L	logit=-0.455
C:K191R	D:K464R	logit=-0.536
C:S180T	D:S453T	logit=-0.653
C:T42V	D:T315V	logit=-0.766
C:N51P	D:N324P	logit=-0.818

Top tied mutations (A + B view):
A:T18V	B:T215V	logit=-0.540
A:N55S	B:N252S	logit=-0.726
A:N54V	B:N251V	logit=-1.136
A:E100V	B:E297V	logit=-1.747
A:V102I	B:V299I	logit=-2.124

Top tied mutations (C + D view):
C:V218L	D:V491L	logit=-0.441
C:K191R	D:K464R	logit=-0.545
C:S180T	D:S453T	logit=-0.656
C:T42V	D:T315V	logit=-0.689
C:N51P	D:N324P	logit=-0.748

Top tied mutations (A + B view):
A:T18V	B:T215V	logit=-0.465
A:N55S	B:N252S	logit=-0.669
A:N54V	B:N251V	logit=-1.089
A:E100V	B:E297V	logit=-1.681
A:V102I	B:V299I	logit=-2.235

Top tied mutations (C + D view):
C:V218L	D:V491L	logit=-0.466
C:K191R	D:K464R	logit=-0.506
C:S180T	D:S453T	logit=-0.680
C:T42V	D:T315V	logit=-0.790
C:S89A	D:S362A	logit=-0.810

Top tied mutations (A + B view):
A:T18V	B:T215V	logit=-0.556
A:N55S	B:N252S	logit=-0.723
A:N54V	B:N251V	logit=-1.101
A:E100V	B:E297V	logit=-1.768
A:N54I	B:N251I	logit=-2.061

Top tied mutations (C + D view):
C:V218L	D:V491L	logit=-0.473
C:K191R	D:K464R	logit=-0.550
C:S180T	D:S453T	logit=-0.662
C:T42V	D:T315V	logit=-0.773
C:N51P	D:N324P	logit=-0.894

Top tied mutations (A + B view):
A:T18V	B:T215V	logit=-0.535
A:N55S	B:N252S	logit=-0.629
A:N54V	B:N251V	logit=-1.077
A:E100V	B:E297V	logit=-1.653
A:R61K	B:R258K	logit=-2.130

Top tied mutations (C + D view):
C:V218L	D:V491L	logit=-0.455
C:K191R	D:K464R	logit=-0.490
C:S180T	D:S453T	logit=-0.654
C:T42V	D:T315V	logit=-0.723
C:N51P	D:N324P	logit=-0.765

Top tied mutations (A + B view):
A:T18V	B:T215V	logit=-0.535
A:N55S	B:N252S	logit=-0.751
A:N54V	B:N251V	logit=-1.161
A:E100V	B:E297V	logit=-1.722
A:V102I	B:V299I	logit=-2.136

Top tied mutations (C + D view):
C:V218L	D:V491L	logit=-0.407
C:K191R	D:K464R	logit=-0.539
C:S180T	D:S453T	logit=-0.634
C:T42V	D:T315V	logit=-0.683
C:N51P	D:N324P	logit=-0.836

Top tied mutations (A + B view):
A:T18V	B:T215V	logit=-0.539
A:N55S	B:N252S	logit=-0.793
A:N54V	B:N251V	logit=-1.132
A:E100V	B:E297V	logit=-1.771
A:N54I	B:N251I	logit=-2.042

Top tied mutations (C + D view):
C:V218L	D:V491L	logit=-0.471
C:K191R	D:K464R	logit=-0.535
C:S180T	D:S453T	logit=-0.657
C:T42V	D:T315V	logit=-0.721
C:N51P	D:N324P	logit=-0.761

Top tied mutations (A + B view):
A:T18V	B:T215V	logit=-0.616
A:N55S	B:N252S	logit=-0.724
A:N54V	B:N251V	logit=-1.157
A:E100V	B:E297V	logit=-1.822
A:N57R	B:N254R	logit=-2.074

Top tied mutations (C + D view):
C:V218L	D:V491L	logit=-0.487
C:K191R	D:K464R	logit=-0.607
C:S180T	D:S453T	logit=-0.639
C:T42V	D:T315V	logit=-0.779
C:N51P	D:N324P	logit=-0.812

Top tied mutations (A + B view):
A:T18V	B:T215V	logit=-0.526
A:N55S	B:N252S	logit=-0.695
A:N54V	B:N251V	logit=-1.079
A:E100V	B:E297V	logit=-1.828
A:N57R	B:N254R	logit=-2.072

Top tied mutations (C + D view):
C:V218L	D:V491L	logit=-0.484
C:K191R	D:K464R	logit=-0.620
C:S180T	D:S453T	logit=-0.643
C:T42V	D:T315V	logit=-0.703
C:N51P	D:N324P	logit=-0.843

Top tied mutations (A + B view):
A:N55S	B:N252S	logit=-0.640
A:T18V	B:T215V	logit=-0.644
A:N54V	B:N251V	logit=-1.064
A:E100V	B:E297V	logit=-1.644
A:N57R	B:N254R	logit=-2.095

Top tied mutations (C + D view):
C:V218L	D:V491L	logit=-0.459
C:K191R	D:K464R	logit=-0.517
C:S180T	D:S453T	logit=-0.644
C:T42V	D:T315V	logit=-0.714
C:N51P	D:N324P	logit=-0.815

Top tied mutations (A + B view):
A:T18V	B:T215V	logit=-0.523
A:N55S	B:N252S	logit=-0.728
A:N54V	B:N251V	logit=-1.102
A:E100V	B:E297V	logit=-1.856
A:V102I	B:V299I	logit=-2.039

Top tied mutations (C + D view):
C:V218L	D:V491L	logit=-0.415
C:K191R	D:K464R	logit=-0.569
C:S180T	D:S453T	logit=-0.680
C:T42V	D:T315V	logit=-0.711
C:S89A	D:S362A	logit=-0.907

Top tied mutations (A + B view):
A:T18V	B:T215V	logit=-0.539
A:N55S	B:N252S	logit=-0.779
A:N54V	B:N251V	logit=-1.063
A:E100V	B:E297V	logit=-1.834
A:N57R	B:N254R	logit=-2.135

Top tied mutations (C + D view):
C:V218L	D:V491L	logit=-0.427
C:K191R	D:K464R	logit=-0.579
C:S180T	D:S453T	logit=-0.658
C:T42V	D:T315V	logit=-0.694
C:N51P	D:N324P	logit=-0.897

Top tied mutations (A + B view):
A:T18V	B:T215V	logit=-0.566
A:N55S	B:N252S	logit=-0.692
A:N54V	B:N251V	logit=-1.118
A:E100V	B:E297V	logit=-1.930
A:V102I	B:V299I	logit=-2.151

Top tied mutations (C + D view):
C:V218L	D:V491L	logit=-0.423
C:K191R	D:K464R	logit=-0.526
C:S180T	D:S453T	logit=-0.676
C:T42V	D:T315V	logit=-0.754
C:N51P	D:N324P	logit=-0.818

Top tied mutations (A + B view):
A:T18V	B:T215V	logit=-0.573
A:N55S	B:N252S	logit=-0.698
A:N54V	B:N251V	logit=-1.218
A:E100V	B:E297V	logit=-1.830
A:R61K	B:R258K	logit=-2.173

Top tied mutations (C + D view):
C:V218L	D:V491L	logit=-0.437
C:K191R	D:K464R	logit=-0.541
C:S180T	D:S453T	logit=-0.643
C:T42V	D:T315V	logit=-0.744
C:N51P	D:N324P	logit=-0.840

Top tied mutations (A + B view):
A:T18V	B:T215V	logit=-0.592
A:N55S	B:N252S	logit=-0.721
A:N54V	B:N251V	logit=-1.058
A:E100V	B:E297V	logit=-1.878
A:V102I	B:V299I	logit=-2.133

Top tied mutations (C + D view):
C:V218L	D:V491L	logit=-0.450
C:K191R	D:K464R	logit=-0.508
C:S180T	D:S453T	logit=-0.657
C:T42V	D:T315V	logit=-0.741
C:S89A	D:S362A	logit=-0.896

Top tied mutations (A + B view):
A:T18V	B:T215V	logit=-0.499
A:N55S	B:N252S	logit=-0.765
A:N54V	B:N251V	logit=-1.232
A:E100V	B:E297V	logit=-1.755
A:V58T	B:V255T	logit=-2.229

Top tied mutations (C + D view):
C:V218L	D:V491L	logit=-0.454
C:K191R	D:K464R	logit=-0.529
C:S180T	D:S453T	logit=-0.682
C:T42V	D:T315V	logit=-0.705
C:N51P	D:N324P	logit=-0.736

Top tied mutations (A + B view):
A:T18V	B:T215V	logit=-0.512
A:N55S	B:N252S	logit=-0.709
A:N54V	B:N251V	logit=-1.152
A:E100V	B:E297V	logit=-1.829
A:V102I	B:V299I	logit=-2.154

Top tied mutations (C + D view):
C:V218L	D:V491L	logit=-0.430
C:K191R	D:K464R	logit=-0.520
C:S180T	D:S453T	logit=-0.665
C:T42V	D:T315V	logit=-0.775
C:N51P	D:N324P	logit=-0.807

Top tied mutations (A + B view):
A:T18V	B:T215V	logit=-0.574
A:N55S	B:N252S	logit=-0.751
A:N54V	B:N251V	logit=-1.047
A:E100V	B:E297V	logit=-1.757
A:N54I	B:N251I	logit=-2.075

Top tied mutations (C + D view):
C:V218L	D:V491L	logit=-0.439
C:K191R	D:K464R	logit=-0.555
C:S180T	D:S453T	logit=-0.666
C:T42V	D:T315V	logit=-0.724
C:N51P	D:N324P	logit=-0.862

Top tied mutations (A + B view):
A:T18V	B:T215V	logit=-0.562
A:N55S	B:N252S	logit=-0.734
A:N54V	B:N251V	logit=-1.095
A:E100V	B:E297V	logit=-1.813
A:N57R	B:N254R	logit=-2.119

Top tied mutations (C + D view):
C:V218L	D:V491L	logit=-0.437
C:K191R	D:K464R	logit=-0.561
C:S180T	D:S453T	logit=-0.664
C:T42V	D:T315V	logit=-0.709
C:N51P	D:N324P	logit=-0.799

Top tied mutations (A + B view):
A:T18V	B:T215V	logit=-0.628
A:N55S	B:N252S	logit=-0.672
A:N54V	B:N251V	logit=-1.120
A:E100V	B:E297V	logit=-1.871
A:N57R	B:N254R	logit=-2.112

Top tied mutations (C + D view):
C:V218L	D:V491L	logit=-0.428
C:K191R	D:K464R	logit=-0.574
C:S180T	D:S453T	logit=-0.666
C:T42V	D:T315V	logit=-0.812
C:S89A	D:S362A	logit=-0.837

Top tied mutations (A + B view):
A:T18V	B:T215V	logit=-0.546
A:N55S	B:N252S	logit=-0.726
A:N54V	B:N251V	logit=-1.207
A:E100V	B:E297V	logit=-1.771
A:V102I	B:V299I	logit=-2.183

Top tied mutations (C + D view):
C:V218L	D:V491L	logit=-0.434
C:K191R	D:K464R	logit=-0.523
C:S180T	D:S453T	logit=-0.634
C:T42V	D:T315V	logit=-0.738
C:N51P	D:N324P	logit=-0.886

Top tied mutations (A + B view):
A:T18V	B:T215V	logit=-0.560
A:N55S	B:N252S	logit=-0.744
A:N54V	B:N251V	logit=-0.967
A:E100V	B:E297V	logit=-1.814
A:V102I	B:V299I	logit=-2.092

Top tied mutations (C + D view):
C:V218L	D:V491L	logit=-0.410
C:K191R	D:K464R	logit=-0.614
C:S180T	D:S453T	logit=-0.661
C:T42V	D:T315V	logit=-0.758
C:N51P	D:N324P	logit=-0.772

Top tied mutations (A + B view):
A:T18V	B:T215V	logit=-0.571
A:N55S	B:N252S	logit=-0.808
A:N54V	B:N251V	logit=-1.063
A:E100V	B:E297V	logit=-1.847
A:V102I	B:V299I	logit=-2.000

Top tied mutations (C + D view):
C:V218L	D:V491L	logit=-0.407
C:K191R	D:K464R	logit=-0.543
C:S180T	D:S453T	logit=-0.657
C:T42V	D:T315V	logit=-0.773
C:N51P	D:N324P	logit=-0.913

Top tied mutations (A + B view):
A:T18V	B:T215V	logit=-0.520
A:N55S	B:N252S	logit=-0.744
A:N54V	B:N251V	logit=-1.082
A:E100V	B:E297V	logit=-1.682
A:N54I	B:N251I	logit=-1.950

Top tied mutations (C + D view):
C:V218L	D:V491L	logit=-0.434
C:K191R	D:K464R	logit=-0.619
C:S180T	D:S453T	logit=-0.683
C:T42V	D:T315V	logit=-0.700
C:N51P	D:N324P	logit=-0.855

Top tied mutations (A + B view):
A:T18V	B:T215V	logit=-0.490
A:N55S	B:N252S	logit=-0.707
A:N54V	B:N251V	logit=-1.141
A:E100V	B:E297V	logit=-1.774
A:V102I	B:V299I	logit=-2.185

Top tied mutations (C + D view):
C:V218L	D:V491L	logit=-0.469
C:K191R	D:K464R	logit=-0.623
C:S180T	D:S453T	logit=-0.656
C:T42V	D:T315V	logit=-0.772
C:N51P	D:N324P	logit=-0.838

Top tied mutations (A + B view):
A:T18V	B:T215V	logit=-0.572
A:N55S	B:N252S	logit=-0.701
A:N54V	B:N251V	logit=-1.244
A:E100V	B:E297V	logit=-1.832
A:V102I	B:V299I	logit=-2.029

Top tied mutations (C + D view):
C:V218L	D:V491L	logit=-0.488
C:K191R	D:K464R	logit=-0.547
C:S180T	D:S453T	logit=-0.653
C:T42V	D:T315V	logit=-0.783
C:N51P	D:N324P	logit=-0.810

Top tied mutations (A + B view):
A:T18V	B:T215V	logit=-0.554
A:N55S	B:N252S	logit=-0.649
A:N54V	B:N251V	logit=-1.104
A:E100V	B:E297V	logit=-1.828
A:V102I	B:V299I	logit=-2.119

Top tied mutations (C + D view):
C:V218L	D:V491L	logit=-0.442
C:K191R	D:K464R	logit=-0.567
C:S180T	D:S453T	logit=-0.695
C:T42V	D:T315V	logit=-0.712
C:S89A	D:S362A	logit=-0.838

Top tied mutations (A + B view):
A:T18V	B:T215V	logit=-0.564
A:N55S	B:N252S	logit=-0.743
A:N54V	B:N251V	logit=-1.131
A:E100V	B:E297V	logit=-1.783
A:V102I	B:V299I	logit=-2.106

Top tied mutations (C + D view):
C:V218L	D:V491L	logit=-0.460
C:K191R	D:K464R	logit=-0.561
C:S180T	D:S453T	logit=-0.646
C:T42V	D:T315V	logit=-0.725
C:N51P	D:N324P	logit=-0.822

Top tied mutations (A + B view):
A:T18V	B:T215V	logit=-0.609
A:N55S	B:N252S	logit=-0.764
A:N54V	B:N251V	logit=-1.137
A:E100V	B:E297V	logit=-1.729
A:N54I	B:N251I	logit=-2.121

Top tied mutations (C + D view):
C:V218L	D:V491L	logit=-0.452
C:K191R	D:K464R	logit=-0.503
C:S180T	D:S453T	logit=-0.671
C:T42V	D:T315V	logit=-0.717
C:N51P	D:N324P	logit=-0.839

Top tied mutations (A + B view):
A:T18V	B:T215V	logit=-0.539
A:N55S	B:N252S	logit=-0.653
A:N54V	B:N251V	logit=-1.205
A:E100V	B:E297V	logit=-1.758
A:V102I	B:V299I	logit=-2.137

Top tied mutations (C + D view):
C:V218L	D:V491L	logit=-0.451
C:K191R	D:K464R	logit=-0.538
C:S180T	D:S453T	logit=-0.660
C:T42V	D:T315V	logit=-0.772
C:N51P	D:N324P	logit=-0.878

Top tied mutations (A + B view):
A:T18V	B:T215V	logit=-0.598
A:N55S	B:N252S	logit=-0.692
A:N54V	B:N251V	logit=-1.033
A:E100V	B:E297V	logit=-1.793
A:V102I	B:V299I	logit=-2.192

Top tied mutations (C + D view):
C:V218L	D:V491L	logit=-0.436
C:K191R	D:K464R	logit=-0.526
C:S180T	D:S453T	logit=-0.682
C:T42V	D:T315V	logit=-0.746
C:S89A	D:S362A	logit=-0.901

Top tied mutations (A + B view):
A:T18V	B:T215V	logit=-0.548
A:N55S	B:N252S	logit=-0.793
A:N54V	B:N251V	logit=-1.133
A:E100V	B:E297V	logit=-1.617
A:N54I	B:N251I	logit=-2.052

Top tied mutations (C + D view):
C:V218L	D:V491L	logit=-0.500
C:K191R	D:K464R	logit=-0.596
C:S180T	D:S453T	logit=-0.660
C:T42V	D:T315V	logit=-0.751
C:N219S	D:N492S	logit=-0.907

Top tied mutations (A + B view):
A:T18V	B:T215V	logit=-0.521
A:N55S	B:N252S	logit=-0.667
A:N54V	B:N251V	logit=-1.039
A:E100V	B:E297V	logit=-1.736
A:V102I	B:V299I	logit=-2.235

Top tied mutations (C + D view):
C:V218L	D:V491L	logit=-0.409
C:K191R	D:K464R	logit=-0.557
C:S180T	D:S453T	logit=-0.648
C:T42V	D:T315V	logit=-0.738
C:N51P	D:N324P	logit=-0.817

Top tied mutations (A + B view):
A:T18V	B:T215V	logit=-0.555
A:N55S	B:N252S	logit=-0.714
A:N54V	B:N251V	logit=-1.281
A:E100V	B:E297V	logit=-1.689
A:N57R	B:N254R	logit=-2.231

Top tied mutations (C + D view):
C:V218L	D:V491L	logit=-0.445
C:K191R	D:K464R	logit=-0.555
C:S180T	D:S453T	logit=-0.653
C:T42V	D:T315V	logit=-0.792
C:N51P	D:N324P	logit=-0.839

Top tied mutations (A + B view):
A:T18V	B:T215V	logit=-0.559
A:N55S	B:N252S	logit=-0.732
A:N54V	B:N251V	logit=-1.096
A:E100V	B:E297V	logit=-1.701
A:N54I	B:N251I	logit=-2.178

Top tied mutations (C + D view):
C:V218L	D:V491L	logit=-0.452
C:K191R	D:K464R	logit=-0.565
C:S180T	D:S453T	logit=-0.653
C:T42V	D:T315V	logit=-0.780
C:N51P	D:N324P	logit=-0.827

Top tied mutations (A + B view):
A:T18V	B:T215V	logit=-0.575
A:N55S	B:N252S	logit=-0.760
A:N54V	B:N251V	logit=-0.962
A:E100V	B:E297V	logit=-1.757
A:V102I	B:V299I	logit=-2.164

Top tied mutations (C + D view):
C:V218L	D:V491L	logit=-0.477
C:K191R	D:K464R	logit=-0.566
C:S180T	D:S453T	logit=-0.659
C:T42V	D:T315V	logit=-0.811
C:A168P	D:A441P	logit=-0.906

Top tied mutations (A + B view):
A:T18V	B:T215V	logit=-0.521
A:N55S	B:N252S	logit=-0.712
A:N54V	B:N251V	logit=-1.241
A:E100V	B:E297V	logit=-1.743
A:V58T	B:V255T	logit=-2.205

Top tied mutations (C + D view):
C:V218L	D:V491L	logit=-0.412
C:K191R	D:K464R	logit=-0.506
C:S180T	D:S453T	logit=-0.654
C:T42V	D:T315V	logit=-0.729
C:N51P	D:N324P	logit=-0.789

Top tied mutations (A + B view):
A:T18V	B:T215V	logit=-0.535
A:N55S	B:N252S	logit=-0.696
A:N54V	B:N251V	logit=-1.031
A:E100V	B:E297V	logit=-1.856
A:N57R	B:N254R	logit=-2.110

Top tied mutations (C + D view):
C:V218L	D:V491L	logit=-0.423
C:K191R	D:K464R	logit=-0.543
C:S180T	D:S453T	logit=-0.663
C:T42V	D:T315V	logit=-0.780
C:S89A	D:S362A	logit=-0.888

Top tied mutations (A + B view):
A:T18V	B:T215V	logit=-0.516
A:N55S	B:N252S	logit=-0.695
A:N54V	B:N251V	logit=-1.199
A:E100V	B:E297V	logit=-1.803
A:N57R	B:N254R	logit=-2.150

Top tied mutations (C + D view):
C:V218L	D:V491L	logit=-0.412
C:K191R	D:K464R	logit=-0.584
C:S180T	D:S453T	logit=-0.662
C:T42V	D:T315V	logit=-0.732
C:S89A	D:S362A	logit=-0.841

Top tied mutations (A + B view):
A:T18V	B:T215V	logit=-0.495
A:N55S	B:N252S	logit=-0.724
A:N54V	B:N251V	logit=-1.037
A:E100V	B:E297V	logit=-1.771
A:N54I	B:N251I	logit=-2.077

Top tied mutations (C + D view):
C:V218L	D:V491L	logit=-0.442
C:K191R	D:K464R	logit=-0.533
C:S180T	D:S453T	logit=-0.654
C:T42V	D:T315V	logit=-0.697
C:N51P	D:N324P	logit=-0.851

Top tied mutations (A + B view):
A:T18V	B:T215V	logit=-0.585
A:N55S	B:N252S	logit=-0.731
A:N54V	B:N251V	logit=-1.099
A:E100V	B:E297V	logit=-1.874
A:V102I	B:V299I	logit=-2.113

Top tied mutations (C + D view):
C:V218L	D:V491L	logit=-0.439
C:K191R	D:K464R	logit=-0.520
C:S180T	D:S453T	logit=-0.659
C:T42V	D:T315V	logit=-0.755
C:N51P	D:N324P	logit=-0.878

Top tied mutations (A + B view):
A:T18V	B:T215V	logit=-0.513
A:N55S	B:N252S	logit=-0.646
A:N54V	B:N251V	logit=-0.980
A:E100V	B:E297V	logit=-1.882
A:V102I	B:V299I	logit=-2.136

Top tied mutations (C + D view):
C:V218L	D:V491L	logit=-0.437
C:K191R	D:K464R	logit=-0.536
C:S180T	D:S453T	logit=-0.635
C:T42V	D:T315V	logit=-0.733
C:N51P	D:N324P	logit=-0.869

Top tied mutations (A + B view):
A:T18V	B:T215V	logit=-0.549
A:N55S	B:N252S	logit=-0.639
A:N54V	B:N251V	logit=-1.089
A:E100V	B:E297V	logit=-1.841
A:N57R	B:N254R	logit=-2.187

Top tied mutations (C + D view):
C:V218L	D:V491L	logit=-0.417
C:K191R	D:K464R	logit=-0.538
C:S180T	D:S453T	logit=-0.660
C:T42V	D:T315V	logit=-0.724
C:N51P	D:N324P	logit=-0.788

Top tied mutations (A + B view):
A:T18V	B:T215V	logit=-0.497
A:N55S	B:N252S	logit=-0.652
A:N54V	B:N251V	logit=-1.034
A:E100V	B:E297V	logit=-1.760
A:N54I	B:N251I	logit=-2.060

Top tied mutations (C + D view):
C:V218L	D:V491L	logit=-0.481
C:K191R	D:K464R	logit=-0.561
C:S180T	D:S453T	logit=-0.660
C:T42V	D:T315V	logit=-0.724
C:N51P	D:N324P	logit=-0.812

Top tied mutations (A + B view):
A:T18V	B:T215V	logit=-0.590
A:N55S	B:N252S	logit=-0.762
A:N54V	B:N251V	logit=-1.107
A:E100V	B:E297V	logit=-1.795
A:V102I	B:V299I	logit=-2.202

Top tied mutations (C + D view):
C:V218L	D:V491L	logit=-0.433
C:K191R	D:K464R	logit=-0.578
C:S180T	D:S453T	logit=-0.664
C:N51P	D:N324P	logit=-0.747
C:T42V	D:T315V	logit=-0.762

Top tied mutations (A + B view):
A:T18V	B:T215V	logit=-0.552
A:N55S	B:N252S	logit=-0.757
A:N54V	B:N251V	logit=-1.190
A:E100V	B:E297V	logit=-1.764
A:V102I	B:V299I	logit=-2.009

Top tied mutations (C + D view):
C:V218L	D:V491L	logit=-0.499
C:K191R	D:K464R	logit=-0.547
C:S180T	D:S453T	logit=-0.640
C:T42V	D:T315V	logit=-0.750
C:N51P	D:N324P	logit=-0.839

Top tied mutations (A + B view):
A:T18V	B:T215V	logit=-0.590
A:N55S	B:N252S	logit=-0.649
A:N54V	B:N251V	logit=-1.113
A:E100V	B:E297V	logit=-1.824
A:N57R	B:N254R	logit=-2.131

Top tied mutations (C + D view):
C:V218L	D:V491L	logit=-0.441
C:K191R	D:K464R	logit=-0.537
C:S180T	D:S453T	logit=-0.647
C:T42V	D:T315V	logit=-0.749
C:N51P	D:N324P	logit=-0.840

Top tied mutations (A + B view):
A:T18V	B:T215V	logit=-0.571
A:N55S	B:N252S	logit=-0.681
A:N54V	B:N251V	logit=-1.110
A:E100V	B:E297V	logit=-1.800
A:V102I	B:V299I	logit=-2.133

Top tied mutations (C + D view):
C:V218L	D:V491L	logit=-0.467
C:K191R	D:K464R	logit=-0.621
C:S180T	D:S453T	logit=-0.652
C:T42V	D:T315V	logit=-0.726
C:N51P	D:N324P	logit=-0.766

Top tied mutations (A + B view):
A:T18V	B:T215V	logit=-0.461
A:N55S	B:N252S	logit=-0.689
A:N54V	B:N251V	logit=-1.183
A:E100V	B:E297V	logit=-1.689
A:V102I	B:V299I	logit=-2.200

Top tied mutations (C + D view):
C:V218L	D:V491L	logit=-0.459
C:K191R	D:K464R	logit=-0.607
C:S180T	D:S453T	logit=-0.671
C:T42V	D:T315V	logit=-0.721
C:S89A	D:S362A	logit=-0.805

Top tied mutations (A + B view):
A:T18V	B:T215V	logit=-0.545
A:N55S	B:N252S	logit=-0.716
A:N54V	B:N251V	logit=-1.009
A:E100V	B:E297V	logit=-1.797
A:V58T	B:V255T	logit=-2.228

Top tied mutations (C + D view):
C:V218L	D:V491L	logit=-0.469
C:K191R	D:K464R	logit=-0.580
C:S180T	D:S453T	logit=-0.656
C:T42V	D:T315V	logit=-0.698
C:N51P	D:N324P	logit=-0.851

Top tied mutations (A + B view):
A:T18V	B:T215V	logit=-0.505
A:N55S	B:N252S	logit=-0.735
A:N54V	B:N251V	logit=-1.130
A:E100V	B:E297V	logit=-1.853
A:N57R	B:N254R	logit=-1.974

Top tied mutations (C + D view):
C:V218L	D:V491L	logit=-0.472
C:K191R	D:K464R	logit=-0.569
C:S180T	D:S453T	logit=-0.683
C:T42V	D:T315V	logit=-0.733
C:N51P	D:N324P	logit=-0.803

Top tied mutations (A + B view):
A:T18V	B:T215V	logit=-0.527
A:N55S	B:N252S	logit=-0.704
A:N54V	B:N251V	logit=-1.234
A:E100V	B:E297V	logit=-1.773
A:V102I	B:V299I	logit=-2.263

Top tied mutations (C + D view):
C:V218L	D:V491L	logit=-0.395
C:K191R	D:K464R	logit=-0.560
C:S180T	D:S453T	logit=-0.658
C:T42V	D:T315V	logit=-0.727
C:N51P	D:N324P	logit=-0.779

Top tied mutations (A + B view):
A:T18V	B:T215V	logit=-0.534
A:N55S	B:N252S	logit=-0.722
A:N54V	B:N251V	logit=-1.101
A:E100V	B:E297V	logit=-1.658
A:V102I	B:V299I	logit=-2.116

Top tied mutations (C + D view):
C:V218L	D:V491L	logit=-0.416
C:K191R	D:K464R	logit=-0.527
C:S180T	D:S453T	logit=-0.677
C:T42V	D:T315V	logit=-0.742
C:N51P	D:N324P	logit=-0.839

Top tied mutations (A + B view):
A:T18V	B:T215V	logit=-0.602
A:N55S	B:N252S	logit=-0.687
A:N54V	B:N251V	logit=-1.049
A:E100V	B:E297V	logit=-1.680
A:N54I	B:N251I	logit=-2.131

Top tied mutations (C + D view):
C:V218L	D:V491L	logit=-0.447
C:K191R	D:K464R	logit=-0.599
C:S180T	D:S453T	logit=-0.649
C:N51P	D:N324P	logit=-0.795
C:T42V	D:T315V	logit=-0.807

Top tied mutations (A + B view):
A:T18V	B:T215V	logit=-0.583
A:N55S	B:N252S	logit=-0.708
A:N54V	B:N251V	logit=-1.045
A:E100V	B:E297V	logit=-1.792
A:N57R	B:N254R	logit=-2.121

Top tied mutations (C + D view):
C:V218L	D:V491L	logit=-0.401
C:K191R	D:K464R	logit=-0.547
C:S180T	D:S453T	logit=-0.647
C:T42V	D:T315V	logit=-0.736
C:N51P	D:N324P	logit=-0.778

Top tied mutations (A + B view):
A:T18V	B:T215V	logit=-0.578
A:N55S	B:N252S	logit=-0.672
A:N54V	B:N251V	logit=-1.051
A:E100V	B:E297V	logit=-1.781
A:V102I	B:V299I	logit=-2.128

Top tied mutations (C + D view):
C:V218L	D:V491L	logit=-0.413
C:K191R	D:K464R	logit=-0.621
C:S180T	D:S453T	logit=-0.703
C:T42V	D:T315V	logit=-0.707
C:N51P	D:N324P	logit=-0.793

Top tied mutations (A + B view):
A:T18V	B:T215V	logit=-0.514
A:N55S	B:N252S	logit=-0.745
A:N54V	B:N251V	logit=-1.167
A:E100V	B:E297V	logit=-1.733
A:V102I	B:V299I	logit=-2.106

Top tied mutations (C + D view):
C:V218L	D:V491L	logit=-0.463
C:K191R	D:K464R	logit=-0.540
C:S180T	D:S453T	logit=-0.666
C:T42V	D:T315V	logit=-0.693
C:N51P	D:N324P	logit=-0.864

Top tied mutations (A + B view):
A:T18V	B:T215V	logit=-0.558
A:N55S	B:N252S	logit=-0.704
A:N54V	B:N251V	logit=-1.118
A:E100V	B:E297V	logit=-1.888
A:V102I	B:V299I	logit=-2.103

Top tied mutations (C + D view):
C:V218L	D:V491L	logit=-0.417
C:K191R	D:K464R	logit=-0.533
C:S180T	D:S453T	logit=-0.645
C:T42V	D:T315V	logit=-0.725
C:N51P	D:N324P	logit=-0.863

Top tied mutations (A + B view):
A:T18V	B:T215V	logit=-0.545
A:N55S	B:N252S	logit=-0.734
A:N54V	B:N251V	logit=-1.086
A:E100V	B:E297V	logit=-1.761
A:V102I	B:V299I	logit=-2.120

Top tied mutations (C + D view):
C:V218L	D:V491L	logit=-0.456
C:K191R	D:K464R	logit=-0.565
C:S180T	D:S453T	logit=-0.652
C:T42V	D:T315V	logit=-0.714
C:N51P	D:N324P	logit=-0.845

Top tied mutations (A + B view):
A:T18V	B:T215V	logit=-0.540
A:N55S	B:N252S	logit=-0.712
A:N54V	B:N251V	logit=-1.010
A:E100V	B:E297V	logit=-1.827
A:N57R	B:N254R	logit=-2.147

Top tied mutations (C + D view):
C:V218L	D:V491L	logit=-0.472
C:K191R	D:K464R	logit=-0.531
C:S180T	D:S453T	logit=-0.669
C:T42V	D:T315V	logit=-0.744
C:N51P	D:N324P	logit=-0.797

Top tied mutations (A + B view):
A:T18V	B:T215V	logit=-0.467
A:N55S	B:N252S	logit=-0.674
A:N54V	B:N251V	logit=-1.283
A:E100V	B:E297V	logit=-1.760
A:V102I	B:V299I	logit=-2.188

Top tied mutations (C + D view):
C:V218L	D:V491L	logit=-0.460
C:K191R	D:K464R	logit=-0.513
C:S180T	D:S453T	logit=-0.636
C:T42V	D:T315V	logit=-0.779
C:N51P	D:N324P	logit=-0.870

Top tied mutations (A + B view):
A:T18V	B:T215V	logit=-0.568
A:N55S	B:N252S	logit=-0.679
A:N54V	B:N251V	logit=-1.107
A:E100V	B:E297V	logit=-1.833
A:N54I	B:N251I	logit=-2.040

Top tied mutations (C + D view):
C:K191R	D:K464R	logit=-0.484
C:V218L	D:V491L	logit=-0.484
C:S180T	D:S453T	logit=-0.658
C:T42V	D:T315V	logit=-0.726
C:N51P	D:N324P	logit=-0.817

Top tied mutations (A + B view):
A:T18V	B:T215V	logit=-0.495
A:N55S	B:N252S	logit=-0.668
A:N54V	B:N251V	logit=-1.086
A:E100V	B:E297V	logit=-1.859
A:N54I	B:N251I	logit=-2.189

Top tied mutations (C + D view):
C:V218L	D:V491L	logit=-0.437
C:K191R	D:K464R	logit=-0.563
C:S180T	D:S453T	logit=-0.647
C:T42V	D:T315V	logit=-0.739
C:N51P	D:N324P	logit=-0.817

Top tied mutations (A + B view):
A:T18V	B:T215V	logit=-0.523
A:N55S	B:N252S	logit=-0.675
A:N54V	B:N251V	logit=-1.095
A:E100V	B:E297V	logit=-1.666
A:V102I	B:V299I	logit=-2.086

Top tied mutations (C + D view):
C:V218L	D:V491L	logit=-0.465
C:K191R	D:K464R	logit=-0.518
C:S180T	D:S453T	logit=-0.680
C:T42V	D:T315V	logit=-0.761
C:N51P	D:N324P	logit=-0.828

Top tied mutations (A + B view):
A:T18V	B:T215V	logit=-0.539
A:N55S	B:N252S	logit=-0.643
A:N54V	B:N251V	logit=-1.192
A:E100V	B:E297V	logit=-1.812
A:V102I	B:V299I	logit=-2.194

Top tied mutations (C + D view):
C:V218L	D:V491L	logit=-0.493
C:K191R	D:K464R	logit=-0.599
C:S180T	D:S453T	logit=-0.666
C:T42V	D:T315V	logit=-0.764
C:N51P	D:N324P	logit=-0.870

Top tied mutations (A + B view):
A:T18V	B:T215V	logit=-0.543
A:N55S	B:N252S	logit=-0.774
A:N54V	B:N251V	logit=-1.011
A:E100V	B:E297V	logit=-1.676
A:N54I	B:N251I	logit=-1.936

Top tied mutations (C + D view):
C:V218L	D:V491L	logit=-0.426
C:K191R	D:K464R	logit=-0.519
C:S180T	D:S453T	logit=-0.645
C:T42V	D:T315V	logit=-0.701
C:N51P	D:N324P	logit=-0.826

Top tied mutations (A + B view):
A:T18V	B:T215V	logit=-0.568
A:N55S	B:N252S	logit=-0.743
A:N54V	B:N251V	logit=-1.085
A:E100V	B:E297V	logit=-1.861
A:N57R	B:N254R	logit=-2.126

Top tied mutations (C + D view):
C:V218L	D:V491L	logit=-0.411
C:K191R	D:K464R	logit=-0.584
C:S180T	D:S453T	logit=-0.646
C:N51P	D:N324P	logit=-0.764
C:T42V	D:T315V	logit=-0.828

Top tied mutations (A + B view):
A:T18V	B:T215V	logit=-0.560
A:N55S	B:N252S	logit=-0.719
A:N54V	B:N251V	logit=-1.064
A:E100V	B:E297V	logit=-1.766
A:V102I	B:V299I	logit=-2.130

Top tied mutations (C + D view):
C:V218L	D:V491L	logit=-0.452
C:K191R	D:K464R	logit=-0.570
C:S180T	D:S453T	logit=-0.659
C:T42V	D:T315V	logit=-0.677
C:N51P	D:N324P	logit=-0.808

Top tied mutations (A + B view):
A:T18V	B:T215V	logit=-0.542
A:N55S	B:N252S	logit=-0.673
A:N54V	B:N251V	logit=-1.263
A:E100V	B:E297V	logit=-1.798
A:V102I	B:V299I	logit=-2.182

Top tied mutations (C + D view):
C:V218L	D:V491L	logit=-0.483
C:K191R	D:K464R	logit=-0.567
C:S180T	D:S453T	logit=-0.654
C:T42V	D:T315V	logit=-0.700
C:N51P	D:N324P	logit=-0.894

Top tied mutations (A + B view):
A:T18V	B:T215V	logit=-0.513
A:N55S	B:N252S	logit=-0.661
A:N54V	B:N251V	logit=-1.163
A:E100V	B:E297V	logit=-1.796
A:V102I	B:V299I	logit=-2.193

Top tied mutations (C + D view):
C:V218L	D:V491L	logit=-0.450
C:K191R	D:K464R	logit=-0.515
C:S180T	D:S453T	logit=-0.646
C:T42V	D:T315V	logit=-0.714
C:N51P	D:N324P	logit=-0.744

Top tied mutations (A + B view):
A:T18V	B:T215V	logit=-0.548
A:N55S	B:N252S	logit=-0.720
A:N54V	B:N251V	logit=-1.129
A:E100V	B:E297V	logit=-1.829
A:V102I	B:V299I	logit=-2.129

Top tied mutations (C + D view):
C:V218L	D:V491L	logit=-0.461
C:K191R	D:K464R	logit=-0.608
C:S180T	D:S453T	logit=-0.635
C:T42V	D:T315V	logit=-0.743
C:N51P	D:N324P	logit=-0.866

Top tied mutations (A + B view):
A:T18V	B:T215V	logit=-0.550
A:N55S	B:N252S	logit=-0.659
A:N54V	B:N251V	logit=-1.068
A:E100V	B:E297V	logit=-1.885
A:N54I	B:N251I	logit=-2.231

Top tied mutations (C + D view):
C:V218L	D:V491L	logit=-0.444
C:K191R	D:K464R	logit=-0.496
C:S180T	D:S453T	logit=-0.668
C:T42V	D:T315V	logit=-0.750
C:N51P	D:N324P	logit=-0.766

Top tied mutations (A + B view):
A:T18V	B:T215V	logit=-0.611
A:N55S	B:N252S	logit=-0.683
A:N54V	B:N251V	logit=-1.210
A:E100V	B:E297V	logit=-1.679
A:V102I	B:V299I	logit=-2.152

Top tied mutations (C + D view):
C:V218L	D:V491L	logit=-0.437
C:K191R	D:K464R	logit=-0.547
C:S180T	D:S453T	logit=-0.656
C:T42V	D:T315V	logit=-0.702
C:N51P	D:N324P	logit=-0.799

Top tied mutations (A + B view):
A:T18V	B:T215V	logit=-0.587
A:N55S	B:N252S	logit=-0.682
A:N54V	B:N251V	logit=-1.084
A:E100V	B:E297V	logit=-1.880
A:V102I	B:V299I	logit=-2.168

Top tied mutations (C + D view):
C:V218L	D:V491L	logit=-0.424
C:S180T	D:S453T	logit=-0.629
C:K191R	D:K464R	logit=-0.651
C:T42V	D:T315V	logit=-0.730
C:N51P	D:N324P	logit=-0.798

Top tied mutations (A + B view):
A:T18V	B:T215V	logit=-0.549
A:N55S	B:N252S	logit=-0.725
A:N54V	B:N251V	logit=-1.182
A:E100V	B:E297V	logit=-1.809
A:N54I	B:N251I	logit=-2.070

Top tied mutations (C + D view):
C:V218L	D:V491L	logit=-0.393
C:K191R	D:K464R	logit=-0.555
C:S180T	D:S453T	logit=-0.681
C:T42V	D:T315V	logit=-0.758
C:N51P	D:N324P	logit=-0.845

Top tied mutations (A + B view):
A:T18V	B:T215V	logit=-0.562
A:N55S	B:N252S	logit=-0.688
A:N54V	B:N251V	logit=-1.223
A:E100V	B:E297V	logit=-1.870
A:V102I	B:V299I	logit=-2.133

Top tied mutations (C + D view):
C:V218L	D:V491L	logit=-0.470
C:K191R	D:K464R	logit=-0.504
C:S180T	D:S453T	logit=-0.642
C:N51P	D:N324P	logit=-0.735
C:T42V	D:T315V	logit=-0.747

Top tied mutations (A + B view):
A:T18V	B:T215V	logit=-0.534
A:N55S	B:N252S	logit=-0.671
A:N54V	B:N251V	logit=-1.179
A:E100V	B:E297V	logit=-1.793
A:V102I	B:V299I	logit=-2.088

Top tied mutations (C + D view):
C:V218L	D:V491L	logit=-0.489
C:K191R	D:K464R	logit=-0.582
C:S180T	D:S453T	logit=-0.651
C:N51P	D:N324P	logit=-0.707
C:T42V	D:T315V	logit=-0.781

Top tied mutations (A + B view):
A:T18V	B:T215V	logit=-0.528
A:N55S	B:N252S	logit=-0.675
A:N54V	B:N251V	logit=-1.122
A:E100V	B:E297V	logit=-1.794
A:V102I	B:V299I	logit=-2.102

Top tied mutations (C + D view):
C:V218L	D:V491L	logit=-0.422
C:K191R	D:K464R	logit=-0.551
C:S180T	D:S453T	logit=-0.652
C:T42V	D:T315V	logit=-0.737
C:N51P	D:N324P	logit=-0.827

Top tied mutations (A + B view):
A:T18V	B:T215V	logit=-0.518
A:N55S	B:N252S	logit=-0.725
A:N54V	B:N251V	logit=-1.070
A:E100V	B:E297V	logit=-1.832
A:V102I	B:V299I	logit=-2.121

Top tied mutations (C + D view):
C:V218L	D:V491L	logit=-0.421
C:K191R	D:K464R	logit=-0.548
C:S180T	D:S453T	logit=-0.664
C:T42V	D:T315V	logit=-0.766
C:N51P	D:N324P	logit=-0.824

Top tied mutations (A + B view):
A:T18V	B:T215V	logit=-0.492
A:N55S	B:N252S	logit=-0.728
A:N54V	B:N251V	logit=-1.076
A:E100V	B:E297V	logit=-1.882
A:V102I	B:V299I	logit=-2.117

Top tied mutations (C + D view):
C:V218L	D:V491L	logit=-0.411
C:K191R	D:K464R	logit=-0.573
C:S180T	D:S453T	logit=-0.660
C:T42V	D:T315V	logit=-0.765
C:S89A	D:S362A	logit=-0.844

Top tied mutations (A + B view):
A:T18V	B:T215V	logit=-0.579
A:N55S	B:N252S	logit=-0.671
A:N54V	B:N251V	logit=-1.162
A:E100V	B:E297V	logit=-1.839
A:V102I	B:V299I	logit=-2.142

Top tied mutations (C + D view):
C:V218L	D:V491L	logit=-0.412
C:K191R	D:K464R	logit=-0.597
C:S180T	D:S453T	logit=-0.654
C:T42V	D:T315V	logit=-0.770
C:S89A	D:S362A	logit=-0.878

Top tied mutations (A + B view):
A:T18V	B:T215V	logit=-0.579
A:N55S	B:N252S	logit=-0.685
A:N54V	B:N251V	logit=-1.052
A:E100V	B:E297V	logit=-1.864
A:N54I	B:N251I	logit=-2.121

Top tied mutations (C + D view):
C:V218L	D:V491L	logit=-0.490
C:K191R	D:K464R	logit=-0.567
C:S180T	D:S453T	logit=-0.654
C:T42V	D:T315V	logit=-0.753
C:N51P	D:N324P	logit=-0.873

Top tied mutations (A + B view):
A:T18V	B:T215V	logit=-0.502
A:N55S	B:N252S	logit=-0.705
A:N54V	B:N251V	logit=-1.125
A:E100V	B:E297V	logit=-1.800
A:V102I	B:V299I	logit=-2.170

Top tied mutations (C + D view):
C:V218L	D:V491L	logit=-0.457
C:K191R	D:K464R	logit=-0.557
C:S180T	D:S453T	logit=-0.666
C:T42V	D:T315V	logit=-0.737
C:N51P	D:N324P	logit=-0.775

Top tied mutations (A + B view):
A:T18V	B:T215V	logit=-0.563
A:N55S	B:N252S	logit=-0.724
A:N54V	B:N251V	logit=-1.191
A:E100V	B:E297V	logit=-1.767
A:V102I	B:V299I	logit=-2.141

Top tied mutations (C + D view):
C:V218L	D:V491L	logit=-0.408
C:K191R	D:K464R	logit=-0.569
C:S180T	D:S453T	logit=-0.644
C:T42V	D:T315V	logit=-0.704
C:S89A	D:S362A	logit=-0.882

Top tied mutations (A + B view):
A:T18V	B:T215V	logit=-0.561
A:N55S	B:N252S	logit=-0.743
A:N54V	B:N251V	logit=-1.162
A:E100V	B:E297V	logit=-1.877
A:V102I	B:V299I	logit=-2.197

Top tied mutations (C + D view):
C:V218L	D:V491L	logit=-0.459
C:K191R	D:K464R	logit=-0.545
C:S180T	D:S453T	logit=-0.663
C:T42V	D:T315V	logit=-0.712
C:N51P	D:N324P	logit=-0.856

Top tied mutations (A + B view):
A:T18V	B:T215V	logit=-0.553
A:N55S	B:N252S	logit=-0.688
A:N54V	B:N251V	logit=-1.102
A:E100V	B:E297V	logit=-1.811
A:V102I	B:V299I	logit=-2.202

Top tied mutations (C + D view):
C:V218L	D:V491L	logit=-0.473
C:K191R	D:K464R	logit=-0.565
C:S180T	D:S453T	logit=-0.641
C:T42V	D:T315V	logit=-0.707
C:N51P	D:N324P	logit=-0.817

Top tied mutations (A + B view):
A:T18V	B:T215V	logit=-0.597
A:N55S	B:N252S	logit=-0.712
A:N54V	B:N251V	logit=-1.011
A:E100V	B:E297V	logit=-1.725
A:N54I	B:N251I	logit=-2.246

Top tied mutations (C + D view):
C:V218L	D:V491L	logit=-0.404
C:K191R	D:K464R	logit=-0.568
C:S180T	D:S453T	logit=-0.642
C:T42V	D:T315V	logit=-0.694
C:N51P	D:N324P	logit=-0.725

Top tied mutations (A + B view):
A:T18V	B:T215V	logit=-0.566
A:N55S	B:N252S	logit=-0.678
A:N54V	B:N251V	logit=-0.993
A:E100V	B:E297V	logit=-1.887
A:N57R	B:N254R	logit=-2.152

Top tied mutations (C + D view):
C:V218L	D:V491L	logit=-0.475
C:K191R	D:K464R	logit=-0.524
C:T42V	D:T315V	logit=-0.667
C:S180T	D:S453T	logit=-0.670
C:N51P	D:N324P	logit=-0.700

Top tied mutations (A + B view):
A:T18V	B:T215V	logit=-0.528
A:N55S	B:N252S	logit=-0.723
A:N54V	B:N251V	logit=-1.057
A:E100V	B:E297V	logit=-1.775
A:V102I	B:V299I	logit=-2.044

Top tied mutations (C + D view):
C:V218L	D:V491L	logit=-0.475
C:K191R	D:K464R	logit=-0.566
C:S180T	D:S453T	logit=-0.666
C:T42V	D:T315V	logit=-0.718
C:N51P	D:N324P	logit=-0.840

Top tied mutations (A + B view):
A:T18V	B:T215V	logit=-0.490
A:N55S	B:N252S	logit=-0.704
A:N54V	B:N251V	logit=-1.154
A:E100V	B:E297V	logit=-1.764
A:N54I	B:N251I	logit=-2.160

Top tied mutations (C + D view):
C:V218L	D:V491L	logit=-0.469
C:K191R	D:K464R	logit=-0.583
C:S180T	D:S453T	logit=-0.664
C:T42V	D:T315V	logit=-0.743
C:S89A	D:S362A	logit=-0.844

Top tied mutations (A + B view):
A:T18V	B:T215V	logit=-0.535
A:N55S	B:N252S	logit=-0.833
A:N54V	B:N251V	logit=-1.147
A:E100V	B:E297V	logit=-1.758
A:V102I	B:V299I	logit=-2.104

Top tied mutations (C + D view):
C:V218L	D:V491L	logit=-0.448
C:K191R	D:K464R	logit=-0.583
C:S180T	D:S453T	logit=-0.666
C:T42V	D:T315V	logit=-0.724
C:S89A	D:S362A	logit=-0.833

Top tied mutations (A + B view):
A:T18V	B:T215V	logit=-0.542
A:N55S	B:N252S	logit=-0.775
A:N54V	B:N251V	logit=-1.071
A:E100V	B:E297V	logit=-1.755
A:V102I	B:V299I	logit=-2.138

Top tied mutations (C + D view):
C:V218L	D:V491L	logit=-0.440
C:K191R	D:K464R	logit=-0.609
C:S180T	D:S453T	logit=-0.653
C:T42V	D:T315V	logit=-0.716
C:N51P	D:N324P	logit=-0.844

Top tied mutations (A + B view):
A:T18V	B:T215V	logit=-0.495
A:N55S	B:N252S	logit=-0.732
A:N54V	B:N251V	logit=-1.168
A:E100V	B:E297V	logit=-1.809
A:V102I	B:V299I	logit=-2.160

Top tied mutations (C + D view):
C:V218L	D:V491L	logit=-0.478
C:K191R	D:K464R	logit=-0.527
C:S180T	D:S453T	logit=-0.663
C:T42V	D:T315V	logit=-0.740
C:N51P	D:N324P	logit=-0.773

Top tied mutations (A + B view):
A:T18V	B:T215V	logit=-0.588
A:N55S	B:N252S	logit=-0.674
A:N54V	B:N251V	logit=-1.081
A:E100V	B:E297V	logit=-1.662
A:V102I	B:V299I	logit=-2.139

Top tied mutations (C + D view):
C:V218L	D:V491L	logit=-0.477
C:K191R	D:K464R	logit=-0.532
C:S180T	D:S453T	logit=-0.665
C:T42V	D:T315V	logit=-0.724
C:N51P	D:N324P	logit=-0.746

Top tied mutations (A + B view):
A:T18V	B:T215V	logit=-0.521
A:N55S	B:N252S	logit=-0.692
A:N54V	B:N251V	logit=-1.047
A:E100V	B:E297V	logit=-1.697
A:V102I	B:V299I	logit=-2.167

Top tied mutations (C + D view):
C:V218L	D:V491L	logit=-0.430
C:K191R	D:K464R	logit=-0.603
C:T42V	D:T315V	logit=-0.685
C:S180T	D:S453T	logit=-0.691
C:N51P	D:N324P	logit=-0.866

Top tied mutations (A + B view):
A:T18V	B:T215V	logit=-0.535
A:N55S	B:N252S	logit=-0.653
A:N54V	B:N251V	logit=-0.997
A:E100V	B:E297V	logit=-1.747
A:V102I	B:V299I	logit=-2.191

Top tied mutations (C + D view):
C:V218L	D:V491L	logit=-0.423
C:K191R	D:K464R	logit=-0.578
C:S180T	D:S453T	logit=-0.626
C:T42V	D:T315V	logit=-0.721
C:N51P	D:N324P	logit=-0.807

Top tied mutations (A + B view):
A:T18V	B:T215V	logit=-0.517
A:N55S	B:N252S	logit=-0.725
A:N54V	B:N251V	logit=-1.080
A:E100V	B:E297V	logit=-1.722
A:V102I	B:V299I	logit=-2.134

Top tied mutations (C + D view):
C:V218L	D:V491L	logit=-0.507
C:K191R	D:K464R	logit=-0.524
C:S180T	D:S453T	logit=-0.646
C:T42V	D:T315V	logit=-0.758
C:S89A	D:S362A	logit=-0.834

Top tied mutations (A + B view):
A:T18V	B:T215V	logit=-0.555
A:N55S	B:N252S	logit=-0.708
A:N54V	B:N251V	logit=-1.112
A:E100V	B:E297V	logit=-1.743
A:N54I	B:N251I	logit=-2.172

Top tied mutations (C + D view):
C:V218L	D:V491L	logit=-0.422
C:K191R	D:K464R	logit=-0.510
C:S180T	D:S453T	logit=-0.670
C:T42V	D:T315V	logit=-0.771
C:N219S	D:N492S	logit=-0.892

Top tied mutations (A + B view):
A:T18V	B:T215V	logit=-0.597
A:N55S	B:N252S	logit=-0.708
A:N54V	B:N251V	logit=-1.214
A:E100V	B:E297V	logit=-1.739
A:N57R	B:N254R	logit=-2.191

Top tied mutations (C + D view):
C:V218L	D:V491L	logit=-0.466
C:K191R	D:K464R	logit=-0.541
C:S180T	D:S453T	logit=-0.630
C:T42V	D:T315V	logit=-0.703
C:N51P	D:N324P	logit=-0.838

Top tied mutations (A + B view):
A:T18V	B:T215V	logit=-0.566
A:N55S	B:N252S	logit=-0.789
A:N54V	B:N251V	logit=-1.187
A:E100V	B:E297V	logit=-1.781
A:V102I	B:V299I	logit=-2.054

Top tied mutations (C + D view):
C:V218L	D:V491L	logit=-0.450
C:K191R	D:K464R	logit=-0.592
C:S180T	D:S453T	logit=-0.705
C:T42V	D:T315V	logit=-0.755
C:N51P	D:N324P	logit=-0.769

Top tied mutations (A + B view):
A:T18V	B:T215V	logit=-0.529
A:N55S	B:N252S	logit=-0.737
A:N54V	B:N251V	logit=-1.111
A:E100V	B:E297V	logit=-1.845
A:N54I	B:N251I	logit=-2.084

Top tied mutations (C + D view):
C:V218L	D:V491L	logit=-0.392
C:K191R	D:K464R	logit=-0.620
C:S180T	D:S453T	logit=-0.634
C:T42V	D:T315V	logit=-0.743
C:N51P	D:N324P	logit=-0.865

Top tied mutations (A + B view):
A:T18V	B:T215V	logit=-0.542
A:N55S	B:N252S	logit=-0.695
A:N54V	B:N251V	logit=-0.965
A:E100V	B:E297V	logit=-1.839
A:V102I	B:V299I	logit=-2.151

Top tied mutations (C + D view):
C:V218L	D:V491L	logit=-0.468
C:K191R	D:K464R	logit=-0.587
C:S180T	D:S453T	logit=-0.667
C:T42V	D:T315V	logit=-0.701
C:N51P	D:N324P	logit=-0.792

Top tied mutations (A + B view):
A:T18V	B:T215V	logit=-0.514
A:N55S	B:N252S	logit=-0.711
A:N54V	B:N251V	logit=-1.102
A:E100V	B:E297V	logit=-1.750
A:V102I	B:V299I	logit=-2.131

Top tied mutations (C + D view):
C:V218L	D:V491L	logit=-0.433
C:K191R	D:K464R	logit=-0.618
C:S180T	D:S453T	logit=-0.664
C:T42V	D:T315V	logit=-0.709
C:N51P	D:N324P	logit=-0.883

Top tied mutations (A + B view):
A:T18V	B:T215V	logit=-0.609
A:N55S	B:N252S	logit=-0.730
A:N54V	B:N251V	logit=-1.177
A:E100V	B:E297V	logit=-1.785
A:V102I	B:V299I	logit=-2.275

Top tied mutations (C + D view):
C:V218L	D:V491L	logit=-0.415
C:K191R	D:K464R	logit=-0.513
C:S180T	D:S453T	logit=-0.678
C:T42V	D:T315V	logit=-0.753
C:N51P	D:N324P	logit=-0.787

Top tied mutations (A + B view):
A:T18V	B:T215V	logit=-0.549
A:N55S	B:N252S	logit=-0.678
A:N54V	B:N251V	logit=-1.222
A:E100V	B:E297V	logit=-1.895
A:N57R	B:N254R	logit=-2.172

Top tied mutations (C + D view):
C:V218L	D:V491L	logit=-0.432
C:K191R	D:K464R	logit=-0.542
C:S180T	D:S453T	logit=-0.644
C:T42V	D:T315V	logit=-0.782
C:S89A	D:S362A	logit=-0.880

Top tied mutations (A + B view):
A:T18V	B:T215V	logit=-0.542
A:N55S	B:N252S	logit=-0.662
A:N54V	B:N251V	logit=-1.135
A:E100V	B:E297V	logit=-1.885
A:V102I	B:V299I	logit=-2.118

Top tied mutations (C + D view):
C:V218L	D:V491L	logit=-0.397
C:K191R	D:K464R	logit=-0.554
C:S180T	D:S453T	logit=-0.647
C:T42V	D:T315V	logit=-0.734
C:N51P	D:N324P	logit=-0.895

Top tied mutations (A + B view):
A:T18V	B:T215V	logit=-0.601
A:N55S	B:N252S	logit=-0.704
A:N54V	B:N251V	logit=-1.101
A:E100V	B:E297V	logit=-1.713
A:V102I	B:V299I	logit=-2.131

Top tied mutations (C + D view):
C:V218L	D:V491L	logit=-0.504
C:K191R	D:K464R	logit=-0.556
C:S180T	D:S453T	logit=-0.668
C:T42V	D:T315V	logit=-0.743
C:N51P	D:N324P	logit=-0.858

Top tied mutations (A + B view):
A:T18V	B:T215V	logit=-0.578
A:N55S	B:N252S	logit=-0.729
A:N54V	B:N251V	logit=-1.066
A:E100V	B:E297V	logit=-1.651
A:V102I	B:V299I	logit=-2.193

Top tied mutations (C + D view):
C:V218L	D:V491L	logit=-0.427
C:K191R	D:K464R	logit=-0.489
C:S180T	D:S453T	logit=-0.647
C:T42V	D:T315V	logit=-0.669
C:N51P	D:N324P	logit=-0.807

Top tied mutations (A + B view):
A:T18V	B:T215V	logit=-0.532
A:N55S	B:N252S	logit=-0.709
A:N54V	B:N251V	logit=-1.241
A:E100V	B:E297V	logit=-1.913
A:N57R	B:N254R	logit=-2.076

Top tied mutations (C + D view):
C:V218L	D:V491L	logit=-0.388
C:K191R	D:K464R	logit=-0.553
C:S180T	D:S453T	logit=-0.633
C:T42V	D:T315V	logit=-0.770
C:N51P	D:N324P	logit=-0.838

Top tied mutations (A + B view):
A:T18V	B:T215V	logit=-0.601
A:N55S	B:N252S	logit=-0.719
A:N54V	B:N251V	logit=-1.021
A:E100V	B:E297V	logit=-1.756
A:N57R	B:N254R	logit=-2.115

Top tied mutations (C + D view):
C:V218L	D:V491L	logit=-0.428
C:K191R	D:K464R	logit=-0.528
C:S180T	D:S453T	logit=-0.644
C:T42V	D:T315V	logit=-0.711
C:N51P	D:N324P	logit=-0.850

Top tied mutations (A + B view):
A:T18V	B:T215V	logit=-0.486
A:N55S	B:N252S	logit=-0.715
A:N54V	B:N251V	logit=-0.953
A:E100V	B:E297V	logit=-1.805
A:V102I	B:V299I	logit=-2.192

Top tied mutations (C + D view):
C:V218L	D:V491L	logit=-0.427
C:K191R	D:K464R	logit=-0.560
C:S180T	D:S453T	logit=-0.642
C:T42V	D:T315V	logit=-0.698
C:N51P	D:N324P	logit=-0.866

Top tied mutations (A + B view):
A:T18V	B:T215V	logit=-0.527
A:N55S	B:N252S	logit=-0.786
A:N54V	B:N251V	logit=-1.182
A:E100V	B:E297V	logit=-1.782
A:V102I	B:V299I	logit=-2.221

Top tied mutations (C + D view):
C:V218L	D:V491L	logit=-0.450
C:K191R	D:K464R	logit=-0.552
C:S180T	D:S453T	logit=-0.646
C:T42V	D:T315V	logit=-0.701
C:N51P	D:N324P	logit=-0.863

Top tied mutations (A + B view):
A:T18V	B:T215V	logit=-0.562
A:N55S	B:N252S	logit=-0.769
A:N54V	B:N251V	logit=-1.150
A:E100V	B:E297V	logit=-1.897
A:V102I	B:V299I	logit=-2.209

Top tied mutations (C + D view):
C:V218L	D:V491L	logit=-0.426
C:K191R	D:K464R	logit=-0.565
C:S180T	D:S453T	logit=-0.681
C:T42V	D:T315V	logit=-0.757
C:N51P	D:N324P	logit=-0.894

Top tied mutations (A + B view):
A:T18V	B:T215V	logit=-0.577
A:N55S	B:N252S	logit=-0.763
A:N54V	B:N251V	logit=-1.090
A:E100V	B:E297V	logit=-1.835
A:N54I	B:N251I	logit=-2.199

Top tied mutations (C + D view):
C:V218L	D:V491L	logit=-0.425
C:K191R	D:K464R	logit=-0.557
C:S180T	D:S453T	logit=-0.656
C:T42V	D:T315V	logit=-0.765
C:N51P	D:N324P	logit=-0.893

Top tied mutations (A + B view):
A:T18V	B:T215V	logit=-0.576
A:N55S	B:N252S	logit=-0.720
A:N54V	B:N251V	logit=-1.047
A:E100V	B:E297V	logit=-1.771
A:V102I	B:V299I	logit=-2.065

Top tied mutations (C + D view):
C:V218L	D:V491L	logit=-0.484
C:K191R	D:K464R	logit=-0.630
C:S180T	D:S453T	logit=-0.658
C:T42V	D:T315V	logit=-0.788
C:N51P	D:N324P	logit=-0.789

Top tied mutations (A + B view):
A:T18V	B:T215V	logit=-0.481
A:N55S	B:N252S	logit=-0.724
A:N54V	B:N251V	logit=-1.185
A:E100V	B:E297V	logit=-1.844
A:V102I	B:V299I	logit=-2.114

Top tied mutations (C + D view):
C:V218L	D:V491L	logit=-0.406
C:K191R	D:K464R	logit=-0.587
C:S180T	D:S453T	logit=-0.654
C:T42V	D:T315V	logit=-0.755
C:S89A	D:S362A	logit=-0.886

Top tied mutations (A + B view):
A:T18V	B:T215V	logit=-0.509
A:N55S	B:N252S	logit=-0.662
A:N54V	B:N251V	logit=-1.191
A:E100V	B:E297V	logit=-1.790
A:V102I	B:V299I	logit=-2.170

Top tied mutations (C + D view):
C:V218L	D:V491L	logit=-0.478
C:K191R	D:K464R	logit=-0.492
C:S180T	D:S453T	logit=-0.668
C:T42V	D:T315V	logit=-0.708
C:N51P	D:N324P	logit=-0.841

Top tied mutations (A + B view):
A:T18V	B:T215V	logit=-0.556
A:N55S	B:N252S	logit=-0.742
A:N54V	B:N251V	logit=-1.056
A:E100V	B:E297V	logit=-1.800
A:V102I	B:V299I	logit=-2.020

Top tied mutations (C + D view):
C:V218L	D:V491L	logit=-0.463
C:K191R	D:K464R	logit=-0.601
C:S180T	D:S453T	logit=-0.672
C:T42V	D:T315V	logit=-0.710
C:N51P	D:N324P	logit=-0.785

Top tied mutations (A + B view):
A:T18V	B:T215V	logit=-0.533
A:N55S	B:N252S	logit=-0.698
A:N54V	B:N251V	logit=-1.029
A:E100V	B:E297V	logit=-1.795
A:N54I	B:N251I	logit=-2.145

Top tied mutations (C + D view):
C:V218L	D:V491L	logit=-0.448
C:K191R	D:K464R	logit=-0.573
C:S180T	D:S453T	logit=-0.644
C:T42V	D:T315V	logit=-0.715
C:N51P	D:N324P	logit=-0.817

Top tied mutations (A + B view):
A:T18V	B:T215V	logit=-0.526
A:N55S	B:N252S	logit=-0.670
A:N54V	B:N251V	logit=-1.020
A:E100V	B:E297V	logit=-1.919
A:N57R	B:N254R	logit=-2.137

Top tied mutations (C + D view):
C:V218L	D:V491L	logit=-0.401
C:K191R	D:K464R	logit=-0.571
C:S180T	D:S453T	logit=-0.634
C:T42V	D:T315V	logit=-0.754
C:S89A	D:S362A	logit=-0.913

Top tied mutations (A + B view):
A:T18V	B:T215V	logit=-0.544
A:N55S	B:N252S	logit=-0.664
A:N54V	B:N251V	logit=-1.189
A:E100V	B:E297V	logit=-1.850
A:V102I	B:V299I	logit=-2.135

Top tied mutations (C + D view):
C:V218L	D:V491L	logit=-0.448
C:K191R	D:K464R	logit=-0.556
C:S180T	D:S453T	logit=-0.657
C:T42V	D:T315V	logit=-0.696
C:N51P	D:N324P	logit=-0.749

Top tied mutations (A + B view):
A:T18V	B:T215V	logit=-0.523
A:N55S	B:N252S	logit=-0.662
A:N54V	B:N251V	logit=-1.040
A:E100V	B:E297V	logit=-1.789
A:N54I	B:N251I	logit=-2.075

Top tied mutations (C + D view):
C:V218L	D:V491L	logit=-0.446
C:K191R	D:K464R	logit=-0.624
C:S180T	D:S453T	logit=-0.657
C:T42V	D:T315V	logit=-0.742
C:N51P	D:N324P	logit=-0.799

Top tied mutations (A + B view):
A:T18V	B:T215V	logit=-0.586
A:N55S	B:N252S	logit=-0.706
A:N54V	B:N251V	logit=-1.140
A:E100V	B:E297V	logit=-1.704
A:R61K	B:R258K	logit=-2.131

Top tied mutations (C + D view):
C:V218L	D:V491L	logit=-0.422
C:K191R	D:K464R	logit=-0.604
C:S180T	D:S453T	logit=-0.650
C:T42V	D:T315V	logit=-0.726
C:N51P	D:N324P	logit=-0.886

Top tied mutations (A + B view):
A:T18V	B:T215V	logit=-0.570
A:N55S	B:N252S	logit=-0.732
A:N54V	B:N251V	logit=-1.189
A:E100V	B:E297V	logit=-1.717
A:N54I	B:N251I	logit=-2.106

Top tied mutations (C + D view):
C:V218L	D:V491L	logit=-0.502
C:K191R	D:K464R	logit=-0.539
C:S180T	D:S453T	logit=-0.674
C:T42V	D:T315V	logit=-0.731
C:N51P	D:N324P	logit=-0.821

Top tied mutations (A + B view):
A:T18V	B:T215V	logit=-0.536
A:N55S	B:N252S	logit=-0.704
A:N54V	B:N251V	logit=-1.033
A:E100V	B:E297V	logit=-1.716
A:N54I	B:N251I	logit=-2.082

Top tied mutations (C + D view):
C:V218L	D:V491L	logit=-0.466
C:K191R	D:K464R	logit=-0.558
C:S180T	D:S453T	logit=-0.666
C:T42V	D:T315V	logit=-0.742
C:S89A	D:S362A	logit=-0.935

Top tied mutations (A + B view):
A:T18V	B:T215V	logit=-0.514
A:N55S	B:N252S	logit=-0.767
A:N54V	B:N251V	logit=-1.065
A:E100V	B:E297V	logit=-1.873
A:V102I	B:V299I	logit=-2.094

Top tied mutations (C + D view):
C:V218L	D:V491L	logit=-0.410
C:K191R	D:K464R	logit=-0.591
C:S180T	D:S453T	logit=-0.660
C:T42V	D:T315V	logit=-0.708
C:N51P	D:N324P	logit=-0.841

Top tied mutations (A + B view):
A:T18V	B:T215V	logit=-0.523
A:N55S	B:N252S	logit=-0.702
A:N54V	B:N251V	logit=-1.204
A:E100V	B:E297V	logit=-1.815
A:V102I	B:V299I	logit=-2.123

Top tied mutations (C + D view):
C:V218L	D:V491L	logit=-0.445
C:K191R	D:K464R	logit=-0.515
C:S180T	D:S453T	logit=-0.649
C:T42V	D:T315V	logit=-0.799
C:S89A	D:S362A	logit=-0.851

Top tied mutations (A + B view):
A:T18V	B:T215V	logit=-0.564
A:N55S	B:N252S	logit=-0.735
A:N54V	B:N251V	logit=-1.006
A:E100V	B:E297V	logit=-1.841
A:N57R	B:N254R	logit=-2.053

Top tied mutations (C + D view):
C:V218L	D:V491L	logit=-0.518
C:K191R	D:K464R	logit=-0.608
C:S180T	D:S453T	logit=-0.635
C:T42V	D:T315V	logit=-0.800
C:S89A	D:S362A	logit=-0.923

Top tied mutations (A + B view):
A:T18V	B:T215V	logit=-0.614
A:N55S	B:N252S	logit=-0.785
A:N54V	B:N251V	logit=-1.100
A:E100V	B:E297V	logit=-1.802
A:V102I	B:V299I	logit=-2.198

Top tied mutations (C + D view):
C:V218L	D:V491L	logit=-0.464
C:K191R	D:K464R	logit=-0.547
C:S180T	D:S453T	logit=-0.657
C:T42V	D:T315V	logit=-0.687
C:N51P	D:N324P	logit=-0.786

Top tied mutations (A + B view):
A:T18V	B:T215V	logit=-0.512
A:N55S	B:N252S	logit=-0.715
A:N54V	B:N251V	logit=-1.062
A:E100V	B:E297V	logit=-1.881
A:V102I	B:V299I	logit=-2.117

Top tied mutations (C + D view):
C:V218L	D:V491L	logit=-0.425
C:K191R	D:K464R	logit=-0.595
C:S180T	D:S453T	logit=-0.650
C:T42V	D:T315V	logit=-0.755
C:N51P	D:N324P	logit=-0.818

Top tied mutations (A + B view):
A:T18V	B:T215V	logit=-0.489
A:N55S	B:N252S	logit=-0.760
A:N54V	B:N251V	logit=-1.138
A:E100V	B:E297V	logit=-1.798
A:V102I	B:V299I	logit=-2.103

Top tied mutations (C + D view):
C:V218L	D:V491L	logit=-0.418
C:K191R	D:K464R	logit=-0.568
C:S180T	D:S453T	logit=-0.639
C:T42V	D:T315V	logit=-0.727
C:N51P	D:N324P	logit=-0.804

Top tied mutations (A + B view):
A:T18V	B:T215V	logit=-0.553
A:N55S	B:N252S	logit=-0.744
A:N54V	B:N251V	logit=-1.194
A:E100V	B:E297V	logit=-1.786
A:N57R	B:N254R	logit=-2.076

Top tied mutations (C + D view):
C:V218L	D:V491L	logit=-0.407
C:K191R	D:K464R	logit=-0.542
C:S180T	D:S453T	logit=-0.654
C:T42V	D:T315V	logit=-0.726
C:N51P	D:N324P	logit=-0.813

Top tied mutations (A + B view):
A:T18V	B:T215V	logit=-0.482
A:N55S	B:N252S	logit=-0.658
A:N54V	B:N251V	logit=-1.202
A:E100V	B:E297V	logit=-1.763
A:N57R	B:N254R	logit=-2.111

Top tied mutations (C + D view):
C:V218L	D:V491L	logit=-0.449
C:K191R	D:K464R	logit=-0.573
C:S180T	D:S453T	logit=-0.654
C:T42V	D:T315V	logit=-0.692
C:N51P	D:N324P	logit=-0.754

Top tied mutations (A + B view):
A:T18V	B:T215V	logit=-0.523
A:N55S	B:N252S	logit=-0.665
A:N54V	B:N251V	logit=-1.155
A:E100V	B:E297V	logit=-1.764
A:V102I	B:V299I	logit=-2.019

Top tied mutations (C + D view):
C:V218L	D:V491L	logit=-0.410
C:K191R	D:K464R	logit=-0.621
C:S180T	D:S453T	logit=-0.659
C:T42V	D:T315V	logit=-0.707
C:N51P	D:N324P	logit=-0.856

Top tied mutations (A + B view):
A:T18V	B:T215V	logit=-0.566
A:N55S	B:N252S	logit=-0.653
A:N54V	B:N251V	logit=-1.101
A:E100V	B:E297V	logit=-1.844
A:V102I	B:V299I	logit=-2.155

Top tied mutations (C + D view):
C:V218L	D:V491L	logit=-0.420
C:K191R	D:K464R	logit=-0.535
C:S180T	D:S453T	logit=-0.643
C:T42V	D:T315V	logit=-0.741
C:N51P	D:N324P	logit=-0.832

Top tied mutations (A + B view):
A:T18V	B:T215V	logit=-0.575
A:N55S	B:N252S	logit=-0.632
A:N54V	B:N251V	logit=-1.038
A:E100V	B:E297V	logit=-1.819
A:V102I	B:V299I	logit=-2.197

Top tied mutations (C + D view):
C:V218L	D:V491L	logit=-0.423
C:K191R	D:K464R	logit=-0.518
C:S180T	D:S453T	logit=-0.655
C:T42V	D:T315V	logit=-0.758
C:N51P	D:N324P	logit=-0.780

Top tied mutations (A + B view):
A:T18V	B:T215V	logit=-0.574
A:N55S	B:N252S	logit=-0.678
A:N54V	B:N251V	logit=-0.963
A:E100V	B:E297V	logit=-1.711
A:N54I	B:N251I	logit=-2.078

Top tied mutations (C + D view):
C:V218L	D:V491L	logit=-0.462
C:K191R	D:K464R	logit=-0.633
C:S180T	D:S453T	logit=-0.650
C:T42V	D:T315V	logit=-0.695
C:N51P	D:N324P	logit=-0.951

Top tied mutations (A + B view):
A:T18V	B:T215V	logit=-0.572
A:N55S	B:N252S	logit=-0.638
A:N54V	B:N251V	logit=-1.088
A:E100V	B:E297V	logit=-1.752
A:V102I	B:V299I	logit=-2.254

Top tied mutations (C + D view):
C:V218L	D:V491L	logit=-0.430
C:K191R	D:K464R	logit=-0.569
C:S180T	D:S453T	logit=-0.636
C:T42V	D:T315V	logit=-0.757
C:N51P	D:N324P	logit=-0.874

Top tied mutations (A + B view):
A:T18V	B:T215V	logit=-0.569
A:N55S	B:N252S	logit=-0.739
A:N54V	B:N251V	logit=-1.122
A:E100V	B:E297V	logit=-1.771
A:V102I	B:V299I	logit=-2.177

Top tied mutations (C + D view):
C:V218L	D:V491L	logit=-0.468
C:K191R	D:K464R	logit=-0.546
C:S180T	D:S453T	logit=-0.630
C:T42V	D:T315V	logit=-0.744
C:N51P	D:N324P	logit=-0.832

Top tied mutations (A + B view):
A:T18V	B:T215V	logit=-0.594
A:N55S	B:N252S	logit=-0.662
A:N54V	B:N251V	logit=-1.092
A:E100V	B:E297V	logit=-1.814
A:V102I	B:V299I	logit=-2.201

Top tied mutations (C + D view):
C:V218L	D:V491L	logit=-0.435
C:K191R	D:K464R	logit=-0.610
C:S180T	D:S453T	logit=-0.636
C:T42V	D:T315V	logit=-0.718
C:N51P	D:N324P	logit=-0.836

Top tied mutations (A + B view):
A:T18V	B:T215V	logit=-0.548
A:N55S	B:N252S	logit=-0.676
A:N54V	B:N251V	logit=-1.112
A:E100V	B:E297V	logit=-1.771
A:V102I	B:V299I	logit=-2.082

Top tied mutations (C + D view):
C:V218L	D:V491L	logit=-0.421
C:K191R	D:K464R	logit=-0.555
C:S180T	D:S453T	logit=-0.638
C:T42V	D:T315V	logit=-0.703
C:N51P	D:N324P	logit=-0.861

Top tied mutations (A + B view):
A:T18V	B:T215V	logit=-0.565
A:N55S	B:N252S	logit=-0.666
A:N54V	B:N251V	logit=-1.169
A:E100V	B:E297V	logit=-1.858
A:V102I	B:V299I	logit=-2.105

Top tied mutations (C + D view):
C:V218L	D:V491L	logit=-0.507
C:K191R	D:K464R	logit=-0.607
C:S180T	D:S453T	logit=-0.646
C:T42V	D:T315V	logit=-0.736
C:N51P	D:N324P	logit=-0.821

Top tied mutations (A + B view):
A:T18V	B:T215V	logit=-0.563
A:N55S	B:N252S	logit=-0.716
A:N54V	B:N251V	logit=-1.042
A:E100V	B:E297V	logit=-1.825
A:V102I	B:V299I	logit=-2.162

Top tied mutations (C + D view):
C:V218L	D:V491L	logit=-0.448
C:K191R	D:K464R	logit=-0.546
C:S180T	D:S453T	logit=-0.663
C:N51P	D:N324P	logit=-0.776
C:T42V	D:T315V	logit=-0.804

Top tied mutations (A + B view):
A:T18V	B:T215V	logit=-0.502
A:N55S	B:N252S	logit=-0.697
A:N54V	B:N251V	logit=-1.181
A:E100V	B:E297V	logit=-1.799
A:V102I	B:V299I	logit=-2.204

Top tied mutations (C + D view):
C:V218L	D:V491L	logit=-0.409
C:K191R	D:K464R	logit=-0.576
C:S180T	D:S453T	logit=-0.660
C:T42V	D:T315V	logit=-0.746
C:N51P	D:N324P	logit=-0.771

Top tied mutations (A + B view):
A:T18V	B:T215V	logit=-0.554
A:N55S	B:N252S	logit=-0.689
A:N54V	B:N251V	logit=-1.145
A:E100V	B:E297V	logit=-1.791
A:V102I	B:V299I	logit=-2.223

Top tied mutations (C + D view):
C:V218L	D:V491L	logit=-0.493
C:K191R	D:K464R	logit=-0.549
C:S180T	D:S453T	logit=-0.648
C:T42V	D:T315V	logit=-0.737
C:S89A	D:S362A	logit=-0.855

Top tied mutations (A + B view):
A:T18V	B:T215V	logit=-0.604
A:N55S	B:N252S	logit=-0.683
A:N54V	B:N251V	logit=-1.065
A:E100V	B:E297V	logit=-1.771
A:N57R	B:N254R	logit=-2.154

Top tied mutations (C + D view):
C:V218L	D:V491L	logit=-0.387
C:K191R	D:K464R	logit=-0.576
C:S180T	D:S453T	logit=-0.657
C:T42V	D:T315V	logit=-0.803
C:S89A	D:S362A	logit=-0.928

Top tied mutations (A + B view):
A:T18V	B:T215V	logit=-0.601
A:N55S	B:N252S	logit=-0.724
A:N54V	B:N251V	logit=-1.030
A:E100V	B:E297V	logit=-1.779
A:V102I	B:V299I	logit=-2.115

Top tied mutations (C + D view):
C:V218L	D:V491L	logit=-0.463
C:K191R	D:K464R	logit=-0.579
C:S180T	D:S453T	logit=-0.640
C:T42V	D:T315V	logit=-0.781
C:S89A	D:S362A	logit=-0.880

Top tied mutations (A + B view):
A:T18V	B:T215V	logit=-0.551
A:N55S	B:N252S	logit=-0.761
A:N54V	B:N251V	logit=-1.024
A:E100V	B:E297V	logit=-1.707
A:V102I	B:V299I	logit=-2.137

Top tied mutations (C + D view):
C:V218L	D:V491L	logit=-0.502
C:K191R	D:K464R	logit=-0.521
C:S180T	D:S453T	logit=-0.655
C:T42V	D:T315V	logit=-0.712
C:N51P	D:N324P	logit=-0.720

Top tied mutations (A + B view):
A:T18V	B:T215V	logit=-0.587
A:N55S	B:N252S	logit=-0.745
A:N54V	B:N251V	logit=-1.158
A:E100V	B:E297V	logit=-1.805
A:V102I	B:V299I	logit=-2.023

Top tied mutations (C + D view):
C:V218L	D:V491L	logit=-0.451
C:K191R	D:K464R	logit=-0.608
C:S180T	D:S453T	logit=-0.663
C:T42V	D:T315V	logit=-0.683
C:N51P	D:N324P	logit=-0.871

Top tied mutations (A + B view):
A:T18V	B:T215V	logit=-0.539
A:N55S	B:N252S	logit=-0.701
A:N54V	B:N251V	logit=-1.013
A:E100V	B:E297V	logit=-1.862
A:N54I	B:N251I	logit=-2.127

Top tied mutations (C + D view):
C:V218L	D:V491L	logit=-0.429
C:K191R	D:K464R	logit=-0.558
C:S180T	D:S453T	logit=-0.636
C:T42V	D:T315V	logit=-0.723
C:N51P	D:N324P	logit=-0.810

Top tied mutations (A + B view):
A:T18V	B:T215V	logit=-0.499
A:N55S	B:N252S	logit=-0.681
A:N54V	B:N251V	logit=-1.123
A:E100V	B:E297V	logit=-1.819
A:V102I	B:V299I	logit=-2.041

Top tied mutations (C + D view):
C:V218L	D:V491L	logit=-0.455
C:K191R	D:K464R	logit=-0.521
C:S180T	D:S453T	logit=-0.653
C:T42V	D:T315V	logit=-0.692
C:N51P	D:N324P	logit=-0.830

Top tied mutations (A + B view):
A:T18V	B:T215V	logit=-0.591
A:N55S	B:N252S	logit=-0.647
A:N54V	B:N251V	logit=-1.004
A:E100V	B:E297V	logit=-1.757
A:R61K	B:R258K	logit=-2.087

Top tied mutations (C + D view):
C:V218L	D:V491L	logit=-0.450
C:K191R	D:K464R	logit=-0.557
C:S180T	D:S453T	logit=-0.624
C:T42V	D:T315V	logit=-0.713
C:N51P	D:N324P	logit=-0.850

Top tied mutations (A + B view):
A:T18V	B:T215V	logit=-0.638
A:N55S	B:N252S	logit=-0.733
A:N54V	B:N251V	logit=-1.079
A:E100V	B:E297V	logit=-1.866
A:V102I	B:V299I	logit=-2.121

Top tied mutations (C + D view):
C:V218L	D:V491L	logit=-0.438
C:K191R	D:K464R	logit=-0.545
C:S180T	D:S453T	logit=-0.640
C:T42V	D:T315V	logit=-0.804
C:N51P	D:N324P	logit=-0.840

Top tied mutations (A + B view):
A:T18V	B:T215V	logit=-0.517
A:N55S	B:N252S	logit=-0.746
A:N54V	B:N251V	logit=-1.033
A:E100V	B:E297V	logit=-1.668
A:N54I	B:N251I	logit=-2.103

Top tied mutations (C + D view):
C:V218L	D:V491L	logit=-0.461
C:K191R	D:K464R	logit=-0.554
C:S180T	D:S453T	logit=-0.664
C:T42V	D:T315V	logit=-0.796
C:S89A	D:S362A	logit=-0.911

Top tied mutations (A + B view):
A:T18V	B:T215V	logit=-0.570
A:N55S	B:N252S	logit=-0.686
A:N54V	B:N251V	logit=-1.098
A:E100V	B:E297V	logit=-1.770
A:V102I	B:V299I	logit=-2.041

Top tied mutations (C + D view):
C:V218L	D:V491L	logit=-0.483
C:K191R	D:K464R	logit=-0.563
C:S180T	D:S453T	logit=-0.651
C:T42V	D:T315V	logit=-0.671
C:N51P	D:N324P	logit=-0.853

Top tied mutations (A + B view):
A:T18V	B:T215V	logit=-0.555
A:N55S	B:N252S	logit=-0.699
A:N54V	B:N251V	logit=-1.178
A:E100V	B:E297V	logit=-1.809
A:V102I	B:V299I	logit=-2.133

Top tied mutations (C + D view):
C:V218L	D:V491L	logit=-0.467
C:K191R	D:K464R	logit=-0.544
C:S180T	D:S453T	logit=-0.668
C:T42V	D:T315V	logit=-0.776
C:N51P	D:N324P	logit=-0.860

Top tied mutations (A + B view):
A:T18V	B:T215V	logit=-0.531
A:N55S	B:N252S	logit=-0.749
A:N54V	B:N251V	logit=-1.077
A:E100V	B:E297V	logit=-1.901
A:V102I	B:V299I	logit=-2.147

Top tied mutations (C + D view):
C:V218L	D:V491L	logit=-0.499
C:K191R	D:K464R	logit=-0.588
C:S180T	D:S453T	logit=-0.669
C:T42V	D:T315V	logit=-0.719
C:N51P	D:N324P	logit=-0.792

Top tied mutations (A + B view):
A:T18V	B:T215V	logit=-0.507
A:N55S	B:N252S	logit=-0.706
A:N54V	B:N251V	logit=-1.129
A:E100V	B:E297V	logit=-1.821
A:V102I	B:V299I	logit=-2.115

Top tied mutations (C + D view):
C:V218L	D:V491L	logit=-0.480
C:K191R	D:K464R	logit=-0.569
C:S180T	D:S453T	logit=-0.670
C:T42V	D:T315V	logit=-0.698
C:N51P	D:N324P	logit=-0.841

Top tied mutations (A + B view):
A:T18V	B:T215V	logit=-0.475
A:N55S	B:N252S	logit=-0.671
A:N54V	B:N251V	logit=-0.920
A:E100V	B:E297V	logit=-1.866
A:R61K	B:R258K	logit=-2.216

Top tied mutations (C + D view):
C:V218L	D:V491L	logit=-0.467
C:K191R	D:K464R	logit=-0.559
C:S180T	D:S453T	logit=-0.663
C:T42V	D:T315V	logit=-0.800
C:S89A	D:S362A	logit=-0.887

Top tied mutations (A + B view):
A:T18V	B:T215V	logit=-0.497
A:N55S	B:N252S	logit=-0.637
A:N54V	B:N251V	logit=-0.992
A:E100V	B:E297V	logit=-1.952
A:N54I	B:N251I	logit=-2.054

Top tied mutations (C + D view):
C:V218L	D:V491L	logit=-0.496
C:K191R	D:K464R	logit=-0.599
C:S180T	D:S453T	logit=-0.656
C:T42V	D:T315V	logit=-0.695
C:N51P	D:N324P	logit=-0.791

Top tied mutations (A + B view):
A:T18V	B:T215V	logit=-0.542
A:N55S	B:N252S	logit=-0.710
A:N54V	B:N251V	logit=-1.058
A:E100V	B:E297V	logit=-1.779
A:V102I	B:V299I	logit=-2.157

Top tied mutations (C + D view):
C:V218L	D:V491L	logit=-0.435
C:K191R	D:K464R	logit=-0.561
C:S180T	D:S453T	logit=-0.664
C:N51P	D:N324P	logit=-0.756
C:T42V	D:T315V	logit=-0.766

Top tied mutations (A + B view):
A:T18V	B:T215V	logit=-0.495
A:N55S	B:N252S	logit=-0.771
A:N54V	B:N251V	logit=-0.973
A:E100V	B:E297V	logit=-1.916
A:V102I	B:V299I	logit=-2.128

Top tied mutations (C + D view):
C:V218L	D:V491L	logit=-0.413
C:K191R	D:K464R	logit=-0.543
C:S180T	D:S453T	logit=-0.640
C:T42V	D:T315V	logit=-0.723
C:N51P	D:N324P	logit=-0.819

Top tied mutations (A + B view):
A:T18V	B:T215V	logit=-0.528
A:N55S	B:N252S	logit=-0.776
A:N54V	B:N251V	logit=-1.117
A:E100V	B:E297V	logit=-1.666
A:R61V	B:R258V	logit=-2.196

Top tied mutations (C + D view):
C:V218L	D:V491L	logit=-0.405
C:K191R	D:K464R	logit=-0.545
C:S180T	D:S453T	logit=-0.667
C:T42V	D:T315V	logit=-0.761
C:N51P	D:N324P	logit=-0.780

Top tied mutations (A + B view):
A:T18V	B:T215V	logit=-0.549
A:N55S	B:N252S	logit=-0.728
A:N54V	B:N251V	logit=-1.145
A:E100V	B:E297V	logit=-1.701
A:N57R	B:N254R	logit=-2.052

Top tied mutations (C + D view):
C:V218L	D:V491L	logit=-0.494
C:K191R	D:K464R	logit=-0.573
C:S180T	D:S453T	logit=-0.660
C:T42V	D:T315V	logit=-0.755
C:N51P	D:N324P	logit=-0.894

Top tied mutations (A + B view):
A:T18V	B:T215V	logit=-0.580
A:N55S	B:N252S	logit=-0.754
A:N54V	B:N251V	logit=-1.153
A:E100V	B:E297V	logit=-1.838
A:N54I	B:N251I	logit=-2.126

Top tied mutations (C + D view):
C:V218L	D:V491L	logit=-0.458
C:K191R	D:K464R	logit=-0.548
C:S180T	D:S453T	logit=-0.670
C:T42V	D:T315V	logit=-0.738
C:H175P	D:H448P	logit=-0.906

Top tied mutations (A + B view):
A:T18V	B:T215V	logit=-0.583
A:N55S	B:N252S	logit=-0.713
A:N54V	B:N251V	logit=-1.069
A:E100V	B:E297V	logit=-1.752
A:V58T	B:V255T	logit=-2.218

Top tied mutations (C + D view):
C:V218L	D:V491L	logit=-0.410
C:K191R	D:K464R	logit=-0.514
C:T42V	D:T315V	logit=-0.692
C:S180T	D:S453T	logit=-0.697
C:N51P	D:N324P	logit=-0.732

Top tied mutations (A + B view):
A:T18V	B:T215V	logit=-0.546
A:N55S	B:N252S	logit=-0.740
A:N54V	B:N251V	logit=-1.090
A:E100V	B:E297V	logit=-1.835
A:V102I	B:V299I	logit=-2.193

Top tied mutations (C + D view):
C:V218L	D:V491L	logit=-0.429
C:K191R	D:K464R	logit=-0.607
C:S180T	D:S453T	logit=-0.680
C:T42V	D:T315V	logit=-0.732
C:N51P	D:N324P	logit=-0.919

Top tied mutations (A + B view):
A:T18V	B:T215V	logit=-0.627
A:N55S	B:N252S	logit=-0.740
A:N54V	B:N251V	logit=-1.142
A:E100V	B:E297V	logit=-1.725
A:N54I	B:N251I	logit=-2.118

Top tied mutations (C + D view):
C:V218L	D:V491L	logit=-0.433
C:K191R	D:K464R	logit=-0.561
C:S180T	D:S453T	logit=-0.691
C:T42V	D:T315V	logit=-0.705
C:A168P	D:A441P	logit=-0.902

Top tied mutations (A + B view):
A:T18V	B:T215V	logit=-0.496
A:N55S	B:N252S	logit=-0.712
A:N54V	B:N251V	logit=-1.240
A:E100V	B:E297V	logit=-1.743
A:V102I	B:V299I	logit=-2.101

Top tied mutations (C + D view):
C:V218L	D:V491L	logit=-0.476
C:K191R	D:K464R	logit=-0.481
C:S180T	D:S453T	logit=-0.666
C:T42V	D:T315V	logit=-0.765
C:N51P	D:N324P	logit=-0.845

Top tied mutations (A + B view):
A:T18V	B:T215V	logit=-0.578
A:N55S	B:N252S	logit=-0.785
A:N54V	B:N251V	logit=-1.035
A:E100V	B:E297V	logit=-1.782
A:N54I	B:N251I	logit=-2.156

Top tied mutations (C + D view):
C:V218L	D:V491L	logit=-0.447
C:K191R	D:K464R	logit=-0.570
C:S180T	D:S453T	logit=-0.631
C:T42V	D:T315V	logit=-0.692
C:N51P	D:N324P	logit=-0.813

Top tied mutations (A + B view):
A:T18V	B:T215V	logit=-0.542
A:N55S	B:N252S	logit=-0.697
A:N54V	B:N251V	logit=-1.004
A:E100V	B:E297V	logit=-1.820
A:V58T	B:V255T	logit=-2.253

Top tied mutations (C + D view):
C:V218L	D:V491L	logit=-0.483
C:K191R	D:K464R	logit=-0.625
C:S180T	D:S453T	logit=-0.675
C:T42V	D:T315V	logit=-0.781
C:N51P	D:N324P	logit=-0.815

Top tied mutations (A + B view):
A:T18V	B:T215V	logit=-0.560
A:N55S	B:N252S	logit=-0.688
A:N54V	B:N251V	logit=-0.963
A:E100V	B:E297V	logit=-1.807
A:N54I	B:N251I	logit=-2.092

Top tied mutations (C + D view):
C:V218L	D:V491L	logit=-0.463
C:K191R	D:K464R	logit=-0.548
C:S180T	D:S453T	logit=-0.652
C:T42V	D:T315V	logit=-0.675
C:N51P	D:N324P	logit=-0.824

Top tied mutations (A + B view):
A:T18V	B:T215V	logit=-0.590
A:N55S	B:N252S	logit=-0.697
A:N54V	B:N251V	logit=-1.150
A:E100V	B:E297V	logit=-1.751
A:V102I	B:V299I	logit=-2.172

Top tied mutations (C + D view):
C:V218L	D:V491L	logit=-0.424
C:K191R	D:K464R	logit=-0.617
C:S180T	D:S453T	logit=-0.669
C:T42V	D:T315V	logit=-0.703
C:N51P	D:N324P	logit=-0.783

Top tied mutations (A + B view):
A:T18V	B:T215V	logit=-0.553
A:N55S	B:N252S	logit=-0.696
A:N54V	B:N251V	logit=-1.158
A:E100V	B:E297V	logit=-1.660
A:N57R	B:N254R	logit=-2.168

Top tied mutations (C + D view):
C:V218L	D:V491L	logit=-0.460
C:K191R	D:K464R	logit=-0.485
C:S180T	D:S453T	logit=-0.680
C:T42V	D:T315V	logit=-0.710
C:N51P	D:N324P	logit=-0.885

Top tied mutations (A + B view):
A:T18V	B:T215V	logit=-0.592
A:N55S	B:N252S	logit=-0.677
A:N54V	B:N251V	logit=-0.971
A:E100V	B:E297V	logit=-1.927
A:V102I	B:V299I	logit=-2.110

Top tied mutations (C + D view):
C:V218L	D:V491L	logit=-0.422
C:K191R	D:K464R	logit=-0.593
C:S180T	D:S453T	logit=-0.657
C:T42V	D:T315V	logit=-0.722
C:N51P	D:N324P	logit=-0.785

Top tied mutations (A + B view):
A:T18V	B:T215V	logit=-0.520
A:N55S	B:N252S	logit=-0.748
A:N54V	B:N251V	logit=-1.181
A:E100V	B:E297V	logit=-1.639
A:R61K	B:R258K	logit=-2.210

Top tied mutations (C + D view):
C:V218L	D:V491L	logit=-0.444
C:K191R	D:K464R	logit=-0.542
C:S180T	D:S453T	logit=-0.666
C:T42V	D:T315V	logit=-0.694
C:N51P	D:N324P	logit=-0.837

Top tied mutations (A + B view):
A:T18V	B:T215V	logit=-0.534
A:N55S	B:N252S	logit=-0.716
A:N54V	B:N251V	logit=-1.074
A:E100V	B:E297V	logit=-1.866
A:V102I	B:V299I	logit=-2.228

Top tied mutations (C + D view):
C:V218L	D:V491L	logit=-0.434
C:K191R	D:K464R	logit=-0.470
C:S180T	D:S453T	logit=-0.644
C:T42V	D:T315V	logit=-0.709
C:N51P	D:N324P	logit=-0.807

Top tied mutations (A + B view):
A:T18V	B:T215V	logit=-0.553
A:N55S	B:N252S	logit=-0.754
A:N54V	B:N251V	logit=-1.037
A:E100V	B:E297V	logit=-1.892
A:R61K	B:R258K	logit=-2.195

Top tied mutations (C + D view):
C:V218L	D:V491L	logit=-0.431
C:K191R	D:K464R	logit=-0.594
C:S180T	D:S453T	logit=-0.638
C:T42V	D:T315V	logit=-0.696
C:N51P	D:N324P	logit=-0.837

Top tied mutations (A + B view):
A:T18V	B:T215V	logit=-0.521
A:N55S	B:N252S	logit=-0.730
A:N54V	B:N251V	logit=-1.092
A:E100V	B:E297V	logit=-1.630
A:N54I	B:N251I	logit=-2.223

Top tied mutations (C + D view):
C:V218L	D:V491L	logit=-0.437
C:K191R	D:K464R	logit=-0.494
C:S180T	D:S453T	logit=-0.682
C:T42V	D:T315V	logit=-0.767
C:N51P	D:N324P	logit=-0.824

Top tied mutations (A + B view):
A:T18V	B:T215V	logit=-0.536
A:N55S	B:N252S	logit=-0.737
A:N54V	B:N251V	logit=-1.298
A:E100V	B:E297V	logit=-1.738
A:V102I	B:V299I	logit=-2.101

Top tied mutations (C + D view):
C:V218L	D:V491L	logit=-0.475
C:K191R	D:K464R	logit=-0.533
C:S180T	D:S453T	logit=-0.654
C:T42V	D:T315V	logit=-0.722
C:N219S	D:N492S	logit=-0.941

Top tied mutations (A + B view):
A:T18V	B:T215V	logit=-0.565
A:N55S	B:N252S	logit=-0.722
A:N54V	B:N251V	logit=-1.142
A:E100V	B:E297V	logit=-1.895
A:R61V	B:R258V	logit=-2.194

Top tied mutations (C + D view):
C:V218L	D:V491L	logit=-0.430
C:K191R	D:K464R	logit=-0.571
C:S180T	D:S453T	logit=-0.656
C:N51P	D:N324P	logit=-0.663
C:T42V	D:T315V	logit=-0.686

Top tied mutations (A + B view):
A:T18V	B:T215V	logit=-0.546
A:N55S	B:N252S	logit=-0.763
A:N54V	B:N251V	logit=-1.186
A:E100V	B:E297V	logit=-1.658
A:V102I	B:V299I	logit=-2.151

Top tied mutations (C + D view):
C:V218L	D:V491L	logit=-0.412
C:K191R	D:K464R	logit=-0.505
C:S180T	D:S453T	logit=-0.647
C:T42V	D:T315V	logit=-0.736
C:S89A	D:S362A	logit=-0.858

Top tied mutations (A + B view):
A:T18V	B:T215V	logit=-0.589
A:N55S	B:N252S	logit=-0.763
A:N54V	B:N251V	logit=-1.108
A:E100V	B:E297V	logit=-1.801
A:V102I	B:V299I	logit=-2.243

Top tied mutations (C + D view):
C:V218L	D:V491L	logit=-0.461
C:K191R	D:K464R	logit=-0.518
C:S180T	D:S453T	logit=-0.681
C:T42V	D:T315V	logit=-0.767
C:N51P	D:N324P	logit=-0.848

Top tied mutations (A + B view):
A:T18V	B:T215V	logit=-0.522
A:N55S	B:N252S	logit=-0.699
A:N54V	B:N251V	logit=-1.150
A:E100V	B:E297V	logit=-1.665
A:V102I	B:V299I	logit=-2.118

Top tied mutations (C + D view):
C:V218L	D:V491L	logit=-0.416
C:K191R	D:K464R	logit=-0.592
C:S180T	D:S453T	logit=-0.651
C:T42V	D:T315V	logit=-0.742
C:N51P	D:N324P	logit=-0.905

Top tied mutations (A + B view):
A:T18V	B:T215V	logit=-0.513
A:N55S	B:N252S	logit=-0.767
A:N54V	B:N251V	logit=-1.169
A:E100V	B:E297V	logit=-1.799
A:N54I	B:N251I	logit=-2.094

Top tied mutations (C + D view):
C:V218L	D:V491L	logit=-0.465
C:K191R	D:K464R	logit=-0.529
C:S180T	D:S453T	logit=-0.643
C:T42V	D:T315V	logit=-0.703
C:S89A	D:S362A	logit=-0.881

Top tied mutations (A + B view):
A:T18V	B:T215V	logit=-0.537
A:N55S	B:N252S	logit=-0.642
A:N54V	B:N251V	logit=-1.096
A:E100V	B:E297V	logit=-1.743
A:V102I	B:V299I	logit=-2.144

Top tied mutations (C + D view):
C:V218L	D:V491L	logit=-0.453
C:K191R	D:K464R	logit=-0.548
C:S180T	D:S453T	logit=-0.647
C:T42V	D:T315V	logit=-0.721
C:N51P	D:N324P	logit=-0.733

Top tied mutations (A + B view):
A:T18V	B:T215V	logit=-0.543
A:N55S	B:N252S	logit=-0.693
A:N54V	B:N251V	logit=-1.186
A:E100V	B:E297V	logit=-1.758
A:V102I	B:V299I	logit=-2.083

Top tied mutations (C + D view):
C:V218L	D:V491L	logit=-0.465
C:K191R	D:K464R	logit=-0.548
C:S180T	D:S453T	logit=-0.665
C:T42V	D:T315V	logit=-0.695
C:S89A	D:S362A	logit=-0.884

Top tied mutations (A + B view):
A:T18V	B:T215V	logit=-0.533
A:N55S	B:N252S	logit=-0.659
A:N54V	B:N251V	logit=-1.080
A:E100V	B:E297V	logit=-1.767
A:R61V	B:R258V	logit=-2.192

Top tied mutations (C + D view):
C:V218L	D:V491L	logit=-0.428
C:K191R	D:K464R	logit=-0.466
C:S180T	D:S453T	logit=-0.644
C:T42V	D:T315V	logit=-0.760
C:S89A	D:S362A	logit=-0.930

Top tied mutations (A + B view):
A:T18V	B:T215V	logit=-0.536
A:N55S	B:N252S	logit=-0.742
A:N54V	B:N251V	logit=-1.044
A:E100V	B:E297V	logit=-1.833
A:V102I	B:V299I	logit=-2.236

Top tied mutations (C + D view):
C:V218L	D:V491L	logit=-0.463
C:K191R	D:K464R	logit=-0.629
C:S180T	D:S453T	logit=-0.658
C:T42V	D:T315V	logit=-0.729
C:N51P	D:N324P	logit=-0.784

Top tied mutations (A + B view):
A:T18V	B:T215V	logit=-0.482
A:N55S	B:N252S	logit=-0.731
A:N54V	B:N251V	logit=-1.096
A:E100V	B:E297V	logit=-1.841
A:V102I	B:V299I	logit=-2.119

Top tied mutations (C + D view):
C:V218L	D:V491L	logit=-0.467
C:K191R	D:K464R	logit=-0.507
C:S180T	D:S453T	logit=-0.664
C:T42V	D:T315V	logit=-0.749
C:N51P	D:N324P	logit=-0.924

Top tied mutations (A + B view):
A:T18V	B:T215V	logit=-0.549
A:N55S	B:N252S	logit=-0.716
A:N54V	B:N251V	logit=-1.190
A:E100V	B:E297V	logit=-1.830
A:V102I	B:V299I	logit=-2.127

Top tied mutations (C + D view):
C:V218L	D:V491L	logit=-0.479
C:K191R	D:K464R	logit=-0.545
C:S180T	D:S453T	logit=-0.704
C:T42V	D:T315V	logit=-0.731
C:N51P	D:N324P	logit=-0.876

Top tied mutations (A + B view):
A:T18V	B:T215V	logit=-0.555
A:N55S	B:N252S	logit=-0.700
A:N54V	B:N251V	logit=-1.153
A:E100V	B:E297V	logit=-1.814
A:V102I	B:V299I	logit=-2.132

Top tied mutations (C + D view):
C:V218L	D:V491L	logit=-0.438
C:K191R	D:K464R	logit=-0.543
C:S180T	D:S453T	logit=-0.626
C:T42V	D:T315V	logit=-0.710
C:N51P	D:N324P	logit=-0.788

Top tied mutations (A + B view):
A:T18V	B:T215V	logit=-0.515
A:N55S	B:N252S	logit=-0.706
A:N54V	B:N251V	logit=-1.086
A:E100V	B:E297V	logit=-1.726
A:V102I	B:V299I	logit=-2.133

Top tied mutations (C + D view):
C:V218L	D:V491L	logit=-0.448
C:K191R	D:K464R	logit=-0.601
C:S180T	D:S453T	logit=-0.644
C:T42V	D:T315V	logit=-0.754
C:N51P	D:N324P	logit=-0.808

Top tied mutations (A + B view):
A:T18V	B:T215V	logit=-0.517
A:N55S	B:N252S	logit=-0.694
A:N54V	B:N251V	logit=-1.060
A:E100V	B:E297V	logit=-1.700
A:N54I	B:N251I	logit=-2.192

Top tied mutations (C + D view):
C:V218L	D:V491L	logit=-0.437
C:K191R	D:K464R	logit=-0.600
C:S180T	D:S453T	logit=-0.663
C:T42V	D:T315V	logit=-0.701
C:N51P	D:N324P	logit=-0.891

Top tied mutations (A + B view):
A:T18V	B:T215V	logit=-0.600
A:N55S	B:N252S	logit=-0.685
A:N54V	B:N251V	logit=-1.137
A:E100V	B:E297V	logit=-1.795
A:V102I	B:V299I	logit=-2.204

Top tied mutations (C + D view):
C:V218L	D:V491L	logit=-0.448
C:K191R	D:K464R	logit=-0.554
C:S180T	D:S453T	logit=-0.652
C:T42V	D:T315V	logit=-0.807
C:N51P	D:N324P	logit=-0.838

Top tied mutations (A + B view):
A:T18V	B:T215V	logit=-0.526
A:N55S	B:N252S	logit=-0.679
A:N54V	B:N251V	logit=-1.096
A:E100V	B:E297V	logit=-1.709
A:N54I	B:N251I	logit=-2.095

Top tied mutations (C + D view):
C:V218L	D:V491L	logit=-0.441
C:K191R	D:K464R	logit=-0.549
C:S180T	D:S453T	logit=-0.640
C:T42V	D:T315V	logit=-0.682
C:N51P	D:N324P	logit=-0.830

Top tied mutations (A + B view):
A:T18V	B:T215V	logit=-0.596
A:N55S	B:N252S	logit=-0.714
A:N54V	B:N251V	logit=-1.277
A:E100V	B:E297V	logit=-1.729
A:V102I	B:V299I	logit=-2.183

Top tied mutations (C + D view):
C:V218L	D:V491L	logit=-0.444
C:K191R	D:K464R	logit=-0.577
C:S180T	D:S453T	logit=-0.673
C:T42V	D:T315V	logit=-0.719
C:N51P	D:N324P	logit=-0.861

Top tied mutations (A + B view):
A:T18V	B:T215V	logit=-0.561
A:N55S	B:N252S	logit=-0.709
A:N54V	B:N251V	logit=-1.033
A:E100V	B:E297V	logit=-1.746
A:V102I	B:V299I	logit=-2.122

Top tied mutations (C + D view):
C:V218L	D:V491L	logit=-0.412
C:K191R	D:K464R	logit=-0.571
C:S180T	D:S453T	logit=-0.627
C:T42V	D:T315V	logit=-0.762
C:S89A	D:S362A	logit=-0.844

Top tied mutations (A + B view):
A:T18V	B:T215V	logit=-0.524
A:N55S	B:N252S	logit=-0.665
A:N54V	B:N251V	logit=-1.122
A:E100V	B:E297V	logit=-1.862
A:V102I	B:V299I	logit=-2.125

Top tied mutations (C + D view):
C:V218L	D:V491L	logit=-0.459
C:K191R	D:K464R	logit=-0.533
C:S180T	D:S453T	logit=-0.661
C:T42V	D:T315V	logit=-0.709
C:N51P	D:N324P	logit=-0.833

Top tied mutations (A + B view):
A:T18V	B:T215V	logit=-0.547
A:N55S	B:N252S	logit=-0.753
A:N54V	B:N251V	logit=-1.093
A:E100V	B:E297V	logit=-1.689
A:N54I	B:N251I	logit=-2.133

Top tied mutations (C + D view):
C:V218L	D:V491L	logit=-0.420
C:K191R	D:K464R	logit=-0.607
C:S180T	D:S453T	logit=-0.643
C:T42V	D:T315V	logit=-0.719
C:N51P	D:N324P	logit=-0.859

Top tied mutations (A + B view):
A:T18V	B:T215V	logit=-0.536
A:N55S	B:N252S	logit=-0.691
A:N54V	B:N251V	logit=-1.079
A:E100V	B:E297V	logit=-1.871
A:N54I	B:N251I	logit=-2.072

Top tied mutations (C + D view):
C:V218L	D:V491L	logit=-0.463
C:K191R	D:K464R	logit=-0.537
C:S180T	D:S453T	logit=-0.658
C:T42V	D:T315V	logit=-0.671
C:N51P	D:N324P	logit=-0.770

Top tied mutations (A + B view):
A:T18V	B:T215V	logit=-0.552
A:N55S	B:N252S	logit=-0.679
A:N54V	B:N251V	logit=-1.079
A:E100V	B:E297V	logit=-1.854
A:V102I	B:V299I	logit=-2.127

Top tied mutations (C + D view):
C:V218L	D:V491L	logit=-0.432
C:K191R	D:K464R	logit=-0.571
C:S180T	D:S453T	logit=-0.650
C:T42V	D:T315V	logit=-0.717
C:S89A	D:S362A	logit=-0.874

Top tied mutations (A + B view):
A:T18V	B:T215V	logit=-0.529
A:N55S	B:N252S	logit=-0.673
A:N54V	B:N251V	logit=-1.115
A:E100V	B:E297V	logit=-1.792
A:R61K	B:R258K	logit=-2.185

Top tied mutations (C + D view):
C:V218L	D:V491L	logit=-0.443
C:K191R	D:K464R	logit=-0.512
C:S180T	D:S453T	logit=-0.674
C:T42V	D:T315V	logit=-0.702
C:N51P	D:N324P	logit=-0.768

Top tied mutations (A + B view):
A:T18V	B:T215V	logit=-0.556
A:N55S	B:N252S	logit=-0.676
A:N54V	B:N251V	logit=-1.040
A:E100V	B:E297V	logit=-1.769
A:V102I	B:V299I	logit=-2.179

Top tied mutations (C + D view):
C:V218L	D:V491L	logit=-0.455
C:K191R	D:K464R	logit=-0.572
C:S180T	D:S453T	logit=-0.646
C:T42V	D:T315V	logit=-0.695
C:N51P	D:N324P	logit=-0.737

Top tied mutations (A + B view):
A:T18V	B:T215V	logit=-0.534
A:N55S	B:N252S	logit=-0.764
A:N54V	B:N251V	logit=-1.137
A:E100V	B:E297V	logit=-1.874
A:N54I	B:N251I	logit=-2.094

Top tied mutations (C + D view):
C:V218L	D:V491L	logit=-0.464
C:K191R	D:K464R	logit=-0.589
C:S180T	D:S453T	logit=-0.650
C:T42V	D:T315V	logit=-0.718
C:N219S	D:N492S	logit=-0.928

Top tied mutations (A + B view):
A:T18V	B:T215V	logit=-0.596
A:N55S	B:N252S	logit=-0.788
A:N54V	B:N251V	logit=-1.229
A:E100V	B:E297V	logit=-1.851
A:N57R	B:N254R	logit=-2.188

Top tied mutations (C + D view):
C:V218L	D:V491L	logit=-0.457
C:K191R	D:K464R	logit=-0.582
C:S180T	D:S453T	logit=-0.686
C:T42V	D:T315V	logit=-0.756
C:N51P	D:N324P	logit=-0.799

Top tied mutations (A + B view):
A:T18V	B:T215V	logit=-0.555
A:N55S	B:N252S	logit=-0.648
A:N54V	B:N251V	logit=-0.974
A:E100V	B:E297V	logit=-1.778
A:V102I	B:V299I	logit=-2.165

Top tied mutations (C + D view):
C:V218L	D:V491L	logit=-0.421
C:K191R	D:K464R	logit=-0.552
C:S180T	D:S453T	logit=-0.657
C:T42V	D:T315V	logit=-0.693
C:N51P	D:N324P	logit=-0.705

Top tied mutations (A + B view):
A:T18V	B:T215V	logit=-0.491
A:N55S	B:N252S	logit=-0.749
A:N54V	B:N251V	logit=-1.114
A:E100V	B:E297V	logit=-1.880
A:N54I	B:N251I	logit=-2.218

Top tied mutations (C + D view):
C:V218L	D:V491L	logit=-0.425
C:K191R	D:K464R	logit=-0.593
C:S180T	D:S453T	logit=-0.641
C:T42V	D:T315V	logit=-0.704
C:S72G	D:S345G	logit=-0.909

Top tied mutations (A + B view):
A:T18V	B:T215V	logit=-0.530
A:N55S	B:N252S	logit=-0.733
A:N54V	B:N251V	logit=-1.022
A:E100V	B:E297V	logit=-1.843
A:N54I	B:N251I	logit=-2.201

Top tied mutations (C + D view):
C:V218L	D:V491L	logit=-0.471
C:K191R	D:K464R	logit=-0.531
C:S180T	D:S453T	logit=-0.653
C:T42V	D:T315V	logit=-0.739
C:S89A	D:S362A	logit=-0.913

Top tied mutations (A + B view):
A:T18V	B:T215V	logit=-0.505
A:N55S	B:N252S	logit=-0.740
A:N54V	B:N251V	logit=-1.004
A:E100V	B:E297V	logit=-1.965
A:V102I	B:V299I	logit=-2.163

Top tied mutations (C + D view):
C:V218L	D:V491L	logit=-0.454
C:K191R	D:K464R	logit=-0.576
C:S180T	D:S453T	logit=-0.652
C:T42V	D:T315V	logit=-0.718
C:N51P	D:N324P	logit=-0.795

Top tied mutations (A + B view):
A:T18V	B:T215V	logit=-0.512
A:N55S	B:N252S	logit=-0.673
A:N54V	B:N251V	logit=-1.237
A:E100V	B:E297V	logit=-1.911
A:R61K	B:R258K	logit=-2.184

Top tied mutations (C + D view):
C:V218L	D:V491L	logit=-0.387
C:K191R	D:K464R	logit=-0.483
C:S180T	D:S453T	logit=-0.662
C:T42V	D:T315V	logit=-0.700
C:N51P	D:N324P	logit=-0.798

Top tied mutations (A + B view):
A:T18V	B:T215V	logit=-0.536
A:N55S	B:N252S	logit=-0.668
A:N54V	B:N251V	logit=-1.136
A:E100V	B:E297V	logit=-1.710
A:V102I	B:V299I	logit=-2.153

Top tied mutations (C + D view):
C:V218L	D:V491L	logit=-0.444
C:K191R	D:K464R	logit=-0.581
C:S180T	D:S453T	logit=-0.654
C:T42V	D:T315V	logit=-0.745
C:N51P	D:N324P	logit=-0.783

Top tied mutations (A + B view):
A:T18V	B:T215V	logit=-0.506
A:N55S	B:N252S	logit=-0.673
A:N54V	B:N251V	logit=-1.167
A:E100V	B:E297V	logit=-1.737
A:V102I	B:V299I	logit=-2.109

Top tied mutations (C + D view):
C:V218L	D:V491L	logit=-0.413
C:K191R	D:K464R	logit=-0.514
C:S180T	D:S453T	logit=-0.638
C:T42V	D:T315V	logit=-0.777
C:N51P	D:N324P	logit=-0.881

Top tied mutations (A + B view):
A:T18V	B:T215V	logit=-0.519
A:N55S	B:N252S	logit=-0.671
A:N54V	B:N251V	logit=-0.994
A:E100V	B:E297V	logit=-1.619
A:V102I	B:V299I	logit=-2.199

Top tied mutations (C + D view):
C:V218L	D:V491L	logit=-0.416
C:K191R	D:K464R	logit=-0.544
C:S180T	D:S453T	logit=-0.641
C:T42V	D:T315V	logit=-0.754
C:N51P	D:N324P	logit=-0.811

Top tied mutations (A + B view):
A:T18V	B:T215V	logit=-0.570
A:N55S	B:N252S	logit=-0.750
A:N54V	B:N251V	logit=-1.147
A:E100V	B:E297V	logit=-1.844
A:R61V	B:R258V	logit=-2.220

Top tied mutations (C + D view):
C:V218L	D:V491L	logit=-0.438
C:K191R	D:K464R	logit=-0.588
C:S180T	D:S453T	logit=-0.643
C:T42V	D:T315V	logit=-0.772
C:S89A	D:S362A	logit=-0.855

Top tied mutations (A + B view):
A:T18V	B:T215V	logit=-0.546
A:N55S	B:N252S	logit=-0.732
A:N54V	B:N251V	logit=-1.146
A:E100V	B:E297V	logit=-1.723
A:V102I	B:V299I	logit=-2.079

Top tied mutations (C + D view):
C:V218L	D:V491L	logit=-0.445
C:K191R	D:K464R	logit=-0.531
C:S180T	D:S453T	logit=-0.666
C:T42V	D:T315V	logit=-0.714
C:N51P	D:N324P	logit=-0.848

Top tied mutations (A + B view):
A:T18V	B:T215V	logit=-0.534
A:N55S	B:N252S	logit=-0.710
A:N54V	B:N251V	logit=-1.161
A:E100V	B:E297V	logit=-1.819
A:V102I	B:V299I	logit=-2.183

Top tied mutations (C + D view):
C:V218L	D:V491L	logit=-0.408
C:K191R	D:K464R	logit=-0.534
C:S180T	D:S453T	logit=-0.665
C:T42V	D:T315V	logit=-0.758
C:N51P	D:N324P	logit=-0.895

Top tied mutations (A + B view):
A:T18V	B:T215V	logit=-0.558
A:N55S	B:N252S	logit=-0.715
A:N54V	B:N251V	logit=-1.173
A:E100V	B:E297V	logit=-1.777
A:V102I	B:V299I	logit=-2.138

Top tied mutations (C + D view):
C:V218L	D:V491L	logit=-0.443
C:K191R	D:K464R	logit=-0.529
C:S180T	D:S453T	logit=-0.647
C:T42V	D:T315V	logit=-0.732
C:N51P	D:N324P	logit=-0.798

Top tied mutations (A + B view):
A:T18V	B:T215V	logit=-0.573
A:N55S	B:N252S	logit=-0.665
A:N54V	B:N251V	logit=-1.275
A:E100V	B:E297V	logit=-1.706
A:V102I	B:V299I	logit=-2.150

Top tied mutations (C + D view):
C:V218L	D:V491L	logit=-0.424
C:K191R	D:K464R	logit=-0.521
C:S180T	D:S453T	logit=-0.647
C:T42V	D:T315V	logit=-0.732
C:N51P	D:N324P	logit=-0.900

Top tied mutations (A + B view):
A:T18V	B:T215V	logit=-0.500
A:N55S	B:N252S	logit=-0.715
A:N54V	B:N251V	logit=-1.151
A:E100V	B:E297V	logit=-1.790
A:N54I	B:N251I	logit=-2.182

Top tied mutations (C + D view):
C:V218L	D:V491L	logit=-0.416
C:K191R	D:K464R	logit=-0.600
C:S180T	D:S453T	logit=-0.642
C:T42V	D:T315V	logit=-0.739
C:N51P	D:N324P	logit=-0.807

Top tied mutations (A + B view):
A:T18V	B:T215V	logit=-0.603
A:N55S	B:N252S	logit=-0.670
A:N54V	B:N251V	logit=-1.130
A:E100V	B:E297V	logit=-1.767
A:R61K	B:R258K	logit=-2.304

Top tied mutations (C + D view):
C:V218L	D:V491L	logit=-0.437
C:S180T	D:S453T	logit=-0.639
C:K191R	D:K464R	logit=-0.641
C:T42V	D:T315V	logit=-0.734
C:N51P	D:N324P	logit=-0.738

Top tied mutations (A + B view):
A:T18V	B:T215V	logit=-0.512
A:N55S	B:N252S	logit=-0.714
A:N54V	B:N251V	logit=-1.097
A:E100V	B:E297V	logit=-1.824
A:N57R	B:N254R	logit=-2.208

Top tied mutations (C + D view):
C:V218L	D:V491L	logit=-0.413
C:K191R	D:K464R	logit=-0.521
C:S180T	D:S453T	logit=-0.646
C:T42V	D:T315V	logit=-0.760
C:S89A	D:S362A	logit=-0.946

Top tied mutations (A + B view):
A:T18V	B:T215V	logit=-0.568
A:N55S	B:N252S	logit=-0.653
A:N54V	B:N251V	logit=-1.090
A:E100V	B:E297V	logit=-1.817
A:R61K	B:R258K	logit=-2.161

Top tied mutations (C + D view):
C:V218L	D:V491L	logit=-0.427
C:K191R	D:K464R	logit=-0.610
C:S180T	D:S453T	logit=-0.647
C:T42V	D:T315V	logit=-0.665
C:N51P	D:N324P	logit=-0.764

Top tied mutations (A + B view):
A:T18V	B:T215V	logit=-0.570
A:N55S	B:N252S	logit=-0.666
A:N54V	B:N251V	logit=-1.053
A:E100V	B:E297V	logit=-1.903
A:V102I	B:V299I	logit=-2.114

Top tied mutations (C + D view):
C:V218L	D:V491L	logit=-0.421
C:K191R	D:K464R	logit=-0.582
C:S180T	D:S453T	logit=-0.662
C:T42V	D:T315V	logit=-0.706
C:N51P	D:N324P	logit=-0.751

Top tied mutations (A + B view):
A:T18V	B:T215V	logit=-0.486
A:N55S	B:N252S	logit=-0.748
A:N54V	B:N251V	logit=-1.078
A:E100V	B:E297V	logit=-1.814
A:N54I	B:N251I	logit=-1.983

Top tied mutations (C + D view):
C:V218L	D:V491L	logit=-0.400
C:K191R	D:K464R	logit=-0.551
C:S180T	D:S453T	logit=-0.667
C:T42V	D:T315V	logit=-0.748
C:N51P	D:N324P	logit=-0.858

Top tied mutations (A + B view):
A:T18V	B:T215V	logit=-0.602
A:N55S	B:N252S	logit=-0.713
A:N54V	B:N251V	logit=-1.063
A:E100V	B:E297V	logit=-1.726
A:N57R	B:N254R	logit=-2.035

Top tied mutations (C + D view):
C:V218L	D:V491L	logit=-0.453
C:K191R	D:K464R	logit=-0.583
C:S180T	D:S453T	logit=-0.642
C:T42V	D:T315V	logit=-0.798
C:N51P	D:N324P	logit=-0.829

Top tied mutations (A + B view):
A:T18V	B:T215V	logit=-0.563
A:N55S	B:N252S	logit=-0.666
A:N54V	B:N251V	logit=-1.195
A:E100V	B:E297V	logit=-1.794
A:N57R	B:N254R	logit=-2.077

Top tied mutations (C + D view):
C:V218L	D:V491L	logit=-0.415
C:K191R	D:K464R	logit=-0.603
C:S180T	D:S453T	logit=-0.624
C:T42V	D:T315V	logit=-0.709
C:N51P	D:N324P	logit=-0.744

Top tied mutations (A + B view):
A:T18V	B:T215V	logit=-0.555
A:N55S	B:N252S	logit=-0.688
A:N54V	B:N251V	logit=-1.192
A:E100V	B:E297V	logit=-1.813
A:R61K	B:R258K	logit=-2.178

Top tied mutations (C + D view):
C:V218L	D:V491L	logit=-0.462
C:K191R	D:K464R	logit=-0.529
C:S180T	D:S453T	logit=-0.647
C:T42V	D:T315V	logit=-0.750
C:N51P	D:N324P	logit=-0.839

Top tied mutations (A + B view):
A:T18V	B:T215V	logit=-0.563
A:N55S	B:N252S	logit=-0.706
A:N54V	B:N251V	logit=-1.141
A:E100V	B:E297V	logit=-1.841
A:N54I	B:N251I	logit=-2.097

Top tied mutations (C + D view):
C:V218L	D:V491L	logit=-0.430
C:K191R	D:K464R	logit=-0.528
C:S180T	D:S453T	logit=-0.677
C:T42V	D:T315V	logit=-0.744
C:N51P	D:N324P	logit=-0.815

Top tied mutations (A + B view):
A:T18V	B:T215V	logit=-0.582
A:N55S	B:N252S	logit=-0.726
A:N54V	B:N251V	logit=-1.113
A:E100V	B:E297V	logit=-1.849
A:N57R	B:N254R	logit=-2.103

Top tied mutations (C + D view):
C:V218L	D:V491L	logit=-0.404
C:K191R	D:K464R	logit=-0.509
C:S180T	D:S453T	logit=-0.667
C:T42V	D:T315V	logit=-0.703
C:N51P	D:N324P	logit=-0.833

Top tied mutations (A + B view):
A:T18V	B:T215V	logit=-0.538
A:N55S	B:N252S	logit=-0.655
A:N54V	B:N251V	logit=-1.121
A:E100V	B:E297V	logit=-1.687
A:V102I	B:V299I	logit=-2.103

Top tied mutations (C + D view):
C:V218L	D:V491L	logit=-0.453
C:K191R	D:K464R	logit=-0.565
C:S180T	D:S453T	logit=-0.648
C:T42V	D:T315V	logit=-0.738
C:N51P	D:N324P	logit=-0.778

Top tied mutations (A + B view):
A:T18V	B:T215V	logit=-0.507
A:N55S	B:N252S	logit=-0.760
A:N54V	B:N251V	logit=-1.183
A:E100V	B:E297V	logit=-1.853
A:V102I	B:V299I	logit=-2.203

Top tied mutations (C + D view):
C:V218L	D:V491L	logit=-0.464
C:S180T	D:S453T	logit=-0.625
C:K191R	D:K464R	logit=-0.630
C:T42V	D:T315V	logit=-0.760
C:N51P	D:N324P	logit=-0.799

Top tied mutations (A + B view):
A:T18V	B:T215V	logit=-0.592
A:N55S	B:N252S	logit=-0.667
A:N54V	B:N251V	logit=-1.035
A:E100V	B:E297V	logit=-1.791
A:N57R	B:N254R	logit=-2.110

Top tied mutations (C + D view):
C:V218L	D:V491L	logit=-0.431
C:K191R	D:K464R	logit=-0.564
C:S180T	D:S453T	logit=-0.665
C:T42V	D:T315V	logit=-0.726
C:N51P	D:N324P	logit=-0.878

Top tied mutations (A + B view):
A:T18V	B:T215V	logit=-0.549
A:N55S	B:N252S	logit=-0.697
A:N54V	B:N251V	logit=-1.202
A:E100V	B:E297V	logit=-1.795
A:V102I	B:V299I	logit=-2.186

Top tied mutations (C + D view):
C:V218L	D:V491L	logit=-0.485
C:K191R	D:K464R	logit=-0.501
C:S180T	D:S453T	logit=-0.654
C:T42V	D:T315V	logit=-0.689
C:N51P	D:N324P	logit=-0.829

Top tied mutations (A + B view):
A:T18V	B:T215V	logit=-0.568
A:N55S	B:N252S	logit=-0.694
A:N54V	B:N251V	logit=-1.199
A:E100V	B:E297V	logit=-1.722
A:V102I	B:V299I	logit=-2.075

Top tied mutations (C + D view):
C:V218L	D:V491L	logit=-0.485
C:K191R	D:K464R	logit=-0.565
C:S180T	D:S453T	logit=-0.646
C:T42V	D:T315V	logit=-0.699
C:N51P	D:N324P	logit=-0.910

Top tied mutations (A + B view):
A:T18V	B:T215V	logit=-0.552
A:N55S	B:N252S	logit=-0.746
A:N54V	B:N251V	logit=-1.217
A:E100V	B:E297V	logit=-1.737
A:V102I	B:V299I	logit=-2.161

Top tied mutations (C + D view):
C:V218L	D:V491L	logit=-0.436
C:K191R	D:K464R	logit=-0.590
C:S180T	D:S453T	logit=-0.674
C:T42V	D:T315V	logit=-0.708
C:S89A	D:S362A	logit=-0.853

Top tied mutations (A + B view):
A:T18V	B:T215V	logit=-0.529
A:N55S	B:N252S	logit=-0.671
A:N54V	B:N251V	logit=-1.190
A:E100V	B:E297V	logit=-1.844
A:N57R	B:N254R	logit=-2.215

Top tied mutations (C + D view):
C:V218L	D:V491L	logit=-0.435
C:K191R	D:K464R	logit=-0.509
C:S180T	D:S453T	logit=-0.666
C:T42V	D:T315V	logit=-0.686
C:N51P	D:N324P	logit=-0.768

Top tied mutations (A + B view):
A:T18V	B:T215V	logit=-0.503
A:N55S	B:N252S	logit=-0.627
A:N54V	B:N251V	logit=-1.116
A:E100V	B:E297V	logit=-1.641
A:N57R	B:N254R	logit=-2.163

Top tied mutations (C + D view):
C:V218L	D:V491L	logit=-0.479
C:K191R	D:K464R	logit=-0.579
C:S180T	D:S453T	logit=-0.654
C:T42V	D:T315V	logit=-0.718
C:A168P	D:A441P	logit=-0.891

Top tied mutations (A + B view):
A:T18V	B:T215V	logit=-0.544
A:N55S	B:N252S	logit=-0.685
A:N54V	B:N251V	logit=-1.242
A:E100V	B:E297V	logit=-1.695
A:N57R	B:N254R	logit=-2.015

Top tied mutations (C + D view):
C:V218L	D:V491L	logit=-0.467
C:K191R	D:K464R	logit=-0.507
C:S180T	D:S453T	logit=-0.693
C:T42V	D:T315V	logit=-0.727
C:N51P	D:N324P	logit=-0.824

Top tied mutations (A + B view):
A:T18V	B:T215V	logit=-0.602
A:N55S	B:N252S	logit=-0.676
A:N54V	B:N251V	logit=-1.136
A:E100V	B:E297V	logit=-1.731
A:V102I	B:V299I	logit=-2.092

Top tied mutations (C + D view):
C:V218L	D:V491L	logit=-0.426
C:K191R	D:K464R	logit=-0.538
C:S180T	D:S453T	logit=-0.661
C:T42V	D:T315V	logit=-0.697
C:N51P	D:N324P	logit=-0.791

Top tied mutations (A + B view):
A:T18V	B:T215V	logit=-0.508
A:N55S	B:N252S	logit=-0.679
A:N54V	B:N251V	logit=-1.087
A:E100V	B:E297V	logit=-1.700
A:V102I	B:V299I	logit=-2.120

Top tied mutations (C + D view):
C:V218L	D:V491L	logit=-0.489
C:K191R	D:K464R	logit=-0.594
C:S180T	D:S453T	logit=-0.666
C:T42V	D:T315V	logit=-0.736
C:N51P	D:N324P	logit=-0.749

Top tied mutations (A + B view):
A:T18V	B:T215V	logit=-0.551
A:N55S	B:N252S	logit=-0.717
A:N54V	B:N251V	logit=-1.134
A:E100V	B:E297V	logit=-1.783
A:V102I	B:V299I	logit=-2.066

Top tied mutations (C + D view):
C:V218L	D:V491L	logit=-0.449
C:K191R	D:K464R	logit=-0.546
C:S180T	D:S453T	logit=-0.638
C:T42V	D:T315V	logit=-0.747
C:N51P	D:N324P	logit=-0.838

Top tied mutations (A + B view):
A:T18V	B:T215V	logit=-0.514
A:N55S	B:N252S	logit=-0.688
A:N54V	B:N251V	logit=-1.066
A:E100V	B:E297V	logit=-1.691
A:V102I	B:V299I	logit=-2.139

Top tied mutations (C + D view):
C:V218L	D:V491L	logit=-0.486
C:K191R	D:K464R	logit=-0.528
C:S180T	D:S453T	logit=-0.644
C:T42V	D:T315V	logit=-0.714
C:N51P	D:N324P	logit=-0.747

Top tied mutations (A + B view):
A:T18V	B:T215V	logit=-0.505
A:N55S	B:N252S	logit=-0.683
A:N54V	B:N251V	logit=-1.114
A:E100V	B:E297V	logit=-1.803
A:R61V	B:R258V	logit=-2.214

Top tied mutations (C + D view):
C:V218L	D:V491L	logit=-0.432
C:K191R	D:K464R	logit=-0.539
C:S180T	D:S453T	logit=-0.647
C:T42V	D:T315V	logit=-0.755
C:S89A	D:S362A	logit=-0.820

Top tied mutations (A + B view):
A:T18V	B:T215V	logit=-0.469
A:N55S	B:N252S	logit=-0.725
A:N54V	B:N251V	logit=-1.079
A:E100V	B:E297V	logit=-1.816
A:V102I	B:V299I	logit=-2.205

Top tied mutations (C + D view):
C:V218L	D:V491L	logit=-0.461
C:K191R	D:K464R	logit=-0.577
C:S180T	D:S453T	logit=-0.636
C:T42V	D:T315V	logit=-0.737
C:S89A	D:S362A	logit=-0.888

Top tied mutations (A + B view):
A:T18V	B:T215V	logit=-0.526
A:N55S	B:N252S	logit=-0.713
A:N54V	B:N251V	logit=-1.150
A:E100V	B:E297V	logit=-1.878
A:N54I	B:N251I	logit=-2.092

Top tied mutations (C + D view):
C:V218L	D:V491L	logit=-0.488
C:K191R	D:K464R	logit=-0.612
C:S180T	D:S453T	logit=-0.670
C:T42V	D:T315V	logit=-0.753
C:N51P	D:N324P	logit=-0.877

Top tied mutations (A + B view):
A:T18V	B:T215V	logit=-0.446
A:N55S	B:N252S	logit=-0.717
A:N54V	B:N251V	logit=-1.240
A:E100V	B:E297V	logit=-1.840
A:V102I	B:V299I	logit=-2.243

Top tied mutations (C + D view):
C:V218L	D:V491L	logit=-0.435
C:K191R	D:K464R	logit=-0.577
C:S180T	D:S453T	logit=-0.641
C:T42V	D:T315V	logit=-0.673
C:N51P	D:N324P	logit=-0.794

Top tied mutations (A + B view):
A:T18V	B:T215V	logit=-0.565
A:N55S	B:N252S	logit=-0.703
A:N54V	B:N251V	logit=-1.101
A:E100V	B:E297V	logit=-1.678
A:V102I	B:V299I	logit=-2.217

Top tied mutations (C + D view):
C:V218L	D:V491L	logit=-0.480
C:K191R	D:K464R	logit=-0.504
C:S180T	D:S453T	logit=-0.638
C:T42V	D:T315V	logit=-0.782
C:N51P	D:N324P	logit=-0.883

Top tied mutations (A + B view):
A:T18V	B:T215V	logit=-0.537
A:N55S	B:N252S	logit=-0.658
A:N54V	B:N251V	logit=-1.156
A:E100V	B:E297V	logit=-1.725
A:V102I	B:V299I	logit=-2.107

Top tied mutations (C + D view):
C:V218L	D:V491L	logit=-0.474
C:K191R	D:K464R	logit=-0.596
C:S180T	D:S453T	logit=-0.650
C:T42V	D:T315V	logit=-0.819
C:S72G	D:S345G	logit=-0.884

Top tied mutations (A + B view):
A:T18V	B:T215V	logit=-0.545
A:N55S	B:N252S	logit=-0.649
A:N54V	B:N251V	logit=-1.037
A:E100V	B:E297V	logit=-1.795
A:V102I	B:V299I	logit=-2.116

Top tied mutations (C + D view):
C:V218L	D:V491L	logit=-0.425
C:K191R	D:K464R	logit=-0.604
C:T42V	D:T315V	logit=-0.682
C:S180T	D:S453T	logit=-0.692
C:N51P	D:N324P	logit=-0.862

Top tied mutations (A + B view):
A:T18V	B:T215V	logit=-0.595
A:N55S	B:N252S	logit=-0.747
A:N54V	B:N251V	logit=-1.192
A:E100V	B:E297V	logit=-1.741
A:V102I	B:V299I	logit=-2.100

Top tied mutations (C + D view):
C:V218L	D:V491L	logit=-0.472
C:K191R	D:K464R	logit=-0.576
C:S180T	D:S453T	logit=-0.631
C:T42V	D:T315V	logit=-0.734
C:S89A	D:S362A	logit=-0.903

Top tied mutations (A + B view):
A:T18V	B:T215V	logit=-0.542
A:N55S	B:N252S	logit=-0.742
A:N54V	B:N251V	logit=-1.220
A:E100V	B:E297V	logit=-1.828
A:V102I	B:V299I	logit=-2.112

Top tied mutations (C + D view):
C:V218L	D:V491L	logit=-0.465
C:K191R	D:K464R	logit=-0.583
C:S180T	D:S453T	logit=-0.684
C:T42V	D:T315V	logit=-0.688
C:N51P	D:N324P	logit=-0.856

Top tied mutations (A + B view):
A:T18V	B:T215V	logit=-0.510
A:N55S	B:N252S	logit=-0.689
A:N54V	B:N251V	logit=-1.139
A:E100V	B:E297V	logit=-1.716
A:V102I	B:V299I	logit=-2.159

Top tied mutations (C + D view):
C:V218L	D:V491L	logit=-0.423
C:K191R	D:K464R	logit=-0.576
C:S180T	D:S453T	logit=-0.642
C:T42V	D:T315V	logit=-0.701
C:N51P	D:N324P	logit=-0.814

Top tied mutations (A + B view):
A:T18V	B:T215V	logit=-0.558
A:N55S	B:N252S	logit=-0.607
A:N54V	B:N251V	logit=-1.077
A:E100V	B:E297V	logit=-1.861
A:V102I	B:V299I	logit=-2.143

Top tied mutations (C + D view):
C:V218L	D:V491L	logit=-0.414
C:K191R	D:K464R	logit=-0.521
C:S180T	D:S453T	logit=-0.632
C:T42V	D:T315V	logit=-0.745
C:N51P	D:N324P	logit=-0.801

Top tied mutations (A + B view):
A:T18V	B:T215V	logit=-0.495
A:N55S	B:N252S	logit=-0.730
A:N54V	B:N251V	logit=-1.031
A:E100V	B:E297V	logit=-1.859
A:N54I	B:N251I	logit=-2.190

Top tied mutations (C + D view):
C:V218L	D:V491L	logit=-0.446
C:K191R	D:K464R	logit=-0.555
C:T42V	D:T315V	logit=-0.686
C:S180T	D:S453T	logit=-0.694
C:N51P	D:N324P	logit=-0.808

Top tied mutations (A + B view):
A:T18V	B:T215V	logit=-0.518
A:N55S	B:N252S	logit=-0.673
A:N54V	B:N251V	logit=-1.208
A:E100V	B:E297V	logit=-1.763
A:V102I	B:V299I	logit=-2.258

Top tied mutations (C + D view):
C:V218L	D:V491L	logit=-0.477
C:K191R	D:K464R	logit=-0.565
C:S180T	D:S453T	logit=-0.665
C:T42V	D:T315V	logit=-0.716
C:N51P	D:N324P	logit=-0.842

Top tied mutations (A + B view):
A:T18V	B:T215V	logit=-0.538
A:N55S	B:N252S	logit=-0.719
A:N54V	B:N251V	logit=-1.138
A:E100V	B:E297V	logit=-1.783
A:V102I	B:V299I	logit=-2.106

Top tied mutations (C + D view):
C:V218L	D:V491L	logit=-0.391
C:K191R	D:K464R	logit=-0.506
C:S180T	D:S453T	logit=-0.645
C:N51P	D:N324P	logit=-0.763
C:T42V	D:T315V	logit=-0.790

Top tied mutations (A + B view):
A:T18V	B:T215V	logit=-0.556
A:N55S	B:N252S	logit=-0.697
A:N54V	B:N251V	logit=-1.264
A:E100V	B:E297V	logit=-1.645
A:V102I	B:V299I	logit=-2.144

Top tied mutations (C + D view):
C:V218L	D:V491L	logit=-0.496
C:K191R	D:K464R	logit=-0.593
C:S180T	D:S453T	logit=-0.637
C:T42V	D:T315V	logit=-0.795
C:S89A	D:S362A	logit=-0.849

Top tied mutations (A + B view):
A:T18V	B:T215V	logit=-0.603
A:N55S	B:N252S	logit=-0.715
A:N54V	B:N251V	logit=-1.129
A:E100V	B:E297V	logit=-1.773
A:N54I	B:N251I	logit=-2.179

Top tied mutations (C + D view):
C:V218L	D:V491L	logit=-0.413
C:K191R	D:K464R	logit=-0.600
C:S180T	D:S453T	logit=-0.667
C:T42V	D:T315V	logit=-0.743
C:N51P	D:N324P	logit=-0.861

Top tied mutations (A + B view):
A:T18V	B:T215V	logit=-0.558
A:N55S	B:N252S	logit=-0.702
A:N54V	B:N251V	logit=-0.987
A:E100V	B:E297V	logit=-1.814
A:N57R	B:N254R	logit=-2.218

Top tied mutations (C + D view):
C:V218L	D:V491L	logit=-0.429
C:K191R	D:K464R	logit=-0.494
C:S180T	D:S453T	logit=-0.648
C:T42V	D:T315V	logit=-0.720
C:N51P	D:N324P	logit=-0.876

Top tied mutations (A + B view):
A:T18V	B:T215V	logit=-0.512
A:N55S	B:N252S	logit=-0.698
A:N54V	B:N251V	logit=-1.009
A:E100V	B:E297V	logit=-1.738
A:V102I	B:V299I	logit=-2.113

Top tied mutations (C + D view):
C:V218L	D:V491L	logit=-0.454
C:K191R	D:K464R	logit=-0.518
C:S180T	D:S453T	logit=-0.650
C:T42V	D:T315V	logit=-0.769
C:N51P	D:N324P	logit=-0.846

Top tied mutations (A + B view):
A:T18V	B:T215V	logit=-0.490
A:N55S	B:N252S	logit=-0.720
A:N54V	B:N251V	logit=-1.075
A:E100V	B:E297V	logit=-1.849
A:V102I	B:V299I	logit=-2.155

Top tied mutations (C + D view):
C:V218L	D:V491L	logit=-0.453
C:K191R	D:K464R	logit=-0.548
C:S180T	D:S453T	logit=-0.632
C:T42V	D:T315V	logit=-0.688
C:N51P	D:N324P	logit=-0.847

Top tied mutations (A + B view):
A:T18V	B:T215V	logit=-0.558
A:N55S	B:N252S	logit=-0.722
A:N54V	B:N251V	logit=-1.171
A:E100V	B:E297V	logit=-1.894
A:N54I	B:N251I	logit=-2.095

Top tied mutations (C + D view):
C:V218L	D:V491L	logit=-0.419
C:K191R	D:K464R	logit=-0.597
C:S180T	D:S453T	logit=-0.656
C:T42V	D:T315V	logit=-0.764
C:N51P	D:N324P	logit=-0.813

Top tied mutations (A + B view):
A:T18V	B:T215V	logit=-0.510
A:N55S	B:N252S	logit=-0.780
A:N54V	B:N251V	logit=-1.244
A:E100V	B:E297V	logit=-1.694
A:V102I	B:V299I	logit=-2.203

Top tied mutations (C + D view):
C:V218L	D:V491L	logit=-0.436
C:K191R	D:K464R	logit=-0.543
C:S180T	D:S453T	logit=-0.647
C:T42V	D:T315V	logit=-0.753
C:S89A	D:S362A	logit=-0.838

Top tied mutations (A + B view):
A:T18V	B:T215V	logit=-0.554
A:N55S	B:N252S	logit=-0.708
A:N54V	B:N251V	logit=-1.070
A:E100V	B:E297V	logit=-1.884
A:V102I	B:V299I	logit=-2.211

Top tied mutations (C + D view):
C:V218L	D:V491L	logit=-0.485
C:K191R	D:K464R	logit=-0.556
C:S180T	D:S453T	logit=-0.636
C:T42V	D:T315V	logit=-0.735
C:S89A	D:S362A	logit=-0.839

Top tied mutations (A + B view):
A:T18V	B:T215V	logit=-0.597
A:N55S	B:N252S	logit=-0.729
A:N54V	B:N251V	logit=-1.091
A:E100V	B:E297V	logit=-1.822
A:N57R	B:N254R	logit=-1.950

Top tied mutations (C + D view):
C:V218L	D:V491L	logit=-0.457
C:K191R	D:K464R	logit=-0.569
C:S180T	D:S453T	logit=-0.644
C:T42V	D:T315V	logit=-0.718
C:S89A	D:S362A	logit=-0.867

Top tied mutations (A + B view):
A:T18V	B:T215V	logit=-0.530
A:N55S	B:N252S	logit=-0.737
A:N54V	B:N251V	logit=-1.196
A:E100V	B:E297V	logit=-1.789
A:N57R	B:N254R	logit=-2.152

Top tied mutations (C + D view):
C:V218L	D:V491L	logit=-0.466
C:K191R	D:K464R	logit=-0.577
C:S180T	D:S453T	logit=-0.666
C:T42V	D:T315V	logit=-0.723
C:N51P	D:N324P	logit=-0.897

Top tied mutations (A + B view):
A:T18V	B:T215V	logit=-0.531
A:N55S	B:N252S	logit=-0.701
A:N54V	B:N251V	logit=-1.020
A:E100V	B:E297V	logit=-1.840
A:V102I	B:V299I	logit=-2.093

Top tied mutations (C + D view):
C:V218L	D:V491L	logit=-0.419
C:K191R	D:K464R	logit=-0.541
C:S180T	D:S453T	logit=-0.647
C:T42V	D:T315V	logit=-0.744
C:N51P	D:N324P	logit=-0.852

Top tied mutations (A + B view):
A:T18V	B:T215V	logit=-0.522
A:N55S	B:N252S	logit=-0.654
A:N54V	B:N251V	logit=-1.228
A:E100V	B:E297V	logit=-1.741
A:V102I	B:V299I	logit=-2.160

Top tied mutations (C + D view):
C:V218L	D:V491L	logit=-0.428
C:K191R	D:K464R	logit=-0.510
C:S180T	D:S453T	logit=-0.679
C:T42V	D:T315V	logit=-0.785
C:N51P	D:N324P	logit=-0.870

Top tied mutations (A + B view):
A:T18V	B:T215V	logit=-0.558
A:N55S	B:N252S	logit=-0.630
A:N54V	B:N251V	logit=-1.098
A:E100V	B:E297V	logit=-1.826
A:V102I	B:V299I	logit=-2.058

Top tied mutations (C + D view):
C:V218L	D:V491L	logit=-0.453
C:K191R	D:K464R	logit=-0.561
C:S180T	D:S453T	logit=-0.668
C:T42V	D:T315V	logit=-0.708
C:N51P	D:N324P	logit=-0.907

Top tied mutations (A + B view):
A:T18V	B:T215V	logit=-0.555
A:N55S	B:N252S	logit=-0.726
A:N54V	B:N251V	logit=-1.053
A:E100V	B:E297V	logit=-1.804
A:V102I	B:V299I	logit=-2.053

Top tied mutations (C + D view):
C:V218L	D:V491L	logit=-0.451
C:K191R	D:K464R	logit=-0.549
C:S180T	D:S453T	logit=-0.640
C:T42V	D:T315V	logit=-0.728
C:N51P	D:N324P	logit=-0.811

Top tied mutations (A + B view):
A:T18V	B:T215V	logit=-0.583
A:N55S	B:N252S	logit=-0.764
A:N54V	B:N251V	logit=-1.041
A:E100V	B:E297V	logit=-1.682
A:N54I	B:N251I	logit=-1.943

Top tied mutations (C + D view):
C:V218L	D:V491L	logit=-0.416
C:K191R	D:K464R	logit=-0.570
C:S180T	D:S453T	logit=-0.651
C:T42V	D:T315V	logit=-0.744
C:N51P	D:N324P	logit=-0.810

Top tied mutations (A + B view):
A:T18V	B:T215V	logit=-0.526
A:N55S	B:N252S	logit=-0.707
A:N54V	B:N251V	logit=-0.946
A:E100V	B:E297V	logit=-1.772
A:V102I	B:V299I	logit=-2.081

Top tied mutations (C + D view):
C:V218L	D:V491L	logit=-0.430
C:K191R	D:K464R	logit=-0.603
C:S180T	D:S453T	logit=-0.664
C:T42V	D:T315V	logit=-0.746
C:N51P	D:N324P	logit=-0.820

Top tied mutations (A + B view):
A:T18V	B:T215V	logit=-0.588
A:N55S	B:N252S	logit=-0.653
A:N54V	B:N251V	logit=-1.105
A:E100V	B:E297V	logit=-1.714
A:V102I	B:V299I	logit=-2.165

Top tied mutations (C + D view):
C:V218L	D:V491L	logit=-0.405
C:K191R	D:K464R	logit=-0.551
C:S180T	D:S453T	logit=-0.653
C:T42V	D:T315V	logit=-0.713
C:N51P	D:N324P	logit=-0.869

Top tied mutations (A + B view):
A:T18V	B:T215V	logit=-0.613
A:N55S	B:N252S	logit=-0.664
A:N54V	B:N251V	logit=-1.111
A:E100V	B:E297V	logit=-1.820
A:N54I	B:N251I	logit=-2.193

Top tied mutations (C + D view):
C:V218L	D:V491L	logit=-0.418
C:K191R	D:K464R	logit=-0.543
C:S180T	D:S453T	logit=-0.655
C:T42V	D:T315V	logit=-0.720
C:N51P	D:N324P	logit=-0.883

Top tied mutations (A + B view):
A:T18V	B:T215V	logit=-0.564
A:N55S	B:N252S	logit=-0.701
A:N54V	B:N251V	logit=-1.218
A:E100V	B:E297V	logit=-1.663
A:V102I	B:V299I	logit=-2.102

Top tied mutations (C + D view):
C:V218L	D:V491L	logit=-0.429
C:K191R	D:K464R	logit=-0.544
C:S180T	D:S453T	logit=-0.668
C:T42V	D:T315V	logit=-0.700
C:N51P	D:N324P	logit=-0.749

Top tied mutations (A + B view):
A:T18V	B:T215V	logit=-0.640
A:N55S	B:N252S	logit=-0.674
A:N54V	B:N251V	logit=-1.084
A:E100V	B:E297V	logit=-1.877
A:V102I	B:V299I	logit=-2.190

Top tied mutations (C + D view):
C:V218L	D:V491L	logit=-0.444
C:K191R	D:K464R	logit=-0.575
C:S180T	D:S453T	logit=-0.652
C:T42V	D:T315V	logit=-0.748
C:N51P	D:N324P	logit=-0.905

Top tied mutations (A + B view):
A:T18V	B:T215V	logit=-0.577
A:N55S	B:N252S	logit=-0.673
A:N54V	B:N251V	logit=-1.080
A:E100V	B:E297V	logit=-1.747
A:V102I	B:V299I	logit=-2.073

Top tied mutations (C + D view):
C:V218L	D:V491L	logit=-0.479
C:K191R	D:K464R	logit=-0.533
C:S180T	D:S453T	logit=-0.669
C:T42V	D:T315V	logit=-0.727
C:N51P	D:N324P	logit=-0.885

Top tied mutations (A + B view):
A:T18V	B:T215V	logit=-0.521
A:N55S	B:N252S	logit=-0.785
A:N54V	B:N251V	logit=-1.104
A:E100V	B:E297V	logit=-1.653
A:V102I	B:V299I	logit=-2.188

Top tied mutations (C + D view):
C:V218L	D:V491L	logit=-0.416
C:K191R	D:K464R	logit=-0.527
C:S180T	D:S453T	logit=-0.652
C:T42V	D:T315V	logit=-0.777
C:N51P	D:N324P	logit=-0.891

Top tied mutations (A + B view):
A:T18V	B:T215V	logit=-0.558
A:N55S	B:N252S	logit=-0.708
A:N54V	B:N251V	logit=-1.035
A:E100V	B:E297V	logit=-1.713
A:V102I	B:V299I	logit=-2.092

Top tied mutations (C + D view):
C:V218L	D:V491L	logit=-0.476
C:K191R	D:K464R	logit=-0.576
C:S180T	D:S453T	logit=-0.655
C:T42V	D:T315V	logit=-0.740
C:S89A	D:S362A	logit=-0.863

Top tied mutations (A + B view):
A:T18V	B:T215V	logit=-0.521
A:N55S	B:N252S	logit=-0.704
A:N54V	B:N251V	logit=-1.111
A:E100V	B:E297V	logit=-1.749
A:V102I	B:V299I	logit=-2.151

Top tied mutations (C + D view):
C:V218L	D:V491L	logit=-0.460
C:K191R	D:K464R	logit=-0.605
C:S180T	D:S453T	logit=-0.682
C:T42V	D:T315V	logit=-0.745
C:N51P	D:N324P	logit=-0.900

Top tied mutations (A + B view):
A:T18V	B:T215V	logit=-0.541
A:N55S	B:N252S	logit=-0.752
A:N54V	B:N251V	logit=-0.979
A:E100V	B:E297V	logit=-1.793
A:V102I	B:V299I	logit=-2.132

Top tied mutations (C + D view):
C:K191R	D:K464R	logit=-0.471
C:V218L	D:V491L	logit=-0.487
C:S180T	D:S453T	logit=-0.657
C:T42V	D:T315V	logit=-0.683
C:N51P	D:N324P	logit=-0.818

Top tied mutations (A + B view):
A:T18V	B:T215V	logit=-0.598
A:N55S	B:N252S	logit=-0.713
A:N54V	B:N251V	logit=-1.020
A:E100V	B:E297V	logit=-1.690
A:V102I	B:V299I	logit=-2.148

Top tied mutations (C + D view):
C:V218L	D:V491L	logit=-0.458
C:K191R	D:K464R	logit=-0.522
C:S180T	D:S453T	logit=-0.675
C:T42V	D:T315V	logit=-0.786
C:S89A	D:S362A	logit=-0.862

Top tied mutations (A + B view):
A:T18V	B:T215V	logit=-0.477
A:N55S	B:N252S	logit=-0.670
A:N54V	B:N251V	logit=-1.032
A:E100V	B:E297V	logit=-1.785
A:N54I	B:N251I	logit=-1.924

Top tied mutations (C + D view):
C:V218L	D:V491L	logit=-0.467
C:K191R	D:K464R	logit=-0.489
C:S180T	D:S453T	logit=-0.664
C:T42V	D:T315V	logit=-0.750
C:N51P	D:N324P	logit=-0.793

Top tied mutations (A + B view):
A:T18V	B:T215V	logit=-0.563
A:N55S	B:N252S	logit=-0.753
A:N54V	B:N251V	logit=-1.070
A:E100V	B:E297V	logit=-1.725
A:V102I	B:V299I	logit=-2.099

Top tied mutations (C + D view):
C:V218L	D:V491L	logit=-0.414
C:K191R	D:K464R	logit=-0.564
C:S180T	D:S453T	logit=-0.670
C:T42V	D:T315V	logit=-0.704
C:N51P	D:N324P	logit=-0.788

Top tied mutations (A + B view):
A:T18V	B:T215V	logit=-0.487
A:N55S	B:N252S	logit=-0.749
A:N54V	B:N251V	logit=-1.189
A:E100V	B:E297V	logit=-1.805
A:V102I	B:V299I	logit=-2.071

Top tied mutations (C + D view):
C:V218L	D:V491L	logit=-0.447
C:K191R	D:K464R	logit=-0.563
C:S180T	D:S453T	logit=-0.658
C:T42V	D:T315V	logit=-0.820
C:N51P	D:N324P	logit=-0.843

Top tied mutations (A + B view):
A:T18V	B:T215V	logit=-0.584
A:N55S	B:N252S	logit=-0.700
A:N54V	B:N251V	logit=-1.103
A:E100V	B:E297V	logit=-1.694
A:V102I	B:V299I	logit=-2.143

Top tied mutations (C + D view):
C:V218L	D:V491L	logit=-0.425
C:K191R	D:K464R	logit=-0.549
C:S180T	D:S453T	logit=-0.622
C:T42V	D:T315V	logit=-0.755
C:N51P	D:N324P	logit=-0.877

Top tied mutations (A + B view):
A:T18V	B:T215V	logit=-0.620
A:N55S	B:N252S	logit=-0.666
A:N54V	B:N251V	logit=-1.009
A:E100V	B:E297V	logit=-1.765
A:V102I	B:V299I	logit=-2.157

Top tied mutations (C + D view):
C:V218L	D:V491L	logit=-0.420
C:K191R	D:K464R	logit=-0.544
C:S180T	D:S453T	logit=-0.686
C:T42V	D:T315V	logit=-0.778
C:N51P	D:N324P	logit=-0.851

Top tied mutations (A + B view):
A:T18V	B:T215V	logit=-0.571
A:N55S	B:N252S	logit=-0.807
A:N54V	B:N251V	logit=-1.155
A:E100V	B:E297V	logit=-1.781
A:N54I	B:N251I	logit=-2.061

Top tied mutations (C + D view):
C:V218L	D:V491L	logit=-0.443
C:K191R	D:K464R	logit=-0.514
C:S180T	D:S453T	logit=-0.656
C:T42V	D:T315V	logit=-0.805
C:N51P	D:N324P	logit=-0.875

Top tied mutations (A + B view):
A:T18V	B:T215V	logit=-0.568
A:N55S	B:N252S	logit=-0.708
A:N54V	B:N251V	logit=-1.284
A:E100V	B:E297V	logit=-1.793
A:N57R	B:N254R	logit=-2.230

Top tied mutations (C + D view):
C:V218L	D:V491L	logit=-0.495
C:K191R	D:K464R	logit=-0.566
C:S180T	D:S453T	logit=-0.622
C:T42V	D:T315V	logit=-0.719
C:N51P	D:N324P	logit=-0.854

Top tied mutations (A + B view):
A:T18V	B:T215V	logit=-0.510
A:N55S	B:N252S	logit=-0.716
A:N54V	B:N251V	logit=-1.271
A:E100V	B:E297V	logit=-1.821
A:V102I	B:V299I	logit=-2.188

Top tied mutations (C + D view):
C:V218L	D:V491L	logit=-0.492
C:K191R	D:K464R	logit=-0.540
C:S180T	D:S453T	logit=-0.689
C:T42V	D:T315V	logit=-0.728
C:N51P	D:N324P	logit=-0.784

Top tied mutations (A + B view):
A:T18V	B:T215V	logit=-0.493
A:N55S	B:N252S	logit=-0.707
A:N54V	B:N251V	logit=-1.103
A:E100V	B:E297V	logit=-1.797
A:V102I	B:V299I	logit=-2.161

Top tied mutations (C + D view):
C:K191R	D:K464R	logit=-0.486
C:V218L	D:V491L	logit=-0.498
C:S180T	D:S453T	logit=-0.637
C:N51P	D:N324P	logit=-0.772
C:T42V	D:T315V	logit=-0.795

Top tied mutations (A + B view):
A:T18V	B:T215V	logit=-0.471
A:N55S	B:N252S	logit=-0.667
A:N54V	B:N251V	logit=-1.085
A:E100V	B:E297V	logit=-1.731
A:V102I	B:V299I	logit=-2.170

Top tied mutations (C + D view):
C:V218L	D:V491L	logit=-0.481
C:K191R	D:K464R	logit=-0.554
C:S180T	D:S453T	logit=-0.651
C:T42V	D:T315V	logit=-0.754
C:N51P	D:N324P	logit=-0.881

Top tied mutations (A + B view):
A:T18V	B:T215V	logit=-0.518
A:N55S	B:N252S	logit=-0.692
A:N54V	B:N251V	logit=-1.258
A:E100V	B:E297V	logit=-1.755
A:V102I	B:V299I	logit=-2.096

Top tied mutations (C + D view):
C:V218L	D:V491L	logit=-0.471
C:K191R	D:K464R	logit=-0.522
C:S180T	D:S453T	logit=-0.675
C:T42V	D:T315V	logit=-0.772
C:S89A	D:S362A	logit=-0.819

Top tied mutations (A + B view):
A:T18V	B:T215V	logit=-0.532
A:N55S	B:N252S	logit=-0.670
A:N54V	B:N251V	logit=-1.049
A:E100V	B:E297V	logit=-1.875
A:V102I	B:V299I	logit=-2.280

Top tied mutations (C + D view):
C:V218L	D:V491L	logit=-0.439
C:K191R	D:K464R	logit=-0.589
C:S180T	D:S453T	logit=-0.669
C:T42V	D:T315V	logit=-0.754
C:N51P	D:N324P	logit=-0.914

Top tied mutations (A + B view):
A:T18V	B:T215V	logit=-0.524
A:N55S	B:N252S	logit=-0.689
A:N54V	B:N251V	logit=-1.123
A:E100V	B:E297V	logit=-1.717
A:N57R	B:N254R	logit=-2.204

Top tied mutations (C + D view):
C:V218L	D:V491L	logit=-0.464
C:K191R	D:K464R	logit=-0.482
C:S180T	D:S453T	logit=-0.679
C:T42V	D:T315V	logit=-0.736
C:N51P	D:N324P	logit=-0.793

Top tied mutations (A + B view):
A:T18V	B:T215V	logit=-0.590
A:N55S	B:N252S	logit=-0.712
A:N54V	B:N251V	logit=-1.178
A:E100V	B:E297V	logit=-1.862
A:V102I	B:V299I	logit=-2.135

Top tied mutations (C + D view):
C:V218L	D:V491L	logit=-0.482
C:K191R	D:K464R	logit=-0.557
C:S180T	D:S453T	logit=-0.680
C:T42V	D:T315V	logit=-0.751
C:N51P	D:N324P	logit=-0.860

Top tied mutations (A + B view):
A:T18V	B:T215V	logit=-0.495
A:N55S	B:N252S	logit=-0.708
A:N54V	B:N251V	logit=-1.033
A:E100V	B:E297V	logit=-1.739
A:V102I	B:V299I	logit=-2.081

Top tied mutations (C + D view):
C:V218L	D:V491L	logit=-0.469
C:K191R	D:K464R	logit=-0.566
C:S180T	D:S453T	logit=-0.642
C:T42V	D:T315V	logit=-0.689
C:N51P	D:N324P	logit=-0.784

Top tied mutations (A + B view):
A:T18V	B:T215V	logit=-0.577
A:N55S	B:N252S	logit=-0.706
A:N54V	B:N251V	logit=-1.203
A:E100V	B:E297V	logit=-1.858
A:N57R	B:N254R	logit=-1.975

Top tied mutations (C + D view):
C:V218L	D:V491L	logit=-0.402
C:K191R	D:K464R	logit=-0.562
C:S180T	D:S453T	logit=-0.669
C:T42V	D:T315V	logit=-0.794
C:S89A	D:S362A	logit=-0.870

Top tied mutations (A + B view):
A:T18V	B:T215V	logit=-0.584
A:N55S	B:N252S	logit=-0.720
A:N54V	B:N251V	logit=-1.067
A:E100V	B:E297V	logit=-1.791
A:N54I	B:N251I	logit=-2.092

Top tied mutations (C + D view):
C:V218L	D:V491L	logit=-0.457
C:K191R	D:K464R	logit=-0.525
C:S180T	D:S453T	logit=-0.627
C:T42V	D:T315V	logit=-0.704
C:N51P	D:N324P	logit=-0.780

Top tied mutations (A + B view):
A:T18V	B:T215V	logit=-0.576
A:N55S	B:N252S	logit=-0.678
A:N54V	B:N251V	logit=-1.175
A:E100V	B:E297V	logit=-1.861
A:V102I	B:V299I	logit=-2.088

Top tied mutations (C + D view):
C:V218L	D:V491L	logit=-0.417
C:K191R	D:K464R	logit=-0.548
C:S180T	D:S453T	logit=-0.652
C:T42V	D:T315V	logit=-0.706
C:N51P	D:N324P	logit=-0.849

Top tied mutations (A + B view):
A:T18V	B:T215V	logit=-0.508
A:N55S	B:N252S	logit=-0.752
A:N54V	B:N251V	logit=-1.249
A:E100V	B:E297V	logit=-1.763
A:V102I	B:V299I	logit=-2.087

Top tied mutations (C + D view):
C:V218L	D:V491L	logit=-0.404
C:K191R	D:K464R	logit=-0.565
C:S180T	D:S453T	logit=-0.659
C:T42V	D:T315V	logit=-0.766
C:N51P	D:N324P	logit=-0.938

Top tied mutations (A + B view):
A:T18V	B:T215V	logit=-0.519
A:N55S	B:N252S	logit=-0.738
A:N54V	B:N251V	logit=-1.033
A:E100V	B:E297V	logit=-1.718
A:N57R	B:N254R	logit=-2.173

Top tied mutations (C + D view):
C:V218L	D:V491L	logit=-0.474
C:K191R	D:K464R	logit=-0.587
C:S180T	D:S453T	logit=-0.669
C:T42V	D:T315V	logit=-0.712
C:N51P	D:N324P	logit=-0.734

Top tied mutations (A + B view):
A:T18V	B:T215V	logit=-0.478
A:N55S	B:N252S	logit=-0.682
A:N54V	B:N251V	logit=-1.095
A:E100V	B:E297V	logit=-1.695
A:V102I	B:V299I	logit=-2.120

Top tied mutations (C + D view):
C:V218L	D:V491L	logit=-0.486
C:K191R	D:K464R	logit=-0.528
C:S180T	D:S453T	logit=-0.679
C:T42V	D:T315V	logit=-0.716
C:N51P	D:N324P	logit=-0.883

Top tied mutations (A + B view):
A:T18V	B:T215V	logit=-0.517
A:N55S	B:N252S	logit=-0.721
A:N54V	B:N251V	logit=-1.210
A:E100V	B:E297V	logit=-1.678
A:V102I	B:V299I	logit=-2.126

Top tied mutations (C + D view):
C:V218L	D:V491L	logit=-0.409
C:K191R	D:K464R	logit=-0.565
C:S180T	D:S453T	logit=-0.616
C:T42V	D:T315V	logit=-0.686
C:N51P	D:N324P	logit=-0.898

Top tied mutations (A + B view):
A:T18V	B:T215V	logit=-0.489
A:N55S	B:N252S	logit=-0.641
A:N54V	B:N251V	logit=-1.098
A:E100V	B:E297V	logit=-1.736
A:V102I	B:V299I	logit=-2.173

Top tied mutations (C + D view):
C:V218L	D:V491L	logit=-0.481
C:K191R	D:K464R	logit=-0.510
C:S180T	D:S453T	logit=-0.667
C:T42V	D:T315V	logit=-0.757
C:N51P	D:N324P	logit=-0.794

Top tied mutations (A + B view):
A:T18V	B:T215V	logit=-0.559
A:N55S	B:N252S	logit=-0.701
A:N54V	B:N251V	logit=-1.117
A:E100V	B:E297V	logit=-1.759
A:V102I	B:V299I	logit=-2.175

Top tied mutations (C + D view):
C:V218L	D:V491L	logit=-0.434
C:K191R	D:K464R	logit=-0.578
C:S180T	D:S453T	logit=-0.661
C:T42V	D:T315V	logit=-0.664
C:N51P	D:N324P	logit=-0.696

Top tied mutations (A + B view):
A:T18V	B:T215V	logit=-0.525
A:N55S	B:N252S	logit=-0.754
A:N54V	B:N251V	logit=-1.132
A:E100V	B:E297V	logit=-1.679
A:V102I	B:V299I	logit=-2.038

Top tied mutations (C + D view):
C:V218L	D:V491L	logit=-0.454
C:K191R	D:K464R	logit=-0.559
C:S180T	D:S453T	logit=-0.667
C:T42V	D:T315V	logit=-0.703
C:N51P	D:N324P	logit=-0.798

Top tied mutations (A + B view):
A:T18V	B:T215V	logit=-0.551
A:N55S	B:N252S	logit=-0.744
A:N54V	B:N251V	logit=-1.054
A:E100V	B:E297V	logit=-1.788
A:V102I	B:V299I	logit=-2.173

Top tied mutations (C + D view):
C:V218L	D:V491L	logit=-0.439
C:K191R	D:K464R	logit=-0.545
C:S180T	D:S453T	logit=-0.661
C:T42V	D:T315V	logit=-0.703
C:N51P	D:N324P	logit=-0.773

Top tied mutations (A + B view):
A:T18V	B:T215V	logit=-0.532
A:N55S	B:N252S	logit=-0.689
A:N54V	B:N251V	logit=-1.108
A:E100V	B:E297V	logit=-1.661
A:V102I	B:V299I	logit=-2.091

Top tied mutations (C + D view):
C:V218L	D:V491L	logit=-0.476
C:K191R	D:K464R	logit=-0.515
C:S180T	D:S453T	logit=-0.656
C:T42V	D:T315V	logit=-0.685
C:S89A	D:S362A	logit=-0.819

Top tied mutations (A + B view):
A:T18V	B:T215V	logit=-0.562
A:N55S	B:N252S	logit=-0.715
A:N54V	B:N251V	logit=-0.957
A:E100V	B:E297V	logit=-1.783
A:V102I	B:V299I	logit=-2.098

Top tied mutations (C + D view):
C:V218L	D:V491L	logit=-0.401
C:K191R	D:K464R	logit=-0.583
C:S180T	D:S453T	logit=-0.677
C:T42V	D:T315V	logit=-0.679
C:N51P	D:N324P	logit=-0.769

Top tied mutations (A + B view):
A:T18V	B:T215V	logit=-0.471
A:N55S	B:N252S	logit=-0.658
A:N54V	B:N251V	logit=-1.226
A:E100V	B:E297V	logit=-1.815
A:N57R	B:N254R	logit=-2.060

Top tied mutations (C + D view):
C:V218L	D:V491L	logit=-0.474
C:K191R	D:K464R	logit=-0.511
C:S180T	D:S453T	logit=-0.659
C:T42V	D:T315V	logit=-0.764
C:N51P	D:N324P	logit=-0.891

Top tied mutations (A + B view):
A:T18V	B:T215V	logit=-0.477
A:N55S	B:N252S	logit=-0.741
A:N54V	B:N251V	logit=-1.026
A:E100V	B:E297V	logit=-1.679
A:V102I	B:V299I	logit=-2.069

Top tied mutations (C + D view):
C:V218L	D:V491L	logit=-0.424
C:K191R	D:K464R	logit=-0.616
C:S180T	D:S453T	logit=-0.624
C:T42V	D:T315V	logit=-0.706
C:N51P	D:N324P	logit=-0.774

Top tied mutations (A + B view):
A:T18V	B:T215V	logit=-0.552
A:N55S	B:N252S	logit=-0.762
A:N54V	B:N251V	logit=-1.053
A:E100V	B:E297V	logit=-1.832
A:V102I	B:V299I	logit=-2.140

Top tied mutations (C + D view):
C:V218L	D:V491L	logit=-0.440
C:K191R	D:K464R	logit=-0.554
C:S180T	D:S453T	logit=-0.655
C:T42V	D:T315V	logit=-0.752
C:N51P	D:N324P	logit=-0.853

Top tied mutations (A + B view):
A:T18V	B:T215V	logit=-0.496
A:N55S	B:N252S	logit=-0.680
A:N54V	B:N251V	logit=-1.196
A:E100V	B:E297V	logit=-1.837
A:V102I	B:V299I	logit=-2.082

Top tied mutations (C + D view):
C:V218L	D:V491L	logit=-0.423
C:K191R	D:K464R	logit=-0.548
C:S180T	D:S453T	logit=-0.677
C:T42V	D:T315V	logit=-0.694
C:N51P	D:N324P	logit=-0.821

Top tied mutations (A + B view):
A:T18V	B:T215V	logit=-0.583
A:N55S	B:N252S	logit=-0.690
A:N54V	B:N251V	logit=-1.141
A:E100V	B:E297V	logit=-1.801
A:V102I	B:V299I	logit=-2.249

Top tied mutations (C + D view):
C:V218L	D:V491L	logit=-0.411
C:K191R	D:K464R	logit=-0.529
C:S180T	D:S453T	logit=-0.648
C:T42V	D:T315V	logit=-0.718
C:N51P	D:N324P	logit=-0.867

Top tied mutations (A + B view):
A:T18V	B:T215V	logit=-0.529
A:N55S	B:N252S	logit=-0.707
A:N54V	B:N251V	logit=-1.408
A:E100V	B:E297V	logit=-1.759
A:R61V	B:R258V	logit=-2.235

Top tied mutations (C + D view):
C:V218L	D:V491L	logit=-0.465
C:K191R	D:K464R	logit=-0.527
C:S180T	D:S453T	logit=-0.659
C:T42V	D:T315V	logit=-0.729
C:S89A	D:S362A	logit=-0.885

Top tied mutations (A + B view):
A:T18V	B:T215V	logit=-0.490
A:N55S	B:N252S	logit=-0.692
A:N54V	B:N251V	logit=-1.029
A:E100V	B:E297V	logit=-1.731
A:V102I	B:V299I	logit=-2.131

Top tied mutations (C + D view):
C:V218L	D:V491L	logit=-0.489
C:K191R	D:K464R	logit=-0.594
C:S180T	D:S453T	logit=-0.645
C:T42V	D:T315V	logit=-0.717
C:N51P	D:N324P	logit=-0.748

Top tied mutations (A + B view):
A:T18V	B:T215V	logit=-0.550
A:N55S	B:N252S	logit=-0.769
A:N54V	B:N251V	logit=-1.190
A:E100V	B:E297V	logit=-1.924
A:V102I	B:V299I	logit=-2.223

Top tied mutations (C + D view):
C:V218L	D:V491L	logit=-0.458
C:K191R	D:K464R	logit=-0.606
C:S180T	D:S453T	logit=-0.667
C:T42V	D:T315V	logit=-0.727
C:S89A	D:S362A	logit=-0.861

Top tied mutations (A + B view):
A:T18V	B:T215V	logit=-0.539
A:N55S	B:N252S	logit=-0.714
A:N54V	B:N251V	logit=-1.141
A:E100V	B:E297V	logit=-1.825
A:V102I	B:V299I	logit=-2.143

Top tied mutations (C + D view):
C:V218L	D:V491L	logit=-0.466
C:K191R	D:K464R	logit=-0.618
C:S180T	D:S453T	logit=-0.669
C:T42V	D:T315V	logit=-0.747
C:N51P	D:N324P	logit=-0.848

Top tied mutations (A + B view):
A:T18V	B:T215V	logit=-0.563
A:N55S	B:N252S	logit=-0.628
A:N54V	B:N251V	logit=-1.095
A:E100V	B:E297V	logit=-1.748
A:V102I	B:V299I	logit=-2.147

Top tied mutations (C + D view):
C:V218L	D:V491L	logit=-0.408
C:K191R	D:K464R	logit=-0.599
C:S180T	D:S453T	logit=-0.651
C:T42V	D:T315V	logit=-0.783
C:S89A	D:S362A	logit=-0.962

Top tied mutations (A + B view):
A:T18V	B:T215V	logit=-0.483
A:N55S	B:N252S	logit=-0.681
A:N54V	B:N251V	logit=-1.094
A:E100V	B:E297V	logit=-1.761
A:V58T	B:V255T	logit=-2.118

Top tied mutations (C + D view):
C:V218L	D:V491L	logit=-0.451
C:K191R	D:K464R	logit=-0.568
C:S180T	D:S453T	logit=-0.639
C:T42V	D:T315V	logit=-0.775
C:S89A	D:S362A	logit=-0.903

Top tied mutations (A + B view):
A:T18V	B:T215V	logit=-0.549
A:N55S	B:N252S	logit=-0.663
A:N54V	B:N251V	logit=-1.283
A:E100V	B:E297V	logit=-1.723
A:V102I	B:V299I	logit=-2.156

Top tied mutations (C + D view):
C:V218L	D:V491L	logit=-0.444
C:K191R	D:K464R	logit=-0.466
C:S180T	D:S453T	logit=-0.665
C:T42V	D:T315V	logit=-0.714
C:N51P	D:N324P	logit=-0.914

Top tied mutations (A + B view):
A:T18V	B:T215V	logit=-0.582
A:N55S	B:N252S	logit=-0.713
A:N54V	B:N251V	logit=-1.112
A:E100V	B:E297V	logit=-1.840
A:R61K	B:R258K	logit=-2.195

Top tied mutations (C + D view):
C:V218L	D:V491L	logit=-0.467
C:K191R	D:K464R	logit=-0.520
C:S180T	D:S453T	logit=-0.671
C:T42V	D:T315V	logit=-0.727
C:N51P	D:N324P	logit=-0.876

Top tied mutations (A + B view):
A:T18V	B:T215V	logit=-0.522
A:N55S	B:N252S	logit=-0.654
A:N54V	B:N251V	logit=-1.124
A:E100V	B:E297V	logit=-1.804
A:V102I	B:V299I	logit=-2.141

Top tied mutations (C + D view):
C:V218L	D:V491L	logit=-0.457
C:K191R	D:K464R	logit=-0.534
C:S180T	D:S453T	logit=-0.659
C:T42V	D:T315V	logit=-0.711
C:S89A	D:S362A	logit=-0.865

Top tied mutations (A + B view):
A:T18V	B:T215V	logit=-0.580
A:N55S	B:N252S	logit=-0.684
A:N54V	B:N251V	logit=-1.160
A:E100V	B:E297V	logit=-1.711
A:N57R	B:N254R	logit=-2.177

Top tied mutations (C + D view):
C:V218L	D:V491L	logit=-0.466
C:K191R	D:K464R	logit=-0.524
C:S180T	D:S453T	logit=-0.653
C:T42V	D:T315V	logit=-0.727
C:N51P	D:N324P	logit=-0.893

Top tied mutations (A + B view):
A:T18V	B:T215V	logit=-0.564
A:N55S	B:N252S	logit=-0.641
A:N54V	B:N251V	logit=-1.086
A:E100V	B:E297V	logit=-1.755
A:N57R	B:N254R	logit=-2.131

Top tied mutations (C + D view):
C:V218L	D:V491L	logit=-0.447
C:K191R	D:K464R	logit=-0.582
C:S180T	D:S453T	logit=-0.677
C:T42V	D:T315V	logit=-0.734
C:S89A	D:S362A	logit=-0.827

Top tied mutations (A + B view):
A:T18V	B:T215V	logit=-0.551
A:N55S	B:N252S	logit=-0.690
A:N54V	B:N251V	logit=-1.261
A:E100V	B:E297V	logit=-1.695
A:R61V	B:R258V	logit=-2.271

Top tied mutations (C + D view):
C:V218L	D:V491L	logit=-0.462
C:K191R	D:K464R	logit=-0.511
C:S180T	D:S453T	logit=-0.656
C:T42V	D:T315V	logit=-0.717
C:N51P	D:N324P	logit=-0.757

Top tied mutations (A + B view):
A:T18V	B:T215V	logit=-0.532
A:N55S	B:N252S	logit=-0.702
A:N54V	B:N251V	logit=-1.136
A:E100V	B:E297V	logit=-1.702
A:N54I	B:N251I	logit=-2.208

Top tied mutations (C + D view):
C:V218L	D:V491L	logit=-0.461
C:K191R	D:K464R	logit=-0.569
C:S180T	D:S453T	logit=-0.649
C:T42V	D:T315V	logit=-0.734
C:N219S	D:N492S	logit=-0.931

Top tied mutations (A + B view):
A:T18V	B:T215V	logit=-0.536
A:N55S	B:N252S	logit=-0.738
A:N54V	B:N251V	logit=-1.021
A:E100V	B:E297V	logit=-1.781
A:R61V	B:R258V	logit=-2.284

Top tied mutations (C + D view):
C:V218L	D:V491L	logit=-0.461
C:K191R	D:K464R	logit=-0.514
C:S180T	D:S453T	logit=-0.659
C:T42V	D:T315V	logit=-0.734
C:N51P	D:N324P	logit=-0.846

Top tied mutations (A + B view):
A:T18V	B:T215V	logit=-0.504
A:N55S	B:N252S	logit=-0.715
A:N54V	B:N251V	logit=-1.071
A:E100V	B:E297V	logit=-1.813
A:N54I	B:N251I	logit=-1.929

Top tied mutations (C + D view):
C:V218L	D:V491L	logit=-0.477
C:K191R	D:K464R	logit=-0.557
C:S180T	D:S453T	logit=-0.665
C:T42V	D:T315V	logit=-0.769
C:N51P	D:N324P	logit=-0.811

Top tied mutations (A + B view):
A:T18V	B:T215V	logit=-0.491
A:N55S	B:N252S	logit=-0.756
A:N54V	B:N251V	logit=-1.081
A:E100V	B:E297V	logit=-1.751
A:N54I	B:N251I	logit=-2.096

Top tied mutations (C + D view):
C:V218L	D:V491L	logit=-0.401
C:K191R	D:K464R	logit=-0.639
C:S180T	D:S453T	logit=-0.678
C:T42V	D:T315V	logit=-0.794
C:N219S	D:N492S	logit=-0.893

Top tied mutations (A + B view):
A:T18V	B:T215V	logit=-0.568
A:N55S	B:N252S	logit=-0.690
A:N54V	B:N251V	logit=-0.957
A:E100V	B:E297V	logit=-1.754
A:V102I	B:V299I	logit=-2.128

Top tied mutations (C + D view):
C:V218L	D:V491L	logit=-0.463
C:K191R	D:K464R	logit=-0.551
C:S180T	D:S453T	logit=-0.664
C:T42V	D:T315V	logit=-0.738
C:N51P	D:N324P	logit=-0.788

Top tied mutations (A + B view):
A:T18V	B:T215V	logit=-0.578
A:N55S	B:N252S	logit=-0.697
A:N54V	B:N251V	logit=-0.998
A:E100V	B:E297V	logit=-1.812
A:V102I	B:V299I	logit=-2.179

Top tied mutations (C + D view):
C:V218L	D:V491L	logit=-0.444
C:K191R	D:K464R	logit=-0.566
C:S180T	D:S453T	logit=-0.650
C:T42V	D:T315V	logit=-0.729
C:N51P	D:N324P	logit=-0.786

Top tied mutations (A + B view):
A:T18V	B:T215V	logit=-0.564
A:N55S	B:N252S	logit=-0.722
A:N54V	B:N251V	logit=-1.140
A:E100V	B:E297V	logit=-1.808
A:V102I	B:V299I	logit=-2.147

Top tied mutations (C + D view):
C:V218L	D:V491L	logit=-0.473
C:K191R	D:K464R	logit=-0.541
C:S180T	D:S453T	logit=-0.686
C:T42V	D:T315V	logit=-0.788
C:S89A	D:S362A	logit=-0.915

Top tied mutations (A + B view):
A:T18V	B:T215V	logit=-0.490
A:N55S	B:N252S	logit=-0.698
A:N54V	B:N251V	logit=-1.120
A:E100V	B:E297V	logit=-1.824
A:V102I	B:V299I	logit=-2.134

Top tied mutations (C + D view):
C:V218L	D:V491L	logit=-0.465
C:K191R	D:K464R	logit=-0.576
C:S180T	D:S453T	logit=-0.664
C:T42V	D:T315V	logit=-0.717
C:A168P	D:A441P	logit=-0.945

Top tied mutations (A + B view):
A:T18V	B:T215V	logit=-0.570
A:N55S	B:N252S	logit=-0.698
A:N54V	B:N251V	logit=-1.137
A:E100V	B:E297V	logit=-1.706
A:V102I	B:V299I	logit=-2.165

Top tied mutations (C + D view):
C:V218L	D:V491L	logit=-0.409
C:K191R	D:K464R	logit=-0.576
C:S180T	D:S453T	logit=-0.655
C:T42V	D:T315V	logit=-0.693
C:N51P	D:N324P	logit=-0.865

Top tied mutations (A + B view):
A:T18V	B:T215V	logit=-0.521
A:N55S	B:N252S	logit=-0.682
A:N54V	B:N251V	logit=-1.081
A:E100V	B:E297V	logit=-1.777
A:V102I	B:V299I	logit=-2.036

Top tied mutations (C + D view):
C:V218L	D:V491L	logit=-0.413
C:K191R	D:K464R	logit=-0.537
C:S180T	D:S453T	logit=-0.643
C:T42V	D:T315V	logit=-0.799
C:N51P	D:N324P	logit=-0.881

Top tied mutations (A + B view):
A:T18V	B:T215V	logit=-0.605
A:N55S	B:N252S	logit=-0.762
A:N54V	B:N251V	logit=-1.016
A:E100V	B:E297V	logit=-1.843
A:N54I	B:N251I	logit=-2.067

Top tied mutations (C + D view):
C:V218L	D:V491L	logit=-0.425
C:K191R	D:K464R	logit=-0.507
C:S180T	D:S453T	logit=-0.649
C:N51P	D:N324P	logit=-0.722
C:T42V	D:T315V	logit=-0.746

Top tied mutations (A + B view):
A:T18V	B:T215V	logit=-0.619
A:N55S	B:N252S	logit=-0.722
A:N54V	B:N251V	logit=-1.161
A:E100V	B:E297V	logit=-1.738
A:V102I	B:V299I	logit=-2.203

Top tied mutations (C + D view):
C:V218L	D:V491L	logit=-0.471
C:K191R	D:K464R	logit=-0.564
C:S180T	D:S453T	logit=-0.640
C:T42V	D:T315V	logit=-0.735
C:N51P	D:N324P	logit=-0.738

Top tied mutations (A + B view):
A:T18V	B:T215V	logit=-0.566
A:N55S	B:N252S	logit=-0.683
A:N54V	B:N251V	logit=-1.114
A:E100V	B:E297V	logit=-1.791
A:N57R	B:N254R	logit=-2.043

Top tied mutations (C + D view):
C:V218L	D:V491L	logit=-0.478
C:K191R	D:K464R	logit=-0.576
C:S180T	D:S453T	logit=-0.677
C:T42V	D:T315V	logit=-0.699
C:N219S	D:N492S	logit=-0.916

Top tied mutations (A + B view):
A:T18V	B:T215V	logit=-0.496
A:N55S	B:N252S	logit=-0.648
A:N54V	B:N251V	logit=-1.137
A:E100V	B:E297V	logit=-1.768
A:N57R	B:N254R	logit=-2.101

Top tied mutations (C + D view):
C:V218L	D:V491L	logit=-0.439
C:K191R	D:K464R	logit=-0.603
C:S180T	D:S453T	logit=-0.634
C:T42V	D:T315V	logit=-0.778
C:S89A	D:S362A	logit=-0.911

Top tied mutations (A + B view):
A:T18V	B:T215V	logit=-0.514
A:N55S	B:N252S	logit=-0.682
A:N54V	B:N251V	logit=-1.095
A:E100V	B:E297V	logit=-1.818
A:N54I	B:N251I	logit=-2.109

Top tied mutations (C + D view):
C:V218L	D:V491L	logit=-0.461
C:K191R	D:K464R	logit=-0.567
C:S180T	D:S453T	logit=-0.679
C:T42V	D:T315V	logit=-0.716
C:N51P	D:N324P	logit=-0.818

Top tied mutations (A + B view):
A:T18V	B:T215V	logit=-0.549
A:N55S	B:N252S	logit=-0.740
A:N54V	B:N251V	logit=-1.195
A:E100V	B:E297V	logit=-1.660
A:V102I	B:V299I	logit=-2.206

Top tied mutations (C + D view):
C:V218L	D:V491L	logit=-0.433
C:K191R	D:K464R	logit=-0.525
C:S180T	D:S453T	logit=-0.656
C:T42V	D:T315V	logit=-0.723
C:N51P	D:N324P	logit=-0.811

Top tied mutations (A + B view):
A:T18V	B:T215V	logit=-0.603
A:N55S	B:N252S	logit=-0.813
A:N54V	B:N251V	logit=-1.055
A:E100V	B:E297V	logit=-1.839
A:N54I	B:N251I	logit=-2.134

Top tied mutations (C + D view):
C:V218L	D:V491L	logit=-0.451
C:K191R	D:K464R	logit=-0.562
C:S180T	D:S453T	logit=-0.657
C:T42V	D:T315V	logit=-0.753
C:N51P	D:N324P	logit=-0.784

Top tied mutations (A + B view):
A:T18V	B:T215V	logit=-0.521
A:N55S	B:N252S	logit=-0.664
A:N54V	B:N251V	logit=-1.157
A:E100V	B:E297V	logit=-1.753
A:V102I	B:V299I	logit=-2.197

Top tied mutations (C + D view):
C:V218L	D:V491L	logit=-0.453
C:K191R	D:K464R	logit=-0.525
C:S180T	D:S453T	logit=-0.658
C:T42V	D:T315V	logit=-0.702
C:N51P	D:N324P	logit=-0.811

Top tied mutations (A + B view):
A:T18V	B:T215V	logit=-0.484
A:N55S	B:N252S	logit=-0.685
A:N54V	B:N251V	logit=-1.159
A:E100V	B:E297V	logit=-1.715
A:V102I	B:V299I	logit=-2.175

Top tied mutations (C + D view):
C:V218L	D:V491L	logit=-0.463
C:K191R	D:K464R	logit=-0.534
C:S180T	D:S453T	logit=-0.653
C:T42V	D:T315V	logit=-0.700
C:N51P	D:N324P	logit=-0.793

Top tied mutations (A + B view):
A:T18V	B:T215V	logit=-0.485
A:N55S	B:N252S	logit=-0.721
A:N54V	B:N251V	logit=-1.091
A:E100V	B:E297V	logit=-1.758
A:V102I	B:V299I	logit=-2.157

Top tied mutations (C + D view):
C:V218L	D:V491L	logit=-0.468
C:K191R	D:K464R	logit=-0.534
C:S180T	D:S453T	logit=-0.655
C:N51P	D:N324P	logit=-0.724
C:T42V	D:T315V	logit=-0.746

Top tied mutations (A + B view):
A:T18V	B:T215V	logit=-0.514
A:N55S	B:N252S	logit=-0.691
A:N54V	B:N251V	logit=-1.185
A:E100V	B:E297V	logit=-1.862
A:V102I	B:V299I	logit=-2.204

Top tied mutations (C + D view):
C:K191R	D:K464R	logit=-0.493
C:V218L	D:V491L	logit=-0.499
C:S180T	D:S453T	logit=-0.615
C:T42V	D:T315V	logit=-0.729
C:N51P	D:N324P	logit=-0.816

Top tied mutations (A + B view):
A:T18V	B:T215V	logit=-0.582
A:N55S	B:N252S	logit=-0.699
A:N54V	B:N251V	logit=-1.076
A:E100V	B:E297V	logit=-1.876
A:V102I	B:V299I	logit=-2.046

Top tied mutations (C + D view):
C:V218L	D:V491L	logit=-0.481
C:K191R	D:K464R	logit=-0.544
C:S180T	D:S453T	logit=-0.705
C:T42V	D:T315V	logit=-0.745
C:N51P	D:N324P	logit=-0.861

Top tied mutations (A + B view):
A:T18V	B:T215V	logit=-0.558
A:N55S	B:N252S	logit=-0.752
A:N54V	B:N251V	logit=-1.188
A:E100V	B:E297V	logit=-1.643
A:V102I	B:V299I	logit=-2.097

Top tied mutations (C + D view):
C:V218L	D:V491L	logit=-0.476
C:K191R	D:K464R	logit=-0.606
C:S180T	D:S453T	logit=-0.647
C:N51P	D:N324P	logit=-0.692
C:T42V	D:T315V	logit=-0.720

Top tied mutations (A + B view):
A:T18V	B:T215V	logit=-0.559
A:N55S	B:N252S	logit=-0.704
A:N54V	B:N251V	logit=-1.010
A:E100V	B:E297V	logit=-1.846
A:N54I	B:N251I	logit=-2.062

Top tied mutations (C + D view):
C:V218L	D:V491L	logit=-0.423
C:K191R	D:K464R	logit=-0.536
C:S180T	D:S453T	logit=-0.650
C:T42V	D:T315V	logit=-0.739
C:N51P	D:N324P	logit=-0.839

Top tied mutations (A + B view):
A:T18V	B:T215V	logit=-0.557
A:N55S	B:N252S	logit=-0.769
A:N54V	B:N251V	logit=-1.128
A:E100V	B:E297V	logit=-1.682
A:V102I	B:V299I	logit=-2.084

Top tied mutations (C + D view):
C:V218L	D:V491L	logit=-0.440
C:K191R	D:K464R	logit=-0.573
C:S180T	D:S453T	logit=-0.654
C:T42V	D:T315V	logit=-0.757
C:N51P	D:N324P	logit=-0.819

Top tied mutations (A + B view):
A:T18V	B:T215V	logit=-0.530
A:N55S	B:N252S	logit=-0.749
A:N54V	B:N251V	logit=-1.142
A:E100V	B:E297V	logit=-1.777
A:N57R	B:N254R	logit=-2.154

Top tied mutations (C + D view):
C:V218L	D:V491L	logit=-0.443
C:K191R	D:K464R	logit=-0.552
C:S180T	D:S453T	logit=-0.637
C:T42V	D:T315V	logit=-0.770
C:N51P	D:N324P	logit=-0.869

Top tied mutations (A + B view):
A:T18V	B:T215V	logit=-0.571
A:N55S	B:N252S	logit=-0.749
A:N54V	B:N251V	logit=-1.025
A:E100V	B:E297V	logit=-1.672
A:V102I	B:V299I	logit=-2.097

Top tied mutations (C + D view):
C:V218L	D:V491L	logit=-0.469
C:K191R	D:K464R	logit=-0.597
C:S180T	D:S453T	logit=-0.653
C:T42V	D:T315V	logit=-0.726
C:S89A	D:S362A	logit=-0.905

Top tied mutations (A + B view):
A:T18V	B:T215V	logit=-0.501
A:N55S	B:N252S	logit=-0.649
A:N54V	B:N251V	logit=-1.229
A:E100V	B:E297V	logit=-1.737
A:V102I	B:V299I	logit=-2.072

Top tied mutations (C + D view):
C:V218L	D:V491L	logit=-0.389
C:K191R	D:K464R	logit=-0.547
C:S180T	D:S453T	logit=-0.666
C:N51P	D:N324P	logit=-0.722
C:T42V	D:T315V	logit=-0.731

Top tied mutations (A + B view):
A:T18V	B:T215V	logit=-0.562
A:N55S	B:N252S	logit=-0.709
A:N54V	B:N251V	logit=-1.109
A:E100V	B:E297V	logit=-1.796
A:N54I	B:N251I	logit=-2.021

Top tied mutations (C + D view):
C:V218L	D:V491L	logit=-0.462
C:K191R	D:K464R	logit=-0.596
C:S180T	D:S453T	logit=-0.654
C:T42V	D:T315V	logit=-0.724
C:S89A	D:S362A	logit=-0.911

Top tied mutations (A + B view):
A:T18V	B:T215V	logit=-0.501
A:N55S	B:N252S	logit=-0.718
A:N54V	B:N251V	logit=-1.177
A:E100V	B:E297V	logit=-1.842
A:V58T	B:V255T	logit=-2.179

Top tied mutations (C + D view):
C:V218L	D:V491L	logit=-0.438
C:K191R	D:K464R	logit=-0.530
C:S180T	D:S453T	logit=-0.682
C:T42V	D:T315V	logit=-0.714
C:N51P	D:N324P	logit=-0.796

Top tied mutations (A + B view):
A:T18V	B:T215V	logit=-0.592
A:N55S	B:N252S	logit=-0.683
A:N54V	B:N251V	logit=-1.261
A:E100V	B:E297V	logit=-1.716
A:V102I	B:V299I	logit=-2.171

Top tied mutations (C + D view):
C:V218L	D:V491L	logit=-0.465
C:K191R	D:K464R	logit=-0.507
C:S180T	D:S453T	logit=-0.660
C:T42V	D:T315V	logit=-0.753
C:N51P	D:N324P	logit=-0.792

Top tied mutations (A + B view):
A:T18V	B:T215V	logit=-0.500
A:N55S	B:N252S	logit=-0.715
A:N54V	B:N251V	logit=-1.155
A:E100V	B:E297V	logit=-1.806
A:V102I	B:V299I	logit=-2.103

Top tied mutations (C + D view):
C:V218L	D:V491L	logit=-0.418
C:K191R	D:K464R	logit=-0.555
C:S180T	D:S453T	logit=-0.658
C:T42V	D:T315V	logit=-0.728
C:N51P	D:N324P	logit=-0.775

Top tied mutations (A + B view):
A:T18V	B:T215V	logit=-0.502
A:N55S	B:N252S	logit=-0.715
A:N54V	B:N251V	logit=-1.162
A:E100V	B:E297V	logit=-1.793
A:V102I	B:V299I	logit=-2.054

Top tied mutations (C + D view):
C:V218L	D:V491L	logit=-0.454
C:K191R	D:K464R	logit=-0.571
C:S180T	D:S453T	logit=-0.654
C:T42V	D:T315V	logit=-0.709
C:N51P	D:N324P	logit=-0.915

Top tied mutations (A + B view):
A:T18V	B:T215V	logit=-0.573
A:N55S	B:N252S	logit=-0.647
A:N54V	B:N251V	logit=-1.267
A:E100V	B:E297V	logit=-1.793
A:V102I	B:V299I	logit=-2.158

Top tied mutations (C + D view):
C:V218L	D:V491L	logit=-0.464
C:K191R	D:K464R	logit=-0.584
C:S180T	D:S453T	logit=-0.656
C:T42V	D:T315V	logit=-0.769
C:S89A	D:S362A	logit=-0.911

Top tied mutations (A + B view):
A:T18V	B:T215V	logit=-0.472
A:N55S	B:N252S	logit=-0.678
A:N54V	B:N251V	logit=-1.107
A:E100V	B:E297V	logit=-1.709
A:N57R	B:N254R	logit=-2.019

Top tied mutations (C + D view):
C:V218L	D:V491L	logit=-0.502
C:K191R	D:K464R	logit=-0.507
C:S180T	D:S453T	logit=-0.658
C:T42V	D:T315V	logit=-0.709
C:N51P	D:N324P	logit=-0.884

Top tied mutations (A + B view):
A:T18V	B:T215V	logit=-0.518
A:N55S	B:N252S	logit=-0.705
A:N54V	B:N251V	logit=-1.094
A:E100V	B:E297V	logit=-1.792
A:N54I	B:N251I	logit=-1.992

Top tied mutations (C + D view):
C:V218L	D:V491L	logit=-0.420
C:K191R	D:K464R	logit=-0.600
C:S180T	D:S453T	logit=-0.681
C:T42V	D:T315V	logit=-0.710
C:S89A	D:S362A	logit=-0.882

Top tied mutations (A + B view):
A:T18V	B:T215V	logit=-0.624
A:N55S	B:N252S	logit=-0.695
A:N54V	B:N251V	logit=-1.091
A:E100V	B:E297V	logit=-1.855
A:V102I	B:V299I	logit=-2.135

Top tied mutations (C + D view):
C:V218L	D:V491L	logit=-0.414
C:K191R	D:K464R	logit=-0.542
C:S180T	D:S453T	logit=-0.657
C:T42V	D:T315V	logit=-0.729
C:N51P	D:N324P	logit=-0.828

Top tied mutations (A + B view):
A:T18V	B:T215V	logit=-0.535
A:N55S	B:N252S	logit=-0.717
A:N54V	B:N251V	logit=-1.141
A:E100V	B:E297V	logit=-1.733
A:V102I	B:V299I	logit=-2.154

Top tied mutations (C + D view):
C:V218L	D:V491L	logit=-0.458
C:K191R	D:K464R	logit=-0.510
C:S180T	D:S453T	logit=-0.652
C:T42V	D:T315V	logit=-0.701
C:N51P	D:N324P	logit=-0.775

Top tied mutations (A + B view):
A:T18V	B:T215V	logit=-0.619
A:N55S	B:N252S	logit=-0.679
A:N54V	B:N251V	logit=-1.080
A:E100V	B:E297V	logit=-1.701
A:N57R	B:N254R	logit=-2.285

Top tied mutations (C + D view):
C:V218L	D:V491L	logit=-0.430
C:K191R	D:K464R	logit=-0.570
C:S180T	D:S453T	logit=-0.634
C:T42V	D:T315V	logit=-0.748
C:N51P	D:N324P	logit=-0.877

Top tied mutations (A + B view):
A:T18V	B:T215V	logit=-0.559
A:N55S	B:N252S	logit=-0.691
A:N54V	B:N251V	logit=-1.210
A:E100V	B:E297V	logit=-1.761
A:V102I	B:V299I	logit=-2.127

Top tied mutations (C + D view):
C:V218L	D:V491L	logit=-0.459
C:K191R	D:K464R	logit=-0.577
C:S180T	D:S453T	logit=-0.641
C:T42V	D:T315V	logit=-0.774
C:S89A	D:S362A	logit=-0.920

Top tied mutations (A + B view):
A:T18V	B:T215V	logit=-0.484
A:N55S	B:N252S	logit=-0.709
A:N54V	B:N251V	logit=-1.112
A:E100V	B:E297V	logit=-1.797
A:V102I	B:V299I	logit=-2.155

Top tied mutations (C + D view):
C:V218L	D:V491L	logit=-0.461
C:K191R	D:K464R	logit=-0.607
C:S180T	D:S453T	logit=-0.657
C:T42V	D:T315V	logit=-0.757
C:S89A	D:S362A	logit=-0.902

Top tied mutations (A + B view):
A:T18V	B:T215V	logit=-0.560
A:N55S	B:N252S	logit=-0.711
A:N54V	B:N251V	logit=-1.077
A:E100V	B:E297V	logit=-1.888
A:V102I	B:V299I	logit=-2.149

Top tied mutations (C + D view):
C:V218L	D:V491L	logit=-0.461
C:K191R	D:K464R	logit=-0.560
C:S180T	D:S453T	logit=-0.658
C:T42V	D:T315V	logit=-0.705
C:N51P	D:N324P	logit=-0.820

Top tied mutations (A + B view):
A:T18V	B:T215V	logit=-0.509
A:N55S	B:N252S	logit=-0.731
A:N54V	B:N251V	logit=-1.216
A:E100V	B:E297V	logit=-1.758
A:V102I	B:V299I	logit=-2.134

Top tied mutations (C + D view):
C:V218L	D:V491L	logit=-0.504
C:K191R	D:K464R	logit=-0.533
C:S180T	D:S453T	logit=-0.652
C:T42V	D:T315V	logit=-0.755
C:N51P	D:N324P	logit=-0.831

Top tied mutations (A + B view):
A:T18V	B:T215V	logit=-0.557
A:N55S	B:N252S	logit=-0.732
A:N54V	B:N251V	logit=-1.278
A:E100V	B:E297V	logit=-1.886
A:V102I	B:V299I	logit=-2.152

Top tied mutations (C + D view):
C:V218L	D:V491L	logit=-0.480
C:K191R	D:K464R	logit=-0.572
C:S180T	D:S453T	logit=-0.686
C:T42V	D:T315V	logit=-0.789
C:N51P	D:N324P	logit=-0.897

Top tied mutations (A + B view):
A:T18V	B:T215V	logit=-0.527
A:N55S	B:N252S	logit=-0.687
A:N54V	B:N251V	logit=-0.954
A:E100V	B:E297V	logit=-1.732
A:N54I	B:N251I	logit=-2.190

Top tied mutations (C + D view):
C:V218L	D:V491L	logit=-0.468
C:K191R	D:K464R	logit=-0.533
C:S180T	D:S453T	logit=-0.649
C:T42V	D:T315V	logit=-0.747
C:N51P	D:N324P	logit=-0.842

Top tied mutations (A + B view):
A:T18V	B:T215V	logit=-0.524
A:N55S	B:N252S	logit=-0.690
A:N54V	B:N251V	logit=-1.120
A:E100V	B:E297V	logit=-1.814
A:V102I	B:V299I	logit=-2.225

Top tied mutations (C + D view):
C:V218L	D:V491L	logit=-0.485
C:K191R	D:K464R	logit=-0.521
C:S180T	D:S453T	logit=-0.665
C:N51P	D:N324P	logit=-0.736
C:T42V	D:T315V	logit=-0.755

Top tied mutations (A + B view):
A:T18V	B:T215V	logit=-0.516
A:N55S	B:N252S	logit=-0.648
A:N54V	B:N251V	logit=-1.047
A:E100V	B:E297V	logit=-1.744
A:V102I	B:V299I	logit=-2.015

Top tied mutations (C + D view):
C:V218L	D:V491L	logit=-0.434
C:K191R	D:K464R	logit=-0.587
C:S180T	D:S453T	logit=-0.665
C:T42V	D:T315V	logit=-0.755
C:S89A	D:S362A	logit=-0.916

Top tied mutations (A + B view):
A:T18V	B:T215V	logit=-0.534
A:N55S	B:N252S	logit=-0.715
A:N54V	B:N251V	logit=-1.170
A:E100V	B:E297V	logit=-1.718
A:V102I	B:V299I	logit=-2.134

Top tied mutations (C + D view):
C:V218L	D:V491L	logit=-0.464
C:K191R	D:K464R	logit=-0.569
C:S180T	D:S453T	logit=-0.649
C:T42V	D:T315V	logit=-0.708
C:N51P	D:N324P	logit=-0.801

Top tied mutations (A + B view):
A:T18V	B:T215V	logit=-0.502
A:N55S	B:N252S	logit=-0.757
A:N54V	B:N251V	logit=-1.302
A:E100V	B:E297V	logit=-1.722
A:R61V	B:R258V	logit=-2.211

Top tied mutations (C + D view):
C:V218L	D:V491L	logit=-0.457
C:K191R	D:K464R	logit=-0.606
C:S180T	D:S453T	logit=-0.673
C:T42V	D:T315V	logit=-0.728
C:N51P	D:N324P	logit=-0.792

Top tied mutations (A + B view):
A:T18V	B:T215V	logit=-0.554
A:N55S	B:N252S	logit=-0.715
A:N54V	B:N251V	logit=-1.160
A:E100V	B:E297V	logit=-1.792
A:V102I	B:V299I	logit=-2.132

Top tied mutations (C + D view):
C:V218L	D:V491L	logit=-0.502
C:K191R	D:K464R	logit=-0.537
C:S180T	D:S453T	logit=-0.692
C:T42V	D:T315V	logit=-0.743
C:N51P	D:N324P	logit=-0.833

Top tied mutations (A + B view):
A:T18V	B:T215V	logit=-0.549
A:N55S	B:N252S	logit=-0.697
A:N54V	B:N251V	logit=-1.094
A:E100V	B:E297V	logit=-1.739
A:V102I	B:V299I	logit=-2.107

Top tied mutations (C + D view):
C:V218L	D:V491L	logit=-0.484
C:K191R	D:K464R	logit=-0.574
C:S180T	D:S453T	logit=-0.657
C:T42V	D:T315V	logit=-0.707
C:S89A	D:S362A	logit=-0.907

Top tied mutations (A + B view):
A:T18V	B:T215V	logit=-0.524
A:N55S	B:N252S	logit=-0.699
A:N54V	B:N251V	logit=-1.062
A:E100V	B:E297V	logit=-1.645
A:V102I	B:V299I	logit=-2.181

Top tied mutations (C + D view):
C:V218L	D:V491L	logit=-0.430
C:K191R	D:K464R	logit=-0.497
C:S180T	D:S453T	logit=-0.638
C:N51P	D:N324P	logit=-0.673
C:T42V	D:T315V	logit=-0.752

Top tied mutations (A + B view):
A:T18V	B:T215V	logit=-0.484
A:N55S	B:N252S	logit=-0.701
A:N54V	B:N251V	logit=-1.065
A:E100V	B:E297V	logit=-1.782
A:V102I	B:V299I	logit=-2.191

Top tied mutations (C + D view):
C:V218L	D:V491L	logit=-0.432
C:K191R	D:K464R	logit=-0.532
C:S180T	D:S453T	logit=-0.677
C:T42V	D:T315V	logit=-0.795
C:S89A	D:S362A	logit=-0.865

Top tied mutations (A + B view):
A:T18V	B:T215V	logit=-0.468
A:N55S	B:N252S	logit=-0.652
A:N54V	B:N251V	logit=-1.104
A:E100V	B:E297V	logit=-1.737
A:R61K	B:R258K	logit=-2.111

Top tied mutations (C + D view):
C:V218L	D:V491L	logit=-0.432
C:K191R	D:K464R	logit=-0.548
C:S180T	D:S453T	logit=-0.626
C:T42V	D:T315V	logit=-0.721
C:N51P	D:N324P	logit=-0.795

Top tied mutations (A + B view):
A:T18V	B:T215V	logit=-0.576
A:N55S	B:N252S	logit=-0.676
A:N54V	B:N251V	logit=-1.066
A:E100V	B:E297V	logit=-1.741
A:N57R	B:N254R	logit=-2.056

Top tied mutations (C + D view):
C:V218L	D:V491L	logit=-0.455
C:K191R	D:K464R	logit=-0.544
C:S180T	D:S453T	logit=-0.645
C:T42V	D:T315V	logit=-0.730
C:N51P	D:N324P	logit=-0.748

Top tied mutations (A + B view):
A:T18V	B:T215V	logit=-0.535
A:N55S	B:N252S	logit=-0.726
A:N54V	B:N251V	logit=-0.991
A:E100V	B:E297V	logit=-1.822
A:V102I	B:V299I	logit=-2.117

Top tied mutations (C + D view):
C:V218L	D:V491L	logit=-0.407
C:K191R	D:K464R	logit=-0.535
C:S180T	D:S453T	logit=-0.646
C:T42V	D:T315V	logit=-0.704
C:N51P	D:N324P	logit=-0.775

Top tied mutations (A + B view):
A:T18V	B:T215V	logit=-0.542
A:N55S	B:N252S	logit=-0.704
A:N54V	B:N251V	logit=-1.014
A:E100V	B:E297V	logit=-1.868
A:V102I	B:V299I	logit=-2.057

Top tied mutations (C + D view):
C:V218L	D:V491L	logit=-0.465
C:K191R	D:K464R	logit=-0.635
C:S180T	D:S453T	logit=-0.671
C:T42V	D:T315V	logit=-0.689
C:N51P	D:N324P	logit=-0.760

Top tied mutations (A + B view):
A:T18V	B:T215V	logit=-0.513
A:N55S	B:N252S	logit=-0.669
A:N54V	B:N251V	logit=-1.027
A:E100V	B:E297V	logit=-1.779
A:N57R	B:N254R	logit=-2.033

Top tied mutations (C + D view):
C:V218L	D:V491L	logit=-0.434
C:K191R	D:K464R	logit=-0.561
C:S180T	D:S453T	logit=-0.662
C:T42V	D:T315V	logit=-0.744
C:N51P	D:N324P	logit=-0.910

Top tied mutations (A + B view):
A:T18V	B:T215V	logit=-0.552
A:N55S	B:N252S	logit=-0.716
A:N54V	B:N251V	logit=-1.056
A:E100V	B:E297V	logit=-1.760
A:V102I	B:V299I	logit=-2.070

Top tied mutations (C + D view):
C:V218L	D:V491L	logit=-0.454
C:K191R	D:K464R	logit=-0.504
C:S180T	D:S453T	logit=-0.659
C:T42V	D:T315V	logit=-0.787
C:N51P	D:N324P	logit=-0.807

Top tied mutations (A + B view):
A:T18V	B:T215V	logit=-0.568
A:N55S	B:N252S	logit=-0.657
A:N54V	B:N251V	logit=-0.983
A:E100V	B:E297V	logit=-1.831
A:N57R	B:N254R	logit=-2.094

Top tied mutations (C + D view):
C:V218L	D:V491L	logit=-0.433
C:K191R	D:K464R	logit=-0.536
C:S180T	D:S453T	logit=-0.664
C:T42V	D:T315V	logit=-0.745
C:N51P	D:N324P	logit=-0.865

Top tied mutations (A + B view):
A:T18V	B:T215V	logit=-0.511
A:N55S	B:N252S	logit=-0.723
A:N54V	B:N251V	logit=-1.072
A:E100V	B:E297V	logit=-1.674
A:N54I	B:N251I	logit=-2.178

Top tied mutations (C + D view):
C:V218L	D:V491L	logit=-0.463
C:K191R	D:K464R	logit=-0.486
C:S180T	D:S453T	logit=-0.658
C:T42V	D:T315V	logit=-0.716
C:S89A	D:S362A	logit=-0.941

Top tied mutations (A + B view):
A:T18V	B:T215V	logit=-0.593
A:N55S	B:N252S	logit=-0.775
A:N54V	B:N251V	logit=-1.133
A:E100V	B:E297V	logit=-1.746
A:V102I	B:V299I	logit=-2.064

Top tied mutations (C + D view):
C:V218L	D:V491L	logit=-0.442
C:K191R	D:K464R	logit=-0.569
C:S180T	D:S453T	logit=-0.643
C:T42V	D:T315V	logit=-0.746
C:N51P	D:N324P	logit=-0.772

Top tied mutations (A + B view):
A:T18V	B:T215V	logit=-0.493
A:N55S	B:N252S	logit=-0.747
A:N54V	B:N251V	logit=-1.285
A:E100V	B:E297V	logit=-1.742
A:V102I	B:V299I	logit=-2.141

Top tied mutations (C + D view):
C:V218L	D:V491L	logit=-0.452
C:K191R	D:K464R	logit=-0.566
C:S180T	D:S453T	logit=-0.655
C:T42V	D:T315V	logit=-0.780
C:N51P	D:N324P	logit=-0.855

Top tied mutations (A + B view):
A:T18V	B:T215V	logit=-0.574
A:N55S	B:N252S	logit=-0.663
A:N54V	B:N251V	logit=-1.079
A:E100V	B:E297V	logit=-1.791
A:V102I	B:V299I	logit=-2.204

Top tied mutations (C + D view):
C:V218L	D:V491L	logit=-0.450
C:K191R	D:K464R	logit=-0.579
C:S180T	D:S453T	logit=-0.679
C:N51P	D:N324P	logit=-0.689
C:T42V	D:T315V	logit=-0.787

Top tied mutations (A + B view):
A:T18V	B:T215V	logit=-0.539
A:N55S	B:N252S	logit=-0.701
A:N54V	B:N251V	logit=-1.048
A:E100V	B:E297V	logit=-1.830
A:N54I	B:N251I	logit=-2.054

Top tied mutations (C + D view):
C:V218L	D:V491L	logit=-0.413
C:K191R	D:K464R	logit=-0.565
C:S180T	D:S453T	logit=-0.662
C:T42V	D:T315V	logit=-0.789
C:S89A	D:S362A	logit=-0.856

Top tied mutations (A + B view):
A:T18V	B:T215V	logit=-0.569
A:N55S	B:N252S	logit=-0.725
A:N54V	B:N251V	logit=-1.276
A:E100V	B:E297V	logit=-1.761
A:V102I	B:V299I	logit=-2.181

Top tied mutations (C + D view):
C:V218L	D:V491L	logit=-0.412
C:K191R	D:K464R	logit=-0.580
C:S180T	D:S453T	logit=-0.679
C:T42V	D:T315V	logit=-0.712
C:N51P	D:N324P	logit=-0.806

Top tied mutations (A + B view):
A:T18V	B:T215V	logit=-0.542
A:N54V	B:N251V	logit=-0.981
A:N55S	B:N252S	logit=-1.122
A:E100V	B:E297V	logit=-1.718
A:N54I	B:N251I	logit=-2.123

Top tied mutations (C + D view):
C:V218L	D:V491L	logit=-0.425
C:K191R	D:K464R	logit=-0.563
C:S180T	D:S453T	logit=-0.673
C:T42V	D:T315V	logit=-0.755
C:N51P	D:N324P	logit=-0.768

Top tied mutations (A + B view):
A:T18V	B:T215V	logit=-0.479
A:N55S	B:N252S	logit=-0.738
A:N54V	B:N251V	logit=-1.094
A:E100V	B:E297V	logit=-1.951
A:V102I	B:V299I	logit=-2.111

Top tied mutations (C + D view):
C:V218L	D:V491L	logit=-0.446
C:K191R	D:K464R	logit=-0.504
C:S180T	D:S453T	logit=-0.651
C:T42V	D:T315V	logit=-0.673
C:N51P	D:N324P	logit=-0.749

Top tied mutations (A + B view):
A:T18V	B:T215V	logit=-0.560
A:N55S	B:N252S	logit=-0.793
A:N54V	B:N251V	logit=-1.065
A:E100V	B:E297V	logit=-1.792
A:N57R	B:N254R	logit=-2.186

Top tied mutations (C + D view):
C:V218L	D:V491L	logit=-0.466
C:K191R	D:K464R	logit=-0.578
C:S180T	D:S453T	logit=-0.653
C:T42V	D:T315V	logit=-0.736
C:N51P	D:N324P	logit=-0.845

Top tied mutations (A + B view):
A:T18V	B:T215V	logit=-0.554
A:N55S	B:N252S	logit=-0.764
A:N54V	B:N251V	logit=-1.154
A:E100V	B:E297V	logit=-1.754
A:V102I	B:V299I	logit=-2.070

Top tied mutations (C + D view):
C:V218L	D:V491L	logit=-0.429
C:K191R	D:K464R	logit=-0.545
C:S180T	D:S453T	logit=-0.625
C:T42V	D:T315V	logit=-0.730
C:N51P	D:N324P	logit=-0.786

Top tied mutations (A + B view):
A:T18V	B:T215V	logit=-0.628
A:N55S	B:N252S	logit=-0.778
A:N54V	B:N251V	logit=-1.053
A:E100V	B:E297V	logit=-1.902
A:V102I	B:V299I	logit=-2.248

Top tied mutations (C + D view):
C:V218L	D:V491L	logit=-0.438
C:K191R	D:K464R	logit=-0.531
C:S180T	D:S453T	logit=-0.642
C:T42V	D:T315V	logit=-0.714
C:N51P	D:N324P	logit=-0.813

Top tied mutations (A + B view):
A:T18V	B:T215V	logit=-0.530
A:N55S	B:N252S	logit=-0.643
A:N54V	B:N251V	logit=-1.105
A:E100V	B:E297V	logit=-1.876
A:V102I	B:V299I	logit=-2.157

Top tied mutations (C + D view):
C:V218L	D:V491L	logit=-0.414
C:K191R	D:K464R	logit=-0.555
C:S180T	D:S453T	logit=-0.650
C:T42V	D:T315V	logit=-0.690
C:N51P	D:N324P	logit=-0.730

Top tied mutations (A + B view):
A:T18V	B:T215V	logit=-0.455
A:N55S	B:N252S	logit=-0.754
A:N54V	B:N251V	logit=-1.132
A:E100V	B:E297V	logit=-1.935
A:N57R	B:N254R	logit=-1.961

Top tied mutations (C + D view):
C:V218L	D:V491L	logit=-0.484
C:K191R	D:K464R	logit=-0.594
C:S180T	D:S453T	logit=-0.644
C:T42V	D:T315V	logit=-0.705
C:N51P	D:N324P	logit=-0.735

Top tied mutations (A + B view):
A:T18V	B:T215V	logit=-0.507
A:N55S	B:N252S	logit=-0.730
A:N54V	B:N251V	logit=-1.285
A:E100V	B:E297V	logit=-1.763
A:V102I	B:V299I	logit=-2.124

Top tied mutations (C + D view):
C:V218L	D:V491L	logit=-0.476
C:K191R	D:K464R	logit=-0.584
C:S180T	D:S453T	logit=-0.647
C:T42V	D:T315V	logit=-0.710
C:N51P	D:N324P	logit=-0.799

Top tied mutations (A + B view):
A:T18V	B:T215V	logit=-0.557
A:N55S	B:N252S	logit=-0.683
A:N54V	B:N251V	logit=-1.047
A:E100V	B:E297V	logit=-1.628
A:V102I	B:V299I	logit=-2.076

Top tied mutations (C + D view):
C:V218L	D:V491L	logit=-0.411
C:K191R	D:K464R	logit=-0.572
C:S180T	D:S453T	logit=-0.674
C:T42V	D:T315V	logit=-0.712
C:N51P	D:N324P	logit=-0.834

Top tied mutations (A + B view):
A:T18V	B:T215V	logit=-0.608
A:N55S	B:N252S	logit=-0.718
A:N54V	B:N251V	logit=-1.047
A:E100V	B:E297V	logit=-1.724
A:N57R	B:N254R	logit=-2.213

Top tied mutations (C + D view):
C:V218L	D:V491L	logit=-0.445
C:K191R	D:K464R	logit=-0.532
C:S180T	D:S453T	logit=-0.634
C:T42V	D:T315V	logit=-0.755
C:N51P	D:N324P	logit=-0.910

Top tied mutations (A + B view):
A:T18V	B:T215V	logit=-0.563
A:N55S	B:N252S	logit=-0.718
A:N54V	B:N251V	logit=-1.049
A:E100V	B:E297V	logit=-1.780
A:V102I	B:V299I	logit=-2.222

Top tied mutations (C + D view):
C:V218L	D:V491L	logit=-0.457
C:K191R	D:K464R	logit=-0.591
C:S180T	D:S453T	logit=-0.652
C:T42V	D:T315V	logit=-0.778
C:N51P	D:N324P	logit=-0.870

Top tied mutations (A + B view):
A:T18V	B:T215V	logit=-0.543
A:N55S	B:N252S	logit=-0.742
A:N54V	B:N251V	logit=-1.135
A:E100V	B:E297V	logit=-1.809
A:N54I	B:N251I	logit=-2.142

Top tied mutations (C + D view):
C:V218L	D:V491L	logit=-0.426
C:K191R	D:K464R	logit=-0.526
C:S180T	D:S453T	logit=-0.643
C:T42V	D:T315V	logit=-0.708
C:N51P	D:N324P	logit=-0.884

Top tied mutations (A + B view):
A:T18V	B:T215V	logit=-0.474
A:N55S	B:N252S	logit=-0.759
A:N54V	B:N251V	logit=-1.072
A:E100V	B:E297V	logit=-1.792
A:N57R	B:N254R	logit=-1.968

Top tied mutations (C + D view):
C:V218L	D:V491L	logit=-0.460
C:K191R	D:K464R	logit=-0.555
C:S180T	D:S453T	logit=-0.650
C:T42V	D:T315V	logit=-0.724
C:N51P	D:N324P	logit=-0.874

Top tied mutations (A + B view):
A:T18V	B:T215V	logit=-0.519
A:N55S	B:N252S	logit=-0.684
A:N54V	B:N251V	logit=-0.952
A:E100V	B:E297V	logit=-1.797
A:V102I	B:V299I	logit=-2.248

Top tied mutations (C + D view):
C:V218L	D:V491L	logit=-0.468
C:K191R	D:K464R	logit=-0.543
C:S180T	D:S453T	logit=-0.630
C:T42V	D:T315V	logit=-0.715
C:N51P	D:N324P	logit=-0.748

Top tied mutations (A + B view):
A:T18V	B:T215V	logit=-0.536
A:N55S	B:N252S	logit=-0.694
A:N54V	B:N251V	logit=-1.135
A:E100V	B:E297V	logit=-1.726
A:V102I	B:V299I	logit=-2.178

Top tied mutations (C + D view):
C:V218L	D:V491L	logit=-0.446
C:K191R	D:K464R	logit=-0.511
C:S180T	D:S453T	logit=-0.636
C:T42V	D:T315V	logit=-0.727
C:N51P	D:N324P	logit=-0.851

Top tied mutations (A + B view):
A:T18V	B:T215V	logit=-0.597
A:N55S	B:N252S	logit=-0.635
A:N54V	B:N251V	logit=-1.096
A:E100V	B:E297V	logit=-1.738
A:V102I	B:V299I	logit=-2.151

Top tied mutations (C + D view):
C:V218L	D:V491L	logit=-0.474
C:K191R	D:K464R	logit=-0.553
C:S180T	D:S453T	logit=-0.666
C:T42V	D:T315V	logit=-0.717
C:N51P	D:N324P	logit=-0.821

Top tied mutations (A + B view):
A:T18V	B:T215V	logit=-0.573
A:N55S	B:N252S	logit=-0.659
A:N54V	B:N251V	logit=-1.205
A:E100V	B:E297V	logit=-1.729
A:V102I	B:V299I	logit=-2.196

Top tied mutations (C + D view):
C:V218L	D:V491L	logit=-0.467
C:K191R	D:K464R	logit=-0.556
C:S180T	D:S453T	logit=-0.656
C:T42V	D:T315V	logit=-0.736
C:N51P	D:N324P	logit=-0.885

Top tied mutations (A + B view):
A:T18V	B:T215V	logit=-0.509
A:N55S	B:N252S	logit=-0.725
A:N54V	B:N251V	logit=-1.135
A:E100V	B:E297V	logit=-1.779
A:N57R	B:N254R	logit=-2.076

Top tied mutations (C + D view):
C:V218L	D:V491L	logit=-0.414
C:K191R	D:K464R	logit=-0.617
C:S180T	D:S453T	logit=-0.658
C:T42V	D:T315V	logit=-0.750
C:N51P	D:N324P	logit=-0.874

Top tied mutations (A + B view):
A:T18V	B:T215V	logit=-0.589
A:N55S	B:N252S	logit=-0.668
A:N54V	B:N251V	logit=-1.036
A:E100V	B:E297V	logit=-1.874
A:N54I	B:N251I	logit=-2.077

Top tied mutations (C + D view):
C:V218L	D:V491L	logit=-0.437
C:S180T	D:S453T	logit=-0.662
C:K191R	D:K464R	logit=-0.675
C:T42V	D:T315V	logit=-0.735
C:S89A	D:S362A	logit=-0.839

Top tied mutations (A + B view):
A:T18V	B:T215V	logit=-0.544
A:N55S	B:N252S	logit=-0.695
A:N54V	B:N251V	logit=-1.187
A:E100V	B:E297V	logit=-1.701
A:V102I	B:V299I	logit=-2.065

Top tied mutations (C + D view):
C:V218L	D:V491L	logit=-0.420
C:K191R	D:K464R	logit=-0.561
C:S180T	D:S453T	logit=-0.664
C:N51P	D:N324P	logit=-0.731
C:T42V	D:T315V	logit=-0.783

Top tied mutations (A + B view):
A:T18V	B:T215V	logit=-0.620
A:N55S	B:N252S	logit=-0.736
A:N54V	B:N251V	logit=-1.138
A:E100V	B:E297V	logit=-1.752
A:V102I	B:V299I	logit=-2.164

Top tied mutations (C + D view):
C:V218L	D:V491L	logit=-0.410
C:K191R	D:K464R	logit=-0.554
C:S180T	D:S453T	logit=-0.640
C:T42V	D:T315V	logit=-0.713
C:N51P	D:N324P	logit=-0.907

Top tied mutations (A + B view):
A:T18V	B:T215V	logit=-0.570
A:N55S	B:N252S	logit=-0.748
A:N54V	B:N251V	logit=-1.158
A:E100V	B:E297V	logit=-1.745
A:N54I	B:N251I	logit=-2.018

Top tied mutations (C + D view):
C:V218L	D:V491L	logit=-0.453
C:S180T	D:S453T	logit=-0.655
C:K191R	D:K464R	logit=-0.694
C:T42V	D:T315V	logit=-0.699
C:N51P	D:N324P	logit=-0.886

Top tied mutations (A + B view):
A:T18V	B:T215V	logit=-0.564
A:N55S	B:N252S	logit=-0.646
A:N54V	B:N251V	logit=-1.177
A:E100V	B:E297V	logit=-1.703
A:N57R	B:N254R	logit=-2.124

Top tied mutations (C + D view):
C:V218L	D:V491L	logit=-0.452
C:K191R	D:K464R	logit=-0.519
C:S180T	D:S453T	logit=-0.629
C:T42V	D:T315V	logit=-0.781
C:S89A	D:S362A	logit=-0.858

Top tied mutations (A + B view):
A:T18V	B:T215V	logit=-0.561
A:N55S	B:N252S	logit=-0.725
A:N54V	B:N251V	logit=-1.062
A:E100V	B:E297V	logit=-1.649
A:V102I	B:V299I	logit=-2.215

Top tied mutations (C + D view):
C:V218L	D:V491L	logit=-0.494
C:K191R	D:K464R	logit=-0.548
C:S180T	D:S453T	logit=-0.651
C:T42V	D:T315V	logit=-0.690
C:S89A	D:S362A	logit=-0.905

Top tied mutations (A + B view):
A:T18V	B:T215V	logit=-0.556
A:N55S	B:N252S	logit=-0.642
A:N54V	B:N251V	logit=-1.041
A:E100V	B:E297V	logit=-1.924
A:N54I	B:N251I	logit=-2.209

Top tied mutations (C + D view):
C:V218L	D:V491L	logit=-0.411
C:K191R	D:K464R	logit=-0.577
C:S180T	D:S453T	logit=-0.661
C:T42V	D:T315V	logit=-0.739
C:N51P	D:N324P	logit=-0.901

Top tied mutations (A + B view):
A:T18V	B:T215V	logit=-0.613
A:N55S	B:N252S	logit=-0.661
A:N54V	B:N251V	logit=-1.058
A:E100V	B:E297V	logit=-1.780
A:R61K	B:R258K	logit=-2.153

Top tied mutations (C + D view):
C:V218L	D:V491L	logit=-0.427
C:K191R	D:K464R	logit=-0.565
C:S180T	D:S453T	logit=-0.635
C:T42V	D:T315V	logit=-0.695
C:N51P	D:N324P	logit=-0.743

Top tied mutations (A + B view):
A:T18V	B:T215V	logit=-0.513
A:N55S	B:N252S	logit=-0.759
A:N54V	B:N251V	logit=-1.063
A:E100V	B:E297V	logit=-1.757
A:V102I	B:V299I	logit=-2.126

Top tied mutations (C + D view):
C:V218L	D:V491L	logit=-0.430
C:K191R	D:K464R	logit=-0.567
C:S180T	D:S453T	logit=-0.649
C:N51P	D:N324P	logit=-0.753
C:T42V	D:T315V	logit=-0.773

Top tied mutations (A + B view):
A:T18V	B:T215V	logit=-0.580
A:N55S	B:N252S	logit=-0.709
A:N54V	B:N251V	logit=-1.116
A:E100V	B:E297V	logit=-1.756
A:N54I	B:N251I	logit=-2.149

Top tied mutations (C + D view):
C:V218L	D:V491L	logit=-0.476
C:K191R	D:K464R	logit=-0.575
C:S180T	D:S453T	logit=-0.679
C:T42V	D:T315V	logit=-0.736
C:N51P	D:N324P	logit=-0.826

Top tied mutations (A + B view):
A:T18V	B:T215V	logit=-0.532
A:N55S	B:N252S	logit=-0.814
A:N54V	B:N251V	logit=-1.147
A:E100V	B:E297V	logit=-1.780
A:N54I	B:N251I	logit=-2.068

Top tied mutations (C + D view):
C:V218L	D:V491L	logit=-0.416
C:K191R	D:K464R	logit=-0.561
C:S180T	D:S453T	logit=-0.659
C:T42V	D:T315V	logit=-0.685
C:N51P	D:N324P	logit=-0.874

Top tied mutations (A + B view):
A:T18V	B:T215V	logit=-0.542
A:N55S	B:N252S	logit=-0.667
A:N54V	B:N251V	logit=-1.043
A:E100V	B:E297V	logit=-1.767
A:N54I	B:N251I	logit=-2.055

Top tied mutations (C + D view):
C:V218L	D:V491L	logit=-0.474
C:K191R	D:K464R	logit=-0.565
C:S180T	D:S453T	logit=-0.682
C:T42V	D:T315V	logit=-0.766
C:S89A	D:S362A	logit=-0.833

Top tied mutations (A + B view):
A:T18V	B:T215V	logit=-0.567
A:N55S	B:N252S	logit=-0.743
A:N54V	B:N251V	logit=-1.085
A:E100V	B:E297V	logit=-1.767
A:V102I	B:V299I	logit=-2.070

Top tied mutations (C + D view):
C:V218L	D:V491L	logit=-0.420
C:K191R	D:K464R	logit=-0.527
C:S180T	D:S453T	logit=-0.658
C:T42V	D:T315V	logit=-0.733
C:N51P	D:N324P	logit=-0.810

Top tied mutations (A + B view):
A:T18V	B:T215V	logit=-0.514
A:N55S	B:N252S	logit=-0.738
A:N54V	B:N251V	logit=-1.205
A:E100V	B:E297V	logit=-1.690
A:V102I	B:V299I	logit=-2.102

Top tied mutations (C + D view):
C:V218L	D:V491L	logit=-0.454
C:K191R	D:K464R	logit=-0.567
C:S180T	D:S453T	logit=-0.657
C:T42V	D:T315V	logit=-0.777
C:S89A	D:S362A	logit=-0.800

Top tied mutations (A + B view):
A:T18V	B:T215V	logit=-0.495
A:N55S	B:N252S	logit=-0.684
A:N54V	B:N251V	logit=-1.061
A:E100V	B:E297V	logit=-1.733
A:V102I	B:V299I	logit=-2.116

Top tied mutations (C + D view):
C:V218L	D:V491L	logit=-0.470
C:K191R	D:K464R	logit=-0.549
C:S180T	D:S453T	logit=-0.646
C:T42V	D:T315V	logit=-0.724
C:N51P	D:N324P	logit=-0.837

Top tied mutations (A + B view):
A:T18V	B:T215V	logit=-0.504
A:N55S	B:N252S	logit=-0.725
A:N54V	B:N251V	logit=-1.248
A:E100V	B:E297V	logit=-1.768
A:V102I	B:V299I	logit=-2.141

Top tied mutations (C + D view):
C:V218L	D:V491L	logit=-0.481
C:K191R	D:K464R	logit=-0.575
C:S180T	D:S453T	logit=-0.646
C:T42V	D:T315V	logit=-0.778
C:S89A	D:S362A	logit=-0.846

Top tied mutations (A + B view):
A:T18V	B:T215V	logit=-0.517
A:N55S	B:N252S	logit=-0.667
A:N54V	B:N251V	logit=-1.130
A:E100V	B:E297V	logit=-1.855
A:V102I	B:V299I	logit=-2.143

Top tied mutations (C + D view):
C:V218L	D:V491L	logit=-0.418
C:K191R	D:K464R	logit=-0.579
C:S180T	D:S453T	logit=-0.664
C:T42V	D:T315V	logit=-0.738
C:S89A	D:S362A	logit=-0.877

Top tied mutations (A + B view):
A:T18V	B:T215V	logit=-0.587
A:N55S	B:N252S	logit=-0.734
A:N54V	B:N251V	logit=-1.026
A:E100V	B:E297V	logit=-1.812
A:V102I	B:V299I	logit=-2.150

Top tied mutations (C + D view):
C:V218L	D:V491L	logit=-0.433
C:K191R	D:K464R	logit=-0.545
C:S180T	D:S453T	logit=-0.622
C:T42V	D:T315V	logit=-0.742
C:N51P	D:N324P	logit=-0.837

Top tied mutations (A + B view):
A:T18V	B:T215V	logit=-0.514
A:N55S	B:N252S	logit=-0.712
A:N54V	B:N251V	logit=-1.168
A:E100V	B:E297V	logit=-1.634
A:N54I	B:N251I	logit=-2.112

Top tied mutations (C + D view):
C:V218L	D:V491L	logit=-0.467
C:K191R	D:K464R	logit=-0.546
C:S180T	D:S453T	logit=-0.647
C:T42V	D:T315V	logit=-0.686
C:S89A	D:S362A	logit=-0.916

Top tied mutations (A + B view):
A:T18V	B:T215V	logit=-0.591
A:N55S	B:N252S	logit=-0.726
A:N54V	B:N251V	logit=-1.263
A:E100V	B:E297V	logit=-1.817
A:V102I	B:V299I	logit=-2.136

Top tied mutations (C + D view):
C:V218L	D:V491L	logit=-0.447
C:K191R	D:K464R	logit=-0.539
C:S180T	D:S453T	logit=-0.646
C:T42V	D:T315V	logit=-0.728
C:N51P	D:N324P	logit=-0.879

Top tied mutations (A + B view):
A:T18V	B:T215V	logit=-0.522
A:N55S	B:N252S	logit=-0.623
A:N54V	B:N251V	logit=-1.319
A:E100V	B:E297V	logit=-1.786
A:N57R	B:N254R	logit=-2.189

Top tied mutations (C + D view):
C:V218L	D:V491L	logit=-0.406
C:K191R	D:K464R	logit=-0.511
C:S180T	D:S453T	logit=-0.658
C:T42V	D:T315V	logit=-0.750
C:N51P	D:N324P	logit=-0.804

Top tied mutations (A + B view):
A:T18V	B:T215V	logit=-0.537
A:N55S	B:N252S	logit=-0.660
A:N54V	B:N251V	logit=-1.066
A:E100V	B:E297V	logit=-1.880
A:V102I	B:V299I	logit=-2.094

Top tied mutations (C + D view):
C:V218L	D:V491L	logit=-0.430
C:K191R	D:K464R	logit=-0.577
C:S180T	D:S453T	logit=-0.656
C:T42V	D:T315V	logit=-0.800
C:N51P	D:N324P	logit=-0.933

Top tied mutations (A + B view):
A:T18V	B:T215V	logit=-0.550
A:N55S	B:N252S	logit=-0.704
A:N54V	B:N251V	logit=-1.268
A:E100V	B:E297V	logit=-1.815
A:V102I	B:V299I	logit=-2.100

Top tied mutations (C + D view):
C:V218L	D:V491L	logit=-0.390
C:K191R	D:K464R	logit=-0.589
C:S180T	D:S453T	logit=-0.664
C:T42V	D:T315V	logit=-0.719
C:N51P	D:N324P	logit=-0.820

Top tied mutations (A + B view):
A:T18V	B:T215V	logit=-0.559
A:N55S	B:N252S	logit=-0.695
A:N54V	B:N251V	logit=-1.114
A:E100V	B:E297V	logit=-1.799
A:N57R	B:N254R	logit=-2.223

Top tied mutations (C + D view):
C:V218L	D:V491L	logit=-0.476
C:K191R	D:K464R	logit=-0.554
C:S180T	D:S453T	logit=-0.637
C:T42V	D:T315V	logit=-0.739
C:N51P	D:N324P	logit=-0.771

Top tied mutations (A + B view):
A:T18V	B:T215V	logit=-0.489
A:N55S	B:N252S	logit=-0.669
A:N54V	B:N251V	logit=-1.176
A:E100V	B:E297V	logit=-1.785
A:V102I	B:V299I	logit=-2.081

Top tied mutations (C + D view):
C:V218L	D:V491L	logit=-0.403
C:K191R	D:K464R	logit=-0.600
C:S180T	D:S453T	logit=-0.657
C:T42V	D:T315V	logit=-0.720
C:S89A	D:S362A	logit=-0.904

Top tied mutations (A + B view):
A:T18V	B:T215V	logit=-0.521
A:N55S	B:N252S	logit=-0.720
A:N54V	B:N251V	logit=-1.245
A:E100V	B:E297V	logit=-1.828
A:N54I	B:N251I	logit=-2.057

Top tied mutations (C + D view):
C:V218L	D:V491L	logit=-0.409
C:K191R	D:K464R	logit=-0.520
C:S180T	D:S453T	logit=-0.685
C:T42V	D:T315V	logit=-0.711
C:N51P	D:N324P	logit=-0.881

Top tied mutations (A + B view):
A:T18V	B:T215V	logit=-0.599
A:N55S	B:N252S	logit=-0.727
A:N54V	B:N251V	logit=-1.038
A:E100V	B:E297V	logit=-1.770
A:V102I	B:V299I	logit=-2.139

Top tied mutations (C + D view):
C:V218L	D:V491L	logit=-0.403
C:K191R	D:K464R	logit=-0.557
C:S180T	D:S453T	logit=-0.652
C:N51P	D:N324P	logit=-0.737
C:T42V	D:T315V	logit=-0.784

Top tied mutations (A + B view):
A:T18V	B:T215V	logit=-0.591
A:N55S	B:N252S	logit=-0.740
A:N54V	B:N251V	logit=-1.210
A:E100V	B:E297V	logit=-1.810
A:V102I	B:V299I	logit=-2.118

Top tied mutations (C + D view):
C:V218L	D:V491L	logit=-0.452
C:K191R	D:K464R	logit=-0.571
C:S180T	D:S453T	logit=-0.643
C:T42V	D:T315V	logit=-0.763
C:N51P	D:N324P	logit=-0.924

Top tied mutations (A + B view):
A:T18V	B:T215V	logit=-0.523
A:N55S	B:N252S	logit=-0.761
A:N54V	B:N251V	logit=-1.283
A:E100V	B:E297V	logit=-1.637
A:V102I	B:V299I	logit=-2.092

Top tied mutations (C + D view):
C:V218L	D:V491L	logit=-0.496
C:K191R	D:K464R	logit=-0.553
C:S180T	D:S453T	logit=-0.684
C:T42V	D:T315V	logit=-0.749
C:N51P	D:N324P	logit=-0.882

Top tied mutations (A + B view):
A:T18V	B:T215V	logit=-0.543
A:N55S	B:N252S	logit=-0.672
A:N54V	B:N251V	logit=-1.120
A:E100V	B:E297V	logit=-1.850
A:R61V	B:R258V	logit=-2.224

Top tied mutations (C + D view):
C:V218L	D:V491L	logit=-0.428
C:K191R	D:K464R	logit=-0.579
C:S180T	D:S453T	logit=-0.657
C:T42V	D:T315V	logit=-0.688
C:N51P	D:N324P	logit=-0.860

Top tied mutations (A + B view):
A:T18V	B:T215V	logit=-0.534
A:N55S	B:N252S	logit=-0.722
A:N54V	B:N251V	logit=-1.294
A:E100V	B:E297V	logit=-1.820
A:V102I	B:V299I	logit=-2.175

Top tied mutations (C + D view):
C:V218L	D:V491L	logit=-0.412
C:K191R	D:K464R	logit=-0.534
C:S180T	D:S453T	logit=-0.649
C:T42V	D:T315V	logit=-0.719
C:N51P	D:N324P	logit=-0.907

Top tied mutations (A + B view):
A:T18V	B:T215V	logit=-0.539
A:N55S	B:N252S	logit=-0.765
A:N54V	B:N251V	logit=-1.117
A:E100V	B:E297V	logit=-1.666
A:V102I	B:V299I	logit=-2.193

Top tied mutations (C + D view):
C:V218L	D:V491L	logit=-0.431
C:K191R	D:K464R	logit=-0.564
C:S180T	D:S453T	logit=-0.648
C:T42V	D:T315V	logit=-0.704
C:S89A	D:S362A	logit=-0.902

Top tied mutations (A + B view):
A:T18V	B:T215V	logit=-0.569
A:N55S	B:N252S	logit=-0.745
A:N54V	B:N251V	logit=-1.180
A:E100V	B:E297V	logit=-1.768
A:V102I	B:V299I	logit=-2.203

Top tied mutations (C + D view):
C:V218L	D:V491L	logit=-0.464
C:K191R	D:K464R	logit=-0.583
C:S180T	D:S453T	logit=-0.662
C:T42V	D:T315V	logit=-0.734
C:N51P	D:N324P	logit=-0.784

Top tied mutations (A + B view):
A:T18V	B:T215V	logit=-0.523
A:N55S	B:N252S	logit=-0.754
A:N54V	B:N251V	logit=-1.077
A:E100V	B:E297V	logit=-1.838
A:V102I	B:V299I	logit=-2.096

Top tied mutations (C + D view):
C:V218L	D:V491L	logit=-0.499
C:K191R	D:K464R	logit=-0.578
C:S180T	D:S453T	logit=-0.668
C:T42V	D:T315V	logit=-0.786
C:N51P	D:N324P	logit=-0.844

Top tied mutations (A + B view):
A:T18V	B:T215V	logit=-0.567
A:N55S	B:N252S	logit=-0.696
A:N54V	B:N251V	logit=-1.066
A:E100V	B:E297V	logit=-1.701
A:V102I	B:V299I	logit=-2.179

Top tied mutations (C + D view):
C:V218L	D:V491L	logit=-0.473
C:S180T	D:S453T	logit=-0.618
C:K191R	D:K464R	logit=-0.650
C:T42V	D:T315V	logit=-0.723
C:S89A	D:S362A	logit=-0.894

Top tied mutations (A + B view):
A:T18V	B:T215V	logit=-0.530
A:N55S	B:N252S	logit=-0.734
A:N54V	B:N251V	logit=-1.241
A:E100V	B:E297V	logit=-1.634
A:V102I	B:V299I	logit=-2.162

Top tied mutations (C + D view):
C:V218L	D:V491L	logit=-0.443
C:K191R	D:K464R	logit=-0.565
C:S180T	D:S453T	logit=-0.650
C:T42V	D:T315V	logit=-0.674
C:N51P	D:N324P	logit=-0.741

Top tied mutations (A + B view):
A:T18V	B:T215V	logit=-0.555
A:N55S	B:N252S	logit=-0.676
A:N54V	B:N251V	logit=-1.015
A:E100V	B:E297V	logit=-1.879
A:V102I	B:V299I	logit=-2.169

Top tied mutations (C + D view):
C:V218L	D:V491L	logit=-0.476
C:K191R	D:K464R	logit=-0.551
C:S180T	D:S453T	logit=-0.655
C:N51P	D:N324P	logit=-0.776
C:T42V	D:T315V	logit=-0.794

Top tied mutations (A + B view):
A:T18V	B:T215V	logit=-0.489
A:N55S	B:N252S	logit=-0.690
A:N54V	B:N251V	logit=-1.109
A:E100V	B:E297V	logit=-1.819
A:N57R	B:N254R	logit=-2.054

Top tied mutations (C + D view):
C:V218L	D:V491L	logit=-0.491
C:K191R	D:K464R	logit=-0.501
C:S180T	D:S453T	logit=-0.646
C:T42V	D:T315V	logit=-0.718
C:N51P	D:N324P	logit=-0.734

Top tied mutations (A + B view):
A:T18V	B:T215V	logit=-0.642
A:N55S	B:N252S	logit=-0.669
A:N54V	B:N251V	logit=-1.071
A:E100V	B:E297V	logit=-1.757
A:V102I	B:V299I	logit=-2.107

Top tied mutations (C + D view):
C:V218L	D:V491L	logit=-0.417
C:K191R	D:K464R	logit=-0.605
C:S180T	D:S453T	logit=-0.674
C:T42V	D:T315V	logit=-0.689
C:N51P	D:N324P	logit=-0.851

Top tied mutations (A + B view):
A:T18V	B:T215V	logit=-0.512
A:N55S	B:N252S	logit=-0.719
A:N54V	B:N251V	logit=-1.102
A:E100V	B:E297V	logit=-1.887
A:N54I	B:N251I	logit=-2.003

Top tied mutations (C + D view):
C:V218L	D:V491L	logit=-0.440
C:K191R	D:K464R	logit=-0.531
C:S180T	D:S453T	logit=-0.662
C:T42V	D:T315V	logit=-0.746
C:N51P	D:N324P	logit=-0.763

Top tied mutations (A + B view):
A:T18V	B:T215V	logit=-0.555
A:N55S	B:N252S	logit=-0.640
A:N54V	B:N251V	logit=-1.000
A:E100V	B:E297V	logit=-1.834
A:V102I	B:V299I	logit=-2.170

Top tied mutations (C + D view):
C:V218L	D:V491L	logit=-0.489
C:K191R	D:K464R	logit=-0.540
C:S180T	D:S453T	logit=-0.681
C:T42V	D:T315V	logit=-0.775
C:N51P	D:N324P	logit=-0.804

Top tied mutations (A + B view):
A:T18V	B:T215V	logit=-0.533
A:N55S	B:N252S	logit=-0.698
A:N54V	B:N251V	logit=-0.939
A:E100V	B:E297V	logit=-1.846
A:N57R	B:N254R	logit=-2.196

Top tied mutations (C + D view):
C:V218L	D:V491L	logit=-0.406
C:K191R	D:K464R	logit=-0.638
C:S180T	D:S453T	logit=-0.667
C:T42V	D:T315V	logit=-0.679
C:N51P	D:N324P	logit=-0.720

Top tied mutations (A + B view):
A:T18V	B:T215V	logit=-0.523
A:N55S	B:N252S	logit=-0.674
A:N54V	B:N251V	logit=-1.053
A:E100V	B:E297V	logit=-1.792
A:V102I	B:V299I	logit=-2.062

Top tied mutations (C + D view):
C:V218L	D:V491L	logit=-0.453
C:K191R	D:K464R	logit=-0.549
C:S180T	D:S453T	logit=-0.664
C:T42V	D:T315V	logit=-0.699
C:N219S	D:N492S	logit=-0.920

Top tied mutations (A + B view):
A:T18V	B:T215V	logit=-0.536
A:N55S	B:N252S	logit=-0.740
A:N54V	B:N251V	logit=-1.063
A:E100V	B:E297V	logit=-1.818
A:V102I	B:V299I	logit=-2.149

Top tied mutations (C + D view):
C:V218L	D:V491L	logit=-0.454
C:K191R	D:K464R	logit=-0.572
C:T42V	D:T315V	logit=-0.682
C:S180T	D:S453T	logit=-0.688
C:N51P	D:N324P	logit=-0.845

Top tied mutations (A + B view):
A:T18V	B:T215V	logit=-0.537
A:N55S	B:N252S	logit=-0.722
A:N54V	B:N251V	logit=-1.026
A:E100V	B:E297V	logit=-1.789
A:N54I	B:N251I	logit=-2.047

Top tied mutations (C + D view):
C:V218L	D:V491L	logit=-0.439
C:K191R	D:K464R	logit=-0.573
C:S180T	D:S453T	logit=-0.654
C:T42V	D:T315V	logit=-0.800
C:N51P	D:N324P	logit=-0.866

Top tied mutations (A + B view):
A:T18V	B:T215V	logit=-0.586
A:N55S	B:N252S	logit=-0.723
A:N54V	B:N251V	logit=-1.150
A:E100V	B:E297V	logit=-1.708
A:V102I	B:V299I	logit=-2.177

Top tied mutations (C + D view):
C:V218L	D:V491L	logit=-0.429
C:K191R	D:K464R	logit=-0.580
C:S180T	D:S453T	logit=-0.631
C:T42V	D:T315V	logit=-0.790
C:S89A	D:S362A	logit=-0.866

Top tied mutations (A + B view):
A:T18V	B:T215V	logit=-0.510
A:N55S	B:N252S	logit=-0.674
A:N54V	B:N251V	logit=-1.154
A:E100V	B:E297V	logit=-1.745
A:V102I	B:V299I	logit=-2.192

Top tied mutations (C + D view):
C:V218L	D:V491L	logit=-0.418
C:K191R	D:K464R	logit=-0.587
C:S180T	D:S453T	logit=-0.668
C:N51P	D:N324P	logit=-0.729
C:T42V	D:T315V	logit=-0.765

Top tied mutations (A + B view):
A:T18V	B:T215V	logit=-0.578
A:N55S	B:N252S	logit=-0.762
A:N54V	B:N251V	logit=-1.277
A:E100V	B:E297V	logit=-1.874
A:V102I	B:V299I	logit=-2.068

Top tied mutations (C + D view):
C:V218L	D:V491L	logit=-0.455
C:K191R	D:K464R	logit=-0.560
C:S180T	D:S453T	logit=-0.654
C:T42V	D:T315V	logit=-0.705
C:N51P	D:N324P	logit=-0.765

Top tied mutations (A + B view):
A:T18V	B:T215V	logit=-0.591
A:N55S	B:N252S	logit=-0.622
A:N54V	B:N251V	logit=-1.141
A:E100V	B:E297V	logit=-1.722
A:V102I	B:V299I	logit=-2.154

Top tied mutations (C + D view):
C:V218L	D:V491L	logit=-0.430
C:K191R	D:K464R	logit=-0.577
C:S180T	D:S453T	logit=-0.666
C:T42V	D:T315V	logit=-0.804
C:N51P	D:N324P	logit=-0.903

Top tied mutations (A + B view):
A:T18V	B:T215V	logit=-0.536
A:N55S	B:N252S	logit=-0.734
A:N54V	B:N251V	logit=-0.940
A:E100V	B:E297V	logit=-1.898
A:V58T	B:V255T	logit=-2.194

Top tied mutations (C + D view):
C:V218L	D:V491L	logit=-0.409
C:K191R	D:K464R	logit=-0.544
C:S180T	D:S453T	logit=-0.639
C:T42V	D:T315V	logit=-0.716
C:N51P	D:N324P	logit=-0.771

Top tied mutations (A + B view):
A:T18V	B:T215V	logit=-0.468
A:N55S	B:N252S	logit=-0.755
A:N54V	B:N251V	logit=-1.158
A:E100V	B:E297V	logit=-1.672
A:N57R	B:N254R	logit=-2.078

Top tied mutations (C + D view):
C:V218L	D:V491L	logit=-0.456
C:K191R	D:K464R	logit=-0.581
C:S180T	D:S453T	logit=-0.654
C:T42V	D:T315V	logit=-0.727
C:N51P	D:N324P	logit=-0.888

Top tied mutations (A + B view):
A:T18V	B:T215V	logit=-0.533
A:N55S	B:N252S	logit=-0.739
A:N54V	B:N251V	logit=-1.291
A:E100V	B:E297V	logit=-1.784
A:V102I	B:V299I	logit=-2.185

Top tied mutations (C + D view):
C:V218L	D:V491L	logit=-0.402
C:K191R	D:K464R	logit=-0.606
C:S180T	D:S453T	logit=-0.683
C:T42V	D:T315V	logit=-0.725
C:N51P	D:N324P	logit=-0.790

Top tied mutations (A + B view):
A:T18V	B:T215V	logit=-0.489
A:N55S	B:N252S	logit=-0.708
A:N54V	B:N251V	logit=-1.139
A:E100V	B:E297V	logit=-1.738
A:V102I	B:V299I	logit=-2.188

Top tied mutations (C + D view):
C:V218L	D:V491L	logit=-0.436
C:K191R	D:K464R	logit=-0.501
C:S180T	D:S453T	logit=-0.650
C:T42V	D:T315V	logit=-0.693
C:N51P	D:N324P	logit=-0.887

Top tied mutations (A + B view):
A:T18V	B:T215V	logit=-0.588
A:N55S	B:N252S	logit=-0.766
A:N54V	B:N251V	logit=-1.219
A:E100V	B:E297V	logit=-1.796
A:N57R	B:N254R	logit=-1.955

Top tied mutations (C + D view):
C:V218L	D:V491L	logit=-0.478
C:K191R	D:K464R	logit=-0.522
C:S180T	D:S453T	logit=-0.674
C:T42V	D:T315V	logit=-0.779
C:N51P	D:N324P	logit=-0.862

Top tied mutations (A + B view):
A:T18V	B:T215V	logit=-0.574
A:N55S	B:N252S	logit=-0.645
A:N54V	B:N251V	logit=-1.377
A:E100V	B:E297V	logit=-1.864
A:N57R	B:N254R	logit=-2.053

Top tied mutations (C + D view):
C:V218L	D:V491L	logit=-0.432
C:K191R	D:K464R	logit=-0.477
C:S180T	D:S453T	logit=-0.678
C:T42V	D:T315V	logit=-0.708
C:N51P	D:N324P	logit=-0.759

Top tied mutations (A + B view):
A:T18V	B:T215V	logit=-0.477
A:N55S	B:N252S	logit=-0.721
A:N54V	B:N251V	logit=-1.107
A:E100V	B:E297V	logit=-1.726
A:V102I	B:V299I	logit=-2.147

Top tied mutations (C + D view):
C:V218L	D:V491L	logit=-0.414
C:K191R	D:K464R	logit=-0.532
C:S180T	D:S453T	logit=-0.664
C:T42V	D:T315V	logit=-0.706
C:S89A	D:S362A	logit=-0.868

Top tied mutations (A + B view):
A:T18V	B:T215V	logit=-0.528
A:N55S	B:N252S	logit=-0.777
A:N54V	B:N251V	logit=-1.150
A:E100V	B:E297V	logit=-1.849
A:V102I	B:V299I	logit=-2.064

Top tied mutations (C + D view):
C:V218L	D:V491L	logit=-0.484
C:K191R	D:K464R	logit=-0.509
C:S180T	D:S453T	logit=-0.676
C:T42V	D:T315V	logit=-0.746
C:N51P	D:N324P	logit=-0.798

Top tied mutations (A + B view):
A:T18V	B:T215V	logit=-0.560
A:N55S	B:N252S	logit=-0.604
A:N54V	B:N251V	logit=-1.156
A:E100V	B:E297V	logit=-1.853
A:V102I	B:V299I	logit=-2.209

Top tied mutations (C + D view):
C:V218L	D:V491L	logit=-0.419
C:K191R	D:K464R	logit=-0.475
C:S180T	D:S453T	logit=-0.632
C:T42V	D:T315V	logit=-0.770
C:N51P	D:N324P	logit=-0.847

Top tied mutations (A + B view):
A:T18V	B:T215V	logit=-0.540
A:N55S	B:N252S	logit=-0.737
A:N54V	B:N251V	logit=-1.013
A:E100V	B:E297V	logit=-1.769
A:R61V	B:R258V	logit=-2.150

Top tied mutations (C + D view):
C:V218L	D:V491L	logit=-0.456
C:K191R	D:K464R	logit=-0.510
C:S180T	D:S453T	logit=-0.673
C:T42V	D:T315V	logit=-0.715
C:S89A	D:S362A	logit=-0.907

Top tied mutations (A + B view):
A:T18V	B:T215V	logit=-0.526
A:N55S	B:N252S	logit=-0.644
A:N54V	B:N251V	logit=-1.171
A:E100V	B:E297V	logit=-1.893
A:R61K	B:R258K	logit=-2.196

Top tied mutations (C + D view):
C:V218L	D:V491L	logit=-0.405
C:K191R	D:K464R	logit=-0.522
C:S180T	D:S453T	logit=-0.641
C:T42V	D:T315V	logit=-0.682
C:N51P	D:N324P	logit=-0.827

Top tied mutations (A + B view):
A:T18V	B:T215V	logit=-0.583
A:N55S	B:N252S	logit=-0.750
A:N54V	B:N251V	logit=-1.011
A:E100V	B:E297V	logit=-1.759
A:V102I	B:V299I	logit=-2.226

Top tied mutations (C + D view):
C:V218L	D:V491L	logit=-0.461
C:K191R	D:K464R	logit=-0.525
C:S180T	D:S453T	logit=-0.659
C:T42V	D:T315V	logit=-0.749
C:N51P	D:N324P	logit=-0.803

Top tied mutations (A + B view):
A:T18V	B:T215V	logit=-0.549
A:N55S	B:N252S	logit=-0.674
A:N54V	B:N251V	logit=-1.079
A:E100V	B:E297V	logit=-1.732
A:N54I	B:N251I	logit=-2.224

Top tied mutations (C + D view):
C:V218L	D:V491L	logit=-0.451
C:K191R	D:K464R	logit=-0.592
C:S180T	D:S453T	logit=-0.657
C:T42V	D:T315V	logit=-0.724
C:N51P	D:N324P	logit=-0.833

Top tied mutations (A + B view):
A:T18V	B:T215V	logit=-0.583
A:N55S	B:N252S	logit=-0.746
A:N54V	B:N251V	logit=-1.004
A:E100V	B:E297V	logit=-1.760
A:N54I	B:N251I	logit=-2.117

Top tied mutations (C + D view):
C:V218L	D:V491L	logit=-0.428
C:K191R	D:K464R	logit=-0.518
C:S180T	D:S453T	logit=-0.624
C:T42V	D:T315V	logit=-0.721
C:N51P	D:N324P	logit=-0.870

Top tied mutations (A + B view):
A:T18V	B:T215V	logit=-0.537
A:N55S	B:N252S	logit=-0.670
A:N54V	B:N251V	logit=-1.048
A:E100V	B:E297V	logit=-1.743
A:V102I	B:V299I	logit=-2.245

Top tied mutations (C + D view):
C:V218L	D:V491L	logit=-0.412
C:K191R	D:K464R	logit=-0.593
C:S180T	D:S453T	logit=-0.641
C:T42V	D:T315V	logit=-0.699
C:N51P	D:N324P	logit=-0.903

Top tied mutations (A + B view):
A:T18V	B:T215V	logit=-0.492
A:N55S	B:N252S	logit=-0.703
A:N54V	B:N251V	logit=-0.947
A:E100V	B:E297V	logit=-1.747
A:V102I	B:V299I	logit=-2.119

Top tied mutations (C + D view):
C:K191R	D:K464R	logit=-0.481
C:V218L	D:V491L	logit=-0.486
C:S180T	D:S453T	logit=-0.650
C:T42V	D:T315V	logit=-0.718
C:N51P	D:N324P	logit=-0.877

Top tied mutations (A + B view):
A:T18V	B:T215V	logit=-0.567
A:N55S	B:N252S	logit=-0.741
A:N54V	B:N251V	logit=-1.173
A:E100V	B:E297V	logit=-1.734
A:N54I	B:N251I	logit=-2.118

Top tied mutations (C + D view):
C:V218L	D:V491L	logit=-0.450
C:K191R	D:K464R	logit=-0.529
C:S180T	D:S453T	logit=-0.668
C:T42V	D:T315V	logit=-0.747
C:S72G	D:S345G	logit=-0.918

Top tied mutations (A + B view):
A:T18V	B:T215V	logit=-0.526
A:N55S	B:N252S	logit=-0.689
A:N54V	B:N251V	logit=-1.104
A:E100V	B:E297V	logit=-1.828
A:N57R	B:N254R	logit=-2.071

Top tied mutations (C + D view):
C:V218L	D:V491L	logit=-0.477
C:K191R	D:K464R	logit=-0.532
C:S180T	D:S453T	logit=-0.628
C:T42V	D:T315V	logit=-0.688
C:N51P	D:N324P	logit=-0.815

Top tied mutations (A + B view):
A:T18V	B:T215V	logit=-0.620
A:N55S	B:N252S	logit=-0.727
A:N54V	B:N251V	logit=-1.121
A:E100V	B:E297V	logit=-1.895
A:V102I	B:V299I	logit=-2.184

Top tied mutations (C + D view):
C:V218L	D:V491L	logit=-0.436
C:K191R	D:K464R	logit=-0.573
C:S180T	D:S453T	logit=-0.677
C:T42V	D:T315V	logit=-0.685
C:N51P	D:N324P	logit=-0.797

Top tied mutations (A + B view):
A:T18V	B:T215V	logit=-0.544
A:N55S	B:N252S	logit=-0.727
A:N54V	B:N251V	logit=-1.107
A:E100V	B:E297V	logit=-1.747
A:N54I	B:N251I	logit=-2.059

Top tied mutations (C + D view):
C:V218L	D:V491L	logit=-0.439
C:K191R	D:K464R	logit=-0.543
C:S180T	D:S453T	logit=-0.677
C:T42V	D:T315V	logit=-0.743
C:N51P	D:N324P	logit=-0.900

Top tied mutations (A + B view):
A:T18V	B:T215V	logit=-0.604
A:N55S	B:N252S	logit=-0.745
A:N54V	B:N251V	logit=-1.164
A:E100V	B:E297V	logit=-1.699
A:V102I	B:V299I	logit=-2.139

Top tied mutations (C + D view):
C:V218L	D:V491L	logit=-0.421
C:S180T	D:S453T	logit=-0.647
C:K191R	D:K464R	logit=-0.659
C:T42V	D:T315V	logit=-0.733
C:N51P	D:N324P	logit=-0.901

Top tied mutations (A + B view):
A:T18V	B:T215V	logit=-0.544
A:N55S	B:N252S	logit=-0.747
A:N54V	B:N251V	logit=-1.176
A:E100V	B:E297V	logit=-1.784
A:V102I	B:V299I	logit=-2.068

Top tied mutations (C + D view):
C:V218L	D:V491L	logit=-0.489
C:K191R	D:K464R	logit=-0.554
C:S180T	D:S453T	logit=-0.666
C:T42V	D:T315V	logit=-0.706
C:N51P	D:N324P	logit=-0.819

Top tied mutations (A + B view):
A:T18V	B:T215V	logit=-0.508
A:N55S	B:N252S	logit=-0.712
A:N54V	B:N251V	logit=-1.210
A:E100V	B:E297V	logit=-1.735
A:V102I	B:V299I	logit=-2.183

Top tied mutations (C + D view):
C:V218L	D:V491L	logit=-0.410
C:K191R	D:K464R	logit=-0.560
C:S180T	D:S453T	logit=-0.653
C:T42V	D:T315V	logit=-0.716
C:N51P	D:N324P	logit=-0.810

Top tied mutations (A + B view):
A:T18V	B:T215V	logit=-0.486
A:N55S	B:N252S	logit=-0.683
A:N54V	B:N251V	logit=-1.042
A:E100V	B:E297V	logit=-1.834
A:V102I	B:V299I	logit=-2.157

Top tied mutations (C + D view):
C:V218L	D:V491L	logit=-0.482
C:K191R	D:K464R	logit=-0.514
C:S180T	D:S453T	logit=-0.671
C:T42V	D:T315V	logit=-0.718
C:N51P	D:N324P	logit=-0.841

Top tied mutations (A + B view):
A:T18V	B:T215V	logit=-0.530
A:N55S	B:N252S	logit=-0.686
A:N54V	B:N251V	logit=-1.049
A:E100V	B:E297V	logit=-1.713
A:N57R	B:N254R	logit=-1.996

Top tied mutations (C + D view):
C:V218L	D:V491L	logit=-0.454
C:K191R	D:K464R	logit=-0.565
C:S180T	D:S453T	logit=-0.664
C:T42V	D:T315V	logit=-0.745
C:N51P	D:N324P	logit=-0.779

Top tied mutations (A + B view):
A:T18V	B:T215V	logit=-0.573
A:N55S	B:N252S	logit=-0.832
A:N54V	B:N251V	logit=-1.113
A:E100V	B:E297V	logit=-1.917
A:V102I	B:V299I	logit=-2.173

Top tied mutations (C + D view):
C:V218L	D:V491L	logit=-0.421
C:K191R	D:K464R	logit=-0.557
C:S180T	D:S453T	logit=-0.651
C:T42V	D:T315V	logit=-0.760
C:N51P	D:N324P	logit=-0.849

Top tied mutations (A + B view):
A:T18V	B:T215V	logit=-0.502
A:N55S	B:N252S	logit=-0.745
A:N54V	B:N251V	logit=-1.087
A:E100V	B:E297V	logit=-1.672
A:V102I	B:V299I	logit=-2.133

Top tied mutations (C + D view):
C:V218L	D:V491L	logit=-0.430
C:K191R	D:K464R	logit=-0.540
C:S180T	D:S453T	logit=-0.666
C:T42V	D:T315V	logit=-0.785
C:N51P	D:N324P	logit=-0.840

Top tied mutations (A + B view):
A:T18V	B:T215V	logit=-0.495
A:N55S	B:N252S	logit=-0.697
A:N54V	B:N251V	logit=-1.151
A:E100V	B:E297V	logit=-1.748
A:V102I	B:V299I	logit=-2.142

Top tied mutations (C + D view):
C:V218L	D:V491L	logit=-0.468
C:K191R	D:K464R	logit=-0.587
C:T42V	D:T315V	logit=-0.655
C:S180T	D:S453T	logit=-0.661
C:N51P	D:N324P	logit=-0.803

Top tied mutations (A + B view):
A:T18V	B:T215V	logit=-0.585
A:N55S	B:N252S	logit=-0.719
A:N54V	B:N251V	logit=-1.075
A:E100V	B:E297V	logit=-1.838
A:N57R	B:N254R	logit=-2.174

Top tied mutations (C + D view):
C:V218L	D:V491L	logit=-0.475
C:K191R	D:K464R	logit=-0.590
C:S180T	D:S453T	logit=-0.650
C:T42V	D:T315V	logit=-0.686
C:N51P	D:N324P	logit=-0.806

Top tied mutations (A + B view):
A:T18V	B:T215V	logit=-0.568
A:N55S	B:N252S	logit=-0.669
A:N54V	B:N251V	logit=-0.990
A:E100V	B:E297V	logit=-1.710
A:N54I	B:N251I	logit=-2.091

Top tied mutations (C + D view):
C:V218L	D:V491L	logit=-0.477
C:K191R	D:K464R	logit=-0.543
C:S180T	D:S453T	logit=-0.655
C:T42V	D:T315V	logit=-0.661
C:N51P	D:N324P	logit=-0.794

Top tied mutations (A + B view):
A:T18V	B:T215V	logit=-0.518
A:N55S	B:N252S	logit=-0.660
A:N54V	B:N251V	logit=-1.066
A:E100V	B:E297V	logit=-1.807
A:V102I	B:V299I	logit=-2.114

Top tied mutations (C + D view):
C:V218L	D:V491L	logit=-0.423
C:K191R	D:K464R	logit=-0.620
C:S180T	D:S453T	logit=-0.655
C:T42V	D:T315V	logit=-0.748
C:N51P	D:N324P	logit=-0.771

Top tied mutations (A + B view):
A:T18V	B:T215V	logit=-0.589
A:N55S	B:N252S	logit=-0.641
A:N54V	B:N251V	logit=-1.101
A:E100V	B:E297V	logit=-1.714
A:R61K	B:R258K	logit=-2.162

Top tied mutations (C + D view):
C:V218L	D:V491L	logit=-0.471
C:K191R	D:K464R	logit=-0.541
C:S180T	D:S453T	logit=-0.621
C:T42V	D:T315V	logit=-0.716
C:N51P	D:N324P	logit=-0.763

Top tied mutations (A + B view):
A:T18V	B:T215V	logit=-0.487
A:N55S	B:N252S	logit=-0.642
A:N54V	B:N251V	logit=-0.972
A:E100V	B:E297V	logit=-1.779
A:N54I	B:N251I	logit=-2.214

Top tied mutations (C + D view):
C:V218L	D:V491L	logit=-0.507
C:K191R	D:K464R	logit=-0.573
C:S180T	D:S453T	logit=-0.619
C:T42V	D:T315V	logit=-0.741
C:N51P	D:N324P	logit=-0.863

Top tied mutations (A + B view):
A:T18V	B:T215V	logit=-0.529
A:N55S	B:N252S	logit=-0.680
A:N54V	B:N251V	logit=-1.134
A:E100V	B:E297V	logit=-1.885
A:N57R	B:N254R	logit=-2.095

Top tied mutations (C + D view):
C:V218L	D:V491L	logit=-0.409
C:K191R	D:K464R	logit=-0.573
C:T42V	D:T315V	logit=-0.643
C:S180T	D:S453T	logit=-0.650
C:S89A	D:S362A	logit=-0.860

Top tied mutations (A + B view):
A:T18V	B:T215V	logit=-0.529
A:N55S	B:N252S	logit=-0.641
A:N54V	B:N251V	logit=-1.092
A:E100V	B:E297V	logit=-1.815
A:N54I	B:N251I	logit=-2.003

Top tied mutations (C + D view):
C:V218L	D:V491L	logit=-0.429
C:K191R	D:K464R	logit=-0.599
C:S180T	D:S453T	logit=-0.663
C:T42V	D:T315V	logit=-0.737
C:N51P	D:N324P	logit=-0.870

Top tied mutations (A + B view):
A:T18V	B:T215V	logit=-0.565
A:N55S	B:N252S	logit=-0.662
A:N54V	B:N251V	logit=-1.134
A:E100V	B:E297V	logit=-1.705
A:V102I	B:V299I	logit=-2.135

Top tied mutations (C + D view):
C:V218L	D:V491L	logit=-0.452
C:K191R	D:K464R	logit=-0.519
C:S180T	D:S453T	logit=-0.645
C:T42V	D:T315V	logit=-0.778
C:S89A	D:S362A	logit=-0.869

Top tied mutations (A + B view):
A:T18V	B:T215V	logit=-0.599
A:N55S	B:N252S	logit=-0.735
A:N54V	B:N251V	logit=-1.138
A:E100V	B:E297V	logit=-1.747
A:V102I	B:V299I	logit=-2.171

Top tied mutations (C + D view):
C:V218L	D:V491L	logit=-0.478
C:K191R	D:K464R	logit=-0.523
C:S180T	D:S453T	logit=-0.665
C:T42V	D:T315V	logit=-0.746
C:N51P	D:N324P	logit=-0.838

Top tied mutations (A + B view):
A:T18V	B:T215V	logit=-0.506
A:N55S	B:N252S	logit=-0.725
A:N54V	B:N251V	logit=-0.980
A:E100V	B:E297V	logit=-1.807
A:V102I	B:V299I	logit=-2.104

Top tied mutations (C + D view):
C:V218L	D:V491L	logit=-0.461
C:K191R	D:K464R	logit=-0.593
C:S180T	D:S453T	logit=-0.665
C:T42V	D:T315V	logit=-0.730
C:S89A	D:S362A	logit=-0.865

Top tied mutations (A + B view):
A:T18V	B:T215V	logit=-0.544
A:N55S	B:N252S	logit=-0.728
A:N54V	B:N251V	logit=-1.003
A:E100V	B:E297V	logit=-1.871
A:V102I	B:V299I	logit=-2.116

Top tied mutations (C + D view):
C:V218L	D:V491L	logit=-0.461
C:K191R	D:K464R	logit=-0.594
C:S180T	D:S453T	logit=-0.649
C:T42V	D:T315V	logit=-0.754
C:N51P	D:N324P	logit=-0.809

Top tied mutations (A + B view):
A:T18V	B:T215V	logit=-0.553
A:N55S	B:N252S	logit=-0.687
A:N54V	B:N251V	logit=-1.116
A:E100V	B:E297V	logit=-1.888
A:N57R	B:N254R	logit=-2.140

Top tied mutations (C + D view):
C:V218L	D:V491L	logit=-0.446
C:K191R	D:K464R	logit=-0.608
C:T42V	D:T315V	logit=-0.678
C:S180T	D:S453T	logit=-0.682
C:N51P	D:N324P	logit=-0.775

Top tied mutations (A + B view):
A:T18V	B:T215V	logit=-0.584
A:N55S	B:N252S	logit=-0.684
A:N54V	B:N251V	logit=-1.109
A:E100V	B:E297V	logit=-1.796
A:V102I	B:V299I	logit=-2.132

Top tied mutations (C + D view):
C:V218L	D:V491L	logit=-0.494
C:K191R	D:K464R	logit=-0.523
C:S180T	D:S453T	logit=-0.656
C:N51P	D:N324P	logit=-0.689
C:T42V	D:T315V	logit=-0.757

Top tied mutations (A + B view):
A:T18V	B:T215V	logit=-0.474
A:N55S	B:N252S	logit=-0.703
A:N54V	B:N251V	logit=-1.007
A:E100V	B:E297V	logit=-1.823
A:V102I	B:V299I	logit=-2.153

Top tied mutations (C + D view):
C:V218L	D:V491L	logit=-0.482
C:K191R	D:K464R	logit=-0.556
C:S180T	D:S453T	logit=-0.678
C:T42V	D:T315V	logit=-0.809
C:N51P	D:N324P	logit=-0.844

Top tied mutations (A + B view):
A:T18V	B:T215V	logit=-0.519
A:N55S	B:N252S	logit=-0.716
A:N54V	B:N251V	logit=-1.092
A:E100V	B:E297V	logit=-1.744
A:N57R	B:N254R	logit=-2.100

Top tied mutations (C + D view):
C:V218L	D:V491L	logit=-0.448
C:K191R	D:K464R	logit=-0.528
C:S180T	D:S453T	logit=-0.650
C:T42V	D:T315V	logit=-0.723
C:S89A	D:S362A	logit=-0.833

Top tied mutations (A + B view):
A:T18V	B:T215V	logit=-0.566
A:N55S	B:N252S	logit=-0.735
A:N54V	B:N251V	logit=-1.257
A:E100V	B:E297V	logit=-1.806
A:V102I	B:V299I	logit=-2.101

Top tied mutations (C + D view):
C:V218L	D:V491L	logit=-0.475
C:K191R	D:K464R	logit=-0.565
C:S180T	D:S453T	logit=-0.680
C:T42V	D:T315V	logit=-0.693
C:N51P	D:N324P	logit=-0.747

Top tied mutations (A + B view):
A:T18V	B:T215V	logit=-0.481
A:N55S	B:N252S	logit=-0.769
A:N54V	B:N251V	logit=-1.024
A:E100V	B:E297V	logit=-1.740
A:N57R	B:N254R	logit=-2.170

Top tied mutations (C + D view):
C:V218L	D:V491L	logit=-0.446
C:K191R	D:K464R	logit=-0.544
C:S180T	D:S453T	logit=-0.669
C:T42V	D:T315V	logit=-0.737
C:N51P	D:N324P	logit=-0.868

Top tied mutations (A + B view):
A:T18V	B:T215V	logit=-0.492
A:N55S	B:N252S	logit=-0.736
A:N54V	B:N251V	logit=-1.116
A:E100V	B:E297V	logit=-1.767
A:V102I	B:V299I	logit=-2.171

Top tied mutations (C + D view):
C:V218L	D:V491L	logit=-0.444
C:K191R	D:K464R	logit=-0.583
C:S180T	D:S453T	logit=-0.618
C:T42V	D:T315V	logit=-0.729
C:N51P	D:N324P	logit=-0.864

Top tied mutations (A + B view):
A:T18V	B:T215V	logit=-0.505
A:N55S	B:N252S	logit=-0.699
A:N54V	B:N251V	logit=-1.113
A:E100V	B:E297V	logit=-1.825
A:V102I	B:V299I	logit=-2.180

Top tied mutations (C + D view):
C:V218L	D:V491L	logit=-0.487
C:K191R	D:K464R	logit=-0.600
C:S180T	D:S453T	logit=-0.656
C:T42V	D:T315V	logit=-0.760
C:S89A	D:S362A	logit=-0.845

Top tied mutations (A + B view):
A:T18V	B:T215V	logit=-0.583
A:N55S	B:N252S	logit=-0.711
A:N54V	B:N251V	logit=-1.084
A:E100V	B:E297V	logit=-1.865
A:V102I	B:V299I	logit=-2.144

Top tied mutations (C + D view):
C:V218L	D:V491L	logit=-0.456
C:K191R	D:K464R	logit=-0.499
C:S180T	D:S453T	logit=-0.640
C:T42V	D:T315V	logit=-0.709
C:N51P	D:N324P	logit=-0.857

Top tied mutations (A + B view):
A:T18V	B:T215V	logit=-0.582
A:N55S	B:N252S	logit=-0.634
A:N54V	B:N251V	logit=-1.109
A:E100V	B:E297V	logit=-1.713
A:V102I	B:V299I	logit=-2.091

Top tied mutations (C + D view):
C:V218L	D:V491L	logit=-0.456
C:K191R	D:K464R	logit=-0.554
C:S180T	D:S453T	logit=-0.658
C:N51P	D:N324P	logit=-0.716
C:T42V	D:T315V	logit=-0.744

Top tied mutations (A + B view):
A:T18V	B:T215V	logit=-0.502
A:N55S	B:N252S	logit=-0.732
A:N54V	B:N251V	logit=-1.051
A:E100V	B:E297V	logit=-1.636
A:V102I	B:V299I	logit=-2.164

Top tied mutations (C + D view):
C:V218L	D:V491L	logit=-0.464
C:K191R	D:K464R	logit=-0.525
C:S180T	D:S453T	logit=-0.647
C:T42V	D:T315V	logit=-0.758
C:N51P	D:N324P	logit=-0.863

Top tied mutations (A + B view):
A:T18V	B:T215V	logit=-0.580
A:N55S	B:N252S	logit=-0.821
A:N54V	B:N251V	logit=-1.162
A:E100V	B:E297V	logit=-1.793
A:V102I	B:V299I	logit=-2.159

Top tied mutations (C + D view):
C:V218L	D:V491L	logit=-0.450
C:K191R	D:K464R	logit=-0.614
C:S180T	D:S453T	logit=-0.667
C:T42V	D:T315V	logit=-0.742
C:N51P	D:N324P	logit=-0.811

Top tied mutations (A + B view):
A:T18V	B:T215V	logit=-0.575
A:N55S	B:N252S	logit=-0.705
A:N54V	B:N251V	logit=-1.055
A:E100V	B:E297V	logit=-1.783
A:N54I	B:N251I	logit=-2.192

Top tied mutations (C + D view):
C:V218L	D:V491L	logit=-0.441
C:K191R	D:K464R	logit=-0.574
C:S180T	D:S453T	logit=-0.681
C:T42V	D:T315V	logit=-0.713
C:N51P	D:N324P	logit=-0.831

Top tied mutations (A + B view):
A:T18V	B:T215V	logit=-0.558
A:N55S	B:N252S	logit=-0.641
A:N54V	B:N251V	logit=-1.098
A:E100V	B:E297V	logit=-1.776
A:V102I	B:V299I	logit=-2.085

Top tied mutations (C + D view):
C:V218L	D:V491L	logit=-0.456
C:K191R	D:K464R	logit=-0.578
C:S180T	D:S453T	logit=-0.674
C:T42V	D:T315V	logit=-0.733
C:N51P	D:N324P	logit=-0.831

Top tied mutations (A + B view):
A:T18V	B:T215V	logit=-0.547
A:N55S	B:N252S	logit=-0.751
A:N54V	B:N251V	logit=-1.053
A:E100V	B:E297V	logit=-1.814
A:V102I	B:V299I	logit=-2.116

Top tied mutations (C + D view):
C:V218L	D:V491L	logit=-0.449
C:K191R	D:K464R	logit=-0.503
C:S180T	D:S453T	logit=-0.658
C:T42V	D:T315V	logit=-0.727
C:S89A	D:S362A	logit=-0.794

Top tied mutations (A + B view):
A:T18V	B:T215V	logit=-0.554
A:N55S	B:N252S	logit=-0.733
A:N54V	B:N251V	logit=-1.151
A:E100V	B:E297V	logit=-1.837
A:V102I	B:V299I	logit=-2.130

Top tied mutations (C + D view):
C:V218L	D:V491L	logit=-0.408
C:K191R	D:K464R	logit=-0.583
C:S180T	D:S453T	logit=-0.678
C:T42V	D:T315V	logit=-0.737
C:N51P	D:N324P	logit=-0.800

Top tied mutations (A + B view):
A:T18V	B:T215V	logit=-0.522
A:N55S	B:N252S	logit=-0.647
A:N54V	B:N251V	logit=-1.130
A:E100V	B:E297V	logit=-1.816
A:V102I	B:V299I	logit=-2.174

Top tied mutations (C + D view):
C:V218L	D:V491L	logit=-0.414
C:K191R	D:K464R	logit=-0.550
C:S180T	D:S453T	logit=-0.676
C:T42V	D:T315V	logit=-0.744
C:N51P	D:N324P	logit=-0.859

Top tied mutations (A + B view):
A:T18V	B:T215V	logit=-0.562
A:N55S	B:N252S	logit=-0.726
A:N54V	B:N251V	logit=-1.157
A:E100V	B:E297V	logit=-1.719
A:V102I	B:V299I	logit=-2.106

Top tied mutations (C + D view):
C:V218L	D:V491L	logit=-0.481
C:K191R	D:K464R	logit=-0.544
C:S180T	D:S453T	logit=-0.629
C:T42V	D:T315V	logit=-0.736
C:N51P	D:N324P	logit=-0.810

Top tied mutations (A + B view):
A:T18V	B:T215V	logit=-0.558
A:N55S	B:N252S	logit=-0.706
A:N54V	B:N251V	logit=-1.219
A:E100V	B:E297V	logit=-1.738
A:N57R	B:N254R	logit=-2.004

Top tied mutations (C + D view):
C:V218L	D:V491L	logit=-0.425
C:K191R	D:K464R	logit=-0.531
C:S180T	D:S453T	logit=-0.661
C:T42V	D:T315V	logit=-0.776
C:S89A	D:S362A	logit=-0.909

Top tied mutations (A + B view):
A:T18V	B:T215V	logit=-0.587
A:N55S	B:N252S	logit=-0.597
A:N54V	B:N251V	logit=-1.213
A:E100V	B:E297V	logit=-1.799
A:V102I	B:V299I	logit=-2.103

Top tied mutations (C + D view):
C:V218L	D:V491L	logit=-0.417
C:K191R	D:K464R	logit=-0.552
C:S180T	D:S453T	logit=-0.643
C:T42V	D:T315V	logit=-0.695
C:N51P	D:N324P	logit=-0.793

Top tied mutations (A + B view):
A:T18V	B:T215V	logit=-0.557
A:N55S	B:N252S	logit=-0.683
A:N54V	B:N251V	logit=-0.993
A:E100V	B:E297V	logit=-1.747
A:V102I	B:V299I	logit=-2.115

Top tied mutations (C + D view):
C:V218L	D:V491L	logit=-0.467
C:K191R	D:K464R	logit=-0.623
C:S180T	D:S453T	logit=-0.651
C:T42V	D:T315V	logit=-0.829
C:S89A	D:S362A	logit=-0.922

Top tied mutations (A + B view):
A:T18V	B:T215V	logit=-0.545
A:N55S	B:N252S	logit=-0.691
A:N54V	B:N251V	logit=-1.078
A:E100V	B:E297V	logit=-1.820
A:N54I	B:N251I	logit=-2.239

Top tied mutations (C + D view):
C:V218L	D:V491L	logit=-0.480
C:K191R	D:K464R	logit=-0.579
C:S180T	D:S453T	logit=-0.648
C:T42V	D:T315V	logit=-0.730
C:N51P	D:N324P	logit=-0.796

Top tied mutations (A + B view):
A:T18V	B:T215V	logit=-0.560
A:N55S	B:N252S	logit=-0.680
A:N54V	B:N251V	logit=-1.124
A:E100V	B:E297V	logit=-1.750
A:N57R	B:N254R	logit=-2.220

Top tied mutations (C + D view):
C:V218L	D:V491L	logit=-0.448
C:K191R	D:K464R	logit=-0.566
C:S180T	D:S453T	logit=-0.653
C:T42V	D:T315V	logit=-0.710
C:S89A	D:S362A	logit=-0.780

Top tied mutations (A + B view):
A:T18V	B:T215V	logit=-0.556
A:N55S	B:N252S	logit=-0.629
A:N54V	B:N251V	logit=-1.200
A:E100V	B:E297V	logit=-1.686
A:N57R	B:N254R	logit=-2.103

Top tied mutations (C + D view):
C:V218L	D:V491L	logit=-0.453
C:K191R	D:K464R	logit=-0.542
C:S180T	D:S453T	logit=-0.673
C:T42V	D:T315V	logit=-0.773
C:N51P	D:N324P	logit=-0.869

Top tied mutations (A + B view):
A:T18V	B:T215V	logit=-0.629
A:N55S	B:N252S	logit=-0.711
A:N54V	B:N251V	logit=-0.993
A:E100V	B:E297V	logit=-1.755
A:V102I	B:V299I	logit=-2.149

Top tied mutations (C + D view):
C:V218L	D:V491L	logit=-0.480
C:K191R	D:K464R	logit=-0.512
C:S180T	D:S453T	logit=-0.645
C:T42V	D:T315V	logit=-0.731
C:N51P	D:N324P	logit=-0.777

Top tied mutations (A + B view):
A:T18V	B:T215V	logit=-0.525
A:N55S	B:N252S	logit=-0.688
A:N54V	B:N251V	logit=-1.039
A:E100V	B:E297V	logit=-1.816
A:V102I	B:V299I	logit=-2.153

Top tied mutations (C + D view):
C:V218L	D:V491L	logit=-0.489
C:K191R	D:K464R	logit=-0.554
C:S180T	D:S453T	logit=-0.671
C:T42V	D:T315V	logit=-0.755
C:N51P	D:N324P	logit=-0.776

Top tied mutations (A + B view):
A:T18V	B:T215V	logit=-0.560
A:N55S	B:N252S	logit=-0.721
A:N54V	B:N251V	logit=-1.089
A:E100V	B:E297V	logit=-1.911
A:V102I	B:V299I	logit=-2.087

Top tied mutations (C + D view):
C:V218L	D:V491L	logit=-0.491
C:K191R	D:K464R	logit=-0.560
C:S180T	D:S453T	logit=-0.633
C:N51P	D:N324P	logit=-0.761
C:T42V	D:T315V	logit=-0.809

Top tied mutations (A + B view):
A:T18V	B:T215V	logit=-0.521
A:N55S	B:N252S	logit=-0.681
A:N54V	B:N251V	logit=-1.152
A:E100V	B:E297V	logit=-1.753
A:V102I	B:V299I	logit=-2.213

Top tied mutations (C + D view):
C:V218L	D:V491L	logit=-0.433
C:K191R	D:K464R	logit=-0.528
C:S180T	D:S453T	logit=-0.653
C:T42V	D:T315V	logit=-0.739
C:N51P	D:N324P	logit=-0.762

Top tied mutations (A + B view):
A:T18V	B:T215V	logit=-0.512
A:N55S	B:N252S	logit=-0.725
A:N54V	B:N251V	logit=-1.200
A:E100V	B:E297V	logit=-1.796
A:V102I	B:V299I	logit=-2.101

Top tied mutations (C + D view):
C:V218L	D:V491L	logit=-0.451
C:K191R	D:K464R	logit=-0.496
C:S180T	D:S453T	logit=-0.676
C:T42V	D:T315V	logit=-0.804
C:N51P	D:N324P	logit=-0.844

Top tied mutations (A + B view):
A:T18V	B:T215V	logit=-0.559
A:N55S	B:N252S	logit=-0.729
A:N54V	B:N251V	logit=-1.303
A:E100V	B:E297V	logit=-1.830
A:V102I	B:V299I	logit=-2.133

Top tied mutations (C + D view):
C:V218L	D:V491L	logit=-0.462
C:K191R	D:K464R	logit=-0.603
C:S180T	D:S453T	logit=-0.667
C:T42V	D:T315V	logit=-0.740
C:S89A	D:S362A	logit=-0.913

Top tied mutations (A + B view):
A:T18V	B:T215V	logit=-0.570
A:N55S	B:N252S	logit=-0.654
A:N54V	B:N251V	logit=-1.110
A:E100V	B:E297V	logit=-1.820
A:V102I	B:V299I	logit=-2.149

Top tied mutations (C + D view):
C:V218L	D:V491L	logit=-0.419
C:K191R	D:K464R	logit=-0.576
C:S180T	D:S453T	logit=-0.656
C:T42V	D:T315V	logit=-0.750
C:N51P	D:N324P	logit=-0.786

Top tied mutations (A + B view):
A:T18V	B:T215V	logit=-0.557
A:N55S	B:N252S	logit=-0.712
A:N54V	B:N251V	logit=-1.158
A:E100V	B:E297V	logit=-1.708
A:N54I	B:N251I	logit=-2.142

Top tied mutations (C + D view):
C:V218L	D:V491L	logit=-0.416
C:K191R	D:K464R	logit=-0.503
C:S180T	D:S453T	logit=-0.663
C:T42V	D:T315V	logit=-0.770
C:N51P	D:N324P	logit=-0.918

Top tied mutations (A + B view):
A:T18V	B:T215V	logit=-0.523
A:N55S	B:N252S	logit=-0.681
A:N54V	B:N251V	logit=-1.330
A:E100V	B:E297V	logit=-1.726
A:N57R	B:N254R	logit=-2.142

Top tied mutations (C + D view):
C:V218L	D:V491L	logit=-0.482
C:K191R	D:K464R	logit=-0.576
C:S180T	D:S453T	logit=-0.653
C:T42V	D:T315V	logit=-0.742
C:N51P	D:N324P	logit=-0.771

Top tied mutations (A + B view):
A:T18V	B:T215V	logit=-0.575
A:N55S	B:N252S	logit=-0.622
A:N54V	B:N251V	logit=-1.077
A:E100V	B:E297V	logit=-1.853
A:N57R	B:N254R	logit=-2.125

Top tied mutations (C + D view):
C:V218L	D:V491L	logit=-0.481
C:K191R	D:K464R	logit=-0.557
C:S180T	D:S453T	logit=-0.655
C:T42V	D:T315V	logit=-0.739
C:N51P	D:N324P	logit=-0.844

Top tied mutations (A + B view):
A:T18V	B:T215V	logit=-0.581
A:N55S	B:N252S	logit=-0.685
A:N54V	B:N251V	logit=-1.197
A:E100V	B:E297V	logit=-1.677
A:V102I	B:V299I	logit=-2.182

Top tied mutations (C + D view):
C:V218L	D:V491L	logit=-0.424
C:K191R	D:K464R	logit=-0.632
C:S180T	D:S453T	logit=-0.639
C:T42V	D:T315V	logit=-0.753
C:N51P	D:N324P	logit=-0.900

Top tied mutations (A + B view):
A:T18V	B:T215V	logit=-0.564
A:N55S	B:N252S	logit=-0.753
A:N54V	B:N251V	logit=-1.198
A:E100V	B:E297V	logit=-1.759
A:N57R	B:N254R	logit=-2.117

Top tied mutations (C + D view):
C:V218L	D:V491L	logit=-0.466
C:K191R	D:K464R	logit=-0.573
C:S180T	D:S453T	logit=-0.673
C:T42V	D:T315V	logit=-0.709
C:N51P	D:N324P	logit=-0.898

Top tied mutations (A + B view):
A:T18V	B:T215V	logit=-0.555
A:N55S	B:N252S	logit=-0.705
A:N54V	B:N251V	logit=-1.210
A:E100V	B:E297V	logit=-1.761
A:V102I	B:V299I	logit=-2.145

Top tied mutations (C + D view):
C:V218L	D:V491L	logit=-0.427
C:K191R	D:K464R	logit=-0.538
C:S180T	D:S453T	logit=-0.656
C:T42V	D:T315V	logit=-0.708
C:N51P	D:N324P	logit=-0.910

Top tied mutations (A + B view):
A:T18V	B:T215V	logit=-0.616
A:N55S	B:N252S	logit=-0.685
A:N54V	B:N251V	logit=-1.104
A:E100V	B:E297V	logit=-1.817
A:V102I	B:V299I	logit=-2.155

Top tied mutations (C + D view):
C:V218L	D:V491L	logit=-0.411
C:K191R	D:K464R	logit=-0.496
C:S180T	D:S453T	logit=-0.625
C:T42V	D:T315V	logit=-0.730
C:N51P	D:N324P	logit=-0.783

Top tied mutations (A + B view):
A:T18V	B:T215V	logit=-0.546
A:N55S	B:N252S	logit=-0.692
A:N54V	B:N251V	logit=-1.083
A:E100V	B:E297V	logit=-1.769
A:V102I	B:V299I	logit=-2.169

Top tied mutations (C + D view):
C:V218L	D:V491L	logit=-0.466
C:K191R	D:K464R	logit=-0.555
C:S180T	D:S453T	logit=-0.653
C:T42V	D:T315V	logit=-0.723
C:N51P	D:N324P	logit=-0.774

Top tied mutations (A + B view):
A:T18V	B:T215V	logit=-0.525
A:N55S	B:N252S	logit=-0.685
A:N54V	B:N251V	logit=-1.209
A:E100V	B:E297V	logit=-1.878
A:V102I	B:V299I	logit=-2.223

Top tied mutations (C + D view):
C:V218L	D:V491L	logit=-0.453
C:K191R	D:K464R	logit=-0.572
C:S180T	D:S453T	logit=-0.663
C:T42V	D:T315V	logit=-0.732
C:N51P	D:N324P	logit=-0.775

Top tied mutations (A + B view):
A:T18V	B:T215V	logit=-0.564
A:N55S	B:N252S	logit=-0.788
A:N54V	B:N251V	logit=-1.102
A:E100V	B:E297V	logit=-1.732
A:N54I	B:N251I	logit=-2.014

Top tied mutations (C + D view):
C:V218L	D:V491L	logit=-0.439
C:K191R	D:K464R	logit=-0.510
C:S180T	D:S453T	logit=-0.630
C:T42V	D:T315V	logit=-0.743
C:N51P	D:N324P	logit=-0.877

Top tied mutations (A + B view):
A:T18V	B:T215V	logit=-0.573
A:N55S	B:N252S	logit=-0.717
A:N54V	B:N251V	logit=-1.027
A:E100V	B:E297V	logit=-1.848
A:V102I	B:V299I	logit=-2.116

Top tied mutations (C + D view):
C:V218L	D:V491L	logit=-0.431
C:K191R	D:K464R	logit=-0.590
C:S180T	D:S453T	logit=-0.660
C:T42V	D:T315V	logit=-0.728
C:N51P	D:N324P	logit=-0.826

Top tied mutations (A + B view):
A:T18V	B:T215V	logit=-0.483
A:N55S	B:N252S	logit=-0.699
A:N54V	B:N251V	logit=-1.099
A:E100V	B:E297V	logit=-1.934
A:V102I	B:V299I	logit=-2.099

Top tied mutations (C + D view):
C:K191R	D:K464R	logit=-0.486
C:V218L	D:V491L	logit=-0.487
C:S180T	D:S453T	logit=-0.666
C:T42V	D:T315V	logit=-0.725
C:S89A	D:S362A	logit=-0.886

Top tied mutations (A + B view):
A:T18V	B:T215V	logit=-0.574
A:N55S	B:N252S	logit=-0.696
A:N54V	B:N251V	logit=-0.991
A:E100V	B:E297V	logit=-1.781
A:V102I	B:V299I	logit=-2.224

Top tied mutations (C + D view):
C:V218L	D:V491L	logit=-0.427
C:K191R	D:K464R	logit=-0.571
C:S180T	D:S453T	logit=-0.642
C:T42V	D:T315V	logit=-0.784
C:N51P	D:N324P	logit=-0.884

Top tied mutations (A + B view):
A:N55S	B:N252S	logit=-0.615
A:T18V	B:T215V	logit=-0.630
A:N54V	B:N251V	logit=-1.219
A:E100V	B:E297V	logit=-1.877
A:V102I	B:V299I	logit=-2.135

Top tied mutations (C + D view):
C:V218L	D:V491L	logit=-0.461
C:K191R	D:K464R	logit=-0.593
C:S180T	D:S453T	logit=-0.652
C:T42V	D:T315V	logit=-0.772
C:N51P	D:N324P	logit=-0.785

Top tied mutations (A + B view):
A:T18V	B:T215V	logit=-0.492
A:N55S	B:N252S	logit=-0.704
A:N54V	B:N251V	logit=-1.154
A:E100V	B:E297V	logit=-1.772
A:N54I	B:N251I	logit=-2.157

Top tied mutations (C + D view):
C:V218L	D:V491L	logit=-0.457
C:K191R	D:K464R	logit=-0.533
C:S180T	D:S453T	logit=-0.667
C:T42V	D:T315V	logit=-0.736
C:N51P	D:N324P	logit=-0.877

Top tied mutations (A + B view):
A:T18V	B:T215V	logit=-0.583
A:N55S	B:N252S	logit=-0.693
A:N54V	B:N251V	logit=-1.083
A:E100V	B:E297V	logit=-1.834
A:N54I	B:N251I	logit=-2.126

Top tied mutations (C + D view):
C:V218L	D:V491L	logit=-0.462
C:K191R	D:K464R	logit=-0.499
C:S180T	D:S453T	logit=-0.663
C:T42V	D:T315V	logit=-0.702
C:N51P	D:N324P	logit=-0.850

Top tied mutations (A + B view):
A:T18V	B:T215V	logit=-0.581
A:N55S	B:N252S	logit=-0.774
A:N54V	B:N251V	logit=-1.171
A:E100V	B:E297V	logit=-1.770
A:N54I	B:N251I	logit=-2.068

Top tied mutations (C + D view):
C:V218L	D:V491L	logit=-0.424
C:K191R	D:K464R	logit=-0.560
C:S180T	D:S453T	logit=-0.674
C:T42V	D:T315V	logit=-0.750
C:N51P	D:N324P	logit=-0.892

Top tied mutations (A + B view):
A:T18V	B:T215V	logit=-0.599
A:N55S	B:N252S	logit=-0.695
A:N54V	B:N251V	logit=-1.211
A:E100V	B:E297V	logit=-1.801
A:V102I	B:V299I	logit=-2.119

Top tied mutations (C + D view):
C:V218L	D:V491L	logit=-0.459
C:K191R	D:K464R	logit=-0.578
C:S180T	D:S453T	logit=-0.658
C:N51P	D:N324P	logit=-0.792
C:T42V	D:T315V	logit=-0.803

Top tied mutations (A + B view):
A:T18V	B:T215V	logit=-0.529
A:N55S	B:N252S	logit=-0.699
A:N54V	B:N251V	logit=-1.237
A:E100V	B:E297V	logit=-1.727
A:V102I	B:V299I	logit=-2.194

Top tied mutations (C + D view):
C:V218L	D:V491L	logit=-0.478
C:K191R	D:K464R	logit=-0.557
C:S180T	D:S453T	logit=-0.658
C:T42V	D:T315V	logit=-0.736
C:N51P	D:N324P	logit=-0.764

Top tied mutations (A + B view):
A:T18V	B:T215V	logit=-0.561
A:N55S	B:N252S	logit=-0.775
A:N54V	B:N251V	logit=-1.167
A:E100V	B:E297V	logit=-1.777
A:V102I	B:V299I	logit=-2.068

Top tied mutations (C + D view):
C:V218L	D:V491L	logit=-0.463
C:K191R	D:K464R	logit=-0.573
C:S180T	D:S453T	logit=-0.656
C:T42V	D:T315V	logit=-0.713
C:N51P	D:N324P	logit=-0.857

Top tied mutations (A + B view):
A:T18V	B:T215V	logit=-0.552
A:N55S	B:N252S	logit=-0.729
A:N54V	B:N251V	logit=-1.210
A:E100V	B:E297V	logit=-1.760
A:V102I	B:V299I	logit=-2.198

Top tied mutations (C + D view):
C:V218L	D:V491L	logit=-0.492
C:K191R	D:K464R	logit=-0.599
C:S180T	D:S453T	logit=-0.679
C:T42V	D:T315V	logit=-0.717
C:S89A	D:S362A	logit=-0.878

Top tied mutations (A + B view):
A:T18V	B:T215V	logit=-0.496
A:N55S	B:N252S	logit=-0.700
A:N54V	B:N251V	logit=-1.032
A:E100V	B:E297V	logit=-1.738
A:V102I	B:V299I	logit=-2.182

Top tied mutations (C + D view):
C:V218L	D:V491L	logit=-0.454
C:K191R	D:K464R	logit=-0.558
C:S180T	D:S453T	logit=-0.669
C:T42V	D:T315V	logit=-0.734
C:N51P	D:N324P	logit=-0.753

Top tied mutations (A + B view):
A:T18V	B:T215V	logit=-0.582
A:N55S	B:N252S	logit=-0.712
A:N54V	B:N251V	logit=-1.126
A:E100V	B:E297V	logit=-1.867
A:N57R	B:N254R	logit=-2.107

Top tied mutations (C + D view):
C:V218L	D:V491L	logit=-0.416
C:K191R	D:K464R	logit=-0.572
C:S180T	D:S453T	logit=-0.647
C:N51P	D:N324P	logit=-0.705
C:T42V	D:T315V	logit=-0.732

Top tied mutations (A + B view):
A:T18V	B:T215V	logit=-0.536
A:N55S	B:N252S	logit=-0.688
A:N54V	B:N251V	logit=-1.092
A:E100V	B:E297V	logit=-1.704
A:V102I	B:V299I	logit=-2.153

Top tied mutations (C + D view):
C:V218L	D:V491L	logit=-0.462
C:K191R	D:K464R	logit=-0.502
C:S180T	D:S453T	logit=-0.680
C:T42V	D:T315V	logit=-0.707
C:N51P	D:N324P	logit=-0.783

Top tied mutations (A + B view):
A:T18V	B:T215V	logit=-0.484
A:N55S	B:N252S	logit=-0.700
A:N54V	B:N251V	logit=-1.056
A:E100V	B:E297V	logit=-1.818
A:N57R	B:N254R	logit=-1.977

Top tied mutations (C + D view):
C:V218L	D:V491L	logit=-0.493
C:K191R	D:K464R	logit=-0.507
C:S180T	D:S453T	logit=-0.622
C:T42V	D:T315V	logit=-0.760
C:N51P	D:N324P	logit=-0.790

Top tied mutations (A + B view):
A:T18V	B:T215V	logit=-0.523
A:N55S	B:N252S	logit=-0.707
A:N54V	B:N251V	logit=-1.113
A:E100V	B:E297V	logit=-1.853
A:V102I	B:V299I	logit=-2.189

Top tied mutations (C + D view):
C:V218L	D:V491L	logit=-0.420
C:K191R	D:K464R	logit=-0.543
C:S180T	D:S453T	logit=-0.654
C:T42V	D:T315V	logit=-0.772
C:N51P	D:N324P	logit=-0.794

Top tied mutations (A + B view):
A:T18V	B:T215V	logit=-0.564
A:N55S	B:N252S	logit=-0.731
A:N54V	B:N251V	logit=-1.138
A:E100V	B:E297V	logit=-1.802
A:V102I	B:V299I	logit=-2.129

Top tied mutations (C + D view):
C:V218L	D:V491L	logit=-0.491
C:K191R	D:K464R	logit=-0.575
C:S180T	D:S453T	logit=-0.656
C:T42V	D:T315V	logit=-0.755
C:N51P	D:N324P	logit=-0.810

Top tied mutations (A + B view):
A:T18V	B:T215V	logit=-0.563
A:N55S	B:N252S	logit=-0.685
A:N54V	B:N251V	logit=-0.989
A:E100V	B:E297V	logit=-1.779
A:R61K	B:R258K	logit=-2.089

Top tied mutations (C + D view):
C:V218L	D:V491L	logit=-0.416
C:K191R	D:K464R	logit=-0.551
C:S180T	D:S453T	logit=-0.649
C:T42V	D:T315V	logit=-0.757
C:N51P	D:N324P	logit=-0.853

Top tied mutations (A + B view):
A:T18V	B:T215V	logit=-0.588
A:N55S	B:N252S	logit=-0.635
A:N54V	B:N251V	logit=-1.222
A:E100V	B:E297V	logit=-1.822
A:V102I	B:V299I	logit=-2.166

Top tied mutations (C + D view):
C:V218L	D:V491L	logit=-0.487
C:K191R	D:K464R	logit=-0.530
C:S180T	D:S453T	logit=-0.660
C:T42V	D:T315V	logit=-0.709
C:A168P	D:A441P	logit=-0.945

Top tied mutations (A + B view):
A:T18V	B:T215V	logit=-0.509
A:N55S	B:N252S	logit=-0.748
A:N54V	B:N251V	logit=-1.094
A:E100V	B:E297V	logit=-1.816
A:V102I	B:V299I	logit=-2.100

Top tied mutations (C + D view):
C:V218L	D:V491L	logit=-0.462
C:K191R	D:K464R	logit=-0.580
C:S180T	D:S453T	logit=-0.664
C:T42V	D:T315V	logit=-0.699
C:N51P	D:N324P	logit=-0.839

Top tied mutations (A + B view):
A:T18V	B:T215V	logit=-0.542
A:N55S	B:N252S	logit=-0.689
A:N54V	B:N251V	logit=-1.241
A:E100V	B:E297V	logit=-1.846
A:V102I	B:V299I	logit=-2.139

Top tied mutations (C + D view):
C:V218L	D:V491L	logit=-0.422
C:K191R	D:K464R	logit=-0.600
C:S180T	D:S453T	logit=-0.677
C:T42V	D:T315V	logit=-0.750
C:N51P	D:N324P	logit=-0.790

Top tied mutations (A + B view):
A:T18V	B:T215V	logit=-0.507
A:N55S	B:N252S	logit=-0.709
A:N54V	B:N251V	logit=-1.241
A:E100V	B:E297V	logit=-1.925
A:V102I	B:V299I	logit=-2.128

Top tied mutations (C + D view):
C:V218L	D:V491L	logit=-0.448
C:K191R	D:K464R	logit=-0.632
C:S180T	D:S453T	logit=-0.672
C:T42V	D:T315V	logit=-0.690
C:S89A	D:S362A	logit=-0.894

Top tied mutations (A + B view):
A:T18V	B:T215V	logit=-0.552
A:N55S	B:N252S	logit=-0.675
A:N54V	B:N251V	logit=-1.053
A:E100V	B:E297V	logit=-1.866
A:V102I	B:V299I	logit=-2.097

Top tied mutations (C + D view):
C:V218L	D:V491L	logit=-0.492
C:K191R	D:K464R	logit=-0.515
C:S180T	D:S453T	logit=-0.661
C:T42V	D:T315V	logit=-0.751
C:N51P	D:N324P	logit=-0.776

Top tied mutations (A + B view):
A:T18V	B:T215V	logit=-0.525
A:N55S	B:N252S	logit=-0.675
A:N54V	B:N251V	logit=-1.036
A:E100V	B:E297V	logit=-1.791
A:V102I	B:V299I	logit=-2.206

Top tied mutations (C + D view):
C:V218L	D:V491L	logit=-0.421
C:K191R	D:K464R	logit=-0.528
C:T42V	D:T315V	logit=-0.653
C:S180T	D:S453T	logit=-0.669
C:N51P	D:N324P	logit=-0.762

Top tied mutations (A + B view):
A:T18V	B:T215V	logit=-0.543
A:N55S	B:N252S	logit=-0.722
A:N54V	B:N251V	logit=-1.151
A:E100V	B:E297V	logit=-1.839
A:V102I	B:V299I	logit=-2.190

Top tied mutations (C + D view):
C:V218L	D:V491L	logit=-0.459
C:K191R	D:K464R	logit=-0.544
C:S180T	D:S453T	logit=-0.688
C:T42V	D:T315V	logit=-0.705
C:N51P	D:N324P	logit=-0.787

Top tied mutations (A + B view):
A:T18V	B:T215V	logit=-0.541
A:N55S	B:N252S	logit=-0.730
A:N54V	B:N251V	logit=-1.216
A:E100V	B:E297V	logit=-1.813
A:V102I	B:V299I	logit=-2.078

Top tied mutations (C + D view):
C:V218L	D:V491L	logit=-0.457
C:K191R	D:K464R	logit=-0.574
C:S180T	D:S453T	logit=-0.669
C:T42V	D:T315V	logit=-0.698
C:N51P	D:N324P	logit=-0.783

Top tied mutations (A + B view):
A:T18V	B:T215V	logit=-0.566
A:N55S	B:N252S	logit=-0.748
A:N54V	B:N251V	logit=-1.157
A:E100V	B:E297V	logit=-1.695
A:V102I	B:V299I	logit=-2.086

Top tied mutations (C + D view):
C:V218L	D:V491L	logit=-0.454
C:K191R	D:K464R	logit=-0.596
C:S180T	D:S453T	logit=-0.685
C:T42V	D:T315V	logit=-0.693
C:N51P	D:N324P	logit=-0.795

Top tied mutations (A + B view):
A:T18V	B:T215V	logit=-0.627
A:N55S	B:N252S	logit=-0.645
A:N54V	B:N251V	logit=-1.136
A:E100V	B:E297V	logit=-1.749
A:V102I	B:V299I	logit=-2.185

Top tied mutations (C + D view):
C:V218L	D:V491L	logit=-0.475
C:K191R	D:K464R	logit=-0.632
C:S180T	D:S453T	logit=-0.663
C:T42V	D:T315V	logit=-0.713
C:N51P	D:N324P	logit=-0.752

Top tied mutations (A + B view):
A:T18V	B:T215V	logit=-0.524
A:N55S	B:N252S	logit=-0.677
A:N54V	B:N251V	logit=-1.229
A:E100V	B:E297V	logit=-1.629
A:N57R	B:N254R	logit=-2.071

Top tied mutations (C + D view):
C:V218L	D:V491L	logit=-0.426
C:K191R	D:K464R	logit=-0.562
C:S180T	D:S453T	logit=-0.660
C:T42V	D:T315V	logit=-0.769
C:N51P	D:N324P	logit=-0.777

Top tied mutations (A + B view):
A:T18V	B:T215V	logit=-0.525
A:N55S	B:N252S	logit=-0.661
A:N54V	B:N251V	logit=-0.973
A:E100V	B:E297V	logit=-1.907
A:R61K	B:R258K	logit=-2.107

Top tied mutations (C + D view):
C:V218L	D:V491L	logit=-0.478
C:K191R	D:K464R	logit=-0.614
C:S180T	D:S453T	logit=-0.674
C:T42V	D:T315V	logit=-0.695
C:N51P	D:N324P	logit=-0.824

Top tied mutations (A + B view):
A:T18V	B:T215V	logit=-0.565
A:N55S	B:N252S	logit=-0.729
A:N54V	B:N251V	logit=-1.060
A:E100V	B:E297V	logit=-1.705
A:V102I	B:V299I	logit=-2.163

Top tied mutations (C + D view):
C:V218L	D:V491L	logit=-0.445
C:K191R	D:K464R	logit=-0.605
C:S180T	D:S453T	logit=-0.664
C:N51P	D:N324P	logit=-0.729
C:T42V	D:T315V	logit=-0.770

Top tied mutations (A + B view):
A:T18V	B:T215V	logit=-0.499
A:N55S	B:N252S	logit=-0.778
A:N54V	B:N251V	logit=-1.164
A:E100V	B:E297V	logit=-1.753
A:N57R	B:N254R	logit=-2.046

Top tied mutations (C + D view):
C:V218L	D:V491L	logit=-0.453
C:K191R	D:K464R	logit=-0.510
C:S180T	D:S453T	logit=-0.655
C:T42V	D:T315V	logit=-0.771
C:N51P	D:N324P	logit=-0.772

Top tied mutations (A + B view):
A:T18V	B:T215V	logit=-0.497
A:N55S	B:N252S	logit=-0.755
A:N54V	B:N251V	logit=-1.117
A:E100V	B:E297V	logit=-1.835
A:V102I	B:V299I	logit=-2.044

Top tied mutations (C + D view):
C:V218L	D:V491L	logit=-0.414
C:K191R	D:K464R	logit=-0.547
C:S180T	D:S453T	logit=-0.656
C:T42V	D:T315V	logit=-0.741
C:N51P	D:N324P	logit=-0.812

Top tied mutations (A + B view):
A:T18V	B:T215V	logit=-0.475
A:N55S	B:N252S	logit=-0.744
A:N54V	B:N251V	logit=-1.149
A:E100V	B:E297V	logit=-1.710
A:V102I	B:V299I	logit=-2.116

Top tied mutations (C + D view):
C:V218L	D:V491L	logit=-0.459
C:K191R	D:K464R	logit=-0.527
C:S180T	D:S453T	logit=-0.642
C:N51P	D:N324P	logit=-0.775
C:T42V	D:T315V	logit=-0.779

Top tied mutations (A + B view):
A:T18V	B:T215V	logit=-0.620
A:N55S	B:N252S	logit=-0.729
A:N54V	B:N251V	logit=-1.205
A:E100V	B:E297V	logit=-1.832
A:N57R	B:N254R	logit=-2.187

Top tied mutations (C + D view):
C:V218L	D:V491L	logit=-0.496
C:K191R	D:K464R	logit=-0.640
C:S180T	D:S453T	logit=-0.677
C:T42V	D:T315V	logit=-0.776
C:N51P	D:N324P	logit=-0.869

Top tied mutations (A + B view):
A:T18V	B:T215V	logit=-0.605
A:N55S	B:N252S	logit=-0.754
A:N54V	B:N251V	logit=-1.105
A:E100V	B:E297V	logit=-1.671
A:V102I	B:V299I	logit=-2.049

Top tied mutations (C + D view):
C:V218L	D:V491L	logit=-0.514
C:K191R	D:K464R	logit=-0.621
C:S180T	D:S453T	logit=-0.665
C:T42V	D:T315V	logit=-0.700
C:N51P	D:N324P	logit=-0.771

Top tied mutations (A + B view):
A:T18V	B:T215V	logit=-0.505
A:N55S	B:N252S	logit=-0.677
A:N54V	B:N251V	logit=-1.072
A:E100V	B:E297V	logit=-1.702
A:V58T	B:V255T	logit=-2.185

Top tied mutations (C + D view):
C:V218L	D:V491L	logit=-0.473
C:K191R	D:K464R	logit=-0.501
C:S180T	D:S453T	logit=-0.643
C:T42V	D:T315V	logit=-0.768
C:S89A	D:S362A	logit=-0.867

Top tied mutations (A + B view):
A:T18V	B:T215V	logit=-0.558
A:N55S	B:N252S	logit=-0.651
A:N54V	B:N251V	logit=-1.136
A:E100V	B:E297V	logit=-1.759
A:V102I	B:V299I	logit=-2.237

Top tied mutations (C + D view):
C:V218L	D:V491L	logit=-0.468
C:K191R	D:K464R	logit=-0.568
C:S180T	D:S453T	logit=-0.668
C:T42V	D:T315V	logit=-0.784
C:A168P	D:A441P	logit=-0.901

Top tied mutations (A + B view):
A:T18V	B:T215V	logit=-0.562
A:N55S	B:N252S	logit=-0.676
A:N54V	B:N251V	logit=-1.211
A:E100V	B:E297V	logit=-1.801
A:V102I	B:V299I	logit=-2.196

Top tied mutations (C + D view):
C:V218L	D:V491L	logit=-0.405
C:K191R	D:K464R	logit=-0.564
C:S180T	D:S453T	logit=-0.651
C:T42V	D:T315V	logit=-0.681
C:N51P	D:N324P	logit=-0.786

Top tied mutations (A + B view):
A:T18V	B:T215V	logit=-0.512
A:N55S	B:N252S	logit=-0.644
A:N54V	B:N251V	logit=-1.169
A:E100V	B:E297V	logit=-1.695
A:N57R	B:N254R	logit=-2.118

Top tied mutations (C + D view):
C:V218L	D:V491L	logit=-0.476
C:K191R	D:K464R	logit=-0.585
C:S180T	D:S453T	logit=-0.647
C:T42V	D:T315V	logit=-0.736
C:S89A	D:S362A	logit=-0.873

Top tied mutations (A + B view):
A:T18V	B:T215V	logit=-0.538
A:N55S	B:N252S	logit=-0.662
A:N54V	B:N251V	logit=-1.192
A:E100V	B:E297V	logit=-1.834
A:V102I	B:V299I	logit=-2.131

Top tied mutations (C + D view):
C:V218L	D:V491L	logit=-0.433
C:K191R	D:K464R	logit=-0.540
C:S180T	D:S453T	logit=-0.651
C:T42V	D:T315V	logit=-0.716
C:N51P	D:N324P	logit=-0.799

Top tied mutations (A + B view):
A:T18V	B:T215V	logit=-0.612
A:N55S	B:N252S	logit=-0.706
A:N54V	B:N251V	logit=-1.110
A:E100V	B:E297V	logit=-1.824
A:N54I	B:N251I	logit=-2.069

Top tied mutations (C + D view):
C:V218L	D:V491L	logit=-0.491
C:K191R	D:K464R	logit=-0.596
C:S180T	D:S453T	logit=-0.623
C:T42V	D:T315V	logit=-0.700
C:N51P	D:N324P	logit=-0.920

Top tied mutations (A + B view):
A:T18V	B:T215V	logit=-0.576
A:N55S	B:N252S	logit=-0.686
A:N54V	B:N251V	logit=-1.140
A:E100V	B:E297V	logit=-1.806
A:V102I	B:V299I	logit=-2.141

Top tied mutations (C + D view):
C:V218L	D:V491L	logit=-0.490
C:K191R	D:K464R	logit=-0.594
C:S180T	D:S453T	logit=-0.621
C:T42V	D:T315V	logit=-0.722
C:S89A	D:S362A	logit=-0.855

Top tied mutations (A + B view):
A:T18V	B:T215V	logit=-0.469
A:N55S	B:N252S	logit=-0.746
A:N54V	B:N251V	logit=-1.185
A:E100V	B:E297V	logit=-1.738
A:V102I	B:V299I	logit=-2.172

Top tied mutations (C + D view):
C:V218L	D:V491L	logit=-0.453
C:K191R	D:K464R	logit=-0.567
C:S180T	D:S453T	logit=-0.676
C:T42V	D:T315V	logit=-0.714
C:N51P	D:N324P	logit=-0.834

Top tied mutations (A + B view):
A:T18V	B:T215V	logit=-0.536
A:N55S	B:N252S	logit=-0.734
A:N54V	B:N251V	logit=-1.037
A:E100V	B:E297V	logit=-1.865
A:V102I	B:V299I	logit=-2.137

Top tied mutations (C + D view):
C:V218L	D:V491L	logit=-0.432
C:K191R	D:K464R	logit=-0.629
C:S180T	D:S453T	logit=-0.646
C:T42V	D:T315V	logit=-0.741
C:N51P	D:N324P	logit=-0.876

Top tied mutations (A + B view):
A:T18V	B:T215V	logit=-0.569
A:N55S	B:N252S	logit=-0.687
A:N54V	B:N251V	logit=-1.034
A:E100V	B:E297V	logit=-1.779
A:N54I	B:N251I	logit=-2.164

Top tied mutations (C + D view):
C:V218L	D:V491L	logit=-0.437
C:K191R	D:K464R	logit=-0.575
C:S180T	D:S453T	logit=-0.631
C:T42V	D:T315V	logit=-0.746
C:N51P	D:N324P	logit=-0.866

Top tied mutations (A + B view):
A:T18V	B:T215V	logit=-0.578
A:N55S	B:N252S	logit=-0.738
A:N54V	B:N251V	logit=-1.234
A:E100V	B:E297V	logit=-1.719
A:N57R	B:N254R	logit=-2.241

Top tied mutations (C + D view):
C:V218L	D:V491L	logit=-0.423
C:K191R	D:K464R	logit=-0.580
C:S180T	D:S453T	logit=-0.650
C:T42V	D:T315V	logit=-0.802
C:S89A	D:S362A	logit=-0.905

Top tied mutations (A + B view):
A:T18V	B:T215V	logit=-0.553
A:N55S	B:N252S	logit=-0.676
A:N54V	B:N251V	logit=-0.977
A:E100V	B:E297V	logit=-1.906
A:V102I	B:V299I	logit=-2.193

Top tied mutations (C + D view):
C:V218L	D:V491L	logit=-0.420
C:K191R	D:K464R	logit=-0.561
C:S180T	D:S453T	logit=-0.623
C:N51P	D:N324P	logit=-0.693
C:T42V	D:T315V	logit=-0.698

Top tied mutations (A + B view):
A:T18V	B:T215V	logit=-0.568
A:N55S	B:N252S	logit=-0.670
A:N54V	B:N251V	logit=-1.031
A:E100V	B:E297V	logit=-1.737
A:N54I	B:N251I	logit=-2.131

Top tied mutations (C + D view):
C:V218L	D:V491L	logit=-0.425
C:K191R	D:K464R	logit=-0.562
C:S180T	D:S453T	logit=-0.648
C:T42V	D:T315V	logit=-0.731
C:N51P	D:N324P	logit=-0.844
Counter({'A:T18V': 1000, 'A:N55S': 1000, 'A:N54V': 1000, 'A:E100V': 1000, 'A:V102I': 626, 'A:N54I': 160, 'A:N57R': 147, 'A:R61K': 38, 'A:V58T': 17, 'A:R61V': 12})
Counter({'C:V218L': 1000, 'C:K191R': 1000, 'C:S180T': 1000, 'C:T42V': 1000, 'C:N51P': 785, 'C:S89A': 179, 'C:N219S': 14, 'C:A168P': 13, 'C:S72G': 8, 'C:H175P': 1})
