/home/zhuggan1/scr4_jgray21/zhuggan1/miniconda3/envs/mpnn/bin/python
Torch loaded: 2.1.1+cu118
----------------------------------------
pssm_jsonl is NOT loaded
----------------------------------------
omit_AA_jsonl is NOT loaded
----------------------------------------
bias_AA_jsonl is NOT loaded
----------------------------------------
bias by residue dictionary is not loaded, or not provided
----------------------------------------
discarded {'bad_chars': 0, 'too_long': 0, 'bad_seq_length': 0}
----------------------------------------
Number of edges: 48
Training noise level: 0.2A
Calculating conditional probabilities for merged_tetramer_ignorechain

Top tied mutations (A + B view):
A:N55S	B:N252S	logit=-0.217
A:T18V	B:T215V	logit=-0.236
A:N54V	B:N251V	logit=-0.331
A:E100V	B:E297V	logit=-0.787
A:N54I	B:N251I	logit=-0.804

Top tied mutations (C + D view):
C:V218L	D:V491L	logit=-0.488
C:K191R	D:K464R	logit=-0.574
C:S180T	D:S453T	logit=-0.684
C:T42V	D:T315V	logit=-0.696
C:A168P	D:A441P	logit=-0.885

Top tied mutations (A + B view):
A:T18V	B:T215V	logit=-0.282
A:N55S	B:N252S	logit=-0.320
A:N54V	B:N251V	logit=-0.434
A:N57R	B:N254R	logit=-0.772
A:E100V	B:E297V	logit=-0.831

Top tied mutations (C + D view):
C:V218L	D:V491L	logit=-0.412
C:K191R	D:K464R	logit=-0.565
C:S180T	D:S453T	logit=-0.652
C:T42V	D:T315V	logit=-0.779
C:N51P	D:N324P	logit=-0.851

Top tied mutations (A + B view):
A:T18V	B:T215V	logit=-0.238
A:N55S	B:N252S	logit=-0.257
A:N54V	B:N251V	logit=-0.563
A:E100V	B:E297V	logit=-0.787
A:V58T	B:V255T	logit=-0.870

Top tied mutations (C + D view):
C:V218L	D:V491L	logit=-0.458
C:K191R	D:K464R	logit=-0.573
C:S180T	D:S453T	logit=-0.652
C:T42V	D:T315V	logit=-0.827
C:N51P	D:N324P	logit=-0.845

Top tied mutations (A + B view):
A:T18V	B:T215V	logit=-0.172
A:N55S	B:N252S	logit=-0.348
A:N54V	B:N251V	logit=-0.627
A:E100V	B:E297V	logit=-0.800
A:V102I	B:V299I	logit=-0.918

Top tied mutations (C + D view):
C:V218L	D:V491L	logit=-0.469
C:K191R	D:K464R	logit=-0.574
C:S180T	D:S453T	logit=-0.641
C:T42V	D:T315V	logit=-0.782
C:S89A	D:S362A	logit=-0.891

Top tied mutations (A + B view):
A:T18V	B:T215V	logit=-0.194
A:N55S	B:N252S	logit=-0.239
A:N54V	B:N251V	logit=-0.435
A:E100V	B:E297V	logit=-0.609
A:V102I	B:V299I	logit=-0.845

Top tied mutations (C + D view):
C:V218L	D:V491L	logit=-0.456
C:K191R	D:K464R	logit=-0.530
C:S180T	D:S453T	logit=-0.664
C:T42V	D:T315V	logit=-0.730
C:N51P	D:N324P	logit=-0.882

Top tied mutations (A + B view):
A:T18V	B:T215V	logit=-0.190
A:N55S	B:N252S	logit=-0.250
A:N54V	B:N251V	logit=-0.391
A:E100V	B:E297V	logit=-0.775
A:V58T	B:V255T	logit=-0.885

Top tied mutations (C + D view):
C:V218L	D:V491L	logit=-0.484
C:K191R	D:K464R	logit=-0.550
C:S180T	D:S453T	logit=-0.628
C:T42V	D:T315V	logit=-0.725
C:N51P	D:N324P	logit=-0.848

Top tied mutations (A + B view):
A:T18V	B:T215V	logit=-0.287
A:N55S	B:N252S	logit=-0.315
A:N54V	B:N251V	logit=-0.427
A:E100V	B:E297V	logit=-0.706
A:N57R	B:N254R	logit=-0.855

Top tied mutations (C + D view):
C:V218L	D:V491L	logit=-0.445
C:K191R	D:K464R	logit=-0.644
C:S180T	D:S453T	logit=-0.661
C:T42V	D:T315V	logit=-0.681
C:S89A	D:S362A	logit=-0.884

Top tied mutations (A + B view):
A:T18V	B:T215V	logit=-0.211
A:N55S	B:N252S	logit=-0.330
A:N54V	B:N251V	logit=-0.393
A:N54I	B:N251I	logit=-0.747
A:V102I	B:V299I	logit=-0.931

Top tied mutations (C + D view):
C:V218L	D:V491L	logit=-0.465
C:K191R	D:K464R	logit=-0.573
C:S180T	D:S453T	logit=-0.643
C:T42V	D:T315V	logit=-0.771
C:N51P	D:N324P	logit=-0.797

Top tied mutations (A + B view):
A:T18V	B:T215V	logit=-0.250
A:N55S	B:N252S	logit=-0.259
A:N54V	B:N251V	logit=-0.494
A:E100V	B:E297V	logit=-0.716
A:N57R	B:N254R	logit=-0.855

Top tied mutations (C + D view):
C:V218L	D:V491L	logit=-0.415
C:K191R	D:K464R	logit=-0.572
C:S180T	D:S453T	logit=-0.675
C:T42V	D:T315V	logit=-0.722
C:N51P	D:N324P	logit=-0.811

Top tied mutations (A + B view):
A:T18V	B:T215V	logit=-0.233
A:N55S	B:N252S	logit=-0.256
A:N54V	B:N251V	logit=-0.330
A:E100V	B:E297V	logit=-0.767
A:N57R	B:N254R	logit=-0.877

Top tied mutations (C + D view):
C:V218L	D:V491L	logit=-0.433
C:K191R	D:K464R	logit=-0.532
C:S180T	D:S453T	logit=-0.647
C:T42V	D:T315V	logit=-0.686
C:N51P	D:N324P	logit=-0.770

Top tied mutations (A + B view):
A:T18V	B:T215V	logit=-0.205
A:N54V	B:N251V	logit=-0.273
A:N55S	B:N252S	logit=-0.327
A:E100V	B:E297V	logit=-0.807
A:N54I	B:N251I	logit=-0.888

Top tied mutations (C + D view):
C:V218L	D:V491L	logit=-0.447
C:K191R	D:K464R	logit=-0.564
C:S180T	D:S453T	logit=-0.679
C:T42V	D:T315V	logit=-0.716
C:N51P	D:N324P	logit=-0.861

Top tied mutations (A + B view):
A:T18V	B:T215V	logit=-0.243
A:N55S	B:N252S	logit=-0.266
A:N54V	B:N251V	logit=-0.335
A:E100V	B:E297V	logit=-0.636
A:N54I	B:N251I	logit=-0.858

Top tied mutations (C + D view):
C:V218L	D:V491L	logit=-0.420
C:K191R	D:K464R	logit=-0.487
C:S180T	D:S453T	logit=-0.635
C:T42V	D:T315V	logit=-0.770
C:N51P	D:N324P	logit=-0.837

Top tied mutations (A + B view):
A:T18V	B:T215V	logit=-0.220
A:N55S	B:N252S	logit=-0.334
A:N54V	B:N251V	logit=-0.515
A:E100V	B:E297V	logit=-0.709
A:V102I	B:V299I	logit=-0.825

Top tied mutations (C + D view):
C:V218L	D:V491L	logit=-0.466
C:K191R	D:K464R	logit=-0.511
C:S180T	D:S453T	logit=-0.656
C:T42V	D:T315V	logit=-0.679
C:N51P	D:N324P	logit=-0.827

Top tied mutations (A + B view):
A:N55S	B:N252S	logit=-0.350
A:T18V	B:T215V	logit=-0.382
A:N54V	B:N251V	logit=-0.511
A:R61K	B:R258K	logit=-0.619
A:E100V	B:E297V	logit=-0.821

Top tied mutations (C + D view):
C:V218L	D:V491L	logit=-0.434
C:K191R	D:K464R	logit=-0.577
C:S180T	D:S453T	logit=-0.646
C:T42V	D:T315V	logit=-0.706
C:N51P	D:N324P	logit=-0.757

Top tied mutations (A + B view):
A:N55S	B:N252S	logit=-0.256
A:T18V	B:T215V	logit=-0.278
A:N54V	B:N251V	logit=-0.387
A:E100V	B:E297V	logit=-0.759
A:R61K	B:R258K	logit=-0.828

Top tied mutations (C + D view):
C:V218L	D:V491L	logit=-0.502
C:K191R	D:K464R	logit=-0.557
C:S180T	D:S453T	logit=-0.647
C:T42V	D:T315V	logit=-0.749
C:N51P	D:N324P	logit=-0.761

Top tied mutations (A + B view):
A:T18V	B:T215V	logit=-0.243
A:N55S	B:N252S	logit=-0.344
A:N54V	B:N251V	logit=-0.488
A:E100V	B:E297V	logit=-0.757
A:R61V	B:R258V	logit=-0.873

Top tied mutations (C + D view):
C:V218L	D:V491L	logit=-0.399
C:K191R	D:K464R	logit=-0.531
C:S180T	D:S453T	logit=-0.652
C:T42V	D:T315V	logit=-0.730
C:S89A	D:S362A	logit=-0.896

Top tied mutations (A + B view):
A:T18V	B:T215V	logit=-0.202
A:N55S	B:N252S	logit=-0.262
A:N54V	B:N251V	logit=-0.633
A:E100V	B:E297V	logit=-0.681
A:N57R	B:N254R	logit=-0.788

Top tied mutations (C + D view):
C:V218L	D:V491L	logit=-0.455
C:K191R	D:K464R	logit=-0.569
C:S180T	D:S453T	logit=-0.645
C:T42V	D:T315V	logit=-0.714
C:N51P	D:N324P	logit=-0.838

Top tied mutations (A + B view):
A:T18V	B:T215V	logit=-0.242
A:N55S	B:N252S	logit=-0.327
A:N54V	B:N251V	logit=-0.331
A:E100V	B:E297V	logit=-0.714
A:N54I	B:N251I	logit=-0.827

Top tied mutations (C + D view):
C:V218L	D:V491L	logit=-0.429
C:K191R	D:K464R	logit=-0.583
C:S180T	D:S453T	logit=-0.662
C:T42V	D:T315V	logit=-0.730
C:N51P	D:N324P	logit=-0.829

Top tied mutations (A + B view):
A:T18V	B:T215V	logit=-0.318
A:N55S	B:N252S	logit=-0.333
A:N54V	B:N251V	logit=-0.710
A:E100V	B:E297V	logit=-0.801
A:N57R	B:N254R	logit=-0.860

Top tied mutations (C + D view):
C:V218L	D:V491L	logit=-0.446
C:K191R	D:K464R	logit=-0.500
C:S180T	D:S453T	logit=-0.665
C:T42V	D:T315V	logit=-0.692
C:N51P	D:N324P	logit=-0.762

Top tied mutations (A + B view):
A:N55S	B:N252S	logit=-0.235
A:T18V	B:T215V	logit=-0.272
A:N54V	B:N251V	logit=-0.515
A:E100V	B:E297V	logit=-0.748
A:V58T	B:V255T	logit=-0.957

Top tied mutations (C + D view):
C:V218L	D:V491L	logit=-0.436
C:K191R	D:K464R	logit=-0.585
C:S180T	D:S453T	logit=-0.669
C:T42V	D:T315V	logit=-0.759
C:N51P	D:N324P	logit=-0.773

Top tied mutations (A + B view):
A:T18V	B:T215V	logit=-0.232
A:N55S	B:N252S	logit=-0.346
A:N54V	B:N251V	logit=-0.405
A:E100V	B:E297V	logit=-0.704
A:V102I	B:V299I	logit=-0.817

Top tied mutations (C + D view):
C:V218L	D:V491L	logit=-0.460
C:K191R	D:K464R	logit=-0.566
C:S180T	D:S453T	logit=-0.670
C:T42V	D:T315V	logit=-0.679
C:N51P	D:N324P	logit=-0.887

Top tied mutations (A + B view):
A:N55S	B:N252S	logit=-0.267
A:T18V	B:T215V	logit=-0.282
A:N54V	B:N251V	logit=-0.429
A:E100V	B:E297V	logit=-0.853
A:Q59K	B:Q256K	logit=-0.907

Top tied mutations (C + D view):
C:V218L	D:V491L	logit=-0.450
C:K191R	D:K464R	logit=-0.544
C:S180T	D:S453T	logit=-0.658
C:T42V	D:T315V	logit=-0.670
C:N51P	D:N324P	logit=-0.794

Top tied mutations (A + B view):
A:T18V	B:T215V	logit=-0.238
A:N55S	B:N252S	logit=-0.292
A:N54V	B:N251V	logit=-0.545
A:E100V	B:E297V	logit=-0.835
A:N57R	B:N254R	logit=-0.947

Top tied mutations (C + D view):
C:V218L	D:V491L	logit=-0.429
C:K191R	D:K464R	logit=-0.553
C:S180T	D:S453T	logit=-0.666
C:T42V	D:T315V	logit=-0.752
C:N51P	D:N324P	logit=-0.822

Top tied mutations (A + B view):
A:T18V	B:T215V	logit=-0.230
A:N55S	B:N252S	logit=-0.329
A:E100V	B:E297V	logit=-0.636
A:N54V	B:N251V	logit=-0.687
A:V102I	B:V299I	logit=-0.840

Top tied mutations (C + D view):
C:K191R	D:K464R	logit=-0.461
C:V218L	D:V491L	logit=-0.500
C:S180T	D:S453T	logit=-0.656
C:T42V	D:T315V	logit=-0.746
C:N51P	D:N324P	logit=-0.752

Top tied mutations (A + B view):
A:T18V	B:T215V	logit=-0.198
A:N55S	B:N252S	logit=-0.307
A:N54V	B:N251V	logit=-0.683
A:V58T	B:V255T	logit=-0.762
A:E100V	B:E297V	logit=-0.784

Top tied mutations (C + D view):
C:V218L	D:V491L	logit=-0.431
C:K191R	D:K464R	logit=-0.578
C:S180T	D:S453T	logit=-0.650
C:T42V	D:T315V	logit=-0.709
C:N51P	D:N324P	logit=-0.823

Top tied mutations (A + B view):
A:N55S	B:N252S	logit=-0.267
A:T18V	B:T215V	logit=-0.289
A:N54V	B:N251V	logit=-0.471
A:E100V	B:E297V	logit=-0.805
A:V102I	B:V299I	logit=-0.865

Top tied mutations (C + D view):
C:V218L	D:V491L	logit=-0.432
C:K191R	D:K464R	logit=-0.547
C:S180T	D:S453T	logit=-0.659
C:T42V	D:T315V	logit=-0.750
C:N51P	D:N324P	logit=-0.860

Top tied mutations (A + B view):
A:T18V	B:T215V	logit=-0.225
A:N55S	B:N252S	logit=-0.308
A:N54V	B:N251V	logit=-0.396
A:E100V	B:E297V	logit=-0.856
A:V102I	B:V299I	logit=-0.919

Top tied mutations (C + D view):
C:V218L	D:V491L	logit=-0.480
C:K191R	D:K464R	logit=-0.559
C:S180T	D:S453T	logit=-0.670
C:T42V	D:T315V	logit=-0.733
C:N219S	D:N492S	logit=-0.906

Top tied mutations (A + B view):
A:N55S	B:N252S	logit=-0.251
A:T18V	B:T215V	logit=-0.264
A:N54V	B:N251V	logit=-0.420
A:E100V	B:E297V	logit=-0.827
A:N57R	B:N254R	logit=-0.888

Top tied mutations (C + D view):
C:V218L	D:V491L	logit=-0.452
C:K191R	D:K464R	logit=-0.513
C:S180T	D:S453T	logit=-0.645
C:N51P	D:N324P	logit=-0.780
C:T42V	D:T315V	logit=-0.794

Top tied mutations (A + B view):
A:T18V	B:T215V	logit=-0.274
A:N55S	B:N252S	logit=-0.308
A:N54V	B:N251V	logit=-0.382
A:E100V	B:E297V	logit=-0.821
A:R61V	B:R258V	logit=-0.831

Top tied mutations (C + D view):
C:V218L	D:V491L	logit=-0.427
C:K191R	D:K464R	logit=-0.514
C:S180T	D:S453T	logit=-0.650
C:T42V	D:T315V	logit=-0.670
C:N51P	D:N324P	logit=-0.778

Top tied mutations (A + B view):
A:T18V	B:T215V	logit=-0.233
A:N55S	B:N252S	logit=-0.332
A:N54V	B:N251V	logit=-0.400
A:E100V	B:E297V	logit=-0.743
A:R61K	B:R258K	logit=-0.932

Top tied mutations (C + D view):
C:V218L	D:V491L	logit=-0.463
C:K191R	D:K464R	logit=-0.575
C:S180T	D:S453T	logit=-0.669
C:T42V	D:T315V	logit=-0.700
C:N219S	D:N492S	logit=-0.927

Top tied mutations (A + B view):
A:T18V	B:T215V	logit=-0.182
A:N55S	B:N252S	logit=-0.295
A:N54V	B:N251V	logit=-0.460
A:N54I	B:N251I	logit=-0.739
A:E100V	B:E297V	logit=-0.743

Top tied mutations (C + D view):
C:V218L	D:V491L	logit=-0.496
C:K191R	D:K464R	logit=-0.531
C:S180T	D:S453T	logit=-0.640
C:T42V	D:T315V	logit=-0.722
C:N51P	D:N324P	logit=-0.803

Top tied mutations (A + B view):
A:T18V	B:T215V	logit=-0.241
A:N55S	B:N252S	logit=-0.366
A:N54V	B:N251V	logit=-0.490
A:E100V	B:E297V	logit=-0.730
A:N54I	B:N251I	logit=-0.770

Top tied mutations (C + D view):
C:V218L	D:V491L	logit=-0.448
C:K191R	D:K464R	logit=-0.547
C:S180T	D:S453T	logit=-0.662
C:T42V	D:T315V	logit=-0.722
C:N51P	D:N324P	logit=-0.835

Top tied mutations (A + B view):
A:T18V	B:T215V	logit=-0.223
A:N55S	B:N252S	logit=-0.345
A:N54V	B:N251V	logit=-0.408
A:E100V	B:E297V	logit=-0.776
A:N57R	B:N254R	logit=-0.947

Top tied mutations (C + D view):
C:V218L	D:V491L	logit=-0.467
C:K191R	D:K464R	logit=-0.596
C:S180T	D:S453T	logit=-0.657
C:T42V	D:T315V	logit=-0.749
C:N51P	D:N324P	logit=-0.778

Top tied mutations (A + B view):
A:T18V	B:T215V	logit=-0.165
A:N55S	B:N252S	logit=-0.327
A:N54V	B:N251V	logit=-0.622
A:E100V	B:E297V	logit=-0.685
A:V102I	B:V299I	logit=-0.945

Top tied mutations (C + D view):
C:V218L	D:V491L	logit=-0.465
C:K191R	D:K464R	logit=-0.572
C:S180T	D:S453T	logit=-0.681
C:T42V	D:T315V	logit=-0.750
C:S89A	D:S362A	logit=-0.873

Top tied mutations (A + B view):
A:T18V	B:T215V	logit=-0.281
A:N55S	B:N252S	logit=-0.290
A:N54V	B:N251V	logit=-0.513
A:E100V	B:E297V	logit=-0.884
A:V58T	B:V255T	logit=-0.900

Top tied mutations (C + D view):
C:V218L	D:V491L	logit=-0.486
C:K191R	D:K464R	logit=-0.607
C:S180T	D:S453T	logit=-0.673
C:N51P	D:N324P	logit=-0.762
C:T42V	D:T315V	logit=-0.763

Top tied mutations (A + B view):
A:T18V	B:T215V	logit=-0.251
A:N55S	B:N252S	logit=-0.300
A:N54V	B:N251V	logit=-0.457
A:E100V	B:E297V	logit=-0.716
A:N57R	B:N254R	logit=-0.763

Top tied mutations (C + D view):
C:V218L	D:V491L	logit=-0.449
C:K191R	D:K464R	logit=-0.534
C:S180T	D:S453T	logit=-0.671
C:T42V	D:T315V	logit=-0.737
C:N51P	D:N324P	logit=-0.822

Top tied mutations (A + B view):
A:T18V	B:T215V	logit=-0.143
A:N55S	B:N252S	logit=-0.384
A:N54V	B:N251V	logit=-0.492
A:N54I	B:N251I	logit=-0.696
A:V102I	B:V299I	logit=-0.800

Top tied mutations (C + D view):
C:V218L	D:V491L	logit=-0.459
C:K191R	D:K464R	logit=-0.601
C:S180T	D:S453T	logit=-0.673
C:T42V	D:T315V	logit=-0.702
C:S89A	D:S362A	logit=-0.855

Top tied mutations (A + B view):
A:T18V	B:T215V	logit=-0.199
A:N55S	B:N252S	logit=-0.409
A:E100V	B:E297V	logit=-0.642
A:N54V	B:N251V	logit=-0.846
A:R61V	B:R258V	logit=-0.933

Top tied mutations (C + D view):
C:V218L	D:V491L	logit=-0.429
C:K191R	D:K464R	logit=-0.593
C:S180T	D:S453T	logit=-0.630
C:T42V	D:T315V	logit=-0.706
C:N51P	D:N324P	logit=-0.917

Top tied mutations (A + B view):
A:T18V	B:T215V	logit=-0.272
A:N55S	B:N252S	logit=-0.335
A:N54V	B:N251V	logit=-0.362
A:E100V	B:E297V	logit=-0.661
A:N54I	B:N251I	logit=-0.721

Top tied mutations (C + D view):
C:V218L	D:V491L	logit=-0.458
C:K191R	D:K464R	logit=-0.506
C:S180T	D:S453T	logit=-0.640
C:T42V	D:T315V	logit=-0.721
C:N51P	D:N324P	logit=-0.801

Top tied mutations (A + B view):
A:T18V	B:T215V	logit=-0.329
A:N54V	B:N251V	logit=-0.372
A:N55S	B:N252S	logit=-0.381
A:E100V	B:E297V	logit=-0.753
A:R61V	B:R258V	logit=-0.821

Top tied mutations (C + D view):
C:V218L	D:V491L	logit=-0.487
C:K191R	D:K464R	logit=-0.596
C:S180T	D:S453T	logit=-0.664
C:T42V	D:T315V	logit=-0.763
C:N51P	D:N324P	logit=-0.796

Top tied mutations (A + B view):
A:T18V	B:T215V	logit=-0.231
A:N55S	B:N252S	logit=-0.302
A:N54V	B:N251V	logit=-0.575
A:E100V	B:E297V	logit=-0.879
A:V58T	B:V255T	logit=-0.935

Top tied mutations (C + D view):
C:V218L	D:V491L	logit=-0.484
C:K191R	D:K464R	logit=-0.536
C:S180T	D:S453T	logit=-0.667
C:T42V	D:T315V	logit=-0.688
C:N51P	D:N324P	logit=-0.805

Top tied mutations (A + B view):
A:T18V	B:T215V	logit=-0.234
A:N55S	B:N252S	logit=-0.337
A:N54V	B:N251V	logit=-0.444
A:E100V	B:E297V	logit=-0.824
A:R61K	B:R258K	logit=-0.827

Top tied mutations (C + D view):
C:V218L	D:V491L	logit=-0.416
C:K191R	D:K464R	logit=-0.530
C:S180T	D:S453T	logit=-0.636
C:T42V	D:T315V	logit=-0.746
C:N51P	D:N324P	logit=-0.904

Top tied mutations (A + B view):
A:T18V	B:T215V	logit=-0.238
A:N55S	B:N252S	logit=-0.255
A:N54V	B:N251V	logit=-0.491
A:E100V	B:E297V	logit=-0.688
A:N57R	B:N254R	logit=-0.844

Top tied mutations (C + D view):
C:V218L	D:V491L	logit=-0.451
C:K191R	D:K464R	logit=-0.540
C:S180T	D:S453T	logit=-0.650
C:T42V	D:T315V	logit=-0.725
C:N51P	D:N324P	logit=-0.842

Top tied mutations (A + B view):
A:T18V	B:T215V	logit=-0.245
A:N55S	B:N252S	logit=-0.319
A:N54V	B:N251V	logit=-0.546
A:R61K	B:R258K	logit=-0.744
A:E100V	B:E297V	logit=-0.782

Top tied mutations (C + D view):
C:V218L	D:V491L	logit=-0.437
C:K191R	D:K464R	logit=-0.556
C:S180T	D:S453T	logit=-0.666
C:T42V	D:T315V	logit=-0.726
C:N51P	D:N324P	logit=-0.842

Top tied mutations (A + B view):
A:T18V	B:T215V	logit=-0.280
A:N55S	B:N252S	logit=-0.330
A:N54V	B:N251V	logit=-0.528
A:N57R	B:N254R	logit=-0.780
A:R61K	B:R258K	logit=-0.814

Top tied mutations (C + D view):
C:V218L	D:V491L	logit=-0.426
C:K191R	D:K464R	logit=-0.652
C:S180T	D:S453T	logit=-0.656
C:T42V	D:T315V	logit=-0.689
C:N51P	D:N324P	logit=-0.856

Top tied mutations (A + B view):
A:T18V	B:T215V	logit=-0.226
A:N55S	B:N252S	logit=-0.309
A:N54V	B:N251V	logit=-0.510
A:E100V	B:E297V	logit=-0.612
A:N57R	B:N254R	logit=-0.620

Top tied mutations (C + D view):
C:V218L	D:V491L	logit=-0.468
C:K191R	D:K464R	logit=-0.537
C:S180T	D:S453T	logit=-0.656
C:N51P	D:N324P	logit=-0.755
C:T42V	D:T315V	logit=-0.763

Top tied mutations (A + B view):
A:T18V	B:T215V	logit=-0.263
A:N55S	B:N252S	logit=-0.454
A:N54V	B:N251V	logit=-0.469
A:E100V	B:E297V	logit=-0.728
A:N57R	B:N254R	logit=-0.869

Top tied mutations (C + D view):
C:V218L	D:V491L	logit=-0.436
C:S180T	D:S453T	logit=-0.667
C:K191R	D:K464R	logit=-0.677
C:T42V	D:T315V	logit=-0.721
C:N51P	D:N324P	logit=-0.827

Top tied mutations (A + B view):
A:T18V	B:T215V	logit=-0.217
A:N55S	B:N252S	logit=-0.299
A:N54V	B:N251V	logit=-0.353
A:N54I	B:N251I	logit=-0.493
A:E100V	B:E297V	logit=-0.706

Top tied mutations (C + D view):
C:V218L	D:V491L	logit=-0.424
C:K191R	D:K464R	logit=-0.536
C:T42V	D:T315V	logit=-0.670
C:S180T	D:S453T	logit=-0.672
C:N51P	D:N324P	logit=-0.844

Top tied mutations (A + B view):
A:T18V	B:T215V	logit=-0.211
A:N55S	B:N252S	logit=-0.276
A:N54V	B:N251V	logit=-0.374
A:N57R	B:N254R	logit=-0.809
A:E100V	B:E297V	logit=-0.870

Top tied mutations (C + D view):
C:V218L	D:V491L	logit=-0.441
C:K191R	D:K464R	logit=-0.537
C:S180T	D:S453T	logit=-0.640
C:T42V	D:T315V	logit=-0.768
C:S89A	D:S362A	logit=-0.906

Top tied mutations (A + B view):
A:N55S	B:N252S	logit=-0.278
A:T18V	B:T215V	logit=-0.298
A:N54V	B:N251V	logit=-0.458
A:E100V	B:E297V	logit=-0.768
A:R61K	B:R258K	logit=-0.845

Top tied mutations (C + D view):
C:V218L	D:V491L	logit=-0.408
C:K191R	D:K464R	logit=-0.618
C:S180T	D:S453T	logit=-0.648
C:T42V	D:T315V	logit=-0.733
C:N51P	D:N324P	logit=-0.862

Top tied mutations (A + B view):
A:T18V	B:T215V	logit=-0.204
A:N55S	B:N252S	logit=-0.300
A:N54V	B:N251V	logit=-0.436
A:E100V	B:E297V	logit=-0.618
A:N54I	B:N251I	logit=-0.661

Top tied mutations (C + D view):
C:V218L	D:V491L	logit=-0.447
C:K191R	D:K464R	logit=-0.526
C:S180T	D:S453T	logit=-0.689
C:T42V	D:T315V	logit=-0.759
C:N51P	D:N324P	logit=-0.779

Top tied mutations (A + B view):
A:T18V	B:T215V	logit=-0.265
A:N55S	B:N252S	logit=-0.334
A:N54V	B:N251V	logit=-0.592
A:E100V	B:E297V	logit=-0.847
A:V102I	B:V299I	logit=-0.955

Top tied mutations (C + D view):
C:V218L	D:V491L	logit=-0.430
C:K191R	D:K464R	logit=-0.574
C:S180T	D:S453T	logit=-0.659
C:T42V	D:T315V	logit=-0.748
C:S89A	D:S362A	logit=-0.883

Top tied mutations (A + B view):
A:T18V	B:T215V	logit=-0.240
A:N55S	B:N252S	logit=-0.247
A:N54V	B:N251V	logit=-0.715
A:N57R	B:N254R	logit=-0.744
A:E100V	B:E297V	logit=-0.749

Top tied mutations (C + D view):
C:V218L	D:V491L	logit=-0.478
C:K191R	D:K464R	logit=-0.542
C:S180T	D:S453T	logit=-0.655
C:T42V	D:T315V	logit=-0.782
C:S89A	D:S362A	logit=-0.818

Top tied mutations (A + B view):
A:N55S	B:N252S	logit=-0.224
A:T18V	B:T215V	logit=-0.293
A:N54V	B:N251V	logit=-0.346
A:N54I	B:N251I	logit=-0.828
A:V102I	B:V299I	logit=-0.848

Top tied mutations (C + D view):
C:V218L	D:V491L	logit=-0.449
C:K191R	D:K464R	logit=-0.553
C:S180T	D:S453T	logit=-0.661
C:T42V	D:T315V	logit=-0.762
C:N51P	D:N324P	logit=-0.899

Top tied mutations (A + B view):
A:N55S	B:N252S	logit=-0.258
A:T18V	B:T215V	logit=-0.320
A:N54V	B:N251V	logit=-0.486
A:E100V	B:E297V	logit=-0.845
A:V102I	B:V299I	logit=-0.909

Top tied mutations (C + D view):
C:V218L	D:V491L	logit=-0.459
C:K191R	D:K464R	logit=-0.499
C:S180T	D:S453T	logit=-0.656
C:T42V	D:T315V	logit=-0.737
C:N51P	D:N324P	logit=-0.789

Top tied mutations (A + B view):
A:T18V	B:T215V	logit=-0.221
A:N55S	B:N252S	logit=-0.343
A:N54V	B:N251V	logit=-0.434
A:E100V	B:E297V	logit=-0.739
A:R61V	B:R258V	logit=-0.957

Top tied mutations (C + D view):
C:V218L	D:V491L	logit=-0.473
C:K191R	D:K464R	logit=-0.529
C:S180T	D:S453T	logit=-0.675
C:N51P	D:N324P	logit=-0.758
C:T42V	D:T315V	logit=-0.776

Top tied mutations (A + B view):
A:T18V	B:T215V	logit=-0.289
A:N55S	B:N252S	logit=-0.296
A:N54V	B:N251V	logit=-0.389
A:E100V	B:E297V	logit=-0.770
A:V102I	B:V299I	logit=-0.954

Top tied mutations (C + D view):
C:V218L	D:V491L	logit=-0.414
C:K191R	D:K464R	logit=-0.608
C:S180T	D:S453T	logit=-0.677
C:T42V	D:T315V	logit=-0.736
C:N51P	D:N324P	logit=-0.826

Top tied mutations (A + B view):
A:T18V	B:T215V	logit=-0.237
A:N55S	B:N252S	logit=-0.320
A:N54V	B:N251V	logit=-0.520
A:E100V	B:E297V	logit=-0.739
A:V102I	B:V299I	logit=-0.875

Top tied mutations (C + D view):
C:V218L	D:V491L	logit=-0.452
C:K191R	D:K464R	logit=-0.593
C:S180T	D:S453T	logit=-0.641
C:N51P	D:N324P	logit=-0.822
C:T42V	D:T315V	logit=-0.844

Top tied mutations (A + B view):
A:T18V	B:T215V	logit=-0.288
A:N55S	B:N252S	logit=-0.368
A:N54V	B:N251V	logit=-0.389
A:R61K	B:R258K	logit=-0.758
A:V102I	B:V299I	logit=-0.860

Top tied mutations (C + D view):
C:V218L	D:V491L	logit=-0.422
C:K191R	D:K464R	logit=-0.536
C:S180T	D:S453T	logit=-0.635
C:T42V	D:T315V	logit=-0.693
C:N51P	D:N324P	logit=-0.813

Top tied mutations (A + B view):
A:T18V	B:T215V	logit=-0.204
A:N55S	B:N252S	logit=-0.310
A:N54V	B:N251V	logit=-0.468
A:E100V	B:E297V	logit=-0.620
A:V102I	B:V299I	logit=-0.855

Top tied mutations (C + D view):
C:V218L	D:V491L	logit=-0.478
C:K191R	D:K464R	logit=-0.531
C:S180T	D:S453T	logit=-0.669
C:N51P	D:N324P	logit=-0.762
C:T42V	D:T315V	logit=-0.780

Top tied mutations (A + B view):
A:T18V	B:T215V	logit=-0.247
A:N55S	B:N252S	logit=-0.274
A:N54V	B:N251V	logit=-0.378
A:N54I	B:N251I	logit=-0.777
A:V58T	B:V255T	logit=-0.820

Top tied mutations (C + D view):
C:V218L	D:V491L	logit=-0.400
C:K191R	D:K464R	logit=-0.530
C:S180T	D:S453T	logit=-0.638
C:T42V	D:T315V	logit=-0.664
C:N51P	D:N324P	logit=-0.766

Top tied mutations (A + B view):
A:N55S	B:N252S	logit=-0.260
A:T18V	B:T215V	logit=-0.283
A:N54V	B:N251V	logit=-0.520
A:E100V	B:E297V	logit=-0.751
A:R61K	B:R258K	logit=-0.883

Top tied mutations (C + D view):
C:V218L	D:V491L	logit=-0.493
C:K191R	D:K464R	logit=-0.584
C:S180T	D:S453T	logit=-0.651
C:T42V	D:T315V	logit=-0.711
C:N51P	D:N324P	logit=-0.851

Top tied mutations (A + B view):
A:T18V	B:T215V	logit=-0.253
A:N55S	B:N252S	logit=-0.343
A:R61K	B:R258K	logit=-0.606
A:N54V	B:N251V	logit=-0.653
A:E100V	B:E297V	logit=-0.712

Top tied mutations (C + D view):
C:V218L	D:V491L	logit=-0.455
C:K191R	D:K464R	logit=-0.601
C:S180T	D:S453T	logit=-0.640
C:T42V	D:T315V	logit=-0.734
C:N51P	D:N324P	logit=-0.868

Top tied mutations (A + B view):
A:T18V	B:T215V	logit=-0.265
A:N55S	B:N252S	logit=-0.299
A:N54V	B:N251V	logit=-0.355
A:E100V	B:E297V	logit=-0.817
A:R61K	B:R258K	logit=-0.873

Top tied mutations (C + D view):
C:V218L	D:V491L	logit=-0.415
C:K191R	D:K464R	logit=-0.527
C:S180T	D:S453T	logit=-0.649
C:T42V	D:T315V	logit=-0.761
C:N51P	D:N324P	logit=-0.783

Top tied mutations (A + B view):
A:T18V	B:T215V	logit=-0.199
A:N55S	B:N252S	logit=-0.332
A:N54V	B:N251V	logit=-0.559
A:E100V	B:E297V	logit=-0.658
A:N54I	B:N251I	logit=-0.782

Top tied mutations (C + D view):
C:V218L	D:V491L	logit=-0.426
C:K191R	D:K464R	logit=-0.520
C:S180T	D:S453T	logit=-0.654
C:T42V	D:T315V	logit=-0.734
C:N51P	D:N324P	logit=-0.827

Top tied mutations (A + B view):
A:T18V	B:T215V	logit=-0.284
A:N55S	B:N252S	logit=-0.295
A:N54V	B:N251V	logit=-0.493
A:E100V	B:E297V	logit=-0.839
A:R61K	B:R258K	logit=-0.859

Top tied mutations (C + D view):
C:V218L	D:V491L	logit=-0.408
C:K191R	D:K464R	logit=-0.511
C:S180T	D:S453T	logit=-0.672
C:T42V	D:T315V	logit=-0.721
C:N51P	D:N324P	logit=-0.816

Top tied mutations (A + B view):
A:T18V	B:T215V	logit=-0.219
A:N55S	B:N252S	logit=-0.306
A:N54V	B:N251V	logit=-0.416
A:V102I	B:V299I	logit=-0.785
A:E100V	B:E297V	logit=-0.796

Top tied mutations (C + D view):
C:V218L	D:V491L	logit=-0.496
C:K191R	D:K464R	logit=-0.531
C:S180T	D:S453T	logit=-0.660
C:T42V	D:T315V	logit=-0.739
C:S89A	D:S362A	logit=-0.839

Top tied mutations (A + B view):
A:T18V	B:T215V	logit=-0.156
A:N55S	B:N252S	logit=-0.291
A:N54V	B:N251V	logit=-0.492
A:N54I	B:N251I	logit=-0.735
A:E100V	B:E297V	logit=-0.760

Top tied mutations (C + D view):
C:V218L	D:V491L	logit=-0.431
C:K191R	D:K464R	logit=-0.575
C:S180T	D:S453T	logit=-0.635
C:T42V	D:T315V	logit=-0.732
C:N51P	D:N324P	logit=-0.848

Top tied mutations (A + B view):
A:T18V	B:T215V	logit=-0.202
A:N55S	B:N252S	logit=-0.356
A:N54V	B:N251V	logit=-0.482
A:E100V	B:E297V	logit=-0.676
A:N57R	B:N254R	logit=-0.884

Top tied mutations (C + D view):
C:V218L	D:V491L	logit=-0.433
C:K191R	D:K464R	logit=-0.539
C:S180T	D:S453T	logit=-0.678
C:T42V	D:T315V	logit=-0.715
C:N51P	D:N324P	logit=-0.750

Top tied mutations (A + B view):
A:T18V	B:T215V	logit=-0.265
A:N55S	B:N252S	logit=-0.298
A:N54V	B:N251V	logit=-0.338
A:E100V	B:E297V	logit=-0.796
A:N54I	B:N251I	logit=-0.910

Top tied mutations (C + D view):
C:V218L	D:V491L	logit=-0.507
C:K191R	D:K464R	logit=-0.535
C:S180T	D:S453T	logit=-0.641
C:T42V	D:T315V	logit=-0.804
C:N51P	D:N324P	logit=-0.807

Top tied mutations (A + B view):
A:N55S	B:N252S	logit=-0.264
A:T18V	B:T215V	logit=-0.294
A:N54V	B:N251V	logit=-0.480
A:N57R	B:N254R	logit=-0.669
A:E100V	B:E297V	logit=-0.836

Top tied mutations (C + D view):
C:V218L	D:V491L	logit=-0.403
C:K191R	D:K464R	logit=-0.537
C:S180T	D:S453T	logit=-0.668
C:T42V	D:T315V	logit=-0.748
C:N51P	D:N324P	logit=-0.798

Top tied mutations (A + B view):
A:T18V	B:T215V	logit=-0.196
A:N55S	B:N252S	logit=-0.319
A:N54V	B:N251V	logit=-0.365
A:E100V	B:E297V	logit=-0.754
A:R61K	B:R258K	logit=-0.953

Top tied mutations (C + D view):
C:V218L	D:V491L	logit=-0.457
C:K191R	D:K464R	logit=-0.517
C:S180T	D:S453T	logit=-0.646
C:T42V	D:T315V	logit=-0.662
C:N51P	D:N324P	logit=-0.853

Top tied mutations (A + B view):
A:T18V	B:T215V	logit=-0.279
A:N55S	B:N252S	logit=-0.312
A:N54V	B:N251V	logit=-0.481
A:V58T	B:V255T	logit=-0.864
A:E100V	B:E297V	logit=-0.869

Top tied mutations (C + D view):
C:V218L	D:V491L	logit=-0.494
C:K191R	D:K464R	logit=-0.547
C:S180T	D:S453T	logit=-0.675
C:T42V	D:T315V	logit=-0.753
C:N51P	D:N324P	logit=-0.836

Top tied mutations (A + B view):
A:N55S	B:N252S	logit=-0.273
A:T18V	B:T215V	logit=-0.274
A:N54V	B:N251V	logit=-0.314
A:E100V	B:E297V	logit=-0.721
A:N54I	B:N251I	logit=-0.775

Top tied mutations (C + D view):
C:V218L	D:V491L	logit=-0.417
C:K191R	D:K464R	logit=-0.555
C:S180T	D:S453T	logit=-0.667
C:T42V	D:T315V	logit=-0.717
C:A168P	D:A441P	logit=-0.886

Top tied mutations (A + B view):
A:T18V	B:T215V	logit=-0.162
A:N55S	B:N252S	logit=-0.219
A:N54V	B:N251V	logit=-0.517
A:E100V	B:E297V	logit=-0.687
A:V102I	B:V299I	logit=-0.928

Top tied mutations (C + D view):
C:V218L	D:V491L	logit=-0.426
C:K191R	D:K464R	logit=-0.556
C:S180T	D:S453T	logit=-0.660
C:T42V	D:T315V	logit=-0.667
C:S89A	D:S362A	logit=-0.849

Top tied mutations (A + B view):
A:N55S	B:N252S	logit=-0.214
A:T18V	B:T215V	logit=-0.269
A:N54V	B:N251V	logit=-0.490
A:E100V	B:E297V	logit=-0.782
A:R61K	B:R258K	logit=-0.874

Top tied mutations (C + D view):
C:V218L	D:V491L	logit=-0.462
C:K191R	D:K464R	logit=-0.521
C:S180T	D:S453T	logit=-0.664
C:T42V	D:T315V	logit=-0.735
C:N51P	D:N324P	logit=-0.816

Top tied mutations (A + B view):
A:T18V	B:T215V	logit=-0.254
A:N55S	B:N252S	logit=-0.368
A:N54V	B:N251V	logit=-0.487
A:N54I	B:N251I	logit=-0.720
A:E100V	B:E297V	logit=-0.773

Top tied mutations (C + D view):
C:V218L	D:V491L	logit=-0.422
C:K191R	D:K464R	logit=-0.595
C:S180T	D:S453T	logit=-0.672
C:N51P	D:N324P	logit=-0.720
C:T42V	D:T315V	logit=-0.768

Top tied mutations (A + B view):
A:T18V	B:T215V	logit=-0.289
A:N55S	B:N252S	logit=-0.311
A:N54V	B:N251V	logit=-0.440
A:E100V	B:E297V	logit=-0.705
A:V102I	B:V299I	logit=-0.884

Top tied mutations (C + D view):
C:V218L	D:V491L	logit=-0.461
C:K191R	D:K464R	logit=-0.609
C:S180T	D:S453T	logit=-0.655
C:T42V	D:T315V	logit=-0.705
C:N51P	D:N324P	logit=-0.782

Top tied mutations (A + B view):
A:T18V	B:T215V	logit=-0.226
A:N55S	B:N252S	logit=-0.282
A:N54V	B:N251V	logit=-0.598
A:V102I	B:V299I	logit=-0.857
A:E100V	B:E297V	logit=-0.861

Top tied mutations (C + D view):
C:V218L	D:V491L	logit=-0.418
C:K191R	D:K464R	logit=-0.503
C:S180T	D:S453T	logit=-0.653
C:T42V	D:T315V	logit=-0.721
C:N51P	D:N324P	logit=-0.814

Top tied mutations (A + B view):
A:T18V	B:T215V	logit=-0.134
A:N55S	B:N252S	logit=-0.405
A:N54V	B:N251V	logit=-0.430
A:E100V	B:E297V	logit=-0.749
A:V58T	B:V255T	logit=-0.842

Top tied mutations (C + D view):
C:V218L	D:V491L	logit=-0.409
C:K191R	D:K464R	logit=-0.520
C:S180T	D:S453T	logit=-0.668
C:N51P	D:N324P	logit=-0.701
C:T42V	D:T315V	logit=-0.725

Top tied mutations (A + B view):
A:T18V	B:T215V	logit=-0.168
A:N55S	B:N252S	logit=-0.243
A:N54V	B:N251V	logit=-0.565
A:E100V	B:E297V	logit=-0.676
A:R61K	B:R258K	logit=-0.823

Top tied mutations (C + D view):
C:V218L	D:V491L	logit=-0.432
C:K191R	D:K464R	logit=-0.529
C:S180T	D:S453T	logit=-0.644
C:T42V	D:T315V	logit=-0.777
C:N51P	D:N324P	logit=-0.797

Top tied mutations (A + B view):
A:T18V	B:T215V	logit=-0.262
A:N55S	B:N252S	logit=-0.297
A:N54V	B:N251V	logit=-0.573
A:E100V	B:E297V	logit=-0.825
A:N57R	B:N254R	logit=-0.831

Top tied mutations (C + D view):
C:V218L	D:V491L	logit=-0.465
C:K191R	D:K464R	logit=-0.521
C:S180T	D:S453T	logit=-0.648
C:T42V	D:T315V	logit=-0.767
C:S89A	D:S362A	logit=-0.877

Top tied mutations (A + B view):
A:T18V	B:T215V	logit=-0.261
A:N55S	B:N252S	logit=-0.318
A:N54V	B:N251V	logit=-0.482
A:E100V	B:E297V	logit=-0.773
A:V102I	B:V299I	logit=-0.940

Top tied mutations (C + D view):
C:V218L	D:V491L	logit=-0.434
C:K191R	D:K464R	logit=-0.541
C:S180T	D:S453T	logit=-0.640
C:T42V	D:T315V	logit=-0.767
C:N51P	D:N324P	logit=-0.795

Top tied mutations (A + B view):
A:T18V	B:T215V	logit=-0.230
A:N55S	B:N252S	logit=-0.307
A:N54V	B:N251V	logit=-0.429
A:E100V	B:E297V	logit=-0.832
A:R61K	B:R258K	logit=-0.956

Top tied mutations (C + D view):
C:V218L	D:V491L	logit=-0.461
C:K191R	D:K464R	logit=-0.575
C:S180T	D:S453T	logit=-0.642
C:T42V	D:T315V	logit=-0.781
C:N51P	D:N324P	logit=-0.904

Top tied mutations (A + B view):
A:T18V	B:T215V	logit=-0.219
A:N55S	B:N252S	logit=-0.328
A:N54V	B:N251V	logit=-0.453
A:R61K	B:R258K	logit=-0.712
A:N54I	B:N251I	logit=-0.851

Top tied mutations (C + D view):
C:V218L	D:V491L	logit=-0.403
C:K191R	D:K464R	logit=-0.591
C:S180T	D:S453T	logit=-0.682
C:T42V	D:T315V	logit=-0.706
C:N51P	D:N324P	logit=-0.847

Top tied mutations (A + B view):
A:T18V	B:T215V	logit=-0.226
A:N55S	B:N252S	logit=-0.231
A:N54V	B:N251V	logit=-0.489
A:N54I	B:N251I	logit=-0.794
A:E100V	B:E297V	logit=-0.799

Top tied mutations (C + D view):
C:V218L	D:V491L	logit=-0.451
C:K191R	D:K464R	logit=-0.529
C:S180T	D:S453T	logit=-0.646
C:T42V	D:T315V	logit=-0.727
C:N51P	D:N324P	logit=-0.850

Top tied mutations (A + B view):
A:T18V	B:T215V	logit=-0.262
A:N55S	B:N252S	logit=-0.276
A:N54V	B:N251V	logit=-0.502
A:E100V	B:E297V	logit=-0.836
A:N57R	B:N254R	logit=-0.955

Top tied mutations (C + D view):
C:V218L	D:V491L	logit=-0.431
C:K191R	D:K464R	logit=-0.599
C:S180T	D:S453T	logit=-0.662
C:T42V	D:T315V	logit=-0.709
C:N51P	D:N324P	logit=-0.853

Top tied mutations (A + B view):
A:T18V	B:T215V	logit=-0.201
A:N55S	B:N252S	logit=-0.413
A:N54V	B:N251V	logit=-0.426
A:E100V	B:E297V	logit=-0.691
A:V102I	B:V299I	logit=-0.853

Top tied mutations (C + D view):
C:V218L	D:V491L	logit=-0.503
C:K191R	D:K464R	logit=-0.576
C:S180T	D:S453T	logit=-0.685
C:T42V	D:T315V	logit=-0.731
C:N51P	D:N324P	logit=-0.860

Top tied mutations (A + B view):
A:T18V	B:T215V	logit=-0.215
A:N55S	B:N252S	logit=-0.294
A:N54V	B:N251V	logit=-0.505
A:N54I	B:N251I	logit=-0.815
A:E100V	B:E297V	logit=-0.849

Top tied mutations (C + D view):
C:V218L	D:V491L	logit=-0.469
C:K191R	D:K464R	logit=-0.562
C:S180T	D:S453T	logit=-0.644
C:T42V	D:T315V	logit=-0.755
C:S89A	D:S362A	logit=-0.885

Top tied mutations (A + B view):
A:T18V	B:T215V	logit=-0.181
A:N55S	B:N252S	logit=-0.277
A:N54V	B:N251V	logit=-0.420
A:E100V	B:E297V	logit=-0.848
A:V102I	B:V299I	logit=-0.900

Top tied mutations (C + D view):
C:V218L	D:V491L	logit=-0.472
C:K191R	D:K464R	logit=-0.562
C:S180T	D:S453T	logit=-0.640
C:T42V	D:T315V	logit=-0.721
C:N51P	D:N324P	logit=-0.893

Top tied mutations (A + B view):
A:T18V	B:T215V	logit=-0.174
A:N55S	B:N252S	logit=-0.282
A:N54V	B:N251V	logit=-0.398
A:E100V	B:E297V	logit=-0.699
A:V102I	B:V299I	logit=-0.792

Top tied mutations (C + D view):
C:V218L	D:V491L	logit=-0.507
C:K191R	D:K464R	logit=-0.548
C:S180T	D:S453T	logit=-0.658
C:T42V	D:T315V	logit=-0.786
C:N51P	D:N324P	logit=-0.879

Top tied mutations (A + B view):
A:N55S	B:N252S	logit=-0.259
A:T18V	B:T215V	logit=-0.348
A:N54V	B:N251V	logit=-0.405
A:R61K	B:R258K	logit=-0.735
A:E100V	B:E297V	logit=-0.764

Top tied mutations (C + D view):
C:V218L	D:V491L	logit=-0.481
C:K191R	D:K464R	logit=-0.582
C:S180T	D:S453T	logit=-0.637
C:T42V	D:T315V	logit=-0.764
C:N51P	D:N324P	logit=-0.899

Top tied mutations (A + B view):
A:T18V	B:T215V	logit=-0.267
A:N55S	B:N252S	logit=-0.421
A:N54V	B:N251V	logit=-0.598
A:E100V	B:E297V	logit=-0.645
A:N57R	B:N254R	logit=-0.846

Top tied mutations (C + D view):
C:V218L	D:V491L	logit=-0.494
C:K191R	D:K464R	logit=-0.550
C:S180T	D:S453T	logit=-0.670
C:T42V	D:T315V	logit=-0.748
C:A168P	D:A441P	logit=-0.879

Top tied mutations (A + B view):
A:T18V	B:T215V	logit=-0.227
A:N55S	B:N252S	logit=-0.338
A:N54V	B:N251V	logit=-0.479
A:E100V	B:E297V	logit=-0.726
A:V58T	B:V255T	logit=-0.845

Top tied mutations (C + D view):
C:V218L	D:V491L	logit=-0.430
C:K191R	D:K464R	logit=-0.526
C:S180T	D:S453T	logit=-0.680
C:T42V	D:T315V	logit=-0.721
C:N51P	D:N324P	logit=-0.851

Top tied mutations (A + B view):
A:T18V	B:T215V	logit=-0.227
A:N54V	B:N251V	logit=-0.366
A:N55S	B:N252S	logit=-0.368
A:E100V	B:E297V	logit=-0.776
A:N54I	B:N251I	logit=-0.832

Top tied mutations (C + D view):
C:V218L	D:V491L	logit=-0.478
C:K191R	D:K464R	logit=-0.550
C:S180T	D:S453T	logit=-0.653
C:T42V	D:T315V	logit=-0.759
C:N51P	D:N324P	logit=-0.838

Top tied mutations (A + B view):
A:T18V	B:T215V	logit=-0.245
A:N55S	B:N252S	logit=-0.298
A:N54V	B:N251V	logit=-0.343
A:N54I	B:N251I	logit=-0.779
A:V102I	B:V299I	logit=-0.825

Top tied mutations (C + D view):
C:V218L	D:V491L	logit=-0.404
C:K191R	D:K464R	logit=-0.607
C:S180T	D:S453T	logit=-0.664
C:T42V	D:T315V	logit=-0.722
C:N51P	D:N324P	logit=-0.918

Top tied mutations (A + B view):
A:T18V	B:T215V	logit=-0.268
A:N55S	B:N252S	logit=-0.290
A:N54V	B:N251V	logit=-0.496
A:E100V	B:E297V	logit=-0.801
A:N57R	B:N254R	logit=-0.862

Top tied mutations (C + D view):
C:V218L	D:V491L	logit=-0.414
C:K191R	D:K464R	logit=-0.512
C:S180T	D:S453T	logit=-0.668
C:N51P	D:N324P	logit=-0.742
C:T42V	D:T315V	logit=-0.767

Top tied mutations (A + B view):
A:T18V	B:T215V	logit=-0.231
A:N55S	B:N252S	logit=-0.333
A:N54V	B:N251V	logit=-0.430
A:E100V	B:E297V	logit=-0.700
A:N57R	B:N254R	logit=-0.969

Top tied mutations (C + D view):
C:V218L	D:V491L	logit=-0.447
C:K191R	D:K464R	logit=-0.598
C:S180T	D:S453T	logit=-0.668
C:T42V	D:T315V	logit=-0.700
C:N51P	D:N324P	logit=-0.824

Top tied mutations (A + B view):
A:T18V	B:T215V	logit=-0.267
A:N55S	B:N252S	logit=-0.314
A:N54V	B:N251V	logit=-0.602
A:E100V	B:E297V	logit=-0.772
A:V102I	B:V299I	logit=-0.900

Top tied mutations (C + D view):
C:V218L	D:V491L	logit=-0.420
C:K191R	D:K464R	logit=-0.619
C:S180T	D:S453T	logit=-0.649
C:T42V	D:T315V	logit=-0.741
C:N51P	D:N324P	logit=-0.826

Top tied mutations (A + B view):
A:T18V	B:T215V	logit=-0.243
A:N55S	B:N252S	logit=-0.340
A:N54V	B:N251V	logit=-0.493
A:E100V	B:E297V	logit=-0.845
A:V102I	B:V299I	logit=-0.905

Top tied mutations (C + D view):
C:V218L	D:V491L	logit=-0.457
C:K191R	D:K464R	logit=-0.565
C:S180T	D:S453T	logit=-0.613
C:T42V	D:T315V	logit=-0.711
C:N51P	D:N324P	logit=-0.832

Top tied mutations (A + B view):
A:T18V	B:T215V	logit=-0.272
A:N55S	B:N252S	logit=-0.323
A:N54V	B:N251V	logit=-0.405
A:E100V	B:E297V	logit=-0.684
A:N57R	B:N254R	logit=-0.753

Top tied mutations (C + D view):
C:V218L	D:V491L	logit=-0.439
C:K191R	D:K464R	logit=-0.508
C:S180T	D:S453T	logit=-0.654
C:N51P	D:N324P	logit=-0.749
C:T42V	D:T315V	logit=-0.756

Top tied mutations (A + B view):
A:T18V	B:T215V	logit=-0.279
A:N55S	B:N252S	logit=-0.342
A:N54V	B:N251V	logit=-0.470
A:E100V	B:E297V	logit=-0.704
A:R61K	B:R258K	logit=-0.906

Top tied mutations (C + D view):
C:V218L	D:V491L	logit=-0.466
C:K191R	D:K464R	logit=-0.571
C:S180T	D:S453T	logit=-0.655
C:T42V	D:T315V	logit=-0.762
C:N51P	D:N324P	logit=-0.788

Top tied mutations (A + B view):
A:T18V	B:T215V	logit=-0.139
A:N55S	B:N252S	logit=-0.293
A:N54V	B:N251V	logit=-0.513
A:E100V	B:E297V	logit=-0.724
A:N54I	B:N251I	logit=-0.743

Top tied mutations (C + D view):
C:V218L	D:V491L	logit=-0.462
C:K191R	D:K464R	logit=-0.578
C:S180T	D:S453T	logit=-0.643
C:T42V	D:T315V	logit=-0.755
C:N51P	D:N324P	logit=-0.827

Top tied mutations (A + B view):
A:N54V	B:N251V	logit=-0.248
A:T18V	B:T215V	logit=-0.322
A:N55S	B:N252S	logit=-0.349
A:N57R	B:N254R	logit=-0.832
A:E100V	B:E297V	logit=-0.849

Top tied mutations (C + D view):
C:V218L	D:V491L	logit=-0.461
C:K191R	D:K464R	logit=-0.626
C:S180T	D:S453T	logit=-0.660
C:T42V	D:T315V	logit=-0.731
C:N51P	D:N324P	logit=-0.824

Top tied mutations (A + B view):
A:N55S	B:N252S	logit=-0.245
A:T18V	B:T215V	logit=-0.252
A:N54V	B:N251V	logit=-0.508
A:E100V	B:E297V	logit=-0.681
A:N57R	B:N254R	logit=-0.796

Top tied mutations (C + D view):
C:V218L	D:V491L	logit=-0.412
C:K191R	D:K464R	logit=-0.579
C:S180T	D:S453T	logit=-0.635
C:T42V	D:T315V	logit=-0.703
C:N51P	D:N324P	logit=-0.801

Top tied mutations (A + B view):
A:T18V	B:T215V	logit=-0.242
A:N54V	B:N251V	logit=-0.262
A:N55S	B:N252S	logit=-0.413
A:E100V	B:E297V	logit=-0.812
A:V58T	B:V255T	logit=-0.818

Top tied mutations (C + D view):
C:V218L	D:V491L	logit=-0.454
C:K191R	D:K464R	logit=-0.561
C:S180T	D:S453T	logit=-0.653
C:T42V	D:T315V	logit=-0.710
C:N51P	D:N324P	logit=-0.781

Top tied mutations (A + B view):
A:T18V	B:T215V	logit=-0.263
A:N55S	B:N252S	logit=-0.370
A:N54V	B:N251V	logit=-0.510
A:N57R	B:N254R	logit=-0.682
A:N54I	B:N251I	logit=-0.713

Top tied mutations (C + D view):
C:V218L	D:V491L	logit=-0.481
C:S180T	D:S453T	logit=-0.644
C:K191R	D:K464R	logit=-0.664
C:T42V	D:T315V	logit=-0.706
C:N51P	D:N324P	logit=-0.865

Top tied mutations (A + B view):
A:T18V	B:T215V	logit=-0.201
A:N55S	B:N252S	logit=-0.264
A:N54V	B:N251V	logit=-0.324
A:E100V	B:E297V	logit=-0.800
A:V102I	B:V299I	logit=-0.882

Top tied mutations (C + D view):
C:V218L	D:V491L	logit=-0.451
C:K191R	D:K464R	logit=-0.518
C:S180T	D:S453T	logit=-0.617
C:T42V	D:T315V	logit=-0.705
C:N51P	D:N324P	logit=-0.894

Top tied mutations (A + B view):
A:T18V	B:T215V	logit=-0.236
A:N55S	B:N252S	logit=-0.329
A:N54V	B:N251V	logit=-0.350
A:E100V	B:E297V	logit=-0.834
A:V102I	B:V299I	logit=-0.893

Top tied mutations (C + D view):
C:V218L	D:V491L	logit=-0.455
C:K191R	D:K464R	logit=-0.542
C:S180T	D:S453T	logit=-0.636
C:T42V	D:T315V	logit=-0.742
C:N51P	D:N324P	logit=-0.824

Top tied mutations (A + B view):
A:N55S	B:N252S	logit=-0.284
A:T18V	B:T215V	logit=-0.303
A:N54V	B:N251V	logit=-0.499
A:E100V	B:E297V	logit=-0.673
A:N57R	B:N254R	logit=-0.876

Top tied mutations (C + D view):
C:V218L	D:V491L	logit=-0.420
C:K191R	D:K464R	logit=-0.525
C:S180T	D:S453T	logit=-0.650
C:T42V	D:T315V	logit=-0.737
C:N51P	D:N324P	logit=-0.849

Top tied mutations (A + B view):
A:T18V	B:T215V	logit=-0.238
A:N55S	B:N252S	logit=-0.302
A:N54V	B:N251V	logit=-0.492
A:E100V	B:E297V	logit=-0.717
A:N54I	B:N251I	logit=-0.801

Top tied mutations (C + D view):
C:V218L	D:V491L	logit=-0.422
C:K191R	D:K464R	logit=-0.603
C:S180T	D:S453T	logit=-0.673
C:T42V	D:T315V	logit=-0.702
C:N51P	D:N324P	logit=-0.810

Top tied mutations (A + B view):
A:T18V	B:T215V	logit=-0.145
A:N55S	B:N252S	logit=-0.316
A:N54V	B:N251V	logit=-0.449
A:E100V	B:E297V	logit=-0.859
A:V58T	B:V255T	logit=-0.883

Top tied mutations (C + D view):
C:V218L	D:V491L	logit=-0.418
C:K191R	D:K464R	logit=-0.555
C:S180T	D:S453T	logit=-0.644
C:T42V	D:T315V	logit=-0.727
C:N51P	D:N324P	logit=-0.774

Top tied mutations (A + B view):
A:T18V	B:T215V	logit=-0.268
A:N55S	B:N252S	logit=-0.315
A:N54V	B:N251V	logit=-0.446
A:E100V	B:E297V	logit=-0.775
A:V58T	B:V255T	logit=-0.914

Top tied mutations (C + D view):
C:V218L	D:V491L	logit=-0.456
C:K191R	D:K464R	logit=-0.580
C:S180T	D:S453T	logit=-0.657
C:T42V	D:T315V	logit=-0.766
C:N51P	D:N324P	logit=-0.811

Top tied mutations (A + B view):
A:T18V	B:T215V	logit=-0.226
A:N55S	B:N252S	logit=-0.267
A:N54V	B:N251V	logit=-0.380
A:E100V	B:E297V	logit=-0.833
A:V102I	B:V299I	logit=-0.898

Top tied mutations (C + D view):
C:V218L	D:V491L	logit=-0.415
C:K191R	D:K464R	logit=-0.560
C:S180T	D:S453T	logit=-0.665
C:T42V	D:T315V	logit=-0.761
C:N51P	D:N324P	logit=-0.864

Top tied mutations (A + B view):
A:T18V	B:T215V	logit=-0.247
A:N55S	B:N252S	logit=-0.322
A:N54V	B:N251V	logit=-0.386
A:E100V	B:E297V	logit=-0.798
A:V102I	B:V299I	logit=-0.805

Top tied mutations (C + D view):
C:V218L	D:V491L	logit=-0.429
C:K191R	D:K464R	logit=-0.557
C:S180T	D:S453T	logit=-0.679
C:T42V	D:T315V	logit=-0.738
C:N51P	D:N324P	logit=-0.829

Top tied mutations (A + B view):
A:T18V	B:T215V	logit=-0.236
A:N55S	B:N252S	logit=-0.297
A:N54V	B:N251V	logit=-0.360
A:E100V	B:E297V	logit=-0.837
A:N57R	B:N254R	logit=-0.884

Top tied mutations (C + D view):
C:V218L	D:V491L	logit=-0.454
C:K191R	D:K464R	logit=-0.557
C:S180T	D:S453T	logit=-0.656
C:T42V	D:T315V	logit=-0.666
C:N51P	D:N324P	logit=-0.807

Top tied mutations (A + B view):
A:T18V	B:T215V	logit=-0.152
A:N55S	B:N252S	logit=-0.270
A:N54V	B:N251V	logit=-0.503
A:E100V	B:E297V	logit=-0.702
A:V102I	B:V299I	logit=-0.847

Top tied mutations (C + D view):
C:V218L	D:V491L	logit=-0.433
C:K191R	D:K464R	logit=-0.583
C:S180T	D:S453T	logit=-0.681
C:T42V	D:T315V	logit=-0.762
C:N51P	D:N324P	logit=-0.773

Top tied mutations (A + B view):
A:T18V	B:T215V	logit=-0.284
A:N54V	B:N251V	logit=-0.336
A:N55S	B:N252S	logit=-0.353
A:E100V	B:E297V	logit=-0.748
A:R61K	B:R258K	logit=-0.893

Top tied mutations (C + D view):
C:V218L	D:V491L	logit=-0.491
C:K191R	D:K464R	logit=-0.592
C:S180T	D:S453T	logit=-0.647
C:T42V	D:T315V	logit=-0.804
C:N51P	D:N324P	logit=-0.906

Top tied mutations (A + B view):
A:T18V	B:T215V	logit=-0.190
A:N55S	B:N252S	logit=-0.291
A:N54V	B:N251V	logit=-0.413
A:E100V	B:E297V	logit=-0.761
A:N57R	B:N254R	logit=-0.785

Top tied mutations (C + D view):
C:V218L	D:V491L	logit=-0.495
C:K191R	D:K464R	logit=-0.535
C:S180T	D:S453T	logit=-0.637
C:T42V	D:T315V	logit=-0.727
C:N51P	D:N324P	logit=-0.838

Top tied mutations (A + B view):
A:T18V	B:T215V	logit=-0.247
A:N55S	B:N252S	logit=-0.336
A:N54V	B:N251V	logit=-0.385
A:E100V	B:E297V	logit=-0.911
A:V102I	B:V299I	logit=-0.943

Top tied mutations (C + D view):
C:V218L	D:V491L	logit=-0.439
C:K191R	D:K464R	logit=-0.555
C:S180T	D:S453T	logit=-0.648
C:T42V	D:T315V	logit=-0.703
C:N51P	D:N324P	logit=-0.818

Top tied mutations (A + B view):
A:T18V	B:T215V	logit=-0.241
A:N55S	B:N252S	logit=-0.348
A:N54V	B:N251V	logit=-0.536
A:E100V	B:E297V	logit=-0.803
A:V102I	B:V299I	logit=-0.843

Top tied mutations (C + D view):
C:V218L	D:V491L	logit=-0.468
C:K191R	D:K464R	logit=-0.570
C:S180T	D:S453T	logit=-0.646
C:N51P	D:N324P	logit=-0.776
C:T42V	D:T315V	logit=-0.797

Top tied mutations (A + B view):
A:T18V	B:T215V	logit=-0.167
A:N55S	B:N252S	logit=-0.269
A:N54V	B:N251V	logit=-0.434
A:E100V	B:E297V	logit=-0.739
A:V102I	B:V299I	logit=-0.809

Top tied mutations (C + D view):
C:V218L	D:V491L	logit=-0.495
C:K191R	D:K464R	logit=-0.584
C:S180T	D:S453T	logit=-0.668
C:T42V	D:T315V	logit=-0.717
C:N51P	D:N324P	logit=-0.740

Top tied mutations (A + B view):
A:T18V	B:T215V	logit=-0.216
A:N55S	B:N252S	logit=-0.301
A:N54V	B:N251V	logit=-0.588
A:E100V	B:E297V	logit=-0.773
A:V58T	B:V255T	logit=-0.920

Top tied mutations (C + D view):
C:V218L	D:V491L	logit=-0.467
C:K191R	D:K464R	logit=-0.622
C:S180T	D:S453T	logit=-0.676
C:T42V	D:T315V	logit=-0.741
C:S89A	D:S362A	logit=-0.887

Top tied mutations (A + B view):
A:T18V	B:T215V	logit=-0.260
A:N55S	B:N252S	logit=-0.280
A:N54V	B:N251V	logit=-0.329
A:N54I	B:N251I	logit=-0.717
A:E100V	B:E297V	logit=-0.786

Top tied mutations (C + D view):
C:V218L	D:V491L	logit=-0.457
C:K191R	D:K464R	logit=-0.579
C:S180T	D:S453T	logit=-0.644
C:T42V	D:T315V	logit=-0.694
C:N51P	D:N324P	logit=-0.860

Top tied mutations (A + B view):
A:T18V	B:T215V	logit=-0.171
A:N55S	B:N252S	logit=-0.297
A:N54V	B:N251V	logit=-0.471
A:E100V	B:E297V	logit=-0.791
A:V58T	B:V255T	logit=-0.831

Top tied mutations (C + D view):
C:V218L	D:V491L	logit=-0.477
C:K191R	D:K464R	logit=-0.484
C:S180T	D:S453T	logit=-0.627
C:T42V	D:T315V	logit=-0.761
C:N51P	D:N324P	logit=-0.781

Top tied mutations (A + B view):
A:T18V	B:T215V	logit=-0.147
A:N55S	B:N252S	logit=-0.350
A:N54V	B:N251V	logit=-0.423
A:R61K	B:R258K	logit=-0.778
A:V58T	B:V255T	logit=-0.835

Top tied mutations (C + D view):
C:V218L	D:V491L	logit=-0.467
C:K191R	D:K464R	logit=-0.568
C:S180T	D:S453T	logit=-0.640
C:T42V	D:T315V	logit=-0.735
C:N51P	D:N324P	logit=-0.816

Top tied mutations (A + B view):
A:T18V	B:T215V	logit=-0.247
A:N55S	B:N252S	logit=-0.293
A:N54V	B:N251V	logit=-0.648
A:E100V	B:E297V	logit=-0.850
A:R61V	B:R258V	logit=-0.954

Top tied mutations (C + D view):
C:V218L	D:V491L	logit=-0.478
C:K191R	D:K464R	logit=-0.628
C:S180T	D:S453T	logit=-0.674
C:T42V	D:T315V	logit=-0.740
C:N51P	D:N324P	logit=-0.771

Top tied mutations (A + B view):
A:T18V	B:T215V	logit=-0.237
A:N55S	B:N252S	logit=-0.321
A:N54V	B:N251V	logit=-0.492
A:E100V	B:E297V	logit=-0.707
A:N57R	B:N254R	logit=-0.865

Top tied mutations (C + D view):
C:V218L	D:V491L	logit=-0.485
C:K191R	D:K464R	logit=-0.562
C:S180T	D:S453T	logit=-0.660
C:N51P	D:N324P	logit=-0.711
C:T42V	D:T315V	logit=-0.771

Top tied mutations (A + B view):
A:T18V	B:T215V	logit=-0.226
A:N55S	B:N252S	logit=-0.262
A:N54V	B:N251V	logit=-0.409
A:E100V	B:E297V	logit=-0.586
A:N54I	B:N251I	logit=-0.724

Top tied mutations (C + D view):
C:V218L	D:V491L	logit=-0.486
C:K191R	D:K464R	logit=-0.578
C:S180T	D:S453T	logit=-0.626
C:T42V	D:T315V	logit=-0.724
C:N51P	D:N324P	logit=-0.810

Top tied mutations (A + B view):
A:T18V	B:T215V	logit=-0.256
A:N55S	B:N252S	logit=-0.288
A:N54V	B:N251V	logit=-0.324
A:E100V	B:E297V	logit=-0.801
A:V58T	B:V255T	logit=-0.951

Top tied mutations (C + D view):
C:V218L	D:V491L	logit=-0.486
C:K191R	D:K464R	logit=-0.589
C:S180T	D:S453T	logit=-0.658
C:T42V	D:T315V	logit=-0.690
C:N51P	D:N324P	logit=-0.778

Top tied mutations (A + B view):
A:N55S	B:N252S	logit=-0.248
A:T18V	B:T215V	logit=-0.286
A:N54V	B:N251V	logit=-0.371
A:E100V	B:E297V	logit=-0.746
A:V102I	B:V299I	logit=-0.884

Top tied mutations (C + D view):
C:V218L	D:V491L	logit=-0.461
C:K191R	D:K464R	logit=-0.544
C:S180T	D:S453T	logit=-0.674
C:T42V	D:T315V	logit=-0.715
C:N51P	D:N324P	logit=-0.851

Top tied mutations (A + B view):
A:T18V	B:T215V	logit=-0.308
A:N55S	B:N252S	logit=-0.308
A:N54V	B:N251V	logit=-0.378
A:R61K	B:R258K	logit=-0.727
A:V58T	B:V255T	logit=-0.869

Top tied mutations (C + D view):
C:V218L	D:V491L	logit=-0.435
C:K191R	D:K464R	logit=-0.591
C:S180T	D:S453T	logit=-0.648
C:T42V	D:T315V	logit=-0.737
C:N51P	D:N324P	logit=-0.899

Top tied mutations (A + B view):
A:T18V	B:T215V	logit=-0.211
A:N54V	B:N251V	logit=-0.258
A:N55S	B:N252S	logit=-0.301
A:E100V	B:E297V	logit=-0.763
A:V102I	B:V299I	logit=-0.812

Top tied mutations (C + D view):
C:V218L	D:V491L	logit=-0.465
C:K191R	D:K464R	logit=-0.548
C:S180T	D:S453T	logit=-0.666
C:T42V	D:T315V	logit=-0.711
C:N51P	D:N324P	logit=-0.866

Top tied mutations (A + B view):
A:N55S	B:N252S	logit=-0.225
A:T18V	B:T215V	logit=-0.261
A:N54V	B:N251V	logit=-0.502
A:E100V	B:E297V	logit=-0.734
A:N57R	B:N254R	logit=-0.768

Top tied mutations (C + D view):
C:V218L	D:V491L	logit=-0.473
C:K191R	D:K464R	logit=-0.520
C:S180T	D:S453T	logit=-0.641
C:T42V	D:T315V	logit=-0.689
C:N51P	D:N324P	logit=-0.776

Top tied mutations (A + B view):
A:T18V	B:T215V	logit=-0.271
A:N55S	B:N252S	logit=-0.322
A:N54V	B:N251V	logit=-0.377
A:E100V	B:E297V	logit=-0.773
A:R61K	B:R258K	logit=-0.798

Top tied mutations (C + D view):
C:V218L	D:V491L	logit=-0.480
C:K191R	D:K464R	logit=-0.520
C:S180T	D:S453T	logit=-0.658
C:T42V	D:T315V	logit=-0.768
C:S89A	D:S362A	logit=-0.942

Top tied mutations (A + B view):
A:T18V	B:T215V	logit=-0.257
A:N55S	B:N252S	logit=-0.309
A:N54V	B:N251V	logit=-0.575
A:N57R	B:N254R	logit=-0.702
A:E100V	B:E297V	logit=-0.765

Top tied mutations (C + D view):
C:V218L	D:V491L	logit=-0.415
C:K191R	D:K464R	logit=-0.579
C:S180T	D:S453T	logit=-0.650
C:T42V	D:T315V	logit=-0.772
C:N51P	D:N324P	logit=-0.924

Top tied mutations (A + B view):
A:T18V	B:T215V	logit=-0.230
A:N55S	B:N252S	logit=-0.294
A:N54V	B:N251V	logit=-0.494
A:E100V	B:E297V	logit=-0.773
A:N54I	B:N251I	logit=-0.858

Top tied mutations (C + D view):
C:V218L	D:V491L	logit=-0.457
C:K191R	D:K464R	logit=-0.567
C:S180T	D:S453T	logit=-0.637
C:T42V	D:T315V	logit=-0.761
C:N219S	D:N492S	logit=-0.938

Top tied mutations (A + B view):
A:T18V	B:T215V	logit=-0.232
A:N55S	B:N252S	logit=-0.335
A:N54V	B:N251V	logit=-0.561
A:E100V	B:E297V	logit=-0.626
A:V102I	B:V299I	logit=-0.817

Top tied mutations (C + D view):
C:V218L	D:V491L	logit=-0.461
C:K191R	D:K464R	logit=-0.577
C:S180T	D:S453T	logit=-0.676
C:T42V	D:T315V	logit=-0.815
C:S89A	D:S362A	logit=-0.954

Top tied mutations (A + B view):
A:T18V	B:T215V	logit=-0.216
A:N55S	B:N252S	logit=-0.290
A:N54V	B:N251V	logit=-0.557
A:E100V	B:E297V	logit=-0.838
A:R61V	B:R258V	logit=-0.894

Top tied mutations (C + D view):
C:V218L	D:V491L	logit=-0.493
C:K191R	D:K464R	logit=-0.507
C:S180T	D:S453T	logit=-0.680
C:T42V	D:T315V	logit=-0.743
C:N219S	D:N492S	logit=-0.921

Top tied mutations (A + B view):
A:T18V	B:T215V	logit=-0.259
A:N55S	B:N252S	logit=-0.307
A:N54V	B:N251V	logit=-0.571
A:V102I	B:V299I	logit=-0.866
A:E100V	B:E297V	logit=-0.867

Top tied mutations (C + D view):
C:V218L	D:V491L	logit=-0.416
C:K191R	D:K464R	logit=-0.534
C:S180T	D:S453T	logit=-0.638
C:T42V	D:T315V	logit=-0.736
C:N51P	D:N324P	logit=-0.825

Top tied mutations (A + B view):
A:T18V	B:T215V	logit=-0.292
A:N55S	B:N252S	logit=-0.350
A:N54V	B:N251V	logit=-0.366
A:E100V	B:E297V	logit=-0.874
A:Q59K	B:Q256K	logit=-0.907

Top tied mutations (C + D view):
C:V218L	D:V491L	logit=-0.416
C:K191R	D:K464R	logit=-0.583
C:S180T	D:S453T	logit=-0.641
C:T42V	D:T315V	logit=-0.749
C:N51P	D:N324P	logit=-0.877

Top tied mutations (A + B view):
A:T18V	B:T215V	logit=-0.177
A:N55S	B:N252S	logit=-0.288
A:N54V	B:N251V	logit=-0.382
A:V58T	B:V255T	logit=-0.778
A:R61K	B:R258K	logit=-0.794

Top tied mutations (C + D view):
C:V218L	D:V491L	logit=-0.463
C:K191R	D:K464R	logit=-0.515
C:S180T	D:S453T	logit=-0.650
C:N51P	D:N324P	logit=-0.716
C:T42V	D:T315V	logit=-0.768

Top tied mutations (A + B view):
A:N55S	B:N252S	logit=-0.285
A:T18V	B:T215V	logit=-0.330
A:N54V	B:N251V	logit=-0.502
A:E100V	B:E297V	logit=-0.803
A:R61V	B:R258V	logit=-0.892

Top tied mutations (C + D view):
C:V218L	D:V491L	logit=-0.425
C:K191R	D:K464R	logit=-0.619
C:S180T	D:S453T	logit=-0.659
C:N51P	D:N324P	logit=-0.720
C:T42V	D:T315V	logit=-0.735

Top tied mutations (A + B view):
A:T18V	B:T215V	logit=-0.206
A:N55S	B:N252S	logit=-0.343
A:N54V	B:N251V	logit=-0.385
A:N54I	B:N251I	logit=-0.774
A:E100V	B:E297V	logit=-0.799

Top tied mutations (C + D view):
C:V218L	D:V491L	logit=-0.464
C:K191R	D:K464R	logit=-0.560
C:S180T	D:S453T	logit=-0.654
C:T42V	D:T315V	logit=-0.705
C:S89A	D:S362A	logit=-0.884

Top tied mutations (A + B view):
A:T18V	B:T215V	logit=-0.263
A:N55S	B:N252S	logit=-0.302
A:N54V	B:N251V	logit=-0.396
A:E100V	B:E297V	logit=-0.717
A:R61K	B:R258K	logit=-0.798

Top tied mutations (C + D view):
C:V218L	D:V491L	logit=-0.421
C:K191R	D:K464R	logit=-0.584
C:S180T	D:S453T	logit=-0.667
C:T42V	D:T315V	logit=-0.703
C:N51P	D:N324P	logit=-0.784

Top tied mutations (A + B view):
A:T18V	B:T215V	logit=-0.239
A:N55S	B:N252S	logit=-0.301
A:N54V	B:N251V	logit=-0.396
A:E100V	B:E297V	logit=-0.759
A:N54I	B:N251I	logit=-0.784

Top tied mutations (C + D view):
C:V218L	D:V491L	logit=-0.443
C:K191R	D:K464R	logit=-0.589
C:S180T	D:S453T	logit=-0.655
C:T42V	D:T315V	logit=-0.803
C:S89A	D:S362A	logit=-0.899

Top tied mutations (A + B view):
A:T18V	B:T215V	logit=-0.235
A:N55S	B:N252S	logit=-0.339
A:N54V	B:N251V	logit=-0.572
A:R61K	B:R258K	logit=-0.630
A:E100V	B:E297V	logit=-0.756

Top tied mutations (C + D view):
C:V218L	D:V491L	logit=-0.498
C:K191R	D:K464R	logit=-0.558
C:S180T	D:S453T	logit=-0.666
C:T42V	D:T315V	logit=-0.730
C:N51P	D:N324P	logit=-0.852

Top tied mutations (A + B view):
A:N55S	B:N252S	logit=-0.262
A:T18V	B:T215V	logit=-0.295
A:N54V	B:N251V	logit=-0.478
A:E100V	B:E297V	logit=-0.659
A:R61K	B:R258K	logit=-0.785

Top tied mutations (C + D view):
C:V218L	D:V491L	logit=-0.464
C:K191R	D:K464R	logit=-0.556
C:S180T	D:S453T	logit=-0.657
C:T42V	D:T315V	logit=-0.703
C:S89A	D:S362A	logit=-0.842

Top tied mutations (A + B view):
A:T18V	B:T215V	logit=-0.248
A:N55S	B:N252S	logit=-0.276
A:N54V	B:N251V	logit=-0.491
A:E100V	B:E297V	logit=-0.836
A:N54I	B:N251I	logit=-0.890

Top tied mutations (C + D view):
C:V218L	D:V491L	logit=-0.461
C:K191R	D:K464R	logit=-0.572
C:S180T	D:S453T	logit=-0.658
C:T42V	D:T315V	logit=-0.741
C:N51P	D:N324P	logit=-0.831

Top tied mutations (A + B view):
A:T18V	B:T215V	logit=-0.311
A:N54V	B:N251V	logit=-0.334
A:N55S	B:N252S	logit=-0.344
A:E100V	B:E297V	logit=-0.732
A:N54I	B:N251I	logit=-0.793

Top tied mutations (C + D view):
C:V218L	D:V491L	logit=-0.420
C:K191R	D:K464R	logit=-0.625
C:S180T	D:S453T	logit=-0.655
C:T42V	D:T315V	logit=-0.745
C:N51P	D:N324P	logit=-0.825

Top tied mutations (A + B view):
A:T18V	B:T215V	logit=-0.128
A:N55S	B:N252S	logit=-0.315
A:N54V	B:N251V	logit=-0.486
A:E100V	B:E297V	logit=-0.680
A:N54I	B:N251I	logit=-0.842

Top tied mutations (C + D view):
C:V218L	D:V491L	logit=-0.438
C:K191R	D:K464R	logit=-0.541
C:S180T	D:S453T	logit=-0.659
C:T42V	D:T315V	logit=-0.753
C:N51P	D:N324P	logit=-0.886

Top tied mutations (A + B view):
A:T18V	B:T215V	logit=-0.203
A:N55S	B:N252S	logit=-0.425
A:N54V	B:N251V	logit=-0.446
A:E100V	B:E297V	logit=-0.797
A:V102I	B:V299I	logit=-0.909

Top tied mutations (C + D view):
C:V218L	D:V491L	logit=-0.467
C:K191R	D:K464R	logit=-0.531
C:S180T	D:S453T	logit=-0.665
C:T42V	D:T315V	logit=-0.738
C:S89A	D:S362A	logit=-0.940

Top tied mutations (A + B view):
A:T18V	B:T215V	logit=-0.271
A:N55S	B:N252S	logit=-0.364
A:N54V	B:N251V	logit=-0.426
A:E100V	B:E297V	logit=-0.701
A:N54I	B:N251I	logit=-0.823

Top tied mutations (C + D view):
C:V218L	D:V491L	logit=-0.491
C:K191R	D:K464R	logit=-0.563
C:S180T	D:S453T	logit=-0.649
C:T42V	D:T315V	logit=-0.718
C:N51P	D:N324P	logit=-0.839

Top tied mutations (A + B view):
A:T18V	B:T215V	logit=-0.267
A:N55S	B:N252S	logit=-0.301
A:N54V	B:N251V	logit=-0.473
A:N54I	B:N251I	logit=-0.629
A:N57R	B:N254R	logit=-0.875

Top tied mutations (C + D view):
C:V218L	D:V491L	logit=-0.443
C:K191R	D:K464R	logit=-0.589
C:S180T	D:S453T	logit=-0.651
C:T42V	D:T315V	logit=-0.770
C:N51P	D:N324P	logit=-0.804

Top tied mutations (A + B view):
A:T18V	B:T215V	logit=-0.197
A:N55S	B:N252S	logit=-0.279
A:N54V	B:N251V	logit=-0.459
A:E100V	B:E297V	logit=-0.662
A:N57R	B:N254R	logit=-0.849

Top tied mutations (C + D view):
C:V218L	D:V491L	logit=-0.454
C:K191R	D:K464R	logit=-0.550
C:S180T	D:S453T	logit=-0.641
C:T42V	D:T315V	logit=-0.669
C:N51P	D:N324P	logit=-0.837

Top tied mutations (A + B view):
A:T18V	B:T215V	logit=-0.270
A:N55S	B:N252S	logit=-0.316
A:N54V	B:N251V	logit=-0.345
A:N54I	B:N251I	logit=-0.711
A:E100V	B:E297V	logit=-0.780

Top tied mutations (C + D view):
C:V218L	D:V491L	logit=-0.433
C:K191R	D:K464R	logit=-0.565
C:S180T	D:S453T	logit=-0.649
C:N51P	D:N324P	logit=-0.690
C:T42V	D:T315V	logit=-0.691

Top tied mutations (A + B view):
A:T18V	B:T215V	logit=-0.174
A:N55S	B:N252S	logit=-0.361
A:N54V	B:N251V	logit=-0.581
A:E100V	B:E297V	logit=-0.760
A:R61K	B:R258K	logit=-0.918

Top tied mutations (C + D view):
C:V218L	D:V491L	logit=-0.474
C:K191R	D:K464R	logit=-0.552
C:S180T	D:S453T	logit=-0.652
C:T42V	D:T315V	logit=-0.757
C:S89A	D:S362A	logit=-0.893

Top tied mutations (A + B view):
A:T18V	B:T215V	logit=-0.206
A:N55S	B:N252S	logit=-0.265
A:N54V	B:N251V	logit=-0.509
A:E100V	B:E297V	logit=-0.717
A:R61K	B:R258K	logit=-0.927

Top tied mutations (C + D view):
C:V218L	D:V491L	logit=-0.455
C:K191R	D:K464R	logit=-0.606
C:S180T	D:S453T	logit=-0.636
C:T42V	D:T315V	logit=-0.709
C:N51P	D:N324P	logit=-0.775

Top tied mutations (A + B view):
A:T18V	B:T215V	logit=-0.219
A:N55S	B:N252S	logit=-0.317
A:N54V	B:N251V	logit=-0.396
A:N54I	B:N251I	logit=-0.702
A:E100V	B:E297V	logit=-0.780

Top tied mutations (C + D view):
C:V218L	D:V491L	logit=-0.476
C:K191R	D:K464R	logit=-0.605
C:S180T	D:S453T	logit=-0.638
C:N51P	D:N324P	logit=-0.708
C:T42V	D:T315V	logit=-0.736

Top tied mutations (A + B view):
A:T18V	B:T215V	logit=-0.227
A:N55S	B:N252S	logit=-0.314
A:N54V	B:N251V	logit=-0.421
A:E100V	B:E297V	logit=-0.808
A:V102I	B:V299I	logit=-0.830

Top tied mutations (C + D view):
C:V218L	D:V491L	logit=-0.409
C:K191R	D:K464R	logit=-0.541
C:S180T	D:S453T	logit=-0.664
C:T42V	D:T315V	logit=-0.737
C:N51P	D:N324P	logit=-0.813

Top tied mutations (A + B view):
A:T18V	B:T215V	logit=-0.247
A:N55S	B:N252S	logit=-0.287
A:N54V	B:N251V	logit=-0.316
A:E100V	B:E297V	logit=-0.776
A:N54I	B:N251I	logit=-0.844

Top tied mutations (C + D view):
C:V218L	D:V491L	logit=-0.448
C:K191R	D:K464R	logit=-0.550
C:S180T	D:S453T	logit=-0.665
C:T42V	D:T315V	logit=-0.672
C:N51P	D:N324P	logit=-0.892

Top tied mutations (A + B view):
A:N55S	B:N252S	logit=-0.227
A:T18V	B:T215V	logit=-0.293
A:N54V	B:N251V	logit=-0.470
A:E100V	B:E297V	logit=-0.871
A:R61V	B:R258V	logit=-0.877

Top tied mutations (C + D view):
C:V218L	D:V491L	logit=-0.441
C:K191R	D:K464R	logit=-0.535
C:S180T	D:S453T	logit=-0.661
C:T42V	D:T315V	logit=-0.752
C:N51P	D:N324P	logit=-0.847

Top tied mutations (A + B view):
A:N55S	B:N252S	logit=-0.229
A:T18V	B:T215V	logit=-0.232
A:N54V	B:N251V	logit=-0.412
A:E100V	B:E297V	logit=-0.860
A:R61V	B:R258V	logit=-0.966

Top tied mutations (C + D view):
C:V218L	D:V491L	logit=-0.454
C:K191R	D:K464R	logit=-0.492
C:S180T	D:S453T	logit=-0.650
C:T42V	D:T315V	logit=-0.726
C:N51P	D:N324P	logit=-0.824

Top tied mutations (A + B view):
A:T18V	B:T215V	logit=-0.222
A:N55S	B:N252S	logit=-0.270
A:N54V	B:N251V	logit=-0.557
A:E100V	B:E297V	logit=-0.681
A:N57R	B:N254R	logit=-0.731

Top tied mutations (C + D view):
C:V218L	D:V491L	logit=-0.432
C:K191R	D:K464R	logit=-0.576
C:S180T	D:S453T	logit=-0.683
C:T42V	D:T315V	logit=-0.780
C:N51P	D:N324P	logit=-0.787

Top tied mutations (A + B view):
A:T18V	B:T215V	logit=-0.187
A:N55S	B:N252S	logit=-0.337
A:N54V	B:N251V	logit=-0.416
A:E100V	B:E297V	logit=-0.664
A:V102I	B:V299I	logit=-0.839

Top tied mutations (C + D view):
C:V218L	D:V491L	logit=-0.470
C:K191R	D:K464R	logit=-0.512
C:S180T	D:S453T	logit=-0.648
C:T42V	D:T315V	logit=-0.752
C:A168P	D:A441P	logit=-0.931

Top tied mutations (A + B view):
A:N55S	B:N252S	logit=-0.246
A:T18V	B:T215V	logit=-0.247
A:N54V	B:N251V	logit=-0.518
A:N57R	B:N254R	logit=-0.707
A:E100V	B:E297V	logit=-0.790

Top tied mutations (C + D view):
C:V218L	D:V491L	logit=-0.433
C:K191R	D:K464R	logit=-0.584
C:S180T	D:S453T	logit=-0.652
C:T42V	D:T315V	logit=-0.764
C:N51P	D:N324P	logit=-0.803

Top tied mutations (A + B view):
A:T18V	B:T215V	logit=-0.167
A:N55S	B:N252S	logit=-0.355
A:N54V	B:N251V	logit=-0.470
A:E100V	B:E297V	logit=-0.762
A:N54I	B:N251I	logit=-0.807

Top tied mutations (C + D view):
C:V218L	D:V491L	logit=-0.440
C:K191R	D:K464R	logit=-0.552
C:S180T	D:S453T	logit=-0.685
C:N51P	D:N324P	logit=-0.726
C:T42V	D:T315V	logit=-0.752

Top tied mutations (A + B view):
A:T18V	B:T215V	logit=-0.289
A:N55S	B:N252S	logit=-0.332
A:N54V	B:N251V	logit=-0.513
A:E100V	B:E297V	logit=-0.756
A:N54I	B:N251I	logit=-0.765

Top tied mutations (C + D view):
C:V218L	D:V491L	logit=-0.422
C:K191R	D:K464R	logit=-0.597
C:S180T	D:S453T	logit=-0.664
C:T42V	D:T315V	logit=-0.764
C:N51P	D:N324P	logit=-0.823

Top tied mutations (A + B view):
A:T18V	B:T215V	logit=-0.186
A:N55S	B:N252S	logit=-0.296
A:N54V	B:N251V	logit=-0.549
A:E100V	B:E297V	logit=-0.758
A:N54I	B:N251I	logit=-0.862

Top tied mutations (C + D view):
C:V218L	D:V491L	logit=-0.409
C:K191R	D:K464R	logit=-0.527
C:S180T	D:S453T	logit=-0.665
C:T42V	D:T315V	logit=-0.716
C:N51P	D:N324P	logit=-0.761

Top tied mutations (A + B view):
A:T18V	B:T215V	logit=-0.336
A:N55S	B:N252S	logit=-0.341
A:N54V	B:N251V	logit=-0.412
A:E100V	B:E297V	logit=-0.820
A:R61K	B:R258K	logit=-1.031

Top tied mutations (C + D view):
C:V218L	D:V491L	logit=-0.458
C:K191R	D:K464R	logit=-0.490
C:S180T	D:S453T	logit=-0.636
C:T42V	D:T315V	logit=-0.698
C:N51P	D:N324P	logit=-0.779

Top tied mutations (A + B view):
A:T18V	B:T215V	logit=-0.259
A:N55S	B:N252S	logit=-0.344
A:N54V	B:N251V	logit=-0.513
A:N54I	B:N251I	logit=-0.725
A:N57R	B:N254R	logit=-0.776

Top tied mutations (C + D view):
C:V218L	D:V491L	logit=-0.450
C:K191R	D:K464R	logit=-0.529
C:S180T	D:S453T	logit=-0.633
C:T42V	D:T315V	logit=-0.781
C:N51P	D:N324P	logit=-0.842

Top tied mutations (A + B view):
A:T18V	B:T215V	logit=-0.284
A:N55S	B:N252S	logit=-0.290
A:N54V	B:N251V	logit=-0.616
A:E100V	B:E297V	logit=-0.772
A:V102I	B:V299I	logit=-0.866

Top tied mutations (C + D view):
C:V218L	D:V491L	logit=-0.441
C:K191R	D:K464R	logit=-0.496
C:S180T	D:S453T	logit=-0.664
C:T42V	D:T315V	logit=-0.705
C:N51P	D:N324P	logit=-0.788

Top tied mutations (A + B view):
A:N55S	B:N252S	logit=-0.197
A:T18V	B:T215V	logit=-0.254
A:N54V	B:N251V	logit=-0.464
A:E100V	B:E297V	logit=-0.679
A:V102I	B:V299I	logit=-0.959

Top tied mutations (C + D view):
C:V218L	D:V491L	logit=-0.431
C:K191R	D:K464R	logit=-0.550
C:S180T	D:S453T	logit=-0.645
C:T42V	D:T315V	logit=-0.745
C:N51P	D:N324P	logit=-0.760

Top tied mutations (A + B view):
A:T18V	B:T215V	logit=-0.215
A:N55S	B:N252S	logit=-0.395
A:N54V	B:N251V	logit=-0.643
A:E100V	B:E297V	logit=-0.681
A:N57R	B:N254R	logit=-0.828

Top tied mutations (C + D view):
C:V218L	D:V491L	logit=-0.408
C:K191R	D:K464R	logit=-0.555
C:S180T	D:S453T	logit=-0.672
C:T42V	D:T315V	logit=-0.695
C:S89A	D:S362A	logit=-0.840

Top tied mutations (A + B view):
A:T18V	B:T215V	logit=-0.179
A:N55S	B:N252S	logit=-0.276
A:N54V	B:N251V	logit=-0.546
A:E100V	B:E297V	logit=-0.706
A:R61K	B:R258K	logit=-0.746

Top tied mutations (C + D view):
C:V218L	D:V491L	logit=-0.441
C:K191R	D:K464R	logit=-0.561
C:S180T	D:S453T	logit=-0.658
C:T42V	D:T315V	logit=-0.725
C:N51P	D:N324P	logit=-0.897

Top tied mutations (A + B view):
A:T18V	B:T215V	logit=-0.222
A:N55S	B:N252S	logit=-0.254
A:N54V	B:N251V	logit=-0.498
A:E100V	B:E297V	logit=-0.639
A:V102I	B:V299I	logit=-0.873

Top tied mutations (C + D view):
C:V218L	D:V491L	logit=-0.458
C:K191R	D:K464R	logit=-0.560
C:S180T	D:S453T	logit=-0.668
C:T42V	D:T315V	logit=-0.758
C:N51P	D:N324P	logit=-0.868

Top tied mutations (A + B view):
A:T18V	B:T215V	logit=-0.235
A:N55S	B:N252S	logit=-0.343
A:N54V	B:N251V	logit=-0.437
A:E100V	B:E297V	logit=-0.947
A:V102I	B:V299I	logit=-0.950

Top tied mutations (C + D view):
C:V218L	D:V491L	logit=-0.407
C:K191R	D:K464R	logit=-0.566
C:S180T	D:S453T	logit=-0.648
C:T42V	D:T315V	logit=-0.801
C:N51P	D:N324P	logit=-0.817

Top tied mutations (A + B view):
A:T18V	B:T215V	logit=-0.240
A:N55S	B:N252S	logit=-0.330
A:N54V	B:N251V	logit=-0.420
A:R61K	B:R258K	logit=-0.746
A:E100V	B:E297V	logit=-0.801

Top tied mutations (C + D view):
C:V218L	D:V491L	logit=-0.427
C:S180T	D:S453T	logit=-0.644
C:K191R	D:K464R	logit=-0.663
C:T42V	D:T315V	logit=-0.695
C:N51P	D:N324P	logit=-0.854

Top tied mutations (A + B view):
A:T18V	B:T215V	logit=-0.257
A:N55S	B:N252S	logit=-0.279
A:N54V	B:N251V	logit=-0.468
A:R61K	B:R258K	logit=-0.737
A:V102I	B:V299I	logit=-0.868

Top tied mutations (C + D view):
C:V218L	D:V491L	logit=-0.415
C:K191R	D:K464R	logit=-0.620
C:S180T	D:S453T	logit=-0.638
C:T42V	D:T315V	logit=-0.695
C:N51P	D:N324P	logit=-0.747

Top tied mutations (A + B view):
A:T18V	B:T215V	logit=-0.235
A:N55S	B:N252S	logit=-0.319
A:N54V	B:N251V	logit=-0.458
A:E100V	B:E297V	logit=-0.707
A:V102I	B:V299I	logit=-0.923

Top tied mutations (C + D view):
C:V218L	D:V491L	logit=-0.457
C:K191R	D:K464R	logit=-0.543
C:S180T	D:S453T	logit=-0.645
C:T42V	D:T315V	logit=-0.699
C:N51P	D:N324P	logit=-0.778

Top tied mutations (A + B view):
A:T18V	B:T215V	logit=-0.232
A:N54V	B:N251V	logit=-0.260
A:N55S	B:N252S	logit=-0.318
A:R61K	B:R258K	logit=-0.727
A:E100V	B:E297V	logit=-0.846

Top tied mutations (C + D view):
C:V218L	D:V491L	logit=-0.467
C:K191R	D:K464R	logit=-0.560
C:S180T	D:S453T	logit=-0.651
C:T42V	D:T315V	logit=-0.781
C:N51P	D:N324P	logit=-0.836

Top tied mutations (A + B view):
A:T18V	B:T215V	logit=-0.214
A:N55S	B:N252S	logit=-0.359
A:N54V	B:N251V	logit=-0.497
A:E100V	B:E297V	logit=-0.811
A:V58T	B:V255T	logit=-0.876

Top tied mutations (C + D view):
C:V218L	D:V491L	logit=-0.421
C:K191R	D:K464R	logit=-0.570
C:S180T	D:S453T	logit=-0.673
C:T42V	D:T315V	logit=-0.728
C:N51P	D:N324P	logit=-0.864

Top tied mutations (A + B view):
A:T18V	B:T215V	logit=-0.212
A:N55S	B:N252S	logit=-0.238
A:N54V	B:N251V	logit=-0.517
A:E100V	B:E297V	logit=-0.805
A:V102I	B:V299I	logit=-0.914

Top tied mutations (C + D view):
C:V218L	D:V491L	logit=-0.472
C:K191R	D:K464R	logit=-0.521
C:S180T	D:S453T	logit=-0.681
C:T42V	D:T315V	logit=-0.715
C:N51P	D:N324P	logit=-0.869

Top tied mutations (A + B view):
A:T18V	B:T215V	logit=-0.155
A:N54V	B:N251V	logit=-0.397
A:N55S	B:N252S	logit=-0.407
A:E100V	B:E297V	logit=-0.790
A:N54I	B:N251I	logit=-0.857

Top tied mutations (C + D view):
C:V218L	D:V491L	logit=-0.474
C:K191R	D:K464R	logit=-0.563
C:S180T	D:S453T	logit=-0.690
C:T42V	D:T315V	logit=-0.713
C:N51P	D:N324P	logit=-0.881

Top tied mutations (A + B view):
A:N55S	B:N252S	logit=-0.162
A:T18V	B:T215V	logit=-0.269
A:N54V	B:N251V	logit=-0.401
A:E100V	B:E297V	logit=-0.831
A:V58T	B:V255T	logit=-0.880

Top tied mutations (C + D view):
C:V218L	D:V491L	logit=-0.425
C:K191R	D:K464R	logit=-0.537
C:S180T	D:S453T	logit=-0.645
C:T42V	D:T315V	logit=-0.772
C:S89A	D:S362A	logit=-0.866

Top tied mutations (A + B view):
A:T18V	B:T215V	logit=-0.222
A:N55S	B:N252S	logit=-0.314
A:N54V	B:N251V	logit=-0.496
A:E100V	B:E297V	logit=-0.776
A:N54I	B:N251I	logit=-0.832

Top tied mutations (C + D view):
C:V218L	D:V491L	logit=-0.442
C:K191R	D:K464R	logit=-0.512
C:S180T	D:S453T	logit=-0.644
C:T42V	D:T315V	logit=-0.779
C:N51P	D:N324P	logit=-0.870

Top tied mutations (A + B view):
A:N55S	B:N252S	logit=-0.224
A:T18V	B:T215V	logit=-0.231
A:N54V	B:N251V	logit=-0.337
A:E100V	B:E297V	logit=-0.747
A:V58T	B:V255T	logit=-0.809

Top tied mutations (C + D view):
C:V218L	D:V491L	logit=-0.442
C:K191R	D:K464R	logit=-0.607
C:S180T	D:S453T	logit=-0.668
C:T42V	D:T315V	logit=-0.744
C:N51P	D:N324P	logit=-0.775

Top tied mutations (A + B view):
A:T18V	B:T215V	logit=-0.232
A:N55S	B:N252S	logit=-0.274
A:N54V	B:N251V	logit=-0.611
A:E100V	B:E297V	logit=-0.639
A:V102I	B:V299I	logit=-0.941

Top tied mutations (C + D view):
C:V218L	D:V491L	logit=-0.397
C:K191R	D:K464R	logit=-0.556
C:S180T	D:S453T	logit=-0.653
C:T42V	D:T315V	logit=-0.721
C:N51P	D:N324P	logit=-0.823

Top tied mutations (A + B view):
A:T18V	B:T215V	logit=-0.272
A:N55S	B:N252S	logit=-0.272
A:N54V	B:N251V	logit=-0.518
A:E100V	B:E297V	logit=-0.750
A:N57R	B:N254R	logit=-0.786

Top tied mutations (C + D view):
C:V218L	D:V491L	logit=-0.411
C:K191R	D:K464R	logit=-0.540
C:S180T	D:S453T	logit=-0.632
C:T42V	D:T315V	logit=-0.720
C:S89A	D:S362A	logit=-0.862

Top tied mutations (A + B view):
A:T18V	B:T215V	logit=-0.214
A:N55S	B:N252S	logit=-0.278
A:N54V	B:N251V	logit=-0.487
A:E100V	B:E297V	logit=-0.797
A:R61K	B:R258K	logit=-0.923

Top tied mutations (C + D view):
C:V218L	D:V491L	logit=-0.396
C:K191R	D:K464R	logit=-0.549
C:S180T	D:S453T	logit=-0.698
C:T42V	D:T315V	logit=-0.742
C:S89A	D:S362A	logit=-0.916

Top tied mutations (A + B view):
A:T18V	B:T215V	logit=-0.234
A:N55S	B:N252S	logit=-0.355
A:N54V	B:N251V	logit=-0.573
A:E100V	B:E297V	logit=-0.642
A:N57R	B:N254R	logit=-0.913

Top tied mutations (C + D view):
C:V218L	D:V491L	logit=-0.425
C:K191R	D:K464R	logit=-0.496
C:S180T	D:S453T	logit=-0.625
C:T42V	D:T315V	logit=-0.728
C:N51P	D:N324P	logit=-0.827

Top tied mutations (A + B view):
A:T18V	B:T215V	logit=-0.206
A:N55S	B:N252S	logit=-0.242
A:N54V	B:N251V	logit=-0.466
A:V102I	B:V299I	logit=-0.793
A:E100V	B:E297V	logit=-0.841

Top tied mutations (C + D view):
C:V218L	D:V491L	logit=-0.473
C:K191R	D:K464R	logit=-0.553
C:S180T	D:S453T	logit=-0.653
C:T42V	D:T315V	logit=-0.719
C:N51P	D:N324P	logit=-0.882

Top tied mutations (A + B view):
A:T18V	B:T215V	logit=-0.179
A:N55S	B:N252S	logit=-0.300
A:N54V	B:N251V	logit=-0.456
A:E100V	B:E297V	logit=-0.761
A:V58T	B:V255T	logit=-0.761

Top tied mutations (C + D view):
C:V218L	D:V491L	logit=-0.508
C:K191R	D:K464R	logit=-0.624
C:S180T	D:S453T	logit=-0.666
C:T42V	D:T315V	logit=-0.683
C:S72G	D:S345G	logit=-0.907

Top tied mutations (A + B view):
A:T18V	B:T215V	logit=-0.216
A:N55S	B:N252S	logit=-0.306
A:N54V	B:N251V	logit=-0.470
A:E100V	B:E297V	logit=-0.727
A:V102I	B:V299I	logit=-0.840

Top tied mutations (C + D view):
C:V218L	D:V491L	logit=-0.415
C:K191R	D:K464R	logit=-0.535
C:S180T	D:S453T	logit=-0.656
C:T42V	D:T315V	logit=-0.724
C:N51P	D:N324P	logit=-0.792

Top tied mutations (A + B view):
A:T18V	B:T215V	logit=-0.205
A:N55S	B:N252S	logit=-0.296
A:N54V	B:N251V	logit=-0.364
A:E100V	B:E297V	logit=-0.800
A:R61K	B:R258K	logit=-0.826

Top tied mutations (C + D view):
C:V218L	D:V491L	logit=-0.443
C:K191R	D:K464R	logit=-0.566
C:S180T	D:S453T	logit=-0.629
C:T42V	D:T315V	logit=-0.774
C:S89A	D:S362A	logit=-0.917

Top tied mutations (A + B view):
A:T18V	B:T215V	logit=-0.214
A:N55S	B:N252S	logit=-0.328
A:N54V	B:N251V	logit=-0.588
A:E100V	B:E297V	logit=-0.773
A:V102I	B:V299I	logit=-0.822

Top tied mutations (C + D view):
C:V218L	D:V491L	logit=-0.476
C:K191R	D:K464R	logit=-0.578
C:S180T	D:S453T	logit=-0.664
C:T42V	D:T315V	logit=-0.672
C:N51P	D:N324P	logit=-0.732

Top tied mutations (A + B view):
A:T18V	B:T215V	logit=-0.229
A:N55S	B:N252S	logit=-0.330
A:N54V	B:N251V	logit=-0.360
A:N54I	B:N251I	logit=-0.836
A:N57R	B:N254R	logit=-0.837

Top tied mutations (C + D view):
C:V218L	D:V491L	logit=-0.425
C:K191R	D:K464R	logit=-0.607
C:S180T	D:S453T	logit=-0.629
C:T42V	D:T315V	logit=-0.674
C:N51P	D:N324P	logit=-0.815

Top tied mutations (A + B view):
A:T18V	B:T215V	logit=-0.200
A:N55S	B:N252S	logit=-0.323
A:N54V	B:N251V	logit=-0.669
A:E100V	B:E297V	logit=-0.725
A:R61K	B:R258K	logit=-0.804

Top tied mutations (C + D view):
C:V218L	D:V491L	logit=-0.450
C:K191R	D:K464R	logit=-0.535
C:S180T	D:S453T	logit=-0.641
C:T42V	D:T315V	logit=-0.762
C:N51P	D:N324P	logit=-0.806

Top tied mutations (A + B view):
A:T18V	B:T215V	logit=-0.184
A:N55S	B:N252S	logit=-0.276
A:N54V	B:N251V	logit=-0.287
A:E100V	B:E297V	logit=-0.587
A:N54I	B:N251I	logit=-0.840

Top tied mutations (C + D view):
C:V218L	D:V491L	logit=-0.388
C:K191R	D:K464R	logit=-0.521
C:S180T	D:S453T	logit=-0.659
C:T42V	D:T315V	logit=-0.725
C:N51P	D:N324P	logit=-0.820

Top tied mutations (A + B view):
A:N55S	B:N252S	logit=-0.200
A:T18V	B:T215V	logit=-0.347
A:N54V	B:N251V	logit=-0.408
A:E100V	B:E297V	logit=-0.760
A:R61V	B:R258V	logit=-0.981

Top tied mutations (C + D view):
C:V218L	D:V491L	logit=-0.468
C:K191R	D:K464R	logit=-0.560
C:S180T	D:S453T	logit=-0.676
C:T42V	D:T315V	logit=-0.729
C:N51P	D:N324P	logit=-0.852

Top tied mutations (A + B view):
A:T18V	B:T215V	logit=-0.281
A:N55S	B:N252S	logit=-0.325
A:N54V	B:N251V	logit=-0.584
A:E100V	B:E297V	logit=-0.737
A:N54I	B:N251I	logit=-0.784

Top tied mutations (C + D view):
C:V218L	D:V491L	logit=-0.430
C:K191R	D:K464R	logit=-0.571
C:S180T	D:S453T	logit=-0.627
C:T42V	D:T315V	logit=-0.708
C:N51P	D:N324P	logit=-0.779

Top tied mutations (A + B view):
A:N55S	B:N252S	logit=-0.166
A:T18V	B:T215V	logit=-0.303
A:N54V	B:N251V	logit=-0.348
A:E100V	B:E297V	logit=-0.764
A:N54I	B:N251I	logit=-0.920

Top tied mutations (C + D view):
C:V218L	D:V491L	logit=-0.459
C:K191R	D:K464R	logit=-0.535
C:S180T	D:S453T	logit=-0.640
C:T42V	D:T315V	logit=-0.656
C:N51P	D:N324P	logit=-0.830

Top tied mutations (A + B view):
A:T18V	B:T215V	logit=-0.207
A:N55S	B:N252S	logit=-0.299
A:N54V	B:N251V	logit=-0.534
A:E100V	B:E297V	logit=-0.796
A:N54I	B:N251I	logit=-0.835

Top tied mutations (C + D view):
C:V218L	D:V491L	logit=-0.444
C:K191R	D:K464R	logit=-0.545
C:S180T	D:S453T	logit=-0.680
C:T42V	D:T315V	logit=-0.705
C:N51P	D:N324P	logit=-0.850

Top tied mutations (A + B view):
A:T18V	B:T215V	logit=-0.276
A:N55S	B:N252S	logit=-0.299
A:N54V	B:N251V	logit=-0.461
A:E100V	B:E297V	logit=-0.761
A:R61V	B:R258V	logit=-0.869

Top tied mutations (C + D view):
C:V218L	D:V491L	logit=-0.468
C:K191R	D:K464R	logit=-0.562
C:S180T	D:S453T	logit=-0.647
C:T42V	D:T315V	logit=-0.732
C:N51P	D:N324P	logit=-0.858

Top tied mutations (A + B view):
A:T18V	B:T215V	logit=-0.163
A:N55S	B:N252S	logit=-0.206
A:N54V	B:N251V	logit=-0.623
A:E100V	B:E297V	logit=-0.800
A:N57R	B:N254R	logit=-0.887

Top tied mutations (C + D view):
C:V218L	D:V491L	logit=-0.427
C:K191R	D:K464R	logit=-0.619
C:S180T	D:S453T	logit=-0.641
C:T42V	D:T315V	logit=-0.725
C:N51P	D:N324P	logit=-0.870

Top tied mutations (A + B view):
A:N55S	B:N252S	logit=-0.187
A:T18V	B:T215V	logit=-0.240
A:N54V	B:N251V	logit=-0.480
A:V102I	B:V299I	logit=-0.785
A:E100V	B:E297V	logit=-0.852

Top tied mutations (C + D view):
C:V218L	D:V491L	logit=-0.456
C:K191R	D:K464R	logit=-0.569
C:S180T	D:S453T	logit=-0.653
C:T42V	D:T315V	logit=-0.738
C:S89A	D:S362A	logit=-0.846

Top tied mutations (A + B view):
A:T18V	B:T215V	logit=-0.222
A:N55S	B:N252S	logit=-0.223
A:N54V	B:N251V	logit=-0.340
A:E100V	B:E297V	logit=-0.837
A:V102I	B:V299I	logit=-0.844

Top tied mutations (C + D view):
C:V218L	D:V491L	logit=-0.453
C:T42V	D:T315V	logit=-0.672
C:S180T	D:S453T	logit=-0.674
C:K191R	D:K464R	logit=-0.676
C:N51P	D:N324P	logit=-0.842

Top tied mutations (A + B view):
A:N55S	B:N252S	logit=-0.273
A:T18V	B:T215V	logit=-0.317
A:N54V	B:N251V	logit=-0.422
A:E100V	B:E297V	logit=-0.704
A:N57R	B:N254R	logit=-0.806

Top tied mutations (C + D view):
C:V218L	D:V491L	logit=-0.439
C:K191R	D:K464R	logit=-0.550
C:S180T	D:S453T	logit=-0.650
C:T42V	D:T315V	logit=-0.740
C:S89A	D:S362A	logit=-0.882

Top tied mutations (A + B view):
A:T18V	B:T215V	logit=-0.273
A:N54V	B:N251V	logit=-0.303
A:N55S	B:N252S	logit=-0.320
A:E100V	B:E297V	logit=-0.618
A:N54I	B:N251I	logit=-0.855

Top tied mutations (C + D view):
C:V218L	D:V491L	logit=-0.466
C:K191R	D:K464R	logit=-0.548
C:S180T	D:S453T	logit=-0.689
C:N51P	D:N324P	logit=-0.721
C:T42V	D:T315V	logit=-0.737

Top tied mutations (A + B view):
A:T18V	B:T215V	logit=-0.243
A:N55S	B:N252S	logit=-0.267
A:N54V	B:N251V	logit=-0.368
A:E100V	B:E297V	logit=-0.738
A:V102I	B:V299I	logit=-0.928

Top tied mutations (C + D view):
C:V218L	D:V491L	logit=-0.420
C:K191R	D:K464R	logit=-0.537
C:S180T	D:S453T	logit=-0.648
C:N51P	D:N324P	logit=-0.793
C:T42V	D:T315V	logit=-0.802

Top tied mutations (A + B view):
A:T18V	B:T215V	logit=-0.148
A:N55S	B:N252S	logit=-0.248
A:N54V	B:N251V	logit=-0.456
A:E100V	B:E297V	logit=-0.675
A:N57R	B:N254R	logit=-0.819

Top tied mutations (C + D view):
C:V218L	D:V491L	logit=-0.476
C:K191R	D:K464R	logit=-0.518
C:S180T	D:S453T	logit=-0.636
C:T42V	D:T315V	logit=-0.756
C:S89A	D:S362A	logit=-0.888

Top tied mutations (A + B view):
A:T18V	B:T215V	logit=-0.259
A:N55S	B:N252S	logit=-0.391
A:N54V	B:N251V	logit=-0.454
A:E100V	B:E297V	logit=-0.796
A:V58T	B:V255T	logit=-0.912

Top tied mutations (C + D view):
C:V218L	D:V491L	logit=-0.441
C:K191R	D:K464R	logit=-0.547
C:S180T	D:S453T	logit=-0.617
C:T42V	D:T315V	logit=-0.790
C:S89A	D:S362A	logit=-0.909

Top tied mutations (A + B view):
A:T18V	B:T215V	logit=-0.232
A:N55S	B:N252S	logit=-0.292
A:N54V	B:N251V	logit=-0.623
A:E100V	B:E297V	logit=-0.683
A:V102I	B:V299I	logit=-0.958

Top tied mutations (C + D view):
C:V218L	D:V491L	logit=-0.411
C:K191R	D:K464R	logit=-0.607
C:S180T	D:S453T	logit=-0.653
C:T42V	D:T315V	logit=-0.722
C:N51P	D:N324P	logit=-0.899

Top tied mutations (A + B view):
A:T18V	B:T215V	logit=-0.205
A:N54V	B:N251V	logit=-0.265
A:N55S	B:N252S	logit=-0.362
A:E100V	B:E297V	logit=-0.719
A:N54I	B:N251I	logit=-0.799

Top tied mutations (C + D view):
C:V218L	D:V491L	logit=-0.419
C:K191R	D:K464R	logit=-0.561
C:S180T	D:S453T	logit=-0.669
C:T42V	D:T315V	logit=-0.698
C:N51P	D:N324P	logit=-0.821

Top tied mutations (A + B view):
A:T18V	B:T215V	logit=-0.262
A:N55S	B:N252S	logit=-0.284
A:N54V	B:N251V	logit=-0.398
A:N54I	B:N251I	logit=-0.786
A:E100V	B:E297V	logit=-0.797

Top tied mutations (C + D view):
C:V218L	D:V491L	logit=-0.435
C:K191R	D:K464R	logit=-0.556
C:S180T	D:S453T	logit=-0.679
C:T42V	D:T315V	logit=-0.768
C:N51P	D:N324P	logit=-0.896

Top tied mutations (A + B view):
A:T18V	B:T215V	logit=-0.223
A:N55S	B:N252S	logit=-0.261
A:N54V	B:N251V	logit=-0.423
A:E100V	B:E297V	logit=-0.849
A:V102I	B:V299I	logit=-0.876

Top tied mutations (C + D view):
C:V218L	D:V491L	logit=-0.458
C:K191R	D:K464R	logit=-0.520
C:S180T	D:S453T	logit=-0.651
C:T42V	D:T315V	logit=-0.717
C:N51P	D:N324P	logit=-0.850

Top tied mutations (A + B view):
A:T18V	B:T215V	logit=-0.203
A:N55S	B:N252S	logit=-0.321
A:N54V	B:N251V	logit=-0.386
A:E100V	B:E297V	logit=-0.710
A:N54I	B:N251I	logit=-0.771

Top tied mutations (C + D view):
C:V218L	D:V491L	logit=-0.488
C:K191R	D:K464R	logit=-0.625
C:S180T	D:S453T	logit=-0.637
C:T42V	D:T315V	logit=-0.716
C:N51P	D:N324P	logit=-0.887

Top tied mutations (A + B view):
A:T18V	B:T215V	logit=-0.217
A:N55S	B:N252S	logit=-0.332
A:E100V	B:E297V	logit=-0.629
A:N57R	B:N254R	logit=-0.653
A:N54V	B:N251V	logit=-0.689

Top tied mutations (C + D view):
C:V218L	D:V491L	logit=-0.464
C:K191R	D:K464R	logit=-0.552
C:S180T	D:S453T	logit=-0.662
C:T42V	D:T315V	logit=-0.744
C:N51P	D:N324P	logit=-0.823

Top tied mutations (A + B view):
A:T18V	B:T215V	logit=-0.247
A:N55S	B:N252S	logit=-0.283
A:N54V	B:N251V	logit=-0.668
A:N57R	B:N254R	logit=-0.706
A:E100V	B:E297V	logit=-0.827

Top tied mutations (C + D view):
C:V218L	D:V491L	logit=-0.420
C:K191R	D:K464R	logit=-0.591
C:S180T	D:S453T	logit=-0.650
C:T42V	D:T315V	logit=-0.724
C:A168P	D:A441P	logit=-0.880

Top tied mutations (A + B view):
A:T18V	B:T215V	logit=-0.237
A:N55S	B:N252S	logit=-0.305
A:N54V	B:N251V	logit=-0.521
A:E100V	B:E297V	logit=-0.838
A:V102I	B:V299I	logit=-0.914

Top tied mutations (C + D view):
C:V218L	D:V491L	logit=-0.432
C:K191R	D:K464R	logit=-0.547
C:S180T	D:S453T	logit=-0.671
C:T42V	D:T315V	logit=-0.681
C:N51P	D:N324P	logit=-0.814

Top tied mutations (A + B view):
A:T18V	B:T215V	logit=-0.240
A:N55S	B:N252S	logit=-0.368
A:N54V	B:N251V	logit=-0.490
A:E100V	B:E297V	logit=-0.619
A:R61K	B:R258K	logit=-0.837

Top tied mutations (C + D view):
C:V218L	D:V491L	logit=-0.445
C:K191R	D:K464R	logit=-0.567
C:S180T	D:S453T	logit=-0.671
C:N51P	D:N324P	logit=-0.789
C:T42V	D:T315V	logit=-0.816

Top tied mutations (A + B view):
A:T18V	B:T215V	logit=-0.221
A:N55S	B:N252S	logit=-0.274
A:N54V	B:N251V	logit=-0.442
A:E100V	B:E297V	logit=-0.704
A:R61V	B:R258V	logit=-0.775

Top tied mutations (C + D view):
C:V218L	D:V491L	logit=-0.425
C:K191R	D:K464R	logit=-0.631
C:S180T	D:S453T	logit=-0.690
C:T42V	D:T315V	logit=-0.743
C:N51P	D:N324P	logit=-0.805

Top tied mutations (A + B view):
A:T18V	B:T215V	logit=-0.204
A:N55S	B:N252S	logit=-0.321
A:N54V	B:N251V	logit=-0.516
A:V58T	B:V255T	logit=-0.748
A:E100V	B:E297V	logit=-0.799

Top tied mutations (C + D view):
C:V218L	D:V491L	logit=-0.431
C:K191R	D:K464R	logit=-0.606
C:S180T	D:S453T	logit=-0.661
C:T42V	D:T315V	logit=-0.721
C:N51P	D:N324P	logit=-0.794

Top tied mutations (A + B view):
A:T18V	B:T215V	logit=-0.233
A:N55S	B:N252S	logit=-0.302
A:N54V	B:N251V	logit=-0.543
A:E100V	B:E297V	logit=-0.745
A:R61K	B:R258K	logit=-0.795

Top tied mutations (C + D view):
C:V218L	D:V491L	logit=-0.429
C:K191R	D:K464R	logit=-0.544
C:S180T	D:S453T	logit=-0.671
C:T42V	D:T315V	logit=-0.723
C:N51P	D:N324P	logit=-0.828

Top tied mutations (A + B view):
A:T18V	B:T215V	logit=-0.185
A:N55S	B:N252S	logit=-0.255
A:N54V	B:N251V	logit=-0.383
A:N54I	B:N251I	logit=-0.809
A:E100V	B:E297V	logit=-0.810

Top tied mutations (C + D view):
C:V218L	D:V491L	logit=-0.445
C:K191R	D:K464R	logit=-0.583
C:S180T	D:S453T	logit=-0.693
C:T42V	D:T315V	logit=-0.794
C:S89A	D:S362A	logit=-0.883

Top tied mutations (A + B view):
A:T18V	B:T215V	logit=-0.223
A:N55S	B:N252S	logit=-0.312
A:N54V	B:N251V	logit=-0.524
A:E100V	B:E297V	logit=-0.798
A:R61K	B:R258K	logit=-0.804

Top tied mutations (C + D view):
C:V218L	D:V491L	logit=-0.427
C:K191R	D:K464R	logit=-0.575
C:S180T	D:S453T	logit=-0.680
C:T42V	D:T315V	logit=-0.705
C:N51P	D:N324P	logit=-0.837

Top tied mutations (A + B view):
A:T18V	B:T215V	logit=-0.198
A:N55S	B:N252S	logit=-0.404
A:N54V	B:N251V	logit=-0.454
A:E100V	B:E297V	logit=-0.688
A:R61V	B:R258V	logit=-0.709

Top tied mutations (C + D view):
C:V218L	D:V491L	logit=-0.471
C:K191R	D:K464R	logit=-0.561
C:S180T	D:S453T	logit=-0.635
C:T42V	D:T315V	logit=-0.705
C:S89A	D:S362A	logit=-0.920

Top tied mutations (A + B view):
A:T18V	B:T215V	logit=-0.209
A:N55S	B:N252S	logit=-0.284
A:N54V	B:N251V	logit=-0.322
A:E100V	B:E297V	logit=-0.683
A:R61V	B:R258V	logit=-0.835

Top tied mutations (C + D view):
C:V218L	D:V491L	logit=-0.472
C:K191R	D:K464R	logit=-0.514
C:S180T	D:S453T	logit=-0.661
C:T42V	D:T315V	logit=-0.707
C:N51P	D:N324P	logit=-0.727

Top tied mutations (A + B view):
A:N55S	B:N252S	logit=-0.222
A:T18V	B:T215V	logit=-0.288
A:N54V	B:N251V	logit=-0.518
A:E100V	B:E297V	logit=-0.784
A:R61K	B:R258K	logit=-0.905

Top tied mutations (C + D view):
C:V218L	D:V491L	logit=-0.450
C:K191R	D:K464R	logit=-0.556
C:S180T	D:S453T	logit=-0.662
C:T42V	D:T315V	logit=-0.739
C:N51P	D:N324P	logit=-0.779

Top tied mutations (A + B view):
A:T18V	B:T215V	logit=-0.238
A:N55S	B:N252S	logit=-0.379
A:N54V	B:N251V	logit=-0.590
A:E100V	B:E297V	logit=-0.658
A:R61V	B:R258V	logit=-0.902

Top tied mutations (C + D view):
C:V218L	D:V491L	logit=-0.438
C:K191R	D:K464R	logit=-0.564
C:S180T	D:S453T	logit=-0.649
C:T42V	D:T315V	logit=-0.730
C:S89A	D:S362A	logit=-0.844

Top tied mutations (A + B view):
A:N55S	B:N252S	logit=-0.277
A:T18V	B:T215V	logit=-0.301
A:N54V	B:N251V	logit=-0.667
A:E100V	B:E297V	logit=-0.710
A:N57R	B:N254R	logit=-0.748

Top tied mutations (C + D view):
C:V218L	D:V491L	logit=-0.498
C:K191R	D:K464R	logit=-0.542
C:S180T	D:S453T	logit=-0.652
C:T42V	D:T315V	logit=-0.689
C:N51P	D:N324P	logit=-0.794

Top tied mutations (A + B view):
A:T18V	B:T215V	logit=-0.202
A:N55S	B:N252S	logit=-0.294
A:N57R	B:N254R	logit=-0.553
A:N54V	B:N251V	logit=-0.590
A:E100V	B:E297V	logit=-0.638

Top tied mutations (C + D view):
C:V218L	D:V491L	logit=-0.471
C:K191R	D:K464R	logit=-0.595
C:S180T	D:S453T	logit=-0.644
C:T42V	D:T315V	logit=-0.780
C:N51P	D:N324P	logit=-0.809

Top tied mutations (A + B view):
A:T18V	B:T215V	logit=-0.258
A:N55S	B:N252S	logit=-0.302
A:N54V	B:N251V	logit=-0.404
A:R61K	B:R258K	logit=-0.684
A:N54I	B:N251I	logit=-0.759

Top tied mutations (C + D view):
C:V218L	D:V491L	logit=-0.431
C:K191R	D:K464R	logit=-0.527
C:S180T	D:S453T	logit=-0.657
C:T42V	D:T315V	logit=-0.745
C:N51P	D:N324P	logit=-0.903

Top tied mutations (A + B view):
A:T18V	B:T215V	logit=-0.154
A:N55S	B:N252S	logit=-0.379
A:N54V	B:N251V	logit=-0.542
A:E100V	B:E297V	logit=-0.754
A:V58T	B:V255T	logit=-0.788

Top tied mutations (C + D view):
C:V218L	D:V491L	logit=-0.465
C:K191R	D:K464R	logit=-0.612
C:S180T	D:S453T	logit=-0.654
C:T42V	D:T315V	logit=-0.748
C:N51P	D:N324P	logit=-0.848

Top tied mutations (A + B view):
A:T18V	B:T215V	logit=-0.271
A:N55S	B:N252S	logit=-0.319
A:N54V	B:N251V	logit=-0.364
A:N57R	B:N254R	logit=-0.720
A:N54I	B:N251I	logit=-0.777

Top tied mutations (C + D view):
C:V218L	D:V491L	logit=-0.432
C:K191R	D:K464R	logit=-0.518
C:S180T	D:S453T	logit=-0.652
C:T42V	D:T315V	logit=-0.717
C:S89A	D:S362A	logit=-0.867

Top tied mutations (A + B view):
A:T18V	B:T215V	logit=-0.252
A:N55S	B:N252S	logit=-0.327
A:N54V	B:N251V	logit=-0.564
A:E100V	B:E297V	logit=-0.733
A:V102I	B:V299I	logit=-0.853

Top tied mutations (C + D view):
C:V218L	D:V491L	logit=-0.414
C:K191R	D:K464R	logit=-0.507
C:S180T	D:S453T	logit=-0.642
C:T42V	D:T315V	logit=-0.689
C:S89A	D:S362A	logit=-0.900

Top tied mutations (A + B view):
A:T18V	B:T215V	logit=-0.268
A:N55S	B:N252S	logit=-0.307
A:N54V	B:N251V	logit=-0.598
A:E100V	B:E297V	logit=-0.673
A:N54I	B:N251I	logit=-0.853

Top tied mutations (C + D view):
C:V218L	D:V491L	logit=-0.433
C:K191R	D:K464R	logit=-0.550
C:S180T	D:S453T	logit=-0.691
C:T42V	D:T315V	logit=-0.778
C:N51P	D:N324P	logit=-0.787

Top tied mutations (A + B view):
A:T18V	B:T215V	logit=-0.218
A:N55S	B:N252S	logit=-0.254
A:N54V	B:N251V	logit=-0.459
A:E100V	B:E297V	logit=-0.582
A:V102I	B:V299I	logit=-0.899

Top tied mutations (C + D view):
C:V218L	D:V491L	logit=-0.482
C:K191R	D:K464R	logit=-0.510
C:S180T	D:S453T	logit=-0.640
C:T42V	D:T315V	logit=-0.724
C:N51P	D:N324P	logit=-0.817

Top tied mutations (A + B view):
A:T18V	B:T215V	logit=-0.154
A:N55S	B:N252S	logit=-0.256
A:N54V	B:N251V	logit=-0.522
A:N57R	B:N254R	logit=-0.702
A:E100V	B:E297V	logit=-0.855

Top tied mutations (C + D view):
C:V218L	D:V491L	logit=-0.399
C:K191R	D:K464R	logit=-0.555
C:S180T	D:S453T	logit=-0.658
C:T42V	D:T315V	logit=-0.685
C:N51P	D:N324P	logit=-0.832

Top tied mutations (A + B view):
A:T18V	B:T215V	logit=-0.254
A:N55S	B:N252S	logit=-0.303
A:N54V	B:N251V	logit=-0.586
A:N57R	B:N254R	logit=-0.659
A:E100V	B:E297V	logit=-0.680

Top tied mutations (C + D view):
C:V218L	D:V491L	logit=-0.432
C:K191R	D:K464R	logit=-0.523
C:S180T	D:S453T	logit=-0.657
C:T42V	D:T315V	logit=-0.770
C:N51P	D:N324P	logit=-0.888

Top tied mutations (A + B view):
A:N55S	B:N252S	logit=-0.214
A:T18V	B:T215V	logit=-0.273
A:N54V	B:N251V	logit=-0.355
A:E100V	B:E297V	logit=-0.668
A:R61K	B:R258K	logit=-0.851

Top tied mutations (C + D view):
C:V218L	D:V491L	logit=-0.420
C:K191R	D:K464R	logit=-0.590
C:S180T	D:S453T	logit=-0.660
C:T42V	D:T315V	logit=-0.730
C:N51P	D:N324P	logit=-0.908

Top tied mutations (A + B view):
A:T18V	B:T215V	logit=-0.207
A:N55S	B:N252S	logit=-0.301
A:N54V	B:N251V	logit=-0.510
A:E100V	B:E297V	logit=-0.853
A:V102I	B:V299I	logit=-0.928

Top tied mutations (C + D view):
C:V218L	D:V491L	logit=-0.410
C:K191R	D:K464R	logit=-0.518
C:S180T	D:S453T	logit=-0.656
C:T42V	D:T315V	logit=-0.793
C:N51P	D:N324P	logit=-0.872

Top tied mutations (A + B view):
A:N55S	B:N252S	logit=-0.227
A:T18V	B:T215V	logit=-0.239
A:N54V	B:N251V	logit=-0.453
A:N54I	B:N251I	logit=-0.728
A:E100V	B:E297V	logit=-0.744

Top tied mutations (C + D view):
C:V218L	D:V491L	logit=-0.491
C:K191R	D:K464R	logit=-0.544
C:S180T	D:S453T	logit=-0.654
C:T42V	D:T315V	logit=-0.680
C:N51P	D:N324P	logit=-0.759

Top tied mutations (A + B view):
A:T18V	B:T215V	logit=-0.259
A:N55S	B:N252S	logit=-0.299
A:N54V	B:N251V	logit=-0.303
A:N54I	B:N251I	logit=-0.633
A:E100V	B:E297V	logit=-0.682

Top tied mutations (C + D view):
C:V218L	D:V491L	logit=-0.419
C:K191R	D:K464R	logit=-0.602
C:S180T	D:S453T	logit=-0.659
C:T42V	D:T315V	logit=-0.769
C:N51P	D:N324P	logit=-0.863

Top tied mutations (A + B view):
A:N55S	B:N252S	logit=-0.293
A:T18V	B:T215V	logit=-0.306
A:N54V	B:N251V	logit=-0.485
A:V102I	B:V299I	logit=-0.866
A:N54I	B:N251I	logit=-0.872

Top tied mutations (C + D view):
C:V218L	D:V491L	logit=-0.413
C:K191R	D:K464R	logit=-0.504
C:S180T	D:S453T	logit=-0.669
C:T42V	D:T315V	logit=-0.781
C:N51P	D:N324P	logit=-0.782

Top tied mutations (A + B view):
A:T18V	B:T215V	logit=-0.249
A:N55S	B:N252S	logit=-0.337
A:N54V	B:N251V	logit=-0.656
A:N57R	B:N254R	logit=-0.784
A:E100V	B:E297V	logit=-0.812

Top tied mutations (C + D view):
C:V218L	D:V491L	logit=-0.466
C:K191R	D:K464R	logit=-0.609
C:S180T	D:S453T	logit=-0.647
C:T42V	D:T315V	logit=-0.722
C:S89A	D:S362A	logit=-0.884

Top tied mutations (A + B view):
A:T18V	B:T215V	logit=-0.208
A:N55S	B:N252S	logit=-0.249
A:N54V	B:N251V	logit=-0.389
A:E100V	B:E297V	logit=-0.718
A:R61K	B:R258K	logit=-0.737

Top tied mutations (C + D view):
C:V218L	D:V491L	logit=-0.473
C:K191R	D:K464R	logit=-0.512
C:S180T	D:S453T	logit=-0.616
C:T42V	D:T315V	logit=-0.792
C:N51P	D:N324P	logit=-0.854

Top tied mutations (A + B view):
A:T18V	B:T215V	logit=-0.264
A:N55S	B:N252S	logit=-0.309
A:N54V	B:N251V	logit=-0.604
A:E100V	B:E297V	logit=-0.774
A:R61K	B:R258K	logit=-0.835

Top tied mutations (C + D view):
C:V218L	D:V491L	logit=-0.434
C:K191R	D:K464R	logit=-0.538
C:S180T	D:S453T	logit=-0.657
C:T42V	D:T315V	logit=-0.711
C:N51P	D:N324P	logit=-0.835

Top tied mutations (A + B view):
A:T18V	B:T215V	logit=-0.256
A:N55S	B:N252S	logit=-0.330
A:N54V	B:N251V	logit=-0.497
A:R61K	B:R258K	logit=-0.785
A:E100V	B:E297V	logit=-0.859

Top tied mutations (C + D view):
C:V218L	D:V491L	logit=-0.486
C:K191R	D:K464R	logit=-0.581
C:S180T	D:S453T	logit=-0.656
C:T42V	D:T315V	logit=-0.740
C:N219S	D:N492S	logit=-0.936

Top tied mutations (A + B view):
A:T18V	B:T215V	logit=-0.317
A:N55S	B:N252S	logit=-0.340
A:N54V	B:N251V	logit=-0.525
A:E100V	B:E297V	logit=-0.746
A:R61K	B:R258K	logit=-0.899

Top tied mutations (C + D view):
C:V218L	D:V491L	logit=-0.460
C:K191R	D:K464R	logit=-0.558
C:S180T	D:S453T	logit=-0.654
C:T42V	D:T315V	logit=-0.767
C:N51P	D:N324P	logit=-0.780

Top tied mutations (A + B view):
A:N55S	B:N252S	logit=-0.246
A:T18V	B:T215V	logit=-0.281
A:N54V	B:N251V	logit=-0.471
A:E100V	B:E297V	logit=-0.691
A:R61K	B:R258K	logit=-0.869

Top tied mutations (C + D view):
C:V218L	D:V491L	logit=-0.484
C:K191R	D:K464R	logit=-0.538
C:S180T	D:S453T	logit=-0.676
C:T42V	D:T315V	logit=-0.718
C:N51P	D:N324P	logit=-0.811

Top tied mutations (A + B view):
A:N55S	B:N252S	logit=-0.250
A:T18V	B:T215V	logit=-0.266
A:N54V	B:N251V	logit=-0.600
A:E100V	B:E297V	logit=-0.709
A:V102I	B:V299I	logit=-1.005

Top tied mutations (C + D view):
C:V218L	D:V491L	logit=-0.418
C:K191R	D:K464R	logit=-0.564
C:S180T	D:S453T	logit=-0.644
C:T42V	D:T315V	logit=-0.685
C:S89A	D:S362A	logit=-0.835

Top tied mutations (A + B view):
A:T18V	B:T215V	logit=-0.249
A:N55S	B:N252S	logit=-0.269
A:N54V	B:N251V	logit=-0.404
A:E100V	B:E297V	logit=-0.608
A:N54I	B:N251I	logit=-0.863

Top tied mutations (C + D view):
C:V218L	D:V491L	logit=-0.443
C:K191R	D:K464R	logit=-0.546
C:S180T	D:S453T	logit=-0.644
C:N51P	D:N324P	logit=-0.724
C:T42V	D:T315V	logit=-0.730

Top tied mutations (A + B view):
A:T18V	B:T215V	logit=-0.245
A:N55S	B:N252S	logit=-0.267
A:N54V	B:N251V	logit=-0.424
A:E100V	B:E297V	logit=-0.823
A:V102I	B:V299I	logit=-1.014

Top tied mutations (C + D view):
C:V218L	D:V491L	logit=-0.414
C:K191R	D:K464R	logit=-0.561
C:S180T	D:S453T	logit=-0.661
C:T42V	D:T315V	logit=-0.705
C:N51P	D:N324P	logit=-0.885

Top tied mutations (A + B view):
A:T18V	B:T215V	logit=-0.187
A:N55S	B:N252S	logit=-0.285
A:N54V	B:N251V	logit=-0.337
A:E100V	B:E297V	logit=-0.848
A:V102I	B:V299I	logit=-0.861

Top tied mutations (C + D view):
C:V218L	D:V491L	logit=-0.483
C:K191R	D:K464R	logit=-0.545
C:S180T	D:S453T	logit=-0.669
C:T42V	D:T315V	logit=-0.718
C:N51P	D:N324P	logit=-0.824

Top tied mutations (A + B view):
A:N55S	B:N252S	logit=-0.255
A:T18V	B:T215V	logit=-0.285
A:N54V	B:N251V	logit=-0.348
A:E100V	B:E297V	logit=-0.830
A:V102I	B:V299I	logit=-0.859

Top tied mutations (C + D view):
C:V218L	D:V491L	logit=-0.411
C:K191R	D:K464R	logit=-0.599
C:S180T	D:S453T	logit=-0.652
C:T42V	D:T315V	logit=-0.737
C:S89A	D:S362A	logit=-0.902

Top tied mutations (A + B view):
A:T18V	B:T215V	logit=-0.263
A:N55S	B:N252S	logit=-0.297
A:N54V	B:N251V	logit=-0.510
A:E100V	B:E297V	logit=-0.721
A:N54I	B:N251I	logit=-0.776

Top tied mutations (C + D view):
C:V218L	D:V491L	logit=-0.462
C:K191R	D:K464R	logit=-0.514
C:S180T	D:S453T	logit=-0.641
C:T42V	D:T315V	logit=-0.688
C:N51P	D:N324P	logit=-0.787

Top tied mutations (A + B view):
A:N55S	B:N252S	logit=-0.244
A:T18V	B:T215V	logit=-0.268
A:N54V	B:N251V	logit=-0.440
A:N54I	B:N251I	logit=-0.891
A:V58T	B:V255T	logit=-0.948

Top tied mutations (C + D view):
C:V218L	D:V491L	logit=-0.462
C:K191R	D:K464R	logit=-0.550
C:S180T	D:S453T	logit=-0.632
C:T42V	D:T315V	logit=-0.738
C:N51P	D:N324P	logit=-0.793

Top tied mutations (A + B view):
A:T18V	B:T215V	logit=-0.252
A:N55S	B:N252S	logit=-0.335
A:N54V	B:N251V	logit=-0.367
A:N54I	B:N251I	logit=-0.869
A:R61K	B:R258K	logit=-0.919

Top tied mutations (C + D view):
C:V218L	D:V491L	logit=-0.456
C:K191R	D:K464R	logit=-0.555
C:S180T	D:S453T	logit=-0.644
C:N51P	D:N324P	logit=-0.683
C:T42V	D:T315V	logit=-0.731

Top tied mutations (A + B view):
A:T18V	B:T215V	logit=-0.226
A:N55S	B:N252S	logit=-0.272
A:N54V	B:N251V	logit=-0.581
A:E100V	B:E297V	logit=-0.770
A:V102I	B:V299I	logit=-0.974

Top tied mutations (C + D view):
C:V218L	D:V491L	logit=-0.426
C:K191R	D:K464R	logit=-0.529
C:S180T	D:S453T	logit=-0.649
C:T42V	D:T315V	logit=-0.723
C:S89A	D:S362A	logit=-0.876

Top tied mutations (A + B view):
A:T18V	B:T215V	logit=-0.230
A:N55S	B:N252S	logit=-0.277
A:N54V	B:N251V	logit=-0.644
A:E100V	B:E297V	logit=-0.747
A:R61V	B:R258V	logit=-0.877

Top tied mutations (C + D view):
C:V218L	D:V491L	logit=-0.439
C:K191R	D:K464R	logit=-0.571
C:S180T	D:S453T	logit=-0.618
C:T42V	D:T315V	logit=-0.748
C:S89A	D:S362A	logit=-0.869

Top tied mutations (A + B view):
A:T18V	B:T215V	logit=-0.254
A:N55S	B:N252S	logit=-0.301
A:N54V	B:N251V	logit=-0.481
A:E100V	B:E297V	logit=-0.823
A:R61K	B:R258K	logit=-0.932

Top tied mutations (C + D view):
C:V218L	D:V491L	logit=-0.418
C:K191R	D:K464R	logit=-0.594
C:S180T	D:S453T	logit=-0.684
C:T42V	D:T315V	logit=-0.714
C:N51P	D:N324P	logit=-0.797

Top tied mutations (A + B view):
A:T18V	B:T215V	logit=-0.254
A:N55S	B:N252S	logit=-0.296
A:N54V	B:N251V	logit=-0.330
A:E100V	B:E297V	logit=-0.745
A:R61K	B:R258K	logit=-0.842

Top tied mutations (C + D view):
C:V218L	D:V491L	logit=-0.478
C:K191R	D:K464R	logit=-0.578
C:S180T	D:S453T	logit=-0.652
C:T42V	D:T315V	logit=-0.748
C:S89A	D:S362A	logit=-0.831

Top tied mutations (A + B view):
A:T18V	B:T215V	logit=-0.188
A:N55S	B:N252S	logit=-0.323
A:N54V	B:N251V	logit=-0.385
A:E100V	B:E297V	logit=-0.551
A:V102I	B:V299I	logit=-0.814

Top tied mutations (C + D view):
C:V218L	D:V491L	logit=-0.419
C:K191R	D:K464R	logit=-0.571
C:S180T	D:S453T	logit=-0.644
C:T42V	D:T315V	logit=-0.670
C:N51P	D:N324P	logit=-0.793

Top tied mutations (A + B view):
A:T18V	B:T215V	logit=-0.270
A:N55S	B:N252S	logit=-0.298
A:N54V	B:N251V	logit=-0.431
A:E100V	B:E297V	logit=-0.753
A:N54I	B:N251I	logit=-0.945

Top tied mutations (C + D view):
C:V218L	D:V491L	logit=-0.471
C:K191R	D:K464R	logit=-0.618
C:S180T	D:S453T	logit=-0.656
C:T42V	D:T315V	logit=-0.694
C:N51P	D:N324P	logit=-0.825

Top tied mutations (A + B view):
A:N55S	B:N252S	logit=-0.212
A:T18V	B:T215V	logit=-0.264
A:N54V	B:N251V	logit=-0.489
A:R61K	B:R258K	logit=-0.712
A:E100V	B:E297V	logit=-0.823

Top tied mutations (C + D view):
C:V218L	D:V491L	logit=-0.467
C:K191R	D:K464R	logit=-0.590
C:S180T	D:S453T	logit=-0.647
C:T42V	D:T315V	logit=-0.708
C:N51P	D:N324P	logit=-0.879

Top tied mutations (A + B view):
A:T18V	B:T215V	logit=-0.231
A:N55S	B:N252S	logit=-0.304
A:N54V	B:N251V	logit=-0.445
A:E100V	B:E297V	logit=-0.754
A:R61K	B:R258K	logit=-0.921

Top tied mutations (C + D view):
C:V218L	D:V491L	logit=-0.465
C:K191R	D:K464R	logit=-0.554
C:S180T	D:S453T	logit=-0.683
C:T42V	D:T315V	logit=-0.712
C:N51P	D:N324P	logit=-0.721

Top tied mutations (A + B view):
A:T18V	B:T215V	logit=-0.295
A:N55S	B:N252S	logit=-0.339
A:N54V	B:N251V	logit=-0.551
A:E100V	B:E297V	logit=-0.742
A:N57R	B:N254R	logit=-0.868

Top tied mutations (C + D view):
C:V218L	D:V491L	logit=-0.431
C:K191R	D:K464R	logit=-0.604
C:S180T	D:S453T	logit=-0.664
C:T42V	D:T315V	logit=-0.742
C:N51P	D:N324P	logit=-0.780

Top tied mutations (A + B view):
A:T18V	B:T215V	logit=-0.223
A:N55S	B:N252S	logit=-0.269
A:N54V	B:N251V	logit=-0.310
A:E100V	B:E297V	logit=-0.789
A:V58T	B:V255T	logit=-0.905

Top tied mutations (C + D view):
C:V218L	D:V491L	logit=-0.461
C:K191R	D:K464R	logit=-0.549
C:S180T	D:S453T	logit=-0.639
C:N51P	D:N324P	logit=-0.774
C:T42V	D:T315V	logit=-0.815

Top tied mutations (A + B view):
A:T18V	B:T215V	logit=-0.238
A:N54V	B:N251V	logit=-0.328
A:N55S	B:N252S	logit=-0.344
A:E100V	B:E297V	logit=-0.776
A:R61K	B:R258K	logit=-0.814

Top tied mutations (C + D view):
C:V218L	D:V491L	logit=-0.433
C:K191R	D:K464R	logit=-0.583
C:S180T	D:S453T	logit=-0.676
C:T42V	D:T315V	logit=-0.712
C:N51P	D:N324P	logit=-0.776

Top tied mutations (A + B view):
A:N55S	B:N252S	logit=-0.301
A:T18V	B:T215V	logit=-0.306
A:N54V	B:N251V	logit=-0.394
A:V102I	B:V299I	logit=-0.877
A:N54I	B:N251I	logit=-0.918

Top tied mutations (C + D view):
C:V218L	D:V491L	logit=-0.475
C:K191R	D:K464R	logit=-0.596
C:S180T	D:S453T	logit=-0.678
C:T42V	D:T315V	logit=-0.746
C:N51P	D:N324P	logit=-0.877

Top tied mutations (A + B view):
A:T18V	B:T215V	logit=-0.266
A:N55S	B:N252S	logit=-0.356
A:N54V	B:N251V	logit=-0.540
A:E100V	B:E297V	logit=-0.747
A:R61K	B:R258K	logit=-0.787

Top tied mutations (C + D view):
C:V218L	D:V491L	logit=-0.447
C:K191R	D:K464R	logit=-0.496
C:S180T	D:S453T	logit=-0.657
C:T42V	D:T315V	logit=-0.705
C:N51P	D:N324P	logit=-0.748

Top tied mutations (A + B view):
A:T18V	B:T215V	logit=-0.232
A:N55S	B:N252S	logit=-0.282
A:N54V	B:N251V	logit=-0.600
A:N57R	B:N254R	logit=-0.721
A:V102I	B:V299I	logit=-0.868

Top tied mutations (C + D view):
C:V218L	D:V491L	logit=-0.458
C:K191R	D:K464R	logit=-0.550
C:S180T	D:S453T	logit=-0.643
C:T42V	D:T315V	logit=-0.727
C:N51P	D:N324P	logit=-0.783

Top tied mutations (A + B view):
A:T18V	B:T215V	logit=-0.228
A:N55S	B:N252S	logit=-0.250
A:N54V	B:N251V	logit=-0.299
A:E100V	B:E297V	logit=-0.805
A:R61V	B:R258V	logit=-0.924

Top tied mutations (C + D view):
C:V218L	D:V491L	logit=-0.411
C:K191R	D:K464R	logit=-0.520
C:S180T	D:S453T	logit=-0.660
C:T42V	D:T315V	logit=-0.733
C:N51P	D:N324P	logit=-0.887

Top tied mutations (A + B view):
A:T18V	B:T215V	logit=-0.245
A:N55S	B:N252S	logit=-0.334
A:N54V	B:N251V	logit=-0.459
A:V102I	B:V299I	logit=-0.888
A:E100V	B:E297V	logit=-0.892

Top tied mutations (C + D view):
C:V218L	D:V491L	logit=-0.432
C:K191R	D:K464R	logit=-0.618
C:S180T	D:S453T	logit=-0.654
C:T42V	D:T315V	logit=-0.691
C:N51P	D:N324P	logit=-0.882

Top tied mutations (A + B view):
A:T18V	B:T215V	logit=-0.260
A:N54V	B:N251V	logit=-0.353
A:N55S	B:N252S	logit=-0.373
A:N57R	B:N254R	logit=-0.750
A:N54I	B:N251I	logit=-0.775

Top tied mutations (C + D view):
C:V218L	D:V491L	logit=-0.478
C:K191R	D:K464R	logit=-0.543
C:S180T	D:S453T	logit=-0.639
C:T42V	D:T315V	logit=-0.761
C:N51P	D:N324P	logit=-0.818

Top tied mutations (A + B view):
A:N55S	B:N252S	logit=-0.222
A:T18V	B:T215V	logit=-0.324
A:N54V	B:N251V	logit=-0.414
A:R61K	B:R258K	logit=-0.737
A:V102I	B:V299I	logit=-0.888

Top tied mutations (C + D view):
C:V218L	D:V491L	logit=-0.433
C:K191R	D:K464R	logit=-0.565
C:S180T	D:S453T	logit=-0.663
C:T42V	D:T315V	logit=-0.671
C:N51P	D:N324P	logit=-0.848

Top tied mutations (A + B view):
A:T18V	B:T215V	logit=-0.282
A:N55S	B:N252S	logit=-0.312
A:N54V	B:N251V	logit=-0.468
A:E100V	B:E297V	logit=-0.724
A:V102I	B:V299I	logit=-0.933

Top tied mutations (C + D view):
C:V218L	D:V491L	logit=-0.463
C:K191R	D:K464R	logit=-0.530
C:S180T	D:S453T	logit=-0.651
C:T42V	D:T315V	logit=-0.729
C:N51P	D:N324P	logit=-0.757

Top tied mutations (A + B view):
A:T18V	B:T215V	logit=-0.264
A:N55S	B:N252S	logit=-0.298
A:N54V	B:N251V	logit=-0.461
A:N54I	B:N251I	logit=-0.702
A:E100V	B:E297V	logit=-0.764

Top tied mutations (C + D view):
C:V218L	D:V491L	logit=-0.437
C:K191R	D:K464R	logit=-0.548
C:S180T	D:S453T	logit=-0.631
C:T42V	D:T315V	logit=-0.736
C:N51P	D:N324P	logit=-0.893

Top tied mutations (A + B view):
A:T18V	B:T215V	logit=-0.151
A:N55S	B:N252S	logit=-0.268
A:N54V	B:N251V	logit=-0.507
A:E100V	B:E297V	logit=-0.662
A:R61K	B:R258K	logit=-0.713

Top tied mutations (C + D view):
C:V218L	D:V491L	logit=-0.479
C:K191R	D:K464R	logit=-0.592
C:S180T	D:S453T	logit=-0.647
C:T42V	D:T315V	logit=-0.753
C:N51P	D:N324P	logit=-0.875

Top tied mutations (A + B view):
A:T18V	B:T215V	logit=-0.236
A:N55S	B:N252S	logit=-0.279
A:N54V	B:N251V	logit=-0.605
A:E100V	B:E297V	logit=-0.901
A:N57R	B:N254R	logit=-0.933

Top tied mutations (C + D view):
C:V218L	D:V491L	logit=-0.446
C:K191R	D:K464R	logit=-0.587
C:S180T	D:S453T	logit=-0.675
C:T42V	D:T315V	logit=-0.790
C:S89A	D:S362A	logit=-0.890

Top tied mutations (A + B view):
A:T18V	B:T215V	logit=-0.235
A:N55S	B:N252S	logit=-0.298
A:E100V	B:E297V	logit=-0.550
A:N54V	B:N251V	logit=-0.637
A:N57R	B:N254R	logit=-0.784

Top tied mutations (C + D view):
C:V218L	D:V491L	logit=-0.466
C:K191R	D:K464R	logit=-0.559
C:S180T	D:S453T	logit=-0.650
C:T42V	D:T315V	logit=-0.766
C:N51P	D:N324P	logit=-0.826

Top tied mutations (A + B view):
A:T18V	B:T215V	logit=-0.172
A:N55S	B:N252S	logit=-0.299
A:N54V	B:N251V	logit=-0.648
A:E100V	B:E297V	logit=-0.757
A:V102I	B:V299I	logit=-0.877

Top tied mutations (C + D view):
C:V218L	D:V491L	logit=-0.473
C:K191R	D:K464R	logit=-0.586
C:N51P	D:N324P	logit=-0.673
C:S180T	D:S453T	logit=-0.690
C:T42V	D:T315V	logit=-0.744

Top tied mutations (A + B view):
A:T18V	B:T215V	logit=-0.223
A:N55S	B:N252S	logit=-0.282
A:N54V	B:N251V	logit=-0.488
A:N54I	B:N251I	logit=-0.744
A:E100V	B:E297V	logit=-0.798

Top tied mutations (C + D view):
C:V218L	D:V491L	logit=-0.487
C:K191R	D:K464R	logit=-0.527
C:S180T	D:S453T	logit=-0.667
C:T42V	D:T315V	logit=-0.689
C:N51P	D:N324P	logit=-0.774

Top tied mutations (A + B view):
A:T18V	B:T215V	logit=-0.226
A:N55S	B:N252S	logit=-0.407
A:N54V	B:N251V	logit=-0.456
A:E100V	B:E297V	logit=-0.759
A:R61V	B:R258V	logit=-0.850

Top tied mutations (C + D view):
C:V218L	D:V491L	logit=-0.469
C:K191R	D:K464R	logit=-0.511
C:S180T	D:S453T	logit=-0.671
C:T42V	D:T315V	logit=-0.760
C:S89A	D:S362A	logit=-0.864

Top tied mutations (A + B view):
A:T18V	B:T215V	logit=-0.228
A:N55S	B:N252S	logit=-0.366
A:N54V	B:N251V	logit=-0.467
A:E100V	B:E297V	logit=-0.742
A:N54I	B:N251I	logit=-0.749

Top tied mutations (C + D view):
C:V218L	D:V491L	logit=-0.463
C:K191R	D:K464R	logit=-0.600
C:S180T	D:S453T	logit=-0.653
C:T42V	D:T315V	logit=-0.730
C:N51P	D:N324P	logit=-0.823

Top tied mutations (A + B view):
A:T18V	B:T215V	logit=-0.198
A:N55S	B:N252S	logit=-0.322
A:N54V	B:N251V	logit=-0.414
A:E100V	B:E297V	logit=-0.648
A:R61V	B:R258V	logit=-0.971

Top tied mutations (C + D view):
C:V218L	D:V491L	logit=-0.459
C:K191R	D:K464R	logit=-0.603
C:S180T	D:S453T	logit=-0.670
C:T42V	D:T315V	logit=-0.760
C:N219S	D:N492S	logit=-0.912

Top tied mutations (A + B view):
A:T18V	B:T215V	logit=-0.284
A:N55S	B:N252S	logit=-0.286
A:N54V	B:N251V	logit=-0.492
A:E100V	B:E297V	logit=-0.781
A:V102I	B:V299I	logit=-0.826

Top tied mutations (C + D view):
C:V218L	D:V491L	logit=-0.466
C:K191R	D:K464R	logit=-0.554
C:S180T	D:S453T	logit=-0.656
C:T42V	D:T315V	logit=-0.720
C:N51P	D:N324P	logit=-0.871

Top tied mutations (A + B view):
A:T18V	B:T215V	logit=-0.241
A:N55S	B:N252S	logit=-0.269
A:N54V	B:N251V	logit=-0.407
A:N54I	B:N251I	logit=-0.609
A:E100V	B:E297V	logit=-0.775

Top tied mutations (C + D view):
C:V218L	D:V491L	logit=-0.415
C:K191R	D:K464R	logit=-0.559
C:S180T	D:S453T	logit=-0.647
C:T42V	D:T315V	logit=-0.687
C:N51P	D:N324P	logit=-0.843

Top tied mutations (A + B view):
A:T18V	B:T215V	logit=-0.201
A:N55S	B:N252S	logit=-0.248
A:N54V	B:N251V	logit=-0.444
A:E100V	B:E297V	logit=-0.669
A:R61K	B:R258K	logit=-0.810

Top tied mutations (C + D view):
C:V218L	D:V491L	logit=-0.443
C:K191R	D:K464R	logit=-0.571
C:S180T	D:S453T	logit=-0.664
C:T42V	D:T315V	logit=-0.752
C:N51P	D:N324P	logit=-0.785

Top tied mutations (A + B view):
A:T18V	B:T215V	logit=-0.207
A:N55S	B:N252S	logit=-0.364
A:N54V	B:N251V	logit=-0.551
A:N57R	B:N254R	logit=-0.666
A:E100V	B:E297V	logit=-0.693

Top tied mutations (C + D view):
C:V218L	D:V491L	logit=-0.456
C:K191R	D:K464R	logit=-0.590
C:S180T	D:S453T	logit=-0.649
C:T42V	D:T315V	logit=-0.725
C:S89A	D:S362A	logit=-0.904

Top tied mutations (A + B view):
A:T18V	B:T215V	logit=-0.202
A:N55S	B:N252S	logit=-0.314
A:N54V	B:N251V	logit=-0.385
A:E100V	B:E297V	logit=-0.784
A:V58T	B:V255T	logit=-0.842

Top tied mutations (C + D view):
C:V218L	D:V491L	logit=-0.466
C:K191R	D:K464R	logit=-0.538
C:S180T	D:S453T	logit=-0.659
C:T42V	D:T315V	logit=-0.666
C:N51P	D:N324P	logit=-0.858

Top tied mutations (A + B view):
A:T18V	B:T215V	logit=-0.250
A:N55S	B:N252S	logit=-0.315
A:N54V	B:N251V	logit=-0.451
A:E100V	B:E297V	logit=-0.605
A:N54I	B:N251I	logit=-0.757

Top tied mutations (C + D view):
C:V218L	D:V491L	logit=-0.424
C:K191R	D:K464R	logit=-0.498
C:S180T	D:S453T	logit=-0.661
C:T42V	D:T315V	logit=-0.751
C:S89A	D:S362A	logit=-0.866

Top tied mutations (A + B view):
A:T18V	B:T215V	logit=-0.239
A:N55S	B:N252S	logit=-0.255
A:N54V	B:N251V	logit=-0.430
A:N54I	B:N251I	logit=-0.549
A:E100V	B:E297V	logit=-0.884

Top tied mutations (C + D view):
C:V218L	D:V491L	logit=-0.465
C:K191R	D:K464R	logit=-0.561
C:S180T	D:S453T	logit=-0.660
C:T42V	D:T315V	logit=-0.780
C:N51P	D:N324P	logit=-0.916

Top tied mutations (A + B view):
A:T18V	B:T215V	logit=-0.208
A:N55S	B:N252S	logit=-0.316
A:N54V	B:N251V	logit=-0.346
A:E100V	B:E297V	logit=-0.700
A:V102I	B:V299I	logit=-0.773

Top tied mutations (C + D view):
C:V218L	D:V491L	logit=-0.459
C:K191R	D:K464R	logit=-0.525
C:S180T	D:S453T	logit=-0.653
C:T42V	D:T315V	logit=-0.764
C:N51P	D:N324P	logit=-0.895

Top tied mutations (A + B view):
A:T18V	B:T215V	logit=-0.225
A:N54V	B:N251V	logit=-0.335
A:N55S	B:N252S	logit=-0.389
A:E100V	B:E297V	logit=-0.854
A:N57R	B:N254R	logit=-0.862

Top tied mutations (C + D view):
C:V218L	D:V491L	logit=-0.449
C:K191R	D:K464R	logit=-0.564
C:S180T	D:S453T	logit=-0.653
C:T42V	D:T315V	logit=-0.696
C:N51P	D:N324P	logit=-0.768

Top tied mutations (A + B view):
A:T18V	B:T215V	logit=-0.254
A:N55S	B:N252S	logit=-0.342
A:N54V	B:N251V	logit=-0.427
A:E100V	B:E297V	logit=-0.610
A:V102I	B:V299I	logit=-0.864

Top tied mutations (C + D view):
C:V218L	D:V491L	logit=-0.441
C:K191R	D:K464R	logit=-0.621
C:S180T	D:S453T	logit=-0.659
C:T42V	D:T315V	logit=-0.800
C:N51P	D:N324P	logit=-0.885

Top tied mutations (A + B view):
A:N55S	B:N252S	logit=-0.201
A:T18V	B:T215V	logit=-0.249
A:N54V	B:N251V	logit=-0.622
A:E100V	B:E297V	logit=-0.716
A:N57R	B:N254R	logit=-0.859

Top tied mutations (C + D view):
C:V218L	D:V491L	logit=-0.423
C:K191R	D:K464R	logit=-0.612
C:S180T	D:S453T	logit=-0.649
C:T42V	D:T315V	logit=-0.706
C:N51P	D:N324P	logit=-0.813

Top tied mutations (A + B view):
A:T18V	B:T215V	logit=-0.121
A:N55S	B:N252S	logit=-0.278
A:N54V	B:N251V	logit=-0.490
A:E100V	B:E297V	logit=-0.790
A:V58T	B:V255T	logit=-0.918

Top tied mutations (C + D view):
C:V218L	D:V491L	logit=-0.425
C:K191R	D:K464R	logit=-0.574
C:S180T	D:S453T	logit=-0.656
C:T42V	D:T315V	logit=-0.695
C:N51P	D:N324P	logit=-0.764

Top tied mutations (A + B view):
A:T18V	B:T215V	logit=-0.271
A:N55S	B:N252S	logit=-0.310
A:N54V	B:N251V	logit=-0.317
A:N57R	B:N254R	logit=-0.563
A:E100V	B:E297V	logit=-0.717

Top tied mutations (C + D view):
C:V218L	D:V491L	logit=-0.402
C:K191R	D:K464R	logit=-0.558
C:S180T	D:S453T	logit=-0.667
C:T42V	D:T315V	logit=-0.753
C:N51P	D:N324P	logit=-0.921

Top tied mutations (A + B view):
A:N55S	B:N252S	logit=-0.276
A:T18V	B:T215V	logit=-0.309
A:N54V	B:N251V	logit=-0.503
A:E100V	B:E297V	logit=-0.719
A:N57R	B:N254R	logit=-0.839

Top tied mutations (C + D view):
C:V218L	D:V491L	logit=-0.452
C:K191R	D:K464R	logit=-0.536
C:S180T	D:S453T	logit=-0.645
C:T42V	D:T315V	logit=-0.744
C:S89A	D:S362A	logit=-0.833

Top tied mutations (A + B view):
A:T18V	B:T215V	logit=-0.150
A:N55S	B:N252S	logit=-0.243
A:N54V	B:N251V	logit=-0.379
A:E100V	B:E297V	logit=-0.757
A:R61K	B:R258K	logit=-0.916

Top tied mutations (C + D view):
C:V218L	D:V491L	logit=-0.423
C:K191R	D:K464R	logit=-0.569
C:S180T	D:S453T	logit=-0.651
C:T42V	D:T315V	logit=-0.714
C:N51P	D:N324P	logit=-0.769

Top tied mutations (A + B view):
A:T18V	B:T215V	logit=-0.237
A:N55S	B:N252S	logit=-0.342
A:N54V	B:N251V	logit=-0.536
A:E100V	B:E297V	logit=-0.757
A:N54I	B:N251I	logit=-0.906

Top tied mutations (C + D view):
C:V218L	D:V491L	logit=-0.434
C:K191R	D:K464R	logit=-0.553
C:S180T	D:S453T	logit=-0.669
C:T42V	D:T315V	logit=-0.704
C:N51P	D:N324P	logit=-0.885

Top tied mutations (A + B view):
A:T18V	B:T215V	logit=-0.195
A:N55S	B:N252S	logit=-0.364
A:N54V	B:N251V	logit=-0.448
A:R61K	B:R258K	logit=-0.786
A:E100V	B:E297V	logit=-0.789

Top tied mutations (C + D view):
C:V218L	D:V491L	logit=-0.492
C:K191R	D:K464R	logit=-0.555
C:S180T	D:S453T	logit=-0.661
C:T42V	D:T315V	logit=-0.735
C:N219S	D:N492S	logit=-0.936

Top tied mutations (A + B view):
A:T18V	B:T215V	logit=-0.152
A:N55S	B:N252S	logit=-0.276
A:N54V	B:N251V	logit=-0.376
A:E100V	B:E297V	logit=-0.707
A:N54I	B:N251I	logit=-0.732

Top tied mutations (C + D view):
C:V218L	D:V491L	logit=-0.417
C:K191R	D:K464R	logit=-0.594
C:S180T	D:S453T	logit=-0.645
C:T42V	D:T315V	logit=-0.755
C:N51P	D:N324P	logit=-0.876

Top tied mutations (A + B view):
A:N55S	B:N252S	logit=-0.289
A:T18V	B:T215V	logit=-0.309
A:N54V	B:N251V	logit=-0.428
A:E100V	B:E297V	logit=-0.789
A:R61K	B:R258K	logit=-0.884

Top tied mutations (C + D view):
C:V218L	D:V491L	logit=-0.495
C:K191R	D:K464R	logit=-0.594
C:S180T	D:S453T	logit=-0.661
C:T42V	D:T315V	logit=-0.756
C:N51P	D:N324P	logit=-0.773

Top tied mutations (A + B view):
A:T18V	B:T215V	logit=-0.204
A:N55S	B:N252S	logit=-0.285
A:N54V	B:N251V	logit=-0.490
A:E100V	B:E297V	logit=-0.724
A:V102I	B:V299I	logit=-0.895

Top tied mutations (C + D view):
C:V218L	D:V491L	logit=-0.422
C:K191R	D:K464R	logit=-0.505
C:S180T	D:S453T	logit=-0.649
C:T42V	D:T315V	logit=-0.727
C:S72G	D:S345G	logit=-0.924

Top tied mutations (A + B view):
A:N55S	B:N252S	logit=-0.226
A:T18V	B:T215V	logit=-0.235
A:N54V	B:N251V	logit=-0.516
A:E100V	B:E297V	logit=-0.698
A:V102I	B:V299I	logit=-0.901

Top tied mutations (C + D view):
C:V218L	D:V491L	logit=-0.454
C:K191R	D:K464R	logit=-0.605
C:S180T	D:S453T	logit=-0.631
C:T42V	D:T315V	logit=-0.701
C:N51P	D:N324P	logit=-0.715

Top tied mutations (A + B view):
A:T18V	B:T215V	logit=-0.206
A:N55S	B:N252S	logit=-0.235
A:N54V	B:N251V	logit=-0.538
A:E100V	B:E297V	logit=-0.747
A:V102I	B:V299I	logit=-0.885

Top tied mutations (C + D view):
C:V218L	D:V491L	logit=-0.502
C:K191R	D:K464R	logit=-0.584
C:S180T	D:S453T	logit=-0.664
C:N51P	D:N324P	logit=-0.685
C:T42V	D:T315V	logit=-0.764

Top tied mutations (A + B view):
A:T18V	B:T215V	logit=-0.323
A:N55S	B:N252S	logit=-0.370
A:N54V	B:N251V	logit=-0.542
A:E100V	B:E297V	logit=-0.763
A:N57R	B:N254R	logit=-0.936

Top tied mutations (C + D view):
C:V218L	D:V491L	logit=-0.488
C:K191R	D:K464R	logit=-0.600
C:S180T	D:S453T	logit=-0.654
C:T42V	D:T315V	logit=-0.725
C:N51P	D:N324P	logit=-0.867

Top tied mutations (A + B view):
A:T18V	B:T215V	logit=-0.251
A:N55S	B:N252S	logit=-0.321
A:N54V	B:N251V	logit=-0.491
A:E100V	B:E297V	logit=-0.656
A:V102I	B:V299I	logit=-0.829

Top tied mutations (C + D view):
C:V218L	D:V491L	logit=-0.443
C:K191R	D:K464R	logit=-0.517
C:S180T	D:S453T	logit=-0.695
C:N51P	D:N324P	logit=-0.768
C:T42V	D:T315V	logit=-0.776

Top tied mutations (A + B view):
A:T18V	B:T215V	logit=-0.165
A:N55S	B:N252S	logit=-0.342
A:N54V	B:N251V	logit=-0.667
A:E100V	B:E297V	logit=-0.787
A:N57R	B:N254R	logit=-0.843

Top tied mutations (C + D view):
C:V218L	D:V491L	logit=-0.429
C:K191R	D:K464R	logit=-0.555
C:S180T	D:S453T	logit=-0.681
C:T42V	D:T315V	logit=-0.695
C:S89A	D:S362A	logit=-0.874

Top tied mutations (A + B view):
A:T18V	B:T215V	logit=-0.098
A:N55S	B:N252S	logit=-0.298
A:N54V	B:N251V	logit=-0.570
A:R61K	B:R258K	logit=-0.710
A:E100V	B:E297V	logit=-0.787

Top tied mutations (C + D view):
C:V218L	D:V491L	logit=-0.455
C:K191R	D:K464R	logit=-0.568
C:S180T	D:S453T	logit=-0.627
C:T42V	D:T315V	logit=-0.674
C:N51P	D:N324P	logit=-0.748

Top tied mutations (A + B view):
A:T18V	B:T215V	logit=-0.148
A:N55S	B:N252S	logit=-0.274
A:N54V	B:N251V	logit=-0.493
A:E100V	B:E297V	logit=-0.734
A:R61K	B:R258K	logit=-0.827

Top tied mutations (C + D view):
C:V218L	D:V491L	logit=-0.473
C:K191R	D:K464R	logit=-0.573
C:S180T	D:S453T	logit=-0.642
C:T42V	D:T315V	logit=-0.750
C:N51P	D:N324P	logit=-0.879

Top tied mutations (A + B view):
A:T18V	B:T215V	logit=-0.217
A:N55S	B:N252S	logit=-0.358
A:N54V	B:N251V	logit=-0.400
A:E100V	B:E297V	logit=-0.714
A:N54I	B:N251I	logit=-0.928

Top tied mutations (C + D view):
C:V218L	D:V491L	logit=-0.421
C:K191R	D:K464R	logit=-0.587
C:S180T	D:S453T	logit=-0.669
C:T42V	D:T315V	logit=-0.696
C:N51P	D:N324P	logit=-0.775

Top tied mutations (A + B view):
A:T18V	B:T215V	logit=-0.187
A:N55S	B:N252S	logit=-0.377
A:N54V	B:N251V	logit=-0.512
A:N54I	B:N251I	logit=-0.854
A:E100V	B:E297V	logit=-0.904

Top tied mutations (C + D view):
C:V218L	D:V491L	logit=-0.459
C:K191R	D:K464R	logit=-0.516
C:S180T	D:S453T	logit=-0.674
C:T42V	D:T315V	logit=-0.713
C:N51P	D:N324P	logit=-0.793

Top tied mutations (A + B view):
A:N54V	B:N251V	logit=-0.155
A:T18V	B:T215V	logit=-0.261
A:N55S	B:N252S	logit=-0.312
A:E100V	B:E297V	logit=-0.722
A:N54I	B:N251I	logit=-0.735

Top tied mutations (C + D view):
C:V218L	D:V491L	logit=-0.422
C:K191R	D:K464R	logit=-0.552
C:S180T	D:S453T	logit=-0.676
C:T42V	D:T315V	logit=-0.700
C:N51P	D:N324P	logit=-0.839

Top tied mutations (A + B view):
A:N55S	B:N252S	logit=-0.178
A:T18V	B:T215V	logit=-0.282
A:N54V	B:N251V	logit=-0.673
A:E100V	B:E297V	logit=-0.741
A:R61K	B:R258K	logit=-0.796

Top tied mutations (C + D view):
C:V218L	D:V491L	logit=-0.395
C:K191R	D:K464R	logit=-0.528
C:S180T	D:S453T	logit=-0.647
C:T42V	D:T315V	logit=-0.749
C:N51P	D:N324P	logit=-0.831

Top tied mutations (A + B view):
A:T18V	B:T215V	logit=-0.192
A:N55S	B:N252S	logit=-0.386
A:N54V	B:N251V	logit=-0.436
A:E100V	B:E297V	logit=-0.697
A:V102I	B:V299I	logit=-0.823

Top tied mutations (C + D view):
C:V218L	D:V491L	logit=-0.480
C:K191R	D:K464R	logit=-0.510
C:S180T	D:S453T	logit=-0.657
C:T42V	D:T315V	logit=-0.695
C:S89A	D:S362A	logit=-0.857

Top tied mutations (A + B view):
A:T18V	B:T215V	logit=-0.236
A:N55S	B:N252S	logit=-0.284
A:N54V	B:N251V	logit=-0.536
A:E100V	B:E297V	logit=-0.748
A:N57R	B:N254R	logit=-0.756

Top tied mutations (C + D view):
C:V218L	D:V491L	logit=-0.459
C:K191R	D:K464R	logit=-0.601
C:S180T	D:S453T	logit=-0.636
C:T42V	D:T315V	logit=-0.663
C:N51P	D:N324P	logit=-0.863

Top tied mutations (A + B view):
A:N55S	B:N252S	logit=-0.273
A:T18V	B:T215V	logit=-0.275
A:N54V	B:N251V	logit=-0.571
A:E100V	B:E297V	logit=-0.683
A:R61K	B:R258K	logit=-0.797

Top tied mutations (C + D view):
C:V218L	D:V491L	logit=-0.461
C:K191R	D:K464R	logit=-0.563
C:S180T	D:S453T	logit=-0.658
C:T42V	D:T315V	logit=-0.728
C:N51P	D:N324P	logit=-0.907

Top tied mutations (A + B view):
A:T18V	B:T215V	logit=-0.224
A:N55S	B:N252S	logit=-0.374
A:N54V	B:N251V	logit=-0.382
A:N54I	B:N251I	logit=-0.674
A:E100V	B:E297V	logit=-0.788

Top tied mutations (C + D view):
C:V218L	D:V491L	logit=-0.441
C:K191R	D:K464R	logit=-0.531
C:S180T	D:S453T	logit=-0.685
C:T42V	D:T315V	logit=-0.709
C:N51P	D:N324P	logit=-0.843

Top tied mutations (A + B view):
A:T18V	B:T215V	logit=-0.247
A:N55S	B:N252S	logit=-0.301
A:N54V	B:N251V	logit=-0.632
A:E100V	B:E297V	logit=-0.780
A:V102I	B:V299I	logit=-0.870

Top tied mutations (C + D view):
C:V218L	D:V491L	logit=-0.470
C:K191R	D:K464R	logit=-0.538
C:S180T	D:S453T	logit=-0.667
C:T42V	D:T315V	logit=-0.763
C:S89A	D:S362A	logit=-0.914

Top tied mutations (A + B view):
A:T18V	B:T215V	logit=-0.206
A:N55S	B:N252S	logit=-0.283
A:N54V	B:N251V	logit=-0.508
A:E100V	B:E297V	logit=-0.693
A:N57R	B:N254R	logit=-0.849

Top tied mutations (C + D view):
C:V218L	D:V491L	logit=-0.469
C:K191R	D:K464R	logit=-0.533
C:S180T	D:S453T	logit=-0.659
C:T42V	D:T315V	logit=-0.790
C:S89A	D:S362A	logit=-0.844

Top tied mutations (A + B view):
A:T18V	B:T215V	logit=-0.221
A:N55S	B:N252S	logit=-0.239
A:N54V	B:N251V	logit=-0.437
A:E100V	B:E297V	logit=-0.777
A:V102I	B:V299I	logit=-0.927

Top tied mutations (C + D view):
C:V218L	D:V491L	logit=-0.481
C:K191R	D:K464R	logit=-0.573
C:S180T	D:S453T	logit=-0.657
C:T42V	D:T315V	logit=-0.776
C:N51P	D:N324P	logit=-0.853

Top tied mutations (A + B view):
A:N55S	B:N252S	logit=-0.282
A:T18V	B:T215V	logit=-0.343
A:N54V	B:N251V	logit=-0.371
A:E100V	B:E297V	logit=-0.716
A:V102I	B:V299I	logit=-0.800

Top tied mutations (C + D view):
C:V218L	D:V491L	logit=-0.466
C:K191R	D:K464R	logit=-0.580
C:T42V	D:T315V	logit=-0.674
C:S180T	D:S453T	logit=-0.681
C:N51P	D:N324P	logit=-0.865

Top tied mutations (A + B view):
A:T18V	B:T215V	logit=-0.294
A:N55S	B:N252S	logit=-0.382
A:N54V	B:N251V	logit=-0.413
A:N54I	B:N251I	logit=-0.836
A:E100V	B:E297V	logit=-0.840

Top tied mutations (C + D view):
C:V218L	D:V491L	logit=-0.423
C:K191R	D:K464R	logit=-0.505
C:S180T	D:S453T	logit=-0.645
C:T42V	D:T315V	logit=-0.730
C:N51P	D:N324P	logit=-0.837

Top tied mutations (A + B view):
A:T18V	B:T215V	logit=-0.274
A:N54V	B:N251V	logit=-0.375
A:N55S	B:N252S	logit=-0.399
A:E100V	B:E297V	logit=-0.764
A:N54I	B:N251I	logit=-0.836

Top tied mutations (C + D view):
C:V218L	D:V491L	logit=-0.485
C:K191R	D:K464R	logit=-0.596
C:S180T	D:S453T	logit=-0.648
C:T42V	D:T315V	logit=-0.703
C:N51P	D:N324P	logit=-0.921

Top tied mutations (A + B view):
A:N55S	B:N252S	logit=-0.226
A:T18V	B:T215V	logit=-0.256
A:N54V	B:N251V	logit=-0.497
A:E100V	B:E297V	logit=-0.790
A:R61K	B:R258K	logit=-0.952

Top tied mutations (C + D view):
C:V218L	D:V491L	logit=-0.398
C:K191R	D:K464R	logit=-0.567
C:S180T	D:S453T	logit=-0.682
C:T42V	D:T315V	logit=-0.721
C:N51P	D:N324P	logit=-0.731

Top tied mutations (A + B view):
A:T18V	B:T215V	logit=-0.181
A:N55S	B:N252S	logit=-0.276
A:N54V	B:N251V	logit=-0.661
A:E100V	B:E297V	logit=-0.782
A:V102I	B:V299I	logit=-0.856

Top tied mutations (C + D view):
C:V218L	D:V491L	logit=-0.441
C:K191R	D:K464R	logit=-0.539
C:S180T	D:S453T	logit=-0.675
C:T42V	D:T315V	logit=-0.711
C:N51P	D:N324P	logit=-0.840

Top tied mutations (A + B view):
A:N55S	B:N252S	logit=-0.256
A:T18V	B:T215V	logit=-0.323
A:N54V	B:N251V	logit=-0.525
A:E100V	B:E297V	logit=-0.746
A:R61K	B:R258K	logit=-0.826

Top tied mutations (C + D view):
C:V218L	D:V491L	logit=-0.420
C:K191R	D:K464R	logit=-0.548
C:S180T	D:S453T	logit=-0.655
C:T42V	D:T315V	logit=-0.656
C:N51P	D:N324P	logit=-0.818

Top tied mutations (A + B view):
A:T18V	B:T215V	logit=-0.206
A:N55S	B:N252S	logit=-0.363
A:N54V	B:N251V	logit=-0.531
A:E100V	B:E297V	logit=-0.717
A:N54I	B:N251I	logit=-0.837

Top tied mutations (C + D view):
C:V218L	D:V491L	logit=-0.422
C:K191R	D:K464R	logit=-0.600
C:S180T	D:S453T	logit=-0.658
C:N51P	D:N324P	logit=-0.727
C:T42V	D:T315V	logit=-0.792

Top tied mutations (A + B view):
A:T18V	B:T215V	logit=-0.265
A:N55S	B:N252S	logit=-0.394
A:N54V	B:N251V	logit=-0.486
A:R61K	B:R258K	logit=-0.812
A:E100V	B:E297V	logit=-0.821

Top tied mutations (C + D view):
C:V218L	D:V491L	logit=-0.439
C:K191R	D:K464R	logit=-0.526
C:S180T	D:S453T	logit=-0.665
C:T42V	D:T315V	logit=-0.692
C:N51P	D:N324P	logit=-0.921

Top tied mutations (A + B view):
A:T18V	B:T215V	logit=-0.230
A:N55S	B:N252S	logit=-0.302
A:N54V	B:N251V	logit=-0.345
A:E100V	B:E297V	logit=-0.577
A:R61K	B:R258K	logit=-0.700

Top tied mutations (C + D view):
C:V218L	D:V491L	logit=-0.410
C:K191R	D:K464R	logit=-0.480
C:S180T	D:S453T	logit=-0.659
C:T42V	D:T315V	logit=-0.709
C:S89A	D:S362A	logit=-0.856

Top tied mutations (A + B view):
A:T18V	B:T215V	logit=-0.211
A:N55S	B:N252S	logit=-0.262
A:N54V	B:N251V	logit=-0.568
A:E100V	B:E297V	logit=-0.742
A:R61K	B:R258K	logit=-0.762

Top tied mutations (C + D view):
C:V218L	D:V491L	logit=-0.443
C:K191R	D:K464R	logit=-0.579
C:S180T	D:S453T	logit=-0.681
C:T42V	D:T315V	logit=-0.790
C:N51P	D:N324P	logit=-0.797

Top tied mutations (A + B view):
A:T18V	B:T215V	logit=-0.213
A:N55S	B:N252S	logit=-0.311
A:N54V	B:N251V	logit=-0.409
A:E100V	B:E297V	logit=-0.768
A:N54I	B:N251I	logit=-0.830

Top tied mutations (C + D view):
C:V218L	D:V491L	logit=-0.458
C:K191R	D:K464R	logit=-0.510
C:S180T	D:S453T	logit=-0.667
C:T42V	D:T315V	logit=-0.748
C:N51P	D:N324P	logit=-0.833

Top tied mutations (A + B view):
A:N55S	B:N252S	logit=-0.237
A:T18V	B:T215V	logit=-0.240
A:N54V	B:N251V	logit=-0.495
A:V58T	B:V255T	logit=-0.770
A:V102I	B:V299I	logit=-0.874

Top tied mutations (C + D view):
C:V218L	D:V491L	logit=-0.422
C:K191R	D:K464R	logit=-0.572
C:S180T	D:S453T	logit=-0.651
C:N51P	D:N324P	logit=-0.732
C:T42V	D:T315V	logit=-0.815

Top tied mutations (A + B view):
A:T18V	B:T215V	logit=-0.214
A:N55S	B:N252S	logit=-0.251
A:N54V	B:N251V	logit=-0.538
A:E100V	B:E297V	logit=-0.788
A:N54I	B:N251I	logit=-0.832

Top tied mutations (C + D view):
C:V218L	D:V491L	logit=-0.439
C:K191R	D:K464R	logit=-0.534
C:S180T	D:S453T	logit=-0.652
C:T42V	D:T315V	logit=-0.777
C:S89A	D:S362A	logit=-0.904

Top tied mutations (A + B view):
A:T18V	B:T215V	logit=-0.211
A:N55S	B:N252S	logit=-0.302
A:N54V	B:N251V	logit=-0.543
A:E100V	B:E297V	logit=-0.665
A:R61V	B:R258V	logit=-0.860

Top tied mutations (C + D view):
C:V218L	D:V491L	logit=-0.420
C:K191R	D:K464R	logit=-0.546
C:S180T	D:S453T	logit=-0.657
C:T42V	D:T315V	logit=-0.759
C:N51P	D:N324P	logit=-0.834

Top tied mutations (A + B view):
A:T18V	B:T215V	logit=-0.285
A:N55S	B:N252S	logit=-0.311
A:N54V	B:N251V	logit=-0.503
A:N57R	B:N254R	logit=-0.825
A:E100V	B:E297V	logit=-0.826

Top tied mutations (C + D view):
C:V218L	D:V491L	logit=-0.439
C:K191R	D:K464R	logit=-0.604
C:S180T	D:S453T	logit=-0.660
C:T42V	D:T315V	logit=-0.671
C:N51P	D:N324P	logit=-0.819

Top tied mutations (A + B view):
A:T18V	B:T215V	logit=-0.193
A:N55S	B:N252S	logit=-0.252
A:N54V	B:N251V	logit=-0.519
A:R61V	B:R258V	logit=-0.803
A:E100V	B:E297V	logit=-0.804

Top tied mutations (C + D view):
C:V218L	D:V491L	logit=-0.434
C:K191R	D:K464R	logit=-0.521
C:S180T	D:S453T	logit=-0.615
C:T42V	D:T315V	logit=-0.694
C:N51P	D:N324P	logit=-0.813

Top tied mutations (A + B view):
A:T18V	B:T215V	logit=-0.217
A:N55S	B:N252S	logit=-0.259
A:N54V	B:N251V	logit=-0.537
A:E100V	B:E297V	logit=-0.539
A:N57R	B:N254R	logit=-0.738

Top tied mutations (C + D view):
C:V218L	D:V491L	logit=-0.442
C:K191R	D:K464R	logit=-0.554
C:S180T	D:S453T	logit=-0.666
C:T42V	D:T315V	logit=-0.724
C:N51P	D:N324P	logit=-0.853

Top tied mutations (A + B view):
A:T18V	B:T215V	logit=-0.135
A:N55S	B:N252S	logit=-0.363
A:N54V	B:N251V	logit=-0.485
A:N54I	B:N251I	logit=-0.815
A:V58T	B:V255T	logit=-0.834

Top tied mutations (C + D view):
C:V218L	D:V491L	logit=-0.411
C:K191R	D:K464R	logit=-0.547
C:S180T	D:S453T	logit=-0.648
C:T42V	D:T315V	logit=-0.703
C:N51P	D:N324P	logit=-0.872

Top tied mutations (A + B view):
A:T18V	B:T215V	logit=-0.231
A:N55S	B:N252S	logit=-0.358
A:N54V	B:N251V	logit=-0.401
A:E100V	B:E297V	logit=-0.709
A:V102I	B:V299I	logit=-0.896

Top tied mutations (C + D view):
C:V218L	D:V491L	logit=-0.478
C:K191R	D:K464R	logit=-0.615
C:S180T	D:S453T	logit=-0.678
C:T42V	D:T315V	logit=-0.745
C:N51P	D:N324P	logit=-0.882

Top tied mutations (A + B view):
A:T18V	B:T215V	logit=-0.241
A:N55S	B:N252S	logit=-0.309
A:N54V	B:N251V	logit=-0.355
A:R61K	B:R258K	logit=-0.858
A:E100V	B:E297V	logit=-0.876

Top tied mutations (C + D view):
C:V218L	D:V491L	logit=-0.479
C:K191R	D:K464R	logit=-0.497
C:S180T	D:S453T	logit=-0.650
C:T42V	D:T315V	logit=-0.763
C:N51P	D:N324P	logit=-0.782

Top tied mutations (A + B view):
A:T18V	B:T215V	logit=-0.268
A:N55S	B:N252S	logit=-0.278
A:N54V	B:N251V	logit=-0.342
A:E100V	B:E297V	logit=-0.699
A:R61K	B:R258K	logit=-0.808

Top tied mutations (C + D view):
C:V218L	D:V491L	logit=-0.432
C:K191R	D:K464R	logit=-0.535
C:S180T	D:S453T	logit=-0.679
C:T42V	D:T315V	logit=-0.695
C:N51P	D:N324P	logit=-0.748

Top tied mutations (A + B view):
A:T18V	B:T215V	logit=-0.232
A:N55S	B:N252S	logit=-0.340
A:N54V	B:N251V	logit=-0.462
A:E100V	B:E297V	logit=-0.782
A:V102I	B:V299I	logit=-0.785

Top tied mutations (C + D view):
C:V218L	D:V491L	logit=-0.444
C:K191R	D:K464R	logit=-0.516
C:S180T	D:S453T	logit=-0.651
C:T42V	D:T315V	logit=-0.759
C:N51P	D:N324P	logit=-0.864

Top tied mutations (A + B view):
A:T18V	B:T215V	logit=-0.240
A:N55S	B:N252S	logit=-0.274
A:N54V	B:N251V	logit=-0.453
A:E100V	B:E297V	logit=-0.855
A:V102I	B:V299I	logit=-0.868

Top tied mutations (C + D view):
C:V218L	D:V491L	logit=-0.437
C:K191R	D:K464R	logit=-0.616
C:S180T	D:S453T	logit=-0.662
C:T42V	D:T315V	logit=-0.681
C:N51P	D:N324P	logit=-0.812

Top tied mutations (A + B view):
A:T18V	B:T215V	logit=-0.197
A:N55S	B:N252S	logit=-0.345
A:N54V	B:N251V	logit=-0.437
A:E100V	B:E297V	logit=-0.575
A:R61V	B:R258V	logit=-0.987

Top tied mutations (C + D view):
C:V218L	D:V491L	logit=-0.411
C:K191R	D:K464R	logit=-0.565
C:S180T	D:S453T	logit=-0.652
C:T42V	D:T315V	logit=-0.749
C:S89A	D:S362A	logit=-0.898

Top tied mutations (A + B view):
A:T18V	B:T215V	logit=-0.239
A:N55S	B:N252S	logit=-0.323
A:N54V	B:N251V	logit=-0.332
A:E100V	B:E297V	logit=-0.764
A:V102I	B:V299I	logit=-0.877

Top tied mutations (C + D view):
C:V218L	D:V491L	logit=-0.415
C:K191R	D:K464R	logit=-0.560
C:S180T	D:S453T	logit=-0.657
C:T42V	D:T315V	logit=-0.689
C:N51P	D:N324P	logit=-0.765

Top tied mutations (A + B view):
A:T18V	B:T215V	logit=-0.186
A:N55S	B:N252S	logit=-0.272
A:N54V	B:N251V	logit=-0.439
A:R61K	B:R258K	logit=-0.690
A:E100V	B:E297V	logit=-0.798

Top tied mutations (C + D view):
C:V218L	D:V491L	logit=-0.423
C:K191R	D:K464R	logit=-0.654
C:S180T	D:S453T	logit=-0.655
C:T42V	D:T315V	logit=-0.757
C:N51P	D:N324P	logit=-0.839

Top tied mutations (A + B view):
A:T18V	B:T215V	logit=-0.224
A:N55S	B:N252S	logit=-0.379
A:N54V	B:N251V	logit=-0.587
A:E100V	B:E297V	logit=-0.731
A:V102I	B:V299I	logit=-0.817

Top tied mutations (C + D view):
C:V218L	D:V491L	logit=-0.438
C:K191R	D:K464R	logit=-0.515
C:S180T	D:S453T	logit=-0.665
C:T42V	D:T315V	logit=-0.743
C:N51P	D:N324P	logit=-0.803

Top tied mutations (A + B view):
A:T18V	B:T215V	logit=-0.233
A:N55S	B:N252S	logit=-0.300
A:N54V	B:N251V	logit=-0.468
A:N54I	B:N251I	logit=-0.613
A:E100V	B:E297V	logit=-0.719

Top tied mutations (C + D view):
C:V218L	D:V491L	logit=-0.413
C:K191R	D:K464R	logit=-0.502
C:S180T	D:S453T	logit=-0.662
C:T42V	D:T315V	logit=-0.779
C:N51P	D:N324P	logit=-0.871

Top tied mutations (A + B view):
A:T18V	B:T215V	logit=-0.236
A:N55S	B:N252S	logit=-0.371
A:N54V	B:N251V	logit=-0.387
A:E100V	B:E297V	logit=-0.799
A:N54I	B:N251I	logit=-0.837

Top tied mutations (C + D view):
C:V218L	D:V491L	logit=-0.424
C:K191R	D:K464R	logit=-0.528
C:S180T	D:S453T	logit=-0.658
C:T42V	D:T315V	logit=-0.764
C:S89A	D:S362A	logit=-0.850

Top tied mutations (A + B view):
A:T18V	B:T215V	logit=-0.111
A:N55S	B:N252S	logit=-0.315
A:N54V	B:N251V	logit=-0.454
A:E100V	B:E297V	logit=-0.734
A:V102I	B:V299I	logit=-0.814

Top tied mutations (C + D view):
C:V218L	D:V491L	logit=-0.445
C:K191R	D:K464R	logit=-0.593
C:S180T	D:S453T	logit=-0.656
C:T42V	D:T315V	logit=-0.714
C:S89A	D:S362A	logit=-0.806

Top tied mutations (A + B view):
A:T18V	B:T215V	logit=-0.189
A:N55S	B:N252S	logit=-0.277
A:N54V	B:N251V	logit=-0.490
A:V102I	B:V299I	logit=-0.848
A:V58T	B:V255T	logit=-0.863

Top tied mutations (C + D view):
C:V218L	D:V491L	logit=-0.452
C:K191R	D:K464R	logit=-0.496
C:S180T	D:S453T	logit=-0.659
C:T42V	D:T315V	logit=-0.810
C:N51P	D:N324P	logit=-0.817

Top tied mutations (A + B view):
A:T18V	B:T215V	logit=-0.240
A:N55S	B:N252S	logit=-0.311
A:N54V	B:N251V	logit=-0.480
A:N57R	B:N254R	logit=-0.901
A:E100V	B:E297V	logit=-0.921

Top tied mutations (C + D view):
C:V218L	D:V491L	logit=-0.445
C:K191R	D:K464R	logit=-0.554
C:S180T	D:S453T	logit=-0.647
C:T42V	D:T315V	logit=-0.732
C:S89A	D:S362A	logit=-0.865

Top tied mutations (A + B view):
A:T18V	B:T215V	logit=-0.221
A:N55S	B:N252S	logit=-0.284
A:N54V	B:N251V	logit=-0.414
A:R61K	B:R258K	logit=-0.815
A:V58T	B:V255T	logit=-0.840

Top tied mutations (C + D view):
C:V218L	D:V491L	logit=-0.487
C:K191R	D:K464R	logit=-0.548
C:S180T	D:S453T	logit=-0.640
C:T42V	D:T315V	logit=-0.766
C:N51P	D:N324P	logit=-0.812

Top tied mutations (A + B view):
A:T18V	B:T215V	logit=-0.175
A:N55S	B:N252S	logit=-0.337
A:N54V	B:N251V	logit=-0.453
A:E100V	B:E297V	logit=-0.852
A:V102I	B:V299I	logit=-0.952

Top tied mutations (C + D view):
C:V218L	D:V491L	logit=-0.474
C:K191R	D:K464R	logit=-0.528
C:S180T	D:S453T	logit=-0.640
C:T42V	D:T315V	logit=-0.698
C:N51P	D:N324P	logit=-0.821

Top tied mutations (A + B view):
A:T18V	B:T215V	logit=-0.277
A:N55S	B:N252S	logit=-0.289
A:E100V	B:E297V	logit=-0.680
A:N54V	B:N251V	logit=-0.693
A:V102I	B:V299I	logit=-0.880

Top tied mutations (C + D view):
C:V218L	D:V491L	logit=-0.416
C:K191R	D:K464R	logit=-0.558
C:S180T	D:S453T	logit=-0.630
C:T42V	D:T315V	logit=-0.782
C:S89A	D:S362A	logit=-0.916

Top tied mutations (A + B view):
A:T18V	B:T215V	logit=-0.235
A:N55S	B:N252S	logit=-0.357
A:N54V	B:N251V	logit=-0.417
A:E100V	B:E297V	logit=-0.741
A:V102I	B:V299I	logit=-0.929

Top tied mutations (C + D view):
C:V218L	D:V491L	logit=-0.491
C:K191R	D:K464R	logit=-0.559
C:S180T	D:S453T	logit=-0.669
C:T42V	D:T315V	logit=-0.745
C:S89A	D:S362A	logit=-0.891

Top tied mutations (A + B view):
A:T18V	B:T215V	logit=-0.203
A:N55S	B:N252S	logit=-0.281
A:N54V	B:N251V	logit=-0.378
A:E100V	B:E297V	logit=-0.856
A:N54I	B:N251I	logit=-0.859

Top tied mutations (C + D view):
C:V218L	D:V491L	logit=-0.442
C:K191R	D:K464R	logit=-0.614
C:S180T	D:S453T	logit=-0.647
C:T42V	D:T315V	logit=-0.752
C:N51P	D:N324P	logit=-0.914

Top tied mutations (A + B view):
A:T18V	B:T215V	logit=-0.213
A:N55S	B:N252S	logit=-0.287
A:N54V	B:N251V	logit=-0.389
A:E100V	B:E297V	logit=-0.724
A:N57R	B:N254R	logit=-0.818

Top tied mutations (C + D view):
C:V218L	D:V491L	logit=-0.453
C:K191R	D:K464R	logit=-0.570
C:S180T	D:S453T	logit=-0.681
C:T42V	D:T315V	logit=-0.733
C:N51P	D:N324P	logit=-0.827

Top tied mutations (A + B view):
A:T18V	B:T215V	logit=-0.196
A:N55S	B:N252S	logit=-0.284
A:N54V	B:N251V	logit=-0.462
A:E100V	B:E297V	logit=-0.653
A:V102I	B:V299I	logit=-0.796

Top tied mutations (C + D view):
C:V218L	D:V491L	logit=-0.457
C:K191R	D:K464R	logit=-0.522
C:S180T	D:S453T	logit=-0.652
C:T42V	D:T315V	logit=-0.749
C:S89A	D:S362A	logit=-0.875

Top tied mutations (A + B view):
A:T18V	B:T215V	logit=-0.220
A:N55S	B:N252S	logit=-0.352
A:N54V	B:N251V	logit=-0.629
A:V102I	B:V299I	logit=-0.837
A:E100V	B:E297V	logit=-0.841

Top tied mutations (C + D view):
C:V218L	D:V491L	logit=-0.414
C:K191R	D:K464R	logit=-0.564
C:S180T	D:S453T	logit=-0.666
C:T42V	D:T315V	logit=-0.675
C:N51P	D:N324P	logit=-0.839

Top tied mutations (A + B view):
A:T18V	B:T215V	logit=-0.258
A:N55S	B:N252S	logit=-0.349
A:N54V	B:N251V	logit=-0.603
A:E100V	B:E297V	logit=-0.725
A:N57R	B:N254R	logit=-0.852

Top tied mutations (C + D view):
C:V218L	D:V491L	logit=-0.415
C:K191R	D:K464R	logit=-0.581
C:S180T	D:S453T	logit=-0.647
C:T42V	D:T315V	logit=-0.721
C:N51P	D:N324P	logit=-0.886

Top tied mutations (A + B view):
A:N55S	B:N252S	logit=-0.278
A:T18V	B:T215V	logit=-0.298
A:N54V	B:N251V	logit=-0.548
A:E100V	B:E297V	logit=-0.752
A:N54I	B:N251I	logit=-0.816

Top tied mutations (C + D view):
C:V218L	D:V491L	logit=-0.469
C:K191R	D:K464R	logit=-0.583
C:S180T	D:S453T	logit=-0.662
C:T42V	D:T315V	logit=-0.735
C:N51P	D:N324P	logit=-0.761

Top tied mutations (A + B view):
A:T18V	B:T215V	logit=-0.272
A:N55S	B:N252S	logit=-0.317
A:N54V	B:N251V	logit=-0.382
A:E100V	B:E297V	logit=-0.691
A:V102I	B:V299I	logit=-0.827

Top tied mutations (C + D view):
C:V218L	D:V491L	logit=-0.431
C:K191R	D:K464R	logit=-0.574
C:S180T	D:S453T	logit=-0.700
C:T42V	D:T315V	logit=-0.750
C:S89A	D:S362A	logit=-0.898

Top tied mutations (A + B view):
A:T18V	B:T215V	logit=-0.230
A:N55S	B:N252S	logit=-0.386
A:N54V	B:N251V	logit=-0.532
A:N54I	B:N251I	logit=-0.610
A:E100V	B:E297V	logit=-0.809

Top tied mutations (C + D view):
C:V218L	D:V491L	logit=-0.439
C:K191R	D:K464R	logit=-0.572
C:S180T	D:S453T	logit=-0.672
C:T42V	D:T315V	logit=-0.681
C:N51P	D:N324P	logit=-0.769

Top tied mutations (A + B view):
A:T18V	B:T215V	logit=-0.220
A:N55S	B:N252S	logit=-0.346
A:N54V	B:N251V	logit=-0.450
A:E100V	B:E297V	logit=-0.665
A:V102I	B:V299I	logit=-0.814

Top tied mutations (C + D view):
C:V218L	D:V491L	logit=-0.386
C:K191R	D:K464R	logit=-0.504
C:S180T	D:S453T	logit=-0.637
C:N51P	D:N324P	logit=-0.702
C:T42V	D:T315V	logit=-0.760

Top tied mutations (A + B view):
A:T18V	B:T215V	logit=-0.269
A:N55S	B:N252S	logit=-0.393
A:N54V	B:N251V	logit=-0.431
A:E100V	B:E297V	logit=-0.781
A:R61V	B:R258V	logit=-0.902

Top tied mutations (C + D view):
C:V218L	D:V491L	logit=-0.426
C:K191R	D:K464R	logit=-0.591
C:S180T	D:S453T	logit=-0.644
C:T42V	D:T315V	logit=-0.710
C:N51P	D:N324P	logit=-0.738

Top tied mutations (A + B view):
A:N55S	B:N252S	logit=-0.249
A:T18V	B:T215V	logit=-0.278
A:N54V	B:N251V	logit=-0.613
A:E100V	B:E297V	logit=-0.699
A:R61K	B:R258K	logit=-0.773

Top tied mutations (C + D view):
C:V218L	D:V491L	logit=-0.439
C:K191R	D:K464R	logit=-0.551
C:S180T	D:S453T	logit=-0.646
C:T42V	D:T315V	logit=-0.751
C:S89A	D:S362A	logit=-0.876

Top tied mutations (A + B view):
A:N55S	B:N252S	logit=-0.294
A:T18V	B:T215V	logit=-0.314
A:N54V	B:N251V	logit=-0.514
A:E100V	B:E297V	logit=-0.665
A:N54I	B:N251I	logit=-0.809

Top tied mutations (C + D view):
C:V218L	D:V491L	logit=-0.425
C:K191R	D:K464R	logit=-0.611
C:S180T	D:S453T	logit=-0.678
C:T42V	D:T315V	logit=-0.701
C:N51P	D:N324P	logit=-0.787

Top tied mutations (A + B view):
A:T18V	B:T215V	logit=-0.241
A:N55S	B:N252S	logit=-0.308
A:N54V	B:N251V	logit=-0.568
A:E100V	B:E297V	logit=-0.804
A:V102I	B:V299I	logit=-0.955

Top tied mutations (C + D view):
C:V218L	D:V491L	logit=-0.397
C:S180T	D:S453T	logit=-0.665
C:K191R	D:K464R	logit=-0.675
C:T42V	D:T315V	logit=-0.751
C:N51P	D:N324P	logit=-0.806

Top tied mutations (A + B view):
A:T18V	B:T215V	logit=-0.222
A:N55S	B:N252S	logit=-0.296
A:N54V	B:N251V	logit=-0.479
A:E100V	B:E297V	logit=-0.743
A:R61V	B:R258V	logit=-0.904

Top tied mutations (C + D view):
C:V218L	D:V491L	logit=-0.462
C:K191R	D:K464R	logit=-0.566
C:S180T	D:S453T	logit=-0.635
C:T42V	D:T315V	logit=-0.664
C:N51P	D:N324P	logit=-0.794

Top tied mutations (A + B view):
A:T18V	B:T215V	logit=-0.269
A:N55S	B:N252S	logit=-0.270
A:N54V	B:N251V	logit=-0.363
A:N54I	B:N251I	logit=-0.732
A:E100V	B:E297V	logit=-0.737

Top tied mutations (C + D view):
C:V218L	D:V491L	logit=-0.428
C:K191R	D:K464R	logit=-0.585
C:S180T	D:S453T	logit=-0.665
C:T42V	D:T315V	logit=-0.741
C:N51P	D:N324P	logit=-0.817

Top tied mutations (A + B view):
A:T18V	B:T215V	logit=-0.253
A:N55S	B:N252S	logit=-0.275
A:N54V	B:N251V	logit=-0.417
A:E100V	B:E297V	logit=-0.682
A:V102I	B:V299I	logit=-0.777

Top tied mutations (C + D view):
C:V218L	D:V491L	logit=-0.435
C:K191R	D:K464R	logit=-0.492
C:S180T	D:S453T	logit=-0.668
C:T42V	D:T315V	logit=-0.720
C:S89A	D:S362A	logit=-0.849

Top tied mutations (A + B view):
A:T18V	B:T215V	logit=-0.204
A:N55S	B:N252S	logit=-0.281
A:N54V	B:N251V	logit=-0.615
A:E100V	B:E297V	logit=-0.686
A:N54I	B:N251I	logit=-0.836

Top tied mutations (C + D view):
C:V218L	D:V491L	logit=-0.448
C:K191R	D:K464R	logit=-0.500
C:S180T	D:S453T	logit=-0.647
C:T42V	D:T315V	logit=-0.802
C:N51P	D:N324P	logit=-0.858

Top tied mutations (A + B view):
A:T18V	B:T215V	logit=-0.209
A:N55S	B:N252S	logit=-0.358
A:N54V	B:N251V	logit=-0.415
A:E100V	B:E297V	logit=-0.803
A:V102I	B:V299I	logit=-0.928

Top tied mutations (C + D view):
C:V218L	D:V491L	logit=-0.475
C:K191R	D:K464R	logit=-0.520
C:T42V	D:T315V	logit=-0.675
C:S180T	D:S453T	logit=-0.676
C:N51P	D:N324P	logit=-0.831

Top tied mutations (A + B view):
A:T18V	B:T215V	logit=-0.120
A:N55S	B:N252S	logit=-0.278
A:N54V	B:N251V	logit=-0.551
A:E100V	B:E297V	logit=-0.725
A:V102I	B:V299I	logit=-0.829

Top tied mutations (C + D view):
C:V218L	D:V491L	logit=-0.455
C:K191R	D:K464R	logit=-0.560
C:S180T	D:S453T	logit=-0.633
C:T42V	D:T315V	logit=-0.751
C:S89A	D:S362A	logit=-0.839

Top tied mutations (A + B view):
A:N55S	B:N252S	logit=-0.302
A:T18V	B:T215V	logit=-0.308
A:N54V	B:N251V	logit=-0.419
A:E100V	B:E297V	logit=-0.863
A:V102I	B:V299I	logit=-0.908

Top tied mutations (C + D view):
C:V218L	D:V491L	logit=-0.429
C:K191R	D:K464R	logit=-0.606
C:S180T	D:S453T	logit=-0.653
C:T42V	D:T315V	logit=-0.726
C:N51P	D:N324P	logit=-0.747

Top tied mutations (A + B view):
A:T18V	B:T215V	logit=-0.175
A:N55S	B:N252S	logit=-0.183
A:N54V	B:N251V	logit=-0.468
A:E100V	B:E297V	logit=-0.711
A:V102I	B:V299I	logit=-0.935

Top tied mutations (C + D view):
C:V218L	D:V491L	logit=-0.404
C:K191R	D:K464R	logit=-0.565
C:S180T	D:S453T	logit=-0.661
C:T42V	D:T315V	logit=-0.744
C:N51P	D:N324P	logit=-0.898

Top tied mutations (A + B view):
A:T18V	B:T215V	logit=-0.168
A:N55S	B:N252S	logit=-0.300
A:N54V	B:N251V	logit=-0.618
A:E100V	B:E297V	logit=-0.759
A:V58T	B:V255T	logit=-0.845

Top tied mutations (C + D view):
C:V218L	D:V491L	logit=-0.451
C:K191R	D:K464R	logit=-0.544
C:S180T	D:S453T	logit=-0.676
C:T42V	D:T315V	logit=-0.731
C:N51P	D:N324P	logit=-0.763

Top tied mutations (A + B view):
A:T18V	B:T215V	logit=-0.223
A:N55S	B:N252S	logit=-0.306
A:N54V	B:N251V	logit=-0.562
A:E100V	B:E297V	logit=-0.656
A:N57R	B:N254R	logit=-0.875

Top tied mutations (C + D view):
C:V218L	D:V491L	logit=-0.431
C:K191R	D:K464R	logit=-0.531
C:S180T	D:S453T	logit=-0.634
C:T42V	D:T315V	logit=-0.781
C:S89A	D:S362A	logit=-0.923

Top tied mutations (A + B view):
A:T18V	B:T215V	logit=-0.200
A:N55S	B:N252S	logit=-0.357
A:N54V	B:N251V	logit=-0.477
A:E100V	B:E297V	logit=-0.745
A:R61V	B:R258V	logit=-0.851

Top tied mutations (C + D view):
C:V218L	D:V491L	logit=-0.453
C:K191R	D:K464R	logit=-0.528
C:S180T	D:S453T	logit=-0.654
C:T42V	D:T315V	logit=-0.702
C:N51P	D:N324P	logit=-0.870

Top tied mutations (A + B view):
A:T18V	B:T215V	logit=-0.234
A:N55S	B:N252S	logit=-0.265
A:N54V	B:N251V	logit=-0.628
A:N57R	B:N254R	logit=-0.760
A:E100V	B:E297V	logit=-0.766

Top tied mutations (C + D view):
C:V218L	D:V491L	logit=-0.481
C:K191R	D:K464R	logit=-0.560
C:S180T	D:S453T	logit=-0.662
C:T42V	D:T315V	logit=-0.718
C:N51P	D:N324P	logit=-0.767

Top tied mutations (A + B view):
A:T18V	B:T215V	logit=-0.237
A:N55S	B:N252S	logit=-0.291
A:N54V	B:N251V	logit=-0.427
A:R61K	B:R258K	logit=-0.731
A:E100V	B:E297V	logit=-0.845

Top tied mutations (C + D view):
C:V218L	D:V491L	logit=-0.476
C:K191R	D:K464R	logit=-0.563
C:S180T	D:S453T	logit=-0.668
C:T42V	D:T315V	logit=-0.781
C:S89A	D:S362A	logit=-0.853

Top tied mutations (A + B view):
A:T18V	B:T215V	logit=-0.226
A:N55S	B:N252S	logit=-0.369
A:N54V	B:N251V	logit=-0.567
A:E100V	B:E297V	logit=-0.695
A:V102I	B:V299I	logit=-0.832

Top tied mutations (C + D view):
C:V218L	D:V491L	logit=-0.421
C:K191R	D:K464R	logit=-0.547
C:S180T	D:S453T	logit=-0.682
C:T42V	D:T315V	logit=-0.770
C:S89A	D:S362A	logit=-0.837

Top tied mutations (A + B view):
A:T18V	B:T215V	logit=-0.258
A:N55S	B:N252S	logit=-0.349
A:N54V	B:N251V	logit=-0.597
A:N57R	B:N254R	logit=-0.753
A:E100V	B:E297V	logit=-0.826

Top tied mutations (C + D view):
C:V218L	D:V491L	logit=-0.461
C:K191R	D:K464R	logit=-0.504
C:S180T	D:S453T	logit=-0.674
C:T42V	D:T315V	logit=-0.770
C:S89A	D:S362A	logit=-0.909

Top tied mutations (A + B view):
A:T18V	B:T215V	logit=-0.235
A:N55S	B:N252S	logit=-0.300
A:N54V	B:N251V	logit=-0.482
A:E100V	B:E297V	logit=-0.796
A:V102I	B:V299I	logit=-0.924

Top tied mutations (C + D view):
C:V218L	D:V491L	logit=-0.458
C:K191R	D:K464R	logit=-0.580
C:S180T	D:S453T	logit=-0.662
C:T42V	D:T315V	logit=-0.748
C:N51P	D:N324P	logit=-0.908

Top tied mutations (A + B view):
A:T18V	B:T215V	logit=-0.221
A:N55S	B:N252S	logit=-0.330
A:N54V	B:N251V	logit=-0.448
A:E100V	B:E297V	logit=-0.866
A:N57R	B:N254R	logit=-0.914

Top tied mutations (C + D view):
C:V218L	D:V491L	logit=-0.467
C:K191R	D:K464R	logit=-0.560
C:T42V	D:T315V	logit=-0.662
C:S180T	D:S453T	logit=-0.666
C:N51P	D:N324P	logit=-0.867

Top tied mutations (A + B view):
A:T18V	B:T215V	logit=-0.246
A:N55S	B:N252S	logit=-0.339
A:N54V	B:N251V	logit=-0.406
A:E100V	B:E297V	logit=-0.827
A:V102I	B:V299I	logit=-0.929

Top tied mutations (C + D view):
C:V218L	D:V491L	logit=-0.470
C:K191R	D:K464R	logit=-0.549
C:S180T	D:S453T	logit=-0.638
C:T42V	D:T315V	logit=-0.693
C:N51P	D:N324P	logit=-0.763

Top tied mutations (A + B view):
A:T18V	B:T215V	logit=-0.254
A:N55S	B:N252S	logit=-0.283
A:N54V	B:N251V	logit=-0.415
A:E100V	B:E297V	logit=-0.716
A:N54I	B:N251I	logit=-0.795

Top tied mutations (C + D view):
C:V218L	D:V491L	logit=-0.425
C:K191R	D:K464R	logit=-0.560
C:S180T	D:S453T	logit=-0.661
C:T42V	D:T315V	logit=-0.761
C:S89A	D:S362A	logit=-0.837

Top tied mutations (A + B view):
A:T18V	B:T215V	logit=-0.203
A:N55S	B:N252S	logit=-0.237
A:N54V	B:N251V	logit=-0.438
A:E100V	B:E297V	logit=-0.760
A:V102I	B:V299I	logit=-0.938

Top tied mutations (C + D view):
C:V218L	D:V491L	logit=-0.454
C:K191R	D:K464R	logit=-0.558
C:S180T	D:S453T	logit=-0.653
C:T42V	D:T315V	logit=-0.670
C:S89A	D:S362A	logit=-0.895

Top tied mutations (A + B view):
A:T18V	B:T215V	logit=-0.168
A:N55S	B:N252S	logit=-0.219
A:N54V	B:N251V	logit=-0.332
A:E100V	B:E297V	logit=-0.685
A:N54I	B:N251I	logit=-0.732

Top tied mutations (C + D view):
C:V218L	D:V491L	logit=-0.439
C:K191R	D:K464R	logit=-0.526
C:S180T	D:S453T	logit=-0.660
C:T42V	D:T315V	logit=-0.751
C:N51P	D:N324P	logit=-0.839

Top tied mutations (A + B view):
A:T18V	B:T215V	logit=-0.260
A:N55S	B:N252S	logit=-0.287
A:N54V	B:N251V	logit=-0.603
A:E100V	B:E297V	logit=-0.704
A:V102I	B:V299I	logit=-0.755

Top tied mutations (C + D view):
C:V218L	D:V491L	logit=-0.479
C:K191R	D:K464R	logit=-0.544
C:S180T	D:S453T	logit=-0.646
C:T42V	D:T315V	logit=-0.722
C:N51P	D:N324P	logit=-0.823

Top tied mutations (A + B view):
A:N55S	B:N252S	logit=-0.260
A:T18V	B:T215V	logit=-0.320
A:N54V	B:N251V	logit=-0.323
A:E100V	B:E297V	logit=-0.597
A:N57R	B:N254R	logit=-0.928

Top tied mutations (C + D view):
C:V218L	D:V491L	logit=-0.423
C:K191R	D:K464R	logit=-0.544
C:S180T	D:S453T	logit=-0.652
C:T42V	D:T315V	logit=-0.792
C:S89A	D:S362A	logit=-0.900

Top tied mutations (A + B view):
A:T18V	B:T215V	logit=-0.211
A:N55S	B:N252S	logit=-0.310
A:N54V	B:N251V	logit=-0.383
A:R61V	B:R258V	logit=-0.895
A:N54I	B:N251I	logit=-0.920

Top tied mutations (C + D view):
C:V218L	D:V491L	logit=-0.429
C:K191R	D:K464R	logit=-0.571
C:S180T	D:S453T	logit=-0.660
C:T42V	D:T315V	logit=-0.708
C:S89A	D:S362A	logit=-0.873

Top tied mutations (A + B view):
A:T18V	B:T215V	logit=-0.119
A:N55S	B:N252S	logit=-0.323
A:N54V	B:N251V	logit=-0.587
A:E100V	B:E297V	logit=-0.656
A:N54I	B:N251I	logit=-0.818

Top tied mutations (C + D view):
C:V218L	D:V491L	logit=-0.477
C:K191R	D:K464R	logit=-0.563
C:S180T	D:S453T	logit=-0.667
C:T42V	D:T315V	logit=-0.717
C:N51P	D:N324P	logit=-0.720

Top tied mutations (A + B view):
A:T18V	B:T215V	logit=-0.191
A:N55S	B:N252S	logit=-0.356
A:N54V	B:N251V	logit=-0.426
A:E100V	B:E297V	logit=-0.776
A:N54I	B:N251I	logit=-0.798

Top tied mutations (C + D view):
C:V218L	D:V491L	logit=-0.382
C:K191R	D:K464R	logit=-0.619
C:S180T	D:S453T	logit=-0.682
C:T42V	D:T315V	logit=-0.714
C:N51P	D:N324P	logit=-0.772

Top tied mutations (A + B view):
A:T18V	B:T215V	logit=-0.167
A:N55S	B:N252S	logit=-0.355
A:N54V	B:N251V	logit=-0.441
A:E100V	B:E297V	logit=-0.666
A:V102I	B:V299I	logit=-0.792

Top tied mutations (C + D view):
C:V218L	D:V491L	logit=-0.411
C:K191R	D:K464R	logit=-0.615
C:S180T	D:S453T	logit=-0.648
C:T42V	D:T315V	logit=-0.717
C:S89A	D:S362A	logit=-0.888

Top tied mutations (A + B view):
A:T18V	B:T215V	logit=-0.243
A:N55S	B:N252S	logit=-0.271
A:N54V	B:N251V	logit=-0.427
A:E100V	B:E297V	logit=-0.567
A:N57R	B:N254R	logit=-0.825

Top tied mutations (C + D view):
C:V218L	D:V491L	logit=-0.454
C:K191R	D:K464R	logit=-0.606
C:S180T	D:S453T	logit=-0.638
C:T42V	D:T315V	logit=-0.723
C:N51P	D:N324P	logit=-0.808

Top tied mutations (A + B view):
A:T18V	B:T215V	logit=-0.200
A:N55S	B:N252S	logit=-0.272
A:N54V	B:N251V	logit=-0.426
A:E100V	B:E297V	logit=-0.755
A:R61K	B:R258K	logit=-0.775

Top tied mutations (C + D view):
C:V218L	D:V491L	logit=-0.480
C:K191R	D:K464R	logit=-0.495
C:S180T	D:S453T	logit=-0.680
C:T42V	D:T315V	logit=-0.745
C:N51P	D:N324P	logit=-0.859

Top tied mutations (A + B view):
A:T18V	B:T215V	logit=-0.175
A:N55S	B:N252S	logit=-0.260
A:N54V	B:N251V	logit=-0.517
A:E100V	B:E297V	logit=-0.720
A:N57R	B:N254R	logit=-0.841

Top tied mutations (C + D view):
C:V218L	D:V491L	logit=-0.458
C:K191R	D:K464R	logit=-0.526
C:S180T	D:S453T	logit=-0.652
C:T42V	D:T315V	logit=-0.735
C:N51P	D:N324P	logit=-0.817

Top tied mutations (A + B view):
A:T18V	B:T215V	logit=-0.258
A:N55S	B:N252S	logit=-0.387
A:N54V	B:N251V	logit=-0.542
A:E100V	B:E297V	logit=-0.745
A:V102I	B:V299I	logit=-0.853

Top tied mutations (C + D view):
C:V218L	D:V491L	logit=-0.417
C:K191R	D:K464R	logit=-0.544
C:S180T	D:S453T	logit=-0.693
C:T42V	D:T315V	logit=-0.757
C:S89A	D:S362A	logit=-0.873

Top tied mutations (A + B view):
A:T18V	B:T215V	logit=-0.168
A:N55S	B:N252S	logit=-0.278
A:N54V	B:N251V	logit=-0.325
A:E100V	B:E297V	logit=-0.751
A:R61K	B:R258K	logit=-0.849

Top tied mutations (C + D view):
C:V218L	D:V491L	logit=-0.444
C:K191R	D:K464R	logit=-0.517
C:S180T	D:S453T	logit=-0.648
C:T42V	D:T315V	logit=-0.733
C:N51P	D:N324P	logit=-0.733

Top tied mutations (A + B view):
A:T18V	B:T215V	logit=-0.241
A:N55S	B:N252S	logit=-0.283
A:N54V	B:N251V	logit=-0.555
A:V102I	B:V299I	logit=-0.798
A:N57R	B:N254R	logit=-0.861

Top tied mutations (C + D view):
C:V218L	D:V491L	logit=-0.416
C:K191R	D:K464R	logit=-0.532
C:S180T	D:S453T	logit=-0.670
C:T42V	D:T315V	logit=-0.700
C:N51P	D:N324P	logit=-0.750

Top tied mutations (A + B view):
A:T18V	B:T215V	logit=-0.233
A:N55S	B:N252S	logit=-0.365
A:N54V	B:N251V	logit=-0.415
A:N54I	B:N251I	logit=-0.832
A:E100V	B:E297V	logit=-0.922

Top tied mutations (C + D view):
C:V218L	D:V491L	logit=-0.503
C:K191R	D:K464R	logit=-0.523
C:S180T	D:S453T	logit=-0.617
C:T42V	D:T315V	logit=-0.744
C:N51P	D:N324P	logit=-0.796

Top tied mutations (A + B view):
A:T18V	B:T215V	logit=-0.286
A:N55S	B:N252S	logit=-0.331
A:N54V	B:N251V	logit=-0.583
A:E100V	B:E297V	logit=-0.774
A:R61K	B:R258K	logit=-0.794

Top tied mutations (C + D view):
C:V218L	D:V491L	logit=-0.468
C:K191R	D:K464R	logit=-0.553
C:S180T	D:S453T	logit=-0.657
C:T42V	D:T315V	logit=-0.710
C:S89A	D:S362A	logit=-0.815

Top tied mutations (A + B view):
A:T18V	B:T215V	logit=-0.261
A:N55S	B:N252S	logit=-0.319
A:N54V	B:N251V	logit=-0.514
A:E100V	B:E297V	logit=-0.608
A:N57R	B:N254R	logit=-0.814

Top tied mutations (C + D view):
C:V218L	D:V491L	logit=-0.470
C:K191R	D:K464R	logit=-0.518
C:S180T	D:S453T	logit=-0.651
C:T42V	D:T315V	logit=-0.692
C:S89A	D:S362A	logit=-0.876

Top tied mutations (A + B view):
A:T18V	B:T215V	logit=-0.261
A:N55S	B:N252S	logit=-0.280
A:N54V	B:N251V	logit=-0.393
A:N54I	B:N251I	logit=-0.672
A:E100V	B:E297V	logit=-0.748

Top tied mutations (C + D view):
C:V218L	D:V491L	logit=-0.471
C:K191R	D:K464R	logit=-0.557
C:S180T	D:S453T	logit=-0.666
C:T42V	D:T315V	logit=-0.737
C:S89A	D:S362A	logit=-0.894

Top tied mutations (A + B view):
A:T18V	B:T215V	logit=-0.248
A:N55S	B:N252S	logit=-0.279
A:E100V	B:E297V	logit=-0.744
A:N54V	B:N251V	logit=-0.763
A:N57R	B:N254R	logit=-0.935

Top tied mutations (C + D view):
C:V218L	D:V491L	logit=-0.439
C:K191R	D:K464R	logit=-0.542
C:S180T	D:S453T	logit=-0.672
C:T42V	D:T315V	logit=-0.803
C:N51P	D:N324P	logit=-0.817

Top tied mutations (A + B view):
A:N55S	B:N252S	logit=-0.228
A:T18V	B:T215V	logit=-0.235
A:N54V	B:N251V	logit=-0.552
A:E100V	B:E297V	logit=-0.691
A:R61K	B:R258K	logit=-0.810

Top tied mutations (C + D view):
C:V218L	D:V491L	logit=-0.476
C:K191R	D:K464R	logit=-0.594
C:S180T	D:S453T	logit=-0.683
C:T42V	D:T315V	logit=-0.723
C:A168P	D:A441P	logit=-0.955

Top tied mutations (A + B view):
A:T18V	B:T215V	logit=-0.271
A:N55S	B:N252S	logit=-0.274
A:N54V	B:N251V	logit=-0.322
A:N54I	B:N251I	logit=-0.775
A:E100V	B:E297V	logit=-0.802

Top tied mutations (C + D view):
C:V218L	D:V491L	logit=-0.429
C:K191R	D:K464R	logit=-0.563
C:S180T	D:S453T	logit=-0.665
C:T42V	D:T315V	logit=-0.724
C:N51P	D:N324P	logit=-0.797

Top tied mutations (A + B view):
A:T18V	B:T215V	logit=-0.279
A:N55S	B:N252S	logit=-0.295
A:N54V	B:N251V	logit=-0.564
A:E100V	B:E297V	logit=-0.809
A:N57R	B:N254R	logit=-0.815

Top tied mutations (C + D view):
C:V218L	D:V491L	logit=-0.399
C:K191R	D:K464R	logit=-0.570
C:S180T	D:S453T	logit=-0.643
C:T42V	D:T315V	logit=-0.760
C:N51P	D:N324P	logit=-0.766

Top tied mutations (A + B view):
A:T18V	B:T215V	logit=-0.238
A:N55S	B:N252S	logit=-0.318
A:N54V	B:N251V	logit=-0.518
A:E100V	B:E297V	logit=-0.723
A:V102I	B:V299I	logit=-0.816

Top tied mutations (C + D view):
C:V218L	D:V491L	logit=-0.501
C:S180T	D:S453T	logit=-0.630
C:K191R	D:K464R	logit=-0.631
C:T42V	D:T315V	logit=-0.704
C:N51P	D:N324P	logit=-0.795

Top tied mutations (A + B view):
A:T18V	B:T215V	logit=-0.202
A:N55S	B:N252S	logit=-0.331
A:N54V	B:N251V	logit=-0.487
A:V102I	B:V299I	logit=-0.923
A:E100V	B:E297V	logit=-0.935

Top tied mutations (C + D view):
C:V218L	D:V491L	logit=-0.453
C:K191R	D:K464R	logit=-0.543
C:S180T	D:S453T	logit=-0.647
C:T42V	D:T315V	logit=-0.704
C:S89A	D:S362A	logit=-0.881

Top tied mutations (A + B view):
A:T18V	B:T215V	logit=-0.193
A:N55S	B:N252S	logit=-0.277
A:N54V	B:N251V	logit=-0.337
A:E100V	B:E297V	logit=-0.750
A:V102I	B:V299I	logit=-0.821

Top tied mutations (C + D view):
C:V218L	D:V491L	logit=-0.410
C:K191R	D:K464R	logit=-0.503
C:S180T	D:S453T	logit=-0.624
C:T42V	D:T315V	logit=-0.755
C:N51P	D:N324P	logit=-0.877

Top tied mutations (A + B view):
A:N55S	B:N252S	logit=-0.301
A:T18V	B:T215V	logit=-0.302
A:N54V	B:N251V	logit=-0.365
A:E100V	B:E297V	logit=-0.762
A:R61V	B:R258V	logit=-0.902

Top tied mutations (C + D view):
C:V218L	D:V491L	logit=-0.474
C:K191R	D:K464R	logit=-0.563
C:S180T	D:S453T	logit=-0.646
C:T42V	D:T315V	logit=-0.727
C:S89A	D:S362A	logit=-0.817

Top tied mutations (A + B view):
A:N55S	B:N252S	logit=-0.263
A:T18V	B:T215V	logit=-0.276
A:N54V	B:N251V	logit=-0.488
A:E100V	B:E297V	logit=-0.734
A:R61V	B:R258V	logit=-0.902

Top tied mutations (C + D view):
C:V218L	D:V491L	logit=-0.438
C:K191R	D:K464R	logit=-0.545
C:S180T	D:S453T	logit=-0.656
C:N51P	D:N324P	logit=-0.757
C:T42V	D:T315V	logit=-0.776

Top tied mutations (A + B view):
A:T18V	B:T215V	logit=-0.237
A:N55S	B:N252S	logit=-0.361
A:N54V	B:N251V	logit=-0.591
A:E100V	B:E297V	logit=-0.668
A:V102I	B:V299I	logit=-0.847

Top tied mutations (C + D view):
C:V218L	D:V491L	logit=-0.482
C:K191R	D:K464R	logit=-0.556
C:S180T	D:S453T	logit=-0.665
C:T42V	D:T315V	logit=-0.709
C:N51P	D:N324P	logit=-0.805

Top tied mutations (A + B view):
A:T18V	B:T215V	logit=-0.295
A:N55S	B:N252S	logit=-0.297
A:N54V	B:N251V	logit=-0.352
A:E100V	B:E297V	logit=-0.857
A:V102I	B:V299I	logit=-0.862

Top tied mutations (C + D view):
C:V218L	D:V491L	logit=-0.399
C:K191R	D:K464R	logit=-0.565
C:S180T	D:S453T	logit=-0.642
C:T42V	D:T315V	logit=-0.686
C:N51P	D:N324P	logit=-0.874

Top tied mutations (A + B view):
A:T18V	B:T215V	logit=-0.228
A:N55S	B:N252S	logit=-0.307
A:N54V	B:N251V	logit=-0.415
A:N54I	B:N251I	logit=-0.687
A:E100V	B:E297V	logit=-0.839

Top tied mutations (C + D view):
C:V218L	D:V491L	logit=-0.445
C:K191R	D:K464R	logit=-0.581
C:S180T	D:S453T	logit=-0.679
C:T42V	D:T315V	logit=-0.706
C:N51P	D:N324P	logit=-0.798

Top tied mutations (A + B view):
A:T18V	B:T215V	logit=-0.187
A:N55S	B:N252S	logit=-0.286
A:N54V	B:N251V	logit=-0.528
A:E100V	B:E297V	logit=-0.807
A:V102I	B:V299I	logit=-0.929

Top tied mutations (C + D view):
C:V218L	D:V491L	logit=-0.469
C:K191R	D:K464R	logit=-0.534
C:S180T	D:S453T	logit=-0.653
C:T42V	D:T315V	logit=-0.756
C:N51P	D:N324P	logit=-0.882

Top tied mutations (A + B view):
A:T18V	B:T215V	logit=-0.258
A:N55S	B:N252S	logit=-0.322
A:N54V	B:N251V	logit=-0.455
A:E100V	B:E297V	logit=-0.749
A:N57R	B:N254R	logit=-0.844

Top tied mutations (C + D view):
C:V218L	D:V491L	logit=-0.437
C:K191R	D:K464R	logit=-0.634
C:S180T	D:S453T	logit=-0.673
C:T42V	D:T315V	logit=-0.679
C:S89A	D:S362A	logit=-0.868

Top tied mutations (A + B view):
A:T18V	B:T215V	logit=-0.267
A:N54V	B:N251V	logit=-0.377
A:N55S	B:N252S	logit=-0.377
A:N54I	B:N251I	logit=-0.807
A:E100V	B:E297V	logit=-0.815

Top tied mutations (C + D view):
C:V218L	D:V491L	logit=-0.454
C:K191R	D:K464R	logit=-0.599
C:S180T	D:S453T	logit=-0.649
C:T42V	D:T315V	logit=-0.759
C:S89A	D:S362A	logit=-0.894

Top tied mutations (A + B view):
A:T18V	B:T215V	logit=-0.220
A:N55S	B:N252S	logit=-0.378
A:N54V	B:N251V	logit=-0.495
A:E100V	B:E297V	logit=-0.772
A:V102I	B:V299I	logit=-0.867

Top tied mutations (C + D view):
C:V218L	D:V491L	logit=-0.426
C:K191R	D:K464R	logit=-0.629
C:S180T	D:S453T	logit=-0.652
C:T42V	D:T315V	logit=-0.716
C:N51P	D:N324P	logit=-0.829

Top tied mutations (A + B view):
A:T18V	B:T215V	logit=-0.212
A:N55S	B:N252S	logit=-0.347
A:N54V	B:N251V	logit=-0.532
A:E100V	B:E297V	logit=-0.714
A:N54I	B:N251I	logit=-0.764

Top tied mutations (C + D view):
C:V218L	D:V491L	logit=-0.443
C:K191R	D:K464R	logit=-0.540
C:S180T	D:S453T	logit=-0.666
C:T42V	D:T315V	logit=-0.772
C:S89A	D:S362A	logit=-0.868

Top tied mutations (A + B view):
A:T18V	B:T215V	logit=-0.218
A:N55S	B:N252S	logit=-0.353
A:N54V	B:N251V	logit=-0.432
A:E100V	B:E297V	logit=-0.821
A:R61V	B:R258V	logit=-0.988

Top tied mutations (C + D view):
C:V218L	D:V491L	logit=-0.486
C:K191R	D:K464R	logit=-0.496
C:S180T	D:S453T	logit=-0.657
C:T42V	D:T315V	logit=-0.691
C:N51P	D:N324P	logit=-0.856

Top tied mutations (A + B view):
A:N55S	B:N252S	logit=-0.184
A:T18V	B:T215V	logit=-0.298
A:N54V	B:N251V	logit=-0.576
A:E100V	B:E297V	logit=-0.833
A:V58T	B:V255T	logit=-0.906

Top tied mutations (C + D view):
C:V218L	D:V491L	logit=-0.462
C:K191R	D:K464R	logit=-0.534
C:S180T	D:S453T	logit=-0.662
C:T42V	D:T315V	logit=-0.777
C:N51P	D:N324P	logit=-0.830

Top tied mutations (A + B view):
A:T18V	B:T215V	logit=-0.270
A:N55S	B:N252S	logit=-0.294
A:N54V	B:N251V	logit=-0.483
A:V102I	B:V299I	logit=-0.826
A:N54I	B:N251I	logit=-0.874

Top tied mutations (C + D view):
C:V218L	D:V491L	logit=-0.491
C:K191R	D:K464R	logit=-0.599
C:S180T	D:S453T	logit=-0.634
C:T42V	D:T315V	logit=-0.721
C:N51P	D:N324P	logit=-0.813

Top tied mutations (A + B view):
A:T18V	B:T215V	logit=-0.273
A:N55S	B:N252S	logit=-0.292
A:N54V	B:N251V	logit=-0.423
A:E100V	B:E297V	logit=-0.790
A:R61V	B:R258V	logit=-0.958

Top tied mutations (C + D view):
C:V218L	D:V491L	logit=-0.422
C:K191R	D:K464R	logit=-0.554
C:S180T	D:S453T	logit=-0.659
C:T42V	D:T315V	logit=-0.743
C:N51P	D:N324P	logit=-0.778

Top tied mutations (A + B view):
A:T18V	B:T215V	logit=-0.239
A:N55S	B:N252S	logit=-0.298
A:N54V	B:N251V	logit=-0.448
A:E100V	B:E297V	logit=-0.756
A:N54I	B:N251I	logit=-0.991

Top tied mutations (C + D view):
C:V218L	D:V491L	logit=-0.469
C:K191R	D:K464R	logit=-0.537
C:S180T	D:S453T	logit=-0.670
C:T42V	D:T315V	logit=-0.789
C:N51P	D:N324P	logit=-0.866

Top tied mutations (A + B view):
A:T18V	B:T215V	logit=-0.230
A:N55S	B:N252S	logit=-0.281
A:N54V	B:N251V	logit=-0.478
A:R61V	B:R258V	logit=-0.745
A:N54I	B:N251I	logit=-0.830

Top tied mutations (C + D view):
C:V218L	D:V491L	logit=-0.459
C:K191R	D:K464R	logit=-0.547
C:S180T	D:S453T	logit=-0.631
C:T42V	D:T315V	logit=-0.733
C:N51P	D:N324P	logit=-0.859

Top tied mutations (A + B view):
A:T18V	B:T215V	logit=-0.247
A:N55S	B:N252S	logit=-0.321
A:N54V	B:N251V	logit=-0.448
A:V58T	B:V255T	logit=-0.841
A:N54I	B:N251I	logit=-0.844

Top tied mutations (C + D view):
C:V218L	D:V491L	logit=-0.480
C:K191R	D:K464R	logit=-0.566
C:S180T	D:S453T	logit=-0.664
C:T42V	D:T315V	logit=-0.692
C:A168P	D:A441P	logit=-0.934

Top tied mutations (A + B view):
A:T18V	B:T215V	logit=-0.260
A:N55S	B:N252S	logit=-0.317
A:N54V	B:N251V	logit=-0.451
A:N54I	B:N251I	logit=-0.846
A:R61V	B:R258V	logit=-0.859

Top tied mutations (C + D view):
C:V218L	D:V491L	logit=-0.451
C:K191R	D:K464R	logit=-0.578
C:S180T	D:S453T	logit=-0.661
C:T42V	D:T315V	logit=-0.732
C:N51P	D:N324P	logit=-0.876

Top tied mutations (A + B view):
A:T18V	B:T215V	logit=-0.242
A:N55S	B:N252S	logit=-0.296
A:N54V	B:N251V	logit=-0.345
A:E100V	B:E297V	logit=-0.879
A:R61V	B:R258V	logit=-0.907

Top tied mutations (C + D view):
C:V218L	D:V491L	logit=-0.488
C:K191R	D:K464R	logit=-0.590
C:S180T	D:S453T	logit=-0.642
C:T42V	D:T315V	logit=-0.748
C:N51P	D:N324P	logit=-0.863

Top tied mutations (A + B view):
A:T18V	B:T215V	logit=-0.185
A:N55S	B:N252S	logit=-0.247
A:N54V	B:N251V	logit=-0.482
A:E100V	B:E297V	logit=-0.791
A:N54I	B:N251I	logit=-0.868

Top tied mutations (C + D view):
C:V218L	D:V491L	logit=-0.457
C:K191R	D:K464R	logit=-0.483
C:S180T	D:S453T	logit=-0.656
C:T42V	D:T315V	logit=-0.756
C:N51P	D:N324P	logit=-0.854

Top tied mutations (A + B view):
A:T18V	B:T215V	logit=-0.233
A:N55S	B:N252S	logit=-0.372
A:N54V	B:N251V	logit=-0.408
A:E100V	B:E297V	logit=-0.716
A:R61V	B:R258V	logit=-0.905

Top tied mutations (C + D view):
C:V218L	D:V491L	logit=-0.413
C:K191R	D:K464R	logit=-0.565
C:S180T	D:S453T	logit=-0.678
C:N51P	D:N324P	logit=-0.738
C:T42V	D:T315V	logit=-0.753

Top tied mutations (A + B view):
A:T18V	B:T215V	logit=-0.286
A:N55S	B:N252S	logit=-0.302
A:N54V	B:N251V	logit=-0.587
A:E100V	B:E297V	logit=-0.816
A:N57R	B:N254R	logit=-0.917

Top tied mutations (C + D view):
C:V218L	D:V491L	logit=-0.437
C:K191R	D:K464R	logit=-0.549
C:S180T	D:S453T	logit=-0.663
C:T42V	D:T315V	logit=-0.700
C:N51P	D:N324P	logit=-0.798

Top tied mutations (A + B view):
A:T18V	B:T215V	logit=-0.177
A:N55S	B:N252S	logit=-0.282
A:N54V	B:N251V	logit=-0.394
A:E100V	B:E297V	logit=-0.667
A:V102I	B:V299I	logit=-0.928

Top tied mutations (C + D view):
C:V218L	D:V491L	logit=-0.443
C:K191R	D:K464R	logit=-0.516
C:S180T	D:S453T	logit=-0.640
C:T42V	D:T315V	logit=-0.719
C:N51P	D:N324P	logit=-0.839

Top tied mutations (A + B view):
A:T18V	B:T215V	logit=-0.161
A:N55S	B:N252S	logit=-0.353
A:N54V	B:N251V	logit=-0.426
A:E100V	B:E297V	logit=-0.755
A:N57R	B:N254R	logit=-0.870

Top tied mutations (C + D view):
C:V218L	D:V491L	logit=-0.450
C:K191R	D:K464R	logit=-0.584
C:S180T	D:S453T	logit=-0.646
C:T42V	D:T315V	logit=-0.691
C:N51P	D:N324P	logit=-0.819

Top tied mutations (A + B view):
A:T18V	B:T215V	logit=-0.283
A:N55S	B:N252S	logit=-0.283
A:N54V	B:N251V	logit=-0.606
A:E100V	B:E297V	logit=-0.782
A:N54I	B:N251I	logit=-0.877

Top tied mutations (C + D view):
C:V218L	D:V491L	logit=-0.469
C:K191R	D:K464R	logit=-0.523
C:S180T	D:S453T	logit=-0.658
C:T42V	D:T315V	logit=-0.734
C:S89A	D:S362A	logit=-0.860

Top tied mutations (A + B view):
A:T18V	B:T215V	logit=-0.328
A:N55S	B:N252S	logit=-0.364
A:N54V	B:N251V	logit=-0.699
A:E100V	B:E297V	logit=-0.742
A:V102I	B:V299I	logit=-0.863

Top tied mutations (C + D view):
C:V218L	D:V491L	logit=-0.464
C:K191R	D:K464R	logit=-0.518
C:S180T	D:S453T	logit=-0.629
C:T42V	D:T315V	logit=-0.657
C:N51P	D:N324P	logit=-0.759

Top tied mutations (A + B view):
A:T18V	B:T215V	logit=-0.219
A:N55S	B:N252S	logit=-0.350
A:N54V	B:N251V	logit=-0.477
A:E100V	B:E297V	logit=-0.629
A:R61V	B:R258V	logit=-0.864

Top tied mutations (C + D view):
C:V218L	D:V491L	logit=-0.424
C:K191R	D:K464R	logit=-0.509
C:S180T	D:S453T	logit=-0.645
C:T42V	D:T315V	logit=-0.715
C:N51P	D:N324P	logit=-0.903

Top tied mutations (A + B view):
A:T18V	B:T215V	logit=-0.231
A:N55S	B:N252S	logit=-0.254
A:N54V	B:N251V	logit=-0.429
A:N54I	B:N251I	logit=-0.839
A:E100V	B:E297V	logit=-0.858

Top tied mutations (C + D view):
C:V218L	D:V491L	logit=-0.422
C:K191R	D:K464R	logit=-0.537
C:S180T	D:S453T	logit=-0.643
C:T42V	D:T315V	logit=-0.789
C:N51P	D:N324P	logit=-0.918

Top tied mutations (A + B view):
A:T18V	B:T215V	logit=-0.189
A:N55S	B:N252S	logit=-0.288
A:N54V	B:N251V	logit=-0.523
A:E100V	B:E297V	logit=-0.736
A:V58T	B:V255T	logit=-0.806

Top tied mutations (C + D view):
C:V218L	D:V491L	logit=-0.428
C:K191R	D:K464R	logit=-0.573
C:S180T	D:S453T	logit=-0.674
C:T42V	D:T315V	logit=-0.726
C:N51P	D:N324P	logit=-0.765

Top tied mutations (A + B view):
A:T18V	B:T215V	logit=-0.248
A:N55S	B:N252S	logit=-0.398
A:N54V	B:N251V	logit=-0.488
A:E100V	B:E297V	logit=-0.673
A:N54I	B:N251I	logit=-0.789

Top tied mutations (C + D view):
C:V218L	D:V491L	logit=-0.473
C:K191R	D:K464R	logit=-0.536
C:S180T	D:S453T	logit=-0.669
C:T42V	D:T315V	logit=-0.696
C:N51P	D:N324P	logit=-0.866

Top tied mutations (A + B view):
A:N55S	B:N252S	logit=-0.229
A:T18V	B:T215V	logit=-0.241
A:N54V	B:N251V	logit=-0.484
A:V58T	B:V255T	logit=-0.906
A:E100V	B:E297V	logit=-0.911

Top tied mutations (C + D view):
C:V218L	D:V491L	logit=-0.478
C:K191R	D:K464R	logit=-0.510
C:S180T	D:S453T	logit=-0.669
C:T42V	D:T315V	logit=-0.747
C:N51P	D:N324P	logit=-0.874

Top tied mutations (A + B view):
A:N55S	B:N252S	logit=-0.265
A:T18V	B:T215V	logit=-0.286
A:N54V	B:N251V	logit=-0.503
A:E100V	B:E297V	logit=-0.790
A:R61K	B:R258K	logit=-0.982

Top tied mutations (C + D view):
C:V218L	D:V491L	logit=-0.430
C:K191R	D:K464R	logit=-0.543
C:S180T	D:S453T	logit=-0.643
C:T42V	D:T315V	logit=-0.729
C:N51P	D:N324P	logit=-0.772

Top tied mutations (A + B view):
A:T18V	B:T215V	logit=-0.192
A:N55S	B:N252S	logit=-0.328
A:N54V	B:N251V	logit=-0.535
A:N57R	B:N254R	logit=-0.626
A:E100V	B:E297V	logit=-0.837

Top tied mutations (C + D view):
C:V218L	D:V491L	logit=-0.450
C:K191R	D:K464R	logit=-0.603
C:S180T	D:S453T	logit=-0.646
C:T42V	D:T315V	logit=-0.696
C:N51P	D:N324P	logit=-0.796

Top tied mutations (A + B view):
A:N55S	B:N252S	logit=-0.210
A:T18V	B:T215V	logit=-0.258
A:N54V	B:N251V	logit=-0.491
A:E100V	B:E297V	logit=-0.749
A:R61K	B:R258K	logit=-0.760

Top tied mutations (C + D view):
C:V218L	D:V491L	logit=-0.470
C:K191R	D:K464R	logit=-0.641
C:S180T	D:S453T	logit=-0.648
C:T42V	D:T315V	logit=-0.747
C:N51P	D:N324P	logit=-0.766

Top tied mutations (A + B view):
A:T18V	B:T215V	logit=-0.262
A:N55S	B:N252S	logit=-0.304
A:N54V	B:N251V	logit=-0.459
A:E100V	B:E297V	logit=-0.579
A:R61K	B:R258K	logit=-0.780

Top tied mutations (C + D view):
C:V218L	D:V491L	logit=-0.429
C:K191R	D:K464R	logit=-0.515
C:S180T	D:S453T	logit=-0.650
C:T42V	D:T315V	logit=-0.757
C:N51P	D:N324P	logit=-0.817

Top tied mutations (A + B view):
A:T18V	B:T215V	logit=-0.232
A:N55S	B:N252S	logit=-0.335
A:N54V	B:N251V	logit=-0.457
A:E100V	B:E297V	logit=-0.756
A:R61V	B:R258V	logit=-0.859

Top tied mutations (C + D view):
C:V218L	D:V491L	logit=-0.481
C:K191R	D:K464R	logit=-0.620
C:S180T	D:S453T	logit=-0.677
C:T42V	D:T315V	logit=-0.682
C:N51P	D:N324P	logit=-0.828

Top tied mutations (A + B view):
A:T18V	B:T215V	logit=-0.258
A:N55S	B:N252S	logit=-0.341
A:N54V	B:N251V	logit=-0.523
A:E100V	B:E297V	logit=-0.713
A:V102I	B:V299I	logit=-0.916

Top tied mutations (C + D view):
C:V218L	D:V491L	logit=-0.447
C:K191R	D:K464R	logit=-0.635
C:S180T	D:S453T	logit=-0.678
C:T42V	D:T315V	logit=-0.700
C:N51P	D:N324P	logit=-0.900

Top tied mutations (A + B view):
A:T18V	B:T215V	logit=-0.170
A:N55S	B:N252S	logit=-0.294
A:N54V	B:N251V	logit=-0.402
A:E100V	B:E297V	logit=-0.680
A:N54I	B:N251I	logit=-0.768

Top tied mutations (C + D view):
C:V218L	D:V491L	logit=-0.461
C:K191R	D:K464R	logit=-0.586
C:S180T	D:S453T	logit=-0.665
C:T42V	D:T315V	logit=-0.767
C:S89A	D:S362A	logit=-0.878

Top tied mutations (A + B view):
A:T18V	B:T215V	logit=-0.189
A:N55S	B:N252S	logit=-0.326
A:N54V	B:N251V	logit=-0.562
A:E100V	B:E297V	logit=-0.767
A:R61V	B:R258V	logit=-0.895

Top tied mutations (C + D view):
C:V218L	D:V491L	logit=-0.460
C:K191R	D:K464R	logit=-0.578
C:S180T	D:S453T	logit=-0.636
C:T42V	D:T315V	logit=-0.766
C:S89A	D:S362A	logit=-0.858

Top tied mutations (A + B view):
A:T18V	B:T215V	logit=-0.226
A:N55S	B:N252S	logit=-0.284
A:N54V	B:N251V	logit=-0.532
A:E100V	B:E297V	logit=-0.735
A:N54I	B:N251I	logit=-0.800

Top tied mutations (C + D view):
C:V218L	D:V491L	logit=-0.457
C:K191R	D:K464R	logit=-0.566
C:T42V	D:T315V	logit=-0.680
C:S180T	D:S453T	logit=-0.682
C:S89A	D:S362A	logit=-0.904

Top tied mutations (A + B view):
A:T18V	B:T215V	logit=-0.181
A:N55S	B:N252S	logit=-0.228
A:N54V	B:N251V	logit=-0.377
A:R61V	B:R258V	logit=-0.773
A:V58T	B:V255T	logit=-0.775

Top tied mutations (C + D view):
C:V218L	D:V491L	logit=-0.467
C:K191R	D:K464R	logit=-0.589
C:S180T	D:S453T	logit=-0.641
C:T42V	D:T315V	logit=-0.731
C:S89A	D:S362A	logit=-0.869

Top tied mutations (A + B view):
A:T18V	B:T215V	logit=-0.197
A:N55S	B:N252S	logit=-0.287
A:N54V	B:N251V	logit=-0.412
A:V58T	B:V255T	logit=-0.823
A:E100V	B:E297V	logit=-0.830

Top tied mutations (C + D view):
C:V218L	D:V491L	logit=-0.448
C:K191R	D:K464R	logit=-0.568
C:S180T	D:S453T	logit=-0.656
C:T42V	D:T315V	logit=-0.692
C:N51P	D:N324P	logit=-0.943

Top tied mutations (A + B view):
A:T18V	B:T215V	logit=-0.251
A:N55S	B:N252S	logit=-0.318
A:N54V	B:N251V	logit=-0.452
A:E100V	B:E297V	logit=-0.693
A:V102I	B:V299I	logit=-0.876

Top tied mutations (C + D view):
C:V218L	D:V491L	logit=-0.444
C:K191R	D:K464R	logit=-0.583
C:S180T	D:S453T	logit=-0.652
C:T42V	D:T315V	logit=-0.748
C:N51P	D:N324P	logit=-0.813

Top tied mutations (A + B view):
A:T18V	B:T215V	logit=-0.178
A:N55S	B:N252S	logit=-0.277
A:N54V	B:N251V	logit=-0.465
A:E100V	B:E297V	logit=-0.728
A:V58T	B:V255T	logit=-0.887

Top tied mutations (C + D view):
C:V218L	D:V491L	logit=-0.428
C:K191R	D:K464R	logit=-0.560
C:S180T	D:S453T	logit=-0.653
C:N51P	D:N324P	logit=-0.738
C:T42V	D:T315V	logit=-0.740

Top tied mutations (A + B view):
A:T18V	B:T215V	logit=-0.257
A:N54V	B:N251V	logit=-0.357
A:N55S	B:N252S	logit=-0.374
A:E100V	B:E297V	logit=-0.783
A:N54I	B:N251I	logit=-0.842

Top tied mutations (C + D view):
C:V218L	D:V491L	logit=-0.410
C:K191R	D:K464R	logit=-0.524
C:S180T	D:S453T	logit=-0.652
C:T42V	D:T315V	logit=-0.766
C:N51P	D:N324P	logit=-0.871

Top tied mutations (A + B view):
A:T18V	B:T215V	logit=-0.333
A:N55S	B:N252S	logit=-0.345
A:N54V	B:N251V	logit=-0.427
A:E100V	B:E297V	logit=-0.840
A:R61V	B:R258V	logit=-0.939

Top tied mutations (C + D view):
C:V218L	D:V491L	logit=-0.480
C:K191R	D:K464R	logit=-0.577
C:S180T	D:S453T	logit=-0.658
C:T42V	D:T315V	logit=-0.739
C:N51P	D:N324P	logit=-0.793

Top tied mutations (A + B view):
A:T18V	B:T215V	logit=-0.205
A:N55S	B:N252S	logit=-0.294
A:N54V	B:N251V	logit=-0.379
A:E100V	B:E297V	logit=-0.736
A:N57R	B:N254R	logit=-0.792

Top tied mutations (C + D view):
C:V218L	D:V491L	logit=-0.433
C:K191R	D:K464R	logit=-0.608
C:S180T	D:S453T	logit=-0.643
C:T42V	D:T315V	logit=-0.715
C:N51P	D:N324P	logit=-0.814

Top tied mutations (A + B view):
A:T18V	B:T215V	logit=-0.243
A:N55S	B:N252S	logit=-0.357
A:N54V	B:N251V	logit=-0.622
A:R61K	B:R258K	logit=-0.701
A:E100V	B:E297V	logit=-0.834

Top tied mutations (C + D view):
C:V218L	D:V491L	logit=-0.474
C:K191R	D:K464R	logit=-0.578
C:S180T	D:S453T	logit=-0.673
C:T42V	D:T315V	logit=-0.761
C:S89A	D:S362A	logit=-0.919

Top tied mutations (A + B view):
A:T18V	B:T215V	logit=-0.212
A:N55S	B:N252S	logit=-0.374
A:N54V	B:N251V	logit=-0.571
A:E100V	B:E297V	logit=-0.587
A:V102I	B:V299I	logit=-0.979

Top tied mutations (C + D view):
C:V218L	D:V491L	logit=-0.455
C:K191R	D:K464R	logit=-0.511
C:S180T	D:S453T	logit=-0.673
C:T42V	D:T315V	logit=-0.761
C:N51P	D:N324P	logit=-0.814

Top tied mutations (A + B view):
A:T18V	B:T215V	logit=-0.231
A:N55S	B:N252S	logit=-0.344
A:N54V	B:N251V	logit=-0.576
A:E100V	B:E297V	logit=-0.714
A:V102I	B:V299I	logit=-0.813

Top tied mutations (C + D view):
C:V218L	D:V491L	logit=-0.451
C:K191R	D:K464R	logit=-0.528
C:S180T	D:S453T	logit=-0.661
C:T42V	D:T315V	logit=-0.773
C:S89A	D:S362A	logit=-0.914

Top tied mutations (A + B view):
A:T18V	B:T215V	logit=-0.232
A:N55S	B:N252S	logit=-0.377
A:N54V	B:N251V	logit=-0.500
A:E100V	B:E297V	logit=-0.637
A:V102I	B:V299I	logit=-0.980

Top tied mutations (C + D view):
C:V218L	D:V491L	logit=-0.434
C:K191R	D:K464R	logit=-0.476
C:S180T	D:S453T	logit=-0.657
C:N51P	D:N324P	logit=-0.701
C:T42V	D:T315V	logit=-0.722

Top tied mutations (A + B view):
A:N55S	B:N252S	logit=-0.275
A:T18V	B:T215V	logit=-0.327
A:N54V	B:N251V	logit=-0.449
A:E100V	B:E297V	logit=-0.735
A:N54I	B:N251I	logit=-0.934

Top tied mutations (C + D view):
C:V218L	D:V491L	logit=-0.424
C:K191R	D:K464R	logit=-0.519
C:S180T	D:S453T	logit=-0.645
C:T42V	D:T315V	logit=-0.762
C:S89A	D:S362A	logit=-0.834

Top tied mutations (A + B view):
A:T18V	B:T215V	logit=-0.245
A:N55S	B:N252S	logit=-0.346
A:N54V	B:N251V	logit=-0.576
A:E100V	B:E297V	logit=-0.732
A:V102I	B:V299I	logit=-0.881

Top tied mutations (C + D view):
C:V218L	D:V491L	logit=-0.489
C:K191R	D:K464R	logit=-0.565
C:S180T	D:S453T	logit=-0.658
C:T42V	D:T315V	logit=-0.748
C:N51P	D:N324P	logit=-0.868

Top tied mutations (A + B view):
A:T18V	B:T215V	logit=-0.194
A:N54V	B:N251V	logit=-0.361
A:N55S	B:N252S	logit=-0.367
A:R61K	B:R258K	logit=-0.762
A:N57R	B:N254R	logit=-0.844

Top tied mutations (C + D view):
C:V218L	D:V491L	logit=-0.427
C:K191R	D:K464R	logit=-0.583
C:S180T	D:S453T	logit=-0.647
C:T42V	D:T315V	logit=-0.806
C:N51P	D:N324P	logit=-0.870

Top tied mutations (A + B view):
A:T18V	B:T215V	logit=-0.144
A:N55S	B:N252S	logit=-0.226
A:N54V	B:N251V	logit=-0.480
A:E100V	B:E297V	logit=-0.724
A:R61K	B:R258K	logit=-0.828

Top tied mutations (C + D view):
C:V218L	D:V491L	logit=-0.483
C:K191R	D:K464R	logit=-0.548
C:S180T	D:S453T	logit=-0.641
C:T42V	D:T315V	logit=-0.752
C:N51P	D:N324P	logit=-0.834

Top tied mutations (A + B view):
A:T18V	B:T215V	logit=-0.280
A:N55S	B:N252S	logit=-0.353
A:N54V	B:N251V	logit=-0.447
A:R61K	B:R258K	logit=-0.710
A:N54I	B:N251I	logit=-0.765

Top tied mutations (C + D view):
C:V218L	D:V491L	logit=-0.408
C:K191R	D:K464R	logit=-0.534
C:S180T	D:S453T	logit=-0.636
C:T42V	D:T315V	logit=-0.695
C:N51P	D:N324P	logit=-0.795

Top tied mutations (A + B view):
A:N55S	B:N252S	logit=-0.314
A:T18V	B:T215V	logit=-0.322
A:N54V	B:N251V	logit=-0.568
A:R61K	B:R258K	logit=-0.819
A:E100V	B:E297V	logit=-0.871

Top tied mutations (C + D view):
C:V218L	D:V491L	logit=-0.450
C:K191R	D:K464R	logit=-0.614
C:S180T	D:S453T	logit=-0.652
C:T42V	D:T315V	logit=-0.727
C:N51P	D:N324P	logit=-0.762

Top tied mutations (A + B view):
A:T18V	B:T215V	logit=-0.238
A:N55S	B:N252S	logit=-0.279
A:N54V	B:N251V	logit=-0.452
A:E100V	B:E297V	logit=-0.665
A:N54I	B:N251I	logit=-0.942

Top tied mutations (C + D view):
C:V218L	D:V491L	logit=-0.418
C:K191R	D:K464R	logit=-0.500
C:S180T	D:S453T	logit=-0.646
C:T42V	D:T315V	logit=-0.658
C:N51P	D:N324P	logit=-0.743

Top tied mutations (A + B view):
A:T18V	B:T215V	logit=-0.263
A:N55S	B:N252S	logit=-0.304
A:N54V	B:N251V	logit=-0.479
A:N57R	B:N254R	logit=-0.723
A:E100V	B:E297V	logit=-0.771

Top tied mutations (C + D view):
C:V218L	D:V491L	logit=-0.486
C:K191R	D:K464R	logit=-0.579
C:S180T	D:S453T	logit=-0.654
C:T42V	D:T315V	logit=-0.689
C:S89A	D:S362A	logit=-0.826

Top tied mutations (A + B view):
A:T18V	B:T215V	logit=-0.245
A:N55S	B:N252S	logit=-0.291
A:N54V	B:N251V	logit=-0.522
A:E100V	B:E297V	logit=-0.637
A:N57R	B:N254R	logit=-0.660

Top tied mutations (C + D view):
C:V218L	D:V491L	logit=-0.402
C:K191R	D:K464R	logit=-0.551
C:S180T	D:S453T	logit=-0.681
C:T42V	D:T315V	logit=-0.687
C:N51P	D:N324P	logit=-0.785

Top tied mutations (A + B view):
A:T18V	B:T215V	logit=-0.180
A:N55S	B:N252S	logit=-0.325
A:N54V	B:N251V	logit=-0.587
A:E100V	B:E297V	logit=-0.691
A:N57R	B:N254R	logit=-0.887

Top tied mutations (C + D view):
C:V218L	D:V491L	logit=-0.468
C:K191R	D:K464R	logit=-0.588
C:S180T	D:S453T	logit=-0.653
C:T42V	D:T315V	logit=-0.780
C:N51P	D:N324P	logit=-0.859

Top tied mutations (A + B view):
A:T18V	B:T215V	logit=-0.171
A:N55S	B:N252S	logit=-0.386
A:N54V	B:N251V	logit=-0.536
A:R61K	B:R258K	logit=-0.781
A:E100V	B:E297V	logit=-0.794

Top tied mutations (C + D view):
C:V218L	D:V491L	logit=-0.475
C:K191R	D:K464R	logit=-0.552
C:S180T	D:S453T	logit=-0.642
C:T42V	D:T315V	logit=-0.719
C:S89A	D:S362A	logit=-0.883

Top tied mutations (A + B view):
A:T18V	B:T215V	logit=-0.255
A:N55S	B:N252S	logit=-0.263
A:N54V	B:N251V	logit=-0.352
A:E100V	B:E297V	logit=-0.753
A:N57R	B:N254R	logit=-0.943

Top tied mutations (C + D view):
C:V218L	D:V491L	logit=-0.424
C:K191R	D:K464R	logit=-0.541
C:S180T	D:S453T	logit=-0.643
C:T42V	D:T315V	logit=-0.749
C:S89A	D:S362A	logit=-0.873

Top tied mutations (A + B view):
A:T18V	B:T215V	logit=-0.244
A:N55S	B:N252S	logit=-0.315
A:N54V	B:N251V	logit=-0.414
A:N57R	B:N254R	logit=-0.783
A:N54I	B:N251I	logit=-0.808

Top tied mutations (C + D view):
C:V218L	D:V491L	logit=-0.478
C:K191R	D:K464R	logit=-0.530
C:S180T	D:S453T	logit=-0.660
C:T42V	D:T315V	logit=-0.777
C:N51P	D:N324P	logit=-0.812

Top tied mutations (A + B view):
A:T18V	B:T215V	logit=-0.283
A:N55S	B:N252S	logit=-0.318
A:N54V	B:N251V	logit=-0.515
A:E100V	B:E297V	logit=-0.738
A:V102I	B:V299I	logit=-0.821

Top tied mutations (C + D view):
C:V218L	D:V491L	logit=-0.421
C:K191R	D:K464R	logit=-0.561
C:S180T	D:S453T	logit=-0.631
C:T42V	D:T315V	logit=-0.757
C:N51P	D:N324P	logit=-0.864

Top tied mutations (A + B view):
A:T18V	B:T215V	logit=-0.149
A:N55S	B:N252S	logit=-0.284
A:N54V	B:N251V	logit=-0.470
A:E100V	B:E297V	logit=-0.709
A:V102I	B:V299I	logit=-0.847

Top tied mutations (C + D view):
C:V218L	D:V491L	logit=-0.463
C:K191R	D:K464R	logit=-0.576
C:S180T	D:S453T	logit=-0.657
C:T42V	D:T315V	logit=-0.752
C:N51P	D:N324P	logit=-0.831

Top tied mutations (A + B view):
A:T18V	B:T215V	logit=-0.254
A:N55S	B:N252S	logit=-0.277
A:N54V	B:N251V	logit=-0.391
A:E100V	B:E297V	logit=-0.619
A:V102I	B:V299I	logit=-0.782

Top tied mutations (C + D view):
C:V218L	D:V491L	logit=-0.468
C:K191R	D:K464R	logit=-0.575
C:S180T	D:S453T	logit=-0.644
C:T42V	D:T315V	logit=-0.759
C:N51P	D:N324P	logit=-0.864

Top tied mutations (A + B view):
A:T18V	B:T215V	logit=-0.194
A:N55S	B:N252S	logit=-0.304
A:N54V	B:N251V	logit=-0.475
A:E100V	B:E297V	logit=-0.766
A:R61K	B:R258K	logit=-0.830

Top tied mutations (C + D view):
C:V218L	D:V491L	logit=-0.417
C:K191R	D:K464R	logit=-0.625
C:S180T	D:S453T	logit=-0.655
C:T42V	D:T315V	logit=-0.713
C:N51P	D:N324P	logit=-0.863

Top tied mutations (A + B view):
A:T18V	B:T215V	logit=-0.287
A:N55S	B:N252S	logit=-0.379
A:N54V	B:N251V	logit=-0.472
A:E100V	B:E297V	logit=-0.835
A:R61K	B:R258K	logit=-0.887

Top tied mutations (C + D view):
C:V218L	D:V491L	logit=-0.449
C:K191R	D:K464R	logit=-0.521
C:S180T	D:S453T	logit=-0.637
C:T42V	D:T315V	logit=-0.706
C:N51P	D:N324P	logit=-0.815

Top tied mutations (A + B view):
A:T18V	B:T215V	logit=-0.227
A:N55S	B:N252S	logit=-0.263
A:N54V	B:N251V	logit=-0.333
A:E100V	B:E297V	logit=-0.696
A:N54I	B:N251I	logit=-0.862

Top tied mutations (C + D view):
C:V218L	D:V491L	logit=-0.465
C:K191R	D:K464R	logit=-0.483
C:S180T	D:S453T	logit=-0.643
C:T42V	D:T315V	logit=-0.752
C:N51P	D:N324P	logit=-0.789

Top tied mutations (A + B view):
A:N55S	B:N252S	logit=-0.238
A:T18V	B:T215V	logit=-0.308
A:N54V	B:N251V	logit=-0.398
A:R61K	B:R258K	logit=-0.711
A:E100V	B:E297V	logit=-0.768

Top tied mutations (C + D view):
C:V218L	D:V491L	logit=-0.420
C:K191R	D:K464R	logit=-0.558
C:S180T	D:S453T	logit=-0.678
C:T42V	D:T315V	logit=-0.794
C:S89A	D:S362A	logit=-0.871

Top tied mutations (A + B view):
A:T18V	B:T215V	logit=-0.212
A:N54V	B:N251V	logit=-0.306
A:N55S	B:N252S	logit=-0.327
A:E100V	B:E297V	logit=-0.667
A:R61V	B:R258V	logit=-0.843

Top tied mutations (C + D view):
C:V218L	D:V491L	logit=-0.471
C:K191R	D:K464R	logit=-0.547
C:S180T	D:S453T	logit=-0.664
C:T42V	D:T315V	logit=-0.723
C:N51P	D:N324P	logit=-0.880

Top tied mutations (A + B view):
A:T18V	B:T215V	logit=-0.261
A:N55S	B:N252S	logit=-0.265
A:N54V	B:N251V	logit=-0.521
A:E100V	B:E297V	logit=-0.805
A:N54I	B:N251I	logit=-0.930

Top tied mutations (C + D view):
C:V218L	D:V491L	logit=-0.439
C:K191R	D:K464R	logit=-0.587
C:S180T	D:S453T	logit=-0.646
C:T42V	D:T315V	logit=-0.697
C:N51P	D:N324P	logit=-0.817

Top tied mutations (A + B view):
A:T18V	B:T215V	logit=-0.262
A:N55S	B:N252S	logit=-0.368
A:N54V	B:N251V	logit=-0.443
A:E100V	B:E297V	logit=-0.755
A:R61K	B:R258K	logit=-0.870

Top tied mutations (C + D view):
C:V218L	D:V491L	logit=-0.478
C:K191R	D:K464R	logit=-0.651
C:S180T	D:S453T	logit=-0.667
C:T42V	D:T315V	logit=-0.753
C:N51P	D:N324P	logit=-0.830

Top tied mutations (A + B view):
A:N55S	B:N252S	logit=-0.265
A:T18V	B:T215V	logit=-0.269
A:N54V	B:N251V	logit=-0.527
A:N57R	B:N254R	logit=-0.838
A:E100V	B:E297V	logit=-0.844

Top tied mutations (C + D view):
C:V218L	D:V491L	logit=-0.421
C:K191R	D:K464R	logit=-0.562
C:S180T	D:S453T	logit=-0.676
C:T42V	D:T315V	logit=-0.749
C:S89A	D:S362A	logit=-0.810

Top tied mutations (A + B view):
A:T18V	B:T215V	logit=-0.201
A:N55S	B:N252S	logit=-0.295
A:N54V	B:N251V	logit=-0.325
A:E100V	B:E297V	logit=-0.766
A:V58T	B:V255T	logit=-0.839

Top tied mutations (C + D view):
C:V218L	D:V491L	logit=-0.456
C:K191R	D:K464R	logit=-0.524
C:S180T	D:S453T	logit=-0.647
C:T42V	D:T315V	logit=-0.745
C:N51P	D:N324P	logit=-0.876

Top tied mutations (A + B view):
A:N55S	B:N252S	logit=-0.281
A:T18V	B:T215V	logit=-0.298
A:N54V	B:N251V	logit=-0.449
A:E100V	B:E297V	logit=-0.662
A:N54I	B:N251I	logit=-0.917

Top tied mutations (C + D view):
C:V218L	D:V491L	logit=-0.446
C:K191R	D:K464R	logit=-0.597
C:S180T	D:S453T	logit=-0.677
C:T42V	D:T315V	logit=-0.696
C:N51P	D:N324P	logit=-0.824

Top tied mutations (A + B view):
A:T18V	B:T215V	logit=-0.183
A:N55S	B:N252S	logit=-0.283
A:N54V	B:N251V	logit=-0.520
A:V102I	B:V299I	logit=-0.858
A:E100V	B:E297V	logit=-0.874

Top tied mutations (C + D view):
C:V218L	D:V491L	logit=-0.474
C:K191R	D:K464R	logit=-0.581
C:S180T	D:S453T	logit=-0.667
C:T42V	D:T315V	logit=-0.734
C:N51P	D:N324P	logit=-0.910

Top tied mutations (A + B view):
A:T18V	B:T215V	logit=-0.209
A:N54V	B:N251V	logit=-0.369
A:N55S	B:N252S	logit=-0.410
A:N57R	B:N254R	logit=-0.658
A:E100V	B:E297V	logit=-0.723

Top tied mutations (C + D view):
C:V218L	D:V491L	logit=-0.428
C:K191R	D:K464R	logit=-0.641
C:S180T	D:S453T	logit=-0.671
C:T42V	D:T315V	logit=-0.739
C:N219S	D:N492S	logit=-0.931

Top tied mutations (A + B view):
A:T18V	B:T215V	logit=-0.188
A:N55S	B:N252S	logit=-0.232
A:N54V	B:N251V	logit=-0.470
A:E100V	B:E297V	logit=-0.769
A:N57R	B:N254R	logit=-0.956

Top tied mutations (C + D view):
C:V218L	D:V491L	logit=-0.473
C:K191R	D:K464R	logit=-0.616
C:S180T	D:S453T	logit=-0.664
C:T42V	D:T315V	logit=-0.750
C:S89A	D:S362A	logit=-0.886

Top tied mutations (A + B view):
A:N55S	B:N252S	logit=-0.276
A:T18V	B:T215V	logit=-0.281
A:N54V	B:N251V	logit=-0.533
A:V102I	B:V299I	logit=-0.787
A:E100V	B:E297V	logit=-0.910

Top tied mutations (C + D view):
C:V218L	D:V491L	logit=-0.412
C:K191R	D:K464R	logit=-0.537
C:S180T	D:S453T	logit=-0.669
C:T42V	D:T315V	logit=-0.790
C:S89A	D:S362A	logit=-0.857

Top tied mutations (A + B view):
A:T18V	B:T215V	logit=-0.204
A:N55S	B:N252S	logit=-0.288
A:N54V	B:N251V	logit=-0.483
A:R61K	B:R258K	logit=-0.757
A:E100V	B:E297V	logit=-0.770

Top tied mutations (C + D view):
C:V218L	D:V491L	logit=-0.493
C:K191R	D:K464R	logit=-0.503
C:S180T	D:S453T	logit=-0.637
C:T42V	D:T315V	logit=-0.719
C:N51P	D:N324P	logit=-0.834

Top tied mutations (A + B view):
A:T18V	B:T215V	logit=-0.158
A:N55S	B:N252S	logit=-0.397
A:N54V	B:N251V	logit=-0.460
A:E100V	B:E297V	logit=-0.683
A:V102I	B:V299I	logit=-0.838

Top tied mutations (C + D view):
C:V218L	D:V491L	logit=-0.450
C:K191R	D:K464R	logit=-0.582
C:S180T	D:S453T	logit=-0.645
C:T42V	D:T315V	logit=-0.668
C:N51P	D:N324P	logit=-0.816

Top tied mutations (A + B view):
A:T18V	B:T215V	logit=-0.248
A:N55S	B:N252S	logit=-0.291
A:N54V	B:N251V	logit=-0.584
A:E100V	B:E297V	logit=-0.723
A:R61V	B:R258V	logit=-0.849

Top tied mutations (C + D view):
C:V218L	D:V491L	logit=-0.452
C:K191R	D:K464R	logit=-0.532
C:S180T	D:S453T	logit=-0.669
C:T42V	D:T315V	logit=-0.813
C:S89A	D:S362A	logit=-0.895

Top tied mutations (A + B view):
A:N55S	B:N252S	logit=-0.290
A:T18V	B:T215V	logit=-0.308
A:N54V	B:N251V	logit=-0.377
A:E100V	B:E297V	logit=-0.690
A:V102I	B:V299I	logit=-0.727

Top tied mutations (C + D view):
C:V218L	D:V491L	logit=-0.470
C:K191R	D:K464R	logit=-0.529
C:S180T	D:S453T	logit=-0.626
C:T42V	D:T315V	logit=-0.722
C:N51P	D:N324P	logit=-0.818

Top tied mutations (A + B view):
A:T18V	B:T215V	logit=-0.252
A:N55S	B:N252S	logit=-0.263
A:N54V	B:N251V	logit=-0.497
A:E100V	B:E297V	logit=-0.762
A:V102I	B:V299I	logit=-0.918

Top tied mutations (C + D view):
C:V218L	D:V491L	logit=-0.466
C:K191R	D:K464R	logit=-0.602
C:S180T	D:S453T	logit=-0.661
C:T42V	D:T315V	logit=-0.824
C:N51P	D:N324P	logit=-0.870

Top tied mutations (A + B view):
A:T18V	B:T215V	logit=-0.240
A:N55S	B:N252S	logit=-0.285
A:N54V	B:N251V	logit=-0.474
A:E100V	B:E297V	logit=-0.752
A:R61V	B:R258V	logit=-0.846

Top tied mutations (C + D view):
C:V218L	D:V491L	logit=-0.432
C:K191R	D:K464R	logit=-0.571
C:S180T	D:S453T	logit=-0.653
C:T42V	D:T315V	logit=-0.691
C:N51P	D:N324P	logit=-0.830

Top tied mutations (A + B view):
A:T18V	B:T215V	logit=-0.279
A:N55S	B:N252S	logit=-0.283
A:N54V	B:N251V	logit=-0.511
A:V58T	B:V255T	logit=-0.776
A:E100V	B:E297V	logit=-0.793

Top tied mutations (C + D view):
C:V218L	D:V491L	logit=-0.472
C:K191R	D:K464R	logit=-0.573
C:S180T	D:S453T	logit=-0.655
C:T42V	D:T315V	logit=-0.739
C:S89A	D:S362A	logit=-0.916

Top tied mutations (A + B view):
A:T18V	B:T215V	logit=-0.218
A:N55S	B:N252S	logit=-0.226
A:N54V	B:N251V	logit=-0.350
A:E100V	B:E297V	logit=-0.691
A:N57R	B:N254R	logit=-0.953

Top tied mutations (C + D view):
C:V218L	D:V491L	logit=-0.404
C:K191R	D:K464R	logit=-0.572
C:S180T	D:S453T	logit=-0.651
C:T42V	D:T315V	logit=-0.722
C:N51P	D:N324P	logit=-0.832

Top tied mutations (A + B view):
A:T18V	B:T215V	logit=-0.101
A:N55S	B:N252S	logit=-0.316
A:N54V	B:N251V	logit=-0.475
A:R61V	B:R258V	logit=-0.720
A:E100V	B:E297V	logit=-0.762

Top tied mutations (C + D view):
C:V218L	D:V491L	logit=-0.464
C:K191R	D:K464R	logit=-0.540
C:S180T	D:S453T	logit=-0.625
C:T42V	D:T315V	logit=-0.745
C:N51P	D:N324P	logit=-0.787

Top tied mutations (A + B view):
A:T18V	B:T215V	logit=-0.276
A:N55S	B:N252S	logit=-0.287
A:N54V	B:N251V	logit=-0.470
A:E100V	B:E297V	logit=-0.659
A:N54I	B:N251I	logit=-0.858

Top tied mutations (C + D view):
C:V218L	D:V491L	logit=-0.402
C:K191R	D:K464R	logit=-0.609
C:S180T	D:S453T	logit=-0.667
C:T42V	D:T315V	logit=-0.778
C:S89A	D:S362A	logit=-0.885

Top tied mutations (A + B view):
A:N55S	B:N252S	logit=-0.262
A:T18V	B:T215V	logit=-0.281
A:N54V	B:N251V	logit=-0.529
A:E100V	B:E297V	logit=-0.780
A:V58T	B:V255T	logit=-0.926

Top tied mutations (C + D view):
C:V218L	D:V491L	logit=-0.448
C:K191R	D:K464R	logit=-0.588
C:S180T	D:S453T	logit=-0.669
C:T42V	D:T315V	logit=-0.737
C:N51P	D:N324P	logit=-0.887

Top tied mutations (A + B view):
A:T18V	B:T215V	logit=-0.181
A:N55S	B:N252S	logit=-0.372
A:N54V	B:N251V	logit=-0.415
A:E100V	B:E297V	logit=-0.676
A:N54I	B:N251I	logit=-0.721

Top tied mutations (C + D view):
C:V218L	D:V491L	logit=-0.449
C:K191R	D:K464R	logit=-0.581
C:S180T	D:S453T	logit=-0.642
C:T42V	D:T315V	logit=-0.741
C:N51P	D:N324P	logit=-0.790

Top tied mutations (A + B view):
A:N55S	B:N252S	logit=-0.224
A:T18V	B:T215V	logit=-0.268
A:N54V	B:N251V	logit=-0.460
A:R61K	B:R258K	logit=-0.824
A:E100V	B:E297V	logit=-0.867

Top tied mutations (C + D view):
C:V218L	D:V491L	logit=-0.465
C:K191R	D:K464R	logit=-0.504
C:S180T	D:S453T	logit=-0.643
C:T42V	D:T315V	logit=-0.704
C:N51P	D:N324P	logit=-0.823

Top tied mutations (A + B view):
A:T18V	B:T215V	logit=-0.234
A:N55S	B:N252S	logit=-0.286
A:N54V	B:N251V	logit=-0.645
A:E100V	B:E297V	logit=-0.883
A:N57R	B:N254R	logit=-0.911

Top tied mutations (C + D view):
C:V218L	D:V491L	logit=-0.434
C:K191R	D:K464R	logit=-0.568
C:S180T	D:S453T	logit=-0.678
C:T42V	D:T315V	logit=-0.730
C:N51P	D:N324P	logit=-0.803

Top tied mutations (A + B view):
A:T18V	B:T215V	logit=-0.201
A:N55S	B:N252S	logit=-0.278
A:N54V	B:N251V	logit=-0.567
A:E100V	B:E297V	logit=-0.753
A:N54I	B:N251I	logit=-0.893

Top tied mutations (C + D view):
C:V218L	D:V491L	logit=-0.437
C:K191R	D:K464R	logit=-0.512
C:S180T	D:S453T	logit=-0.659
C:T42V	D:T315V	logit=-0.685
C:N51P	D:N324P	logit=-0.883

Top tied mutations (A + B view):
A:T18V	B:T215V	logit=-0.274
A:N55S	B:N252S	logit=-0.304
A:N54V	B:N251V	logit=-0.468
A:N57R	B:N254R	logit=-0.772
A:E100V	B:E297V	logit=-0.785

Top tied mutations (C + D view):
C:V218L	D:V491L	logit=-0.454
C:K191R	D:K464R	logit=-0.496
C:S180T	D:S453T	logit=-0.671
C:T42V	D:T315V	logit=-0.723
C:N51P	D:N324P	logit=-0.781

Top tied mutations (A + B view):
A:N55S	B:N252S	logit=-0.261
A:T18V	B:T215V	logit=-0.278
A:N54V	B:N251V	logit=-0.338
A:N57R	B:N254R	logit=-0.770
A:R61K	B:R258K	logit=-0.815

Top tied mutations (C + D view):
C:V218L	D:V491L	logit=-0.442
C:K191R	D:K464R	logit=-0.501
C:S180T	D:S453T	logit=-0.660
C:T42V	D:T315V	logit=-0.719
C:N51P	D:N324P	logit=-0.844

Top tied mutations (A + B view):
A:T18V	B:T215V	logit=-0.235
A:N55S	B:N252S	logit=-0.353
A:N54V	B:N251V	logit=-0.540
A:E100V	B:E297V	logit=-0.821
A:V102I	B:V299I	logit=-0.869

Top tied mutations (C + D view):
C:V218L	D:V491L	logit=-0.450
C:K191R	D:K464R	logit=-0.547
C:S180T	D:S453T	logit=-0.655
C:T42V	D:T315V	logit=-0.782
C:S89A	D:S362A	logit=-0.899

Top tied mutations (A + B view):
A:T18V	B:T215V	logit=-0.181
A:N55S	B:N252S	logit=-0.253
A:N54V	B:N251V	logit=-0.430
A:E100V	B:E297V	logit=-0.719
A:V102I	B:V299I	logit=-0.778

Top tied mutations (C + D view):
C:V218L	D:V491L	logit=-0.449
C:K191R	D:K464R	logit=-0.522
C:S180T	D:S453T	logit=-0.645
C:T42V	D:T315V	logit=-0.769
C:N51P	D:N324P	logit=-0.785

Top tied mutations (A + B view):
A:T18V	B:T215V	logit=-0.271
A:N55S	B:N252S	logit=-0.317
A:N54V	B:N251V	logit=-0.392
A:E100V	B:E297V	logit=-0.726
A:N54I	B:N251I	logit=-0.758

Top tied mutations (C + D view):
C:V218L	D:V491L	logit=-0.402
C:K191R	D:K464R	logit=-0.497
C:S180T	D:S453T	logit=-0.640
C:T42V	D:T315V	logit=-0.752
C:N51P	D:N324P	logit=-0.878

Top tied mutations (A + B view):
A:N55S	B:N252S	logit=-0.263
A:T18V	B:T215V	logit=-0.339
A:N54V	B:N251V	logit=-0.454
A:E100V	B:E297V	logit=-0.707
A:R61K	B:R258K	logit=-0.850

Top tied mutations (C + D view):
C:V218L	D:V491L	logit=-0.409
C:K191R	D:K464R	logit=-0.544
C:S180T	D:S453T	logit=-0.653
C:T42V	D:T315V	logit=-0.755
C:N51P	D:N324P	logit=-0.776

Top tied mutations (A + B view):
A:T18V	B:T215V	logit=-0.106
A:N55S	B:N252S	logit=-0.253
A:N54V	B:N251V	logit=-0.475
A:E100V	B:E297V	logit=-0.698
A:R61V	B:R258V	logit=-0.760

Top tied mutations (C + D view):
C:V218L	D:V491L	logit=-0.428
C:K191R	D:K464R	logit=-0.530
C:S180T	D:S453T	logit=-0.661
C:T42V	D:T315V	logit=-0.712
C:N51P	D:N324P	logit=-0.741

Top tied mutations (A + B view):
A:T18V	B:T215V	logit=-0.215
A:N55S	B:N252S	logit=-0.244
A:N54V	B:N251V	logit=-0.438
A:E100V	B:E297V	logit=-0.771
A:V102I	B:V299I	logit=-0.889

Top tied mutations (C + D view):
C:V218L	D:V491L	logit=-0.475
C:K191R	D:K464R	logit=-0.575
C:S180T	D:S453T	logit=-0.658
C:T42V	D:T315V	logit=-0.706
C:N51P	D:N324P	logit=-0.768

Top tied mutations (A + B view):
A:T18V	B:T215V	logit=-0.205
A:N55S	B:N252S	logit=-0.332
A:N54V	B:N251V	logit=-0.477
A:E100V	B:E297V	logit=-0.608
A:V102I	B:V299I	logit=-0.860

Top tied mutations (C + D view):
C:V218L	D:V491L	logit=-0.418
C:K191R	D:K464R	logit=-0.557
C:S180T	D:S453T	logit=-0.643
C:T42V	D:T315V	logit=-0.721
C:N51P	D:N324P	logit=-0.816

Top tied mutations (A + B view):
A:T18V	B:T215V	logit=-0.189
A:N55S	B:N252S	logit=-0.334
A:N54V	B:N251V	logit=-0.471
A:E100V	B:E297V	logit=-0.744
A:N54I	B:N251I	logit=-0.844

Top tied mutations (C + D view):
C:V218L	D:V491L	logit=-0.411
C:K191R	D:K464R	logit=-0.496
C:S180T	D:S453T	logit=-0.658
C:T42V	D:T315V	logit=-0.722
C:S89A	D:S362A	logit=-0.831

Top tied mutations (A + B view):
A:T18V	B:T215V	logit=-0.258
A:N55S	B:N252S	logit=-0.319
A:N54V	B:N251V	logit=-0.601
A:E100V	B:E297V	logit=-0.650
A:V102I	B:V299I	logit=-0.965

Top tied mutations (C + D view):
C:V218L	D:V491L	logit=-0.444
C:K191R	D:K464R	logit=-0.551
C:S180T	D:S453T	logit=-0.658
C:T42V	D:T315V	logit=-0.746
C:N51P	D:N324P	logit=-0.879

Top tied mutations (A + B view):
A:T18V	B:T215V	logit=-0.287
A:N54V	B:N251V	logit=-0.353
A:N55S	B:N252S	logit=-0.414
A:E100V	B:E297V	logit=-0.636
A:R61V	B:R258V	logit=-0.836

Top tied mutations (C + D view):
C:V218L	D:V491L	logit=-0.425
C:K191R	D:K464R	logit=-0.597
C:S180T	D:S453T	logit=-0.650
C:T42V	D:T315V	logit=-0.753
C:N51P	D:N324P	logit=-0.866

Top tied mutations (A + B view):
A:N55S	B:N252S	logit=-0.292
A:T18V	B:T215V	logit=-0.315
A:N54V	B:N251V	logit=-0.509
A:R61K	B:R258K	logit=-0.681
A:V102I	B:V299I	logit=-0.776

Top tied mutations (C + D view):
C:V218L	D:V491L	logit=-0.496
C:K191R	D:K464R	logit=-0.554
C:S180T	D:S453T	logit=-0.641
C:T42V	D:T315V	logit=-0.768
C:N51P	D:N324P	logit=-0.797

Top tied mutations (A + B view):
A:T18V	B:T215V	logit=-0.233
A:N55S	B:N252S	logit=-0.290
A:N54V	B:N251V	logit=-0.438
A:E100V	B:E297V	logit=-0.636
A:V102I	B:V299I	logit=-0.909

Top tied mutations (C + D view):
C:V218L	D:V491L	logit=-0.503
C:K191R	D:K464R	logit=-0.599
C:S180T	D:S453T	logit=-0.669
C:N51P	D:N324P	logit=-0.756
C:T42V	D:T315V	logit=-0.794

Top tied mutations (A + B view):
A:T18V	B:T215V	logit=-0.248
A:N55S	B:N252S	logit=-0.321
A:N54V	B:N251V	logit=-0.485
A:E100V	B:E297V	logit=-0.702
A:V58T	B:V255T	logit=-0.884

Top tied mutations (C + D view):
C:V218L	D:V491L	logit=-0.464
C:K191R	D:K464R	logit=-0.510
C:S180T	D:S453T	logit=-0.645
C:T42V	D:T315V	logit=-0.792
C:N51P	D:N324P	logit=-0.835

Top tied mutations (A + B view):
A:T18V	B:T215V	logit=-0.224
A:N55S	B:N252S	logit=-0.250
A:N54V	B:N251V	logit=-0.549
A:E100V	B:E297V	logit=-0.694
A:N57R	B:N254R	logit=-0.810

Top tied mutations (C + D view):
C:V218L	D:V491L	logit=-0.421
C:K191R	D:K464R	logit=-0.536
C:S180T	D:S453T	logit=-0.670
C:T42V	D:T315V	logit=-0.745
C:S89A	D:S362A	logit=-0.809

Top tied mutations (A + B view):
A:T18V	B:T215V	logit=-0.217
A:N55S	B:N252S	logit=-0.389
A:E100V	B:E297V	logit=-0.564
A:N54V	B:N251V	logit=-0.737
A:R61K	B:R258K	logit=-0.781

Top tied mutations (C + D view):
C:V218L	D:V491L	logit=-0.420
C:K191R	D:K464R	logit=-0.591
C:S180T	D:S453T	logit=-0.670
C:T42V	D:T315V	logit=-0.714
C:N51P	D:N324P	logit=-0.872

Top tied mutations (A + B view):
A:N55S	B:N252S	logit=-0.251
A:T18V	B:T215V	logit=-0.262
A:N54V	B:N251V	logit=-0.434
A:E100V	B:E297V	logit=-0.670
A:N57R	B:N254R	logit=-0.748

Top tied mutations (C + D view):
C:V218L	D:V491L	logit=-0.488
C:K191R	D:K464R	logit=-0.527
C:S180T	D:S453T	logit=-0.649
C:T42V	D:T315V	logit=-0.780
C:S89A	D:S362A	logit=-0.904

Top tied mutations (A + B view):
A:T18V	B:T215V	logit=-0.226
A:N55S	B:N252S	logit=-0.294
A:N54V	B:N251V	logit=-0.414
A:N54I	B:N251I	logit=-0.765
A:E100V	B:E297V	logit=-0.856

Top tied mutations (C + D view):
C:V218L	D:V491L	logit=-0.440
C:K191R	D:K464R	logit=-0.507
C:S180T	D:S453T	logit=-0.674
C:T42V	D:T315V	logit=-0.714
C:N51P	D:N324P	logit=-0.742

Top tied mutations (A + B view):
A:T18V	B:T215V	logit=-0.184
A:N55S	B:N252S	logit=-0.256
A:N54V	B:N251V	logit=-0.440
A:E100V	B:E297V	logit=-0.626
A:V102I	B:V299I	logit=-0.875

Top tied mutations (C + D view):
C:V218L	D:V491L	logit=-0.452
C:K191R	D:K464R	logit=-0.519
C:S180T	D:S453T	logit=-0.639
C:N51P	D:N324P	logit=-0.737
C:T42V	D:T315V	logit=-0.775

Top tied mutations (A + B view):
A:T18V	B:T215V	logit=-0.253
A:N55S	B:N252S	logit=-0.305
A:N54V	B:N251V	logit=-0.602
A:E100V	B:E297V	logit=-0.779
A:N57R	B:N254R	logit=-0.826

Top tied mutations (C + D view):
C:V218L	D:V491L	logit=-0.400
C:K191R	D:K464R	logit=-0.583
C:S180T	D:S453T	logit=-0.652
C:T42V	D:T315V	logit=-0.703
C:N51P	D:N324P	logit=-0.825

Top tied mutations (A + B view):
A:T18V	B:T215V	logit=-0.219
A:N55S	B:N252S	logit=-0.328
A:N54V	B:N251V	logit=-0.507
A:N54I	B:N251I	logit=-0.819
A:V102I	B:V299I	logit=-0.852

Top tied mutations (C + D view):
C:V218L	D:V491L	logit=-0.462
C:K191R	D:K464R	logit=-0.529
C:S180T	D:S453T	logit=-0.658
C:T42V	D:T315V	logit=-0.718
C:N51P	D:N324P	logit=-0.746

Top tied mutations (A + B view):
A:T18V	B:T215V	logit=-0.267
A:N55S	B:N252S	logit=-0.302
A:N54V	B:N251V	logit=-0.463
A:V102I	B:V299I	logit=-0.865
A:E100V	B:E297V	logit=-0.881

Top tied mutations (C + D view):
C:V218L	D:V491L	logit=-0.435
C:K191R	D:K464R	logit=-0.533
C:S180T	D:S453T	logit=-0.655
C:T42V	D:T315V	logit=-0.720
C:N219S	D:N492S	logit=-0.929

Top tied mutations (A + B view):
A:N55S	B:N252S	logit=-0.168
A:T18V	B:T215V	logit=-0.226
A:N54V	B:N251V	logit=-0.372
A:E100V	B:E297V	logit=-0.690
A:V102I	B:V299I	logit=-0.808

Top tied mutations (C + D view):
C:V218L	D:V491L	logit=-0.419
C:K191R	D:K464R	logit=-0.549
C:S180T	D:S453T	logit=-0.652
C:T42V	D:T315V	logit=-0.732
C:N219S	D:N492S	logit=-0.914

Top tied mutations (A + B view):
A:T18V	B:T215V	logit=-0.227
A:N55S	B:N252S	logit=-0.352
A:N54V	B:N251V	logit=-0.491
A:E100V	B:E297V	logit=-0.726
A:R61V	B:R258V	logit=-0.879

Top tied mutations (C + D view):
C:V218L	D:V491L	logit=-0.467
C:K191R	D:K464R	logit=-0.517
C:S180T	D:S453T	logit=-0.639
C:T42V	D:T315V	logit=-0.779
C:S89A	D:S362A	logit=-0.870

Top tied mutations (A + B view):
A:T18V	B:T215V	logit=-0.219
A:N55S	B:N252S	logit=-0.341
A:N54V	B:N251V	logit=-0.472
A:R61K	B:R258K	logit=-0.725
A:N54I	B:N251I	logit=-0.805

Top tied mutations (C + D view):
C:V218L	D:V491L	logit=-0.395
C:K191R	D:K464R	logit=-0.537
C:S180T	D:S453T	logit=-0.624
C:T42V	D:T315V	logit=-0.748
C:N51P	D:N324P	logit=-0.846

Top tied mutations (A + B view):
A:T18V	B:T215V	logit=-0.220
A:N55S	B:N252S	logit=-0.303
A:N54V	B:N251V	logit=-0.547
A:E100V	B:E297V	logit=-0.862
A:N54I	B:N251I	logit=-0.885

Top tied mutations (C + D view):
C:V218L	D:V491L	logit=-0.409
C:K191R	D:K464R	logit=-0.610
C:S180T	D:S453T	logit=-0.653
C:T42V	D:T315V	logit=-0.714
C:N51P	D:N324P	logit=-0.890

Top tied mutations (A + B view):
A:T18V	B:T215V	logit=-0.209
A:N55S	B:N252S	logit=-0.330
A:N54V	B:N251V	logit=-0.488
A:E100V	B:E297V	logit=-0.754
A:N57R	B:N254R	logit=-0.835

Top tied mutations (C + D view):
C:V218L	D:V491L	logit=-0.449
C:K191R	D:K464R	logit=-0.493
C:S180T	D:S453T	logit=-0.652
C:T42V	D:T315V	logit=-0.747
C:N51P	D:N324P	logit=-0.782

Top tied mutations (A + B view):
A:T18V	B:T215V	logit=-0.347
A:N55S	B:N252S	logit=-0.373
A:N54V	B:N251V	logit=-0.657
A:E100V	B:E297V	logit=-0.809
A:V102I	B:V299I	logit=-0.872

Top tied mutations (C + D view):
C:V218L	D:V491L	logit=-0.465
C:K191R	D:K464R	logit=-0.567
C:S180T	D:S453T	logit=-0.654
C:T42V	D:T315V	logit=-0.751
C:S89A	D:S362A	logit=-0.811

Top tied mutations (A + B view):
A:T18V	B:T215V	logit=-0.254
A:N54V	B:N251V	logit=-0.315
A:N55S	B:N252S	logit=-0.321
A:E100V	B:E297V	logit=-0.742
A:V58T	B:V255T	logit=-0.961

Top tied mutations (C + D view):
C:V218L	D:V491L	logit=-0.444
C:K191R	D:K464R	logit=-0.573
C:S180T	D:S453T	logit=-0.637
C:T42V	D:T315V	logit=-0.756
C:S89A	D:S362A	logit=-0.844

Top tied mutations (A + B view):
A:T18V	B:T215V	logit=-0.221
A:N55S	B:N252S	logit=-0.313
A:N54V	B:N251V	logit=-0.601
A:E100V	B:E297V	logit=-0.681
A:R61K	B:R258K	logit=-0.875

Top tied mutations (C + D view):
C:V218L	D:V491L	logit=-0.466
C:K191R	D:K464R	logit=-0.557
C:S180T	D:S453T	logit=-0.659
C:T42V	D:T315V	logit=-0.755
C:N51P	D:N324P	logit=-0.863

Top tied mutations (A + B view):
A:T18V	B:T215V	logit=-0.273
A:N55S	B:N252S	logit=-0.283
A:N54V	B:N251V	logit=-0.310
A:E100V	B:E297V	logit=-0.858
A:V102I	B:V299I	logit=-0.947

Top tied mutations (C + D view):
C:V218L	D:V491L	logit=-0.428
C:K191R	D:K464R	logit=-0.559
C:S180T	D:S453T	logit=-0.653
C:T42V	D:T315V	logit=-0.800
C:N51P	D:N324P	logit=-0.813

Top tied mutations (A + B view):
A:T18V	B:T215V	logit=-0.222
A:N55S	B:N252S	logit=-0.335
A:N54V	B:N251V	logit=-0.413
A:E100V	B:E297V	logit=-0.706
A:N57R	B:N254R	logit=-0.805

Top tied mutations (C + D view):
C:V218L	D:V491L	logit=-0.461
C:K191R	D:K464R	logit=-0.527
C:S180T	D:S453T	logit=-0.644
C:T42V	D:T315V	logit=-0.659
C:N51P	D:N324P	logit=-0.778

Top tied mutations (A + B view):
A:T18V	B:T215V	logit=-0.179
A:N55S	B:N252S	logit=-0.367
A:N54V	B:N251V	logit=-0.659
A:E100V	B:E297V	logit=-0.836
A:V102I	B:V299I	logit=-0.965

Top tied mutations (C + D view):
C:V218L	D:V491L	logit=-0.406
C:K191R	D:K464R	logit=-0.586
C:S180T	D:S453T	logit=-0.649
C:T42V	D:T315V	logit=-0.749
C:N51P	D:N324P	logit=-0.792

Top tied mutations (A + B view):
A:T18V	B:T215V	logit=-0.219
A:N55S	B:N252S	logit=-0.331
A:N54V	B:N251V	logit=-0.510
A:E100V	B:E297V	logit=-0.790
A:N54I	B:N251I	logit=-0.832

Top tied mutations (C + D view):
C:V218L	D:V491L	logit=-0.473
C:K191R	D:K464R	logit=-0.502
C:S180T	D:S453T	logit=-0.671
C:T42V	D:T315V	logit=-0.724
C:N51P	D:N324P	logit=-0.887

Top tied mutations (A + B view):
A:T18V	B:T215V	logit=-0.277
A:N55S	B:N252S	logit=-0.326
A:N54V	B:N251V	logit=-0.361
A:N54I	B:N251I	logit=-0.801
A:V102I	B:V299I	logit=-0.860

Top tied mutations (C + D view):
C:V218L	D:V491L	logit=-0.429
C:K191R	D:K464R	logit=-0.566
C:S180T	D:S453T	logit=-0.676
C:T42V	D:T315V	logit=-0.769
C:S89A	D:S362A	logit=-0.864

Top tied mutations (A + B view):
A:T18V	B:T215V	logit=-0.195
A:N54V	B:N251V	logit=-0.302
A:N55S	B:N252S	logit=-0.324
A:N54I	B:N251I	logit=-0.767
A:E100V	B:E297V	logit=-0.803

Top tied mutations (C + D view):
C:V218L	D:V491L	logit=-0.440
C:K191R	D:K464R	logit=-0.561
C:S180T	D:S453T	logit=-0.662
C:T42V	D:T315V	logit=-0.788
C:N51P	D:N324P	logit=-0.921

Top tied mutations (A + B view):
A:T18V	B:T215V	logit=-0.223
A:N54V	B:N251V	logit=-0.269
A:N55S	B:N252S	logit=-0.280
A:N57R	B:N254R	logit=-0.667
A:E100V	B:E297V	logit=-0.822

Top tied mutations (C + D view):
C:V218L	D:V491L	logit=-0.443
C:K191R	D:K464R	logit=-0.507
C:S180T	D:S453T	logit=-0.650
C:T42V	D:T315V	logit=-0.716
C:N51P	D:N324P	logit=-0.853

Top tied mutations (A + B view):
A:T18V	B:T215V	logit=-0.194
A:N55S	B:N252S	logit=-0.317
A:N54V	B:N251V	logit=-0.700
A:E100V	B:E297V	logit=-0.704
A:N57R	B:N254R	logit=-0.809

Top tied mutations (C + D view):
C:V218L	D:V491L	logit=-0.433
C:K191R	D:K464R	logit=-0.616
C:S180T	D:S453T	logit=-0.637
C:T42V	D:T315V	logit=-0.690
C:N51P	D:N324P	logit=-0.812

Top tied mutations (A + B view):
A:T18V	B:T215V	logit=-0.283
A:N55S	B:N252S	logit=-0.319
A:N54V	B:N251V	logit=-0.537
A:E100V	B:E297V	logit=-0.798
A:V102I	B:V299I	logit=-0.804

Top tied mutations (C + D view):
C:V218L	D:V491L	logit=-0.403
C:K191R	D:K464R	logit=-0.596
C:S180T	D:S453T	logit=-0.668
C:T42V	D:T315V	logit=-0.760
C:N51P	D:N324P	logit=-0.878

Top tied mutations (A + B view):
A:T18V	B:T215V	logit=-0.181
A:N55S	B:N252S	logit=-0.305
A:N54V	B:N251V	logit=-0.632
A:E100V	B:E297V	logit=-0.737
A:R61K	B:R258K	logit=-0.779

Top tied mutations (C + D view):
C:V218L	D:V491L	logit=-0.465
C:K191R	D:K464R	logit=-0.531
C:S180T	D:S453T	logit=-0.662
C:T42V	D:T315V	logit=-0.693
C:N51P	D:N324P	logit=-0.800

Top tied mutations (A + B view):
A:N55S	B:N252S	logit=-0.255
A:T18V	B:T215V	logit=-0.283
A:N54V	B:N251V	logit=-0.683
A:E100V	B:E297V	logit=-0.936
A:V102I	B:V299I	logit=-0.989

Top tied mutations (C + D view):
C:V218L	D:V491L	logit=-0.453
C:K191R	D:K464R	logit=-0.557
C:S180T	D:S453T	logit=-0.650
C:T42V	D:T315V	logit=-0.765
C:N51P	D:N324P	logit=-0.804

Top tied mutations (A + B view):
A:T18V	B:T215V	logit=-0.163
A:N55S	B:N252S	logit=-0.239
A:N54V	B:N251V	logit=-0.356
A:E100V	B:E297V	logit=-0.797
A:V58T	B:V255T	logit=-0.904

Top tied mutations (C + D view):
C:V218L	D:V491L	logit=-0.456
C:K191R	D:K464R	logit=-0.523
C:S180T	D:S453T	logit=-0.664
C:T42V	D:T315V	logit=-0.704
C:N51P	D:N324P	logit=-0.861

Top tied mutations (A + B view):
A:N55S	B:N252S	logit=-0.285
A:T18V	B:T215V	logit=-0.290
A:N54V	B:N251V	logit=-0.496
A:E100V	B:E297V	logit=-0.714
A:R61V	B:R258V	logit=-0.855

Top tied mutations (C + D view):
C:V218L	D:V491L	logit=-0.475
C:K191R	D:K464R	logit=-0.544
C:S180T	D:S453T	logit=-0.675
C:N51P	D:N324P	logit=-0.709
C:T42V	D:T315V	logit=-0.733

Top tied mutations (A + B view):
A:T18V	B:T215V	logit=-0.213
A:N55S	B:N252S	logit=-0.287
A:N54V	B:N251V	logit=-0.465
A:E100V	B:E297V	logit=-0.754
A:V102I	B:V299I	logit=-0.775

Top tied mutations (C + D view):
C:V218L	D:V491L	logit=-0.474
C:K191R	D:K464R	logit=-0.556
C:S180T	D:S453T	logit=-0.655
C:T42V	D:T315V	logit=-0.725
C:N51P	D:N324P	logit=-0.753

Top tied mutations (A + B view):
A:T18V	B:T215V	logit=-0.261
A:N55S	B:N252S	logit=-0.306
A:N54V	B:N251V	logit=-0.504
A:E100V	B:E297V	logit=-0.693
A:V58T	B:V255T	logit=-0.892

Top tied mutations (C + D view):
C:V218L	D:V491L	logit=-0.429
C:K191R	D:K464R	logit=-0.517
C:S180T	D:S453T	logit=-0.634
C:T42V	D:T315V	logit=-0.740
C:N51P	D:N324P	logit=-0.821

Top tied mutations (A + B view):
A:T18V	B:T215V	logit=-0.279
A:N55S	B:N252S	logit=-0.302
A:N54V	B:N251V	logit=-0.562
A:E100V	B:E297V	logit=-0.695
A:V102I	B:V299I	logit=-0.880

Top tied mutations (C + D view):
C:V218L	D:V491L	logit=-0.459
C:K191R	D:K464R	logit=-0.516
C:S180T	D:S453T	logit=-0.651
C:T42V	D:T315V	logit=-0.753
C:S89A	D:S362A	logit=-0.817

Top tied mutations (A + B view):
A:T18V	B:T215V	logit=-0.208
A:N55S	B:N252S	logit=-0.373
A:N54V	B:N251V	logit=-0.395
A:E100V	B:E297V	logit=-0.741
A:V58T	B:V255T	logit=-0.868

Top tied mutations (C + D view):
C:V218L	D:V491L	logit=-0.410
C:K191R	D:K464R	logit=-0.588
C:S180T	D:S453T	logit=-0.682
C:T42V	D:T315V	logit=-0.800
C:S89A	D:S362A	logit=-0.886

Top tied mutations (A + B view):
A:N55S	B:N252S	logit=-0.292
A:T18V	B:T215V	logit=-0.319
A:N54V	B:N251V	logit=-0.360
A:V102I	B:V299I	logit=-0.807
A:E100V	B:E297V	logit=-0.859

Top tied mutations (C + D view):
C:V218L	D:V491L	logit=-0.485
C:K191R	D:K464R	logit=-0.573
C:S180T	D:S453T	logit=-0.636
C:T42V	D:T315V	logit=-0.745
C:S89A	D:S362A	logit=-0.898

Top tied mutations (A + B view):
A:T18V	B:T215V	logit=-0.122
A:N55S	B:N252S	logit=-0.344
A:N54V	B:N251V	logit=-0.558
A:E100V	B:E297V	logit=-0.653
A:V58T	B:V255T	logit=-0.859

Top tied mutations (C + D view):
C:V218L	D:V491L	logit=-0.423
C:K191R	D:K464R	logit=-0.474
C:S180T	D:S453T	logit=-0.646
C:T42V	D:T315V	logit=-0.691
C:N51P	D:N324P	logit=-0.742

Top tied mutations (A + B view):
A:T18V	B:T215V	logit=-0.216
A:N55S	B:N252S	logit=-0.331
A:N54V	B:N251V	logit=-0.618
A:E100V	B:E297V	logit=-0.636
A:N57R	B:N254R	logit=-0.706

Top tied mutations (C + D view):
C:V218L	D:V491L	logit=-0.435
C:K191R	D:K464R	logit=-0.552
C:S180T	D:S453T	logit=-0.640
C:T42V	D:T315V	logit=-0.687
C:N51P	D:N324P	logit=-0.764

Top tied mutations (A + B view):
A:N55S	B:N252S	logit=-0.212
A:T18V	B:T215V	logit=-0.221
A:N54V	B:N251V	logit=-0.502
A:E100V	B:E297V	logit=-0.863
A:V102I	B:V299I	logit=-0.881

Top tied mutations (C + D view):
C:V218L	D:V491L	logit=-0.433
C:K191R	D:K464R	logit=-0.527
C:S180T	D:S453T	logit=-0.655
C:T42V	D:T315V	logit=-0.798
C:N51P	D:N324P	logit=-0.867

Top tied mutations (A + B view):
A:T18V	B:T215V	logit=-0.285
A:N55S	B:N252S	logit=-0.343
A:N54V	B:N251V	logit=-0.477
A:E100V	B:E297V	logit=-0.769
A:R61V	B:R258V	logit=-0.820

Top tied mutations (C + D view):
C:V218L	D:V491L	logit=-0.410
C:K191R	D:K464R	logit=-0.543
C:S180T	D:S453T	logit=-0.686
C:T42V	D:T315V	logit=-0.790
C:N51P	D:N324P	logit=-0.865

Top tied mutations (A + B view):
A:T18V	B:T215V	logit=-0.176
A:N55S	B:N252S	logit=-0.416
A:N54V	B:N251V	logit=-0.578
A:E100V	B:E297V	logit=-0.746
A:V58T	B:V255T	logit=-0.793

Top tied mutations (C + D view):
C:V218L	D:V491L	logit=-0.456
C:K191R	D:K464R	logit=-0.565
C:S180T	D:S453T	logit=-0.651
C:T42V	D:T315V	logit=-0.791
C:N51P	D:N324P	logit=-0.847

Top tied mutations (A + B view):
A:T18V	B:T215V	logit=-0.285
A:N55S	B:N252S	logit=-0.336
A:N54V	B:N251V	logit=-0.365
A:N54I	B:N251I	logit=-0.641
A:E100V	B:E297V	logit=-0.861

Top tied mutations (C + D view):
C:V218L	D:V491L	logit=-0.447
C:K191R	D:K464R	logit=-0.568
C:S180T	D:S453T	logit=-0.640
C:T42V	D:T315V	logit=-0.752
C:N51P	D:N324P	logit=-0.864

Top tied mutations (A + B view):
A:T18V	B:T215V	logit=-0.258
A:N55S	B:N252S	logit=-0.293
A:N54V	B:N251V	logit=-0.589
A:E100V	B:E297V	logit=-0.770
A:N54I	B:N251I	logit=-0.837

Top tied mutations (C + D view):
C:V218L	D:V491L	logit=-0.482
C:K191R	D:K464R	logit=-0.500
C:S180T	D:S453T	logit=-0.661
C:T42V	D:T315V	logit=-0.722
C:N51P	D:N324P	logit=-0.810

Top tied mutations (A + B view):
A:T18V	B:T215V	logit=-0.250
A:N55S	B:N252S	logit=-0.296
A:N54V	B:N251V	logit=-0.562
A:E100V	B:E297V	logit=-0.617
A:V102I	B:V299I	logit=-0.764

Top tied mutations (C + D view):
C:V218L	D:V491L	logit=-0.451
C:K191R	D:K464R	logit=-0.465
C:S180T	D:S453T	logit=-0.677
C:T42V	D:T315V	logit=-0.804
C:A168P	D:A441P	logit=-0.903

Top tied mutations (A + B view):
A:T18V	B:T215V	logit=-0.177
A:N55S	B:N252S	logit=-0.265
A:N54V	B:N251V	logit=-0.467
A:E100V	B:E297V	logit=-0.781
A:V102I	B:V299I	logit=-0.870

Top tied mutations (C + D view):
C:V218L	D:V491L	logit=-0.470
C:K191R	D:K464R	logit=-0.582
C:S180T	D:S453T	logit=-0.668
C:T42V	D:T315V	logit=-0.807
C:S89A	D:S362A	logit=-0.838

Top tied mutations (A + B view):
A:T18V	B:T215V	logit=-0.230
A:N55S	B:N252S	logit=-0.345
A:N54V	B:N251V	logit=-0.579
A:N54I	B:N251I	logit=-0.692
A:N57R	B:N254R	logit=-0.796

Top tied mutations (C + D view):
C:V218L	D:V491L	logit=-0.478
C:K191R	D:K464R	logit=-0.526
C:S180T	D:S453T	logit=-0.656
C:T42V	D:T315V	logit=-0.724
C:N51P	D:N324P	logit=-0.756

Top tied mutations (A + B view):
A:T18V	B:T215V	logit=-0.143
A:N55S	B:N252S	logit=-0.346
A:N54V	B:N251V	logit=-0.522
A:E100V	B:E297V	logit=-0.685
A:N54I	B:N251I	logit=-0.860

Top tied mutations (C + D view):
C:V218L	D:V491L	logit=-0.468
C:K191R	D:K464R	logit=-0.553
C:S180T	D:S453T	logit=-0.669
C:T42V	D:T315V	logit=-0.717
C:N51P	D:N324P	logit=-0.831

Top tied mutations (A + B view):
A:T18V	B:T215V	logit=-0.229
A:N55S	B:N252S	logit=-0.370
A:N54V	B:N251V	logit=-0.578
A:E100V	B:E297V	logit=-0.726
A:V102I	B:V299I	logit=-0.900

Top tied mutations (C + D view):
C:V218L	D:V491L	logit=-0.478
C:K191R	D:K464R	logit=-0.546
C:S180T	D:S453T	logit=-0.647
C:T42V	D:T315V	logit=-0.748
C:N51P	D:N324P	logit=-0.813

Top tied mutations (A + B view):
A:T18V	B:T215V	logit=-0.144
A:N55S	B:N252S	logit=-0.328
A:N54V	B:N251V	logit=-0.452
A:E100V	B:E297V	logit=-0.761
A:V58T	B:V255T	logit=-0.867

Top tied mutations (C + D view):
C:V218L	D:V491L	logit=-0.398
C:K191R	D:K464R	logit=-0.597
C:S180T	D:S453T	logit=-0.683
C:T42V	D:T315V	logit=-0.748
C:S89A	D:S362A	logit=-0.880

Top tied mutations (A + B view):
A:N55S	B:N252S	logit=-0.280
A:T18V	B:T215V	logit=-0.315
A:N54V	B:N251V	logit=-0.482
A:R61K	B:R258K	logit=-0.724
A:E100V	B:E297V	logit=-0.762

Top tied mutations (C + D view):
C:V218L	D:V491L	logit=-0.427
C:K191R	D:K464R	logit=-0.553
C:S180T	D:S453T	logit=-0.632
C:T42V	D:T315V	logit=-0.756
C:N51P	D:N324P	logit=-0.852

Top tied mutations (A + B view):
A:T18V	B:T215V	logit=-0.274
A:N55S	B:N252S	logit=-0.301
A:N54V	B:N251V	logit=-0.385
A:N54I	B:N251I	logit=-0.840
A:E100V	B:E297V	logit=-0.863

Top tied mutations (C + D view):
C:V218L	D:V491L	logit=-0.422
C:K191R	D:K464R	logit=-0.581
C:S180T	D:S453T	logit=-0.632
C:T42V	D:T315V	logit=-0.728
C:N51P	D:N324P	logit=-0.817

Top tied mutations (A + B view):
A:T18V	B:T215V	logit=-0.234
A:N55S	B:N252S	logit=-0.330
A:N54V	B:N251V	logit=-0.520
A:E100V	B:E297V	logit=-0.872
A:N57R	B:N254R	logit=-0.907

Top tied mutations (C + D view):
C:V218L	D:V491L	logit=-0.450
C:K191R	D:K464R	logit=-0.538
C:S180T	D:S453T	logit=-0.668
C:T42V	D:T315V	logit=-0.705
C:N51P	D:N324P	logit=-0.797

Top tied mutations (A + B view):
A:T18V	B:T215V	logit=-0.184
A:N55S	B:N252S	logit=-0.330
A:N54V	B:N251V	logit=-0.520
A:E100V	B:E297V	logit=-0.710
A:V102I	B:V299I	logit=-0.893

Top tied mutations (C + D view):
C:V218L	D:V491L	logit=-0.453
C:K191R	D:K464R	logit=-0.502
C:S180T	D:S453T	logit=-0.655
C:T42V	D:T315V	logit=-0.734
C:N51P	D:N324P	logit=-0.802

Top tied mutations (A + B view):
A:T18V	B:T215V	logit=-0.253
A:N55S	B:N252S	logit=-0.377
A:N54V	B:N251V	logit=-0.557
A:E100V	B:E297V	logit=-0.771
A:V102I	B:V299I	logit=-0.892

Top tied mutations (C + D view):
C:V218L	D:V491L	logit=-0.459
C:K191R	D:K464R	logit=-0.564
C:S180T	D:S453T	logit=-0.665
C:T42V	D:T315V	logit=-0.804
C:S89A	D:S362A	logit=-0.900

Top tied mutations (A + B view):
A:N55S	B:N252S	logit=-0.240
A:T18V	B:T215V	logit=-0.245
A:N54V	B:N251V	logit=-0.450
A:E100V	B:E297V	logit=-0.676
A:R61K	B:R258K	logit=-0.816

Top tied mutations (C + D view):
C:V218L	D:V491L	logit=-0.422
C:K191R	D:K464R	logit=-0.558
C:S180T	D:S453T	logit=-0.655
C:T42V	D:T315V	logit=-0.812
C:N51P	D:N324P	logit=-0.864

Top tied mutations (A + B view):
A:T18V	B:T215V	logit=-0.227
A:N55S	B:N252S	logit=-0.366
A:N54V	B:N251V	logit=-0.480
A:E100V	B:E297V	logit=-0.745
A:V102I	B:V299I	logit=-0.899

Top tied mutations (C + D view):
C:V218L	D:V491L	logit=-0.458
C:K191R	D:K464R	logit=-0.579
C:S180T	D:S453T	logit=-0.649
C:T42V	D:T315V	logit=-0.763
C:S89A	D:S362A	logit=-0.899

Top tied mutations (A + B view):
A:T18V	B:T215V	logit=-0.263
A:N55S	B:N252S	logit=-0.318
A:N54V	B:N251V	logit=-0.534
A:E100V	B:E297V	logit=-0.724
A:V102I	B:V299I	logit=-0.896

Top tied mutations (C + D view):
C:V218L	D:V491L	logit=-0.449
C:K191R	D:K464R	logit=-0.585
C:S180T	D:S453T	logit=-0.660
C:T42V	D:T315V	logit=-0.736
C:S89A	D:S362A	logit=-0.886

Top tied mutations (A + B view):
A:N55S	B:N252S	logit=-0.252
A:T18V	B:T215V	logit=-0.297
A:N54V	B:N251V	logit=-0.542
A:E100V	B:E297V	logit=-0.703
A:N57R	B:N254R	logit=-0.916

Top tied mutations (C + D view):
C:V218L	D:V491L	logit=-0.436
C:K191R	D:K464R	logit=-0.519
C:S180T	D:S453T	logit=-0.653
C:T42V	D:T315V	logit=-0.706
C:N51P	D:N324P	logit=-0.722

Top tied mutations (A + B view):
A:N54V	B:N251V	logit=-0.253
A:T18V	B:T215V	logit=-0.292
A:N55S	B:N252S	logit=-0.334
A:E100V	B:E297V	logit=-0.829
A:R61V	B:R258V	logit=-0.953

Top tied mutations (C + D view):
C:V218L	D:V491L	logit=-0.466
C:K191R	D:K464R	logit=-0.522
C:S180T	D:S453T	logit=-0.680
C:T42V	D:T315V	logit=-0.720
C:S89A	D:S362A	logit=-0.886

Top tied mutations (A + B view):
A:T18V	B:T215V	logit=-0.249
A:N55S	B:N252S	logit=-0.357
A:N54V	B:N251V	logit=-0.488
A:E100V	B:E297V	logit=-0.778
A:V102I	B:V299I	logit=-0.864

Top tied mutations (C + D view):
C:V218L	D:V491L	logit=-0.423
C:K191R	D:K464R	logit=-0.548
C:S180T	D:S453T	logit=-0.650
C:T42V	D:T315V	logit=-0.726
C:N51P	D:N324P	logit=-0.818

Top tied mutations (A + B view):
A:T18V	B:T215V	logit=-0.179
A:N55S	B:N252S	logit=-0.245
A:N54V	B:N251V	logit=-0.462
A:E100V	B:E297V	logit=-0.728
A:R61K	B:R258K	logit=-0.933

Top tied mutations (C + D view):
C:V218L	D:V491L	logit=-0.485
C:K191R	D:K464R	logit=-0.559
C:S180T	D:S453T	logit=-0.660
C:N51P	D:N324P	logit=-0.776
C:T42V	D:T315V	logit=-0.776

Top tied mutations (A + B view):
A:T18V	B:T215V	logit=-0.193
A:N55S	B:N252S	logit=-0.291
A:N54V	B:N251V	logit=-0.501
A:E100V	B:E297V	logit=-0.637
A:N57R	B:N254R	logit=-0.829

Top tied mutations (C + D view):
C:V218L	D:V491L	logit=-0.451
C:K191R	D:K464R	logit=-0.567
C:S180T	D:S453T	logit=-0.645
C:T42V	D:T315V	logit=-0.761
C:N51P	D:N324P	logit=-0.824

Top tied mutations (A + B view):
A:T18V	B:T215V	logit=-0.243
A:N55S	B:N252S	logit=-0.261
A:N54V	B:N251V	logit=-0.592
A:N57R	B:N254R	logit=-0.668
A:E100V	B:E297V	logit=-0.771

Top tied mutations (C + D view):
C:V218L	D:V491L	logit=-0.450
C:K191R	D:K464R	logit=-0.577
C:S180T	D:S453T	logit=-0.672
C:T42V	D:T315V	logit=-0.737
C:N51P	D:N324P	logit=-0.807

Top tied mutations (A + B view):
A:T18V	B:T215V	logit=-0.232
A:N55S	B:N252S	logit=-0.304
A:N54V	B:N251V	logit=-0.459
A:E100V	B:E297V	logit=-0.823
A:V102I	B:V299I	logit=-0.828

Top tied mutations (C + D view):
C:V218L	D:V491L	logit=-0.410
C:K191R	D:K464R	logit=-0.597
C:S180T	D:S453T	logit=-0.647
C:T42V	D:T315V	logit=-0.800
C:N51P	D:N324P	logit=-0.897

Top tied mutations (A + B view):
A:T18V	B:T215V	logit=-0.258
A:N55S	B:N252S	logit=-0.279
A:N54V	B:N251V	logit=-0.567
A:E100V	B:E297V	logit=-0.669
A:V102I	B:V299I	logit=-0.817

Top tied mutations (C + D view):
C:V218L	D:V491L	logit=-0.447
C:K191R	D:K464R	logit=-0.592
C:S180T	D:S453T	logit=-0.631
C:T42V	D:T315V	logit=-0.698
C:N51P	D:N324P	logit=-0.781

Top tied mutations (A + B view):
A:T18V	B:T215V	logit=-0.273
A:N55S	B:N252S	logit=-0.419
A:N54V	B:N251V	logit=-0.432
A:E100V	B:E297V	logit=-0.782
A:N57R	B:N254R	logit=-0.807

Top tied mutations (C + D view):
C:V218L	D:V491L	logit=-0.452
C:K191R	D:K464R	logit=-0.560
C:S180T	D:S453T	logit=-0.675
C:T42V	D:T315V	logit=-0.707
C:N51P	D:N324P	logit=-0.873

Top tied mutations (A + B view):
A:T18V	B:T215V	logit=-0.266
A:N55S	B:N252S	logit=-0.363
A:N54V	B:N251V	logit=-0.404
A:V58T	B:V255T	logit=-0.829
A:N54I	B:N251I	logit=-0.863

Top tied mutations (C + D view):
C:V218L	D:V491L	logit=-0.449
C:K191R	D:K464R	logit=-0.545
C:S180T	D:S453T	logit=-0.629
C:T42V	D:T315V	logit=-0.743
C:N51P	D:N324P	logit=-0.790

Top tied mutations (A + B view):
A:T18V	B:T215V	logit=-0.234
A:N55S	B:N252S	logit=-0.303
A:N54V	B:N251V	logit=-0.522
A:E100V	B:E297V	logit=-0.656
A:R61V	B:R258V	logit=-0.930

Top tied mutations (C + D view):
C:V218L	D:V491L	logit=-0.503
C:K191R	D:K464R	logit=-0.591
C:S180T	D:S453T	logit=-0.668
C:T42V	D:T315V	logit=-0.696
C:N51P	D:N324P	logit=-0.808

Top tied mutations (A + B view):
A:T18V	B:T215V	logit=-0.279
A:N55S	B:N252S	logit=-0.279
A:N54V	B:N251V	logit=-0.312
A:N54I	B:N251I	logit=-0.733
A:E100V	B:E297V	logit=-0.883

Top tied mutations (C + D view):
C:V218L	D:V491L	logit=-0.464
C:K191R	D:K464R	logit=-0.503
C:S180T	D:S453T	logit=-0.648
C:T42V	D:T315V	logit=-0.725
C:N51P	D:N324P	logit=-0.736

Top tied mutations (A + B view):
A:T18V	B:T215V	logit=-0.246
A:N55S	B:N252S	logit=-0.299
A:N54V	B:N251V	logit=-0.584
A:R61V	B:R258V	logit=-0.826
A:E100V	B:E297V	logit=-0.899

Top tied mutations (C + D view):
C:V218L	D:V491L	logit=-0.465
C:K191R	D:K464R	logit=-0.581
C:S180T	D:S453T	logit=-0.639
C:T42V	D:T315V	logit=-0.747
C:S89A	D:S362A	logit=-0.880

Top tied mutations (A + B view):
A:T18V	B:T215V	logit=-0.206
A:N55S	B:N252S	logit=-0.377
A:N54V	B:N251V	logit=-0.412
A:E100V	B:E297V	logit=-0.773
A:V58T	B:V255T	logit=-0.837

Top tied mutations (C + D view):
C:V218L	D:V491L	logit=-0.416
C:K191R	D:K464R	logit=-0.538
C:S180T	D:S453T	logit=-0.636
C:T42V	D:T315V	logit=-0.683
C:S89A	D:S362A	logit=-0.899

Top tied mutations (A + B view):
A:T18V	B:T215V	logit=-0.200
A:N55S	B:N252S	logit=-0.314
A:N54V	B:N251V	logit=-0.486
A:E100V	B:E297V	logit=-0.699
A:R61V	B:R258V	logit=-0.831

Top tied mutations (C + D view):
C:V218L	D:V491L	logit=-0.495
C:K191R	D:K464R	logit=-0.561
C:S180T	D:S453T	logit=-0.650
C:T42V	D:T315V	logit=-0.786
C:S89A	D:S362A	logit=-0.876

Top tied mutations (A + B view):
A:T18V	B:T215V	logit=-0.232
A:N55S	B:N252S	logit=-0.368
A:N54V	B:N251V	logit=-0.465
A:E100V	B:E297V	logit=-0.817
A:V102I	B:V299I	logit=-0.920

Top tied mutations (C + D view):
C:V218L	D:V491L	logit=-0.441
C:K191R	D:K464R	logit=-0.545
C:S180T	D:S453T	logit=-0.698
C:T42V	D:T315V	logit=-0.744
C:N51P	D:N324P	logit=-0.820

Top tied mutations (A + B view):
A:T18V	B:T215V	logit=-0.219
A:N55S	B:N252S	logit=-0.257
A:N54V	B:N251V	logit=-0.600
A:E100V	B:E297V	logit=-0.799
A:R61V	B:R258V	logit=-0.824

Top tied mutations (C + D view):
C:V218L	D:V491L	logit=-0.444
C:K191R	D:K464R	logit=-0.577
C:S180T	D:S453T	logit=-0.663
C:T42V	D:T315V	logit=-0.768
C:S89A	D:S362A	logit=-0.908

Top tied mutations (A + B view):
A:T18V	B:T215V	logit=-0.252
A:N55S	B:N252S	logit=-0.306
A:N54V	B:N251V	logit=-0.456
A:V102I	B:V299I	logit=-0.883
A:E100V	B:E297V	logit=-0.899

Top tied mutations (C + D view):
C:V218L	D:V491L	logit=-0.434
C:K191R	D:K464R	logit=-0.551
C:S180T	D:S453T	logit=-0.640
C:N51P	D:N324P	logit=-0.724
C:T42V	D:T315V	logit=-0.742

Top tied mutations (A + B view):
A:T18V	B:T215V	logit=-0.169
A:N54V	B:N251V	logit=-0.251
A:N55S	B:N252S	logit=-0.272
A:E100V	B:E297V	logit=-0.718
A:N54I	B:N251I	logit=-0.775

Top tied mutations (C + D view):
C:V218L	D:V491L	logit=-0.456
C:K191R	D:K464R	logit=-0.546
C:S180T	D:S453T	logit=-0.658
C:T42V	D:T315V	logit=-0.749
C:N51P	D:N324P	logit=-0.849

Top tied mutations (A + B view):
A:T18V	B:T215V	logit=-0.280
A:N55S	B:N252S	logit=-0.303
A:N54V	B:N251V	logit=-0.385
A:E100V	B:E297V	logit=-0.896
A:N54I	B:N251I	logit=-0.902

Top tied mutations (C + D view):
C:V218L	D:V491L	logit=-0.417
C:K191R	D:K464R	logit=-0.578
C:S180T	D:S453T	logit=-0.652
C:T42V	D:T315V	logit=-0.712
C:S72G	D:S345G	logit=-0.907

Top tied mutations (A + B view):
A:T18V	B:T215V	logit=-0.216
A:N55S	B:N252S	logit=-0.246
A:N54V	B:N251V	logit=-0.381
A:V58T	B:V255T	logit=-0.850
A:E100V	B:E297V	logit=-0.865

Top tied mutations (C + D view):
C:V218L	D:V491L	logit=-0.418
C:K191R	D:K464R	logit=-0.555
C:S180T	D:S453T	logit=-0.651
C:T42V	D:T315V	logit=-0.713
C:N51P	D:N324P	logit=-0.830

Top tied mutations (A + B view):
A:N55S	B:N252S	logit=-0.295
A:T18V	B:T215V	logit=-0.299
A:N54V	B:N251V	logit=-0.362
A:E100V	B:E297V	logit=-0.725
A:V102I	B:V299I	logit=-0.864

Top tied mutations (C + D view):
C:V218L	D:V491L	logit=-0.428
C:K191R	D:K464R	logit=-0.490
C:S180T	D:S453T	logit=-0.652
C:T42V	D:T315V	logit=-0.713
C:N51P	D:N324P	logit=-0.808

Top tied mutations (A + B view):
A:T18V	B:T215V	logit=-0.249
A:N55S	B:N252S	logit=-0.329
A:N54V	B:N251V	logit=-0.438
A:E100V	B:E297V	logit=-0.672
A:V102I	B:V299I	logit=-0.926

Top tied mutations (C + D view):
C:V218L	D:V491L	logit=-0.496
C:K191R	D:K464R	logit=-0.501
C:S180T	D:S453T	logit=-0.679
C:T42V	D:T315V	logit=-0.737
C:N51P	D:N324P	logit=-0.809

Top tied mutations (A + B view):
A:T18V	B:T215V	logit=-0.215
A:N55S	B:N252S	logit=-0.312
A:N54V	B:N251V	logit=-0.385
A:E100V	B:E297V	logit=-0.759
A:V58T	B:V255T	logit=-0.922

Top tied mutations (C + D view):
C:V218L	D:V491L	logit=-0.482
C:K191R	D:K464R	logit=-0.550
C:S180T	D:S453T	logit=-0.677
C:T42V	D:T315V	logit=-0.745
C:S89A	D:S362A	logit=-0.798

Top tied mutations (A + B view):
A:T18V	B:T215V	logit=-0.215
A:N55S	B:N252S	logit=-0.299
A:N54V	B:N251V	logit=-0.490
A:E100V	B:E297V	logit=-0.820
A:V102I	B:V299I	logit=-0.881

Top tied mutations (C + D view):
C:V218L	D:V491L	logit=-0.457
C:K191R	D:K464R	logit=-0.531
C:S180T	D:S453T	logit=-0.656
C:T42V	D:T315V	logit=-0.748
C:N51P	D:N324P	logit=-0.795

Top tied mutations (A + B view):
A:T18V	B:T215V	logit=-0.214
A:N55S	B:N252S	logit=-0.309
A:N54V	B:N251V	logit=-0.383
A:E100V	B:E297V	logit=-0.560
A:V102I	B:V299I	logit=-0.862

Top tied mutations (C + D view):
C:V218L	D:V491L	logit=-0.493
C:K191R	D:K464R	logit=-0.537
C:S180T	D:S453T	logit=-0.684
C:T42V	D:T315V	logit=-0.698
C:N51P	D:N324P	logit=-0.932

Top tied mutations (A + B view):
A:T18V	B:T215V	logit=-0.219
A:N55S	B:N252S	logit=-0.362
A:N54V	B:N251V	logit=-0.558
A:E100V	B:E297V	logit=-0.734
A:N54I	B:N251I	logit=-0.737

Top tied mutations (C + D view):
C:V218L	D:V491L	logit=-0.407
C:K191R	D:K464R	logit=-0.564
C:S180T	D:S453T	logit=-0.662
C:T42V	D:T315V	logit=-0.694
C:N51P	D:N324P	logit=-0.788

Top tied mutations (A + B view):
A:T18V	B:T215V	logit=-0.192
A:N55S	B:N252S	logit=-0.325
A:N54V	B:N251V	logit=-0.372
A:E100V	B:E297V	logit=-0.588
A:R61K	B:R258K	logit=-0.818

Top tied mutations (C + D view):
C:V218L	D:V491L	logit=-0.464
C:K191R	D:K464R	logit=-0.518
C:S180T	D:S453T	logit=-0.658
C:T42V	D:T315V	logit=-0.711
C:A168P	D:A441P	logit=-0.895

Top tied mutations (A + B view):
A:T18V	B:T215V	logit=-0.148
A:N55S	B:N252S	logit=-0.371
A:N54V	B:N251V	logit=-0.545
A:E100V	B:E297V	logit=-0.721
A:R61K	B:R258K	logit=-0.822

Top tied mutations (C + D view):
C:V218L	D:V491L	logit=-0.464
C:K191R	D:K464R	logit=-0.583
C:S180T	D:S453T	logit=-0.656
C:T42V	D:T315V	logit=-0.711
C:N51P	D:N324P	logit=-0.906

Top tied mutations (A + B view):
A:T18V	B:T215V	logit=-0.277
A:N55S	B:N252S	logit=-0.302
A:N54V	B:N251V	logit=-0.387
A:E100V	B:E297V	logit=-0.795
A:N54I	B:N251I	logit=-0.888

Top tied mutations (C + D view):
C:V218L	D:V491L	logit=-0.454
C:K191R	D:K464R	logit=-0.525
C:S180T	D:S453T	logit=-0.670
C:T42V	D:T315V	logit=-0.798
C:N51P	D:N324P	logit=-0.846

Top tied mutations (A + B view):
A:T18V	B:T215V	logit=-0.165
A:N54V	B:N251V	logit=-0.276
A:N55S	B:N252S	logit=-0.282
A:E100V	B:E297V	logit=-0.867
A:N57R	B:N254R	logit=-0.902

Top tied mutations (C + D view):
C:V218L	D:V491L	logit=-0.393
C:K191R	D:K464R	logit=-0.547
C:S180T	D:S453T	logit=-0.623
C:T42V	D:T315V	logit=-0.726
C:N51P	D:N324P	logit=-0.802

Top tied mutations (A + B view):
A:T18V	B:T215V	logit=-0.239
A:N55S	B:N252S	logit=-0.301
A:N54V	B:N251V	logit=-0.530
A:N57R	B:N254R	logit=-0.530
A:E100V	B:E297V	logit=-0.701

Top tied mutations (C + D view):
C:V218L	D:V491L	logit=-0.473
C:K191R	D:K464R	logit=-0.540
C:S180T	D:S453T	logit=-0.666
C:T42V	D:T315V	logit=-0.767
C:N51P	D:N324P	logit=-0.821

Top tied mutations (A + B view):
A:T18V	B:T215V	logit=-0.273
A:N55S	B:N252S	logit=-0.343
A:N54V	B:N251V	logit=-0.482
A:E100V	B:E297V	logit=-0.734
A:R61V	B:R258V	logit=-0.891

Top tied mutations (C + D view):
C:V218L	D:V491L	logit=-0.497
C:K191R	D:K464R	logit=-0.541
C:S180T	D:S453T	logit=-0.660
C:T42V	D:T315V	logit=-0.745
C:N51P	D:N324P	logit=-0.872

Top tied mutations (A + B view):
A:N55S	B:N252S	logit=-0.257
A:T18V	B:T215V	logit=-0.330
A:N54V	B:N251V	logit=-0.424
A:R61K	B:R258K	logit=-0.826
A:E100V	B:E297V	logit=-0.844

Top tied mutations (C + D view):
C:V218L	D:V491L	logit=-0.401
C:K191R	D:K464R	logit=-0.494
C:S180T	D:S453T	logit=-0.649
C:T42V	D:T315V	logit=-0.693
C:N51P	D:N324P	logit=-0.788

Top tied mutations (A + B view):
A:T18V	B:T215V	logit=-0.197
A:N55S	B:N252S	logit=-0.356
A:N54V	B:N251V	logit=-0.381
A:E100V	B:E297V	logit=-0.689
A:R61V	B:R258V	logit=-0.898

Top tied mutations (C + D view):
C:V218L	D:V491L	logit=-0.409
C:K191R	D:K464R	logit=-0.545
C:S180T	D:S453T	logit=-0.667
C:T42V	D:T315V	logit=-0.850
C:S89A	D:S362A	logit=-0.854

Top tied mutations (A + B view):
A:T18V	B:T215V	logit=-0.235
A:N55S	B:N252S	logit=-0.306
A:N54V	B:N251V	logit=-0.589
A:E100V	B:E297V	logit=-0.616
A:N57R	B:N254R	logit=-0.764

Top tied mutations (C + D view):
C:V218L	D:V491L	logit=-0.447
C:K191R	D:K464R	logit=-0.552
C:S180T	D:S453T	logit=-0.619
C:T42V	D:T315V	logit=-0.744
C:N51P	D:N324P	logit=-0.784

Top tied mutations (A + B view):
A:T18V	B:T215V	logit=-0.194
A:N55S	B:N252S	logit=-0.294
A:N54V	B:N251V	logit=-0.481
A:E100V	B:E297V	logit=-0.822
A:R61V	B:R258V	logit=-0.842

Top tied mutations (C + D view):
C:V218L	D:V491L	logit=-0.476
C:K191R	D:K464R	logit=-0.554
C:S180T	D:S453T	logit=-0.665
C:T42V	D:T315V	logit=-0.706
C:S89A	D:S362A	logit=-0.875

Top tied mutations (A + B view):
A:T18V	B:T215V	logit=-0.224
A:N55S	B:N252S	logit=-0.242
A:N54V	B:N251V	logit=-0.472
A:E100V	B:E297V	logit=-0.772
A:R61K	B:R258K	logit=-0.860

Top tied mutations (C + D view):
C:V218L	D:V491L	logit=-0.417
C:K191R	D:K464R	logit=-0.600
C:S180T	D:S453T	logit=-0.651
C:T42V	D:T315V	logit=-0.739
C:S72G	D:S345G	logit=-0.924

Top tied mutations (A + B view):
A:T18V	B:T215V	logit=-0.216
A:N55S	B:N252S	logit=-0.244
A:N54V	B:N251V	logit=-0.416
A:E100V	B:E297V	logit=-0.801
A:V102I	B:V299I	logit=-0.894

Top tied mutations (C + D view):
C:V218L	D:V491L	logit=-0.460
C:K191R	D:K464R	logit=-0.519
C:S180T	D:S453T	logit=-0.655
C:T42V	D:T315V	logit=-0.759
C:N51P	D:N324P	logit=-0.879

Top tied mutations (A + B view):
A:T18V	B:T215V	logit=-0.173
A:N55S	B:N252S	logit=-0.303
A:N54V	B:N251V	logit=-0.611
A:E100V	B:E297V	logit=-0.718
A:N57R	B:N254R	logit=-0.855

Top tied mutations (C + D view):
C:V218L	D:V491L	logit=-0.425
C:K191R	D:K464R	logit=-0.585
C:S180T	D:S453T	logit=-0.656
C:T42V	D:T315V	logit=-0.729
C:N51P	D:N324P	logit=-0.767

Top tied mutations (A + B view):
A:T18V	B:T215V	logit=-0.288
A:N55S	B:N252S	logit=-0.296
A:N54V	B:N251V	logit=-0.494
A:E100V	B:E297V	logit=-0.702
A:N57R	B:N254R	logit=-0.781

Top tied mutations (C + D view):
C:V218L	D:V491L	logit=-0.428
C:K191R	D:K464R	logit=-0.493
C:S180T	D:S453T	logit=-0.654
C:T42V	D:T315V	logit=-0.714
C:N51P	D:N324P	logit=-0.791

Top tied mutations (A + B view):
A:N55S	B:N252S	logit=-0.245
A:T18V	B:T215V	logit=-0.264
A:N54V	B:N251V	logit=-0.581
A:E100V	B:E297V	logit=-0.633
A:R61V	B:R258V	logit=-0.901

Top tied mutations (C + D view):
C:V218L	D:V491L	logit=-0.460
C:K191R	D:K464R	logit=-0.504
C:S180T	D:S453T	logit=-0.662
C:T42V	D:T315V	logit=-0.739
C:S89A	D:S362A	logit=-0.867

Top tied mutations (A + B view):
A:T18V	B:T215V	logit=-0.203
A:N55S	B:N252S	logit=-0.355
A:N54V	B:N251V	logit=-0.472
A:V58T	B:V255T	logit=-0.829
A:E100V	B:E297V	logit=-0.860

Top tied mutations (C + D view):
C:V218L	D:V491L	logit=-0.418
C:K191R	D:K464R	logit=-0.569
C:S180T	D:S453T	logit=-0.646
C:N51P	D:N324P	logit=-0.731
C:T42V	D:T315V	logit=-0.790

Top tied mutations (A + B view):
A:T18V	B:T215V	logit=-0.233
A:N55S	B:N252S	logit=-0.354
A:N54V	B:N251V	logit=-0.512
A:E100V	B:E297V	logit=-0.715
A:N54I	B:N251I	logit=-0.776

Top tied mutations (C + D view):
C:V218L	D:V491L	logit=-0.468
C:K191R	D:K464R	logit=-0.506
C:S180T	D:S453T	logit=-0.629
C:T42V	D:T315V	logit=-0.726
C:N51P	D:N324P	logit=-0.778

Top tied mutations (A + B view):
A:T18V	B:T215V	logit=-0.264
A:N55S	B:N252S	logit=-0.278
A:N54V	B:N251V	logit=-0.424
A:E100V	B:E297V	logit=-0.853
A:R61K	B:R258K	logit=-0.903

Top tied mutations (C + D view):
C:V218L	D:V491L	logit=-0.453
C:K191R	D:K464R	logit=-0.550
C:S180T	D:S453T	logit=-0.634
C:T42V	D:T315V	logit=-0.715
C:H175P	D:H448P	logit=-0.905

Top tied mutations (A + B view):
A:T18V	B:T215V	logit=-0.225
A:N55S	B:N252S	logit=-0.371
A:N54V	B:N251V	logit=-0.623
A:E100V	B:E297V	logit=-0.847
A:N54I	B:N251I	logit=-0.865

Top tied mutations (C + D view):
C:K191R	D:K464R	logit=-0.454
C:V218L	D:V491L	logit=-0.474
C:S180T	D:S453T	logit=-0.639
C:T42V	D:T315V	logit=-0.735
C:N51P	D:N324P	logit=-0.798

Top tied mutations (A + B view):
A:T18V	B:T215V	logit=-0.161
A:N55S	B:N252S	logit=-0.273
A:N54V	B:N251V	logit=-0.573
A:R61K	B:R258K	logit=-0.746
A:E100V	B:E297V	logit=-0.751

Top tied mutations (C + D view):
C:V218L	D:V491L	logit=-0.414
C:K191R	D:K464R	logit=-0.635
C:S180T	D:S453T	logit=-0.672
C:T42V	D:T315V	logit=-0.737
C:N51P	D:N324P	logit=-0.771

Top tied mutations (A + B view):
A:N55S	B:N252S	logit=-0.216
A:T18V	B:T215V	logit=-0.266
A:N54V	B:N251V	logit=-0.488
A:E100V	B:E297V	logit=-0.853
A:N57R	B:N254R	logit=-0.854

Top tied mutations (C + D view):
C:V218L	D:V491L	logit=-0.436
C:K191R	D:K464R	logit=-0.501
C:S180T	D:S453T	logit=-0.653
C:T42V	D:T315V	logit=-0.788
C:N51P	D:N324P	logit=-0.868

Top tied mutations (A + B view):
A:T18V	B:T215V	logit=-0.225
A:N55S	B:N252S	logit=-0.366
A:N54V	B:N251V	logit=-0.427
A:N54I	B:N251I	logit=-0.654
A:R61K	B:R258K	logit=-0.743

Top tied mutations (C + D view):
C:V218L	D:V491L	logit=-0.402
C:K191R	D:K464R	logit=-0.603
C:S180T	D:S453T	logit=-0.645
C:T42V	D:T315V	logit=-0.679
C:N51P	D:N324P	logit=-0.867

Top tied mutations (A + B view):
A:T18V	B:T215V	logit=-0.187
A:N55S	B:N252S	logit=-0.205
A:N54V	B:N251V	logit=-0.468
A:E100V	B:E297V	logit=-0.812
A:N54I	B:N251I	logit=-0.870

Top tied mutations (C + D view):
C:V218L	D:V491L	logit=-0.459
C:K191R	D:K464R	logit=-0.584
C:S180T	D:S453T	logit=-0.641
C:T42V	D:T315V	logit=-0.747
C:S89A	D:S362A	logit=-0.901

Top tied mutations (A + B view):
A:T18V	B:T215V	logit=-0.160
A:N55S	B:N252S	logit=-0.271
A:N54V	B:N251V	logit=-0.458
A:E100V	B:E297V	logit=-0.702
A:N57R	B:N254R	logit=-0.837

Top tied mutations (C + D view):
C:V218L	D:V491L	logit=-0.477
C:K191R	D:K464R	logit=-0.537
C:S180T	D:S453T	logit=-0.626
C:T42V	D:T315V	logit=-0.719
C:N51P	D:N324P	logit=-0.828

Top tied mutations (A + B view):
A:N55S	B:N252S	logit=-0.219
A:T18V	B:T215V	logit=-0.252
A:N54V	B:N251V	logit=-0.461
A:N57R	B:N254R	logit=-0.835
A:R61V	B:R258V	logit=-0.894

Top tied mutations (C + D view):
C:V218L	D:V491L	logit=-0.446
C:K191R	D:K464R	logit=-0.616
C:S180T	D:S453T	logit=-0.667
C:T42V	D:T315V	logit=-0.685
C:N51P	D:N324P	logit=-0.831

Top tied mutations (A + B view):
A:T18V	B:T215V	logit=-0.255
A:N55S	B:N252S	logit=-0.310
A:N54V	B:N251V	logit=-0.549
A:E100V	B:E297V	logit=-0.772
A:R61V	B:R258V	logit=-0.906

Top tied mutations (C + D view):
C:V218L	D:V491L	logit=-0.429
C:K191R	D:K464R	logit=-0.545
C:S180T	D:S453T	logit=-0.679
C:T42V	D:T315V	logit=-0.726
C:N51P	D:N324P	logit=-0.813

Top tied mutations (A + B view):
A:T18V	B:T215V	logit=-0.231
A:N55S	B:N252S	logit=-0.340
A:N54V	B:N251V	logit=-0.631
A:E100V	B:E297V	logit=-0.768
A:N57R	B:N254R	logit=-0.816

Top tied mutations (C + D view):
C:V218L	D:V491L	logit=-0.455
C:K191R	D:K464R	logit=-0.494
C:S180T	D:S453T	logit=-0.665
C:T42V	D:T315V	logit=-0.758
C:N51P	D:N324P	logit=-0.874

Top tied mutations (A + B view):
A:T18V	B:T215V	logit=-0.217
A:N55S	B:N252S	logit=-0.290
A:N54V	B:N251V	logit=-0.432
A:N54I	B:N251I	logit=-0.842
A:E100V	B:E297V	logit=-0.861

Top tied mutations (C + D view):
C:V218L	D:V491L	logit=-0.468
C:K191R	D:K464R	logit=-0.533
C:S180T	D:S453T	logit=-0.666
C:T42V	D:T315V	logit=-0.711
C:N51P	D:N324P	logit=-0.873

Top tied mutations (A + B view):
A:T18V	B:T215V	logit=-0.224
A:N55S	B:N252S	logit=-0.319
A:N54V	B:N251V	logit=-0.501
A:V102I	B:V299I	logit=-0.804
A:V58T	B:V255T	logit=-0.845

Top tied mutations (C + D view):
C:V218L	D:V491L	logit=-0.456
C:K191R	D:K464R	logit=-0.600
C:S180T	D:S453T	logit=-0.653
C:T42V	D:T315V	logit=-0.759
C:N51P	D:N324P	logit=-0.789

Top tied mutations (A + B view):
A:T18V	B:T215V	logit=-0.230
A:N55S	B:N252S	logit=-0.310
A:N54V	B:N251V	logit=-0.512
A:E100V	B:E297V	logit=-0.718
A:N57R	B:N254R	logit=-0.824

Top tied mutations (C + D view):
C:V218L	D:V491L	logit=-0.487
C:K191R	D:K464R	logit=-0.498
C:S180T	D:S453T	logit=-0.621
C:T42V	D:T315V	logit=-0.743
C:N51P	D:N324P	logit=-0.781

Top tied mutations (A + B view):
A:T18V	B:T215V	logit=-0.273
A:N55S	B:N252S	logit=-0.328
A:N54V	B:N251V	logit=-0.534
A:E100V	B:E297V	logit=-0.744
A:N54I	B:N251I	logit=-0.888

Top tied mutations (C + D view):
C:V218L	D:V491L	logit=-0.426
C:K191R	D:K464R	logit=-0.539
C:S180T	D:S453T	logit=-0.676
C:T42V	D:T315V	logit=-0.705
C:S89A	D:S362A	logit=-0.832

Top tied mutations (A + B view):
A:T18V	B:T215V	logit=-0.228
A:N55S	B:N252S	logit=-0.334
A:N54V	B:N251V	logit=-0.493
A:N57R	B:N254R	logit=-0.548
A:E100V	B:E297V	logit=-0.787

Top tied mutations (C + D view):
C:V218L	D:V491L	logit=-0.460
C:K191R	D:K464R	logit=-0.609
C:S180T	D:S453T	logit=-0.646
C:T42V	D:T315V	logit=-0.735
C:S89A	D:S362A	logit=-0.950

Top tied mutations (A + B view):
A:T18V	B:T215V	logit=-0.255
A:N55S	B:N252S	logit=-0.274
A:N54V	B:N251V	logit=-0.553
A:E100V	B:E297V	logit=-0.810
A:R61K	B:R258K	logit=-0.811

Top tied mutations (C + D view):
C:V218L	D:V491L	logit=-0.414
C:K191R	D:K464R	logit=-0.583
C:S180T	D:S453T	logit=-0.655
C:T42V	D:T315V	logit=-0.748
C:N51P	D:N324P	logit=-0.823

Top tied mutations (A + B view):
A:N55S	B:N252S	logit=-0.242
A:T18V	B:T215V	logit=-0.254
A:N54V	B:N251V	logit=-0.607
A:E100V	B:E297V	logit=-0.854
A:N54I	B:N251I	logit=-0.916

Top tied mutations (C + D view):
C:V218L	D:V491L	logit=-0.403
C:K191R	D:K464R	logit=-0.535
C:S180T	D:S453T	logit=-0.674
C:T42V	D:T315V	logit=-0.735
C:N51P	D:N324P	logit=-0.796

Top tied mutations (A + B view):
A:N55S	B:N252S	logit=-0.153
A:T18V	B:T215V	logit=-0.259
A:N54V	B:N251V	logit=-0.384
A:E100V	B:E297V	logit=-0.751
A:N57R	B:N254R	logit=-0.902

Top tied mutations (C + D view):
C:V218L	D:V491L	logit=-0.433
C:K191R	D:K464R	logit=-0.641
C:S180T	D:S453T	logit=-0.670
C:T42V	D:T315V	logit=-0.746
C:N51P	D:N324P	logit=-0.906

Top tied mutations (A + B view):
A:T18V	B:T215V	logit=-0.275
A:N55S	B:N252S	logit=-0.308
A:N54V	B:N251V	logit=-0.519
A:V102I	B:V299I	logit=-0.779
A:V58T	B:V255T	logit=-0.825

Top tied mutations (C + D view):
C:V218L	D:V491L	logit=-0.433
C:K191R	D:K464R	logit=-0.609
C:S180T	D:S453T	logit=-0.678
C:T42V	D:T315V	logit=-0.718
C:N51P	D:N324P	logit=-0.906

Top tied mutations (A + B view):
A:T18V	B:T215V	logit=-0.264
A:N55S	B:N252S	logit=-0.271
A:N54V	B:N251V	logit=-0.504
A:E100V	B:E297V	logit=-0.890
A:R61K	B:R258K	logit=-0.924

Top tied mutations (C + D view):
C:V218L	D:V491L	logit=-0.422
C:K191R	D:K464R	logit=-0.575
C:S180T	D:S453T	logit=-0.645
C:T42V	D:T315V	logit=-0.703
C:N51P	D:N324P	logit=-0.812

Top tied mutations (A + B view):
A:T18V	B:T215V	logit=-0.198
A:N55S	B:N252S	logit=-0.319
A:N54V	B:N251V	logit=-0.364
A:E100V	B:E297V	logit=-0.835
A:V58T	B:V255T	logit=-0.960

Top tied mutations (C + D view):
C:V218L	D:V491L	logit=-0.465
C:K191R	D:K464R	logit=-0.626
C:S180T	D:S453T	logit=-0.655
C:T42V	D:T315V	logit=-0.745
C:S89A	D:S362A	logit=-0.865

Top tied mutations (A + B view):
A:N55S	B:N252S	logit=-0.323
A:T18V	B:T215V	logit=-0.327
A:N54V	B:N251V	logit=-0.577
A:E100V	B:E297V	logit=-0.807
A:N57R	B:N254R	logit=-0.822

Top tied mutations (C + D view):
C:V218L	D:V491L	logit=-0.418
C:K191R	D:K464R	logit=-0.562
C:S180T	D:S453T	logit=-0.662
C:T42V	D:T315V	logit=-0.718
C:N51P	D:N324P	logit=-0.763

Top tied mutations (A + B view):
A:T18V	B:T215V	logit=-0.245
A:N55S	B:N252S	logit=-0.259
A:N54V	B:N251V	logit=-0.514
A:E100V	B:E297V	logit=-0.825
A:V58T	B:V255T	logit=-0.906

Top tied mutations (C + D view):
C:V218L	D:V491L	logit=-0.470
C:K191R	D:K464R	logit=-0.551
C:S180T	D:S453T	logit=-0.647
C:T42V	D:T315V	logit=-0.687
C:N51P	D:N324P	logit=-0.806

Top tied mutations (A + B view):
A:T18V	B:T215V	logit=-0.280
A:N55S	B:N252S	logit=-0.302
A:N54V	B:N251V	logit=-0.532
A:E100V	B:E297V	logit=-0.804
A:R61K	B:R258K	logit=-0.873

Top tied mutations (C + D view):
C:V218L	D:V491L	logit=-0.494
C:K191R	D:K464R	logit=-0.609
C:S180T	D:S453T	logit=-0.660
C:T42V	D:T315V	logit=-0.759
C:N51P	D:N324P	logit=-0.802

Top tied mutations (A + B view):
A:T18V	B:T215V	logit=-0.278
A:N55S	B:N252S	logit=-0.328
A:N54V	B:N251V	logit=-0.562
A:E100V	B:E297V	logit=-0.700
A:V102I	B:V299I	logit=-0.906

Top tied mutations (C + D view):
C:V218L	D:V491L	logit=-0.458
C:K191R	D:K464R	logit=-0.567
C:S180T	D:S453T	logit=-0.647
C:N51P	D:N324P	logit=-0.806
C:T42V	D:T315V	logit=-0.809

Top tied mutations (A + B view):
A:T18V	B:T215V	logit=-0.228
A:N55S	B:N252S	logit=-0.379
A:N54V	B:N251V	logit=-0.508
A:E100V	B:E297V	logit=-0.877
A:V102I	B:V299I	logit=-0.983

Top tied mutations (C + D view):
C:V218L	D:V491L	logit=-0.463
C:K191R	D:K464R	logit=-0.549
C:S180T	D:S453T	logit=-0.643
C:N51P	D:N324P	logit=-0.760
C:T42V	D:T315V	logit=-0.779

Top tied mutations (A + B view):
A:T18V	B:T215V	logit=-0.249
A:N54V	B:N251V	logit=-0.255
A:N55S	B:N252S	logit=-0.346
A:E100V	B:E297V	logit=-0.733
A:R61K	B:R258K	logit=-0.781

Top tied mutations (C + D view):
C:V218L	D:V491L	logit=-0.456
C:K191R	D:K464R	logit=-0.515
C:S180T	D:S453T	logit=-0.651
C:T42V	D:T315V	logit=-0.750
C:N51P	D:N324P	logit=-0.870

Top tied mutations (A + B view):
A:T18V	B:T215V	logit=-0.162
A:N55S	B:N252S	logit=-0.278
A:N54V	B:N251V	logit=-0.483
A:E100V	B:E297V	logit=-0.796
A:R61V	B:R258V	logit=-0.953

Top tied mutations (C + D view):
C:V218L	D:V491L	logit=-0.420
C:K191R	D:K464R	logit=-0.525
C:S180T	D:S453T	logit=-0.674
C:T42V	D:T315V	logit=-0.776
C:N51P	D:N324P	logit=-0.840

Top tied mutations (A + B view):
A:T18V	B:T215V	logit=-0.203
A:N55S	B:N252S	logit=-0.294
A:N54V	B:N251V	logit=-0.539
A:E100V	B:E297V	logit=-0.723
A:R61V	B:R258V	logit=-0.936

Top tied mutations (C + D view):
C:V218L	D:V491L	logit=-0.415
C:K191R	D:K464R	logit=-0.539
C:S180T	D:S453T	logit=-0.661
C:T42V	D:T315V	logit=-0.733
C:S89A	D:S362A	logit=-0.862

Top tied mutations (A + B view):
A:T18V	B:T215V	logit=-0.224
A:N54V	B:N251V	logit=-0.311
A:N55S	B:N252S	logit=-0.320
A:E100V	B:E297V	logit=-0.777
A:N54I	B:N251I	logit=-0.780

Top tied mutations (C + D view):
C:V218L	D:V491L	logit=-0.465
C:K191R	D:K464R	logit=-0.527
C:S180T	D:S453T	logit=-0.635
C:T42V	D:T315V	logit=-0.739
C:N51P	D:N324P	logit=-0.796

Top tied mutations (A + B view):
A:N55S	B:N252S	logit=-0.271
A:T18V	B:T215V	logit=-0.310
A:N54V	B:N251V	logit=-0.490
A:R61K	B:R258K	logit=-0.851
A:V58T	B:V255T	logit=-0.950

Top tied mutations (C + D view):
C:V218L	D:V491L	logit=-0.411
C:K191R	D:K464R	logit=-0.586
C:S180T	D:S453T	logit=-0.660
C:T42V	D:T315V	logit=-0.695
C:S89A	D:S362A	logit=-0.903

Top tied mutations (A + B view):
A:T18V	B:T215V	logit=-0.193
A:N55S	B:N252S	logit=-0.212
A:N54V	B:N251V	logit=-0.461
A:E100V	B:E297V	logit=-0.690
A:N57R	B:N254R	logit=-0.872

Top tied mutations (C + D view):
C:V218L	D:V491L	logit=-0.439
C:K191R	D:K464R	logit=-0.570
C:S180T	D:S453T	logit=-0.659
C:T42V	D:T315V	logit=-0.727
C:N51P	D:N324P	logit=-0.832

Top tied mutations (A + B view):
A:N55S	B:N252S	logit=-0.262
A:T18V	B:T215V	logit=-0.286
A:N54V	B:N251V	logit=-0.497
A:E100V	B:E297V	logit=-0.601
A:V102I	B:V299I	logit=-0.914

Top tied mutations (C + D view):
C:V218L	D:V491L	logit=-0.411
C:K191R	D:K464R	logit=-0.595
C:S180T	D:S453T	logit=-0.637
C:T42V	D:T315V	logit=-0.705
C:S89A	D:S362A	logit=-0.918

Top tied mutations (A + B view):
A:T18V	B:T215V	logit=-0.265
A:N55S	B:N252S	logit=-0.309
A:N54V	B:N251V	logit=-0.626
A:E100V	B:E297V	logit=-0.802
A:R61K	B:R258K	logit=-0.815

Top tied mutations (C + D view):
C:V218L	D:V491L	logit=-0.431
C:K191R	D:K464R	logit=-0.565
C:S180T	D:S453T	logit=-0.644
C:T42V	D:T315V	logit=-0.734
C:N51P	D:N324P	logit=-0.771

Top tied mutations (A + B view):
A:T18V	B:T215V	logit=-0.155
A:N55S	B:N252S	logit=-0.268
A:N54V	B:N251V	logit=-0.414
A:E100V	B:E297V	logit=-0.756
A:V102I	B:V299I	logit=-0.867

Top tied mutations (C + D view):
C:V218L	D:V491L	logit=-0.419
C:K191R	D:K464R	logit=-0.521
C:S180T	D:S453T	logit=-0.633
C:T42V	D:T315V	logit=-0.710
C:N51P	D:N324P	logit=-0.790

Top tied mutations (A + B view):
A:T18V	B:T215V	logit=-0.296
A:N55S	B:N252S	logit=-0.335
A:N54V	B:N251V	logit=-0.604
A:E100V	B:E297V	logit=-0.761
A:R61K	B:R258K	logit=-0.846

Top tied mutations (C + D view):
C:V218L	D:V491L	logit=-0.411
C:K191R	D:K464R	logit=-0.561
C:S180T	D:S453T	logit=-0.646
C:T42V	D:T315V	logit=-0.706
C:N51P	D:N324P	logit=-0.777

Top tied mutations (A + B view):
A:T18V	B:T215V	logit=-0.289
A:N55S	B:N252S	logit=-0.291
A:N54V	B:N251V	logit=-0.503
A:E100V	B:E297V	logit=-0.828
A:N57R	B:N254R	logit=-0.893

Top tied mutations (C + D view):
C:V218L	D:V491L	logit=-0.410
C:K191R	D:K464R	logit=-0.507
C:S180T	D:S453T	logit=-0.669
C:T42V	D:T315V	logit=-0.752
C:N51P	D:N324P	logit=-0.786

Top tied mutations (A + B view):
A:T18V	B:T215V	logit=-0.190
A:N55S	B:N252S	logit=-0.313
A:N54V	B:N251V	logit=-0.523
A:E100V	B:E297V	logit=-0.781
A:R61K	B:R258K	logit=-0.878

Top tied mutations (C + D view):
C:V218L	D:V491L	logit=-0.443
C:K191R	D:K464R	logit=-0.579
C:S180T	D:S453T	logit=-0.668
C:T42V	D:T315V	logit=-0.753
C:N51P	D:N324P	logit=-0.846

Top tied mutations (A + B view):
A:T18V	B:T215V	logit=-0.187
A:N55S	B:N252S	logit=-0.366
A:N54V	B:N251V	logit=-0.518
A:E100V	B:E297V	logit=-0.881
A:R61V	B:R258V	logit=-0.895

Top tied mutations (C + D view):
C:V218L	D:V491L	logit=-0.414
C:K191R	D:K464R	logit=-0.597
C:S180T	D:S453T	logit=-0.644
C:T42V	D:T315V	logit=-0.746
C:S89A	D:S362A	logit=-0.939

Top tied mutations (A + B view):
A:T18V	B:T215V	logit=-0.266
A:N55S	B:N252S	logit=-0.328
A:N54V	B:N251V	logit=-0.353
A:N54I	B:N251I	logit=-0.731
A:E100V	B:E297V	logit=-0.820

Top tied mutations (C + D view):
C:V218L	D:V491L	logit=-0.477
C:K191R	D:K464R	logit=-0.565
C:S180T	D:S453T	logit=-0.650
C:T42V	D:T315V	logit=-0.753
C:N51P	D:N324P	logit=-0.869

Top tied mutations (A + B view):
A:T18V	B:T215V	logit=-0.231
A:N55S	B:N252S	logit=-0.331
A:N54V	B:N251V	logit=-0.472
A:E100V	B:E297V	logit=-0.661
A:N54I	B:N251I	logit=-0.763

Top tied mutations (C + D view):
C:V218L	D:V491L	logit=-0.470
C:K191R	D:K464R	logit=-0.542
C:S180T	D:S453T	logit=-0.642
C:T42V	D:T315V	logit=-0.721
C:S89A	D:S362A	logit=-0.921

Top tied mutations (A + B view):
A:T18V	B:T215V	logit=-0.210
A:N55S	B:N252S	logit=-0.265
A:N54V	B:N251V	logit=-0.536
A:E100V	B:E297V	logit=-0.788
A:N57R	B:N254R	logit=-0.876

Top tied mutations (C + D view):
C:V218L	D:V491L	logit=-0.488
C:K191R	D:K464R	logit=-0.558
C:S180T	D:S453T	logit=-0.659
C:T42V	D:T315V	logit=-0.711
C:N51P	D:N324P	logit=-0.874

Top tied mutations (A + B view):
A:T18V	B:T215V	logit=-0.306
A:N55S	B:N252S	logit=-0.319
A:N54V	B:N251V	logit=-0.401
A:E100V	B:E297V	logit=-0.868
A:N54I	B:N251I	logit=-0.915

Top tied mutations (C + D view):
C:V218L	D:V491L	logit=-0.479
C:K191R	D:K464R	logit=-0.533
C:S180T	D:S453T	logit=-0.660
C:T42V	D:T315V	logit=-0.694
C:N51P	D:N324P	logit=-0.808

Top tied mutations (A + B view):
A:T18V	B:T215V	logit=-0.188
A:N55S	B:N252S	logit=-0.223
A:N54V	B:N251V	logit=-0.472
A:N57R	B:N254R	logit=-0.704
A:E100V	B:E297V	logit=-0.792

Top tied mutations (C + D view):
C:V218L	D:V491L	logit=-0.511
C:K191R	D:K464R	logit=-0.586
C:S180T	D:S453T	logit=-0.672
C:T42V	D:T315V	logit=-0.726
C:S89A	D:S362A	logit=-0.908

Top tied mutations (A + B view):
A:T18V	B:T215V	logit=-0.286
A:N55S	B:N252S	logit=-0.297
A:N54V	B:N251V	logit=-0.453
A:R61V	B:R258V	logit=-0.908
A:V102I	B:V299I	logit=-0.967

Top tied mutations (C + D view):
C:V218L	D:V491L	logit=-0.474
C:K191R	D:K464R	logit=-0.546
C:S180T	D:S453T	logit=-0.652
C:N51P	D:N324P	logit=-0.776
C:T42V	D:T315V	logit=-0.802

Top tied mutations (A + B view):
A:T18V	B:T215V	logit=-0.174
A:N55S	B:N252S	logit=-0.334
A:N54V	B:N251V	logit=-0.530
A:E100V	B:E297V	logit=-0.740
A:R61V	B:R258V	logit=-0.833

Top tied mutations (C + D view):
C:V218L	D:V491L	logit=-0.493
C:K191R	D:K464R	logit=-0.557
C:S180T	D:S453T	logit=-0.682
C:T42V	D:T315V	logit=-0.724
C:N51P	D:N324P	logit=-0.894

Top tied mutations (A + B view):
A:T18V	B:T215V	logit=-0.222
A:N55S	B:N252S	logit=-0.262
A:E100V	B:E297V	logit=-0.552
A:N54V	B:N251V	logit=-0.586
A:R61V	B:R258V	logit=-0.927

Top tied mutations (C + D view):
C:V218L	D:V491L	logit=-0.426
C:K191R	D:K464R	logit=-0.571
C:S180T	D:S453T	logit=-0.664
C:T42V	D:T315V	logit=-0.721
C:N51P	D:N324P	logit=-0.851

Top tied mutations (A + B view):
A:T18V	B:T215V	logit=-0.272
A:N55S	B:N252S	logit=-0.306
A:N54V	B:N251V	logit=-0.378
A:N57R	B:N254R	logit=-0.598
A:V102I	B:V299I	logit=-0.924

Top tied mutations (C + D view):
C:V218L	D:V491L	logit=-0.404
C:K191R	D:K464R	logit=-0.554
C:S180T	D:S453T	logit=-0.643
C:T42V	D:T315V	logit=-0.726
C:N51P	D:N324P	logit=-0.814

Top tied mutations (A + B view):
A:N55S	B:N252S	logit=-0.239
A:T18V	B:T215V	logit=-0.293
A:E100V	B:E297V	logit=-0.623
A:N54V	B:N251V	logit=-0.732
A:R61K	B:R258K	logit=-0.806

Top tied mutations (C + D view):
C:V218L	D:V491L	logit=-0.474
C:K191R	D:K464R	logit=-0.608
C:S180T	D:S453T	logit=-0.660
C:T42V	D:T315V	logit=-0.734
C:N51P	D:N324P	logit=-0.823

Top tied mutations (A + B view):
A:T18V	B:T215V	logit=-0.213
A:N55S	B:N252S	logit=-0.295
A:N54V	B:N251V	logit=-0.501
A:E100V	B:E297V	logit=-0.878
A:R61V	B:R258V	logit=-0.932

Top tied mutations (C + D view):
C:V218L	D:V491L	logit=-0.416
C:K191R	D:K464R	logit=-0.588
C:T42V	D:T315V	logit=-0.700
C:S180T	D:S453T	logit=-0.712
C:S89A	D:S362A	logit=-0.932

Top tied mutations (A + B view):
A:T18V	B:T215V	logit=-0.269
A:N55S	B:N252S	logit=-0.299
A:N54V	B:N251V	logit=-0.429
A:E100V	B:E297V	logit=-0.714
A:N54I	B:N251I	logit=-0.826

Top tied mutations (C + D view):
C:V218L	D:V491L	logit=-0.417
C:K191R	D:K464R	logit=-0.523
C:S180T	D:S453T	logit=-0.650
C:T42V	D:T315V	logit=-0.770
C:S89A	D:S362A	logit=-0.896

Top tied mutations (A + B view):
A:T18V	B:T215V	logit=-0.199
A:N55S	B:N252S	logit=-0.286
A:N54V	B:N251V	logit=-0.612
A:V102I	B:V299I	logit=-0.761
A:N57R	B:N254R	logit=-0.762

Top tied mutations (C + D view):
C:V218L	D:V491L	logit=-0.410
C:S180T	D:S453T	logit=-0.659
C:K191R	D:K464R	logit=-0.677
C:T42V	D:T315V	logit=-0.748
C:N51P	D:N324P	logit=-0.905

Top tied mutations (A + B view):
A:T18V	B:T215V	logit=-0.266
A:N55S	B:N252S	logit=-0.339
A:N54V	B:N251V	logit=-0.372
A:V102I	B:V299I	logit=-0.864
A:E100V	B:E297V	logit=-0.921

Top tied mutations (C + D view):
C:V218L	D:V491L	logit=-0.423
C:K191R	D:K464R	logit=-0.640
C:T42V	D:T315V	logit=-0.687
C:S180T	D:S453T	logit=-0.697
C:N51P	D:N324P	logit=-0.747

Top tied mutations (A + B view):
A:N55S	B:N252S	logit=-0.267
A:T18V	B:T215V	logit=-0.276
A:N54V	B:N251V	logit=-0.553
A:E100V	B:E297V	logit=-0.822
A:V102I	B:V299I	logit=-0.868

Top tied mutations (C + D view):
C:V218L	D:V491L	logit=-0.444
C:K191R	D:K464R	logit=-0.495
C:S180T	D:S453T	logit=-0.655
C:T42V	D:T315V	logit=-0.730
C:N51P	D:N324P	logit=-0.735

Top tied mutations (A + B view):
A:T18V	B:T215V	logit=-0.270
A:N55S	B:N252S	logit=-0.332
A:N54V	B:N251V	logit=-0.369
A:E100V	B:E297V	logit=-0.750
A:V102I	B:V299I	logit=-0.874

Top tied mutations (C + D view):
C:V218L	D:V491L	logit=-0.470
C:K191R	D:K464R	logit=-0.522
C:S180T	D:S453T	logit=-0.634
C:T42V	D:T315V	logit=-0.716
C:N219S	D:N492S	logit=-0.900

Top tied mutations (A + B view):
A:T18V	B:T215V	logit=-0.197
A:N55S	B:N252S	logit=-0.215
A:N54V	B:N251V	logit=-0.562
A:E100V	B:E297V	logit=-0.664
A:R61K	B:R258K	logit=-0.782

Top tied mutations (C + D view):
C:V218L	D:V491L	logit=-0.439
C:K191R	D:K464R	logit=-0.593
C:S180T	D:S453T	logit=-0.657
C:T42V	D:T315V	logit=-0.775
C:N51P	D:N324P	logit=-0.892

Top tied mutations (A + B view):
A:T18V	B:T215V	logit=-0.195
A:N55S	B:N252S	logit=-0.251
A:N54V	B:N251V	logit=-0.496
A:E100V	B:E297V	logit=-0.721
A:N54I	B:N251I	logit=-0.882

Top tied mutations (C + D view):
C:V218L	D:V491L	logit=-0.449
C:K191R	D:K464R	logit=-0.585
C:S180T	D:S453T	logit=-0.638
C:T42V	D:T315V	logit=-0.761
C:N51P	D:N324P	logit=-0.823

Top tied mutations (A + B view):
A:T18V	B:T215V	logit=-0.231
A:N55S	B:N252S	logit=-0.321
A:N54V	B:N251V	logit=-0.540
A:E100V	B:E297V	logit=-0.706
A:N54I	B:N251I	logit=-0.934

Top tied mutations (C + D view):
C:V218L	D:V491L	logit=-0.425
C:K191R	D:K464R	logit=-0.495
C:S180T	D:S453T	logit=-0.656
C:T42V	D:T315V	logit=-0.710
C:N51P	D:N324P	logit=-0.840

Top tied mutations (A + B view):
A:T18V	B:T215V	logit=-0.199
A:N55S	B:N252S	logit=-0.288
A:N54V	B:N251V	logit=-0.441
A:E100V	B:E297V	logit=-0.836
A:N54I	B:N251I	logit=-0.865

Top tied mutations (C + D view):
C:V218L	D:V491L	logit=-0.482
C:K191R	D:K464R	logit=-0.587
C:S180T	D:S453T	logit=-0.641
C:T42V	D:T315V	logit=-0.723
C:N51P	D:N324P	logit=-0.731

Top tied mutations (A + B view):
A:T18V	B:T215V	logit=-0.281
A:N55S	B:N252S	logit=-0.296
A:N54V	B:N251V	logit=-0.462
A:N54I	B:N251I	logit=-0.862
A:E100V	B:E297V	logit=-0.926

Top tied mutations (C + D view):
C:V218L	D:V491L	logit=-0.392
C:K191R	D:K464R	logit=-0.521
C:S180T	D:S453T	logit=-0.648
C:T42V	D:T315V	logit=-0.692
C:N51P	D:N324P	logit=-0.929

Top tied mutations (A + B view):
A:T18V	B:T215V	logit=-0.269
A:N55S	B:N252S	logit=-0.278
A:N54V	B:N251V	logit=-0.461
A:N57R	B:N254R	logit=-0.597
A:E100V	B:E297V	logit=-0.693

Top tied mutations (C + D view):
C:V218L	D:V491L	logit=-0.465
C:K191R	D:K464R	logit=-0.534
C:S180T	D:S453T	logit=-0.663
C:T42V	D:T315V	logit=-0.703
C:S89A	D:S362A	logit=-0.880

Top tied mutations (A + B view):
A:T18V	B:T215V	logit=-0.252
A:N55S	B:N252S	logit=-0.265
A:N54V	B:N251V	logit=-0.683
A:E100V	B:E297V	logit=-0.717
A:N57R	B:N254R	logit=-0.933

Top tied mutations (C + D view):
C:V218L	D:V491L	logit=-0.477
C:K191R	D:K464R	logit=-0.528
C:S180T	D:S453T	logit=-0.660
C:T42V	D:T315V	logit=-0.697
C:N51P	D:N324P	logit=-0.830

Top tied mutations (A + B view):
A:T18V	B:T215V	logit=-0.243
A:N55S	B:N252S	logit=-0.310
A:N54V	B:N251V	logit=-0.396
A:E100V	B:E297V	logit=-0.794
A:R61V	B:R258V	logit=-0.919

Top tied mutations (C + D view):
C:V218L	D:V491L	logit=-0.451
C:K191R	D:K464R	logit=-0.542
C:S180T	D:S453T	logit=-0.657
C:T42V	D:T315V	logit=-0.744
C:S89A	D:S362A	logit=-0.838

Top tied mutations (A + B view):
A:T18V	B:T215V	logit=-0.247
A:N55S	B:N252S	logit=-0.260
A:N54V	B:N251V	logit=-0.388
A:E100V	B:E297V	logit=-0.787
A:N57R	B:N254R	logit=-0.866

Top tied mutations (C + D view):
C:V218L	D:V491L	logit=-0.480
C:K191R	D:K464R	logit=-0.575
C:S180T	D:S453T	logit=-0.641
C:T42V	D:T315V	logit=-0.728
C:N51P	D:N324P	logit=-0.848

Top tied mutations (A + B view):
A:T18V	B:T215V	logit=-0.257
A:N55S	B:N252S	logit=-0.297
A:N54V	B:N251V	logit=-0.576
A:E100V	B:E297V	logit=-0.668
A:R61K	B:R258K	logit=-0.850

Top tied mutations (C + D view):
C:V218L	D:V491L	logit=-0.456
C:K191R	D:K464R	logit=-0.562
C:S180T	D:S453T	logit=-0.651
C:T42V	D:T315V	logit=-0.733
C:S89A	D:S362A	logit=-0.831

Top tied mutations (A + B view):
A:T18V	B:T215V	logit=-0.155
A:N55S	B:N252S	logit=-0.189
A:N54V	B:N251V	logit=-0.273
A:R61K	B:R258K	logit=-0.675
A:E100V	B:E297V	logit=-0.944

Top tied mutations (C + D view):
C:V218L	D:V491L	logit=-0.500
C:K191R	D:K464R	logit=-0.553
C:S180T	D:S453T	logit=-0.653
C:N51P	D:N324P	logit=-0.727
C:T42V	D:T315V	logit=-0.753

Top tied mutations (A + B view):
A:T18V	B:T215V	logit=-0.192
A:N55S	B:N252S	logit=-0.315
A:N54V	B:N251V	logit=-0.373
A:E100V	B:E297V	logit=-0.747
A:N57R	B:N254R	logit=-0.879

Top tied mutations (C + D view):
C:V218L	D:V491L	logit=-0.447
C:K191R	D:K464R	logit=-0.533
C:S180T	D:S453T	logit=-0.667
C:T42V	D:T315V	logit=-0.729
C:N51P	D:N324P	logit=-0.851

Top tied mutations (A + B view):
A:T18V	B:T215V	logit=-0.279
A:N55S	B:N252S	logit=-0.297
A:N54V	B:N251V	logit=-0.562
A:E100V	B:E297V	logit=-0.750
A:N57R	B:N254R	logit=-0.774

Top tied mutations (C + D view):
C:V218L	D:V491L	logit=-0.413
C:K191R	D:K464R	logit=-0.539
C:T42V	D:T315V	logit=-0.659
C:S180T	D:S453T	logit=-0.680
C:N51P	D:N324P	logit=-0.717

Top tied mutations (A + B view):
A:T18V	B:T215V	logit=-0.237
A:N55S	B:N252S	logit=-0.292
A:N54V	B:N251V	logit=-0.313
A:E100V	B:E297V	logit=-0.692
A:R61K	B:R258K	logit=-0.712

Top tied mutations (C + D view):
C:V218L	D:V491L	logit=-0.499
C:K191R	D:K464R	logit=-0.551
C:S180T	D:S453T	logit=-0.617
C:T42V	D:T315V	logit=-0.697
C:S89A	D:S362A	logit=-0.815

Top tied mutations (A + B view):
A:N55S	B:N252S	logit=-0.285
A:T18V	B:T215V	logit=-0.309
A:N54V	B:N251V	logit=-0.441
A:E100V	B:E297V	logit=-0.775
A:R61K	B:R258K	logit=-0.816

Top tied mutations (C + D view):
C:V218L	D:V491L	logit=-0.479
C:K191R	D:K464R	logit=-0.552
C:S180T	D:S453T	logit=-0.648
C:T42V	D:T315V	logit=-0.724
C:N51P	D:N324P	logit=-0.806

Top tied mutations (A + B view):
A:T18V	B:T215V	logit=-0.262
A:N55S	B:N252S	logit=-0.282
A:N54V	B:N251V	logit=-0.534
A:E100V	B:E297V	logit=-0.768
A:V102I	B:V299I	logit=-0.866

Top tied mutations (C + D view):
C:V218L	D:V491L	logit=-0.442
C:K191R	D:K464R	logit=-0.564
C:S180T	D:S453T	logit=-0.663
C:T42V	D:T315V	logit=-0.730
C:N51P	D:N324P	logit=-0.843

Top tied mutations (A + B view):
A:N55S	B:N252S	logit=-0.225
A:T18V	B:T215V	logit=-0.275
A:N54V	B:N251V	logit=-0.554
A:E100V	B:E297V	logit=-0.778
A:N54I	B:N251I	logit=-0.820

Top tied mutations (C + D view):
C:V218L	D:V491L	logit=-0.437
C:K191R	D:K464R	logit=-0.504
C:S180T	D:S453T	logit=-0.685
C:T42V	D:T315V	logit=-0.743
C:N51P	D:N324P	logit=-0.775

Top tied mutations (A + B view):
A:T18V	B:T215V	logit=-0.186
A:N55S	B:N252S	logit=-0.283
A:N54V	B:N251V	logit=-0.540
A:V58T	B:V255T	logit=-0.793
A:E100V	B:E297V	logit=-0.829

Top tied mutations (C + D view):
C:V218L	D:V491L	logit=-0.459
C:K191R	D:K464R	logit=-0.539
C:S180T	D:S453T	logit=-0.688
C:T42V	D:T315V	logit=-0.721
C:N51P	D:N324P	logit=-0.810

Top tied mutations (A + B view):
A:T18V	B:T215V	logit=-0.295
A:N55S	B:N252S	logit=-0.308
A:N54V	B:N251V	logit=-0.491
A:E100V	B:E297V	logit=-0.685
A:N54I	B:N251I	logit=-0.907

Top tied mutations (C + D view):
C:V218L	D:V491L	logit=-0.465
C:K191R	D:K464R	logit=-0.552
C:S180T	D:S453T	logit=-0.649
C:T42V	D:T315V	logit=-0.689
C:N51P	D:N324P	logit=-0.775

Top tied mutations (A + B view):
A:T18V	B:T215V	logit=-0.164
A:N55S	B:N252S	logit=-0.269
A:N54V	B:N251V	logit=-0.314
A:E100V	B:E297V	logit=-0.770
A:V102I	B:V299I	logit=-0.885

Top tied mutations (C + D view):
C:V218L	D:V491L	logit=-0.493
C:K191R	D:K464R	logit=-0.516
C:S180T	D:S453T	logit=-0.650
C:T42V	D:T315V	logit=-0.779
C:S89A	D:S362A	logit=-0.855

Top tied mutations (A + B view):
A:T18V	B:T215V	logit=-0.161
A:N55S	B:N252S	logit=-0.350
A:N54V	B:N251V	logit=-0.485
A:E100V	B:E297V	logit=-0.791
A:N54I	B:N251I	logit=-0.822

Top tied mutations (C + D view):
C:V218L	D:V491L	logit=-0.456
C:K191R	D:K464R	logit=-0.576
C:S180T	D:S453T	logit=-0.674
C:T42V	D:T315V	logit=-0.787
C:S89A	D:S362A	logit=-0.886

Top tied mutations (A + B view):
A:T18V	B:T215V	logit=-0.274
A:N55S	B:N252S	logit=-0.322
A:N54V	B:N251V	logit=-0.583
A:E100V	B:E297V	logit=-0.822
A:V58T	B:V255T	logit=-0.866

Top tied mutations (C + D view):
C:V218L	D:V491L	logit=-0.422
C:K191R	D:K464R	logit=-0.547
C:S180T	D:S453T	logit=-0.641
C:N51P	D:N324P	logit=-0.754
C:T42V	D:T315V	logit=-0.761

Top tied mutations (A + B view):
A:T18V	B:T215V	logit=-0.251
A:N55S	B:N252S	logit=-0.349
A:N54V	B:N251V	logit=-0.546
A:E100V	B:E297V	logit=-0.785
A:V102I	B:V299I	logit=-0.836

Top tied mutations (C + D view):
C:V218L	D:V491L	logit=-0.430
C:K191R	D:K464R	logit=-0.573
C:S180T	D:S453T	logit=-0.645
C:T42V	D:T315V	logit=-0.718
C:S89A	D:S362A	logit=-0.857

Top tied mutations (A + B view):
A:T18V	B:T215V	logit=-0.268
A:N55S	B:N252S	logit=-0.301
A:N54V	B:N251V	logit=-0.497
A:E100V	B:E297V	logit=-0.696
A:N54I	B:N251I	logit=-0.742

Top tied mutations (C + D view):
C:V218L	D:V491L	logit=-0.435
C:K191R	D:K464R	logit=-0.572
C:S180T	D:S453T	logit=-0.655
C:T42V	D:T315V	logit=-0.754
C:S89A	D:S362A	logit=-0.923

Top tied mutations (A + B view):
A:T18V	B:T215V	logit=-0.240
A:N55S	B:N252S	logit=-0.350
A:N54V	B:N251V	logit=-0.547
A:E100V	B:E297V	logit=-0.761
A:V102I	B:V299I	logit=-0.901

Top tied mutations (C + D view):
C:V218L	D:V491L	logit=-0.449
C:K191R	D:K464R	logit=-0.596
C:S180T	D:S453T	logit=-0.660
C:T42V	D:T315V	logit=-0.798
C:S89A	D:S362A	logit=-0.857

Top tied mutations (A + B view):
A:T18V	B:T215V	logit=-0.167
A:N55S	B:N252S	logit=-0.316
A:N54V	B:N251V	logit=-0.505
A:E100V	B:E297V	logit=-0.790
A:N57R	B:N254R	logit=-0.838

Top tied mutations (C + D view):
C:V218L	D:V491L	logit=-0.433
C:K191R	D:K464R	logit=-0.551
C:S180T	D:S453T	logit=-0.660
C:T42V	D:T315V	logit=-0.714
C:N51P	D:N324P	logit=-0.807

Top tied mutations (A + B view):
A:N55S	B:N252S	logit=-0.266
A:T18V	B:T215V	logit=-0.268
A:N54V	B:N251V	logit=-0.556
A:R61K	B:R258K	logit=-0.596
A:E100V	B:E297V	logit=-0.793

Top tied mutations (C + D view):
C:V218L	D:V491L	logit=-0.413
C:K191R	D:K464R	logit=-0.585
C:S180T	D:S453T	logit=-0.669
C:T42V	D:T315V	logit=-0.778
C:N51P	D:N324P	logit=-0.780

Top tied mutations (A + B view):
A:T18V	B:T215V	logit=-0.164
A:N55S	B:N252S	logit=-0.304
A:N54V	B:N251V	logit=-0.414
A:N54I	B:N251I	logit=-0.811
A:E100V	B:E297V	logit=-0.854

Top tied mutations (C + D view):
C:V218L	D:V491L	logit=-0.451
C:K191R	D:K464R	logit=-0.614
C:S180T	D:S453T	logit=-0.662
C:T42V	D:T315V	logit=-0.687
C:N51P	D:N324P	logit=-0.803

Top tied mutations (A + B view):
A:T18V	B:T215V	logit=-0.281
A:N55S	B:N252S	logit=-0.312
A:N54V	B:N251V	logit=-0.344
A:R61K	B:R258K	logit=-0.741
A:E100V	B:E297V	logit=-0.801

Top tied mutations (C + D view):
C:V218L	D:V491L	logit=-0.424
C:K191R	D:K464R	logit=-0.586
C:S180T	D:S453T	logit=-0.655
C:T42V	D:T315V	logit=-0.716
C:N51P	D:N324P	logit=-0.766

Top tied mutations (A + B view):
A:T18V	B:T215V	logit=-0.243
A:N55S	B:N252S	logit=-0.382
A:N54V	B:N251V	logit=-0.633
A:E100V	B:E297V	logit=-0.701
A:V102I	B:V299I	logit=-0.934

Top tied mutations (C + D view):
C:V218L	D:V491L	logit=-0.482
C:K191R	D:K464R	logit=-0.562
C:S180T	D:S453T	logit=-0.631
C:N51P	D:N324P	logit=-0.739
C:T42V	D:T315V	logit=-0.755

Top tied mutations (A + B view):
A:N55S	B:N252S	logit=-0.253
A:T18V	B:T215V	logit=-0.266
A:N54V	B:N251V	logit=-0.371
A:E100V	B:E297V	logit=-0.772
A:N57R	B:N254R	logit=-0.861

Top tied mutations (C + D view):
C:V218L	D:V491L	logit=-0.452
C:K191R	D:K464R	logit=-0.539
C:S180T	D:S453T	logit=-0.646
C:T42V	D:T315V	logit=-0.745
C:N51P	D:N324P	logit=-0.839

Top tied mutations (A + B view):
A:T18V	B:T215V	logit=-0.276
A:N55S	B:N252S	logit=-0.345
A:N54V	B:N251V	logit=-0.669
A:E100V	B:E297V	logit=-0.816
A:N57R	B:N254R	logit=-0.910

Top tied mutations (C + D view):
C:V218L	D:V491L	logit=-0.447
C:K191R	D:K464R	logit=-0.513
C:S180T	D:S453T	logit=-0.639
C:T42V	D:T315V	logit=-0.797
C:S89A	D:S362A	logit=-0.846

Top tied mutations (A + B view):
A:N55S	B:N252S	logit=-0.299
A:T18V	B:T215V	logit=-0.300
A:N54V	B:N251V	logit=-0.574
A:E100V	B:E297V	logit=-0.712
A:N54I	B:N251I	logit=-0.915

Top tied mutations (C + D view):
C:V218L	D:V491L	logit=-0.429
C:K191R	D:K464R	logit=-0.537
C:S180T	D:S453T	logit=-0.636
C:T42V	D:T315V	logit=-0.718
C:N51P	D:N324P	logit=-0.731

Top tied mutations (A + B view):
A:T18V	B:T215V	logit=-0.202
A:N55S	B:N252S	logit=-0.295
A:N54V	B:N251V	logit=-0.486
A:N54I	B:N251I	logit=-0.627
A:E100V	B:E297V	logit=-0.850

Top tied mutations (C + D view):
C:V218L	D:V491L	logit=-0.417
C:K191R	D:K464R	logit=-0.610
C:S180T	D:S453T	logit=-0.643
C:T42V	D:T315V	logit=-0.781
C:S89A	D:S362A	logit=-0.842

Top tied mutations (A + B view):
A:T18V	B:T215V	logit=-0.255
A:N55S	B:N252S	logit=-0.311
A:N54V	B:N251V	logit=-0.420
A:E100V	B:E297V	logit=-0.678
A:V102I	B:V299I	logit=-0.772

Top tied mutations (C + D view):
C:V218L	D:V491L	logit=-0.455
C:K191R	D:K464R	logit=-0.490
C:S180T	D:S453T	logit=-0.652
C:T42V	D:T315V	logit=-0.742
C:N51P	D:N324P	logit=-0.844

Top tied mutations (A + B view):
A:T18V	B:T215V	logit=-0.253
A:N54V	B:N251V	logit=-0.307
A:N55S	B:N252S	logit=-0.340
A:E100V	B:E297V	logit=-0.762
A:N57R	B:N254R	logit=-0.868

Top tied mutations (C + D view):
C:V218L	D:V491L	logit=-0.463
C:K191R	D:K464R	logit=-0.567
C:S180T	D:S453T	logit=-0.657
C:T42V	D:T315V	logit=-0.700
C:N51P	D:N324P	logit=-0.855

Top tied mutations (A + B view):
A:T18V	B:T215V	logit=-0.262
A:N55S	B:N252S	logit=-0.330
A:N54V	B:N251V	logit=-0.534
A:E100V	B:E297V	logit=-0.673
A:N57R	B:N254R	logit=-0.829

Top tied mutations (C + D view):
C:V218L	D:V491L	logit=-0.472
C:K191R	D:K464R	logit=-0.574
C:S180T	D:S453T	logit=-0.648
C:T42V	D:T315V	logit=-0.747
C:N51P	D:N324P	logit=-0.844

Top tied mutations (A + B view):
A:T18V	B:T215V	logit=-0.240
A:N55S	B:N252S	logit=-0.288
A:N54V	B:N251V	logit=-0.380
A:N54I	B:N251I	logit=-0.824
A:N57R	B:N254R	logit=-0.849

Top tied mutations (C + D view):
C:V218L	D:V491L	logit=-0.474
C:K191R	D:K464R	logit=-0.487
C:S180T	D:S453T	logit=-0.638
C:T42V	D:T315V	logit=-0.733
C:N51P	D:N324P	logit=-0.776

Top tied mutations (A + B view):
A:T18V	B:T215V	logit=-0.202
A:N55S	B:N252S	logit=-0.337
A:N54V	B:N251V	logit=-0.404
A:V58T	B:V255T	logit=-0.810
A:E100V	B:E297V	logit=-0.934

Top tied mutations (C + D view):
C:V218L	D:V491L	logit=-0.421
C:K191R	D:K464R	logit=-0.549
C:S180T	D:S453T	logit=-0.661
C:T42V	D:T315V	logit=-0.759
C:N51P	D:N324P	logit=-0.865

Top tied mutations (A + B view):
A:T18V	B:T215V	logit=-0.238
A:N55S	B:N252S	logit=-0.342
A:N54V	B:N251V	logit=-0.614
A:E100V	B:E297V	logit=-0.721
A:V102I	B:V299I	logit=-0.886

Top tied mutations (C + D view):
C:V218L	D:V491L	logit=-0.456
C:K191R	D:K464R	logit=-0.552
C:S180T	D:S453T	logit=-0.656
C:T42V	D:T315V	logit=-0.704
C:N51P	D:N324P	logit=-0.793

Top tied mutations (A + B view):
A:T18V	B:T215V	logit=-0.285
A:N55S	B:N252S	logit=-0.309
A:N54V	B:N251V	logit=-0.601
A:E100V	B:E297V	logit=-0.639
A:R61V	B:R258V	logit=-0.902

Top tied mutations (C + D view):
C:V218L	D:V491L	logit=-0.479
C:K191R	D:K464R	logit=-0.583
C:S180T	D:S453T	logit=-0.662
C:T42V	D:T315V	logit=-0.735
C:S89A	D:S362A	logit=-0.857

Top tied mutations (A + B view):
A:N55S	B:N252S	logit=-0.222
A:T18V	B:T215V	logit=-0.234
A:N54V	B:N251V	logit=-0.361
A:E100V	B:E297V	logit=-0.768
A:N54I	B:N251I	logit=-0.856

Top tied mutations (C + D view):
C:V218L	D:V491L	logit=-0.453
C:K191R	D:K464R	logit=-0.610
C:S180T	D:S453T	logit=-0.639
C:T42V	D:T315V	logit=-0.726
C:N51P	D:N324P	logit=-0.814

Top tied mutations (A + B view):
A:T18V	B:T215V	logit=-0.273
A:N55S	B:N252S	logit=-0.344
A:N54V	B:N251V	logit=-0.361
A:E100V	B:E297V	logit=-0.678
A:N54I	B:N251I	logit=-0.747

Top tied mutations (C + D view):
C:V218L	D:V491L	logit=-0.438
C:K191R	D:K464R	logit=-0.548
C:S180T	D:S453T	logit=-0.676
C:T42V	D:T315V	logit=-0.737
C:N51P	D:N324P	logit=-0.905

Top tied mutations (A + B view):
A:T18V	B:T215V	logit=-0.237
A:N55S	B:N252S	logit=-0.442
A:N54V	B:N251V	logit=-0.610
A:E100V	B:E297V	logit=-0.613
A:V102I	B:V299I	logit=-0.815

Top tied mutations (C + D view):
C:V218L	D:V491L	logit=-0.436
C:K191R	D:K464R	logit=-0.517
C:S180T	D:S453T	logit=-0.667
C:T42V	D:T315V	logit=-0.688
C:N51P	D:N324P	logit=-0.788

Top tied mutations (A + B view):
A:T18V	B:T215V	logit=-0.207
A:N55S	B:N252S	logit=-0.311
A:N54V	B:N251V	logit=-0.504
A:E100V	B:E297V	logit=-0.755
A:V102I	B:V299I	logit=-0.955

Top tied mutations (C + D view):
C:V218L	D:V491L	logit=-0.441
C:K191R	D:K464R	logit=-0.552
C:S180T	D:S453T	logit=-0.672
C:T42V	D:T315V	logit=-0.727
C:N51P	D:N324P	logit=-0.790

Top tied mutations (A + B view):
A:T18V	B:T215V	logit=-0.289
A:N55S	B:N252S	logit=-0.332
A:N54V	B:N251V	logit=-0.333
A:E100V	B:E297V	logit=-0.647
A:V102I	B:V299I	logit=-0.873

Top tied mutations (C + D view):
C:V218L	D:V491L	logit=-0.415
C:K191R	D:K464R	logit=-0.507
C:S180T	D:S453T	logit=-0.676
C:T42V	D:T315V	logit=-0.759
C:N219S	D:N492S	logit=-0.913

Top tied mutations (A + B view):
A:T18V	B:T215V	logit=-0.186
A:N55S	B:N252S	logit=-0.289
A:N54V	B:N251V	logit=-0.478
A:E100V	B:E297V	logit=-0.621
A:N54I	B:N251I	logit=-0.794

Top tied mutations (C + D view):
C:V218L	D:V491L	logit=-0.459
C:K191R	D:K464R	logit=-0.516
C:S180T	D:S453T	logit=-0.618
C:T42V	D:T315V	logit=-0.730
C:N51P	D:N324P	logit=-0.794

Top tied mutations (A + B view):
A:T18V	B:T215V	logit=-0.160
A:N55S	B:N252S	logit=-0.258
A:N54V	B:N251V	logit=-0.461
A:V102I	B:V299I	logit=-0.809
A:E100V	B:E297V	logit=-0.890

Top tied mutations (C + D view):
C:V218L	D:V491L	logit=-0.438
C:K191R	D:K464R	logit=-0.492
C:S180T	D:S453T	logit=-0.653
C:T42V	D:T315V	logit=-0.721
C:N51P	D:N324P	logit=-0.844

Top tied mutations (A + B view):
A:T18V	B:T215V	logit=-0.261
A:N55S	B:N252S	logit=-0.360
A:N54V	B:N251V	logit=-0.491
A:E100V	B:E297V	logit=-0.885
A:V102I	B:V299I	logit=-0.904

Top tied mutations (C + D view):
C:V218L	D:V491L	logit=-0.415
C:K191R	D:K464R	logit=-0.487
C:S180T	D:S453T	logit=-0.677
C:T42V	D:T315V	logit=-0.717
C:N51P	D:N324P	logit=-0.732

Top tied mutations (A + B view):
A:T18V	B:T215V	logit=-0.230
A:N55S	B:N252S	logit=-0.261
A:N54V	B:N251V	logit=-0.485
A:N54I	B:N251I	logit=-0.694
A:R61V	B:R258V	logit=-0.849

Top tied mutations (C + D view):
C:V218L	D:V491L	logit=-0.469
C:K191R	D:K464R	logit=-0.511
C:S180T	D:S453T	logit=-0.683
C:T42V	D:T315V	logit=-0.688
C:N51P	D:N324P	logit=-0.861

Top tied mutations (A + B view):
A:T18V	B:T215V	logit=-0.212
A:N55S	B:N252S	logit=-0.289
A:N54V	B:N251V	logit=-0.423
A:R61K	B:R258K	logit=-0.728
A:N57R	B:N254R	logit=-0.854

Top tied mutations (C + D view):
C:V218L	D:V491L	logit=-0.429
C:K191R	D:K464R	logit=-0.545
C:S180T	D:S453T	logit=-0.642
C:T42V	D:T315V	logit=-0.758
C:N51P	D:N324P	logit=-0.811

Top tied mutations (A + B view):
A:T18V	B:T215V	logit=-0.190
A:N55S	B:N252S	logit=-0.282
A:N54V	B:N251V	logit=-0.491
A:E100V	B:E297V	logit=-0.746
A:N54I	B:N251I	logit=-0.822

Top tied mutations (C + D view):
C:V218L	D:V491L	logit=-0.429
C:K191R	D:K464R	logit=-0.636
C:S180T	D:S453T	logit=-0.661
C:T42V	D:T315V	logit=-0.748
C:S89A	D:S362A	logit=-0.841

Top tied mutations (A + B view):
A:T18V	B:T215V	logit=-0.221
A:N55S	B:N252S	logit=-0.307
A:N54V	B:N251V	logit=-0.470
A:E100V	B:E297V	logit=-0.592
A:N57R	B:N254R	logit=-0.775

Top tied mutations (C + D view):
C:V218L	D:V491L	logit=-0.462
C:K191R	D:K464R	logit=-0.513
C:S180T	D:S453T	logit=-0.651
C:T42V	D:T315V	logit=-0.741
C:N51P	D:N324P	logit=-0.787

Top tied mutations (A + B view):
A:T18V	B:T215V	logit=-0.235
A:N55S	B:N252S	logit=-0.391
A:E100V	B:E297V	logit=-0.667
A:N54V	B:N251V	logit=-0.695
A:R61V	B:R258V	logit=-0.821

Top tied mutations (C + D view):
C:V218L	D:V491L	logit=-0.501
C:K191R	D:K464R	logit=-0.539
C:S180T	D:S453T	logit=-0.655
C:T42V	D:T315V	logit=-0.676
C:S89A	D:S362A	logit=-0.870

Top tied mutations (A + B view):
A:T18V	B:T215V	logit=-0.273
A:N55S	B:N252S	logit=-0.289
A:N54V	B:N251V	logit=-0.437
A:E100V	B:E297V	logit=-0.734
A:N54I	B:N251I	logit=-0.757

Top tied mutations (C + D view):
C:V218L	D:V491L	logit=-0.485
C:K191R	D:K464R	logit=-0.534
C:S180T	D:S453T	logit=-0.664
C:T42V	D:T315V	logit=-0.723
C:N51P	D:N324P	logit=-0.757

Top tied mutations (A + B view):
A:T18V	B:T215V	logit=-0.224
A:N55S	B:N252S	logit=-0.310
A:N54V	B:N251V	logit=-0.422
A:R61K	B:R258K	logit=-0.716
A:E100V	B:E297V	logit=-0.768

Top tied mutations (C + D view):
C:V218L	D:V491L	logit=-0.412
C:K191R	D:K464R	logit=-0.553
C:S180T	D:S453T	logit=-0.668
C:T42V	D:T315V	logit=-0.769
C:N51P	D:N324P	logit=-0.864

Top tied mutations (A + B view):
A:T18V	B:T215V	logit=-0.220
A:N55S	B:N252S	logit=-0.284
A:N54V	B:N251V	logit=-0.382
A:N57R	B:N254R	logit=-0.735
A:E100V	B:E297V	logit=-0.827

Top tied mutations (C + D view):
C:V218L	D:V491L	logit=-0.450
C:K191R	D:K464R	logit=-0.541
C:S180T	D:S453T	logit=-0.664
C:T42V	D:T315V	logit=-0.772
C:N51P	D:N324P	logit=-0.914

Top tied mutations (A + B view):
A:T18V	B:T215V	logit=-0.201
A:N54V	B:N251V	logit=-0.269
A:N55S	B:N252S	logit=-0.357
A:E100V	B:E297V	logit=-0.767
A:N57R	B:N254R	logit=-0.877

Top tied mutations (C + D view):
C:V218L	D:V491L	logit=-0.418
C:K191R	D:K464R	logit=-0.559
C:S180T	D:S453T	logit=-0.642
C:T42V	D:T315V	logit=-0.770
C:S89A	D:S362A	logit=-0.856

Top tied mutations (A + B view):
A:T18V	B:T215V	logit=-0.244
A:N55S	B:N252S	logit=-0.250
A:N54V	B:N251V	logit=-0.382
A:V58T	B:V255T	logit=-0.773
A:N57R	B:N254R	logit=-0.797

Top tied mutations (C + D view):
C:V218L	D:V491L	logit=-0.421
C:K191R	D:K464R	logit=-0.570
C:S180T	D:S453T	logit=-0.652
C:T42V	D:T315V	logit=-0.775
C:N51P	D:N324P	logit=-0.864

Top tied mutations (A + B view):
A:T18V	B:T215V	logit=-0.199
A:N55S	B:N252S	logit=-0.331
A:N54V	B:N251V	logit=-0.646
A:E100V	B:E297V	logit=-0.739
A:R61K	B:R258K	logit=-0.875

Top tied mutations (C + D view):
C:V218L	D:V491L	logit=-0.481
C:K191R	D:K464R	logit=-0.618
C:S180T	D:S453T	logit=-0.654
C:T42V	D:T315V	logit=-0.783
C:S89A	D:S362A	logit=-0.868

Top tied mutations (A + B view):
A:T18V	B:T215V	logit=-0.198
A:N55S	B:N252S	logit=-0.283
A:N54V	B:N251V	logit=-0.596
A:E100V	B:E297V	logit=-0.800
A:R61V	B:R258V	logit=-0.902

Top tied mutations (C + D view):
C:V218L	D:V491L	logit=-0.459
C:K191R	D:K464R	logit=-0.539
C:S180T	D:S453T	logit=-0.658
C:T42V	D:T315V	logit=-0.770
C:N51P	D:N324P	logit=-0.832

Top tied mutations (A + B view):
A:T18V	B:T215V	logit=-0.194
A:N55S	B:N252S	logit=-0.412
A:N54V	B:N251V	logit=-0.526
A:E100V	B:E297V	logit=-0.804
A:N54I	B:N251I	logit=-0.874

Top tied mutations (C + D view):
C:V218L	D:V491L	logit=-0.452
C:K191R	D:K464R	logit=-0.617
C:S180T	D:S453T	logit=-0.624
C:T42V	D:T315V	logit=-0.747
C:N51P	D:N324P	logit=-0.887

Top tied mutations (A + B view):
A:T18V	B:T215V	logit=-0.238
A:N55S	B:N252S	logit=-0.364
A:N54V	B:N251V	logit=-0.550
A:E100V	B:E297V	logit=-0.850
A:V58T	B:V255T	logit=-0.931

Top tied mutations (C + D view):
C:V218L	D:V491L	logit=-0.472
C:K191R	D:K464R	logit=-0.514
C:S180T	D:S453T	logit=-0.668
C:T42V	D:T315V	logit=-0.777
C:S89A	D:S362A	logit=-0.847

Top tied mutations (A + B view):
A:T18V	B:T215V	logit=-0.212
A:N55S	B:N252S	logit=-0.324
A:N54V	B:N251V	logit=-0.666
A:E100V	B:E297V	logit=-0.734
A:R61K	B:R258K	logit=-0.899

Top tied mutations (C + D view):
C:V218L	D:V491L	logit=-0.438
C:K191R	D:K464R	logit=-0.586
C:S180T	D:S453T	logit=-0.652
C:T42V	D:T315V	logit=-0.755
C:N51P	D:N324P	logit=-0.855

Top tied mutations (A + B view):
A:N55S	B:N252S	logit=-0.281
A:T18V	B:T215V	logit=-0.286
A:N54V	B:N251V	logit=-0.409
A:E100V	B:E297V	logit=-0.839
A:V102I	B:V299I	logit=-0.858

Top tied mutations (C + D view):
C:V218L	D:V491L	logit=-0.434
C:K191R	D:K464R	logit=-0.489
C:S180T	D:S453T	logit=-0.660
C:T42V	D:T315V	logit=-0.712
C:N51P	D:N324P	logit=-0.881

Top tied mutations (A + B view):
A:T18V	B:T215V	logit=-0.200
A:N55S	B:N252S	logit=-0.378
A:N54V	B:N251V	logit=-0.434
A:E100V	B:E297V	logit=-0.554
A:R61V	B:R258V	logit=-0.906

Top tied mutations (C + D view):
C:V218L	D:V491L	logit=-0.433
C:K191R	D:K464R	logit=-0.507
C:S180T	D:S453T	logit=-0.655
C:T42V	D:T315V	logit=-0.685
C:N51P	D:N324P	logit=-0.820

Top tied mutations (A + B view):
A:N55S	B:N252S	logit=-0.287
A:T18V	B:T215V	logit=-0.330
A:N54V	B:N251V	logit=-0.539
A:N57R	B:N254R	logit=-0.766
A:E100V	B:E297V	logit=-0.822

Top tied mutations (C + D view):
C:V218L	D:V491L	logit=-0.416
C:K191R	D:K464R	logit=-0.551
C:S180T	D:S453T	logit=-0.679
C:T42V	D:T315V	logit=-0.796
C:S89A	D:S362A	logit=-0.814

Top tied mutations (A + B view):
A:T18V	B:T215V	logit=-0.255
A:N55S	B:N252S	logit=-0.303
A:N54V	B:N251V	logit=-0.530
A:N57R	B:N254R	logit=-0.720
A:N54I	B:N251I	logit=-0.757

Top tied mutations (C + D view):
C:V218L	D:V491L	logit=-0.475
C:K191R	D:K464R	logit=-0.545
C:S180T	D:S453T	logit=-0.666
C:T42V	D:T315V	logit=-0.714
C:N51P	D:N324P	logit=-0.816

Top tied mutations (A + B view):
A:N55S	B:N252S	logit=-0.245
A:T18V	B:T215V	logit=-0.252
A:N54V	B:N251V	logit=-0.519
A:E100V	B:E297V	logit=-0.719
A:N54I	B:N251I	logit=-0.906

Top tied mutations (C + D view):
C:V218L	D:V491L	logit=-0.492
C:K191R	D:K464R	logit=-0.536
C:S180T	D:S453T	logit=-0.692
C:T42V	D:T315V	logit=-0.731
C:N51P	D:N324P	logit=-0.855

Top tied mutations (A + B view):
A:T18V	B:T215V	logit=-0.210
A:N55S	B:N252S	logit=-0.331
A:N54V	B:N251V	logit=-0.467
A:N54I	B:N251I	logit=-0.808
A:N57R	B:N254R	logit=-0.859

Top tied mutations (C + D view):
C:V218L	D:V491L	logit=-0.413
C:K191R	D:K464R	logit=-0.563
C:S180T	D:S453T	logit=-0.664
C:T42V	D:T315V	logit=-0.687
C:N51P	D:N324P	logit=-0.839

Top tied mutations (A + B view):
A:T18V	B:T215V	logit=-0.260
A:N55S	B:N252S	logit=-0.321
A:N54V	B:N251V	logit=-0.526
A:N54I	B:N251I	logit=-0.556
A:E100V	B:E297V	logit=-0.609

Top tied mutations (C + D view):
C:V218L	D:V491L	logit=-0.401
C:K191R	D:K464R	logit=-0.525
C:S180T	D:S453T	logit=-0.660
C:T42V	D:T315V	logit=-0.711
C:N51P	D:N324P	logit=-0.793

Top tied mutations (A + B view):
A:T18V	B:T215V	logit=-0.252
A:N55S	B:N252S	logit=-0.294
A:E100V	B:E297V	logit=-0.682
A:N54V	B:N251V	logit=-0.705
A:R61V	B:R258V	logit=-0.840

Top tied mutations (C + D view):
C:V218L	D:V491L	logit=-0.473
C:K191R	D:K464R	logit=-0.542
C:S180T	D:S453T	logit=-0.673
C:T42V	D:T315V	logit=-0.712
C:N51P	D:N324P	logit=-0.874

Top tied mutations (A + B view):
A:T18V	B:T215V	logit=-0.256
A:N55S	B:N252S	logit=-0.284
A:N54V	B:N251V	logit=-0.447
A:E100V	B:E297V	logit=-0.678
A:N54I	B:N251I	logit=-0.851

Top tied mutations (C + D view):
C:V218L	D:V491L	logit=-0.404
C:K191R	D:K464R	logit=-0.535
C:S180T	D:S453T	logit=-0.672
C:T42V	D:T315V	logit=-0.719
C:S89A	D:S362A	logit=-0.889

Top tied mutations (A + B view):
A:T18V	B:T215V	logit=-0.147
A:N55S	B:N252S	logit=-0.239
A:E100V	B:E297V	logit=-0.562
A:N54V	B:N251V	logit=-0.564
A:V102I	B:V299I	logit=-0.818

Top tied mutations (C + D view):
C:V218L	D:V491L	logit=-0.475
C:K191R	D:K464R	logit=-0.654
C:S180T	D:S453T	logit=-0.686
C:T42V	D:T315V	logit=-0.747
C:N51P	D:N324P	logit=-0.861

Top tied mutations (A + B view):
A:N55S	B:N252S	logit=-0.282
A:T18V	B:T215V	logit=-0.316
A:N54V	B:N251V	logit=-0.499
A:E100V	B:E297V	logit=-0.802
A:N57R	B:N254R	logit=-0.834

Top tied mutations (C + D view):
C:V218L	D:V491L	logit=-0.425
C:K191R	D:K464R	logit=-0.573
C:S180T	D:S453T	logit=-0.617
C:T42V	D:T315V	logit=-0.685
C:N51P	D:N324P	logit=-0.802

Top tied mutations (A + B view):
A:T18V	B:T215V	logit=-0.257
A:N55S	B:N252S	logit=-0.329
A:N54V	B:N251V	logit=-0.461
A:E100V	B:E297V	logit=-0.648
A:R61K	B:R258K	logit=-0.923

Top tied mutations (C + D view):
C:V218L	D:V491L	logit=-0.441
C:K191R	D:K464R	logit=-0.524
C:S180T	D:S453T	logit=-0.632
C:T42V	D:T315V	logit=-0.770
C:N51P	D:N324P	logit=-0.870

Top tied mutations (A + B view):
A:T18V	B:T215V	logit=-0.184
A:N55S	B:N252S	logit=-0.285
A:N54V	B:N251V	logit=-0.529
A:V102I	B:V299I	logit=-0.767
A:N57R	B:N254R	logit=-0.811

Top tied mutations (C + D view):
C:V218L	D:V491L	logit=-0.454
C:K191R	D:K464R	logit=-0.531
C:S180T	D:S453T	logit=-0.629
C:T42V	D:T315V	logit=-0.682
C:N51P	D:N324P	logit=-0.833

Top tied mutations (A + B view):
A:T18V	B:T215V	logit=-0.280
A:N55S	B:N252S	logit=-0.343
A:N54V	B:N251V	logit=-0.459
A:N57R	B:N254R	logit=-0.742
A:V102I	B:V299I	logit=-0.855

Top tied mutations (C + D view):
C:V218L	D:V491L	logit=-0.464
C:S180T	D:S453T	logit=-0.630
C:K191R	D:K464R	logit=-0.654
C:T42V	D:T315V	logit=-0.785
C:N219S	D:N492S	logit=-0.921

Top tied mutations (A + B view):
A:T18V	B:T215V	logit=-0.252
A:N55S	B:N252S	logit=-0.290
A:N54V	B:N251V	logit=-0.448
A:N57R	B:N254R	logit=-0.815
A:E100V	B:E297V	logit=-0.838

Top tied mutations (C + D view):
C:V218L	D:V491L	logit=-0.489
C:K191R	D:K464R	logit=-0.516
C:S180T	D:S453T	logit=-0.638
C:T42V	D:T315V	logit=-0.700
C:S89A	D:S362A	logit=-0.904

Top tied mutations (A + B view):
A:N55S	B:N252S	logit=-0.251
A:T18V	B:T215V	logit=-0.278
A:N54V	B:N251V	logit=-0.487
A:E100V	B:E297V	logit=-0.766
A:N54I	B:N251I	logit=-0.921

Top tied mutations (C + D view):
C:V218L	D:V491L	logit=-0.432
C:K191R	D:K464R	logit=-0.559
C:S180T	D:S453T	logit=-0.643
C:N51P	D:N324P	logit=-0.747
C:T42V	D:T315V	logit=-0.762

Top tied mutations (A + B view):
A:T18V	B:T215V	logit=-0.176
A:N55S	B:N252S	logit=-0.286
A:N54V	B:N251V	logit=-0.597
A:E100V	B:E297V	logit=-0.719
A:R61V	B:R258V	logit=-0.848

Top tied mutations (C + D view):
C:V218L	D:V491L	logit=-0.490
C:K191R	D:K464R	logit=-0.519
C:S180T	D:S453T	logit=-0.659
C:T42V	D:T315V	logit=-0.762
C:S89A	D:S362A	logit=-0.882

Top tied mutations (A + B view):
A:T18V	B:T215V	logit=-0.244
A:N55S	B:N252S	logit=-0.261
A:N54V	B:N251V	logit=-0.328
A:N54I	B:N251I	logit=-0.825
A:E100V	B:E297V	logit=-0.883

Top tied mutations (C + D view):
C:V218L	D:V491L	logit=-0.397
C:K191R	D:K464R	logit=-0.599
C:S180T	D:S453T	logit=-0.647
C:T42V	D:T315V	logit=-0.701
C:N51P	D:N324P	logit=-0.906

Top tied mutations (A + B view):
A:T18V	B:T215V	logit=-0.229
A:N55S	B:N252S	logit=-0.354
A:N54V	B:N251V	logit=-0.492
A:E100V	B:E297V	logit=-0.727
A:R61K	B:R258K	logit=-0.830

Top tied mutations (C + D view):
C:V218L	D:V491L	logit=-0.399
C:S180T	D:S453T	logit=-0.628
C:K191R	D:K464R	logit=-0.678
C:T42V	D:T315V	logit=-0.695
C:N51P	D:N324P	logit=-0.897

Top tied mutations (A + B view):
A:T18V	B:T215V	logit=-0.296
A:N55S	B:N252S	logit=-0.347
A:N54V	B:N251V	logit=-0.443
A:R61K	B:R258K	logit=-0.727
A:E100V	B:E297V	logit=-0.822

Top tied mutations (C + D view):
C:V218L	D:V491L	logit=-0.439
C:K191R	D:K464R	logit=-0.606
C:S180T	D:S453T	logit=-0.657
C:T42V	D:T315V	logit=-0.701
C:N51P	D:N324P	logit=-0.825

Top tied mutations (A + B view):
A:T18V	B:T215V	logit=-0.234
A:N55S	B:N252S	logit=-0.274
A:N54V	B:N251V	logit=-0.407
A:E100V	B:E297V	logit=-0.834
A:R61K	B:R258K	logit=-0.843

Top tied mutations (C + D view):
C:V218L	D:V491L	logit=-0.415
C:K191R	D:K464R	logit=-0.535
C:S180T	D:S453T	logit=-0.648
C:T42V	D:T315V	logit=-0.749
C:N51P	D:N324P	logit=-0.858

Top tied mutations (A + B view):
A:T18V	B:T215V	logit=-0.157
A:N54V	B:N251V	logit=-0.304
A:N55S	B:N252S	logit=-0.364
A:E100V	B:E297V	logit=-0.686
A:R61V	B:R258V	logit=-0.925

Top tied mutations (C + D view):
C:V218L	D:V491L	logit=-0.466
C:K191R	D:K464R	logit=-0.551
C:S180T	D:S453T	logit=-0.644
C:T42V	D:T315V	logit=-0.718
C:N51P	D:N324P	logit=-0.726

Top tied mutations (A + B view):
A:T18V	B:T215V	logit=-0.206
A:N55S	B:N252S	logit=-0.234
A:N54V	B:N251V	logit=-0.410
A:E100V	B:E297V	logit=-0.732
A:N57R	B:N254R	logit=-0.930

Top tied mutations (C + D view):
C:V218L	D:V491L	logit=-0.416
C:K191R	D:K464R	logit=-0.597
C:S180T	D:S453T	logit=-0.671
C:T42V	D:T315V	logit=-0.704
C:N51P	D:N324P	logit=-0.830

Top tied mutations (A + B view):
A:T18V	B:T215V	logit=-0.255
A:N55S	B:N252S	logit=-0.392
A:E100V	B:E297V	logit=-0.545
A:N54V	B:N251V	logit=-0.623
A:N57R	B:N254R	logit=-0.706

Top tied mutations (C + D view):
C:V218L	D:V491L	logit=-0.442
C:K191R	D:K464R	logit=-0.522
C:S180T	D:S453T	logit=-0.646
C:T42V	D:T315V	logit=-0.697
C:S89A	D:S362A	logit=-0.844

Top tied mutations (A + B view):
A:T18V	B:T215V	logit=-0.162
A:N55S	B:N252S	logit=-0.350
A:N54V	B:N251V	logit=-0.506
A:E100V	B:E297V	logit=-0.803
A:V102I	B:V299I	logit=-0.869

Top tied mutations (C + D view):
C:K191R	D:K464R	logit=-0.499
C:V218L	D:V491L	logit=-0.502
C:S180T	D:S453T	logit=-0.662
C:T42V	D:T315V	logit=-0.739
C:N51P	D:N324P	logit=-0.874

Top tied mutations (A + B view):
A:T18V	B:T215V	logit=-0.280
A:N55S	B:N252S	logit=-0.291
A:N54V	B:N251V	logit=-0.429
A:N54I	B:N251I	logit=-0.833
A:E100V	B:E297V	logit=-0.835

Top tied mutations (C + D view):
C:V218L	D:V491L	logit=-0.441
C:K191R	D:K464R	logit=-0.532
C:S180T	D:S453T	logit=-0.671
C:T42V	D:T315V	logit=-0.721
C:S89A	D:S362A	logit=-0.866

Top tied mutations (A + B view):
A:T18V	B:T215V	logit=-0.184
A:N55S	B:N252S	logit=-0.295
A:N54V	B:N251V	logit=-0.611
A:E100V	B:E297V	logit=-0.769
A:V102I	B:V299I	logit=-0.882

Top tied mutations (C + D view):
C:V218L	D:V491L	logit=-0.419
C:K191R	D:K464R	logit=-0.533
C:S180T	D:S453T	logit=-0.656
C:T42V	D:T315V	logit=-0.749
C:N51P	D:N324P	logit=-0.867

Top tied mutations (A + B view):
A:T18V	B:T215V	logit=-0.227
A:N55S	B:N252S	logit=-0.315
A:N54V	B:N251V	logit=-0.391
A:E100V	B:E297V	logit=-0.740
A:N54I	B:N251I	logit=-0.791

Top tied mutations (C + D view):
C:V218L	D:V491L	logit=-0.484
C:K191R	D:K464R	logit=-0.526
C:S180T	D:S453T	logit=-0.649
C:T42V	D:T315V	logit=-0.714
C:S89A	D:S362A	logit=-0.850

Top tied mutations (A + B view):
A:T18V	B:T215V	logit=-0.166
A:N55S	B:N252S	logit=-0.324
A:N54V	B:N251V	logit=-0.682
A:E100V	B:E297V	logit=-0.776
A:V102I	B:V299I	logit=-0.938

Top tied mutations (C + D view):
C:K191R	D:K464R	logit=-0.489
C:V218L	D:V491L	logit=-0.494
C:S180T	D:S453T	logit=-0.640
C:T42V	D:T315V	logit=-0.740
C:A168P	D:A441P	logit=-0.907

Top tied mutations (A + B view):
A:T18V	B:T215V	logit=-0.248
A:N55S	B:N252S	logit=-0.272
A:N54V	B:N251V	logit=-0.433
A:E100V	B:E297V	logit=-0.785
A:V102I	B:V299I	logit=-0.970

Top tied mutations (C + D view):
C:V218L	D:V491L	logit=-0.466
C:K191R	D:K464R	logit=-0.547
C:S180T	D:S453T	logit=-0.648
C:T42V	D:T315V	logit=-0.730
C:N51P	D:N324P	logit=-0.881

Top tied mutations (A + B view):
A:T18V	B:T215V	logit=-0.233
A:N54V	B:N251V	logit=-0.256
A:N55S	B:N252S	logit=-0.296
A:N54I	B:N251I	logit=-0.598
A:E100V	B:E297V	logit=-0.772

Top tied mutations (C + D view):
C:V218L	D:V491L	logit=-0.412
C:K191R	D:K464R	logit=-0.549
C:S180T	D:S453T	logit=-0.644
C:T42V	D:T315V	logit=-0.709
C:N51P	D:N324P	logit=-0.834

Top tied mutations (A + B view):
A:T18V	B:T215V	logit=-0.246
A:N55S	B:N252S	logit=-0.348
A:N54V	B:N251V	logit=-0.629
A:E100V	B:E297V	logit=-0.700
A:V102I	B:V299I	logit=-0.827

Top tied mutations (C + D view):
C:V218L	D:V491L	logit=-0.434
C:S180T	D:S453T	logit=-0.659
C:K191R	D:K464R	logit=-0.663
C:N51P	D:N324P	logit=-0.795
C:T42V	D:T315V	logit=-0.808

Top tied mutations (A + B view):
A:N55S	B:N252S	logit=-0.236
A:T18V	B:T215V	logit=-0.298
A:N54V	B:N251V	logit=-0.553
A:R61K	B:R258K	logit=-0.727
A:E100V	B:E297V	logit=-0.731

Top tied mutations (C + D view):
C:V218L	D:V491L	logit=-0.459
C:K191R	D:K464R	logit=-0.583
C:S180T	D:S453T	logit=-0.653
C:T42V	D:T315V	logit=-0.732
C:N51P	D:N324P	logit=-0.832

Top tied mutations (A + B view):
A:T18V	B:T215V	logit=-0.231
A:N55S	B:N252S	logit=-0.305
A:E100V	B:E297V	logit=-0.653
A:N54V	B:N251V	logit=-0.743
A:V58T	B:V255T	logit=-0.940

Top tied mutations (C + D view):
C:V218L	D:V491L	logit=-0.443
C:K191R	D:K464R	logit=-0.513
C:S180T	D:S453T	logit=-0.631
C:T42V	D:T315V	logit=-0.721
C:N51P	D:N324P	logit=-0.884

Top tied mutations (A + B view):
A:T18V	B:T215V	logit=-0.240
A:N55S	B:N252S	logit=-0.398
A:N54V	B:N251V	logit=-0.492
A:E100V	B:E297V	logit=-0.696
A:R61V	B:R258V	logit=-0.890

Top tied mutations (C + D view):
C:V218L	D:V491L	logit=-0.444
C:K191R	D:K464R	logit=-0.581
C:S180T	D:S453T	logit=-0.647
C:T42V	D:T315V	logit=-0.703
C:N51P	D:N324P	logit=-0.772

Top tied mutations (A + B view):
A:T18V	B:T215V	logit=-0.281
A:N55S	B:N252S	logit=-0.296
A:N54V	B:N251V	logit=-0.322
A:E100V	B:E297V	logit=-0.698
A:N57R	B:N254R	logit=-0.744

Top tied mutations (C + D view):
C:V218L	D:V491L	logit=-0.423
C:K191R	D:K464R	logit=-0.589
C:S180T	D:S453T	logit=-0.645
C:T42V	D:T315V	logit=-0.760
C:S89A	D:S362A	logit=-0.866

Top tied mutations (A + B view):
A:T18V	B:T215V	logit=-0.211
A:N55S	B:N252S	logit=-0.254
A:E100V	B:E297V	logit=-0.576
A:N54V	B:N251V	logit=-0.623
A:N54I	B:N251I	logit=-0.779

Top tied mutations (C + D view):
C:V218L	D:V491L	logit=-0.412
C:K191R	D:K464R	logit=-0.564
C:S180T	D:S453T	logit=-0.658
C:T42V	D:T315V	logit=-0.741
C:N51P	D:N324P	logit=-0.906

Top tied mutations (A + B view):
A:T18V	B:T215V	logit=-0.254
A:N55S	B:N252S	logit=-0.274
A:E100V	B:E297V	logit=-0.602
A:N54V	B:N251V	logit=-0.717
A:N57R	B:N254R	logit=-0.822

Top tied mutations (C + D view):
C:V218L	D:V491L	logit=-0.408
C:K191R	D:K464R	logit=-0.605
C:S180T	D:S453T	logit=-0.654
C:T42V	D:T315V	logit=-0.766
C:N51P	D:N324P	logit=-0.791

Top tied mutations (A + B view):
A:T18V	B:T215V	logit=-0.174
A:N55S	B:N252S	logit=-0.196
A:N54V	B:N251V	logit=-0.429
A:E100V	B:E297V	logit=-0.659
A:N57R	B:N254R	logit=-0.809

Top tied mutations (C + D view):
C:V218L	D:V491L	logit=-0.461
C:K191R	D:K464R	logit=-0.580
C:S180T	D:S453T	logit=-0.665
C:T42V	D:T315V	logit=-0.719
C:S89A	D:S362A	logit=-0.861

Top tied mutations (A + B view):
A:T18V	B:T215V	logit=-0.144
A:N55S	B:N252S	logit=-0.359
A:N54V	B:N251V	logit=-0.558
A:E100V	B:E297V	logit=-0.685
A:N54I	B:N251I	logit=-0.736

Top tied mutations (C + D view):
C:V218L	D:V491L	logit=-0.450
C:K191R	D:K464R	logit=-0.547
C:S180T	D:S453T	logit=-0.655
C:T42V	D:T315V	logit=-0.693
C:S89A	D:S362A	logit=-0.879

Top tied mutations (A + B view):
A:T18V	B:T215V	logit=-0.270
A:N55S	B:N252S	logit=-0.283
A:N54V	B:N251V	logit=-0.529
A:E100V	B:E297V	logit=-0.587
A:V102I	B:V299I	logit=-0.912

Top tied mutations (C + D view):
C:V218L	D:V491L	logit=-0.446
C:K191R	D:K464R	logit=-0.590
C:S180T	D:S453T	logit=-0.639
C:T42V	D:T315V	logit=-0.766
C:N51P	D:N324P	logit=-0.835

Top tied mutations (A + B view):
A:T18V	B:T215V	logit=-0.253
A:N55S	B:N252S	logit=-0.283
A:N54V	B:N251V	logit=-0.390
A:E100V	B:E297V	logit=-0.773
A:N54I	B:N251I	logit=-0.778

Top tied mutations (C + D view):
C:V218L	D:V491L	logit=-0.435
C:K191R	D:K464R	logit=-0.519
C:S180T	D:S453T	logit=-0.637
C:T42V	D:T315V	logit=-0.749
C:N51P	D:N324P	logit=-0.785

Top tied mutations (A + B view):
A:T18V	B:T215V	logit=-0.187
A:N54V	B:N251V	logit=-0.235
A:N55S	B:N252S	logit=-0.369
A:N54I	B:N251I	logit=-0.681
A:E100V	B:E297V	logit=-0.746

Top tied mutations (C + D view):
C:V218L	D:V491L	logit=-0.436
C:K191R	D:K464R	logit=-0.563
C:T42V	D:T315V	logit=-0.659
C:S180T	D:S453T	logit=-0.660
C:N51P	D:N324P	logit=-0.729

Top tied mutations (A + B view):
A:T18V	B:T215V	logit=-0.259
A:N55S	B:N252S	logit=-0.288
A:N54V	B:N251V	logit=-0.346
A:E100V	B:E297V	logit=-0.685
A:N57R	B:N254R	logit=-0.920

Top tied mutations (C + D view):
C:K191R	D:K464R	logit=-0.498
C:V218L	D:V491L	logit=-0.501
C:S180T	D:S453T	logit=-0.662
C:T42V	D:T315V	logit=-0.680
C:N51P	D:N324P	logit=-0.849

Top tied mutations (A + B view):
A:T18V	B:T215V	logit=-0.250
A:N55S	B:N252S	logit=-0.286
A:N54V	B:N251V	logit=-0.442
A:E100V	B:E297V	logit=-0.661
A:V102I	B:V299I	logit=-0.814

Top tied mutations (C + D view):
C:V218L	D:V491L	logit=-0.420
C:K191R	D:K464R	logit=-0.559
C:T42V	D:T315V	logit=-0.632
C:S180T	D:S453T	logit=-0.667
C:N51P	D:N324P	logit=-0.848

Top tied mutations (A + B view):
A:T18V	B:T215V	logit=-0.206
A:N55S	B:N252S	logit=-0.266
A:N54V	B:N251V	logit=-0.349
A:E100V	B:E297V	logit=-0.798
A:V58T	B:V255T	logit=-0.886

Top tied mutations (C + D view):
C:V218L	D:V491L	logit=-0.461
C:K191R	D:K464R	logit=-0.569
C:S180T	D:S453T	logit=-0.638
C:T42V	D:T315V	logit=-0.713
C:N51P	D:N324P	logit=-0.847

Top tied mutations (A + B view):
A:T18V	B:T215V	logit=-0.302
A:N55S	B:N252S	logit=-0.314
A:N54V	B:N251V	logit=-0.533
A:E100V	B:E297V	logit=-0.686
A:N54I	B:N251I	logit=-0.798

Top tied mutations (C + D view):
C:V218L	D:V491L	logit=-0.484
C:K191R	D:K464R	logit=-0.619
C:S180T	D:S453T	logit=-0.677
C:T42V	D:T315V	logit=-0.708
C:N51P	D:N324P	logit=-0.904

Top tied mutations (A + B view):
A:T18V	B:T215V	logit=-0.251
A:N55S	B:N252S	logit=-0.314
A:N54V	B:N251V	logit=-0.458
A:E100V	B:E297V	logit=-0.852
A:R61K	B:R258K	logit=-0.903

Top tied mutations (C + D view):
C:V218L	D:V491L	logit=-0.418
C:K191R	D:K464R	logit=-0.525
C:S180T	D:S453T	logit=-0.666
C:T42V	D:T315V	logit=-0.759
C:N51P	D:N324P	logit=-0.855

Top tied mutations (A + B view):
A:T18V	B:T215V	logit=-0.274
A:N55S	B:N252S	logit=-0.306
A:N54V	B:N251V	logit=-0.486
A:V102I	B:V299I	logit=-0.737
A:E100V	B:E297V	logit=-0.820

Top tied mutations (C + D view):
C:V218L	D:V491L	logit=-0.427
C:K191R	D:K464R	logit=-0.548
C:S180T	D:S453T	logit=-0.676
C:T42V	D:T315V	logit=-0.692
C:N51P	D:N324P	logit=-0.882

Top tied mutations (A + B view):
A:T18V	B:T215V	logit=-0.194
A:N55S	B:N252S	logit=-0.252
A:N54V	B:N251V	logit=-0.361
A:R61K	B:R258K	logit=-0.661
A:E100V	B:E297V	logit=-0.827

Top tied mutations (C + D view):
C:V218L	D:V491L	logit=-0.416
C:K191R	D:K464R	logit=-0.587
C:S180T	D:S453T	logit=-0.653
C:T42V	D:T315V	logit=-0.728
C:S89A	D:S362A	logit=-0.902

Top tied mutations (A + B view):
A:T18V	B:T215V	logit=-0.205
A:N55S	B:N252S	logit=-0.292
A:N54V	B:N251V	logit=-0.481
A:N54I	B:N251I	logit=-0.787
A:E100V	B:E297V	logit=-0.834

Top tied mutations (C + D view):
C:V218L	D:V491L	logit=-0.421
C:K191R	D:K464R	logit=-0.521
C:S180T	D:S453T	logit=-0.641
C:T42V	D:T315V	logit=-0.701
C:S89A	D:S362A	logit=-0.863

Top tied mutations (A + B view):
A:T18V	B:T215V	logit=-0.214
A:N55S	B:N252S	logit=-0.280
A:N54V	B:N251V	logit=-0.719
A:R61K	B:R258K	logit=-0.756
A:E100V	B:E297V	logit=-0.789

Top tied mutations (C + D view):
C:V218L	D:V491L	logit=-0.476
C:K191R	D:K464R	logit=-0.547
C:S180T	D:S453T	logit=-0.680
C:T42V	D:T315V	logit=-0.688
C:N51P	D:N324P	logit=-0.865

Top tied mutations (A + B view):
A:T18V	B:T215V	logit=-0.230
A:N55S	B:N252S	logit=-0.247
A:N54V	B:N251V	logit=-0.624
A:E100V	B:E297V	logit=-0.762
A:N57R	B:N254R	logit=-0.813

Top tied mutations (C + D view):
C:V218L	D:V491L	logit=-0.419
C:K191R	D:K464R	logit=-0.526
C:S180T	D:S453T	logit=-0.653
C:N51P	D:N324P	logit=-0.686
C:T42V	D:T315V	logit=-0.697

Top tied mutations (A + B view):
A:T18V	B:T215V	logit=-0.226
A:N55S	B:N252S	logit=-0.327
A:N54V	B:N251V	logit=-0.679
A:E100V	B:E297V	logit=-0.690
A:V102I	B:V299I	logit=-0.871

Top tied mutations (C + D view):
C:V218L	D:V491L	logit=-0.410
C:K191R	D:K464R	logit=-0.588
C:S180T	D:S453T	logit=-0.680
C:N51P	D:N324P	logit=-0.743
C:T42V	D:T315V	logit=-0.772

Top tied mutations (A + B view):
A:T18V	B:T215V	logit=-0.198
A:N55S	B:N252S	logit=-0.279
A:N54V	B:N251V	logit=-0.572
A:E100V	B:E297V	logit=-0.861
A:N54I	B:N251I	logit=-0.924

Top tied mutations (C + D view):
C:V218L	D:V491L	logit=-0.407
C:K191R	D:K464R	logit=-0.514
C:S180T	D:S453T	logit=-0.633
C:T42V	D:T315V	logit=-0.707
C:S89A	D:S362A	logit=-0.882

Top tied mutations (A + B view):
A:N55S	B:N252S	logit=-0.245
A:T18V	B:T215V	logit=-0.300
A:N54V	B:N251V	logit=-0.505
A:E100V	B:E297V	logit=-0.836
A:N57R	B:N254R	logit=-0.944

Top tied mutations (C + D view):
C:V218L	D:V491L	logit=-0.448
C:K191R	D:K464R	logit=-0.603
C:S180T	D:S453T	logit=-0.636
C:T42V	D:T315V	logit=-0.732
C:N51P	D:N324P	logit=-0.878

Top tied mutations (A + B view):
A:T18V	B:T215V	logit=-0.293
A:N55S	B:N252S	logit=-0.355
A:N54V	B:N251V	logit=-0.449
A:R61K	B:R258K	logit=-0.856
A:V102I	B:V299I	logit=-0.910

Top tied mutations (C + D view):
C:V218L	D:V491L	logit=-0.473
C:K191R	D:K464R	logit=-0.544
C:S180T	D:S453T	logit=-0.655
C:T42V	D:T315V	logit=-0.783
C:N51P	D:N324P	logit=-0.836

Top tied mutations (A + B view):
A:T18V	B:T215V	logit=-0.202
A:N55S	B:N252S	logit=-0.348
A:N54V	B:N251V	logit=-0.481
A:E100V	B:E297V	logit=-0.633
A:V102I	B:V299I	logit=-0.848

Top tied mutations (C + D view):
C:V218L	D:V491L	logit=-0.464
C:K191R	D:K464R	logit=-0.492
C:S180T	D:S453T	logit=-0.634
C:T42V	D:T315V	logit=-0.707
C:N51P	D:N324P	logit=-0.826

Top tied mutations (A + B view):
A:T18V	B:T215V	logit=-0.268
A:N55S	B:N252S	logit=-0.308
A:N54V	B:N251V	logit=-0.736
A:E100V	B:E297V	logit=-0.766
A:N57R	B:N254R	logit=-0.892

Top tied mutations (C + D view):
C:V218L	D:V491L	logit=-0.440
C:K191R	D:K464R	logit=-0.549
C:S180T	D:S453T	logit=-0.660
C:T42V	D:T315V	logit=-0.718
C:N51P	D:N324P	logit=-0.900

Top tied mutations (A + B view):
A:T18V	B:T215V	logit=-0.216
A:N55S	B:N252S	logit=-0.350
A:N54V	B:N251V	logit=-0.624
A:E100V	B:E297V	logit=-0.704
A:V102I	B:V299I	logit=-0.899

Top tied mutations (C + D view):
C:V218L	D:V491L	logit=-0.424
C:K191R	D:K464R	logit=-0.526
C:S180T	D:S453T	logit=-0.689
C:T42V	D:T315V	logit=-0.723
C:N51P	D:N324P	logit=-0.832

Top tied mutations (A + B view):
A:T18V	B:T215V	logit=-0.307
A:N55S	B:N252S	logit=-0.366
A:N54V	B:N251V	logit=-0.579
A:N57R	B:N254R	logit=-0.648
A:E100V	B:E297V	logit=-0.791

Top tied mutations (C + D view):
C:V218L	D:V491L	logit=-0.466
C:K191R	D:K464R	logit=-0.502
C:S180T	D:S453T	logit=-0.666
C:N51P	D:N324P	logit=-0.750
C:T42V	D:T315V	logit=-0.758

Top tied mutations (A + B view):
A:T18V	B:T215V	logit=-0.205
A:N55S	B:N252S	logit=-0.267
A:N54V	B:N251V	logit=-0.370
A:N57R	B:N254R	logit=-0.676
A:E100V	B:E297V	logit=-0.849

Top tied mutations (C + D view):
C:V218L	D:V491L	logit=-0.417
C:K191R	D:K464R	logit=-0.561
C:S180T	D:S453T	logit=-0.643
C:T42V	D:T315V	logit=-0.781
C:N51P	D:N324P	logit=-0.822

Top tied mutations (A + B view):
A:T18V	B:T215V	logit=-0.262
A:N55S	B:N252S	logit=-0.335
A:N54V	B:N251V	logit=-0.662
A:E100V	B:E297V	logit=-0.724
A:N57R	B:N254R	logit=-0.826

Top tied mutations (C + D view):
C:V218L	D:V491L	logit=-0.468
C:K191R	D:K464R	logit=-0.553
C:S180T	D:S453T	logit=-0.658
C:T42V	D:T315V	logit=-0.682
C:N51P	D:N324P	logit=-0.840

Top tied mutations (A + B view):
A:T18V	B:T215V	logit=-0.205
A:N55S	B:N252S	logit=-0.308
A:N54V	B:N251V	logit=-0.435
A:R61K	B:R258K	logit=-0.661
A:E100V	B:E297V	logit=-0.733

Top tied mutations (C + D view):
C:V218L	D:V491L	logit=-0.428
C:K191R	D:K464R	logit=-0.520
C:S180T	D:S453T	logit=-0.645
C:T42V	D:T315V	logit=-0.726
C:N51P	D:N324P	logit=-0.787

Top tied mutations (A + B view):
A:T18V	B:T215V	logit=-0.240
A:N55S	B:N252S	logit=-0.249
A:N54V	B:N251V	logit=-0.420
A:N54I	B:N251I	logit=-0.733
A:V102I	B:V299I	logit=-0.823

Top tied mutations (C + D view):
C:V218L	D:V491L	logit=-0.454
C:K191R	D:K464R	logit=-0.527
C:S180T	D:S453T	logit=-0.668
C:T42V	D:T315V	logit=-0.757
C:A168P	D:A441P	logit=-0.885

Top tied mutations (A + B view):
A:T18V	B:T215V	logit=-0.264
A:N54V	B:N251V	logit=-0.277
A:N55S	B:N252S	logit=-0.299
A:E100V	B:E297V	logit=-0.676
A:N57R	B:N254R	logit=-0.849

Top tied mutations (C + D view):
C:V218L	D:V491L	logit=-0.434
C:K191R	D:K464R	logit=-0.557
C:S180T	D:S453T	logit=-0.656
C:T42V	D:T315V	logit=-0.763
C:S89A	D:S362A	logit=-0.875

Top tied mutations (A + B view):
A:T18V	B:T215V	logit=-0.222
A:N55S	B:N252S	logit=-0.293
A:N54V	B:N251V	logit=-0.605
A:E100V	B:E297V	logit=-0.730
A:R61K	B:R258K	logit=-0.842

Top tied mutations (C + D view):
C:V218L	D:V491L	logit=-0.469
C:K191R	D:K464R	logit=-0.511
C:S180T	D:S453T	logit=-0.659
C:T42V	D:T315V	logit=-0.668
C:N51P	D:N324P	logit=-0.854

Top tied mutations (A + B view):
A:T18V	B:T215V	logit=-0.268
A:N55S	B:N252S	logit=-0.325
A:N54V	B:N251V	logit=-0.563
A:N54I	B:N251I	logit=-0.832
A:E100V	B:E297V	logit=-0.847

Top tied mutations (C + D view):
C:V218L	D:V491L	logit=-0.456
C:K191R	D:K464R	logit=-0.504
C:S180T	D:S453T	logit=-0.662
C:T42V	D:T315V	logit=-0.820
C:N51P	D:N324P	logit=-0.864

Top tied mutations (A + B view):
A:T18V	B:T215V	logit=-0.223
A:N55S	B:N252S	logit=-0.339
A:N54V	B:N251V	logit=-0.455
A:E100V	B:E297V	logit=-0.704
A:N57R	B:N254R	logit=-0.848

Top tied mutations (C + D view):
C:V218L	D:V491L	logit=-0.464
C:K191R	D:K464R	logit=-0.567
C:S180T	D:S453T	logit=-0.655
C:T42V	D:T315V	logit=-0.733
C:N51P	D:N324P	logit=-0.797

Top tied mutations (A + B view):
A:N55S	B:N252S	logit=-0.199
A:T18V	B:T215V	logit=-0.241
A:N54V	B:N251V	logit=-0.556
A:R61K	B:R258K	logit=-0.725
A:E100V	B:E297V	logit=-0.793

Top tied mutations (C + D view):
C:V218L	D:V491L	logit=-0.428
C:K191R	D:K464R	logit=-0.534
C:S180T	D:S453T	logit=-0.649
C:T42V	D:T315V	logit=-0.684
C:N51P	D:N324P	logit=-0.764

Top tied mutations (A + B view):
A:T18V	B:T215V	logit=-0.168
A:N55S	B:N252S	logit=-0.304
A:N54V	B:N251V	logit=-0.491
A:E100V	B:E297V	logit=-0.733
A:N57R	B:N254R	logit=-0.874

Top tied mutations (C + D view):
C:V218L	D:V491L	logit=-0.481
C:K191R	D:K464R	logit=-0.523
C:S180T	D:S453T	logit=-0.630
C:T42V	D:T315V	logit=-0.717
C:N51P	D:N324P	logit=-0.792

Top tied mutations (A + B view):
A:N55S	B:N252S	logit=-0.276
A:T18V	B:T215V	logit=-0.287
A:N54V	B:N251V	logit=-0.416
A:E100V	B:E297V	logit=-0.660
A:V102I	B:V299I	logit=-0.806

Top tied mutations (C + D view):
C:V218L	D:V491L	logit=-0.468
C:K191R	D:K464R	logit=-0.553
C:S180T	D:S453T	logit=-0.659
C:T42V	D:T315V	logit=-0.763
C:N51P	D:N324P	logit=-0.893

Top tied mutations (A + B view):
A:T18V	B:T215V	logit=-0.287
A:N55S	B:N252S	logit=-0.358
A:N54V	B:N251V	logit=-0.452
A:N54I	B:N251I	logit=-0.699
A:E100V	B:E297V	logit=-0.872

Top tied mutations (C + D view):
C:V218L	D:V491L	logit=-0.424
C:K191R	D:K464R	logit=-0.510
C:S180T	D:S453T	logit=-0.666
C:T42V	D:T315V	logit=-0.756
C:N51P	D:N324P	logit=-0.831

Top tied mutations (A + B view):
A:T18V	B:T215V	logit=-0.208
A:N55S	B:N252S	logit=-0.332
A:N54V	B:N251V	logit=-0.403
A:N54I	B:N251I	logit=-0.810
A:E100V	B:E297V	logit=-0.816

Top tied mutations (C + D view):
C:V218L	D:V491L	logit=-0.459
C:K191R	D:K464R	logit=-0.523
C:S180T	D:S453T	logit=-0.651
C:T42V	D:T315V	logit=-0.755
C:S89A	D:S362A	logit=-0.903

Top tied mutations (A + B view):
A:T18V	B:T215V	logit=-0.182
A:N55S	B:N252S	logit=-0.315
A:N54V	B:N251V	logit=-0.425
A:E100V	B:E297V	logit=-0.750
A:N57R	B:N254R	logit=-0.862

Top tied mutations (C + D view):
C:V218L	D:V491L	logit=-0.456
C:K191R	D:K464R	logit=-0.512
C:S180T	D:S453T	logit=-0.649
C:N51P	D:N324P	logit=-0.755
C:T42V	D:T315V	logit=-0.770

Top tied mutations (A + B view):
A:T18V	B:T215V	logit=-0.255
A:N55S	B:N252S	logit=-0.290
A:N54V	B:N251V	logit=-0.345
A:N57R	B:N254R	logit=-0.563
A:N54I	B:N251I	logit=-0.872

Top tied mutations (C + D view):
C:V218L	D:V491L	logit=-0.427
C:K191R	D:K464R	logit=-0.531
C:S180T	D:S453T	logit=-0.627
C:T42V	D:T315V	logit=-0.766
C:N51P	D:N324P	logit=-0.808

Top tied mutations (A + B view):
A:N55S	B:N252S	logit=-0.329
A:T18V	B:T215V	logit=-0.366
A:N54V	B:N251V	logit=-0.510
A:R61K	B:R258K	logit=-0.567
A:E100V	B:E297V	logit=-0.777

Top tied mutations (C + D view):
C:V218L	D:V491L	logit=-0.437
C:S180T	D:S453T	logit=-0.650
C:K191R	D:K464R	logit=-0.659
C:N51P	D:N324P	logit=-0.741
C:T42V	D:T315V	logit=-0.751

Top tied mutations (A + B view):
A:T18V	B:T215V	logit=-0.227
A:N55S	B:N252S	logit=-0.333
A:N54V	B:N251V	logit=-0.555
A:E100V	B:E297V	logit=-0.861
A:R61V	B:R258V	logit=-0.875

Top tied mutations (C + D view):
C:V218L	D:V491L	logit=-0.488
C:K191R	D:K464R	logit=-0.568
C:S180T	D:S453T	logit=-0.641
C:T42V	D:T315V	logit=-0.747
C:N51P	D:N324P	logit=-0.768

Top tied mutations (A + B view):
A:T18V	B:T215V	logit=-0.283
A:N55S	B:N252S	logit=-0.328
A:N54V	B:N251V	logit=-0.611
A:E100V	B:E297V	logit=-0.862
A:V102I	B:V299I	logit=-0.894

Top tied mutations (C + D view):
C:V218L	D:V491L	logit=-0.430
C:K191R	D:K464R	logit=-0.599
C:S180T	D:S453T	logit=-0.660
C:T42V	D:T315V	logit=-0.724
C:N51P	D:N324P	logit=-0.775

Top tied mutations (A + B view):
A:T18V	B:T215V	logit=-0.215
A:N55S	B:N252S	logit=-0.336
A:N54V	B:N251V	logit=-0.471
A:N54I	B:N251I	logit=-0.789
A:E100V	B:E297V	logit=-0.833

Top tied mutations (C + D view):
C:V218L	D:V491L	logit=-0.467
C:K191R	D:K464R	logit=-0.547
C:T42V	D:T315V	logit=-0.646
C:S180T	D:S453T	logit=-0.674
C:N51P	D:N324P	logit=-0.769

Top tied mutations (A + B view):
A:T18V	B:T215V	logit=-0.313
A:N55S	B:N252S	logit=-0.344
A:N54V	B:N251V	logit=-0.512
A:E100V	B:E297V	logit=-0.742
A:N54I	B:N251I	logit=-0.760

Top tied mutations (C + D view):
C:V218L	D:V491L	logit=-0.455
C:K191R	D:K464R	logit=-0.592
C:S180T	D:S453T	logit=-0.663
C:T42V	D:T315V	logit=-0.721
C:N51P	D:N324P	logit=-0.892

Top tied mutations (A + B view):
A:T18V	B:T215V	logit=-0.246
A:N55S	B:N252S	logit=-0.292
A:N54V	B:N251V	logit=-0.470
A:E100V	B:E297V	logit=-0.755
A:N57R	B:N254R	logit=-0.803

Top tied mutations (C + D view):
C:V218L	D:V491L	logit=-0.475
C:K191R	D:K464R	logit=-0.500
C:S180T	D:S453T	logit=-0.635
C:T42V	D:T315V	logit=-0.787
C:N51P	D:N324P	logit=-0.843

Top tied mutations (A + B view):
A:T18V	B:T215V	logit=-0.233
A:N55S	B:N252S	logit=-0.316
A:N54V	B:N251V	logit=-0.497
A:E100V	B:E297V	logit=-0.690
A:R61K	B:R258K	logit=-0.768

Top tied mutations (C + D view):
C:V218L	D:V491L	logit=-0.497
C:K191R	D:K464R	logit=-0.554
C:S180T	D:S453T	logit=-0.683
C:T42V	D:T315V	logit=-0.764
C:N51P	D:N324P	logit=-0.919

Top tied mutations (A + B view):
A:T18V	B:T215V	logit=-0.217
A:N55S	B:N252S	logit=-0.318
A:N54V	B:N251V	logit=-0.628
A:N57R	B:N254R	logit=-0.681
A:R61V	B:R258V	logit=-0.739

Top tied mutations (C + D view):
C:V218L	D:V491L	logit=-0.505
C:K191R	D:K464R	logit=-0.528
C:S180T	D:S453T	logit=-0.628
C:T42V	D:T315V	logit=-0.709
C:S89A	D:S362A	logit=-0.900

Top tied mutations (A + B view):
A:T18V	B:T215V	logit=-0.205
A:N55S	B:N252S	logit=-0.278
A:N54V	B:N251V	logit=-0.477
A:E100V	B:E297V	logit=-0.848
A:V102I	B:V299I	logit=-0.916

Top tied mutations (C + D view):
C:V218L	D:V491L	logit=-0.444
C:K191R	D:K464R	logit=-0.559
C:S180T	D:S453T	logit=-0.661
C:T42V	D:T315V	logit=-0.705
C:N51P	D:N324P	logit=-0.821

Top tied mutations (A + B view):
A:T18V	B:T215V	logit=-0.174
A:N54V	B:N251V	logit=-0.376
A:N55S	B:N252S	logit=-0.399
A:E100V	B:E297V	logit=-0.807
A:N54I	B:N251I	logit=-0.835

Top tied mutations (C + D view):
C:V218L	D:V491L	logit=-0.459
C:K191R	D:K464R	logit=-0.514
C:S180T	D:S453T	logit=-0.669
C:T42V	D:T315V	logit=-0.709
C:N51P	D:N324P	logit=-0.789

Top tied mutations (A + B view):
A:T18V	B:T215V	logit=-0.182
A:N55S	B:N252S	logit=-0.266
A:N54V	B:N251V	logit=-0.369
A:R61K	B:R258K	logit=-0.689
A:E100V	B:E297V	logit=-0.714

Top tied mutations (C + D view):
C:V218L	D:V491L	logit=-0.416
C:K191R	D:K464R	logit=-0.536
C:S180T	D:S453T	logit=-0.637
C:T42V	D:T315V	logit=-0.784
C:S89A	D:S362A	logit=-0.854

Top tied mutations (A + B view):
A:T18V	B:T215V	logit=-0.205
A:N55S	B:N252S	logit=-0.333
A:N54V	B:N251V	logit=-0.601
A:V58T	B:V255T	logit=-0.774
A:E100V	B:E297V	logit=-0.826

Top tied mutations (C + D view):
C:V218L	D:V491L	logit=-0.407
C:K191R	D:K464R	logit=-0.573
C:S180T	D:S453T	logit=-0.644
C:T42V	D:T315V	logit=-0.670
C:S89A	D:S362A	logit=-0.895

Top tied mutations (A + B view):
A:T18V	B:T215V	logit=-0.229
A:N55S	B:N252S	logit=-0.293
A:N54V	B:N251V	logit=-0.718
A:E100V	B:E297V	logit=-0.768
A:R61K	B:R258K	logit=-0.999

Top tied mutations (C + D view):
C:V218L	D:V491L	logit=-0.426
C:K191R	D:K464R	logit=-0.535
C:S180T	D:S453T	logit=-0.669
C:T42V	D:T315V	logit=-0.750
C:S89A	D:S362A	logit=-0.873

Top tied mutations (A + B view):
A:T18V	B:T215V	logit=-0.184
A:N55S	B:N252S	logit=-0.258
A:N54V	B:N251V	logit=-0.416
A:E100V	B:E297V	logit=-0.729
A:V102I	B:V299I	logit=-0.816

Top tied mutations (C + D view):
C:V218L	D:V491L	logit=-0.490
C:K191R	D:K464R	logit=-0.490
C:S180T	D:S453T	logit=-0.633
C:T42V	D:T315V	logit=-0.791
C:N219S	D:N492S	logit=-0.933

Top tied mutations (A + B view):
A:T18V	B:T215V	logit=-0.259
A:N55S	B:N252S	logit=-0.298
A:N54V	B:N251V	logit=-0.350
A:R61K	B:R258K	logit=-0.811
A:E100V	B:E297V	logit=-0.815

Top tied mutations (C + D view):
C:V218L	D:V491L	logit=-0.423
C:K191R	D:K464R	logit=-0.581
C:S180T	D:S453T	logit=-0.663
C:T42V	D:T315V	logit=-0.725
C:N51P	D:N324P	logit=-0.858

Top tied mutations (A + B view):
A:N55S	B:N252S	logit=-0.291
A:T18V	B:T215V	logit=-0.333
A:E100V	B:E297V	logit=-0.651
A:N54V	B:N251V	logit=-0.752
A:N57R	B:N254R	logit=-0.875

Top tied mutations (C + D view):
C:V218L	D:V491L	logit=-0.470
C:K191R	D:K464R	logit=-0.571
C:S180T	D:S453T	logit=-0.683
C:T42V	D:T315V	logit=-0.693
C:S89A	D:S362A	logit=-0.841

Top tied mutations (A + B view):
A:T18V	B:T215V	logit=-0.214
A:N55S	B:N252S	logit=-0.272
A:N54V	B:N251V	logit=-0.551
A:E100V	B:E297V	logit=-0.770
A:R61K	B:R258K	logit=-0.962

Top tied mutations (C + D view):
C:V218L	D:V491L	logit=-0.428
C:K191R	D:K464R	logit=-0.605
C:S180T	D:S453T	logit=-0.686
C:T42V	D:T315V	logit=-0.688
C:N51P	D:N324P	logit=-0.899

Top tied mutations (A + B view):
A:T18V	B:T215V	logit=-0.145
A:N55S	B:N252S	logit=-0.316
A:N54V	B:N251V	logit=-0.580
A:N54I	B:N251I	logit=-0.693
A:E100V	B:E297V	logit=-0.708

Top tied mutations (C + D view):
C:V218L	D:V491L	logit=-0.443
C:K191R	D:K464R	logit=-0.569
C:S180T	D:S453T	logit=-0.675
C:T42V	D:T315V	logit=-0.691
C:N51P	D:N324P	logit=-0.794

Top tied mutations (A + B view):
A:T18V	B:T215V	logit=-0.214
A:N55S	B:N252S	logit=-0.385
A:N54V	B:N251V	logit=-0.508
A:E100V	B:E297V	logit=-0.818
A:V58T	B:V255T	logit=-0.888

Top tied mutations (C + D view):
C:V218L	D:V491L	logit=-0.425
C:K191R	D:K464R	logit=-0.533
C:S180T	D:S453T	logit=-0.636
C:T42V	D:T315V	logit=-0.717
C:N51P	D:N324P	logit=-0.849

Top tied mutations (A + B view):
A:T18V	B:T215V	logit=-0.195
A:N55S	B:N252S	logit=-0.369
A:N54V	B:N251V	logit=-0.507
A:E100V	B:E297V	logit=-0.805
A:R61V	B:R258V	logit=-0.895

Top tied mutations (C + D view):
C:V218L	D:V491L	logit=-0.473
C:K191R	D:K464R	logit=-0.485
C:S180T	D:S453T	logit=-0.652
C:T42V	D:T315V	logit=-0.737
C:S89A	D:S362A	logit=-0.846

Top tied mutations (A + B view):
A:T18V	B:T215V	logit=-0.196
A:N55S	B:N252S	logit=-0.233
A:E100V	B:E297V	logit=-0.600
A:N54V	B:N251V	logit=-0.734
A:R61V	B:R258V	logit=-0.950

Top tied mutations (C + D view):
C:V218L	D:V491L	logit=-0.459
C:K191R	D:K464R	logit=-0.533
C:S180T	D:S453T	logit=-0.666
C:T42V	D:T315V	logit=-0.764
C:N51P	D:N324P	logit=-0.851

Top tied mutations (A + B view):
A:T18V	B:T215V	logit=-0.150
A:N55S	B:N252S	logit=-0.298
A:N54V	B:N251V	logit=-0.516
A:E100V	B:E297V	logit=-0.825
A:N54I	B:N251I	logit=-0.868

Top tied mutations (C + D view):
C:V218L	D:V491L	logit=-0.429
C:K191R	D:K464R	logit=-0.537
C:S180T	D:S453T	logit=-0.646
C:T42V	D:T315V	logit=-0.741
C:N51P	D:N324P	logit=-0.839

Top tied mutations (A + B view):
A:T18V	B:T215V	logit=-0.219
A:N54V	B:N251V	logit=-0.326
A:N55S	B:N252S	logit=-0.360
A:E100V	B:E297V	logit=-0.836
A:N54I	B:N251I	logit=-0.870

Top tied mutations (C + D view):
C:V218L	D:V491L	logit=-0.418
C:K191R	D:K464R	logit=-0.653
C:T42V	D:T315V	logit=-0.677
C:S180T	D:S453T	logit=-0.685
C:N51P	D:N324P	logit=-0.852

Top tied mutations (A + B view):
A:N55S	B:N252S	logit=-0.306
A:N54V	B:N251V	logit=-0.330
A:T18V	B:T215V	logit=-0.346
A:E100V	B:E297V	logit=-0.782
A:N57R	B:N254R	logit=-0.858

Top tied mutations (C + D view):
C:V218L	D:V491L	logit=-0.441
C:K191R	D:K464R	logit=-0.624
C:S180T	D:S453T	logit=-0.661
C:N51P	D:N324P	logit=-0.697
C:T42V	D:T315V	logit=-0.730

Top tied mutations (A + B view):
A:T18V	B:T215V	logit=-0.226
A:N55S	B:N252S	logit=-0.298
A:N54V	B:N251V	logit=-0.322
A:E100V	B:E297V	logit=-0.805
A:N57R	B:N254R	logit=-0.809

Top tied mutations (C + D view):
C:V218L	D:V491L	logit=-0.502
C:K191R	D:K464R	logit=-0.555
C:S180T	D:S453T	logit=-0.656
C:T42V	D:T315V	logit=-0.706
C:N51P	D:N324P	logit=-0.793

Top tied mutations (A + B view):
A:T18V	B:T215V	logit=-0.256
A:N55S	B:N252S	logit=-0.261
A:N54V	B:N251V	logit=-0.504
A:V102I	B:V299I	logit=-0.842
A:R61K	B:R258K	logit=-0.866

Top tied mutations (C + D view):
C:V218L	D:V491L	logit=-0.455
C:K191R	D:K464R	logit=-0.599
C:S180T	D:S453T	logit=-0.648
C:T42V	D:T315V	logit=-0.725
C:N51P	D:N324P	logit=-0.829

Top tied mutations (A + B view):
A:T18V	B:T215V	logit=-0.254
A:N55S	B:N252S	logit=-0.284
A:N54V	B:N251V	logit=-0.348
A:E100V	B:E297V	logit=-0.720
A:V102I	B:V299I	logit=-0.864

Top tied mutations (C + D view):
C:V218L	D:V491L	logit=-0.397
C:K191R	D:K464R	logit=-0.569
C:S180T	D:S453T	logit=-0.642
C:T42V	D:T315V	logit=-0.758
C:N51P	D:N324P	logit=-0.909

Top tied mutations (A + B view):
A:T18V	B:T215V	logit=-0.223
A:N55S	B:N252S	logit=-0.362
A:N54V	B:N251V	logit=-0.524
A:N54I	B:N251I	logit=-0.843
A:E100V	B:E297V	logit=-0.858

Top tied mutations (C + D view):
C:V218L	D:V491L	logit=-0.438
C:K191R	D:K464R	logit=-0.524
C:S180T	D:S453T	logit=-0.667
C:T42V	D:T315V	logit=-0.782
C:N51P	D:N324P	logit=-0.901

Top tied mutations (A + B view):
A:T18V	B:T215V	logit=-0.287
A:N55S	B:N252S	logit=-0.311
A:N54V	B:N251V	logit=-0.428
A:N57R	B:N254R	logit=-0.719
A:E100V	B:E297V	logit=-0.787

Top tied mutations (C + D view):
C:V218L	D:V491L	logit=-0.476
C:K191R	D:K464R	logit=-0.566
C:S180T	D:S453T	logit=-0.663
C:T42V	D:T315V	logit=-0.678
C:N51P	D:N324P	logit=-0.875

Top tied mutations (A + B view):
A:N55S	B:N252S	logit=-0.252
A:T18V	B:T215V	logit=-0.252
A:N54V	B:N251V	logit=-0.499
A:E100V	B:E297V	logit=-0.672
A:V102I	B:V299I	logit=-0.876

Top tied mutations (C + D view):
C:V218L	D:V491L	logit=-0.431
C:K191R	D:K464R	logit=-0.589
C:S180T	D:S453T	logit=-0.662
C:T42V	D:T315V	logit=-0.681
C:N51P	D:N324P	logit=-0.735

Top tied mutations (A + B view):
A:T18V	B:T215V	logit=-0.212
A:N55S	B:N252S	logit=-0.284
A:N54V	B:N251V	logit=-0.416
A:V102I	B:V299I	logit=-0.847
A:E100V	B:E297V	logit=-0.868

Top tied mutations (C + D view):
C:V218L	D:V491L	logit=-0.458
C:K191R	D:K464R	logit=-0.517
C:S180T	D:S453T	logit=-0.638
C:T42V	D:T315V	logit=-0.738
C:N51P	D:N324P	logit=-0.834

Top tied mutations (A + B view):
A:T18V	B:T215V	logit=-0.239
A:N55S	B:N252S	logit=-0.242
A:N54V	B:N251V	logit=-0.414
A:E100V	B:E297V	logit=-0.762
A:R61K	B:R258K	logit=-0.887

Top tied mutations (C + D view):
C:V218L	D:V491L	logit=-0.498
C:K191R	D:K464R	logit=-0.578
C:S180T	D:S453T	logit=-0.686
C:T42V	D:T315V	logit=-0.728
C:N51P	D:N324P	logit=-0.844

Top tied mutations (A + B view):
A:T18V	B:T215V	logit=-0.203
A:N55S	B:N252S	logit=-0.318
A:N54V	B:N251V	logit=-0.479
A:E100V	B:E297V	logit=-0.629
A:V58T	B:V255T	logit=-0.944

Top tied mutations (C + D view):
C:V218L	D:V491L	logit=-0.463
C:K191R	D:K464R	logit=-0.578
C:S180T	D:S453T	logit=-0.648
C:T42V	D:T315V	logit=-0.731
C:N51P	D:N324P	logit=-0.869

Top tied mutations (A + B view):
A:N55S	B:N252S	logit=-0.321
A:T18V	B:T215V	logit=-0.343
A:N54V	B:N251V	logit=-0.549
A:E100V	B:E297V	logit=-0.707
A:R61K	B:R258K	logit=-0.818

Top tied mutations (C + D view):
C:V218L	D:V491L	logit=-0.426
C:K191R	D:K464R	logit=-0.548
C:S180T	D:S453T	logit=-0.647
C:T42V	D:T315V	logit=-0.737
C:N51P	D:N324P	logit=-0.847

Top tied mutations (A + B view):
A:T18V	B:T215V	logit=-0.239
A:N55S	B:N252S	logit=-0.300
A:N54V	B:N251V	logit=-0.398
A:E100V	B:E297V	logit=-0.728
A:N54I	B:N251I	logit=-0.813

Top tied mutations (C + D view):
C:V218L	D:V491L	logit=-0.469
C:K191R	D:K464R	logit=-0.519
C:S180T	D:S453T	logit=-0.639
C:T42V	D:T315V	logit=-0.730
C:N51P	D:N324P	logit=-0.803

Top tied mutations (A + B view):
A:T18V	B:T215V	logit=-0.202
A:N55S	B:N252S	logit=-0.306
A:N54V	B:N251V	logit=-0.500
A:E100V	B:E297V	logit=-0.779
A:R61K	B:R258K	logit=-0.796

Top tied mutations (C + D view):
C:V218L	D:V491L	logit=-0.468
C:K191R	D:K464R	logit=-0.530
C:S180T	D:S453T	logit=-0.684
C:T42V	D:T315V	logit=-0.737
C:N51P	D:N324P	logit=-0.803

Top tied mutations (A + B view):
A:T18V	B:T215V	logit=-0.212
A:N55S	B:N252S	logit=-0.315
A:N54V	B:N251V	logit=-0.574
A:R61V	B:R258V	logit=-0.849
A:E100V	B:E297V	logit=-0.867

Top tied mutations (C + D view):
C:V218L	D:V491L	logit=-0.485
C:K191R	D:K464R	logit=-0.641
C:S180T	D:S453T	logit=-0.686
C:T42V	D:T315V	logit=-0.737
C:N51P	D:N324P	logit=-0.833

Top tied mutations (A + B view):
A:N55S	B:N252S	logit=-0.213
A:T18V	B:T215V	logit=-0.235
A:N54V	B:N251V	logit=-0.457
A:E100V	B:E297V	logit=-0.719
A:R61K	B:R258K	logit=-0.839

Top tied mutations (C + D view):
C:V218L	D:V491L	logit=-0.419
C:K191R	D:K464R	logit=-0.548
C:S180T	D:S453T	logit=-0.671
C:T42V	D:T315V	logit=-0.678
C:N51P	D:N324P	logit=-0.856

Top tied mutations (A + B view):
A:T18V	B:T215V	logit=-0.227
A:N55S	B:N252S	logit=-0.350
A:N54V	B:N251V	logit=-0.360
A:E100V	B:E297V	logit=-0.623
A:V102I	B:V299I	logit=-0.872

Top tied mutations (C + D view):
C:V218L	D:V491L	logit=-0.477
C:K191R	D:K464R	logit=-0.568
C:S180T	D:S453T	logit=-0.641
C:T42V	D:T315V	logit=-0.663
C:N51P	D:N324P	logit=-0.828

Top tied mutations (A + B view):
A:T18V	B:T215V	logit=-0.227
A:N55S	B:N252S	logit=-0.269
A:N54V	B:N251V	logit=-0.415
A:R61K	B:R258K	logit=-0.803
A:E100V	B:E297V	logit=-0.824

Top tied mutations (C + D view):
C:V218L	D:V491L	logit=-0.433
C:K191R	D:K464R	logit=-0.510
C:S180T	D:S453T	logit=-0.626
C:T42V	D:T315V	logit=-0.778
C:N51P	D:N324P	logit=-0.804

Top tied mutations (A + B view):
A:N55S	B:N252S	logit=-0.302
A:T18V	B:T215V	logit=-0.320
A:N54V	B:N251V	logit=-0.355
A:R61K	B:R258K	logit=-0.682
A:E100V	B:E297V	logit=-0.812

Top tied mutations (C + D view):
C:V218L	D:V491L	logit=-0.471
C:K191R	D:K464R	logit=-0.544
C:S180T	D:S453T	logit=-0.654
C:T42V	D:T315V	logit=-0.764
C:N51P	D:N324P	logit=-0.907

Top tied mutations (A + B view):
A:T18V	B:T215V	logit=-0.279
A:N55S	B:N252S	logit=-0.352
A:N54V	B:N251V	logit=-0.367
A:E100V	B:E297V	logit=-0.710
A:V102I	B:V299I	logit=-0.968

Top tied mutations (C + D view):
C:V218L	D:V491L	logit=-0.407
C:K191R	D:K464R	logit=-0.554
C:S180T	D:S453T	logit=-0.651
C:T42V	D:T315V	logit=-0.789
C:N51P	D:N324P	logit=-0.847

Top tied mutations (A + B view):
A:T18V	B:T215V	logit=-0.197
A:N55S	B:N252S	logit=-0.274
A:N54V	B:N251V	logit=-0.660
A:E100V	B:E297V	logit=-0.785
A:R61K	B:R258K	logit=-0.827

Top tied mutations (C + D view):
C:V218L	D:V491L	logit=-0.441
C:K191R	D:K464R	logit=-0.514
C:S180T	D:S453T	logit=-0.675
C:T42V	D:T315V	logit=-0.691
C:N51P	D:N324P	logit=-0.797

Top tied mutations (A + B view):
A:N55S	B:N252S	logit=-0.340
A:T18V	B:T215V	logit=-0.376
A:N54V	B:N251V	logit=-0.414
A:E100V	B:E297V	logit=-0.794
A:R61K	B:R258K	logit=-0.898

Top tied mutations (C + D view):
C:V218L	D:V491L	logit=-0.447
C:K191R	D:K464R	logit=-0.527
C:S180T	D:S453T	logit=-0.632
C:T42V	D:T315V	logit=-0.783
C:S89A	D:S362A	logit=-0.843

Top tied mutations (A + B view):
A:T18V	B:T215V	logit=-0.305
A:N55S	B:N252S	logit=-0.312
A:N54V	B:N251V	logit=-0.344
A:E100V	B:E297V	logit=-0.687
A:N57R	B:N254R	logit=-0.826

Top tied mutations (C + D view):
C:V218L	D:V491L	logit=-0.449
C:K191R	D:K464R	logit=-0.513
C:S180T	D:S453T	logit=-0.676
C:T42V	D:T315V	logit=-0.779
C:N51P	D:N324P	logit=-0.818

Top tied mutations (A + B view):
A:T18V	B:T215V	logit=-0.142
A:N55S	B:N252S	logit=-0.271
A:N54V	B:N251V	logit=-0.409
A:R61K	B:R258K	logit=-0.844
A:V102I	B:V299I	logit=-0.846

Top tied mutations (C + D view):
C:V218L	D:V491L	logit=-0.476
C:K191R	D:K464R	logit=-0.576
C:S180T	D:S453T	logit=-0.647
C:T42V	D:T315V	logit=-0.705
C:N51P	D:N324P	logit=-0.849

Top tied mutations (A + B view):
A:T18V	B:T215V	logit=-0.230
A:N55S	B:N252S	logit=-0.313
A:N54V	B:N251V	logit=-0.450
A:N54I	B:N251I	logit=-0.774
A:E100V	B:E297V	logit=-0.825

Top tied mutations (C + D view):
C:V218L	D:V491L	logit=-0.400
C:K191R	D:K464R	logit=-0.554
C:S180T	D:S453T	logit=-0.645
C:T42V	D:T315V	logit=-0.728
C:N51P	D:N324P	logit=-0.737

Top tied mutations (A + B view):
A:T18V	B:T215V	logit=-0.183
A:N55S	B:N252S	logit=-0.268
A:N54V	B:N251V	logit=-0.518
A:E100V	B:E297V	logit=-0.753
A:V102I	B:V299I	logit=-0.888

Top tied mutations (C + D view):
C:V218L	D:V491L	logit=-0.419
C:K191R	D:K464R	logit=-0.556
C:S180T	D:S453T	logit=-0.661
C:T42V	D:T315V	logit=-0.695
C:N51P	D:N324P	logit=-0.911

Top tied mutations (A + B view):
A:T18V	B:T215V	logit=-0.238
A:N55S	B:N252S	logit=-0.313
A:N54V	B:N251V	logit=-0.847
A:V58T	B:V255T	logit=-0.855
A:R61K	B:R258K	logit=-0.866

Top tied mutations (C + D view):
C:V218L	D:V491L	logit=-0.455
C:K191R	D:K464R	logit=-0.535
C:S180T	D:S453T	logit=-0.675
C:T42V	D:T315V	logit=-0.732
C:N51P	D:N324P	logit=-0.868

Top tied mutations (A + B view):
A:T18V	B:T215V	logit=-0.253
A:N55S	B:N252S	logit=-0.286
A:N54V	B:N251V	logit=-0.501
A:R61K	B:R258K	logit=-0.779
A:E100V	B:E297V	logit=-0.809

Top tied mutations (C + D view):
C:V218L	D:V491L	logit=-0.420
C:K191R	D:K464R	logit=-0.561
C:S180T	D:S453T	logit=-0.640
C:T42V	D:T315V	logit=-0.727
C:N51P	D:N324P	logit=-0.832

Top tied mutations (A + B view):
A:T18V	B:T215V	logit=-0.272
A:N55S	B:N252S	logit=-0.372
A:N54V	B:N251V	logit=-0.450
A:E100V	B:E297V	logit=-0.781
A:R61K	B:R258K	logit=-0.891

Top tied mutations (C + D view):
C:V218L	D:V491L	logit=-0.456
C:K191R	D:K464R	logit=-0.497
C:S180T	D:S453T	logit=-0.667
C:N51P	D:N324P	logit=-0.712
C:T42V	D:T315V	logit=-0.724

Top tied mutations (A + B view):
A:T18V	B:T215V	logit=-0.240
A:N55S	B:N252S	logit=-0.353
A:N54V	B:N251V	logit=-0.426
A:E100V	B:E297V	logit=-0.796
A:V102I	B:V299I	logit=-0.956

Top tied mutations (C + D view):
C:V218L	D:V491L	logit=-0.401
C:K191R	D:K464R	logit=-0.498
C:S180T	D:S453T	logit=-0.639
C:N51P	D:N324P	logit=-0.735
C:T42V	D:T315V	logit=-0.756

Top tied mutations (A + B view):
A:T18V	B:T215V	logit=-0.175
A:N55S	B:N252S	logit=-0.220
A:N54V	B:N251V	logit=-0.422
A:E100V	B:E297V	logit=-0.757
A:R61K	B:R258K	logit=-0.787

Top tied mutations (C + D view):
C:V218L	D:V491L	logit=-0.453
C:K191R	D:K464R	logit=-0.577
C:S180T	D:S453T	logit=-0.659
C:T42V	D:T315V	logit=-0.691
C:N51P	D:N324P	logit=-0.768

Top tied mutations (A + B view):
A:T18V	B:T215V	logit=-0.236
A:N55S	B:N252S	logit=-0.293
A:N54V	B:N251V	logit=-0.477
A:E100V	B:E297V	logit=-0.783
A:V102I	B:V299I	logit=-0.811

Top tied mutations (C + D view):
C:V218L	D:V491L	logit=-0.475
C:K191R	D:K464R	logit=-0.590
C:S180T	D:S453T	logit=-0.643
C:T42V	D:T315V	logit=-0.751
C:N51P	D:N324P	logit=-0.909

Top tied mutations (A + B view):
A:T18V	B:T215V	logit=-0.177
A:N55S	B:N252S	logit=-0.265
A:N54V	B:N251V	logit=-0.515
A:E100V	B:E297V	logit=-0.621
A:N57R	B:N254R	logit=-0.785

Top tied mutations (C + D view):
C:V218L	D:V491L	logit=-0.434
C:K191R	D:K464R	logit=-0.584
C:S180T	D:S453T	logit=-0.653
C:T42V	D:T315V	logit=-0.726
C:S89A	D:S362A	logit=-0.881

Top tied mutations (A + B view):
A:T18V	B:T215V	logit=-0.240
A:N55S	B:N252S	logit=-0.336
A:N54V	B:N251V	logit=-0.430
A:E100V	B:E297V	logit=-0.731
A:R61K	B:R258K	logit=-0.812

Top tied mutations (C + D view):
C:V218L	D:V491L	logit=-0.464
C:K191R	D:K464R	logit=-0.593
C:S180T	D:S453T	logit=-0.654
C:N51P	D:N324P	logit=-0.704
C:T42V	D:T315V	logit=-0.763

Top tied mutations (A + B view):
A:T18V	B:T215V	logit=-0.248
A:N55S	B:N252S	logit=-0.258
A:N54V	B:N251V	logit=-0.380
A:E100V	B:E297V	logit=-0.787
A:N54I	B:N251I	logit=-0.787

Top tied mutations (C + D view):
C:V218L	D:V491L	logit=-0.471
C:K191R	D:K464R	logit=-0.537
C:S180T	D:S453T	logit=-0.653
C:T42V	D:T315V	logit=-0.715
C:N51P	D:N324P	logit=-0.819

Top tied mutations (A + B view):
A:T18V	B:T215V	logit=-0.282
A:N55S	B:N252S	logit=-0.286
A:N54V	B:N251V	logit=-0.390
A:E100V	B:E297V	logit=-0.695
A:N54I	B:N251I	logit=-0.861

Top tied mutations (C + D view):
C:V218L	D:V491L	logit=-0.447
C:K191R	D:K464R	logit=-0.521
C:S180T	D:S453T	logit=-0.657
C:T42V	D:T315V	logit=-0.708
C:S89A	D:S362A	logit=-0.887

Top tied mutations (A + B view):
A:T18V	B:T215V	logit=-0.204
A:N55S	B:N252S	logit=-0.257
A:N54V	B:N251V	logit=-0.338
A:V102I	B:V299I	logit=-0.837
A:E100V	B:E297V	logit=-0.849

Top tied mutations (C + D view):
C:V218L	D:V491L	logit=-0.468
C:K191R	D:K464R	logit=-0.602
C:S180T	D:S453T	logit=-0.662
C:T42V	D:T315V	logit=-0.724
C:N51P	D:N324P	logit=-0.820

Top tied mutations (A + B view):
A:T18V	B:T215V	logit=-0.189
A:N55S	B:N252S	logit=-0.332
A:N54V	B:N251V	logit=-0.448
A:E100V	B:E297V	logit=-0.732
A:R61K	B:R258K	logit=-0.858

Top tied mutations (C + D view):
C:V218L	D:V491L	logit=-0.467
C:K191R	D:K464R	logit=-0.513
C:S180T	D:S453T	logit=-0.651
C:N51P	D:N324P	logit=-0.750
C:T42V	D:T315V	logit=-0.785

Top tied mutations (A + B view):
A:T18V	B:T215V	logit=-0.155
A:N55S	B:N252S	logit=-0.282
A:N54V	B:N251V	logit=-0.459
A:E100V	B:E297V	logit=-0.788
A:V102I	B:V299I	logit=-0.849

Top tied mutations (C + D view):
C:V218L	D:V491L	logit=-0.469
C:K191R	D:K464R	logit=-0.578
C:S180T	D:S453T	logit=-0.652
C:T42V	D:T315V	logit=-0.750
C:N219S	D:N492S	logit=-0.921

Top tied mutations (A + B view):
A:N55S	B:N252S	logit=-0.249
A:T18V	B:T215V	logit=-0.285
A:N54V	B:N251V	logit=-0.481
A:N57R	B:N254R	logit=-0.746
A:E100V	B:E297V	logit=-0.833

Top tied mutations (C + D view):
C:V218L	D:V491L	logit=-0.472
C:K191R	D:K464R	logit=-0.576
C:S180T	D:S453T	logit=-0.649
C:T42V	D:T315V	logit=-0.728
C:N51P	D:N324P	logit=-0.808

Top tied mutations (A + B view):
A:T18V	B:T215V	logit=-0.181
A:N55S	B:N252S	logit=-0.317
A:N54V	B:N251V	logit=-0.496
A:E100V	B:E297V	logit=-0.728
A:V102I	B:V299I	logit=-0.803

Top tied mutations (C + D view):
C:V218L	D:V491L	logit=-0.478
C:K191R	D:K464R	logit=-0.490
C:S180T	D:S453T	logit=-0.662
C:T42V	D:T315V	logit=-0.729
C:S89A	D:S362A	logit=-0.923

Top tied mutations (A + B view):
A:T18V	B:T215V	logit=-0.211
A:N55S	B:N252S	logit=-0.283
A:N54V	B:N251V	logit=-0.585
A:R61K	B:R258K	logit=-0.815
A:E100V	B:E297V	logit=-0.866

Top tied mutations (C + D view):
C:V218L	D:V491L	logit=-0.442
C:K191R	D:K464R	logit=-0.592
C:S180T	D:S453T	logit=-0.677
C:T42V	D:T315V	logit=-0.754
C:A168P	D:A441P	logit=-0.900

Top tied mutations (A + B view):
A:T18V	B:T215V	logit=-0.173
A:N55S	B:N252S	logit=-0.293
A:N54V	B:N251V	logit=-0.406
A:N57R	B:N254R	logit=-0.798
A:E100V	B:E297V	logit=-0.853

Top tied mutations (C + D view):
C:V218L	D:V491L	logit=-0.420
C:K191R	D:K464R	logit=-0.591
C:S180T	D:S453T	logit=-0.637
C:T42V	D:T315V	logit=-0.731
C:S89A	D:S362A	logit=-0.851

Top tied mutations (A + B view):
A:T18V	B:T215V	logit=-0.344
A:N55S	B:N252S	logit=-0.347
A:N54V	B:N251V	logit=-0.505
A:N57R	B:N254R	logit=-0.693
A:R61K	B:R258K	logit=-0.876

Top tied mutations (C + D view):
C:V218L	D:V491L	logit=-0.463
C:K191R	D:K464R	logit=-0.614
C:S180T	D:S453T	logit=-0.646
C:T42V	D:T315V	logit=-0.744
C:S89A	D:S362A	logit=-0.899

Top tied mutations (A + B view):
A:N55S	B:N252S	logit=-0.258
A:T18V	B:T215V	logit=-0.273
A:N54V	B:N251V	logit=-0.433
A:E100V	B:E297V	logit=-0.635
A:N57R	B:N254R	logit=-0.886

Top tied mutations (C + D view):
C:V218L	D:V491L	logit=-0.416
C:K191R	D:K464R	logit=-0.493
C:S180T	D:S453T	logit=-0.660
C:N51P	D:N324P	logit=-0.772
C:T42V	D:T315V	logit=-0.782

Top tied mutations (A + B view):
A:T18V	B:T215V	logit=-0.190
A:N55S	B:N252S	logit=-0.333
A:N54V	B:N251V	logit=-0.403
A:E100V	B:E297V	logit=-0.702
A:V102I	B:V299I	logit=-0.797

Top tied mutations (C + D view):
C:V218L	D:V491L	logit=-0.414
C:K191R	D:K464R	logit=-0.573
C:S180T	D:S453T	logit=-0.649
C:T42V	D:T315V	logit=-0.700
C:N51P	D:N324P	logit=-0.843

Top tied mutations (A + B view):
A:T18V	B:T215V	logit=-0.230
A:N55S	B:N252S	logit=-0.392
A:N54V	B:N251V	logit=-0.528
A:E100V	B:E297V	logit=-0.779
A:R61V	B:R258V	logit=-0.882

Top tied mutations (C + D view):
C:V218L	D:V491L	logit=-0.452
C:K191R	D:K464R	logit=-0.630
C:S180T	D:S453T	logit=-0.653
C:T42V	D:T315V	logit=-0.752
C:N51P	D:N324P	logit=-0.903

Top tied mutations (A + B view):
A:T18V	B:T215V	logit=-0.208
A:N55S	B:N252S	logit=-0.304
A:N54V	B:N251V	logit=-0.573
A:E100V	B:E297V	logit=-0.720
A:N57R	B:N254R	logit=-0.787

Top tied mutations (C + D view):
C:V218L	D:V491L	logit=-0.440
C:K191R	D:K464R	logit=-0.525
C:S180T	D:S453T	logit=-0.651
C:T42V	D:T315V	logit=-0.749
C:N51P	D:N324P	logit=-0.787

Top tied mutations (A + B view):
A:T18V	B:T215V	logit=-0.207
A:N55S	B:N252S	logit=-0.290
A:N54V	B:N251V	logit=-0.506
A:E100V	B:E297V	logit=-0.783
A:V102I	B:V299I	logit=-0.819

Top tied mutations (C + D view):
C:V218L	D:V491L	logit=-0.480
C:K191R	D:K464R	logit=-0.571
C:S180T	D:S453T	logit=-0.657
C:T42V	D:T315V	logit=-0.774
C:N51P	D:N324P	logit=-0.816

Top tied mutations (A + B view):
A:T18V	B:T215V	logit=-0.207
A:N55S	B:N252S	logit=-0.361
A:N54V	B:N251V	logit=-0.553
A:E100V	B:E297V	logit=-0.634
A:N54I	B:N251I	logit=-0.820

Top tied mutations (C + D view):
C:V218L	D:V491L	logit=-0.443
C:K191R	D:K464R	logit=-0.542
C:S180T	D:S453T	logit=-0.663
C:T42V	D:T315V	logit=-0.708
C:N51P	D:N324P	logit=-0.870

Top tied mutations (A + B view):
A:T18V	B:T215V	logit=-0.260
A:N55S	B:N252S	logit=-0.308
A:N54V	B:N251V	logit=-0.554
A:E100V	B:E297V	logit=-0.875
A:V102I	B:V299I	logit=-0.967

Top tied mutations (C + D view):
C:V218L	D:V491L	logit=-0.439
C:K191R	D:K464R	logit=-0.624
C:S180T	D:S453T	logit=-0.710
C:T42V	D:T315V	logit=-0.723
C:S89A	D:S362A	logit=-0.907

Top tied mutations (A + B view):
A:N55S	B:N252S	logit=-0.233
A:T18V	B:T215V	logit=-0.255
A:N54V	B:N251V	logit=-0.450
A:E100V	B:E297V	logit=-0.864
A:R61V	B:R258V	logit=-0.956

Top tied mutations (C + D view):
C:V218L	D:V491L	logit=-0.479
C:K191R	D:K464R	logit=-0.528
C:S180T	D:S453T	logit=-0.621
C:T42V	D:T315V	logit=-0.759
C:N51P	D:N324P	logit=-0.888

Top tied mutations (A + B view):
A:T18V	B:T215V	logit=-0.254
A:N55S	B:N252S	logit=-0.326
A:N54V	B:N251V	logit=-0.512
A:E100V	B:E297V	logit=-0.769
A:V58T	B:V255T	logit=-0.933

Top tied mutations (C + D view):
C:V218L	D:V491L	logit=-0.480
C:K191R	D:K464R	logit=-0.549
C:S180T	D:S453T	logit=-0.663
C:T42V	D:T315V	logit=-0.678
C:N51P	D:N324P	logit=-0.791

Top tied mutations (A + B view):
A:T18V	B:T215V	logit=-0.258
A:N55S	B:N252S	logit=-0.278
A:N54V	B:N251V	logit=-0.490
A:N57R	B:N254R	logit=-0.784
A:E100V	B:E297V	logit=-0.806

Top tied mutations (C + D view):
C:V218L	D:V491L	logit=-0.502
C:K191R	D:K464R	logit=-0.539
C:S180T	D:S453T	logit=-0.654
C:T42V	D:T315V	logit=-0.766
C:N51P	D:N324P	logit=-0.781

Top tied mutations (A + B view):
A:T18V	B:T215V	logit=-0.287
A:N55S	B:N252S	logit=-0.368
A:N54V	B:N251V	logit=-0.538
A:R61K	B:R258K	logit=-0.756
A:E100V	B:E297V	logit=-0.853

Top tied mutations (C + D view):
C:V218L	D:V491L	logit=-0.482
C:K191R	D:K464R	logit=-0.623
C:S180T	D:S453T	logit=-0.669
C:T42V	D:T315V	logit=-0.701
C:N51P	D:N324P	logit=-0.865

Top tied mutations (A + B view):
A:T18V	B:T215V	logit=-0.209
A:N55S	B:N252S	logit=-0.301
A:N54V	B:N251V	logit=-0.430
A:E100V	B:E297V	logit=-0.666
A:R61V	B:R258V	logit=-0.953

Top tied mutations (C + D view):
C:V218L	D:V491L	logit=-0.479
C:K191R	D:K464R	logit=-0.531
C:S180T	D:S453T	logit=-0.649
C:T42V	D:T315V	logit=-0.762
C:N51P	D:N324P	logit=-0.846

Top tied mutations (A + B view):
A:N55S	B:N252S	logit=-0.243
A:T18V	B:T215V	logit=-0.270
A:N54V	B:N251V	logit=-0.467
A:E100V	B:E297V	logit=-0.661
A:R61V	B:R258V	logit=-0.909

Top tied mutations (C + D view):
C:V218L	D:V491L	logit=-0.493
C:K191R	D:K464R	logit=-0.522
C:S180T	D:S453T	logit=-0.637
C:N51P	D:N324P	logit=-0.773
C:T42V	D:T315V	logit=-0.780

Top tied mutations (A + B view):
A:T18V	B:T215V	logit=-0.222
A:N55S	B:N252S	logit=-0.303
A:N54V	B:N251V	logit=-0.436
A:R61K	B:R258K	logit=-0.806
A:N57R	B:N254R	logit=-0.879

Top tied mutations (C + D view):
C:V218L	D:V491L	logit=-0.504
C:K191R	D:K464R	logit=-0.551
C:S180T	D:S453T	logit=-0.641
C:T42V	D:T315V	logit=-0.737
C:S89A	D:S362A	logit=-0.869

Top tied mutations (A + B view):
A:T18V	B:T215V	logit=-0.208
A:N55S	B:N252S	logit=-0.248
A:N54V	B:N251V	logit=-0.376
A:E100V	B:E297V	logit=-0.756
A:R61K	B:R258K	logit=-0.848

Top tied mutations (C + D view):
C:V218L	D:V491L	logit=-0.481
C:K191R	D:K464R	logit=-0.490
C:S180T	D:S453T	logit=-0.677
C:T42V	D:T315V	logit=-0.731
C:N51P	D:N324P	logit=-0.795

Top tied mutations (A + B view):
A:T18V	B:T215V	logit=-0.105
A:N55S	B:N252S	logit=-0.331
A:N54V	B:N251V	logit=-0.564
A:E100V	B:E297V	logit=-0.783
A:N54I	B:N251I	logit=-0.894

Top tied mutations (C + D view):
C:V218L	D:V491L	logit=-0.439
C:K191R	D:K464R	logit=-0.512
C:S180T	D:S453T	logit=-0.675
C:T42V	D:T315V	logit=-0.756
C:N51P	D:N324P	logit=-0.815

Top tied mutations (A + B view):
A:T18V	B:T215V	logit=-0.185
A:N55S	B:N252S	logit=-0.309
A:N54V	B:N251V	logit=-0.597
A:E100V	B:E297V	logit=-0.620
A:V102I	B:V299I	logit=-0.803

Top tied mutations (C + D view):
C:V218L	D:V491L	logit=-0.447
C:K191R	D:K464R	logit=-0.579
C:S180T	D:S453T	logit=-0.667
C:T42V	D:T315V	logit=-0.723
C:N51P	D:N324P	logit=-0.798

Top tied mutations (A + B view):
A:T18V	B:T215V	logit=-0.276
A:N55S	B:N252S	logit=-0.299
A:N54V	B:N251V	logit=-0.379
A:E100V	B:E297V	logit=-0.744
A:N57R	B:N254R	logit=-0.805

Top tied mutations (C + D view):
C:V218L	D:V491L	logit=-0.465
C:K191R	D:K464R	logit=-0.547
C:S180T	D:S453T	logit=-0.632
C:T42V	D:T315V	logit=-0.723
C:N51P	D:N324P	logit=-0.831

Top tied mutations (A + B view):
A:T18V	B:T215V	logit=-0.176
A:N55S	B:N252S	logit=-0.324
A:N54V	B:N251V	logit=-0.422
A:E100V	B:E297V	logit=-0.751
A:N57R	B:N254R	logit=-0.888

Top tied mutations (C + D view):
C:V218L	D:V491L	logit=-0.420
C:K191R	D:K464R	logit=-0.506
C:S180T	D:S453T	logit=-0.612
C:T42V	D:T315V	logit=-0.747
C:N51P	D:N324P	logit=-0.765

Top tied mutations (A + B view):
A:T18V	B:T215V	logit=-0.228
A:N55S	B:N252S	logit=-0.336
A:N54V	B:N251V	logit=-0.462
A:E100V	B:E297V	logit=-0.720
A:V102I	B:V299I	logit=-0.940

Top tied mutations (C + D view):
C:V218L	D:V491L	logit=-0.458
C:K191R	D:K464R	logit=-0.573
C:S180T	D:S453T	logit=-0.658
C:T42V	D:T315V	logit=-0.762
C:S89A	D:S362A	logit=-0.916

Top tied mutations (A + B view):
A:T18V	B:T215V	logit=-0.215
A:N54V	B:N251V	logit=-0.297
A:N55S	B:N252S	logit=-0.298
A:E100V	B:E297V	logit=-0.796
A:N54I	B:N251I	logit=-0.917

Top tied mutations (C + D view):
C:V218L	D:V491L	logit=-0.416
C:K191R	D:K464R	logit=-0.551
C:T42V	D:T315V	logit=-0.653
C:S180T	D:S453T	logit=-0.669
C:N51P	D:N324P	logit=-0.765

Top tied mutations (A + B view):
A:N55S	B:N252S	logit=-0.245
A:T18V	B:T215V	logit=-0.277
A:N54V	B:N251V	logit=-0.659
A:E100V	B:E297V	logit=-0.691
A:N57R	B:N254R	logit=-0.787

Top tied mutations (C + D view):
C:V218L	D:V491L	logit=-0.445
C:K191R	D:K464R	logit=-0.529
C:S180T	D:S453T	logit=-0.630
C:T42V	D:T315V	logit=-0.718
C:N51P	D:N324P	logit=-0.794

Top tied mutations (A + B view):
A:T18V	B:T215V	logit=-0.251
A:N55S	B:N252S	logit=-0.284
A:N54V	B:N251V	logit=-0.524
A:E100V	B:E297V	logit=-0.772
A:V102I	B:V299I	logit=-0.968

Top tied mutations (C + D view):
C:V218L	D:V491L	logit=-0.415
C:K191R	D:K464R	logit=-0.598
C:S180T	D:S453T	logit=-0.647
C:T42V	D:T315V	logit=-0.654
C:N51P	D:N324P	logit=-0.851

Top tied mutations (A + B view):
A:T18V	B:T215V	logit=-0.263
A:N55S	B:N252S	logit=-0.363
A:E100V	B:E297V	logit=-0.606
A:N54V	B:N251V	logit=-0.664
A:V102I	B:V299I	logit=-0.949

Top tied mutations (C + D view):
C:V218L	D:V491L	logit=-0.436
C:K191R	D:K464R	logit=-0.515
C:S180T	D:S453T	logit=-0.649
C:T42V	D:T315V	logit=-0.805
C:N51P	D:N324P	logit=-0.861

Top tied mutations (A + B view):
A:T18V	B:T215V	logit=-0.298
A:N55S	B:N252S	logit=-0.320
A:N54V	B:N251V	logit=-0.496
A:E100V	B:E297V	logit=-0.854
A:N57R	B:N254R	logit=-0.881

Top tied mutations (C + D view):
C:V218L	D:V491L	logit=-0.416
C:K191R	D:K464R	logit=-0.603
C:S180T	D:S453T	logit=-0.666
C:T42V	D:T315V	logit=-0.769
C:N51P	D:N324P	logit=-0.870

Top tied mutations (A + B view):
A:T18V	B:T215V	logit=-0.274
A:N55S	B:N252S	logit=-0.275
A:N54V	B:N251V	logit=-0.376
A:E100V	B:E297V	logit=-0.793
A:V58T	B:V255T	logit=-0.894

Top tied mutations (C + D view):
C:V218L	D:V491L	logit=-0.459
C:K191R	D:K464R	logit=-0.535
C:S180T	D:S453T	logit=-0.643
C:T42V	D:T315V	logit=-0.701
C:N51P	D:N324P	logit=-0.834

Top tied mutations (A + B view):
A:T18V	B:T215V	logit=-0.273
A:N55S	B:N252S	logit=-0.344
A:N54V	B:N251V	logit=-0.506
A:V102I	B:V299I	logit=-0.803
A:E100V	B:E297V	logit=-0.814

Top tied mutations (C + D view):
C:V218L	D:V491L	logit=-0.439
C:K191R	D:K464R	logit=-0.594
C:S180T	D:S453T	logit=-0.652
C:T42V	D:T315V	logit=-0.677
C:S89A	D:S362A	logit=-0.784

Top tied mutations (A + B view):
A:T18V	B:T215V	logit=-0.267
A:N55S	B:N252S	logit=-0.295
A:N54V	B:N251V	logit=-0.439
A:E100V	B:E297V	logit=-0.862
A:V58T	B:V255T	logit=-0.895

Top tied mutations (C + D view):
C:V218L	D:V491L	logit=-0.461
C:K191R	D:K464R	logit=-0.534
C:S180T	D:S453T	logit=-0.666
C:T42V	D:T315V	logit=-0.729
C:S89A	D:S362A	logit=-0.849

Top tied mutations (A + B view):
A:T18V	B:T215V	logit=-0.270
A:N55S	B:N252S	logit=-0.284
A:N54V	B:N251V	logit=-0.651
A:E100V	B:E297V	logit=-0.774
A:N57R	B:N254R	logit=-0.904

Top tied mutations (C + D view):
C:V218L	D:V491L	logit=-0.435
C:K191R	D:K464R	logit=-0.583
C:T42V	D:T315V	logit=-0.696
C:S180T	D:S453T	logit=-0.698
C:N51P	D:N324P	logit=-0.781

Top tied mutations (A + B view):
A:N55S	B:N252S	logit=-0.192
A:T18V	B:T215V	logit=-0.297
A:N54V	B:N251V	logit=-0.322
A:N54I	B:N251I	logit=-0.761
A:E100V	B:E297V	logit=-0.839

Top tied mutations (C + D view):
C:V218L	D:V491L	logit=-0.471
C:K191R	D:K464R	logit=-0.582
C:S180T	D:S453T	logit=-0.652
C:N51P	D:N324P	logit=-0.713
C:T42V	D:T315V	logit=-0.718

Top tied mutations (A + B view):
A:N55S	B:N252S	logit=-0.275
A:T18V	B:T215V	logit=-0.343
A:N54V	B:N251V	logit=-0.456
A:E100V	B:E297V	logit=-0.766
A:N57R	B:N254R	logit=-0.789

Top tied mutations (C + D view):
C:V218L	D:V491L	logit=-0.427
C:K191R	D:K464R	logit=-0.559
C:S180T	D:S453T	logit=-0.664
C:T42V	D:T315V	logit=-0.737
C:N51P	D:N324P	logit=-0.866

Top tied mutations (A + B view):
A:T18V	B:T215V	logit=-0.224
A:N55S	B:N252S	logit=-0.300
A:N54V	B:N251V	logit=-0.377
A:E100V	B:E297V	logit=-0.708
A:R61V	B:R258V	logit=-0.846

Top tied mutations (C + D view):
C:V218L	D:V491L	logit=-0.469
C:K191R	D:K464R	logit=-0.568
C:S180T	D:S453T	logit=-0.655
C:T42V	D:T315V	logit=-0.720
C:N51P	D:N324P	logit=-0.824

Top tied mutations (A + B view):
A:T18V	B:T215V	logit=-0.186
A:N55S	B:N252S	logit=-0.317
A:N54V	B:N251V	logit=-0.429
A:E100V	B:E297V	logit=-0.739
A:N57R	B:N254R	logit=-0.843

Top tied mutations (C + D view):
C:V218L	D:V491L	logit=-0.414
C:K191R	D:K464R	logit=-0.497
C:T42V	D:T315V	logit=-0.666
C:S180T	D:S453T	logit=-0.671
C:N51P	D:N324P	logit=-0.768

Top tied mutations (A + B view):
A:T18V	B:T215V	logit=-0.188
A:N55S	B:N252S	logit=-0.309
A:N54V	B:N251V	logit=-0.549
A:V102I	B:V299I	logit=-0.813
A:N54I	B:N251I	logit=-0.869

Top tied mutations (C + D view):
C:V218L	D:V491L	logit=-0.477
C:K191R	D:K464R	logit=-0.560
C:S180T	D:S453T	logit=-0.652
C:T42V	D:T315V	logit=-0.739
C:N51P	D:N324P	logit=-0.769

Top tied mutations (A + B view):
A:T18V	B:T215V	logit=-0.208
A:N55S	B:N252S	logit=-0.330
A:N54V	B:N251V	logit=-0.476
A:N54I	B:N251I	logit=-0.830
A:E100V	B:E297V	logit=-0.849

Top tied mutations (C + D view):
C:K191R	D:K464R	logit=-0.471
C:V218L	D:V491L	logit=-0.480
C:S180T	D:S453T	logit=-0.657
C:T42V	D:T315V	logit=-0.689
C:N51P	D:N324P	logit=-0.795

Top tied mutations (A + B view):
A:T18V	B:T215V	logit=-0.186
A:N55S	B:N252S	logit=-0.257
A:N54V	B:N251V	logit=-0.504
A:E100V	B:E297V	logit=-0.851
A:V102I	B:V299I	logit=-0.926

Top tied mutations (C + D view):
C:V218L	D:V491L	logit=-0.438
C:K191R	D:K464R	logit=-0.606
C:S180T	D:S453T	logit=-0.665
C:T42V	D:T315V	logit=-0.747
C:N51P	D:N324P	logit=-0.864

Top tied mutations (A + B view):
A:T18V	B:T215V	logit=-0.257
A:N55S	B:N252S	logit=-0.335
A:N54V	B:N251V	logit=-0.536
A:E100V	B:E297V	logit=-0.785
A:N54I	B:N251I	logit=-0.901

Top tied mutations (C + D view):
C:V218L	D:V491L	logit=-0.409
C:K191R	D:K464R	logit=-0.504
C:S180T	D:S453T	logit=-0.636
C:T42V	D:T315V	logit=-0.782
C:S89A	D:S362A	logit=-0.902

Top tied mutations (A + B view):
A:T18V	B:T215V	logit=-0.269
A:N55S	B:N252S	logit=-0.336
A:N54V	B:N251V	logit=-0.486
A:N54I	B:N251I	logit=-0.767
A:V102I	B:V299I	logit=-0.796

Top tied mutations (C + D view):
C:V218L	D:V491L	logit=-0.429
C:K191R	D:K464R	logit=-0.611
C:S180T	D:S453T	logit=-0.659
C:T42V	D:T315V	logit=-0.760
C:N51P	D:N324P	logit=-0.897

Top tied mutations (A + B view):
A:T18V	B:T215V	logit=-0.259
A:N55S	B:N252S	logit=-0.322
A:N54V	B:N251V	logit=-0.483
A:E100V	B:E297V	logit=-0.733
A:N54I	B:N251I	logit=-0.883

Top tied mutations (C + D view):
C:V218L	D:V491L	logit=-0.458
C:K191R	D:K464R	logit=-0.618
C:S180T	D:S453T	logit=-0.649
C:T42V	D:T315V	logit=-0.747
C:S89A	D:S362A	logit=-0.898

Top tied mutations (A + B view):
A:T18V	B:T215V	logit=-0.150
A:N55S	B:N252S	logit=-0.325
A:N54V	B:N251V	logit=-0.462
A:E100V	B:E297V	logit=-0.756
A:R61K	B:R258K	logit=-0.919

Top tied mutations (C + D view):
C:V218L	D:V491L	logit=-0.423
C:K191R	D:K464R	logit=-0.523
C:S180T	D:S453T	logit=-0.648
C:T42V	D:T315V	logit=-0.722
C:N51P	D:N324P	logit=-0.776

Top tied mutations (A + B view):
A:T18V	B:T215V	logit=-0.218
A:N55S	B:N252S	logit=-0.267
A:N54V	B:N251V	logit=-0.441
A:E100V	B:E297V	logit=-0.743
A:N57R	B:N254R	logit=-0.797

Top tied mutations (C + D view):
C:V218L	D:V491L	logit=-0.491
C:K191R	D:K464R	logit=-0.536
C:S180T	D:S453T	logit=-0.684
C:T42V	D:T315V	logit=-0.776
C:S89A	D:S362A	logit=-0.857

Top tied mutations (A + B view):
A:T18V	B:T215V	logit=-0.275
A:N55S	B:N252S	logit=-0.303
A:N54V	B:N251V	logit=-0.379
A:E100V	B:E297V	logit=-0.761
A:N54I	B:N251I	logit=-0.830

Top tied mutations (C + D view):
C:V218L	D:V491L	logit=-0.452
C:K191R	D:K464R	logit=-0.520
C:S180T	D:S453T	logit=-0.670
C:T42V	D:T315V	logit=-0.762
C:N51P	D:N324P	logit=-0.843

Top tied mutations (A + B view):
A:T18V	B:T215V	logit=-0.266
A:N55S	B:N252S	logit=-0.270
A:N54V	B:N251V	logit=-0.421
A:E100V	B:E297V	logit=-0.789
A:V102I	B:V299I	logit=-0.850

Top tied mutations (C + D view):
C:V218L	D:V491L	logit=-0.459
C:K191R	D:K464R	logit=-0.535
C:S180T	D:S453T	logit=-0.649
C:T42V	D:T315V	logit=-0.726
C:N51P	D:N324P	logit=-0.807

Top tied mutations (A + B view):
A:N55S	B:N252S	logit=-0.170
A:T18V	B:T215V	logit=-0.278
A:N54V	B:N251V	logit=-0.502
A:E100V	B:E297V	logit=-0.766
A:N57R	B:N254R	logit=-0.883

Top tied mutations (C + D view):
C:V218L	D:V491L	logit=-0.469
C:K191R	D:K464R	logit=-0.571
C:S180T	D:S453T	logit=-0.656
C:T42V	D:T315V	logit=-0.680
C:N51P	D:N324P	logit=-0.701

Top tied mutations (A + B view):
A:T18V	B:T215V	logit=-0.239
A:N55S	B:N252S	logit=-0.292
A:N54V	B:N251V	logit=-0.572
A:E100V	B:E297V	logit=-0.712
A:V102I	B:V299I	logit=-0.883

Top tied mutations (C + D view):
C:V218L	D:V491L	logit=-0.431
C:K191R	D:K464R	logit=-0.623
C:S180T	D:S453T	logit=-0.638
C:T42V	D:T315V	logit=-0.709
C:S89A	D:S362A	logit=-0.833

Top tied mutations (A + B view):
A:N55S	B:N252S	logit=-0.260
A:T18V	B:T215V	logit=-0.270
A:N54V	B:N251V	logit=-0.481
A:N54I	B:N251I	logit=-0.606
A:R61K	B:R258K	logit=-0.654

Top tied mutations (C + D view):
C:V218L	D:V491L	logit=-0.431
C:K191R	D:K464R	logit=-0.556
C:S180T	D:S453T	logit=-0.657
C:T42V	D:T315V	logit=-0.678
C:N51P	D:N324P	logit=-0.830

Top tied mutations (A + B view):
A:T18V	B:T215V	logit=-0.219
A:N55S	B:N252S	logit=-0.287
A:N54V	B:N251V	logit=-0.562
A:E100V	B:E297V	logit=-0.780
A:V102I	B:V299I	logit=-0.885

Top tied mutations (C + D view):
C:V218L	D:V491L	logit=-0.462
C:K191R	D:K464R	logit=-0.557
C:S180T	D:S453T	logit=-0.680
C:T42V	D:T315V	logit=-0.691
C:N51P	D:N324P	logit=-0.767

Top tied mutations (A + B view):
A:N55S	B:N252S	logit=-0.241
A:T18V	B:T215V	logit=-0.314
A:N54V	B:N251V	logit=-0.561
A:E100V	B:E297V	logit=-0.790
A:N57R	B:N254R	logit=-0.833

Top tied mutations (C + D view):
C:V218L	D:V491L	logit=-0.470
C:K191R	D:K464R	logit=-0.577
C:S180T	D:S453T	logit=-0.651
C:T42V	D:T315V	logit=-0.681
C:S89A	D:S362A	logit=-0.880

Top tied mutations (A + B view):
A:T18V	B:T215V	logit=-0.205
A:N55S	B:N252S	logit=-0.360
A:N54V	B:N251V	logit=-0.643
A:N57R	B:N254R	logit=-0.779
A:E100V	B:E297V	logit=-0.819

Top tied mutations (C + D view):
C:V218L	D:V491L	logit=-0.451
C:K191R	D:K464R	logit=-0.661
C:S180T	D:S453T	logit=-0.671
C:T42V	D:T315V	logit=-0.782
C:N51P	D:N324P	logit=-0.809

Top tied mutations (A + B view):
A:T18V	B:T215V	logit=-0.110
A:N55S	B:N252S	logit=-0.277
A:N54V	B:N251V	logit=-0.500
A:E100V	B:E297V	logit=-0.721
A:N54I	B:N251I	logit=-0.796

Top tied mutations (C + D view):
C:V218L	D:V491L	logit=-0.449
C:K191R	D:K464R	logit=-0.602
C:S180T	D:S453T	logit=-0.619
C:T42V	D:T315V	logit=-0.782
C:N51P	D:N324P	logit=-0.801

Top tied mutations (A + B view):
A:T18V	B:T215V	logit=-0.274
A:N55S	B:N252S	logit=-0.387
A:N54V	B:N251V	logit=-0.501
A:E100V	B:E297V	logit=-0.803
A:R61V	B:R258V	logit=-0.879

Top tied mutations (C + D view):
C:V218L	D:V491L	logit=-0.424
C:K191R	D:K464R	logit=-0.538
C:S180T	D:S453T	logit=-0.656
C:T42V	D:T315V	logit=-0.723
C:N51P	D:N324P	logit=-0.864

Top tied mutations (A + B view):
A:T18V	B:T215V	logit=-0.190
A:N55S	B:N252S	logit=-0.273
A:N54V	B:N251V	logit=-0.497
A:N57R	B:N254R	logit=-0.705
A:E100V	B:E297V	logit=-0.829

Top tied mutations (C + D view):
C:V218L	D:V491L	logit=-0.408
C:K191R	D:K464R	logit=-0.550
C:S180T	D:S453T	logit=-0.675
C:T42V	D:T315V	logit=-0.684
C:N51P	D:N324P	logit=-0.846

Top tied mutations (A + B view):
A:T18V	B:T215V	logit=-0.155
A:N55S	B:N252S	logit=-0.338
A:N54V	B:N251V	logit=-0.463
A:V102I	B:V299I	logit=-0.891
A:V58T	B:V255T	logit=-0.894

Top tied mutations (C + D view):
C:V218L	D:V491L	logit=-0.443
C:K191R	D:K464R	logit=-0.516
C:S180T	D:S453T	logit=-0.639
C:T42V	D:T315V	logit=-0.720
C:N51P	D:N324P	logit=-0.835

Top tied mutations (A + B view):
A:T18V	B:T215V	logit=-0.209
A:N55S	B:N252S	logit=-0.408
A:N54V	B:N251V	logit=-0.607
A:E100V	B:E297V	logit=-0.609
A:N57R	B:N254R	logit=-0.762

Top tied mutations (C + D view):
C:V218L	D:V491L	logit=-0.432
C:K191R	D:K464R	logit=-0.566
C:S180T	D:S453T	logit=-0.649
C:N51P	D:N324P	logit=-0.690
C:T42V	D:T315V	logit=-0.753

Top tied mutations (A + B view):
A:N55S	B:N252S	logit=-0.303
A:T18V	B:T215V	logit=-0.310
A:N54V	B:N251V	logit=-0.408
A:E100V	B:E297V	logit=-0.796
A:R61K	B:R258K	logit=-0.910

Top tied mutations (C + D view):
C:V218L	D:V491L	logit=-0.421
C:K191R	D:K464R	logit=-0.559
C:S180T	D:S453T	logit=-0.664
C:T42V	D:T315V	logit=-0.803
C:S89A	D:S362A	logit=-0.893

Top tied mutations (A + B view):
A:T18V	B:T215V	logit=-0.259
A:N55S	B:N252S	logit=-0.278
A:N54V	B:N251V	logit=-0.423
A:R61K	B:R258K	logit=-0.705
A:V102I	B:V299I	logit=-0.805

Top tied mutations (C + D view):
C:V218L	D:V491L	logit=-0.437
C:K191R	D:K464R	logit=-0.531
C:S180T	D:S453T	logit=-0.639
C:T42V	D:T315V	logit=-0.775
C:N51P	D:N324P	logit=-0.864

Top tied mutations (A + B view):
A:N55S	B:N252S	logit=-0.235
A:T18V	B:T215V	logit=-0.240
A:N54V	B:N251V	logit=-0.478
A:E100V	B:E297V	logit=-0.771
A:N57R	B:N254R	logit=-0.899

Top tied mutations (C + D view):
C:V218L	D:V491L	logit=-0.417
C:K191R	D:K464R	logit=-0.538
C:S180T	D:S453T	logit=-0.662
C:T42V	D:T315V	logit=-0.752
C:N51P	D:N324P	logit=-0.815

Top tied mutations (A + B view):
A:T18V	B:T215V	logit=-0.275
A:N55S	B:N252S	logit=-0.287
A:N54V	B:N251V	logit=-0.450
A:N54I	B:N251I	logit=-0.755
A:E100V	B:E297V	logit=-0.777

Top tied mutations (C + D view):
C:V218L	D:V491L	logit=-0.460
C:K191R	D:K464R	logit=-0.544
C:S180T	D:S453T	logit=-0.640
C:T42V	D:T315V	logit=-0.766
C:S89A	D:S362A	logit=-0.893

Top tied mutations (A + B view):
A:T18V	B:T215V	logit=-0.264
A:N55S	B:N252S	logit=-0.324
A:N54V	B:N251V	logit=-0.557
A:V102I	B:V299I	logit=-0.890
A:E100V	B:E297V	logit=-0.894

Top tied mutations (C + D view):
C:V218L	D:V491L	logit=-0.473
C:K191R	D:K464R	logit=-0.547
C:S180T	D:S453T	logit=-0.649
C:T42V	D:T315V	logit=-0.719
C:S89A	D:S362A	logit=-0.844

Top tied mutations (A + B view):
A:N54V	B:N251V	logit=-0.237
A:T18V	B:T215V	logit=-0.289
A:N55S	B:N252S	logit=-0.347
A:E100V	B:E297V	logit=-0.867
A:R61V	B:R258V	logit=-0.955

Top tied mutations (C + D view):
C:V218L	D:V491L	logit=-0.477
C:K191R	D:K464R	logit=-0.628
C:S180T	D:S453T	logit=-0.633
C:T42V	D:T315V	logit=-0.725
C:N51P	D:N324P	logit=-0.886

Top tied mutations (A + B view):
A:T18V	B:T215V	logit=-0.243
A:N55S	B:N252S	logit=-0.342
A:N54V	B:N251V	logit=-0.453
A:N57R	B:N254R	logit=-0.748
A:E100V	B:E297V	logit=-0.786

Top tied mutations (C + D view):
C:V218L	D:V491L	logit=-0.484
C:K191R	D:K464R	logit=-0.568
C:S180T	D:S453T	logit=-0.677
C:T42V	D:T315V	logit=-0.723
C:N51P	D:N324P	logit=-0.904

Top tied mutations (A + B view):
A:N55S	B:N252S	logit=-0.264
A:T18V	B:T215V	logit=-0.329
A:N54V	B:N251V	logit=-0.401
A:E100V	B:E297V	logit=-0.642
A:V102I	B:V299I	logit=-0.876

Top tied mutations (C + D view):
C:V218L	D:V491L	logit=-0.472
C:K191R	D:K464R	logit=-0.542
C:S180T	D:S453T	logit=-0.662
C:T42V	D:T315V	logit=-0.699
C:N51P	D:N324P	logit=-0.796

Top tied mutations (A + B view):
A:T18V	B:T215V	logit=-0.274
A:N55S	B:N252S	logit=-0.285
A:N54V	B:N251V	logit=-0.317
A:E100V	B:E297V	logit=-0.749
A:N54I	B:N251I	logit=-0.823

Top tied mutations (C + D view):
C:V218L	D:V491L	logit=-0.492
C:K191R	D:K464R	logit=-0.525
C:S180T	D:S453T	logit=-0.649
C:T42V	D:T315V	logit=-0.761
C:N51P	D:N324P	logit=-0.778

Top tied mutations (A + B view):
A:T18V	B:T215V	logit=-0.165
A:N55S	B:N252S	logit=-0.292
A:N54V	B:N251V	logit=-0.441
A:E100V	B:E297V	logit=-0.713
A:R61K	B:R258K	logit=-0.751

Top tied mutations (C + D view):
C:V218L	D:V491L	logit=-0.459
C:K191R	D:K464R	logit=-0.553
C:S180T	D:S453T	logit=-0.614
C:T42V	D:T315V	logit=-0.778
C:N51P	D:N324P	logit=-0.798

Top tied mutations (A + B view):
A:T18V	B:T215V	logit=-0.239
A:N55S	B:N252S	logit=-0.327
A:N54V	B:N251V	logit=-0.473
A:E100V	B:E297V	logit=-0.684
A:N57R	B:N254R	logit=-0.876

Top tied mutations (C + D view):
C:V218L	D:V491L	logit=-0.420
C:K191R	D:K464R	logit=-0.556
C:S180T	D:S453T	logit=-0.645
C:T42V	D:T315V	logit=-0.729
C:N51P	D:N324P	logit=-0.856

Top tied mutations (A + B view):
A:T18V	B:T215V	logit=-0.257
A:N55S	B:N252S	logit=-0.282
A:N54V	B:N251V	logit=-0.588
A:E100V	B:E297V	logit=-0.738
A:R61K	B:R258K	logit=-0.773

Top tied mutations (C + D view):
C:V218L	D:V491L	logit=-0.478
C:K191R	D:K464R	logit=-0.513
C:S180T	D:S453T	logit=-0.664
C:T42V	D:T315V	logit=-0.704
C:N51P	D:N324P	logit=-0.821

Top tied mutations (A + B view):
A:T18V	B:T215V	logit=-0.200
A:N55S	B:N252S	logit=-0.275
A:N54V	B:N251V	logit=-0.472
A:E100V	B:E297V	logit=-0.706
A:V102I	B:V299I	logit=-0.903

Top tied mutations (C + D view):
C:V218L	D:V491L	logit=-0.404
C:K191R	D:K464R	logit=-0.524
C:S180T	D:S453T	logit=-0.651
C:T42V	D:T315V	logit=-0.693
C:N51P	D:N324P	logit=-0.883

Top tied mutations (A + B view):
A:T18V	B:T215V	logit=-0.245
A:N55S	B:N252S	logit=-0.265
A:N54V	B:N251V	logit=-0.650
A:E100V	B:E297V	logit=-0.782
A:N57R	B:N254R	logit=-0.900

Top tied mutations (C + D view):
C:V218L	D:V491L	logit=-0.405
C:K191R	D:K464R	logit=-0.528
C:S180T	D:S453T	logit=-0.669
C:T42V	D:T315V	logit=-0.768
C:N51P	D:N324P	logit=-0.887

Top tied mutations (A + B view):
A:T18V	B:T215V	logit=-0.250
A:N55S	B:N252S	logit=-0.327
A:N54V	B:N251V	logit=-0.590
A:E100V	B:E297V	logit=-0.666
A:R61V	B:R258V	logit=-0.955

Top tied mutations (C + D view):
C:V218L	D:V491L	logit=-0.410
C:S180T	D:S453T	logit=-0.649
C:K191R	D:K464R	logit=-0.654
C:T42V	D:T315V	logit=-0.766
C:N51P	D:N324P	logit=-0.852

Top tied mutations (A + B view):
A:T18V	B:T215V	logit=-0.253
A:N55S	B:N252S	logit=-0.310
A:N54V	B:N251V	logit=-0.543
A:N57R	B:N254R	logit=-0.793
A:E100V	B:E297V	logit=-0.797

Top tied mutations (C + D view):
C:V218L	D:V491L	logit=-0.438
C:K191R	D:K464R	logit=-0.497
C:S180T	D:S453T	logit=-0.665
C:T42V	D:T315V	logit=-0.784
C:S89A	D:S362A	logit=-0.856

Top tied mutations (A + B view):
A:T18V	B:T215V	logit=-0.228
A:N55S	B:N252S	logit=-0.291
A:N54V	B:N251V	logit=-0.512
A:E100V	B:E297V	logit=-0.813
A:V102I	B:V299I	logit=-0.968

Top tied mutations (C + D view):
C:V218L	D:V491L	logit=-0.429
C:K191R	D:K464R	logit=-0.590
C:S180T	D:S453T	logit=-0.655
C:T42V	D:T315V	logit=-0.704
C:S89A	D:S362A	logit=-0.843

Top tied mutations (A + B view):
A:N55S	B:N252S	logit=-0.253
A:T18V	B:T215V	logit=-0.268
A:N54V	B:N251V	logit=-0.411
A:E100V	B:E297V	logit=-0.827
A:N57R	B:N254R	logit=-0.914

Top tied mutations (C + D view):
C:V218L	D:V491L	logit=-0.447
C:K191R	D:K464R	logit=-0.561
C:S180T	D:S453T	logit=-0.649
C:T42V	D:T315V	logit=-0.729
C:N51P	D:N324P	logit=-0.808

Top tied mutations (A + B view):
A:T18V	B:T215V	logit=-0.232
A:N54V	B:N251V	logit=-0.268
A:N55S	B:N252S	logit=-0.285
A:E100V	B:E297V	logit=-0.757
A:V58T	B:V255T	logit=-0.840

Top tied mutations (C + D view):
C:V218L	D:V491L	logit=-0.440
C:K191R	D:K464R	logit=-0.522
C:S180T	D:S453T	logit=-0.651
C:T42V	D:T315V	logit=-0.735
C:N51P	D:N324P	logit=-0.895

Top tied mutations (A + B view):
A:T18V	B:T215V	logit=-0.258
A:N55S	B:N252S	logit=-0.277
A:N54V	B:N251V	logit=-0.389
A:E100V	B:E297V	logit=-0.819
A:V58T	B:V255T	logit=-0.894

Top tied mutations (C + D view):
C:V218L	D:V491L	logit=-0.488
C:K191R	D:K464R	logit=-0.553
C:S180T	D:S453T	logit=-0.644
C:T42V	D:T315V	logit=-0.715
C:S89A	D:S362A	logit=-0.815

Top tied mutations (A + B view):
A:N55S	B:N252S	logit=-0.223
A:T18V	B:T215V	logit=-0.293
A:N54V	B:N251V	logit=-0.512
A:E100V	B:E297V	logit=-0.619
A:V58T	B:V255T	logit=-0.914

Top tied mutations (C + D view):
C:V218L	D:V491L	logit=-0.429
C:K191R	D:K464R	logit=-0.542
C:S180T	D:S453T	logit=-0.666
C:T42V	D:T315V	logit=-0.752
C:N51P	D:N324P	logit=-0.815

Top tied mutations (A + B view):
A:T18V	B:T215V	logit=-0.246
A:N55S	B:N252S	logit=-0.275
A:N54V	B:N251V	logit=-0.441
A:E100V	B:E297V	logit=-0.781
A:N57R	B:N254R	logit=-0.789

Top tied mutations (C + D view):
C:V218L	D:V491L	logit=-0.427
C:K191R	D:K464R	logit=-0.523
C:S180T	D:S453T	logit=-0.635
C:T42V	D:T315V	logit=-0.750
C:N51P	D:N324P	logit=-0.820

Top tied mutations (A + B view):
A:T18V	B:T215V	logit=-0.211
A:N55S	B:N252S	logit=-0.316
A:N54V	B:N251V	logit=-0.458
A:E100V	B:E297V	logit=-0.818
A:R61K	B:R258K	logit=-0.827

Top tied mutations (C + D view):
C:V218L	D:V491L	logit=-0.457
C:K191R	D:K464R	logit=-0.556
C:S180T	D:S453T	logit=-0.635
C:T42V	D:T315V	logit=-0.691
C:N51P	D:N324P	logit=-0.716

Top tied mutations (A + B view):
A:T18V	B:T215V	logit=-0.215
A:N55S	B:N252S	logit=-0.253
A:N54V	B:N251V	logit=-0.588
A:E100V	B:E297V	logit=-0.703
A:R61V	B:R258V	logit=-0.868

Top tied mutations (C + D view):
C:V218L	D:V491L	logit=-0.450
C:K191R	D:K464R	logit=-0.642
C:S180T	D:S453T	logit=-0.661
C:T42V	D:T315V	logit=-0.725
C:S89A	D:S362A	logit=-0.838

Top tied mutations (A + B view):
A:N55S	B:N252S	logit=-0.278
A:T18V	B:T215V	logit=-0.294
A:N54V	B:N251V	logit=-0.509
A:V58T	B:V255T	logit=-0.841
A:E100V	B:E297V	logit=-0.863

Top tied mutations (C + D view):
C:V218L	D:V491L	logit=-0.421
C:K191R	D:K464R	logit=-0.560
C:S180T	D:S453T	logit=-0.655
C:T42V	D:T315V	logit=-0.715
C:S89A	D:S362A	logit=-0.871

Top tied mutations (A + B view):
A:T18V	B:T215V	logit=-0.197
A:N55S	B:N252S	logit=-0.340
A:N54V	B:N251V	logit=-0.569
A:N54I	B:N251I	logit=-0.789
A:E100V	B:E297V	logit=-0.888

Top tied mutations (C + D view):
C:V218L	D:V491L	logit=-0.444
C:K191R	D:K464R	logit=-0.559
C:S180T	D:S453T	logit=-0.669
C:T42V	D:T315V	logit=-0.772
C:S89A	D:S362A	logit=-0.863

Top tied mutations (A + B view):
A:T18V	B:T215V	logit=-0.219
A:N54V	B:N251V	logit=-0.362
A:N55S	B:N252S	logit=-0.375
A:E100V	B:E297V	logit=-0.850
A:N54I	B:N251I	logit=-0.919

Top tied mutations (C + D view):
C:V218L	D:V491L	logit=-0.462
C:K191R	D:K464R	logit=-0.521
C:S180T	D:S453T	logit=-0.661
C:T42V	D:T315V	logit=-0.713
C:N51P	D:N324P	logit=-0.772

Top tied mutations (A + B view):
A:T18V	B:T215V	logit=-0.233
A:N55S	B:N252S	logit=-0.370
A:N54V	B:N251V	logit=-0.557
A:E100V	B:E297V	logit=-0.778
A:R61V	B:R258V	logit=-0.956

Top tied mutations (C + D view):
C:V218L	D:V491L	logit=-0.460
C:K191R	D:K464R	logit=-0.582
C:S180T	D:S453T	logit=-0.677
C:T42V	D:T315V	logit=-0.757
C:N51P	D:N324P	logit=-0.912

Top tied mutations (A + B view):
A:T18V	B:T215V	logit=-0.256
A:N54V	B:N251V	logit=-0.361
A:N55S	B:N252S	logit=-0.408
A:E100V	B:E297V	logit=-0.699
A:N54I	B:N251I	logit=-0.760

Top tied mutations (C + D view):
C:V218L	D:V491L	logit=-0.462
C:K191R	D:K464R	logit=-0.544
C:S180T	D:S453T	logit=-0.658
C:T42V	D:T315V	logit=-0.768
C:N51P	D:N324P	logit=-0.789

Top tied mutations (A + B view):
A:T18V	B:T215V	logit=-0.208
A:N55S	B:N252S	logit=-0.211
A:N54V	B:N251V	logit=-0.394
A:E100V	B:E297V	logit=-0.908
A:V58T	B:V255T	logit=-0.912

Top tied mutations (C + D view):
C:V218L	D:V491L	logit=-0.424
C:K191R	D:K464R	logit=-0.569
C:S180T	D:S453T	logit=-0.659
C:T42V	D:T315V	logit=-0.730
C:S89A	D:S362A	logit=-0.831

Top tied mutations (A + B view):
A:T18V	B:T215V	logit=-0.192
A:N55S	B:N252S	logit=-0.305
A:N54V	B:N251V	logit=-0.585
A:E100V	B:E297V	logit=-0.742
A:N57R	B:N254R	logit=-0.878

Top tied mutations (C + D view):
C:V218L	D:V491L	logit=-0.499
C:K191R	D:K464R	logit=-0.586
C:S180T	D:S453T	logit=-0.665
C:T42V	D:T315V	logit=-0.695
C:N51P	D:N324P	logit=-0.880

Top tied mutations (A + B view):
A:N55S	B:N252S	logit=-0.305
A:T18V	B:T215V	logit=-0.309
A:N54V	B:N251V	logit=-0.490
A:E100V	B:E297V	logit=-0.690
A:R61K	B:R258K	logit=-0.707

Top tied mutations (C + D view):
C:V218L	D:V491L	logit=-0.495
C:K191R	D:K464R	logit=-0.600
C:S180T	D:S453T	logit=-0.645
C:T42V	D:T315V	logit=-0.766
C:N51P	D:N324P	logit=-0.910

Top tied mutations (A + B view):
A:T18V	B:T215V	logit=-0.205
A:N55S	B:N252S	logit=-0.293
A:N54V	B:N251V	logit=-0.477
A:E100V	B:E297V	logit=-0.756
A:N54I	B:N251I	logit=-0.836

Top tied mutations (C + D view):
C:V218L	D:V491L	logit=-0.458
C:K191R	D:K464R	logit=-0.574
C:S180T	D:S453T	logit=-0.652
C:T42V	D:T315V	logit=-0.681
C:N51P	D:N324P	logit=-0.755

Top tied mutations (A + B view):
A:T18V	B:T215V	logit=-0.296
A:N55S	B:N252S	logit=-0.320
A:N54V	B:N251V	logit=-0.665
A:E100V	B:E297V	logit=-0.801
A:R61K	B:R258K	logit=-0.923

Top tied mutations (C + D view):
C:V218L	D:V491L	logit=-0.454
C:K191R	D:K464R	logit=-0.567
C:S180T	D:S453T	logit=-0.640
C:T42V	D:T315V	logit=-0.696
C:N51P	D:N324P	logit=-0.815

Top tied mutations (A + B view):
A:T18V	B:T215V	logit=-0.252
A:N55S	B:N252S	logit=-0.309
A:E100V	B:E297V	logit=-0.611
A:N54V	B:N251V	logit=-0.699
A:R61K	B:R258K	logit=-0.729

Top tied mutations (C + D view):
C:V218L	D:V491L	logit=-0.432
C:K191R	D:K464R	logit=-0.567
C:S180T	D:S453T	logit=-0.640
C:T42V	D:T315V	logit=-0.728
C:S89A	D:S362A	logit=-0.908

Top tied mutations (A + B view):
A:T18V	B:T215V	logit=-0.211
A:N55S	B:N252S	logit=-0.298
A:E100V	B:E297V	logit=-0.665
A:N54V	B:N251V	logit=-0.673
A:V102I	B:V299I	logit=-0.880

Top tied mutations (C + D view):
C:V218L	D:V491L	logit=-0.396
C:K191R	D:K464R	logit=-0.544
C:S180T	D:S453T	logit=-0.644
C:N51P	D:N324P	logit=-0.706
C:T42V	D:T315V	logit=-0.714

Top tied mutations (A + B view):
A:T18V	B:T215V	logit=-0.201
A:N55S	B:N252S	logit=-0.310
A:N54V	B:N251V	logit=-0.497
A:E100V	B:E297V	logit=-0.806
A:R61V	B:R258V	logit=-0.910

Top tied mutations (C + D view):
C:V218L	D:V491L	logit=-0.428
C:K191R	D:K464R	logit=-0.563
C:S180T	D:S453T	logit=-0.634
C:T42V	D:T315V	logit=-0.684
C:S72G	D:S345G	logit=-0.931

Top tied mutations (A + B view):
A:T18V	B:T215V	logit=-0.230
A:N55S	B:N252S	logit=-0.341
A:N54V	B:N251V	logit=-0.397
A:E100V	B:E297V	logit=-0.596
A:N54I	B:N251I	logit=-0.939

Top tied mutations (C + D view):
C:V218L	D:V491L	logit=-0.428
C:K191R	D:K464R	logit=-0.543
C:S180T	D:S453T	logit=-0.640
C:T42V	D:T315V	logit=-0.738
C:N51P	D:N324P	logit=-0.767

Top tied mutations (A + B view):
A:T18V	B:T215V	logit=-0.229
A:N55S	B:N252S	logit=-0.282
A:N54V	B:N251V	logit=-0.584
A:E100V	B:E297V	logit=-0.766
A:R61V	B:R258V	logit=-0.927

Top tied mutations (C + D view):
C:V218L	D:V491L	logit=-0.449
C:K191R	D:K464R	logit=-0.635
C:S180T	D:S453T	logit=-0.656
C:T42V	D:T315V	logit=-0.795
C:N51P	D:N324P	logit=-0.807

Top tied mutations (A + B view):
A:N55S	B:N252S	logit=-0.265
A:T18V	B:T215V	logit=-0.351
A:N54V	B:N251V	logit=-0.423
A:E100V	B:E297V	logit=-0.823
A:V102I	B:V299I	logit=-0.917

Top tied mutations (C + D view):
C:V218L	D:V491L	logit=-0.496
C:K191R	D:K464R	logit=-0.566
C:S180T	D:S453T	logit=-0.651
C:T42V	D:T315V	logit=-0.767
C:N51P	D:N324P	logit=-0.939

Top tied mutations (A + B view):
A:T18V	B:T215V	logit=-0.179
A:N55S	B:N252S	logit=-0.270
A:N54V	B:N251V	logit=-0.558
A:E100V	B:E297V	logit=-0.637
A:V102I	B:V299I	logit=-0.939

Top tied mutations (C + D view):
C:V218L	D:V491L	logit=-0.467
C:K191R	D:K464R	logit=-0.512
C:S180T	D:S453T	logit=-0.614
C:T42V	D:T315V	logit=-0.733
C:N51P	D:N324P	logit=-0.829

Top tied mutations (A + B view):
A:T18V	B:T215V	logit=-0.171
A:N55S	B:N252S	logit=-0.226
A:N54V	B:N251V	logit=-0.570
A:E100V	B:E297V	logit=-0.631
A:N57R	B:N254R	logit=-0.907

Top tied mutations (C + D view):
C:V218L	D:V491L	logit=-0.460
C:K191R	D:K464R	logit=-0.496
C:S180T	D:S453T	logit=-0.653
C:T42V	D:T315V	logit=-0.728
C:N51P	D:N324P	logit=-0.897

Top tied mutations (A + B view):
A:T18V	B:T215V	logit=-0.204
A:N55S	B:N252S	logit=-0.307
A:N54V	B:N251V	logit=-0.427
A:E100V	B:E297V	logit=-0.678
A:R61K	B:R258K	logit=-0.745

Top tied mutations (C + D view):
C:V218L	D:V491L	logit=-0.466
C:K191R	D:K464R	logit=-0.594
C:S180T	D:S453T	logit=-0.664
C:N51P	D:N324P	logit=-0.725
C:T42V	D:T315V	logit=-0.748

Top tied mutations (A + B view):
A:T18V	B:T215V	logit=-0.249
A:N55S	B:N252S	logit=-0.296
A:N54V	B:N251V	logit=-0.567
A:R61K	B:R258K	logit=-0.782
A:E100V	B:E297V	logit=-0.788

Top tied mutations (C + D view):
C:V218L	D:V491L	logit=-0.462
C:K191R	D:K464R	logit=-0.579
C:T42V	D:T315V	logit=-0.656
C:S180T	D:S453T	logit=-0.683
C:N51P	D:N324P	logit=-0.830

Top tied mutations (A + B view):
A:T18V	B:T215V	logit=-0.204
A:N55S	B:N252S	logit=-0.357
A:N54V	B:N251V	logit=-0.425
A:E100V	B:E297V	logit=-0.580
A:N54I	B:N251I	logit=-0.843

Top tied mutations (C + D view):
C:V218L	D:V491L	logit=-0.409
C:K191R	D:K464R	logit=-0.491
C:S180T	D:S453T	logit=-0.656
C:T42V	D:T315V	logit=-0.715
C:N51P	D:N324P	logit=-0.867

Top tied mutations (A + B view):
A:N55S	B:N252S	logit=-0.317
A:T18V	B:T215V	logit=-0.325
A:N54V	B:N251V	logit=-0.474
A:R61K	B:R258K	logit=-0.743
A:E100V	B:E297V	logit=-0.819

Top tied mutations (C + D view):
C:V218L	D:V491L	logit=-0.411
C:K191R	D:K464R	logit=-0.483
C:S180T	D:S453T	logit=-0.612
C:T42V	D:T315V	logit=-0.742
C:N51P	D:N324P	logit=-0.894

Top tied mutations (A + B view):
A:N55S	B:N252S	logit=-0.276
A:T18V	B:T215V	logit=-0.322
A:N54V	B:N251V	logit=-0.551
A:E100V	B:E297V	logit=-0.792
A:N57R	B:N254R	logit=-0.812

Top tied mutations (C + D view):
C:V218L	D:V491L	logit=-0.427
C:K191R	D:K464R	logit=-0.520
C:S180T	D:S453T	logit=-0.647
C:T42V	D:T315V	logit=-0.707
C:N51P	D:N324P	logit=-0.844

Top tied mutations (A + B view):
A:T18V	B:T215V	logit=-0.209
A:N55S	B:N252S	logit=-0.271
A:N54V	B:N251V	logit=-0.446
A:E100V	B:E297V	logit=-0.828
A:V102I	B:V299I	logit=-0.883

Top tied mutations (C + D view):
C:V218L	D:V491L	logit=-0.406
C:K191R	D:K464R	logit=-0.513
C:S180T	D:S453T	logit=-0.629
C:T42V	D:T315V	logit=-0.728
C:N51P	D:N324P	logit=-0.839

Top tied mutations (A + B view):
A:N55S	B:N252S	logit=-0.227
A:T18V	B:T215V	logit=-0.233
A:N54V	B:N251V	logit=-0.489
A:V58T	B:V255T	logit=-0.867
A:E100V	B:E297V	logit=-0.915

Top tied mutations (C + D view):
C:V218L	D:V491L	logit=-0.422
C:K191R	D:K464R	logit=-0.604
C:S180T	D:S453T	logit=-0.692
C:T42V	D:T315V	logit=-0.731
C:N51P	D:N324P	logit=-0.814

Top tied mutations (A + B view):
A:N55S	B:N252S	logit=-0.284
A:T18V	B:T215V	logit=-0.359
A:N54V	B:N251V	logit=-0.513
A:E100V	B:E297V	logit=-0.771
A:N57R	B:N254R	logit=-0.884

Top tied mutations (C + D view):
C:V218L	D:V491L	logit=-0.447
C:K191R	D:K464R	logit=-0.561
C:S180T	D:S453T	logit=-0.660
C:T42V	D:T315V	logit=-0.785
C:S89A	D:S362A	logit=-0.873

Top tied mutations (A + B view):
A:T18V	B:T215V	logit=-0.271
A:N54V	B:N251V	logit=-0.352
A:N55S	B:N252S	logit=-0.359
A:N57R	B:N254R	logit=-0.768
A:E100V	B:E297V	logit=-0.833

Top tied mutations (C + D view):
C:V218L	D:V491L	logit=-0.420
C:K191R	D:K464R	logit=-0.574
C:S180T	D:S453T	logit=-0.652
C:T42V	D:T315V	logit=-0.712
C:N51P	D:N324P	logit=-0.810

Top tied mutations (A + B view):
A:T18V	B:T215V	logit=-0.242
A:N55S	B:N252S	logit=-0.295
A:N54V	B:N251V	logit=-0.443
A:N54I	B:N251I	logit=-0.742
A:E100V	B:E297V	logit=-0.860

Top tied mutations (C + D view):
C:V218L	D:V491L	logit=-0.458
C:K191R	D:K464R	logit=-0.598
C:S180T	D:S453T	logit=-0.668
C:T42V	D:T315V	logit=-0.692
C:S89A	D:S362A	logit=-0.886

Top tied mutations (A + B view):
A:T18V	B:T215V	logit=-0.323
A:N55S	B:N252S	logit=-0.325
A:N54V	B:N251V	logit=-0.498
A:N54I	B:N251I	logit=-0.740
A:E100V	B:E297V	logit=-0.774

Top tied mutations (C + D view):
C:V218L	D:V491L	logit=-0.485
C:K191R	D:K464R	logit=-0.593
C:S180T	D:S453T	logit=-0.659
C:T42V	D:T315V	logit=-0.740
C:A168P	D:A441P	logit=-0.899

Top tied mutations (A + B view):
A:T18V	B:T215V	logit=-0.146
A:N55S	B:N252S	logit=-0.425
A:N54V	B:N251V	logit=-0.617
A:E100V	B:E297V	logit=-0.647
A:V58T	B:V255T	logit=-0.868

Top tied mutations (C + D view):
C:V218L	D:V491L	logit=-0.455
C:K191R	D:K464R	logit=-0.565
C:S180T	D:S453T	logit=-0.646
C:T42V	D:T315V	logit=-0.711
C:N51P	D:N324P	logit=-0.878

Top tied mutations (A + B view):
A:N54V	B:N251V	logit=-0.237
A:T18V	B:T215V	logit=-0.257
A:N55S	B:N252S	logit=-0.325
A:V58T	B:V255T	logit=-0.858
A:N54I	B:N251I	logit=-0.861

Top tied mutations (C + D view):
C:V218L	D:V491L	logit=-0.419
C:K191R	D:K464R	logit=-0.541
C:S180T	D:S453T	logit=-0.653
C:T42V	D:T315V	logit=-0.711
C:N51P	D:N324P	logit=-0.839

Top tied mutations (A + B view):
A:T18V	B:T215V	logit=-0.225
A:N55S	B:N252S	logit=-0.236
A:N54V	B:N251V	logit=-0.270
A:N54I	B:N251I	logit=-0.743
A:E100V	B:E297V	logit=-0.752

Top tied mutations (C + D view):
C:V218L	D:V491L	logit=-0.412
C:K191R	D:K464R	logit=-0.521
C:S180T	D:S453T	logit=-0.624
C:T42V	D:T315V	logit=-0.807
C:N51P	D:N324P	logit=-0.810

Top tied mutations (A + B view):
A:T18V	B:T215V	logit=-0.300
A:N55S	B:N252S	logit=-0.326
A:N54V	B:N251V	logit=-0.597
A:V102I	B:V299I	logit=-0.908
A:R61K	B:R258K	logit=-0.915

Top tied mutations (C + D view):
C:V218L	D:V491L	logit=-0.473
C:K191R	D:K464R	logit=-0.552
C:S180T	D:S453T	logit=-0.654
C:T42V	D:T315V	logit=-0.697
C:N51P	D:N324P	logit=-0.827
Counter({'A:N55S': 1000, 'A:T18V': 1000, 'A:N54V': 1000, 'A:E100V': 922, 'A:V102I': 262, 'A:N54I': 235, 'A:N57R': 214, 'A:R61K': 185, 'A:R61V': 94, 'A:V58T': 86, 'A:Q59K': 2})
Counter({'C:V218L': 1000, 'C:K191R': 1000, 'C:S180T': 1000, 'C:T42V': 1000, 'C:N51P': 764, 'C:S89A': 202, 'C:N219S': 15, 'C:A168P': 13, 'C:S72G': 5, 'C:H175P': 1})
