/home/zhuggan1/scr4_jgray21/zhuggan1/miniconda3/envs/mpnn/bin/python
Torch loaded: 2.1.1+cu118
----------------------------------------
pssm_jsonl is NOT loaded
----------------------------------------
omit_AA_jsonl is NOT loaded
----------------------------------------
bias_AA_jsonl is NOT loaded
----------------------------------------
bias by residue dictionary is not loaded, or not provided
----------------------------------------
discarded {'bad_chars': 0, 'too_long': 0, 'bad_seq_length': 0}
----------------------------------------
Number of edges: 48
Training noise level: 0.2A
Calculating conditional probabilities for merged_tetramer_ignorechain

Top tied mutations (A + B view):
A:T18V	B:T215V	logit=-0.653
A:N55S	B:N252S	logit=-0.880
A:N54V	B:N251V	logit=-1.404
A:E100V	B:E297V	logit=-2.288
A:I30V	B:I227V	logit=-2.478

Top tied mutations (C + D view):
C:V218L	D:V491L	logit=-0.472
C:K191R	D:K464R	logit=-0.488
C:S180T	D:S453T	logit=-0.652
C:T42V	D:T315V	logit=-0.743
C:N51P	D:N324P	logit=-0.776

Top tied mutations (A + B view):
A:T18V	B:T215V	logit=-0.678
A:N55S	B:N252S	logit=-0.867
A:N54V	B:N251V	logit=-1.477
A:E100V	B:E297V	logit=-2.254
A:I30V	B:I227V	logit=-2.593

Top tied mutations (C + D view):
C:V218L	D:V491L	logit=-0.474
C:K191R	D:K464R	logit=-0.586
C:S180T	D:S453T	logit=-0.653
C:T42V	D:T315V	logit=-0.702
C:N51P	D:N324P	logit=-0.889

Top tied mutations (A + B view):
A:T18V	B:T215V	logit=-0.732
A:N55S	B:N252S	logit=-0.883
A:N54V	B:N251V	logit=-1.358
A:E100V	B:E297V	logit=-2.275
A:I30V	B:I227V	logit=-2.566

Top tied mutations (C + D view):
C:V218L	D:V491L	logit=-0.462
C:K191R	D:K464R	logit=-0.538
C:S180T	D:S453T	logit=-0.662
C:T42V	D:T315V	logit=-0.690
C:N51P	D:N324P	logit=-0.905

Top tied mutations (A + B view):
A:T18V	B:T215V	logit=-0.729
A:N55S	B:N252S	logit=-0.892
A:N54V	B:N251V	logit=-1.568
A:E100V	B:E297V	logit=-2.342
A:I30V	B:I227V	logit=-2.685

Top tied mutations (C + D view):
C:V218L	D:V491L	logit=-0.437
C:K191R	D:K464R	logit=-0.501
C:S180T	D:S453T	logit=-0.675
C:T42V	D:T315V	logit=-0.685
C:N51P	D:N324P	logit=-0.837

Top tied mutations (A + B view):
A:T18V	B:T215V	logit=-0.717
A:N55S	B:N252S	logit=-0.846
A:N54V	B:N251V	logit=-1.380
A:E100V	B:E297V	logit=-2.274
A:I30V	B:I227V	logit=-2.572

Top tied mutations (C + D view):
C:V218L	D:V491L	logit=-0.426
C:K191R	D:K464R	logit=-0.568
C:S180T	D:S453T	logit=-0.660
C:T42V	D:T315V	logit=-0.732
C:S89A	D:S362A	logit=-0.924

Top tied mutations (A + B view):
A:T18V	B:T215V	logit=-0.684
A:N55S	B:N252S	logit=-0.942
A:N54V	B:N251V	logit=-1.603
A:E100V	B:E297V	logit=-2.299
A:I30V	B:I227V	logit=-2.685

Top tied mutations (C + D view):
C:V218L	D:V491L	logit=-0.460
C:K191R	D:K464R	logit=-0.528
C:S180T	D:S453T	logit=-0.642
C:T42V	D:T315V	logit=-0.671
C:N51P	D:N324P	logit=-0.776

Top tied mutations (A + B view):
A:T18V	B:T215V	logit=-0.717
A:N55S	B:N252S	logit=-0.967
A:N54V	B:N251V	logit=-1.361
A:E100V	B:E297V	logit=-2.213
A:I30V	B:I227V	logit=-2.614

Top tied mutations (C + D view):
C:V218L	D:V491L	logit=-0.425
C:K191R	D:K464R	logit=-0.507
C:S180T	D:S453T	logit=-0.667
C:T42V	D:T315V	logit=-0.749
C:N51P	D:N324P	logit=-0.758

Top tied mutations (A + B view):
A:T18V	B:T215V	logit=-0.722
A:N55S	B:N252S	logit=-0.958
A:N54V	B:N251V	logit=-1.474
A:E100V	B:E297V	logit=-2.292
A:I30V	B:I227V	logit=-2.515

Top tied mutations (C + D view):
C:V218L	D:V491L	logit=-0.421
C:K191R	D:K464R	logit=-0.544
C:S180T	D:S453T	logit=-0.623
C:T42V	D:T315V	logit=-0.732
C:N51P	D:N324P	logit=-0.736

Top tied mutations (A + B view):
A:T18V	B:T215V	logit=-0.643
A:N55S	B:N252S	logit=-0.858
A:N54V	B:N251V	logit=-1.372
A:E100V	B:E297V	logit=-2.351
A:I30V	B:I227V	logit=-2.533

Top tied mutations (C + D view):
C:V218L	D:V491L	logit=-0.452
C:K191R	D:K464R	logit=-0.504
C:S180T	D:S453T	logit=-0.650
C:T42V	D:T315V	logit=-0.692
C:N51P	D:N324P	logit=-0.768

Top tied mutations (A + B view):
A:T18V	B:T215V	logit=-0.720
A:N55S	B:N252S	logit=-0.933
A:N54V	B:N251V	logit=-1.313
A:E100V	B:E297V	logit=-2.208
A:I30V	B:I227V	logit=-2.507

Top tied mutations (C + D view):
C:V218L	D:V491L	logit=-0.426
C:K191R	D:K464R	logit=-0.517
C:S180T	D:S453T	logit=-0.655
C:T42V	D:T315V	logit=-0.731
C:N51P	D:N324P	logit=-0.830

Top tied mutations (A + B view):
A:T18V	B:T215V	logit=-0.637
A:N55S	B:N252S	logit=-0.951
A:N54V	B:N251V	logit=-1.342
A:E100V	B:E297V	logit=-2.244
A:I30V	B:I227V	logit=-2.604

Top tied mutations (C + D view):
C:V218L	D:V491L	logit=-0.446
C:K191R	D:K464R	logit=-0.522
C:S180T	D:S453T	logit=-0.639
C:T42V	D:T315V	logit=-0.787
C:N51P	D:N324P	logit=-0.811

Top tied mutations (A + B view):
A:T18V	B:T215V	logit=-0.690
A:N55S	B:N252S	logit=-0.929
A:N54V	B:N251V	logit=-1.532
A:E100V	B:E297V	logit=-2.241
A:N54I	B:N251I	logit=-2.760

Top tied mutations (C + D view):
C:V218L	D:V491L	logit=-0.463
C:K191R	D:K464R	logit=-0.553
C:S180T	D:S453T	logit=-0.660
C:T42V	D:T315V	logit=-0.718
C:S89A	D:S362A	logit=-0.896

Top tied mutations (A + B view):
A:T18V	B:T215V	logit=-0.662
A:N55S	B:N252S	logit=-0.914
A:N54V	B:N251V	logit=-1.485
A:E100V	B:E297V	logit=-2.317
A:I30V	B:I227V	logit=-2.468

Top tied mutations (C + D view):
C:V218L	D:V491L	logit=-0.475
C:K191R	D:K464R	logit=-0.501
C:S180T	D:S453T	logit=-0.656
C:N51P	D:N324P	logit=-0.761
C:T42V	D:T315V	logit=-0.782

Top tied mutations (A + B view):
A:T18V	B:T215V	logit=-0.742
A:N55S	B:N252S	logit=-0.840
A:N54V	B:N251V	logit=-1.360
A:E100V	B:E297V	logit=-2.239
A:I30V	B:I227V	logit=-2.628

Top tied mutations (C + D view):
C:V218L	D:V491L	logit=-0.443
C:K191R	D:K464R	logit=-0.546
C:S180T	D:S453T	logit=-0.659
C:T42V	D:T315V	logit=-0.774
C:N51P	D:N324P	logit=-0.839

Top tied mutations (A + B view):
A:T18V	B:T215V	logit=-0.716
A:N55S	B:N252S	logit=-0.913
A:N54V	B:N251V	logit=-1.393
A:E100V	B:E297V	logit=-2.320
A:I30V	B:I227V	logit=-2.719

Top tied mutations (C + D view):
C:V218L	D:V491L	logit=-0.412
C:K191R	D:K464R	logit=-0.570
C:S180T	D:S453T	logit=-0.680
C:T42V	D:T315V	logit=-0.694
C:N51P	D:N324P	logit=-0.893

Top tied mutations (A + B view):
A:T18V	B:T215V	logit=-0.661
A:N55S	B:N252S	logit=-0.897
A:N54V	B:N251V	logit=-1.363
A:E100V	B:E297V	logit=-2.315
A:V102I	B:V299I	logit=-2.657

Top tied mutations (C + D view):
C:V218L	D:V491L	logit=-0.482
C:K191R	D:K464R	logit=-0.584
C:S180T	D:S453T	logit=-0.650
C:T42V	D:T315V	logit=-0.734
C:N51P	D:N324P	logit=-0.812

Top tied mutations (A + B view):
A:T18V	B:T215V	logit=-0.690
A:N55S	B:N252S	logit=-0.868
A:N54V	B:N251V	logit=-1.329
A:E100V	B:E297V	logit=-2.352
A:I30V	B:I227V	logit=-2.577

Top tied mutations (C + D view):
C:V218L	D:V491L	logit=-0.437
C:K191R	D:K464R	logit=-0.596
C:S180T	D:S453T	logit=-0.632
C:T42V	D:T315V	logit=-0.729
C:S89A	D:S362A	logit=-0.857

Top tied mutations (A + B view):
A:T18V	B:T215V	logit=-0.699
A:N55S	B:N252S	logit=-0.936
A:N54V	B:N251V	logit=-1.358
A:E100V	B:E297V	logit=-2.290
A:I30V	B:I227V	logit=-2.657

Top tied mutations (C + D view):
C:V218L	D:V491L	logit=-0.414
C:K191R	D:K464R	logit=-0.557
C:S180T	D:S453T	logit=-0.631
C:T42V	D:T315V	logit=-0.766
C:N51P	D:N324P	logit=-0.880

Top tied mutations (A + B view):
A:T18V	B:T215V	logit=-0.811
A:N55S	B:N252S	logit=-0.898
A:N54V	B:N251V	logit=-1.588
A:E100V	B:E297V	logit=-2.289
A:I30V	B:I227V	logit=-2.622

Top tied mutations (C + D view):
C:V218L	D:V491L	logit=-0.452
C:K191R	D:K464R	logit=-0.548
C:S180T	D:S453T	logit=-0.657
C:T42V	D:T315V	logit=-0.773
C:N51P	D:N324P	logit=-0.914

Top tied mutations (A + B view):
A:T18V	B:T215V	logit=-0.703
A:N55S	B:N252S	logit=-0.924
A:N54V	B:N251V	logit=-1.502
A:E100V	B:E297V	logit=-2.185
A:I30V	B:I227V	logit=-2.659

Top tied mutations (C + D view):
C:V218L	D:V491L	logit=-0.444
C:K191R	D:K464R	logit=-0.568
C:S180T	D:S453T	logit=-0.674
C:T42V	D:T315V	logit=-0.689
C:N51P	D:N324P	logit=-0.819

Top tied mutations (A + B view):
A:T18V	B:T215V	logit=-0.688
A:N55S	B:N252S	logit=-0.927
A:N54V	B:N251V	logit=-1.463
A:E100V	B:E297V	logit=-2.302
A:I30V	B:I227V	logit=-2.367

Top tied mutations (C + D view):
C:V218L	D:V491L	logit=-0.458
C:K191R	D:K464R	logit=-0.576
C:S180T	D:S453T	logit=-0.665
C:T42V	D:T315V	logit=-0.750
C:N51P	D:N324P	logit=-0.810

Top tied mutations (A + B view):
A:T18V	B:T215V	logit=-0.649
A:N55S	B:N252S	logit=-0.940
A:N54V	B:N251V	logit=-1.416
A:E100V	B:E297V	logit=-2.204
A:I30V	B:I227V	logit=-2.502

Top tied mutations (C + D view):
C:V218L	D:V491L	logit=-0.396
C:K191R	D:K464R	logit=-0.569
C:S180T	D:S453T	logit=-0.647
C:T42V	D:T315V	logit=-0.782
C:N51P	D:N324P	logit=-0.822

Top tied mutations (A + B view):
A:T18V	B:T215V	logit=-0.676
A:N55S	B:N252S	logit=-0.957
A:N54V	B:N251V	logit=-1.542
A:E100V	B:E297V	logit=-2.226
A:I30V	B:I227V	logit=-2.688

Top tied mutations (C + D view):
C:V218L	D:V491L	logit=-0.458
C:K191R	D:K464R	logit=-0.539
C:S180T	D:S453T	logit=-0.654
C:T42V	D:T315V	logit=-0.720
C:N51P	D:N324P	logit=-0.857

Top tied mutations (A + B view):
A:T18V	B:T215V	logit=-0.686
A:N55S	B:N252S	logit=-0.921
A:N54V	B:N251V	logit=-1.406
A:E100V	B:E297V	logit=-2.352
A:I30V	B:I227V	logit=-2.624

Top tied mutations (C + D view):
C:V218L	D:V491L	logit=-0.491
C:K191R	D:K464R	logit=-0.601
C:S180T	D:S453T	logit=-0.675
C:T42V	D:T315V	logit=-0.770
C:N51P	D:N324P	logit=-0.837

Top tied mutations (A + B view):
A:T18V	B:T215V	logit=-0.630
A:N55S	B:N252S	logit=-0.859
A:N54V	B:N251V	logit=-1.359
A:E100V	B:E297V	logit=-2.297
A:I30V	B:I227V	logit=-2.655

Top tied mutations (C + D view):
C:V218L	D:V491L	logit=-0.451
C:K191R	D:K464R	logit=-0.538
C:S180T	D:S453T	logit=-0.648
C:T42V	D:T315V	logit=-0.693
C:S89A	D:S362A	logit=-0.896

Top tied mutations (A + B view):
A:T18V	B:T215V	logit=-0.673
A:N55S	B:N252S	logit=-0.920
A:N54V	B:N251V	logit=-1.454
A:E100V	B:E297V	logit=-2.362
A:I30V	B:I227V	logit=-2.428

Top tied mutations (C + D view):
C:V218L	D:V491L	logit=-0.425
C:K191R	D:K464R	logit=-0.613
C:S180T	D:S453T	logit=-0.640
C:T42V	D:T315V	logit=-0.700
C:N51P	D:N324P	logit=-0.851

Top tied mutations (A + B view):
A:T18V	B:T215V	logit=-0.690
A:N55S	B:N252S	logit=-0.839
A:N54V	B:N251V	logit=-1.568
A:E100V	B:E297V	logit=-2.290
A:I30V	B:I227V	logit=-2.581

Top tied mutations (C + D view):
C:V218L	D:V491L	logit=-0.436
C:K191R	D:K464R	logit=-0.573
C:S180T	D:S453T	logit=-0.665
C:T42V	D:T315V	logit=-0.716
C:N51P	D:N324P	logit=-0.724

Top tied mutations (A + B view):
A:T18V	B:T215V	logit=-0.682
A:N55S	B:N252S	logit=-0.912
A:N54V	B:N251V	logit=-1.346
A:E100V	B:E297V	logit=-2.179
A:I30V	B:I227V	logit=-2.536

Top tied mutations (C + D view):
C:V218L	D:V491L	logit=-0.440
C:K191R	D:K464R	logit=-0.491
C:S180T	D:S453T	logit=-0.628
C:T42V	D:T315V	logit=-0.772
C:N51P	D:N324P	logit=-0.873

Top tied mutations (A + B view):
A:T18V	B:T215V	logit=-0.710
A:N55S	B:N252S	logit=-0.904
A:N54V	B:N251V	logit=-1.353
A:E100V	B:E297V	logit=-2.250
A:I30V	B:I227V	logit=-2.618

Top tied mutations (C + D view):
C:V218L	D:V491L	logit=-0.430
C:K191R	D:K464R	logit=-0.572
C:S180T	D:S453T	logit=-0.675
C:T42V	D:T315V	logit=-0.747
C:N51P	D:N324P	logit=-0.827

Top tied mutations (A + B view):
A:T18V	B:T215V	logit=-0.675
A:N55S	B:N252S	logit=-0.927
A:N54V	B:N251V	logit=-1.419
A:E100V	B:E297V	logit=-2.232
A:V102I	B:V299I	logit=-2.651

Top tied mutations (C + D view):
C:V218L	D:V491L	logit=-0.488
C:K191R	D:K464R	logit=-0.573
C:S180T	D:S453T	logit=-0.659
C:T42V	D:T315V	logit=-0.768
C:N51P	D:N324P	logit=-0.812

Top tied mutations (A + B view):
A:T18V	B:T215V	logit=-0.717
A:N55S	B:N252S	logit=-1.003
A:N54V	B:N251V	logit=-1.445
A:E100V	B:E297V	logit=-2.324
A:I30V	B:I227V	logit=-2.550

Top tied mutations (C + D view):
C:V218L	D:V491L	logit=-0.423
C:S180T	D:S453T	logit=-0.637
C:K191R	D:K464R	logit=-0.654
C:T42V	D:T315V	logit=-0.750
C:N51P	D:N324P	logit=-0.824

Top tied mutations (A + B view):
A:T18V	B:T215V	logit=-0.682
A:N55S	B:N252S	logit=-0.838
A:N54V	B:N251V	logit=-1.548
A:E100V	B:E297V	logit=-2.202
A:I30V	B:I227V	logit=-2.627

Top tied mutations (C + D view):
C:V218L	D:V491L	logit=-0.472
C:K191R	D:K464R	logit=-0.502
C:S180T	D:S453T	logit=-0.659
C:T42V	D:T315V	logit=-0.680
C:N51P	D:N324P	logit=-0.698

Top tied mutations (A + B view):
A:T18V	B:T215V	logit=-0.697
A:N55S	B:N252S	logit=-0.890
A:N54V	B:N251V	logit=-1.508
A:E100V	B:E297V	logit=-2.288
A:I30V	B:I227V	logit=-2.565

Top tied mutations (C + D view):
C:V218L	D:V491L	logit=-0.428
C:K191R	D:K464R	logit=-0.600
C:S180T	D:S453T	logit=-0.647
C:T42V	D:T315V	logit=-0.754
C:N51P	D:N324P	logit=-0.771

Top tied mutations (A + B view):
A:T18V	B:T215V	logit=-0.743
A:N55S	B:N252S	logit=-0.983
A:N54V	B:N251V	logit=-1.537
A:E100V	B:E297V	logit=-2.219
A:I30V	B:I227V	logit=-2.638

Top tied mutations (C + D view):
C:V218L	D:V491L	logit=-0.409
C:K191R	D:K464R	logit=-0.590
C:S180T	D:S453T	logit=-0.649
C:T42V	D:T315V	logit=-0.704
C:N51P	D:N324P	logit=-0.792

Top tied mutations (A + B view):
A:T18V	B:T215V	logit=-0.766
A:N55S	B:N252S	logit=-0.902
A:N54V	B:N251V	logit=-1.403
A:E100V	B:E297V	logit=-2.357
A:I30V	B:I227V	logit=-2.488

Top tied mutations (C + D view):
C:V218L	D:V491L	logit=-0.450
C:K191R	D:K464R	logit=-0.534
C:S180T	D:S453T	logit=-0.640
C:T42V	D:T315V	logit=-0.733
C:N51P	D:N324P	logit=-0.828

Top tied mutations (A + B view):
A:T18V	B:T215V	logit=-0.694
A:N55S	B:N252S	logit=-0.935
A:N54V	B:N251V	logit=-1.404
A:E100V	B:E297V	logit=-2.216
A:I30V	B:I227V	logit=-2.403

Top tied mutations (C + D view):
C:V218L	D:V491L	logit=-0.444
C:K191R	D:K464R	logit=-0.565
C:S180T	D:S453T	logit=-0.653
C:T42V	D:T315V	logit=-0.729
C:N51P	D:N324P	logit=-0.790

Top tied mutations (A + B view):
A:T18V	B:T215V	logit=-0.706
A:N55S	B:N252S	logit=-0.915
A:N54V	B:N251V	logit=-1.420
A:E100V	B:E297V	logit=-2.202
A:I30V	B:I227V	logit=-2.469

Top tied mutations (C + D view):
C:V218L	D:V491L	logit=-0.407
C:K191R	D:K464R	logit=-0.589
C:S180T	D:S453T	logit=-0.652
C:T42V	D:T315V	logit=-0.748
C:S89A	D:S362A	logit=-0.851

Top tied mutations (A + B view):
A:T18V	B:T215V	logit=-0.717
A:N55S	B:N252S	logit=-1.015
A:N54V	B:N251V	logit=-1.399
A:E100V	B:E297V	logit=-2.404
A:I30V	B:I227V	logit=-2.551

Top tied mutations (C + D view):
C:V218L	D:V491L	logit=-0.429
C:K191R	D:K464R	logit=-0.591
C:S180T	D:S453T	logit=-0.660
C:T42V	D:T315V	logit=-0.697
C:N51P	D:N324P	logit=-0.779

Top tied mutations (A + B view):
A:T18V	B:T215V	logit=-0.703
A:N55S	B:N252S	logit=-0.935
A:N54V	B:N251V	logit=-1.395
A:E100V	B:E297V	logit=-2.183
A:I30V	B:I227V	logit=-2.357

Top tied mutations (C + D view):
C:V218L	D:V491L	logit=-0.454
C:K191R	D:K464R	logit=-0.524
C:S180T	D:S453T	logit=-0.641
C:T42V	D:T315V	logit=-0.777
C:N51P	D:N324P	logit=-0.817

Top tied mutations (A + B view):
A:T18V	B:T215V	logit=-0.660
A:N55S	B:N252S	logit=-0.896
A:N54V	B:N251V	logit=-1.481
A:E100V	B:E297V	logit=-2.289
A:I30V	B:I227V	logit=-2.563

Top tied mutations (C + D view):
C:V218L	D:V491L	logit=-0.451
C:K191R	D:K464R	logit=-0.536
C:S180T	D:S453T	logit=-0.658
C:T42V	D:T315V	logit=-0.748
C:S89A	D:S362A	logit=-0.880

Top tied mutations (A + B view):
A:T18V	B:T215V	logit=-0.710
A:N55S	B:N252S	logit=-0.913
A:N54V	B:N251V	logit=-1.537
A:E100V	B:E297V	logit=-2.420
A:I30V	B:I227V	logit=-2.649

Top tied mutations (C + D view):
C:V218L	D:V491L	logit=-0.438
C:K191R	D:K464R	logit=-0.600
C:S180T	D:S453T	logit=-0.671
C:T42V	D:T315V	logit=-0.720
C:N51P	D:N324P	logit=-0.874

Top tied mutations (A + B view):
A:T18V	B:T215V	logit=-0.722
A:N55S	B:N252S	logit=-0.943
A:N54V	B:N251V	logit=-1.322
A:E100V	B:E297V	logit=-2.388
A:I30V	B:I227V	logit=-2.467

Top tied mutations (C + D view):
C:V218L	D:V491L	logit=-0.439
C:K191R	D:K464R	logit=-0.562
C:S180T	D:S453T	logit=-0.634
C:T42V	D:T315V	logit=-0.708
C:N51P	D:N324P	logit=-0.848

Top tied mutations (A + B view):
A:T18V	B:T215V	logit=-0.633
A:N55S	B:N252S	logit=-0.937
A:N54V	B:N251V	logit=-1.613
A:E100V	B:E297V	logit=-2.194
A:I30V	B:I227V	logit=-2.546

Top tied mutations (C + D view):
C:V218L	D:V491L	logit=-0.460
C:K191R	D:K464R	logit=-0.620
C:S180T	D:S453T	logit=-0.684
C:T42V	D:T315V	logit=-0.772
C:S89A	D:S362A	logit=-0.893

Top tied mutations (A + B view):
A:T18V	B:T215V	logit=-0.633
A:N55S	B:N252S	logit=-0.855
A:N54V	B:N251V	logit=-1.333
A:E100V	B:E297V	logit=-2.166
A:I30V	B:I227V	logit=-2.536

Top tied mutations (C + D view):
C:V218L	D:V491L	logit=-0.466
C:K191R	D:K464R	logit=-0.491
C:S180T	D:S453T	logit=-0.628
C:T42V	D:T315V	logit=-0.760
C:S89A	D:S362A	logit=-0.894

Top tied mutations (A + B view):
A:T18V	B:T215V	logit=-0.678
A:N55S	B:N252S	logit=-0.897
A:N54V	B:N251V	logit=-1.509
A:E100V	B:E297V	logit=-2.304
A:I30V	B:I227V	logit=-2.621

Top tied mutations (C + D view):
C:V218L	D:V491L	logit=-0.447
C:K191R	D:K464R	logit=-0.536
C:S180T	D:S453T	logit=-0.654
C:T42V	D:T315V	logit=-0.731
C:N51P	D:N324P	logit=-0.866

Top tied mutations (A + B view):
A:T18V	B:T215V	logit=-0.696
A:N55S	B:N252S	logit=-0.906
A:N54V	B:N251V	logit=-1.577
A:E100V	B:E297V	logit=-2.275
A:I30V	B:I227V	logit=-2.578

Top tied mutations (C + D view):
C:K191R	D:K464R	logit=-0.500
C:V218L	D:V491L	logit=-0.508
C:S180T	D:S453T	logit=-0.655
C:T42V	D:T315V	logit=-0.710
C:N51P	D:N324P	logit=-0.856

Top tied mutations (A + B view):
A:T18V	B:T215V	logit=-0.657
A:N55S	B:N252S	logit=-0.855
A:N54V	B:N251V	logit=-1.361
A:E100V	B:E297V	logit=-2.252
A:I30V	B:I227V	logit=-2.670

Top tied mutations (C + D view):
C:V218L	D:V491L	logit=-0.421
C:K191R	D:K464R	logit=-0.535
C:S180T	D:S453T	logit=-0.631
C:T42V	D:T315V	logit=-0.728
C:N51P	D:N324P	logit=-0.808

Top tied mutations (A + B view):
A:T18V	B:T215V	logit=-0.708
A:N55S	B:N252S	logit=-0.914
A:N54V	B:N251V	logit=-1.444
A:E100V	B:E297V	logit=-2.331
A:I30V	B:I227V	logit=-2.503

Top tied mutations (C + D view):
C:V218L	D:V491L	logit=-0.478
C:K191R	D:K464R	logit=-0.584
C:S180T	D:S453T	logit=-0.627
C:T42V	D:T315V	logit=-0.741
C:N51P	D:N324P	logit=-0.901

Top tied mutations (A + B view):
A:T18V	B:T215V	logit=-0.716
A:N55S	B:N252S	logit=-0.947
A:N54V	B:N251V	logit=-1.411
A:E100V	B:E297V	logit=-2.344
A:I30V	B:I227V	logit=-2.716

Top tied mutations (C + D view):
C:V218L	D:V491L	logit=-0.450
C:K191R	D:K464R	logit=-0.543
C:S180T	D:S453T	logit=-0.668
C:T42V	D:T315V	logit=-0.766
C:S89A	D:S362A	logit=-0.927

Top tied mutations (A + B view):
A:T18V	B:T215V	logit=-0.626
A:N55S	B:N252S	logit=-0.919
A:N54V	B:N251V	logit=-1.306
A:E100V	B:E297V	logit=-2.250
A:I30V	B:I227V	logit=-2.559

Top tied mutations (C + D view):
C:V218L	D:V491L	logit=-0.431
C:K191R	D:K464R	logit=-0.584
C:S180T	D:S453T	logit=-0.670
C:T42V	D:T315V	logit=-0.710
C:N51P	D:N324P	logit=-0.738

Top tied mutations (A + B view):
A:T18V	B:T215V	logit=-0.758
A:N55S	B:N252S	logit=-0.887
A:N54V	B:N251V	logit=-1.452
A:E100V	B:E297V	logit=-2.222
A:I30V	B:I227V	logit=-2.574

Top tied mutations (C + D view):
C:V218L	D:V491L	logit=-0.476
C:K191R	D:K464R	logit=-0.503
C:S180T	D:S453T	logit=-0.651
C:T42V	D:T315V	logit=-0.717
C:N51P	D:N324P	logit=-0.809

Top tied mutations (A + B view):
A:T18V	B:T215V	logit=-0.697
A:N55S	B:N252S	logit=-0.922
A:N54V	B:N251V	logit=-1.396
A:E100V	B:E297V	logit=-2.386
A:I30V	B:I227V	logit=-2.607

Top tied mutations (C + D view):
C:V218L	D:V491L	logit=-0.476
C:K191R	D:K464R	logit=-0.554
C:S180T	D:S453T	logit=-0.633
C:T42V	D:T315V	logit=-0.694
C:N51P	D:N324P	logit=-0.793

Top tied mutations (A + B view):
A:T18V	B:T215V	logit=-0.637
A:N55S	B:N252S	logit=-0.906
A:N54V	B:N251V	logit=-1.458
A:E100V	B:E297V	logit=-2.282
A:I30V	B:I227V	logit=-2.521

Top tied mutations (C + D view):
C:V218L	D:V491L	logit=-0.502
C:K191R	D:K464R	logit=-0.526
C:S180T	D:S453T	logit=-0.668
C:T42V	D:T315V	logit=-0.727
C:N51P	D:N324P	logit=-0.865

Top tied mutations (A + B view):
A:T18V	B:T215V	logit=-0.649
A:N55S	B:N252S	logit=-0.991
A:N54V	B:N251V	logit=-1.282
A:E100V	B:E297V	logit=-2.324
A:I30V	B:I227V	logit=-2.742

Top tied mutations (C + D view):
C:V218L	D:V491L	logit=-0.425
C:K191R	D:K464R	logit=-0.527
C:S180T	D:S453T	logit=-0.646
C:T42V	D:T315V	logit=-0.754
C:N51P	D:N324P	logit=-0.778

Top tied mutations (A + B view):
A:T18V	B:T215V	logit=-0.679
A:N55S	B:N252S	logit=-0.920
A:N54V	B:N251V	logit=-1.460
A:E100V	B:E297V	logit=-2.307
A:I30V	B:I227V	logit=-2.512

Top tied mutations (C + D view):
C:V218L	D:V491L	logit=-0.480
C:K191R	D:K464R	logit=-0.493
C:S180T	D:S453T	logit=-0.675
C:T42V	D:T315V	logit=-0.770
C:N51P	D:N324P	logit=-0.794

Top tied mutations (A + B view):
A:T18V	B:T215V	logit=-0.770
A:N55S	B:N252S	logit=-0.938
A:N54V	B:N251V	logit=-1.458
A:E100V	B:E297V	logit=-2.254
A:I30V	B:I227V	logit=-2.576

Top tied mutations (C + D view):
C:V218L	D:V491L	logit=-0.496
C:K191R	D:K464R	logit=-0.552
C:S180T	D:S453T	logit=-0.650
C:T42V	D:T315V	logit=-0.747
C:S89A	D:S362A	logit=-0.887

Top tied mutations (A + B view):
A:T18V	B:T215V	logit=-0.678
A:N55S	B:N252S	logit=-0.941
A:N54V	B:N251V	logit=-1.480
A:E100V	B:E297V	logit=-2.334
A:I30V	B:I227V	logit=-2.626

Top tied mutations (C + D view):
C:V218L	D:V491L	logit=-0.471
C:K191R	D:K464R	logit=-0.542
C:S180T	D:S453T	logit=-0.658
C:T42V	D:T315V	logit=-0.733
C:N51P	D:N324P	logit=-0.782

Top tied mutations (A + B view):
A:T18V	B:T215V	logit=-0.722
A:N55S	B:N252S	logit=-0.906
A:N54V	B:N251V	logit=-1.382
A:E100V	B:E297V	logit=-2.337
A:I30V	B:I227V	logit=-2.458

Top tied mutations (C + D view):
C:V218L	D:V491L	logit=-0.436
C:K191R	D:K464R	logit=-0.584
C:S180T	D:S453T	logit=-0.647
C:T42V	D:T315V	logit=-0.779
C:N51P	D:N324P	logit=-0.919

Top tied mutations (A + B view):
A:T18V	B:T215V	logit=-0.686
A:N55S	B:N252S	logit=-0.989
A:N54V	B:N251V	logit=-1.465
A:E100V	B:E297V	logit=-2.221
A:I30V	B:I227V	logit=-2.671

Top tied mutations (C + D view):
C:V218L	D:V491L	logit=-0.445
C:K191R	D:K464R	logit=-0.587
C:S180T	D:S453T	logit=-0.645
C:T42V	D:T315V	logit=-0.776
C:N51P	D:N324P	logit=-0.887

Top tied mutations (A + B view):
A:T18V	B:T215V	logit=-0.758
A:N55S	B:N252S	logit=-0.960
A:N54V	B:N251V	logit=-1.424
A:E100V	B:E297V	logit=-2.274
A:N54I	B:N251I	logit=-2.721

Top tied mutations (C + D view):
C:V218L	D:V491L	logit=-0.427
C:K191R	D:K464R	logit=-0.558
C:S180T	D:S453T	logit=-0.687
C:N51P	D:N324P	logit=-0.716
C:T42V	D:T315V	logit=-0.800

Top tied mutations (A + B view):
A:T18V	B:T215V	logit=-0.694
A:N55S	B:N252S	logit=-0.968
A:N54V	B:N251V	logit=-1.434
A:E100V	B:E297V	logit=-2.214
A:I30V	B:I227V	logit=-2.680

Top tied mutations (C + D view):
C:V218L	D:V491L	logit=-0.435
C:K191R	D:K464R	logit=-0.553
C:S180T	D:S453T	logit=-0.643
C:T42V	D:T315V	logit=-0.792
C:S89A	D:S362A	logit=-0.844

Top tied mutations (A + B view):
A:T18V	B:T215V	logit=-0.708
A:N55S	B:N252S	logit=-0.830
A:N54V	B:N251V	logit=-1.510
A:E100V	B:E297V	logit=-2.353
A:I30V	B:I227V	logit=-2.529

Top tied mutations (C + D view):
C:V218L	D:V491L	logit=-0.503
C:K191R	D:K464R	logit=-0.577
C:S180T	D:S453T	logit=-0.684
C:T42V	D:T315V	logit=-0.731
C:N51P	D:N324P	logit=-0.884

Top tied mutations (A + B view):
A:T18V	B:T215V	logit=-0.647
A:N55S	B:N252S	logit=-0.971
A:N54V	B:N251V	logit=-1.552
A:E100V	B:E297V	logit=-2.210
A:I30V	B:I227V	logit=-2.580

Top tied mutations (C + D view):
C:V218L	D:V491L	logit=-0.443
C:K191R	D:K464R	logit=-0.584
C:S180T	D:S453T	logit=-0.640
C:T42V	D:T315V	logit=-0.741
C:N51P	D:N324P	logit=-0.743

Top tied mutations (A + B view):
A:T18V	B:T215V	logit=-0.712
A:N55S	B:N252S	logit=-0.900
A:N54V	B:N251V	logit=-1.508
A:E100V	B:E297V	logit=-2.287
A:I30V	B:I227V	logit=-2.530

Top tied mutations (C + D view):
C:V218L	D:V491L	logit=-0.456
C:K191R	D:K464R	logit=-0.486
C:S180T	D:S453T	logit=-0.649
C:T42V	D:T315V	logit=-0.750
C:A168P	D:A441P	logit=-0.904

Top tied mutations (A + B view):
A:T18V	B:T215V	logit=-0.691
A:N55S	B:N252S	logit=-0.961
A:N54V	B:N251V	logit=-1.475
A:E100V	B:E297V	logit=-2.202
A:I30V	B:I227V	logit=-2.616

Top tied mutations (C + D view):
C:V218L	D:V491L	logit=-0.461
C:K191R	D:K464R	logit=-0.537
C:S180T	D:S453T	logit=-0.665
C:T42V	D:T315V	logit=-0.697
C:N51P	D:N324P	logit=-0.850

Top tied mutations (A + B view):
A:T18V	B:T215V	logit=-0.713
A:N55S	B:N252S	logit=-0.923
A:N54V	B:N251V	logit=-1.367
A:E100V	B:E297V	logit=-2.342
A:I30V	B:I227V	logit=-2.627

Top tied mutations (C + D view):
C:V218L	D:V491L	logit=-0.480
C:K191R	D:K464R	logit=-0.507
C:S180T	D:S453T	logit=-0.660
C:T42V	D:T315V	logit=-0.780
C:N51P	D:N324P	logit=-0.816

Top tied mutations (A + B view):
A:T18V	B:T215V	logit=-0.717
A:N55S	B:N252S	logit=-0.910
A:N54V	B:N251V	logit=-1.333
A:E100V	B:E297V	logit=-2.364
A:I30V	B:I227V	logit=-2.584

Top tied mutations (C + D view):
C:V218L	D:V491L	logit=-0.427
C:K191R	D:K464R	logit=-0.560
C:S180T	D:S453T	logit=-0.671
C:T42V	D:T315V	logit=-0.763
C:S89A	D:S362A	logit=-0.805

Top tied mutations (A + B view):
A:T18V	B:T215V	logit=-0.707
A:N55S	B:N252S	logit=-0.877
A:N54V	B:N251V	logit=-1.273
A:E100V	B:E297V	logit=-2.405
A:I30V	B:I227V	logit=-2.415

Top tied mutations (C + D view):
C:V218L	D:V491L	logit=-0.462
C:K191R	D:K464R	logit=-0.557
C:S180T	D:S453T	logit=-0.670
C:T42V	D:T315V	logit=-0.774
C:N51P	D:N324P	logit=-0.874

Top tied mutations (A + B view):
A:T18V	B:T215V	logit=-0.652
A:N55S	B:N252S	logit=-0.858
A:N54V	B:N251V	logit=-1.454
A:E100V	B:E297V	logit=-2.318
A:I30V	B:I227V	logit=-2.596

Top tied mutations (C + D view):
C:V218L	D:V491L	logit=-0.426
C:K191R	D:K464R	logit=-0.544
C:S180T	D:S453T	logit=-0.659
C:T42V	D:T315V	logit=-0.758
C:N51P	D:N324P	logit=-0.838

Top tied mutations (A + B view):
A:T18V	B:T215V	logit=-0.669
A:N55S	B:N252S	logit=-0.913
A:N54V	B:N251V	logit=-1.491
A:E100V	B:E297V	logit=-2.256
A:I30V	B:I227V	logit=-2.548

Top tied mutations (C + D view):
C:V218L	D:V491L	logit=-0.494
C:K191R	D:K464R	logit=-0.566
C:S180T	D:S453T	logit=-0.663
C:T42V	D:T315V	logit=-0.735
C:N51P	D:N324P	logit=-0.817

Top tied mutations (A + B view):
A:T18V	B:T215V	logit=-0.712
A:N55S	B:N252S	logit=-0.859
A:N54V	B:N251V	logit=-1.517
A:E100V	B:E297V	logit=-2.330
A:I30V	B:I227V	logit=-2.590

Top tied mutations (C + D view):
C:V218L	D:V491L	logit=-0.444
C:K191R	D:K464R	logit=-0.625
C:S180T	D:S453T	logit=-0.635
C:T42V	D:T315V	logit=-0.747
C:N51P	D:N324P	logit=-0.875

Top tied mutations (A + B view):
A:T18V	B:T215V	logit=-0.749
A:N55S	B:N252S	logit=-0.926
A:N54V	B:N251V	logit=-1.339
A:E100V	B:E297V	logit=-2.419
A:I30V	B:I227V	logit=-2.524

Top tied mutations (C + D view):
C:V218L	D:V491L	logit=-0.419
C:K191R	D:K464R	logit=-0.579
C:S180T	D:S453T	logit=-0.660
C:T42V	D:T315V	logit=-0.712
C:S89A	D:S362A	logit=-0.902

Top tied mutations (A + B view):
A:T18V	B:T215V	logit=-0.650
A:N55S	B:N252S	logit=-0.899
A:N54V	B:N251V	logit=-1.488
A:E100V	B:E297V	logit=-2.328
A:I30V	B:I227V	logit=-2.620

Top tied mutations (C + D view):
C:V218L	D:V491L	logit=-0.419
C:K191R	D:K464R	logit=-0.591
C:S180T	D:S453T	logit=-0.670
C:T42V	D:T315V	logit=-0.732
C:N51P	D:N324P	logit=-0.836

Top tied mutations (A + B view):
A:T18V	B:T215V	logit=-0.703
A:N55S	B:N252S	logit=-0.932
A:N54V	B:N251V	logit=-1.465
A:E100V	B:E297V	logit=-2.239
A:I30V	B:I227V	logit=-2.513

Top tied mutations (C + D view):
C:V218L	D:V491L	logit=-0.478
C:K191R	D:K464R	logit=-0.535
C:S180T	D:S453T	logit=-0.659
C:T42V	D:T315V	logit=-0.700
C:N51P	D:N324P	logit=-0.781

Top tied mutations (A + B view):
A:T18V	B:T215V	logit=-0.707
A:N55S	B:N252S	logit=-0.917
A:N54V	B:N251V	logit=-1.373
A:E100V	B:E297V	logit=-2.262
A:I30V	B:I227V	logit=-2.547

Top tied mutations (C + D view):
C:V218L	D:V491L	logit=-0.460
C:K191R	D:K464R	logit=-0.554
C:S180T	D:S453T	logit=-0.652
C:T42V	D:T315V	logit=-0.739
C:N51P	D:N324P	logit=-0.853

Top tied mutations (A + B view):
A:T18V	B:T215V	logit=-0.689
A:N55S	B:N252S	logit=-0.828
A:N54V	B:N251V	logit=-1.654
A:E100V	B:E297V	logit=-2.239
A:I30V	B:I227V	logit=-2.590

Top tied mutations (C + D view):
C:V218L	D:V491L	logit=-0.480
C:K191R	D:K464R	logit=-0.531
C:S180T	D:S453T	logit=-0.641
C:T42V	D:T315V	logit=-0.722
C:N51P	D:N324P	logit=-0.806

Top tied mutations (A + B view):
A:T18V	B:T215V	logit=-0.677
A:N55S	B:N252S	logit=-0.866
A:N54V	B:N251V	logit=-1.491
A:E100V	B:E297V	logit=-2.389
A:I30V	B:I227V	logit=-2.570

Top tied mutations (C + D view):
C:V218L	D:V491L	logit=-0.430
C:K191R	D:K464R	logit=-0.558
C:T42V	D:T315V	logit=-0.662
C:S180T	D:S453T	logit=-0.693
C:N51P	D:N324P	logit=-0.766

Top tied mutations (A + B view):
A:T18V	B:T215V	logit=-0.699
A:N55S	B:N252S	logit=-0.923
A:N54V	B:N251V	logit=-1.496
A:E100V	B:E297V	logit=-2.226
A:I30V	B:I227V	logit=-2.621

Top tied mutations (C + D view):
C:V218L	D:V491L	logit=-0.464
C:K191R	D:K464R	logit=-0.550
C:S180T	D:S453T	logit=-0.623
C:T42V	D:T315V	logit=-0.780
C:N51P	D:N324P	logit=-0.859

Top tied mutations (A + B view):
A:T18V	B:T215V	logit=-0.756
A:N55S	B:N252S	logit=-0.975
A:N54V	B:N251V	logit=-1.361
A:E100V	B:E297V	logit=-2.336
A:I30V	B:I227V	logit=-2.636

Top tied mutations (C + D view):
C:V218L	D:V491L	logit=-0.427
C:K191R	D:K464R	logit=-0.593
C:S180T	D:S453T	logit=-0.667
C:T42V	D:T315V	logit=-0.718
C:N51P	D:N324P	logit=-0.853

Top tied mutations (A + B view):
A:T18V	B:T215V	logit=-0.665
A:N55S	B:N252S	logit=-0.929
A:N54V	B:N251V	logit=-1.447
A:E100V	B:E297V	logit=-2.287
A:I30V	B:I227V	logit=-2.555

Top tied mutations (C + D view):
C:V218L	D:V491L	logit=-0.475
C:K191R	D:K464R	logit=-0.595
C:S180T	D:S453T	logit=-0.654
C:T42V	D:T315V	logit=-0.736
C:N51P	D:N324P	logit=-0.870

Top tied mutations (A + B view):
A:T18V	B:T215V	logit=-0.728
A:N55S	B:N252S	logit=-0.951
A:N54V	B:N251V	logit=-1.389
A:E100V	B:E297V	logit=-2.291
A:I30V	B:I227V	logit=-2.454

Top tied mutations (C + D view):
C:V218L	D:V491L	logit=-0.433
C:K191R	D:K464R	logit=-0.597
C:S180T	D:S453T	logit=-0.658
C:T42V	D:T315V	logit=-0.686
C:N51P	D:N324P	logit=-0.866

Top tied mutations (A + B view):
A:T18V	B:T215V	logit=-0.689
A:N55S	B:N252S	logit=-0.932
A:N54V	B:N251V	logit=-1.436
A:E100V	B:E297V	logit=-2.320
A:I30V	B:I227V	logit=-2.398

Top tied mutations (C + D view):
C:V218L	D:V491L	logit=-0.462
C:K191R	D:K464R	logit=-0.549
C:S180T	D:S453T	logit=-0.656
C:T42V	D:T315V	logit=-0.781
C:N51P	D:N324P	logit=-0.785

Top tied mutations (A + B view):
A:T18V	B:T215V	logit=-0.731
A:N55S	B:N252S	logit=-0.933
A:N54V	B:N251V	logit=-1.394
A:E100V	B:E297V	logit=-2.277
A:I30V	B:I227V	logit=-2.555

Top tied mutations (C + D view):
C:V218L	D:V491L	logit=-0.438
C:K191R	D:K464R	logit=-0.544
C:S180T	D:S453T	logit=-0.674
C:T42V	D:T315V	logit=-0.697
C:N51P	D:N324P	logit=-0.880

Top tied mutations (A + B view):
A:T18V	B:T215V	logit=-0.714
A:N55S	B:N252S	logit=-0.877
A:N54V	B:N251V	logit=-1.349
A:E100V	B:E297V	logit=-2.273
A:I30V	B:I227V	logit=-2.492

Top tied mutations (C + D view):
C:V218L	D:V491L	logit=-0.420
C:K191R	D:K464R	logit=-0.557
C:S180T	D:S453T	logit=-0.662
C:T42V	D:T315V	logit=-0.704
C:S89A	D:S362A	logit=-0.916

Top tied mutations (A + B view):
A:T18V	B:T215V	logit=-0.680
A:N55S	B:N252S	logit=-0.881
A:N54V	B:N251V	logit=-1.388
A:E100V	B:E297V	logit=-2.304
A:I30V	B:I227V	logit=-2.617

Top tied mutations (C + D view):
C:V218L	D:V491L	logit=-0.450
C:K191R	D:K464R	logit=-0.537
C:S180T	D:S453T	logit=-0.663
C:T42V	D:T315V	logit=-0.731
C:S89A	D:S362A	logit=-0.849

Top tied mutations (A + B view):
A:T18V	B:T215V	logit=-0.694
A:N55S	B:N252S	logit=-0.987
A:N54V	B:N251V	logit=-1.332
A:E100V	B:E297V	logit=-2.298
A:I30V	B:I227V	logit=-2.578

Top tied mutations (C + D view):
C:V218L	D:V491L	logit=-0.422
C:S180T	D:S453T	logit=-0.643
C:K191R	D:K464R	logit=-0.670
C:N51P	D:N324P	logit=-0.716
C:T42V	D:T315V	logit=-0.741

Top tied mutations (A + B view):
A:T18V	B:T215V	logit=-0.679
A:N55S	B:N252S	logit=-0.957
A:N54V	B:N251V	logit=-1.339
A:E100V	B:E297V	logit=-2.285
A:I30V	B:I227V	logit=-2.600

Top tied mutations (C + D view):
C:V218L	D:V491L	logit=-0.432
C:K191R	D:K464R	logit=-0.541
C:S180T	D:S453T	logit=-0.664
C:T42V	D:T315V	logit=-0.702
C:N51P	D:N324P	logit=-0.897

Top tied mutations (A + B view):
A:T18V	B:T215V	logit=-0.709
A:N55S	B:N252S	logit=-0.828
A:N54V	B:N251V	logit=-1.314
A:E100V	B:E297V	logit=-2.354
A:I30V	B:I227V	logit=-2.542

Top tied mutations (C + D view):
C:V218L	D:V491L	logit=-0.400
C:K191R	D:K464R	logit=-0.588
C:S180T	D:S453T	logit=-0.655
C:T42V	D:T315V	logit=-0.740
C:N51P	D:N324P	logit=-0.898

Top tied mutations (A + B view):
A:T18V	B:T215V	logit=-0.691
A:N55S	B:N252S	logit=-0.899
A:N54V	B:N251V	logit=-1.342
A:E100V	B:E297V	logit=-2.405
A:I30V	B:I227V	logit=-2.637

Top tied mutations (C + D view):
C:V218L	D:V491L	logit=-0.490
C:K191R	D:K464R	logit=-0.604
C:S180T	D:S453T	logit=-0.651
C:T42V	D:T315V	logit=-0.726
C:N51P	D:N324P	logit=-0.822

Top tied mutations (A + B view):
A:T18V	B:T215V	logit=-0.718
A:N55S	B:N252S	logit=-0.904
A:N54V	B:N251V	logit=-1.357
A:E100V	B:E297V	logit=-2.364
A:I30V	B:I227V	logit=-2.492

Top tied mutations (C + D view):
C:V218L	D:V491L	logit=-0.451
C:K191R	D:K464R	logit=-0.533
C:S180T	D:S453T	logit=-0.648
C:T42V	D:T315V	logit=-0.690
C:S89A	D:S362A	logit=-0.865

Top tied mutations (A + B view):
A:T18V	B:T215V	logit=-0.710
A:N55S	B:N252S	logit=-0.889
A:N54V	B:N251V	logit=-1.396
A:E100V	B:E297V	logit=-2.223
A:I30V	B:I227V	logit=-2.594

Top tied mutations (C + D view):
C:V218L	D:V491L	logit=-0.392
C:K191R	D:K464R	logit=-0.577
C:S180T	D:S453T	logit=-0.662
C:T42V	D:T315V	logit=-0.726
C:N51P	D:N324P	logit=-0.830

Top tied mutations (A + B view):
A:T18V	B:T215V	logit=-0.665
A:N55S	B:N252S	logit=-0.922
A:N54V	B:N251V	logit=-1.388
A:E100V	B:E297V	logit=-2.217
A:I30V	B:I227V	logit=-2.585

Top tied mutations (C + D view):
C:V218L	D:V491L	logit=-0.426
C:K191R	D:K464R	logit=-0.570
C:S180T	D:S453T	logit=-0.634
C:T42V	D:T315V	logit=-0.747
C:N51P	D:N324P	logit=-0.861

Top tied mutations (A + B view):
A:T18V	B:T215V	logit=-0.726
A:N55S	B:N252S	logit=-0.912
A:N54V	B:N251V	logit=-1.379
A:E100V	B:E297V	logit=-2.245
A:I30V	B:I227V	logit=-2.403

Top tied mutations (C + D view):
C:V218L	D:V491L	logit=-0.477
C:K191R	D:K464R	logit=-0.526
C:S180T	D:S453T	logit=-0.663
C:N51P	D:N324P	logit=-0.729
C:T42V	D:T315V	logit=-0.764

Top tied mutations (A + B view):
A:T18V	B:T215V	logit=-0.725
A:N55S	B:N252S	logit=-0.893
A:N54V	B:N251V	logit=-1.532
A:E100V	B:E297V	logit=-2.257
A:I30V	B:I227V	logit=-2.607

Top tied mutations (C + D view):
C:V218L	D:V491L	logit=-0.462
C:K191R	D:K464R	logit=-0.520
C:S180T	D:S453T	logit=-0.680
C:T42V	D:T315V	logit=-0.771
C:S89A	D:S362A	logit=-0.905

Top tied mutations (A + B view):
A:T18V	B:T215V	logit=-0.722
A:N55S	B:N252S	logit=-0.926
A:N54V	B:N251V	logit=-1.454
A:E100V	B:E297V	logit=-2.223
A:I30V	B:I227V	logit=-2.697

Top tied mutations (C + D view):
C:V218L	D:V491L	logit=-0.490
C:K191R	D:K464R	logit=-0.520
C:S180T	D:S453T	logit=-0.675
C:T42V	D:T315V	logit=-0.739
C:N51P	D:N324P	logit=-0.874

Top tied mutations (A + B view):
A:T18V	B:T215V	logit=-0.721
A:N55S	B:N252S	logit=-0.916
A:N54V	B:N251V	logit=-1.553
A:E100V	B:E297V	logit=-2.228
A:I30V	B:I227V	logit=-2.721

Top tied mutations (C + D view):
C:V218L	D:V491L	logit=-0.422
C:K191R	D:K464R	logit=-0.537
C:S180T	D:S453T	logit=-0.652
C:T42V	D:T315V	logit=-0.728
C:N51P	D:N324P	logit=-0.813

Top tied mutations (A + B view):
A:T18V	B:T215V	logit=-0.683
A:N55S	B:N252S	logit=-0.895
A:N54V	B:N251V	logit=-1.506
A:E100V	B:E297V	logit=-2.271
A:I30V	B:I227V	logit=-2.463

Top tied mutations (C + D view):
C:V218L	D:V491L	logit=-0.470
C:K191R	D:K464R	logit=-0.601
C:S180T	D:S453T	logit=-0.653
C:T42V	D:T315V	logit=-0.715
C:S72G	D:S345G	logit=-0.910

Top tied mutations (A + B view):
A:T18V	B:T215V	logit=-0.768
A:N55S	B:N252S	logit=-0.920
A:N54V	B:N251V	logit=-1.437
A:E100V	B:E297V	logit=-2.307
A:I30V	B:I227V	logit=-2.596

Top tied mutations (C + D view):
C:V218L	D:V491L	logit=-0.419
C:K191R	D:K464R	logit=-0.562
C:S180T	D:S453T	logit=-0.656
C:T42V	D:T315V	logit=-0.718
C:N51P	D:N324P	logit=-0.815

Top tied mutations (A + B view):
A:T18V	B:T215V	logit=-0.672
A:N55S	B:N252S	logit=-0.938
A:N54V	B:N251V	logit=-1.450
A:E100V	B:E297V	logit=-2.223
A:I30V	B:I227V	logit=-2.683

Top tied mutations (C + D view):
C:V218L	D:V491L	logit=-0.439
C:K191R	D:K464R	logit=-0.566
C:S180T	D:S453T	logit=-0.677
C:T42V	D:T315V	logit=-0.698
C:N51P	D:N324P	logit=-0.760

Top tied mutations (A + B view):
A:T18V	B:T215V	logit=-0.668
A:N55S	B:N252S	logit=-0.908
A:N54V	B:N251V	logit=-1.652
A:E100V	B:E297V	logit=-2.249
A:I30V	B:I227V	logit=-2.598

Top tied mutations (C + D view):
C:V218L	D:V491L	logit=-0.465
C:K191R	D:K464R	logit=-0.610
C:S180T	D:S453T	logit=-0.665
C:T42V	D:T315V	logit=-0.731
C:S89A	D:S362A	logit=-0.819

Top tied mutations (A + B view):
A:T18V	B:T215V	logit=-0.699
A:N55S	B:N252S	logit=-0.885
A:N54V	B:N251V	logit=-1.506
A:E100V	B:E297V	logit=-2.157
A:I30V	B:I227V	logit=-2.589

Top tied mutations (C + D view):
C:V218L	D:V491L	logit=-0.463
C:K191R	D:K464R	logit=-0.568
C:S180T	D:S453T	logit=-0.664
C:T42V	D:T315V	logit=-0.747
C:N51P	D:N324P	logit=-0.796

Top tied mutations (A + B view):
A:T18V	B:T215V	logit=-0.766
A:N55S	B:N252S	logit=-0.924
A:N54V	B:N251V	logit=-1.391
A:E100V	B:E297V	logit=-2.308
A:I30V	B:I227V	logit=-2.560

Top tied mutations (C + D view):
C:V218L	D:V491L	logit=-0.454
C:K191R	D:K464R	logit=-0.538
C:S180T	D:S453T	logit=-0.649
C:T42V	D:T315V	logit=-0.744
C:N51P	D:N324P	logit=-0.895

Top tied mutations (A + B view):
A:T18V	B:T215V	logit=-0.664
A:N55S	B:N252S	logit=-0.944
A:N54V	B:N251V	logit=-1.491
A:E100V	B:E297V	logit=-2.269
A:I30V	B:I227V	logit=-2.559

Top tied mutations (C + D view):
C:V218L	D:V491L	logit=-0.420
C:K191R	D:K464R	logit=-0.568
C:S180T	D:S453T	logit=-0.666
C:T42V	D:T315V	logit=-0.697
C:N51P	D:N324P	logit=-0.844

Top tied mutations (A + B view):
A:T18V	B:T215V	logit=-0.685
A:N55S	B:N252S	logit=-0.915
A:N54V	B:N251V	logit=-1.366
A:E100V	B:E297V	logit=-2.446
A:I30V	B:I227V	logit=-2.553

Top tied mutations (C + D view):
C:V218L	D:V491L	logit=-0.434
C:K191R	D:K464R	logit=-0.554
C:S180T	D:S453T	logit=-0.657
C:T42V	D:T315V	logit=-0.710
C:S89A	D:S362A	logit=-0.858

Top tied mutations (A + B view):
A:T18V	B:T215V	logit=-0.749
A:N55S	B:N252S	logit=-0.911
A:N54V	B:N251V	logit=-1.358
A:E100V	B:E297V	logit=-2.337
A:I30V	B:I227V	logit=-2.552

Top tied mutations (C + D view):
C:V218L	D:V491L	logit=-0.467
C:K191R	D:K464R	logit=-0.613
C:S180T	D:S453T	logit=-0.684
C:T42V	D:T315V	logit=-0.695
C:N51P	D:N324P	logit=-0.767

Top tied mutations (A + B view):
A:T18V	B:T215V	logit=-0.608
A:N55S	B:N252S	logit=-0.915
A:N54V	B:N251V	logit=-1.453
A:E100V	B:E297V	logit=-2.217
A:I30V	B:I227V	logit=-2.454

Top tied mutations (C + D view):
C:V218L	D:V491L	logit=-0.440
C:K191R	D:K464R	logit=-0.536
C:S180T	D:S453T	logit=-0.642
C:T42V	D:T315V	logit=-0.679
C:N51P	D:N324P	logit=-0.788

Top tied mutations (A + B view):
A:T18V	B:T215V	logit=-0.733
A:N55S	B:N252S	logit=-0.876
A:N54V	B:N251V	logit=-1.538
A:E100V	B:E297V	logit=-2.224
A:I30V	B:I227V	logit=-2.620

Top tied mutations (C + D view):
C:V218L	D:V491L	logit=-0.421
C:K191R	D:K464R	logit=-0.511
C:S180T	D:S453T	logit=-0.658
C:T42V	D:T315V	logit=-0.719
C:N51P	D:N324P	logit=-0.823

Top tied mutations (A + B view):
A:T18V	B:T215V	logit=-0.658
A:N55S	B:N252S	logit=-0.849
A:N54V	B:N251V	logit=-1.426
A:E100V	B:E297V	logit=-2.194
A:I30V	B:I227V	logit=-2.681

Top tied mutations (C + D view):
C:V218L	D:V491L	logit=-0.449
C:K191R	D:K464R	logit=-0.526
C:S180T	D:S453T	logit=-0.654
C:N51P	D:N324P	logit=-0.736
C:T42V	D:T315V	logit=-0.736

Top tied mutations (A + B view):
A:T18V	B:T215V	logit=-0.672
A:N55S	B:N252S	logit=-0.891
A:N54V	B:N251V	logit=-1.373
A:E100V	B:E297V	logit=-2.268
A:I30V	B:I227V	logit=-2.560

Top tied mutations (C + D view):
C:V218L	D:V491L	logit=-0.397
C:K191R	D:K464R	logit=-0.577
C:S180T	D:S453T	logit=-0.662
C:T42V	D:T315V	logit=-0.690
C:N51P	D:N324P	logit=-0.794

Top tied mutations (A + B view):
A:T18V	B:T215V	logit=-0.705
A:N55S	B:N252S	logit=-0.834
A:N54V	B:N251V	logit=-1.428
A:E100V	B:E297V	logit=-2.308
A:I30V	B:I227V	logit=-2.584

Top tied mutations (C + D view):
C:K191R	D:K464R	logit=-0.473
C:V218L	D:V491L	logit=-0.481
C:S180T	D:S453T	logit=-0.641
C:T42V	D:T315V	logit=-0.773
C:N51P	D:N324P	logit=-0.786

Top tied mutations (A + B view):
A:T18V	B:T215V	logit=-0.702
A:N55S	B:N252S	logit=-0.924
A:N54V	B:N251V	logit=-1.518
A:E100V	B:E297V	logit=-2.341
A:I30V	B:I227V	logit=-2.721

Top tied mutations (C + D view):
C:V218L	D:V491L	logit=-0.422
C:K191R	D:K464R	logit=-0.562
C:S180T	D:S453T	logit=-0.628
C:N51P	D:N324P	logit=-0.780
C:T42V	D:T315V	logit=-0.791

Top tied mutations (A + B view):
A:T18V	B:T215V	logit=-0.689
A:N55S	B:N252S	logit=-0.919
A:N54V	B:N251V	logit=-1.466
A:E100V	B:E297V	logit=-2.227
A:I30V	B:I227V	logit=-2.719

Top tied mutations (C + D view):
C:V218L	D:V491L	logit=-0.424
C:K191R	D:K464R	logit=-0.613
C:S180T	D:S453T	logit=-0.658
C:T42V	D:T315V	logit=-0.743
C:N51P	D:N324P	logit=-0.875

Top tied mutations (A + B view):
A:T18V	B:T215V	logit=-0.715
A:N55S	B:N252S	logit=-0.880
A:N54V	B:N251V	logit=-1.342
A:E100V	B:E297V	logit=-2.207
A:I30V	B:I227V	logit=-2.580

Top tied mutations (C + D view):
C:V218L	D:V491L	logit=-0.445
C:K191R	D:K464R	logit=-0.536
C:S180T	D:S453T	logit=-0.663
C:T42V	D:T315V	logit=-0.694
C:N51P	D:N324P	logit=-0.753

Top tied mutations (A + B view):
A:T18V	B:T215V	logit=-0.738
A:N55S	B:N252S	logit=-0.947
A:N54V	B:N251V	logit=-1.420
A:E100V	B:E297V	logit=-2.353
A:I30V	B:I227V	logit=-2.678

Top tied mutations (C + D view):
C:V218L	D:V491L	logit=-0.483
C:K191R	D:K464R	logit=-0.539
C:S180T	D:S453T	logit=-0.669
C:T42V	D:T315V	logit=-0.742
C:N51P	D:N324P	logit=-0.807

Top tied mutations (A + B view):
A:T18V	B:T215V	logit=-0.664
A:N55S	B:N252S	logit=-0.888
A:N54V	B:N251V	logit=-1.525
A:E100V	B:E297V	logit=-2.265
A:I30V	B:I227V	logit=-2.584

Top tied mutations (C + D view):
C:V218L	D:V491L	logit=-0.479
C:K191R	D:K464R	logit=-0.530
C:S180T	D:S453T	logit=-0.664
C:T42V	D:T315V	logit=-0.790
C:N51P	D:N324P	logit=-0.869

Top tied mutations (A + B view):
A:T18V	B:T215V	logit=-0.645
A:N55S	B:N252S	logit=-0.881
A:N54V	B:N251V	logit=-1.454
A:E100V	B:E297V	logit=-2.229
A:I30V	B:I227V	logit=-2.546

Top tied mutations (C + D view):
C:V218L	D:V491L	logit=-0.465
C:K191R	D:K464R	logit=-0.537
C:S180T	D:S453T	logit=-0.633
C:T42V	D:T315V	logit=-0.757
C:N51P	D:N324P	logit=-0.864

Top tied mutations (A + B view):
A:T18V	B:T215V	logit=-0.740
A:N55S	B:N252S	logit=-0.879
A:N54V	B:N251V	logit=-1.493
A:E100V	B:E297V	logit=-2.216
A:I30V	B:I227V	logit=-2.561

Top tied mutations (C + D view):
C:V218L	D:V491L	logit=-0.459
C:K191R	D:K464R	logit=-0.553
C:S180T	D:S453T	logit=-0.645
C:T42V	D:T315V	logit=-0.783
C:N51P	D:N324P	logit=-0.912

Top tied mutations (A + B view):
A:T18V	B:T215V	logit=-0.671
A:N55S	B:N252S	logit=-0.890
A:N54V	B:N251V	logit=-1.305
A:E100V	B:E297V	logit=-2.369
A:I30V	B:I227V	logit=-2.644

Top tied mutations (C + D view):
C:V218L	D:V491L	logit=-0.453
C:K191R	D:K464R	logit=-0.569
C:S180T	D:S453T	logit=-0.668
C:T42V	D:T315V	logit=-0.753
C:S89A	D:S362A	logit=-0.837

Top tied mutations (A + B view):
A:T18V	B:T215V	logit=-0.714
A:N55S	B:N252S	logit=-0.998
A:N54V	B:N251V	logit=-1.359
A:E100V	B:E297V	logit=-2.339
A:I30V	B:I227V	logit=-2.569

Top tied mutations (C + D view):
C:V218L	D:V491L	logit=-0.442
C:K191R	D:K464R	logit=-0.568
C:S180T	D:S453T	logit=-0.691
C:T42V	D:T315V	logit=-0.725
C:N51P	D:N324P	logit=-0.795

Top tied mutations (A + B view):
A:T18V	B:T215V	logit=-0.737
A:N55S	B:N252S	logit=-0.941
A:N54V	B:N251V	logit=-1.404
A:E100V	B:E297V	logit=-2.217
A:I30V	B:I227V	logit=-2.545

Top tied mutations (C + D view):
C:V218L	D:V491L	logit=-0.419
C:K191R	D:K464R	logit=-0.538
C:S180T	D:S453T	logit=-0.654
C:T42V	D:T315V	logit=-0.770
C:N51P	D:N324P	logit=-0.793

Top tied mutations (A + B view):
A:T18V	B:T215V	logit=-0.752
A:N55S	B:N252S	logit=-0.850
A:N54V	B:N251V	logit=-1.437
A:E100V	B:E297V	logit=-2.405
A:I30V	B:I227V	logit=-2.589

Top tied mutations (C + D view):
C:V218L	D:V491L	logit=-0.433
C:K191R	D:K464R	logit=-0.646
C:S180T	D:S453T	logit=-0.655
C:T42V	D:T315V	logit=-0.705
C:N51P	D:N324P	logit=-0.802

Top tied mutations (A + B view):
A:T18V	B:T215V	logit=-0.683
A:N55S	B:N252S	logit=-0.871
A:N54V	B:N251V	logit=-1.524
A:E100V	B:E297V	logit=-2.105
A:I30V	B:I227V	logit=-2.575

Top tied mutations (C + D view):
C:V218L	D:V491L	logit=-0.396
C:K191R	D:K464R	logit=-0.627
C:S180T	D:S453T	logit=-0.639
C:T42V	D:T315V	logit=-0.742
C:N51P	D:N324P	logit=-0.914

Top tied mutations (A + B view):
A:T18V	B:T215V	logit=-0.674
A:N55S	B:N252S	logit=-0.884
A:N54V	B:N251V	logit=-1.416
A:E100V	B:E297V	logit=-2.273
A:I30V	B:I227V	logit=-2.492

Top tied mutations (C + D view):
C:V218L	D:V491L	logit=-0.431
C:K191R	D:K464R	logit=-0.604
C:S180T	D:S453T	logit=-0.662
C:T42V	D:T315V	logit=-0.773
C:N51P	D:N324P	logit=-0.790

Top tied mutations (A + B view):
A:T18V	B:T215V	logit=-0.732
A:N55S	B:N252S	logit=-0.884
A:N54V	B:N251V	logit=-1.404
A:E100V	B:E297V	logit=-2.348
A:I30V	B:I227V	logit=-2.480

Top tied mutations (C + D view):
C:V218L	D:V491L	logit=-0.486
C:K191R	D:K464R	logit=-0.531
C:S180T	D:S453T	logit=-0.666
C:T42V	D:T315V	logit=-0.674
C:N51P	D:N324P	logit=-0.827

Top tied mutations (A + B view):
A:T18V	B:T215V	logit=-0.722
A:N55S	B:N252S	logit=-0.906
A:N54V	B:N251V	logit=-1.415
A:E100V	B:E297V	logit=-2.275
A:V102I	B:V299I	logit=-2.803

Top tied mutations (C + D view):
C:V218L	D:V491L	logit=-0.430
C:K191R	D:K464R	logit=-0.553
C:S180T	D:S453T	logit=-0.660
C:T42V	D:T315V	logit=-0.747
C:S89A	D:S362A	logit=-0.812

Top tied mutations (A + B view):
A:T18V	B:T215V	logit=-0.652
A:N55S	B:N252S	logit=-0.935
A:N54V	B:N251V	logit=-1.388
A:E100V	B:E297V	logit=-2.222
A:I30V	B:I227V	logit=-2.687

Top tied mutations (C + D view):
C:V218L	D:V491L	logit=-0.464
C:K191R	D:K464R	logit=-0.526
C:S180T	D:S453T	logit=-0.684
C:T42V	D:T315V	logit=-0.721
C:S89A	D:S362A	logit=-0.804

Top tied mutations (A + B view):
A:T18V	B:T215V	logit=-0.704
A:N55S	B:N252S	logit=-0.880
A:N54V	B:N251V	logit=-1.559
A:E100V	B:E297V	logit=-2.337
A:I30V	B:I227V	logit=-2.492

Top tied mutations (C + D view):
C:V218L	D:V491L	logit=-0.438
C:K191R	D:K464R	logit=-0.568
C:S180T	D:S453T	logit=-0.672
C:T42V	D:T315V	logit=-0.735
C:N51P	D:N324P	logit=-0.859

Top tied mutations (A + B view):
A:T18V	B:T215V	logit=-0.752
A:N55S	B:N252S	logit=-0.996
A:N54V	B:N251V	logit=-1.413
A:E100V	B:E297V	logit=-2.382
A:I30V	B:I227V	logit=-2.513

Top tied mutations (C + D view):
C:V218L	D:V491L	logit=-0.488
C:K191R	D:K464R	logit=-0.546
C:S180T	D:S453T	logit=-0.689
C:T42V	D:T315V	logit=-0.775
C:N51P	D:N324P	logit=-0.793

Top tied mutations (A + B view):
A:T18V	B:T215V	logit=-0.684
A:N55S	B:N252S	logit=-0.875
A:N54V	B:N251V	logit=-1.285
A:E100V	B:E297V	logit=-2.411
A:I30V	B:I227V	logit=-2.593

Top tied mutations (C + D view):
C:V218L	D:V491L	logit=-0.400
C:K191R	D:K464R	logit=-0.551
C:S180T	D:S453T	logit=-0.675
C:T42V	D:T315V	logit=-0.720
C:N51P	D:N324P	logit=-0.883

Top tied mutations (A + B view):
A:T18V	B:T215V	logit=-0.758
A:N55S	B:N252S	logit=-0.903
A:N54V	B:N251V	logit=-1.385
A:E100V	B:E297V	logit=-2.291
A:I30V	B:I227V	logit=-2.569

Top tied mutations (C + D view):
C:V218L	D:V491L	logit=-0.472
C:K191R	D:K464R	logit=-0.548
C:S180T	D:S453T	logit=-0.683
C:T42V	D:T315V	logit=-0.702
C:N51P	D:N324P	logit=-0.829

Top tied mutations (A + B view):
A:T18V	B:T215V	logit=-0.674
A:N55S	B:N252S	logit=-0.877
A:N54V	B:N251V	logit=-1.343
A:E100V	B:E297V	logit=-2.249
A:I30V	B:I227V	logit=-2.477

Top tied mutations (C + D view):
C:V218L	D:V491L	logit=-0.433
C:K191R	D:K464R	logit=-0.492
C:S180T	D:S453T	logit=-0.656
C:T42V	D:T315V	logit=-0.759
C:S89A	D:S362A	logit=-0.940

Top tied mutations (A + B view):
A:T18V	B:T215V	logit=-0.662
A:N55S	B:N252S	logit=-0.907
A:N54V	B:N251V	logit=-1.393
A:E100V	B:E297V	logit=-2.174
A:I30V	B:I227V	logit=-2.392

Top tied mutations (C + D view):
C:V218L	D:V491L	logit=-0.478
C:K191R	D:K464R	logit=-0.494
C:S180T	D:S453T	logit=-0.651
C:N51P	D:N324P	logit=-0.748
C:T42V	D:T315V	logit=-0.756

Top tied mutations (A + B view):
A:T18V	B:T215V	logit=-0.754
A:N55S	B:N252S	logit=-0.895
A:N54V	B:N251V	logit=-1.317
A:E100V	B:E297V	logit=-2.385
A:I30V	B:I227V	logit=-2.633

Top tied mutations (C + D view):
C:V218L	D:V491L	logit=-0.459
C:K191R	D:K464R	logit=-0.525
C:S180T	D:S453T	logit=-0.665
C:T42V	D:T315V	logit=-0.717
C:S89A	D:S362A	logit=-0.911

Top tied mutations (A + B view):
A:T18V	B:T215V	logit=-0.667
A:N55S	B:N252S	logit=-0.938
A:N54V	B:N251V	logit=-1.349
A:E100V	B:E297V	logit=-2.161
A:I30V	B:I227V	logit=-2.606

Top tied mutations (C + D view):
C:V218L	D:V491L	logit=-0.439
C:K191R	D:K464R	logit=-0.536
C:S180T	D:S453T	logit=-0.655
C:T42V	D:T315V	logit=-0.754
C:N51P	D:N324P	logit=-0.799

Top tied mutations (A + B view):
A:T18V	B:T215V	logit=-0.676
A:N55S	B:N252S	logit=-0.914
A:N54V	B:N251V	logit=-1.454
A:E100V	B:E297V	logit=-2.253
A:I30V	B:I227V	logit=-2.470

Top tied mutations (C + D view):
C:V218L	D:V491L	logit=-0.482
C:K191R	D:K464R	logit=-0.566
C:S180T	D:S453T	logit=-0.645
C:N51P	D:N324P	logit=-0.698
C:T42V	D:T315V	logit=-0.754

Top tied mutations (A + B view):
A:T18V	B:T215V	logit=-0.669
A:N55S	B:N252S	logit=-0.894
A:N54V	B:N251V	logit=-1.459
A:E100V	B:E297V	logit=-2.285
A:I30V	B:I227V	logit=-2.495

Top tied mutations (C + D view):
C:V218L	D:V491L	logit=-0.444
C:K191R	D:K464R	logit=-0.590
C:S180T	D:S453T	logit=-0.659
C:T42V	D:T315V	logit=-0.748
C:N51P	D:N324P	logit=-0.888

Top tied mutations (A + B view):
A:T18V	B:T215V	logit=-0.690
A:N55S	B:N252S	logit=-0.944
A:N54V	B:N251V	logit=-1.456
A:E100V	B:E297V	logit=-2.301
A:I30V	B:I227V	logit=-2.541

Top tied mutations (C + D view):
C:V218L	D:V491L	logit=-0.426
C:K191R	D:K464R	logit=-0.544
C:S180T	D:S453T	logit=-0.671
C:T42V	D:T315V	logit=-0.740
C:N51P	D:N324P	logit=-0.871

Top tied mutations (A + B view):
A:T18V	B:T215V	logit=-0.640
A:N55S	B:N252S	logit=-0.884
A:N54V	B:N251V	logit=-1.305
A:E100V	B:E297V	logit=-2.239
A:I30V	B:I227V	logit=-2.583

Top tied mutations (C + D view):
C:V218L	D:V491L	logit=-0.404
C:K191R	D:K464R	logit=-0.529
C:S180T	D:S453T	logit=-0.683
C:T42V	D:T315V	logit=-0.767
C:S89A	D:S362A	logit=-0.930

Top tied mutations (A + B view):
A:T18V	B:T215V	logit=-0.707
A:N55S	B:N252S	logit=-0.945
A:N54V	B:N251V	logit=-1.361
A:E100V	B:E297V	logit=-2.430
A:I30V	B:I227V	logit=-2.547

Top tied mutations (C + D view):
C:V218L	D:V491L	logit=-0.417
C:K191R	D:K464R	logit=-0.505
C:S180T	D:S453T	logit=-0.658
C:T42V	D:T315V	logit=-0.752
C:N51P	D:N324P	logit=-0.763

Top tied mutations (A + B view):
A:T18V	B:T215V	logit=-0.667
A:N55S	B:N252S	logit=-0.930
A:N54V	B:N251V	logit=-1.377
A:E100V	B:E297V	logit=-2.344
A:I30V	B:I227V	logit=-2.574

Top tied mutations (C + D view):
C:V218L	D:V491L	logit=-0.483
C:K191R	D:K464R	logit=-0.548
C:S180T	D:S453T	logit=-0.648
C:T42V	D:T315V	logit=-0.702
C:S89A	D:S362A	logit=-0.857

Top tied mutations (A + B view):
A:T18V	B:T215V	logit=-0.698
A:N55S	B:N252S	logit=-0.898
A:N54V	B:N251V	logit=-1.457
A:E100V	B:E297V	logit=-2.241
A:I30V	B:I227V	logit=-2.504

Top tied mutations (C + D view):
C:V218L	D:V491L	logit=-0.431
C:K191R	D:K464R	logit=-0.514
C:S180T	D:S453T	logit=-0.657
C:T42V	D:T315V	logit=-0.699
C:N51P	D:N324P	logit=-0.894

Top tied mutations (A + B view):
A:T18V	B:T215V	logit=-0.729
A:N55S	B:N252S	logit=-0.870
A:N54V	B:N251V	logit=-1.557
A:E100V	B:E297V	logit=-2.214
A:I30V	B:I227V	logit=-2.547

Top tied mutations (C + D view):
C:V218L	D:V491L	logit=-0.439
C:K191R	D:K464R	logit=-0.569
C:S180T	D:S453T	logit=-0.643
C:T42V	D:T315V	logit=-0.743
C:N51P	D:N324P	logit=-0.835

Top tied mutations (A + B view):
A:T18V	B:T215V	logit=-0.723
A:N55S	B:N252S	logit=-0.902
A:N54V	B:N251V	logit=-1.368
A:E100V	B:E297V	logit=-2.317
A:I30V	B:I227V	logit=-2.418

Top tied mutations (C + D view):
C:V218L	D:V491L	logit=-0.466
C:K191R	D:K464R	logit=-0.573
C:S180T	D:S453T	logit=-0.650
C:T42V	D:T315V	logit=-0.708
C:N51P	D:N324P	logit=-0.806

Top tied mutations (A + B view):
A:T18V	B:T215V	logit=-0.730
A:N55S	B:N252S	logit=-0.871
A:N54V	B:N251V	logit=-1.414
A:E100V	B:E297V	logit=-2.339
A:I30V	B:I227V	logit=-2.511

Top tied mutations (C + D view):
C:V218L	D:V491L	logit=-0.469
C:K191R	D:K464R	logit=-0.552
C:S180T	D:S453T	logit=-0.645
C:T42V	D:T315V	logit=-0.768
C:N51P	D:N324P	logit=-0.781

Top tied mutations (A + B view):
A:T18V	B:T215V	logit=-0.775
A:N55S	B:N252S	logit=-0.995
A:N54V	B:N251V	logit=-1.301
A:E100V	B:E297V	logit=-2.429
A:I30V	B:I227V	logit=-2.635

Top tied mutations (C + D view):
C:V218L	D:V491L	logit=-0.420
C:K191R	D:K464R	logit=-0.581
C:S180T	D:S453T	logit=-0.679
C:N51P	D:N324P	logit=-0.781
C:T42V	D:T315V	logit=-0.812

Top tied mutations (A + B view):
A:T18V	B:T215V	logit=-0.764
A:N55S	B:N252S	logit=-0.918
A:N54V	B:N251V	logit=-1.384
A:E100V	B:E297V	logit=-2.171
A:I30V	B:I227V	logit=-2.492

Top tied mutations (C + D view):
C:V218L	D:V491L	logit=-0.478
C:K191R	D:K464R	logit=-0.504
C:S180T	D:S453T	logit=-0.677
C:T42V	D:T315V	logit=-0.729
C:N51P	D:N324P	logit=-0.805

Top tied mutations (A + B view):
A:T18V	B:T215V	logit=-0.733
A:N55S	B:N252S	logit=-0.955
A:N54V	B:N251V	logit=-1.442
A:E100V	B:E297V	logit=-2.191
A:I30V	B:I227V	logit=-2.501

Top tied mutations (C + D view):
C:V218L	D:V491L	logit=-0.481
C:K191R	D:K464R	logit=-0.482
C:S180T	D:S453T	logit=-0.624
C:T42V	D:T315V	logit=-0.772
C:N51P	D:N324P	logit=-0.866

Top tied mutations (A + B view):
A:T18V	B:T215V	logit=-0.713
A:N55S	B:N252S	logit=-0.927
A:N54V	B:N251V	logit=-1.411
A:E100V	B:E297V	logit=-2.322
A:I30V	B:I227V	logit=-2.552

Top tied mutations (C + D view):
C:V218L	D:V491L	logit=-0.443
C:K191R	D:K464R	logit=-0.630
C:S180T	D:S453T	logit=-0.676
C:T42V	D:T315V	logit=-0.690
C:N219S	D:N492S	logit=-0.910

Top tied mutations (A + B view):
A:T18V	B:T215V	logit=-0.668
A:N55S	B:N252S	logit=-0.855
A:N54V	B:N251V	logit=-1.359
A:E100V	B:E297V	logit=-2.325
A:I30V	B:I227V	logit=-2.477

Top tied mutations (C + D view):
C:V218L	D:V491L	logit=-0.472
C:K191R	D:K464R	logit=-0.560
C:S180T	D:S453T	logit=-0.672
C:T42V	D:T315V	logit=-0.763
C:N51P	D:N324P	logit=-0.774

Top tied mutations (A + B view):
A:T18V	B:T215V	logit=-0.698
A:N55S	B:N252S	logit=-0.881
A:N54V	B:N251V	logit=-1.340
A:E100V	B:E297V	logit=-2.228
A:I30V	B:I227V	logit=-2.705

Top tied mutations (C + D view):
C:V218L	D:V491L	logit=-0.445
C:K191R	D:K464R	logit=-0.557
C:S180T	D:S453T	logit=-0.662
C:T42V	D:T315V	logit=-0.724
C:N51P	D:N324P	logit=-0.816

Top tied mutations (A + B view):
A:T18V	B:T215V	logit=-0.688
A:N55S	B:N252S	logit=-0.866
A:N54V	B:N251V	logit=-1.543
A:E100V	B:E297V	logit=-2.289
A:I30V	B:I227V	logit=-2.567

Top tied mutations (C + D view):
C:V218L	D:V491L	logit=-0.475
C:K191R	D:K464R	logit=-0.580
C:S180T	D:S453T	logit=-0.656
C:N51P	D:N324P	logit=-0.717
C:T42V	D:T315V	logit=-0.740

Top tied mutations (A + B view):
A:T18V	B:T215V	logit=-0.736
A:N55S	B:N252S	logit=-0.904
A:N54V	B:N251V	logit=-1.381
A:E100V	B:E297V	logit=-2.478
A:I30V	B:I227V	logit=-2.616

Top tied mutations (C + D view):
C:V218L	D:V491L	logit=-0.452
C:K191R	D:K464R	logit=-0.597
C:S180T	D:S453T	logit=-0.648
C:T42V	D:T315V	logit=-0.732
C:N51P	D:N324P	logit=-0.772

Top tied mutations (A + B view):
A:T18V	B:T215V	logit=-0.738
A:N55S	B:N252S	logit=-0.947
A:N54V	B:N251V	logit=-1.437
A:E100V	B:E297V	logit=-2.184
A:I30V	B:I227V	logit=-2.599

Top tied mutations (C + D view):
C:V218L	D:V491L	logit=-0.442
C:K191R	D:K464R	logit=-0.583
C:S180T	D:S453T	logit=-0.658
C:T42V	D:T315V	logit=-0.728
C:N219S	D:N492S	logit=-0.902

Top tied mutations (A + B view):
A:T18V	B:T215V	logit=-0.743
A:N55S	B:N252S	logit=-0.897
A:N54V	B:N251V	logit=-1.404
A:E100V	B:E297V	logit=-2.377
A:I30V	B:I227V	logit=-2.630

Top tied mutations (C + D view):
C:V218L	D:V491L	logit=-0.461
C:K191R	D:K464R	logit=-0.572
C:S180T	D:S453T	logit=-0.680
C:T42V	D:T315V	logit=-0.729
C:N51P	D:N324P	logit=-0.761

Top tied mutations (A + B view):
A:T18V	B:T215V	logit=-0.737
A:N55S	B:N252S	logit=-0.902
A:N54V	B:N251V	logit=-1.488
A:E100V	B:E297V	logit=-2.153
A:V102I	B:V299I	logit=-2.734

Top tied mutations (C + D view):
C:V218L	D:V491L	logit=-0.427
C:K191R	D:K464R	logit=-0.571
C:S180T	D:S453T	logit=-0.669
C:T42V	D:T315V	logit=-0.741
C:N51P	D:N324P	logit=-0.784

Top tied mutations (A + B view):
A:T18V	B:T215V	logit=-0.666
A:N55S	B:N252S	logit=-0.954
A:N54V	B:N251V	logit=-1.393
A:E100V	B:E297V	logit=-2.344
A:I30V	B:I227V	logit=-2.627

Top tied mutations (C + D view):
C:V218L	D:V491L	logit=-0.464
C:K191R	D:K464R	logit=-0.559
C:S180T	D:S453T	logit=-0.623
C:T42V	D:T315V	logit=-0.725
C:N51P	D:N324P	logit=-0.774

Top tied mutations (A + B view):
A:T18V	B:T215V	logit=-0.728
A:N55S	B:N252S	logit=-0.881
A:N54V	B:N251V	logit=-1.484
A:E100V	B:E297V	logit=-2.281
A:I30V	B:I227V	logit=-2.592

Top tied mutations (C + D view):
C:V218L	D:V491L	logit=-0.481
C:K191R	D:K464R	logit=-0.611
C:S180T	D:S453T	logit=-0.635
C:T42V	D:T315V	logit=-0.706
C:N51P	D:N324P	logit=-0.782

Top tied mutations (A + B view):
A:T18V	B:T215V	logit=-0.729
A:N55S	B:N252S	logit=-0.877
A:N54V	B:N251V	logit=-1.354
A:E100V	B:E297V	logit=-2.313
A:I30V	B:I227V	logit=-2.544

Top tied mutations (C + D view):
C:V218L	D:V491L	logit=-0.484
C:K191R	D:K464R	logit=-0.511
C:S180T	D:S453T	logit=-0.674
C:T42V	D:T315V	logit=-0.742
C:S89A	D:S362A	logit=-0.910

Top tied mutations (A + B view):
A:T18V	B:T215V	logit=-0.658
A:N55S	B:N252S	logit=-0.919
A:N54V	B:N251V	logit=-1.428
A:E100V	B:E297V	logit=-2.281
A:I30V	B:I227V	logit=-2.578

Top tied mutations (C + D view):
C:V218L	D:V491L	logit=-0.446
C:K191R	D:K464R	logit=-0.581
C:S180T	D:S453T	logit=-0.666
C:T42V	D:T315V	logit=-0.806
C:N51P	D:N324P	logit=-0.835

Top tied mutations (A + B view):
A:T18V	B:T215V	logit=-0.684
A:N55S	B:N252S	logit=-0.932
A:N54V	B:N251V	logit=-1.436
A:E100V	B:E297V	logit=-2.296
A:I30V	B:I227V	logit=-2.634

Top tied mutations (C + D view):
C:V218L	D:V491L	logit=-0.459
C:K191R	D:K464R	logit=-0.532
C:S180T	D:S453T	logit=-0.648
C:T42V	D:T315V	logit=-0.768
C:S89A	D:S362A	logit=-0.863

Top tied mutations (A + B view):
A:T18V	B:T215V	logit=-0.631
A:N55S	B:N252S	logit=-0.907
A:N54V	B:N251V	logit=-1.334
A:E100V	B:E297V	logit=-2.286
A:I30V	B:I227V	logit=-2.510

Top tied mutations (C + D view):
C:V218L	D:V491L	logit=-0.402
C:K191R	D:K464R	logit=-0.533
C:S180T	D:S453T	logit=-0.632
C:T42V	D:T315V	logit=-0.711
C:S89A	D:S362A	logit=-0.816

Top tied mutations (A + B view):
A:T18V	B:T215V	logit=-0.690
A:N55S	B:N252S	logit=-0.949
A:N54V	B:N251V	logit=-1.351
A:E100V	B:E297V	logit=-2.386
A:I30V	B:I227V	logit=-2.651

Top tied mutations (C + D view):
C:V218L	D:V491L	logit=-0.447
C:K191R	D:K464R	logit=-0.551
C:S180T	D:S453T	logit=-0.636
C:T42V	D:T315V	logit=-0.701
C:N51P	D:N324P	logit=-0.781

Top tied mutations (A + B view):
A:T18V	B:T215V	logit=-0.695
A:N55S	B:N252S	logit=-0.955
A:N54V	B:N251V	logit=-1.401
A:E100V	B:E297V	logit=-2.356
A:I30V	B:I227V	logit=-2.706

Top tied mutations (C + D view):
C:V218L	D:V491L	logit=-0.404
C:K191R	D:K464R	logit=-0.533
C:S180T	D:S453T	logit=-0.671
C:T42V	D:T315V	logit=-0.710
C:N51P	D:N324P	logit=-0.813

Top tied mutations (A + B view):
A:T18V	B:T215V	logit=-0.601
A:N55S	B:N252S	logit=-0.955
A:N54V	B:N251V	logit=-1.413
A:E100V	B:E297V	logit=-2.383
A:I30V	B:I227V	logit=-2.631

Top tied mutations (C + D view):
C:V218L	D:V491L	logit=-0.455
C:K191R	D:K464R	logit=-0.572
C:S180T	D:S453T	logit=-0.658
C:T42V	D:T315V	logit=-0.719
C:N51P	D:N324P	logit=-0.885

Top tied mutations (A + B view):
A:T18V	B:T215V	logit=-0.690
A:N55S	B:N252S	logit=-0.902
A:N54V	B:N251V	logit=-1.480
A:E100V	B:E297V	logit=-2.318
A:I30V	B:I227V	logit=-2.731

Top tied mutations (C + D view):
C:V218L	D:V491L	logit=-0.442
C:K191R	D:K464R	logit=-0.576
C:S180T	D:S453T	logit=-0.681
C:T42V	D:T315V	logit=-0.757
C:S89A	D:S362A	logit=-0.899

Top tied mutations (A + B view):
A:T18V	B:T215V	logit=-0.714
A:N55S	B:N252S	logit=-0.987
A:N54V	B:N251V	logit=-1.398
A:E100V	B:E297V	logit=-2.401
A:I30V	B:I227V	logit=-2.512

Top tied mutations (C + D view):
C:V218L	D:V491L	logit=-0.418
C:K191R	D:K464R	logit=-0.493
C:S180T	D:S453T	logit=-0.658
C:T42V	D:T315V	logit=-0.756
C:N51P	D:N324P	logit=-0.801

Top tied mutations (A + B view):
A:T18V	B:T215V	logit=-0.677
A:N55S	B:N252S	logit=-0.864
A:N54V	B:N251V	logit=-1.291
A:E100V	B:E297V	logit=-2.274
A:I30V	B:I227V	logit=-2.704

Top tied mutations (C + D view):
C:V218L	D:V491L	logit=-0.455
C:K191R	D:K464R	logit=-0.550
C:S180T	D:S453T	logit=-0.643
C:N51P	D:N324P	logit=-0.750
C:T42V	D:T315V	logit=-0.771

Top tied mutations (A + B view):
A:T18V	B:T215V	logit=-0.743
A:N55S	B:N252S	logit=-0.873
A:N54V	B:N251V	logit=-1.328
A:E100V	B:E297V	logit=-2.259
A:I30V	B:I227V	logit=-2.463

Top tied mutations (C + D view):
C:V218L	D:V491L	logit=-0.481
C:K191R	D:K464R	logit=-0.541
C:S180T	D:S453T	logit=-0.642
C:T42V	D:T315V	logit=-0.692
C:N51P	D:N324P	logit=-0.731

Top tied mutations (A + B view):
A:T18V	B:T215V	logit=-0.719
A:N55S	B:N252S	logit=-0.876
A:N54V	B:N251V	logit=-1.435
A:E100V	B:E297V	logit=-2.332
A:I30V	B:I227V	logit=-2.649

Top tied mutations (C + D view):
C:V218L	D:V491L	logit=-0.446
C:K191R	D:K464R	logit=-0.601
C:S180T	D:S453T	logit=-0.628
C:T42V	D:T315V	logit=-0.785
C:S89A	D:S362A	logit=-0.868

Top tied mutations (A + B view):
A:T18V	B:T215V	logit=-0.708
A:N55S	B:N252S	logit=-0.861
A:N54V	B:N251V	logit=-1.381
A:E100V	B:E297V	logit=-2.273
A:I30V	B:I227V	logit=-2.634

Top tied mutations (C + D view):
C:V218L	D:V491L	logit=-0.449
C:K191R	D:K464R	logit=-0.549
C:S180T	D:S453T	logit=-0.659
C:T42V	D:T315V	logit=-0.744
C:S89A	D:S362A	logit=-0.818

Top tied mutations (A + B view):
A:T18V	B:T215V	logit=-0.707
A:N55S	B:N252S	logit=-1.006
A:N54V	B:N251V	logit=-1.378
A:E100V	B:E297V	logit=-2.355
A:I30V	B:I227V	logit=-2.515

Top tied mutations (C + D view):
C:V218L	D:V491L	logit=-0.428
C:K191R	D:K464R	logit=-0.588
C:S180T	D:S453T	logit=-0.663
C:T42V	D:T315V	logit=-0.723
C:S89A	D:S362A	logit=-0.936

Top tied mutations (A + B view):
A:T18V	B:T215V	logit=-0.662
A:N55S	B:N252S	logit=-0.928
A:N54V	B:N251V	logit=-1.548
A:E100V	B:E297V	logit=-2.307
A:I30V	B:I227V	logit=-2.629

Top tied mutations (C + D view):
C:V218L	D:V491L	logit=-0.489
C:K191R	D:K464R	logit=-0.523
C:S180T	D:S453T	logit=-0.625
C:T42V	D:T315V	logit=-0.742
C:N51P	D:N324P	logit=-0.808

Top tied mutations (A + B view):
A:T18V	B:T215V	logit=-0.688
A:N55S	B:N252S	logit=-0.872
A:N54V	B:N251V	logit=-1.430
A:E100V	B:E297V	logit=-2.331
A:I30V	B:I227V	logit=-2.704

Top tied mutations (C + D view):
C:V218L	D:V491L	logit=-0.476
C:K191R	D:K464R	logit=-0.541
C:S180T	D:S453T	logit=-0.680
C:T42V	D:T315V	logit=-0.759
C:N51P	D:N324P	logit=-0.808

Top tied mutations (A + B view):
A:T18V	B:T215V	logit=-0.718
A:N55S	B:N252S	logit=-0.855
A:N54V	B:N251V	logit=-1.297
A:E100V	B:E297V	logit=-2.269
A:I30V	B:I227V	logit=-2.602

Top tied mutations (C + D view):
C:V218L	D:V491L	logit=-0.435
C:K191R	D:K464R	logit=-0.547
C:S180T	D:S453T	logit=-0.673
C:T42V	D:T315V	logit=-0.764
C:N51P	D:N324P	logit=-0.837

Top tied mutations (A + B view):
A:T18V	B:T215V	logit=-0.751
A:N55S	B:N252S	logit=-0.904
A:N54V	B:N251V	logit=-1.407
A:E100V	B:E297V	logit=-2.384
A:I30V	B:I227V	logit=-2.562

Top tied mutations (C + D view):
C:V218L	D:V491L	logit=-0.492
C:K191R	D:K464R	logit=-0.544
C:S180T	D:S453T	logit=-0.644
C:T42V	D:T315V	logit=-0.748
C:N51P	D:N324P	logit=-0.817

Top tied mutations (A + B view):
A:T18V	B:T215V	logit=-0.688
A:N55S	B:N252S	logit=-0.876
A:N54V	B:N251V	logit=-1.414
A:E100V	B:E297V	logit=-2.402
A:I30V	B:I227V	logit=-2.511

Top tied mutations (C + D view):
C:V218L	D:V491L	logit=-0.466
C:K191R	D:K464R	logit=-0.519
C:S180T	D:S453T	logit=-0.681
C:T42V	D:T315V	logit=-0.740
C:N51P	D:N324P	logit=-0.832

Top tied mutations (A + B view):
A:T18V	B:T215V	logit=-0.756
A:N55S	B:N252S	logit=-0.887
A:N54V	B:N251V	logit=-1.417
A:E100V	B:E297V	logit=-2.333
A:I30V	B:I227V	logit=-2.604

Top tied mutations (C + D view):
C:V218L	D:V491L	logit=-0.420
C:K191R	D:K464R	logit=-0.626
C:S180T	D:S453T	logit=-0.645
C:T42V	D:T315V	logit=-0.756
C:S89A	D:S362A	logit=-0.856

Top tied mutations (A + B view):
A:T18V	B:T215V	logit=-0.740
A:N55S	B:N252S	logit=-0.862
A:N54V	B:N251V	logit=-1.563
A:E100V	B:E297V	logit=-2.386
A:I30V	B:I227V	logit=-2.449

Top tied mutations (C + D view):
C:V218L	D:V491L	logit=-0.485
C:K191R	D:K464R	logit=-0.597
C:S180T	D:S453T	logit=-0.636
C:T42V	D:T315V	logit=-0.784
C:S89A	D:S362A	logit=-0.884

Top tied mutations (A + B view):
A:T18V	B:T215V	logit=-0.658
A:N55S	B:N252S	logit=-0.954
A:N54V	B:N251V	logit=-1.493
A:E100V	B:E297V	logit=-2.171
A:I30V	B:I227V	logit=-2.635

Top tied mutations (C + D view):
C:V218L	D:V491L	logit=-0.426
C:K191R	D:K464R	logit=-0.580
C:S180T	D:S453T	logit=-0.683
C:T42V	D:T315V	logit=-0.694
C:N51P	D:N324P	logit=-0.846

Top tied mutations (A + B view):
A:T18V	B:T215V	logit=-0.717
A:N55S	B:N252S	logit=-0.875
A:N54V	B:N251V	logit=-1.589
A:E100V	B:E297V	logit=-2.326
A:I30V	B:I227V	logit=-2.659

Top tied mutations (C + D view):
C:V218L	D:V491L	logit=-0.480
C:K191R	D:K464R	logit=-0.507
C:S180T	D:S453T	logit=-0.637
C:T42V	D:T315V	logit=-0.776
C:N51P	D:N324P	logit=-0.812

Top tied mutations (A + B view):
A:T18V	B:T215V	logit=-0.695
A:N55S	B:N252S	logit=-0.935
A:N54V	B:N251V	logit=-1.379
A:E100V	B:E297V	logit=-2.279
A:I30V	B:I227V	logit=-2.592

Top tied mutations (C + D view):
C:V218L	D:V491L	logit=-0.463
C:K191R	D:K464R	logit=-0.541
C:S180T	D:S453T	logit=-0.646
C:T42V	D:T315V	logit=-0.737
C:N51P	D:N324P	logit=-0.799

Top tied mutations (A + B view):
A:T18V	B:T215V	logit=-0.704
A:N55S	B:N252S	logit=-0.846
A:N54V	B:N251V	logit=-1.522
A:E100V	B:E297V	logit=-2.295
A:I30V	B:I227V	logit=-2.636

Top tied mutations (C + D view):
C:V218L	D:V491L	logit=-0.484
C:K191R	D:K464R	logit=-0.617
C:S180T	D:S453T	logit=-0.666
C:T42V	D:T315V	logit=-0.802
C:N51P	D:N324P	logit=-0.845

Top tied mutations (A + B view):
A:T18V	B:T215V	logit=-0.737
A:N55S	B:N252S	logit=-0.925
A:N54V	B:N251V	logit=-1.289
A:E100V	B:E297V	logit=-2.225
A:I30V	B:I227V	logit=-2.577

Top tied mutations (C + D view):
C:V218L	D:V491L	logit=-0.438
C:K191R	D:K464R	logit=-0.466
C:S180T	D:S453T	logit=-0.629
C:T42V	D:T315V	logit=-0.727
C:N51P	D:N324P	logit=-0.775

Top tied mutations (A + B view):
A:T18V	B:T215V	logit=-0.718
A:N55S	B:N252S	logit=-0.918
A:N54V	B:N251V	logit=-1.499
A:E100V	B:E297V	logit=-2.137
A:I30V	B:I227V	logit=-2.524

Top tied mutations (C + D view):
C:V218L	D:V491L	logit=-0.469
C:K191R	D:K464R	logit=-0.610
C:S180T	D:S453T	logit=-0.653
C:T42V	D:T315V	logit=-0.723
C:N51P	D:N324P	logit=-0.789

Top tied mutations (A + B view):
A:T18V	B:T215V	logit=-0.656
A:N55S	B:N252S	logit=-0.891
A:N54V	B:N251V	logit=-1.352
A:E100V	B:E297V	logit=-2.239
A:I30V	B:I227V	logit=-2.648

Top tied mutations (C + D view):
C:V218L	D:V491L	logit=-0.434
C:K191R	D:K464R	logit=-0.511
C:S180T	D:S453T	logit=-0.642
C:T42V	D:T315V	logit=-0.735
C:N51P	D:N324P	logit=-0.818

Top tied mutations (A + B view):
A:T18V	B:T215V	logit=-0.660
A:N55S	B:N252S	logit=-0.955
A:N54V	B:N251V	logit=-1.426
A:E100V	B:E297V	logit=-2.160
A:I30V	B:I227V	logit=-2.508

Top tied mutations (C + D view):
C:V218L	D:V491L	logit=-0.466
C:K191R	D:K464R	logit=-0.541
C:S180T	D:S453T	logit=-0.652
C:T42V	D:T315V	logit=-0.713
C:N51P	D:N324P	logit=-0.758

Top tied mutations (A + B view):
A:T18V	B:T215V	logit=-0.722
A:N55S	B:N252S	logit=-0.915
A:N54V	B:N251V	logit=-1.378
A:E100V	B:E297V	logit=-2.276
A:I30V	B:I227V	logit=-2.485

Top tied mutations (C + D view):
C:V218L	D:V491L	logit=-0.440
C:K191R	D:K464R	logit=-0.589
C:S180T	D:S453T	logit=-0.660
C:T42V	D:T315V	logit=-0.752
C:N51P	D:N324P	logit=-0.754

Top tied mutations (A + B view):
A:T18V	B:T215V	logit=-0.788
A:N55S	B:N252S	logit=-0.832
A:N54V	B:N251V	logit=-1.539
A:E100V	B:E297V	logit=-2.273
A:I30V	B:I227V	logit=-2.542

Top tied mutations (C + D view):
C:V218L	D:V491L	logit=-0.430
C:K191R	D:K464R	logit=-0.584
C:S180T	D:S453T	logit=-0.669
C:T42V	D:T315V	logit=-0.698
C:N51P	D:N324P	logit=-0.765

Top tied mutations (A + B view):
A:T18V	B:T215V	logit=-0.709
A:N55S	B:N252S	logit=-0.860
A:N54V	B:N251V	logit=-1.534
A:E100V	B:E297V	logit=-2.236
A:I30V	B:I227V	logit=-2.456

Top tied mutations (C + D view):
C:V218L	D:V491L	logit=-0.473
C:K191R	D:K464R	logit=-0.550
C:S180T	D:S453T	logit=-0.652
C:T42V	D:T315V	logit=-0.708
C:N51P	D:N324P	logit=-0.876

Top tied mutations (A + B view):
A:T18V	B:T215V	logit=-0.724
A:N55S	B:N252S	logit=-0.865
A:N54V	B:N251V	logit=-1.532
A:E100V	B:E297V	logit=-2.339
A:I30V	B:I227V	logit=-2.595

Top tied mutations (C + D view):
C:V218L	D:V491L	logit=-0.406
C:K191R	D:K464R	logit=-0.577
C:S180T	D:S453T	logit=-0.660
C:T42V	D:T315V	logit=-0.689
C:N51P	D:N324P	logit=-0.815

Top tied mutations (A + B view):
A:T18V	B:T215V	logit=-0.707
A:N55S	B:N252S	logit=-0.965
A:N54V	B:N251V	logit=-1.406
A:E100V	B:E297V	logit=-2.276
A:I30V	B:I227V	logit=-2.439

Top tied mutations (C + D view):
C:V218L	D:V491L	logit=-0.496
C:K191R	D:K464R	logit=-0.533
C:S180T	D:S453T	logit=-0.650
C:T42V	D:T315V	logit=-0.702
C:N51P	D:N324P	logit=-0.847

Top tied mutations (A + B view):
A:T18V	B:T215V	logit=-0.727
A:N55S	B:N252S	logit=-0.936
A:N54V	B:N251V	logit=-1.302
A:E100V	B:E297V	logit=-2.261
A:V102I	B:V299I	logit=-2.718

Top tied mutations (C + D view):
C:V218L	D:V491L	logit=-0.491
C:K191R	D:K464R	logit=-0.584
C:S180T	D:S453T	logit=-0.656
C:T42V	D:T315V	logit=-0.688
C:N51P	D:N324P	logit=-0.900

Top tied mutations (A + B view):
A:T18V	B:T215V	logit=-0.707
A:N55S	B:N252S	logit=-0.890
A:N54V	B:N251V	logit=-1.367
A:E100V	B:E297V	logit=-2.319
A:I30V	B:I227V	logit=-2.470

Top tied mutations (C + D view):
C:V218L	D:V491L	logit=-0.438
C:K191R	D:K464R	logit=-0.572
C:S180T	D:S453T	logit=-0.645
C:T42V	D:T315V	logit=-0.687
C:S72G	D:S345G	logit=-0.909

Top tied mutations (A + B view):
A:T18V	B:T215V	logit=-0.720
A:N55S	B:N252S	logit=-0.860
A:N54V	B:N251V	logit=-1.309
A:E100V	B:E297V	logit=-2.389
A:I30V	B:I227V	logit=-2.574

Top tied mutations (C + D view):
C:V218L	D:V491L	logit=-0.453
C:K191R	D:K464R	logit=-0.535
C:S180T	D:S453T	logit=-0.634
C:T42V	D:T315V	logit=-0.689
C:N51P	D:N324P	logit=-0.830

Top tied mutations (A + B view):
A:T18V	B:T215V	logit=-0.746
A:N55S	B:N252S	logit=-0.911
A:N54V	B:N251V	logit=-1.348
A:E100V	B:E297V	logit=-2.328
A:I30V	B:I227V	logit=-2.669

Top tied mutations (C + D view):
C:V218L	D:V491L	logit=-0.441
C:K191R	D:K464R	logit=-0.560
C:S180T	D:S453T	logit=-0.651
C:T42V	D:T315V	logit=-0.730
C:N51P	D:N324P	logit=-0.760

Top tied mutations (A + B view):
A:T18V	B:T215V	logit=-0.648
A:N55S	B:N252S	logit=-0.846
A:N54V	B:N251V	logit=-1.477
A:E100V	B:E297V	logit=-2.314
A:I30V	B:I227V	logit=-2.572

Top tied mutations (C + D view):
C:V218L	D:V491L	logit=-0.444
C:K191R	D:K464R	logit=-0.577
C:S180T	D:S453T	logit=-0.640
C:T42V	D:T315V	logit=-0.693
C:N51P	D:N324P	logit=-0.897

Top tied mutations (A + B view):
A:T18V	B:T215V	logit=-0.686
A:N55S	B:N252S	logit=-0.944
A:N54V	B:N251V	logit=-1.383
A:E100V	B:E297V	logit=-2.363
A:I30V	B:I227V	logit=-2.461

Top tied mutations (C + D view):
C:V218L	D:V491L	logit=-0.420
C:K191R	D:K464R	logit=-0.544
C:S180T	D:S453T	logit=-0.680
C:T42V	D:T315V	logit=-0.783
C:N51P	D:N324P	logit=-0.911

Top tied mutations (A + B view):
A:T18V	B:T215V	logit=-0.668
A:N55S	B:N252S	logit=-0.969
A:N54V	B:N251V	logit=-1.425
A:E100V	B:E297V	logit=-2.295
A:I30V	B:I227V	logit=-2.460

Top tied mutations (C + D view):
C:V218L	D:V491L	logit=-0.482
C:K191R	D:K464R	logit=-0.566
C:S180T	D:S453T	logit=-0.673
C:T42V	D:T315V	logit=-0.739
C:N51P	D:N324P	logit=-0.797

Top tied mutations (A + B view):
A:T18V	B:T215V	logit=-0.740
A:N55S	B:N252S	logit=-0.914
A:N54V	B:N251V	logit=-1.491
A:E100V	B:E297V	logit=-2.271
A:I30V	B:I227V	logit=-2.520

Top tied mutations (C + D view):
C:V218L	D:V491L	logit=-0.407
C:K191R	D:K464R	logit=-0.573
C:S180T	D:S453T	logit=-0.677
C:T42V	D:T315V	logit=-0.770
C:S89A	D:S362A	logit=-0.915

Top tied mutations (A + B view):
A:T18V	B:T215V	logit=-0.658
A:N55S	B:N252S	logit=-0.949
A:N54V	B:N251V	logit=-1.375
A:E100V	B:E297V	logit=-2.308
A:I30V	B:I227V	logit=-2.493

Top tied mutations (C + D view):
C:V218L	D:V491L	logit=-0.408
C:K191R	D:K464R	logit=-0.568
C:S180T	D:S453T	logit=-0.645
C:T42V	D:T315V	logit=-0.777
C:N51P	D:N324P	logit=-0.831

Top tied mutations (A + B view):
A:T18V	B:T215V	logit=-0.736
A:N55S	B:N252S	logit=-0.941
A:N54V	B:N251V	logit=-1.352
A:E100V	B:E297V	logit=-2.394
A:I30V	B:I227V	logit=-2.569

Top tied mutations (C + D view):
C:V218L	D:V491L	logit=-0.477
C:K191R	D:K464R	logit=-0.585
C:S180T	D:S453T	logit=-0.647
C:T42V	D:T315V	logit=-0.784
C:N51P	D:N324P	logit=-0.889

Top tied mutations (A + B view):
A:T18V	B:T215V	logit=-0.658
A:N55S	B:N252S	logit=-0.921
A:N54V	B:N251V	logit=-1.453
A:E100V	B:E297V	logit=-2.248
A:I30V	B:I227V	logit=-2.630

Top tied mutations (C + D view):
C:V218L	D:V491L	logit=-0.460
C:K191R	D:K464R	logit=-0.602
C:S180T	D:S453T	logit=-0.652
C:T42V	D:T315V	logit=-0.715
C:S89A	D:S362A	logit=-0.873

Top tied mutations (A + B view):
A:T18V	B:T215V	logit=-0.675
A:N55S	B:N252S	logit=-0.900
A:N54V	B:N251V	logit=-1.522
A:E100V	B:E297V	logit=-2.285
A:I30V	B:I227V	logit=-2.526

Top tied mutations (C + D view):
C:V218L	D:V491L	logit=-0.443
C:K191R	D:K464R	logit=-0.540
C:S180T	D:S453T	logit=-0.672
C:T42V	D:T315V	logit=-0.687
C:N51P	D:N324P	logit=-0.836

Top tied mutations (A + B view):
A:T18V	B:T215V	logit=-0.669
A:N55S	B:N252S	logit=-0.895
A:N54V	B:N251V	logit=-1.355
A:E100V	B:E297V	logit=-2.311
A:I30V	B:I227V	logit=-2.613

Top tied mutations (C + D view):
C:V218L	D:V491L	logit=-0.471
C:K191R	D:K464R	logit=-0.555
C:S180T	D:S453T	logit=-0.665
C:T42V	D:T315V	logit=-0.693
C:S89A	D:S362A	logit=-0.868

Top tied mutations (A + B view):
A:T18V	B:T215V	logit=-0.709
A:N55S	B:N252S	logit=-0.930
A:N54V	B:N251V	logit=-1.499
A:E100V	B:E297V	logit=-2.339
A:I30V	B:I227V	logit=-2.462

Top tied mutations (C + D view):
C:V218L	D:V491L	logit=-0.421
C:K191R	D:K464R	logit=-0.581
C:S180T	D:S453T	logit=-0.685
C:T42V	D:T315V	logit=-0.753
C:S89A	D:S362A	logit=-0.874

Top tied mutations (A + B view):
A:T18V	B:T215V	logit=-0.763
A:N55S	B:N252S	logit=-0.862
A:N54V	B:N251V	logit=-1.438
A:E100V	B:E297V	logit=-2.266
A:I30V	B:I227V	logit=-2.630

Top tied mutations (C + D view):
C:V218L	D:V491L	logit=-0.423
C:K191R	D:K464R	logit=-0.560
C:S180T	D:S453T	logit=-0.666
C:T42V	D:T315V	logit=-0.754
C:N51P	D:N324P	logit=-0.869

Top tied mutations (A + B view):
A:T18V	B:T215V	logit=-0.721
A:N55S	B:N252S	logit=-0.882
A:N54V	B:N251V	logit=-1.503
A:E100V	B:E297V	logit=-2.290
A:I30V	B:I227V	logit=-2.586

Top tied mutations (C + D view):
C:V218L	D:V491L	logit=-0.421
C:K191R	D:K464R	logit=-0.552
C:S180T	D:S453T	logit=-0.643
C:T42V	D:T315V	logit=-0.753
C:N51P	D:N324P	logit=-0.851

Top tied mutations (A + B view):
A:T18V	B:T215V	logit=-0.686
A:N55S	B:N252S	logit=-0.891
A:N54V	B:N251V	logit=-1.479
A:E100V	B:E297V	logit=-2.286
A:I30V	B:I227V	logit=-2.587

Top tied mutations (C + D view):
C:V218L	D:V491L	logit=-0.441
C:K191R	D:K464R	logit=-0.524
C:S180T	D:S453T	logit=-0.638
C:T42V	D:T315V	logit=-0.726
C:N51P	D:N324P	logit=-0.849

Top tied mutations (A + B view):
A:T18V	B:T215V	logit=-0.703
A:N55S	B:N252S	logit=-0.892
A:N54V	B:N251V	logit=-1.463
A:E100V	B:E297V	logit=-2.134
A:I30V	B:I227V	logit=-2.597

Top tied mutations (C + D view):
C:V218L	D:V491L	logit=-0.406
C:K191R	D:K464R	logit=-0.534
C:S180T	D:S453T	logit=-0.650
C:T42V	D:T315V	logit=-0.745
C:N51P	D:N324P	logit=-0.824

Top tied mutations (A + B view):
A:T18V	B:T215V	logit=-0.685
A:N55S	B:N252S	logit=-0.875
A:N54V	B:N251V	logit=-1.480
A:E100V	B:E297V	logit=-2.383
A:I30V	B:I227V	logit=-2.539

Top tied mutations (C + D view):
C:V218L	D:V491L	logit=-0.442
C:K191R	D:K464R	logit=-0.580
C:S180T	D:S453T	logit=-0.637
C:T42V	D:T315V	logit=-0.695
C:N51P	D:N324P	logit=-0.721

Top tied mutations (A + B view):
A:T18V	B:T215V	logit=-0.661
A:N55S	B:N252S	logit=-0.884
A:N54V	B:N251V	logit=-1.429
A:E100V	B:E297V	logit=-2.321
A:I30V	B:I227V	logit=-2.575

Top tied mutations (C + D view):
C:V218L	D:V491L	logit=-0.424
C:K191R	D:K464R	logit=-0.528
C:S180T	D:S453T	logit=-0.653
C:T42V	D:T315V	logit=-0.767
C:N51P	D:N324P	logit=-0.877

Top tied mutations (A + B view):
A:T18V	B:T215V	logit=-0.656
A:N55S	B:N252S	logit=-0.876
A:N54V	B:N251V	logit=-1.483
A:E100V	B:E297V	logit=-2.178
A:I30V	B:I227V	logit=-2.601

Top tied mutations (C + D view):
C:V218L	D:V491L	logit=-0.470
C:K191R	D:K464R	logit=-0.594
C:S180T	D:S453T	logit=-0.669
C:T42V	D:T315V	logit=-0.794
C:N51P	D:N324P	logit=-0.829

Top tied mutations (A + B view):
A:T18V	B:T215V	logit=-0.648
A:N55S	B:N252S	logit=-0.952
A:N54V	B:N251V	logit=-1.522
A:E100V	B:E297V	logit=-2.284
A:I30V	B:I227V	logit=-2.574

Top tied mutations (C + D view):
C:V218L	D:V491L	logit=-0.481
C:K191R	D:K464R	logit=-0.593
C:S180T	D:S453T	logit=-0.664
C:T42V	D:T315V	logit=-0.718
C:N51P	D:N324P	logit=-0.806

Top tied mutations (A + B view):
A:T18V	B:T215V	logit=-0.726
A:N55S	B:N252S	logit=-0.893
A:N54V	B:N251V	logit=-1.320
A:E100V	B:E297V	logit=-2.321
A:I30V	B:I227V	logit=-2.601

Top tied mutations (C + D view):
C:V218L	D:V491L	logit=-0.501
C:K191R	D:K464R	logit=-0.570
C:S180T	D:S453T	logit=-0.635
C:T42V	D:T315V	logit=-0.778
C:N51P	D:N324P	logit=-0.782

Top tied mutations (A + B view):
A:T18V	B:T215V	logit=-0.702
A:N55S	B:N252S	logit=-0.857
A:N54V	B:N251V	logit=-1.474
A:E100V	B:E297V	logit=-2.290
A:V102I	B:V299I	logit=-2.715

Top tied mutations (C + D view):
C:V218L	D:V491L	logit=-0.421
C:K191R	D:K464R	logit=-0.616
C:S180T	D:S453T	logit=-0.645
C:T42V	D:T315V	logit=-0.752
C:N51P	D:N324P	logit=-0.902

Top tied mutations (A + B view):
A:T18V	B:T215V	logit=-0.696
A:N55S	B:N252S	logit=-0.932
A:N54V	B:N251V	logit=-1.449
A:E100V	B:E297V	logit=-2.256
A:I30V	B:I227V	logit=-2.349

Top tied mutations (C + D view):
C:V218L	D:V491L	logit=-0.409
C:K191R	D:K464R	logit=-0.502
C:S180T	D:S453T	logit=-0.679
C:N51P	D:N324P	logit=-0.744
C:T42V	D:T315V	logit=-0.769

Top tied mutations (A + B view):
A:T18V	B:T215V	logit=-0.656
A:N55S	B:N252S	logit=-0.923
A:N54V	B:N251V	logit=-1.326
A:E100V	B:E297V	logit=-2.202
A:I30V	B:I227V	logit=-2.580

Top tied mutations (C + D view):
C:V218L	D:V491L	logit=-0.412
C:K191R	D:K464R	logit=-0.503
C:S180T	D:S453T	logit=-0.659
C:T42V	D:T315V	logit=-0.708
C:N51P	D:N324P	logit=-0.816

Top tied mutations (A + B view):
A:T18V	B:T215V	logit=-0.714
A:N55S	B:N252S	logit=-0.929
A:N54V	B:N251V	logit=-1.405
A:E100V	B:E297V	logit=-2.307
A:I30V	B:I227V	logit=-2.653

Top tied mutations (C + D view):
C:V218L	D:V491L	logit=-0.412
C:K191R	D:K464R	logit=-0.540
C:S180T	D:S453T	logit=-0.648
C:T42V	D:T315V	logit=-0.750
C:N51P	D:N324P	logit=-0.873

Top tied mutations (A + B view):
A:T18V	B:T215V	logit=-0.745
A:N55S	B:N252S	logit=-0.902
A:N54V	B:N251V	logit=-1.491
A:E100V	B:E297V	logit=-2.428
A:I30V	B:I227V	logit=-2.624

Top tied mutations (C + D view):
C:V218L	D:V491L	logit=-0.417
C:K191R	D:K464R	logit=-0.564
C:S180T	D:S453T	logit=-0.655
C:T42V	D:T315V	logit=-0.747
C:S89A	D:S362A	logit=-0.896

Top tied mutations (A + B view):
A:T18V	B:T215V	logit=-0.783
A:N55S	B:N252S	logit=-0.888
A:N54V	B:N251V	logit=-1.402
A:E100V	B:E297V	logit=-2.365
A:I30V	B:I227V	logit=-2.621

Top tied mutations (C + D view):
C:V218L	D:V491L	logit=-0.434
C:K191R	D:K464R	logit=-0.589
C:T42V	D:T315V	logit=-0.689
C:S180T	D:S453T	logit=-0.702
C:N51P	D:N324P	logit=-0.796

Top tied mutations (A + B view):
A:T18V	B:T215V	logit=-0.709
A:N55S	B:N252S	logit=-0.892
A:N54V	B:N251V	logit=-1.428
A:E100V	B:E297V	logit=-2.328
A:I30V	B:I227V	logit=-2.530

Top tied mutations (C + D view):
C:V218L	D:V491L	logit=-0.467
C:K191R	D:K464R	logit=-0.572
C:S180T	D:S453T	logit=-0.638
C:T42V	D:T315V	logit=-0.714
C:N51P	D:N324P	logit=-0.847

Top tied mutations (A + B view):
A:T18V	B:T215V	logit=-0.718
A:N55S	B:N252S	logit=-0.892
A:N54V	B:N251V	logit=-1.488
A:E100V	B:E297V	logit=-2.312
A:I30V	B:I227V	logit=-2.515

Top tied mutations (C + D view):
C:V218L	D:V491L	logit=-0.423
C:K191R	D:K464R	logit=-0.570
C:S180T	D:S453T	logit=-0.667
C:T42V	D:T315V	logit=-0.786
C:N51P	D:N324P	logit=-0.836

Top tied mutations (A + B view):
A:T18V	B:T215V	logit=-0.727
A:N55S	B:N252S	logit=-0.909
A:N54V	B:N251V	logit=-1.467
A:E100V	B:E297V	logit=-2.377
A:I30V	B:I227V	logit=-2.474

Top tied mutations (C + D view):
C:V218L	D:V491L	logit=-0.451
C:K191R	D:K464R	logit=-0.588
C:S180T	D:S453T	logit=-0.652
C:T42V	D:T315V	logit=-0.666
C:N51P	D:N324P	logit=-0.788

Top tied mutations (A + B view):
A:T18V	B:T215V	logit=-0.706
A:N55S	B:N252S	logit=-0.892
A:N54V	B:N251V	logit=-1.453
A:E100V	B:E297V	logit=-2.319
A:I30V	B:I227V	logit=-2.534

Top tied mutations (C + D view):
C:V218L	D:V491L	logit=-0.458
C:K191R	D:K464R	logit=-0.538
C:S180T	D:S453T	logit=-0.675
C:T42V	D:T315V	logit=-0.743
C:N51P	D:N324P	logit=-0.833

Top tied mutations (A + B view):
A:T18V	B:T215V	logit=-0.700
A:N55S	B:N252S	logit=-0.935
A:N54V	B:N251V	logit=-1.432
A:E100V	B:E297V	logit=-2.231
A:V102I	B:V299I	logit=-2.711

Top tied mutations (C + D view):
C:V218L	D:V491L	logit=-0.490
C:K191R	D:K464R	logit=-0.562
C:S180T	D:S453T	logit=-0.634
C:T42V	D:T315V	logit=-0.778
C:N51P	D:N324P	logit=-0.845

Top tied mutations (A + B view):
A:T18V	B:T215V	logit=-0.686
A:N55S	B:N252S	logit=-0.911
A:N54V	B:N251V	logit=-1.439
A:E100V	B:E297V	logit=-2.347
A:I30V	B:I227V	logit=-2.575

Top tied mutations (C + D view):
C:V218L	D:V491L	logit=-0.419
C:K191R	D:K464R	logit=-0.521
C:S180T	D:S453T	logit=-0.672
C:T42V	D:T315V	logit=-0.783
C:N219S	D:N492S	logit=-0.919

Top tied mutations (A + B view):
A:T18V	B:T215V	logit=-0.718
A:N55S	B:N252S	logit=-0.875
A:N54V	B:N251V	logit=-1.326
A:E100V	B:E297V	logit=-2.335
A:I30V	B:I227V	logit=-2.653

Top tied mutations (C + D view):
C:V218L	D:V491L	logit=-0.434
C:K191R	D:K464R	logit=-0.582
C:S180T	D:S453T	logit=-0.670
C:T42V	D:T315V	logit=-0.779
C:S89A	D:S362A	logit=-0.824

Top tied mutations (A + B view):
A:T18V	B:T215V	logit=-0.731
A:N55S	B:N252S	logit=-0.946
A:N54V	B:N251V	logit=-1.480
A:E100V	B:E297V	logit=-2.223
A:I30V	B:I227V	logit=-2.588

Top tied mutations (C + D view):
C:V218L	D:V491L	logit=-0.429
C:K191R	D:K464R	logit=-0.566
C:S180T	D:S453T	logit=-0.666
C:T42V	D:T315V	logit=-0.676
C:S89A	D:S362A	logit=-0.845

Top tied mutations (A + B view):
A:T18V	B:T215V	logit=-0.688
A:N55S	B:N252S	logit=-0.953
A:N54V	B:N251V	logit=-1.498
A:E100V	B:E297V	logit=-2.364
A:I30V	B:I227V	logit=-2.534

Top tied mutations (C + D view):
C:V218L	D:V491L	logit=-0.416
C:K191R	D:K464R	logit=-0.586
C:S180T	D:S453T	logit=-0.664
C:T42V	D:T315V	logit=-0.718
C:N51P	D:N324P	logit=-0.789

Top tied mutations (A + B view):
A:T18V	B:T215V	logit=-0.738
A:N55S	B:N252S	logit=-0.918
A:N54V	B:N251V	logit=-1.550
A:E100V	B:E297V	logit=-2.329
A:I30V	B:I227V	logit=-2.529

Top tied mutations (C + D view):
C:V218L	D:V491L	logit=-0.436
C:K191R	D:K464R	logit=-0.524
C:S180T	D:S453T	logit=-0.660
C:T42V	D:T315V	logit=-0.736
C:N51P	D:N324P	logit=-0.806

Top tied mutations (A + B view):
A:T18V	B:T215V	logit=-0.695
A:N55S	B:N252S	logit=-0.988
A:N54V	B:N251V	logit=-1.480
A:E100V	B:E297V	logit=-2.354
A:I30V	B:I227V	logit=-2.583

Top tied mutations (C + D view):
C:V218L	D:V491L	logit=-0.470
C:K191R	D:K464R	logit=-0.579
C:S180T	D:S453T	logit=-0.676
C:T42V	D:T315V	logit=-0.736
C:S89A	D:S362A	logit=-0.863

Top tied mutations (A + B view):
A:T18V	B:T215V	logit=-0.744
A:N55S	B:N252S	logit=-0.910
A:N54V	B:N251V	logit=-1.427
A:E100V	B:E297V	logit=-2.333
A:I30V	B:I227V	logit=-2.504

Top tied mutations (C + D view):
C:V218L	D:V491L	logit=-0.451
C:K191R	D:K464R	logit=-0.552
C:S180T	D:S453T	logit=-0.668
C:T42V	D:T315V	logit=-0.714
C:N51P	D:N324P	logit=-0.870

Top tied mutations (A + B view):
A:T18V	B:T215V	logit=-0.673
A:N55S	B:N252S	logit=-0.973
A:N54V	B:N251V	logit=-1.566
A:E100V	B:E297V	logit=-2.298
A:I30V	B:I227V	logit=-2.544

Top tied mutations (C + D view):
C:V218L	D:V491L	logit=-0.468
C:K191R	D:K464R	logit=-0.509
C:S180T	D:S453T	logit=-0.666
C:T42V	D:T315V	logit=-0.709
C:N51P	D:N324P	logit=-0.820

Top tied mutations (A + B view):
A:T18V	B:T215V	logit=-0.683
A:N55S	B:N252S	logit=-0.974
A:N54V	B:N251V	logit=-1.496
A:E100V	B:E297V	logit=-2.373
A:I30V	B:I227V	logit=-2.718

Top tied mutations (C + D view):
C:V218L	D:V491L	logit=-0.424
C:K191R	D:K464R	logit=-0.523
C:S180T	D:S453T	logit=-0.659
C:T42V	D:T315V	logit=-0.738
C:N51P	D:N324P	logit=-0.844

Top tied mutations (A + B view):
A:T18V	B:T215V	logit=-0.659
A:N55S	B:N252S	logit=-0.881
A:N54V	B:N251V	logit=-1.457
A:E100V	B:E297V	logit=-2.199
A:I30V	B:I227V	logit=-2.756

Top tied mutations (C + D view):
C:V218L	D:V491L	logit=-0.475
C:K191R	D:K464R	logit=-0.566
C:S180T	D:S453T	logit=-0.638
C:T42V	D:T315V	logit=-0.718
C:N51P	D:N324P	logit=-0.853

Top tied mutations (A + B view):
A:T18V	B:T215V	logit=-0.690
A:N55S	B:N252S	logit=-0.932
A:N54V	B:N251V	logit=-1.373
A:E100V	B:E297V	logit=-2.408
A:I30V	B:I227V	logit=-2.570

Top tied mutations (C + D view):
C:V218L	D:V491L	logit=-0.477
C:K191R	D:K464R	logit=-0.504
C:S180T	D:S453T	logit=-0.638
C:T42V	D:T315V	logit=-0.768
C:N51P	D:N324P	logit=-0.850

Top tied mutations (A + B view):
A:T18V	B:T215V	logit=-0.686
A:N55S	B:N252S	logit=-0.873
A:N54V	B:N251V	logit=-1.353
A:E100V	B:E297V	logit=-2.253
A:I30V	B:I227V	logit=-2.564

Top tied mutations (C + D view):
C:V218L	D:V491L	logit=-0.473
C:K191R	D:K464R	logit=-0.536
C:T42V	D:T315V	logit=-0.664
C:S180T	D:S453T	logit=-0.666
C:N51P	D:N324P	logit=-0.815

Top tied mutations (A + B view):
A:T18V	B:T215V	logit=-0.748
A:N55S	B:N252S	logit=-0.880
A:N54V	B:N251V	logit=-1.274
A:E100V	B:E297V	logit=-2.299
A:I30V	B:I227V	logit=-2.548

Top tied mutations (C + D view):
C:V218L	D:V491L	logit=-0.417
C:K191R	D:K464R	logit=-0.504
C:S180T	D:S453T	logit=-0.672
C:T42V	D:T315V	logit=-0.721
C:N51P	D:N324P	logit=-0.823

Top tied mutations (A + B view):
A:T18V	B:T215V	logit=-0.698
A:N55S	B:N252S	logit=-0.861
A:N54V	B:N251V	logit=-1.676
A:E100V	B:E297V	logit=-2.347
A:I30V	B:I227V	logit=-2.569

Top tied mutations (C + D view):
C:V218L	D:V491L	logit=-0.489
C:K191R	D:K464R	logit=-0.550
C:S180T	D:S453T	logit=-0.670
C:T42V	D:T315V	logit=-0.719
C:N51P	D:N324P	logit=-0.795

Top tied mutations (A + B view):
A:T18V	B:T215V	logit=-0.686
A:N55S	B:N252S	logit=-0.906
A:N54V	B:N251V	logit=-1.499
A:E100V	B:E297V	logit=-2.240
A:V102I	B:V299I	logit=-2.572

Top tied mutations (C + D view):
C:V218L	D:V491L	logit=-0.470
C:K191R	D:K464R	logit=-0.600
C:S180T	D:S453T	logit=-0.678
C:T42V	D:T315V	logit=-0.725
C:N51P	D:N324P	logit=-0.775

Top tied mutations (A + B view):
A:T18V	B:T215V	logit=-0.781
A:N55S	B:N252S	logit=-0.877
A:N54V	B:N251V	logit=-1.478
A:E100V	B:E297V	logit=-2.329
A:I30V	B:I227V	logit=-2.584

Top tied mutations (C + D view):
C:V218L	D:V491L	logit=-0.460
C:K191R	D:K464R	logit=-0.524
C:S180T	D:S453T	logit=-0.638
C:T42V	D:T315V	logit=-0.758
C:N51P	D:N324P	logit=-0.886

Top tied mutations (A + B view):
A:T18V	B:T215V	logit=-0.653
A:N55S	B:N252S	logit=-0.969
A:N54V	B:N251V	logit=-1.426
A:E100V	B:E297V	logit=-2.202
A:I30V	B:I227V	logit=-2.653

Top tied mutations (C + D view):
C:V218L	D:V491L	logit=-0.506
C:K191R	D:K464R	logit=-0.548
C:S180T	D:S453T	logit=-0.662
C:T42V	D:T315V	logit=-0.787
C:S89A	D:S362A	logit=-0.843

Top tied mutations (A + B view):
A:T18V	B:T215V	logit=-0.710
A:N55S	B:N252S	logit=-0.979
A:N54V	B:N251V	logit=-1.455
A:E100V	B:E297V	logit=-2.294
A:I30V	B:I227V	logit=-2.429

Top tied mutations (C + D view):
C:V218L	D:V491L	logit=-0.426
C:K191R	D:K464R	logit=-0.536
C:S180T	D:S453T	logit=-0.665
C:T42V	D:T315V	logit=-0.789
C:S89A	D:S362A	logit=-0.909

Top tied mutations (A + B view):
A:T18V	B:T215V	logit=-0.732
A:N55S	B:N252S	logit=-0.889
A:N54V	B:N251V	logit=-1.469
A:E100V	B:E297V	logit=-2.259
A:I30V	B:I227V	logit=-2.652

Top tied mutations (C + D view):
C:V218L	D:V491L	logit=-0.440
C:K191R	D:K464R	logit=-0.565
C:S180T	D:S453T	logit=-0.651
C:T42V	D:T315V	logit=-0.709
C:S89A	D:S362A	logit=-0.888

Top tied mutations (A + B view):
A:T18V	B:T215V	logit=-0.663
A:N55S	B:N252S	logit=-0.859
A:N54V	B:N251V	logit=-1.535
A:E100V	B:E297V	logit=-2.271
A:I30V	B:I227V	logit=-2.508

Top tied mutations (C + D view):
C:V218L	D:V491L	logit=-0.485
C:K191R	D:K464R	logit=-0.524
C:S180T	D:S453T	logit=-0.650
C:T42V	D:T315V	logit=-0.709
C:N51P	D:N324P	logit=-0.839

Top tied mutations (A + B view):
A:T18V	B:T215V	logit=-0.684
A:N55S	B:N252S	logit=-0.924
A:N54V	B:N251V	logit=-1.468
A:E100V	B:E297V	logit=-2.151
A:I30V	B:I227V	logit=-2.500

Top tied mutations (C + D view):
C:V218L	D:V491L	logit=-0.515
C:K191R	D:K464R	logit=-0.534
C:S180T	D:S453T	logit=-0.639
C:T42V	D:T315V	logit=-0.726
C:S89A	D:S362A	logit=-0.893

Top tied mutations (A + B view):
A:T18V	B:T215V	logit=-0.716
A:N55S	B:N252S	logit=-0.974
A:N54V	B:N251V	logit=-1.451
A:E100V	B:E297V	logit=-2.246
A:I30V	B:I227V	logit=-2.614

Top tied mutations (C + D view):
C:V218L	D:V491L	logit=-0.464
C:K191R	D:K464R	logit=-0.566
C:S180T	D:S453T	logit=-0.675
C:T42V	D:T315V	logit=-0.796
C:N51P	D:N324P	logit=-0.826

Top tied mutations (A + B view):
A:T18V	B:T215V	logit=-0.676
A:N55S	B:N252S	logit=-0.911
A:N54V	B:N251V	logit=-1.301
A:E100V	B:E297V	logit=-2.238
A:I30V	B:I227V	logit=-2.659

Top tied mutations (C + D view):
C:V218L	D:V491L	logit=-0.448
C:K191R	D:K464R	logit=-0.590
C:S180T	D:S453T	logit=-0.647
C:T42V	D:T315V	logit=-0.707
C:N51P	D:N324P	logit=-0.802

Top tied mutations (A + B view):
A:T18V	B:T215V	logit=-0.699
A:N55S	B:N252S	logit=-0.925
A:N54V	B:N251V	logit=-1.394
A:E100V	B:E297V	logit=-2.354
A:I30V	B:I227V	logit=-2.657

Top tied mutations (C + D view):
C:V218L	D:V491L	logit=-0.427
C:K191R	D:K464R	logit=-0.622
C:S180T	D:S453T	logit=-0.656
C:T42V	D:T315V	logit=-0.786
C:N51P	D:N324P	logit=-0.889

Top tied mutations (A + B view):
A:T18V	B:T215V	logit=-0.637
A:N55S	B:N252S	logit=-0.861
A:N54V	B:N251V	logit=-1.461
A:E100V	B:E297V	logit=-2.196
A:I30V	B:I227V	logit=-2.629

Top tied mutations (C + D view):
C:V218L	D:V491L	logit=-0.425
C:K191R	D:K464R	logit=-0.541
C:S180T	D:S453T	logit=-0.662
C:T42V	D:T315V	logit=-0.771
C:N51P	D:N324P	logit=-0.812

Top tied mutations (A + B view):
A:T18V	B:T215V	logit=-0.687
A:N55S	B:N252S	logit=-0.856
A:N54V	B:N251V	logit=-1.454
A:E100V	B:E297V	logit=-2.360
A:I30V	B:I227V	logit=-2.571

Top tied mutations (C + D view):
C:V218L	D:V491L	logit=-0.438
C:K191R	D:K464R	logit=-0.520
C:S180T	D:S453T	logit=-0.655
C:T42V	D:T315V	logit=-0.760
C:A168P	D:A441P	logit=-0.922

Top tied mutations (A + B view):
A:T18V	B:T215V	logit=-0.714
A:N55S	B:N252S	logit=-0.892
A:N54V	B:N251V	logit=-1.514
A:E100V	B:E297V	logit=-2.353
A:I30V	B:I227V	logit=-2.646

Top tied mutations (C + D view):
C:V218L	D:V491L	logit=-0.468
C:K191R	D:K464R	logit=-0.557
C:S180T	D:S453T	logit=-0.658
C:T42V	D:T315V	logit=-0.744
C:S89A	D:S362A	logit=-0.931

Top tied mutations (A + B view):
A:T18V	B:T215V	logit=-0.666
A:N55S	B:N252S	logit=-0.904
A:N54V	B:N251V	logit=-1.387
A:E100V	B:E297V	logit=-2.360
A:I30V	B:I227V	logit=-2.504

Top tied mutations (C + D view):
C:V218L	D:V491L	logit=-0.434
C:K191R	D:K464R	logit=-0.549
C:S180T	D:S453T	logit=-0.640
C:T42V	D:T315V	logit=-0.738
C:N51P	D:N324P	logit=-0.879

Top tied mutations (A + B view):
A:T18V	B:T215V	logit=-0.634
A:N55S	B:N252S	logit=-0.915
A:N54V	B:N251V	logit=-1.419
A:E100V	B:E297V	logit=-2.401
A:I30V	B:I227V	logit=-2.701

Top tied mutations (C + D view):
C:V218L	D:V491L	logit=-0.457
C:K191R	D:K464R	logit=-0.572
C:S180T	D:S453T	logit=-0.658
C:T42V	D:T315V	logit=-0.731
C:N51P	D:N324P	logit=-0.807

Top tied mutations (A + B view):
A:T18V	B:T215V	logit=-0.679
A:N55S	B:N252S	logit=-0.984
A:N54V	B:N251V	logit=-1.514
A:E100V	B:E297V	logit=-2.376
A:I30V	B:I227V	logit=-2.579

Top tied mutations (C + D view):
C:V218L	D:V491L	logit=-0.477
C:K191R	D:K464R	logit=-0.490
C:S180T	D:S453T	logit=-0.635
C:T42V	D:T315V	logit=-0.735
C:A168P	D:A441P	logit=-0.884

Top tied mutations (A + B view):
A:T18V	B:T215V	logit=-0.651
A:N55S	B:N252S	logit=-0.988
A:N54V	B:N251V	logit=-1.432
A:E100V	B:E297V	logit=-2.201
A:I30V	B:I227V	logit=-2.505

Top tied mutations (C + D view):
C:V218L	D:V491L	logit=-0.419
C:K191R	D:K464R	logit=-0.569
C:S180T	D:S453T	logit=-0.641
C:T42V	D:T315V	logit=-0.739
C:N51P	D:N324P	logit=-0.851

Top tied mutations (A + B view):
A:T18V	B:T215V	logit=-0.657
A:N55S	B:N252S	logit=-0.901
A:N54V	B:N251V	logit=-1.429
A:E100V	B:E297V	logit=-2.243
A:I30V	B:I227V	logit=-2.654

Top tied mutations (C + D view):
C:V218L	D:V491L	logit=-0.446
C:K191R	D:K464R	logit=-0.539
C:S180T	D:S453T	logit=-0.676
C:T42V	D:T315V	logit=-0.681
C:N51P	D:N324P	logit=-0.711

Top tied mutations (A + B view):
A:T18V	B:T215V	logit=-0.668
A:N55S	B:N252S	logit=-0.916
A:N54V	B:N251V	logit=-1.329
A:E100V	B:E297V	logit=-2.228
A:I30V	B:I227V	logit=-2.493

Top tied mutations (C + D view):
C:V218L	D:V491L	logit=-0.476
C:K191R	D:K464R	logit=-0.567
C:S180T	D:S453T	logit=-0.639
C:T42V	D:T315V	logit=-0.691
C:N51P	D:N324P	logit=-0.762

Top tied mutations (A + B view):
A:T18V	B:T215V	logit=-0.731
A:N55S	B:N252S	logit=-0.866
A:N54V	B:N251V	logit=-1.423
A:E100V	B:E297V	logit=-2.234
A:I30V	B:I227V	logit=-2.522

Top tied mutations (C + D view):
C:V218L	D:V491L	logit=-0.403
C:K191R	D:K464R	logit=-0.581
C:S180T	D:S453T	logit=-0.660
C:T42V	D:T315V	logit=-0.683
C:N51P	D:N324P	logit=-0.745

Top tied mutations (A + B view):
A:T18V	B:T215V	logit=-0.787
A:N55S	B:N252S	logit=-0.953
A:N54V	B:N251V	logit=-1.356
A:E100V	B:E297V	logit=-2.288
A:I30V	B:I227V	logit=-2.562

Top tied mutations (C + D view):
C:V218L	D:V491L	logit=-0.400
C:K191R	D:K464R	logit=-0.597
C:S180T	D:S453T	logit=-0.650
C:T42V	D:T315V	logit=-0.719
C:S89A	D:S362A	logit=-0.834

Top tied mutations (A + B view):
A:T18V	B:T215V	logit=-0.691
A:N55S	B:N252S	logit=-0.933
A:N54V	B:N251V	logit=-1.423
A:E100V	B:E297V	logit=-2.239
A:I30V	B:I227V	logit=-2.548

Top tied mutations (C + D view):
C:V218L	D:V491L	logit=-0.411
C:K191R	D:K464R	logit=-0.594
C:S180T	D:S453T	logit=-0.652
C:T42V	D:T315V	logit=-0.777
C:S89A	D:S362A	logit=-0.860

Top tied mutations (A + B view):
A:T18V	B:T215V	logit=-0.703
A:N55S	B:N252S	logit=-0.900
A:N54V	B:N251V	logit=-1.421
A:E100V	B:E297V	logit=-2.247
A:I30V	B:I227V	logit=-2.684

Top tied mutations (C + D view):
C:V218L	D:V491L	logit=-0.493
C:K191R	D:K464R	logit=-0.556
C:S180T	D:S453T	logit=-0.666
C:T42V	D:T315V	logit=-0.704
C:N51P	D:N324P	logit=-0.757

Top tied mutations (A + B view):
A:T18V	B:T215V	logit=-0.702
A:N55S	B:N252S	logit=-0.900
A:N54V	B:N251V	logit=-1.564
A:E100V	B:E297V	logit=-2.227
A:I30V	B:I227V	logit=-2.660

Top tied mutations (C + D view):
C:V218L	D:V491L	logit=-0.439
C:K191R	D:K464R	logit=-0.522
C:S180T	D:S453T	logit=-0.679
C:T42V	D:T315V	logit=-0.725
C:N51P	D:N324P	logit=-0.767

Top tied mutations (A + B view):
A:T18V	B:T215V	logit=-0.661
A:N55S	B:N252S	logit=-0.941
A:N54V	B:N251V	logit=-1.570
A:E100V	B:E297V	logit=-2.359
A:I30V	B:I227V	logit=-2.623

Top tied mutations (C + D view):
C:V218L	D:V491L	logit=-0.443
C:K191R	D:K464R	logit=-0.581
C:S180T	D:S453T	logit=-0.664
C:T42V	D:T315V	logit=-0.708
C:N51P	D:N324P	logit=-0.850

Top tied mutations (A + B view):
A:T18V	B:T215V	logit=-0.695
A:N55S	B:N252S	logit=-0.895
A:N54V	B:N251V	logit=-1.351
A:E100V	B:E297V	logit=-2.319
A:I30V	B:I227V	logit=-2.497

Top tied mutations (C + D view):
C:V218L	D:V491L	logit=-0.494
C:K191R	D:K464R	logit=-0.520
C:S180T	D:S453T	logit=-0.665
C:T42V	D:T315V	logit=-0.715
C:N51P	D:N324P	logit=-0.825

Top tied mutations (A + B view):
A:T18V	B:T215V	logit=-0.673
A:N55S	B:N252S	logit=-0.861
A:N54V	B:N251V	logit=-1.380
A:E100V	B:E297V	logit=-2.327
A:I30V	B:I227V	logit=-2.514

Top tied mutations (C + D view):
C:V218L	D:V491L	logit=-0.460
C:K191R	D:K464R	logit=-0.594
C:S180T	D:S453T	logit=-0.664
C:T42V	D:T315V	logit=-0.758
C:S89A	D:S362A	logit=-0.909

Top tied mutations (A + B view):
A:T18V	B:T215V	logit=-0.699
A:N55S	B:N252S	logit=-0.913
A:N54V	B:N251V	logit=-1.377
A:E100V	B:E297V	logit=-2.328
A:I30V	B:I227V	logit=-2.633

Top tied mutations (C + D view):
C:V218L	D:V491L	logit=-0.426
C:K191R	D:K464R	logit=-0.533
C:S180T	D:S453T	logit=-0.659
C:T42V	D:T315V	logit=-0.715
C:N51P	D:N324P	logit=-0.790

Top tied mutations (A + B view):
A:T18V	B:T215V	logit=-0.665
A:N55S	B:N252S	logit=-0.860
A:N54V	B:N251V	logit=-1.532
A:E100V	B:E297V	logit=-2.412
A:I30V	B:I227V	logit=-2.611

Top tied mutations (C + D view):
C:V218L	D:V491L	logit=-0.467
C:K191R	D:K464R	logit=-0.591
C:S180T	D:S453T	logit=-0.675
C:T42V	D:T315V	logit=-0.742
C:S72G	D:S345G	logit=-0.931

Top tied mutations (A + B view):
A:T18V	B:T215V	logit=-0.708
A:N55S	B:N252S	logit=-0.876
A:N54V	B:N251V	logit=-1.337
A:E100V	B:E297V	logit=-2.299
A:V102I	B:V299I	logit=-2.726

Top tied mutations (C + D view):
C:V218L	D:V491L	logit=-0.407
C:K191R	D:K464R	logit=-0.551
C:S180T	D:S453T	logit=-0.653
C:T42V	D:T315V	logit=-0.731
C:S89A	D:S362A	logit=-0.880

Top tied mutations (A + B view):
A:T18V	B:T215V	logit=-0.680
A:N55S	B:N252S	logit=-0.843
A:N54V	B:N251V	logit=-1.502
A:E100V	B:E297V	logit=-2.264
A:I30V	B:I227V	logit=-2.454

Top tied mutations (C + D view):
C:V218L	D:V491L	logit=-0.438
C:K191R	D:K464R	logit=-0.574
C:T42V	D:T315V	logit=-0.643
C:S180T	D:S453T	logit=-0.646
C:S89A	D:S362A	logit=-0.845

Top tied mutations (A + B view):
A:T18V	B:T215V	logit=-0.697
A:N55S	B:N252S	logit=-0.855
A:N54V	B:N251V	logit=-1.406
A:E100V	B:E297V	logit=-2.214
A:I30V	B:I227V	logit=-2.608

Top tied mutations (C + D view):
C:V218L	D:V491L	logit=-0.438
C:K191R	D:K464R	logit=-0.486
C:S180T	D:S453T	logit=-0.661
C:T42V	D:T315V	logit=-0.806
C:N51P	D:N324P	logit=-0.905

Top tied mutations (A + B view):
A:T18V	B:T215V	logit=-0.706
A:N55S	B:N252S	logit=-0.831
A:N54V	B:N251V	logit=-1.404
A:E100V	B:E297V	logit=-2.369
A:I30V	B:I227V	logit=-2.663

Top tied mutations (C + D view):
C:V218L	D:V491L	logit=-0.416
C:K191R	D:K464R	logit=-0.517
C:S180T	D:S453T	logit=-0.649
C:T42V	D:T315V	logit=-0.712
C:N51P	D:N324P	logit=-0.782

Top tied mutations (A + B view):
A:T18V	B:T215V	logit=-0.764
A:N55S	B:N252S	logit=-0.925
A:N54V	B:N251V	logit=-1.276
A:E100V	B:E297V	logit=-2.373
A:I30V	B:I227V	logit=-2.681

Top tied mutations (C + D view):
C:V218L	D:V491L	logit=-0.483
C:K191R	D:K464R	logit=-0.576
C:S180T	D:S453T	logit=-0.653
C:T42V	D:T315V	logit=-0.765
C:N51P	D:N324P	logit=-0.829

Top tied mutations (A + B view):
A:T18V	B:T215V	logit=-0.750
A:N55S	B:N252S	logit=-0.834
A:N54V	B:N251V	logit=-1.389
A:E100V	B:E297V	logit=-2.288
A:I30V	B:I227V	logit=-2.612

Top tied mutations (C + D view):
C:V218L	D:V491L	logit=-0.430
C:K191R	D:K464R	logit=-0.489
C:S180T	D:S453T	logit=-0.673
C:T42V	D:T315V	logit=-0.683
C:N51P	D:N324P	logit=-0.834

Top tied mutations (A + B view):
A:T18V	B:T215V	logit=-0.738
A:N55S	B:N252S	logit=-0.909
A:N54V	B:N251V	logit=-1.527
A:E100V	B:E297V	logit=-2.390
A:I30V	B:I227V	logit=-2.534

Top tied mutations (C + D view):
C:V218L	D:V491L	logit=-0.419
C:S180T	D:S453T	logit=-0.650
C:K191R	D:K464R	logit=-0.661
C:T42V	D:T315V	logit=-0.740
C:N51P	D:N324P	logit=-0.807

Top tied mutations (A + B view):
A:T18V	B:T215V	logit=-0.716
A:N55S	B:N252S	logit=-0.936
A:N54V	B:N251V	logit=-1.342
A:E100V	B:E297V	logit=-2.285
A:I30V	B:I227V	logit=-2.622

Top tied mutations (C + D view):
C:V218L	D:V491L	logit=-0.470
C:K191R	D:K464R	logit=-0.597
C:S180T	D:S453T	logit=-0.648
C:T42V	D:T315V	logit=-0.771
C:N51P	D:N324P	logit=-0.904

Top tied mutations (A + B view):
A:T18V	B:T215V	logit=-0.707
A:N55S	B:N252S	logit=-0.975
A:N54V	B:N251V	logit=-1.419
A:E100V	B:E297V	logit=-2.509
A:I30V	B:I227V	logit=-2.613

Top tied mutations (C + D view):
C:V218L	D:V491L	logit=-0.427
C:K191R	D:K464R	logit=-0.619
C:S180T	D:S453T	logit=-0.657
C:T42V	D:T315V	logit=-0.793
C:S89A	D:S362A	logit=-0.859

Top tied mutations (A + B view):
A:T18V	B:T215V	logit=-0.718
A:N55S	B:N252S	logit=-0.920
A:N54V	B:N251V	logit=-1.479
A:E100V	B:E297V	logit=-2.274
A:I30V	B:I227V	logit=-2.578

Top tied mutations (C + D view):
C:V218L	D:V491L	logit=-0.452
C:K191R	D:K464R	logit=-0.532
C:S180T	D:S453T	logit=-0.631
C:T42V	D:T315V	logit=-0.748
C:N51P	D:N324P	logit=-0.850

Top tied mutations (A + B view):
A:T18V	B:T215V	logit=-0.720
A:N55S	B:N252S	logit=-0.900
A:N54V	B:N251V	logit=-1.262
A:E100V	B:E297V	logit=-2.255
A:I30V	B:I227V	logit=-2.583

Top tied mutations (C + D view):
C:V218L	D:V491L	logit=-0.410
C:K191R	D:K464R	logit=-0.540
C:S180T	D:S453T	logit=-0.635
C:N51P	D:N324P	logit=-0.730
C:T42V	D:T315V	logit=-0.747

Top tied mutations (A + B view):
A:T18V	B:T215V	logit=-0.632
A:N55S	B:N252S	logit=-0.875
A:N54V	B:N251V	logit=-1.348
A:E100V	B:E297V	logit=-2.356
A:I30V	B:I227V	logit=-2.592

Top tied mutations (C + D view):
C:V218L	D:V491L	logit=-0.434
C:K191R	D:K464R	logit=-0.517
C:S180T	D:S453T	logit=-0.671
C:T42V	D:T315V	logit=-0.739
C:N51P	D:N324P	logit=-0.797

Top tied mutations (A + B view):
A:T18V	B:T215V	logit=-0.768
A:N55S	B:N252S	logit=-0.908
A:N54V	B:N251V	logit=-1.388
A:E100V	B:E297V	logit=-2.415
A:I30V	B:I227V	logit=-2.447

Top tied mutations (C + D view):
C:V218L	D:V491L	logit=-0.420
C:K191R	D:K464R	logit=-0.592
C:S180T	D:S453T	logit=-0.643
C:T42V	D:T315V	logit=-0.773
C:N51P	D:N324P	logit=-0.818

Top tied mutations (A + B view):
A:T18V	B:T215V	logit=-0.703
A:N55S	B:N252S	logit=-0.915
A:N54V	B:N251V	logit=-1.458
A:E100V	B:E297V	logit=-2.204
A:I30V	B:I227V	logit=-2.530

Top tied mutations (C + D view):
C:V218L	D:V491L	logit=-0.427
C:K191R	D:K464R	logit=-0.606
C:T42V	D:T315V	logit=-0.685
C:S180T	D:S453T	logit=-0.688
C:N51P	D:N324P	logit=-0.922

Top tied mutations (A + B view):
A:T18V	B:T215V	logit=-0.666
A:N55S	B:N252S	logit=-0.937
A:N54V	B:N251V	logit=-1.604
A:E100V	B:E297V	logit=-2.242
A:I30V	B:I227V	logit=-2.573

Top tied mutations (C + D view):
C:V218L	D:V491L	logit=-0.469
C:K191R	D:K464R	logit=-0.552
C:S180T	D:S453T	logit=-0.645
C:T42V	D:T315V	logit=-0.687
C:N51P	D:N324P	logit=-0.687

Top tied mutations (A + B view):
A:T18V	B:T215V	logit=-0.729
A:N55S	B:N252S	logit=-0.936
A:N54V	B:N251V	logit=-1.445
A:E100V	B:E297V	logit=-2.240
A:I30V	B:I227V	logit=-2.552

Top tied mutations (C + D view):
C:V218L	D:V491L	logit=-0.425
C:K191R	D:K464R	logit=-0.542
C:S180T	D:S453T	logit=-0.670
C:T42V	D:T315V	logit=-0.713
C:N51P	D:N324P	logit=-0.857

Top tied mutations (A + B view):
A:T18V	B:T215V	logit=-0.706
A:N55S	B:N252S	logit=-0.923
A:N54V	B:N251V	logit=-1.477
A:E100V	B:E297V	logit=-2.273
A:I30V	B:I227V	logit=-2.632

Top tied mutations (C + D view):
C:V218L	D:V491L	logit=-0.468
C:K191R	D:K464R	logit=-0.552
C:S180T	D:S453T	logit=-0.672
C:T42V	D:T315V	logit=-0.743
C:N51P	D:N324P	logit=-0.889

Top tied mutations (A + B view):
A:T18V	B:T215V	logit=-0.705
A:N55S	B:N252S	logit=-0.872
A:N54V	B:N251V	logit=-1.464
A:E100V	B:E297V	logit=-2.264
A:I30V	B:I227V	logit=-2.518

Top tied mutations (C + D view):
C:V218L	D:V491L	logit=-0.497
C:K191R	D:K464R	logit=-0.580
C:S180T	D:S453T	logit=-0.660
C:T42V	D:T315V	logit=-0.734
C:N51P	D:N324P	logit=-0.856

Top tied mutations (A + B view):
A:T18V	B:T215V	logit=-0.747
A:N55S	B:N252S	logit=-0.915
A:N54V	B:N251V	logit=-1.375
A:E100V	B:E297V	logit=-2.264
A:I30V	B:I227V	logit=-2.607

Top tied mutations (C + D view):
C:V218L	D:V491L	logit=-0.444
C:K191R	D:K464R	logit=-0.604
C:S180T	D:S453T	logit=-0.634
C:T42V	D:T315V	logit=-0.703
C:N51P	D:N324P	logit=-0.716

Top tied mutations (A + B view):
A:T18V	B:T215V	logit=-0.706
A:N55S	B:N252S	logit=-0.913
A:N54V	B:N251V	logit=-1.495
A:E100V	B:E297V	logit=-2.370
A:I30V	B:I227V	logit=-2.595

Top tied mutations (C + D view):
C:V218L	D:V491L	logit=-0.457
C:K191R	D:K464R	logit=-0.519
C:S180T	D:S453T	logit=-0.671
C:T42V	D:T315V	logit=-0.700
C:N51P	D:N324P	logit=-0.774

Top tied mutations (A + B view):
A:T18V	B:T215V	logit=-0.691
A:N55S	B:N252S	logit=-0.930
A:N54V	B:N251V	logit=-1.492
A:E100V	B:E297V	logit=-2.229
A:I30V	B:I227V	logit=-2.559

Top tied mutations (C + D view):
C:V218L	D:V491L	logit=-0.416
C:K191R	D:K464R	logit=-0.553
C:S180T	D:S453T	logit=-0.683
C:T42V	D:T315V	logit=-0.780
C:N51P	D:N324P	logit=-0.796

Top tied mutations (A + B view):
A:T18V	B:T215V	logit=-0.702
A:N55S	B:N252S	logit=-0.947
A:N54V	B:N251V	logit=-1.344
A:E100V	B:E297V	logit=-2.395
A:I30V	B:I227V	logit=-2.473

Top tied mutations (C + D view):
C:V218L	D:V491L	logit=-0.460
C:K191R	D:K464R	logit=-0.554
C:S180T	D:S453T	logit=-0.659
C:T42V	D:T315V	logit=-0.678
C:N51P	D:N324P	logit=-0.849

Top tied mutations (A + B view):
A:T18V	B:T215V	logit=-0.740
A:N55S	B:N252S	logit=-0.934
A:N54V	B:N251V	logit=-1.228
A:E100V	B:E297V	logit=-2.360
A:I30V	B:I227V	logit=-2.511

Top tied mutations (C + D view):
C:V218L	D:V491L	logit=-0.503
C:K191R	D:K464R	logit=-0.575
C:S180T	D:S453T	logit=-0.661
C:T42V	D:T315V	logit=-0.753
C:N51P	D:N324P	logit=-0.887

Top tied mutations (A + B view):
A:T18V	B:T215V	logit=-0.673
A:N55S	B:N252S	logit=-0.935
A:N54V	B:N251V	logit=-1.357
A:E100V	B:E297V	logit=-2.243
A:I30V	B:I227V	logit=-2.512

Top tied mutations (C + D view):
C:V218L	D:V491L	logit=-0.460
C:K191R	D:K464R	logit=-0.550
C:S180T	D:S453T	logit=-0.610
C:T42V	D:T315V	logit=-0.751
C:N51P	D:N324P	logit=-0.862

Top tied mutations (A + B view):
A:T18V	B:T215V	logit=-0.738
A:N55S	B:N252S	logit=-0.856
A:N54V	B:N251V	logit=-1.349
A:E100V	B:E297V	logit=-2.236
A:I30V	B:I227V	logit=-2.494

Top tied mutations (C + D view):
C:V218L	D:V491L	logit=-0.443
C:K191R	D:K464R	logit=-0.611
C:S180T	D:S453T	logit=-0.658
C:T42V	D:T315V	logit=-0.720
C:N51P	D:N324P	logit=-0.828

Top tied mutations (A + B view):
A:T18V	B:T215V	logit=-0.651
A:N55S	B:N252S	logit=-0.906
A:N54V	B:N251V	logit=-1.494
A:E100V	B:E297V	logit=-2.235
A:I30V	B:I227V	logit=-2.684

Top tied mutations (C + D view):
C:V218L	D:V491L	logit=-0.430
C:K191R	D:K464R	logit=-0.569
C:S180T	D:S453T	logit=-0.629
C:T42V	D:T315V	logit=-0.738
C:S89A	D:S362A	logit=-0.870

Top tied mutations (A + B view):
A:T18V	B:T215V	logit=-0.750
A:N55S	B:N252S	logit=-0.909
A:N54V	B:N251V	logit=-1.484
A:E100V	B:E297V	logit=-2.248
A:I30V	B:I227V	logit=-2.508

Top tied mutations (C + D view):
C:K191R	D:K464R	logit=-0.486
C:V218L	D:V491L	logit=-0.489
C:S180T	D:S453T	logit=-0.641
C:T42V	D:T315V	logit=-0.735
C:N51P	D:N324P	logit=-0.804

Top tied mutations (A + B view):
A:T18V	B:T215V	logit=-0.709
A:N55S	B:N252S	logit=-0.898
A:N54V	B:N251V	logit=-1.431
A:E100V	B:E297V	logit=-2.164
A:I30V	B:I227V	logit=-2.504

Top tied mutations (C + D view):
C:K191R	D:K464R	logit=-0.496
C:V218L	D:V491L	logit=-0.510
C:S180T	D:S453T	logit=-0.648
C:T42V	D:T315V	logit=-0.747
C:S89A	D:S362A	logit=-0.856

Top tied mutations (A + B view):
A:T18V	B:T215V	logit=-0.659
A:N55S	B:N252S	logit=-0.926
A:N54V	B:N251V	logit=-1.288
A:E100V	B:E297V	logit=-2.331
A:I30V	B:I227V	logit=-2.495

Top tied mutations (C + D view):
C:V218L	D:V491L	logit=-0.427
C:K191R	D:K464R	logit=-0.576
C:S180T	D:S453T	logit=-0.660
C:T42V	D:T315V	logit=-0.711
C:N51P	D:N324P	logit=-0.800

Top tied mutations (A + B view):
A:T18V	B:T215V	logit=-0.664
A:N55S	B:N252S	logit=-0.882
A:N54V	B:N251V	logit=-1.302
A:E100V	B:E297V	logit=-2.348
A:I30V	B:I227V	logit=-2.578

Top tied mutations (C + D view):
C:V218L	D:V491L	logit=-0.463
C:K191R	D:K464R	logit=-0.621
C:S180T	D:S453T	logit=-0.670
C:T42V	D:T315V	logit=-0.774
C:S89A	D:S362A	logit=-0.907

Top tied mutations (A + B view):
A:T18V	B:T215V	logit=-0.653
A:N55S	B:N252S	logit=-0.942
A:N54V	B:N251V	logit=-1.413
A:E100V	B:E297V	logit=-2.334
A:I30V	B:I227V	logit=-2.607

Top tied mutations (C + D view):
C:V218L	D:V491L	logit=-0.478
C:K191R	D:K464R	logit=-0.546
C:S180T	D:S453T	logit=-0.652
C:T42V	D:T315V	logit=-0.772
C:N51P	D:N324P	logit=-0.851

Top tied mutations (A + B view):
A:T18V	B:T215V	logit=-0.742
A:N55S	B:N252S	logit=-0.875
A:N54V	B:N251V	logit=-1.402
A:E100V	B:E297V	logit=-2.210
A:I30V	B:I227V	logit=-2.580

Top tied mutations (C + D view):
C:V218L	D:V491L	logit=-0.442
C:K191R	D:K464R	logit=-0.605
C:S180T	D:S453T	logit=-0.665
C:T42V	D:T315V	logit=-0.701
C:N51P	D:N324P	logit=-0.806

Top tied mutations (A + B view):
A:T18V	B:T215V	logit=-0.724
A:N55S	B:N252S	logit=-0.921
A:N54V	B:N251V	logit=-1.363
A:E100V	B:E297V	logit=-2.331
A:I30V	B:I227V	logit=-2.502

Top tied mutations (C + D view):
C:V218L	D:V491L	logit=-0.436
C:K191R	D:K464R	logit=-0.520
C:S180T	D:S453T	logit=-0.659
C:T42V	D:T315V	logit=-0.738
C:S89A	D:S362A	logit=-0.877

Top tied mutations (A + B view):
A:T18V	B:T215V	logit=-0.633
A:N55S	B:N252S	logit=-0.931
A:N54V	B:N251V	logit=-1.293
A:E100V	B:E297V	logit=-2.139
A:I30V	B:I227V	logit=-2.434

Top tied mutations (C + D view):
C:V218L	D:V491L	logit=-0.464
C:K191R	D:K464R	logit=-0.579
C:S180T	D:S453T	logit=-0.636
C:T42V	D:T315V	logit=-0.746
C:N51P	D:N324P	logit=-0.804

Top tied mutations (A + B view):
A:T18V	B:T215V	logit=-0.691
A:N55S	B:N252S	logit=-0.869
A:N54V	B:N251V	logit=-1.474
A:E100V	B:E297V	logit=-2.146
A:I30V	B:I227V	logit=-2.678

Top tied mutations (C + D view):
C:V218L	D:V491L	logit=-0.492
C:K191R	D:K464R	logit=-0.517
C:S180T	D:S453T	logit=-0.647
C:T42V	D:T315V	logit=-0.730
C:N51P	D:N324P	logit=-0.840

Top tied mutations (A + B view):
A:T18V	B:T215V	logit=-0.712
A:N55S	B:N252S	logit=-0.924
A:N54V	B:N251V	logit=-1.441
A:E100V	B:E297V	logit=-2.330
A:I30V	B:I227V	logit=-2.537

Top tied mutations (C + D view):
C:V218L	D:V491L	logit=-0.415
C:K191R	D:K464R	logit=-0.581
C:S180T	D:S453T	logit=-0.654
C:T42V	D:T315V	logit=-0.767
C:N51P	D:N324P	logit=-0.872

Top tied mutations (A + B view):
A:T18V	B:T215V	logit=-0.665
A:N55S	B:N252S	logit=-0.920
A:N54V	B:N251V	logit=-1.394
A:E100V	B:E297V	logit=-2.284
A:I30V	B:I227V	logit=-2.419

Top tied mutations (C + D view):
C:V218L	D:V491L	logit=-0.471
C:K191R	D:K464R	logit=-0.605
C:S180T	D:S453T	logit=-0.659
C:T42V	D:T315V	logit=-0.743
C:N51P	D:N324P	logit=-0.767

Top tied mutations (A + B view):
A:T18V	B:T215V	logit=-0.684
A:N55S	B:N252S	logit=-0.926
A:N54V	B:N251V	logit=-1.453
A:E100V	B:E297V	logit=-2.306
A:I30V	B:I227V	logit=-2.621

Top tied mutations (C + D view):
C:V218L	D:V491L	logit=-0.423
C:K191R	D:K464R	logit=-0.572
C:S180T	D:S453T	logit=-0.622
C:T42V	D:T315V	logit=-0.697
C:N51P	D:N324P	logit=-0.875

Top tied mutations (A + B view):
A:T18V	B:T215V	logit=-0.679
A:N55S	B:N252S	logit=-0.962
A:N54V	B:N251V	logit=-1.393
A:E100V	B:E297V	logit=-2.335
A:I30V	B:I227V	logit=-2.687

Top tied mutations (C + D view):
C:V218L	D:V491L	logit=-0.417
C:K191R	D:K464R	logit=-0.559
C:S180T	D:S453T	logit=-0.663
C:T42V	D:T315V	logit=-0.736
C:N51P	D:N324P	logit=-0.870

Top tied mutations (A + B view):
A:T18V	B:T215V	logit=-0.680
A:N55S	B:N252S	logit=-0.861
A:N54V	B:N251V	logit=-1.302
A:E100V	B:E297V	logit=-2.357
A:I30V	B:I227V	logit=-2.467

Top tied mutations (C + D view):
C:V218L	D:V491L	logit=-0.435
C:K191R	D:K464R	logit=-0.610
C:S180T	D:S453T	logit=-0.626
C:T42V	D:T315V	logit=-0.734
C:N51P	D:N324P	logit=-0.795

Top tied mutations (A + B view):
A:T18V	B:T215V	logit=-0.700
A:N55S	B:N252S	logit=-0.874
A:N54V	B:N251V	logit=-1.491
A:E100V	B:E297V	logit=-2.354
A:I30V	B:I227V	logit=-2.579

Top tied mutations (C + D view):
C:V218L	D:V491L	logit=-0.426
C:K191R	D:K464R	logit=-0.536
C:S180T	D:S453T	logit=-0.664
C:T42V	D:T315V	logit=-0.672
C:N219S	D:N492S	logit=-0.877

Top tied mutations (A + B view):
A:T18V	B:T215V	logit=-0.698
A:N55S	B:N252S	logit=-0.877
A:N54V	B:N251V	logit=-1.506
A:E100V	B:E297V	logit=-2.323
A:I30V	B:I227V	logit=-2.627

Top tied mutations (C + D view):
C:V218L	D:V491L	logit=-0.427
C:K191R	D:K464R	logit=-0.519
C:S180T	D:S453T	logit=-0.673
C:T42V	D:T315V	logit=-0.701
C:N51P	D:N324P	logit=-0.828

Top tied mutations (A + B view):
A:T18V	B:T215V	logit=-0.661
A:N55S	B:N252S	logit=-0.898
A:N54V	B:N251V	logit=-1.548
A:E100V	B:E297V	logit=-2.287
A:I30V	B:I227V	logit=-2.536

Top tied mutations (C + D view):
C:V218L	D:V491L	logit=-0.456
C:K191R	D:K464R	logit=-0.598
C:S180T	D:S453T	logit=-0.662
C:T42V	D:T315V	logit=-0.686
C:N51P	D:N324P	logit=-0.816

Top tied mutations (A + B view):
A:T18V	B:T215V	logit=-0.761
A:N55S	B:N252S	logit=-0.890
A:N54V	B:N251V	logit=-1.353
A:E100V	B:E297V	logit=-2.321
A:I30V	B:I227V	logit=-2.682

Top tied mutations (C + D view):
C:V218L	D:V491L	logit=-0.468
C:K191R	D:K464R	logit=-0.502
C:S180T	D:S453T	logit=-0.633
C:T42V	D:T315V	logit=-0.722
C:N51P	D:N324P	logit=-0.768

Top tied mutations (A + B view):
A:T18V	B:T215V	logit=-0.752
A:N55S	B:N252S	logit=-0.895
A:N54V	B:N251V	logit=-1.561
A:E100V	B:E297V	logit=-2.289
A:I30V	B:I227V	logit=-2.695

Top tied mutations (C + D view):
C:V218L	D:V491L	logit=-0.421
C:K191R	D:K464R	logit=-0.569
C:S180T	D:S453T	logit=-0.661
C:T42V	D:T315V	logit=-0.727
C:A168P	D:A441P	logit=-0.915

Top tied mutations (A + B view):
A:T18V	B:T215V	logit=-0.630
A:N55S	B:N252S	logit=-0.890
A:N54V	B:N251V	logit=-1.531
A:E100V	B:E297V	logit=-2.231
A:I30V	B:I227V	logit=-2.448

Top tied mutations (C + D view):
C:V218L	D:V491L	logit=-0.454
C:K191R	D:K464R	logit=-0.498
C:S180T	D:S453T	logit=-0.629
C:T42V	D:T315V	logit=-0.738
C:N51P	D:N324P	logit=-0.769

Top tied mutations (A + B view):
A:T18V	B:T215V	logit=-0.711
A:N55S	B:N252S	logit=-0.886
A:N54V	B:N251V	logit=-1.496
A:E100V	B:E297V	logit=-2.166
A:I30V	B:I227V	logit=-2.640

Top tied mutations (C + D view):
C:V218L	D:V491L	logit=-0.437
C:K191R	D:K464R	logit=-0.568
C:S180T	D:S453T	logit=-0.675
C:T42V	D:T315V	logit=-0.710
C:N51P	D:N324P	logit=-0.742

Top tied mutations (A + B view):
A:T18V	B:T215V	logit=-0.753
A:N55S	B:N252S	logit=-0.998
A:N54V	B:N251V	logit=-1.422
A:E100V	B:E297V	logit=-2.315
A:I30V	B:I227V	logit=-2.440

Top tied mutations (C + D view):
C:V218L	D:V491L	logit=-0.468
C:K191R	D:K464R	logit=-0.579
C:S180T	D:S453T	logit=-0.639
C:T42V	D:T315V	logit=-0.710
C:N51P	D:N324P	logit=-0.817

Top tied mutations (A + B view):
A:T18V	B:T215V	logit=-0.678
A:N55S	B:N252S	logit=-0.933
A:N54V	B:N251V	logit=-1.419
A:E100V	B:E297V	logit=-2.232
A:I30V	B:I227V	logit=-2.581

Top tied mutations (C + D view):
C:V218L	D:V491L	logit=-0.472
C:K191R	D:K464R	logit=-0.490
C:S180T	D:S453T	logit=-0.672
C:T42V	D:T315V	logit=-0.704
C:N51P	D:N324P	logit=-0.852

Top tied mutations (A + B view):
A:T18V	B:T215V	logit=-0.684
A:N55S	B:N252S	logit=-0.952
A:N54V	B:N251V	logit=-1.500
A:E100V	B:E297V	logit=-2.289
A:I30V	B:I227V	logit=-2.581

Top tied mutations (C + D view):
C:V218L	D:V491L	logit=-0.513
C:K191R	D:K464R	logit=-0.530
C:S180T	D:S453T	logit=-0.653
C:T42V	D:T315V	logit=-0.721
C:N51P	D:N324P	logit=-0.799

Top tied mutations (A + B view):
A:T18V	B:T215V	logit=-0.748
A:N55S	B:N252S	logit=-0.927
A:N54V	B:N251V	logit=-1.463
A:E100V	B:E297V	logit=-2.184
A:I30V	B:I227V	logit=-2.446

Top tied mutations (C + D view):
C:V218L	D:V491L	logit=-0.427
C:K191R	D:K464R	logit=-0.545
C:S180T	D:S453T	logit=-0.658
C:T42V	D:T315V	logit=-0.703
C:S89A	D:S362A	logit=-0.872

Top tied mutations (A + B view):
A:T18V	B:T215V	logit=-0.700
A:N55S	B:N252S	logit=-0.931
A:N54V	B:N251V	logit=-1.389
A:E100V	B:E297V	logit=-2.310
A:I30V	B:I227V	logit=-2.505

Top tied mutations (C + D view):
C:V218L	D:V491L	logit=-0.489
C:K191R	D:K464R	logit=-0.550
C:S180T	D:S453T	logit=-0.660
C:T42V	D:T315V	logit=-0.799
C:N51P	D:N324P	logit=-0.830

Top tied mutations (A + B view):
A:T18V	B:T215V	logit=-0.744
A:N55S	B:N252S	logit=-0.940
A:N54V	B:N251V	logit=-1.420
A:E100V	B:E297V	logit=-2.213
A:I30V	B:I227V	logit=-2.549

Top tied mutations (C + D view):
C:V218L	D:V491L	logit=-0.477
C:K191R	D:K464R	logit=-0.579
C:S180T	D:S453T	logit=-0.621
C:T42V	D:T315V	logit=-0.732
C:N51P	D:N324P	logit=-0.857

Top tied mutations (A + B view):
A:T18V	B:T215V	logit=-0.695
A:N55S	B:N252S	logit=-0.884
A:N54V	B:N251V	logit=-1.242
A:E100V	B:E297V	logit=-2.245
A:I30V	B:I227V	logit=-2.628

Top tied mutations (C + D view):
C:V218L	D:V491L	logit=-0.442
C:K191R	D:K464R	logit=-0.535
C:S180T	D:S453T	logit=-0.643
C:T42V	D:T315V	logit=-0.720
C:N51P	D:N324P	logit=-0.891

Top tied mutations (A + B view):
A:T18V	B:T215V	logit=-0.723
A:N55S	B:N252S	logit=-0.914
A:N54V	B:N251V	logit=-1.414
A:E100V	B:E297V	logit=-2.247
A:I30V	B:I227V	logit=-2.648

Top tied mutations (C + D view):
C:V218L	D:V491L	logit=-0.417
C:K191R	D:K464R	logit=-0.517
C:S180T	D:S453T	logit=-0.649
C:T42V	D:T315V	logit=-0.700
C:N51P	D:N324P	logit=-0.802

Top tied mutations (A + B view):
A:T18V	B:T215V	logit=-0.629
A:N55S	B:N252S	logit=-0.913
A:N54V	B:N251V	logit=-1.417
A:E100V	B:E297V	logit=-2.370
A:I30V	B:I227V	logit=-2.604

Top tied mutations (C + D view):
C:V218L	D:V491L	logit=-0.484
C:K191R	D:K464R	logit=-0.557
C:T42V	D:T315V	logit=-0.662
C:S180T	D:S453T	logit=-0.667
C:N51P	D:N324P	logit=-0.718

Top tied mutations (A + B view):
A:T18V	B:T215V	logit=-0.874
A:N55S	B:N252S	logit=-0.931
A:N54V	B:N251V	logit=-1.471
A:E100V	B:E297V	logit=-2.375
A:I30V	B:I227V	logit=-2.558

Top tied mutations (C + D view):
C:V218L	D:V491L	logit=-0.481
C:K191R	D:K464R	logit=-0.538
C:S180T	D:S453T	logit=-0.640
C:T42V	D:T315V	logit=-0.679
C:N51P	D:N324P	logit=-0.856

Top tied mutations (A + B view):
A:T18V	B:T215V	logit=-0.736
A:N55S	B:N252S	logit=-0.893
A:N54V	B:N251V	logit=-1.592
A:E100V	B:E297V	logit=-2.131
A:I30V	B:I227V	logit=-2.512

Top tied mutations (C + D view):
C:V218L	D:V491L	logit=-0.455
C:K191R	D:K464R	logit=-0.522
C:S180T	D:S453T	logit=-0.651
C:T42V	D:T315V	logit=-0.747
C:N51P	D:N324P	logit=-0.910

Top tied mutations (A + B view):
A:T18V	B:T215V	logit=-0.798
A:N55S	B:N252S	logit=-0.884
A:N54V	B:N251V	logit=-1.339
A:E100V	B:E297V	logit=-2.279
A:I30V	B:I227V	logit=-2.482

Top tied mutations (C + D view):
C:V218L	D:V491L	logit=-0.435
C:K191R	D:K464R	logit=-0.544
C:S180T	D:S453T	logit=-0.666
C:T42V	D:T315V	logit=-0.805
C:N51P	D:N324P	logit=-0.885

Top tied mutations (A + B view):
A:T18V	B:T215V	logit=-0.754
A:N55S	B:N252S	logit=-0.932
A:N54V	B:N251V	logit=-1.280
A:E100V	B:E297V	logit=-2.301
A:I30V	B:I227V	logit=-2.507

Top tied mutations (C + D view):
C:V218L	D:V491L	logit=-0.390
C:K191R	D:K464R	logit=-0.550
C:S180T	D:S453T	logit=-0.653
C:T42V	D:T315V	logit=-0.746
C:N51P	D:N324P	logit=-0.817

Top tied mutations (A + B view):
A:T18V	B:T215V	logit=-0.767
A:N55S	B:N252S	logit=-0.927
A:N54V	B:N251V	logit=-1.457
A:E100V	B:E297V	logit=-2.408
A:I30V	B:I227V	logit=-2.572

Top tied mutations (C + D view):
C:V218L	D:V491L	logit=-0.413
C:K191R	D:K464R	logit=-0.525
C:S180T	D:S453T	logit=-0.676
C:T42V	D:T315V	logit=-0.693
C:S89A	D:S362A	logit=-0.892

Top tied mutations (A + B view):
A:T18V	B:T215V	logit=-0.705
A:N55S	B:N252S	logit=-0.818
A:N54V	B:N251V	logit=-1.386
A:E100V	B:E297V	logit=-2.323
A:I30V	B:I227V	logit=-2.571

Top tied mutations (C + D view):
C:V218L	D:V491L	logit=-0.439
C:K191R	D:K464R	logit=-0.575
C:S180T	D:S453T	logit=-0.664
C:T42V	D:T315V	logit=-0.697
C:N219S	D:N492S	logit=-0.900

Top tied mutations (A + B view):
A:T18V	B:T215V	logit=-0.736
A:N55S	B:N252S	logit=-0.828
A:N54V	B:N251V	logit=-1.361
A:E100V	B:E297V	logit=-2.181
A:I30V	B:I227V	logit=-2.586

Top tied mutations (C + D view):
C:V218L	D:V491L	logit=-0.453
C:K191R	D:K464R	logit=-0.528
C:S180T	D:S453T	logit=-0.642
C:T42V	D:T315V	logit=-0.763
C:N51P	D:N324P	logit=-0.922

Top tied mutations (A + B view):
A:T18V	B:T215V	logit=-0.682
A:N55S	B:N252S	logit=-0.873
A:N54V	B:N251V	logit=-1.540
A:E100V	B:E297V	logit=-2.240
A:I30V	B:I227V	logit=-2.521

Top tied mutations (C + D view):
C:V218L	D:V491L	logit=-0.469
C:K191R	D:K464R	logit=-0.526
C:S180T	D:S453T	logit=-0.650
C:T42V	D:T315V	logit=-0.712
C:N51P	D:N324P	logit=-0.751

Top tied mutations (A + B view):
A:T18V	B:T215V	logit=-0.710
A:N55S	B:N252S	logit=-0.881
A:N54V	B:N251V	logit=-1.472
A:E100V	B:E297V	logit=-2.150
A:I30V	B:I227V	logit=-2.503

Top tied mutations (C + D view):
C:V218L	D:V491L	logit=-0.473
C:K191R	D:K464R	logit=-0.565
C:S180T	D:S453T	logit=-0.638
C:T42V	D:T315V	logit=-0.751
C:N51P	D:N324P	logit=-0.808

Top tied mutations (A + B view):
A:T18V	B:T215V	logit=-0.659
A:N55S	B:N252S	logit=-0.841
A:N54V	B:N251V	logit=-1.399
A:E100V	B:E297V	logit=-2.167
A:I30V	B:I227V	logit=-2.582

Top tied mutations (C + D view):
C:V218L	D:V491L	logit=-0.422
C:K191R	D:K464R	logit=-0.526
C:S180T	D:S453T	logit=-0.634
C:T42V	D:T315V	logit=-0.696
C:N51P	D:N324P	logit=-0.808

Top tied mutations (A + B view):
A:T18V	B:T215V	logit=-0.726
A:N55S	B:N252S	logit=-0.933
A:N54V	B:N251V	logit=-1.616
A:E100V	B:E297V	logit=-2.347
A:I30V	B:I227V	logit=-2.536

Top tied mutations (C + D view):
C:V218L	D:V491L	logit=-0.435
C:K191R	D:K464R	logit=-0.605
C:S180T	D:S453T	logit=-0.630
C:N51P	D:N324P	logit=-0.742
C:T42V	D:T315V	logit=-0.777

Top tied mutations (A + B view):
A:T18V	B:T215V	logit=-0.726
A:N55S	B:N252S	logit=-0.931
A:N54V	B:N251V	logit=-1.437
A:E100V	B:E297V	logit=-2.274
A:I30V	B:I227V	logit=-2.615

Top tied mutations (C + D view):
C:V218L	D:V491L	logit=-0.473
C:K191R	D:K464R	logit=-0.609
C:S180T	D:S453T	logit=-0.684
C:T42V	D:T315V	logit=-0.722
C:N51P	D:N324P	logit=-0.865

Top tied mutations (A + B view):
A:T18V	B:T215V	logit=-0.731
A:N55S	B:N252S	logit=-0.942
A:N54V	B:N251V	logit=-1.407
A:E100V	B:E297V	logit=-2.208
A:I30V	B:I227V	logit=-2.498

Top tied mutations (C + D view):
C:V218L	D:V491L	logit=-0.403
C:K191R	D:K464R	logit=-0.644
C:S180T	D:S453T	logit=-0.666
C:T42V	D:T315V	logit=-0.686
C:N51P	D:N324P	logit=-0.840

Top tied mutations (A + B view):
A:T18V	B:T215V	logit=-0.697
A:N55S	B:N252S	logit=-0.936
A:N54V	B:N251V	logit=-1.400
A:E100V	B:E297V	logit=-2.214
A:I30V	B:I227V	logit=-2.620

Top tied mutations (C + D view):
C:V218L	D:V491L	logit=-0.491
C:K191R	D:K464R	logit=-0.559
C:S180T	D:S453T	logit=-0.647
C:N51P	D:N324P	logit=-0.773
C:T42V	D:T315V	logit=-0.788

Top tied mutations (A + B view):
A:T18V	B:T215V	logit=-0.738
A:N55S	B:N252S	logit=-0.908
A:N54V	B:N251V	logit=-1.387
A:E100V	B:E297V	logit=-2.226
A:I30V	B:I227V	logit=-2.474

Top tied mutations (C + D view):
C:V218L	D:V491L	logit=-0.465
C:K191R	D:K464R	logit=-0.519
C:S180T	D:S453T	logit=-0.659
C:T42V	D:T315V	logit=-0.778
C:N51P	D:N324P	logit=-0.813

Top tied mutations (A + B view):
A:T18V	B:T215V	logit=-0.738
A:N55S	B:N252S	logit=-0.924
A:N54V	B:N251V	logit=-1.459
A:E100V	B:E297V	logit=-2.305
A:I30V	B:I227V	logit=-2.580

Top tied mutations (C + D view):
C:V218L	D:V491L	logit=-0.435
C:K191R	D:K464R	logit=-0.526
C:S180T	D:S453T	logit=-0.662
C:T42V	D:T315V	logit=-0.818
C:S89A	D:S362A	logit=-0.866

Top tied mutations (A + B view):
A:T18V	B:T215V	logit=-0.722
A:N55S	B:N252S	logit=-0.879
A:N54V	B:N251V	logit=-1.323
A:E100V	B:E297V	logit=-2.242
A:I30V	B:I227V	logit=-2.654

Top tied mutations (C + D view):
C:V218L	D:V491L	logit=-0.503
C:K191R	D:K464R	logit=-0.584
C:S180T	D:S453T	logit=-0.664
C:T42V	D:T315V	logit=-0.737
C:N51P	D:N324P	logit=-0.830

Top tied mutations (A + B view):
A:T18V	B:T215V	logit=-0.627
A:N55S	B:N252S	logit=-0.881
A:N54V	B:N251V	logit=-1.440
A:E100V	B:E297V	logit=-2.300
A:I30V	B:I227V	logit=-2.494

Top tied mutations (C + D view):
C:V218L	D:V491L	logit=-0.439
C:K191R	D:K464R	logit=-0.528
C:S180T	D:S453T	logit=-0.627
C:T42V	D:T315V	logit=-0.786
C:N51P	D:N324P	logit=-0.864

Top tied mutations (A + B view):
A:T18V	B:T215V	logit=-0.679
A:N55S	B:N252S	logit=-0.847
A:N54V	B:N251V	logit=-1.579
A:E100V	B:E297V	logit=-2.331
A:I30V	B:I227V	logit=-2.547

Top tied mutations (C + D view):
C:V218L	D:V491L	logit=-0.477
C:K191R	D:K464R	logit=-0.640
C:S180T	D:S453T	logit=-0.653
C:T42V	D:T315V	logit=-0.793
C:N51P	D:N324P	logit=-0.830

Top tied mutations (A + B view):
A:T18V	B:T215V	logit=-0.717
A:N55S	B:N252S	logit=-0.927
A:N54V	B:N251V	logit=-1.477
A:E100V	B:E297V	logit=-2.245
A:I30V	B:I227V	logit=-2.646

Top tied mutations (C + D view):
C:V218L	D:V491L	logit=-0.439
C:K191R	D:K464R	logit=-0.520
C:S180T	D:S453T	logit=-0.664
C:T42V	D:T315V	logit=-0.678
C:S89A	D:S362A	logit=-0.913

Top tied mutations (A + B view):
A:T18V	B:T215V	logit=-0.647
A:N55S	B:N252S	logit=-0.901
A:N54V	B:N251V	logit=-1.470
A:E100V	B:E297V	logit=-2.227
A:I30V	B:I227V	logit=-2.573

Top tied mutations (C + D view):
C:V218L	D:V491L	logit=-0.448
C:K191R	D:K464R	logit=-0.522
C:S180T	D:S453T	logit=-0.647
C:T42V	D:T315V	logit=-0.745
C:N51P	D:N324P	logit=-0.785

Top tied mutations (A + B view):
A:T18V	B:T215V	logit=-0.716
A:N55S	B:N252S	logit=-0.891
A:N54V	B:N251V	logit=-1.435
A:E100V	B:E297V	logit=-2.297
A:I30V	B:I227V	logit=-2.511

Top tied mutations (C + D view):
C:V218L	D:V491L	logit=-0.498
C:K191R	D:K464R	logit=-0.573
C:S180T	D:S453T	logit=-0.650
C:T42V	D:T315V	logit=-0.756
C:N51P	D:N324P	logit=-0.800

Top tied mutations (A + B view):
A:T18V	B:T215V	logit=-0.728
A:N55S	B:N252S	logit=-0.915
A:N54V	B:N251V	logit=-1.446
A:E100V	B:E297V	logit=-2.196
A:I30V	B:I227V	logit=-2.648

Top tied mutations (C + D view):
C:V218L	D:V491L	logit=-0.423
C:K191R	D:K464R	logit=-0.612
C:S180T	D:S453T	logit=-0.661
C:T42V	D:T315V	logit=-0.701
C:N51P	D:N324P	logit=-0.824

Top tied mutations (A + B view):
A:T18V	B:T215V	logit=-0.685
A:N55S	B:N252S	logit=-0.926
A:N54V	B:N251V	logit=-1.427
A:E100V	B:E297V	logit=-2.346
A:I30V	B:I227V	logit=-2.497

Top tied mutations (C + D view):
C:V218L	D:V491L	logit=-0.441
C:K191R	D:K464R	logit=-0.539
C:S180T	D:S453T	logit=-0.645
C:N51P	D:N324P	logit=-0.727
C:T42V	D:T315V	logit=-0.784

Top tied mutations (A + B view):
A:T18V	B:T215V	logit=-0.676
A:N55S	B:N252S	logit=-0.903
A:N54V	B:N251V	logit=-1.628
A:E100V	B:E297V	logit=-2.206
A:I30V	B:I227V	logit=-2.576

Top tied mutations (C + D view):
C:V218L	D:V491L	logit=-0.487
C:K191R	D:K464R	logit=-0.506
C:S180T	D:S453T	logit=-0.635
C:T42V	D:T315V	logit=-0.694
C:N51P	D:N324P	logit=-0.768

Top tied mutations (A + B view):
A:T18V	B:T215V	logit=-0.655
A:N55S	B:N252S	logit=-0.904
A:N54V	B:N251V	logit=-1.451
A:E100V	B:E297V	logit=-2.214
A:I30V	B:I227V	logit=-2.599

Top tied mutations (C + D view):
C:V218L	D:V491L	logit=-0.453
C:K191R	D:K464R	logit=-0.558
C:S180T	D:S453T	logit=-0.634
C:T42V	D:T315V	logit=-0.745
C:N51P	D:N324P	logit=-0.889

Top tied mutations (A + B view):
A:T18V	B:T215V	logit=-0.676
A:N55S	B:N252S	logit=-0.963
A:N54V	B:N251V	logit=-1.356
A:E100V	B:E297V	logit=-2.343
A:I30V	B:I227V	logit=-2.544

Top tied mutations (C + D view):
C:V218L	D:V491L	logit=-0.468
C:K191R	D:K464R	logit=-0.557
C:S180T	D:S453T	logit=-0.657
C:T42V	D:T315V	logit=-0.741
C:N51P	D:N324P	logit=-0.871

Top tied mutations (A + B view):
A:T18V	B:T215V	logit=-0.729
A:N55S	B:N252S	logit=-0.877
A:N54V	B:N251V	logit=-1.292
A:E100V	B:E297V	logit=-2.360
A:V102I	B:V299I	logit=-2.691

Top tied mutations (C + D view):
C:V218L	D:V491L	logit=-0.514
C:K191R	D:K464R	logit=-0.581
C:S180T	D:S453T	logit=-0.677
C:T42V	D:T315V	logit=-0.766
C:N51P	D:N324P	logit=-0.788

Top tied mutations (A + B view):
A:T18V	B:T215V	logit=-0.658
A:N55S	B:N252S	logit=-0.884
A:N54V	B:N251V	logit=-1.630
A:E100V	B:E297V	logit=-2.286
A:I30V	B:I227V	logit=-2.516

Top tied mutations (C + D view):
C:V218L	D:V491L	logit=-0.478
C:K191R	D:K464R	logit=-0.583
C:S180T	D:S453T	logit=-0.658
C:T42V	D:T315V	logit=-0.725
C:N51P	D:N324P	logit=-0.819

Top tied mutations (A + B view):
A:T18V	B:T215V	logit=-0.643
A:N55S	B:N252S	logit=-0.938
A:N54V	B:N251V	logit=-1.489
A:E100V	B:E297V	logit=-2.194
A:I30V	B:I227V	logit=-2.580

Top tied mutations (C + D view):
C:V218L	D:V491L	logit=-0.408
C:K191R	D:K464R	logit=-0.629
C:S180T	D:S453T	logit=-0.659
C:T42V	D:T315V	logit=-0.718
C:N51P	D:N324P	logit=-0.914

Top tied mutations (A + B view):
A:T18V	B:T215V	logit=-0.655
A:N55S	B:N252S	logit=-0.900
A:N54V	B:N251V	logit=-1.406
A:E100V	B:E297V	logit=-2.201
A:I30V	B:I227V	logit=-2.638

Top tied mutations (C + D view):
C:V218L	D:V491L	logit=-0.399
C:K191R	D:K464R	logit=-0.554
C:S180T	D:S453T	logit=-0.643
C:N51P	D:N324P	logit=-0.771
C:T42V	D:T315V	logit=-0.771

Top tied mutations (A + B view):
A:T18V	B:T215V	logit=-0.669
A:N55S	B:N252S	logit=-0.998
A:N54V	B:N251V	logit=-1.433
A:E100V	B:E297V	logit=-2.331
A:I30V	B:I227V	logit=-2.495

Top tied mutations (C + D view):
C:V218L	D:V491L	logit=-0.464
C:K191R	D:K464R	logit=-0.515
C:S180T	D:S453T	logit=-0.637
C:T42V	D:T315V	logit=-0.738
C:N51P	D:N324P	logit=-0.797

Top tied mutations (A + B view):
A:T18V	B:T215V	logit=-0.586
A:N55S	B:N252S	logit=-0.895
A:N54V	B:N251V	logit=-1.439
A:E100V	B:E297V	logit=-2.350
A:I30V	B:I227V	logit=-2.632

Top tied mutations (C + D view):
C:V218L	D:V491L	logit=-0.444
C:K191R	D:K464R	logit=-0.481
C:S180T	D:S453T	logit=-0.659
C:T42V	D:T315V	logit=-0.715
C:N51P	D:N324P	logit=-0.862

Top tied mutations (A + B view):
A:T18V	B:T215V	logit=-0.714
A:N55S	B:N252S	logit=-0.799
A:N54V	B:N251V	logit=-1.469
A:E100V	B:E297V	logit=-2.237
A:I30V	B:I227V	logit=-2.556

Top tied mutations (C + D view):
C:V218L	D:V491L	logit=-0.422
C:K191R	D:K464R	logit=-0.536
C:S180T	D:S453T	logit=-0.648
C:T42V	D:T315V	logit=-0.723
C:N51P	D:N324P	logit=-0.848

Top tied mutations (A + B view):
A:T18V	B:T215V	logit=-0.700
A:N55S	B:N252S	logit=-1.010
A:N54V	B:N251V	logit=-1.351
A:E100V	B:E297V	logit=-2.241
A:I30V	B:I227V	logit=-2.541

Top tied mutations (C + D view):
C:V218L	D:V491L	logit=-0.466
C:K191R	D:K464R	logit=-0.512
C:S180T	D:S453T	logit=-0.668
C:N51P	D:N324P	logit=-0.796
C:T42V	D:T315V	logit=-0.806

Top tied mutations (A + B view):
A:T18V	B:T215V	logit=-0.773
A:N55S	B:N252S	logit=-0.917
A:N54V	B:N251V	logit=-1.501
A:E100V	B:E297V	logit=-2.230
A:I30V	B:I227V	logit=-2.534

Top tied mutations (C + D view):
C:V218L	D:V491L	logit=-0.448
C:K191R	D:K464R	logit=-0.567
C:S180T	D:S453T	logit=-0.646
C:T42V	D:T315V	logit=-0.713
C:N51P	D:N324P	logit=-0.872

Top tied mutations (A + B view):
A:T18V	B:T215V	logit=-0.664
A:N55S	B:N252S	logit=-0.959
A:N54V	B:N251V	logit=-1.443
A:E100V	B:E297V	logit=-2.256
A:I30V	B:I227V	logit=-2.596

Top tied mutations (C + D view):
C:V218L	D:V491L	logit=-0.441
C:K191R	D:K464R	logit=-0.487
C:S180T	D:S453T	logit=-0.677
C:T42V	D:T315V	logit=-0.745
C:N51P	D:N324P	logit=-0.782

Top tied mutations (A + B view):
A:T18V	B:T215V	logit=-0.640
A:N55S	B:N252S	logit=-0.888
A:N54V	B:N251V	logit=-1.387
A:E100V	B:E297V	logit=-2.343
A:I30V	B:I227V	logit=-2.533

Top tied mutations (C + D view):
C:V218L	D:V491L	logit=-0.431
C:K191R	D:K464R	logit=-0.567
C:S180T	D:S453T	logit=-0.657
C:T42V	D:T315V	logit=-0.744
C:N51P	D:N324P	logit=-0.807

Top tied mutations (A + B view):
A:T18V	B:T215V	logit=-0.705
A:N55S	B:N252S	logit=-0.861
A:N54V	B:N251V	logit=-1.471
A:E100V	B:E297V	logit=-2.338
A:I30V	B:I227V	logit=-2.606

Top tied mutations (C + D view):
C:V218L	D:V491L	logit=-0.475
C:K191R	D:K464R	logit=-0.669
C:S180T	D:S453T	logit=-0.671
C:T42V	D:T315V	logit=-0.745
C:N51P	D:N324P	logit=-0.889

Top tied mutations (A + B view):
A:T18V	B:T215V	logit=-0.803
A:N55S	B:N252S	logit=-0.854
A:N54V	B:N251V	logit=-1.450
A:E100V	B:E297V	logit=-2.384
A:I30V	B:I227V	logit=-2.644

Top tied mutations (C + D view):
C:V218L	D:V491L	logit=-0.425
C:K191R	D:K464R	logit=-0.578
C:S180T	D:S453T	logit=-0.652
C:T42V	D:T315V	logit=-0.685
C:N51P	D:N324P	logit=-0.752

Top tied mutations (A + B view):
A:T18V	B:T215V	logit=-0.755
A:N55S	B:N252S	logit=-0.902
A:N54V	B:N251V	logit=-1.359
A:E100V	B:E297V	logit=-2.267
A:I30V	B:I227V	logit=-2.577

Top tied mutations (C + D view):
C:V218L	D:V491L	logit=-0.466
C:K191R	D:K464R	logit=-0.540
C:S180T	D:S453T	logit=-0.652
C:T42V	D:T315V	logit=-0.669
C:S89A	D:S362A	logit=-0.868

Top tied mutations (A + B view):
A:T18V	B:T215V	logit=-0.697
A:N55S	B:N252S	logit=-0.888
A:N54V	B:N251V	logit=-1.407
A:E100V	B:E297V	logit=-2.330
A:I30V	B:I227V	logit=-2.600

Top tied mutations (C + D view):
C:V218L	D:V491L	logit=-0.503
C:K191R	D:K464R	logit=-0.530
C:S180T	D:S453T	logit=-0.692
C:T42V	D:T315V	logit=-0.714
C:N51P	D:N324P	logit=-0.841

Top tied mutations (A + B view):
A:T18V	B:T215V	logit=-0.592
A:N55S	B:N252S	logit=-0.952
A:N54V	B:N251V	logit=-1.486
A:E100V	B:E297V	logit=-2.303
A:I30V	B:I227V	logit=-2.662

Top tied mutations (C + D view):
C:V218L	D:V491L	logit=-0.488
C:K191R	D:K464R	logit=-0.537
C:S180T	D:S453T	logit=-0.644
C:T42V	D:T315V	logit=-0.741
C:S89A	D:S362A	logit=-0.884

Top tied mutations (A + B view):
A:T18V	B:T215V	logit=-0.712
A:N55S	B:N252S	logit=-0.910
A:N54V	B:N251V	logit=-1.293
A:E100V	B:E297V	logit=-2.456
A:I30V	B:I227V	logit=-2.527

Top tied mutations (C + D view):
C:V218L	D:V491L	logit=-0.432
C:K191R	D:K464R	logit=-0.591
C:S180T	D:S453T	logit=-0.684
C:N51P	D:N324P	logit=-0.780
C:T42V	D:T315V	logit=-0.789

Top tied mutations (A + B view):
A:T18V	B:T215V	logit=-0.686
A:N55S	B:N252S	logit=-0.925
A:N54V	B:N251V	logit=-1.231
A:E100V	B:E297V	logit=-2.396
A:N54I	B:N251I	logit=-2.789

Top tied mutations (C + D view):
C:V218L	D:V491L	logit=-0.458
C:K191R	D:K464R	logit=-0.509
C:S180T	D:S453T	logit=-0.632
C:T42V	D:T315V	logit=-0.718
C:N51P	D:N324P	logit=-0.858

Top tied mutations (A + B view):
A:T18V	B:T215V	logit=-0.697
A:N55S	B:N252S	logit=-0.861
A:N54V	B:N251V	logit=-1.334
A:E100V	B:E297V	logit=-2.236
A:I30V	B:I227V	logit=-2.618

Top tied mutations (C + D view):
C:V218L	D:V491L	logit=-0.412
C:K191R	D:K464R	logit=-0.494
C:S180T	D:S453T	logit=-0.632
C:T42V	D:T315V	logit=-0.697
C:N51P	D:N324P	logit=-0.759

Top tied mutations (A + B view):
A:T18V	B:T215V	logit=-0.664
A:N55S	B:N252S	logit=-0.934
A:N54V	B:N251V	logit=-1.431
A:E100V	B:E297V	logit=-2.253
A:I30V	B:I227V	logit=-2.584

Top tied mutations (C + D view):
C:V218L	D:V491L	logit=-0.480
C:K191R	D:K464R	logit=-0.529
C:S180T	D:S453T	logit=-0.642
C:T42V	D:T315V	logit=-0.742
C:S89A	D:S362A	logit=-0.885

Top tied mutations (A + B view):
A:T18V	B:T215V	logit=-0.748
A:N55S	B:N252S	logit=-0.886
A:N54V	B:N251V	logit=-1.347
A:E100V	B:E297V	logit=-2.377
A:I30V	B:I227V	logit=-2.571

Top tied mutations (C + D view):
C:V218L	D:V491L	logit=-0.428
C:K191R	D:K464R	logit=-0.561
C:S180T	D:S453T	logit=-0.657
C:T42V	D:T315V	logit=-0.771
C:S89A	D:S362A	logit=-0.851

Top tied mutations (A + B view):
A:T18V	B:T215V	logit=-0.739
A:N55S	B:N252S	logit=-0.915
A:N54V	B:N251V	logit=-1.470
A:E100V	B:E297V	logit=-2.343
A:I30V	B:I227V	logit=-2.531

Top tied mutations (C + D view):
C:V218L	D:V491L	logit=-0.471
C:K191R	D:K464R	logit=-0.589
C:S180T	D:S453T	logit=-0.694
C:T42V	D:T315V	logit=-0.710
C:N51P	D:N324P	logit=-0.802

Top tied mutations (A + B view):
A:T18V	B:T215V	logit=-0.637
A:N55S	B:N252S	logit=-0.893
A:N54V	B:N251V	logit=-1.443
A:E100V	B:E297V	logit=-2.309
A:I30V	B:I227V	logit=-2.667

Top tied mutations (C + D view):
C:V218L	D:V491L	logit=-0.444
C:K191R	D:K464R	logit=-0.625
C:S180T	D:S453T	logit=-0.633
C:T42V	D:T315V	logit=-0.724
C:N51P	D:N324P	logit=-0.798

Top tied mutations (A + B view):
A:T18V	B:T215V	logit=-0.759
A:N55S	B:N252S	logit=-0.939
A:N54V	B:N251V	logit=-1.236
A:E100V	B:E297V	logit=-2.379
A:I30V	B:I227V	logit=-2.444

Top tied mutations (C + D view):
C:V218L	D:V491L	logit=-0.495
C:K191R	D:K464R	logit=-0.533
C:S180T	D:S453T	logit=-0.658
C:T42V	D:T315V	logit=-0.714
C:N51P	D:N324P	logit=-0.803

Top tied mutations (A + B view):
A:T18V	B:T215V	logit=-0.639
A:N55S	B:N252S	logit=-0.960
A:N54V	B:N251V	logit=-1.443
A:E100V	B:E297V	logit=-2.146
A:N54I	B:N251I	logit=-2.700

Top tied mutations (C + D view):
C:V218L	D:V491L	logit=-0.478
C:K191R	D:K464R	logit=-0.479
C:S180T	D:S453T	logit=-0.659
C:T42V	D:T315V	logit=-0.796
C:N51P	D:N324P	logit=-0.848

Top tied mutations (A + B view):
A:T18V	B:T215V	logit=-0.726
A:N55S	B:N252S	logit=-0.953
A:N54V	B:N251V	logit=-1.355
A:E100V	B:E297V	logit=-2.237
A:I30V	B:I227V	logit=-2.572

Top tied mutations (C + D view):
C:V218L	D:V491L	logit=-0.406
C:K191R	D:K464R	logit=-0.560
C:S180T	D:S453T	logit=-0.687
C:T42V	D:T315V	logit=-0.745
C:N51P	D:N324P	logit=-0.879

Top tied mutations (A + B view):
A:T18V	B:T215V	logit=-0.697
A:N55S	B:N252S	logit=-0.895
A:N54V	B:N251V	logit=-1.340
A:E100V	B:E297V	logit=-2.288
A:I30V	B:I227V	logit=-2.464

Top tied mutations (C + D view):
C:V218L	D:V491L	logit=-0.480
C:K191R	D:K464R	logit=-0.509
C:S180T	D:S453T	logit=-0.647
C:T42V	D:T315V	logit=-0.788
C:S89A	D:S362A	logit=-0.931

Top tied mutations (A + B view):
A:T18V	B:T215V	logit=-0.733
A:N55S	B:N252S	logit=-0.923
A:N54V	B:N251V	logit=-1.493
A:E100V	B:E297V	logit=-2.329
A:I30V	B:I227V	logit=-2.541

Top tied mutations (C + D view):
C:V218L	D:V491L	logit=-0.459
C:K191R	D:K464R	logit=-0.644
C:S180T	D:S453T	logit=-0.650
C:T42V	D:T315V	logit=-0.771
C:N51P	D:N324P	logit=-0.835

Top tied mutations (A + B view):
A:T18V	B:T215V	logit=-0.715
A:N55S	B:N252S	logit=-0.917
A:N54V	B:N251V	logit=-1.466
A:E100V	B:E297V	logit=-2.207
A:I30V	B:I227V	logit=-2.563

Top tied mutations (C + D view):
C:V218L	D:V491L	logit=-0.461
C:K191R	D:K464R	logit=-0.540
C:S180T	D:S453T	logit=-0.645
C:T42V	D:T315V	logit=-0.707
C:N51P	D:N324P	logit=-0.805

Top tied mutations (A + B view):
A:T18V	B:T215V	logit=-0.733
A:N55S	B:N252S	logit=-0.878
A:N54V	B:N251V	logit=-1.492
A:I30V	B:I227V	logit=-2.387
A:E100V	B:E297V	logit=-2.448

Top tied mutations (C + D view):
C:V218L	D:V491L	logit=-0.413
C:K191R	D:K464R	logit=-0.574
C:S180T	D:S453T	logit=-0.642
C:T42V	D:T315V	logit=-0.730
C:N51P	D:N324P	logit=-0.747

Top tied mutations (A + B view):
A:T18V	B:T215V	logit=-0.716
A:N55S	B:N252S	logit=-0.888
A:N54V	B:N251V	logit=-1.427
A:E100V	B:E297V	logit=-2.507
A:I30V	B:I227V	logit=-2.587

Top tied mutations (C + D view):
C:V218L	D:V491L	logit=-0.431
C:K191R	D:K464R	logit=-0.558
C:S180T	D:S453T	logit=-0.659
C:T42V	D:T315V	logit=-0.745
C:N51P	D:N324P	logit=-0.871

Top tied mutations (A + B view):
A:T18V	B:T215V	logit=-0.645
A:N55S	B:N252S	logit=-0.863
A:N54V	B:N251V	logit=-1.524
A:E100V	B:E297V	logit=-2.289
A:I30V	B:I227V	logit=-2.666

Top tied mutations (C + D view):
C:V218L	D:V491L	logit=-0.469
C:K191R	D:K464R	logit=-0.495
C:S180T	D:S453T	logit=-0.651
C:T42V	D:T315V	logit=-0.727
C:N51P	D:N324P	logit=-0.927

Top tied mutations (A + B view):
A:T18V	B:T215V	logit=-0.700
A:N55S	B:N252S	logit=-0.900
A:N54V	B:N251V	logit=-1.549
A:E100V	B:E297V	logit=-2.249
A:I30V	B:I227V	logit=-2.562

Top tied mutations (C + D view):
C:V218L	D:V491L	logit=-0.424
C:K191R	D:K464R	logit=-0.503
C:S180T	D:S453T	logit=-0.653
C:T42V	D:T315V	logit=-0.699
C:N51P	D:N324P	logit=-0.807

Top tied mutations (A + B view):
A:T18V	B:T215V	logit=-0.700
A:N55S	B:N252S	logit=-0.920
A:N54V	B:N251V	logit=-1.400
A:E100V	B:E297V	logit=-2.253
A:I30V	B:I227V	logit=-2.689

Top tied mutations (C + D view):
C:V218L	D:V491L	logit=-0.420
C:K191R	D:K464R	logit=-0.576
C:S180T	D:S453T	logit=-0.686
C:T42V	D:T315V	logit=-0.696
C:S72G	D:S345G	logit=-0.930

Top tied mutations (A + B view):
A:T18V	B:T215V	logit=-0.686
A:N55S	B:N252S	logit=-0.848
A:N54V	B:N251V	logit=-1.498
A:E100V	B:E297V	logit=-2.253
A:I30V	B:I227V	logit=-2.651

Top tied mutations (C + D view):
C:V218L	D:V491L	logit=-0.445
C:K191R	D:K464R	logit=-0.566
C:S180T	D:S453T	logit=-0.634
C:T42V	D:T315V	logit=-0.687
C:N51P	D:N324P	logit=-0.751

Top tied mutations (A + B view):
A:T18V	B:T215V	logit=-0.729
A:N55S	B:N252S	logit=-0.904
A:N54V	B:N251V	logit=-1.383
A:E100V	B:E297V	logit=-2.304
A:I30V	B:I227V	logit=-2.631

Top tied mutations (C + D view):
C:V218L	D:V491L	logit=-0.467
C:K191R	D:K464R	logit=-0.605
C:S180T	D:S453T	logit=-0.668
C:T42V	D:T315V	logit=-0.755
C:N51P	D:N324P	logit=-0.817

Top tied mutations (A + B view):
A:T18V	B:T215V	logit=-0.687
A:N55S	B:N252S	logit=-0.851
A:N54V	B:N251V	logit=-1.425
A:E100V	B:E297V	logit=-2.308
A:I30V	B:I227V	logit=-2.566

Top tied mutations (C + D view):
C:V218L	D:V491L	logit=-0.418
C:K191R	D:K464R	logit=-0.501
C:S180T	D:S453T	logit=-0.621
C:T42V	D:T315V	logit=-0.724
C:N51P	D:N324P	logit=-0.855

Top tied mutations (A + B view):
A:T18V	B:T215V	logit=-0.664
A:N55S	B:N252S	logit=-0.888
A:N54V	B:N251V	logit=-1.547
A:E100V	B:E297V	logit=-2.202
A:I30V	B:I227V	logit=-2.652

Top tied mutations (C + D view):
C:V218L	D:V491L	logit=-0.490
C:K191R	D:K464R	logit=-0.541
C:S180T	D:S453T	logit=-0.660
C:T42V	D:T315V	logit=-0.723
C:N51P	D:N324P	logit=-0.892

Top tied mutations (A + B view):
A:T18V	B:T215V	logit=-0.668
A:N55S	B:N252S	logit=-0.937
A:N54V	B:N251V	logit=-1.479
A:E100V	B:E297V	logit=-2.132
A:I30V	B:I227V	logit=-2.631

Top tied mutations (C + D view):
C:V218L	D:V491L	logit=-0.438
C:K191R	D:K464R	logit=-0.571
C:S180T	D:S453T	logit=-0.644
C:T42V	D:T315V	logit=-0.717
C:N51P	D:N324P	logit=-0.764

Top tied mutations (A + B view):
A:T18V	B:T215V	logit=-0.699
A:N55S	B:N252S	logit=-0.935
A:N54V	B:N251V	logit=-1.440
A:E100V	B:E297V	logit=-2.197
A:I30V	B:I227V	logit=-2.505

Top tied mutations (C + D view):
C:V218L	D:V491L	logit=-0.426
C:K191R	D:K464R	logit=-0.561
C:S180T	D:S453T	logit=-0.661
C:T42V	D:T315V	logit=-0.675
C:S89A	D:S362A	logit=-0.869

Top tied mutations (A + B view):
A:T18V	B:T215V	logit=-0.713
A:N55S	B:N252S	logit=-0.883
A:N54V	B:N251V	logit=-1.555
A:E100V	B:E297V	logit=-2.415
A:I30V	B:I227V	logit=-2.642

Top tied mutations (C + D view):
C:V218L	D:V491L	logit=-0.426
C:K191R	D:K464R	logit=-0.623
C:S180T	D:S453T	logit=-0.637
C:T42V	D:T315V	logit=-0.764
C:N51P	D:N324P	logit=-0.874

Top tied mutations (A + B view):
A:T18V	B:T215V	logit=-0.708
A:N55S	B:N252S	logit=-0.900
A:N54V	B:N251V	logit=-1.417
A:E100V	B:E297V	logit=-2.339
A:I30V	B:I227V	logit=-2.615

Top tied mutations (C + D view):
C:V218L	D:V491L	logit=-0.414
C:K191R	D:K464R	logit=-0.534
C:S180T	D:S453T	logit=-0.677
C:T42V	D:T315V	logit=-0.710
C:S89A	D:S362A	logit=-0.852

Top tied mutations (A + B view):
A:T18V	B:T215V	logit=-0.705
A:N55S	B:N252S	logit=-0.906
A:N54V	B:N251V	logit=-1.593
A:E100V	B:E297V	logit=-2.222
A:I30V	B:I227V	logit=-2.632

Top tied mutations (C + D view):
C:V218L	D:V491L	logit=-0.469
C:K191R	D:K464R	logit=-0.599
C:S180T	D:S453T	logit=-0.637
C:T42V	D:T315V	logit=-0.749
C:S89A	D:S362A	logit=-0.925

Top tied mutations (A + B view):
A:T18V	B:T215V	logit=-0.699
A:N55S	B:N252S	logit=-0.856
A:N54V	B:N251V	logit=-1.353
A:E100V	B:E297V	logit=-2.158
A:I30V	B:I227V	logit=-2.650

Top tied mutations (C + D view):
C:V218L	D:V491L	logit=-0.482
C:K191R	D:K464R	logit=-0.544
C:S180T	D:S453T	logit=-0.632
C:T42V	D:T315V	logit=-0.754
C:N51P	D:N324P	logit=-0.802

Top tied mutations (A + B view):
A:T18V	B:T215V	logit=-0.683
A:N55S	B:N252S	logit=-0.914
A:N54V	B:N251V	logit=-1.316
A:E100V	B:E297V	logit=-2.216
A:I30V	B:I227V	logit=-2.547

Top tied mutations (C + D view):
C:V218L	D:V491L	logit=-0.412
C:K191R	D:K464R	logit=-0.503
C:S180T	D:S453T	logit=-0.653
C:T42V	D:T315V	logit=-0.797
C:N51P	D:N324P	logit=-0.872

Top tied mutations (A + B view):
A:T18V	B:T215V	logit=-0.670
A:N55S	B:N252S	logit=-0.903
A:N54V	B:N251V	logit=-1.496
A:E100V	B:E297V	logit=-2.321
A:I30V	B:I227V	logit=-2.530

Top tied mutations (C + D view):
C:V218L	D:V491L	logit=-0.462
C:K191R	D:K464R	logit=-0.549
C:S180T	D:S453T	logit=-0.626
C:T42V	D:T315V	logit=-0.778
C:N51P	D:N324P	logit=-0.780

Top tied mutations (A + B view):
A:T18V	B:T215V	logit=-0.708
A:N55S	B:N252S	logit=-0.915
A:N54V	B:N251V	logit=-1.538
A:E100V	B:E297V	logit=-2.369
A:I30V	B:I227V	logit=-2.478

Top tied mutations (C + D view):
C:V218L	D:V491L	logit=-0.476
C:K191R	D:K464R	logit=-0.595
C:S180T	D:S453T	logit=-0.637
C:T42V	D:T315V	logit=-0.691
C:N51P	D:N324P	logit=-0.872

Top tied mutations (A + B view):
A:T18V	B:T215V	logit=-0.675
A:N55S	B:N252S	logit=-0.897
A:N54V	B:N251V	logit=-1.357
A:E100V	B:E297V	logit=-2.313
A:I30V	B:I227V	logit=-2.490

Top tied mutations (C + D view):
C:V218L	D:V491L	logit=-0.470
C:K191R	D:K464R	logit=-0.560
C:S180T	D:S453T	logit=-0.651
C:T42V	D:T315V	logit=-0.692
C:N219S	D:N492S	logit=-0.941

Top tied mutations (A + B view):
A:T18V	B:T215V	logit=-0.758
A:N55S	B:N252S	logit=-1.002
A:N54V	B:N251V	logit=-1.331
A:E100V	B:E297V	logit=-2.322
A:I30V	B:I227V	logit=-2.671

Top tied mutations (C + D view):
C:V218L	D:V491L	logit=-0.436
C:K191R	D:K464R	logit=-0.574
C:S180T	D:S453T	logit=-0.646
C:T42V	D:T315V	logit=-0.714
C:N51P	D:N324P	logit=-0.905

Top tied mutations (A + B view):
A:T18V	B:T215V	logit=-0.718
A:N55S	B:N252S	logit=-0.978
A:N54V	B:N251V	logit=-1.394
A:E100V	B:E297V	logit=-2.227
A:I30V	B:I227V	logit=-2.493

Top tied mutations (C + D view):
C:K191R	D:K464R	logit=-0.464
C:V218L	D:V491L	logit=-0.467
C:S180T	D:S453T	logit=-0.640
C:T42V	D:T315V	logit=-0.808
C:S89A	D:S362A	logit=-0.894

Top tied mutations (A + B view):
A:T18V	B:T215V	logit=-0.662
A:N55S	B:N252S	logit=-0.877
A:N54V	B:N251V	logit=-1.513
A:E100V	B:E297V	logit=-2.282
A:I30V	B:I227V	logit=-2.638

Top tied mutations (C + D view):
C:V218L	D:V491L	logit=-0.480
C:K191R	D:K464R	logit=-0.570
C:S180T	D:S453T	logit=-0.662
C:T42V	D:T315V	logit=-0.787
C:N51P	D:N324P	logit=-0.790

Top tied mutations (A + B view):
A:T18V	B:T215V	logit=-0.676
A:N55S	B:N252S	logit=-0.925
A:N54V	B:N251V	logit=-1.397
A:E100V	B:E297V	logit=-2.202
A:I30V	B:I227V	logit=-2.624

Top tied mutations (C + D view):
C:V218L	D:V491L	logit=-0.443
C:K191R	D:K464R	logit=-0.550
C:S180T	D:S453T	logit=-0.660
C:T42V	D:T315V	logit=-0.685
C:N51P	D:N324P	logit=-0.731

Top tied mutations (A + B view):
A:T18V	B:T215V	logit=-0.699
A:N55S	B:N252S	logit=-0.845
A:N54V	B:N251V	logit=-1.342
A:E100V	B:E297V	logit=-2.424
A:I30V	B:I227V	logit=-2.561

Top tied mutations (C + D view):
C:V218L	D:V491L	logit=-0.445
C:K191R	D:K464R	logit=-0.505
C:S180T	D:S453T	logit=-0.646
C:T42V	D:T315V	logit=-0.726
C:N51P	D:N324P	logit=-0.789

Top tied mutations (A + B view):
A:T18V	B:T215V	logit=-0.769
A:N55S	B:N252S	logit=-0.938
A:N54V	B:N251V	logit=-1.496
A:E100V	B:E297V	logit=-2.423
A:I30V	B:I227V	logit=-2.563

Top tied mutations (C + D view):
C:V218L	D:V491L	logit=-0.425
C:K191R	D:K464R	logit=-0.626
C:S180T	D:S453T	logit=-0.679
C:T42V	D:T315V	logit=-0.774
C:N51P	D:N324P	logit=-0.875

Top tied mutations (A + B view):
A:T18V	B:T215V	logit=-0.630
A:N55S	B:N252S	logit=-0.893
A:N54V	B:N251V	logit=-1.449
A:E100V	B:E297V	logit=-2.273
A:I30V	B:I227V	logit=-2.715

Top tied mutations (C + D view):
C:V218L	D:V491L	logit=-0.458
C:K191R	D:K464R	logit=-0.640
C:S180T	D:S453T	logit=-0.668
C:T42V	D:T315V	logit=-0.757
C:N51P	D:N324P	logit=-0.824

Top tied mutations (A + B view):
A:T18V	B:T215V	logit=-0.641
A:N55S	B:N252S	logit=-0.937
A:N54V	B:N251V	logit=-1.381
A:E100V	B:E297V	logit=-2.227
A:I30V	B:I227V	logit=-2.627

Top tied mutations (C + D view):
C:V218L	D:V491L	logit=-0.411
C:K191R	D:K464R	logit=-0.525
C:S180T	D:S453T	logit=-0.665
C:T42V	D:T315V	logit=-0.789
C:N51P	D:N324P	logit=-0.830

Top tied mutations (A + B view):
A:T18V	B:T215V	logit=-0.686
A:N55S	B:N252S	logit=-0.914
A:N54V	B:N251V	logit=-1.357
A:E100V	B:E297V	logit=-2.255
A:I30V	B:I227V	logit=-2.752

Top tied mutations (C + D view):
C:V218L	D:V491L	logit=-0.429
C:K191R	D:K464R	logit=-0.534
C:S180T	D:S453T	logit=-0.640
C:T42V	D:T315V	logit=-0.774
C:N51P	D:N324P	logit=-0.824

Top tied mutations (A + B view):
A:T18V	B:T215V	logit=-0.713
A:N55S	B:N252S	logit=-0.964
A:N54V	B:N251V	logit=-1.601
A:E100V	B:E297V	logit=-2.273
A:I30V	B:I227V	logit=-2.710

Top tied mutations (C + D view):
C:V218L	D:V491L	logit=-0.406
C:K191R	D:K464R	logit=-0.546
C:S180T	D:S453T	logit=-0.664
C:T42V	D:T315V	logit=-0.723
C:N51P	D:N324P	logit=-0.754

Top tied mutations (A + B view):
A:T18V	B:T215V	logit=-0.665
A:N55S	B:N252S	logit=-0.964
A:N54V	B:N251V	logit=-1.441
A:E100V	B:E297V	logit=-2.286
A:I30V	B:I227V	logit=-2.454

Top tied mutations (C + D view):
C:V218L	D:V491L	logit=-0.468
C:K191R	D:K464R	logit=-0.575
C:S180T	D:S453T	logit=-0.655
C:T42V	D:T315V	logit=-0.789
C:S89A	D:S362A	logit=-0.832

Top tied mutations (A + B view):
A:T18V	B:T215V	logit=-0.716
A:N55S	B:N252S	logit=-0.951
A:N54V	B:N251V	logit=-1.302
A:E100V	B:E297V	logit=-2.335
A:I30V	B:I227V	logit=-2.534

Top tied mutations (C + D view):
C:V218L	D:V491L	logit=-0.441
C:K191R	D:K464R	logit=-0.562
C:S180T	D:S453T	logit=-0.665
C:T42V	D:T315V	logit=-0.754
C:N51P	D:N324P	logit=-0.769

Top tied mutations (A + B view):
A:T18V	B:T215V	logit=-0.638
A:N55S	B:N252S	logit=-0.930
A:N54V	B:N251V	logit=-1.551
A:E100V	B:E297V	logit=-2.222
A:I30V	B:I227V	logit=-2.571

Top tied mutations (C + D view):
C:V218L	D:V491L	logit=-0.484
C:K191R	D:K464R	logit=-0.518
C:S180T	D:S453T	logit=-0.657
C:T42V	D:T315V	logit=-0.721
C:N51P	D:N324P	logit=-0.810

Top tied mutations (A + B view):
A:T18V	B:T215V	logit=-0.701
A:N55S	B:N252S	logit=-0.913
A:N54V	B:N251V	logit=-1.597
A:E100V	B:E297V	logit=-2.230
A:I30V	B:I227V	logit=-2.643

Top tied mutations (C + D view):
C:V218L	D:V491L	logit=-0.481
C:K191R	D:K464R	logit=-0.579
C:S180T	D:S453T	logit=-0.660
C:T42V	D:T315V	logit=-0.722
C:N51P	D:N324P	logit=-0.844

Top tied mutations (A + B view):
A:T18V	B:T215V	logit=-0.743
A:N55S	B:N252S	logit=-0.946
A:N54V	B:N251V	logit=-1.463
A:E100V	B:E297V	logit=-2.344
A:V102I	B:V299I	logit=-2.670

Top tied mutations (C + D view):
C:V218L	D:V491L	logit=-0.435
C:K191R	D:K464R	logit=-0.647
C:S180T	D:S453T	logit=-0.682
C:T42V	D:T315V	logit=-0.710
C:N51P	D:N324P	logit=-0.864

Top tied mutations (A + B view):
A:T18V	B:T215V	logit=-0.673
A:N55S	B:N252S	logit=-0.867
A:N54V	B:N251V	logit=-1.487
A:E100V	B:E297V	logit=-2.377
A:I30V	B:I227V	logit=-2.435

Top tied mutations (C + D view):
C:V218L	D:V491L	logit=-0.433
C:K191R	D:K464R	logit=-0.542
C:S180T	D:S453T	logit=-0.639
C:T42V	D:T315V	logit=-0.713
C:N51P	D:N324P	logit=-0.817

Top tied mutations (A + B view):
A:T18V	B:T215V	logit=-0.684
A:N55S	B:N252S	logit=-0.951
A:N54V	B:N251V	logit=-1.425
A:E100V	B:E297V	logit=-2.262
A:I30V	B:I227V	logit=-2.639

Top tied mutations (C + D view):
C:V218L	D:V491L	logit=-0.464
C:K191R	D:K464R	logit=-0.599
C:S180T	D:S453T	logit=-0.695
C:T42V	D:T315V	logit=-0.712
C:N51P	D:N324P	logit=-0.941

Top tied mutations (A + B view):
A:T18V	B:T215V	logit=-0.751
A:N55S	B:N252S	logit=-0.953
A:N54V	B:N251V	logit=-1.339
A:E100V	B:E297V	logit=-2.285
A:I30V	B:I227V	logit=-2.587

Top tied mutations (C + D view):
C:V218L	D:V491L	logit=-0.447
C:K191R	D:K464R	logit=-0.543
C:S180T	D:S453T	logit=-0.636
C:T42V	D:T315V	logit=-0.776
C:S89A	D:S362A	logit=-0.828

Top tied mutations (A + B view):
A:T18V	B:T215V	logit=-0.717
A:N55S	B:N252S	logit=-0.885
A:N54V	B:N251V	logit=-1.335
A:E100V	B:E297V	logit=-2.422
A:I30V	B:I227V	logit=-2.640

Top tied mutations (C + D view):
C:V218L	D:V491L	logit=-0.449
C:K191R	D:K464R	logit=-0.542
C:S180T	D:S453T	logit=-0.645
C:T42V	D:T315V	logit=-0.749
C:N51P	D:N324P	logit=-0.857

Top tied mutations (A + B view):
A:T18V	B:T215V	logit=-0.642
A:N55S	B:N252S	logit=-0.904
A:N54V	B:N251V	logit=-1.392
A:E100V	B:E297V	logit=-2.333
A:I30V	B:I227V	logit=-2.682

Top tied mutations (C + D view):
C:V218L	D:V491L	logit=-0.430
C:K191R	D:K464R	logit=-0.541
C:S180T	D:S453T	logit=-0.648
C:T42V	D:T315V	logit=-0.741
C:N51P	D:N324P	logit=-0.857

Top tied mutations (A + B view):
A:T18V	B:T215V	logit=-0.731
A:N55S	B:N252S	logit=-0.879
A:N54V	B:N251V	logit=-1.281
A:E100V	B:E297V	logit=-2.288
A:I30V	B:I227V	logit=-2.747

Top tied mutations (C + D view):
C:V218L	D:V491L	logit=-0.410
C:K191R	D:K464R	logit=-0.482
C:S180T	D:S453T	logit=-0.626
C:T42V	D:T315V	logit=-0.680
C:N51P	D:N324P	logit=-0.716

Top tied mutations (A + B view):
A:T18V	B:T215V	logit=-0.687
A:N55S	B:N252S	logit=-0.933
A:N54V	B:N251V	logit=-1.477
A:E100V	B:E297V	logit=-2.382
A:I30V	B:I227V	logit=-2.605

Top tied mutations (C + D view):
C:V218L	D:V491L	logit=-0.489
C:K191R	D:K464R	logit=-0.622
C:S180T	D:S453T	logit=-0.641
C:T42V	D:T315V	logit=-0.690
C:N51P	D:N324P	logit=-0.821

Top tied mutations (A + B view):
A:T18V	B:T215V	logit=-0.691
A:N55S	B:N252S	logit=-0.874
A:N54V	B:N251V	logit=-1.521
A:E100V	B:E297V	logit=-2.327
A:I30V	B:I227V	logit=-2.712

Top tied mutations (C + D view):
C:V218L	D:V491L	logit=-0.479
C:K191R	D:K464R	logit=-0.515
C:S180T	D:S453T	logit=-0.655
C:T42V	D:T315V	logit=-0.787
C:N51P	D:N324P	logit=-0.851

Top tied mutations (A + B view):
A:T18V	B:T215V	logit=-0.693
A:N55S	B:N252S	logit=-0.945
A:N54V	B:N251V	logit=-1.333
A:E100V	B:E297V	logit=-2.228
A:I30V	B:I227V	logit=-2.645

Top tied mutations (C + D view):
C:V218L	D:V491L	logit=-0.439
C:K191R	D:K464R	logit=-0.489
C:S180T	D:S453T	logit=-0.633
C:T42V	D:T315V	logit=-0.751
C:N51P	D:N324P	logit=-0.753

Top tied mutations (A + B view):
A:T18V	B:T215V	logit=-0.706
A:N55S	B:N252S	logit=-0.922
A:N54V	B:N251V	logit=-1.400
A:E100V	B:E297V	logit=-2.391
A:I30V	B:I227V	logit=-2.676

Top tied mutations (C + D view):
C:V218L	D:V491L	logit=-0.411
C:K191R	D:K464R	logit=-0.574
C:S180T	D:S453T	logit=-0.660
C:T42V	D:T315V	logit=-0.686
C:N51P	D:N324P	logit=-0.811

Top tied mutations (A + B view):
A:T18V	B:T215V	logit=-0.722
A:N55S	B:N252S	logit=-0.893
A:N54V	B:N251V	logit=-1.383
A:E100V	B:E297V	logit=-2.264
A:I30V	B:I227V	logit=-2.726

Top tied mutations (C + D view):
C:V218L	D:V491L	logit=-0.432
C:K191R	D:K464R	logit=-0.555
C:S180T	D:S453T	logit=-0.644
C:T42V	D:T315V	logit=-0.758
C:N51P	D:N324P	logit=-0.878

Top tied mutations (A + B view):
A:T18V	B:T215V	logit=-0.693
A:N55S	B:N252S	logit=-0.924
A:N54V	B:N251V	logit=-1.381
A:E100V	B:E297V	logit=-2.310
A:I30V	B:I227V	logit=-2.579

Top tied mutations (C + D view):
C:V218L	D:V491L	logit=-0.460
C:K191R	D:K464R	logit=-0.547
C:S180T	D:S453T	logit=-0.656
C:T42V	D:T315V	logit=-0.693
C:N51P	D:N324P	logit=-0.865

Top tied mutations (A + B view):
A:T18V	B:T215V	logit=-0.675
A:N55S	B:N252S	logit=-0.890
A:N54V	B:N251V	logit=-1.454
A:E100V	B:E297V	logit=-2.285
A:I30V	B:I227V	logit=-2.462

Top tied mutations (C + D view):
C:V218L	D:V491L	logit=-0.403
C:K191R	D:K464R	logit=-0.576
C:S180T	D:S453T	logit=-0.652
C:T42V	D:T315V	logit=-0.772
C:N51P	D:N324P	logit=-0.805

Top tied mutations (A + B view):
A:T18V	B:T215V	logit=-0.718
A:N55S	B:N252S	logit=-0.997
A:N54V	B:N251V	logit=-1.344
A:E100V	B:E297V	logit=-2.238
A:I30V	B:I227V	logit=-2.590

Top tied mutations (C + D view):
C:V218L	D:V491L	logit=-0.414
C:K191R	D:K464R	logit=-0.529
C:S180T	D:S453T	logit=-0.632
C:T42V	D:T315V	logit=-0.718
C:N51P	D:N324P	logit=-0.795

Top tied mutations (A + B view):
A:T18V	B:T215V	logit=-0.684
A:N55S	B:N252S	logit=-0.933
A:N54V	B:N251V	logit=-1.388
A:E100V	B:E297V	logit=-2.366
A:I30V	B:I227V	logit=-2.447

Top tied mutations (C + D view):
C:V218L	D:V491L	logit=-0.445
C:K191R	D:K464R	logit=-0.592
C:S180T	D:S453T	logit=-0.667
C:T42V	D:T315V	logit=-0.727
C:N51P	D:N324P	logit=-0.893

Top tied mutations (A + B view):
A:T18V	B:T215V	logit=-0.625
A:N55S	B:N252S	logit=-0.904
A:N54V	B:N251V	logit=-1.457
A:E100V	B:E297V	logit=-2.105
A:I30V	B:I227V	logit=-2.625

Top tied mutations (C + D view):
C:V218L	D:V491L	logit=-0.473
C:K191R	D:K464R	logit=-0.618
C:S180T	D:S453T	logit=-0.653
C:T42V	D:T315V	logit=-0.696
C:N51P	D:N324P	logit=-0.843

Top tied mutations (A + B view):
A:T18V	B:T215V	logit=-0.658
A:N55S	B:N252S	logit=-0.957
A:N54V	B:N251V	logit=-1.434
A:E100V	B:E297V	logit=-2.288
A:I30V	B:I227V	logit=-2.583

Top tied mutations (C + D view):
C:V218L	D:V491L	logit=-0.442
C:K191R	D:K464R	logit=-0.573
C:S180T	D:S453T	logit=-0.671
C:T42V	D:T315V	logit=-0.712
C:N51P	D:N324P	logit=-0.859

Top tied mutations (A + B view):
A:T18V	B:T215V	logit=-0.700
A:N55S	B:N252S	logit=-0.950
A:N54V	B:N251V	logit=-1.482
A:E100V	B:E297V	logit=-2.189
A:I30V	B:I227V	logit=-2.494

Top tied mutations (C + D view):
C:V218L	D:V491L	logit=-0.426
C:K191R	D:K464R	logit=-0.508
C:S180T	D:S453T	logit=-0.635
C:N51P	D:N324P	logit=-0.735
C:T42V	D:T315V	logit=-0.759

Top tied mutations (A + B view):
A:T18V	B:T215V	logit=-0.722
A:N55S	B:N252S	logit=-0.957
A:N54V	B:N251V	logit=-1.338
A:E100V	B:E297V	logit=-2.268
A:I30V	B:I227V	logit=-2.496

Top tied mutations (C + D view):
C:V218L	D:V491L	logit=-0.412
C:K191R	D:K464R	logit=-0.534
C:S180T	D:S453T	logit=-0.647
C:T42V	D:T315V	logit=-0.762
C:N51P	D:N324P	logit=-0.840

Top tied mutations (A + B view):
A:T18V	B:T215V	logit=-0.747
A:N55S	B:N252S	logit=-0.893
A:N54V	B:N251V	logit=-1.458
A:E100V	B:E297V	logit=-2.347
A:I30V	B:I227V	logit=-2.732

Top tied mutations (C + D view):
C:V218L	D:V491L	logit=-0.446
C:K191R	D:K464R	logit=-0.554
C:S180T	D:S453T	logit=-0.637
C:T42V	D:T315V	logit=-0.753
C:S89A	D:S362A	logit=-0.898

Top tied mutations (A + B view):
A:T18V	B:T215V	logit=-0.712
A:N55S	B:N252S	logit=-0.895
A:N54V	B:N251V	logit=-1.424
A:E100V	B:E297V	logit=-2.194
A:I30V	B:I227V	logit=-2.602

Top tied mutations (C + D view):
C:V218L	D:V491L	logit=-0.469
C:K191R	D:K464R	logit=-0.526
C:S180T	D:S453T	logit=-0.657
C:T42V	D:T315V	logit=-0.794
C:N51P	D:N324P	logit=-0.847

Top tied mutations (A + B view):
A:T18V	B:T215V	logit=-0.669
A:N55S	B:N252S	logit=-0.953
A:N54V	B:N251V	logit=-1.401
A:E100V	B:E297V	logit=-2.193
A:I30V	B:I227V	logit=-2.619

Top tied mutations (C + D view):
C:V218L	D:V491L	logit=-0.411
C:K191R	D:K464R	logit=-0.580
C:S180T	D:S453T	logit=-0.674
C:T42V	D:T315V	logit=-0.698
C:N51P	D:N324P	logit=-0.889

Top tied mutations (A + B view):
A:T18V	B:T215V	logit=-0.754
A:N55S	B:N252S	logit=-0.912
A:N54V	B:N251V	logit=-1.505
A:E100V	B:E297V	logit=-2.273
A:I30V	B:I227V	logit=-2.550

Top tied mutations (C + D view):
C:V218L	D:V491L	logit=-0.461
C:K191R	D:K464R	logit=-0.590
C:S180T	D:S453T	logit=-0.666
C:T42V	D:T315V	logit=-0.736
C:N51P	D:N324P	logit=-0.800

Top tied mutations (A + B view):
A:T18V	B:T215V	logit=-0.688
A:N55S	B:N252S	logit=-0.936
A:N54V	B:N251V	logit=-1.438
A:E100V	B:E297V	logit=-2.401
A:I30V	B:I227V	logit=-2.584

Top tied mutations (C + D view):
C:V218L	D:V491L	logit=-0.447
C:K191R	D:K464R	logit=-0.542
C:S180T	D:S453T	logit=-0.625
C:T42V	D:T315V	logit=-0.713
C:N51P	D:N324P	logit=-0.774

Top tied mutations (A + B view):
A:T18V	B:T215V	logit=-0.718
A:N55S	B:N252S	logit=-0.864
A:N54V	B:N251V	logit=-1.373
A:E100V	B:E297V	logit=-2.417
A:I30V	B:I227V	logit=-2.572

Top tied mutations (C + D view):
C:V218L	D:V491L	logit=-0.452
C:K191R	D:K464R	logit=-0.544
C:S180T	D:S453T	logit=-0.633
C:T42V	D:T315V	logit=-0.700
C:N51P	D:N324P	logit=-0.855

Top tied mutations (A + B view):
A:T18V	B:T215V	logit=-0.738
A:N55S	B:N252S	logit=-0.926
A:N54V	B:N251V	logit=-1.510
A:E100V	B:E297V	logit=-2.283
A:I30V	B:I227V	logit=-2.509

Top tied mutations (C + D view):
C:V218L	D:V491L	logit=-0.403
C:K191R	D:K464R	logit=-0.537
C:S180T	D:S453T	logit=-0.655
C:T42V	D:T315V	logit=-0.773
C:N51P	D:N324P	logit=-0.792

Top tied mutations (A + B view):
A:T18V	B:T215V	logit=-0.696
A:N55S	B:N252S	logit=-0.920
A:N54V	B:N251V	logit=-1.510
A:E100V	B:E297V	logit=-2.189
A:I30V	B:I227V	logit=-2.592

Top tied mutations (C + D view):
C:V218L	D:V491L	logit=-0.421
C:K191R	D:K464R	logit=-0.563
C:S180T	D:S453T	logit=-0.666
C:T42V	D:T315V	logit=-0.801
C:S89A	D:S362A	logit=-0.832

Top tied mutations (A + B view):
A:T18V	B:T215V	logit=-0.662
A:N55S	B:N252S	logit=-0.930
A:N54V	B:N251V	logit=-1.378
A:E100V	B:E297V	logit=-2.236
A:I30V	B:I227V	logit=-2.697

Top tied mutations (C + D view):
C:V218L	D:V491L	logit=-0.431
C:K191R	D:K464R	logit=-0.507
C:S180T	D:S453T	logit=-0.642
C:T42V	D:T315V	logit=-0.700
C:N51P	D:N324P	logit=-0.771

Top tied mutations (A + B view):
A:T18V	B:T215V	logit=-0.653
A:N55S	B:N252S	logit=-0.925
A:N54V	B:N251V	logit=-1.531
A:E100V	B:E297V	logit=-2.229
A:I30V	B:I227V	logit=-2.634

Top tied mutations (C + D view):
C:V218L	D:V491L	logit=-0.424
C:K191R	D:K464R	logit=-0.514
C:S180T	D:S453T	logit=-0.664
C:N51P	D:N324P	logit=-0.769
C:T42V	D:T315V	logit=-0.785

Top tied mutations (A + B view):
A:T18V	B:T215V	logit=-0.713
A:N55S	B:N252S	logit=-0.864
A:N54V	B:N251V	logit=-1.486
A:E100V	B:E297V	logit=-2.351
A:I30V	B:I227V	logit=-2.427

Top tied mutations (C + D view):
C:V218L	D:V491L	logit=-0.416
C:K191R	D:K464R	logit=-0.538
C:S180T	D:S453T	logit=-0.640
C:T42V	D:T315V	logit=-0.708
C:N51P	D:N324P	logit=-0.835

Top tied mutations (A + B view):
A:T18V	B:T215V	logit=-0.794
A:N55S	B:N252S	logit=-0.868
A:N54V	B:N251V	logit=-1.473
A:E100V	B:E297V	logit=-2.251
A:I30V	B:I227V	logit=-2.601

Top tied mutations (C + D view):
C:V218L	D:V491L	logit=-0.471
C:K191R	D:K464R	logit=-0.610
C:S180T	D:S453T	logit=-0.659
C:T42V	D:T315V	logit=-0.810
C:S89A	D:S362A	logit=-0.905

Top tied mutations (A + B view):
A:T18V	B:T215V	logit=-0.735
A:N55S	B:N252S	logit=-0.875
A:N54V	B:N251V	logit=-1.527
A:E100V	B:E297V	logit=-2.298
A:I30V	B:I227V	logit=-2.616

Top tied mutations (C + D view):
C:V218L	D:V491L	logit=-0.433
C:K191R	D:K464R	logit=-0.595
C:S180T	D:S453T	logit=-0.671
C:T42V	D:T315V	logit=-0.720
C:N51P	D:N324P	logit=-0.881

Top tied mutations (A + B view):
A:T18V	B:T215V	logit=-0.746
A:N55S	B:N252S	logit=-0.925
A:N54V	B:N251V	logit=-1.467
A:E100V	B:E297V	logit=-2.328
A:I30V	B:I227V	logit=-2.630

Top tied mutations (C + D view):
C:V218L	D:V491L	logit=-0.434
C:K191R	D:K464R	logit=-0.616
C:S180T	D:S453T	logit=-0.657
C:N51P	D:N324P	logit=-0.806
C:T42V	D:T315V	logit=-0.817

Top tied mutations (A + B view):
A:T18V	B:T215V	logit=-0.744
A:N55S	B:N252S	logit=-0.925
A:N54V	B:N251V	logit=-1.414
A:E100V	B:E297V	logit=-2.284
A:I30V	B:I227V	logit=-2.630

Top tied mutations (C + D view):
C:V218L	D:V491L	logit=-0.409
C:K191R	D:K464R	logit=-0.552
C:S180T	D:S453T	logit=-0.637
C:T42V	D:T315V	logit=-0.743
C:N51P	D:N324P	logit=-0.831

Top tied mutations (A + B view):
A:T18V	B:T215V	logit=-0.698
A:N55S	B:N252S	logit=-0.904
A:N54V	B:N251V	logit=-1.464
A:E100V	B:E297V	logit=-2.233
A:I30V	B:I227V	logit=-2.527

Top tied mutations (C + D view):
C:V218L	D:V491L	logit=-0.490
C:K191R	D:K464R	logit=-0.533
C:S180T	D:S453T	logit=-0.625
C:N51P	D:N324P	logit=-0.713
C:T42V	D:T315V	logit=-0.744

Top tied mutations (A + B view):
A:T18V	B:T215V	logit=-0.687
A:N55S	B:N252S	logit=-0.874
A:N54V	B:N251V	logit=-1.562
A:E100V	B:E297V	logit=-2.238
A:I30V	B:I227V	logit=-2.504

Top tied mutations (C + D view):
C:V218L	D:V491L	logit=-0.441
C:K191R	D:K464R	logit=-0.558
C:S180T	D:S453T	logit=-0.661
C:T42V	D:T315V	logit=-0.695
C:N51P	D:N324P	logit=-0.877

Top tied mutations (A + B view):
A:T18V	B:T215V	logit=-0.690
A:N55S	B:N252S	logit=-0.832
A:N54V	B:N251V	logit=-1.425
A:E100V	B:E297V	logit=-2.308
A:I30V	B:I227V	logit=-2.615

Top tied mutations (C + D view):
C:V218L	D:V491L	logit=-0.487
C:K191R	D:K464R	logit=-0.634
C:S180T	D:S453T	logit=-0.691
C:T42V	D:T315V	logit=-0.694
C:N51P	D:N324P	logit=-0.835

Top tied mutations (A + B view):
A:T18V	B:T215V	logit=-0.729
A:N55S	B:N252S	logit=-0.859
A:N54V	B:N251V	logit=-1.622
A:E100V	B:E297V	logit=-2.335
A:I30V	B:I227V	logit=-2.664

Top tied mutations (C + D view):
C:V218L	D:V491L	logit=-0.464
C:K191R	D:K464R	logit=-0.590
C:S180T	D:S453T	logit=-0.672
C:T42V	D:T315V	logit=-0.726
C:S89A	D:S362A	logit=-0.820

Top tied mutations (A + B view):
A:T18V	B:T215V	logit=-0.678
A:N55S	B:N252S	logit=-0.897
A:N54V	B:N251V	logit=-1.597
A:E100V	B:E297V	logit=-2.187
A:I30V	B:I227V	logit=-2.650

Top tied mutations (C + D view):
C:V218L	D:V491L	logit=-0.427
C:K191R	D:K464R	logit=-0.555
C:S180T	D:S453T	logit=-0.651
C:T42V	D:T315V	logit=-0.674
C:N51P	D:N324P	logit=-0.761

Top tied mutations (A + B view):
A:T18V	B:T215V	logit=-0.688
A:N55S	B:N252S	logit=-0.955
A:N54V	B:N251V	logit=-1.484
A:E100V	B:E297V	logit=-2.278
A:I30V	B:I227V	logit=-2.683

Top tied mutations (C + D view):
C:V218L	D:V491L	logit=-0.463
C:K191R	D:K464R	logit=-0.578
C:S180T	D:S453T	logit=-0.638
C:T42V	D:T315V	logit=-0.721
C:N51P	D:N324P	logit=-0.885

Top tied mutations (A + B view):
A:T18V	B:T215V	logit=-0.719
A:N55S	B:N252S	logit=-0.896
A:N54V	B:N251V	logit=-1.539
A:E100V	B:E297V	logit=-2.319
A:I30V	B:I227V	logit=-2.509

Top tied mutations (C + D view):
C:V218L	D:V491L	logit=-0.422
C:K191R	D:K464R	logit=-0.582
C:S180T	D:S453T	logit=-0.676
C:T42V	D:T315V	logit=-0.690
C:N51P	D:N324P	logit=-0.791

Top tied mutations (A + B view):
A:T18V	B:T215V	logit=-0.727
A:N55S	B:N252S	logit=-0.882
A:N54V	B:N251V	logit=-1.525
A:E100V	B:E297V	logit=-2.203
A:I30V	B:I227V	logit=-2.477

Top tied mutations (C + D view):
C:V218L	D:V491L	logit=-0.459
C:K191R	D:K464R	logit=-0.561
C:S180T	D:S453T	logit=-0.643
C:T42V	D:T315V	logit=-0.702
C:N51P	D:N324P	logit=-0.815

Top tied mutations (A + B view):
A:T18V	B:T215V	logit=-0.718
A:N55S	B:N252S	logit=-0.912
A:N54V	B:N251V	logit=-1.516
A:E100V	B:E297V	logit=-2.406
A:I30V	B:I227V	logit=-2.562

Top tied mutations (C + D view):
C:V218L	D:V491L	logit=-0.426
C:K191R	D:K464R	logit=-0.525
C:S180T	D:S453T	logit=-0.653
C:T42V	D:T315V	logit=-0.739
C:S89A	D:S362A	logit=-0.889

Top tied mutations (A + B view):
A:T18V	B:T215V	logit=-0.629
A:N55S	B:N252S	logit=-0.926
A:N54V	B:N251V	logit=-1.504
A:E100V	B:E297V	logit=-2.316
A:I30V	B:I227V	logit=-2.612

Top tied mutations (C + D view):
C:V218L	D:V491L	logit=-0.434
C:K191R	D:K464R	logit=-0.577
C:S180T	D:S453T	logit=-0.661
C:T42V	D:T315V	logit=-0.699
C:N51P	D:N324P	logit=-0.776

Top tied mutations (A + B view):
A:T18V	B:T215V	logit=-0.712
A:N55S	B:N252S	logit=-0.926
A:N54V	B:N251V	logit=-1.467
A:E100V	B:E297V	logit=-2.303
A:I30V	B:I227V	logit=-2.588

Top tied mutations (C + D view):
C:V218L	D:V491L	logit=-0.471
C:K191R	D:K464R	logit=-0.595
C:S180T	D:S453T	logit=-0.645
C:T42V	D:T315V	logit=-0.703
C:S89A	D:S362A	logit=-0.835

Top tied mutations (A + B view):
A:T18V	B:T215V	logit=-0.647
A:N55S	B:N252S	logit=-0.901
A:N54V	B:N251V	logit=-1.609
A:E100V	B:E297V	logit=-2.355
A:I30V	B:I227V	logit=-2.577

Top tied mutations (C + D view):
C:V218L	D:V491L	logit=-0.440
C:K191R	D:K464R	logit=-0.499
C:S180T	D:S453T	logit=-0.642
C:T42V	D:T315V	logit=-0.751
C:N51P	D:N324P	logit=-0.816

Top tied mutations (A + B view):
A:T18V	B:T215V	logit=-0.718
A:N55S	B:N252S	logit=-0.921
A:N54V	B:N251V	logit=-1.360
A:E100V	B:E297V	logit=-2.370
A:I30V	B:I227V	logit=-2.548

Top tied mutations (C + D view):
C:V218L	D:V491L	logit=-0.405
C:K191R	D:K464R	logit=-0.575
C:S180T	D:S453T	logit=-0.627
C:T42V	D:T315V	logit=-0.746
C:N51P	D:N324P	logit=-0.811

Top tied mutations (A + B view):
A:T18V	B:T215V	logit=-0.773
A:N55S	B:N252S	logit=-0.928
A:N54V	B:N251V	logit=-1.435
A:E100V	B:E297V	logit=-2.389
A:I30V	B:I227V	logit=-2.610

Top tied mutations (C + D view):
C:V218L	D:V491L	logit=-0.466
C:K191R	D:K464R	logit=-0.541
C:S180T	D:S453T	logit=-0.674
C:T42V	D:T315V	logit=-0.707
C:N51P	D:N324P	logit=-0.801

Top tied mutations (A + B view):
A:T18V	B:T215V	logit=-0.695
A:N55S	B:N252S	logit=-0.898
A:N54V	B:N251V	logit=-1.394
A:E100V	B:E297V	logit=-2.139
A:I30V	B:I227V	logit=-2.573

Top tied mutations (C + D view):
C:V218L	D:V491L	logit=-0.415
C:K191R	D:K464R	logit=-0.584
C:S180T	D:S453T	logit=-0.654
C:T42V	D:T315V	logit=-0.694
C:N51P	D:N324P	logit=-0.894

Top tied mutations (A + B view):
A:T18V	B:T215V	logit=-0.694
A:N55S	B:N252S	logit=-0.916
A:N54V	B:N251V	logit=-1.509
A:E100V	B:E297V	logit=-2.331
A:I30V	B:I227V	logit=-2.615

Top tied mutations (C + D view):
C:V218L	D:V491L	logit=-0.442
C:K191R	D:K464R	logit=-0.528
C:S180T	D:S453T	logit=-0.630
C:T42V	D:T315V	logit=-0.783
C:N51P	D:N324P	logit=-0.862

Top tied mutations (A + B view):
A:T18V	B:T215V	logit=-0.682
A:N55S	B:N252S	logit=-0.886
A:N54V	B:N251V	logit=-1.443
A:E100V	B:E297V	logit=-2.384
A:I30V	B:I227V	logit=-2.585

Top tied mutations (C + D view):
C:V218L	D:V491L	logit=-0.434
C:K191R	D:K464R	logit=-0.549
C:S180T	D:S453T	logit=-0.640
C:T42V	D:T315V	logit=-0.685
C:N51P	D:N324P	logit=-0.778

Top tied mutations (A + B view):
A:T18V	B:T215V	logit=-0.682
A:N55S	B:N252S	logit=-0.896
A:N54V	B:N251V	logit=-1.341
A:E100V	B:E297V	logit=-2.252
A:I30V	B:I227V	logit=-2.558

Top tied mutations (C + D view):
C:V218L	D:V491L	logit=-0.482
C:K191R	D:K464R	logit=-0.592
C:S180T	D:S453T	logit=-0.639
C:T42V	D:T315V	logit=-0.716
C:N51P	D:N324P	logit=-0.896

Top tied mutations (A + B view):
A:T18V	B:T215V	logit=-0.637
A:N55S	B:N252S	logit=-0.863
A:N54V	B:N251V	logit=-1.469
A:E100V	B:E297V	logit=-2.333
A:I30V	B:I227V	logit=-2.630

Top tied mutations (C + D view):
C:V218L	D:V491L	logit=-0.421
C:K191R	D:K464R	logit=-0.588
C:S180T	D:S453T	logit=-0.654
C:T42V	D:T315V	logit=-0.665
C:N51P	D:N324P	logit=-0.724

Top tied mutations (A + B view):
A:T18V	B:T215V	logit=-0.699
A:N55S	B:N252S	logit=-0.890
A:N54V	B:N251V	logit=-1.392
A:E100V	B:E297V	logit=-2.222
A:I30V	B:I227V	logit=-2.535

Top tied mutations (C + D view):
C:V218L	D:V491L	logit=-0.422
C:K191R	D:K464R	logit=-0.559
C:S180T	D:S453T	logit=-0.656
C:T42V	D:T315V	logit=-0.750
C:N51P	D:N324P	logit=-0.908

Top tied mutations (A + B view):
A:T18V	B:T215V	logit=-0.688
A:N55S	B:N252S	logit=-0.926
A:N54V	B:N251V	logit=-1.385
A:E100V	B:E297V	logit=-2.385
A:I30V	B:I227V	logit=-2.530

Top tied mutations (C + D view):
C:V218L	D:V491L	logit=-0.419
C:K191R	D:K464R	logit=-0.599
C:S180T	D:S453T	logit=-0.684
C:T42V	D:T315V	logit=-0.708
C:N51P	D:N324P	logit=-0.817

Top tied mutations (A + B view):
A:T18V	B:T215V	logit=-0.727
A:N55S	B:N252S	logit=-0.888
A:N54V	B:N251V	logit=-1.446
A:E100V	B:E297V	logit=-2.259
A:I30V	B:I227V	logit=-2.541

Top tied mutations (C + D view):
C:V218L	D:V491L	logit=-0.443
C:K191R	D:K464R	logit=-0.580
C:S180T	D:S453T	logit=-0.664
C:T42V	D:T315V	logit=-0.772
C:N51P	D:N324P	logit=-0.813

Top tied mutations (A + B view):
A:T18V	B:T215V	logit=-0.706
A:N55S	B:N252S	logit=-0.877
A:N54V	B:N251V	logit=-1.375
A:E100V	B:E297V	logit=-2.361
A:I30V	B:I227V	logit=-2.606

Top tied mutations (C + D view):
C:V218L	D:V491L	logit=-0.475
C:K191R	D:K464R	logit=-0.554
C:S180T	D:S453T	logit=-0.632
C:T42V	D:T315V	logit=-0.701
C:N51P	D:N324P	logit=-0.816

Top tied mutations (A + B view):
A:T18V	B:T215V	logit=-0.761
A:N55S	B:N252S	logit=-0.902
A:N54V	B:N251V	logit=-1.474
A:E100V	B:E297V	logit=-2.309
A:I30V	B:I227V	logit=-2.532

Top tied mutations (C + D view):
C:V218L	D:V491L	logit=-0.478
C:K191R	D:K464R	logit=-0.557
C:S180T	D:S453T	logit=-0.659
C:T42V	D:T315V	logit=-0.730
C:S89A	D:S362A	logit=-0.864

Top tied mutations (A + B view):
A:T18V	B:T215V	logit=-0.734
A:N55S	B:N252S	logit=-0.951
A:N54V	B:N251V	logit=-1.486
A:E100V	B:E297V	logit=-2.293
A:I30V	B:I227V	logit=-2.485

Top tied mutations (C + D view):
C:V218L	D:V491L	logit=-0.477
C:S180T	D:S453T	logit=-0.658
C:K191R	D:K464R	logit=-0.660
C:T42V	D:T315V	logit=-0.726
C:N51P	D:N324P	logit=-0.746

Top tied mutations (A + B view):
A:T18V	B:T215V	logit=-0.722
A:N55S	B:N252S	logit=-0.873
A:N54V	B:N251V	logit=-1.367
A:E100V	B:E297V	logit=-2.311
A:I30V	B:I227V	logit=-2.696

Top tied mutations (C + D view):
C:V218L	D:V491L	logit=-0.400
C:K191R	D:K464R	logit=-0.593
C:S180T	D:S453T	logit=-0.676
C:T42V	D:T315V	logit=-0.775
C:N51P	D:N324P	logit=-0.823

Top tied mutations (A + B view):
A:T18V	B:T215V	logit=-0.738
A:N55S	B:N252S	logit=-0.884
A:N54V	B:N251V	logit=-1.471
A:E100V	B:E297V	logit=-2.321
A:I30V	B:I227V	logit=-2.663

Top tied mutations (C + D view):
C:V218L	D:V491L	logit=-0.436
C:K191R	D:K464R	logit=-0.529
C:S180T	D:S453T	logit=-0.658
C:T42V	D:T315V	logit=-0.720
C:N51P	D:N324P	logit=-0.815

Top tied mutations (A + B view):
A:T18V	B:T215V	logit=-0.628
A:N55S	B:N252S	logit=-0.907
A:N54V	B:N251V	logit=-1.439
A:E100V	B:E297V	logit=-2.338
A:I30V	B:I227V	logit=-2.420

Top tied mutations (C + D view):
C:V218L	D:V491L	logit=-0.415
C:K191R	D:K464R	logit=-0.611
C:S180T	D:S453T	logit=-0.652
C:T42V	D:T315V	logit=-0.734
C:N51P	D:N324P	logit=-0.850

Top tied mutations (A + B view):
A:T18V	B:T215V	logit=-0.804
A:N55S	B:N252S	logit=-0.913
A:N54V	B:N251V	logit=-1.481
A:E100V	B:E297V	logit=-2.305
A:N57R	B:N254R	logit=-2.700

Top tied mutations (C + D view):
C:V218L	D:V491L	logit=-0.460
C:K191R	D:K464R	logit=-0.545
C:S180T	D:S453T	logit=-0.669
C:T42V	D:T315V	logit=-0.777
C:N51P	D:N324P	logit=-0.799

Top tied mutations (A + B view):
A:T18V	B:T215V	logit=-0.764
A:N55S	B:N252S	logit=-0.957
A:N54V	B:N251V	logit=-1.419
A:E100V	B:E297V	logit=-2.261
A:I30V	B:I227V	logit=-2.392

Top tied mutations (C + D view):
C:V218L	D:V491L	logit=-0.505
C:K191R	D:K464R	logit=-0.566
C:S180T	D:S453T	logit=-0.651
C:T42V	D:T315V	logit=-0.709
C:N51P	D:N324P	logit=-0.932

Top tied mutations (A + B view):
A:T18V	B:T215V	logit=-0.693
A:N55S	B:N252S	logit=-0.917
A:N54V	B:N251V	logit=-1.432
A:E100V	B:E297V	logit=-2.288
A:I30V	B:I227V	logit=-2.596

Top tied mutations (C + D view):
C:V218L	D:V491L	logit=-0.457
C:K191R	D:K464R	logit=-0.495
C:S180T	D:S453T	logit=-0.665
C:T42V	D:T315V	logit=-0.750
C:N219S	D:N492S	logit=-0.902

Top tied mutations (A + B view):
A:T18V	B:T215V	logit=-0.727
A:N55S	B:N252S	logit=-0.891
A:N54V	B:N251V	logit=-1.509
A:E100V	B:E297V	logit=-2.244
A:I30V	B:I227V	logit=-2.512

Top tied mutations (C + D view):
C:V218L	D:V491L	logit=-0.471
C:K191R	D:K464R	logit=-0.558
C:S180T	D:S453T	logit=-0.653
C:T42V	D:T315V	logit=-0.764
C:N51P	D:N324P	logit=-0.806

Top tied mutations (A + B view):
A:T18V	B:T215V	logit=-0.773
A:N55S	B:N252S	logit=-0.883
A:N54V	B:N251V	logit=-1.389
A:E100V	B:E297V	logit=-2.287
A:I30V	B:I227V	logit=-2.606

Top tied mutations (C + D view):
C:V218L	D:V491L	logit=-0.459
C:K191R	D:K464R	logit=-0.544
C:S180T	D:S453T	logit=-0.635
C:T42V	D:T315V	logit=-0.703
C:N51P	D:N324P	logit=-0.813

Top tied mutations (A + B view):
A:T18V	B:T215V	logit=-0.719
A:N55S	B:N252S	logit=-0.866
A:N54V	B:N251V	logit=-1.422
A:E100V	B:E297V	logit=-2.398
A:I30V	B:I227V	logit=-2.581

Top tied mutations (C + D view):
C:V218L	D:V491L	logit=-0.481
C:K191R	D:K464R	logit=-0.532
C:S180T	D:S453T	logit=-0.646
C:T42V	D:T315V	logit=-0.696
C:N51P	D:N324P	logit=-0.744

Top tied mutations (A + B view):
A:T18V	B:T215V	logit=-0.765
A:N55S	B:N252S	logit=-0.889
A:N54V	B:N251V	logit=-1.335
A:E100V	B:E297V	logit=-2.399
A:I30V	B:I227V	logit=-2.580

Top tied mutations (C + D view):
C:V218L	D:V491L	logit=-0.473
C:K191R	D:K464R	logit=-0.522
C:S180T	D:S453T	logit=-0.659
C:T42V	D:T315V	logit=-0.711
C:N51P	D:N324P	logit=-0.820

Top tied mutations (A + B view):
A:T18V	B:T215V	logit=-0.671
A:N55S	B:N252S	logit=-0.899
A:N54V	B:N251V	logit=-1.270
A:E100V	B:E297V	logit=-2.335
A:I30V	B:I227V	logit=-2.518

Top tied mutations (C + D view):
C:V218L	D:V491L	logit=-0.471
C:K191R	D:K464R	logit=-0.509
C:S180T	D:S453T	logit=-0.653
C:T42V	D:T315V	logit=-0.761
C:S89A	D:S362A	logit=-0.895

Top tied mutations (A + B view):
A:T18V	B:T215V	logit=-0.746
A:N55S	B:N252S	logit=-0.887
A:N54V	B:N251V	logit=-1.321
A:E100V	B:E297V	logit=-2.223
A:I30V	B:I227V	logit=-2.596

Top tied mutations (C + D view):
C:V218L	D:V491L	logit=-0.488
C:K191R	D:K464R	logit=-0.575
C:S180T	D:S453T	logit=-0.644
C:T42V	D:T315V	logit=-0.709
C:S89A	D:S362A	logit=-0.910

Top tied mutations (A + B view):
A:T18V	B:T215V	logit=-0.715
A:N55S	B:N252S	logit=-0.964
A:N54V	B:N251V	logit=-1.473
A:E100V	B:E297V	logit=-2.321
A:I30V	B:I227V	logit=-2.614

Top tied mutations (C + D view):
C:V218L	D:V491L	logit=-0.391
C:K191R	D:K464R	logit=-0.539
C:S180T	D:S453T	logit=-0.638
C:T42V	D:T315V	logit=-0.692
C:N51P	D:N324P	logit=-0.763

Top tied mutations (A + B view):
A:T18V	B:T215V	logit=-0.681
A:N55S	B:N252S	logit=-0.870
A:N54V	B:N251V	logit=-1.433
A:E100V	B:E297V	logit=-2.331
A:I30V	B:I227V	logit=-2.676

Top tied mutations (C + D view):
C:V218L	D:V491L	logit=-0.446
C:K191R	D:K464R	logit=-0.578
C:S180T	D:S453T	logit=-0.645
C:T42V	D:T315V	logit=-0.732
C:N51P	D:N324P	logit=-0.772

Top tied mutations (A + B view):
A:T18V	B:T215V	logit=-0.787
A:N55S	B:N252S	logit=-0.869
A:N54V	B:N251V	logit=-1.311
A:E100V	B:E297V	logit=-2.278
A:I30V	B:I227V	logit=-2.547

Top tied mutations (C + D view):
C:V218L	D:V491L	logit=-0.479
C:K191R	D:K464R	logit=-0.491
C:S180T	D:S453T	logit=-0.654
C:T42V	D:T315V	logit=-0.753
C:N51P	D:N324P	logit=-0.840

Top tied mutations (A + B view):
A:T18V	B:T215V	logit=-0.685
A:N55S	B:N252S	logit=-0.944
A:N54V	B:N251V	logit=-1.415
A:E100V	B:E297V	logit=-2.333
A:I30V	B:I227V	logit=-2.543

Top tied mutations (C + D view):
C:V218L	D:V491L	logit=-0.466
C:K191R	D:K464R	logit=-0.543
C:S180T	D:S453T	logit=-0.678
C:T42V	D:T315V	logit=-0.710
C:S89A	D:S362A	logit=-0.934

Top tied mutations (A + B view):
A:T18V	B:T215V	logit=-0.702
A:N55S	B:N252S	logit=-0.984
A:N54V	B:N251V	logit=-1.512
A:E100V	B:E297V	logit=-2.366
A:I30V	B:I227V	logit=-2.487

Top tied mutations (C + D view):
C:V218L	D:V491L	logit=-0.464
C:K191R	D:K464R	logit=-0.568
C:S180T	D:S453T	logit=-0.646
C:N51P	D:N324P	logit=-0.762
C:T42V	D:T315V	logit=-0.779

Top tied mutations (A + B view):
A:T18V	B:T215V	logit=-0.728
A:N55S	B:N252S	logit=-0.955
A:N54V	B:N251V	logit=-1.395
A:E100V	B:E297V	logit=-2.204
A:I30V	B:I227V	logit=-2.539

Top tied mutations (C + D view):
C:V218L	D:V491L	logit=-0.418
C:K191R	D:K464R	logit=-0.493
C:S180T	D:S453T	logit=-0.679
C:T42V	D:T315V	logit=-0.685
C:N51P	D:N324P	logit=-0.900

Top tied mutations (A + B view):
A:T18V	B:T215V	logit=-0.728
A:N55S	B:N252S	logit=-0.915
A:N54V	B:N251V	logit=-1.428
A:E100V	B:E297V	logit=-2.178
A:I30V	B:I227V	logit=-2.634

Top tied mutations (C + D view):
C:V218L	D:V491L	logit=-0.450
C:K191R	D:K464R	logit=-0.528
C:S180T	D:S453T	logit=-0.668
C:T42V	D:T315V	logit=-0.789
C:N51P	D:N324P	logit=-0.858

Top tied mutations (A + B view):
A:T18V	B:T215V	logit=-0.657
A:N55S	B:N252S	logit=-0.948
A:N54V	B:N251V	logit=-1.436
A:E100V	B:E297V	logit=-2.337
A:I30V	B:I227V	logit=-2.468

Top tied mutations (C + D view):
C:V218L	D:V491L	logit=-0.491
C:K191R	D:K464R	logit=-0.496
C:S180T	D:S453T	logit=-0.665
C:T42V	D:T315V	logit=-0.739
C:N51P	D:N324P	logit=-0.762

Top tied mutations (A + B view):
A:T18V	B:T215V	logit=-0.746
A:N55S	B:N252S	logit=-0.890
A:N54V	B:N251V	logit=-1.310
A:E100V	B:E297V	logit=-2.223
A:I30V	B:I227V	logit=-2.568

Top tied mutations (C + D view):
C:V218L	D:V491L	logit=-0.422
C:K191R	D:K464R	logit=-0.497
C:S180T	D:S453T	logit=-0.657
C:T42V	D:T315V	logit=-0.763
C:S89A	D:S362A	logit=-0.884

Top tied mutations (A + B view):
A:T18V	B:T215V	logit=-0.654
A:N55S	B:N252S	logit=-0.915
A:N54V	B:N251V	logit=-1.511
A:E100V	B:E297V	logit=-2.322
A:I30V	B:I227V	logit=-2.631

Top tied mutations (C + D view):
C:V218L	D:V491L	logit=-0.418
C:K191R	D:K464R	logit=-0.514
C:S180T	D:S453T	logit=-0.638
C:T42V	D:T315V	logit=-0.732
C:N51P	D:N324P	logit=-0.798

Top tied mutations (A + B view):
A:T18V	B:T215V	logit=-0.685
A:N55S	B:N252S	logit=-0.932
A:N54V	B:N251V	logit=-1.484
A:E100V	B:E297V	logit=-2.232
A:I30V	B:I227V	logit=-2.679

Top tied mutations (C + D view):
C:V218L	D:V491L	logit=-0.452
C:K191R	D:K464R	logit=-0.517
C:S180T	D:S453T	logit=-0.669
C:T42V	D:T315V	logit=-0.723
C:N51P	D:N324P	logit=-0.872

Top tied mutations (A + B view):
A:T18V	B:T215V	logit=-0.691
A:N55S	B:N252S	logit=-0.884
A:N54V	B:N251V	logit=-1.286
A:E100V	B:E297V	logit=-2.386
A:I30V	B:I227V	logit=-2.560

Top tied mutations (C + D view):
C:V218L	D:V491L	logit=-0.411
C:K191R	D:K464R	logit=-0.602
C:S180T	D:S453T	logit=-0.639
C:T42V	D:T315V	logit=-0.687
C:S89A	D:S362A	logit=-0.850

Top tied mutations (A + B view):
A:T18V	B:T215V	logit=-0.710
A:N55S	B:N252S	logit=-0.888
A:N54V	B:N251V	logit=-1.385
A:E100V	B:E297V	logit=-2.213
A:I30V	B:I227V	logit=-2.482

Top tied mutations (C + D view):
C:V218L	D:V491L	logit=-0.432
C:K191R	D:K464R	logit=-0.545
C:S180T	D:S453T	logit=-0.651
C:T42V	D:T315V	logit=-0.741
C:N51P	D:N324P	logit=-0.894

Top tied mutations (A + B view):
A:T18V	B:T215V	logit=-0.731
A:N55S	B:N252S	logit=-0.931
A:N54V	B:N251V	logit=-1.361
A:E100V	B:E297V	logit=-2.381
A:N54I	B:N251I	logit=-2.674

Top tied mutations (C + D view):
C:V218L	D:V491L	logit=-0.442
C:K191R	D:K464R	logit=-0.570
C:S180T	D:S453T	logit=-0.667
C:T42V	D:T315V	logit=-0.758
C:S89A	D:S362A	logit=-0.819

Top tied mutations (A + B view):
A:T18V	B:T215V	logit=-0.644
A:N55S	B:N252S	logit=-0.962
A:N54V	B:N251V	logit=-1.446
A:E100V	B:E297V	logit=-2.276
A:I30V	B:I227V	logit=-2.558

Top tied mutations (C + D view):
C:V218L	D:V491L	logit=-0.491
C:K191R	D:K464R	logit=-0.563
C:S180T	D:S453T	logit=-0.669
C:T42V	D:T315V	logit=-0.746
C:N51P	D:N324P	logit=-0.849

Top tied mutations (A + B view):
A:T18V	B:T215V	logit=-0.679
A:N55S	B:N252S	logit=-0.885
A:N54V	B:N251V	logit=-1.510
A:E100V	B:E297V	logit=-2.274
A:I30V	B:I227V	logit=-2.608

Top tied mutations (C + D view):
C:V218L	D:V491L	logit=-0.469
C:K191R	D:K464R	logit=-0.554
C:S180T	D:S453T	logit=-0.665
C:T42V	D:T315V	logit=-0.756
C:S89A	D:S362A	logit=-0.927

Top tied mutations (A + B view):
A:T18V	B:T215V	logit=-0.676
A:N55S	B:N252S	logit=-0.931
A:N54V	B:N251V	logit=-1.473
A:E100V	B:E297V	logit=-2.398
A:I30V	B:I227V	logit=-2.686

Top tied mutations (C + D view):
C:V218L	D:V491L	logit=-0.506
C:K191R	D:K464R	logit=-0.544
C:S180T	D:S453T	logit=-0.671
C:T42V	D:T315V	logit=-0.738
C:S89A	D:S362A	logit=-0.907

Top tied mutations (A + B view):
A:T18V	B:T215V	logit=-0.721
A:N55S	B:N252S	logit=-0.907
A:N54V	B:N251V	logit=-1.475
A:E100V	B:E297V	logit=-2.378
A:I30V	B:I227V	logit=-2.597

Top tied mutations (C + D view):
C:V218L	D:V491L	logit=-0.427
C:K191R	D:K464R	logit=-0.561
C:S180T	D:S453T	logit=-0.638
C:T42V	D:T315V	logit=-0.727
C:N51P	D:N324P	logit=-0.847

Top tied mutations (A + B view):
A:T18V	B:T215V	logit=-0.737
A:N55S	B:N252S	logit=-0.822
A:N54V	B:N251V	logit=-1.419
A:E100V	B:E297V	logit=-2.287
A:I30V	B:I227V	logit=-2.680

Top tied mutations (C + D view):
C:V218L	D:V491L	logit=-0.414
C:K191R	D:K464R	logit=-0.577
C:S180T	D:S453T	logit=-0.657
C:T42V	D:T315V	logit=-0.759
C:N51P	D:N324P	logit=-0.909

Top tied mutations (A + B view):
A:T18V	B:T215V	logit=-0.762
A:N55S	B:N252S	logit=-0.950
A:N54V	B:N251V	logit=-1.445
A:E100V	B:E297V	logit=-2.346
A:I30V	B:I227V	logit=-2.542

Top tied mutations (C + D view):
C:V218L	D:V491L	logit=-0.517
C:K191R	D:K464R	logit=-0.604
C:S180T	D:S453T	logit=-0.684
C:T42V	D:T315V	logit=-0.732
C:S89A	D:S362A	logit=-0.947

Top tied mutations (A + B view):
A:T18V	B:T215V	logit=-0.735
A:N55S	B:N252S	logit=-0.918
A:N54V	B:N251V	logit=-1.420
A:E100V	B:E297V	logit=-2.211
A:I30V	B:I227V	logit=-2.444

Top tied mutations (C + D view):
C:V218L	D:V491L	logit=-0.418
C:K191R	D:K464R	logit=-0.508
C:S180T	D:S453T	logit=-0.630
C:T42V	D:T315V	logit=-0.813
C:S89A	D:S362A	logit=-0.904

Top tied mutations (A + B view):
A:T18V	B:T215V	logit=-0.713
A:N55S	B:N252S	logit=-0.919
A:N54V	B:N251V	logit=-1.356
A:E100V	B:E297V	logit=-2.381
A:I30V	B:I227V	logit=-2.385

Top tied mutations (C + D view):
C:V218L	D:V491L	logit=-0.468
C:K191R	D:K464R	logit=-0.552
C:S180T	D:S453T	logit=-0.649
C:T42V	D:T315V	logit=-0.718
C:S89A	D:S362A	logit=-0.915

Top tied mutations (A + B view):
A:T18V	B:T215V	logit=-0.772
A:N55S	B:N252S	logit=-0.882
A:N54V	B:N251V	logit=-1.393
A:E100V	B:E297V	logit=-2.264
A:I30V	B:I227V	logit=-2.549

Top tied mutations (C + D view):
C:V218L	D:V491L	logit=-0.493
C:K191R	D:K464R	logit=-0.637
C:S180T	D:S453T	logit=-0.667
C:T42V	D:T315V	logit=-0.767
C:N51P	D:N324P	logit=-0.796

Top tied mutations (A + B view):
A:T18V	B:T215V	logit=-0.706
A:N55S	B:N252S	logit=-0.899
A:N54V	B:N251V	logit=-1.376
A:E100V	B:E297V	logit=-2.239
A:I30V	B:I227V	logit=-2.686

Top tied mutations (C + D view):
C:V218L	D:V491L	logit=-0.452
C:K191R	D:K464R	logit=-0.557
C:S180T	D:S453T	logit=-0.636
C:T42V	D:T315V	logit=-0.771
C:N51P	D:N324P	logit=-0.905

Top tied mutations (A + B view):
A:T18V	B:T215V	logit=-0.752
A:N55S	B:N252S	logit=-1.016
A:N54V	B:N251V	logit=-1.537
A:E100V	B:E297V	logit=-2.220
A:I30V	B:I227V	logit=-2.555

Top tied mutations (C + D view):
C:V218L	D:V491L	logit=-0.452
C:K191R	D:K464R	logit=-0.556
C:S180T	D:S453T	logit=-0.657
C:T42V	D:T315V	logit=-0.722
C:N51P	D:N324P	logit=-0.898

Top tied mutations (A + B view):
A:T18V	B:T215V	logit=-0.721
A:N55S	B:N252S	logit=-0.941
A:N54V	B:N251V	logit=-1.395
A:E100V	B:E297V	logit=-2.212
A:I30V	B:I227V	logit=-2.676

Top tied mutations (C + D view):
C:V218L	D:V491L	logit=-0.429
C:K191R	D:K464R	logit=-0.512
C:S180T	D:S453T	logit=-0.656
C:T42V	D:T315V	logit=-0.685
C:S89A	D:S362A	logit=-0.832

Top tied mutations (A + B view):
A:T18V	B:T215V	logit=-0.706
A:N55S	B:N252S	logit=-0.871
A:N54V	B:N251V	logit=-1.374
A:E100V	B:E297V	logit=-2.214
A:I30V	B:I227V	logit=-2.622

Top tied mutations (C + D view):
C:V218L	D:V491L	logit=-0.428
C:K191R	D:K464R	logit=-0.527
C:S180T	D:S453T	logit=-0.672
C:T42V	D:T315V	logit=-0.750
C:N51P	D:N324P	logit=-0.780

Top tied mutations (A + B view):
A:T18V	B:T215V	logit=-0.675
A:N55S	B:N252S	logit=-0.898
A:N54V	B:N251V	logit=-1.531
A:E100V	B:E297V	logit=-2.257
A:I30V	B:I227V	logit=-2.567

Top tied mutations (C + D view):
C:V218L	D:V491L	logit=-0.464
C:K191R	D:K464R	logit=-0.546
C:S180T	D:S453T	logit=-0.644
C:T42V	D:T315V	logit=-0.760
C:N51P	D:N324P	logit=-0.852

Top tied mutations (A + B view):
A:T18V	B:T215V	logit=-0.677
A:N55S	B:N252S	logit=-0.914
A:N54V	B:N251V	logit=-1.550
A:E100V	B:E297V	logit=-2.228
A:I30V	B:I227V	logit=-2.641

Top tied mutations (C + D view):
C:V218L	D:V491L	logit=-0.440
C:K191R	D:K464R	logit=-0.564
C:S180T	D:S453T	logit=-0.650
C:T42V	D:T315V	logit=-0.728
C:A168P	D:A441P	logit=-0.921

Top tied mutations (A + B view):
A:T18V	B:T215V	logit=-0.682
A:N55S	B:N252S	logit=-0.882
A:N54V	B:N251V	logit=-1.462
A:E100V	B:E297V	logit=-2.213
A:I30V	B:I227V	logit=-2.691

Top tied mutations (C + D view):
C:V218L	D:V491L	logit=-0.461
C:K191R	D:K464R	logit=-0.521
C:S180T	D:S453T	logit=-0.649
C:T42V	D:T315V	logit=-0.781
C:N51P	D:N324P	logit=-0.817

Top tied mutations (A + B view):
A:T18V	B:T215V	logit=-0.717
A:N55S	B:N252S	logit=-0.984
A:N54V	B:N251V	logit=-1.356
A:E100V	B:E297V	logit=-2.295
A:I30V	B:I227V	logit=-2.488

Top tied mutations (C + D view):
C:V218L	D:V491L	logit=-0.460
C:K191R	D:K464R	logit=-0.599
C:S180T	D:S453T	logit=-0.646
C:T42V	D:T315V	logit=-0.758
C:N51P	D:N324P	logit=-0.927

Top tied mutations (A + B view):
A:T18V	B:T215V	logit=-0.691
A:N55S	B:N252S	logit=-0.927
A:N54V	B:N251V	logit=-1.380
A:E100V	B:E297V	logit=-2.350
A:I30V	B:I227V	logit=-2.548

Top tied mutations (C + D view):
C:V218L	D:V491L	logit=-0.434
C:K191R	D:K464R	logit=-0.585
C:S180T	D:S453T	logit=-0.712
C:T42V	D:T315V	logit=-0.765
C:N51P	D:N324P	logit=-0.856

Top tied mutations (A + B view):
A:T18V	B:T215V	logit=-0.714
A:N55S	B:N252S	logit=-0.862
A:N54V	B:N251V	logit=-1.444
A:E100V	B:E297V	logit=-2.425
A:I30V	B:I227V	logit=-2.649

Top tied mutations (C + D view):
C:V218L	D:V491L	logit=-0.483
C:K191R	D:K464R	logit=-0.589
C:S180T	D:S453T	logit=-0.694
C:T42V	D:T315V	logit=-0.719
C:N51P	D:N324P	logit=-0.889

Top tied mutations (A + B view):
A:T18V	B:T215V	logit=-0.714
A:N55S	B:N252S	logit=-0.886
A:N54V	B:N251V	logit=-1.441
A:E100V	B:E297V	logit=-2.286
A:I30V	B:I227V	logit=-2.552

Top tied mutations (C + D view):
C:V218L	D:V491L	logit=-0.435
C:K191R	D:K464R	logit=-0.594
C:S180T	D:S453T	logit=-0.638
C:T42V	D:T315V	logit=-0.809
C:N51P	D:N324P	logit=-0.845

Top tied mutations (A + B view):
A:T18V	B:T215V	logit=-0.668
A:N55S	B:N252S	logit=-0.917
A:N54V	B:N251V	logit=-1.424
A:E100V	B:E297V	logit=-2.277
A:I30V	B:I227V	logit=-2.615

Top tied mutations (C + D view):
C:V218L	D:V491L	logit=-0.453
C:K191R	D:K464R	logit=-0.505
C:S180T	D:S453T	logit=-0.633
C:T42V	D:T315V	logit=-0.733
C:A168P	D:A441P	logit=-0.954

Top tied mutations (A + B view):
A:T18V	B:T215V	logit=-0.647
A:N55S	B:N252S	logit=-0.919
A:N54V	B:N251V	logit=-1.343
A:E100V	B:E297V	logit=-2.322
A:I30V	B:I227V	logit=-2.676

Top tied mutations (C + D view):
C:V218L	D:V491L	logit=-0.415
C:K191R	D:K464R	logit=-0.557
C:S180T	D:S453T	logit=-0.680
C:T42V	D:T315V	logit=-0.697
C:N51P	D:N324P	logit=-0.814

Top tied mutations (A + B view):
A:T18V	B:T215V	logit=-0.698
A:N55S	B:N252S	logit=-0.958
A:N54V	B:N251V	logit=-1.439
A:E100V	B:E297V	logit=-2.159
A:I30V	B:I227V	logit=-2.553

Top tied mutations (C + D view):
C:V218L	D:V491L	logit=-0.477
C:K191R	D:K464R	logit=-0.593
C:S180T	D:S453T	logit=-0.661
C:T42V	D:T315V	logit=-0.732
C:S89A	D:S362A	logit=-0.885

Top tied mutations (A + B view):
A:T18V	B:T215V	logit=-0.671
A:N55S	B:N252S	logit=-0.867
A:N54V	B:N251V	logit=-1.365
A:E100V	B:E297V	logit=-2.357
A:I30V	B:I227V	logit=-2.670

Top tied mutations (C + D view):
C:V218L	D:V491L	logit=-0.454
C:K191R	D:K464R	logit=-0.553
C:S180T	D:S453T	logit=-0.651
C:T42V	D:T315V	logit=-0.751
C:S72G	D:S345G	logit=-0.887

Top tied mutations (A + B view):
A:T18V	B:T215V	logit=-0.659
A:N55S	B:N252S	logit=-0.896
A:N54V	B:N251V	logit=-1.518
A:E100V	B:E297V	logit=-2.335
A:I30V	B:I227V	logit=-2.457

Top tied mutations (C + D view):
C:V218L	D:V491L	logit=-0.434
C:K191R	D:K464R	logit=-0.587
C:S180T	D:S453T	logit=-0.657
C:T42V	D:T315V	logit=-0.719
C:S89A	D:S362A	logit=-0.864

Top tied mutations (A + B view):
A:T18V	B:T215V	logit=-0.664
A:N55S	B:N252S	logit=-0.900
A:N54V	B:N251V	logit=-1.331
A:E100V	B:E297V	logit=-2.369
A:I30V	B:I227V	logit=-2.564

Top tied mutations (C + D view):
C:V218L	D:V491L	logit=-0.428
C:K191R	D:K464R	logit=-0.616
C:S180T	D:S453T	logit=-0.636
C:T42V	D:T315V	logit=-0.692
C:N219S	D:N492S	logit=-0.931

Top tied mutations (A + B view):
A:T18V	B:T215V	logit=-0.724
A:N55S	B:N252S	logit=-0.906
A:N54V	B:N251V	logit=-1.378
A:E100V	B:E297V	logit=-2.246
A:I30V	B:I227V	logit=-2.716

Top tied mutations (C + D view):
C:V218L	D:V491L	logit=-0.477
C:K191R	D:K464R	logit=-0.529
C:S180T	D:S453T	logit=-0.644
C:N51P	D:N324P	logit=-0.750
C:T42V	D:T315V	logit=-0.784

Top tied mutations (A + B view):
A:T18V	B:T215V	logit=-0.727
A:N55S	B:N252S	logit=-0.899
A:N54V	B:N251V	logit=-1.379
A:E100V	B:E297V	logit=-2.401
A:I30V	B:I227V	logit=-2.544

Top tied mutations (C + D view):
C:V218L	D:V491L	logit=-0.420
C:K191R	D:K464R	logit=-0.645
C:S180T	D:S453T	logit=-0.652
C:T42V	D:T315V	logit=-0.790
C:S89A	D:S362A	logit=-0.883

Top tied mutations (A + B view):
A:T18V	B:T215V	logit=-0.660
A:N55S	B:N252S	logit=-0.883
A:N54V	B:N251V	logit=-1.529
A:E100V	B:E297V	logit=-2.263
A:I30V	B:I227V	logit=-2.720

Top tied mutations (C + D view):
C:V218L	D:V491L	logit=-0.458
C:K191R	D:K464R	logit=-0.576
C:S180T	D:S453T	logit=-0.684
C:T42V	D:T315V	logit=-0.700
C:N51P	D:N324P	logit=-0.857

Top tied mutations (A + B view):
A:T18V	B:T215V	logit=-0.699
A:N55S	B:N252S	logit=-0.910
A:N54V	B:N251V	logit=-1.334
A:E100V	B:E297V	logit=-2.348
A:I30V	B:I227V	logit=-2.549

Top tied mutations (C + D view):
C:V218L	D:V491L	logit=-0.427
C:K191R	D:K464R	logit=-0.546
C:S180T	D:S453T	logit=-0.623
C:T42V	D:T315V	logit=-0.737
C:N51P	D:N324P	logit=-0.900

Top tied mutations (A + B view):
A:T18V	B:T215V	logit=-0.716
A:N55S	B:N252S	logit=-0.884
A:N54V	B:N251V	logit=-1.413
A:E100V	B:E297V	logit=-2.308
A:I30V	B:I227V	logit=-2.530

Top tied mutations (C + D view):
C:V218L	D:V491L	logit=-0.462
C:K191R	D:K464R	logit=-0.588
C:S180T	D:S453T	logit=-0.652
C:T42V	D:T315V	logit=-0.732
C:N51P	D:N324P	logit=-0.800

Top tied mutations (A + B view):
A:T18V	B:T215V	logit=-0.702
A:N55S	B:N252S	logit=-0.887
A:N54V	B:N251V	logit=-1.367
A:E100V	B:E297V	logit=-2.399
A:I30V	B:I227V	logit=-2.674

Top tied mutations (C + D view):
C:V218L	D:V491L	logit=-0.430
C:K191R	D:K464R	logit=-0.566
C:S180T	D:S453T	logit=-0.643
C:T42V	D:T315V	logit=-0.727
C:S89A	D:S362A	logit=-0.833

Top tied mutations (A + B view):
A:T18V	B:T215V	logit=-0.723
A:N55S	B:N252S	logit=-0.944
A:N54V	B:N251V	logit=-1.456
A:E100V	B:E297V	logit=-2.308
A:I30V	B:I227V	logit=-2.457

Top tied mutations (C + D view):
C:V218L	D:V491L	logit=-0.434
C:K191R	D:K464R	logit=-0.523
C:S180T	D:S453T	logit=-0.647
C:T42V	D:T315V	logit=-0.746
C:N51P	D:N324P	logit=-0.872

Top tied mutations (A + B view):
A:T18V	B:T215V	logit=-0.740
A:N55S	B:N252S	logit=-0.937
A:N54V	B:N251V	logit=-1.362
A:E100V	B:E297V	logit=-2.176
A:I30V	B:I227V	logit=-2.528

Top tied mutations (C + D view):
C:V218L	D:V491L	logit=-0.480
C:K191R	D:K464R	logit=-0.587
C:S180T	D:S453T	logit=-0.633
C:N51P	D:N324P	logit=-0.742
C:T42V	D:T315V	logit=-0.795

Top tied mutations (A + B view):
A:T18V	B:T215V	logit=-0.730
A:N55S	B:N252S	logit=-0.893
A:N54V	B:N251V	logit=-1.535
A:E100V	B:E297V	logit=-2.361
A:I30V	B:I227V	logit=-2.561

Top tied mutations (C + D view):
C:V218L	D:V491L	logit=-0.454
C:K191R	D:K464R	logit=-0.589
C:S180T	D:S453T	logit=-0.678
C:T42V	D:T315V	logit=-0.732
C:S89A	D:S362A	logit=-0.910

Top tied mutations (A + B view):
A:T18V	B:T215V	logit=-0.732
A:N55S	B:N252S	logit=-0.917
A:N54V	B:N251V	logit=-1.343
A:E100V	B:E297V	logit=-2.366
A:I30V	B:I227V	logit=-2.642

Top tied mutations (C + D view):
C:V218L	D:V491L	logit=-0.472
C:K191R	D:K464R	logit=-0.518
C:S180T	D:S453T	logit=-0.656
C:T42V	D:T315V	logit=-0.665
C:N51P	D:N324P	logit=-0.773

Top tied mutations (A + B view):
A:T18V	B:T215V	logit=-0.672
A:N55S	B:N252S	logit=-0.886
A:N54V	B:N251V	logit=-1.313
A:E100V	B:E297V	logit=-2.293
A:I30V	B:I227V	logit=-2.578

Top tied mutations (C + D view):
C:V218L	D:V491L	logit=-0.407
C:K191R	D:K464R	logit=-0.508
C:S180T	D:S453T	logit=-0.651
C:T42V	D:T315V	logit=-0.690
C:N51P	D:N324P	logit=-0.892

Top tied mutations (A + B view):
A:T18V	B:T215V	logit=-0.683
A:N55S	B:N252S	logit=-0.921
A:N54V	B:N251V	logit=-1.434
A:E100V	B:E297V	logit=-2.217
A:I30V	B:I227V	logit=-2.555

Top tied mutations (C + D view):
C:V218L	D:V491L	logit=-0.415
C:K191R	D:K464R	logit=-0.474
C:S180T	D:S453T	logit=-0.632
C:T42V	D:T315V	logit=-0.793
C:N51P	D:N324P	logit=-0.810

Top tied mutations (A + B view):
A:T18V	B:T215V	logit=-0.698
A:N55S	B:N252S	logit=-0.987
A:N54V	B:N251V	logit=-1.469
A:E100V	B:E297V	logit=-2.234
A:I30V	B:I227V	logit=-2.500

Top tied mutations (C + D view):
C:V218L	D:V491L	logit=-0.422
C:K191R	D:K464R	logit=-0.527
C:S180T	D:S453T	logit=-0.660
C:T42V	D:T315V	logit=-0.732
C:S89A	D:S362A	logit=-0.834

Top tied mutations (A + B view):
A:T18V	B:T215V	logit=-0.658
A:N55S	B:N252S	logit=-0.878
A:N54V	B:N251V	logit=-1.333
A:E100V	B:E297V	logit=-2.457
A:I30V	B:I227V	logit=-2.517

Top tied mutations (C + D view):
C:K191R	D:K464R	logit=-0.476
C:V218L	D:V491L	logit=-0.504
C:S180T	D:S453T	logit=-0.656
C:T42V	D:T315V	logit=-0.715
C:N51P	D:N324P	logit=-0.838

Top tied mutations (A + B view):
A:T18V	B:T215V	logit=-0.726
A:N55S	B:N252S	logit=-0.937
A:N54V	B:N251V	logit=-1.398
A:E100V	B:E297V	logit=-2.308
A:I30V	B:I227V	logit=-2.488

Top tied mutations (C + D view):
C:V218L	D:V491L	logit=-0.456
C:K191R	D:K464R	logit=-0.469
C:S180T	D:S453T	logit=-0.669
C:T42V	D:T315V	logit=-0.766
C:S89A	D:S362A	logit=-0.890

Top tied mutations (A + B view):
A:T18V	B:T215V	logit=-0.733
A:N55S	B:N252S	logit=-0.901
A:N54V	B:N251V	logit=-1.433
A:E100V	B:E297V	logit=-2.232
A:V102I	B:V299I	logit=-2.756

Top tied mutations (C + D view):
C:V218L	D:V491L	logit=-0.457
C:K191R	D:K464R	logit=-0.559
C:S180T	D:S453T	logit=-0.689
C:T42V	D:T315V	logit=-0.691
C:N51P	D:N324P	logit=-0.793

Top tied mutations (A + B view):
A:T18V	B:T215V	logit=-0.737
A:N55S	B:N252S	logit=-0.880
A:N54V	B:N251V	logit=-1.438
A:E100V	B:E297V	logit=-2.344
A:I30V	B:I227V	logit=-2.520

Top tied mutations (C + D view):
C:V218L	D:V491L	logit=-0.453
C:K191R	D:K464R	logit=-0.566
C:S180T	D:S453T	logit=-0.661
C:T42V	D:T315V	logit=-0.742
C:N51P	D:N324P	logit=-0.805

Top tied mutations (A + B view):
A:T18V	B:T215V	logit=-0.695
A:N55S	B:N252S	logit=-0.840
A:N54V	B:N251V	logit=-1.330
A:E100V	B:E297V	logit=-2.300
A:I30V	B:I227V	logit=-2.522

Top tied mutations (C + D view):
C:V218L	D:V491L	logit=-0.406
C:K191R	D:K464R	logit=-0.596
C:S180T	D:S453T	logit=-0.652
C:T42V	D:T315V	logit=-0.757
C:N51P	D:N324P	logit=-0.850

Top tied mutations (A + B view):
A:T18V	B:T215V	logit=-0.654
A:N55S	B:N252S	logit=-0.920
A:N54V	B:N251V	logit=-1.457
A:E100V	B:E297V	logit=-2.162
A:I30V	B:I227V	logit=-2.728

Top tied mutations (C + D view):
C:V218L	D:V491L	logit=-0.420
C:K191R	D:K464R	logit=-0.526
C:S180T	D:S453T	logit=-0.621
C:T42V	D:T315V	logit=-0.735
C:S89A	D:S362A	logit=-0.880

Top tied mutations (A + B view):
A:T18V	B:T215V	logit=-0.669
A:N55S	B:N252S	logit=-0.894
A:N54V	B:N251V	logit=-1.337
A:E100V	B:E297V	logit=-2.182
A:I30V	B:I227V	logit=-2.570

Top tied mutations (C + D view):
C:V218L	D:V491L	logit=-0.486
C:K191R	D:K464R	logit=-0.505
C:S180T	D:S453T	logit=-0.642
C:T42V	D:T315V	logit=-0.724
C:N51P	D:N324P	logit=-0.749

Top tied mutations (A + B view):
A:T18V	B:T215V	logit=-0.684
A:N55S	B:N252S	logit=-0.915
A:N54V	B:N251V	logit=-1.364
A:E100V	B:E297V	logit=-2.338
A:N54I	B:N251I	logit=-2.695

Top tied mutations (C + D view):
C:V218L	D:V491L	logit=-0.444
C:K191R	D:K464R	logit=-0.618
C:S180T	D:S453T	logit=-0.660
C:T42V	D:T315V	logit=-0.747
C:S89A	D:S362A	logit=-0.857

Top tied mutations (A + B view):
A:T18V	B:T215V	logit=-0.653
A:N55S	B:N252S	logit=-0.901
A:N54V	B:N251V	logit=-1.495
A:E100V	B:E297V	logit=-2.304
A:I30V	B:I227V	logit=-2.496

Top tied mutations (C + D view):
C:V218L	D:V491L	logit=-0.433
C:K191R	D:K464R	logit=-0.508
C:S180T	D:S453T	logit=-0.663
C:T42V	D:T315V	logit=-0.678
C:N51P	D:N324P	logit=-0.791

Top tied mutations (A + B view):
A:T18V	B:T215V	logit=-0.718
A:N55S	B:N252S	logit=-0.847
A:N54V	B:N251V	logit=-1.363
A:E100V	B:E297V	logit=-2.307
A:I30V	B:I227V	logit=-2.696

Top tied mutations (C + D view):
C:V218L	D:V491L	logit=-0.466
C:K191R	D:K464R	logit=-0.499
C:S180T	D:S453T	logit=-0.645
C:T42V	D:T315V	logit=-0.729
C:N51P	D:N324P	logit=-0.808

Top tied mutations (A + B view):
A:T18V	B:T215V	logit=-0.708
A:N55S	B:N252S	logit=-0.910
A:N54V	B:N251V	logit=-1.399
A:E100V	B:E297V	logit=-2.338
A:I30V	B:I227V	logit=-2.646

Top tied mutations (C + D view):
C:V218L	D:V491L	logit=-0.428
C:K191R	D:K464R	logit=-0.550
C:S180T	D:S453T	logit=-0.637
C:T42V	D:T315V	logit=-0.753
C:N51P	D:N324P	logit=-0.762

Top tied mutations (A + B view):
A:T18V	B:T215V	logit=-0.685
A:N55S	B:N252S	logit=-0.947
A:N54V	B:N251V	logit=-1.310
A:E100V	B:E297V	logit=-2.364
A:I30V	B:I227V	logit=-2.561

Top tied mutations (C + D view):
C:V218L	D:V491L	logit=-0.413
C:K191R	D:K464R	logit=-0.638
C:S180T	D:S453T	logit=-0.642
C:T42V	D:T315V	logit=-0.708
C:N51P	D:N324P	logit=-0.728

Top tied mutations (A + B view):
A:T18V	B:T215V	logit=-0.734
A:N55S	B:N252S	logit=-0.873
A:N54V	B:N251V	logit=-1.377
A:E100V	B:E297V	logit=-2.275
A:I30V	B:I227V	logit=-2.608

Top tied mutations (C + D view):
C:V218L	D:V491L	logit=-0.469
C:K191R	D:K464R	logit=-0.627
C:S180T	D:S453T	logit=-0.650
C:T42V	D:T315V	logit=-0.686
C:N51P	D:N324P	logit=-0.815

Top tied mutations (A + B view):
A:T18V	B:T215V	logit=-0.728
A:N55S	B:N252S	logit=-1.000
A:N54V	B:N251V	logit=-1.500
A:E100V	B:E297V	logit=-2.327
A:I30V	B:I227V	logit=-2.584

Top tied mutations (C + D view):
C:V218L	D:V491L	logit=-0.472
C:S180T	D:S453T	logit=-0.682
C:T42V	D:T315V	logit=-0.742
C:N51P	D:N324P	logit=-0.766
C:S89A	D:S362A	logit=-0.933

Top tied mutations (A + B view):
A:T18V	B:T215V	logit=-0.661
A:N55S	B:N252S	logit=-0.932
A:N54V	B:N251V	logit=-1.505
A:E100V	B:E297V	logit=-2.291
A:I30V	B:I227V	logit=-2.572

Top tied mutations (C + D view):
C:V218L	D:V491L	logit=-0.405
C:K191R	D:K464R	logit=-0.577
C:S180T	D:S453T	logit=-0.668
C:T42V	D:T315V	logit=-0.745
C:N51P	D:N324P	logit=-0.779

Top tied mutations (A + B view):
A:T18V	B:T215V	logit=-0.686
A:N55S	B:N252S	logit=-0.855
A:N54V	B:N251V	logit=-1.375
A:E100V	B:E297V	logit=-2.262
A:I30V	B:I227V	logit=-2.638

Top tied mutations (C + D view):
C:V218L	D:V491L	logit=-0.456
C:K191R	D:K464R	logit=-0.499
C:S180T	D:S453T	logit=-0.635
C:T42V	D:T315V	logit=-0.712
C:N51P	D:N324P	logit=-0.800

Top tied mutations (A + B view):
A:T18V	B:T215V	logit=-0.743
A:N55S	B:N252S	logit=-0.869
A:N54V	B:N251V	logit=-1.447
A:E100V	B:E297V	logit=-2.278
A:I30V	B:I227V	logit=-2.515

Top tied mutations (C + D view):
C:V218L	D:V491L	logit=-0.434
C:K191R	D:K464R	logit=-0.546
C:S180T	D:S453T	logit=-0.659
C:T42V	D:T315V	logit=-0.702
C:N51P	D:N324P	logit=-0.866

Top tied mutations (A + B view):
A:T18V	B:T215V	logit=-0.696
A:N55S	B:N252S	logit=-0.887
A:N54V	B:N251V	logit=-1.561
A:E100V	B:E297V	logit=-2.372
A:I30V	B:I227V	logit=-2.521

Top tied mutations (C + D view):
C:V218L	D:V491L	logit=-0.442
C:K191R	D:K464R	logit=-0.570
C:T42V	D:T315V	logit=-0.660
C:S180T	D:S453T	logit=-0.660
C:N51P	D:N324P	logit=-0.774

Top tied mutations (A + B view):
A:T18V	B:T215V	logit=-0.650
A:N55S	B:N252S	logit=-0.924
A:N54V	B:N251V	logit=-1.330
A:E100V	B:E297V	logit=-2.427
A:I30V	B:I227V	logit=-2.528

Top tied mutations (C + D view):
C:V218L	D:V491L	logit=-0.456
C:K191R	D:K464R	logit=-0.545
C:S180T	D:S453T	logit=-0.650
C:T42V	D:T315V	logit=-0.707
C:S89A	D:S362A	logit=-0.848

Top tied mutations (A + B view):
A:T18V	B:T215V	logit=-0.733
A:N55S	B:N252S	logit=-0.916
A:N54V	B:N251V	logit=-1.580
A:E100V	B:E297V	logit=-2.245
A:I30V	B:I227V	logit=-2.547

Top tied mutations (C + D view):
C:V218L	D:V491L	logit=-0.412
C:K191R	D:K464R	logit=-0.581
C:S180T	D:S453T	logit=-0.630
C:T42V	D:T315V	logit=-0.682
C:N51P	D:N324P	logit=-0.790

Top tied mutations (A + B view):
A:T18V	B:T215V	logit=-0.730
A:N55S	B:N252S	logit=-0.907
A:N54V	B:N251V	logit=-1.430
A:E100V	B:E297V	logit=-2.336
A:I30V	B:I227V	logit=-2.606

Top tied mutations (C + D view):
C:V218L	D:V491L	logit=-0.497
C:K191R	D:K464R	logit=-0.611
C:S180T	D:S453T	logit=-0.624
C:T42V	D:T315V	logit=-0.737
C:N51P	D:N324P	logit=-0.800

Top tied mutations (A + B view):
A:T18V	B:T215V	logit=-0.687
A:N55S	B:N252S	logit=-0.917
A:N54V	B:N251V	logit=-1.440
A:E100V	B:E297V	logit=-2.309
A:I30V	B:I227V	logit=-2.548

Top tied mutations (C + D view):
C:V218L	D:V491L	logit=-0.452
C:K191R	D:K464R	logit=-0.520
C:S180T	D:S453T	logit=-0.661
C:T42V	D:T315V	logit=-0.706
C:S89A	D:S362A	logit=-0.875

Top tied mutations (A + B view):
A:T18V	B:T215V	logit=-0.652
A:N55S	B:N252S	logit=-0.887
A:N54V	B:N251V	logit=-1.578
A:E100V	B:E297V	logit=-2.241
A:I30V	B:I227V	logit=-2.569

Top tied mutations (C + D view):
C:V218L	D:V491L	logit=-0.439
C:K191R	D:K464R	logit=-0.589
C:S180T	D:S453T	logit=-0.632
C:T42V	D:T315V	logit=-0.736
C:N51P	D:N324P	logit=-0.861

Top tied mutations (A + B view):
A:T18V	B:T215V	logit=-0.709
A:N55S	B:N252S	logit=-0.882
A:N54V	B:N251V	logit=-1.528
A:E100V	B:E297V	logit=-2.221
A:I30V	B:I227V	logit=-2.547

Top tied mutations (C + D view):
C:V218L	D:V491L	logit=-0.429
C:K191R	D:K464R	logit=-0.567
C:S180T	D:S453T	logit=-0.669
C:T42V	D:T315V	logit=-0.733
C:S89A	D:S362A	logit=-0.846

Top tied mutations (A + B view):
A:T18V	B:T215V	logit=-0.701
A:N55S	B:N252S	logit=-0.923
A:N54V	B:N251V	logit=-1.522
A:E100V	B:E297V	logit=-2.363
A:I30V	B:I227V	logit=-2.587

Top tied mutations (C + D view):
C:V218L	D:V491L	logit=-0.418
C:K191R	D:K464R	logit=-0.599
C:S180T	D:S453T	logit=-0.634
C:T42V	D:T315V	logit=-0.717
C:N51P	D:N324P	logit=-0.756

Top tied mutations (A + B view):
A:T18V	B:T215V	logit=-0.734
A:N55S	B:N252S	logit=-0.828
A:N54V	B:N251V	logit=-1.356
A:E100V	B:E297V	logit=-2.296
A:I30V	B:I227V	logit=-2.633

Top tied mutations (C + D view):
C:V218L	D:V491L	logit=-0.466
C:K191R	D:K464R	logit=-0.504
C:S180T	D:S453T	logit=-0.635
C:T42V	D:T315V	logit=-0.825
C:N51P	D:N324P	logit=-0.865

Top tied mutations (A + B view):
A:T18V	B:T215V	logit=-0.682
A:N55S	B:N252S	logit=-0.957
A:N54V	B:N251V	logit=-1.671
A:E100V	B:E297V	logit=-2.297
A:I30V	B:I227V	logit=-2.483

Top tied mutations (C + D view):
C:V218L	D:V491L	logit=-0.465
C:K191R	D:K464R	logit=-0.604
C:S180T	D:S453T	logit=-0.691
C:T42V	D:T315V	logit=-0.740
C:S89A	D:S362A	logit=-0.902

Top tied mutations (A + B view):
A:T18V	B:T215V	logit=-0.738
A:N55S	B:N252S	logit=-0.850
A:N54V	B:N251V	logit=-1.378
A:E100V	B:E297V	logit=-2.338
A:I30V	B:I227V	logit=-2.616

Top tied mutations (C + D view):
C:V218L	D:V491L	logit=-0.427
C:K191R	D:K464R	logit=-0.615
C:S180T	D:S453T	logit=-0.658
C:T42V	D:T315V	logit=-0.757
C:N51P	D:N324P	logit=-0.867

Top tied mutations (A + B view):
A:T18V	B:T215V	logit=-0.666
A:N55S	B:N252S	logit=-0.844
A:N54V	B:N251V	logit=-1.484
A:E100V	B:E297V	logit=-2.264
A:I30V	B:I227V	logit=-2.549

Top tied mutations (C + D view):
C:V218L	D:V491L	logit=-0.444
C:K191R	D:K464R	logit=-0.547
C:S180T	D:S453T	logit=-0.664
C:N51P	D:N324P	logit=-0.702
C:T42V	D:T315V	logit=-0.703

Top tied mutations (A + B view):
A:T18V	B:T215V	logit=-0.704
A:N55S	B:N252S	logit=-0.934
A:N54V	B:N251V	logit=-1.361
A:E100V	B:E297V	logit=-2.276
A:I30V	B:I227V	logit=-2.517

Top tied mutations (C + D view):
C:V218L	D:V491L	logit=-0.426
C:K191R	D:K464R	logit=-0.579
C:S180T	D:S453T	logit=-0.624
C:T42V	D:T315V	logit=-0.742
C:N51P	D:N324P	logit=-0.894

Top tied mutations (A + B view):
A:T18V	B:T215V	logit=-0.746
A:N55S	B:N252S	logit=-0.949
A:N54V	B:N251V	logit=-1.492
A:E100V	B:E297V	logit=-2.229
A:I30V	B:I227V	logit=-2.591

Top tied mutations (C + D view):
C:V218L	D:V491L	logit=-0.399
C:K191R	D:K464R	logit=-0.508
C:S180T	D:S453T	logit=-0.662
C:T42V	D:T315V	logit=-0.698
C:N51P	D:N324P	logit=-0.842

Top tied mutations (A + B view):
A:T18V	B:T215V	logit=-0.697
A:N55S	B:N252S	logit=-0.859
A:N54V	B:N251V	logit=-1.346
A:E100V	B:E297V	logit=-2.246
A:I30V	B:I227V	logit=-2.622

Top tied mutations (C + D view):
C:V218L	D:V491L	logit=-0.495
C:K191R	D:K464R	logit=-0.549
C:S180T	D:S453T	logit=-0.654
C:T42V	D:T315V	logit=-0.765
C:N51P	D:N324P	logit=-0.782

Top tied mutations (A + B view):
A:T18V	B:T215V	logit=-0.653
A:N55S	B:N252S	logit=-0.840
A:N54V	B:N251V	logit=-1.425
A:E100V	B:E297V	logit=-2.253
A:I30V	B:I227V	logit=-2.638

Top tied mutations (C + D view):
C:V218L	D:V491L	logit=-0.417
C:K191R	D:K464R	logit=-0.546
C:S180T	D:S453T	logit=-0.678
C:T42V	D:T315V	logit=-0.712
C:N51P	D:N324P	logit=-0.777

Top tied mutations (A + B view):
A:T18V	B:T215V	logit=-0.705
A:N55S	B:N252S	logit=-0.930
A:N54V	B:N251V	logit=-1.393
A:E100V	B:E297V	logit=-2.230
A:I30V	B:I227V	logit=-2.506

Top tied mutations (C + D view):
C:V218L	D:V491L	logit=-0.471
C:K191R	D:K464R	logit=-0.595
C:S180T	D:S453T	logit=-0.666
C:T42V	D:T315V	logit=-0.733
C:N51P	D:N324P	logit=-0.786

Top tied mutations (A + B view):
A:T18V	B:T215V	logit=-0.749
A:N55S	B:N252S	logit=-0.890
A:N54V	B:N251V	logit=-1.421
A:E100V	B:E297V	logit=-2.293
A:I30V	B:I227V	logit=-2.653

Top tied mutations (C + D view):
C:V218L	D:V491L	logit=-0.506
C:K191R	D:K464R	logit=-0.532
C:S180T	D:S453T	logit=-0.642
C:T42V	D:T315V	logit=-0.728
C:N51P	D:N324P	logit=-0.790

Top tied mutations (A + B view):
A:T18V	B:T215V	logit=-0.681
A:N55S	B:N252S	logit=-0.945
A:N54V	B:N251V	logit=-1.418
A:E100V	B:E297V	logit=-2.229
A:I30V	B:I227V	logit=-2.605

Top tied mutations (C + D view):
C:K191R	D:K464R	logit=-0.532
C:S180T	D:S453T	logit=-0.652
C:V218L	D:V491L	logit=-0.697
C:T42V	D:T315V	logit=-0.730
C:S89A	D:S362A	logit=-0.865

Top tied mutations (A + B view):
A:T18V	B:T215V	logit=-0.695
A:N55S	B:N252S	logit=-0.901
A:N54V	B:N251V	logit=-1.417
A:E100V	B:E297V	logit=-2.426
A:I30V	B:I227V	logit=-2.645

Top tied mutations (C + D view):
C:V218L	D:V491L	logit=-0.428
C:K191R	D:K464R	logit=-0.559
C:S180T	D:S453T	logit=-0.630
C:N51P	D:N324P	logit=-0.728
C:T42V	D:T315V	logit=-0.731

Top tied mutations (A + B view):
A:T18V	B:T215V	logit=-0.704
A:N55S	B:N252S	logit=-0.885
A:N54V	B:N251V	logit=-1.549
A:E100V	B:E297V	logit=-2.216
A:I30V	B:I227V	logit=-2.555

Top tied mutations (C + D view):
C:V218L	D:V491L	logit=-0.419
C:K191R	D:K464R	logit=-0.526
C:S180T	D:S453T	logit=-0.672
C:T42V	D:T315V	logit=-0.706
C:N51P	D:N324P	logit=-0.763

Top tied mutations (A + B view):
A:T18V	B:T215V	logit=-0.747
A:N55S	B:N252S	logit=-0.832
A:N54V	B:N251V	logit=-1.370
A:E100V	B:E297V	logit=-2.364
A:I30V	B:I227V	logit=-2.454

Top tied mutations (C + D view):
C:V218L	D:V491L	logit=-0.458
C:K191R	D:K464R	logit=-0.563
C:S180T	D:S453T	logit=-0.663
C:T42V	D:T315V	logit=-0.733
C:N51P	D:N324P	logit=-0.775

Top tied mutations (A + B view):
A:T18V	B:T215V	logit=-0.642
A:N55S	B:N252S	logit=-0.840
A:N54V	B:N251V	logit=-1.502
A:E100V	B:E297V	logit=-2.207
A:I30V	B:I227V	logit=-2.568

Top tied mutations (C + D view):
C:V218L	D:V491L	logit=-0.462
C:K191R	D:K464R	logit=-0.658
C:S180T	D:S453T	logit=-0.677
C:T42V	D:T315V	logit=-0.725
C:N51P	D:N324P	logit=-0.915

Top tied mutations (A + B view):
A:T18V	B:T215V	logit=-0.714
A:N55S	B:N252S	logit=-0.907
A:N54V	B:N251V	logit=-1.420
A:E100V	B:E297V	logit=-2.280
A:I30V	B:I227V	logit=-2.459

Top tied mutations (C + D view):
C:V218L	D:V491L	logit=-0.480
C:K191R	D:K464R	logit=-0.502
C:S180T	D:S453T	logit=-0.629
C:T42V	D:T315V	logit=-0.752
C:N51P	D:N324P	logit=-0.812

Top tied mutations (A + B view):
A:T18V	B:T215V	logit=-0.734
A:N55S	B:N252S	logit=-0.927
A:N54V	B:N251V	logit=-1.287
A:E100V	B:E297V	logit=-2.349
A:I30V	B:I227V	logit=-2.531

Top tied mutations (C + D view):
C:V218L	D:V491L	logit=-0.418
C:K191R	D:K464R	logit=-0.579
C:S180T	D:S453T	logit=-0.678
C:T42V	D:T315V	logit=-0.700
C:N51P	D:N324P	logit=-0.892

Top tied mutations (A + B view):
A:T18V	B:T215V	logit=-0.688
A:N55S	B:N252S	logit=-0.965
A:N54V	B:N251V	logit=-1.303
A:E100V	B:E297V	logit=-2.315
A:I30V	B:I227V	logit=-2.526

Top tied mutations (C + D view):
C:V218L	D:V491L	logit=-0.443
C:K191R	D:K464R	logit=-0.527
C:S180T	D:S453T	logit=-0.691
C:T42V	D:T315V	logit=-0.766
C:N51P	D:N324P	logit=-0.875

Top tied mutations (A + B view):
A:T18V	B:T215V	logit=-0.635
A:N55S	B:N252S	logit=-0.867
A:N54V	B:N251V	logit=-1.366
A:E100V	B:E297V	logit=-2.313
A:I30V	B:I227V	logit=-2.444

Top tied mutations (C + D view):
C:V218L	D:V491L	logit=-0.422
C:K191R	D:K464R	logit=-0.534
C:S180T	D:S453T	logit=-0.683
C:T42V	D:T315V	logit=-0.740
C:N51P	D:N324P	logit=-0.847

Top tied mutations (A + B view):
A:T18V	B:T215V	logit=-0.780
A:N55S	B:N252S	logit=-0.887
A:N54V	B:N251V	logit=-1.372
A:E100V	B:E297V	logit=-2.356
A:I30V	B:I227V	logit=-2.509

Top tied mutations (C + D view):
C:V218L	D:V491L	logit=-0.440
C:K191R	D:K464R	logit=-0.611
C:S180T	D:S453T	logit=-0.696
C:T42V	D:T315V	logit=-0.708
C:S89A	D:S362A	logit=-0.844

Top tied mutations (A + B view):
A:T18V	B:T215V	logit=-0.649
A:N55S	B:N252S	logit=-0.879
A:N54V	B:N251V	logit=-1.490
A:E100V	B:E297V	logit=-2.338
A:I30V	B:I227V	logit=-2.590

Top tied mutations (C + D view):
C:V218L	D:V491L	logit=-0.449
C:K191R	D:K464R	logit=-0.595
C:S180T	D:S453T	logit=-0.649
C:T42V	D:T315V	logit=-0.705
C:A168P	D:A441P	logit=-0.939

Top tied mutations (A + B view):
A:T18V	B:T215V	logit=-0.698
A:N55S	B:N252S	logit=-0.890
A:N54V	B:N251V	logit=-1.494
A:E100V	B:E297V	logit=-2.296
A:I30V	B:I227V	logit=-2.758

Top tied mutations (C + D view):
C:V218L	D:V491L	logit=-0.454
C:K191R	D:K464R	logit=-0.631
C:S180T	D:S453T	logit=-0.678
C:T42V	D:T315V	logit=-0.732
C:S89A	D:S362A	logit=-0.880

Top tied mutations (A + B view):
A:T18V	B:T215V	logit=-0.807
A:N55S	B:N252S	logit=-0.938
A:N54V	B:N251V	logit=-1.509
A:E100V	B:E297V	logit=-2.348
A:I30V	B:I227V	logit=-2.596

Top tied mutations (C + D view):
C:V218L	D:V491L	logit=-0.471
C:K191R	D:K464R	logit=-0.565
C:S180T	D:S453T	logit=-0.646
C:T42V	D:T315V	logit=-0.724
C:S89A	D:S362A	logit=-0.871

Top tied mutations (A + B view):
A:T18V	B:T215V	logit=-0.679
A:N55S	B:N252S	logit=-0.913
A:N54V	B:N251V	logit=-1.346
A:E100V	B:E297V	logit=-2.168
A:I30V	B:I227V	logit=-2.566

Top tied mutations (C + D view):
C:V218L	D:V491L	logit=-0.437
C:K191R	D:K464R	logit=-0.558
C:S180T	D:S453T	logit=-0.677
C:T42V	D:T315V	logit=-0.706
C:N51P	D:N324P	logit=-0.853

Top tied mutations (A + B view):
A:T18V	B:T215V	logit=-0.697
A:N55S	B:N252S	logit=-0.918
A:N54V	B:N251V	logit=-1.607
A:E100V	B:E297V	logit=-2.225
A:I30V	B:I227V	logit=-2.501

Top tied mutations (C + D view):
C:V218L	D:V491L	logit=-0.465
C:K191R	D:K464R	logit=-0.514
C:S180T	D:S453T	logit=-0.658
C:N51P	D:N324P	logit=-0.768
C:T42V	D:T315V	logit=-0.798

Top tied mutations (A + B view):
A:T18V	B:T215V	logit=-0.693
A:N55S	B:N252S	logit=-0.893
A:N54V	B:N251V	logit=-1.553
A:E100V	B:E297V	logit=-2.272
A:I30V	B:I227V	logit=-2.573

Top tied mutations (C + D view):
C:V218L	D:V491L	logit=-0.397
C:K191R	D:K464R	logit=-0.533
C:S180T	D:S453T	logit=-0.683
C:T42V	D:T315V	logit=-0.746
C:N51P	D:N324P	logit=-0.837

Top tied mutations (A + B view):
A:T18V	B:T215V	logit=-0.724
A:N55S	B:N252S	logit=-0.879
A:N54V	B:N251V	logit=-1.534
A:E100V	B:E297V	logit=-2.174
A:I30V	B:I227V	logit=-2.647

Top tied mutations (C + D view):
C:V218L	D:V491L	logit=-0.408
C:K191R	D:K464R	logit=-0.562
C:S180T	D:S453T	logit=-0.658
C:T42V	D:T315V	logit=-0.726
C:N51P	D:N324P	logit=-0.777

Top tied mutations (A + B view):
A:T18V	B:T215V	logit=-0.647
A:N55S	B:N252S	logit=-0.900
A:N54V	B:N251V	logit=-1.442
A:E100V	B:E297V	logit=-2.199
A:I30V	B:I227V	logit=-2.597

Top tied mutations (C + D view):
C:V218L	D:V491L	logit=-0.483
C:K191R	D:K464R	logit=-0.586
C:S180T	D:S453T	logit=-0.676
C:T42V	D:T315V	logit=-0.716
C:N219S	D:N492S	logit=-0.932

Top tied mutations (A + B view):
A:T18V	B:T215V	logit=-0.784
A:N55S	B:N252S	logit=-0.932
A:N54V	B:N251V	logit=-1.363
A:E100V	B:E297V	logit=-2.230
A:I30V	B:I227V	logit=-2.689

Top tied mutations (C + D view):
C:V218L	D:V491L	logit=-0.427
C:K191R	D:K464R	logit=-0.515
C:S180T	D:S453T	logit=-0.647
C:T42V	D:T315V	logit=-0.726
C:N51P	D:N324P	logit=-0.763

Top tied mutations (A + B view):
A:T18V	B:T215V	logit=-0.693
A:N55S	B:N252S	logit=-0.898
A:N54V	B:N251V	logit=-1.338
A:E100V	B:E297V	logit=-2.387
A:I30V	B:I227V	logit=-2.520

Top tied mutations (C + D view):
C:V218L	D:V491L	logit=-0.444
C:K191R	D:K464R	logit=-0.490
C:S180T	D:S453T	logit=-0.651
C:T42V	D:T315V	logit=-0.728
C:N51P	D:N324P	logit=-0.883

Top tied mutations (A + B view):
A:T18V	B:T215V	logit=-0.719
A:N55S	B:N252S	logit=-0.885
A:N54V	B:N251V	logit=-1.446
A:E100V	B:E297V	logit=-2.253
A:I30V	B:I227V	logit=-2.639

Top tied mutations (C + D view):
C:V218L	D:V491L	logit=-0.495
C:K191R	D:K464R	logit=-0.528
C:S180T	D:S453T	logit=-0.653
C:T42V	D:T315V	logit=-0.741
C:N51P	D:N324P	logit=-0.809

Top tied mutations (A + B view):
A:T18V	B:T215V	logit=-0.685
A:N55S	B:N252S	logit=-0.885
A:N54V	B:N251V	logit=-1.492
A:E100V	B:E297V	logit=-2.283
A:I30V	B:I227V	logit=-2.501

Top tied mutations (C + D view):
C:V218L	D:V491L	logit=-0.419
C:K191R	D:K464R	logit=-0.550
C:S180T	D:S453T	logit=-0.653
C:T42V	D:T315V	logit=-0.727
C:N51P	D:N324P	logit=-0.781

Top tied mutations (A + B view):
A:T18V	B:T215V	logit=-0.686
A:N55S	B:N252S	logit=-0.941
A:N54V	B:N251V	logit=-1.398
A:E100V	B:E297V	logit=-2.373
A:I30V	B:I227V	logit=-2.430

Top tied mutations (C + D view):
C:V218L	D:V491L	logit=-0.432
C:K191R	D:K464R	logit=-0.633
C:S180T	D:S453T	logit=-0.651
C:T42V	D:T315V	logit=-0.723
C:N219S	D:N492S	logit=-0.919

Top tied mutations (A + B view):
A:T18V	B:T215V	logit=-0.685
A:N55S	B:N252S	logit=-0.931
A:N54V	B:N251V	logit=-1.394
A:E100V	B:E297V	logit=-2.194
A:I30V	B:I227V	logit=-2.493

Top tied mutations (C + D view):
C:V218L	D:V491L	logit=-0.480
C:K191R	D:K464R	logit=-0.552
C:S180T	D:S453T	logit=-0.648
C:T42V	D:T315V	logit=-0.739
C:N51P	D:N324P	logit=-0.823

Top tied mutations (A + B view):
A:T18V	B:T215V	logit=-0.731
A:N55S	B:N252S	logit=-0.940
A:N54V	B:N251V	logit=-1.389
A:E100V	B:E297V	logit=-2.167
A:I30V	B:I227V	logit=-2.707

Top tied mutations (C + D view):
C:V218L	D:V491L	logit=-0.492
C:K191R	D:K464R	logit=-0.591
C:S180T	D:S453T	logit=-0.650
C:T42V	D:T315V	logit=-0.707
C:N51P	D:N324P	logit=-0.833

Top tied mutations (A + B view):
A:T18V	B:T215V	logit=-0.687
A:N55S	B:N252S	logit=-0.856
A:N54V	B:N251V	logit=-1.504
A:E100V	B:E297V	logit=-2.318
A:I30V	B:I227V	logit=-2.540

Top tied mutations (C + D view):
C:V218L	D:V491L	logit=-0.441
C:K191R	D:K464R	logit=-0.556
C:S180T	D:S453T	logit=-0.652
C:T42V	D:T315V	logit=-0.742
C:N51P	D:N324P	logit=-0.840

Top tied mutations (A + B view):
A:T18V	B:T215V	logit=-0.680
A:N55S	B:N252S	logit=-0.901
A:N54V	B:N251V	logit=-1.347
A:E100V	B:E297V	logit=-2.325
A:I30V	B:I227V	logit=-2.597

Top tied mutations (C + D view):
C:V218L	D:V491L	logit=-0.453
C:K191R	D:K464R	logit=-0.616
C:S180T	D:S453T	logit=-0.675
C:T42V	D:T315V	logit=-0.706
C:S89A	D:S362A	logit=-0.888

Top tied mutations (A + B view):
A:T18V	B:T215V	logit=-0.675
A:N55S	B:N252S	logit=-0.892
A:N54V	B:N251V	logit=-1.376
A:E100V	B:E297V	logit=-2.274
A:I30V	B:I227V	logit=-2.655

Top tied mutations (C + D view):
C:V218L	D:V491L	logit=-0.451
C:K191R	D:K464R	logit=-0.553
C:S180T	D:S453T	logit=-0.643
C:T42V	D:T315V	logit=-0.813
C:S89A	D:S362A	logit=-0.836

Top tied mutations (A + B view):
A:T18V	B:T215V	logit=-0.696
A:N55S	B:N252S	logit=-0.906
A:N54V	B:N251V	logit=-1.544
A:E100V	B:E297V	logit=-2.200
A:I30V	B:I227V	logit=-2.511

Top tied mutations (C + D view):
C:V218L	D:V491L	logit=-0.451
C:K191R	D:K464R	logit=-0.607
C:S180T	D:S453T	logit=-0.659
C:T42V	D:T315V	logit=-0.672
C:S89A	D:S362A	logit=-0.895

Top tied mutations (A + B view):
A:T18V	B:T215V	logit=-0.728
A:N55S	B:N252S	logit=-0.907
A:N54V	B:N251V	logit=-1.469
A:E100V	B:E297V	logit=-2.259
A:I30V	B:I227V	logit=-2.564

Top tied mutations (C + D view):
C:V218L	D:V491L	logit=-0.460
C:K191R	D:K464R	logit=-0.575
C:S180T	D:S453T	logit=-0.644
C:T42V	D:T315V	logit=-0.693
C:N51P	D:N324P	logit=-0.746

Top tied mutations (A + B view):
A:T18V	B:T215V	logit=-0.706
A:N55S	B:N252S	logit=-0.903
A:N54V	B:N251V	logit=-1.524
A:E100V	B:E297V	logit=-2.289
A:I30V	B:I227V	logit=-2.536

Top tied mutations (C + D view):
C:V218L	D:V491L	logit=-0.452
C:K191R	D:K464R	logit=-0.518
C:S180T	D:S453T	logit=-0.662
C:T42V	D:T315V	logit=-0.804
C:N51P	D:N324P	logit=-0.825

Top tied mutations (A + B view):
A:T18V	B:T215V	logit=-0.725
A:N55S	B:N252S	logit=-0.881
A:N54V	B:N251V	logit=-1.391
A:E100V	B:E297V	logit=-2.322
A:I30V	B:I227V	logit=-2.440

Top tied mutations (C + D view):
C:V218L	D:V491L	logit=-0.470
C:K191R	D:K464R	logit=-0.566
C:S180T	D:S453T	logit=-0.637
C:N51P	D:N324P	logit=-0.711
C:T42V	D:T315V	logit=-0.721

Top tied mutations (A + B view):
A:T18V	B:T215V	logit=-0.673
A:N55S	B:N252S	logit=-0.959
A:N54V	B:N251V	logit=-1.463
A:E100V	B:E297V	logit=-2.210
A:I30V	B:I227V	logit=-2.534

Top tied mutations (C + D view):
C:V218L	D:V491L	logit=-0.442
C:K191R	D:K464R	logit=-0.538
C:S180T	D:S453T	logit=-0.640
C:T42V	D:T315V	logit=-0.752
C:S89A	D:S362A	logit=-0.862

Top tied mutations (A + B view):
A:T18V	B:T215V	logit=-0.612
A:N55S	B:N252S	logit=-0.947
A:N54V	B:N251V	logit=-1.470
A:E100V	B:E297V	logit=-2.296
A:I30V	B:I227V	logit=-2.617

Top tied mutations (C + D view):
C:V218L	D:V491L	logit=-0.483
C:K191R	D:K464R	logit=-0.585
C:S180T	D:S453T	logit=-0.649
C:T42V	D:T315V	logit=-0.777
C:S89A	D:S362A	logit=-0.816

Top tied mutations (A + B view):
A:T18V	B:T215V	logit=-0.690
A:N55S	B:N252S	logit=-0.868
A:N54V	B:N251V	logit=-1.367
A:E100V	B:E297V	logit=-2.205
A:I30V	B:I227V	logit=-2.535

Top tied mutations (C + D view):
C:V218L	D:V491L	logit=-0.417
C:K191R	D:K464R	logit=-0.511
C:S180T	D:S453T	logit=-0.668
C:T42V	D:T315V	logit=-0.739
C:N51P	D:N324P	logit=-0.846

Top tied mutations (A + B view):
A:T18V	B:T215V	logit=-0.706
A:N55S	B:N252S	logit=-0.991
A:N54V	B:N251V	logit=-1.341
A:E100V	B:E297V	logit=-2.318
A:V102I	B:V299I	logit=-2.782

Top tied mutations (C + D view):
C:V218L	D:V491L	logit=-0.468
C:K191R	D:K464R	logit=-0.519
C:S180T	D:S453T	logit=-0.651
C:T42V	D:T315V	logit=-0.718
C:S89A	D:S362A	logit=-0.876

Top tied mutations (A + B view):
A:T18V	B:T215V	logit=-0.667
A:N55S	B:N252S	logit=-0.969
A:N54V	B:N251V	logit=-1.536
A:E100V	B:E297V	logit=-2.206
A:I30V	B:I227V	logit=-2.589

Top tied mutations (C + D view):
C:V218L	D:V491L	logit=-0.451
C:K191R	D:K464R	logit=-0.576
C:S180T	D:S453T	logit=-0.659
C:T42V	D:T315V	logit=-0.755
C:N219S	D:N492S	logit=-0.931

Top tied mutations (A + B view):
A:T18V	B:T215V	logit=-0.731
A:N55S	B:N252S	logit=-0.894
A:N54V	B:N251V	logit=-1.410
A:E100V	B:E297V	logit=-2.314
A:I30V	B:I227V	logit=-2.608

Top tied mutations (C + D view):
C:V218L	D:V491L	logit=-0.418
C:K191R	D:K464R	logit=-0.479
C:S180T	D:S453T	logit=-0.658
C:T42V	D:T315V	logit=-0.676
C:N51P	D:N324P	logit=-0.750

Top tied mutations (A + B view):
A:T18V	B:T215V	logit=-0.685
A:N55S	B:N252S	logit=-0.901
A:N54V	B:N251V	logit=-1.568
A:E100V	B:E297V	logit=-2.289
A:I30V	B:I227V	logit=-2.547

Top tied mutations (C + D view):
C:V218L	D:V491L	logit=-0.462
C:K191R	D:K464R	logit=-0.589
C:S180T	D:S453T	logit=-0.667
C:T42V	D:T315V	logit=-0.716
C:A168P	D:A441P	logit=-0.909

Top tied mutations (A + B view):
A:T18V	B:T215V	logit=-0.711
A:N55S	B:N252S	logit=-0.875
A:N54V	B:N251V	logit=-1.458
A:E100V	B:E297V	logit=-2.363
A:I30V	B:I227V	logit=-2.514

Top tied mutations (C + D view):
C:V218L	D:V491L	logit=-0.474
C:K191R	D:K464R	logit=-0.585
C:S180T	D:S453T	logit=-0.650
C:T42V	D:T315V	logit=-0.782
C:N51P	D:N324P	logit=-0.849

Top tied mutations (A + B view):
A:T18V	B:T215V	logit=-0.708
A:N55S	B:N252S	logit=-0.996
A:N54V	B:N251V	logit=-1.401
A:E100V	B:E297V	logit=-2.367
A:I30V	B:I227V	logit=-2.544

Top tied mutations (C + D view):
C:V218L	D:V491L	logit=-0.425
C:K191R	D:K464R	logit=-0.552
C:S180T	D:S453T	logit=-0.690
C:T42V	D:T315V	logit=-0.704
C:N51P	D:N324P	logit=-0.803

Top tied mutations (A + B view):
A:T18V	B:T215V	logit=-0.694
A:N55S	B:N252S	logit=-0.954
A:N54V	B:N251V	logit=-1.486
A:E100V	B:E297V	logit=-2.376
A:I30V	B:I227V	logit=-2.652

Top tied mutations (C + D view):
C:V218L	D:V491L	logit=-0.472
C:K191R	D:K464R	logit=-0.631
C:S180T	D:S453T	logit=-0.649
C:T42V	D:T315V	logit=-0.678
C:N51P	D:N324P	logit=-0.780

Top tied mutations (A + B view):
A:T18V	B:T215V	logit=-0.710
A:N55S	B:N252S	logit=-0.879
A:N54V	B:N251V	logit=-1.411
A:E100V	B:E297V	logit=-2.302
A:I30V	B:I227V	logit=-2.565

Top tied mutations (C + D view):
C:V218L	D:V491L	logit=-0.485
C:K191R	D:K464R	logit=-0.577
C:S180T	D:S453T	logit=-0.659
C:T42V	D:T315V	logit=-0.729
C:S89A	D:S362A	logit=-0.865

Top tied mutations (A + B view):
A:T18V	B:T215V	logit=-0.752
A:N55S	B:N252S	logit=-0.921
A:N54V	B:N251V	logit=-1.501
A:E100V	B:E297V	logit=-2.358
A:I30V	B:I227V	logit=-2.508

Top tied mutations (C + D view):
C:V218L	D:V491L	logit=-0.492
C:K191R	D:K464R	logit=-0.540
C:S180T	D:S453T	logit=-0.672
C:T42V	D:T315V	logit=-0.692
C:N51P	D:N324P	logit=-0.826

Top tied mutations (A + B view):
A:T18V	B:T215V	logit=-0.737
A:N55S	B:N252S	logit=-0.943
A:N54V	B:N251V	logit=-1.496
A:E100V	B:E297V	logit=-2.261
A:I30V	B:I227V	logit=-2.707

Top tied mutations (C + D view):
C:V218L	D:V491L	logit=-0.479
C:K191R	D:K464R	logit=-0.551
C:S180T	D:S453T	logit=-0.644
C:T42V	D:T315V	logit=-0.720
C:N51P	D:N324P	logit=-0.782

Top tied mutations (A + B view):
A:T18V	B:T215V	logit=-0.612
A:N55S	B:N252S	logit=-0.921
A:N54V	B:N251V	logit=-1.471
A:E100V	B:E297V	logit=-2.225
A:I30V	B:I227V	logit=-2.424

Top tied mutations (C + D view):
C:V218L	D:V491L	logit=-0.482
C:K191R	D:K464R	logit=-0.530
C:S180T	D:S453T	logit=-0.671
C:T42V	D:T315V	logit=-0.730
C:N51P	D:N324P	logit=-0.791

Top tied mutations (A + B view):
A:T18V	B:T215V	logit=-0.686
A:N55S	B:N252S	logit=-0.893
A:N54V	B:N251V	logit=-1.542
A:E100V	B:E297V	logit=-2.304
A:I30V	B:I227V	logit=-2.481

Top tied mutations (C + D view):
C:V218L	D:V491L	logit=-0.424
C:K191R	D:K464R	logit=-0.547
C:S180T	D:S453T	logit=-0.671
C:T42V	D:T315V	logit=-0.748
C:S89A	D:S362A	logit=-0.871

Top tied mutations (A + B view):
A:T18V	B:T215V	logit=-0.662
A:N55S	B:N252S	logit=-0.862
A:N54V	B:N251V	logit=-1.358
A:E100V	B:E297V	logit=-2.253
A:I30V	B:I227V	logit=-2.552

Top tied mutations (C + D view):
C:V218L	D:V491L	logit=-0.484
C:K191R	D:K464R	logit=-0.545
C:S180T	D:S453T	logit=-0.645
C:T42V	D:T315V	logit=-0.737
C:N51P	D:N324P	logit=-0.764

Top tied mutations (A + B view):
A:T18V	B:T215V	logit=-0.683
A:N55S	B:N252S	logit=-0.923
A:N54V	B:N251V	logit=-1.420
A:E100V	B:E297V	logit=-2.305
A:I30V	B:I227V	logit=-2.700

Top tied mutations (C + D view):
C:V218L	D:V491L	logit=-0.460
C:K191R	D:K464R	logit=-0.541
C:S180T	D:S453T	logit=-0.618
C:T42V	D:T315V	logit=-0.744
C:N51P	D:N324P	logit=-0.747

Top tied mutations (A + B view):
A:T18V	B:T215V	logit=-0.670
A:N55S	B:N252S	logit=-0.844
A:N54V	B:N251V	logit=-1.387
A:E100V	B:E297V	logit=-2.298
A:I30V	B:I227V	logit=-2.593

Top tied mutations (C + D view):
C:V218L	D:V491L	logit=-0.432
C:K191R	D:K464R	logit=-0.566
C:S180T	D:S453T	logit=-0.657
C:T42V	D:T315V	logit=-0.748
C:N51P	D:N324P	logit=-0.860

Top tied mutations (A + B view):
A:T18V	B:T215V	logit=-0.721
A:N55S	B:N252S	logit=-0.919
A:N54V	B:N251V	logit=-1.398
A:E100V	B:E297V	logit=-2.260
A:I30V	B:I227V	logit=-2.553

Top tied mutations (C + D view):
C:V218L	D:V491L	logit=-0.462
C:K191R	D:K464R	logit=-0.554
C:S180T	D:S453T	logit=-0.626
C:T42V	D:T315V	logit=-0.736
C:S89A	D:S362A	logit=-0.900

Top tied mutations (A + B view):
A:T18V	B:T215V	logit=-0.636
A:N55S	B:N252S	logit=-0.895
A:N54V	B:N251V	logit=-1.382
A:E100V	B:E297V	logit=-2.334
A:I30V	B:I227V	logit=-2.659

Top tied mutations (C + D view):
C:V218L	D:V491L	logit=-0.403
C:K191R	D:K464R	logit=-0.570
C:S180T	D:S453T	logit=-0.674
C:T42V	D:T315V	logit=-0.748
C:N51P	D:N324P	logit=-0.859

Top tied mutations (A + B view):
A:T18V	B:T215V	logit=-0.708
A:N55S	B:N252S	logit=-0.930
A:N54V	B:N251V	logit=-1.492
A:E100V	B:E297V	logit=-2.293
A:I30V	B:I227V	logit=-2.510

Top tied mutations (C + D view):
C:V218L	D:V491L	logit=-0.482
C:K191R	D:K464R	logit=-0.514
C:S180T	D:S453T	logit=-0.692
C:T42V	D:T315V	logit=-0.728
C:N51P	D:N324P	logit=-0.809

Top tied mutations (A + B view):
A:T18V	B:T215V	logit=-0.720
A:N55S	B:N252S	logit=-0.918
A:N54V	B:N251V	logit=-1.402
A:E100V	B:E297V	logit=-2.237
A:I30V	B:I227V	logit=-2.651

Top tied mutations (C + D view):
C:V218L	D:V491L	logit=-0.435
C:K191R	D:K464R	logit=-0.584
C:S180T	D:S453T	logit=-0.661
C:T42V	D:T315V	logit=-0.706
C:N51P	D:N324P	logit=-0.914

Top tied mutations (A + B view):
A:T18V	B:T215V	logit=-0.690
A:N55S	B:N252S	logit=-0.996
A:N54V	B:N251V	logit=-1.353
A:E100V	B:E297V	logit=-2.495
A:I30V	B:I227V	logit=-2.660

Top tied mutations (C + D view):
C:V218L	D:V491L	logit=-0.460
C:K191R	D:K464R	logit=-0.551
C:S180T	D:S453T	logit=-0.618
C:T42V	D:T315V	logit=-0.770
C:N51P	D:N324P	logit=-0.813

Top tied mutations (A + B view):
A:T18V	B:T215V	logit=-0.659
A:N55S	B:N252S	logit=-0.875
A:N54V	B:N251V	logit=-1.475
A:E100V	B:E297V	logit=-2.417
A:I30V	B:I227V	logit=-2.593

Top tied mutations (C + D view):
C:V218L	D:V491L	logit=-0.406
C:K191R	D:K464R	logit=-0.498
C:S180T	D:S453T	logit=-0.634
C:T42V	D:T315V	logit=-0.677
C:N51P	D:N324P	logit=-0.806

Top tied mutations (A + B view):
A:T18V	B:T215V	logit=-0.628
A:N55S	B:N252S	logit=-0.951
A:N54V	B:N251V	logit=-1.294
A:E100V	B:E297V	logit=-2.300
A:I30V	B:I227V	logit=-2.677

Top tied mutations (C + D view):
C:V218L	D:V491L	logit=-0.489
C:K191R	D:K464R	logit=-0.540
C:S180T	D:S453T	logit=-0.665
C:T42V	D:T315V	logit=-0.750
C:N51P	D:N324P	logit=-0.807

Top tied mutations (A + B view):
A:T18V	B:T215V	logit=-0.679
A:N55S	B:N252S	logit=-0.954
A:N54V	B:N251V	logit=-1.476
A:E100V	B:E297V	logit=-2.326
A:I30V	B:I227V	logit=-2.573

Top tied mutations (C + D view):
C:V218L	D:V491L	logit=-0.430
C:K191R	D:K464R	logit=-0.554
C:S180T	D:S453T	logit=-0.640
C:T42V	D:T315V	logit=-0.734
C:S89A	D:S362A	logit=-0.811

Top tied mutations (A + B view):
A:T18V	B:T215V	logit=-0.678
A:N55S	B:N252S	logit=-0.866
A:N54V	B:N251V	logit=-1.513
A:E100V	B:E297V	logit=-2.328
A:I30V	B:I227V	logit=-2.598

Top tied mutations (C + D view):
C:V218L	D:V491L	logit=-0.474
C:K191R	D:K464R	logit=-0.613
C:S180T	D:S453T	logit=-0.665
C:T42V	D:T315V	logit=-0.707
C:N51P	D:N324P	logit=-0.857

Top tied mutations (A + B view):
A:T18V	B:T215V	logit=-0.695
A:N55S	B:N252S	logit=-0.959
A:N54V	B:N251V	logit=-1.421
A:E100V	B:E297V	logit=-2.313
A:I30V	B:I227V	logit=-2.532

Top tied mutations (C + D view):
C:V218L	D:V491L	logit=-0.472
C:K191R	D:K464R	logit=-0.585
C:S180T	D:S453T	logit=-0.676
C:N51P	D:N324P	logit=-0.770
C:T42V	D:T315V	logit=-0.783

Top tied mutations (A + B view):
A:T18V	B:T215V	logit=-0.755
A:N55S	B:N252S	logit=-0.850
A:N54V	B:N251V	logit=-1.527
A:E100V	B:E297V	logit=-2.296
A:I30V	B:I227V	logit=-2.643

Top tied mutations (C + D view):
C:V218L	D:V491L	logit=-0.491
C:K191R	D:K464R	logit=-0.555
C:S180T	D:S453T	logit=-0.690
C:T42V	D:T315V	logit=-0.758
C:N51P	D:N324P	logit=-0.797

Top tied mutations (A + B view):
A:T18V	B:T215V	logit=-0.626
A:N55S	B:N252S	logit=-0.971
A:N54V	B:N251V	logit=-1.378
A:E100V	B:E297V	logit=-2.196
A:I30V	B:I227V	logit=-2.584

Top tied mutations (C + D view):
C:V218L	D:V491L	logit=-0.410
C:K191R	D:K464R	logit=-0.585
C:S180T	D:S453T	logit=-0.662
C:T42V	D:T315V	logit=-0.728
C:N51P	D:N324P	logit=-0.860

Top tied mutations (A + B view):
A:T18V	B:T215V	logit=-0.767
A:N55S	B:N252S	logit=-0.938
A:N54V	B:N251V	logit=-1.407
A:I30V	B:I227V	logit=-2.415
A:E100V	B:E297V	logit=-2.418

Top tied mutations (C + D view):
C:V218L	D:V491L	logit=-0.463
C:K191R	D:K464R	logit=-0.558
C:S180T	D:S453T	logit=-0.663
C:T42V	D:T315V	logit=-0.743
C:N51P	D:N324P	logit=-0.823

Top tied mutations (A + B view):
A:T18V	B:T215V	logit=-0.695
A:N55S	B:N252S	logit=-0.926
A:N54V	B:N251V	logit=-1.476
A:E100V	B:E297V	logit=-2.168
A:I30V	B:I227V	logit=-2.589

Top tied mutations (C + D view):
C:V218L	D:V491L	logit=-0.488
C:K191R	D:K464R	logit=-0.506
C:S180T	D:S453T	logit=-0.653
C:T42V	D:T315V	logit=-0.682
C:N51P	D:N324P	logit=-0.808

Top tied mutations (A + B view):
A:T18V	B:T215V	logit=-0.685
A:N55S	B:N252S	logit=-0.864
A:N54V	B:N251V	logit=-1.318
A:E100V	B:E297V	logit=-2.303
A:I30V	B:I227V	logit=-2.549

Top tied mutations (C + D view):
C:V218L	D:V491L	logit=-0.466
C:K191R	D:K464R	logit=-0.519
C:S180T	D:S453T	logit=-0.634
C:T42V	D:T315V	logit=-0.739
C:S89A	D:S362A	logit=-0.822

Top tied mutations (A + B view):
A:T18V	B:T215V	logit=-0.646
A:N55S	B:N252S	logit=-0.937
A:N54V	B:N251V	logit=-1.486
A:E100V	B:E297V	logit=-2.227
A:I30V	B:I227V	logit=-2.476

Top tied mutations (C + D view):
C:V218L	D:V491L	logit=-0.420
C:K191R	D:K464R	logit=-0.599
C:S180T	D:S453T	logit=-0.664
C:T42V	D:T315V	logit=-0.764
C:N51P	D:N324P	logit=-0.898

Top tied mutations (A + B view):
A:T18V	B:T215V	logit=-0.681
A:N55S	B:N252S	logit=-0.846
A:N54V	B:N251V	logit=-1.517
A:E100V	B:E297V	logit=-2.293
A:I30V	B:I227V	logit=-2.499

Top tied mutations (C + D view):
C:V218L	D:V491L	logit=-0.417
C:K191R	D:K464R	logit=-0.513
C:S180T	D:S453T	logit=-0.640
C:T42V	D:T315V	logit=-0.780
C:N51P	D:N324P	logit=-0.852

Top tied mutations (A + B view):
A:T18V	B:T215V	logit=-0.727
A:N55S	B:N252S	logit=-0.851
A:N54V	B:N251V	logit=-1.381
A:E100V	B:E297V	logit=-2.431
A:I30V	B:I227V	logit=-2.508

Top tied mutations (C + D view):
C:V218L	D:V491L	logit=-0.439
C:K191R	D:K464R	logit=-0.518
C:S180T	D:S453T	logit=-0.658
C:T42V	D:T315V	logit=-0.760
C:S89A	D:S362A	logit=-0.847

Top tied mutations (A + B view):
A:T18V	B:T215V	logit=-0.690
A:N55S	B:N252S	logit=-0.889
A:N54V	B:N251V	logit=-1.439
A:E100V	B:E297V	logit=-2.319
A:I30V	B:I227V	logit=-2.491

Top tied mutations (C + D view):
C:V218L	D:V491L	logit=-0.405
C:K191R	D:K464R	logit=-0.583
C:S180T	D:S453T	logit=-0.667
C:T42V	D:T315V	logit=-0.742
C:S89A	D:S362A	logit=-0.915

Top tied mutations (A + B view):
A:T18V	B:T215V	logit=-0.765
A:N55S	B:N252S	logit=-0.850
A:N54V	B:N251V	logit=-1.335
A:E100V	B:E297V	logit=-2.295
A:I30V	B:I227V	logit=-2.715

Top tied mutations (C + D view):
C:V218L	D:V491L	logit=-0.430
C:K191R	D:K464R	logit=-0.522
C:S180T	D:S453T	logit=-0.638
C:T42V	D:T315V	logit=-0.793
C:N51P	D:N324P	logit=-0.843

Top tied mutations (A + B view):
A:T18V	B:T215V	logit=-0.674
A:N55S	B:N252S	logit=-0.897
A:N54V	B:N251V	logit=-1.371
A:E100V	B:E297V	logit=-2.293
A:I30V	B:I227V	logit=-2.624

Top tied mutations (C + D view):
C:V218L	D:V491L	logit=-0.443
C:K191R	D:K464R	logit=-0.620
C:S180T	D:S453T	logit=-0.634
C:T42V	D:T315V	logit=-0.726
C:S89A	D:S362A	logit=-0.895

Top tied mutations (A + B view):
A:T18V	B:T215V	logit=-0.713
A:N55S	B:N252S	logit=-0.911
A:N54V	B:N251V	logit=-1.412
A:E100V	B:E297V	logit=-2.416
A:I30V	B:I227V	logit=-2.582

Top tied mutations (C + D view):
C:V218L	D:V491L	logit=-0.426
C:K191R	D:K464R	logit=-0.623
C:S180T	D:S453T	logit=-0.666
C:T42V	D:T315V	logit=-0.715
C:N219S	D:N492S	logit=-0.927

Top tied mutations (A + B view):
A:T18V	B:T215V	logit=-0.688
A:N55S	B:N252S	logit=-0.914
A:N54V	B:N251V	logit=-1.442
A:E100V	B:E297V	logit=-2.289
A:I30V	B:I227V	logit=-2.452

Top tied mutations (C + D view):
C:V218L	D:V491L	logit=-0.398
C:K191R	D:K464R	logit=-0.526
C:S180T	D:S453T	logit=-0.671
C:T42V	D:T315V	logit=-0.777
C:N51P	D:N324P	logit=-0.875

Top tied mutations (A + B view):
A:T18V	B:T215V	logit=-0.686
A:N55S	B:N252S	logit=-0.888
A:N54V	B:N251V	logit=-1.422
A:E100V	B:E297V	logit=-2.327
A:V102I	B:V299I	logit=-2.706

Top tied mutations (C + D view):
C:V218L	D:V491L	logit=-0.463
C:K191R	D:K464R	logit=-0.575
C:S180T	D:S453T	logit=-0.670
C:T42V	D:T315V	logit=-0.694
C:N51P	D:N324P	logit=-0.742

Top tied mutations (A + B view):
A:T18V	B:T215V	logit=-0.755
A:N55S	B:N252S	logit=-0.952
A:N54V	B:N251V	logit=-1.385
A:E100V	B:E297V	logit=-2.257
A:I30V	B:I227V	logit=-2.530

Top tied mutations (C + D view):
C:V218L	D:V491L	logit=-0.419
C:K191R	D:K464R	logit=-0.585
C:S180T	D:S453T	logit=-0.642
C:T42V	D:T315V	logit=-0.718
C:N51P	D:N324P	logit=-0.850

Top tied mutations (A + B view):
A:T18V	B:T215V	logit=-0.745
A:N55S	B:N252S	logit=-0.903
A:N54V	B:N251V	logit=-1.301
A:E100V	B:E297V	logit=-2.170
A:N57R	B:N254R	logit=-2.720

Top tied mutations (C + D view):
C:V218L	D:V491L	logit=-0.456
C:K191R	D:K464R	logit=-0.579
C:S180T	D:S453T	logit=-0.661
C:T42V	D:T315V	logit=-0.742
C:N51P	D:N324P	logit=-0.798

Top tied mutations (A + B view):
A:T18V	B:T215V	logit=-0.710
A:N55S	B:N252S	logit=-0.927
A:N54V	B:N251V	logit=-1.487
A:E100V	B:E297V	logit=-2.169
A:I30V	B:I227V	logit=-2.704

Top tied mutations (C + D view):
C:V218L	D:V491L	logit=-0.451
C:K191R	D:K464R	logit=-0.566
C:S180T	D:S453T	logit=-0.635
C:T42V	D:T315V	logit=-0.763
C:N51P	D:N324P	logit=-0.805

Top tied mutations (A + B view):
A:T18V	B:T215V	logit=-0.687
A:N55S	B:N252S	logit=-0.898
A:N54V	B:N251V	logit=-1.418
A:E100V	B:E297V	logit=-2.254
A:I30V	B:I227V	logit=-2.666

Top tied mutations (C + D view):
C:V218L	D:V491L	logit=-0.459
C:K191R	D:K464R	logit=-0.570
C:S180T	D:S453T	logit=-0.658
C:T42V	D:T315V	logit=-0.787
C:N51P	D:N324P	logit=-0.848

Top tied mutations (A + B view):
A:T18V	B:T215V	logit=-0.684
A:N55S	B:N252S	logit=-0.967
A:N54V	B:N251V	logit=-1.435
A:E100V	B:E297V	logit=-2.415
A:I30V	B:I227V	logit=-2.713

Top tied mutations (C + D view):
C:V218L	D:V491L	logit=-0.449
C:K191R	D:K464R	logit=-0.575
C:S180T	D:S453T	logit=-0.644
C:T42V	D:T315V	logit=-0.767
C:N51P	D:N324P	logit=-0.823

Top tied mutations (A + B view):
A:T18V	B:T215V	logit=-0.695
A:N55S	B:N252S	logit=-0.913
A:N54V	B:N251V	logit=-1.306
A:E100V	B:E297V	logit=-2.240
A:I30V	B:I227V	logit=-2.605

Top tied mutations (C + D view):
C:V218L	D:V491L	logit=-0.451
C:K191R	D:K464R	logit=-0.545
C:S180T	D:S453T	logit=-0.626
C:T42V	D:T315V	logit=-0.774
C:N51P	D:N324P	logit=-0.859

Top tied mutations (A + B view):
A:T18V	B:T215V	logit=-0.692
A:N55S	B:N252S	logit=-0.900
A:N54V	B:N251V	logit=-1.383
A:E100V	B:E297V	logit=-2.252
A:I30V	B:I227V	logit=-2.523

Top tied mutations (C + D view):
C:V218L	D:V491L	logit=-0.461
C:K191R	D:K464R	logit=-0.539
C:S180T	D:S453T	logit=-0.641
C:T42V	D:T315V	logit=-0.819
C:N51P	D:N324P	logit=-0.827

Top tied mutations (A + B view):
A:T18V	B:T215V	logit=-0.700
A:N55S	B:N252S	logit=-0.979
A:N54V	B:N251V	logit=-1.524
A:E100V	B:E297V	logit=-2.271
A:I30V	B:I227V	logit=-2.584

Top tied mutations (C + D view):
C:V218L	D:V491L	logit=-0.440
C:K191R	D:K464R	logit=-0.522
C:S180T	D:S453T	logit=-0.651
C:T42V	D:T315V	logit=-0.784
C:N51P	D:N324P	logit=-0.862

Top tied mutations (A + B view):
A:T18V	B:T215V	logit=-0.714
A:N55S	B:N252S	logit=-0.840
A:N54V	B:N251V	logit=-1.452
A:E100V	B:E297V	logit=-2.231
A:I30V	B:I227V	logit=-2.517

Top tied mutations (C + D view):
C:K191R	D:K464R	logit=-0.486
C:V218L	D:V491L	logit=-0.488
C:S180T	D:S453T	logit=-0.653
C:T42V	D:T315V	logit=-0.707
C:N51P	D:N324P	logit=-0.826

Top tied mutations (A + B view):
A:T18V	B:T215V	logit=-0.758
A:N55S	B:N252S	logit=-0.879
A:N54V	B:N251V	logit=-1.421
A:E100V	B:E297V	logit=-2.187
A:I30V	B:I227V	logit=-2.472

Top tied mutations (C + D view):
C:V218L	D:V491L	logit=-0.471
C:K191R	D:K464R	logit=-0.534
C:S180T	D:S453T	logit=-0.631
C:T42V	D:T315V	logit=-0.664
C:N51P	D:N324P	logit=-0.698

Top tied mutations (A + B view):
A:T18V	B:T215V	logit=-0.687
A:N55S	B:N252S	logit=-0.946
A:N54V	B:N251V	logit=-1.552
A:E100V	B:E297V	logit=-2.212
A:I30V	B:I227V	logit=-2.546

Top tied mutations (C + D view):
C:V218L	D:V491L	logit=-0.488
C:K191R	D:K464R	logit=-0.562
C:S180T	D:S453T	logit=-0.693
C:T42V	D:T315V	logit=-0.747
C:S89A	D:S362A	logit=-0.849

Top tied mutations (A + B view):
A:T18V	B:T215V	logit=-0.693
A:N55S	B:N252S	logit=-0.878
A:N54V	B:N251V	logit=-1.341
A:E100V	B:E297V	logit=-2.278
A:I30V	B:I227V	logit=-2.471

Top tied mutations (C + D view):
C:V218L	D:V491L	logit=-0.446
C:K191R	D:K464R	logit=-0.552
C:S180T	D:S453T	logit=-0.683
C:T42V	D:T315V	logit=-0.702
C:N51P	D:N324P	logit=-0.867

Top tied mutations (A + B view):
A:T18V	B:T215V	logit=-0.731
A:N55S	B:N252S	logit=-0.932
A:N54V	B:N251V	logit=-1.529
A:E100V	B:E297V	logit=-2.315
A:I30V	B:I227V	logit=-2.540

Top tied mutations (C + D view):
C:V218L	D:V491L	logit=-0.465
C:K191R	D:K464R	logit=-0.545
C:S180T	D:S453T	logit=-0.652
C:T42V	D:T315V	logit=-0.745
C:N51P	D:N324P	logit=-0.806

Top tied mutations (A + B view):
A:T18V	B:T215V	logit=-0.748
A:N55S	B:N252S	logit=-0.949
A:N54V	B:N251V	logit=-1.371
A:E100V	B:E297V	logit=-2.242
A:I30V	B:I227V	logit=-2.499

Top tied mutations (C + D view):
C:V218L	D:V491L	logit=-0.433
C:K191R	D:K464R	logit=-0.573
C:S180T	D:S453T	logit=-0.650
C:T42V	D:T315V	logit=-0.786
C:S89A	D:S362A	logit=-0.871

Top tied mutations (A + B view):
A:T18V	B:T215V	logit=-0.738
A:N55S	B:N252S	logit=-0.880
A:N54V	B:N251V	logit=-1.355
A:E100V	B:E297V	logit=-2.331
A:I30V	B:I227V	logit=-2.522

Top tied mutations (C + D view):
C:V218L	D:V491L	logit=-0.464
C:K191R	D:K464R	logit=-0.553
C:S180T	D:S453T	logit=-0.665
C:T42V	D:T315V	logit=-0.753
C:N51P	D:N324P	logit=-0.871

Top tied mutations (A + B view):
A:T18V	B:T215V	logit=-0.684
A:N55S	B:N252S	logit=-0.915
A:N54V	B:N251V	logit=-1.548
A:E100V	B:E297V	logit=-2.308
A:I30V	B:I227V	logit=-2.576

Top tied mutations (C + D view):
C:V218L	D:V491L	logit=-0.463
C:K191R	D:K464R	logit=-0.607
C:S180T	D:S453T	logit=-0.658
C:T42V	D:T315V	logit=-0.707
C:S89A	D:S362A	logit=-0.845

Top tied mutations (A + B view):
A:T18V	B:T215V	logit=-0.706
A:N55S	B:N252S	logit=-0.919
A:N54V	B:N251V	logit=-1.387
A:E100V	B:E297V	logit=-2.207
A:I30V	B:I227V	logit=-2.702

Top tied mutations (C + D view):
C:V218L	D:V491L	logit=-0.444
C:K191R	D:K464R	logit=-0.626
C:S180T	D:S453T	logit=-0.664
C:T42V	D:T315V	logit=-0.738
C:S89A	D:S362A	logit=-0.832

Top tied mutations (A + B view):
A:T18V	B:T215V	logit=-0.678
A:N55S	B:N252S	logit=-0.958
A:N54V	B:N251V	logit=-1.462
A:E100V	B:E297V	logit=-2.295
A:I30V	B:I227V	logit=-2.515

Top tied mutations (C + D view):
C:V218L	D:V491L	logit=-0.502
C:K191R	D:K464R	logit=-0.602
C:S180T	D:S453T	logit=-0.673
C:T42V	D:T315V	logit=-0.750
C:A168P	D:A441P	logit=-0.913

Top tied mutations (A + B view):
A:T18V	B:T215V	logit=-0.679
A:N55S	B:N252S	logit=-0.907
A:N54V	B:N251V	logit=-1.378
A:E100V	B:E297V	logit=-2.326
A:I30V	B:I227V	logit=-2.605

Top tied mutations (C + D view):
C:V218L	D:V491L	logit=-0.440
C:K191R	D:K464R	logit=-0.531
C:S180T	D:S453T	logit=-0.662
C:T42V	D:T315V	logit=-0.732
C:N51P	D:N324P	logit=-0.856

Top tied mutations (A + B view):
A:T18V	B:T215V	logit=-0.777
A:N55S	B:N252S	logit=-0.887
A:N54V	B:N251V	logit=-1.433
A:E100V	B:E297V	logit=-2.367
A:I30V	B:I227V	logit=-2.569

Top tied mutations (C + D view):
C:V218L	D:V491L	logit=-0.451
C:K191R	D:K464R	logit=-0.574
C:S180T	D:S453T	logit=-0.656
C:T42V	D:T315V	logit=-0.782
C:S89A	D:S362A	logit=-0.880

Top tied mutations (A + B view):
A:T18V	B:T215V	logit=-0.731
A:N55S	B:N252S	logit=-0.875
A:N54V	B:N251V	logit=-1.418
A:E100V	B:E297V	logit=-2.218
A:I30V	B:I227V	logit=-2.528

Top tied mutations (C + D view):
C:V218L	D:V491L	logit=-0.439
C:K191R	D:K464R	logit=-0.539
C:S180T	D:S453T	logit=-0.662
C:T42V	D:T315V	logit=-0.713
C:N51P	D:N324P	logit=-0.863

Top tied mutations (A + B view):
A:T18V	B:T215V	logit=-0.665
A:N55S	B:N252S	logit=-0.899
A:N54V	B:N251V	logit=-1.350
A:E100V	B:E297V	logit=-2.325
A:I30V	B:I227V	logit=-2.487

Top tied mutations (C + D view):
C:V218L	D:V491L	logit=-0.484
C:K191R	D:K464R	logit=-0.500
C:S180T	D:S453T	logit=-0.645
C:T42V	D:T315V	logit=-0.770
C:S89A	D:S362A	logit=-0.841

Top tied mutations (A + B view):
A:T18V	B:T215V	logit=-0.711
A:N55S	B:N252S	logit=-0.921
A:N54V	B:N251V	logit=-1.437
A:E100V	B:E297V	logit=-2.372
A:I30V	B:I227V	logit=-2.499

Top tied mutations (C + D view):
C:V218L	D:V491L	logit=-0.477
C:K191R	D:K464R	logit=-0.603
C:S180T	D:S453T	logit=-0.667
C:N51P	D:N324P	logit=-0.736
C:T42V	D:T315V	logit=-0.755

Top tied mutations (A + B view):
A:T18V	B:T215V	logit=-0.756
A:N55S	B:N252S	logit=-0.899
A:N54V	B:N251V	logit=-1.399
A:E100V	B:E297V	logit=-2.344
A:I30V	B:I227V	logit=-2.632

Top tied mutations (C + D view):
C:V218L	D:V491L	logit=-0.498
C:K191R	D:K464R	logit=-0.520
C:S180T	D:S453T	logit=-0.645
C:T42V	D:T315V	logit=-0.731
C:N51P	D:N324P	logit=-0.739

Top tied mutations (A + B view):
A:T18V	B:T215V	logit=-0.674
A:N55S	B:N252S	logit=-0.883
A:N54V	B:N251V	logit=-1.445
A:E100V	B:E297V	logit=-2.259
A:I30V	B:I227V	logit=-2.634

Top tied mutations (C + D view):
C:V218L	D:V491L	logit=-0.453
C:K191R	D:K464R	logit=-0.576
C:S180T	D:S453T	logit=-0.648
C:T42V	D:T315V	logit=-0.697
C:S89A	D:S362A	logit=-0.816

Top tied mutations (A + B view):
A:T18V	B:T215V	logit=-0.670
A:N55S	B:N252S	logit=-0.933
A:N54V	B:N251V	logit=-1.446
A:E100V	B:E297V	logit=-2.304
A:I30V	B:I227V	logit=-2.670

Top tied mutations (C + D view):
C:V218L	D:V491L	logit=-0.414
C:K191R	D:K464R	logit=-0.541
C:S180T	D:S453T	logit=-0.673
C:T42V	D:T315V	logit=-0.743
C:N51P	D:N324P	logit=-0.894

Top tied mutations (A + B view):
A:T18V	B:T215V	logit=-0.678
A:N55S	B:N252S	logit=-0.903
A:N54V	B:N251V	logit=-1.376
A:E100V	B:E297V	logit=-2.260
A:I30V	B:I227V	logit=-2.556

Top tied mutations (C + D view):
C:V218L	D:V491L	logit=-0.399
C:K191R	D:K464R	logit=-0.504
C:S180T	D:S453T	logit=-0.634
C:T42V	D:T315V	logit=-0.710
C:A168P	D:A441P	logit=-0.902

Top tied mutations (A + B view):
A:T18V	B:T215V	logit=-0.687
A:N55S	B:N252S	logit=-0.925
A:N54V	B:N251V	logit=-1.430
A:E100V	B:E297V	logit=-2.358
A:I30V	B:I227V	logit=-2.608

Top tied mutations (C + D view):
C:V218L	D:V491L	logit=-0.464
C:K191R	D:K464R	logit=-0.629
C:S180T	D:S453T	logit=-0.651
C:T42V	D:T315V	logit=-0.672
C:N51P	D:N324P	logit=-0.794

Top tied mutations (A + B view):
A:T18V	B:T215V	logit=-0.674
A:N55S	B:N252S	logit=-0.921
A:N54V	B:N251V	logit=-1.432
A:E100V	B:E297V	logit=-2.246
A:I30V	B:I227V	logit=-2.554

Top tied mutations (C + D view):
C:V218L	D:V491L	logit=-0.406
C:K191R	D:K464R	logit=-0.546
C:S180T	D:S453T	logit=-0.662
C:T42V	D:T315V	logit=-0.751
C:N51P	D:N324P	logit=-0.892

Top tied mutations (A + B view):
A:T18V	B:T215V	logit=-0.722
A:N55S	B:N252S	logit=-0.905
A:N54V	B:N251V	logit=-1.351
A:E100V	B:E297V	logit=-2.272
A:I30V	B:I227V	logit=-2.580

Top tied mutations (C + D view):
C:V218L	D:V491L	logit=-0.461
C:K191R	D:K464R	logit=-0.543
C:S180T	D:S453T	logit=-0.653
C:T42V	D:T315V	logit=-0.737
C:N51P	D:N324P	logit=-0.831

Top tied mutations (A + B view):
A:T18V	B:T215V	logit=-0.706
A:N55S	B:N252S	logit=-0.882
A:N54V	B:N251V	logit=-1.540
A:E100V	B:E297V	logit=-2.307
A:I30V	B:I227V	logit=-2.711

Top tied mutations (C + D view):
C:V218L	D:V491L	logit=-0.480
C:K191R	D:K464R	logit=-0.572
C:S180T	D:S453T	logit=-0.656
C:T42V	D:T315V	logit=-0.736
C:S89A	D:S362A	logit=-0.883

Top tied mutations (A + B view):
A:T18V	B:T215V	logit=-0.743
A:N55S	B:N252S	logit=-0.892
A:N54V	B:N251V	logit=-1.529
A:E100V	B:E297V	logit=-2.215
A:I30V	B:I227V	logit=-2.708

Top tied mutations (C + D view):
C:V218L	D:V491L	logit=-0.446
C:K191R	D:K464R	logit=-0.514
C:S180T	D:S453T	logit=-0.655
C:T42V	D:T315V	logit=-0.731
C:N51P	D:N324P	logit=-0.820

Top tied mutations (A + B view):
A:T18V	B:T215V	logit=-0.689
A:N55S	B:N252S	logit=-0.854
A:N54V	B:N251V	logit=-1.400
A:E100V	B:E297V	logit=-2.368
A:I30V	B:I227V	logit=-2.669

Top tied mutations (C + D view):
C:V218L	D:V491L	logit=-0.433
C:K191R	D:K464R	logit=-0.538
C:S180T	D:S453T	logit=-0.628
C:T42V	D:T315V	logit=-0.788
C:N51P	D:N324P	logit=-0.842

Top tied mutations (A + B view):
A:T18V	B:T215V	logit=-0.693
A:N55S	B:N252S	logit=-0.894
A:N54V	B:N251V	logit=-1.454
A:E100V	B:E297V	logit=-2.361
A:I30V	B:I227V	logit=-2.483

Top tied mutations (C + D view):
C:V218L	D:V491L	logit=-0.439
C:K191R	D:K464R	logit=-0.591
C:S180T	D:S453T	logit=-0.655
C:T42V	D:T315V	logit=-0.721
C:N51P	D:N324P	logit=-0.873

Top tied mutations (A + B view):
A:T18V	B:T215V	logit=-0.699
A:N55S	B:N252S	logit=-0.895
A:N54V	B:N251V	logit=-1.533
A:E100V	B:E297V	logit=-2.221
A:I30V	B:I227V	logit=-2.636

Top tied mutations (C + D view):
C:V218L	D:V491L	logit=-0.493
C:K191R	D:K464R	logit=-0.514
C:S180T	D:S453T	logit=-0.623
C:T42V	D:T315V	logit=-0.673
C:N51P	D:N324P	logit=-0.822

Top tied mutations (A + B view):
A:T18V	B:T215V	logit=-0.683
A:N55S	B:N252S	logit=-0.963
A:N54V	B:N251V	logit=-1.494
A:E100V	B:E297V	logit=-2.369
A:I30V	B:I227V	logit=-2.490

Top tied mutations (C + D view):
C:V218L	D:V491L	logit=-0.434
C:K191R	D:K464R	logit=-0.581
C:S180T	D:S453T	logit=-0.648
C:T42V	D:T315V	logit=-0.692
C:N51P	D:N324P	logit=-0.730

Top tied mutations (A + B view):
A:T18V	B:T215V	logit=-0.697
A:N55S	B:N252S	logit=-0.956
A:N54V	B:N251V	logit=-1.463
A:E100V	B:E297V	logit=-2.161
A:I30V	B:I227V	logit=-2.630

Top tied mutations (C + D view):
C:V218L	D:V491L	logit=-0.448
C:K191R	D:K464R	logit=-0.600
C:S180T	D:S453T	logit=-0.653
C:T42V	D:T315V	logit=-0.753
C:S89A	D:S362A	logit=-0.851

Top tied mutations (A + B view):
A:T18V	B:T215V	logit=-0.655
A:N55S	B:N252S	logit=-0.958
A:N54V	B:N251V	logit=-1.244
A:E100V	B:E297V	logit=-2.269
A:I30V	B:I227V	logit=-2.446

Top tied mutations (C + D view):
C:V218L	D:V491L	logit=-0.458
C:K191R	D:K464R	logit=-0.654
C:S180T	D:S453T	logit=-0.665
C:T42V	D:T315V	logit=-0.692
C:S89A	D:S362A	logit=-0.919

Top tied mutations (A + B view):
A:T18V	B:T215V	logit=-0.697
A:N55S	B:N252S	logit=-0.857
A:N54V	B:N251V	logit=-1.431
A:E100V	B:E297V	logit=-2.316
A:I30V	B:I227V	logit=-2.668

Top tied mutations (C + D view):
C:V218L	D:V491L	logit=-0.458
C:K191R	D:K464R	logit=-0.560
C:S180T	D:S453T	logit=-0.658
C:T42V	D:T315V	logit=-0.709
C:S89A	D:S362A	logit=-0.809

Top tied mutations (A + B view):
A:T18V	B:T215V	logit=-0.721
A:N55S	B:N252S	logit=-0.944
A:N54V	B:N251V	logit=-1.458
A:E100V	B:E297V	logit=-2.336
A:I30V	B:I227V	logit=-2.696

Top tied mutations (C + D view):
C:V218L	D:V491L	logit=-0.474
C:K191R	D:K464R	logit=-0.618
C:S180T	D:S453T	logit=-0.666
C:T42V	D:T315V	logit=-0.692
C:N51P	D:N324P	logit=-0.847

Top tied mutations (A + B view):
A:T18V	B:T215V	logit=-0.667
A:N55S	B:N252S	logit=-0.938
A:N54V	B:N251V	logit=-1.644
A:E100V	B:E297V	logit=-2.319
A:I30V	B:I227V	logit=-2.645

Top tied mutations (C + D view):
C:V218L	D:V491L	logit=-0.431
C:K191R	D:K464R	logit=-0.557
C:S180T	D:S453T	logit=-0.630
C:T42V	D:T315V	logit=-0.756
C:N51P	D:N324P	logit=-0.937

Top tied mutations (A + B view):
A:T18V	B:T215V	logit=-0.672
A:N55S	B:N252S	logit=-0.928
A:N54V	B:N251V	logit=-1.402
A:E100V	B:E297V	logit=-2.315
A:I30V	B:I227V	logit=-2.659

Top tied mutations (C + D view):
C:V218L	D:V491L	logit=-0.418
C:K191R	D:K464R	logit=-0.579
C:S180T	D:S453T	logit=-0.673
C:T42V	D:T315V	logit=-0.697
C:N51P	D:N324P	logit=-0.858

Top tied mutations (A + B view):
A:T18V	B:T215V	logit=-0.776
A:N55S	B:N252S	logit=-0.892
A:N54V	B:N251V	logit=-1.399
A:E100V	B:E297V	logit=-2.300
A:I30V	B:I227V	logit=-2.685

Top tied mutations (C + D view):
C:V218L	D:V491L	logit=-0.404
C:K191R	D:K464R	logit=-0.515
C:S180T	D:S453T	logit=-0.647
C:T42V	D:T315V	logit=-0.741
C:N51P	D:N324P	logit=-0.803

Top tied mutations (A + B view):
A:T18V	B:T215V	logit=-0.654
A:N55S	B:N252S	logit=-0.904
A:N54V	B:N251V	logit=-1.439
A:E100V	B:E297V	logit=-2.311
A:I30V	B:I227V	logit=-2.547

Top tied mutations (C + D view):
C:V218L	D:V491L	logit=-0.419
C:K191R	D:K464R	logit=-0.537
C:S180T	D:S453T	logit=-0.645
C:T42V	D:T315V	logit=-0.677
C:N51P	D:N324P	logit=-0.896

Top tied mutations (A + B view):
A:T18V	B:T215V	logit=-0.706
A:N55S	B:N252S	logit=-0.925
A:N54V	B:N251V	logit=-1.559
A:E100V	B:E297V	logit=-2.398
A:I30V	B:I227V	logit=-2.618

Top tied mutations (C + D view):
C:V218L	D:V491L	logit=-0.475
C:S180T	D:S453T	logit=-0.676
C:T42V	D:T315V	logit=-0.677
C:K191R	D:K464R	logit=-0.680
C:N51P	D:N324P	logit=-0.794

Top tied mutations (A + B view):
A:T18V	B:T215V	logit=-0.700
A:N55S	B:N252S	logit=-0.891
A:N54V	B:N251V	logit=-1.452
A:E100V	B:E297V	logit=-2.341
A:I30V	B:I227V	logit=-2.602

Top tied mutations (C + D view):
C:V218L	D:V491L	logit=-0.478
C:K191R	D:K464R	logit=-0.503
C:S180T	D:S453T	logit=-0.666
C:T42V	D:T315V	logit=-0.734
C:N51P	D:N324P	logit=-0.762

Top tied mutations (A + B view):
A:T18V	B:T215V	logit=-0.730
A:N55S	B:N252S	logit=-0.871
A:N54V	B:N251V	logit=-1.352
A:E100V	B:E297V	logit=-2.301
A:I30V	B:I227V	logit=-2.686

Top tied mutations (C + D view):
C:V218L	D:V491L	logit=-0.475
C:K191R	D:K464R	logit=-0.541
C:S180T	D:S453T	logit=-0.638
C:T42V	D:T315V	logit=-0.727
C:S89A	D:S362A	logit=-0.884

Top tied mutations (A + B view):
A:T18V	B:T215V	logit=-0.708
A:N55S	B:N252S	logit=-0.976
A:N54V	B:N251V	logit=-1.463
A:E100V	B:E297V	logit=-2.248
A:I30V	B:I227V	logit=-2.594

Top tied mutations (C + D view):
C:V218L	D:V491L	logit=-0.477
C:K191R	D:K464R	logit=-0.635
C:S180T	D:S453T	logit=-0.662
C:T42V	D:T315V	logit=-0.789
C:N51P	D:N324P	logit=-0.876

Top tied mutations (A + B view):
A:T18V	B:T215V	logit=-0.753
A:N55S	B:N252S	logit=-0.882
A:N54V	B:N251V	logit=-1.526
A:E100V	B:E297V	logit=-2.317
A:I30V	B:I227V	logit=-2.617

Top tied mutations (C + D view):
C:V218L	D:V491L	logit=-0.435
C:K191R	D:K464R	logit=-0.606
C:S180T	D:S453T	logit=-0.683
C:T42V	D:T315V	logit=-0.719
C:N51P	D:N324P	logit=-0.862

Top tied mutations (A + B view):
A:T18V	B:T215V	logit=-0.759
A:N55S	B:N252S	logit=-0.819
A:N54V	B:N251V	logit=-1.460
A:E100V	B:E297V	logit=-2.355
A:I30V	B:I227V	logit=-2.592

Top tied mutations (C + D view):
C:V218L	D:V491L	logit=-0.431
C:K191R	D:K464R	logit=-0.558
C:S180T	D:S453T	logit=-0.665
C:T42V	D:T315V	logit=-0.708
C:S89A	D:S362A	logit=-0.901

Top tied mutations (A + B view):
A:T18V	B:T215V	logit=-0.661
A:N55S	B:N252S	logit=-0.920
A:N54V	B:N251V	logit=-1.379
A:E100V	B:E297V	logit=-2.244
A:I30V	B:I227V	logit=-2.587

Top tied mutations (C + D view):
C:V218L	D:V491L	logit=-0.484
C:K191R	D:K464R	logit=-0.617
C:S180T	D:S453T	logit=-0.651
C:T42V	D:T315V	logit=-0.777
C:N51P	D:N324P	logit=-0.823

Top tied mutations (A + B view):
A:T18V	B:T215V	logit=-0.692
A:N55S	B:N252S	logit=-0.926
A:N54V	B:N251V	logit=-1.392
A:I30V	B:I227V	logit=-2.407
A:E100V	B:E297V	logit=-2.427

Top tied mutations (C + D view):
C:V218L	D:V491L	logit=-0.436
C:K191R	D:K464R	logit=-0.575
C:S180T	D:S453T	logit=-0.661
C:T42V	D:T315V	logit=-0.687
C:N51P	D:N324P	logit=-0.898

Top tied mutations (A + B view):
A:T18V	B:T215V	logit=-0.711
A:N55S	B:N252S	logit=-0.862
A:N54V	B:N251V	logit=-1.403
A:E100V	B:E297V	logit=-2.323
A:I30V	B:I227V	logit=-2.535

Top tied mutations (C + D view):
C:V218L	D:V491L	logit=-0.449
C:K191R	D:K464R	logit=-0.566
C:S180T	D:S453T	logit=-0.664
C:T42V	D:T315V	logit=-0.751
C:N51P	D:N324P	logit=-0.881

Top tied mutations (A + B view):
A:T18V	B:T215V	logit=-0.739
A:N55S	B:N252S	logit=-0.851
A:N54V	B:N251V	logit=-1.510
A:E100V	B:E297V	logit=-2.307
A:I30V	B:I227V	logit=-2.371

Top tied mutations (C + D view):
C:V218L	D:V491L	logit=-0.446
C:K191R	D:K464R	logit=-0.535
C:S180T	D:S453T	logit=-0.652
C:T42V	D:T315V	logit=-0.764
C:N51P	D:N324P	logit=-0.803

Top tied mutations (A + B view):
A:T18V	B:T215V	logit=-0.696
A:N55S	B:N252S	logit=-0.947
A:N54V	B:N251V	logit=-1.434
A:E100V	B:E297V	logit=-2.279
A:I30V	B:I227V	logit=-2.488

Top tied mutations (C + D view):
C:V218L	D:V491L	logit=-0.400
C:K191R	D:K464R	logit=-0.590
C:S180T	D:S453T	logit=-0.661
C:T42V	D:T315V	logit=-0.740
C:N51P	D:N324P	logit=-0.804

Top tied mutations (A + B view):
A:T18V	B:T215V	logit=-0.724
A:N55S	B:N252S	logit=-1.012
A:N54V	B:N251V	logit=-1.533
A:E100V	B:E297V	logit=-2.294
A:I30V	B:I227V	logit=-2.641

Top tied mutations (C + D view):
C:V218L	D:V491L	logit=-0.441
C:K191R	D:K464R	logit=-0.638
C:S180T	D:S453T	logit=-0.666
C:T42V	D:T315V	logit=-0.706
C:A168P	D:A441P	logit=-0.919

Top tied mutations (A + B view):
A:T18V	B:T215V	logit=-0.643
A:N55S	B:N252S	logit=-0.929
A:N54V	B:N251V	logit=-1.532
A:E100V	B:E297V	logit=-2.223
A:I30V	B:I227V	logit=-2.569

Top tied mutations (C + D view):
C:V218L	D:V491L	logit=-0.432
C:K191R	D:K464R	logit=-0.487
C:S180T	D:S453T	logit=-0.686
C:T42V	D:T315V	logit=-0.738
C:S89A	D:S362A	logit=-0.857

Top tied mutations (A + B view):
A:T18V	B:T215V	logit=-0.661
A:N55S	B:N252S	logit=-0.876
A:N54V	B:N251V	logit=-1.302
A:E100V	B:E297V	logit=-2.261
A:I30V	B:I227V	logit=-2.613

Top tied mutations (C + D view):
C:V218L	D:V491L	logit=-0.493
C:K191R	D:K464R	logit=-0.499
C:S180T	D:S453T	logit=-0.627
C:T42V	D:T315V	logit=-0.746
C:N51P	D:N324P	logit=-0.783

Top tied mutations (A + B view):
A:T18V	B:T215V	logit=-0.714
A:N55S	B:N252S	logit=-0.943
A:N54V	B:N251V	logit=-1.455
A:E100V	B:E297V	logit=-2.213
A:I30V	B:I227V	logit=-2.550

Top tied mutations (C + D view):
C:V218L	D:V491L	logit=-0.462
C:K191R	D:K464R	logit=-0.524
C:S180T	D:S453T	logit=-0.650
C:T42V	D:T315V	logit=-0.794
C:S89A	D:S362A	logit=-0.816

Top tied mutations (A + B view):
A:T18V	B:T215V	logit=-0.703
A:N55S	B:N252S	logit=-0.966
A:N54V	B:N251V	logit=-1.290
A:E100V	B:E297V	logit=-2.284
A:I30V	B:I227V	logit=-2.500

Top tied mutations (C + D view):
C:V218L	D:V491L	logit=-0.454
C:K191R	D:K464R	logit=-0.571
C:S180T	D:S453T	logit=-0.645
C:N51P	D:N324P	logit=-0.752
C:T42V	D:T315V	logit=-0.763

Top tied mutations (A + B view):
A:T18V	B:T215V	logit=-0.680
A:N55S	B:N252S	logit=-0.882
A:N54V	B:N251V	logit=-1.395
A:E100V	B:E297V	logit=-2.310
A:I30V	B:I227V	logit=-2.506

Top tied mutations (C + D view):
C:V218L	D:V491L	logit=-0.465
C:K191R	D:K464R	logit=-0.598
C:S180T	D:S453T	logit=-0.674
C:T42V	D:T315V	logit=-0.713
C:N51P	D:N324P	logit=-0.854

Top tied mutations (A + B view):
A:T18V	B:T215V	logit=-0.728
A:N55S	B:N252S	logit=-0.928
A:N54V	B:N251V	logit=-1.430
A:E100V	B:E297V	logit=-2.251
A:I30V	B:I227V	logit=-2.479

Top tied mutations (C + D view):
C:V218L	D:V491L	logit=-0.458
C:K191R	D:K464R	logit=-0.557
C:S180T	D:S453T	logit=-0.663
C:T42V	D:T315V	logit=-0.772
C:N51P	D:N324P	logit=-0.826

Top tied mutations (A + B view):
A:T18V	B:T215V	logit=-0.770
A:N55S	B:N252S	logit=-0.938
A:N54V	B:N251V	logit=-1.372
A:E100V	B:E297V	logit=-2.320
A:I30V	B:I227V	logit=-2.597

Top tied mutations (C + D view):
C:V218L	D:V491L	logit=-0.400
C:K191R	D:K464R	logit=-0.576
C:S180T	D:S453T	logit=-0.671
C:T42V	D:T315V	logit=-0.702
C:N51P	D:N324P	logit=-0.754

Top tied mutations (A + B view):
A:T18V	B:T215V	logit=-0.725
A:N55S	B:N252S	logit=-0.907
A:N54V	B:N251V	logit=-1.537
A:E100V	B:E297V	logit=-2.249
A:I30V	B:I227V	logit=-2.719

Top tied mutations (C + D view):
C:V218L	D:V491L	logit=-0.397
C:K191R	D:K464R	logit=-0.623
C:S180T	D:S453T	logit=-0.640
C:T42V	D:T315V	logit=-0.713
C:N51P	D:N324P	logit=-0.736

Top tied mutations (A + B view):
A:T18V	B:T215V	logit=-0.706
A:N55S	B:N252S	logit=-0.955
A:N54V	B:N251V	logit=-1.330
A:E100V	B:E297V	logit=-2.358
A:I30V	B:I227V	logit=-2.690

Top tied mutations (C + D view):
C:V218L	D:V491L	logit=-0.419
C:K191R	D:K464R	logit=-0.594
C:S180T	D:S453T	logit=-0.643
C:T42V	D:T315V	logit=-0.740
C:N51P	D:N324P	logit=-0.845

Top tied mutations (A + B view):
A:T18V	B:T215V	logit=-0.692
A:N55S	B:N252S	logit=-0.938
A:N54V	B:N251V	logit=-1.431
A:E100V	B:E297V	logit=-2.259
A:I30V	B:I227V	logit=-2.563

Top tied mutations (C + D view):
C:V218L	D:V491L	logit=-0.453
C:K191R	D:K464R	logit=-0.544
C:S180T	D:S453T	logit=-0.659
C:T42V	D:T315V	logit=-0.750
C:S89A	D:S362A	logit=-0.814

Top tied mutations (A + B view):
A:T18V	B:T215V	logit=-0.741
A:N55S	B:N252S	logit=-0.914
A:N54V	B:N251V	logit=-1.483
A:E100V	B:E297V	logit=-2.261
A:I30V	B:I227V	logit=-2.516

Top tied mutations (C + D view):
C:V218L	D:V491L	logit=-0.464
C:K191R	D:K464R	logit=-0.551
C:S180T	D:S453T	logit=-0.648
C:T42V	D:T315V	logit=-0.760
C:S89A	D:S362A	logit=-0.873

Top tied mutations (A + B view):
A:T18V	B:T215V	logit=-0.666
A:N55S	B:N252S	logit=-0.900
A:N54V	B:N251V	logit=-1.432
A:E100V	B:E297V	logit=-2.322
A:I30V	B:I227V	logit=-2.642

Top tied mutations (C + D view):
C:V218L	D:V491L	logit=-0.393
C:K191R	D:K464R	logit=-0.494
C:S180T	D:S453T	logit=-0.668
C:T42V	D:T315V	logit=-0.766
C:N51P	D:N324P	logit=-0.786

Top tied mutations (A + B view):
A:T18V	B:T215V	logit=-0.698
A:N55S	B:N252S	logit=-0.894
A:N54V	B:N251V	logit=-1.324
A:E100V	B:E297V	logit=-2.270
A:I30V	B:I227V	logit=-2.501

Top tied mutations (C + D view):
C:V218L	D:V491L	logit=-0.454
C:K191R	D:K464R	logit=-0.504
C:S180T	D:S453T	logit=-0.665
C:T42V	D:T315V	logit=-0.791
C:N51P	D:N324P	logit=-0.821

Top tied mutations (A + B view):
A:T18V	B:T215V	logit=-0.709
A:N55S	B:N252S	logit=-0.919
A:N54V	B:N251V	logit=-1.418
A:E100V	B:E297V	logit=-2.297
A:I30V	B:I227V	logit=-2.636

Top tied mutations (C + D view):
C:V218L	D:V491L	logit=-0.431
C:K191R	D:K464R	logit=-0.529
C:S180T	D:S453T	logit=-0.668
C:T42V	D:T315V	logit=-0.748
C:S89A	D:S362A	logit=-0.889

Top tied mutations (A + B view):
A:T18V	B:T215V	logit=-0.715
A:N55S	B:N252S	logit=-0.898
A:N54V	B:N251V	logit=-1.473
A:E100V	B:E297V	logit=-2.183
A:I30V	B:I227V	logit=-2.504

Top tied mutations (C + D view):
C:V218L	D:V491L	logit=-0.411
C:K191R	D:K464R	logit=-0.529
C:S180T	D:S453T	logit=-0.641
C:T42V	D:T315V	logit=-0.656
C:V40L	D:V313L	logit=-0.924

Top tied mutations (A + B view):
A:T18V	B:T215V	logit=-0.652
A:N55S	B:N252S	logit=-0.915
A:N54V	B:N251V	logit=-1.493
A:E100V	B:E297V	logit=-2.263
A:V102I	B:V299I	logit=-2.675

Top tied mutations (C + D view):
C:V218L	D:V491L	logit=-0.457
C:K191R	D:K464R	logit=-0.599
C:S180T	D:S453T	logit=-0.651
C:T42V	D:T315V	logit=-0.701
C:N51P	D:N324P	logit=-0.777

Top tied mutations (A + B view):
A:T18V	B:T215V	logit=-0.681
A:N55S	B:N252S	logit=-0.890
A:N54V	B:N251V	logit=-1.533
A:E100V	B:E297V	logit=-2.147
A:I30V	B:I227V	logit=-2.626

Top tied mutations (C + D view):
C:V218L	D:V491L	logit=-0.423
C:K191R	D:K464R	logit=-0.497
C:S180T	D:S453T	logit=-0.628
C:T42V	D:T315V	logit=-0.717
C:S89A	D:S362A	logit=-0.879

Top tied mutations (A + B view):
A:T18V	B:T215V	logit=-0.655
A:N55S	B:N252S	logit=-0.881
A:N54V	B:N251V	logit=-1.357
A:E100V	B:E297V	logit=-2.253
A:I30V	B:I227V	logit=-2.533

Top tied mutations (C + D view):
C:V218L	D:V491L	logit=-0.444
C:K191R	D:K464R	logit=-0.491
C:S180T	D:S453T	logit=-0.666
C:T42V	D:T315V	logit=-0.793
C:A168P	D:A441P	logit=-0.917

Top tied mutations (A + B view):
A:T18V	B:T215V	logit=-0.764
A:N55S	B:N252S	logit=-0.988
A:N54V	B:N251V	logit=-1.392
A:E100V	B:E297V	logit=-2.171
A:I30V	B:I227V	logit=-2.636

Top tied mutations (C + D view):
C:V218L	D:V491L	logit=-0.418
C:K191R	D:K464R	logit=-0.554
C:S180T	D:S453T	logit=-0.649
C:T42V	D:T315V	logit=-0.724
C:N51P	D:N324P	logit=-0.790

Top tied mutations (A + B view):
A:T18V	B:T215V	logit=-0.702
A:N55S	B:N252S	logit=-0.985
A:N54V	B:N251V	logit=-1.426
A:E100V	B:E297V	logit=-2.264
A:I30V	B:I227V	logit=-2.461

Top tied mutations (C + D view):
C:V218L	D:V491L	logit=-0.472
C:K191R	D:K464R	logit=-0.545
C:S180T	D:S453T	logit=-0.669
C:T42V	D:T315V	logit=-0.745
C:N51P	D:N324P	logit=-0.819

Top tied mutations (A + B view):
A:T18V	B:T215V	logit=-0.687
A:N55S	B:N252S	logit=-0.887
A:N54V	B:N251V	logit=-1.431
A:E100V	B:E297V	logit=-2.156
A:I30V	B:I227V	logit=-2.442

Top tied mutations (C + D view):
C:V218L	D:V491L	logit=-0.412
C:K191R	D:K464R	logit=-0.585
C:S180T	D:S453T	logit=-0.645
C:T42V	D:T315V	logit=-0.760
C:N51P	D:N324P	logit=-0.822

Top tied mutations (A + B view):
A:T18V	B:T215V	logit=-0.719
A:N55S	B:N252S	logit=-0.946
A:N54V	B:N251V	logit=-1.467
A:E100V	B:E297V	logit=-2.317
A:I30V	B:I227V	logit=-2.459

Top tied mutations (C + D view):
C:V218L	D:V491L	logit=-0.504
C:K191R	D:K464R	logit=-0.533
C:S180T	D:S453T	logit=-0.664
C:T42V	D:T315V	logit=-0.710
C:N51P	D:N324P	logit=-0.839

Top tied mutations (A + B view):
A:T18V	B:T215V	logit=-0.680
A:N55S	B:N252S	logit=-0.923
A:N54V	B:N251V	logit=-1.451
A:E100V	B:E297V	logit=-2.324
A:N57R	B:N254R	logit=-2.774

Top tied mutations (C + D view):
C:V218L	D:V491L	logit=-0.427
C:K191R	D:K464R	logit=-0.515
C:S180T	D:S453T	logit=-0.689
C:T42V	D:T315V	logit=-0.722
C:N51P	D:N324P	logit=-0.824

Top tied mutations (A + B view):
A:T18V	B:T215V	logit=-0.754
A:N55S	B:N252S	logit=-0.853
A:N54V	B:N251V	logit=-1.492
A:E100V	B:E297V	logit=-2.251
A:I30V	B:I227V	logit=-2.659

Top tied mutations (C + D view):
C:V218L	D:V491L	logit=-0.437
C:S180T	D:S453T	logit=-0.635
C:K191R	D:K464R	logit=-0.651
C:T42V	D:T315V	logit=-0.751
C:N51P	D:N324P	logit=-0.788

Top tied mutations (A + B view):
A:T18V	B:T215V	logit=-0.690
A:N55S	B:N252S	logit=-0.931
A:N54V	B:N251V	logit=-1.480
A:E100V	B:E297V	logit=-2.282
A:I30V	B:I227V	logit=-2.720

Top tied mutations (C + D view):
C:V218L	D:V491L	logit=-0.412
C:K191R	D:K464R	logit=-0.561
C:S180T	D:S453T	logit=-0.679
C:T42V	D:T315V	logit=-0.778
C:N51P	D:N324P	logit=-0.860

Top tied mutations (A + B view):
A:T18V	B:T215V	logit=-0.670
A:N55S	B:N252S	logit=-0.892
A:N54V	B:N251V	logit=-1.462
A:E100V	B:E297V	logit=-2.338
A:I30V	B:I227V	logit=-2.740

Top tied mutations (C + D view):
C:V218L	D:V491L	logit=-0.410
C:K191R	D:K464R	logit=-0.526
C:S180T	D:S453T	logit=-0.666
C:T42V	D:T315V	logit=-0.811
C:N51P	D:N324P	logit=-0.920

Top tied mutations (A + B view):
A:T18V	B:T215V	logit=-0.713
A:N55S	B:N252S	logit=-0.961
A:N54V	B:N251V	logit=-1.437
A:E100V	B:E297V	logit=-2.290
A:I30V	B:I227V	logit=-2.692

Top tied mutations (C + D view):
C:V218L	D:V491L	logit=-0.430
C:K191R	D:K464R	logit=-0.605
C:S180T	D:S453T	logit=-0.654
C:T42V	D:T315V	logit=-0.709
C:N51P	D:N324P	logit=-0.792

Top tied mutations (A + B view):
A:T18V	B:T215V	logit=-0.714
A:N55S	B:N252S	logit=-0.821
A:N54V	B:N251V	logit=-1.384
A:E100V	B:E297V	logit=-2.316
A:V102I	B:V299I	logit=-2.632

Top tied mutations (C + D view):
C:V218L	D:V491L	logit=-0.449
C:K191R	D:K464R	logit=-0.574
C:S180T	D:S453T	logit=-0.669
C:T42V	D:T315V	logit=-0.700
C:N219S	D:N492S	logit=-0.913

Top tied mutations (A + B view):
A:T18V	B:T215V	logit=-0.632
A:N55S	B:N252S	logit=-0.926
A:N54V	B:N251V	logit=-1.488
A:E100V	B:E297V	logit=-2.201
A:I30V	B:I227V	logit=-2.652

Top tied mutations (C + D view):
C:V218L	D:V491L	logit=-0.402
C:K191R	D:K464R	logit=-0.521
C:S180T	D:S453T	logit=-0.630
C:T42V	D:T315V	logit=-0.726
C:N219S	D:N492S	logit=-0.924

Top tied mutations (A + B view):
A:T18V	B:T215V	logit=-0.696
A:N55S	B:N252S	logit=-0.875
A:N54V	B:N251V	logit=-1.394
A:E100V	B:E297V	logit=-2.199
A:I30V	B:I227V	logit=-2.663

Top tied mutations (C + D view):
C:V218L	D:V491L	logit=-0.459
C:K191R	D:K464R	logit=-0.512
C:S180T	D:S453T	logit=-0.671
C:T42V	D:T315V	logit=-0.745
C:N51P	D:N324P	logit=-0.777

Top tied mutations (A + B view):
A:T18V	B:T215V	logit=-0.698
A:N55S	B:N252S	logit=-0.877
A:N54V	B:N251V	logit=-1.382
A:E100V	B:E297V	logit=-2.378
A:I30V	B:I227V	logit=-2.737

Top tied mutations (C + D view):
C:V218L	D:V491L	logit=-0.458
C:K191R	D:K464R	logit=-0.557
C:S180T	D:S453T	logit=-0.644
C:T42V	D:T315V	logit=-0.684
C:N51P	D:N324P	logit=-0.792

Top tied mutations (A + B view):
A:T18V	B:T215V	logit=-0.706
A:N55S	B:N252S	logit=-0.929
A:N54V	B:N251V	logit=-1.323
A:E100V	B:E297V	logit=-2.280
A:I30V	B:I227V	logit=-2.653

Top tied mutations (C + D view):
C:V218L	D:V491L	logit=-0.394
C:K191R	D:K464R	logit=-0.558
C:S180T	D:S453T	logit=-0.632
C:T42V	D:T315V	logit=-0.761
C:N51P	D:N324P	logit=-0.804

Top tied mutations (A + B view):
A:T18V	B:T215V	logit=-0.679
A:N55S	B:N252S	logit=-0.868
A:N54V	B:N251V	logit=-1.462
A:E100V	B:E297V	logit=-2.246
A:I30V	B:I227V	logit=-2.674

Top tied mutations (C + D view):
C:V218L	D:V491L	logit=-0.463
C:K191R	D:K464R	logit=-0.530
C:S180T	D:S453T	logit=-0.662
C:T42V	D:T315V	logit=-0.722
C:N51P	D:N324P	logit=-0.824

Top tied mutations (A + B view):
A:T18V	B:T215V	logit=-0.619
A:N55S	B:N252S	logit=-0.958
A:N54V	B:N251V	logit=-1.535
A:E100V	B:E297V	logit=-2.314
A:I30V	B:I227V	logit=-2.564

Top tied mutations (C + D view):
C:V218L	D:V491L	logit=-0.453
C:K191R	D:K464R	logit=-0.598
C:S180T	D:S453T	logit=-0.654
C:T42V	D:T315V	logit=-0.771
C:S89A	D:S362A	logit=-0.911

Top tied mutations (A + B view):
A:T18V	B:T215V	logit=-0.660
A:N55S	B:N252S	logit=-0.892
A:N54V	B:N251V	logit=-1.497
A:E100V	B:E297V	logit=-2.399
A:I30V	B:I227V	logit=-2.523

Top tied mutations (C + D view):
C:V218L	D:V491L	logit=-0.468
C:K191R	D:K464R	logit=-0.479
C:S180T	D:S453T	logit=-0.665
C:T42V	D:T315V	logit=-0.756
C:N51P	D:N324P	logit=-0.860

Top tied mutations (A + B view):
A:T18V	B:T215V	logit=-0.697
A:N55S	B:N252S	logit=-0.893
A:N54V	B:N251V	logit=-1.331
A:E100V	B:E297V	logit=-2.304
A:I30V	B:I227V	logit=-2.467

Top tied mutations (C + D view):
C:V218L	D:V491L	logit=-0.411
C:K191R	D:K464R	logit=-0.551
C:S180T	D:S453T	logit=-0.667
C:T42V	D:T315V	logit=-0.795
C:N51P	D:N324P	logit=-0.817

Top tied mutations (A + B view):
A:T18V	B:T215V	logit=-0.714
A:N55S	B:N252S	logit=-0.925
A:N54V	B:N251V	logit=-1.431
A:E100V	B:E297V	logit=-2.196
A:I30V	B:I227V	logit=-2.659

Top tied mutations (C + D view):
C:V218L	D:V491L	logit=-0.497
C:K191R	D:K464R	logit=-0.649
C:S180T	D:S453T	logit=-0.656
C:T42V	D:T315V	logit=-0.751
C:S89A	D:S362A	logit=-0.944

Top tied mutations (A + B view):
A:T18V	B:T215V	logit=-0.777
A:N55S	B:N252S	logit=-0.830
A:N54V	B:N251V	logit=-1.480
A:E100V	B:E297V	logit=-2.387
A:I30V	B:I227V	logit=-2.621

Top tied mutations (C + D view):
C:V218L	D:V491L	logit=-0.486
C:K191R	D:K464R	logit=-0.549
C:S180T	D:S453T	logit=-0.657
C:T42V	D:T315V	logit=-0.720
C:N51P	D:N324P	logit=-0.791

Top tied mutations (A + B view):
A:T18V	B:T215V	logit=-0.677
A:N55S	B:N252S	logit=-0.884
A:N54V	B:N251V	logit=-1.277
A:E100V	B:E297V	logit=-2.334
A:I30V	B:I227V	logit=-2.508

Top tied mutations (C + D view):
C:V218L	D:V491L	logit=-0.476
C:K191R	D:K464R	logit=-0.536
C:S180T	D:S453T	logit=-0.663
C:T42V	D:T315V	logit=-0.792
C:S89A	D:S362A	logit=-0.873

Top tied mutations (A + B view):
A:T18V	B:T215V	logit=-0.654
A:N55S	B:N252S	logit=-0.889
A:N54V	B:N251V	logit=-1.444
A:E100V	B:E297V	logit=-2.346
A:I30V	B:I227V	logit=-2.623

Top tied mutations (C + D view):
C:V218L	D:V491L	logit=-0.409
C:K191R	D:K464R	logit=-0.609
C:S180T	D:S453T	logit=-0.664
C:T42V	D:T315V	logit=-0.738
C:N51P	D:N324P	logit=-0.871

Top tied mutations (A + B view):
A:T18V	B:T215V	logit=-0.692
A:N55S	B:N252S	logit=-0.929
A:N54V	B:N251V	logit=-1.382
A:E100V	B:E297V	logit=-2.203
A:I30V	B:I227V	logit=-2.618

Top tied mutations (C + D view):
C:V218L	D:V491L	logit=-0.428
C:K191R	D:K464R	logit=-0.501
C:S180T	D:S453T	logit=-0.629
C:T42V	D:T315V	logit=-0.738
C:N51P	D:N324P	logit=-0.828

Top tied mutations (A + B view):
A:T18V	B:T215V	logit=-0.665
A:N55S	B:N252S	logit=-0.880
A:N54V	B:N251V	logit=-1.353
A:E100V	B:E297V	logit=-2.199
A:I30V	B:I227V	logit=-2.635

Top tied mutations (C + D view):
C:V218L	D:V491L	logit=-0.445
C:K191R	D:K464R	logit=-0.586
C:S180T	D:S453T	logit=-0.648
C:T42V	D:T315V	logit=-0.690
C:N51P	D:N324P	logit=-0.880

Top tied mutations (A + B view):
A:T18V	B:T215V	logit=-0.643
A:N55S	B:N252S	logit=-0.883
A:N54V	B:N251V	logit=-1.409
A:E100V	B:E297V	logit=-2.299
A:I30V	B:I227V	logit=-2.525

Top tied mutations (C + D view):
C:V218L	D:V491L	logit=-0.411
C:K191R	D:K464R	logit=-0.567
C:S180T	D:S453T	logit=-0.641
C:T42V	D:T315V	logit=-0.734
C:N51P	D:N324P	logit=-0.871

Top tied mutations (A + B view):
A:T18V	B:T215V	logit=-0.709
A:N55S	B:N252S	logit=-0.887
A:N54V	B:N251V	logit=-1.358
A:E100V	B:E297V	logit=-2.227
A:I30V	B:I227V	logit=-2.706

Top tied mutations (C + D view):
C:V218L	D:V491L	logit=-0.458
C:K191R	D:K464R	logit=-0.550
C:S180T	D:S453T	logit=-0.666
C:T42V	D:T315V	logit=-0.697
C:N51P	D:N324P	logit=-0.880

Top tied mutations (A + B view):
A:T18V	B:T215V	logit=-0.706
A:N55S	B:N252S	logit=-0.906
A:N54V	B:N251V	logit=-1.472
A:E100V	B:E297V	logit=-2.320
A:I30V	B:I227V	logit=-2.554

Top tied mutations (C + D view):
C:V218L	D:V491L	logit=-0.486
C:K191R	D:K464R	logit=-0.571
C:S180T	D:S453T	logit=-0.651
C:T42V	D:T315V	logit=-0.773
C:N51P	D:N324P	logit=-0.796

Top tied mutations (A + B view):
A:T18V	B:T215V	logit=-0.738
A:N55S	B:N252S	logit=-0.916
A:N54V	B:N251V	logit=-1.354
A:E100V	B:E297V	logit=-2.329
A:I30V	B:I227V	logit=-2.625

Top tied mutations (C + D view):
C:V218L	D:V491L	logit=-0.416
C:K191R	D:K464R	logit=-0.584
C:S180T	D:S453T	logit=-0.656
C:T42V	D:T315V	logit=-0.780
C:S89A	D:S362A	logit=-0.897

Top tied mutations (A + B view):
A:T18V	B:T215V	logit=-0.638
A:N55S	B:N252S	logit=-0.871
A:N54V	B:N251V	logit=-1.440
A:E100V	B:E297V	logit=-2.273
A:I30V	B:I227V	logit=-2.624

Top tied mutations (C + D view):
C:V218L	D:V491L	logit=-0.455
C:K191R	D:K464R	logit=-0.535
C:S180T	D:S453T	logit=-0.658
C:T42V	D:T315V	logit=-0.725
C:N51P	D:N324P	logit=-0.913

Top tied mutations (A + B view):
A:T18V	B:T215V	logit=-0.695
A:N55S	B:N252S	logit=-0.937
A:N54V	B:N251V	logit=-1.500
A:E100V	B:E297V	logit=-2.359
A:I30V	B:I227V	logit=-2.562

Top tied mutations (C + D view):
C:V218L	D:V491L	logit=-0.426
C:K191R	D:K464R	logit=-0.595
C:S180T	D:S453T	logit=-0.678
C:T42V	D:T315V	logit=-0.744
C:S89A	D:S362A	logit=-0.889

Top tied mutations (A + B view):
A:T18V	B:T215V	logit=-0.680
A:N55S	B:N252S	logit=-0.933
A:N54V	B:N251V	logit=-1.501
A:E100V	B:E297V	logit=-2.293
A:I30V	B:I227V	logit=-2.472

Top tied mutations (C + D view):
C:V218L	D:V491L	logit=-0.422
C:K191R	D:K464R	logit=-0.602
C:S180T	D:S453T	logit=-0.663
C:T42V	D:T315V	logit=-0.762
C:N51P	D:N324P	logit=-0.819

Top tied mutations (A + B view):
A:T18V	B:T215V	logit=-0.681
A:N55S	B:N252S	logit=-0.913
A:N54V	B:N251V	logit=-1.339
A:E100V	B:E297V	logit=-2.262
A:I30V	B:I227V	logit=-2.612

Top tied mutations (C + D view):
C:V218L	D:V491L	logit=-0.424
C:K191R	D:K464R	logit=-0.544
C:S180T	D:S453T	logit=-0.680
C:T42V	D:T315V	logit=-0.742
C:N51P	D:N324P	logit=-0.827

Top tied mutations (A + B view):
A:T18V	B:T215V	logit=-0.705
A:N55S	B:N252S	logit=-0.927
A:N54V	B:N251V	logit=-1.474
A:E100V	B:E297V	logit=-2.190
A:I30V	B:I227V	logit=-2.605

Top tied mutations (C + D view):
C:V218L	D:V491L	logit=-0.483
C:K191R	D:K464R	logit=-0.498
C:S180T	D:S453T	logit=-0.649
C:T42V	D:T315V	logit=-0.719
C:N51P	D:N324P	logit=-0.874

Top tied mutations (A + B view):
A:T18V	B:T215V	logit=-0.768
A:N55S	B:N252S	logit=-0.899
A:N54V	B:N251V	logit=-1.515
A:E100V	B:E297V	logit=-2.350
A:I30V	B:I227V	logit=-2.450

Top tied mutations (C + D view):
C:V218L	D:V491L	logit=-0.474
C:K191R	D:K464R	logit=-0.546
C:S180T	D:S453T	logit=-0.665
C:T42V	D:T315V	logit=-0.773
C:N51P	D:N324P	logit=-0.839

Top tied mutations (A + B view):
A:T18V	B:T215V	logit=-0.702
A:N55S	B:N252S	logit=-0.896
A:N54V	B:N251V	logit=-1.527
A:E100V	B:E297V	logit=-2.261
A:I30V	B:I227V	logit=-2.505

Top tied mutations (C + D view):
C:V218L	D:V491L	logit=-0.433
C:K191R	D:K464R	logit=-0.604
C:S180T	D:S453T	logit=-0.642
C:T42V	D:T315V	logit=-0.737
C:N51P	D:N324P	logit=-0.762

Top tied mutations (A + B view):
A:T18V	B:T215V	logit=-0.702
A:N55S	B:N252S	logit=-0.866
A:N54V	B:N251V	logit=-1.602
A:E100V	B:E297V	logit=-2.334
A:V102I	B:V299I	logit=-2.802

Top tied mutations (C + D view):
C:V218L	D:V491L	logit=-0.485
C:K191R	D:K464R	logit=-0.546
C:S180T	D:S453T	logit=-0.640
C:T42V	D:T315V	logit=-0.696
C:N219S	D:N492S	logit=-0.925

Top tied mutations (A + B view):
A:T18V	B:T215V	logit=-0.689
A:N55S	B:N252S	logit=-0.961
A:N54V	B:N251V	logit=-1.384
A:E100V	B:E297V	logit=-2.421
A:I30V	B:I227V	logit=-2.538

Top tied mutations (C + D view):
C:V218L	D:V491L	logit=-0.473
C:K191R	D:K464R	logit=-0.515
C:S180T	D:S453T	logit=-0.651
C:T42V	D:T315V	logit=-0.674
C:N51P	D:N324P	logit=-0.707

Top tied mutations (A + B view):
A:T18V	B:T215V	logit=-0.659
A:N55S	B:N252S	logit=-0.917
A:N54V	B:N251V	logit=-1.425
A:E100V	B:E297V	logit=-2.279
A:I30V	B:I227V	logit=-2.492

Top tied mutations (C + D view):
C:V218L	D:V491L	logit=-0.437
C:K191R	D:K464R	logit=-0.610
C:S180T	D:S453T	logit=-0.649
C:T42V	D:T315V	logit=-0.762
C:S89A	D:S362A	logit=-0.861

Top tied mutations (A + B view):
A:T18V	B:T215V	logit=-0.730
A:N55S	B:N252S	logit=-0.860
A:N54V	B:N251V	logit=-1.454
A:E100V	B:E297V	logit=-2.283
A:I30V	B:I227V	logit=-2.524

Top tied mutations (C + D view):
C:V218L	D:V491L	logit=-0.437
C:K191R	D:K464R	logit=-0.536
C:S180T	D:S453T	logit=-0.641
C:T42V	D:T315V	logit=-0.761
C:N51P	D:N324P	logit=-0.898

Top tied mutations (A + B view):
A:T18V	B:T215V	logit=-0.694
A:N55S	B:N252S	logit=-0.904
A:N54V	B:N251V	logit=-1.319
A:E100V	B:E297V	logit=-2.255
A:I30V	B:I227V	logit=-2.533

Top tied mutations (C + D view):
C:V218L	D:V491L	logit=-0.478
C:K191R	D:K464R	logit=-0.541
C:S180T	D:S453T	logit=-0.677
C:T42V	D:T315V	logit=-0.766
C:N51P	D:N324P	logit=-0.819

Top tied mutations (A + B view):
A:T18V	B:T215V	logit=-0.674
A:N55S	B:N252S	logit=-0.940
A:N54V	B:N251V	logit=-1.413
A:E100V	B:E297V	logit=-2.370
A:I30V	B:I227V	logit=-2.501

Top tied mutations (C + D view):
C:V218L	D:V491L	logit=-0.433
C:K191R	D:K464R	logit=-0.544
C:S180T	D:S453T	logit=-0.668
C:T42V	D:T315V	logit=-0.716
C:A168P	D:A441P	logit=-0.947

Top tied mutations (A + B view):
A:T18V	B:T215V	logit=-0.642
A:N55S	B:N252S	logit=-0.908
A:N54V	B:N251V	logit=-1.558
A:E100V	B:E297V	logit=-2.284
A:I30V	B:I227V	logit=-2.604

Top tied mutations (C + D view):
C:V218L	D:V491L	logit=-0.421
C:K191R	D:K464R	logit=-0.545
C:S180T	D:S453T	logit=-0.635
C:T42V	D:T315V	logit=-0.709
C:A168P	D:A441P	logit=-0.927

Top tied mutations (A + B view):
A:T18V	B:T215V	logit=-0.697
A:N55S	B:N252S	logit=-0.856
A:N54V	B:N251V	logit=-1.470
A:E100V	B:E297V	logit=-2.367
A:I30V	B:I227V	logit=-2.739

Top tied mutations (C + D view):
C:V218L	D:V491L	logit=-0.469
C:K191R	D:K464R	logit=-0.622
C:S180T	D:S453T	logit=-0.655
C:T42V	D:T315V	logit=-0.728
C:N51P	D:N324P	logit=-0.881

Top tied mutations (A + B view):
A:T18V	B:T215V	logit=-0.700
A:N55S	B:N252S	logit=-0.952
A:N54V	B:N251V	logit=-1.487
A:E100V	B:E297V	logit=-2.260
A:I30V	B:I227V	logit=-2.605

Top tied mutations (C + D view):
C:V218L	D:V491L	logit=-0.426
C:K191R	D:K464R	logit=-0.596
C:S180T	D:S453T	logit=-0.639
C:T42V	D:T315V	logit=-0.724
C:N51P	D:N324P	logit=-0.894

Top tied mutations (A + B view):
A:T18V	B:T215V	logit=-0.735
A:N55S	B:N252S	logit=-0.921
A:N54V	B:N251V	logit=-1.514
A:E100V	B:E297V	logit=-2.219
A:I30V	B:I227V	logit=-2.543

Top tied mutations (C + D view):
C:V218L	D:V491L	logit=-0.434
C:K191R	D:K464R	logit=-0.544
C:S180T	D:S453T	logit=-0.635
C:T42V	D:T315V	logit=-0.669
C:N51P	D:N324P	logit=-0.743

Top tied mutations (A + B view):
A:T18V	B:T215V	logit=-0.697
A:N55S	B:N252S	logit=-0.870
A:N54V	B:N251V	logit=-1.450
A:E100V	B:E297V	logit=-2.284
A:I30V	B:I227V	logit=-2.556

Top tied mutations (C + D view):
C:V218L	D:V491L	logit=-0.420
C:K191R	D:K464R	logit=-0.615
C:S180T	D:S453T	logit=-0.669
C:T42V	D:T315V	logit=-0.698
C:N51P	D:N324P	logit=-0.900

Top tied mutations (A + B view):
A:T18V	B:T215V	logit=-0.699
A:N55S	B:N252S	logit=-0.901
A:N54V	B:N251V	logit=-1.569
A:E100V	B:E297V	logit=-2.388
A:I30V	B:I227V	logit=-2.448

Top tied mutations (C + D view):
C:V218L	D:V491L	logit=-0.407
C:K191R	D:K464R	logit=-0.566
C:S180T	D:S453T	logit=-0.654
C:T42V	D:T315V	logit=-0.715
C:N51P	D:N324P	logit=-0.786

Top tied mutations (A + B view):
A:T18V	B:T215V	logit=-0.669
A:N55S	B:N252S	logit=-0.917
A:N54V	B:N251V	logit=-1.526
A:E100V	B:E297V	logit=-2.290
A:I30V	B:I227V	logit=-2.611

Top tied mutations (C + D view):
C:V218L	D:V491L	logit=-0.432
C:K191R	D:K464R	logit=-0.547
C:S180T	D:S453T	logit=-0.619
C:T42V	D:T315V	logit=-0.688
C:N51P	D:N324P	logit=-0.789

Top tied mutations (A + B view):
A:T18V	B:T215V	logit=-0.680
A:N55S	B:N252S	logit=-0.926
A:N54V	B:N251V	logit=-1.460
A:E100V	B:E297V	logit=-2.263
A:I30V	B:I227V	logit=-2.547

Top tied mutations (C + D view):
C:V218L	D:V491L	logit=-0.409
C:K191R	D:K464R	logit=-0.543
C:S180T	D:S453T	logit=-0.647
C:T42V	D:T315V	logit=-0.705
C:N51P	D:N324P	logit=-0.916

Top tied mutations (A + B view):
A:T18V	B:T215V	logit=-0.689
A:N55S	B:N252S	logit=-0.961
A:N54V	B:N251V	logit=-1.435
A:E100V	B:E297V	logit=-2.228
A:I30V	B:I227V	logit=-2.615

Top tied mutations (C + D view):
C:V218L	D:V491L	logit=-0.495
C:K191R	D:K464R	logit=-0.545
C:S180T	D:S453T	logit=-0.655
C:T42V	D:T315V	logit=-0.761
C:N51P	D:N324P	logit=-0.826

Top tied mutations (A + B view):
A:T18V	B:T215V	logit=-0.678
A:N55S	B:N252S	logit=-0.945
A:N54V	B:N251V	logit=-1.399
A:E100V	B:E297V	logit=-2.395
A:N54I	B:N251I	logit=-2.793

Top tied mutations (C + D view):
C:V218L	D:V491L	logit=-0.422
C:K191R	D:K464R	logit=-0.601
C:S180T	D:S453T	logit=-0.654
C:T42V	D:T315V	logit=-0.725
C:N51P	D:N324P	logit=-0.799

Top tied mutations (A + B view):
A:T18V	B:T215V	logit=-0.669
A:N55S	B:N252S	logit=-0.925
A:N54V	B:N251V	logit=-1.523
A:E100V	B:E297V	logit=-2.232
A:I30V	B:I227V	logit=-2.498

Top tied mutations (C + D view):
C:V218L	D:V491L	logit=-0.454
C:K191R	D:K464R	logit=-0.534
C:S180T	D:S453T	logit=-0.664
C:T42V	D:T315V	logit=-0.726
C:S72G	D:S345G	logit=-0.906

Top tied mutations (A + B view):
A:T18V	B:T215V	logit=-0.729
A:N55S	B:N252S	logit=-0.915
A:N54V	B:N251V	logit=-1.506
A:E100V	B:E297V	logit=-2.268
A:I30V	B:I227V	logit=-2.511

Top tied mutations (C + D view):
C:V218L	D:V491L	logit=-0.429
C:K191R	D:K464R	logit=-0.571
C:S180T	D:S453T	logit=-0.645
C:T42V	D:T315V	logit=-0.720
C:N51P	D:N324P	logit=-0.875

Top tied mutations (A + B view):
A:T18V	B:T215V	logit=-0.686
A:N55S	B:N252S	logit=-0.921
A:N54V	B:N251V	logit=-1.442
A:E100V	B:E297V	logit=-2.280
A:I30V	B:I227V	logit=-2.541

Top tied mutations (C + D view):
C:V218L	D:V491L	logit=-0.431
C:K191R	D:K464R	logit=-0.500
C:S180T	D:S453T	logit=-0.627
C:T42V	D:T315V	logit=-0.714
C:N51P	D:N324P	logit=-0.861

Top tied mutations (A + B view):
A:T18V	B:T215V	logit=-0.637
A:N55S	B:N252S	logit=-0.916
A:N54V	B:N251V	logit=-1.476
A:E100V	B:E297V	logit=-2.226
A:I30V	B:I227V	logit=-2.660

Top tied mutations (C + D view):
C:V218L	D:V491L	logit=-0.426
C:K191R	D:K464R	logit=-0.502
C:S180T	D:S453T	logit=-0.687
C:T42V	D:T315V	logit=-0.708
C:N51P	D:N324P	logit=-0.735

Top tied mutations (A + B view):
A:T18V	B:T215V	logit=-0.729
A:N55S	B:N252S	logit=-0.885
A:N54V	B:N251V	logit=-1.475
A:E100V	B:E297V	logit=-2.281
A:I30V	B:I227V	logit=-2.495

Top tied mutations (C + D view):
C:K191R	D:K464R	logit=-0.476
C:V218L	D:V491L	logit=-0.476
C:S180T	D:S453T	logit=-0.655
C:T42V	D:T315V	logit=-0.703
C:S89A	D:S362A	logit=-0.852

Top tied mutations (A + B view):
A:T18V	B:T215V	logit=-0.679
A:N55S	B:N252S	logit=-0.858
A:N54V	B:N251V	logit=-1.422
A:E100V	B:E297V	logit=-2.193
A:I30V	B:I227V	logit=-2.486

Top tied mutations (C + D view):
C:V218L	D:V491L	logit=-0.422
C:K191R	D:K464R	logit=-0.511
C:S180T	D:S453T	logit=-0.647
C:N51P	D:N324P	logit=-0.696
C:T42V	D:T315V	logit=-0.776

Top tied mutations (A + B view):
A:T18V	B:T215V	logit=-0.753
A:N55S	B:N252S	logit=-0.907
A:N54V	B:N251V	logit=-1.467
A:E100V	B:E297V	logit=-2.387
A:I30V	B:I227V	logit=-2.704

Top tied mutations (C + D view):
C:V218L	D:V491L	logit=-0.425
C:K191R	D:K464R	logit=-0.492
C:S180T	D:S453T	logit=-0.659
C:T42V	D:T315V	logit=-0.712
C:N51P	D:N324P	logit=-0.865

Top tied mutations (A + B view):
A:T18V	B:T215V	logit=-0.694
A:N55S	B:N252S	logit=-0.925
A:N54V	B:N251V	logit=-1.363
A:E100V	B:E297V	logit=-2.373
A:I30V	B:I227V	logit=-2.542

Top tied mutations (C + D view):
C:V218L	D:V491L	logit=-0.478
C:K191R	D:K464R	logit=-0.555
C:S180T	D:S453T	logit=-0.676
C:T42V	D:T315V	logit=-0.719
C:N51P	D:N324P	logit=-0.881

Top tied mutations (A + B view):
A:T18V	B:T215V	logit=-0.689
A:N55S	B:N252S	logit=-0.949
A:N54V	B:N251V	logit=-1.430
A:E100V	B:E297V	logit=-2.385
A:I30V	B:I227V	logit=-2.565

Top tied mutations (C + D view):
C:V218L	D:V491L	logit=-0.455
C:K191R	D:K464R	logit=-0.572
C:S180T	D:S453T	logit=-0.644
C:T42V	D:T315V	logit=-0.748
C:S89A	D:S362A	logit=-0.842

Top tied mutations (A + B view):
A:T18V	B:T215V	logit=-0.740
A:N55S	B:N252S	logit=-0.900
A:N54V	B:N251V	logit=-1.388
A:E100V	B:E297V	logit=-2.220
A:I30V	B:I227V	logit=-2.671

Top tied mutations (C + D view):
C:V218L	D:V491L	logit=-0.420
C:K191R	D:K464R	logit=-0.567
C:S180T	D:S453T	logit=-0.647
C:T42V	D:T315V	logit=-0.763
C:S89A	D:S362A	logit=-0.926

Top tied mutations (A + B view):
A:T18V	B:T215V	logit=-0.717
A:N55S	B:N252S	logit=-0.916
A:N54V	B:N251V	logit=-1.351
A:E100V	B:E297V	logit=-2.222
A:I30V	B:I227V	logit=-2.463

Top tied mutations (C + D view):
C:V218L	D:V491L	logit=-0.426
C:K191R	D:K464R	logit=-0.583
C:S180T	D:S453T	logit=-0.643
C:T42V	D:T315V	logit=-0.725
C:N51P	D:N324P	logit=-0.858

Top tied mutations (A + B view):
A:T18V	B:T215V	logit=-0.744
A:N55S	B:N252S	logit=-0.906
A:N54V	B:N251V	logit=-1.415
A:E100V	B:E297V	logit=-2.239
A:I30V	B:I227V	logit=-2.600

Top tied mutations (C + D view):
C:V218L	D:V491L	logit=-0.478
C:K191R	D:K464R	logit=-0.516
C:S180T	D:S453T	logit=-0.658
C:T42V	D:T315V	logit=-0.775
C:N51P	D:N324P	logit=-0.832

Top tied mutations (A + B view):
A:T18V	B:T215V	logit=-0.685
A:N55S	B:N252S	logit=-0.897
A:N54V	B:N251V	logit=-1.431
A:E100V	B:E297V	logit=-2.367
A:I30V	B:I227V	logit=-2.564

Top tied mutations (C + D view):
C:V218L	D:V491L	logit=-0.476
C:K191R	D:K464R	logit=-0.546
C:S180T	D:S453T	logit=-0.655
C:T42V	D:T315V	logit=-0.703
C:S89A	D:S362A	logit=-0.822

Top tied mutations (A + B view):
A:T18V	B:T215V	logit=-0.712
A:N55S	B:N252S	logit=-0.908
A:N54V	B:N251V	logit=-1.435
A:E100V	B:E297V	logit=-2.344
A:I30V	B:I227V	logit=-2.485

Top tied mutations (C + D view):
C:V218L	D:V491L	logit=-0.418
C:K191R	D:K464R	logit=-0.612
C:S180T	D:S453T	logit=-0.655
C:T42V	D:T315V	logit=-0.774
C:N51P	D:N324P	logit=-0.777

Top tied mutations (A + B view):
A:T18V	B:T215V	logit=-0.662
A:N55S	B:N252S	logit=-0.961
A:N54V	B:N251V	logit=-1.585
A:E100V	B:E297V	logit=-2.165
A:I30V	B:I227V	logit=-2.540

Top tied mutations (C + D view):
C:V218L	D:V491L	logit=-0.423
C:K191R	D:K464R	logit=-0.546
C:S180T	D:S453T	logit=-0.669
C:T42V	D:T315V	logit=-0.759
C:N51P	D:N324P	logit=-0.835

Top tied mutations (A + B view):
A:T18V	B:T215V	logit=-0.668
A:N55S	B:N252S	logit=-0.919
A:N54V	B:N251V	logit=-1.325
A:E100V	B:E297V	logit=-2.194
A:I30V	B:I227V	logit=-2.565

Top tied mutations (C + D view):
C:V218L	D:V491L	logit=-0.452
C:K191R	D:K464R	logit=-0.586
C:S180T	D:S453T	logit=-0.668
C:T42V	D:T315V	logit=-0.772
C:N51P	D:N324P	logit=-0.782

Top tied mutations (A + B view):
A:T18V	B:T215V	logit=-0.739
A:N55S	B:N252S	logit=-0.896
A:N54V	B:N251V	logit=-1.472
A:E100V	B:E297V	logit=-2.361
A:I30V	B:I227V	logit=-2.607

Top tied mutations (C + D view):
C:V218L	D:V491L	logit=-0.466
C:K191R	D:K464R	logit=-0.599
C:S180T	D:S453T	logit=-0.638
C:T42V	D:T315V	logit=-0.715
C:S89A	D:S362A	logit=-0.867

Top tied mutations (A + B view):
A:T18V	B:T215V	logit=-0.703
A:N55S	B:N252S	logit=-0.940
A:N54V	B:N251V	logit=-1.488
A:E100V	B:E297V	logit=-2.319
A:I30V	B:I227V	logit=-2.608

Top tied mutations (C + D view):
C:V218L	D:V491L	logit=-0.484
C:K191R	D:K464R	logit=-0.513
C:S180T	D:S453T	logit=-0.652
C:T42V	D:T315V	logit=-0.682
C:S89A	D:S362A	logit=-0.847

Top tied mutations (A + B view):
A:T18V	B:T215V	logit=-0.633
A:N55S	B:N252S	logit=-0.908
A:N54V	B:N251V	logit=-1.407
A:E100V	B:E297V	logit=-2.268
A:I30V	B:I227V	logit=-2.641

Top tied mutations (C + D view):
C:V218L	D:V491L	logit=-0.467
C:K191R	D:K464R	logit=-0.610
C:S180T	D:S453T	logit=-0.666
C:T42V	D:T315V	logit=-0.710
C:S89A	D:S362A	logit=-0.890

Top tied mutations (A + B view):
A:T18V	B:T215V	logit=-0.729
A:N55S	B:N252S	logit=-0.901
A:N54V	B:N251V	logit=-1.440
A:E100V	B:E297V	logit=-2.393
A:I30V	B:I227V	logit=-2.516

Top tied mutations (C + D view):
C:V218L	D:V491L	logit=-0.473
C:K191R	D:K464R	logit=-0.606
C:S180T	D:S453T	logit=-0.643
C:T42V	D:T315V	logit=-0.727
C:N51P	D:N324P	logit=-0.819

Top tied mutations (A + B view):
A:T18V	B:T215V	logit=-0.689
A:N55S	B:N252S	logit=-0.877
A:N54V	B:N251V	logit=-1.384
A:E100V	B:E297V	logit=-2.392
A:I30V	B:I227V	logit=-2.660

Top tied mutations (C + D view):
C:V218L	D:V491L	logit=-0.453
C:K191R	D:K464R	logit=-0.566
C:S180T	D:S453T	logit=-0.643
C:T42V	D:T315V	logit=-0.706
C:S89A	D:S362A	logit=-0.881

Top tied mutations (A + B view):
A:T18V	B:T215V	logit=-0.629
A:N55S	B:N252S	logit=-0.900
A:N54V	B:N251V	logit=-1.539
A:E100V	B:E297V	logit=-2.289
A:I30V	B:I227V	logit=-2.564

Top tied mutations (C + D view):
C:V218L	D:V491L	logit=-0.430
C:K191R	D:K464R	logit=-0.565
C:S180T	D:S453T	logit=-0.661
C:T42V	D:T315V	logit=-0.698
C:N51P	D:N324P	logit=-0.882

Top tied mutations (A + B view):
A:T18V	B:T215V	logit=-0.658
A:N55S	B:N252S	logit=-0.885
A:N54V	B:N251V	logit=-1.320
A:E100V	B:E297V	logit=-2.275
A:I30V	B:I227V	logit=-2.544

Top tied mutations (C + D view):
C:V218L	D:V491L	logit=-0.419
C:K191R	D:K464R	logit=-0.550
C:S180T	D:S453T	logit=-0.657
C:T42V	D:T315V	logit=-0.752
C:N51P	D:N324P	logit=-0.839

Top tied mutations (A + B view):
A:T18V	B:T215V	logit=-0.743
A:N55S	B:N252S	logit=-0.927
A:N54V	B:N251V	logit=-1.392
A:E100V	B:E297V	logit=-2.232
A:I30V	B:I227V	logit=-2.514

Top tied mutations (C + D view):
C:V218L	D:V491L	logit=-0.439
C:K191R	D:K464R	logit=-0.546
C:S180T	D:S453T	logit=-0.654
C:T42V	D:T315V	logit=-0.724
C:N51P	D:N324P	logit=-0.808

Top tied mutations (A + B view):
A:T18V	B:T215V	logit=-0.639
A:N55S	B:N252S	logit=-1.008
A:N54V	B:N251V	logit=-1.449
A:E100V	B:E297V	logit=-2.378
A:I30V	B:I227V	logit=-2.682

Top tied mutations (C + D view):
C:V218L	D:V491L	logit=-0.489
C:K191R	D:K464R	logit=-0.587
C:S180T	D:S453T	logit=-0.638
C:T42V	D:T315V	logit=-0.727
C:N51P	D:N324P	logit=-0.813

Top tied mutations (A + B view):
A:T18V	B:T215V	logit=-0.767
A:N55S	B:N252S	logit=-0.924
A:N54V	B:N251V	logit=-1.488
A:E100V	B:E297V	logit=-2.357
A:I30V	B:I227V	logit=-2.501

Top tied mutations (C + D view):
C:V218L	D:V491L	logit=-0.416
C:K191R	D:K464R	logit=-0.491
C:S180T	D:S453T	logit=-0.646
C:T42V	D:T315V	logit=-0.695
C:N51P	D:N324P	logit=-0.791

Top tied mutations (A + B view):
A:T18V	B:T215V	logit=-0.671
A:N55S	B:N252S	logit=-0.895
A:N54V	B:N251V	logit=-1.555
A:E100V	B:E297V	logit=-2.277
A:I30V	B:I227V	logit=-2.493

Top tied mutations (C + D view):
C:V218L	D:V491L	logit=-0.421
C:K191R	D:K464R	logit=-0.530
C:S180T	D:S453T	logit=-0.663
C:T42V	D:T315V	logit=-0.729
C:N51P	D:N324P	logit=-0.831

Top tied mutations (A + B view):
A:T18V	B:T215V	logit=-0.686
A:N55S	B:N252S	logit=-0.918
A:N54V	B:N251V	logit=-1.291
A:E100V	B:E297V	logit=-2.258
A:I30V	B:I227V	logit=-2.541

Top tied mutations (C + D view):
C:V218L	D:V491L	logit=-0.396
C:S180T	D:S453T	logit=-0.674
C:K191R	D:K464R	logit=-0.677
C:T42V	D:T315V	logit=-0.687
C:S89A	D:S362A	logit=-0.918

Top tied mutations (A + B view):
A:T18V	B:T215V	logit=-0.712
A:N55S	B:N252S	logit=-0.879
A:N54V	B:N251V	logit=-1.437
A:E100V	B:E297V	logit=-2.172
A:I30V	B:I227V	logit=-2.504

Top tied mutations (C + D view):
C:V218L	D:V491L	logit=-0.459
C:K191R	D:K464R	logit=-0.575
C:S180T	D:S453T	logit=-0.664
C:T42V	D:T315V	logit=-0.706
C:N51P	D:N324P	logit=-0.862

Top tied mutations (A + B view):
A:T18V	B:T215V	logit=-0.675
A:N55S	B:N252S	logit=-0.939
A:N54V	B:N251V	logit=-1.398
A:E100V	B:E297V	logit=-2.382
A:I30V	B:I227V	logit=-2.585

Top tied mutations (C + D view):
C:V218L	D:V491L	logit=-0.453
C:K191R	D:K464R	logit=-0.586
C:S180T	D:S453T	logit=-0.667
C:T42V	D:T315V	logit=-0.724
C:N51P	D:N324P	logit=-0.893

Top tied mutations (A + B view):
A:T18V	B:T215V	logit=-0.666
A:N55S	B:N252S	logit=-0.869
A:N54V	B:N251V	logit=-1.343
A:E100V	B:E297V	logit=-2.222
A:I30V	B:I227V	logit=-2.658

Top tied mutations (C + D view):
C:V218L	D:V491L	logit=-0.464
C:K191R	D:K464R	logit=-0.519
C:S180T	D:S453T	logit=-0.673
C:T42V	D:T315V	logit=-0.747
C:N51P	D:N324P	logit=-0.841

Top tied mutations (A + B view):
A:T18V	B:T215V	logit=-0.711
A:N55S	B:N252S	logit=-0.914
A:N54V	B:N251V	logit=-1.414
A:E100V	B:E297V	logit=-2.270
A:I30V	B:I227V	logit=-2.518

Top tied mutations (C + D view):
C:V218L	D:V491L	logit=-0.453
C:K191R	D:K464R	logit=-0.552
C:S180T	D:S453T	logit=-0.656
C:T42V	D:T315V	logit=-0.780
C:N51P	D:N324P	logit=-0.848

Top tied mutations (A + B view):
A:T18V	B:T215V	logit=-0.725
A:N55S	B:N252S	logit=-0.875
A:N54V	B:N251V	logit=-1.354
A:E100V	B:E297V	logit=-2.321
A:I30V	B:I227V	logit=-2.559

Top tied mutations (C + D view):
C:V218L	D:V491L	logit=-0.424
C:K191R	D:K464R	logit=-0.519
C:S180T	D:S453T	logit=-0.640
C:T42V	D:T315V	logit=-0.708
C:N51P	D:N324P	logit=-0.903

Top tied mutations (A + B view):
A:T18V	B:T215V	logit=-0.665
A:N55S	B:N252S	logit=-0.952
A:N54V	B:N251V	logit=-1.447
A:E100V	B:E297V	logit=-2.161
A:I30V	B:I227V	logit=-2.613

Top tied mutations (C + D view):
C:V218L	D:V491L	logit=-0.473
C:K191R	D:K464R	logit=-0.540
C:S180T	D:S453T	logit=-0.640
C:T42V	D:T315V	logit=-0.757
C:N51P	D:N324P	logit=-0.845

Top tied mutations (A + B view):
A:T18V	B:T215V	logit=-0.764
A:N55S	B:N252S	logit=-0.857
A:N54V	B:N251V	logit=-1.358
A:E100V	B:E297V	logit=-2.300
A:I30V	B:I227V	logit=-2.587

Top tied mutations (C + D view):
C:V218L	D:V491L	logit=-0.470
C:K191R	D:K464R	logit=-0.565
C:S180T	D:S453T	logit=-0.670
C:T42V	D:T315V	logit=-0.747
C:N51P	D:N324P	logit=-0.879

Top tied mutations (A + B view):
A:T18V	B:T215V	logit=-0.828
A:N55S	B:N252S	logit=-0.904
A:N54V	B:N251V	logit=-1.481
A:E100V	B:E297V	logit=-2.421
A:I30V	B:I227V	logit=-2.656

Top tied mutations (C + D view):
C:V218L	D:V491L	logit=-0.480
C:K191R	D:K464R	logit=-0.550
C:S180T	D:S453T	logit=-0.648
C:T42V	D:T315V	logit=-0.773
C:N51P	D:N324P	logit=-0.895

Top tied mutations (A + B view):
A:T18V	B:T215V	logit=-0.713
A:N55S	B:N252S	logit=-0.868
A:N54V	B:N251V	logit=-1.383
A:E100V	B:E297V	logit=-2.369
A:I30V	B:I227V	logit=-2.665

Top tied mutations (C + D view):
C:V218L	D:V491L	logit=-0.413
C:K191R	D:K464R	logit=-0.576
C:S180T	D:S453T	logit=-0.683
C:T42V	D:T315V	logit=-0.703
C:N51P	D:N324P	logit=-0.906

Top tied mutations (A + B view):
A:T18V	B:T215V	logit=-0.670
A:N55S	B:N252S	logit=-0.942
A:N54V	B:N251V	logit=-1.408
A:E100V	B:E297V	logit=-2.331
A:I30V	B:I227V	logit=-2.534

Top tied mutations (C + D view):
C:V218L	D:V491L	logit=-0.469
C:K191R	D:K464R	logit=-0.544
C:S180T	D:S453T	logit=-0.636
C:T42V	D:T315V	logit=-0.716
C:N51P	D:N324P	logit=-0.918

Top tied mutations (A + B view):
A:T18V	B:T215V	logit=-0.691
A:N55S	B:N252S	logit=-0.945
A:N54V	B:N251V	logit=-1.322
A:E100V	B:E297V	logit=-2.305
A:I30V	B:I227V	logit=-2.543

Top tied mutations (C + D view):
C:V218L	D:V491L	logit=-0.409
C:K191R	D:K464R	logit=-0.580
C:S180T	D:S453T	logit=-0.653
C:T42V	D:T315V	logit=-0.658
C:N51P	D:N324P	logit=-0.792

Top tied mutations (A + B view):
A:T18V	B:T215V	logit=-0.668
A:N55S	B:N252S	logit=-0.890
A:N54V	B:N251V	logit=-1.331
A:E100V	B:E297V	logit=-2.322
A:I30V	B:I227V	logit=-2.731

Top tied mutations (C + D view):
C:V218L	D:V491L	logit=-0.477
C:K191R	D:K464R	logit=-0.491
C:S180T	D:S453T	logit=-0.654
C:T42V	D:T315V	logit=-0.791
C:N51P	D:N324P	logit=-0.854

Top tied mutations (A + B view):
A:T18V	B:T215V	logit=-0.666
A:N55S	B:N252S	logit=-0.941
A:N54V	B:N251V	logit=-1.458
A:E100V	B:E297V	logit=-2.370
A:I30V	B:I227V	logit=-2.500

Top tied mutations (C + D view):
C:V218L	D:V491L	logit=-0.435
C:K191R	D:K464R	logit=-0.525
C:S180T	D:S453T	logit=-0.654
C:T42V	D:T315V	logit=-0.755
C:N51P	D:N324P	logit=-0.866

Top tied mutations (A + B view):
A:T18V	B:T215V	logit=-0.642
A:N55S	B:N252S	logit=-0.906
A:N54V	B:N251V	logit=-1.486
A:E100V	B:E297V	logit=-2.215
A:I30V	B:I227V	logit=-2.610

Top tied mutations (C + D view):
C:V218L	D:V491L	logit=-0.448
C:K191R	D:K464R	logit=-0.530
C:S180T	D:S453T	logit=-0.663
C:T42V	D:T315V	logit=-0.699
C:N51P	D:N324P	logit=-0.824

Top tied mutations (A + B view):
A:T18V	B:T215V	logit=-0.690
A:N55S	B:N252S	logit=-0.888
A:N54V	B:N251V	logit=-1.433
A:E100V	B:E297V	logit=-2.322
A:I30V	B:I227V	logit=-2.582

Top tied mutations (C + D view):
C:V218L	D:V491L	logit=-0.423
C:K191R	D:K464R	logit=-0.613
C:S180T	D:S453T	logit=-0.679
C:T42V	D:T315V	logit=-0.746
C:S89A	D:S362A	logit=-0.782

Top tied mutations (A + B view):
A:T18V	B:T215V	logit=-0.642
A:N55S	B:N252S	logit=-0.863
A:N54V	B:N251V	logit=-1.487
A:E100V	B:E297V	logit=-2.286
A:I30V	B:I227V	logit=-2.620

Top tied mutations (C + D view):
C:V218L	D:V491L	logit=-0.436
C:K191R	D:K464R	logit=-0.545
C:S180T	D:S453T	logit=-0.663
C:T42V	D:T315V	logit=-0.716
C:N51P	D:N324P	logit=-0.959

Top tied mutations (A + B view):
A:T18V	B:T215V	logit=-0.667
A:N55S	B:N252S	logit=-0.915
A:N54V	B:N251V	logit=-1.400
A:E100V	B:E297V	logit=-2.232
A:I30V	B:I227V	logit=-2.523

Top tied mutations (C + D view):
C:V218L	D:V491L	logit=-0.417
C:K191R	D:K464R	logit=-0.539
C:S180T	D:S453T	logit=-0.663
C:T42V	D:T315V	logit=-0.712
C:S89A	D:S362A	logit=-0.872

Top tied mutations (A + B view):
A:T18V	B:T215V	logit=-0.703
A:N55S	B:N252S	logit=-0.905
A:N54V	B:N251V	logit=-1.382
A:E100V	B:E297V	logit=-2.275
A:I30V	B:I227V	logit=-2.654

Top tied mutations (C + D view):
C:V218L	D:V491L	logit=-0.393
C:K191R	D:K464R	logit=-0.518
C:S180T	D:S453T	logit=-0.653
C:T42V	D:T315V	logit=-0.741
C:N51P	D:N324P	logit=-0.826

Top tied mutations (A + B view):
A:T18V	B:T215V	logit=-0.721
A:N55S	B:N252S	logit=-0.926
A:N54V	B:N251V	logit=-1.539
A:E100V	B:E297V	logit=-2.296
A:I30V	B:I227V	logit=-2.526

Top tied mutations (C + D view):
C:V218L	D:V491L	logit=-0.452
C:K191R	D:K464R	logit=-0.557
C:S180T	D:S453T	logit=-0.651
C:T42V	D:T315V	logit=-0.739
C:S89A	D:S362A	logit=-0.893

Top tied mutations (A + B view):
A:T18V	B:T215V	logit=-0.731
A:N55S	B:N252S	logit=-0.854
A:N54V	B:N251V	logit=-1.443
A:E100V	B:E297V	logit=-2.362
A:I30V	B:I227V	logit=-2.634

Top tied mutations (C + D view):
C:V218L	D:V491L	logit=-0.473
C:K191R	D:K464R	logit=-0.574
C:S180T	D:S453T	logit=-0.642
C:T42V	D:T315V	logit=-0.724
C:N51P	D:N324P	logit=-0.848

Top tied mutations (A + B view):
A:T18V	B:T215V	logit=-0.754
A:N55S	B:N252S	logit=-0.899
A:N54V	B:N251V	logit=-1.432
A:E100V	B:E297V	logit=-2.221
A:I30V	B:I227V	logit=-2.573

Top tied mutations (C + D view):
C:V218L	D:V491L	logit=-0.411
C:K191R	D:K464R	logit=-0.577
C:S180T	D:S453T	logit=-0.666
C:T42V	D:T315V	logit=-0.698
C:N51P	D:N324P	logit=-0.839

Top tied mutations (A + B view):
A:T18V	B:T215V	logit=-0.756
A:N55S	B:N252S	logit=-0.952
A:N54V	B:N251V	logit=-1.353
A:E100V	B:E297V	logit=-2.286
A:I30V	B:I227V	logit=-2.468

Top tied mutations (C + D view):
C:V218L	D:V491L	logit=-0.481
C:K191R	D:K464R	logit=-0.582
C:S180T	D:S453T	logit=-0.677
C:T42V	D:T315V	logit=-0.712
C:N51P	D:N324P	logit=-0.815

Top tied mutations (A + B view):
A:T18V	B:T215V	logit=-0.698
A:N55S	B:N252S	logit=-0.897
A:N54V	B:N251V	logit=-1.492
A:E100V	B:E297V	logit=-2.300
A:I30V	B:I227V	logit=-2.550

Top tied mutations (C + D view):
C:V218L	D:V491L	logit=-0.404
C:K191R	D:K464R	logit=-0.553
C:S180T	D:S453T	logit=-0.667
C:T42V	D:T315V	logit=-0.757
C:S89A	D:S362A	logit=-0.883

Top tied mutations (A + B view):
A:T18V	B:T215V	logit=-0.735
A:N55S	B:N252S	logit=-0.938
A:N54V	B:N251V	logit=-1.276
A:E100V	B:E297V	logit=-2.136
A:I30V	B:I227V	logit=-2.522

Top tied mutations (C + D view):
C:V218L	D:V491L	logit=-0.472
C:K191R	D:K464R	logit=-0.589
C:S180T	D:S453T	logit=-0.656
C:T42V	D:T315V	logit=-0.764
C:S89A	D:S362A	logit=-0.891

Top tied mutations (A + B view):
A:T18V	B:T215V	logit=-0.699
A:N55S	B:N252S	logit=-0.966
A:N54V	B:N251V	logit=-1.390
A:E100V	B:E297V	logit=-2.298
A:I30V	B:I227V	logit=-2.584

Top tied mutations (C + D view):
C:V218L	D:V491L	logit=-0.447
C:K191R	D:K464R	logit=-0.596
C:S180T	D:S453T	logit=-0.624
C:N51P	D:N324P	logit=-0.705
C:T42V	D:T315V	logit=-0.763

Top tied mutations (A + B view):
A:T18V	B:T215V	logit=-0.663
A:N55S	B:N252S	logit=-0.927
A:N54V	B:N251V	logit=-1.539
A:E100V	B:E297V	logit=-2.253
A:I30V	B:I227V	logit=-2.644

Top tied mutations (C + D view):
C:V218L	D:V491L	logit=-0.471
C:K191R	D:K464R	logit=-0.567
C:S180T	D:S453T	logit=-0.675
C:T42V	D:T315V	logit=-0.744
C:S89A	D:S362A	logit=-0.901

Top tied mutations (A + B view):
A:T18V	B:T215V	logit=-0.712
A:N55S	B:N252S	logit=-0.909
A:N54V	B:N251V	logit=-1.389
A:E100V	B:E297V	logit=-2.276
A:I30V	B:I227V	logit=-2.570

Top tied mutations (C + D view):
C:K191R	D:K464R	logit=-0.480
C:V218L	D:V491L	logit=-0.486
C:S180T	D:S453T	logit=-0.645
C:T42V	D:T315V	logit=-0.757
C:S89A	D:S362A	logit=-0.862

Top tied mutations (A + B view):
A:T18V	B:T215V	logit=-0.717
A:N55S	B:N252S	logit=-0.900
A:N54V	B:N251V	logit=-1.324
A:E100V	B:E297V	logit=-2.355
A:I30V	B:I227V	logit=-2.514

Top tied mutations (C + D view):
C:V218L	D:V491L	logit=-0.460
C:K191R	D:K464R	logit=-0.554
C:S180T	D:S453T	logit=-0.648
C:T42V	D:T315V	logit=-0.704
C:N51P	D:N324P	logit=-0.799

Top tied mutations (A + B view):
A:T18V	B:T215V	logit=-0.703
A:N55S	B:N252S	logit=-0.881
A:N54V	B:N251V	logit=-1.441
A:E100V	B:E297V	logit=-2.275
A:I30V	B:I227V	logit=-2.607

Top tied mutations (C + D view):
C:V218L	D:V491L	logit=-0.410
C:K191R	D:K464R	logit=-0.524
C:S180T	D:S453T	logit=-0.631
C:T42V	D:T315V	logit=-0.655
C:N51P	D:N324P	logit=-0.904

Top tied mutations (A + B view):
A:T18V	B:T215V	logit=-0.668
A:N55S	B:N252S	logit=-0.903
A:N54V	B:N251V	logit=-1.536
A:E100V	B:E297V	logit=-2.335
A:I30V	B:I227V	logit=-2.524

Top tied mutations (C + D view):
C:V218L	D:V491L	logit=-0.418
C:K191R	D:K464R	logit=-0.486
C:S180T	D:S453T	logit=-0.656
C:T42V	D:T315V	logit=-0.708
C:S89A	D:S362A	logit=-0.917

Top tied mutations (A + B view):
A:T18V	B:T215V	logit=-0.677
A:N55S	B:N252S	logit=-0.896
A:N54V	B:N251V	logit=-1.458
A:E100V	B:E297V	logit=-2.310
A:I30V	B:I227V	logit=-2.608

Top tied mutations (C + D view):
C:V218L	D:V491L	logit=-0.455
C:K191R	D:K464R	logit=-0.575
C:S180T	D:S453T	logit=-0.665
C:T42V	D:T315V	logit=-0.718
C:N51P	D:N324P	logit=-0.809

Top tied mutations (A + B view):
A:T18V	B:T215V	logit=-0.677
A:N55S	B:N252S	logit=-0.891
A:N54V	B:N251V	logit=-1.422
A:E100V	B:E297V	logit=-2.279
A:I30V	B:I227V	logit=-2.504

Top tied mutations (C + D view):
C:V218L	D:V491L	logit=-0.424
C:K191R	D:K464R	logit=-0.652
C:S180T	D:S453T	logit=-0.655
C:T42V	D:T315V	logit=-0.711
C:N51P	D:N324P	logit=-0.805

Top tied mutations (A + B view):
A:T18V	B:T215V	logit=-0.746
A:N55S	B:N252S	logit=-0.889
A:N54V	B:N251V	logit=-1.424
A:E100V	B:E297V	logit=-2.229
A:I30V	B:I227V	logit=-2.549

Top tied mutations (C + D view):
C:V218L	D:V491L	logit=-0.430
C:K191R	D:K464R	logit=-0.555
C:S180T	D:S453T	logit=-0.675
C:T42V	D:T315V	logit=-0.740
C:N51P	D:N324P	logit=-0.830

Top tied mutations (A + B view):
A:T18V	B:T215V	logit=-0.764
A:N55S	B:N252S	logit=-0.891
A:N54V	B:N251V	logit=-1.341
A:E100V	B:E297V	logit=-2.249
A:I30V	B:I227V	logit=-2.578

Top tied mutations (C + D view):
C:V218L	D:V491L	logit=-0.457
C:K191R	D:K464R	logit=-0.521
C:S180T	D:S453T	logit=-0.646
C:T42V	D:T315V	logit=-0.746
C:N51P	D:N324P	logit=-0.759

Top tied mutations (A + B view):
A:T18V	B:T215V	logit=-0.650
A:N55S	B:N252S	logit=-0.871
A:N54V	B:N251V	logit=-1.346
A:E100V	B:E297V	logit=-2.252
A:I30V	B:I227V	logit=-2.432

Top tied mutations (C + D view):
C:V218L	D:V491L	logit=-0.422
C:K191R	D:K464R	logit=-0.536
C:S180T	D:S453T	logit=-0.654
C:T42V	D:T315V	logit=-0.766
C:N51P	D:N324P	logit=-0.847

Top tied mutations (A + B view):
A:T18V	B:T215V	logit=-0.680
A:N55S	B:N252S	logit=-0.890
A:N54V	B:N251V	logit=-1.337
A:E100V	B:E297V	logit=-2.351
A:I30V	B:I227V	logit=-2.565

Top tied mutations (C + D view):
C:V218L	D:V491L	logit=-0.482
C:K191R	D:K464R	logit=-0.580
C:S180T	D:S453T	logit=-0.647
C:T42V	D:T315V	logit=-0.739
C:N51P	D:N324P	logit=-0.851

Top tied mutations (A + B view):
A:T18V	B:T215V	logit=-0.720
A:N55S	B:N252S	logit=-1.020
A:N54V	B:N251V	logit=-1.572
A:E100V	B:E297V	logit=-2.160
A:I30V	B:I227V	logit=-2.578

Top tied mutations (C + D view):
C:V218L	D:V491L	logit=-0.462
C:K191R	D:K464R	logit=-0.552
C:S180T	D:S453T	logit=-0.651
C:T42V	D:T315V	logit=-0.751
C:S89A	D:S362A	logit=-0.877

Top tied mutations (A + B view):
A:T18V	B:T215V	logit=-0.689
A:N55S	B:N252S	logit=-0.899
A:N54V	B:N251V	logit=-1.397
A:E100V	B:E297V	logit=-2.367
A:I30V	B:I227V	logit=-2.744

Top tied mutations (C + D view):
C:V218L	D:V491L	logit=-0.447
C:K191R	D:K464R	logit=-0.564
C:S180T	D:S453T	logit=-0.630
C:T42V	D:T315V	logit=-0.753
C:S89A	D:S362A	logit=-0.873

Top tied mutations (A + B view):
A:T18V	B:T215V	logit=-0.697
A:N55S	B:N252S	logit=-0.836
A:N54V	B:N251V	logit=-1.425
A:E100V	B:E297V	logit=-2.331
A:I30V	B:I227V	logit=-2.644

Top tied mutations (C + D view):
C:V218L	D:V491L	logit=-0.493
C:K191R	D:K464R	logit=-0.577
C:S180T	D:S453T	logit=-0.666
C:T42V	D:T315V	logit=-0.720
C:N51P	D:N324P	logit=-0.779

Top tied mutations (A + B view):
A:T18V	B:T215V	logit=-0.691
A:N55S	B:N252S	logit=-0.978
A:N54V	B:N251V	logit=-1.443
A:E100V	B:E297V	logit=-2.408
A:I30V	B:I227V	logit=-2.454

Top tied mutations (C + D view):
C:V218L	D:V491L	logit=-0.495
C:K191R	D:K464R	logit=-0.648
C:S180T	D:S453T	logit=-0.665
C:T42V	D:T315V	logit=-0.742
C:N51P	D:N324P	logit=-0.805

Top tied mutations (A + B view):
A:T18V	B:T215V	logit=-0.667
A:N55S	B:N252S	logit=-0.961
A:N54V	B:N251V	logit=-1.393
A:E100V	B:E297V	logit=-2.297
A:I30V	B:I227V	logit=-2.712

Top tied mutations (C + D view):
C:V218L	D:V491L	logit=-0.434
C:K191R	D:K464R	logit=-0.608
C:S180T	D:S453T	logit=-0.656
C:T42V	D:T315V	logit=-0.711
C:N51P	D:N324P	logit=-0.727

Top tied mutations (A + B view):
A:T18V	B:T215V	logit=-0.702
A:N55S	B:N252S	logit=-0.950
A:N54V	B:N251V	logit=-1.366
A:E100V	B:E297V	logit=-2.240
A:I30V	B:I227V	logit=-2.516

Top tied mutations (C + D view):
C:V218L	D:V491L	logit=-0.421
C:K191R	D:K464R	logit=-0.572
C:S180T	D:S453T	logit=-0.652
C:T42V	D:T315V	logit=-0.752
C:N51P	D:N324P	logit=-0.883

Top tied mutations (A + B view):
A:T18V	B:T215V	logit=-0.686
A:N55S	B:N252S	logit=-0.948
A:N54V	B:N251V	logit=-1.377
A:E100V	B:E297V	logit=-2.392
A:I30V	B:I227V	logit=-2.623

Top tied mutations (C + D view):
C:V218L	D:V491L	logit=-0.464
C:K191R	D:K464R	logit=-0.544
C:S180T	D:S453T	logit=-0.663
C:T42V	D:T315V	logit=-0.724
C:N51P	D:N324P	logit=-0.786

Top tied mutations (A + B view):
A:T18V	B:T215V	logit=-0.695
A:N55S	B:N252S	logit=-0.909
A:N54V	B:N251V	logit=-1.540
A:E100V	B:E297V	logit=-2.339
A:I30V	B:I227V	logit=-2.518

Top tied mutations (C + D view):
C:V218L	D:V491L	logit=-0.435
C:K191R	D:K464R	logit=-0.568
C:S180T	D:S453T	logit=-0.629
C:T42V	D:T315V	logit=-0.749
C:N51P	D:N324P	logit=-0.835

Top tied mutations (A + B view):
A:T18V	B:T215V	logit=-0.697
A:N55S	B:N252S	logit=-0.911
A:N54V	B:N251V	logit=-1.355
A:E100V	B:E297V	logit=-2.422
A:I30V	B:I227V	logit=-2.728

Top tied mutations (C + D view):
C:V218L	D:V491L	logit=-0.468
C:K191R	D:K464R	logit=-0.596
C:S180T	D:S453T	logit=-0.649
C:T42V	D:T315V	logit=-0.759
C:N51P	D:N324P	logit=-0.826

Top tied mutations (A + B view):
A:T18V	B:T215V	logit=-0.737
A:N55S	B:N252S	logit=-0.886
A:N54V	B:N251V	logit=-1.278
A:E100V	B:E297V	logit=-2.348
A:N57R	B:N254R	logit=-2.696

Top tied mutations (C + D view):
C:V218L	D:V491L	logit=-0.454
C:K191R	D:K464R	logit=-0.600
C:S180T	D:S453T	logit=-0.644
C:T42V	D:T315V	logit=-0.757
C:N51P	D:N324P	logit=-0.825

Top tied mutations (A + B view):
A:T18V	B:T215V	logit=-0.754
A:N55S	B:N252S	logit=-0.882
A:N54V	B:N251V	logit=-1.456
A:E100V	B:E297V	logit=-2.330
A:N57R	B:N254R	logit=-2.713

Top tied mutations (C + D view):
C:V218L	D:V491L	logit=-0.430
C:K191R	D:K464R	logit=-0.513
C:S180T	D:S453T	logit=-0.653
C:T42V	D:T315V	logit=-0.700
C:A168P	D:A441P	logit=-0.897

Top tied mutations (A + B view):
A:T18V	B:T215V	logit=-0.701
A:N55S	B:N252S	logit=-0.894
A:N54V	B:N251V	logit=-1.367
A:E100V	B:E297V	logit=-2.286
A:I30V	B:I227V	logit=-2.499

Top tied mutations (C + D view):
C:V218L	D:V491L	logit=-0.409
C:K191R	D:K464R	logit=-0.609
C:S180T	D:S453T	logit=-0.625
C:N51P	D:N324P	logit=-0.758
C:T42V	D:T315V	logit=-0.778

Top tied mutations (A + B view):
A:T18V	B:T215V	logit=-0.715
A:N55S	B:N252S	logit=-0.905
A:N54V	B:N251V	logit=-1.467
A:E100V	B:E297V	logit=-2.272
A:I30V	B:I227V	logit=-2.571

Top tied mutations (C + D view):
C:V218L	D:V491L	logit=-0.396
C:K191R	D:K464R	logit=-0.498
C:S180T	D:S453T	logit=-0.672
C:T42V	D:T315V	logit=-0.715
C:N51P	D:N324P	logit=-0.810

Top tied mutations (A + B view):
A:T18V	B:T215V	logit=-0.699
A:N55S	B:N252S	logit=-0.919
A:N54V	B:N251V	logit=-1.561
A:E100V	B:E297V	logit=-2.393
A:I30V	B:I227V	logit=-2.468

Top tied mutations (C + D view):
C:V218L	D:V491L	logit=-0.410
C:K191R	D:K464R	logit=-0.653
C:S180T	D:S453T	logit=-0.668
C:T42V	D:T315V	logit=-0.692
C:N51P	D:N324P	logit=-0.812

Top tied mutations (A + B view):
A:T18V	B:T215V	logit=-0.717
A:N55S	B:N252S	logit=-0.955
A:N54V	B:N251V	logit=-1.431
A:E100V	B:E297V	logit=-2.172
A:I30V	B:I227V	logit=-2.650

Top tied mutations (C + D view):
C:V218L	D:V491L	logit=-0.473
C:K191R	D:K464R	logit=-0.504
C:S180T	D:S453T	logit=-0.667
C:T42V	D:T315V	logit=-0.732
C:S89A	D:S362A	logit=-0.917

Top tied mutations (A + B view):
A:T18V	B:T215V	logit=-0.673
A:N55S	B:N252S	logit=-0.934
A:N54V	B:N251V	logit=-1.483
A:E100V	B:E297V	logit=-2.315
A:I30V	B:I227V	logit=-2.593

Top tied mutations (C + D view):
C:V218L	D:V491L	logit=-0.472
C:K191R	D:K464R	logit=-0.585
C:S180T	D:S453T	logit=-0.657
C:T42V	D:T315V	logit=-0.752
C:N51P	D:N324P	logit=-0.848

Top tied mutations (A + B view):
A:T18V	B:T215V	logit=-0.714
A:N55S	B:N252S	logit=-0.918
A:N54V	B:N251V	logit=-1.330
A:E100V	B:E297V	logit=-2.213
A:I30V	B:I227V	logit=-2.629

Top tied mutations (C + D view):
C:V218L	D:V491L	logit=-0.414
C:K191R	D:K464R	logit=-0.528
C:S180T	D:S453T	logit=-0.658
C:T42V	D:T315V	logit=-0.723
C:N51P	D:N324P	logit=-0.772

Top tied mutations (A + B view):
A:T18V	B:T215V	logit=-0.719
A:N55S	B:N252S	logit=-0.962
A:N54V	B:N251V	logit=-1.514
A:E100V	B:E297V	logit=-2.376
A:I30V	B:I227V	logit=-2.558

Top tied mutations (C + D view):
C:V218L	D:V491L	logit=-0.478
C:K191R	D:K464R	logit=-0.595
C:S180T	D:S453T	logit=-0.698
C:T42V	D:T315V	logit=-0.712
C:N51P	D:N324P	logit=-0.880

Top tied mutations (A + B view):
A:T18V	B:T215V	logit=-0.660
A:N55S	B:N252S	logit=-0.837
A:N54V	B:N251V	logit=-1.477
A:E100V	B:E297V	logit=-2.314
A:I30V	B:I227V	logit=-2.620

Top tied mutations (C + D view):
C:V218L	D:V491L	logit=-0.425
C:K191R	D:K464R	logit=-0.569
C:S180T	D:S453T	logit=-0.665
C:T42V	D:T315V	logit=-0.721
C:N51P	D:N324P	logit=-0.852

Top tied mutations (A + B view):
A:T18V	B:T215V	logit=-0.723
A:N55S	B:N252S	logit=-0.947
A:N54V	B:N251V	logit=-1.438
A:E100V	B:E297V	logit=-2.161
A:I30V	B:I227V	logit=-2.615

Top tied mutations (C + D view):
C:V218L	D:V491L	logit=-0.475
C:K191R	D:K464R	logit=-0.523
C:S180T	D:S453T	logit=-0.661
C:T42V	D:T315V	logit=-0.683
C:N51P	D:N324P	logit=-0.821

Top tied mutations (A + B view):
A:T18V	B:T215V	logit=-0.732
A:N55S	B:N252S	logit=-0.861
A:N54V	B:N251V	logit=-1.414
A:E100V	B:E297V	logit=-2.236
A:I30V	B:I227V	logit=-2.627

Top tied mutations (C + D view):
C:V218L	D:V491L	logit=-0.467
C:K191R	D:K464R	logit=-0.530
C:S180T	D:S453T	logit=-0.635
C:T42V	D:T315V	logit=-0.695
C:N51P	D:N324P	logit=-0.850

Top tied mutations (A + B view):
A:T18V	B:T215V	logit=-0.735
A:N55S	B:N252S	logit=-0.836
A:N54V	B:N251V	logit=-1.462
A:E100V	B:E297V	logit=-2.210
A:I30V	B:I227V	logit=-2.654

Top tied mutations (C + D view):
C:V218L	D:V491L	logit=-0.465
C:K191R	D:K464R	logit=-0.606
C:S180T	D:S453T	logit=-0.654
C:T42V	D:T315V	logit=-0.780
C:S89A	D:S362A	logit=-0.848

Top tied mutations (A + B view):
A:T18V	B:T215V	logit=-0.642
A:N55S	B:N252S	logit=-0.880
A:N54V	B:N251V	logit=-1.534
A:E100V	B:E297V	logit=-2.385
A:I30V	B:I227V	logit=-2.628

Top tied mutations (C + D view):
C:V218L	D:V491L	logit=-0.447
C:K191R	D:K464R	logit=-0.513
C:S180T	D:S453T	logit=-0.651
C:N51P	D:N324P	logit=-0.805
C:T42V	D:T315V	logit=-0.861

Top tied mutations (A + B view):
A:T18V	B:T215V	logit=-0.695
A:N55S	B:N252S	logit=-0.895
A:N54V	B:N251V	logit=-1.418
A:E100V	B:E297V	logit=-2.294
A:I30V	B:I227V	logit=-2.686

Top tied mutations (C + D view):
C:V218L	D:V491L	logit=-0.434
C:K191R	D:K464R	logit=-0.598
C:S180T	D:S453T	logit=-0.671
C:T42V	D:T315V	logit=-0.761
C:N51P	D:N324P	logit=-0.828

Top tied mutations (A + B view):
A:T18V	B:T215V	logit=-0.834
A:N55S	B:N252S	logit=-0.925
A:N54V	B:N251V	logit=-1.484
A:E100V	B:E297V	logit=-2.186
A:I30V	B:I227V	logit=-2.528

Top tied mutations (C + D view):
C:V218L	D:V491L	logit=-0.466
C:K191R	D:K464R	logit=-0.548
C:S180T	D:S453T	logit=-0.668
C:T42V	D:T315V	logit=-0.754
C:N51P	D:N324P	logit=-0.825

Top tied mutations (A + B view):
A:T18V	B:T215V	logit=-0.716
A:N55S	B:N252S	logit=-0.878
A:N54V	B:N251V	logit=-1.517
A:E100V	B:E297V	logit=-2.333
A:I30V	B:I227V	logit=-2.600

Top tied mutations (C + D view):
C:V218L	D:V491L	logit=-0.468
C:K191R	D:K464R	logit=-0.608
C:S180T	D:S453T	logit=-0.662
C:T42V	D:T315V	logit=-0.772
C:N51P	D:N324P	logit=-0.837

Top tied mutations (A + B view):
A:T18V	B:T215V	logit=-0.670
A:N55S	B:N252S	logit=-0.873
A:N54V	B:N251V	logit=-1.445
A:E100V	B:E297V	logit=-2.276
A:I30V	B:I227V	logit=-2.567

Top tied mutations (C + D view):
C:V218L	D:V491L	logit=-0.423
C:K191R	D:K464R	logit=-0.545
C:S180T	D:S453T	logit=-0.641
C:T42V	D:T315V	logit=-0.764
C:N51P	D:N324P	logit=-0.827

Top tied mutations (A + B view):
A:T18V	B:T215V	logit=-0.722
A:N55S	B:N252S	logit=-0.868
A:N54V	B:N251V	logit=-1.545
A:E100V	B:E297V	logit=-2.195
A:I30V	B:I227V	logit=-2.654

Top tied mutations (C + D view):
C:V218L	D:V491L	logit=-0.446
C:K191R	D:K464R	logit=-0.584
C:S180T	D:S453T	logit=-0.628
C:T42V	D:T315V	logit=-0.708
C:N51P	D:N324P	logit=-0.790

Top tied mutations (A + B view):
A:T18V	B:T215V	logit=-0.719
A:N55S	B:N252S	logit=-0.901
A:N54V	B:N251V	logit=-1.465
A:E100V	B:E297V	logit=-2.209
A:I30V	B:I227V	logit=-2.624

Top tied mutations (C + D view):
C:V218L	D:V491L	logit=-0.415
C:K191R	D:K464R	logit=-0.554
C:S180T	D:S453T	logit=-0.643
C:T42V	D:T315V	logit=-0.703
C:N51P	D:N324P	logit=-0.794

Top tied mutations (A + B view):
A:T18V	B:T215V	logit=-0.735
A:N55S	B:N252S	logit=-0.971
A:N54V	B:N251V	logit=-1.362
A:E100V	B:E297V	logit=-2.278
A:I30V	B:I227V	logit=-2.659

Top tied mutations (C + D view):
C:V218L	D:V491L	logit=-0.462
C:K191R	D:K464R	logit=-0.521
C:S180T	D:S453T	logit=-0.645
C:T42V	D:T315V	logit=-0.750
C:S89A	D:S362A	logit=-0.832

Top tied mutations (A + B view):
A:T18V	B:T215V	logit=-0.661
A:N55S	B:N252S	logit=-0.890
A:N54V	B:N251V	logit=-1.487
A:E100V	B:E297V	logit=-2.330
A:I30V	B:I227V	logit=-2.732

Top tied mutations (C + D view):
C:V218L	D:V491L	logit=-0.486
C:K191R	D:K464R	logit=-0.563
C:S180T	D:S453T	logit=-0.638
C:N51P	D:N324P	logit=-0.725
C:T42V	D:T315V	logit=-0.781

Top tied mutations (A + B view):
A:T18V	B:T215V	logit=-0.678
A:N55S	B:N252S	logit=-0.931
A:N54V	B:N251V	logit=-1.545
A:E100V	B:E297V	logit=-2.419
A:I30V	B:I227V	logit=-2.652

Top tied mutations (C + D view):
C:V218L	D:V491L	logit=-0.428
C:K191R	D:K464R	logit=-0.585
C:S180T	D:S453T	logit=-0.661
C:T42V	D:T315V	logit=-0.694
C:N51P	D:N324P	logit=-0.770

Top tied mutations (A + B view):
A:T18V	B:T215V	logit=-0.729
A:N55S	B:N252S	logit=-0.928
A:N54V	B:N251V	logit=-1.468
A:E100V	B:E297V	logit=-2.279
A:I30V	B:I227V	logit=-2.422

Top tied mutations (C + D view):
C:V218L	D:V491L	logit=-0.440
C:K191R	D:K464R	logit=-0.606
C:S180T	D:S453T	logit=-0.666
C:T42V	D:T315V	logit=-0.793
C:S89A	D:S362A	logit=-0.900

Top tied mutations (A + B view):
A:T18V	B:T215V	logit=-0.730
A:N55S	B:N252S	logit=-0.932
A:N54V	B:N251V	logit=-1.542
A:E100V	B:E297V	logit=-2.401
A:I30V	B:I227V	logit=-2.633

Top tied mutations (C + D view):
C:V218L	D:V491L	logit=-0.427
C:K191R	D:K464R	logit=-0.541
C:S180T	D:S453T	logit=-0.674
C:T42V	D:T315V	logit=-0.803
C:N51P	D:N324P	logit=-0.908

Top tied mutations (A + B view):
A:T18V	B:T215V	logit=-0.714
A:N55S	B:N252S	logit=-0.859
A:N54V	B:N251V	logit=-1.494
A:E100V	B:E297V	logit=-2.257
A:I30V	B:I227V	logit=-2.629

Top tied mutations (C + D view):
C:V218L	D:V491L	logit=-0.443
C:K191R	D:K464R	logit=-0.607
C:S180T	D:S453T	logit=-0.684
C:T42V	D:T315V	logit=-0.728
C:N51P	D:N324P	logit=-0.850

Top tied mutations (A + B view):
A:T18V	B:T215V	logit=-0.613
A:N55S	B:N252S	logit=-0.883
A:N54V	B:N251V	logit=-1.520
A:E100V	B:E297V	logit=-2.324
A:I30V	B:I227V	logit=-2.598

Top tied mutations (C + D view):
C:V218L	D:V491L	logit=-0.476
C:K191R	D:K464R	logit=-0.573
C:S180T	D:S453T	logit=-0.691
C:N51P	D:N324P	logit=-0.741
C:T42V	D:T315V	logit=-0.778

Top tied mutations (A + B view):
A:T18V	B:T215V	logit=-0.705
A:N55S	B:N252S	logit=-0.892
A:N54V	B:N251V	logit=-1.211
A:E100V	B:E297V	logit=-2.310
A:I30V	B:I227V	logit=-2.621

Top tied mutations (C + D view):
C:V218L	D:V491L	logit=-0.505
C:K191R	D:K464R	logit=-0.593
C:S180T	D:S453T	logit=-0.659
C:T42V	D:T315V	logit=-0.743
C:N51P	D:N324P	logit=-0.837

Top tied mutations (A + B view):
A:T18V	B:T215V	logit=-0.677
A:N55S	B:N252S	logit=-0.961
A:N54V	B:N251V	logit=-1.398
A:E100V	B:E297V	logit=-2.338
A:I30V	B:I227V	logit=-2.524

Top tied mutations (C + D view):
C:V218L	D:V491L	logit=-0.458
C:K191R	D:K464R	logit=-0.520
C:S180T	D:S453T	logit=-0.671
C:T42V	D:T315V	logit=-0.715
C:S89A	D:S362A	logit=-0.872

Top tied mutations (A + B view):
A:T18V	B:T215V	logit=-0.708
A:N55S	B:N252S	logit=-0.838
A:N54V	B:N251V	logit=-1.405
A:E100V	B:E297V	logit=-2.303
A:I30V	B:I227V	logit=-2.656

Top tied mutations (C + D view):
C:V218L	D:V491L	logit=-0.444
C:K191R	D:K464R	logit=-0.493
C:S180T	D:S453T	logit=-0.643
C:T42V	D:T315V	logit=-0.743
C:S72G	D:S345G	logit=-0.924

Top tied mutations (A + B view):
A:T18V	B:T215V	logit=-0.672
A:N55S	B:N252S	logit=-0.940
A:N54V	B:N251V	logit=-1.467
A:E100V	B:E297V	logit=-2.414
A:I30V	B:I227V	logit=-2.504

Top tied mutations (C + D view):
C:V218L	D:V491L	logit=-0.467
C:K191R	D:K464R	logit=-0.551
C:S180T	D:S453T	logit=-0.653
C:T42V	D:T315V	logit=-0.678
C:N51P	D:N324P	logit=-0.800

Top tied mutations (A + B view):
A:T18V	B:T215V	logit=-0.707
A:N55S	B:N252S	logit=-0.958
A:N54V	B:N251V	logit=-1.503
A:E100V	B:E297V	logit=-2.323
A:I30V	B:I227V	logit=-2.623

Top tied mutations (C + D view):
C:V218L	D:V491L	logit=-0.436
C:K191R	D:K464R	logit=-0.571
C:S180T	D:S453T	logit=-0.667
C:T42V	D:T315V	logit=-0.691
C:N51P	D:N324P	logit=-0.764

Top tied mutations (A + B view):
A:T18V	B:T215V	logit=-0.701
A:N55S	B:N252S	logit=-0.835
A:N54V	B:N251V	logit=-1.589
A:E100V	B:E297V	logit=-2.277
A:I30V	B:I227V	logit=-2.594

Top tied mutations (C + D view):
C:V218L	D:V491L	logit=-0.442
C:K191R	D:K464R	logit=-0.521
C:S180T	D:S453T	logit=-0.675
C:T42V	D:T315V	logit=-0.745
C:N51P	D:N324P	logit=-0.892

Top tied mutations (A + B view):
A:T18V	B:T215V	logit=-0.688
A:N55S	B:N252S	logit=-0.978
A:N54V	B:N251V	logit=-1.371
A:E100V	B:E297V	logit=-2.323
A:I30V	B:I227V	logit=-2.504

Top tied mutations (C + D view):
C:V218L	D:V491L	logit=-0.421
C:K191R	D:K464R	logit=-0.519
C:S180T	D:S453T	logit=-0.648
C:T42V	D:T315V	logit=-0.762
C:N51P	D:N324P	logit=-0.835

Top tied mutations (A + B view):
A:T18V	B:T215V	logit=-0.659
A:N55S	B:N252S	logit=-0.949
A:N54V	B:N251V	logit=-1.359
A:E100V	B:E297V	logit=-2.378
A:I30V	B:I227V	logit=-2.416

Top tied mutations (C + D view):
C:V218L	D:V491L	logit=-0.419
C:K191R	D:K464R	logit=-0.523
C:S180T	D:S453T	logit=-0.642
C:T42V	D:T315V	logit=-0.725
C:N51P	D:N324P	logit=-0.819

Top tied mutations (A + B view):
A:T18V	B:T215V	logit=-0.655
A:N55S	B:N252S	logit=-0.927
A:N54V	B:N251V	logit=-1.562
A:E100V	B:E297V	logit=-2.153
A:V102I	B:V299I	logit=-2.706

Top tied mutations (C + D view):
C:V218L	D:V491L	logit=-0.429
C:K191R	D:K464R	logit=-0.515
C:S180T	D:S453T	logit=-0.654
C:T42V	D:T315V	logit=-0.776
C:S89A	D:S362A	logit=-0.867

Top tied mutations (A + B view):
A:T18V	B:T215V	logit=-0.732
A:N55S	B:N252S	logit=-0.883
A:N54V	B:N251V	logit=-1.353
A:E100V	B:E297V	logit=-2.232
A:I30V	B:I227V	logit=-2.624

Top tied mutations (C + D view):
C:V218L	D:V491L	logit=-0.407
C:K191R	D:K464R	logit=-0.540
C:S180T	D:S453T	logit=-0.638
C:T42V	D:T315V	logit=-0.685
C:N51P	D:N324P	logit=-0.856

Top tied mutations (A + B view):
A:T18V	B:T215V	logit=-0.627
A:N55S	B:N252S	logit=-0.909
A:N54V	B:N251V	logit=-1.381
A:E100V	B:E297V	logit=-2.385
A:I30V	B:I227V	logit=-2.649

Top tied mutations (C + D view):
C:V218L	D:V491L	logit=-0.458
C:K191R	D:K464R	logit=-0.576
C:S180T	D:S453T	logit=-0.633
C:N51P	D:N324P	logit=-0.672
C:T42V	D:T315V	logit=-0.677

Top tied mutations (A + B view):
A:T18V	B:T215V	logit=-0.692
A:N55S	B:N252S	logit=-0.936
A:N54V	B:N251V	logit=-1.309
A:E100V	B:E297V	logit=-2.353
A:I30V	B:I227V	logit=-2.585

Top tied mutations (C + D view):
C:V218L	D:V491L	logit=-0.464
C:K191R	D:K464R	logit=-0.543
C:S180T	D:S453T	logit=-0.672
C:T42V	D:T315V	logit=-0.783
C:N51P	D:N324P	logit=-0.815

Top tied mutations (A + B view):
A:T18V	B:T215V	logit=-0.702
A:N55S	B:N252S	logit=-0.921
A:N54V	B:N251V	logit=-1.418
A:E100V	B:E297V	logit=-2.190
A:I30V	B:I227V	logit=-2.527

Top tied mutations (C + D view):
C:V218L	D:V491L	logit=-0.482
C:K191R	D:K464R	logit=-0.604
C:S180T	D:S453T	logit=-0.672
C:T42V	D:T315V	logit=-0.703
C:N51P	D:N324P	logit=-0.846

Top tied mutations (A + B view):
A:T18V	B:T215V	logit=-0.724
A:N55S	B:N252S	logit=-0.903
A:N54V	B:N251V	logit=-1.310
A:E100V	B:E297V	logit=-2.293
A:I30V	B:I227V	logit=-2.641

Top tied mutations (C + D view):
C:V218L	D:V491L	logit=-0.428
C:K191R	D:K464R	logit=-0.561
C:S180T	D:S453T	logit=-0.645
C:T42V	D:T315V	logit=-0.671
C:N51P	D:N324P	logit=-0.870

Top tied mutations (A + B view):
A:T18V	B:T215V	logit=-0.743
A:N55S	B:N252S	logit=-0.884
A:N54V	B:N251V	logit=-1.492
A:E100V	B:E297V	logit=-2.284
A:I30V	B:I227V	logit=-2.657

Top tied mutations (C + D view):
C:V218L	D:V491L	logit=-0.488
C:K191R	D:K464R	logit=-0.517
C:S180T	D:S453T	logit=-0.670
C:T42V	D:T315V	logit=-0.728
C:N51P	D:N324P	logit=-0.914

Top tied mutations (A + B view):
A:T18V	B:T215V	logit=-0.700
A:N55S	B:N252S	logit=-0.864
A:N54V	B:N251V	logit=-1.348
A:E100V	B:E297V	logit=-2.356
A:I30V	B:I227V	logit=-2.579

Top tied mutations (C + D view):
C:V218L	D:V491L	logit=-0.488
C:K191R	D:K464R	logit=-0.572
C:S180T	D:S453T	logit=-0.683
C:T42V	D:T315V	logit=-0.691
C:S89A	D:S362A	logit=-0.857

Top tied mutations (A + B view):
A:T18V	B:T215V	logit=-0.685
A:N55S	B:N252S	logit=-0.937
A:N54V	B:N251V	logit=-1.414
A:E100V	B:E297V	logit=-2.298
A:I30V	B:I227V	logit=-2.690

Top tied mutations (C + D view):
C:V218L	D:V491L	logit=-0.442
C:K191R	D:K464R	logit=-0.519
C:S180T	D:S453T	logit=-0.637
C:T42V	D:T315V	logit=-0.789
C:N51P	D:N324P	logit=-0.900

Top tied mutations (A + B view):
A:T18V	B:T215V	logit=-0.677
A:N55S	B:N252S	logit=-0.915
A:N54V	B:N251V	logit=-1.421
A:E100V	B:E297V	logit=-2.285
A:I30V	B:I227V	logit=-2.544

Top tied mutations (C + D view):
C:V218L	D:V491L	logit=-0.483
C:K191R	D:K464R	logit=-0.553
C:S180T	D:S453T	logit=-0.629
C:T42V	D:T315V	logit=-0.735
C:N51P	D:N324P	logit=-0.780

Top tied mutations (A + B view):
A:T18V	B:T215V	logit=-0.628
A:N55S	B:N252S	logit=-0.910
A:N54V	B:N251V	logit=-1.570
A:E100V	B:E297V	logit=-2.346
A:I30V	B:I227V	logit=-2.412

Top tied mutations (C + D view):
C:V218L	D:V491L	logit=-0.459
C:K191R	D:K464R	logit=-0.558
C:S180T	D:S453T	logit=-0.685
C:T42V	D:T315V	logit=-0.751
C:N51P	D:N324P	logit=-0.881

Top tied mutations (A + B view):
A:T18V	B:T215V	logit=-0.699
A:N55S	B:N252S	logit=-0.936
A:N54V	B:N251V	logit=-1.455
A:E100V	B:E297V	logit=-2.356
A:I30V	B:I227V	logit=-2.599

Top tied mutations (C + D view):
C:V218L	D:V491L	logit=-0.450
C:K191R	D:K464R	logit=-0.575
C:S180T	D:S453T	logit=-0.664
C:T42V	D:T315V	logit=-0.725
C:S89A	D:S362A	logit=-0.880

Top tied mutations (A + B view):
A:T18V	B:T215V	logit=-0.740
A:N55S	B:N252S	logit=-0.940
A:N54V	B:N251V	logit=-1.556
A:E100V	B:E297V	logit=-2.318
A:I30V	B:I227V	logit=-2.668

Top tied mutations (C + D view):
C:V218L	D:V491L	logit=-0.418
C:K191R	D:K464R	logit=-0.607
C:S180T	D:S453T	logit=-0.641
C:T42V	D:T315V	logit=-0.756
C:N51P	D:N324P	logit=-0.794

Top tied mutations (A + B view):
A:T18V	B:T215V	logit=-0.689
A:N55S	B:N252S	logit=-0.838
A:N54V	B:N251V	logit=-1.489
A:E100V	B:E297V	logit=-2.355
A:I30V	B:I227V	logit=-2.567

Top tied mutations (C + D view):
C:V218L	D:V491L	logit=-0.401
C:K191R	D:K464R	logit=-0.595
C:S180T	D:S453T	logit=-0.664
C:T42V	D:T315V	logit=-0.779
C:N51P	D:N324P	logit=-0.876

Top tied mutations (A + B view):
A:T18V	B:T215V	logit=-0.650
A:N55S	B:N252S	logit=-0.992
A:N54V	B:N251V	logit=-1.394
A:E100V	B:E297V	logit=-2.242
A:I30V	B:I227V	logit=-2.558

Top tied mutations (C + D view):
C:V218L	D:V491L	logit=-0.438
C:K191R	D:K464R	logit=-0.591
C:S180T	D:S453T	logit=-0.672
C:T42V	D:T315V	logit=-0.806
C:N51P	D:N324P	logit=-0.839

Top tied mutations (A + B view):
A:T18V	B:T215V	logit=-0.639
A:N55S	B:N252S	logit=-0.986
A:N54V	B:N251V	logit=-1.319
A:E100V	B:E297V	logit=-2.291
A:I30V	B:I227V	logit=-2.606

Top tied mutations (C + D view):
C:V218L	D:V491L	logit=-0.414
C:K191R	D:K464R	logit=-0.595
C:S180T	D:S453T	logit=-0.640
C:T42V	D:T315V	logit=-0.742
C:N51P	D:N324P	logit=-0.838

Top tied mutations (A + B view):
A:T18V	B:T215V	logit=-0.662
A:N55S	B:N252S	logit=-0.947
A:N54V	B:N251V	logit=-1.544
A:E100V	B:E297V	logit=-2.284
A:I30V	B:I227V	logit=-2.649

Top tied mutations (C + D view):
C:V218L	D:V491L	logit=-0.475
C:K191R	D:K464R	logit=-0.536
C:S180T	D:S453T	logit=-0.645
C:T42V	D:T315V	logit=-0.698
C:S89A	D:S362A	logit=-0.811

Top tied mutations (A + B view):
A:T18V	B:T215V	logit=-0.677
A:N55S	B:N252S	logit=-0.949
A:N54V	B:N251V	logit=-1.257
A:E100V	B:E297V	logit=-2.264
A:I30V	B:I227V	logit=-2.586

Top tied mutations (C + D view):
C:V218L	D:V491L	logit=-0.477
C:K191R	D:K464R	logit=-0.525
C:S180T	D:S453T	logit=-0.665
C:T42V	D:T315V	logit=-0.715
C:A168P	D:A441P	logit=-0.929

Top tied mutations (A + B view):
A:T18V	B:T215V	logit=-0.673
A:N55S	B:N252S	logit=-0.907
A:N54V	B:N251V	logit=-1.490
A:E100V	B:E297V	logit=-2.246
A:I30V	B:I227V	logit=-2.586

Top tied mutations (C + D view):
C:V218L	D:V491L	logit=-0.425
C:K191R	D:K464R	logit=-0.575
C:S180T	D:S453T	logit=-0.659
C:T42V	D:T315V	logit=-0.732
C:N51P	D:N324P	logit=-0.905

Top tied mutations (A + B view):
A:T18V	B:T215V	logit=-0.712
A:N55S	B:N252S	logit=-0.930
A:N54V	B:N251V	logit=-1.414
A:E100V	B:E297V	logit=-2.299
A:I30V	B:I227V	logit=-2.495

Top tied mutations (C + D view):
C:V218L	D:V491L	logit=-0.460
C:K191R	D:K464R	logit=-0.528
C:S180T	D:S453T	logit=-0.677
C:T42V	D:T315V	logit=-0.753
C:N51P	D:N324P	logit=-0.859

Top tied mutations (A + B view):
A:T18V	B:T215V	logit=-0.688
A:N55S	B:N252S	logit=-0.898
A:N54V	B:N251V	logit=-1.494
A:E100V	B:E297V	logit=-2.262
A:I30V	B:I227V	logit=-2.531

Top tied mutations (C + D view):
C:V218L	D:V491L	logit=-0.454
C:K191R	D:K464R	logit=-0.590
C:S180T	D:S453T	logit=-0.649
C:T42V	D:T315V	logit=-0.698
C:N51P	D:N324P	logit=-0.809

Top tied mutations (A + B view):
A:T18V	B:T215V	logit=-0.696
A:N55S	B:N252S	logit=-0.920
A:N54V	B:N251V	logit=-1.365
A:E100V	B:E297V	logit=-2.272
A:I30V	B:I227V	logit=-2.551

Top tied mutations (C + D view):
C:V218L	D:V491L	logit=-0.465
C:K191R	D:K464R	logit=-0.603
C:S180T	D:S453T	logit=-0.653
C:T42V	D:T315V	logit=-0.754
C:S89A	D:S362A	logit=-0.842

Top tied mutations (A + B view):
A:T18V	B:T215V	logit=-0.721
A:N55S	B:N252S	logit=-1.001
A:N54V	B:N251V	logit=-1.630
A:E100V	B:E297V	logit=-2.314
A:I30V	B:I227V	logit=-2.507

Top tied mutations (C + D view):
C:V218L	D:V491L	logit=-0.416
C:K191R	D:K464R	logit=-0.617
C:S180T	D:S453T	logit=-0.651
C:T42V	D:T315V	logit=-0.777
C:N51P	D:N324P	logit=-0.816

Top tied mutations (A + B view):
A:T18V	B:T215V	logit=-0.661
A:N55S	B:N252S	logit=-0.862
A:N54V	B:N251V	logit=-1.415
A:E100V	B:E297V	logit=-2.281
A:I30V	B:I227V	logit=-2.654

Top tied mutations (C + D view):
C:V218L	D:V491L	logit=-0.419
C:K191R	D:K464R	logit=-0.536
C:S180T	D:S453T	logit=-0.657
C:T42V	D:T315V	logit=-0.750
C:N51P	D:N324P	logit=-0.922

Top tied mutations (A + B view):
A:T18V	B:T215V	logit=-0.700
A:N55S	B:N252S	logit=-0.916
A:N54V	B:N251V	logit=-1.467
A:E100V	B:E297V	logit=-2.336
A:I30V	B:I227V	logit=-2.731

Top tied mutations (C + D view):
C:V218L	D:V491L	logit=-0.392
C:K191R	D:K464R	logit=-0.533
C:S180T	D:S453T	logit=-0.646
C:T42V	D:T315V	logit=-0.705
C:N51P	D:N324P	logit=-0.713

Top tied mutations (A + B view):
A:T18V	B:T215V	logit=-0.630
A:N55S	B:N252S	logit=-0.958
A:N54V	B:N251V	logit=-1.474
A:E100V	B:E297V	logit=-2.257
A:I30V	B:I227V	logit=-2.534

Top tied mutations (C + D view):
C:V218L	D:V491L	logit=-0.406
C:K191R	D:K464R	logit=-0.564
C:S180T	D:S453T	logit=-0.631
C:T42V	D:T315V	logit=-0.697
C:N51P	D:N324P	logit=-0.710

Top tied mutations (A + B view):
A:T18V	B:T215V	logit=-0.775
A:N55S	B:N252S	logit=-0.887
A:N54V	B:N251V	logit=-1.417
A:E100V	B:E297V	logit=-2.374
A:I30V	B:I227V	logit=-2.593

Top tied mutations (C + D view):
C:V218L	D:V491L	logit=-0.436
C:K191R	D:K464R	logit=-0.602
C:S180T	D:S453T	logit=-0.643
C:T42V	D:T315V	logit=-0.805
C:S89A	D:S362A	logit=-0.845

Top tied mutations (A + B view):
A:T18V	B:T215V	logit=-0.675
A:N55S	B:N252S	logit=-0.894
A:N54V	B:N251V	logit=-1.411
A:E100V	B:E297V	logit=-2.201
A:I30V	B:I227V	logit=-2.687

Top tied mutations (C + D view):
C:V218L	D:V491L	logit=-0.433
C:K191R	D:K464R	logit=-0.586
C:S180T	D:S453T	logit=-0.679
C:T42V	D:T315V	logit=-0.751
C:V40L	D:V313L	logit=-0.912

Top tied mutations (A + B view):
A:T18V	B:T215V	logit=-0.691
A:N55S	B:N252S	logit=-0.882
A:N54V	B:N251V	logit=-1.445
A:E100V	B:E297V	logit=-2.271
A:I30V	B:I227V	logit=-2.670

Top tied mutations (C + D view):
C:V218L	D:V491L	logit=-0.448
C:K191R	D:K464R	logit=-0.534
C:S180T	D:S453T	logit=-0.638
C:T42V	D:T315V	logit=-0.738
C:N51P	D:N324P	logit=-0.777

Top tied mutations (A + B view):
A:T18V	B:T215V	logit=-0.702
A:N55S	B:N252S	logit=-0.897
A:N54V	B:N251V	logit=-1.547
A:E100V	B:E297V	logit=-2.229
A:I30V	B:I227V	logit=-2.596

Top tied mutations (C + D view):
C:V218L	D:V491L	logit=-0.482
C:K191R	D:K464R	logit=-0.570
C:S180T	D:S453T	logit=-0.676
C:T42V	D:T315V	logit=-0.677
C:N51P	D:N324P	logit=-0.881

Top tied mutations (A + B view):
A:T18V	B:T215V	logit=-0.649
A:N55S	B:N252S	logit=-0.926
A:N54V	B:N251V	logit=-1.550
A:E100V	B:E297V	logit=-2.283
A:I30V	B:I227V	logit=-2.606

Top tied mutations (C + D view):
C:V218L	D:V491L	logit=-0.481
C:K191R	D:K464R	logit=-0.560
C:S180T	D:S453T	logit=-0.645
C:T42V	D:T315V	logit=-0.685
C:N51P	D:N324P	logit=-0.837

Top tied mutations (A + B view):
A:T18V	B:T215V	logit=-0.696
A:N55S	B:N252S	logit=-0.910
A:N54V	B:N251V	logit=-1.472
A:E100V	B:E297V	logit=-2.289
A:I30V	B:I227V	logit=-2.579

Top tied mutations (C + D view):
C:V218L	D:V491L	logit=-0.442
C:K191R	D:K464R	logit=-0.554
C:S180T	D:S453T	logit=-0.667
C:T42V	D:T315V	logit=-0.706
C:N51P	D:N324P	logit=-0.752

Top tied mutations (A + B view):
A:T18V	B:T215V	logit=-0.681
A:N55S	B:N252S	logit=-0.929
A:N54V	B:N251V	logit=-1.552
A:E100V	B:E297V	logit=-2.356
A:I30V	B:I227V	logit=-2.706

Top tied mutations (C + D view):
C:V218L	D:V491L	logit=-0.479
C:K191R	D:K464R	logit=-0.550
C:S180T	D:S453T	logit=-0.667
C:T42V	D:T315V	logit=-0.751
C:N51P	D:N324P	logit=-0.765

Top tied mutations (A + B view):
A:T18V	B:T215V	logit=-0.636
A:N55S	B:N252S	logit=-0.928
A:N54V	B:N251V	logit=-1.488
A:E100V	B:E297V	logit=-2.410
A:I30V	B:I227V	logit=-2.684

Top tied mutations (C + D view):
C:V218L	D:V491L	logit=-0.436
C:K191R	D:K464R	logit=-0.575
C:S180T	D:S453T	logit=-0.659
C:T42V	D:T315V	logit=-0.772
C:N51P	D:N324P	logit=-0.839

Top tied mutations (A + B view):
A:T18V	B:T215V	logit=-0.684
A:N55S	B:N252S	logit=-0.903
A:N54V	B:N251V	logit=-1.495
A:E100V	B:E297V	logit=-2.323
A:I30V	B:I227V	logit=-2.438

Top tied mutations (C + D view):
C:V218L	D:V491L	logit=-0.418
C:K191R	D:K464R	logit=-0.613
C:S180T	D:S453T	logit=-0.651
C:T42V	D:T315V	logit=-0.733
C:S89A	D:S362A	logit=-0.872

Top tied mutations (A + B view):
A:T18V	B:T215V	logit=-0.695
A:N55S	B:N252S	logit=-0.948
A:N54V	B:N251V	logit=-1.424
A:E100V	B:E297V	logit=-2.243
A:I30V	B:I227V	logit=-2.553

Top tied mutations (C + D view):
C:V218L	D:V491L	logit=-0.497
C:K191R	D:K464R	logit=-0.539
C:T42V	D:T315V	logit=-0.661
C:S180T	D:S453T	logit=-0.684
C:S89A	D:S362A	logit=-0.882

Top tied mutations (A + B view):
A:T18V	B:T215V	logit=-0.669
A:N55S	B:N252S	logit=-0.897
A:N54V	B:N251V	logit=-1.514
A:E100V	B:E297V	logit=-2.344
A:I30V	B:I227V	logit=-2.581

Top tied mutations (C + D view):
C:V218L	D:V491L	logit=-0.401
C:K191R	D:K464R	logit=-0.557
C:S180T	D:S453T	logit=-0.636
C:T42V	D:T315V	logit=-0.720
C:N51P	D:N324P	logit=-0.820

Top tied mutations (A + B view):
A:T18V	B:T215V	logit=-0.713
A:N55S	B:N252S	logit=-0.934
A:N54V	B:N251V	logit=-1.466
A:E100V	B:E297V	logit=-2.359
A:I30V	B:I227V	logit=-2.492

Top tied mutations (C + D view):
C:V218L	D:V491L	logit=-0.459
C:K191R	D:K464R	logit=-0.544
C:S180T	D:S453T	logit=-0.642
C:T42V	D:T315V	logit=-0.744
C:N51P	D:N324P	logit=-0.803

Top tied mutations (A + B view):
A:T18V	B:T215V	logit=-0.629
A:N55S	B:N252S	logit=-0.897
A:N54V	B:N251V	logit=-1.521
A:E100V	B:E297V	logit=-2.312
A:I30V	B:I227V	logit=-2.471

Top tied mutations (C + D view):
C:V218L	D:V491L	logit=-0.435
C:K191R	D:K464R	logit=-0.565
C:S180T	D:S453T	logit=-0.657
C:T42V	D:T315V	logit=-0.732
C:N51P	D:N324P	logit=-0.877

Top tied mutations (A + B view):
A:T18V	B:T215V	logit=-0.705
A:N55S	B:N252S	logit=-0.864
A:N54V	B:N251V	logit=-1.532
A:E100V	B:E297V	logit=-2.336
A:I30V	B:I227V	logit=-2.598

Top tied mutations (C + D view):
C:V218L	D:V491L	logit=-0.406
C:K191R	D:K464R	logit=-0.551
C:S180T	D:S453T	logit=-0.621
C:T42V	D:T315V	logit=-0.748
C:N51P	D:N324P	logit=-0.888

Top tied mutations (A + B view):
A:T18V	B:T215V	logit=-0.666
A:N55S	B:N252S	logit=-0.883
A:N54V	B:N251V	logit=-1.436
A:E100V	B:E297V	logit=-2.255
A:I30V	B:I227V	logit=-2.473

Top tied mutations (C + D view):
C:V218L	D:V491L	logit=-0.462
C:K191R	D:K464R	logit=-0.571
C:S180T	D:S453T	logit=-0.651
C:T42V	D:T315V	logit=-0.748
C:N51P	D:N324P	logit=-0.794

Top tied mutations (A + B view):
A:T18V	B:T215V	logit=-0.766
A:N55S	B:N252S	logit=-0.913
A:N54V	B:N251V	logit=-1.327
A:E100V	B:E297V	logit=-2.422
A:I30V	B:I227V	logit=-2.510

Top tied mutations (C + D view):
C:V218L	D:V491L	logit=-0.460
C:K191R	D:K464R	logit=-0.545
C:S180T	D:S453T	logit=-0.641
C:T42V	D:T315V	logit=-0.736
C:S89A	D:S362A	logit=-0.917

Top tied mutations (A + B view):
A:T18V	B:T215V	logit=-0.687
A:N55S	B:N252S	logit=-0.909
A:N54V	B:N251V	logit=-1.494
A:E100V	B:E297V	logit=-2.262
A:I30V	B:I227V	logit=-2.524

Top tied mutations (C + D view):
C:V218L	D:V491L	logit=-0.464
C:K191R	D:K464R	logit=-0.521
C:S180T	D:S453T	logit=-0.670
C:T42V	D:T315V	logit=-0.698
C:N51P	D:N324P	logit=-0.802

Top tied mutations (A + B view):
A:T18V	B:T215V	logit=-0.740
A:N55S	B:N252S	logit=-0.886
A:N54V	B:N251V	logit=-1.369
A:E100V	B:E297V	logit=-2.355
A:I30V	B:I227V	logit=-2.558

Top tied mutations (C + D view):
C:V218L	D:V491L	logit=-0.471
C:K191R	D:K464R	logit=-0.541
C:S180T	D:S453T	logit=-0.680
C:T42V	D:T315V	logit=-0.772
C:N51P	D:N324P	logit=-0.806

Top tied mutations (A + B view):
A:T18V	B:T215V	logit=-0.673
A:N55S	B:N252S	logit=-0.969
A:N54V	B:N251V	logit=-1.596
A:E100V	B:E297V	logit=-2.286
A:I30V	B:I227V	logit=-2.662

Top tied mutations (C + D view):
C:V218L	D:V491L	logit=-0.437
C:K191R	D:K464R	logit=-0.533
C:S180T	D:S453T	logit=-0.660
C:T42V	D:T315V	logit=-0.730
C:S89A	D:S362A	logit=-0.852

Top tied mutations (A + B view):
A:T18V	B:T215V	logit=-0.768
A:N55S	B:N252S	logit=-0.910
A:N54V	B:N251V	logit=-1.502
A:E100V	B:E297V	logit=-2.355
A:I30V	B:I227V	logit=-2.554

Top tied mutations (C + D view):
C:V218L	D:V491L	logit=-0.426
C:K191R	D:K464R	logit=-0.590
C:S180T	D:S453T	logit=-0.672
C:T42V	D:T315V	logit=-0.769
C:N51P	D:N324P	logit=-0.821

Top tied mutations (A + B view):
A:T18V	B:T215V	logit=-0.759
A:N55S	B:N252S	logit=-0.812
A:N54V	B:N251V	logit=-1.478
A:E100V	B:E297V	logit=-2.325
A:I30V	B:I227V	logit=-2.535

Top tied mutations (C + D view):
C:V218L	D:V491L	logit=-0.424
C:K191R	D:K464R	logit=-0.546
C:S180T	D:S453T	logit=-0.631
C:T42V	D:T315V	logit=-0.737
C:N51P	D:N324P	logit=-0.823

Top tied mutations (A + B view):
A:T18V	B:T215V	logit=-0.697
A:N55S	B:N252S	logit=-0.934
A:N54V	B:N251V	logit=-1.464
A:E100V	B:E297V	logit=-2.201
A:I30V	B:I227V	logit=-2.682

Top tied mutations (C + D view):
C:V218L	D:V491L	logit=-0.455
C:K191R	D:K464R	logit=-0.558
C:S180T	D:S453T	logit=-0.663
C:T42V	D:T315V	logit=-0.717
C:N51P	D:N324P	logit=-0.795

Top tied mutations (A + B view):
A:T18V	B:T215V	logit=-0.736
A:N55S	B:N252S	logit=-0.910
A:N54V	B:N251V	logit=-1.486
A:E100V	B:E297V	logit=-2.357
A:I30V	B:I227V	logit=-2.620

Top tied mutations (C + D view):
C:V218L	D:V491L	logit=-0.476
C:K191R	D:K464R	logit=-0.528
C:S180T	D:S453T	logit=-0.657
C:T42V	D:T315V	logit=-0.740
C:S89A	D:S362A	logit=-0.811

Top tied mutations (A + B view):
A:T18V	B:T215V	logit=-0.702
A:N55S	B:N252S	logit=-0.851
A:N54V	B:N251V	logit=-1.326
A:E100V	B:E297V	logit=-2.330
A:I30V	B:I227V	logit=-2.516

Top tied mutations (C + D view):
C:V218L	D:V491L	logit=-0.424
C:K191R	D:K464R	logit=-0.562
C:S180T	D:S453T	logit=-0.670
C:T42V	D:T315V	logit=-0.779
C:S89A	D:S362A	logit=-0.901

Top tied mutations (A + B view):
A:T18V	B:T215V	logit=-0.671
A:N55S	B:N252S	logit=-0.934
A:N54V	B:N251V	logit=-1.499
A:E100V	B:E297V	logit=-2.341
A:I30V	B:I227V	logit=-2.521

Top tied mutations (C + D view):
C:V218L	D:V491L	logit=-0.467
C:K191R	D:K464R	logit=-0.520
C:S180T	D:S453T	logit=-0.672
C:T42V	D:T315V	logit=-0.719
C:S89A	D:S362A	logit=-0.870

Top tied mutations (A + B view):
A:T18V	B:T215V	logit=-0.792
A:N55S	B:N252S	logit=-0.912
A:N54V	B:N251V	logit=-1.428
A:E100V	B:E297V	logit=-2.436
A:V102I	B:V299I	logit=-2.742

Top tied mutations (C + D view):
C:V218L	D:V491L	logit=-0.467
C:K191R	D:K464R	logit=-0.538
C:S180T	D:S453T	logit=-0.692
C:N51P	D:N324P	logit=-0.749
C:T42V	D:T315V	logit=-0.770

Top tied mutations (A + B view):
A:T18V	B:T215V	logit=-0.702
A:N55S	B:N252S	logit=-0.874
A:N54V	B:N251V	logit=-1.426
A:E100V	B:E297V	logit=-2.210
A:I30V	B:I227V	logit=-2.465

Top tied mutations (C + D view):
C:V218L	D:V491L	logit=-0.422
C:K191R	D:K464R	logit=-0.525
C:S180T	D:S453T	logit=-0.644
C:T42V	D:T315V	logit=-0.714
C:N51P	D:N324P	logit=-0.795

Top tied mutations (A + B view):
A:T18V	B:T215V	logit=-0.687
A:N55S	B:N252S	logit=-0.970
A:N54V	B:N251V	logit=-1.380
A:E100V	B:E297V	logit=-2.219
A:I30V	B:I227V	logit=-2.685

Top tied mutations (C + D view):
C:V218L	D:V491L	logit=-0.481
C:K191R	D:K464R	logit=-0.557
C:S180T	D:S453T	logit=-0.669
C:T42V	D:T315V	logit=-0.730
C:N51P	D:N324P	logit=-0.797

Top tied mutations (A + B view):
A:T18V	B:T215V	logit=-0.650
A:N55S	B:N252S	logit=-0.915
A:N54V	B:N251V	logit=-1.336
A:E100V	B:E297V	logit=-2.229
A:I30V	B:I227V	logit=-2.486

Top tied mutations (C + D view):
C:V218L	D:V491L	logit=-0.459
C:K191R	D:K464R	logit=-0.528
C:S180T	D:S453T	logit=-0.646
C:T42V	D:T315V	logit=-0.714
C:N51P	D:N324P	logit=-0.738

Top tied mutations (A + B view):
A:T18V	B:T215V	logit=-0.733
A:N55S	B:N252S	logit=-0.821
A:N54V	B:N251V	logit=-1.517
A:E100V	B:E297V	logit=-2.263
A:I30V	B:I227V	logit=-2.439

Top tied mutations (C + D view):
C:V218L	D:V491L	logit=-0.446
C:K191R	D:K464R	logit=-0.531
C:S180T	D:S453T	logit=-0.655
C:T42V	D:T315V	logit=-0.800
C:A168P	D:A441P	logit=-0.899

Top tied mutations (A + B view):
A:T18V	B:T215V	logit=-0.744
A:N55S	B:N252S	logit=-0.907
A:N54V	B:N251V	logit=-1.331
A:E100V	B:E297V	logit=-2.336
A:V102I	B:V299I	logit=-2.680

Top tied mutations (C + D view):
C:V218L	D:V491L	logit=-0.462
C:K191R	D:K464R	logit=-0.639
C:S180T	D:S453T	logit=-0.668
C:T42V	D:T315V	logit=-0.701
C:N51P	D:N324P	logit=-0.779

Top tied mutations (A + B view):
A:T18V	B:T215V	logit=-0.731
A:N55S	B:N252S	logit=-0.908
A:N54V	B:N251V	logit=-1.429
A:E100V	B:E297V	logit=-2.344
A:I30V	B:I227V	logit=-2.692

Top tied mutations (C + D view):
C:V218L	D:V491L	logit=-0.417
C:K191R	D:K464R	logit=-0.580
C:S180T	D:S453T	logit=-0.663
C:T42V	D:T315V	logit=-0.747
C:N51P	D:N324P	logit=-0.847

Top tied mutations (A + B view):
A:T18V	B:T215V	logit=-0.683
A:N55S	B:N252S	logit=-0.882
A:N54V	B:N251V	logit=-1.340
A:E100V	B:E297V	logit=-2.205
A:I30V	B:I227V	logit=-2.548

Top tied mutations (C + D view):
C:V218L	D:V491L	logit=-0.445
C:K191R	D:K464R	logit=-0.595
C:S180T	D:S453T	logit=-0.658
C:T42V	D:T315V	logit=-0.714
C:S89A	D:S362A	logit=-0.921

Top tied mutations (A + B view):
A:T18V	B:T215V	logit=-0.723
A:N55S	B:N252S	logit=-0.968
A:N54V	B:N251V	logit=-1.591
A:E100V	B:E297V	logit=-2.189
A:I30V	B:I227V	logit=-2.636

Top tied mutations (C + D view):
C:V218L	D:V491L	logit=-0.440
C:K191R	D:K464R	logit=-0.502
C:S180T	D:S453T	logit=-0.652
C:N51P	D:N324P	logit=-0.739
C:T42V	D:T315V	logit=-0.743

Top tied mutations (A + B view):
A:T18V	B:T215V	logit=-0.735
A:N55S	B:N252S	logit=-0.851
A:N54V	B:N251V	logit=-1.397
A:E100V	B:E297V	logit=-2.290
A:I30V	B:I227V	logit=-2.419

Top tied mutations (C + D view):
C:V218L	D:V491L	logit=-0.476
C:K191R	D:K464R	logit=-0.542
C:S180T	D:S453T	logit=-0.659
C:T42V	D:T315V	logit=-0.758
C:N51P	D:N324P	logit=-0.828

Top tied mutations (A + B view):
A:T18V	B:T215V	logit=-0.714
A:N55S	B:N252S	logit=-0.871
A:N54V	B:N251V	logit=-1.336
A:E100V	B:E297V	logit=-2.260
A:I30V	B:I227V	logit=-2.480

Top tied mutations (C + D view):
C:V218L	D:V491L	logit=-0.427
C:K191R	D:K464R	logit=-0.516
C:S180T	D:S453T	logit=-0.643
C:T42V	D:T315V	logit=-0.744
C:N51P	D:N324P	logit=-0.821

Top tied mutations (A + B view):
A:T18V	B:T215V	logit=-0.690
A:N55S	B:N252S	logit=-0.893
A:N54V	B:N251V	logit=-1.309
A:E100V	B:E297V	logit=-2.207
A:I30V	B:I227V	logit=-2.509

Top tied mutations (C + D view):
C:V218L	D:V491L	logit=-0.482
C:K191R	D:K464R	logit=-0.504
C:S180T	D:S453T	logit=-0.675
C:T42V	D:T315V	logit=-0.692
C:N51P	D:N324P	logit=-0.785

Top tied mutations (A + B view):
A:T18V	B:T215V	logit=-0.629
A:N55S	B:N252S	logit=-0.975
A:N54V	B:N251V	logit=-1.429
A:E100V	B:E297V	logit=-2.144
A:I30V	B:I227V	logit=-2.601

Top tied mutations (C + D view):
C:V218L	D:V491L	logit=-0.475
C:K191R	D:K464R	logit=-0.534
C:S180T	D:S453T	logit=-0.669
C:T42V	D:T315V	logit=-0.748
C:N51P	D:N324P	logit=-0.900

Top tied mutations (A + B view):
A:T18V	B:T215V	logit=-0.638
A:N55S	B:N252S	logit=-0.893
A:N54V	B:N251V	logit=-1.338
A:E100V	B:E297V	logit=-2.326
A:I30V	B:I227V	logit=-2.743

Top tied mutations (C + D view):
C:V218L	D:V491L	logit=-0.453
C:K191R	D:K464R	logit=-0.493
C:S180T	D:S453T	logit=-0.667
C:T42V	D:T315V	logit=-0.774
C:N51P	D:N324P	logit=-0.834

Top tied mutations (A + B view):
A:T18V	B:T215V	logit=-0.684
A:N55S	B:N252S	logit=-0.889
A:N54V	B:N251V	logit=-1.396
A:E100V	B:E297V	logit=-2.370
A:I30V	B:I227V	logit=-2.720

Top tied mutations (C + D view):
C:V218L	D:V491L	logit=-0.431
C:K191R	D:K464R	logit=-0.525
C:S180T	D:S453T	logit=-0.681
C:T42V	D:T315V	logit=-0.751
C:N51P	D:N324P	logit=-0.932

Top tied mutations (A + B view):
A:T18V	B:T215V	logit=-0.772
A:N55S	B:N252S	logit=-0.931
A:N54V	B:N251V	logit=-1.396
A:E100V	B:E297V	logit=-2.344
A:I30V	B:I227V	logit=-2.551

Top tied mutations (C + D view):
C:V218L	D:V491L	logit=-0.445
C:K191R	D:K464R	logit=-0.546
C:S180T	D:S453T	logit=-0.645
C:T42V	D:T315V	logit=-0.709
C:S89A	D:S362A	logit=-0.856

Top tied mutations (A + B view):
A:T18V	B:T215V	logit=-0.686
A:N55S	B:N252S	logit=-0.929
A:N54V	B:N251V	logit=-1.585
A:E100V	B:E297V	logit=-2.230
A:I30V	B:I227V	logit=-2.586

Top tied mutations (C + D view):
C:V218L	D:V491L	logit=-0.437
C:K191R	D:K464R	logit=-0.542
C:S180T	D:S453T	logit=-0.656
C:T42V	D:T315V	logit=-0.710
C:N51P	D:N324P	logit=-0.714

Top tied mutations (A + B view):
A:T18V	B:T215V	logit=-0.714
A:N55S	B:N252S	logit=-0.964
A:N54V	B:N251V	logit=-1.549
A:E100V	B:E297V	logit=-2.207
A:I30V	B:I227V	logit=-2.390

Top tied mutations (C + D view):
C:V218L	D:V491L	logit=-0.490
C:K191R	D:K464R	logit=-0.620
C:S180T	D:S453T	logit=-0.661
C:T42V	D:T315V	logit=-0.664
C:N51P	D:N324P	logit=-0.852

Top tied mutations (A + B view):
A:T18V	B:T215V	logit=-0.716
A:N55S	B:N252S	logit=-0.908
A:N54V	B:N251V	logit=-1.463
A:E100V	B:E297V	logit=-2.409
A:I30V	B:I227V	logit=-2.683

Top tied mutations (C + D view):
C:V218L	D:V491L	logit=-0.489
C:K191R	D:K464R	logit=-0.581
C:S180T	D:S453T	logit=-0.647
C:T42V	D:T315V	logit=-0.719
C:S89A	D:S362A	logit=-0.901

Top tied mutations (A + B view):
A:T18V	B:T215V	logit=-0.807
A:N55S	B:N252S	logit=-0.909
A:N54V	B:N251V	logit=-1.440
A:E100V	B:E297V	logit=-2.345
A:I30V	B:I227V	logit=-2.650

Top tied mutations (C + D view):
C:V218L	D:V491L	logit=-0.482
C:K191R	D:K464R	logit=-0.546
C:S180T	D:S453T	logit=-0.659
C:N51P	D:N324P	logit=-0.681
C:T42V	D:T315V	logit=-0.682

Top tied mutations (A + B view):
A:T18V	B:T215V	logit=-0.722
A:N55S	B:N252S	logit=-0.879
A:N54V	B:N251V	logit=-1.389
A:E100V	B:E297V	logit=-2.243
A:I30V	B:I227V	logit=-2.560

Top tied mutations (C + D view):
C:V218L	D:V491L	logit=-0.436
C:K191R	D:K464R	logit=-0.545
C:S180T	D:S453T	logit=-0.655
C:T42V	D:T315V	logit=-0.704
C:N51P	D:N324P	logit=-0.789

Top tied mutations (A + B view):
A:T18V	B:T215V	logit=-0.649
A:N55S	B:N252S	logit=-0.898
A:N54V	B:N251V	logit=-1.366
A:E100V	B:E297V	logit=-2.188
A:I30V	B:I227V	logit=-2.578

Top tied mutations (C + D view):
C:V218L	D:V491L	logit=-0.418
C:K191R	D:K464R	logit=-0.604
C:S180T	D:S453T	logit=-0.689
C:T42V	D:T315V	logit=-0.704
C:S89A	D:S362A	logit=-0.885

Top tied mutations (A + B view):
A:T18V	B:T215V	logit=-0.684
A:N55S	B:N252S	logit=-0.885
A:N54V	B:N251V	logit=-1.355
A:E100V	B:E297V	logit=-2.127
A:I30V	B:I227V	logit=-2.585

Top tied mutations (C + D view):
C:V218L	D:V491L	logit=-0.426
C:K191R	D:K464R	logit=-0.532
C:S180T	D:S453T	logit=-0.652
C:T42V	D:T315V	logit=-0.736
C:N51P	D:N324P	logit=-0.779

Top tied mutations (A + B view):
A:T18V	B:T215V	logit=-0.645
A:N55S	B:N252S	logit=-0.888
A:N54V	B:N251V	logit=-1.363
A:E100V	B:E297V	logit=-2.333
A:I30V	B:I227V	logit=-2.518

Top tied mutations (C + D view):
C:V218L	D:V491L	logit=-0.441
C:K191R	D:K464R	logit=-0.512
C:S180T	D:S453T	logit=-0.655
C:T42V	D:T315V	logit=-0.720
C:S89A	D:S362A	logit=-0.868

Top tied mutations (A + B view):
A:T18V	B:T215V	logit=-0.733
A:N55S	B:N252S	logit=-0.902
A:N54V	B:N251V	logit=-1.423
A:E100V	B:E297V	logit=-2.361
A:I30V	B:I227V	logit=-2.574

Top tied mutations (C + D view):
C:V218L	D:V491L	logit=-0.412
C:K191R	D:K464R	logit=-0.590
C:S180T	D:S453T	logit=-0.672
C:T42V	D:T315V	logit=-0.703
C:N51P	D:N324P	logit=-0.892

Top tied mutations (A + B view):
A:T18V	B:T215V	logit=-0.701
A:N55S	B:N252S	logit=-0.911
A:N54V	B:N251V	logit=-1.490
A:E100V	B:E297V	logit=-2.224
A:I30V	B:I227V	logit=-2.478

Top tied mutations (C + D view):
C:V218L	D:V491L	logit=-0.459
C:K191R	D:K464R	logit=-0.506
C:S180T	D:S453T	logit=-0.678
C:T42V	D:T315V	logit=-0.766
C:N51P	D:N324P	logit=-0.817

Top tied mutations (A + B view):
A:T18V	B:T215V	logit=-0.733
A:N55S	B:N252S	logit=-0.886
A:N54V	B:N251V	logit=-1.504
A:E100V	B:E297V	logit=-2.356
A:I30V	B:I227V	logit=-2.572

Top tied mutations (C + D view):
C:V218L	D:V491L	logit=-0.435
C:K191R	D:K464R	logit=-0.647
C:S180T	D:S453T	logit=-0.659
C:T42V	D:T315V	logit=-0.727
C:N51P	D:N324P	logit=-0.770

Top tied mutations (A + B view):
A:T18V	B:T215V	logit=-0.760
A:N55S	B:N252S	logit=-0.915
A:N54V	B:N251V	logit=-1.341
A:E100V	B:E297V	logit=-2.278
A:I30V	B:I227V	logit=-2.693

Top tied mutations (C + D view):
C:V218L	D:V491L	logit=-0.421
C:K191R	D:K464R	logit=-0.514
C:S180T	D:S453T	logit=-0.657
C:T42V	D:T315V	logit=-0.771
C:N51P	D:N324P	logit=-0.794

Top tied mutations (A + B view):
A:T18V	B:T215V	logit=-0.652
A:N55S	B:N252S	logit=-0.888
A:N54V	B:N251V	logit=-1.345
A:E100V	B:E297V	logit=-2.396
A:I30V	B:I227V	logit=-2.523

Top tied mutations (C + D view):
C:V218L	D:V491L	logit=-0.424
C:K191R	D:K464R	logit=-0.557
C:S180T	D:S453T	logit=-0.649
C:N51P	D:N324P	logit=-0.714
C:T42V	D:T315V	logit=-0.746

Top tied mutations (A + B view):
A:T18V	B:T215V	logit=-0.681
A:N55S	B:N252S	logit=-0.908
A:N54V	B:N251V	logit=-1.462
A:E100V	B:E297V	logit=-2.283
A:I30V	B:I227V	logit=-2.514

Top tied mutations (C + D view):
C:V218L	D:V491L	logit=-0.472
C:K191R	D:K464R	logit=-0.574
C:S180T	D:S453T	logit=-0.633
C:T42V	D:T315V	logit=-0.683
C:S89A	D:S362A	logit=-0.915

Top tied mutations (A + B view):
A:T18V	B:T215V	logit=-0.711
A:N55S	B:N252S	logit=-0.893
A:N54V	B:N251V	logit=-1.442
A:E100V	B:E297V	logit=-2.270
A:I30V	B:I227V	logit=-2.419

Top tied mutations (C + D view):
C:V218L	D:V491L	logit=-0.463
C:K191R	D:K464R	logit=-0.543
C:S180T	D:S453T	logit=-0.701
C:T42V	D:T315V	logit=-0.709
C:N51P	D:N324P	logit=-0.902

Top tied mutations (A + B view):
A:T18V	B:T215V	logit=-0.670
A:N55S	B:N252S	logit=-0.893
A:N54V	B:N251V	logit=-1.559
A:E100V	B:E297V	logit=-2.193
A:I30V	B:I227V	logit=-2.617

Top tied mutations (C + D view):
C:V218L	D:V491L	logit=-0.404
C:K191R	D:K464R	logit=-0.555
C:S180T	D:S453T	logit=-0.659
C:T42V	D:T315V	logit=-0.738
C:N51P	D:N324P	logit=-0.742

Top tied mutations (A + B view):
A:T18V	B:T215V	logit=-0.697
A:N55S	B:N252S	logit=-0.844
A:N54V	B:N251V	logit=-1.245
A:E100V	B:E297V	logit=-2.225
A:I30V	B:I227V	logit=-2.621

Top tied mutations (C + D view):
C:V218L	D:V491L	logit=-0.395
C:K191R	D:K464R	logit=-0.525
C:S180T	D:S453T	logit=-0.636
C:T42V	D:T315V	logit=-0.730
C:N51P	D:N324P	logit=-0.795

Top tied mutations (A + B view):
A:T18V	B:T215V	logit=-0.707
A:N55S	B:N252S	logit=-0.915
A:N54V	B:N251V	logit=-1.356
A:E100V	B:E297V	logit=-2.280
A:I30V	B:I227V	logit=-2.570

Top tied mutations (C + D view):
C:V218L	D:V491L	logit=-0.446
C:K191R	D:K464R	logit=-0.565
C:S180T	D:S453T	logit=-0.649
C:T42V	D:T315V	logit=-0.709
C:S89A	D:S362A	logit=-0.868

Top tied mutations (A + B view):
A:T18V	B:T215V	logit=-0.704
A:N55S	B:N252S	logit=-0.931
A:N54V	B:N251V	logit=-1.531
A:E100V	B:E297V	logit=-2.367
A:I30V	B:I227V	logit=-2.602

Top tied mutations (C + D view):
C:V218L	D:V491L	logit=-0.480
C:S180T	D:S453T	logit=-0.627
C:K191R	D:K464R	logit=-0.628
C:T42V	D:T315V	logit=-0.726
C:N51P	D:N324P	logit=-0.794

Top tied mutations (A + B view):
A:T18V	B:T215V	logit=-0.682
A:N55S	B:N252S	logit=-0.912
A:N54V	B:N251V	logit=-1.435
A:E100V	B:E297V	logit=-2.420
A:I30V	B:I227V	logit=-2.470

Top tied mutations (C + D view):
C:V218L	D:V491L	logit=-0.491
C:K191R	D:K464R	logit=-0.605
C:S180T	D:S453T	logit=-0.647
C:T42V	D:T315V	logit=-0.756
C:S89A	D:S362A	logit=-0.834

Top tied mutations (A + B view):
A:T18V	B:T215V	logit=-0.728
A:N55S	B:N252S	logit=-0.972
A:N54V	B:N251V	logit=-1.445
A:E100V	B:E297V	logit=-2.347
A:I30V	B:I227V	logit=-2.586

Top tied mutations (C + D view):
C:V218L	D:V491L	logit=-0.423
C:K191R	D:K464R	logit=-0.531
C:S180T	D:S453T	logit=-0.664
C:T42V	D:T315V	logit=-0.738
C:N51P	D:N324P	logit=-0.761

Top tied mutations (A + B view):
A:T18V	B:T215V	logit=-0.691
A:N55S	B:N252S	logit=-0.937
A:N54V	B:N251V	logit=-1.484
A:E100V	B:E297V	logit=-2.246
A:I30V	B:I227V	logit=-2.527

Top tied mutations (C + D view):
C:V218L	D:V491L	logit=-0.477
C:K191R	D:K464R	logit=-0.518
C:S180T	D:S453T	logit=-0.666
C:T42V	D:T315V	logit=-0.695
C:N51P	D:N324P	logit=-0.741

Top tied mutations (A + B view):
A:T18V	B:T215V	logit=-0.759
A:N55S	B:N252S	logit=-0.946
A:N54V	B:N251V	logit=-1.613
A:E100V	B:E297V	logit=-2.303
A:I30V	B:I227V	logit=-2.523

Top tied mutations (C + D view):
C:V218L	D:V491L	logit=-0.431
C:K191R	D:K464R	logit=-0.569
C:S180T	D:S453T	logit=-0.688
C:T42V	D:T315V	logit=-0.694
C:N51P	D:N324P	logit=-0.853

Top tied mutations (A + B view):
A:T18V	B:T215V	logit=-0.756
A:N55S	B:N252S	logit=-0.963
A:N54V	B:N251V	logit=-1.407
A:E100V	B:E297V	logit=-2.445
A:I30V	B:I227V	logit=-2.621

Top tied mutations (C + D view):
C:V218L	D:V491L	logit=-0.415
C:K191R	D:K464R	logit=-0.527
C:S180T	D:S453T	logit=-0.655
C:T42V	D:T315V	logit=-0.763
C:N51P	D:N324P	logit=-0.833

Top tied mutations (A + B view):
A:T18V	B:T215V	logit=-0.689
A:N55S	B:N252S	logit=-0.940
A:N54V	B:N251V	logit=-1.446
A:E100V	B:E297V	logit=-2.332
A:I30V	B:I227V	logit=-2.691

Top tied mutations (C + D view):
C:V218L	D:V491L	logit=-0.436
C:K191R	D:K464R	logit=-0.546
C:S180T	D:S453T	logit=-0.639
C:T42V	D:T315V	logit=-0.792
C:N51P	D:N324P	logit=-0.858

Top tied mutations (A + B view):
A:T18V	B:T215V	logit=-0.660
A:N55S	B:N252S	logit=-0.929
A:N54V	B:N251V	logit=-1.319
A:E100V	B:E297V	logit=-2.277
A:I30V	B:I227V	logit=-2.487

Top tied mutations (C + D view):
C:V218L	D:V491L	logit=-0.422
C:K191R	D:K464R	logit=-0.613
C:S180T	D:S453T	logit=-0.666
C:T42V	D:T315V	logit=-0.724
C:N51P	D:N324P	logit=-0.771

Top tied mutations (A + B view):
A:T18V	B:T215V	logit=-0.696
A:N55S	B:N252S	logit=-0.883
A:N54V	B:N251V	logit=-1.301
A:E100V	B:E297V	logit=-2.327
A:V102I	B:V299I	logit=-2.692

Top tied mutations (C + D view):
C:V218L	D:V491L	logit=-0.493
C:K191R	D:K464R	logit=-0.565
C:S180T	D:S453T	logit=-0.688
C:T42V	D:T315V	logit=-0.718
C:N51P	D:N324P	logit=-0.811

Top tied mutations (A + B view):
A:T18V	B:T215V	logit=-0.684
A:N55S	B:N252S	logit=-0.883
A:N54V	B:N251V	logit=-1.445
A:E100V	B:E297V	logit=-2.296
A:I30V	B:I227V	logit=-2.584

Top tied mutations (C + D view):
C:V218L	D:V491L	logit=-0.425
C:K191R	D:K464R	logit=-0.547
C:S180T	D:S453T	logit=-0.644
C:T42V	D:T315V	logit=-0.736
C:N51P	D:N324P	logit=-0.832

Top tied mutations (A + B view):
A:T18V	B:T215V	logit=-0.749
A:N55S	B:N252S	logit=-0.927
A:N54V	B:N251V	logit=-1.392
A:E100V	B:E297V	logit=-2.299
A:I30V	B:I227V	logit=-2.520

Top tied mutations (C + D view):
C:V218L	D:V491L	logit=-0.427
C:K191R	D:K464R	logit=-0.546
C:S180T	D:S453T	logit=-0.637
C:T42V	D:T315V	logit=-0.711
C:N51P	D:N324P	logit=-0.828

Top tied mutations (A + B view):
A:T18V	B:T215V	logit=-0.688
A:N55S	B:N252S	logit=-0.968
A:N54V	B:N251V	logit=-1.410
A:E100V	B:E297V	logit=-2.118
A:I30V	B:I227V	logit=-2.512

Top tied mutations (C + D view):
C:V218L	D:V491L	logit=-0.422
C:K191R	D:K464R	logit=-0.534
C:S180T	D:S453T	logit=-0.640
C:T42V	D:T315V	logit=-0.838
C:A168P	D:A441P	logit=-0.908

Top tied mutations (A + B view):
A:T18V	B:T215V	logit=-0.660
A:N55S	B:N252S	logit=-0.905
A:N54V	B:N251V	logit=-1.370
A:E100V	B:E297V	logit=-2.353
A:I30V	B:I227V	logit=-2.609

Top tied mutations (C + D view):
C:V218L	D:V491L	logit=-0.420
C:K191R	D:K464R	logit=-0.563
C:S180T	D:S453T	logit=-0.652
C:T42V	D:T315V	logit=-0.764
C:N51P	D:N324P	logit=-0.785

Top tied mutations (A + B view):
A:T18V	B:T215V	logit=-0.664
A:N55S	B:N252S	logit=-0.843
A:N54V	B:N251V	logit=-1.478
A:E100V	B:E297V	logit=-2.241
A:I30V	B:I227V	logit=-2.679

Top tied mutations (C + D view):
C:V218L	D:V491L	logit=-0.489
C:K191R	D:K464R	logit=-0.593
C:S180T	D:S453T	logit=-0.660
C:T42V	D:T315V	logit=-0.697
C:N51P	D:N324P	logit=-0.806

Top tied mutations (A + B view):
A:T18V	B:T215V	logit=-0.653
A:N55S	B:N252S	logit=-0.929
A:N54V	B:N251V	logit=-1.356
A:E100V	B:E297V	logit=-2.271
A:I30V	B:I227V	logit=-2.583

Top tied mutations (C + D view):
C:V218L	D:V491L	logit=-0.418
C:K191R	D:K464R	logit=-0.542
C:S180T	D:S453T	logit=-0.633
C:T42V	D:T315V	logit=-0.758
C:N51P	D:N324P	logit=-0.805

Top tied mutations (A + B view):
A:T18V	B:T215V	logit=-0.710
A:N55S	B:N252S	logit=-0.888
A:N54V	B:N251V	logit=-1.605
A:E100V	B:E297V	logit=-2.322
A:I30V	B:I227V	logit=-2.621

Top tied mutations (C + D view):
C:V218L	D:V491L	logit=-0.431
C:K191R	D:K464R	logit=-0.527
C:S180T	D:S453T	logit=-0.665
C:T42V	D:T315V	logit=-0.735
C:N51P	D:N324P	logit=-0.871

Top tied mutations (A + B view):
A:T18V	B:T215V	logit=-0.703
A:N55S	B:N252S	logit=-0.969
A:N54V	B:N251V	logit=-1.493
A:E100V	B:E297V	logit=-2.205
A:I30V	B:I227V	logit=-2.402

Top tied mutations (C + D view):
C:V218L	D:V491L	logit=-0.450
C:K191R	D:K464R	logit=-0.574
C:S180T	D:S453T	logit=-0.657
C:T42V	D:T315V	logit=-0.758
C:N51P	D:N324P	logit=-0.821

Top tied mutations (A + B view):
A:T18V	B:T215V	logit=-0.664
A:N55S	B:N252S	logit=-0.888
A:N54V	B:N251V	logit=-1.359
A:E100V	B:E297V	logit=-2.295
A:I30V	B:I227V	logit=-2.480

Top tied mutations (C + D view):
C:V218L	D:V491L	logit=-0.437
C:K191R	D:K464R	logit=-0.543
C:S180T	D:S453T	logit=-0.671
C:T42V	D:T315V	logit=-0.753
C:S89A	D:S362A	logit=-0.924

Top tied mutations (A + B view):
A:T18V	B:T215V	logit=-0.699
A:N55S	B:N252S	logit=-0.940
A:N54V	B:N251V	logit=-1.477
A:E100V	B:E297V	logit=-2.296
A:I30V	B:I227V	logit=-2.550

Top tied mutations (C + D view):
C:V218L	D:V491L	logit=-0.439
C:K191R	D:K464R	logit=-0.562
C:S180T	D:S453T	logit=-0.684
C:T42V	D:T315V	logit=-0.731
C:S89A	D:S362A	logit=-0.904

Top tied mutations (A + B view):
A:T18V	B:T215V	logit=-0.697
A:N55S	B:N252S	logit=-0.903
A:N54V	B:N251V	logit=-1.402
A:E100V	B:E297V	logit=-2.404
A:I30V	B:I227V	logit=-2.661

Top tied mutations (C + D view):
C:V218L	D:V491L	logit=-0.461
C:K191R	D:K464R	logit=-0.491
C:S180T	D:S453T	logit=-0.649
C:T42V	D:T315V	logit=-0.727
C:S89A	D:S362A	logit=-0.860

Top tied mutations (A + B view):
A:T18V	B:T215V	logit=-0.747
A:N55S	B:N252S	logit=-0.843
A:N54V	B:N251V	logit=-1.357
A:E100V	B:E297V	logit=-2.210
A:I30V	B:I227V	logit=-2.635

Top tied mutations (C + D view):
C:V218L	D:V491L	logit=-0.442
C:K191R	D:K464R	logit=-0.591
C:S180T	D:S453T	logit=-0.645
C:T42V	D:T315V	logit=-0.839
C:S89A	D:S362A	logit=-0.909

Top tied mutations (A + B view):
A:T18V	B:T215V	logit=-0.661
A:N55S	B:N252S	logit=-0.913
A:N54V	B:N251V	logit=-1.486
A:E100V	B:E297V	logit=-2.281
A:I30V	B:I227V	logit=-2.644

Top tied mutations (C + D view):
C:V218L	D:V491L	logit=-0.476
C:K191R	D:K464R	logit=-0.583
C:S180T	D:S453T	logit=-0.651
C:N51P	D:N324P	logit=-0.758
C:T42V	D:T315V	logit=-0.778

Top tied mutations (A + B view):
A:T18V	B:T215V	logit=-0.725
A:N55S	B:N252S	logit=-0.871
A:N54V	B:N251V	logit=-1.577
A:E100V	B:E297V	logit=-2.299
A:I30V	B:I227V	logit=-2.624

Top tied mutations (C + D view):
C:V218L	D:V491L	logit=-0.463
C:K191R	D:K464R	logit=-0.526
C:S180T	D:S453T	logit=-0.658
C:T42V	D:T315V	logit=-0.745
C:N51P	D:N324P	logit=-0.802

Top tied mutations (A + B view):
A:T18V	B:T215V	logit=-0.668
A:N55S	B:N252S	logit=-0.905
A:N54V	B:N251V	logit=-1.349
A:E100V	B:E297V	logit=-2.372
A:I30V	B:I227V	logit=-2.596

Top tied mutations (C + D view):
C:V218L	D:V491L	logit=-0.453
C:K191R	D:K464R	logit=-0.570
C:S180T	D:S453T	logit=-0.644
C:T42V	D:T315V	logit=-0.736
C:N51P	D:N324P	logit=-0.916

Top tied mutations (A + B view):
A:T18V	B:T215V	logit=-0.643
A:N55S	B:N252S	logit=-0.901
A:N54V	B:N251V	logit=-1.496
A:E100V	B:E297V	logit=-2.263
A:I30V	B:I227V	logit=-2.686

Top tied mutations (C + D view):
C:V218L	D:V491L	logit=-0.442
C:K191R	D:K464R	logit=-0.597
C:S180T	D:S453T	logit=-0.653
C:T42V	D:T315V	logit=-0.733
C:N51P	D:N324P	logit=-0.913

Top tied mutations (A + B view):
A:T18V	B:T215V	logit=-0.672
A:N55S	B:N252S	logit=-0.892
A:N54V	B:N251V	logit=-1.301
A:E100V	B:E297V	logit=-2.253
A:I30V	B:I227V	logit=-2.599

Top tied mutations (C + D view):
C:V218L	D:V491L	logit=-0.450
C:K191R	D:K464R	logit=-0.544
C:S180T	D:S453T	logit=-0.668
C:T42V	D:T315V	logit=-0.759
C:N51P	D:N324P	logit=-0.825

Top tied mutations (A + B view):
A:T18V	B:T215V	logit=-0.702
A:N55S	B:N252S	logit=-0.845
A:N54V	B:N251V	logit=-1.382
A:E100V	B:E297V	logit=-2.221
A:I30V	B:I227V	logit=-2.554

Top tied mutations (C + D view):
C:V218L	D:V491L	logit=-0.458
C:K191R	D:K464R	logit=-0.543
C:S180T	D:S453T	logit=-0.654
C:N51P	D:N324P	logit=-0.724
C:T42V	D:T315V	logit=-0.735

Top tied mutations (A + B view):
A:T18V	B:T215V	logit=-0.705
A:N55S	B:N252S	logit=-0.885
A:N54V	B:N251V	logit=-1.519
A:E100V	B:E297V	logit=-2.202
A:I30V	B:I227V	logit=-2.514

Top tied mutations (C + D view):
C:V218L	D:V491L	logit=-0.447
C:K191R	D:K464R	logit=-0.541
C:S180T	D:S453T	logit=-0.635
C:T42V	D:T315V	logit=-0.768
C:N51P	D:N324P	logit=-0.798

Top tied mutations (A + B view):
A:T18V	B:T215V	logit=-0.675
A:N55S	B:N252S	logit=-0.905
A:N54V	B:N251V	logit=-1.518
A:E100V	B:E297V	logit=-2.337
A:I30V	B:I227V	logit=-2.620

Top tied mutations (C + D view):
C:V218L	D:V491L	logit=-0.460
C:K191R	D:K464R	logit=-0.570
C:T42V	D:T315V	logit=-0.627
C:S180T	D:S453T	logit=-0.650
C:V40L	D:V313L	logit=-0.909

Top tied mutations (A + B view):
A:T18V	B:T215V	logit=-0.694
A:N55S	B:N252S	logit=-0.989
A:N54V	B:N251V	logit=-1.461
A:E100V	B:E297V	logit=-2.349
A:I30V	B:I227V	logit=-2.581

Top tied mutations (C + D view):
C:V218L	D:V491L	logit=-0.444
C:K191R	D:K464R	logit=-0.592
C:S180T	D:S453T	logit=-0.660
C:T42V	D:T315V	logit=-0.754
C:S89A	D:S362A	logit=-0.882

Top tied mutations (A + B view):
A:T18V	B:T215V	logit=-0.663
A:N55S	B:N252S	logit=-0.911
A:N54V	B:N251V	logit=-1.389
A:E100V	B:E297V	logit=-2.259
A:I30V	B:I227V	logit=-2.527

Top tied mutations (C + D view):
C:V218L	D:V491L	logit=-0.468
C:K191R	D:K464R	logit=-0.580
C:S180T	D:S453T	logit=-0.658
C:T42V	D:T315V	logit=-0.700
C:N51P	D:N324P	logit=-0.864

Top tied mutations (A + B view):
A:T18V	B:T215V	logit=-0.732
A:N55S	B:N252S	logit=-0.956
A:N54V	B:N251V	logit=-1.404
A:E100V	B:E297V	logit=-2.258
A:I30V	B:I227V	logit=-2.618

Top tied mutations (C + D view):
C:V218L	D:V491L	logit=-0.436
C:K191R	D:K464R	logit=-0.619
C:S180T	D:S453T	logit=-0.684
C:T42V	D:T315V	logit=-0.735
C:N51P	D:N324P	logit=-0.941

Top tied mutations (A + B view):
A:T18V	B:T215V	logit=-0.703
A:N55S	B:N252S	logit=-0.890
A:N54V	B:N251V	logit=-1.518
A:E100V	B:E297V	logit=-2.174
A:I30V	B:I227V	logit=-2.700

Top tied mutations (C + D view):
C:V218L	D:V491L	logit=-0.414
C:K191R	D:K464R	logit=-0.644
C:S180T	D:S453T	logit=-0.669
C:T42V	D:T315V	logit=-0.691
C:N51P	D:N324P	logit=-0.867

Top tied mutations (A + B view):
A:T18V	B:T215V	logit=-0.678
A:N55S	B:N252S	logit=-0.983
A:N54V	B:N251V	logit=-1.424
A:E100V	B:E297V	logit=-2.294
A:I30V	B:I227V	logit=-2.645

Top tied mutations (C + D view):
C:V218L	D:V491L	logit=-0.450
C:K191R	D:K464R	logit=-0.577
C:S180T	D:S453T	logit=-0.658
C:T42V	D:T315V	logit=-0.700
C:N51P	D:N324P	logit=-0.840

Top tied mutations (A + B view):
A:T18V	B:T215V	logit=-0.701
A:N55S	B:N252S	logit=-0.929
A:N54V	B:N251V	logit=-1.504
A:E100V	B:E297V	logit=-2.246
A:I30V	B:I227V	logit=-2.640

Top tied mutations (C + D view):
C:V218L	D:V491L	logit=-0.408
C:K191R	D:K464R	logit=-0.538
C:S180T	D:S453T	logit=-0.674
C:T42V	D:T315V	logit=-0.742
C:N51P	D:N324P	logit=-0.839
Counter({'A:T18V': 1000, 'A:N55S': 1000, 'A:N54V': 1000, 'A:E100V': 1000, 'A:I30V': 967, 'A:V102I': 21, 'A:N54I': 7, 'A:N57R': 5})
Counter({'C:V218L': 1000, 'C:S180T': 1000, 'C:T42V': 1000, 'C:K191R': 999, 'C:N51P': 759, 'C:S89A': 199, 'C:A168P': 18, 'C:N219S': 15, 'C:S72G': 7, 'C:V40L': 3})
