dG_interface,ddG_interface,dG_complex,ddG_complex,dG_receptor,ddG_receptor,dG_ligand,ddG_ligand,description
-89.492,0.0,-1302.338,0.0,-717.717,0.0,450.685,0.0,relaxed_wt_1.pdb
-88.548,0.944,-1301.588,0.749,-716.857,0.86,450.667,-0.018,relaxed_wt_1_Y_164_H_rep2.pdb
-89.022,0.47,-1297.642,4.696,-712.481,5.236,448.922,-1.763,relaxed_wt_1_Y_184_F_rep4.pdb
-82.902,6.589,-1292.715,9.623,-714.568,3.148,449.795,-0.891,relaxed_wt_1_Y_138_P_rep1.pdb
-88.443,1.049,-1298.401,3.937,-714.491,3.226,450.094,-0.591,relaxed_wt_1_Y_184_G_rep1.pdb
-90.503,-1.011,-1301.352,0.986,-715.988,1.729,450.387,-0.298,relaxed_wt_1_Y_140_C_rep5.pdb
-87.677,1.815,-1302.438,-0.1,-719.385,-1.668,451.068,0.383,relaxed_wt_1_Y_163_E_rep4.pdb
-90.694,-1.203,-1304.536,-2.198,-718.694,-0.977,449.937,-0.748,relaxed_wt_1_Y_267_W_rep1.pdb
-90.743,-1.251,-1303.655,-1.317,-717.713,0.004,449.465,-1.22,relaxed_wt_1_Y_267_V_rep3.pdb
-88.84,0.652,-1300.209,2.129,-715.8,1.917,449.301,-1.384,relaxed_wt_1_Y_185_S_rep3.pdb
-89.578,-0.086,-1293.398,8.94,-708.677,9.04,452.364,1.679,relaxed_wt_1_Y_206_F_rep4.pdb
-89.332,0.16,-1299.505,2.833,-714.946,2.771,450.386,-0.299,relaxed_wt_1_Y_134_N_rep3.pdb
-91.021,-1.53,-1302.612,-0.274,-716.657,1.06,451.781,1.096,relaxed_wt_1_Y_140_W_rep2.pdb
-87.647,1.844,-1300.86,1.477,-717.985,-0.268,450.403,-0.282,relaxed_wt_1_Y_272_C_rep4.pdb
-86.487,3.004,-1297.723,4.615,-715.092,2.624,450.863,0.178,relaxed_wt_1_Y_242_Q_rep3.pdb
-89.777,-0.285,-1298.52,3.818,-713.168,4.549,449.706,-0.979,relaxed_wt_1_Y_186_G_rep4.pdb
-81.967,7.524,-1294.492,7.846,-714.623,3.093,453.24,2.555,relaxed_wt_1_Y_132_H_rep1.pdb
-88.907,0.585,-1301.815,0.523,-717.7,0.017,450.648,-0.037,relaxed_wt_1_Y_136_Y_rep4.pdb
-89.025,0.467,-1300.33,2.008,-716.07,1.646,450.773,0.088,relaxed_wt_1_Y_135_I_rep5.pdb
-83.518,5.973,-1291.048,11.29,-712.486,5.23,456.328,5.643,relaxed_wt_1_Y_241_F_rep5.pdb
-88.364,1.127,-1297.319,5.019,-713.707,4.009,451.22,0.535,relaxed_wt_1_Y_243_D_rep1.pdb
-87.787,1.704,-1301.027,1.311,-717.66,0.057,449.944,-0.741,relaxed_wt_1_Y_163_Q_rep2.pdb
-90.469,-0.977,-1306.023,-3.685,-720.141,-2.424,450.948,0.263,relaxed_wt_1_Y_267_W_rep4.pdb
-86.063,3.429,-1289.73,12.608,-708.658,9.059,450.666,-0.019,relaxed_wt_1_Y_272_F_rep4.pdb
-88.993,0.498,-1303.516,-1.178,-719.113,-1.397,450.437,-0.248,relaxed_wt_1_Y_266_A_rep1.pdb
-85.738,3.754,-1298.2,4.138,-716.94,0.777,450.318,-0.367,relaxed_wt_1_Y_207_K_rep4.pdb
-90.489,-0.998,-1304.706,-2.368,-718.104,-0.387,451.053,0.368,relaxed_wt_1_Y_244_L_rep3.pdb
-89.385,0.106,-1298.626,3.712,-714.041,3.676,450.682,-0.003,relaxed_wt_1_Y_135_T_rep2.pdb
-89.089,0.403,-1304.474,-2.136,-720.046,-2.329,450.996,0.311,relaxed_wt_1_Y_208_F_rep5.pdb
-82.176,7.315,-1293.613,8.725,-715.262,2.455,451.938,1.253,relaxed_wt_1_Y_138_E_rep5.pdb
-90.997,-1.506,-1298.36,3.978,-711.863,5.853,450.635,-0.05,relaxed_wt_1_Y_260_R_rep3.pdb
-89.329,0.163,-1300.781,1.557,-716.414,1.302,450.616,-0.069,relaxed_wt_1_Y_209_C_rep2.pdb
-89.043,0.448,-1295.98,6.358,-711.714,6.003,450.79,0.105,relaxed_wt_1_Y_135_E_rep5.pdb
-88.743,0.749,-1307.231,-4.894,-723.273,-5.556,451.061,0.376,relaxed_wt_1_Y_271_T_rep4.pdb
-88.608,0.883,-1303.64,-1.302,-719.893,-2.176,451.631,0.946,relaxed_wt_1_Y_162_P_rep5.pdb
-89.494,-0.002,-1301.526,0.812,-716.824,0.893,449.662,-1.023,relaxed_wt_1_Y_259_H_rep3.pdb
-84.381,5.111,-1293.711,8.627,-712.154,5.563,450.376,-0.309,relaxed_wt_1_Y_185_R_rep1.pdb
-88.375,1.117,-1290.858,11.479,-707.742,9.975,450.763,0.078,relaxed_wt_1_Y_241_V_rep2.pdb
-85.459,4.033,-1298.603,3.735,-717.771,-0.054,451.288,0.603,relaxed_wt_1_Y_138_L_rep1.pdb
-91.004,-1.512,-1300.721,1.617,-714.548,3.169,451.214,0.529,relaxed_wt_1_Y_187_M_rep5.pdb
-87.792,1.7,-1308.271,-5.933,-725.686,-7.969,451.935,1.25,relaxed_wt_1_Y_271_V_rep1.pdb
-88.765,0.727,-1304.01,-1.672,-719.795,-2.078,450.279,-0.406,relaxed_wt_1_Y_297_L_rep4.pdb
-89.144,0.347,-1301.115,1.222,-716.691,1.026,450.649,-0.037,relaxed_wt_1_Y_162_D_rep2.pdb
-88.933,0.559,-1299.101,3.237,-714.926,2.791,448.972,-1.713,relaxed_wt_1_Y_260_Q_rep4.pdb
-82.61,6.881,-1286.706,15.632,-709.933,7.783,453.215,2.53,relaxed_wt_1_Y_207_W_rep1.pdb
-85.485,4.007,-1301.662,0.676,-720.994,-3.277,451.282,0.597,relaxed_wt_1_Y_268_N_rep2.pdb
-88.624,0.868,-1298.724,3.613,-714.695,3.021,450.436,-0.249,relaxed_wt_1_Y_260_D_rep5.pdb
-88.096,1.396,-1293.586,8.752,-709.873,7.843,449.595,-1.09,relaxed_wt_1_Y_243_Y_rep5.pdb
-85.007,4.485,-1290.0,12.338,-709.264,8.452,449.257,-1.428,relaxed_wt_1_Y_272_Y_rep2.pdb
-85.71,3.782,-1293.756,8.581,-711.393,6.324,450.265,-0.42,relaxed_wt_1_Y_263_W_rep1.pdb
-90.168,-0.676,-1302.905,-0.567,-718.057,-0.34,450.397,-0.288,relaxed_wt_1_Y_244_G_rep1.pdb
-88.186,1.306,-1296.549,5.789,-712.614,5.103,450.615,-0.07,relaxed_wt_1_Y_164_G_rep5.pdb
-87.333,2.159,-1300.835,1.503,-717.905,-0.188,449.704,-0.981,relaxed_wt_1_Y_263_Q_rep1.pdb
-89.24,0.251,-1303.762,-1.424,-719.323,-1.606,449.964,-0.721,relaxed_wt_1_Y_266_V_rep3.pdb
-88.061,1.43,-1298.949,3.389,-715.585,2.132,449.979,-0.706,relaxed_wt_1_Y_260_S_rep3.pdb
-88.672,0.819,-1300.181,2.157,-716.265,1.452,449.374,-1.311,relaxed_wt_1_Y_187_D_rep4.pdb
-87.811,1.681,-1302.236,0.102,-718.875,-1.159,449.639,-1.046,relaxed_wt_1_Y_270_T_rep1.pdb
-89.266,0.225,-1299.691,2.647,-715.27,2.447,450.742,0.057,relaxed_wt_1_Y_267_G_rep3.pdb
-88.059,1.433,-1293.651,8.687,-709.961,7.755,449.562,-1.123,relaxed_wt_1_Y_243_Y_rep3.pdb
-80.077,9.414,-1286.813,15.525,-712.146,5.57,451.565,0.88,relaxed_wt_1_Y_262_W_rep3.pdb
-89.39,0.101,-1298.483,3.855,-713.753,3.964,449.697,-0.988,relaxed_wt_1_Y_137_H_rep3.pdb
-89.031,0.46,-1296.577,5.761,-712.338,5.379,450.681,-0.004,relaxed_wt_1_Y_245_H_rep1.pdb
-89.034,0.458,-1299.375,2.963,-715.067,2.65,450.709,0.024,relaxed_wt_1_Y_245_L_rep4.pdb
-87.456,2.036,-1299.52,2.818,-717.063,0.654,450.649,-0.037,relaxed_wt_1_Y_209_A_rep4.pdb
-87.165,2.326,-1297.14,5.198,-714.636,3.081,449.933,-0.752,relaxed_wt_1_Y_272_Q_rep5.pdb
-89.064,0.428,-1301.856,0.481,-716.857,0.86,450.853,0.168,relaxed_wt_1_Y_132_S_rep1.pdb
-86.574,2.917,-1299.098,3.24,-717.295,0.422,450.636,-0.049,relaxed_wt_1_Y_133_S_rep3.pdb
-89.22,0.271,-1302.642,-0.304,-718.075,-0.359,450.725,0.04,relaxed_wt_1_Y_266_Y_rep2.pdb
-89.016,0.476,-1301.78,0.558,-717.526,0.19,450.627,-0.058,relaxed_wt_1_Y_259_D_rep2.pdb
-88.386,1.106,-1298.13,4.208,-715.069,2.647,450.715,0.03,relaxed_wt_1_Y_135_M_rep4.pdb
-88.529,0.962,-1291.858,10.48,-707.97,9.747,451.071,0.386,relaxed_wt_1_Y_272_E_rep2.pdb
-83.038,6.454,-1294.062,8.276,-716.452,1.264,454.579,3.894,relaxed_wt_1_Y_242_Y_rep4.pdb
-89.431,0.061,-1298.491,3.846,-713.873,3.844,450.69,0.005,relaxed_wt_1_Y_134_W_rep4.pdb
-88.831,0.661,-1301.574,0.764,-717.58,0.137,450.689,0.004,relaxed_wt_1_Y_210_N_rep4.pdb
-86.073,3.418,-1298.884,3.454,-718.111,-0.394,451.667,0.982,relaxed_wt_1_Y_133_A_rep5.pdb
-84.279,5.213,-1294.599,7.738,-714.406,3.311,452.914,2.228,relaxed_wt_1_Y_132_Y_rep2.pdb
-89.234,0.258,-1300.994,1.344,-716.556,1.161,450.652,-0.033,relaxed_wt_1_Y_267_P_rep5.pdb
-88.604,0.887,-1299.636,2.702,-715.939,1.778,452.04,1.355,relaxed_wt_1_Y_139_G_rep4.pdb
-88.623,0.869,-1301.827,0.511,-718.508,-0.792,451.566,0.881,relaxed_wt_1_Y_207_Y_rep2.pdb
-85.726,3.765,-1294.822,7.516,-713.394,4.323,450.16,-0.526,relaxed_wt_1_Y_136_T_rep2.pdb
-89.353,0.139,-1302.406,-0.068,-717.856,-0.139,450.375,-0.31,relaxed_wt_1_Y_263_D_rep1.pdb
-89.719,-0.228,-1295.772,6.566,-710.821,6.895,450.675,-0.01,relaxed_wt_1_Y_265_G_rep3.pdb
-89.207,0.284,-1296.083,6.255,-711.482,6.234,450.6,-0.085,relaxed_wt_1_Y_265_C_rep1.pdb
-89.276,0.216,-1299.964,2.374,-715.481,2.236,448.947,-1.738,relaxed_wt_1_Y_134_A_rep4.pdb
-77.663,11.829,-1290.336,12.002,-716.403,1.314,454.194,3.509,relaxed_wt_1_Y_242_R_rep2.pdb
-88.53,0.962,-1301.503,0.835,-717.673,0.044,449.574,-1.112,relaxed_wt_1_Y_261_S_rep1.pdb
-89.099,0.393,-1300.504,1.834,-716.89,0.827,450.383,-0.302,relaxed_wt_1_Y_296_F_rep5.pdb
-89.17,0.322,-1297.39,4.948,-712.66,5.057,450.979,0.294,relaxed_wt_1_Y_206_H_rep3.pdb
-90.098,-0.607,-1302.186,0.151,-716.489,1.228,450.591,-0.094,relaxed_wt_1_Y_139_W_rep3.pdb
-89.287,0.204,-1302.085,0.253,-717.53,0.186,450.318,-0.367,relaxed_wt_1_Y_208_L_rep4.pdb
-88.015,1.477,-1304.324,-1.986,-720.676,-2.959,449.026,-1.659,relaxed_wt_1_Y_261_K_rep4.pdb
-89.124,0.367,-1302.981,-0.643,-718.635,-0.918,448.978,-1.707,relaxed_wt_1_Y_135_Y_rep4.pdb
-90.079,-0.587,-1306.321,-3.983,-721.569,-3.852,450.848,0.163,relaxed_wt_1_Y_244_R_rep5.pdb
-83.295,6.196,-1302.778,-0.44,-723.538,-5.821,451.256,0.571,relaxed_wt_1_Y_297_H_rep4.pdb
-87.966,1.526,-1294.744,7.594,-711.222,6.495,450.102,-0.583,relaxed_wt_1_Y_272_G_rep5.pdb
-88.991,0.5,-1296.09,6.248,-710.697,7.019,450.658,-0.027,relaxed_wt_1_Y_184_W_rep1.pdb
-88.933,0.559,-1302.876,-0.538,-718.015,-0.299,450.267,-0.418,relaxed_wt_1_Y_266_G_rep3.pdb
-89.565,-0.074,-1293.787,8.551,-709.055,8.662,448.962,-1.723,relaxed_wt_1_Y_241_C_rep1.pdb
-89.261,0.23,-1296.001,6.337,-711.117,6.6,450.646,-0.039,relaxed_wt_1_Y_184_F_rep2.pdb
-89.325,0.167,-1300.182,2.156,-716.314,1.403,451.565,0.88,relaxed_wt_1_Y_140_Q_rep3.pdb
-89.109,0.383,-1299.68,2.658,-714.972,2.745,450.998,0.313,relaxed_wt_1_Y_186_N_rep2.pdb
-88.67,0.822,-1302.199,0.139,-718.564,-0.848,452.367,1.682,relaxed_wt_1_Y_298_W_rep4.pdb
-88.532,0.959,-1300.857,1.481,-717.542,0.175,451.179,0.494,relaxed_wt_1_Y_265_L_rep2.pdb
-89.731,-0.24,-1302.075,0.263,-716.9,0.817,449.791,-0.894,relaxed_wt_1_Y_139_E_rep4.pdb
-83.702,5.79,-1295.61,6.728,-715.584,2.132,451.304,0.619,relaxed_wt_1_Y_209_H_rep1.pdb
-89.707,-0.215,-1295.227,7.111,-710.24,7.476,451.096,0.411,relaxed_wt_1_Y_137_G_rep5.pdb
-89.111,0.38,-1298.154,4.184,-713.853,3.863,450.7,0.015,relaxed_wt_1_Y_134_T_rep4.pdb
-87.595,1.896,-1300.606,1.732,-717.679,0.038,448.976,-1.709,relaxed_wt_1_Y_245_I_rep4.pdb
-89.125,0.366,-1300.68,1.658,-716.159,1.558,451.267,0.582,relaxed_wt_1_Y_206_L_rep1.pdb
-87.642,1.85,-1300.272,2.065,-717.622,0.095,449.631,-1.054,relaxed_wt_1_Y_296_E_rep5.pdb
-89.371,0.121,-1305.272,-2.934,-720.54,-2.823,450.868,0.183,relaxed_wt_1_Y_208_H_rep3.pdb
-89.726,-0.235,-1298.648,3.69,-713.558,4.159,449.081,-1.604,relaxed_wt_1_Y_208_G_rep2.pdb
-87.762,1.73,-1301.202,1.136,-718.072,-0.356,451.177,0.492,relaxed_wt_1_Y_264_Y_rep4.pdb
-89.499,-0.008,-1300.548,1.79,-715.544,2.173,449.709,-0.976,relaxed_wt_1_Y_139_T_rep5.pdb
-89.44,0.051,-1302.346,-0.008,-717.698,0.018,451.186,0.501,relaxed_wt_1_Y_164_K_rep5.pdb
-88.186,1.306,-1299.252,3.086,-715.491,2.225,451.719,1.034,relaxed_wt_1_Y_162_F_rep5.pdb
-86.103,3.389,-1297.381,4.957,-716.545,1.172,450.524,-0.161,relaxed_wt_1_Y_297_R_rep3.pdb
-84.436,5.056,-1297.323,5.015,-717.253,0.463,450.311,-0.374,relaxed_wt_1_Y_207_S_rep1.pdb
-88.621,0.871,-1300.815,1.523,-716.966,0.751,450.698,0.013,relaxed_wt_1_Y_243_C_rep3.pdb
-88.798,0.694,-1296.132,6.206,-711.903,5.814,449.641,-1.044,relaxed_wt_1_Y_241_T_rep1.pdb
-89.02,0.471,-1303.974,-1.636,-719.924,-2.208,451.961,1.276,relaxed_wt_1_Y_298_I_rep5.pdb
-86.824,2.667,-1296.684,5.654,-714.55,3.166,449.344,-1.341,relaxed_wt_1_Y_163_C_rep1.pdb
-87.829,1.663,-1299.886,2.452,-716.402,1.315,451.516,0.831,relaxed_wt_1_Y_132_N_rep2.pdb
-90.785,-1.293,-1283.917,18.421,-697.651,20.066,451.819,1.134,relaxed_wt_1_Y_266_P_rep4.pdb
-85.944,3.547,-1293.593,8.745,-711.86,5.857,450.072,-0.613,relaxed_wt_1_Y_136_R_rep1.pdb
-89.48,0.011,-1301.099,1.239,-716.405,1.312,450.685,0.0,relaxed_wt_1_Y_134_E_rep3.pdb
-90.599,-1.108,-1302.083,0.255,-715.795,1.922,450.547,-0.138,relaxed_wt_1_Y_164_R_rep1.pdb
-89.408,0.084,-1301.883,0.455,-717.276,0.441,449.655,-1.03,relaxed_wt_1_Y_241_E_rep4.pdb
-88.566,0.925,-1307.042,-4.704,-723.282,-5.565,450.766,0.081,relaxed_wt_1_Y_271_C_rep5.pdb
-85.145,4.346,-1293.233,9.105,-712.892,4.825,451.04,0.355,relaxed_wt_1_Y_262_W_rep5.pdb
-87.036,2.456,-1298.34,3.997,-716.237,1.479,449.012,-1.673,relaxed_wt_1_Y_163_M_rep4.pdb
-87.782,1.71,-1313.467,-11.129,-730.024,-12.307,449.677,-1.008,relaxed_wt_1_Y_298_T_rep4.pdb
-87.559,1.932,-1298.89,3.448,-716.132,1.584,448.882,-1.803,relaxed_wt_1_Y_164_A_rep5.pdb
-89.444,0.048,-1302.354,-0.016,-717.721,-0.004,449.972,-0.713,relaxed_wt_1_Y_207_Y_rep4.pdb
-89.203,0.289,-1301.518,0.82,-716.985,0.732,450.654,-0.032,relaxed_wt_1_Y_134_D_rep4.pdb
-88.133,1.359,-1298.888,3.45,-715.546,2.171,450.681,-0.004,relaxed_wt_1_Y_264_Q_rep4.pdb
-90.979,-1.488,-1306.696,-4.358,-720.644,-2.927,450.367,-0.318,relaxed_wt_1_Y_262_V_rep5.pdb
-89.126,0.365,-1297.674,4.664,-713.382,4.335,450.737,0.052,relaxed_wt_1_Y_135_C_rep3.pdb
-87.169,2.322,-1292.53,9.808,-710.154,7.563,448.646,-2.039,relaxed_wt_1_Y_241_N_rep1.pdb
-84.666,4.825,-1301.298,1.04,-721.104,-3.388,450.326,-0.359,relaxed_wt_1_Y_262_D_rep2.pdb
-93.569,-4.077,-1301.169,1.169,-711.702,6.015,451.208,0.523,relaxed_wt_1_Y_184_M_rep5.pdb
-89.431,0.06,-1301.464,0.874,-716.399,1.318,450.287,-0.398,relaxed_wt_1_Y_134_E_rep5.pdb
-89.611,-0.12,-1299.291,3.047,-714.992,2.724,450.954,0.269,relaxed_wt_1_Y_133_F_rep2.pdb
-89.935,-0.444,-1303.317,-0.979,-718.186,-0.469,450.64,-0.045,relaxed_wt_1_Y_137_L_rep3.pdb
-87.026,2.466,-1299.614,2.724,-717.345,0.372,449.122,-1.563,relaxed_wt_1_Y_264_P_rep5.pdb
-89.42,0.072,-1296.029,6.309,-711.394,6.322,450.155,-0.53,relaxed_wt_1_Y_137_C_rep5.pdb
-82.862,6.63,-1292.885,9.453,-714.575,3.142,451.719,1.034,relaxed_wt_1_Y_138_A_rep4.pdb
-89.633,-0.141,-1302.314,0.024,-717.614,0.103,450.711,0.026,relaxed_wt_1_Y_209_I_rep4.pdb
-86.278,3.214,-1297.875,4.463,-716.029,1.688,449.68,-1.005,relaxed_wt_1_Y_207_N_rep5.pdb
-86.306,3.185,-1297.84,4.498,-715.973,1.744,449.684,-1.001,relaxed_wt_1_Y_207_N_rep4.pdb
-88.848,0.643,-1302.417,-0.079,-718.027,-0.311,451.058,0.373,relaxed_wt_1_Y_266_T_rep4.pdb
-87.549,1.942,-1297.966,4.372,-715.043,2.674,450.763,0.078,relaxed_wt_1_Y_270_H_rep5.pdb
-86.899,2.592,-1296.221,6.116,-713.914,3.803,449.994,-0.691,relaxed_wt_1_Y_205_E_rep5.pdb
-89.003,0.488,-1296.896,5.442,-712.425,5.292,450.914,0.229,relaxed_wt_1_Y_133_W_rep1.pdb
-87.976,1.515,-1299.89,2.448,-716.612,1.105,449.316,-1.369,relaxed_wt_1_Y_264_S_rep2.pdb
-88.074,1.418,-1300.567,1.771,-717.259,0.457,450.746,0.061,relaxed_wt_1_Y_210_H_rep1.pdb
-82.598,6.893,-1293.786,8.552,-715.619,2.098,449.844,-0.841,relaxed_wt_1_Y_138_D_rep2.pdb
-89.403,0.089,-1299.869,2.469,-715.565,2.151,450.673,-0.012,relaxed_wt_1_Y_140_E_rep1.pdb
-89.854,-0.362,-1304.135,-1.798,-718.908,-1.191,450.664,-0.021,relaxed_wt_1_Y_139_M_rep3.pdb
-89.043,0.449,-1293.563,8.775,-709.377,8.34,449.834,-0.852,relaxed_wt_1_Y_206_F_rep1.pdb
-85.59,3.901,-1300.129,2.209,-718.763,-1.046,451.182,0.497,relaxed_wt_1_Y_268_D_rep5.pdb
-84.742,4.75,-1295.375,6.963,-715.355,2.362,451.354,0.669,relaxed_wt_1_Y_260_F_rep4.pdb
-88.63,0.862,-1298.133,4.205,-714.285,3.432,450.782,0.097,relaxed_wt_1_Y_164_W_rep1.pdb
-81.662,7.829,-1296.411,5.927,-719.473,-1.756,449.182,-1.503,relaxed_wt_1_Y_262_P_rep4.pdb
-81.468,8.023,-1294.616,7.722,-715.502,2.214,449.713,-0.972,relaxed_wt_1_Y_209_R_rep1.pdb
-88.698,0.793,-1298.312,4.026,-714.383,3.334,449.455,-1.23,relaxed_wt_1_Y_184_G_rep3.pdb
-86.54,2.951,-1294.835,7.503,-713.2,4.516,449.333,-1.352,relaxed_wt_1_Y_297_E_rep4.pdb
-86.943,2.549,-1295.957,6.381,-714.036,3.68,451.111,0.426,relaxed_wt_1_Y_205_E_rep1.pdb
-90.723,-1.231,-1301.954,0.384,-715.747,1.969,450.323,-0.362,relaxed_wt_1_Y_164_Y_rep3.pdb
-86.173,3.319,-1293.148,9.19,-711.789,5.927,451.019,0.334,relaxed_wt_1_Y_272_H_rep5.pdb
-87.627,1.865,-1301.222,1.116,-718.423,-0.706,450.384,-0.302,relaxed_wt_1_Y_268_R_rep1.pdb
-87.477,2.015,-1300.547,1.791,-718.19,-0.473,449.64,-1.045,relaxed_wt_1_Y_296_P_rep3.pdb
-89.239,0.252,-1302.848,-0.51,-718.249,-0.532,450.958,0.273,relaxed_wt_1_Y_208_V_rep1.pdb
-88.699,0.792,-1299.357,2.981,-715.911,1.806,451.707,1.022,relaxed_wt_1_Y_208_A_rep3.pdb
-90.377,-0.885,-1304.173,-1.835,-718.611,-0.894,449.392,-1.293,relaxed_wt_1_Y_267_F_rep5.pdb
-89.35,0.142,-1304.191,-1.853,-719.663,-1.946,448.967,-1.718,relaxed_wt_1_Y_271_Y_rep3.pdb
-89.104,0.388,-1292.673,9.665,-708.403,9.314,450.749,0.064,relaxed_wt_1_Y_135_D_rep4.pdb
-88.052,1.44,-1299.029,3.309,-715.825,1.892,449.698,-0.987,relaxed_wt_1_Y_264_Q_rep2.pdb
-88.974,0.518,-1298.28,4.058,-714.08,3.636,450.404,-0.281,relaxed_wt_1_Y_135_A_rep5.pdb
-89.864,-0.373,-1303.5,-1.162,-718.481,-0.764,450.596,-0.089,relaxed_wt_1_Y_267_H_rep1.pdb
-84.164,5.328,-1293.574,8.763,-712.488,5.229,450.381,-0.304,relaxed_wt_1_Y_205_K_rep5.pdb
-86.676,2.816,-1295.232,7.106,-713.279,4.438,450.582,-0.103,relaxed_wt_1_Y_208_P_rep1.pdb
-89.7,-0.208,-1298.853,3.485,-713.929,3.788,450.957,0.272,relaxed_wt_1_Y_265_I_rep3.pdb
-86.248,3.244,-1294.142,8.195,-712.479,5.237,449.816,-0.869,relaxed_wt_1_Y_205_Q_rep1.pdb
-89.076,0.415,-1301.895,0.443,-717.132,0.584,451.173,0.488,relaxed_wt_1_Y_244_D_rep4.pdb
-83.404,6.088,-1296.685,5.653,-719.174,-1.457,454.854,4.169,relaxed_wt_1_Y_209_Y_rep4.pdb
-89.491,0.001,-1303.513,-1.175,-718.402,-0.686,450.999,0.314,relaxed_wt_1_Y_267_T_rep5.pdb
-89.253,0.239,-1299.135,3.203,-712.315,5.401,452.867,2.182,relaxed_wt_1_Y_298_W_rep1.pdb
-90.376,-0.884,-1303.065,-0.727,-717.451,0.265,450.204,-0.481,relaxed_wt_1_Y_267_M_rep1.pdb
-89.507,-0.016,-1301.657,0.681,-716.911,0.805,448.927,-1.758,relaxed_wt_1_Y_210_I_rep4.pdb
-83.541,5.951,-1293.43,8.908,-713.944,3.773,451.17,0.485,relaxed_wt_1_Y_207_D_rep3.pdb
-89.416,0.076,-1300.674,1.664,-716.087,1.63,450.881,0.196,relaxed_wt_1_Y_259_A_rep4.pdb
-89.039,0.452,-1302.202,0.136,-717.65,0.066,450.697,0.012,relaxed_wt_1_Y_186_S_rep1.pdb
-87.845,1.647,-1292.833,9.505,-709.673,8.044,450.863,0.178,relaxed_wt_1_Y_272_R_rep3.pdb
-88.754,0.737,-1302.435,-0.097,-717.614,0.103,449.59,-1.095,relaxed_wt_1_Y_262_L_rep2.pdb
-88.897,0.595,-1300.756,1.582,-716.451,1.266,449.75,-0.935,relaxed_wt_1_Y_136_I_rep1.pdb
-89.962,-0.471,-1300.799,1.539,-715.024,2.692,450.504,-0.181,relaxed_wt_1_Y_136_L_rep4.pdb
-89.388,0.104,-1300.51,1.828,-715.909,1.807,449.641,-1.044,relaxed_wt_1_Y_259_C_rep3.pdb
-89.159,0.333,-1298.18,4.158,-713.774,3.942,449.638,-1.047,relaxed_wt_1_Y_261_D_rep4.pdb
-90.145,-0.653,-1304.427,-2.089,-719.514,-1.798,451.187,0.501,relaxed_wt_1_Y_244_K_rep3.pdb
-89.039,0.453,-1303.252,-0.914,-718.815,-1.098,450.712,0.027,relaxed_wt_1_Y_266_A_rep5.pdb
-89.33,0.162,-1302.34,-0.002,-717.77,-0.053,450.624,-0.061,relaxed_wt_1_Y_270_Y_rep2.pdb
-88.616,0.875,-1299.527,2.811,-715.313,2.403,449.864,-0.821,relaxed_wt_1_Y_296_C_rep1.pdb
-89.257,0.235,-1302.845,-0.507,-718.112,-0.396,450.952,0.267,relaxed_wt_1_Y_298_N_rep1.pdb
-89.477,0.015,-1303.162,-0.824,-718.412,-0.695,450.637,-0.048,relaxed_wt_1_Y_187_C_rep2.pdb
-87.902,1.59,-1301.743,0.595,-718.341,-0.624,450.037,-0.649,relaxed_wt_1_Y_263_T_rep5.pdb
-89.73,-0.238,-1298.443,3.895,-713.524,4.192,450.16,-0.526,relaxed_wt_1_Y_208_D_rep3.pdb
-89.266,0.225,-1299.698,2.64,-715.254,2.462,449.738,-0.947,relaxed_wt_1_Y_267_G_rep1.pdb
-87.547,1.945,-1296.06,6.278,-713.025,4.692,449.159,-1.526,relaxed_wt_1_Y_186_E_rep5.pdb
-91.836,-2.345,-1303.923,-1.585,-716.974,0.743,450.956,0.271,relaxed_wt_1_Y_267_K_rep4.pdb
-87.601,1.891,-1296.798,5.54,-714.069,3.648,450.424,-0.261,relaxed_wt_1_Y_133_C_rep2.pdb
-88.237,1.254,-1299.911,2.427,-716.739,0.977,451.082,0.397,relaxed_wt_1_Y_140_H_rep3.pdb
-87.029,2.462,-1304.879,-2.541,-722.184,-4.467,450.74,0.055,relaxed_wt_1_Y_298_C_rep1.pdb
-89.318,0.174,-1303.266,-0.928,-718.549,-0.833,450.962,0.277,relaxed_wt_1_Y_206_I_rep4.pdb
-87.616,1.875,-1302.115,0.223,-719.399,-1.683,450.837,0.152,relaxed_wt_1_Y_270_T_rep2.pdb
-89.61,-0.118,-1302.74,-0.402,-717.897,-0.181,450.357,-0.329,relaxed_wt_1_Y_243_C_rep5.pdb
-90.683,-1.192,-1296.561,5.777,-709.928,7.788,451.529,0.844,relaxed_wt_1_Y_186_F_rep4.pdb
-86.667,2.824,-1297.294,5.044,-716.118,1.598,451.934,1.248,relaxed_wt_1_Y_297_G_rep1.pdb
-89.98,-0.488,-1301.561,0.777,-715.966,1.75,450.983,0.298,relaxed_wt_1_Y_186_L_rep1.pdb
-89.566,-0.075,-1299.81,2.528,-714.995,2.722,448.948,-1.737,relaxed_wt_1_Y_187_N_rep1.pdb
-89.181,0.31,-1307.517,-5.179,-723.186,-5.469,451.751,1.066,relaxed_wt_1_Y_271_V_rep2.pdb
-89.636,-0.144,-1303.798,-1.46,-718.544,-0.827,450.996,0.311,relaxed_wt_1_Y_139_P_rep4.pdb
-88.151,1.34,-1299.363,2.974,-716.278,1.439,450.444,-0.241,relaxed_wt_1_Y_296_K_rep1.pdb
-88.199,1.293,-1301.691,0.646,-718.928,-1.211,449.683,-1.002,relaxed_wt_1_Y_140_W_rep3.pdb
-88.555,0.936,-1298.918,3.42,-716.296,1.421,450.255,-0.431,relaxed_wt_1_Y_296_W_rep3.pdb
-89.151,0.34,-1301.371,0.967,-716.98,0.737,450.624,-0.061,relaxed_wt_1_Y_298_A_rep1.pdb
-87.994,1.497,-1301.093,1.245,-717.802,-0.085,451.761,1.076,relaxed_wt_1_Y_132_E_rep3.pdb
-85.048,4.443,-1297.165,5.173,-716.222,1.495,449.398,-1.287,relaxed_wt_1_Y_242_S_rep2.pdb
-89.14,0.351,-1302.979,-0.641,-718.572,-0.855,451.13,0.445,relaxed_wt_1_Y_187_P_rep4.pdb
-88.801,0.691,-1296.4,5.938,-712.867,4.85,451.647,0.962,relaxed_wt_1_Y_137_S_rep4.pdb
-89.059,0.433,-1300.847,1.491,-716.378,1.339,450.41,-0.275,relaxed_wt_1_Y_206_L_rep3.pdb
-91.123,-1.631,-1307.43,-5.092,-721.758,-4.041,452.064,1.379,relaxed_wt_1_Y_298_D_rep4.pdb
-89.012,0.479,-1304.542,-2.204,-720.273,-2.556,450.625,-0.06,relaxed_wt_1_Y_298_K_rep5.pdb
-89.395,0.097,-1298.64,3.698,-714.074,3.643,450.407,-0.278,relaxed_wt_1_Y_135_T_rep1.pdb
-88.18,1.312,-1299.293,3.045,-715.678,2.038,450.522,-0.163,relaxed_wt_1_Y_259_G_rep5.pdb
-88.429,1.062,-1303.438,-1.1,-719.762,-2.046,449.377,-1.308,relaxed_wt_1_Y_261_K_rep3.pdb
-87.916,1.576,-1300.83,1.508,-717.646,0.071,451.138,0.452,relaxed_wt_1_Y_162_R_rep5.pdb
-88.559,0.932,-1307.691,-5.353,-723.926,-6.21,451.023,0.338,relaxed_wt_1_Y_271_E_rep5.pdb
-85.403,4.088,-1294.765,7.573,-713.787,3.93,450.785,0.1,relaxed_wt_1_Y_136_A_rep2.pdb
-87.678,1.813,-1302.077,0.261,-719.032,-1.315,450.453,-0.232,relaxed_wt_1_Y_264_T_rep3.pdb
-89.459,0.032,-1302.391,-0.053,-717.745,-0.028,449.961,-0.724,relaxed_wt_1_Y_261_V_rep5.pdb
-89.422,0.07,-1298.442,3.895,-713.708,4.009,450.782,0.097,relaxed_wt_1_Y_137_D_rep2.pdb
-88.923,0.569,-1299.974,2.364,-715.84,1.877,450.832,0.146,relaxed_wt_1_Y_242_C_rep3.pdb
-87.197,2.294,-1299.92,2.418,-717.302,0.415,450.116,-0.57,relaxed_wt_1_Y_164_E_rep2.pdb
-88.096,1.396,-1300.102,2.236,-717.176,0.541,450.351,-0.334,relaxed_wt_1_Y_162_R_rep2.pdb
-86.359,3.132,-1305.765,-3.427,-723.663,-5.947,449.994,-0.691,relaxed_wt_1_Y_268_G_rep4.pdb
-90.721,-1.229,-1298.551,3.787,-711.947,5.77,449.638,-1.047,relaxed_wt_1_Y_186_Y_rep4.pdb
-89.443,0.048,-1302.505,-0.167,-717.832,-0.116,451.181,0.496,relaxed_wt_1_Y_162_E_rep1.pdb
-89.283,0.208,-1302.696,-0.358,-718.171,-0.455,450.673,-0.012,relaxed_wt_1_Y_187_A_rep2.pdb
-89.537,-0.045,-1299.952,2.386,-715.217,2.5,450.567,-0.118,relaxed_wt_1_Y_210_E_rep5.pdb
-89.826,-0.335,-1298.115,4.223,-713.081,4.636,449.66,-1.025,relaxed_wt_1_Y_265_N_rep5.pdb
-89.65,-0.159,-1303.655,-1.317,-718.355,-0.638,448.968,-1.717,relaxed_wt_1_Y_259_V_rep4.pdb
-88.186,1.306,-1301.183,1.155,-717.758,-0.041,449.772,-0.913,relaxed_wt_1_Y_133_D_rep2.pdb
-85.112,4.379,-1295.672,6.666,-715.165,2.552,451.971,1.286,relaxed_wt_1_Y_138_Q_rep2.pdb
-86.509,2.983,-1302.455,-0.117,-720.486,-2.769,451.057,0.372,relaxed_wt_1_Y_268_H_rep4.pdb
-86.779,2.713,-1296.229,6.109,-714.079,3.638,450.129,-0.557,relaxed_wt_1_Y_163_C_rep4.pdb
-85.68,3.811,-1293.812,8.526,-712.828,4.888,450.235,-0.45,relaxed_wt_1_Y_136_A_rep1.pdb
-87.785,1.707,-1301.962,0.376,-719.193,-1.476,452.923,2.238,relaxed_wt_1_Y_297_L_rep3.pdb
-87.978,1.514,-1298.619,3.719,-715.547,2.17,450.59,-0.096,relaxed_wt_1_Y_163_W_rep2.pdb
-89.243,0.249,-1303.243,-0.905,-719.84,-2.123,451.997,1.312,relaxed_wt_1_Y_244_M_rep1.pdb
-84.916,4.575,-1294.406,7.932,-713.602,4.115,449.52,-1.166,relaxed_wt_1_Y_136_N_rep3.pdb
-88.148,1.343,-1302.558,-0.22,-719.223,-1.506,451.261,0.576,relaxed_wt_1_Y_264_L_rep1.pdb
-89.046,0.445,-1301.835,0.503,-717.598,0.118,450.586,-0.099,relaxed_wt_1_Y_259_N_rep3.pdb
-85.587,3.904,-1295.142,7.196,-713.079,4.637,451.105,0.42,relaxed_wt_1_Y_185_H_rep5.pdb
-85.84,3.652,-1300.386,1.952,-719.54,-1.823,451.624,0.939,relaxed_wt_1_Y_268_K_rep4.pdb
-86.803,2.689,-1297.823,4.515,-716.406,1.311,452.165,1.479,relaxed_wt_1_Y_243_G_rep4.pdb
-82.681,6.811,-1293.631,8.707,-714.968,2.749,450.511,-0.174,relaxed_wt_1_Y_138_S_rep2.pdb
-88.486,1.005,-1302.413,-0.075,-718.596,-0.88,449.764,-0.921,relaxed_wt_1_Y_243_A_rep5.pdb
-88.157,1.335,-1299.392,2.946,-715.895,1.822,451.02,0.335,relaxed_wt_1_Y_260_D_rep2.pdb
-86.948,2.544,-1297.556,4.782,-715.444,2.273,450.866,0.181,relaxed_wt_1_Y_132_G_rep5.pdb
-83.639,5.852,-1287.674,14.664,-706.138,11.579,449.512,-1.173,relaxed_wt_1_Y_272_K_rep4.pdb
-86.225,3.267,-1293.018,9.319,-711.656,6.06,450.79,0.105,relaxed_wt_1_Y_272_H_rep3.pdb
-86.927,2.564,-1299.244,3.094,-717.1,0.617,450.546,-0.139,relaxed_wt_1_Y_133_A_rep4.pdb
-85.625,3.866,-1296.782,5.556,-715.646,2.071,450.348,-0.337,relaxed_wt_1_Y_263_P_rep4.pdb
-87.769,1.723,-1299.828,2.51,-716.862,0.855,450.983,0.298,relaxed_wt_1_Y_268_C_rep4.pdb
-89.647,-0.155,-1298.547,3.791,-713.078,4.639,448.678,-2.007,relaxed_wt_1_Y_184_R_rep1.pdb
-89.861,-0.369,-1304.717,-2.379,-719.629,-1.912,448.935,-1.75,relaxed_wt_1_Y_298_E_rep2.pdb
-89.391,0.101,-1302.786,-0.448,-717.305,0.412,450.567,-0.118,relaxed_wt_1_Y_186_K_rep4.pdb
-89.164,0.328,-1300.803,1.535,-716.439,1.278,450.408,-0.277,relaxed_wt_1_Y_261_S_rep5.pdb
-88.115,1.376,-1299.891,2.446,-715.97,1.747,451.405,0.72,relaxed_wt_1_Y_132_Q_rep1.pdb
-89.445,0.047,-1302.712,-0.374,-717.935,-0.218,451.429,0.744,relaxed_wt_1_Y_137_L_rep1.pdb
-81.772,7.72,-1293.315,9.023,-714.491,3.225,451.607,0.922,relaxed_wt_1_Y_242_H_rep4.pdb
-88.376,1.115,-1301.519,0.819,-717.362,0.355,451.457,0.772,relaxed_wt_1_Y_164_Q_rep4.pdb
-88.608,0.883,-1303.662,-1.324,-720.084,-2.367,451.706,1.021,relaxed_wt_1_Y_298_F_rep5.pdb
-89.443,0.048,-1299.675,2.663,-715.065,2.651,450.367,-0.318,relaxed_wt_1_Y_135_Q_rep2.pdb
-87.671,1.82,-1297.838,4.499,-715.044,2.673,451.965,1.28,relaxed_wt_1_Y_185_M_rep2.pdb
-89.398,0.093,-1298.54,3.798,-713.948,3.769,449.969,-0.716,relaxed_wt_1_Y_134_M_rep1.pdb
-87.671,1.82,-1301.019,1.319,-716.55,1.167,452.249,1.564,relaxed_wt_1_Y_163_Y_rep2.pdb
-84.315,5.176,-1293.128,9.21,-711.59,6.127,449.345,-1.34,relaxed_wt_1_Y_185_R_rep5.pdb
-89.388,0.104,-1298.249,4.089,-713.543,4.174,449.287,-1.398,relaxed_wt_1_Y_137_F_rep4.pdb
-87.751,1.741,-1299.823,2.515,-716.902,0.815,449.672,-1.013,relaxed_wt_1_Y_268_C_rep1.pdb
-88.984,0.508,-1302.615,-0.277,-717.696,0.02,449.535,-1.151,relaxed_wt_1_Y_261_E_rep1.pdb
-89.348,0.144,-1301.208,1.13,-716.582,1.135,450.675,-0.01,relaxed_wt_1_Y_259_H_rep5.pdb
-85.713,3.778,-1298.383,3.955,-717.128,0.589,449.511,-1.174,relaxed_wt_1_Y_207_K_rep5.pdb
-89.024,0.468,-1300.662,1.676,-717.12,0.596,450.354,-0.331,relaxed_wt_1_Y_296_F_rep1.pdb
-89.406,0.085,-1301.868,0.47,-717.242,0.475,450.159,-0.526,relaxed_wt_1_Y_260_P_rep3.pdb
-88.58,0.911,-1300.212,2.126,-716.079,1.638,449.965,-0.72,relaxed_wt_1_Y_162_W_rep4.pdb
-90.439,-0.948,-1300.076,2.262,-714.369,3.348,450.399,-0.286,relaxed_wt_1_Y_184_D_rep1.pdb
-89.18,0.312,-1298.004,4.334,-713.6,4.117,449.991,-0.695,relaxed_wt_1_Y_261_D_rep2.pdb
-88.719,0.772,-1305.095,-2.757,-720.873,-3.156,450.757,0.072,relaxed_wt_1_Y_298_L_rep4.pdb
-87.367,2.124,-1301.992,0.346,-719.239,-1.522,450.24,-0.445,relaxed_wt_1_Y_270_L_rep3.pdb
-83.915,5.576,-1294.279,8.059,-713.805,3.912,450.943,0.258,relaxed_wt_1_Y_207_R_rep5.pdb
-88.892,0.599,-1302.393,-0.056,-717.956,-0.239,451.495,0.81,relaxed_wt_1_Y_261_W_rep5.pdb
-89.652,-0.16,-1302.602,-0.264,-717.375,0.342,450.279,-0.406,relaxed_wt_1_Y_259_K_rep3.pdb
-89.35,0.141,-1298.814,3.524,-714.332,3.385,449.041,-1.644,relaxed_wt_1_Y_135_M_rep1.pdb
-88.11,1.381,-1295.418,6.92,-711.512,6.205,451.4,0.714,relaxed_wt_1_Y_184_W_rep3.pdb
-89.602,-0.11,-1303.199,-0.861,-718.327,-0.61,451.229,0.544,relaxed_wt_1_Y_259_V_rep1.pdb
-87.528,1.963,-1299.906,2.432,-719.61,-1.893,452.603,1.918,relaxed_wt_1_Y_268_K_rep1.pdb
-89.844,-0.353,-1304.76,-2.422,-719.689,-1.972,451.185,0.5,relaxed_wt_1_Y_298_E_rep5.pdb
-85.32,4.171,-1290.58,11.758,-709.553,8.164,452.636,1.951,relaxed_wt_1_Y_241_Y_rep1.pdb
-89.443,0.049,-1301.796,0.542,-717.161,0.556,450.705,0.02,relaxed_wt_1_Y_206_V_rep4.pdb
-84.281,5.21,-1297.94,4.398,-718.441,-0.725,450.997,0.311,relaxed_wt_1_Y_264_K_rep2.pdb
-83.038,6.453,-1284.283,18.055,-706.22,11.497,453.043,2.358,relaxed_wt_1_Y_243_W_rep2.pdb
-86.286,3.205,-1294.588,7.75,-712.817,4.9,450.159,-0.526,relaxed_wt_1_Y_205_Q_rep3.pdb
-89.065,0.426,-1300.67,1.667,-715.961,1.756,449.044,-1.642,relaxed_wt_1_Y_135_I_rep2.pdb
-87.886,1.605,-1300.28,2.058,-717.159,0.557,451.412,0.727,relaxed_wt_1_Y_263_S_rep2.pdb
-89.098,0.393,-1297.502,4.836,-713.018,4.698,450.318,-0.367,relaxed_wt_1_Y_206_A_rep2.pdb
-89.865,-0.373,-1293.135,9.203,-708.002,9.714,450.735,0.05,relaxed_wt_1_Y_137_P_rep5.pdb
-83.589,5.903,-1291.181,11.157,-712.589,5.128,455.294,4.609,relaxed_wt_1_Y_241_F_rep1.pdb
-88.078,1.414,-1275.411,26.927,-692.438,25.279,451.545,0.859,relaxed_wt_1_Y_134_P_rep5.pdb
-87.512,1.98,-1299.259,3.079,-716.506,1.211,450.925,0.24,relaxed_wt_1_Y_243_N_rep1.pdb
-89.02,0.471,-1303.275,-0.937,-718.829,-1.112,451.002,0.317,relaxed_wt_1_Y_266_A_rep3.pdb
-90.189,-0.697,-1304.464,-2.126,-719.485,-1.768,452.102,1.417,relaxed_wt_1_Y_244_K_rep1.pdb
-84.679,4.812,-1292.478,9.859,-712.449,5.267,449.952,-0.733,relaxed_wt_1_Y_138_C_rep4.pdb
-89.129,0.362,-1301.131,1.207,-716.431,1.286,449.934,-0.751,relaxed_wt_1_Y_243_E_rep5.pdb
-81.638,7.854,-1294.076,8.262,-715.52,2.196,450.837,0.152,relaxed_wt_1_Y_138_K_rep3.pdb
-89.815,-0.324,-1296.792,5.545,-711.738,5.979,450.639,-0.046,relaxed_wt_1_Y_265_T_rep1.pdb
-89.448,0.044,-1301.807,0.531,-717.144,0.573,449.456,-1.229,relaxed_wt_1_Y_298_N_rep5.pdb
-87.824,1.668,-1309.82,-7.482,-726.789,-9.072,449.966,-0.719,relaxed_wt_1_Y_268_A_rep5.pdb
-88.329,1.163,-1300.013,2.325,-716.059,1.657,450.917,0.232,relaxed_wt_1_Y_210_Y_rep5.pdb
-86.325,3.166,-1292.831,9.507,-711.197,6.52,449.92,-0.765,relaxed_wt_1_Y_272_H_rep1.pdb
-88.512,0.98,-1300.972,1.366,-717.743,-0.026,452.208,1.522,relaxed_wt_1_Y_137_I_rep3.pdb
-89.636,-0.145,-1300.849,1.489,-715.625,2.092,450.304,-0.381,relaxed_wt_1_Y_243_T_rep3.pdb
-89.454,0.037,-1301.852,0.486,-717.209,0.508,450.409,-0.276,relaxed_wt_1_Y_243_V_rep1.pdb
-86.761,2.73,-1295.356,6.982,-713.161,4.556,448.776,-1.909,relaxed_wt_1_Y_205_T_rep1.pdb
-88.913,0.579,-1302.5,-0.162,-718.039,-0.323,450.604,-0.081,relaxed_wt_1_Y_162_M_rep5.pdb
-89.396,0.096,-1301.905,0.433,-717.368,0.349,449.677,-1.008,relaxed_wt_1_Y_134_L_rep1.pdb
-88.791,0.7,-1298.244,4.094,-713.967,3.75,449.663,-1.022,relaxed_wt_1_Y_186_A_rep5.pdb
-84.499,4.992,-1297.792,4.546,-717.628,0.089,452.752,2.067,relaxed_wt_1_Y_138_V_rep5.pdb
-89.308,0.183,-1301.759,0.579,-717.227,0.49,450.678,-0.008,relaxed_wt_1_Y_264_F_rep1.pdb
-88.971,0.521,-1296.131,6.207,-710.788,6.928,450.405,-0.28,relaxed_wt_1_Y_184_W_rep4.pdb
-87.98,1.511,-1299.463,2.874,-716.264,1.453,449.387,-1.298,relaxed_wt_1_Y_262_S_rep4.pdb
-87.827,1.665,-1294.542,7.795,-711.522,6.195,450.692,0.007,relaxed_wt_1_Y_245_C_rep5.pdb
-89.127,0.364,-1299.33,3.007,-714.796,2.92,451.792,1.107,relaxed_wt_1_Y_264_D_rep3.pdb
-82.396,7.095,-1293.818,8.52,-711.766,5.951,449.084,-1.601,relaxed_wt_1_Y_262_K_rep4.pdb
-87.53,1.961,-1301.984,0.354,-719.033,-1.316,449.691,-0.994,relaxed_wt_1_Y_263_Q_rep2.pdb
-84.49,5.001,-1297.002,5.336,-716.969,0.748,449.382,-1.303,relaxed_wt_1_Y_207_E_rep1.pdb
-89.429,0.062,-1302.382,-0.044,-717.759,-0.042,449.427,-1.258,relaxed_wt_1_Y_132_A_rep3.pdb
-88.078,1.414,-1301.079,1.259,-717.774,-0.057,450.537,-0.148,relaxed_wt_1_Y_260_L_rep5.pdb
-88.115,1.377,-1293.263,9.075,-709.04,8.677,449.429,-1.256,relaxed_wt_1_Y_245_R_rep3.pdb
-89.129,0.363,-1302.904,-0.566,-718.559,-0.842,450.414,-0.272,relaxed_wt_1_Y_135_Y_rep5.pdb
-89.113,0.378,-1303.348,-1.01,-718.841,-1.124,450.665,-0.02,relaxed_wt_1_Y_266_R_rep2.pdb
-88.813,0.679,-1301.85,0.488,-717.142,0.575,450.617,-0.068,relaxed_wt_1_Y_187_S_rep3.pdb
-85.239,4.253,-1284.49,17.848,-704.02,13.697,451.605,0.92,relaxed_wt_1_Y_268_P_rep1.pdb
-89.336,0.155,-1300.984,1.354,-716.166,1.551,451.079,0.394,relaxed_wt_1_Y_262_A_rep1.pdb
-87.584,1.907,-1293.959,8.379,-710.97,6.747,450.771,0.086,relaxed_wt_1_Y_270_D_rep1.pdb
-88.102,1.39,-1299.101,3.237,-715.747,1.97,449.855,-0.83,relaxed_wt_1_Y_270_C_rep3.pdb
-88.148,1.344,-1297.628,4.71,-714.264,3.452,450.352,-0.333,relaxed_wt_1_Y_260_E_rep1.pdb
-89.428,0.063,-1304.25,-1.912,-719.557,-1.84,448.869,-1.816,relaxed_wt_1_Y_187_T_rep5.pdb
-84.283,5.208,-1293.133,9.205,-714.346,3.371,450.079,-0.606,relaxed_wt_1_Y_205_P_rep3.pdb
-84.531,4.96,-1297.195,5.142,-717.024,0.692,450.136,-0.549,relaxed_wt_1_Y_207_S_rep3.pdb
-90.022,-0.531,-1304.816,-2.478,-719.528,-1.811,448.816,-1.869,relaxed_wt_1_Y_187_I_rep5.pdb
-89.159,0.333,-1301.59,0.748,-716.719,0.998,449.906,-0.779,relaxed_wt_1_Y_162_D_rep4.pdb
-90.712,-1.22,-1302.559,-0.221,-716.014,1.703,449.831,-0.854,relaxed_wt_1_Y_164_R_rep3.pdb
-88.939,0.553,-1302.147,0.191,-717.513,0.203,451.093,0.408,relaxed_wt_1_Y_164_I_rep4.pdb
-87.797,1.694,-1295.782,6.556,-712.763,4.953,450.638,-0.047,relaxed_wt_1_Y_241_D_rep1.pdb
-89.355,0.136,-1301.798,0.54,-717.214,0.503,451.585,0.9,relaxed_wt_1_Y_272_I_rep4.pdb
-91.032,-1.54,-1298.315,4.023,-711.81,5.907,450.652,-0.033,relaxed_wt_1_Y_260_R_rep5.pdb
-89.399,0.093,-1302.235,0.103,-717.691,0.026,449.687,-0.998,relaxed_wt_1_Y_208_I_rep1.pdb
-88.439,1.053,-1284.05,18.288,-700.249,17.468,450.947,0.262,relaxed_wt_1_Y_206_K_rep4.pdb
-86.492,3.0,-1302.968,-0.63,-721.072,-3.355,451.559,0.874,relaxed_wt_1_Y_140_S_rep3.pdb
-88.759,0.733,-1298.986,3.351,-714.731,2.986,449.689,-0.996,relaxed_wt_1_Y_296_C_rep4.pdb
-86.467,3.025,-1297.029,5.309,-715.132,2.585,453.539,2.854,relaxed_wt_1_Y_242_M_rep5.pdb
-89.274,0.217,-1302.781,-0.444,-718.034,-0.317,450.942,0.257,relaxed_wt_1_Y_264_F_rep3.pdb
-87.521,1.971,-1298.351,3.987,-715.661,2.055,450.704,0.019,relaxed_wt_1_Y_163_D_rep5.pdb
-88.78,0.711,-1301.753,0.585,-717.725,-0.008,449.599,-1.086,relaxed_wt_1_Y_261_H_rep1.pdb
-83.763,5.728,-1294.229,8.109,-714.574,3.142,449.541,-1.144,relaxed_wt_1_Y_138_R_rep5.pdb
-88.331,1.161,-1298.929,3.409,-715.732,1.984,451.752,1.067,relaxed_wt_1_Y_137_Q_rep2.pdb
-87.551,1.941,-1296.075,6.263,-713.047,4.669,449.227,-1.459,relaxed_wt_1_Y_186_E_rep3.pdb
-88.1,1.392,-1299.881,2.457,-715.988,1.728,451.396,0.711,relaxed_wt_1_Y_132_Q_rep5.pdb
-87.892,1.6,-1297.367,4.971,-714.404,3.313,451.64,0.955,relaxed_wt_1_Y_206_C_rep3.pdb
-89.553,-0.061,-1300.255,2.083,-715.214,2.503,449.336,-1.349,relaxed_wt_1_Y_184_T_rep2.pdb
-89.82,-0.328,-1300.688,1.65,-715.37,2.346,449.372,-1.313,relaxed_wt_1_Y_184_A_rep3.pdb
-88.582,0.91,-1300.101,2.237,-716.411,1.306,449.641,-1.044,relaxed_wt_1_Y_296_A_rep3.pdb
-87.664,1.828,-1302.192,0.146,-719.154,-1.437,450.471,-0.214,relaxed_wt_1_Y_264_T_rep1.pdb
-83.157,6.334,-1289.632,12.706,-710.538,7.179,450.779,0.094,relaxed_wt_1_Y_207_P_rep1.pdb
-89.914,-0.423,-1281.902,20.436,-696.34,21.377,452.131,1.446,relaxed_wt_1_Y_266_P_rep5.pdb
-89.533,-0.042,-1300.432,1.906,-715.589,2.127,450.699,0.014,relaxed_wt_1_Y_259_R_rep5.pdb
-88.972,0.52,-1302.145,0.193,-717.477,0.239,451.343,0.658,relaxed_wt_1_Y_164_I_rep1.pdb
-88.914,0.578,-1304.112,-1.775,-719.871,-2.154,450.481,-0.204,relaxed_wt_1_Y_187_V_rep3.pdb
-88.19,1.301,-1298.028,4.31,-714.494,3.223,451.344,0.659,relaxed_wt_1_Y_297_M_rep5.pdb
-89.403,0.089,-1302.856,-0.518,-718.028,-0.311,449.269,-1.416,relaxed_wt_1_Y_164_K_rep1.pdb
-88.396,1.095,-1303.619,-1.282,-719.89,-2.173,450.54,-0.145,relaxed_wt_1_Y_187_E_rep4.pdb
-87.429,2.063,-1299.547,2.791,-717.113,0.604,451.166,0.481,relaxed_wt_1_Y_209_A_rep5.pdb
-89.47,0.022,-1299.665,2.673,-714.946,2.771,450.849,0.164,relaxed_wt_1_Y_137_N_rep4.pdb
-87.088,2.404,-1301.588,0.75,-718.775,-1.058,449.614,-1.071,relaxed_wt_1_Y_268_T_rep1.pdb
-89.392,0.1,-1302.887,-0.549,-718.034,-0.317,451.223,0.537,relaxed_wt_1_Y_298_N_rep4.pdb
-89.434,0.058,-1301.529,0.809,-716.894,0.822,450.672,-0.013,relaxed_wt_1_Y_137_I_rep2.pdb
-89.248,0.243,-1300.341,1.997,-715.89,1.827,448.278,-2.407,relaxed_wt_1_Y_162_C_rep1.pdb
-89.569,-0.078,-1296.946,5.392,-712.663,5.053,451.152,0.467,relaxed_wt_1_Y_245_A_rep5.pdb
-89.833,-0.341,-1293.917,8.421,-708.529,9.188,448.956,-1.73,relaxed_wt_1_Y_137_P_rep3.pdb
-89.514,-0.022,-1297.508,4.83,-712.575,5.141,450.538,-0.147,relaxed_wt_1_Y_184_H_rep2.pdb
-88.017,1.475,-1300.076,2.262,-716.37,1.347,451.501,0.816,relaxed_wt_1_Y_260_S_rep1.pdb
-90.874,-1.382,-1305.319,-2.981,-719.755,-2.038,452.199,1.514,relaxed_wt_1_Y_244_A_rep1.pdb
-90.028,-0.537,-1305.07,-2.732,-719.875,-2.158,449.369,-1.316,relaxed_wt_1_Y_208_M_rep1.pdb
-90.641,-1.149,-1300.853,1.485,-715.193,2.524,451.621,0.936,relaxed_wt_1_Y_264_W_rep4.pdb
-89.288,0.204,-1297.327,5.011,-712.713,5.004,449.353,-1.332,relaxed_wt_1_Y_265_V_rep2.pdb
-91.278,-1.786,-1307.958,-5.62,-722.174,-4.457,450.168,-0.517,relaxed_wt_1_Y_298_D_rep3.pdb
-89.272,0.219,-1296.248,6.09,-711.735,5.981,449.596,-1.09,relaxed_wt_1_Y_137_R_rep4.pdb
-88.742,0.75,-1307.602,-5.264,-723.723,-6.007,450.768,0.083,relaxed_wt_1_Y_271_E_rep4.pdb
-88.056,1.435,-1298.892,3.446,-715.527,2.19,450.682,-0.003,relaxed_wt_1_Y_260_S_rep2.pdb
-86.618,2.873,-1300.942,1.396,-719.042,-1.325,449.727,-0.958,relaxed_wt_1_Y_268_H_rep5.pdb
-89.441,0.051,-1302.378,-0.041,-717.743,-0.026,449.356,-1.329,relaxed_wt_1_Y_164_K_rep2.pdb
-85.285,4.207,-1300.079,2.259,-719.216,-1.499,450.943,0.258,relaxed_wt_1_Y_138_I_rep3.pdb
-89.645,-0.154,-1301.773,0.565,-716.885,0.832,449.628,-1.057,relaxed_wt_1_Y_259_Y_rep1.pdb
-87.59,1.902,-1303.952,-1.614,-720.871,-3.154,450.13,-0.555,relaxed_wt_1_Y_263_Y_rep5.pdb
-87.722,1.77,-1297.66,4.678,-714.934,2.783,451.997,1.312,relaxed_wt_1_Y_132_C_rep2.pdb
-86.999,2.493,-1301.926,0.411,-719.87,-2.154,450.259,-0.426,relaxed_wt_1_Y_139_P_rep5.pdb
-87.843,1.649,-1297.944,4.394,-713.272,4.445,451.681,0.996,relaxed_wt_1_Y_132_M_rep5.pdb
-89.383,0.109,-1299.605,2.733,-714.993,2.724,450.651,-0.034,relaxed_wt_1_Y_137_V_rep1.pdb
-88.375,1.117,-1291.913,10.425,-708.285,9.432,449.342,-1.343,relaxed_wt_1_Y_272_D_rep2.pdb
-87.77,1.721,-1301.473,0.865,-718.849,-1.133,449.629,-1.056,relaxed_wt_1_Y_140_G_rep2.pdb
-86.724,2.768,-1298.212,4.126,-716.865,0.851,451.659,0.974,relaxed_wt_1_Y_163_D_rep2.pdb
-86.485,3.007,-1299.619,2.719,-717.258,0.458,450.067,-0.618,relaxed_wt_1_Y_263_I_rep1.pdb
-89.224,0.267,-1299.776,2.562,-715.378,2.339,450.624,-0.061,relaxed_wt_1_Y_267_G_rep4.pdb
-89.064,0.428,-1303.79,-1.452,-719.179,-1.463,450.932,0.247,relaxed_wt_1_Y_259_P_rep3.pdb
-85.332,4.16,-1293.475,8.863,-712.825,4.891,449.175,-1.51,relaxed_wt_1_Y_136_S_rep1.pdb
-89.249,0.242,-1301.481,0.857,-716.812,0.905,450.498,-0.187,relaxed_wt_1_Y_270_W_rep2.pdb
-89.072,0.42,-1294.684,7.654,-710.347,7.37,450.33,-0.355,relaxed_wt_1_Y_137_W_rep5.pdb
-89.144,0.347,-1300.812,1.526,-716.298,1.419,449.328,-1.357,relaxed_wt_1_Y_134_D_rep3.pdb
-85.369,4.122,-1295.567,6.771,-714.28,3.437,453.187,2.502,relaxed_wt_1_Y_132_F_rep4.pdb
-85.906,3.586,-1296.207,6.131,-714.888,2.828,450.516,-0.169,relaxed_wt_1_Y_163_G_rep5.pdb
-86.587,2.904,-1290.508,11.83,-709.262,8.455,450.709,0.024,relaxed_wt_1_Y_206_W_rep1.pdb
-87.477,2.015,-1300.547,1.791,-718.19,-0.473,449.64,-1.045,relaxed_wt_1_Y_296_P_rep4.pdb
-89.059,0.433,-1295.262,7.076,-710.923,6.794,449.592,-1.093,relaxed_wt_1_Y_206_G_rep4.pdb
-88.738,0.754,-1299.462,2.876,-715.256,2.461,450.524,-0.161,relaxed_wt_1_Y_132_V_rep3.pdb
-89.368,0.123,-1298.971,3.367,-714.55,3.166,452.031,1.346,relaxed_wt_1_Y_298_M_rep3.pdb
-88.002,1.49,-1298.544,3.794,-715.413,2.304,450.585,-0.1,relaxed_wt_1_Y_163_W_rep1.pdb
-88.174,1.318,-1296.592,5.746,-713.259,4.458,450.635,-0.05,relaxed_wt_1_Y_245_Q_rep4.pdb
-90.565,-1.073,-1304.914,-2.576,-718.795,-1.078,450.835,0.15,relaxed_wt_1_Y_267_F_rep3.pdb
-89.406,0.085,-1304.074,-1.736,-719.253,-1.536,451.949,1.264,relaxed_wt_1_Y_298_I_rep2.pdb
-88.995,0.497,-1303.868,-1.53,-719.869,-2.152,452.02,1.334,relaxed_wt_1_Y_298_I_rep4.pdb
-89.365,0.127,-1302.749,-0.411,-718.189,-0.473,450.708,0.023,relaxed_wt_1_Y_187_A_rep3.pdb
-88.641,0.85,-1297.282,5.056,-712.715,5.002,451.164,0.479,relaxed_wt_1_Y_187_R_rep5.pdb
-89.805,-0.313,-1297.572,4.766,-712.514,5.203,450.661,-0.024,relaxed_wt_1_Y_265_A_rep3.pdb
-87.576,1.915,-1299.508,2.83,-716.803,0.914,450.802,0.117,relaxed_wt_1_Y_270_C_rep4.pdb
-88.073,1.418,-1299.365,2.973,-715.528,2.189,448.929,-1.756,relaxed_wt_1_Y_162_F_rep2.pdb
-89.971,-0.479,-1301.97,0.367,-716.402,1.315,450.976,0.291,relaxed_wt_1_Y_262_C_rep4.pdb
-87.935,1.556,-1294.179,8.159,-711.025,6.691,449.492,-1.193,relaxed_wt_1_Y_272_G_rep4.pdb
-87.08,2.412,-1296.713,5.625,-714.209,3.508,450.602,-0.083,relaxed_wt_1_Y_272_Q_rep4.pdb
-87.009,2.482,-1295.655,6.683,-713.444,4.273,450.446,-0.239,relaxed_wt_1_Y_205_N_rep1.pdb
-89.496,-0.005,-1300.494,1.844,-716.268,1.449,451.248,0.563,relaxed_wt_1_Y_140_C_rep2.pdb
-90.072,-0.58,-1299.526,2.812,-713.894,3.823,450.209,-0.476,relaxed_wt_1_Y_186_I_rep3.pdb
-84.817,4.675,-1298.854,3.484,-719.472,-1.755,451.235,0.55,relaxed_wt_1_Y_140_L_rep2.pdb
-89.045,0.447,-1297.711,4.627,-713.402,4.315,449.904,-0.781,relaxed_wt_1_Y_205_L_rep4.pdb
-85.259,4.233,-1288.397,13.941,-707.01,10.707,452.364,1.679,relaxed_wt_1_Y_135_W_rep2.pdb
-86.906,2.586,-1297.343,4.995,-714.99,2.726,451.623,0.938,relaxed_wt_1_Y_163_N_rep4.pdb
-89.087,0.404,-1296.633,5.705,-712.026,5.691,450.034,-0.651,relaxed_wt_1_Y_187_F_rep2.pdb
-90.671,-1.18,-1304.642,-2.304,-718.787,-1.07,450.639,-0.046,relaxed_wt_1_Y_267_W_rep5.pdb
-88.865,0.627,-1299.662,2.676,-715.106,2.61,449.331,-1.354,relaxed_wt_1_Y_185_S_rep4.pdb
-90.032,-0.54,-1300.999,1.339,-715.269,2.448,451.075,0.389,relaxed_wt_1_Y_133_M_rep4.pdb
-89.753,-0.262,-1297.285,5.053,-711.826,5.89,451.12,0.435,relaxed_wt_1_Y_265_T_rep4.pdb
-88.226,1.266,-1299.64,2.698,-715.527,2.19,450.585,-0.1,relaxed_wt_1_Y_259_G_rep3.pdb
-88.763,0.728,-1296.404,5.934,-712.872,4.844,451.621,0.935,relaxed_wt_1_Y_137_S_rep5.pdb
-88.762,0.73,-1299.775,2.563,-715.848,1.868,449.847,-0.838,relaxed_wt_1_Y_133_V_rep5.pdb
-87.112,2.379,-1299.36,2.978,-717.175,0.541,452.013,1.328,relaxed_wt_1_Y_134_I_rep4.pdb
-89.188,0.304,-1301.598,0.74,-716.988,0.729,451.705,1.02,relaxed_wt_1_Y_266_F_rep3.pdb
-90.541,-1.049,-1303.05,-0.712,-716.584,1.133,450.657,-0.028,relaxed_wt_1_Y_164_R_rep5.pdb
-89.344,0.148,-1298.778,3.56,-714.279,3.437,450.694,0.009,relaxed_wt_1_Y_134_V_rep4.pdb
-89.837,-0.346,-1305.243,-2.905,-720.024,-2.307,449.236,-1.449,relaxed_wt_1_Y_139_M_rep5.pdb
-86.363,3.128,-1297.478,4.86,-714.819,2.898,451.925,1.24,relaxed_wt_1_Y_163_F_rep3.pdb
-87.489,2.002,-1306.6,-4.262,-724.215,-6.499,452.261,1.576,relaxed_wt_1_Y_271_C_rep2.pdb
-87.732,1.76,-1301.011,1.327,-718.09,-0.373,449.789,-0.896,relaxed_wt_1_Y_133_K_rep4.pdb
-89.48,0.012,-1301.0,1.338,-716.322,1.395,450.721,0.036,relaxed_wt_1_Y_259_M_rep1.pdb
-87.118,2.373,-1296.205,6.133,-713.914,3.803,449.42,-1.265,relaxed_wt_1_Y_205_N_rep3.pdb
-89.504,-0.012,-1300.942,1.396,-716.051,1.665,450.092,-0.593,relaxed_wt_1_Y_139_T_rep3.pdb
-88.369,1.123,-1300.843,1.495,-716.725,0.992,451.259,0.574,relaxed_wt_1_Y_210_T_rep1.pdb
-87.794,1.697,-1303.232,-0.894,-720.537,-2.82,451.614,0.929,relaxed_wt_1_Y_140_P_rep4.pdb
-89.434,0.057,-1302.268,0.07,-717.639,0.078,450.668,-0.017,relaxed_wt_1_Y_163_K_rep5.pdb
-88.765,0.726,-1301.075,1.263,-718.096,-0.38,450.72,0.035,relaxed_wt_1_Y_296_Q_rep3.pdb
-89.032,0.459,-1298.95,3.388,-714.269,3.448,450.262,-0.423,relaxed_wt_1_Y_265_M_rep4.pdb
-80.835,8.657,-1290.45,11.888,-714.456,3.261,451.994,1.309,relaxed_wt_1_Y_138_G_rep4.pdb
-84.639,4.853,-1296.696,5.642,-715.829,1.888,449.602,-1.083,relaxed_wt_1_Y_264_R_rep5.pdb
-89.614,-0.122,-1303.01,-0.672,-718.208,-0.491,449.726,-0.959,relaxed_wt_1_Y_186_T_rep1.pdb
-86.787,2.705,-1299.049,3.289,-716.739,0.978,451.49,0.804,relaxed_wt_1_Y_138_M_rep1.pdb
-89.462,0.03,-1298.697,3.641,-714.04,3.676,450.68,-0.005,relaxed_wt_1_Y_184_T_rep5.pdb
-88.201,1.29,-1303.074,-0.736,-719.254,-1.537,450.293,-0.392,relaxed_wt_1_Y_264_L_rep3.pdb
-88.776,0.715,-1301.885,0.453,-717.85,-0.133,450.603,-0.082,relaxed_wt_1_Y_261_H_rep5.pdb
-86.937,2.554,-1299.773,2.565,-717.639,0.078,451.181,0.496,relaxed_wt_1_Y_133_A_rep1.pdb
-88.323,1.168,-1299.629,2.709,-716.175,1.541,449.343,-1.342,relaxed_wt_1_Y_133_T_rep1.pdb
-89.443,0.049,-1301.829,0.509,-717.187,0.53,450.999,0.314,relaxed_wt_1_Y_259_E_rep5.pdb
-89.289,0.203,-1300.288,2.05,-715.786,1.93,450.653,-0.032,relaxed_wt_1_Y_259_A_rep5.pdb
-88.48,1.012,-1298.343,3.994,-714.62,3.097,449.871,-0.814,relaxed_wt_1_Y_260_H_rep3.pdb
-89.175,0.317,-1301.596,0.742,-716.941,0.776,450.69,0.005,relaxed_wt_1_Y_133_E_rep5.pdb
-85.424,4.067,-1300.168,2.17,-718.967,-1.25,450.37,-0.315,relaxed_wt_1_Y_268_D_rep4.pdb
-89.353,0.139,-1300.291,2.046,-715.741,1.975,449.487,-1.198,relaxed_wt_1_Y_134_H_rep4.pdb
-88.703,0.789,-1299.902,2.436,-715.603,2.114,449.834,-0.851,relaxed_wt_1_Y_296_C_rep2.pdb
-86.844,2.647,-1301.01,1.328,-719.362,-1.645,451.689,1.004,relaxed_wt_1_Y_245_I_rep5.pdb
-89.591,-0.1,-1298.31,4.028,-713.306,4.411,450.558,-0.127,relaxed_wt_1_Y_184_L_rep3.pdb
-88.317,1.174,-1299.958,2.38,-716.018,1.699,451.463,0.778,relaxed_wt_1_Y_210_Y_rep4.pdb
-88.581,0.911,-1302.298,0.04,-718.687,-0.97,449.307,-1.378,relaxed_wt_1_Y_209_T_rep2.pdb
-89.83,-0.339,-1298.033,4.305,-713.013,4.704,449.617,-1.068,relaxed_wt_1_Y_265_R_rep2.pdb
-88.837,0.654,-1300.355,1.983,-716.333,1.384,451.058,0.373,relaxed_wt_1_Y_135_R_rep5.pdb
-83.514,5.977,-1293.051,9.287,-712.42,5.297,451.7,1.015,relaxed_wt_1_Y_136_K_rep2.pdb
-89.419,0.073,-1301.809,0.529,-717.196,0.521,450.994,0.309,relaxed_wt_1_Y_139_L_rep4.pdb
-86.596,2.895,-1294.527,7.811,-712.734,4.983,450.666,-0.02,relaxed_wt_1_Y_205_D_rep5.pdb
-88.257,1.235,-1297.694,4.644,-714.259,3.458,449.627,-1.058,relaxed_wt_1_Y_260_E_rep2.pdb
-88.44,1.052,-1301.463,0.875,-716.826,0.891,450.457,-0.228,relaxed_wt_1_Y_164_H_rep5.pdb
-91.042,-1.551,-1302.906,-0.568,-716.422,1.294,450.727,0.042,relaxed_wt_1_Y_187_Q_rep2.pdb
-89.711,-0.219,-1295.57,6.768,-710.686,7.03,449.695,-0.99,relaxed_wt_1_Y_265_G_rep1.pdb
-89.369,0.123,-1301.979,0.359,-717.396,0.32,450.627,-0.058,relaxed_wt_1_Y_134_L_rep4.pdb
-88.239,1.253,-1298.694,3.644,-715.596,2.121,452.635,1.95,relaxed_wt_1_Y_134_S_rep2.pdb
-89.411,0.08,-1297.438,4.9,-712.827,4.89,448.969,-1.716,relaxed_wt_1_Y_134_C_rep4.pdb
-86.88,2.611,-1298.304,4.034,-716.065,1.651,450.37,-0.315,relaxed_wt_1_Y_297_D_rep3.pdb
-86.536,2.955,-1298.389,3.948,-716.494,1.223,449.732,-0.953,relaxed_wt_1_Y_207_A_rep4.pdb
-90.099,-0.608,-1302.842,-0.504,-717.973,-0.256,450.91,0.225,relaxed_wt_1_Y_260_W_rep4.pdb
-88.662,0.829,-1301.99,0.348,-717.8,-0.083,450.937,0.252,relaxed_wt_1_Y_210_R_rep1.pdb
-86.693,2.798,-1300.81,1.528,-719.091,-1.374,451.83,1.145,relaxed_wt_1_Y_242_L_rep5.pdb
-88.647,0.844,-1303.433,-1.095,-719.643,-1.926,451.612,0.927,relaxed_wt_1_Y_162_P_rep3.pdb
-88.771,0.721,-1287.725,14.613,-703.716,14.0,449.895,-0.79,relaxed_wt_1_Y_206_K_rep2.pdb
-88.228,1.263,-1300.015,2.323,-717.573,0.144,450.213,-0.473,relaxed_wt_1_Y_296_H_rep1.pdb
-83.586,5.906,-1296.223,6.115,-717.158,0.559,449.259,-1.426,relaxed_wt_1_Y_262_R_rep3.pdb
-87.63,1.862,-1296.808,5.53,-713.572,4.144,449.464,-1.221,relaxed_wt_1_Y_187_K_rep2.pdb
-87.814,1.678,-1297.404,4.934,-714.446,3.271,451.046,0.361,relaxed_wt_1_Y_264_E_rep5.pdb
-89.259,0.232,-1302.076,0.262,-717.572,0.145,450.359,-0.326,relaxed_wt_1_Y_259_E_rep1.pdb
-88.408,1.083,-1297.984,4.354,-712.21,5.507,450.518,-0.167,relaxed_wt_1_Y_187_H_rep2.pdb
-86.127,3.365,-1291.603,10.735,-709.75,7.966,449.366,-1.319,relaxed_wt_1_Y_205_G_rep3.pdb
-89.161,0.331,-1302.049,0.289,-717.546,0.171,451.732,1.047,relaxed_wt_1_Y_266_Q_rep2.pdb
-89.638,-0.146,-1302.085,0.252,-717.239,0.477,450.664,-0.021,relaxed_wt_1_Y_261_T_rep3.pdb
-87.844,1.647,-1302.275,0.063,-718.799,-1.083,449.069,-1.617,relaxed_wt_1_Y_263_E_rep4.pdb
-86.228,3.264,-1290.321,12.017,-708.783,8.934,451.386,0.701,relaxed_wt_1_Y_271_P_rep3.pdb
-88.499,0.993,-1302.552,-0.214,-719.044,-1.327,451.867,1.182,relaxed_wt_1_Y_298_H_rep1.pdb
-83.121,6.371,-1278.71,23.628,-701.163,16.554,451.759,1.074,relaxed_wt_1_Y_243_W_rep3.pdb
-86.729,2.763,-1309.541,-7.203,-727.729,-10.012,451.087,0.402,relaxed_wt_1_Y_270_I_rep3.pdb
-90.513,-1.021,-1301.405,0.932,-715.693,2.023,451.7,1.015,relaxed_wt_1_Y_267_A_rep1.pdb
-86.668,2.823,-1300.147,2.191,-718.375,-0.658,451.146,0.461,relaxed_wt_1_Y_268_V_rep3.pdb
-86.453,3.039,-1299.102,3.236,-717.142,0.575,449.69,-0.995,relaxed_wt_1_Y_185_T_rep3.pdb
-88.815,0.677,-1299.284,3.054,-715.39,2.326,451.135,0.45,relaxed_wt_1_Y_140_H_rep4.pdb
-89.502,-0.01,-1301.279,1.059,-716.143,1.574,450.681,-0.004,relaxed_wt_1_Y_259_Q_rep1.pdb
-90.028,-0.536,-1300.957,1.381,-715.57,2.147,449.993,-0.692,relaxed_wt_1_Y_139_Q_rep2.pdb
-87.115,2.377,-1300.902,1.436,-718.811,-1.094,451.339,0.654,relaxed_wt_1_Y_263_T_rep2.pdb
-88.864,0.627,-1300.064,2.274,-715.928,1.789,448.128,-2.557,relaxed_wt_1_Y_261_A_rep1.pdb
-90.446,-0.955,-1304.57,-2.232,-719.11,-1.394,451.073,0.388,relaxed_wt_1_Y_244_Q_rep5.pdb
-86.009,3.482,-1296.63,5.708,-716.063,1.654,450.651,-0.034,relaxed_wt_1_Y_209_E_rep5.pdb
-90.518,-1.026,-1299.837,2.501,-714.208,3.509,450.015,-0.67,relaxed_wt_1_Y_133_F_rep4.pdb
-86.517,2.974,-1300.468,1.87,-718.655,-0.939,451.394,0.709,relaxed_wt_1_Y_297_I_rep2.pdb
-89.095,0.397,-1301.926,0.412,-717.534,0.182,450.423,-0.262,relaxed_wt_1_Y_185_P_rep2.pdb
-87.894,1.597,-1298.224,4.114,-715.101,2.615,450.941,0.256,relaxed_wt_1_Y_263_H_rep1.pdb
-85.873,3.618,-1288.306,14.032,-707.539,10.177,451.888,1.203,relaxed_wt_1_Y_206_R_rep5.pdb
-89.149,0.342,-1297.664,4.674,-713.36,4.356,449.418,-1.267,relaxed_wt_1_Y_135_C_rep4.pdb
-87.623,1.868,-1303.575,-1.237,-720.676,-2.959,449.822,-0.863,relaxed_wt_1_Y_187_E_rep1.pdb
-86.288,3.204,-1297.503,4.835,-715.592,2.125,451.104,0.419,relaxed_wt_1_Y_138_H_rep3.pdb
-89.337,0.155,-1304.306,-1.968,-719.469,-1.752,450.426,-0.259,relaxed_wt_1_Y_187_C_rep3.pdb
-85.876,3.616,-1289.003,13.335,-707.09,10.627,451.418,0.733,relaxed_wt_1_Y_206_R_rep3.pdb
-88.35,1.141,-1301.545,0.793,-717.532,0.185,451.153,0.468,relaxed_wt_1_Y_164_S_rep2.pdb
-88.645,0.846,-1302.731,-0.393,-718.277,-0.56,450.446,-0.239,relaxed_wt_1_Y_139_P_rep1.pdb
-87.169,2.322,-1302.095,0.243,-718.514,-0.797,449.327,-1.359,relaxed_wt_1_Y_263_V_rep1.pdb
-87.089,2.403,-1295.736,6.602,-713.472,4.244,450.707,0.022,relaxed_wt_1_Y_205_N_rep5.pdb
-88.976,0.515,-1294.451,7.887,-710.084,7.633,450.891,0.206,relaxed_wt_1_Y_206_Q_rep1.pdb
-89.947,-0.456,-1300.934,1.404,-715.174,2.543,450.776,0.091,relaxed_wt_1_Y_136_L_rep1.pdb
-89.226,0.266,-1295.409,6.929,-710.993,6.723,449.417,-1.268,relaxed_wt_1_Y_260_K_rep2.pdb
-89.3,0.191,-1297.007,5.331,-712.523,5.194,449.625,-1.06,relaxed_wt_1_Y_137_T_rep5.pdb
-87.658,1.834,-1299.611,2.727,-716.776,0.94,449.793,-0.892,relaxed_wt_1_Y_133_R_rep4.pdb
-88.5,0.991,-1299.745,2.593,-715.908,1.809,449.503,-1.182,relaxed_wt_1_Y_133_H_rep1.pdb
-90.596,-1.104,-1301.99,0.348,-715.876,1.841,451.51,0.825,relaxed_wt_1_Y_164_Y_rep5.pdb
-89.825,-0.333,-1301.394,0.944,-716.233,1.483,448.929,-1.756,relaxed_wt_1_Y_261_M_rep1.pdb
-86.97,2.522,-1294.302,8.036,-712.123,5.594,449.011,-1.675,relaxed_wt_1_Y_136_C_rep3.pdb
-89.319,0.173,-1297.965,4.373,-713.42,4.297,449.903,-0.783,relaxed_wt_1_Y_134_C_rep2.pdb
-88.648,0.844,-1298.47,3.868,-714.592,3.124,451.278,0.593,relaxed_wt_1_Y_164_M_rep3.pdb
-85.359,4.132,-1300.176,2.162,-719.234,-1.517,450.88,0.195,relaxed_wt_1_Y_138_I_rep2.pdb
-89.858,-0.366,-1301.852,0.486,-717.009,0.708,451.791,1.106,relaxed_wt_1_Y_164_Y_rep1.pdb
-89.265,0.226,-1299.451,2.887,-714.593,3.123,449.666,-1.02,relaxed_wt_1_Y_265_Q_rep4.pdb
-87.613,1.879,-1303.956,-1.618,-721.327,-3.611,451.216,0.531,relaxed_wt_1_Y_270_V_rep4.pdb
-89.983,-0.492,-1304.131,-1.793,-718.896,-1.179,450.582,-0.103,relaxed_wt_1_Y_267_L_rep3.pdb
-88.639,0.852,-1302.828,-0.49,-718.051,-0.334,449.819,-0.866,relaxed_wt_1_Y_262_L_rep1.pdb
-89.503,-0.012,-1303.254,-0.916,-718.548,-0.831,450.341,-0.344,relaxed_wt_1_Y_271_W_rep3.pdb
-88.813,0.679,-1299.559,2.779,-715.051,2.666,450.657,-0.028,relaxed_wt_1_Y_185_S_rep5.pdb
-86.281,3.211,-1291.052,11.286,-709.18,8.537,449.366,-1.32,relaxed_wt_1_Y_205_G_rep5.pdb
-89.046,0.446,-1301.84,0.498,-717.128,0.589,449.337,-1.348,relaxed_wt_1_Y_244_D_rep2.pdb
-89.536,-0.044,-1300.446,1.892,-716.228,1.488,451.492,0.807,relaxed_wt_1_Y_140_C_rep1.pdb
-88.849,0.642,-1296.282,6.056,-711.953,5.764,450.96,0.275,relaxed_wt_1_Y_260_G_rep1.pdb
-86.12,3.371,-1297.637,4.701,-716.765,0.952,451.563,0.878,relaxed_wt_1_Y_297_R_rep4.pdb
-88.033,1.458,-1299.491,2.847,-716.232,1.484,451.237,0.552,relaxed_wt_1_Y_262_S_rep1.pdb
-90.018,-0.526,-1304.22,-1.882,-718.975,-1.258,450.317,-0.368,relaxed_wt_1_Y_267_L_rep5.pdb
-89.464,0.027,-1302.37,-0.032,-717.732,-0.015,450.391,-0.294,relaxed_wt_1_Y_242_V_rep2.pdb
-86.624,2.867,-1297.962,4.376,-715.998,1.718,451.681,0.996,relaxed_wt_1_Y_242_Q_rep4.pdb
-89.283,0.209,-1302.553,-0.215,-717.888,-0.171,449.246,-1.439,relaxed_wt_1_Y_208_N_rep4.pdb
-88.316,1.175,-1300.553,1.785,-717.043,0.674,450.546,-0.139,relaxed_wt_1_Y_272_L_rep2.pdb
-86.711,2.78,-1297.572,4.766,-714.504,3.213,449.585,-1.1,relaxed_wt_1_Y_140_I_rep5.pdb
-83.138,6.354,-1293.94,8.398,-713.723,3.994,451.414,0.729,relaxed_wt_1_Y_242_H_rep3.pdb
-85.312,4.18,-1297.682,4.656,-716.357,1.359,449.464,-1.221,relaxed_wt_1_Y_207_H_rep1.pdb
-89.134,0.357,-1301.237,1.101,-716.833,0.883,449.525,-1.16,relaxed_wt_1_Y_162_A_rep3.pdb
-90.327,-0.836,-1301.818,0.52,-716.475,1.241,450.963,0.278,relaxed_wt_1_Y_140_V_rep1.pdb
-89.151,0.34,-1298.877,3.461,-714.18,3.537,449.639,-1.046,relaxed_wt_1_Y_206_A_rep5.pdb
-81.796,7.696,-1294.362,7.976,-714.646,3.071,453.966,3.281,relaxed_wt_1_Y_132_H_rep5.pdb
-89.627,-0.135,-1301.55,0.788,-716.7,1.017,448.922,-1.763,relaxed_wt_1_Y_261_T_rep4.pdb
-90.315,-0.823,-1301.832,0.506,-716.506,1.211,450.688,0.003,relaxed_wt_1_Y_140_V_rep4.pdb
-87.396,2.095,-1300.403,1.935,-717.675,0.042,449.76,-0.925,relaxed_wt_1_Y_207_I_rep4.pdb
-89.135,0.357,-1299.283,3.054,-714.757,2.96,451.414,0.729,relaxed_wt_1_Y_264_D_rep4.pdb
-87.905,1.587,-1294.642,7.696,-711.579,6.137,451.011,0.326,relaxed_wt_1_Y_245_C_rep3.pdb
-89.614,-0.123,-1300.417,1.921,-715.469,2.248,450.576,-0.109,relaxed_wt_1_Y_259_R_rep3.pdb
-85.317,4.174,-1292.13,10.208,-710.119,7.597,451.693,1.008,relaxed_wt_1_Y_241_H_rep4.pdb
-87.916,1.576,-1300.954,1.384,-717.735,-0.019,450.455,-0.23,relaxed_wt_1_Y_132_E_rep4.pdb
-87.314,2.177,-1302.113,0.225,-719.523,-1.807,450.904,0.219,relaxed_wt_1_Y_272_T_rep5.pdb
-89.266,0.226,-1302.329,0.009,-717.79,-0.074,449.004,-1.681,relaxed_wt_1_Y_208_L_rep5.pdb
-89.774,-0.283,-1302.092,0.246,-716.956,0.761,450.438,-0.248,relaxed_wt_1_Y_264_W_rep1.pdb
-87.731,1.761,-1303.768,-1.43,-720.782,-3.065,449.508,-1.177,relaxed_wt_1_Y_264_V_rep1.pdb
-91.017,-1.525,-1302.805,-0.467,-717.13,0.587,451.088,0.403,relaxed_wt_1_Y_244_C_rep4.pdb
-90.664,-1.172,-1304.151,-1.813,-718.304,-0.587,449.374,-1.311,relaxed_wt_1_Y_267_Y_rep2.pdb
-89.151,0.341,-1297.473,4.865,-713.164,4.552,450.76,0.075,relaxed_wt_1_Y_136_M_rep3.pdb
-88.289,1.202,-1301.211,1.127,-717.769,-0.052,450.907,0.222,relaxed_wt_1_Y_267_S_rep5.pdb
-89.663,-0.171,-1305.301,-2.963,-719.8,-2.083,449.687,-0.999,relaxed_wt_1_Y_261_R_rep1.pdb
-88.538,0.954,-1308.803,-6.465,-724.605,-6.888,449.567,-1.118,relaxed_wt_1_Y_271_R_rep4.pdb
-88.265,1.226,-1296.099,6.239,-712.405,5.312,450.22,-0.465,relaxed_wt_1_Y_241_M_rep2.pdb
-89.068,0.424,-1303.925,-1.587,-719.621,-1.904,450.732,0.047,relaxed_wt_1_Y_297_L_rep2.pdb
-89.754,-0.262,-1303.369,-1.032,-718.336,-0.619,450.982,0.297,relaxed_wt_1_Y_208_S_rep1.pdb
-88.367,1.125,-1300.572,1.766,-717.083,0.634,449.648,-1.037,relaxed_wt_1_Y_187_D_rep1.pdb
-89.365,0.126,-1301.527,0.811,-717.065,0.652,450.5,-0.185,relaxed_wt_1_Y_210_D_rep5.pdb
-91.592,-2.1,-1303.06,-0.722,-716.183,1.534,452.067,1.382,relaxed_wt_1_Y_244_Y_rep2.pdb
-89.036,0.455,-1298.382,3.956,-714.168,3.549,450.712,0.027,relaxed_wt_1_Y_265_M_rep5.pdb
-89.464,0.028,-1299.149,3.189,-713.944,3.773,449.303,-1.382,relaxed_wt_1_Y_184_R_rep2.pdb
-90.487,-0.995,-1301.184,1.154,-715.879,1.837,449.395,-1.29,relaxed_wt_1_Y_140_C_rep4.pdb
-89.577,-0.086,-1302.691,-0.353,-717.947,-0.23,451.687,1.002,relaxed_wt_1_Y_259_T_rep3.pdb
-89.411,0.081,-1299.675,2.663,-715.378,2.338,449.389,-1.296,relaxed_wt_1_Y_140_E_rep5.pdb
-88.606,0.886,-1307.027,-4.689,-723.241,-5.525,451.017,0.332,relaxed_wt_1_Y_271_C_rep1.pdb
-90.145,-0.653,-1302.886,-0.548,-717.492,0.224,448.847,-1.838,relaxed_wt_1_Y_132_D_rep5.pdb
-89.306,0.185,-1299.867,2.471,-714.77,2.947,449.716,-0.969,relaxed_wt_1_Y_184_H_rep5.pdb
-89.675,-0.184,-1304.677,-2.339,-719.736,-2.019,450.658,-0.027,relaxed_wt_1_Y_298_E_rep4.pdb
-89.441,0.051,-1302.957,-0.62,-718.162,-0.445,449.662,-1.023,relaxed_wt_1_Y_244_N_rep5.pdb
-85.276,4.215,-1293.303,9.035,-712.706,5.011,449.452,-1.233,relaxed_wt_1_Y_136_S_rep4.pdb
-87.339,2.152,-1300.228,2.11,-717.121,0.595,451.51,0.825,relaxed_wt_1_Y_263_F_rep2.pdb
-87.698,1.794,-1300.076,2.262,-717.125,0.592,449.528,-1.157,relaxed_wt_1_Y_207_V_rep3.pdb
-89.562,-0.071,-1296.483,5.855,-711.444,6.273,450.574,-0.111,relaxed_wt_1_Y_187_F_rep5.pdb
-88.767,0.725,-1292.048,10.289,-707.663,10.054,450.504,-0.182,relaxed_wt_1_Y_241_P_rep2.pdb
-89.756,-0.264,-1300.054,2.284,-715.063,2.654,451.241,0.556,relaxed_wt_1_Y_261_N_rep5.pdb
-84.825,4.667,-1294.906,7.432,-715.178,2.539,450.789,0.104,relaxed_wt_1_Y_136_E_rep5.pdb
-87.454,2.037,-1300.235,2.103,-716.558,1.158,451.63,0.945,relaxed_wt_1_Y_163_P_rep5.pdb
-88.293,1.199,-1298.205,4.133,-714.763,2.954,450.717,0.032,relaxed_wt_1_Y_205_H_rep5.pdb
-87.222,2.27,-1300.495,1.843,-718.249,-0.532,449.326,-1.359,relaxed_wt_1_Y_296_E_rep3.pdb
-84.847,4.645,-1291.258,11.08,-710.796,6.921,451.609,0.924,relaxed_wt_1_Y_271_P_rep2.pdb
-87.993,1.498,-1300.504,1.834,-717.291,0.426,449.498,-1.187,relaxed_wt_1_Y_133_N_rep4.pdb
-88.553,0.938,-1300.093,2.245,-716.421,1.296,450.677,-0.008,relaxed_wt_1_Y_296_A_rep5.pdb
-89.278,0.214,-1299.936,2.402,-715.42,2.297,449.75,-0.935,relaxed_wt_1_Y_137_Q_rep4.pdb
-86.454,3.037,-1300.123,2.215,-718.318,-0.602,450.444,-0.241,relaxed_wt_1_Y_272_A_rep4.pdb
-89.329,0.163,-1302.283,0.055,-717.73,-0.013,450.625,-0.06,relaxed_wt_1_Y_207_Y_rep5.pdb
-88.994,0.498,-1306.881,-4.543,-722.634,-4.917,450.666,-0.019,relaxed_wt_1_Y_271_N_rep4.pdb
-87.057,2.434,-1299.806,2.532,-717.498,0.219,450.723,0.038,relaxed_wt_1_Y_241_Q_rep2.pdb
-85.242,4.25,-1299.473,2.865,-718.539,-0.822,450.371,-0.314,relaxed_wt_1_Y_209_Q_rep4.pdb
-92.877,-3.386,-1299.342,2.995,-710.696,7.021,451.074,0.389,relaxed_wt_1_Y_186_M_rep4.pdb
-89.378,0.113,-1303.274,-0.936,-719.123,-1.406,450.47,-0.215,relaxed_wt_1_Y_244_V_rep4.pdb
-88.997,0.495,-1299.725,2.613,-715.291,2.425,450.35,-0.335,relaxed_wt_1_Y_164_C_rep5.pdb
-89.191,0.3,-1303.467,-1.129,-718.378,-0.661,450.984,0.299,relaxed_wt_1_Y_208_Y_rep4.pdb
-89.068,0.424,-1301.598,0.74,-717.236,0.481,450.64,-0.045,relaxed_wt_1_Y_210_K_rep2.pdb
-86.519,2.973,-1296.405,5.933,-714.604,3.113,451.488,0.803,relaxed_wt_1_Y_297_P_rep5.pdb
-90.15,-0.659,-1301.317,1.021,-716.036,1.681,451.678,0.993,relaxed_wt_1_Y_261_L_rep5.pdb
-88.618,0.874,-1296.704,5.634,-712.593,5.124,449.66,-1.025,relaxed_wt_1_Y_162_W_rep1.pdb
-89.609,-0.117,-1301.578,0.76,-716.419,1.298,449.822,-0.863,relaxed_wt_1_Y_164_Y_rep2.pdb
-89.441,0.051,-1302.523,-0.185,-717.867,-0.15,450.648,-0.037,relaxed_wt_1_Y_210_Q_rep1.pdb
-90.613,-1.121,-1300.375,1.963,-714.629,3.087,450.414,-0.271,relaxed_wt_1_Y_139_H_rep1.pdb
-89.003,0.489,-1300.49,1.848,-716.386,1.331,450.498,-0.187,relaxed_wt_1_Y_207_L_rep1.pdb
-89.628,-0.136,-1300.866,1.472,-715.889,1.828,449.724,-0.962,relaxed_wt_1_Y_267_I_rep3.pdb
-86.431,3.061,-1294.682,7.656,-713.079,4.638,450.297,-0.388,relaxed_wt_1_Y_297_E_rep2.pdb
-88.43,1.061,-1300.381,1.956,-716.905,0.812,449.865,-0.82,relaxed_wt_1_Y_164_F_rep4.pdb
-86.591,2.901,-1299.073,3.265,-717.29,0.427,449.35,-1.336,relaxed_wt_1_Y_133_S_rep2.pdb
-88.722,0.77,-1300.408,1.93,-716.888,0.828,450.947,0.262,relaxed_wt_1_Y_132_L_rep2.pdb
-89.32,0.171,-1298.718,3.62,-714.28,3.437,450.731,0.046,relaxed_wt_1_Y_135_M_rep2.pdb
-87.476,2.015,-1300.028,2.31,-718.152,-0.435,452.549,1.864,relaxed_wt_1_Y_244_Y_rep3.pdb
-89.246,0.245,-1298.39,3.948,-713.954,3.763,450.417,-0.268,relaxed_wt_1_Y_265_M_rep2.pdb
-84.851,4.641,-1292.373,9.965,-712.205,5.511,451.042,0.357,relaxed_wt_1_Y_241_P_rep4.pdb
-88.594,0.897,-1300.05,2.288,-716.221,1.496,450.412,-0.273,relaxed_wt_1_Y_242_T_rep1.pdb
-88.877,0.614,-1299.3,3.038,-715.177,2.54,451.948,1.263,relaxed_wt_1_Y_210_G_rep1.pdb
-88.152,1.339,-1300.902,1.436,-717.823,-0.106,452.154,1.469,relaxed_wt_1_Y_210_K_rep1.pdb
-86.182,3.31,-1299.606,2.732,-716.758,0.959,450.941,0.256,relaxed_wt_1_Y_262_N_rep3.pdb
-89.158,0.334,-1296.083,6.255,-711.701,6.016,450.623,-0.062,relaxed_wt_1_Y_137_R_rep3.pdb
-88.238,1.253,-1300.067,2.271,-716.396,1.321,449.322,-1.363,relaxed_wt_1_Y_134_I_rep5.pdb
-81.461,8.031,-1298.386,3.951,-717.013,0.704,450.24,-0.445,relaxed_wt_1_Y_262_Q_rep3.pdb
-85.803,3.689,-1296.754,5.584,-715.404,2.313,450.055,-0.63,relaxed_wt_1_Y_263_P_rep3.pdb
-89.955,-0.463,-1301.653,0.685,-716.404,1.313,449.975,-0.71,relaxed_wt_1_Y_184_Q_rep3.pdb
-87.258,2.234,-1298.777,3.561,-717.088,0.629,451.414,0.729,relaxed_wt_1_Y_296_K_rep2.pdb
-82.365,7.127,-1279.119,23.219,-700.74,16.977,450.826,0.141,relaxed_wt_1_Y_136_P_rep5.pdb
-86.957,2.534,-1299.455,2.883,-717.142,0.574,449.9,-0.785,relaxed_wt_1_Y_163_T_rep3.pdb
-89.313,0.179,-1303.207,-0.869,-718.031,-0.314,448.85,-1.835,relaxed_wt_1_Y_297_V_rep5.pdb
-88.567,0.925,-1300.209,2.128,-716.417,1.3,450.633,-0.052,relaxed_wt_1_Y_245_W_rep4.pdb
-88.556,0.935,-1309.54,-7.203,-725.736,-8.02,450.512,-0.173,relaxed_wt_1_Y_298_S_rep4.pdb
-82.603,6.888,-1295.98,6.358,-718.945,-1.228,452.789,2.104,relaxed_wt_1_Y_209_H_rep4.pdb
-88.917,0.575,-1299.638,2.7,-715.561,2.156,450.187,-0.498,relaxed_wt_1_Y_270_M_rep4.pdb
-89.659,-0.168,-1301.694,0.644,-716.966,0.751,449.702,-0.983,relaxed_wt_1_Y_210_D_rep2.pdb
-86.278,3.213,-1299.074,3.264,-718.087,-0.37,451.549,0.864,relaxed_wt_1_Y_242_N_rep1.pdb
-89.328,0.164,-1301.05,1.288,-716.254,1.463,451.076,0.391,relaxed_wt_1_Y_262_A_rep3.pdb
-94.291,-4.8,-1298.161,4.177,-707.625,10.091,449.774,-0.911,relaxed_wt_1_Y_186_W_rep2.pdb
-89.279,0.212,-1301.878,0.46,-717.479,0.238,449.692,-0.993,relaxed_wt_1_Y_266_I_rep3.pdb
-89.384,0.107,-1301.441,0.897,-716.877,0.84,449.373,-1.312,relaxed_wt_1_Y_266_L_rep5.pdb
-89.212,0.279,-1296.285,6.053,-711.917,5.8,449.952,-0.733,relaxed_wt_1_Y_137_C_rep2.pdb
-89.086,0.405,-1302.363,-0.025,-718.058,-0.341,449.377,-1.309,relaxed_wt_1_Y_243_I_rep4.pdb
-89.682,-0.191,-1304.057,-1.719,-719.216,-1.499,451.197,0.512,relaxed_wt_1_Y_259_I_rep4.pdb
-88.48,1.012,-1298.148,4.19,-712.854,4.863,450.674,-0.011,relaxed_wt_1_Y_187_H_rep1.pdb
-86.544,2.947,-1298.338,4.0,-716.431,1.286,450.628,-0.057,relaxed_wt_1_Y_207_A_rep5.pdb
-89.214,0.278,-1302.309,0.029,-717.756,-0.039,449.338,-1.347,relaxed_wt_1_Y_185_P_rep1.pdb
-89.221,0.271,-1290.918,11.42,-706.554,11.163,449.811,-0.874,relaxed_wt_1_Y_241_V_rep5.pdb
-89.289,0.203,-1301.507,0.831,-717.074,0.642,450.657,-0.028,relaxed_wt_1_Y_136_F_rep4.pdb
-83.524,5.968,-1297.66,4.677,-717.114,0.603,449.27,-1.415,relaxed_wt_1_Y_262_Y_rep4.pdb
-81.67,7.821,-1293.88,8.458,-715.365,2.352,450.104,-0.581,relaxed_wt_1_Y_138_K_rep1.pdb
-83.608,5.884,-1291.106,11.232,-712.491,5.226,454.993,4.308,relaxed_wt_1_Y_241_F_rep3.pdb
-88.31,1.182,-1298.571,3.767,-714.72,2.997,449.659,-1.026,relaxed_wt_1_Y_260_T_rep4.pdb
-89.479,0.012,-1301.062,1.276,-716.406,1.311,449.39,-1.295,relaxed_wt_1_Y_134_Y_rep1.pdb
-87.772,1.719,-1301.73,0.608,-718.501,-0.784,450.443,-0.242,relaxed_wt_1_Y_297_N_rep1.pdb
-88.837,0.655,-1296.65,5.687,-712.343,5.373,450.643,-0.042,relaxed_wt_1_Y_137_W_rep2.pdb
-88.133,1.358,-1298.963,3.375,-715.052,2.664,451.153,0.468,relaxed_wt_1_Y_164_A_rep2.pdb
-89.751,-0.26,-1305.483,-3.145,-720.868,-3.151,450.213,-0.472,relaxed_wt_1_Y_244_H_rep5.pdb
-89.849,-0.357,-1299.13,3.208,-713.981,3.736,450.635,-0.05,relaxed_wt_1_Y_265_D_rep4.pdb
-85.25,4.242,-1292.959,9.379,-712.518,5.199,451.119,0.434,relaxed_wt_1_Y_262_W_rep2.pdb
-90.588,-1.097,-1301.288,1.05,-715.97,1.747,449.881,-0.804,relaxed_wt_1_Y_296_T_rep5.pdb
-89.156,0.336,-1303.87,-1.532,-719.762,-2.045,450.728,0.043,relaxed_wt_1_Y_298_I_rep1.pdb
-87.97,1.521,-1302.148,0.19,-718.907,-1.19,448.952,-1.733,relaxed_wt_1_Y_297_A_rep2.pdb
-89.431,0.06,-1301.739,0.599,-717.111,0.606,450.41,-0.275,relaxed_wt_1_Y_259_E_rep3.pdb
-88.055,1.436,-1293.911,8.427,-710.702,7.015,450.736,0.051,relaxed_wt_1_Y_245_A_rep2.pdb
-84.059,5.433,-1297.079,5.259,-715.658,2.058,451.66,0.974,relaxed_wt_1_Y_140_K_rep4.pdb
-88.611,0.881,-1301.241,1.097,-718.41,-0.693,450.699,0.014,relaxed_wt_1_Y_296_Q_rep1.pdb
-88.169,1.323,-1302.29,0.048,-719.143,-1.426,451.87,1.185,relaxed_wt_1_Y_298_R_rep2.pdb
-89.479,0.012,-1301.145,1.193,-716.301,1.416,451.128,0.443,relaxed_wt_1_Y_208_C_rep4.pdb
-87.313,2.178,-1296.886,5.451,-714.42,3.297,449.347,-1.338,relaxed_wt_1_Y_297_G_rep3.pdb
-89.011,0.48,-1294.846,7.492,-710.607,7.109,451.019,0.334,relaxed_wt_1_Y_135_G_rep2.pdb
-89.057,0.435,-1305.478,-3.14,-721.275,-3.559,449.68,-1.005,relaxed_wt_1_Y_271_D_rep2.pdb
-89.044,0.447,-1302.057,0.281,-717.917,-0.2,450.574,-0.111,relaxed_wt_1_Y_187_S_rep5.pdb
-89.535,-0.044,-1296.365,5.973,-711.54,6.177,449.662,-1.023,relaxed_wt_1_Y_206_D_rep2.pdb
-85.507,3.985,-1296.386,5.952,-715.615,2.102,450.054,-0.631,relaxed_wt_1_Y_185_L_rep5.pdb
-89.568,-0.077,-1303.067,-0.729,-718.28,-0.563,450.702,0.017,relaxed_wt_1_Y_186_T_rep5.pdb
-82.419,7.072,-1279.098,23.24,-700.673,17.044,449.491,-1.194,relaxed_wt_1_Y_136_P_rep2.pdb
-88.534,0.957,-1307.627,-5.289,-723.828,-6.111,449.511,-1.174,relaxed_wt_1_Y_271_Q_rep4.pdb
-88.257,1.234,-1295.718,6.62,-712.722,4.995,452.127,1.442,relaxed_wt_1_Y_137_M_rep4.pdb
-87.756,1.735,-1300.458,1.88,-717.45,0.266,450.385,-0.3,relaxed_wt_1_Y_263_L_rep2.pdb
-89.023,0.468,-1303.247,-0.909,-718.787,-1.07,450.019,-0.666,relaxed_wt_1_Y_266_A_rep4.pdb
-88.912,0.579,-1299.825,2.513,-715.711,2.005,450.368,-0.317,relaxed_wt_1_Y_270_M_rep3.pdb
-89.357,0.134,-1302.333,0.005,-717.774,-0.057,450.653,-0.032,relaxed_wt_1_Y_133_E_rep4.pdb
-87.451,2.04,-1295.14,7.198,-711.89,5.827,449.224,-1.461,relaxed_wt_1_Y_205_R_rep5.pdb
-89.458,0.033,-1299.886,2.452,-715.176,2.541,450.635,-0.051,relaxed_wt_1_Y_210_E_rep3.pdb
-88.295,1.197,-1299.654,2.683,-715.512,2.205,450.894,0.209,relaxed_wt_1_Y_260_Q_rep5.pdb
-87.706,1.785,-1300.482,1.856,-717.547,0.169,449.794,-0.891,relaxed_wt_1_Y_133_K_rep1.pdb
-89.772,-0.28,-1299.621,2.717,-714.632,3.085,449.408,-1.277,relaxed_wt_1_Y_137_N_rep1.pdb
-89.14,0.351,-1297.832,4.505,-713.493,4.224,451.672,0.987,relaxed_wt_1_Y_135_N_rep3.pdb
-88.455,1.036,-1297.536,4.802,-713.803,3.914,448.904,-1.781,relaxed_wt_1_Y_260_T_rep5.pdb
-89.424,0.067,-1301.595,0.743,-717.054,0.663,451.064,0.378,relaxed_wt_1_Y_210_D_rep4.pdb
-89.883,-0.392,-1300.83,1.508,-715.443,2.273,451.057,0.372,relaxed_wt_1_Y_139_K_rep3.pdb
-90.011,-0.519,-1302.05,0.288,-716.558,1.159,450.997,0.312,relaxed_wt_1_Y_261_I_rep1.pdb
-87.756,1.736,-1303.675,-1.337,-720.709,-2.992,449.653,-1.032,relaxed_wt_1_Y_264_V_rep5.pdb
-87.845,1.647,-1298.021,4.317,-715.288,2.428,451.833,1.148,relaxed_wt_1_Y_140_I_rep4.pdb
-85.262,4.23,-1298.836,3.502,-718.284,-0.567,450.65,-0.035,relaxed_wt_1_Y_138_L_rep2.pdb
-89.331,0.16,-1300.961,1.377,-716.397,1.32,450.701,0.016,relaxed_wt_1_Y_259_M_rep5.pdb
-88.879,0.612,-1298.205,4.133,-714.141,3.576,450.501,-0.184,relaxed_wt_1_Y_135_K_rep5.pdb
-82.548,6.944,-1293.753,8.584,-717.177,0.54,454.446,3.761,relaxed_wt_1_Y_209_W_rep4.pdb
-86.6,2.892,-1294.662,7.676,-712.839,4.878,450.357,-0.328,relaxed_wt_1_Y_205_D_rep4.pdb
-86.767,2.725,-1301.453,0.885,-719.784,-2.067,451.044,0.358,relaxed_wt_1_Y_264_T_rep2.pdb
-89.444,0.048,-1302.354,-0.016,-717.721,-0.004,449.972,-0.713,relaxed_wt_1_Y_209_L_rep4.pdb
-91.609,-2.117,-1297.179,5.159,-710.341,7.375,449.772,-0.913,relaxed_wt_1_Y_187_Y_rep1.pdb
-82.261,7.231,-1291.595,10.743,-713.862,3.855,450.645,-0.04,relaxed_wt_1_Y_138_G_rep1.pdb
-81.686,7.805,-1296.524,5.814,-719.554,-1.837,450.597,-0.088,relaxed_wt_1_Y_262_P_rep1.pdb
-89.203,0.288,-1302.848,-0.51,-718.17,-0.454,450.984,0.299,relaxed_wt_1_Y_261_V_rep4.pdb
-87.577,1.914,-1298.793,3.545,-715.073,2.644,452.381,1.696,relaxed_wt_1_Y_163_F_rep1.pdb
-90.146,-0.655,-1305.919,-3.581,-721.111,-3.394,449.839,-0.846,relaxed_wt_1_Y_244_R_rep3.pdb
-89.475,0.016,-1301.886,0.452,-717.224,0.493,450.684,-0.001,relaxed_wt_1_Y_245_F_rep2.pdb
-89.066,0.425,-1294.474,7.864,-710.193,7.524,449.957,-0.728,relaxed_wt_1_Y_137_W_rep4.pdb
-89.474,0.018,-1302.946,-0.608,-718.093,-0.377,451.014,0.329,relaxed_wt_1_Y_244_N_rep4.pdb
-87.664,1.828,-1291.442,10.896,-708.68,9.037,449.474,-1.211,relaxed_wt_1_Y_245_E_rep3.pdb
-89.202,0.29,-1300.447,1.891,-716.003,1.714,448.85,-1.835,relaxed_wt_1_Y_162_C_rep3.pdb
-86.825,2.667,-1299.3,3.038,-717.15,0.567,450.396,-0.289,relaxed_wt_1_Y_163_A_rep3.pdb
-89.663,-0.171,-1302.88,-0.542,-717.885,-0.168,450.107,-0.578,relaxed_wt_1_Y_208_Q_rep2.pdb
-88.494,0.998,-1299.079,3.259,-715.245,2.472,451.421,0.736,relaxed_wt_1_Y_162_Y_rep3.pdb
-89.335,0.156,-1302.399,-0.062,-717.851,-0.134,450.642,-0.043,relaxed_wt_1_Y_241_E_rep5.pdb
-83.102,6.39,-1296.751,5.587,-717.471,0.245,448.347,-2.338,relaxed_wt_1_Y_138_T_rep1.pdb
-86.227,3.265,-1299.679,2.658,-717.772,-0.055,450.662,-0.023,relaxed_wt_1_Y_207_Q_rep5.pdb
-79.507,9.985,-1287.607,14.731,-713.544,4.172,452.458,1.773,relaxed_wt_1_Y_206_W_rep5.pdb
-88.475,1.016,-1300.454,1.884,-715.876,1.841,448.797,-1.888,relaxed_wt_1_Y_186_Q_rep1.pdb
-89.686,-0.194,-1281.684,20.654,-697.131,20.586,452.82,2.135,relaxed_wt_1_Y_266_P_rep3.pdb
-88.832,0.66,-1298.603,3.735,-714.485,3.232,450.643,-0.042,relaxed_wt_1_Y_210_G_rep2.pdb
-81.689,7.803,-1288.308,14.03,-711.253,6.464,455.978,5.293,relaxed_wt_1_Y_241_W_rep5.pdb
-88.8,0.692,-1299.591,2.747,-715.283,2.433,451.194,0.509,relaxed_wt_1_Y_132_V_rep4.pdb
-88.674,0.818,-1301.077,1.261,-717.736,-0.019,450.675,-0.01,relaxed_wt_1_Y_259_K_rep4.pdb
-86.4,3.091,-1297.756,4.582,-715.775,1.941,451.397,0.712,relaxed_wt_1_Y_138_H_rep2.pdb
-85.707,3.785,-1294.329,8.009,-713.347,4.37,448.162,-2.523,relaxed_wt_1_Y_136_A_rep5.pdb
-84.036,5.456,-1297.091,5.247,-715.685,2.032,450.929,0.244,relaxed_wt_1_Y_140_K_rep3.pdb
-87.292,2.2,-1301.779,0.558,-719.223,-1.507,449.685,-1.001,relaxed_wt_1_Y_209_M_rep1.pdb
-87.754,1.737,-1300.858,1.48,-717.924,-0.208,450.366,-0.319,relaxed_wt_1_Y_297_S_rep5.pdb
-88.446,1.046,-1298.987,3.351,-715.08,2.637,450.962,0.277,relaxed_wt_1_Y_243_S_rep4.pdb
-87.805,1.687,-1297.043,5.295,-713.652,4.064,450.311,-0.374,relaxed_wt_1_Y_243_E_rep3.pdb
-88.786,0.706,-1287.483,14.855,-703.294,14.423,449.835,-0.85,relaxed_wt_1_Y_164_P_rep1.pdb
-89.266,0.225,-1301.554,0.784,-717.068,0.648,450.645,-0.04,relaxed_wt_1_Y_298_A_rep4.pdb
-87.501,1.991,-1300.132,2.206,-717.492,0.225,449.21,-1.475,relaxed_wt_1_Y_242_N_rep3.pdb
-88.747,0.745,-1305.063,-2.725,-720.813,-3.096,451.021,0.336,relaxed_wt_1_Y_298_L_rep3.pdb
-87.689,1.802,-1301.972,0.366,-719.003,-1.286,450.517,-0.168,relaxed_wt_1_Y_268_S_rep4.pdb
-87.894,1.597,-1298.224,4.114,-715.101,2.615,450.941,0.256,relaxed_wt_1_Y_263_H_rep2.pdb
-84.3,5.192,-1296.881,5.457,-718.506,-0.789,454.612,3.927,relaxed_wt_1_Y_209_F_rep4.pdb
-87.948,1.544,-1295.173,7.164,-712.556,5.161,451.621,0.936,relaxed_wt_1_Y_260_G_rep3.pdb
-89.5,-0.008,-1303.742,-1.404,-718.479,-0.762,450.915,0.23,relaxed_wt_1_Y_139_P_rep3.pdb
-87.815,1.677,-1299.79,2.548,-716.032,1.685,449.724,-0.961,relaxed_wt_1_Y_272_T_rep2.pdb
-85.212,4.28,-1280.74,21.598,-700.217,17.499,450.882,0.197,relaxed_wt_1_Y_242_P_rep5.pdb
-85.359,4.133,-1296.552,5.786,-716.188,1.528,451.209,0.524,relaxed_wt_1_Y_297_E_rep1.pdb
-81.598,7.894,-1296.302,6.036,-719.401,-1.684,451.895,1.21,relaxed_wt_1_Y_262_P_rep2.pdb
-74.134,15.358,-1279.991,22.347,-711.314,6.403,451.16,0.475,relaxed_wt_1_Y_185_F_rep3.pdb
-89.388,0.104,-1293.947,8.391,-708.82,8.897,451.525,0.84,relaxed_wt_1_Y_206_E_rep4.pdb
-90.157,-0.665,-1293.691,8.647,-708.677,9.039,450.815,0.13,relaxed_wt_1_Y_245_G_rep2.pdb
-88.476,1.016,-1300.202,2.136,-716.425,1.291,449.527,-1.158,relaxed_wt_1_Y_209_N_rep5.pdb
-90.543,-1.052,-1304.708,-2.37,-718.068,-0.351,449.75,-0.935,relaxed_wt_1_Y_244_L_rep4.pdb
-87.964,1.527,-1299.747,2.591,-716.462,1.254,450.63,-0.056,relaxed_wt_1_Y_264_S_rep3.pdb
-88.199,1.293,-1293.359,8.979,-709.553,8.163,449.559,-1.126,relaxed_wt_1_Y_243_Y_rep2.pdb
-89.412,0.08,-1302.304,0.034,-717.708,0.009,450.367,-0.318,relaxed_wt_1_Y_210_Q_rep4.pdb
-89.026,0.466,-1296.414,5.924,-712.209,5.508,450.655,-0.03,relaxed_wt_1_Y_245_H_rep4.pdb
-89.097,0.395,-1301.378,0.96,-717.022,0.695,450.712,0.027,relaxed_wt_1_Y_264_H_rep4.pdb
-85.815,3.676,-1298.093,4.245,-716.656,1.061,450.764,0.079,relaxed_wt_1_Y_270_R_rep4.pdb
-88.983,0.508,-1304.032,-1.694,-719.131,-1.415,452.321,1.636,relaxed_wt_1_Y_136_Y_rep2.pdb
-89.795,-0.303,-1302.074,0.264,-716.515,1.201,451.229,0.544,relaxed_wt_1_Y_261_M_rep4.pdb
-87.109,2.383,-1301.158,1.18,-717.355,0.362,449.509,-1.176,relaxed_wt_1_Y_263_R_rep2.pdb
-89.209,0.282,-1304.196,-1.858,-720.205,-2.488,451.52,0.835,relaxed_wt_1_Y_187_I_rep3.pdb
-89.253,0.238,-1304.18,-1.842,-719.735,-2.018,450.354,-0.331,relaxed_wt_1_Y_266_V_rep1.pdb
-87.496,1.996,-1298.908,3.43,-716.369,1.348,450.994,0.309,relaxed_wt_1_Y_272_P_rep5.pdb
-87.509,1.983,-1301.764,0.574,-719.166,-1.449,450.347,-0.338,relaxed_wt_1_Y_296_D_rep3.pdb
-88.825,0.666,-1298.414,3.924,-714.381,3.336,450.497,-0.188,relaxed_wt_1_Y_184_P_rep5.pdb
-88.543,0.948,-1300.011,2.327,-716.187,1.53,450.284,-0.401,relaxed_wt_1_Y_245_W_rep2.pdb
-89.161,0.331,-1301.528,0.81,-717.169,0.548,450.647,-0.038,relaxed_wt_1_Y_266_I_rep4.pdb
-88.8,0.692,-1296.941,5.397,-712.541,5.175,450.554,-0.131,relaxed_wt_1_Y_134_G_rep1.pdb
-85.682,3.81,-1293.689,8.649,-711.411,6.306,450.548,-0.137,relaxed_wt_1_Y_263_W_rep5.pdb
-89.624,-0.132,-1298.69,3.648,-713.839,3.877,450.599,-0.086,relaxed_wt_1_Y_265_K_rep4.pdb
-89.491,0.001,-1298.282,4.056,-713.53,4.187,451.642,0.957,relaxed_wt_1_Y_137_D_rep4.pdb
-89.276,0.215,-1302.686,-0.348,-718.211,-0.494,450.721,0.036,relaxed_wt_1_Y_266_S_rep3.pdb
-89.424,0.068,-1299.362,2.976,-714.881,2.836,451.722,1.037,relaxed_wt_1_Y_133_Y_rep2.pdb
-85.275,4.216,-1296.666,5.672,-716.266,1.451,449.492,-1.193,relaxed_wt_1_Y_163_F_rep2.pdb
-86.221,3.271,-1294.35,7.988,-712.433,5.284,450.046,-0.639,relaxed_wt_1_Y_136_R_rep4.pdb
-88.88,0.611,-1303.555,-1.217,-719.583,-1.866,449.351,-1.334,relaxed_wt_1_Y_140_P_rep5.pdb
-87.978,1.514,-1297.668,4.67,-714.479,3.238,449.627,-1.058,relaxed_wt_1_Y_260_N_rep5.pdb
-89.005,0.486,-1298.795,3.543,-714.545,3.171,450.006,-0.679,relaxed_wt_1_Y_139_F_rep1.pdb
-89.234,0.257,-1293.512,8.826,-708.752,8.965,449.481,-1.204,relaxed_wt_1_Y_206_E_rep3.pdb
-88.135,1.357,-1297.134,5.203,-712.939,4.777,450.537,-0.148,relaxed_wt_1_Y_185_V_rep5.pdb
-86.598,2.894,-1300.771,1.567,-719.589,-1.872,451.451,0.766,relaxed_wt_1_Y_140_F_rep3.pdb
-88.788,0.704,-1299.731,2.607,-715.779,1.937,449.532,-1.153,relaxed_wt_1_Y_133_V_rep4.pdb
-89.396,0.095,-1299.475,2.863,-714.892,2.824,448.995,-1.69,relaxed_wt_1_Y_134_A_rep5.pdb
-89.363,0.129,-1298.088,4.25,-713.515,4.202,451.696,1.011,relaxed_wt_1_Y_135_T_rep3.pdb
-88.046,1.445,-1292.056,10.282,-708.847,8.87,452.233,1.548,relaxed_wt_1_Y_241_I_rep5.pdb
-89.298,0.194,-1301.611,0.727,-717.117,0.6,450.41,-0.275,relaxed_wt_1_Y_266_W_rep4.pdb
-85.953,3.538,-1293.386,8.952,-711.955,5.762,449.937,-0.748,relaxed_wt_1_Y_207_G_rep4.pdb
-83.568,5.923,-1280.471,21.867,-701.692,16.024,450.768,0.083,relaxed_wt_1_Y_298_P_rep4.pdb
-88.333,1.159,-1276.973,25.365,-693.648,24.069,450.448,-0.237,relaxed_wt_1_Y_134_P_rep2.pdb
-89.603,-0.111,-1305.283,-2.945,-720.726,-3.01,451.139,0.454,relaxed_wt_1_Y_244_S_rep3.pdb
-89.277,0.214,-1295.548,6.79,-710.929,6.788,451.824,1.139,relaxed_wt_1_Y_206_Q_rep3.pdb
-85.567,3.925,-1298.455,3.882,-714.536,3.18,449.619,-1.066,relaxed_wt_1_Y_262_N_rep5.pdb
-89.488,0.004,-1300.352,1.986,-715.598,2.118,448.277,-2.408,relaxed_wt_1_Y_187_N_rep2.pdb
-89.242,0.25,-1304.328,-1.99,-719.905,-2.189,450.706,0.021,relaxed_wt_1_Y_271_I_rep4.pdb
-87.473,2.018,-1298.377,3.961,-715.625,2.092,449.516,-1.169,relaxed_wt_1_Y_270_Q_rep1.pdb
-88.019,1.473,-1297.951,4.387,-714.674,3.043,450.509,-0.176,relaxed_wt_1_Y_272_A_rep2.pdb
-87.088,2.404,-1301.588,0.75,-718.775,-1.058,449.614,-1.071,relaxed_wt_1_Y_268_T_rep5.pdb
-89.209,0.283,-1295.904,6.434,-711.318,6.399,449.308,-1.378,relaxed_wt_1_Y_265_C_rep3.pdb
-88.578,0.914,-1301.701,0.637,-718.399,-0.682,451.668,0.983,relaxed_wt_1_Y_185_D_rep2.pdb
-87.009,2.483,-1298.225,4.113,-716.138,1.578,449.707,-0.978,relaxed_wt_1_Y_163_M_rep3.pdb
-87.149,2.343,-1297.16,5.177,-714.658,3.059,450.633,-0.052,relaxed_wt_1_Y_272_Q_rep3.pdb
-89.411,0.081,-1298.68,3.658,-714.144,3.573,449.397,-1.288,relaxed_wt_1_Y_134_V_rep3.pdb
-87.784,1.707,-1293.07,9.268,-709.957,7.76,450.899,0.214,relaxed_wt_1_Y_241_G_rep1.pdb
-89.171,0.321,-1297.678,4.66,-713.376,4.341,449.426,-1.259,relaxed_wt_1_Y_135_C_rep1.pdb
-87.415,2.077,-1296.581,5.757,-713.757,3.96,449.625,-1.06,relaxed_wt_1_Y_163_V_rep3.pdb
-86.279,3.212,-1299.517,2.821,-718.634,-0.918,451.437,0.752,relaxed_wt_1_Y_209_S_rep3.pdb
-87.587,1.905,-1296.001,6.337,-712.94,4.777,449.818,-0.867,relaxed_wt_1_Y_186_E_rep1.pdb
-89.068,0.424,-1299.392,2.946,-714.74,2.977,450.719,0.034,relaxed_wt_1_Y_186_G_rep2.pdb
-90.04,-0.548,-1305.462,-3.124,-719.879,-2.162,449.119,-1.566,relaxed_wt_1_Y_187_I_rep2.pdb
-83.353,6.139,-1299.34,2.998,-720.376,-2.659,449.406,-1.279,relaxed_wt_1_Y_262_Y_rep3.pdb
-84.911,4.58,-1293.947,8.391,-714.381,3.336,450.374,-0.311,relaxed_wt_1_Y_185_W_rep2.pdb
-89.06,0.432,-1295.233,7.105,-710.958,6.758,450.99,0.305,relaxed_wt_1_Y_135_G_rep4.pdb
-89.464,0.028,-1298.93,3.408,-714.164,3.552,449.3,-1.385,relaxed_wt_1_Y_137_Y_rep2.pdb
-88.454,1.037,-1299.121,3.217,-715.376,2.341,449.516,-1.169,relaxed_wt_1_Y_264_M_rep2.pdb
-83.434,6.057,-1303.057,-0.719,-723.667,-5.951,449.895,-0.79,relaxed_wt_1_Y_297_H_rep5.pdb
-87.977,1.515,-1313.021,-10.683,-729.412,-11.695,451.336,0.651,relaxed_wt_1_Y_298_T_rep5.pdb
-89.102,0.389,-1299.356,2.982,-714.885,2.832,451.484,0.799,relaxed_wt_1_Y_264_D_rep2.pdb
-86.869,2.623,-1299.026,3.312,-716.662,1.055,450.652,-0.034,relaxed_wt_1_Y_138_M_rep5.pdb
-88.099,1.392,-1297.38,4.958,-713.599,4.118,450.722,0.037,relaxed_wt_1_Y_132_I_rep1.pdb
-87.693,1.798,-1300.302,2.036,-717.308,0.409,450.389,-0.296,relaxed_wt_1_Y_263_L_rep4.pdb
-89.414,0.077,-1303.399,-1.061,-718.355,-0.638,449.368,-1.317,relaxed_wt_1_Y_267_T_rep2.pdb
-85.35,4.141,-1306.873,-4.535,-725.935,-8.218,451.887,1.202,relaxed_wt_1_Y_270_K_rep2.pdb
-86.789,2.702,-1298.342,3.996,-716.496,1.221,451.248,0.563,relaxed_wt_1_Y_140_L_rep5.pdb
-86.672,2.819,-1301.186,1.152,-719.759,-2.042,449.811,-0.874,relaxed_wt_1_Y_268_S_rep5.pdb
-85.004,4.487,-1300.663,1.674,-719.172,-1.456,450.927,0.242,relaxed_wt_1_Y_297_F_rep2.pdb
-89.371,0.12,-1301.282,1.056,-716.709,1.007,450.157,-0.529,relaxed_wt_1_Y_265_L_rep1.pdb
-86.41,3.082,-1295.489,6.849,-714.342,3.375,451.372,0.687,relaxed_wt_1_Y_262_G_rep4.pdb
-87.47,2.021,-1302.247,0.091,-719.295,-1.578,449.388,-1.297,relaxed_wt_1_Y_243_A_rep2.pdb
-89.194,0.297,-1298.196,4.141,-713.776,3.941,449.358,-1.327,relaxed_wt_1_Y_261_D_rep3.pdb
-83.747,5.745,-1286.46,15.877,-706.927,10.789,449.859,-0.826,relaxed_wt_1_Y_272_W_rep5.pdb
-89.364,0.128,-1300.561,1.777,-716.662,1.055,450.927,0.242,relaxed_wt_1_Y_140_Q_rep2.pdb
-89.632,-0.141,-1299.738,2.6,-714.79,2.927,449.59,-1.095,relaxed_wt_1_Y_186_H_rep5.pdb
-88.118,1.373,-1301.936,0.402,-718.358,-0.641,450.093,-0.592,relaxed_wt_1_Y_133_Q_rep3.pdb
-88.94,0.552,-1300.132,2.206,-715.867,1.85,451.183,0.498,relaxed_wt_1_Y_245_P_rep4.pdb
-89.411,0.081,-1298.191,4.147,-712.919,4.798,450.01,-0.676,relaxed_wt_1_Y_137_H_rep2.pdb
-89.441,0.051,-1302.4,-0.062,-717.779,-0.062,450.68,-0.005,relaxed_wt_1_Y_297_V_rep2.pdb
-87.989,1.502,-1299.721,2.617,-716.431,1.285,449.347,-1.339,relaxed_wt_1_Y_264_S_rep4.pdb
-88.973,0.519,-1302.027,0.311,-717.385,0.331,450.525,-0.16,relaxed_wt_1_Y_164_I_rep2.pdb
-88.154,1.338,-1298.352,3.986,-714.855,2.862,450.705,0.02,relaxed_wt_1_Y_261_G_rep5.pdb
-87.957,1.535,-1298.894,3.444,-715.917,1.8,450.775,0.09,relaxed_wt_1_Y_296_V_rep3.pdb
-88.099,1.393,-1300.489,1.849,-717.163,0.553,449.471,-1.214,relaxed_wt_1_Y_210_H_rep5.pdb
-90.256,-0.765,-1301.672,0.666,-716.125,1.592,450.371,-0.314,relaxed_wt_1_Y_267_C_rep2.pdb
-86.965,2.526,-1304.85,-2.512,-722.027,-4.31,450.445,-0.24,relaxed_wt_1_Y_298_C_rep2.pdb
-88.21,1.282,-1300.037,2.301,-717.77,-0.053,450.557,-0.128,relaxed_wt_1_Y_296_H_rep4.pdb
-83.889,5.603,-1294.712,7.626,-715.467,2.25,450.386,-0.299,relaxed_wt_1_Y_185_F_rep2.pdb
-88.856,0.635,-1301.8,0.538,-717.66,0.057,450.74,0.055,relaxed_wt_1_Y_272_V_rep1.pdb
-84.285,5.206,-1295.457,6.881,-716.692,1.024,453.525,2.84,relaxed_wt_1_Y_242_F_rep1.pdb
-89.47,0.021,-1300.416,1.922,-715.754,1.963,450.376,-0.309,relaxed_wt_1_Y_245_Y_rep1.pdb
-88.939,0.552,-1302.0,0.338,-717.862,-0.146,449.631,-1.054,relaxed_wt_1_Y_259_N_rep2.pdb
-89.315,0.176,-1301.993,0.345,-717.456,0.261,450.666,-0.019,relaxed_wt_1_Y_296_S_rep5.pdb
-88.049,1.443,-1295.243,7.095,-712.134,5.583,450.101,-0.584,relaxed_wt_1_Y_241_L_rep4.pdb
-89.255,0.237,-1302.339,-0.001,-717.48,0.237,450.649,-0.036,relaxed_wt_1_Y_267_S_rep2.pdb
-89.123,0.369,-1298.245,4.093,-713.932,3.785,449.683,-1.002,relaxed_wt_1_Y_135_A_rep3.pdb
-87.079,2.412,-1300.322,2.016,-718.444,-0.727,451.411,0.726,relaxed_wt_1_Y_132_E_rep1.pdb
-89.682,-0.191,-1304.057,-1.719,-719.216,-1.499,451.197,0.512,relaxed_wt_1_Y_259_I_rep2.pdb
-87.815,1.677,-1300.254,2.084,-717.258,0.459,449.1,-1.585,relaxed_wt_1_Y_263_C_rep4.pdb
-89.494,-0.003,-1301.454,0.884,-716.696,1.02,450.628,-0.057,relaxed_wt_1_Y_210_I_rep3.pdb
-86.881,2.61,-1300.449,1.888,-718.481,-0.764,451.363,0.678,relaxed_wt_1_Y_163_Q_rep5.pdb
-88.738,0.753,-1298.396,3.942,-715.22,2.497,451.432,0.747,relaxed_wt_1_Y_138_W_rep2.pdb
-86.635,2.857,-1294.644,7.694,-712.792,4.925,450.648,-0.037,relaxed_wt_1_Y_205_D_rep2.pdb
-89.522,-0.03,-1304.17,-1.832,-718.938,-1.221,451.234,0.549,relaxed_wt_1_Y_261_R_rep5.pdb
-87.28,2.212,-1300.457,1.881,-717.91,-0.193,450.673,-0.012,relaxed_wt_1_Y_241_Q_rep1.pdb
-89.674,-0.183,-1293.242,9.096,-707.819,9.898,449.379,-1.306,relaxed_wt_1_Y_265_P_rep3.pdb
-88.755,0.737,-1301.89,0.448,-717.975,-0.258,452.469,1.784,relaxed_wt_1_Y_139_E_rep1.pdb
-89.209,0.282,-1297.347,4.991,-712.617,5.1,451.491,0.806,relaxed_wt_1_Y_206_H_rep4.pdb
-89.477,0.015,-1303.162,-0.824,-718.412,-0.695,450.637,-0.048,relaxed_wt_1_Y_187_C_rep4.pdb
-88.877,0.614,-1301.237,1.101,-716.715,1.002,449.656,-1.029,relaxed_wt_1_Y_186_D_rep1.pdb
-89.94,-0.448,-1303.294,-0.956,-717.636,0.08,449.458,-1.227,relaxed_wt_1_Y_139_I_rep3.pdb
-80.173,9.318,-1292.676,9.662,-716.152,1.564,450.189,-0.496,relaxed_wt_1_Y_242_E_rep3.pdb
-88.686,0.806,-1298.189,4.149,-714.3,3.417,450.505,-0.18,relaxed_wt_1_Y_164_W_rep4.pdb
-88.942,0.549,-1298.591,3.747,-714.108,3.609,449.778,-0.907,relaxed_wt_1_Y_243_E_rep4.pdb
-89.156,0.335,-1299.274,3.063,-714.69,3.026,450.853,0.168,relaxed_wt_1_Y_264_D_rep5.pdb
-87.988,1.504,-1301.285,1.053,-718.532,-0.815,451.685,1.0,relaxed_wt_1_Y_205_W_rep5.pdb
-88.562,0.929,-1294.521,7.817,-710.824,6.892,450.498,-0.188,relaxed_wt_1_Y_241_V_rep1.pdb
-88.122,1.37,-1295.324,7.014,-712.466,5.251,451.791,1.106,relaxed_wt_1_Y_135_E_rep1.pdb
-87.316,2.175,-1299.945,2.393,-716.878,0.839,450.78,0.095,relaxed_wt_1_Y_132_N_rep1.pdb
-88.915,0.577,-1301.241,1.097,-716.997,0.719,450.627,-0.058,relaxed_wt_1_Y_162_S_rep3.pdb
-88.114,1.377,-1292.761,9.577,-709.421,8.296,450.395,-0.29,relaxed_wt_1_Y_245_D_rep3.pdb
-87.704,1.788,-1296.116,6.222,-713.098,4.619,451.398,0.712,relaxed_wt_1_Y_187_K_rep3.pdb
-88.155,1.337,-1300.873,1.464,-717.832,-0.116,450.954,0.269,relaxed_wt_1_Y_210_K_rep3.pdb
-89.4,0.092,-1301.496,0.842,-716.985,0.731,449.706,-0.98,relaxed_wt_1_Y_210_A_rep5.pdb
-88.198,1.293,-1300.36,1.978,-717.054,0.663,449.989,-0.696,relaxed_wt_1_Y_187_D_rep2.pdb
-85.628,3.864,-1298.411,3.927,-717.464,0.253,451.001,0.316,relaxed_wt_1_Y_185_Q_rep2.pdb
-85.516,3.976,-1292.247,10.09,-711.598,6.118,450.593,-0.092,relaxed_wt_1_Y_209_P_rep2.pdb
-90.209,-0.718,-1302.169,0.169,-716.626,1.09,450.101,-0.584,relaxed_wt_1_Y_140_V_rep5.pdb
-89.031,0.461,-1301.823,0.515,-718.608,-0.891,449.414,-1.271,relaxed_wt_1_Y_244_G_rep4.pdb
-91.017,-1.525,-1302.805,-0.467,-717.13,0.587,451.088,0.403,relaxed_wt_1_Y_244_C_rep2.pdb
-87.875,1.617,-1295.895,6.443,-712.621,5.096,452.183,1.498,relaxed_wt_1_Y_206_M_rep5.pdb
-87.547,1.945,-1297.499,4.839,-714.881,2.836,450.516,-0.169,relaxed_wt_1_Y_209_D_rep5.pdb
-89.021,0.471,-1301.527,0.811,-716.779,0.938,449.112,-1.574,relaxed_wt_1_Y_162_Q_rep3.pdb
-89.008,0.484,-1297.42,4.918,-713.214,4.503,449.362,-1.323,relaxed_wt_1_Y_260_A_rep1.pdb
-89.422,0.07,-1301.857,0.48,-717.223,0.494,450.696,0.011,relaxed_wt_1_Y_133_E_rep3.pdb
-86.177,3.315,-1298.107,4.231,-716.691,1.026,450.837,0.152,relaxed_wt_1_Y_297_R_rep1.pdb
-88.643,0.849,-1301.291,1.047,-717.458,0.259,452.016,1.331,relaxed_wt_1_Y_139_C_rep2.pdb
-87.758,1.734,-1299.66,2.677,-716.746,0.971,448.492,-2.193,relaxed_wt_1_Y_133_R_rep1.pdb
-87.98,1.512,-1292.723,9.615,-709.564,8.153,451.706,1.021,relaxed_wt_1_Y_245_D_rep1.pdb
-90.513,-1.021,-1301.405,0.932,-715.693,2.023,451.7,1.015,relaxed_wt_1_Y_267_A_rep3.pdb
-86.639,2.853,-1297.006,5.332,-715.808,1.908,450.425,-0.26,relaxed_wt_1_Y_297_G_rep2.pdb
-87.842,1.649,-1300.991,1.347,-717.855,-0.138,451.775,1.09,relaxed_wt_1_Y_132_E_rep2.pdb
-89.067,0.424,-1304.616,-2.278,-720.292,-2.575,450.903,0.218,relaxed_wt_1_Y_298_K_rep3.pdb
-90.32,-0.829,-1301.788,0.55,-716.141,1.576,450.062,-0.623,relaxed_wt_1_Y_139_N_rep1.pdb
-82.972,6.519,-1289.368,12.969,-710.491,7.226,450.535,-0.15,relaxed_wt_1_Y_207_P_rep5.pdb
-88.438,1.054,-1301.016,1.322,-717.351,0.366,449.429,-1.256,relaxed_wt_1_Y_296_L_rep2.pdb
-85.676,3.815,-1299.399,2.939,-718.008,-0.292,449.912,-0.773,relaxed_wt_1_Y_262_H_rep1.pdb
-86.713,2.778,-1300.587,1.751,-717.849,-0.132,449.337,-1.348,relaxed_wt_1_Y_262_M_rep4.pdb
-91.038,-1.547,-1298.386,3.952,-711.917,5.8,449.692,-0.994,relaxed_wt_1_Y_260_R_rep1.pdb
-88.321,1.17,-1306.946,-4.608,-723.615,-5.898,450.793,0.108,relaxed_wt_1_Y_244_S_rep2.pdb
-90.526,-1.034,-1304.229,-1.891,-718.989,-1.272,451.037,0.352,relaxed_wt_1_Y_244_T_rep3.pdb
-88.991,0.5,-1299.74,2.598,-715.018,2.699,449.665,-1.02,relaxed_wt_1_Y_260_Q_rep2.pdb
-88.027,1.465,-1295.246,7.092,-712.142,5.575,451.42,0.735,relaxed_wt_1_Y_241_L_rep5.pdb
-83.838,5.653,-1293.286,9.052,-711.38,6.337,452.233,1.548,relaxed_wt_1_Y_132_W_rep5.pdb
-89.711,-0.219,-1295.268,7.07,-710.383,7.334,451.174,0.489,relaxed_wt_1_Y_137_E_rep2.pdb
-89.015,0.476,-1302.05,0.287,-717.726,-0.01,449.301,-1.384,relaxed_wt_1_Y_162_T_rep5.pdb
-88.633,0.858,-1298.355,3.983,-714.441,3.276,450.431,-0.254,relaxed_wt_1_Y_184_G_rep2.pdb
-89.089,0.402,-1302.76,-0.422,-718.403,-0.686,449.985,-0.7,relaxed_wt_1_Y_162_L_rep2.pdb
-89.407,0.085,-1303.932,-1.594,-719.39,-1.673,448.893,-1.792,relaxed_wt_1_Y_266_V_rep2.pdb
-90.521,-1.03,-1300.328,2.01,-714.233,3.484,449.257,-1.428,relaxed_wt_1_Y_133_F_rep3.pdb
-86.985,2.507,-1287.943,14.395,-706.452,11.265,450.524,-0.161,relaxed_wt_1_Y_164_P_rep3.pdb
-87.69,1.802,-1297.816,4.522,-715.233,2.484,450.519,-0.166,relaxed_wt_1_Y_132_T_rep5.pdb
-89.319,0.172,-1302.518,-0.18,-717.514,0.203,449.929,-0.756,relaxed_wt_1_Y_210_V_rep3.pdb
-87.729,1.763,-1299.387,2.951,-715.533,2.184,452.407,1.722,relaxed_wt_1_Y_163_Y_rep5.pdb
-85.582,3.909,-1295.666,6.672,-715.456,2.261,451.26,0.575,relaxed_wt_1_Y_297_P_rep1.pdb
-81.189,8.302,-1294.505,7.833,-715.681,2.036,451.363,0.678,relaxed_wt_1_Y_209_R_rep5.pdb
-89.336,0.156,-1300.977,1.36,-716.148,1.569,450.772,0.087,relaxed_wt_1_Y_262_A_rep5.pdb
-89.088,0.403,-1297.049,5.288,-712.812,4.904,449.414,-1.271,relaxed_wt_1_Y_137_K_rep3.pdb
-88.068,1.423,-1298.903,3.435,-715.67,2.046,449.001,-1.684,relaxed_wt_1_Y_264_Q_rep5.pdb
-80.328,9.163,-1290.733,11.605,-714.866,2.85,455.202,4.517,relaxed_wt_1_Y_242_R_rep5.pdb
-89.195,0.296,-1298.9,3.438,-714.001,3.716,450.691,0.006,relaxed_wt_1_Y_265_Q_rep1.pdb
-88.844,0.647,-1300.276,2.062,-716.269,1.447,449.013,-1.672,relaxed_wt_1_Y_242_T_rep3.pdb
-88.006,1.486,-1301.284,1.054,-718.074,-0.357,449.927,-0.758,relaxed_wt_1_Y_264_Y_rep3.pdb
-87.885,1.607,-1299.456,2.882,-715.661,2.056,449.607,-1.078,relaxed_wt_1_Y_268_F_rep3.pdb
-85.286,4.205,-1292.2,10.138,-710.175,7.542,450.654,-0.031,relaxed_wt_1_Y_241_H_rep3.pdb
-81.874,7.617,-1287.235,15.103,-709.893,7.824,449.735,-0.95,relaxed_wt_1_Y_272_Y_rep4.pdb
-88.28,1.211,-1306.211,-3.873,-722.629,-4.912,449.563,-1.122,relaxed_wt_1_Y_268_L_rep3.pdb
-89.445,0.047,-1302.835,-0.497,-718.207,-0.491,449.29,-1.396,relaxed_wt_1_Y_162_V_rep2.pdb
-90.172,-0.68,-1302.957,-0.619,-718.083,-0.367,450.491,-0.194,relaxed_wt_1_Y_244_G_rep2.pdb
-91.658,-2.167,-1306.171,-3.833,-719.231,-1.515,449.603,-1.082,relaxed_wt_1_Y_267_K_rep5.pdb
-87.454,2.037,-1300.657,1.681,-718.331,-0.615,449.363,-1.322,relaxed_wt_1_Y_296_P_rep5.pdb
-89.263,0.229,-1300.072,2.265,-715.731,1.986,450.834,0.149,relaxed_wt_1_Y_136_I_rep4.pdb
-86.864,2.628,-1298.867,3.471,-716.329,1.388,452.044,1.359,relaxed_wt_1_Y_163_Y_rep3.pdb
-85.229,4.263,-1299.37,2.968,-718.491,-0.774,451.377,0.692,relaxed_wt_1_Y_209_Q_rep3.pdb
-87.681,1.811,-1296.401,5.937,-713.308,4.409,450.369,-0.316,relaxed_wt_1_Y_205_M_rep2.pdb
-89.396,0.096,-1301.213,1.125,-716.657,1.06,448.955,-1.73,relaxed_wt_1_Y_267_R_rep4.pdb
-89.028,0.464,-1293.794,8.544,-709.365,8.351,450.449,-0.237,relaxed_wt_1_Y_206_E_rep2.pdb
-89.693,-0.202,-1298.64,3.698,-713.681,4.036,449.402,-1.283,relaxed_wt_1_Y_137_A_rep2.pdb
-87.85,1.641,-1300.349,1.989,-717.205,0.512,449.554,-1.131,relaxed_wt_1_Y_270_A_rep2.pdb
-88.83,0.661,-1298.201,4.137,-714.074,3.642,450.779,0.094,relaxed_wt_1_Y_206_P_rep4.pdb
-91.906,-2.414,-1302.331,0.007,-715.503,2.214,451.548,0.863,relaxed_wt_1_Y_244_W_rep2.pdb
-88.272,1.219,-1300.857,1.481,-717.403,0.314,448.801,-1.884,relaxed_wt_1_Y_133_Q_rep5.pdb
-87.081,2.41,-1300.616,1.722,-717.979,-0.262,451.629,0.944,relaxed_wt_1_Y_243_H_rep3.pdb
-90.974,-1.483,-1304.038,-1.7,-717.863,-0.146,449.318,-1.367,relaxed_wt_1_Y_267_V_rep5.pdb
-88.978,0.514,-1301.932,0.405,-717.003,0.714,449.527,-1.158,relaxed_wt_1_Y_132_S_rep5.pdb
-88.685,0.806,-1301.228,1.11,-718.312,-0.596,449.635,-1.05,relaxed_wt_1_Y_296_Q_rep2.pdb
-89.689,-0.197,-1304.294,-1.956,-719.275,-1.559,450.425,-0.26,relaxed_wt_1_Y_208_K_rep5.pdb
-87.902,1.59,-1292.79,9.548,-709.738,7.979,450.398,-0.287,relaxed_wt_1_Y_245_D_rep2.pdb
-86.849,2.642,-1300.902,1.435,-717.863,-0.146,448.887,-1.798,relaxed_wt_1_Y_262_M_rep2.pdb
-89.253,0.238,-1301.392,0.946,-716.863,0.853,449.237,-1.448,relaxed_wt_1_Y_210_M_rep2.pdb
-89.464,0.027,-1302.37,-0.032,-717.732,-0.015,450.391,-0.294,relaxed_wt_1_Y_209_L_rep3.pdb
-90.138,-0.647,-1305.978,-3.64,-721.172,-3.455,451.168,0.483,relaxed_wt_1_Y_244_R_rep1.pdb
-87.848,1.643,-1297.825,4.513,-714.566,3.151,449.859,-0.826,relaxed_wt_1_Y_270_N_rep2.pdb
-86.237,3.255,-1295.959,6.379,-714.931,2.785,451.49,0.805,relaxed_wt_1_Y_297_Q_rep5.pdb
-89.264,0.227,-1298.117,4.221,-713.46,4.257,450.409,-0.276,relaxed_wt_1_Y_206_N_rep5.pdb
-87.442,2.05,-1301.868,0.47,-719.474,-1.758,452.621,1.936,relaxed_wt_1_Y_140_N_rep3.pdb
-88.154,1.338,-1296.599,5.739,-713.305,4.411,450.367,-0.318,relaxed_wt_1_Y_184_F_rep3.pdb
-88.98,0.511,-1303.047,-0.709,-718.497,-0.78,450.186,-0.499,relaxed_wt_1_Y_266_I_rep1.pdb
-88.458,1.033,-1307.163,-4.825,-723.688,-5.971,450.725,0.04,relaxed_wt_1_Y_298_Y_rep4.pdb
-84.951,4.541,-1290.253,12.085,-707.954,9.763,449.19,-1.495,relaxed_wt_1_Y_241_K_rep2.pdb
-89.448,0.043,-1301.02,1.318,-716.391,1.325,451.632,0.947,relaxed_wt_1_Y_134_Y_rep5.pdb
-74.087,15.405,-1287.825,14.513,-715.384,2.333,452.78,2.094,relaxed_wt_1_Y_187_W_rep2.pdb
-89.379,0.113,-1298.06,4.278,-713.318,4.399,449.401,-1.284,relaxed_wt_1_Y_206_N_rep1.pdb
-88.421,1.07,-1301.386,0.952,-716.76,0.956,449.905,-0.78,relaxed_wt_1_Y_164_H_rep3.pdb
-85.252,4.24,-1293.157,9.181,-712.008,5.709,450.205,-0.48,relaxed_wt_1_Y_241_K_rep3.pdb
-88.758,0.733,-1294.784,7.554,-711.315,6.402,449.924,-0.761,relaxed_wt_1_Y_137_E_rep4.pdb
-88.782,0.71,-1299.477,2.861,-715.681,2.036,449.417,-1.268,relaxed_wt_1_Y_296_R_rep2.pdb
-88.223,1.269,-1298.338,4.0,-714.932,2.785,450.696,0.011,relaxed_wt_1_Y_205_H_rep3.pdb
-84.843,4.649,-1284.908,17.43,-704.668,13.049,450.73,0.045,relaxed_wt_1_Y_272_W_rep4.pdb
-90.214,-0.723,-1305.915,-3.577,-721.023,-3.307,450.865,0.18,relaxed_wt_1_Y_244_R_rep2.pdb
-90.981,-1.489,-1301.996,0.342,-715.61,2.107,450.73,0.045,relaxed_wt_1_Y_187_Q_rep1.pdb
-85.896,3.595,-1298.687,3.651,-716.272,1.445,450.389,-0.296,relaxed_wt_1_Y_207_T_rep2.pdb
-87.733,1.759,-1296.425,5.913,-713.448,4.269,451.022,0.337,relaxed_wt_1_Y_264_G_rep5.pdb
-87.353,2.139,-1300.141,2.197,-716.516,1.2,450.617,-0.068,relaxed_wt_1_Y_163_P_rep1.pdb
-89.91,-0.418,-1298.428,3.91,-713.355,4.362,450.662,-0.023,relaxed_wt_1_Y_265_F_rep2.pdb
-89.383,0.108,-1304.212,-1.874,-719.562,-1.845,450.607,-0.078,relaxed_wt_1_Y_187_T_rep2.pdb
-87.0,2.492,-1266.271,36.067,-683.705,34.012,451.106,0.42,relaxed_wt_1_Y_135_P_rep4.pdb
-85.343,4.149,-1299.088,3.25,-718.866,-1.149,451.668,0.982,relaxed_wt_1_Y_297_I_rep1.pdb
-88.513,0.979,-1310.717,-8.379,-726.953,-9.236,451.665,0.979,relaxed_wt_1_Y_298_G_rep4.pdb
-90.271,-0.779,-1304.172,-1.834,-719.254,-1.537,450.338,-0.347,relaxed_wt_1_Y_244_M_rep5.pdb
-89.446,0.046,-1298.575,3.763,-713.6,4.117,451.604,0.919,relaxed_wt_1_Y_184_R_rep4.pdb
-88.424,1.067,-1297.297,5.041,-713.485,4.231,451.724,1.039,relaxed_wt_1_Y_297_M_rep2.pdb
-89.595,-0.104,-1300.007,2.331,-713.934,3.782,448.76,-1.925,relaxed_wt_1_Y_133_M_rep5.pdb
-89.029,0.463,-1296.936,5.402,-712.463,5.253,449.995,-0.69,relaxed_wt_1_Y_133_W_rep4.pdb
-89.189,0.303,-1295.475,6.863,-710.695,7.022,450.325,-0.36,relaxed_wt_1_Y_135_G_rep3.pdb
-88.808,0.684,-1303.072,-0.734,-719.06,-1.343,451.973,1.288,relaxed_wt_1_Y_259_P_rep5.pdb
-87.528,1.963,-1302.921,-0.583,-720.602,-2.885,450.21,-0.475,relaxed_wt_1_Y_140_A_rep1.pdb
-89.827,-0.335,-1300.77,1.568,-715.032,2.685,450.066,-0.619,relaxed_wt_1_Y_139_T_rep2.pdb
-88.496,0.996,-1309.921,-7.583,-725.856,-8.139,450.147,-0.538,relaxed_wt_1_Y_298_S_rep5.pdb
-85.369,4.123,-1297.741,4.597,-714.804,2.913,450.003,-0.682,relaxed_wt_1_Y_132_K_rep1.pdb
-89.353,0.139,-1302.406,-0.068,-717.856,-0.139,450.375,-0.31,relaxed_wt_1_Y_263_D_rep2.pdb
-87.635,1.857,-1296.512,5.826,-714.155,3.562,450.573,-0.112,relaxed_wt_1_Y_206_A_rep1.pdb
-89.795,-0.303,-1301.457,0.881,-716.294,1.423,450.656,-0.029,relaxed_wt_1_Y_261_M_rep5.pdb
-88.612,0.879,-1303.884,-1.546,-720.481,-2.764,451.626,0.941,relaxed_wt_1_Y_271_F_rep4.pdb
-89.079,0.412,-1299.983,2.354,-715.649,2.068,450.388,-0.297,relaxed_wt_1_Y_210_T_rep4.pdb
-89.017,0.475,-1299.152,3.186,-714.999,2.717,450.114,-0.571,relaxed_wt_1_Y_272_C_rep1.pdb
-89.233,0.258,-1294.943,7.395,-710.397,7.32,449.854,-0.831,relaxed_wt_1_Y_206_Q_rep5.pdb
-89.094,0.397,-1295.371,6.967,-711.037,6.68,450.381,-0.304,relaxed_wt_1_Y_260_K_rep3.pdb
-89.088,0.404,-1300.587,1.751,-716.908,0.809,450.723,0.038,relaxed_wt_1_Y_296_F_rep2.pdb
-92.245,-2.754,-1301.299,1.039,-714.314,3.402,451.776,1.091,relaxed_wt_1_Y_244_F_rep5.pdb
-89.126,0.365,-1302.607,-0.269,-718.036,-0.32,451.934,1.249,relaxed_wt_1_Y_135_L_rep5.pdb
-87.778,1.713,-1298.682,3.656,-715.769,1.948,451.23,0.544,relaxed_wt_1_Y_243_G_rep1.pdb
-89.191,0.301,-1301.946,0.392,-717.519,0.198,450.359,-0.326,relaxed_wt_1_Y_210_L_rep1.pdb
-87.164,2.328,-1298.157,4.181,-715.241,2.476,451.23,0.545,relaxed_wt_1_Y_242_A_rep2.pdb
-84.375,5.117,-1296.824,5.514,-717.132,0.585,451.481,0.796,relaxed_wt_1_Y_138_V_rep2.pdb
-84.692,4.8,-1291.382,10.956,-711.285,6.432,449.815,-0.87,relaxed_wt_1_Y_136_G_rep1.pdb
-89.621,-0.129,-1301.989,0.348,-716.718,0.999,451.329,0.644,relaxed_wt_1_Y_262_C_rep5.pdb
-88.338,1.154,-1300.652,1.686,-717.176,0.541,449.576,-1.109,relaxed_wt_1_Y_263_A_rep4.pdb
-87.263,2.228,-1299.961,2.377,-717.291,0.426,450.601,-0.084,relaxed_wt_1_Y_164_E_rep1.pdb
-89.04,0.452,-1300.546,1.792,-716.225,1.492,449.561,-1.124,relaxed_wt_1_Y_162_K_rep1.pdb
-88.917,0.574,-1298.663,3.675,-714.353,3.364,449.219,-1.466,relaxed_wt_1_Y_205_V_rep3.pdb
-87.021,2.471,-1300.928,1.409,-718.773,-1.056,450.714,0.029,relaxed_wt_1_Y_297_N_rep2.pdb
-87.535,1.957,-1299.44,2.898,-716.671,1.046,451.481,0.795,relaxed_wt_1_Y_263_N_rep4.pdb
-88.235,1.257,-1299.254,3.084,-715.564,2.153,450.991,0.306,relaxed_wt_1_Y_259_G_rep4.pdb
-88.431,1.061,-1303.437,-1.099,-719.653,-1.936,450.714,0.029,relaxed_wt_1_Y_261_K_rep5.pdb
-92.88,-3.389,-1300.167,2.171,-710.944,6.773,451.187,0.502,relaxed_wt_1_Y_186_M_rep1.pdb
-88.937,0.555,-1302.6,-0.263,-718.243,-0.527,450.297,-0.388,relaxed_wt_1_Y_132_D_rep3.pdb
-88.27,1.222,-1301.624,0.713,-717.688,0.029,449.841,-0.844,relaxed_wt_1_Y_243_Q_rep4.pdb
-89.085,0.406,-1302.506,-0.168,-718.151,-0.435,451.178,0.493,relaxed_wt_1_Y_243_I_rep2.pdb
-87.852,1.639,-1298.599,3.739,-715.744,1.972,450.797,0.112,relaxed_wt_1_Y_296_V_rep2.pdb
-89.356,0.135,-1302.321,0.017,-717.774,-0.057,448.951,-1.734,relaxed_wt_1_Y_297_V_rep4.pdb
-87.559,1.933,-1296.858,5.48,-714.212,3.505,450.242,-0.443,relaxed_wt_1_Y_209_D_rep4.pdb
-87.979,1.513,-1294.868,7.47,-711.59,6.127,449.344,-1.341,relaxed_wt_1_Y_205_C_rep5.pdb
-87.261,2.23,-1300.112,2.226,-717.543,0.174,451.601,0.916,relaxed_wt_1_Y_241_Q_rep3.pdb
-88.018,1.473,-1292.924,9.414,-708.688,9.029,449.392,-1.293,relaxed_wt_1_Y_245_R_rep5.pdb
-89.22,0.271,-1302.773,-0.435,-718.168,-0.451,450.706,0.021,relaxed_wt_1_Y_266_Y_rep4.pdb
-89.853,-0.361,-1303.74,-1.402,-718.671,-0.954,450.35,-0.335,relaxed_wt_1_Y_267_H_rep3.pdb
-87.095,2.397,-1301.121,1.217,-718.89,-1.174,451.097,0.412,relaxed_wt_1_Y_268_I_rep5.pdb
-86.652,2.84,-1295.465,6.873,-714.078,3.639,451.559,0.874,relaxed_wt_1_Y_164_G_rep1.pdb
-89.0,0.492,-1302.073,0.265,-717.394,0.323,450.642,-0.043,relaxed_wt_1_Y_244_D_rep3.pdb
-86.728,2.764,-1294.036,8.302,-712.319,5.397,450.714,0.029,relaxed_wt_1_Y_270_D_rep2.pdb
-83.757,5.734,-1294.757,7.581,-715.177,2.539,450.892,0.207,relaxed_wt_1_Y_138_R_rep3.pdb
-90.032,-0.541,-1304.219,-1.881,-718.978,-1.261,451.556,0.871,relaxed_wt_1_Y_267_L_rep1.pdb
-89.647,-0.156,-1300.609,1.729,-715.795,1.922,449.669,-1.016,relaxed_wt_1_Y_245_Y_rep4.pdb
-87.738,1.754,-1299.616,2.722,-716.508,1.209,450.349,-0.336,relaxed_wt_1_Y_185_N_rep4.pdb
-85.796,3.696,-1296.207,6.131,-713.897,3.82,450.902,0.217,relaxed_wt_1_Y_140_K_rep2.pdb
-87.644,1.847,-1298.445,3.893,-715.519,2.197,450.832,0.147,relaxed_wt_1_Y_270_Q_rep4.pdb
-89.243,0.248,-1302.179,0.159,-717.744,-0.027,450.709,0.024,relaxed_wt_1_Y_297_C_rep2.pdb
-89.088,0.403,-1302.431,-0.093,-718.138,-0.422,449.676,-1.009,relaxed_wt_1_Y_243_I_rep3.pdb
-87.623,1.869,-1293.125,9.213,-710.186,7.531,449.536,-1.149,relaxed_wt_1_Y_241_G_rep2.pdb
-88.665,0.826,-1301.07,1.268,-716.285,1.432,451.683,0.997,relaxed_wt_1_Y_163_R_rep2.pdb
-89.423,0.069,-1301.106,1.232,-717.018,0.699,452.149,1.464,relaxed_wt_1_Y_140_V_rep3.pdb
-89.589,-0.097,-1302.364,-0.026,-717.547,0.17,449.627,-1.058,relaxed_wt_1_Y_259_F_rep2.pdb
-89.15,0.342,-1300.983,1.355,-716.668,1.049,449.676,-1.009,relaxed_wt_1_Y_210_A_rep4.pdb
-88.801,0.691,-1300.016,2.322,-715.446,2.27,451.623,0.938,relaxed_wt_1_Y_210_Y_rep2.pdb
-89.562,-0.07,-1298.066,4.272,-712.718,4.999,450.638,-0.047,relaxed_wt_1_Y_260_M_rep2.pdb
-86.989,2.502,-1296.394,5.944,-714.005,3.712,450.451,-0.234,relaxed_wt_1_Y_163_G_rep3.pdb
-88.074,1.417,-1298.02,4.318,-714.722,2.995,449.983,-0.703,relaxed_wt_1_Y_245_M_rep2.pdb
-89.133,0.359,-1294.898,7.44,-710.633,7.083,448.507,-2.178,relaxed_wt_1_Y_135_G_rep1.pdb
-88.831,0.661,-1301.574,0.764,-717.58,0.137,450.689,0.004,relaxed_wt_1_Y_210_N_rep3.pdb
-85.886,3.606,-1299.002,3.336,-718.168,-0.451,451.355,0.67,relaxed_wt_1_Y_272_S_rep2.pdb
-86.364,3.128,-1302.438,-0.1,-720.59,-2.873,451.775,1.09,relaxed_wt_1_Y_268_H_rep3.pdb
-90.069,-0.577,-1299.489,2.849,-714.25,3.467,448.516,-2.169,relaxed_wt_1_Y_133_I_rep3.pdb
-89.594,-0.103,-1300.466,1.872,-715.703,2.014,450.682,-0.003,relaxed_wt_1_Y_245_Y_rep3.pdb
-85.111,4.38,-1301.187,1.151,-720.831,-3.114,449.293,-1.392,relaxed_wt_1_Y_262_M_rep3.pdb
-84.318,5.174,-1295.441,6.896,-715.215,2.502,449.752,-0.933,relaxed_wt_1_Y_242_D_rep3.pdb
-90.006,-0.515,-1299.06,3.278,-713.854,3.863,448.994,-1.691,relaxed_wt_1_Y_133_I_rep5.pdb
-86.589,2.903,-1296.712,5.626,-714.72,2.997,451.739,1.054,relaxed_wt_1_Y_136_Q_rep4.pdb
-81.395,8.097,-1279.122,23.216,-702.213,15.504,451.743,1.058,relaxed_wt_1_Y_136_P_rep1.pdb
-89.865,-0.374,-1304.602,-2.265,-719.523,-1.807,450.685,0.0,relaxed_wt_1_Y_271_L_rep3.pdb
-87.56,1.931,-1299.554,2.784,-716.783,0.934,450.479,-0.206,relaxed_wt_1_Y_263_N_rep2.pdb
-83.12,6.371,-1290.352,11.986,-712.485,5.231,452.689,2.004,relaxed_wt_1_Y_242_W_rep4.pdb
-87.021,2.47,-1299.352,2.986,-716.754,0.962,451.594,0.909,relaxed_wt_1_Y_268_F_rep1.pdb
-89.577,-0.085,-1304.242,-1.904,-719.167,-1.45,451.898,1.213,relaxed_wt_1_Y_259_V_rep2.pdb
-92.173,-2.682,-1301.359,0.979,-714.434,3.282,451.787,1.102,relaxed_wt_1_Y_244_F_rep2.pdb
-83.623,5.869,-1288.316,14.022,-706.814,10.902,449.195,-1.49,relaxed_wt_1_Y_272_K_rep5.pdb
-89.009,0.483,-1292.458,9.88,-708.253,9.463,450.722,0.037,relaxed_wt_1_Y_135_D_rep1.pdb
-89.425,0.067,-1302.47,-0.132,-717.856,-0.139,450.372,-0.314,relaxed_wt_1_Y_185_D_rep1.pdb
-88.822,0.669,-1300.043,2.295,-715.354,2.363,452.298,1.613,relaxed_wt_1_Y_163_R_rep4.pdb
-82.923,6.569,-1293.675,8.663,-714.923,2.793,450.627,-0.058,relaxed_wt_1_Y_138_P_rep4.pdb
-89.053,0.438,-1299.482,2.856,-715.142,2.575,450.751,0.066,relaxed_wt_1_Y_245_L_rep3.pdb
-88.894,0.598,-1296.218,6.12,-712.559,5.158,450.607,-0.078,relaxed_wt_1_Y_265_T_rep5.pdb
-89.126,0.365,-1302.687,-0.349,-718.206,-0.489,450.345,-0.34,relaxed_wt_1_Y_266_H_rep3.pdb
-89.409,0.083,-1303.724,-1.386,-718.789,-1.072,450.061,-0.624,relaxed_wt_1_Y_139_S_rep2.pdb
-88.987,0.505,-1304.628,-2.29,-720.618,-2.902,449.318,-1.367,relaxed_wt_1_Y_262_I_rep3.pdb
-88.8,0.691,-1304.454,-2.116,-720.342,-2.625,450.411,-0.274,relaxed_wt_1_Y_243_M_rep4.pdb
-85.728,3.763,-1298.382,3.956,-717.058,0.659,451.561,0.876,relaxed_wt_1_Y_207_K_rep2.pdb
-86.365,3.126,-1299.545,2.793,-716.96,0.757,450.187,-0.498,relaxed_wt_1_Y_207_Q_rep2.pdb
-89.256,0.235,-1298.89,3.447,-713.983,3.734,450.388,-0.297,relaxed_wt_1_Y_265_Q_rep3.pdb
-88.986,0.506,-1300.234,2.104,-715.938,1.778,451.154,0.469,relaxed_wt_1_Y_245_P_rep2.pdb
-89.536,-0.044,-1303.375,-1.037,-718.652,-0.935,450.673,-0.013,relaxed_wt_1_Y_267_H_rep4.pdb
-92.204,-2.713,-1301.359,0.979,-714.425,3.292,451.786,1.101,relaxed_wt_1_Y_244_F_rep1.pdb
-89.293,0.199,-1297.821,4.517,-713.214,4.503,450.26,-0.425,relaxed_wt_1_Y_137_M_rep5.pdb
-86.477,3.015,-1298.337,4.001,-716.395,1.322,449.869,-0.816,relaxed_wt_1_Y_136_V_rep5.pdb
-89.15,0.341,-1302.777,-0.439,-717.84,-0.123,451.413,0.727,relaxed_wt_1_Y_136_Y_rep1.pdb
-89.294,0.197,-1301.727,0.611,-717.19,0.527,450.666,-0.019,relaxed_wt_1_Y_186_S_rep2.pdb
-87.542,1.95,-1298.781,3.557,-715.975,1.741,449.744,-0.942,relaxed_wt_1_Y_264_A_rep5.pdb
-87.106,2.385,-1297.258,5.08,-714.799,2.918,451.166,0.481,relaxed_wt_1_Y_272_Q_rep2.pdb
-89.29,0.202,-1301.578,0.76,-717.084,0.633,450.411,-0.274,relaxed_wt_1_Y_266_W_rep3.pdb
-90.008,-0.517,-1306.001,-3.663,-720.943,-3.227,450.821,0.136,relaxed_wt_1_Y_139_V_rep5.pdb
-88.29,1.202,-1301.466,0.872,-717.534,0.183,449.858,-0.827,relaxed_wt_1_Y_243_Q_rep1.pdb
-89.353,0.138,-1297.391,4.947,-712.85,4.867,451.193,0.508,relaxed_wt_1_Y_137_K_rep1.pdb
-87.506,1.986,-1300.337,2.001,-717.63,0.086,450.585,-0.1,relaxed_wt_1_Y_164_T_rep5.pdb
-87.45,2.042,-1293.187,9.151,-710.57,7.146,449.481,-1.204,relaxed_wt_1_Y_245_Q_rep2.pdb
-89.629,-0.137,-1299.641,2.696,-714.785,2.931,452.092,1.407,relaxed_wt_1_Y_137_N_rep2.pdb
-88.546,0.946,-1300.109,2.229,-716.308,1.409,450.716,0.031,relaxed_wt_1_Y_187_D_rep5.pdb
-89.378,0.114,-1298.057,4.281,-713.461,4.256,450.161,-0.524,relaxed_wt_1_Y_206_T_rep3.pdb
-88.291,1.2,-1299.179,3.159,-716.125,1.591,451.192,0.507,relaxed_wt_1_Y_135_V_rep2.pdb
-89.092,0.399,-1301.467,0.871,-717.18,0.537,449.335,-1.35,relaxed_wt_1_Y_261_S_rep3.pdb
-89.915,-0.424,-1302.501,-0.164,-717.91,-0.194,449.152,-1.533,relaxed_wt_1_Y_244_G_rep5.pdb
-89.406,0.086,-1302.241,0.097,-717.652,0.064,450.386,-0.299,relaxed_wt_1_Y_210_Q_rep3.pdb
-89.251,0.24,-1296.726,5.612,-712.157,5.56,450.258,-0.427,relaxed_wt_1_Y_206_S_rep4.pdb
-86.237,3.254,-1296.115,6.223,-715.002,2.715,451.561,0.876,relaxed_wt_1_Y_297_Q_rep3.pdb
-88.011,1.481,-1302.655,-0.317,-719.899,-2.182,451.656,0.971,relaxed_wt_1_Y_298_Q_rep4.pdb
-86.517,2.974,-1300.468,1.87,-718.655,-0.939,451.394,0.709,relaxed_wt_1_Y_297_I_rep3.pdb
-88.782,0.71,-1301.104,1.234,-718.119,-0.403,450.737,0.052,relaxed_wt_1_Y_296_Q_rep5.pdb
-84.775,4.717,-1293.734,8.604,-714.222,3.495,451.354,0.669,relaxed_wt_1_Y_185_W_rep5.pdb
-87.681,1.811,-1296.482,5.856,-713.459,4.258,449.762,-0.923,relaxed_wt_1_Y_205_M_rep5.pdb
-89.472,0.019,-1302.294,0.044,-717.186,0.53,450.244,-0.441,relaxed_wt_1_Y_296_S_rep2.pdb
-89.082,0.41,-1302.194,0.144,-718.48,-0.764,451.595,0.91,relaxed_wt_1_Y_209_I_rep5.pdb
-84.794,4.697,-1294.542,7.796,-714.528,3.189,449.741,-0.944,relaxed_wt_1_Y_268_W_rep5.pdb
-86.256,3.236,-1291.924,10.414,-710.919,6.798,450.621,-0.064,relaxed_wt_1_Y_241_N_rep5.pdb
-89.44,0.052,-1303.029,-0.691,-718.378,-0.661,450.418,-0.267,relaxed_wt_1_Y_266_D_rep4.pdb
-89.116,0.376,-1303.974,-1.636,-719.604,-1.888,449.673,-1.012,relaxed_wt_1_Y_297_L_rep1.pdb
-87.478,2.014,-1306.031,-3.693,-723.018,-5.302,450.018,-0.668,relaxed_wt_1_Y_208_F_rep1.pdb
-88.668,0.824,-1299.979,2.359,-716.007,1.71,450.655,-0.03,relaxed_wt_1_Y_261_A_rep2.pdb
-84.96,4.532,-1295.284,7.054,-714.471,3.246,450.555,-0.13,relaxed_wt_1_Y_243_P_rep1.pdb
-89.585,-0.093,-1295.922,6.416,-711.112,6.605,450.646,-0.039,relaxed_wt_1_Y_265_W_rep1.pdb
-89.572,-0.08,-1300.023,2.315,-715.096,2.62,450.896,0.211,relaxed_wt_1_Y_208_A_rep4.pdb
-89.533,-0.041,-1299.885,2.453,-715.101,2.615,449.337,-1.348,relaxed_wt_1_Y_260_I_rep2.pdb
-86.14,3.351,-1293.452,8.886,-711.573,6.143,450.334,-0.351,relaxed_wt_1_Y_136_R_rep5.pdb
-89.488,0.004,-1297.507,4.83,-712.694,5.022,450.191,-0.494,relaxed_wt_1_Y_265_V_rep1.pdb
-88.16,1.332,-1293.203,9.135,-709.798,7.918,450.824,0.139,relaxed_wt_1_Y_272_E_rep3.pdb
-88.114,1.377,-1301.813,0.525,-718.123,-0.406,450.826,0.141,relaxed_wt_1_Y_164_D_rep5.pdb
-89.614,-0.123,-1299.789,2.549,-714.866,2.85,449.485,-1.201,relaxed_wt_1_Y_139_R_rep5.pdb
-89.684,-0.193,-1298.823,3.515,-713.929,3.788,450.656,-0.029,relaxed_wt_1_Y_265_I_rep4.pdb
-89.618,-0.127,-1304.931,-2.593,-719.121,-1.404,450.187,-0.498,relaxed_wt_1_Y_261_F_rep1.pdb
-83.794,5.698,-1296.042,6.296,-716.963,0.754,451.324,0.639,relaxed_wt_1_Y_262_R_rep1.pdb
-89.506,-0.015,-1299.403,2.935,-714.577,3.14,450.826,0.141,relaxed_wt_1_Y_139_R_rep3.pdb
-90.039,-0.547,-1305.771,-3.434,-721.051,-3.334,451.885,1.2,relaxed_wt_1_Y_244_R_rep4.pdb
-89.171,0.32,-1301.456,0.882,-717.089,0.628,450.672,-0.013,relaxed_wt_1_Y_261_S_rep4.pdb
-90.485,-0.994,-1303.983,-1.645,-718.357,-0.64,450.958,0.272,relaxed_wt_1_Y_139_V_rep3.pdb
-85.393,4.098,-1293.191,9.147,-712.367,5.35,450.433,-0.252,relaxed_wt_1_Y_207_G_rep2.pdb
-89.888,-0.396,-1300.976,1.362,-715.602,2.115,449.788,-0.897,relaxed_wt_1_Y_184_A_rep4.pdb
-87.733,1.759,-1299.94,2.398,-717.02,0.697,449.34,-1.345,relaxed_wt_1_Y_268_C_rep2.pdb
-88.047,1.444,-1312.993,-10.655,-729.34,-11.623,450.349,-0.336,relaxed_wt_1_Y_298_T_rep1.pdb
-89.16,0.332,-1302.671,-0.333,-718.046,-0.329,449.649,-1.036,relaxed_wt_1_Y_259_S_rep2.pdb
-89.785,-0.293,-1295.219,7.119,-710.15,7.566,451.362,0.677,relaxed_wt_1_Y_137_G_rep1.pdb
-82.754,6.738,-1293.825,8.513,-717.136,0.581,453.34,2.655,relaxed_wt_1_Y_209_W_rep5.pdb
-87.106,2.386,-1302.342,-0.004,-720.494,-2.777,452.442,1.757,relaxed_wt_1_Y_140_S_rep4.pdb
-89.647,-0.155,-1296.893,5.445,-712.046,5.671,449.334,-1.351,relaxed_wt_1_Y_265_H_rep2.pdb
-89.087,0.405,-1301.403,0.935,-717.075,0.641,449.687,-0.998,relaxed_wt_1_Y_264_H_rep1.pdb
-88.835,0.657,-1300.93,1.408,-717.226,0.491,449.071,-1.614,relaxed_wt_1_Y_140_D_rep3.pdb
-90.059,-0.568,-1303.056,-0.718,-717.784,-0.068,450.821,0.136,relaxed_wt_1_Y_209_V_rep2.pdb
-89.235,0.257,-1300.905,1.433,-716.425,1.292,449.43,-1.255,relaxed_wt_1_Y_267_R_rep5.pdb
-86.632,2.86,-1296.762,5.576,-714.894,2.822,449.595,-1.09,relaxed_wt_1_Y_209_G_rep3.pdb
-87.718,1.774,-1300.644,1.694,-717.751,-0.034,449.848,-0.837,relaxed_wt_1_Y_164_N_rep2.pdb
-87.898,1.594,-1300.877,1.461,-717.783,-0.067,450.308,-0.377,relaxed_wt_1_Y_263_S_rep1.pdb
-89.303,0.188,-1299.992,2.346,-715.631,2.086,450.566,-0.119,relaxed_wt_1_Y_136_I_rep3.pdb
-88.36,1.131,-1298.687,3.651,-716.246,1.471,449.492,-1.193,relaxed_wt_1_Y_296_W_rep5.pdb
-87.312,2.18,-1296.866,5.472,-714.386,3.331,451.711,1.026,relaxed_wt_1_Y_132_I_rep2.pdb
-86.096,3.395,-1300.237,2.101,-718.956,-1.239,448.548,-2.137,relaxed_wt_1_Y_268_S_rep2.pdb
-87.299,2.193,-1294.214,8.124,-711.595,6.122,450.172,-0.513,relaxed_wt_1_Y_241_D_rep5.pdb
-89.748,-0.256,-1302.764,-0.427,-717.586,0.13,452.177,1.492,relaxed_wt_1_Y_298_N_rep2.pdb
-88.932,0.559,-1304.053,-1.715,-719.868,-2.151,450.452,-0.233,relaxed_wt_1_Y_187_V_rep4.pdb
-86.801,2.691,-1295.319,7.019,-712.993,4.724,450.528,-0.157,relaxed_wt_1_Y_205_T_rep2.pdb
-89.321,0.171,-1301.817,0.521,-717.26,0.456,450.671,-0.014,relaxed_wt_1_Y_206_V_rep5.pdb
-87.485,2.007,-1302.935,-0.597,-719.454,-1.737,449.648,-1.037,relaxed_wt_1_Y_297_N_rep4.pdb
-89.095,0.396,-1297.314,5.024,-712.987,4.73,449.644,-1.041,relaxed_wt_1_Y_205_L_rep3.pdb
-85.349,4.143,-1298.418,3.92,-717.728,-0.012,449.791,-0.894,relaxed_wt_1_Y_185_Q_rep3.pdb
-87.712,1.779,-1294.934,7.404,-711.911,5.806,451.254,0.569,relaxed_wt_1_Y_297_R_rep5.pdb
-90.691,-1.199,-1304.051,-1.713,-718.19,-0.474,449.403,-1.282,relaxed_wt_1_Y_267_Y_rep1.pdb
-89.336,0.155,-1298.593,3.745,-714.079,3.637,449.003,-1.682,relaxed_wt_1_Y_134_W_rep2.pdb
-89.023,0.468,-1297.618,4.72,-714.04,3.677,450.008,-0.677,relaxed_wt_1_Y_138_W_rep1.pdb
-87.042,2.45,-1299.594,2.744,-717.315,0.402,450.454,-0.231,relaxed_wt_1_Y_264_P_rep2.pdb
-85.356,4.135,-1300.179,2.159,-719.267,-1.55,452.605,1.92,relaxed_wt_1_Y_138_I_rep5.pdb
-89.93,-0.438,-1300.857,1.481,-715.448,2.269,448.497,-2.188,relaxed_wt_1_Y_184_N_rep1.pdb
-89.191,0.301,-1297.162,5.176,-712.135,5.582,450.997,0.312,relaxed_wt_1_Y_136_M_rep1.pdb
-89.516,-0.024,-1303.692,-1.354,-719.034,-1.317,450.593,-0.092,relaxed_wt_1_Y_271_F_rep3.pdb
-88.181,1.31,-1296.887,5.451,-713.511,4.206,450.365,-0.32,relaxed_wt_1_Y_241_A_rep5.pdb
-88.155,1.337,-1299.26,3.078,-715.963,1.753,449.418,-1.268,relaxed_wt_1_Y_264_Q_rep1.pdb
-85.717,3.774,-1296.461,5.876,-714.978,2.739,449.926,-0.759,relaxed_wt_1_Y_260_F_rep3.pdb
-84.639,4.853,-1296.696,5.642,-715.829,1.888,449.602,-1.083,relaxed_wt_1_Y_264_R_rep3.pdb
-89.407,0.084,-1299.732,2.606,-715.12,2.597,450.39,-0.295,relaxed_wt_1_Y_134_R_rep2.pdb
-86.388,3.103,-1305.273,-2.935,-723.59,-5.874,450.459,-0.226,relaxed_wt_1_Y_268_G_rep2.pdb
-89.457,0.035,-1301.937,0.401,-717.258,0.459,450.678,-0.007,relaxed_wt_1_Y_245_F_rep3.pdb
-88.456,1.035,-1308.577,-6.239,-724.82,-7.103,450.545,-0.14,relaxed_wt_1_Y_271_M_rep2.pdb
-88.004,1.487,-1299.331,3.007,-715.45,2.266,450.649,-0.036,relaxed_wt_1_Y_268_F_rep4.pdb
-85.707,3.784,-1300.653,1.685,-719.446,-1.73,450.566,-0.119,relaxed_wt_1_Y_262_D_rep1.pdb
-87.844,1.648,-1299.11,3.228,-715.954,1.763,450.692,0.007,relaxed_wt_1_Y_264_C_rep1.pdb
-86.517,2.974,-1300.468,1.87,-718.655,-0.939,451.394,0.709,relaxed_wt_1_Y_297_I_rep4.pdb
-87.571,1.92,-1303.589,-1.251,-720.773,-3.056,450.578,-0.108,relaxed_wt_1_Y_264_V_rep4.pdb
-90.179,-0.688,-1301.809,0.529,-716.284,1.433,450.3,-0.385,relaxed_wt_1_Y_139_E_rep2.pdb
-87.905,1.586,-1298.77,3.568,-715.708,2.008,451.785,1.099,relaxed_wt_1_Y_243_G_rep3.pdb
-90.691,-1.199,-1304.051,-1.713,-718.19,-0.474,449.403,-1.282,relaxed_wt_1_Y_267_Y_rep3.pdb
-89.32,0.171,-1302.363,-0.025,-717.825,-0.108,450.36,-0.325,relaxed_wt_1_Y_208_R_rep4.pdb
-88.973,0.518,-1299.088,3.25,-714.918,2.799,450.024,-0.661,relaxed_wt_1_Y_272_C_rep3.pdb
-82.323,7.169,-1293.611,8.727,-715.112,2.605,449.978,-0.707,relaxed_wt_1_Y_138_E_rep1.pdb
-88.135,1.357,-1302.916,-0.578,-719.566,-1.849,450.973,0.288,relaxed_wt_1_Y_264_L_rep4.pdb
-90.079,-0.587,-1301.896,0.441,-716.639,1.078,451.043,0.358,relaxed_wt_1_Y_139_W_rep1.pdb
-87.3,2.191,-1299.899,2.439,-717.198,0.519,450.947,0.262,relaxed_wt_1_Y_164_E_rep3.pdb
-89.86,-0.368,-1303.874,-1.536,-718.712,-0.995,449.62,-1.065,relaxed_wt_1_Y_267_N_rep4.pdb
-87.397,2.095,-1300.827,1.511,-718.149,-0.433,449.832,-0.853,relaxed_wt_1_Y_272_P_rep2.pdb
-89.373,0.119,-1298.464,3.874,-713.729,3.988,451.524,0.839,relaxed_wt_1_Y_137_H_rep4.pdb
-87.533,1.958,-1304.731,-2.393,-721.812,-4.095,452.01,1.325,relaxed_wt_1_Y_243_M_rep2.pdb
-89.293,0.199,-1296.202,6.136,-711.496,6.221,450.71,0.025,relaxed_wt_1_Y_206_D_rep3.pdb
-88.11,1.382,-1275.902,26.435,-692.932,24.784,450.998,0.313,relaxed_wt_1_Y_134_P_rep3.pdb
-89.054,0.437,-1301.632,0.706,-716.748,0.969,450.271,-0.414,relaxed_wt_1_Y_266_C_rep2.pdb
-88.471,1.02,-1298.395,3.943,-714.698,3.019,451.569,0.884,relaxed_wt_1_Y_272_M_rep2.pdb
-89.568,-0.076,-1302.332,0.006,-717.476,0.241,449.874,-0.811,relaxed_wt_1_Y_259_F_rep5.pdb
-87.451,2.041,-1296.551,5.787,-713.874,3.843,450.73,0.045,relaxed_wt_1_Y_205_Q_rep5.pdb
-88.017,1.475,-1299.058,3.28,-714.766,2.951,450.681,-0.004,relaxed_wt_1_Y_210_R_rep4.pdb
-89.295,0.197,-1302.85,-0.513,-718.133,-0.416,450.985,0.299,relaxed_wt_1_Y_186_R_rep4.pdb
-86.349,3.142,-1298.352,3.986,-716.503,1.214,449.866,-0.819,relaxed_wt_1_Y_136_V_rep3.pdb
-88.516,0.976,-1299.349,2.989,-716.208,1.509,450.122,-0.563,relaxed_wt_1_Y_296_W_rep4.pdb
-87.147,2.344,-1298.496,3.842,-716.259,1.458,450.157,-0.528,relaxed_wt_1_Y_163_T_rep1.pdb
-87.122,2.37,-1295.307,7.031,-712.582,5.135,450.286,-0.399,relaxed_wt_1_Y_205_A_rep3.pdb
-86.725,2.767,-1287.958,14.38,-705.722,11.995,451.028,0.343,relaxed_wt_1_Y_206_R_rep2.pdb
-89.804,-0.312,-1300.012,2.326,-714.825,2.892,450.827,0.142,relaxed_wt_1_Y_208_A_rep1.pdb
-88.631,0.86,-1303.178,-0.84,-719.08,-1.363,449.93,-0.755,relaxed_wt_1_Y_139_A_rep2.pdb
-87.109,2.383,-1300.423,1.915,-716.258,1.459,449.872,-0.813,relaxed_wt_1_Y_262_M_rep5.pdb
-89.751,-0.26,-1305.483,-3.145,-720.868,-3.151,450.213,-0.472,relaxed_wt_1_Y_244_H_rep2.pdb
-86.234,3.257,-1293.698,8.64,-712.103,5.614,449.644,-1.041,relaxed_wt_1_Y_205_S_rep4.pdb
-87.477,2.015,-1300.547,1.791,-718.19,-0.473,449.64,-1.045,relaxed_wt_1_Y_296_P_rep1.pdb
-89.735,-0.244,-1304.609,-2.271,-720.02,-2.303,448.646,-2.039,relaxed_wt_1_Y_244_H_rep1.pdb
-89.072,0.42,-1302.457,-0.119,-718.016,-0.299,449.402,-1.283,relaxed_wt_1_Y_266_G_rep4.pdb
-88.619,0.873,-1300.33,2.008,-716.689,1.028,451.099,0.414,relaxed_wt_1_Y_209_N_rep3.pdb
-89.334,0.158,-1301.547,0.791,-717.086,0.63,449.415,-1.27,relaxed_wt_1_Y_210_D_rep1.pdb
-85.551,3.941,-1291.347,10.991,-710.406,7.311,449.868,-0.817,relaxed_wt_1_Y_185_W_rep3.pdb
-85.229,4.262,-1293.029,9.309,-711.028,6.689,450.797,0.112,relaxed_wt_1_Y_205_K_rep2.pdb
-88.448,1.044,-1299.19,3.148,-715.351,2.366,450.305,-0.38,relaxed_wt_1_Y_133_H_rep3.pdb
-87.089,2.402,-1299.955,2.383,-717.547,0.17,449.928,-0.757,relaxed_wt_1_Y_163_P_rep3.pdb
-86.319,3.173,-1297.838,4.5,-716.302,1.414,449.192,-1.493,relaxed_wt_1_Y_209_M_rep5.pdb
-89.154,0.338,-1297.467,4.871,-713.046,4.671,450.565,-0.12,relaxed_wt_1_Y_187_K_rep1.pdb
-87.186,2.306,-1298.476,3.862,-715.795,1.922,449.872,-0.813,relaxed_wt_1_Y_136_D_rep4.pdb
-87.756,1.735,-1301.527,0.811,-719.554,-1.837,450.256,-0.429,relaxed_wt_1_Y_296_Y_rep5.pdb
-84.065,5.426,-1289.217,13.121,-706.674,11.043,450.272,-0.413,relaxed_wt_1_Y_272_K_rep2.pdb
-87.501,1.991,-1297.549,4.789,-714.901,2.816,449.573,-1.112,relaxed_wt_1_Y_297_G_rep5.pdb
-88.884,0.608,-1298.434,3.904,-714.054,3.663,450.421,-0.264,relaxed_wt_1_Y_184_P_rep1.pdb
-92.884,-3.393,-1299.758,2.58,-710.963,6.754,451.871,1.186,relaxed_wt_1_Y_186_M_rep2.pdb
-88.848,0.644,-1299.077,3.26,-714.401,3.316,448.793,-1.892,relaxed_wt_1_Y_205_V_rep1.pdb
-88.916,0.576,-1303.077,-0.739,-718.889,-1.172,449.296,-1.39,relaxed_wt_1_Y_298_R_rep3.pdb
-89.622,-0.13,-1302.191,0.147,-717.306,0.411,450.681,-0.004,relaxed_wt_1_Y_259_T_rep4.pdb
-88.859,0.633,-1300.309,2.029,-715.893,1.823,450.627,-0.058,relaxed_wt_1_Y_185_S_rep2.pdb
-88.281,1.211,-1301.604,0.734,-717.725,-0.008,448.195,-2.491,relaxed_wt_1_Y_243_Q_rep2.pdb
-86.735,2.757,-1291.343,10.995,-709.832,7.884,451.108,0.423,relaxed_wt_1_Y_245_E_rep2.pdb
-91.352,-1.861,-1301.676,0.662,-714.597,3.12,451.502,0.817,relaxed_wt_1_Y_264_W_rep5.pdb
-89.905,-0.413,-1306.921,-4.583,-721.147,-3.43,450.714,0.029,relaxed_wt_1_Y_267_L_rep4.pdb
-86.195,3.296,-1300.942,1.396,-719.336,-1.619,450.348,-0.337,relaxed_wt_1_Y_262_N_rep2.pdb
-89.362,0.129,-1301.028,1.31,-716.469,1.248,451.21,0.524,relaxed_wt_1_Y_267_R_rep2.pdb
-89.237,0.255,-1302.091,0.247,-717.682,0.035,450.413,-0.273,relaxed_wt_1_Y_205_Y_rep4.pdb
-89.141,0.35,-1303.202,-0.864,-718.812,-1.095,450.354,-0.331,relaxed_wt_1_Y_298_Q_rep5.pdb
-87.559,1.933,-1299.324,3.014,-717.208,0.509,450.892,0.207,relaxed_wt_1_Y_164_F_rep3.pdb
-90.806,-1.314,-1300.436,1.902,-714.293,3.424,451.167,0.482,relaxed_wt_1_Y_184_D_rep5.pdb
-89.422,0.07,-1301.857,0.48,-717.223,0.494,450.696,0.011,relaxed_wt_1_Y_133_E_rep2.pdb
-84.476,5.015,-1297.242,5.096,-717.169,0.548,448.323,-2.362,relaxed_wt_1_Y_207_S_rep4.pdb
-88.916,0.575,-1301.781,0.556,-717.613,0.103,449.374,-1.311,relaxed_wt_1_Y_272_V_rep5.pdb
-89.254,0.238,-1300.984,1.354,-716.548,1.168,449.692,-0.993,relaxed_wt_1_Y_205_F_rep1.pdb
-89.382,0.109,-1296.982,5.356,-712.399,5.318,450.662,-0.023,relaxed_wt_1_Y_137_R_rep2.pdb
-89.083,0.408,-1301.483,0.854,-717.192,0.525,450.409,-0.276,relaxed_wt_1_Y_135_L_rep1.pdb
-82.022,7.47,-1289.089,13.248,-712.009,5.708,456.111,5.426,relaxed_wt_1_Y_241_W_rep4.pdb
-87.969,1.523,-1298.992,3.346,-714.772,2.945,450.671,-0.014,relaxed_wt_1_Y_210_R_rep2.pdb
-82.754,6.738,-1293.825,8.513,-717.136,0.581,453.34,2.655,relaxed_wt_1_Y_209_W_rep2.pdb
-87.553,1.938,-1301.028,1.31,-717.885,-0.169,451.003,0.318,relaxed_wt_1_Y_132_P_rep4.pdb
-89.408,0.083,-1305.195,-2.858,-720.424,-2.707,449.621,-1.064,relaxed_wt_1_Y_208_H_rep1.pdb
-89.202,0.29,-1300.447,1.891,-716.003,1.714,448.85,-1.835,relaxed_wt_1_Y_162_C_rep2.pdb
-87.869,1.622,-1298.416,3.922,-715.134,2.582,449.794,-0.892,relaxed_wt_1_Y_270_N_rep1.pdb
-89.645,-0.154,-1304.721,-2.383,-719.326,-1.609,449.973,-0.712,relaxed_wt_1_Y_261_F_rep5.pdb
-89.354,0.138,-1301.348,0.99,-716.791,0.926,450.654,-0.031,relaxed_wt_1_Y_266_L_rep1.pdb
-76.516,12.975,-1288.738,13.599,-716.933,0.784,456.587,5.902,relaxed_wt_1_Y_242_K_rep2.pdb
-92.071,-2.579,-1299.33,3.008,-712.866,4.85,452.418,1.733,relaxed_wt_1_Y_140_M_rep2.pdb
-81.08,8.411,-1293.759,8.579,-715.115,2.602,452.719,2.034,relaxed_wt_1_Y_209_R_rep2.pdb
-88.693,0.798,-1298.219,4.119,-714.039,3.677,449.679,-1.007,relaxed_wt_1_Y_186_A_rep3.pdb
-88.356,1.136,-1299.212,3.126,-715.904,1.813,449.539,-1.146,relaxed_wt_1_Y_137_N_rep5.pdb
-89.058,0.434,-1294.969,7.369,-710.748,6.969,449.415,-1.271,relaxed_wt_1_Y_135_G_rep5.pdb
-85.778,3.714,-1301.924,0.413,-720.986,-3.27,449.589,-1.096,relaxed_wt_1_Y_268_E_rep2.pdb
-88.316,1.175,-1296.123,6.215,-713.092,4.625,451.683,0.998,relaxed_wt_1_Y_137_K_rep4.pdb
-89.491,0.001,-1300.998,1.339,-716.31,1.407,450.425,-0.26,relaxed_wt_1_Y_259_M_rep4.pdb
-89.374,0.118,-1299.543,2.795,-714.97,2.746,450.41,-0.276,relaxed_wt_1_Y_134_N_rep5.pdb
-87.842,1.649,-1304.773,-2.435,-721.818,-4.101,450.094,-0.591,relaxed_wt_1_Y_263_Y_rep2.pdb
-88.947,0.545,-1298.875,3.463,-714.535,3.182,449.229,-1.456,relaxed_wt_1_Y_205_V_rep2.pdb
-89.636,-0.145,-1305.719,-3.381,-720.755,-3.039,448.702,-1.983,relaxed_wt_1_Y_244_S_rep5.pdb
-89.241,0.251,-1301.969,0.369,-717.449,0.268,449.923,-0.762,relaxed_wt_1_Y_208_L_rep3.pdb
-88.669,0.823,-1299.526,2.812,-715.832,1.885,449.739,-0.946,relaxed_wt_1_Y_296_R_rep5.pdb
-86.916,2.575,-1298.498,3.84,-716.253,1.464,449.308,-1.377,relaxed_wt_1_Y_163_S_rep4.pdb
-88.727,0.764,-1304.367,-2.029,-720.298,-2.581,450.885,0.2,relaxed_wt_1_Y_140_P_rep3.pdb
-89.187,0.305,-1301.562,0.776,-717.175,0.541,450.418,-0.267,relaxed_wt_1_Y_135_L_rep2.pdb
-89.08,0.412,-1300.851,1.487,-716.119,1.598,450.662,-0.023,relaxed_wt_1_Y_135_I_rep3.pdb
-86.234,3.258,-1290.975,11.363,-709.089,8.628,449.636,-1.049,relaxed_wt_1_Y_205_G_rep2.pdb
-86.538,2.954,-1295.754,6.584,-714.389,3.328,451.626,0.941,relaxed_wt_1_Y_136_D_rep2.pdb
-89.457,0.035,-1301.937,0.401,-717.258,0.459,450.678,-0.007,relaxed_wt_1_Y_245_F_rep5.pdb
-88.172,1.32,-1302.785,-0.447,-719.542,-1.826,451.889,1.204,relaxed_wt_1_Y_298_W_rep5.pdb
-88.36,1.132,-1276.859,25.479,-693.528,24.189,450.078,-0.607,relaxed_wt_1_Y_134_P_rep4.pdb
-87.638,1.853,-1301.871,0.466,-718.974,-1.258,451.407,0.721,relaxed_wt_1_Y_163_E_rep2.pdb
-89.287,0.204,-1304.638,-2.3,-720.086,-2.369,450.365,-0.32,relaxed_wt_1_Y_261_Q_rep5.pdb
-91.08,-1.588,-1303.476,-1.138,-717.154,0.563,449.342,-1.343,relaxed_wt_1_Y_260_W_rep1.pdb
-87.884,1.608,-1297.17,5.168,-714.696,3.021,451.773,1.088,relaxed_wt_1_Y_139_Y_rep3.pdb
-83.884,5.607,-1290.136,12.202,-711.521,6.195,450.979,0.294,relaxed_wt_1_Y_297_W_rep1.pdb
-87.813,1.679,-1298.621,3.717,-714.974,2.743,449.021,-1.664,relaxed_wt_1_Y_264_N_rep4.pdb
-87.865,1.626,-1301.076,1.261,-718.072,-0.355,450.772,0.087,relaxed_wt_1_Y_133_K_rep2.pdb
-89.047,0.445,-1297.882,4.456,-713.167,4.55,450.013,-0.672,relaxed_wt_1_Y_260_A_rep2.pdb
-88.048,1.444,-1297.799,4.539,-713.73,3.987,452.587,1.901,relaxed_wt_1_Y_163_W_rep3.pdb
-88.035,1.456,-1299.538,2.8,-715.64,2.077,449.935,-0.75,relaxed_wt_1_Y_132_I_rep4.pdb
-90.864,-1.372,-1305.315,-2.977,-719.766,-2.049,451.209,0.524,relaxed_wt_1_Y_244_A_rep3.pdb
-88.822,0.67,-1298.645,3.693,-714.423,3.294,450.539,-0.146,relaxed_wt_1_Y_205_V_rep5.pdb
-89.292,0.199,-1299.918,2.42,-715.437,2.28,450.688,0.003,relaxed_wt_1_Y_162_W_rep3.pdb
-90.903,-1.412,-1305.36,-3.022,-719.766,-2.049,451.2,0.515,relaxed_wt_1_Y_244_A_rep4.pdb
-85.406,4.085,-1293.276,9.062,-712.449,5.267,450.738,0.053,relaxed_wt_1_Y_207_G_rep1.pdb
-85.385,4.106,-1297.794,4.544,-717.779,-0.062,451.194,0.509,relaxed_wt_1_Y_209_M_rep4.pdb
-88.548,0.943,-1300.63,1.708,-716.385,1.332,450.827,0.142,relaxed_wt_1_Y_133_L_rep1.pdb
-89.166,0.325,-1300.546,1.792,-716.05,1.667,450.585,-0.1,relaxed_wt_1_Y_266_M_rep4.pdb
-86.109,3.383,-1301.037,1.301,-719.716,-1.999,451.352,0.667,relaxed_wt_1_Y_268_I_rep2.pdb
-85.312,4.18,-1297.682,4.656,-716.357,1.359,449.464,-1.221,relaxed_wt_1_Y_207_H_rep4.pdb
-87.878,1.613,-1300.66,1.678,-717.674,0.043,450.56,-0.125,relaxed_wt_1_Y_164_N_rep3.pdb
-88.363,1.129,-1289.944,12.394,-706.303,11.414,450.32,-0.365,relaxed_wt_1_Y_245_K_rep2.pdb
-86.674,2.818,-1296.712,5.626,-715.068,2.649,450.372,-0.313,relaxed_wt_1_Y_209_G_rep1.pdb
-85.406,4.086,-1301.262,1.076,-720.674,-2.957,449.562,-1.123,relaxed_wt_1_Y_268_E_rep3.pdb
-89.132,0.359,-1296.94,5.398,-712.65,5.067,450.197,-0.488,relaxed_wt_1_Y_137_T_rep4.pdb
-87.25,2.241,-1299.479,2.859,-716.979,0.738,450.161,-0.524,relaxed_wt_1_Y_243_N_rep3.pdb
-88.603,0.888,-1300.273,2.065,-716.639,1.077,449.262,-1.423,relaxed_wt_1_Y_209_N_rep2.pdb
-89.616,-0.124,-1303.954,-1.616,-719.149,-1.432,451.607,0.922,relaxed_wt_1_Y_271_I_rep3.pdb
-89.772,-0.281,-1300.733,1.605,-715.539,2.178,450.664,-0.021,relaxed_wt_1_Y_261_M_rep2.pdb
-88.809,0.683,-1304.149,-1.812,-720.198,-2.482,450.609,-0.076,relaxed_wt_1_Y_262_I_rep1.pdb
-87.786,1.706,-1297.382,4.956,-714.146,3.57,451.12,0.434,relaxed_wt_1_Y_136_D_rep3.pdb
-87.256,2.236,-1301.969,0.369,-719.369,-1.653,450.228,-0.457,relaxed_wt_1_Y_270_L_rep1.pdb
-87.586,1.906,-1300.879,1.459,-718.588,-0.872,450.919,0.234,relaxed_wt_1_Y_268_K_rep2.pdb
-89.163,0.329,-1302.858,-0.52,-718.315,-0.598,450.645,-0.04,relaxed_wt_1_Y_208_V_rep2.pdb
-93.497,-4.006,-1301.167,1.171,-711.749,5.968,450.176,-0.509,relaxed_wt_1_Y_184_M_rep3.pdb
-88.736,0.755,-1303.58,-1.242,-719.921,-2.204,452.013,1.328,relaxed_wt_1_Y_298_F_rep2.pdb
-88.25,1.241,-1298.86,3.478,-715.33,2.387,451.067,0.382,relaxed_wt_1_Y_139_T_rep1.pdb
-87.422,2.07,-1300.084,2.253,-716.923,0.794,449.78,-0.905,relaxed_wt_1_Y_263_F_rep1.pdb
-89.394,0.097,-1297.493,4.844,-712.75,4.967,451.178,0.493,relaxed_wt_1_Y_265_V_rep3.pdb
-88.094,1.398,-1301.97,0.368,-718.438,-0.721,449.203,-1.482,relaxed_wt_1_Y_243_A_rep3.pdb
-89.761,-0.269,-1298.858,3.48,-714.024,3.693,450.22,-0.465,relaxed_wt_1_Y_137_Y_rep1.pdb
-89.69,-0.199,-1302.051,0.287,-717.102,0.615,449.646,-1.039,relaxed_wt_1_Y_259_T_rep5.pdb
-89.112,0.38,-1296.035,6.303,-710.617,7.099,450.395,-0.29,relaxed_wt_1_Y_184_W_rep2.pdb
-87.989,1.503,-1295.027,7.311,-711.741,5.976,449.633,-1.052,relaxed_wt_1_Y_205_C_rep4.pdb
-89.655,-0.163,-1298.829,3.509,-713.965,3.752,450.659,-0.026,relaxed_wt_1_Y_265_I_rep1.pdb
-88.144,1.348,-1298.3,4.038,-714.774,2.943,448.802,-1.883,relaxed_wt_1_Y_261_G_rep4.pdb
-89.402,0.09,-1301.769,0.569,-717.147,0.57,450.687,0.002,relaxed_wt_1_Y_267_D_rep2.pdb
-86.855,2.637,-1296.858,5.48,-713.757,3.959,450.719,0.034,relaxed_wt_1_Y_185_M_rep1.pdb
-87.398,2.094,-1302.992,-0.654,-720.814,-3.098,451.957,1.272,relaxed_wt_1_Y_140_A_rep5.pdb
-89.112,0.38,-1297.447,4.891,-713.103,4.614,449.333,-1.352,relaxed_wt_1_Y_205_L_rep2.pdb
-89.43,0.061,-1300.404,1.934,-716.347,1.37,451.591,0.906,relaxed_wt_1_Y_140_C_rep3.pdb
-88.964,0.528,-1294.694,7.644,-710.571,7.146,450.844,0.159,relaxed_wt_1_Y_241_T_rep3.pdb
-89.216,0.276,-1304.003,-1.665,-719.286,-1.569,450.58,-0.105,relaxed_wt_1_Y_298_V_rep2.pdb
-89.844,-0.352,-1297.415,4.923,-712.374,5.343,449.899,-0.786,relaxed_wt_1_Y_265_S_rep4.pdb
-88.267,1.225,-1294.83,7.508,-711.712,6.005,450.419,-0.266,relaxed_wt_1_Y_241_L_rep3.pdb
-89.292,0.199,-1301.55,0.788,-717.07,0.647,450.422,-0.263,relaxed_wt_1_Y_266_W_rep1.pdb
-89.185,0.306,-1303.519,-1.181,-719.077,-1.36,449.044,-1.641,relaxed_wt_1_Y_162_L_rep3.pdb
-85.867,3.625,-1296.146,6.192,-713.821,3.895,450.896,0.211,relaxed_wt_1_Y_140_K_rep5.pdb
-88.118,1.373,-1303.631,-1.293,-720.873,-3.156,449.308,-1.377,relaxed_wt_1_Y_139_S_rep1.pdb
-89.059,0.433,-1305.116,-2.778,-720.893,-3.176,449.665,-1.02,relaxed_wt_1_Y_271_D_rep4.pdb
-85.403,4.089,-1300.072,2.266,-718.935,-1.218,451.058,0.373,relaxed_wt_1_Y_209_Q_rep5.pdb
-88.937,0.554,-1302.217,0.121,-718.089,-0.372,450.709,0.024,relaxed_wt_1_Y_260_Y_rep5.pdb
-87.024,2.468,-1301.847,0.491,-718.454,-0.737,450.133,-0.552,relaxed_wt_1_Y_263_V_rep5.pdb
-85.282,4.21,-1298.486,3.852,-717.832,-0.116,450.791,0.106,relaxed_wt_1_Y_185_Q_rep5.pdb
-90.025,-0.534,-1301.54,0.798,-715.92,1.796,450.941,0.256,relaxed_wt_1_Y_186_L_rep5.pdb
-86.504,2.988,-1297.722,4.615,-715.068,2.649,449.797,-0.888,relaxed_wt_1_Y_242_Q_rep5.pdb
-89.5,-0.009,-1295.181,7.157,-710.38,7.337,451.095,0.41,relaxed_wt_1_Y_137_G_rep2.pdb
-87.318,2.174,-1300.276,2.062,-717.221,0.495,449.131,-1.554,relaxed_wt_1_Y_263_F_rep4.pdb
-86.307,3.184,-1299.887,2.451,-718.822,-1.105,451.601,0.916,relaxed_wt_1_Y_297_K_rep4.pdb
-87.846,1.646,-1299.182,3.156,-716.028,1.689,450.729,0.043,relaxed_wt_1_Y_264_C_rep2.pdb
-89.011,0.481,-1300.031,2.307,-715.393,2.323,450.18,-0.505,relaxed_wt_1_Y_270_M_rep2.pdb
-88.232,1.26,-1295.515,6.823,-711.939,5.777,449.728,-0.957,relaxed_wt_1_Y_184_W_rep5.pdb
-89.444,0.048,-1302.354,-0.016,-717.721,-0.004,449.972,-0.713,relaxed_wt_1_Y_242_V_rep3.pdb
-88.669,0.823,-1301.304,1.034,-717.505,0.211,451.021,0.336,relaxed_wt_1_Y_139_C_rep4.pdb
-89.086,0.406,-1300.576,1.762,-715.952,1.765,449.744,-0.941,relaxed_wt_1_Y_184_S_rep3.pdb
-88.48,1.012,-1306.708,-4.37,-722.978,-5.262,449.736,-0.949,relaxed_wt_1_Y_271_T_rep1.pdb
-87.837,1.655,-1301.092,1.246,-718.609,-0.893,450.197,-0.488,relaxed_wt_1_Y_268_K_rep3.pdb
-89.995,-0.504,-1300.928,1.41,-715.504,2.212,450.33,-0.355,relaxed_wt_1_Y_139_C_rep1.pdb
-81.928,7.563,-1294.451,7.887,-714.597,3.12,453.244,2.559,relaxed_wt_1_Y_132_H_rep2.pdb
-85.711,3.781,-1296.297,6.041,-714.075,3.642,449.743,-0.942,relaxed_wt_1_Y_185_H_rep1.pdb
-88.989,0.503,-1293.528,8.81,-709.41,8.307,450.794,0.109,relaxed_wt_1_Y_206_F_rep5.pdb
-88.061,1.431,-1275.299,27.039,-692.356,25.36,451.323,0.638,relaxed_wt_1_Y_134_P_rep1.pdb
-90.025,-0.534,-1301.208,1.13,-715.423,2.294,449.642,-1.043,relaxed_wt_1_Y_259_L_rep1.pdb
-89.195,0.296,-1302.213,0.125,-717.749,-0.032,450.449,-0.236,relaxed_wt_1_Y_266_Q_rep1.pdb
-89.307,0.184,-1298.75,3.588,-714.322,3.394,450.721,0.036,relaxed_wt_1_Y_135_M_rep3.pdb
-89.595,-0.103,-1300.39,1.948,-714.298,3.419,450.707,0.021,relaxed_wt_1_Y_133_M_rep1.pdb
-88.45,1.041,-1306.74,-4.402,-723.034,-5.317,450.638,-0.047,relaxed_wt_1_Y_268_L_rep5.pdb
-91.017,-1.525,-1302.805,-0.467,-717.13,0.587,451.088,0.403,relaxed_wt_1_Y_244_C_rep1.pdb
-83.502,5.99,-1293.127,9.211,-712.789,4.928,451.125,0.44,relaxed_wt_1_Y_185_K_rep1.pdb
-89.368,0.123,-1300.158,2.18,-715.621,2.096,450.76,0.075,relaxed_wt_1_Y_259_A_rep1.pdb
-87.653,1.839,-1296.5,5.838,-713.659,4.057,450.677,-0.008,relaxed_wt_1_Y_245_T_rep4.pdb
-89.529,-0.038,-1300.555,1.783,-715.806,1.911,451.02,0.335,relaxed_wt_1_Y_139_F_rep2.pdb
-87.972,1.52,-1299.681,2.657,-715.741,1.976,450.765,0.08,relaxed_wt_1_Y_243_N_rep5.pdb
-89.397,0.095,-1303.415,-1.077,-719.23,-1.513,450.886,0.201,relaxed_wt_1_Y_244_V_rep5.pdb
-89.464,0.027,-1302.37,-0.032,-717.732,-0.015,450.391,-0.294,relaxed_wt_1_Y_207_Y_rep1.pdb
-88.031,1.46,-1301.802,0.536,-718.653,-0.936,450.723,0.038,relaxed_wt_1_Y_263_E_rep5.pdb
-90.471,-0.979,-1304.913,-2.575,-719.726,-2.009,449.653,-1.032,relaxed_wt_1_Y_244_I_rep1.pdb
-87.087,2.404,-1298.799,3.539,-716.445,1.271,449.102,-1.583,relaxed_wt_1_Y_263_G_rep3.pdb
-90.318,-0.826,-1305.662,-3.324,-720.597,-2.88,450.693,0.008,relaxed_wt_1_Y_244_I_rep4.pdb
-89.194,0.298,-1303.977,-1.639,-719.297,-1.58,449.581,-1.105,relaxed_wt_1_Y_298_V_rep1.pdb
-87.343,2.149,-1297.714,4.624,-714.594,3.123,451.466,0.781,relaxed_wt_1_Y_242_M_rep2.pdb
-86.312,3.179,-1293.735,8.603,-712.086,5.63,451.336,0.651,relaxed_wt_1_Y_205_P_rep5.pdb
-87.06,2.432,-1298.611,3.726,-715.789,1.927,450.102,-0.584,relaxed_wt_1_Y_132_R_rep3.pdb
-89.171,0.32,-1296.157,6.181,-711.672,6.044,450.424,-0.261,relaxed_wt_1_Y_206_S_rep1.pdb
-85.272,4.22,-1289.599,12.739,-708.167,9.55,449.369,-1.316,relaxed_wt_1_Y_241_R_rep5.pdb
-89.307,0.184,-1300.16,2.178,-715.592,2.124,450.658,-0.027,relaxed_wt_1_Y_259_C_rep1.pdb
-89.067,0.425,-1297.553,4.785,-713.201,4.516,450.629,-0.056,relaxed_wt_1_Y_260_A_rep4.pdb
-88.279,1.213,-1300.988,1.35,-718.004,-0.287,450.035,-0.65,relaxed_wt_1_Y_296_I_rep5.pdb
-89.07,0.422,-1298.591,3.747,-713.957,3.76,449.77,-0.915,relaxed_wt_1_Y_243_E_rep2.pdb
-87.327,2.165,-1291.366,10.972,-708.595,9.122,450.634,-0.051,relaxed_wt_1_Y_133_P_rep1.pdb
-85.797,3.694,-1298.175,4.163,-716.274,1.443,451.835,1.15,relaxed_wt_1_Y_207_T_rep1.pdb
-87.829,1.662,-1303.053,-0.715,-720.127,-2.41,451.158,0.473,relaxed_wt_1_Y_270_I_rep1.pdb
-89.723,-0.231,-1301.937,0.401,-717.233,0.483,450.699,0.014,relaxed_wt_1_Y_296_T_rep4.pdb
-83.639,5.852,-1293.254,9.084,-712.482,5.234,451.216,0.531,relaxed_wt_1_Y_136_K_rep1.pdb
-87.401,2.091,-1295.093,7.245,-712.375,5.341,449.693,-0.992,relaxed_wt_1_Y_205_R_rep2.pdb
-87.993,1.498,-1300.504,1.834,-717.291,0.426,449.498,-1.187,relaxed_wt_1_Y_133_N_rep2.pdb
-88.273,1.218,-1298.237,4.101,-714.813,2.904,450.194,-0.491,relaxed_wt_1_Y_205_H_rep2.pdb
-89.455,0.037,-1299.433,2.905,-714.947,2.77,450.699,0.014,relaxed_wt_1_Y_133_Y_rep5.pdb
-87.55,1.942,-1302.284,0.054,-719.247,-1.53,450.4,-0.285,relaxed_wt_1_Y_243_A_rep1.pdb
-88.682,0.81,-1302.768,-0.43,-717.532,0.185,448.378,-2.307,relaxed_wt_1_Y_262_L_rep5.pdb
-88.804,0.688,-1299.68,2.658,-715.372,2.344,449.905,-0.78,relaxed_wt_1_Y_185_S_rep1.pdb
-88.107,1.385,-1298.885,3.453,-715.805,1.911,452.211,1.526,relaxed_wt_1_Y_245_L_rep1.pdb
-88.818,0.674,-1301.53,0.808,-717.071,0.646,450.847,0.162,relaxed_wt_1_Y_268_R_rep5.pdb
-88.039,1.452,-1294.835,7.503,-711.512,6.205,448.955,-1.73,relaxed_wt_1_Y_205_C_rep2.pdb
-82.754,6.738,-1293.825,8.513,-717.136,0.581,453.34,2.655,relaxed_wt_1_Y_209_W_rep1.pdb
-89.251,0.241,-1301.905,0.433,-717.381,0.336,449.285,-1.4,relaxed_wt_1_Y_264_F_rep5.pdb
-89.188,0.304,-1299.948,2.39,-715.389,2.328,448.958,-1.727,relaxed_wt_1_Y_185_A_rep4.pdb
-84.643,4.848,-1306.509,-4.171,-726.205,-8.488,450.238,-0.447,relaxed_wt_1_Y_270_K_rep4.pdb
-89.423,0.068,-1301.467,0.871,-716.842,0.875,450.683,-0.003,relaxed_wt_1_Y_137_I_rep5.pdb
-87.189,2.303,-1297.628,4.71,-715.204,2.512,451.624,0.939,relaxed_wt_1_Y_243_F_rep2.pdb
-83.653,5.839,-1287.892,14.446,-707.562,10.155,452.061,1.376,relaxed_wt_1_Y_207_W_rep4.pdb
-85.641,3.851,-1293.494,8.844,-711.204,6.513,450.603,-0.082,relaxed_wt_1_Y_263_W_rep4.pdb
-90.181,-0.689,-1302.278,0.06,-717.118,0.599,451.665,0.98,relaxed_wt_1_Y_187_Q_rep5.pdb
-88.879,0.612,-1298.205,4.133,-714.141,3.576,450.501,-0.184,relaxed_wt_1_Y_135_K_rep3.pdb
-89.633,-0.142,-1294.433,7.905,-710.482,7.235,450.863,0.178,relaxed_wt_1_Y_244_P_rep2.pdb
-82.754,6.738,-1293.825,8.513,-717.136,0.581,453.34,2.655,relaxed_wt_1_Y_209_W_rep3.pdb
-87.974,1.518,-1302.407,-0.069,-719.843,-2.127,451.995,1.31,relaxed_wt_1_Y_209_T_rep5.pdb
-90.074,-0.582,-1299.111,3.226,-713.875,3.842,449.835,-0.85,relaxed_wt_1_Y_133_I_rep1.pdb
-88.367,1.125,-1299.413,2.925,-716.039,1.678,450.826,0.141,relaxed_wt_1_Y_272_P_rep3.pdb
-86.057,3.435,-1295.017,7.321,-713.688,4.028,450.707,0.021,relaxed_wt_1_Y_205_S_rep2.pdb
-89.575,-0.083,-1301.519,0.819,-716.683,1.034,450.923,0.238,relaxed_wt_1_Y_210_I_rep2.pdb
-87.248,2.244,-1291.313,11.025,-708.878,8.839,451.116,0.431,relaxed_wt_1_Y_185_Y_rep2.pdb
-88.674,0.818,-1307.798,-5.461,-723.946,-6.229,451.03,0.345,relaxed_wt_1_Y_271_K_rep2.pdb
-89.227,0.264,-1294.997,7.341,-710.418,7.299,450.537,-0.149,relaxed_wt_1_Y_206_Q_rep2.pdb
-89.793,-0.302,-1294.794,7.544,-709.777,7.94,450.543,-0.142,relaxed_wt_1_Y_137_E_rep5.pdb
-87.077,2.415,-1287.649,14.689,-706.091,11.626,450.849,0.164,relaxed_wt_1_Y_164_P_rep5.pdb
-89.634,-0.142,-1303.665,-1.327,-718.832,-1.115,449.768,-0.918,relaxed_wt_1_Y_261_Y_rep2.pdb
-88.638,0.853,-1308.509,-6.171,-724.743,-7.026,449.54,-1.145,relaxed_wt_1_Y_271_Q_rep1.pdb
-88.553,0.938,-1300.093,2.245,-716.421,1.296,450.677,-0.008,relaxed_wt_1_Y_296_A_rep2.pdb
-86.725,2.766,-1295.907,6.431,-714.021,3.696,450.24,-0.445,relaxed_wt_1_Y_136_Q_rep2.pdb
-88.78,0.711,-1298.052,4.286,-713.661,4.056,450.52,-0.165,relaxed_wt_1_Y_264_E_rep1.pdb
-88.074,1.417,-1297.89,4.448,-714.579,3.138,448.997,-1.688,relaxed_wt_1_Y_245_M_rep1.pdb
-87.62,1.872,-1294.567,7.771,-711.632,6.084,451.64,0.954,relaxed_wt_1_Y_241_D_rep4.pdb
-85.647,3.844,-1299.553,2.785,-718.852,-1.135,450.76,0.075,relaxed_wt_1_Y_164_D_rep4.pdb
-85.278,4.214,-1292.169,10.169,-711.595,6.121,449.677,-1.008,relaxed_wt_1_Y_242_G_rep1.pdb
-89.278,0.213,-1299.113,3.225,-714.363,3.354,451.922,1.236,relaxed_wt_1_Y_208_G_rep3.pdb
-86.372,3.12,-1296.328,6.01,-714.227,3.49,449.668,-1.017,relaxed_wt_1_Y_263_P_rep1.pdb
-90.073,-0.582,-1299.77,2.568,-714.496,3.221,449.497,-1.188,relaxed_wt_1_Y_133_I_rep4.pdb
-89.066,0.426,-1298.352,3.986,-714.086,3.631,451.654,0.969,relaxed_wt_1_Y_135_A_rep2.pdb
-89.516,-0.024,-1303.692,-1.354,-719.034,-1.317,450.593,-0.092,relaxed_wt_1_Y_271_F_rep2.pdb
-88.019,1.473,-1301.357,0.981,-717.663,0.054,450.208,-0.477,relaxed_wt_1_Y_260_L_rep3.pdb
-88.051,1.441,-1298.336,4.002,-715.063,2.654,450.377,-0.308,relaxed_wt_1_Y_270_S_rep1.pdb
-85.767,3.724,-1296.345,5.993,-714.998,2.719,452.276,1.591,relaxed_wt_1_Y_136_E_rep4.pdb
-89.335,0.157,-1301.629,0.709,-717.034,0.683,450.626,-0.059,relaxed_wt_1_Y_210_V_rep2.pdb
-83.783,5.709,-1295.244,7.094,-715.171,2.546,450.248,-0.437,relaxed_wt_1_Y_138_R_rep2.pdb
-88.941,0.55,-1300.005,2.332,-715.836,1.881,451.333,0.648,relaxed_wt_1_Y_242_C_rep2.pdb
-88.32,1.171,-1291.991,10.347,-708.426,9.29,450.486,-0.199,relaxed_wt_1_Y_272_E_rep4.pdb
-85.041,4.451,-1297.624,4.713,-714.663,3.053,451.255,0.57,relaxed_wt_1_Y_132_K_rep4.pdb
-90.708,-1.216,-1300.586,1.752,-714.646,3.071,450.706,0.021,relaxed_wt_1_Y_186_V_rep5.pdb
-87.197,2.294,-1296.275,6.063,-713.916,3.801,449.446,-1.239,relaxed_wt_1_Y_205_N_rep2.pdb
-87.758,1.733,-1299.948,2.39,-716.998,0.719,450.401,-0.284,relaxed_wt_1_Y_268_C_rep3.pdb
-91.715,-2.223,-1301.375,0.963,-714.481,3.235,451.493,0.808,relaxed_wt_1_Y_210_W_rep1.pdb
-86.765,2.726,-1295.888,6.45,-713.998,3.718,451.614,0.929,relaxed_wt_1_Y_136_Q_rep1.pdb
-90.679,-1.188,-1297.103,5.235,-710.754,6.962,451.525,0.84,relaxed_wt_1_Y_186_F_rep3.pdb
-87.81,1.682,-1300.251,2.087,-717.231,0.486,450.08,-0.605,relaxed_wt_1_Y_263_C_rep1.pdb
-87.866,1.626,-1304.007,-1.669,-720.695,-2.979,451.538,0.853,relaxed_wt_1_Y_271_G_rep4.pdb
-86.201,3.291,-1291.096,11.242,-709.223,8.494,449.0,-1.685,relaxed_wt_1_Y_205_G_rep4.pdb
-87.704,1.787,-1299.08,3.258,-716.15,1.567,449.683,-1.002,relaxed_wt_1_Y_133_R_rep2.pdb
-88.107,1.384,-1300.714,1.624,-716.872,0.844,450.735,0.049,relaxed_wt_1_Y_270_F_rep1.pdb
-89.0,0.492,-1301.348,0.989,-717.056,0.66,449.9,-0.785,relaxed_wt_1_Y_162_N_rep3.pdb
-90.435,-0.944,-1297.385,4.953,-712.746,4.971,450.942,0.257,relaxed_wt_1_Y_244_P_rep5.pdb
-88.1,1.392,-1299.323,3.015,-715.516,2.201,449.397,-1.288,relaxed_wt_1_Y_162_F_rep3.pdb
-90.563,-1.072,-1304.641,-2.303,-717.971,-0.254,451.053,0.368,relaxed_wt_1_Y_244_L_rep1.pdb
-89.422,0.07,-1301.857,0.48,-717.223,0.494,450.696,0.011,relaxed_wt_1_Y_133_E_rep1.pdb
-83.484,6.008,-1291.336,11.002,-712.926,4.791,452.221,1.536,relaxed_wt_1_Y_241_P_rep1.pdb
-90.491,-0.999,-1300.214,2.124,-714.301,3.416,451.992,1.306,relaxed_wt_1_Y_139_D_rep5.pdb
-89.826,-0.335,-1300.106,2.232,-712.905,4.812,450.978,0.293,relaxed_wt_1_Y_140_R_rep5.pdb
-86.928,2.563,-1298.458,3.88,-716.07,1.647,450.971,0.286,relaxed_wt_1_Y_163_I_rep1.pdb
-87.296,2.195,-1299.577,2.76,-716.972,0.744,450.088,-0.597,relaxed_wt_1_Y_243_N_rep2.pdb
-83.098,6.394,-1279.191,23.147,-700.611,17.106,451.562,0.877,relaxed_wt_1_Y_243_W_rep1.pdb
-87.58,1.911,-1303.646,-1.308,-721.528,-3.811,450.492,-0.193,relaxed_wt_1_Y_208_M_rep2.pdb
-89.516,-0.025,-1299.991,2.347,-715.186,2.53,450.635,-0.05,relaxed_wt_1_Y_260_I_rep4.pdb
-86.296,3.195,-1297.023,5.315,-714.791,2.926,450.693,0.007,relaxed_wt_1_Y_207_T_rep3.pdb
-88.136,1.356,-1297.055,5.282,-713.336,4.38,451.031,0.346,relaxed_wt_1_Y_185_V_rep4.pdb
-87.251,2.24,-1299.429,2.909,-716.006,1.711,449.029,-1.656,relaxed_wt_1_Y_185_N_rep2.pdb
-90.097,-0.605,-1299.157,3.181,-713.851,3.866,449.36,-1.325,relaxed_wt_1_Y_261_C_rep5.pdb
-89.102,0.389,-1301.37,0.968,-717.025,0.691,450.403,-0.282,relaxed_wt_1_Y_264_H_rep2.pdb
-89.861,-0.37,-1299.11,3.228,-713.972,3.745,451.584,0.899,relaxed_wt_1_Y_265_D_rep1.pdb
-90.028,-0.537,-1302.785,-0.447,-717.503,0.214,450.407,-0.278,relaxed_wt_1_Y_132_D_rep4.pdb
-86.917,2.575,-1297.548,4.79,-715.43,2.287,451.557,0.872,relaxed_wt_1_Y_163_V_rep5.pdb
-85.313,4.179,-1291.832,10.506,-711.256,6.461,449.012,-1.673,relaxed_wt_1_Y_242_G_rep2.pdb
-89.408,0.084,-1301.407,0.93,-716.928,0.789,450.088,-0.597,relaxed_wt_1_Y_209_C_rep5.pdb
-89.377,0.114,-1298.886,3.452,-714.34,3.377,449.364,-1.321,relaxed_wt_1_Y_134_T_rep3.pdb
-88.882,0.61,-1297.729,4.609,-713.385,4.332,451.034,0.349,relaxed_wt_1_Y_136_M_rep5.pdb
-85.34,4.151,-1298.903,3.435,-719.187,-1.471,450.594,-0.091,relaxed_wt_1_Y_140_L_rep3.pdb
-88.697,0.794,-1310.673,-8.335,-727.016,-9.299,450.738,0.053,relaxed_wt_1_Y_268_A_rep2.pdb
-88.333,1.158,-1294.804,7.534,-711.2,6.516,450.663,-0.022,relaxed_wt_1_Y_245_N_rep2.pdb
-87.985,1.507,-1297.538,4.8,-714.053,3.664,450.626,-0.059,relaxed_wt_1_Y_210_P_rep4.pdb
-82.262,7.23,-1279.078,23.26,-700.806,16.91,451.815,1.13,relaxed_wt_1_Y_136_P_rep4.pdb
-88.43,1.061,-1300.381,1.956,-716.905,0.812,449.865,-0.82,relaxed_wt_1_Y_164_F_rep5.pdb
-86.319,3.173,-1299.636,2.701,-717.402,0.315,450.303,-0.382,relaxed_wt_1_Y_263_I_rep3.pdb
-86.965,2.526,-1297.842,4.496,-715.75,1.967,451.071,0.386,relaxed_wt_1_Y_163_D_rep3.pdb
-89.437,0.054,-1296.336,6.002,-711.554,6.163,448.991,-1.694,relaxed_wt_1_Y_206_D_rep1.pdb
-87.607,1.885,-1296.758,5.579,-714.017,3.7,450.723,0.038,relaxed_wt_1_Y_133_C_rep4.pdb
-85.812,3.679,-1295.533,6.805,-714.382,3.335,449.861,-0.824,relaxed_wt_1_Y_136_E_rep1.pdb
-88.228,1.264,-1298.921,3.417,-715.501,2.216,449.602,-1.083,relaxed_wt_1_Y_270_S_rep5.pdb
-89.428,0.063,-1302.203,0.135,-717.769,-0.052,448.931,-1.754,relaxed_wt_1_Y_209_I_rep2.pdb
-87.248,2.243,-1301.786,0.552,-719.779,-2.062,449.596,-1.089,relaxed_wt_1_Y_186_D_rep5.pdb
-85.397,4.095,-1295.828,6.51,-713.701,4.016,451.031,0.346,relaxed_wt_1_Y_185_H_rep2.pdb
-89.406,0.086,-1302.241,0.097,-717.652,0.064,450.386,-0.299,relaxed_wt_1_Y_241_E_rep1.pdb
-85.688,3.803,-1294.412,7.925,-713.638,4.079,449.443,-1.242,relaxed_wt_1_Y_205_D_rep3.pdb
-88.168,1.324,-1308.226,-5.888,-724.751,-7.034,451.079,0.394,relaxed_wt_1_Y_271_S_rep5.pdb
-89.592,-0.1,-1303.832,-1.495,-719.077,-1.36,449.399,-1.286,relaxed_wt_1_Y_267_N_rep5.pdb
-88.505,0.986,-1302.092,0.246,-718.353,-0.636,449.851,-0.834,relaxed_wt_1_Y_138_Y_rep2.pdb
-90.236,-0.745,-1300.933,1.405,-715.299,2.418,450.0,-0.685,relaxed_wt_1_Y_139_N_rep3.pdb
-88.312,1.179,-1299.7,2.638,-716.305,1.411,449.18,-1.505,relaxed_wt_1_Y_184_V_rep5.pdb
-87.581,1.911,-1297.449,4.889,-714.379,3.337,449.47,-1.215,relaxed_wt_1_Y_272_S_rep4.pdb
-88.495,0.997,-1301.521,0.817,-717.316,0.401,450.493,-0.192,relaxed_wt_1_Y_164_V_rep2.pdb
-87.242,2.249,-1296.552,5.786,-714.274,3.443,450.589,-0.096,relaxed_wt_1_Y_209_D_rep2.pdb
-87.621,1.87,-1301.833,0.505,-719.292,-1.575,450.368,-0.317,relaxed_wt_1_Y_140_N_rep5.pdb
-89.778,-0.286,-1302.224,0.114,-716.689,1.028,449.635,-1.05,relaxed_wt_1_Y_259_L_rep5.pdb
-88.438,1.054,-1293.007,9.331,-709.291,8.426,450.362,-0.323,relaxed_wt_1_Y_245_Q_rep1.pdb
-89.443,0.048,-1302.505,-0.167,-717.832,-0.116,451.181,0.496,relaxed_wt_1_Y_242_V_rep1.pdb
-84.556,4.936,-1297.14,5.198,-717.005,0.711,451.688,1.003,relaxed_wt_1_Y_207_S_rep5.pdb
-83.767,5.724,-1281.124,21.214,-701.938,15.779,449.888,-0.797,relaxed_wt_1_Y_243_R_rep2.pdb
-89.031,0.46,-1296.57,5.768,-712.319,5.397,449.324,-1.361,relaxed_wt_1_Y_245_H_rep5.pdb
-76.443,13.048,-1288.763,13.575,-716.998,0.719,458.113,7.428,relaxed_wt_1_Y_242_K_rep3.pdb
-89.362,0.129,-1301.136,1.201,-716.569,1.148,449.327,-1.359,relaxed_wt_1_Y_134_Y_rep4.pdb
-87.527,1.964,-1301.876,0.462,-719.104,-1.387,450.622,-0.063,relaxed_wt_1_Y_296_D_rep4.pdb
-88.71,0.782,-1297.748,4.59,-713.771,3.946,450.502,-0.183,relaxed_wt_1_Y_139_Y_rep1.pdb
-89.188,0.304,-1303.016,-0.678,-718.601,-0.885,449.938,-0.747,relaxed_wt_1_Y_187_P_rep5.pdb
-85.583,3.909,-1296.03,6.308,-714.71,3.007,451.418,0.733,relaxed_wt_1_Y_132_F_rep1.pdb
-87.832,1.66,-1302.666,-0.328,-719.589,-1.872,449.749,-0.936,relaxed_wt_1_Y_270_P_rep1.pdb
-89.143,0.349,-1301.223,1.114,-716.718,0.999,450.724,0.039,relaxed_wt_1_Y_266_C_rep5.pdb
-86.011,3.48,-1294.967,7.371,-713.672,4.045,451.713,1.028,relaxed_wt_1_Y_205_S_rep1.pdb
-89.104,0.388,-1302.989,-0.651,-718.606,-0.89,451.617,0.932,relaxed_wt_1_Y_162_L_rep1.pdb
-89.368,0.123,-1301.774,0.564,-717.179,0.537,449.339,-1.346,relaxed_wt_1_Y_139_L_rep2.pdb
-90.679,-1.188,-1297.817,4.521,-711.315,6.402,450.419,-0.266,relaxed_wt_1_Y_186_Y_rep1.pdb
-88.113,1.379,-1297.602,4.736,-714.282,3.434,450.662,-0.023,relaxed_wt_1_Y_260_E_rep3.pdb
-87.337,2.155,-1296.805,5.533,-714.043,3.673,450.188,-0.497,relaxed_wt_1_Y_262_G_rep3.pdb
-84.239,5.253,-1280.107,22.23,-700.543,17.174,450.743,0.058,relaxed_wt_1_Y_242_P_rep4.pdb
-91.066,-1.575,-1297.484,4.854,-710.392,7.325,451.031,0.346,relaxed_wt_1_Y_186_F_rep2.pdb
-90.361,-0.87,-1304.074,-1.736,-718.557,-0.84,450.751,0.066,relaxed_wt_1_Y_267_F_rep4.pdb
-86.617,2.875,-1300.794,1.544,-719.604,-1.888,451.47,0.785,relaxed_wt_1_Y_140_F_rep1.pdb
-88.297,1.195,-1297.605,4.733,-713.733,3.984,449.543,-1.142,relaxed_wt_1_Y_241_M_rep5.pdb
-89.46,0.032,-1302.418,-0.08,-717.748,-0.031,450.651,-0.034,relaxed_wt_1_Y_297_V_rep3.pdb
-89.879,-0.388,-1301.726,0.612,-715.979,1.738,448.626,-2.059,relaxed_wt_1_Y_139_K_rep5.pdb
-87.815,1.677,-1301.023,1.315,-718.068,-0.351,449.54,-1.145,relaxed_wt_1_Y_133_K_rep5.pdb
-88.561,0.93,-1308.584,-6.246,-724.733,-7.016,450.262,-0.423,relaxed_wt_1_Y_271_M_rep3.pdb
-88.362,1.129,-1300.671,1.667,-717.124,0.593,449.141,-1.544,relaxed_wt_1_Y_272_L_rep1.pdb
-89.316,0.176,-1298.704,3.634,-714.249,3.468,450.417,-0.268,relaxed_wt_1_Y_134_V_rep1.pdb
-89.15,0.341,-1301.935,0.403,-717.548,0.169,450.886,0.201,relaxed_wt_1_Y_210_L_rep4.pdb
-88.793,0.698,-1298.707,3.631,-714.588,3.128,450.886,0.201,relaxed_wt_1_Y_132_T_rep4.pdb
-89.057,0.434,-1301.133,1.205,-716.777,0.939,451.144,0.459,relaxed_wt_1_Y_162_Q_rep5.pdb
-88.369,1.123,-1300.6,1.737,-717.559,0.158,450.698,0.013,relaxed_wt_1_Y_298_A_rep3.pdb
-84.818,4.673,-1281.208,21.13,-700.995,16.722,451.069,0.384,relaxed_wt_1_Y_298_P_rep1.pdb
-89.95,-0.458,-1301.552,0.786,-716.375,1.341,451.145,0.46,relaxed_wt_1_Y_267_I_rep1.pdb
-86.779,2.712,-1300.016,2.322,-717.989,-0.273,449.84,-0.845,relaxed_wt_1_Y_263_C_rep2.pdb
-84.351,5.141,-1296.643,5.694,-715.845,1.872,450.16,-0.526,relaxed_wt_1_Y_207_R_rep1.pdb
-88.294,1.197,-1300.999,1.339,-717.534,0.183,450.367,-0.318,relaxed_wt_1_Y_133_Q_rep4.pdb
-84.572,4.92,-1299.492,2.846,-719.774,-2.058,450.804,0.119,relaxed_wt_1_Y_262_H_rep3.pdb
-89.942,-0.451,-1302.729,-0.391,-717.751,-0.035,449.243,-1.442,relaxed_wt_1_Y_209_V_rep5.pdb
-89.124,0.367,-1299.134,3.204,-714.197,3.52,451.004,0.319,relaxed_wt_1_Y_184_R_rep5.pdb
-89.748,-0.257,-1300.58,1.758,-715.637,2.08,449.731,-0.954,relaxed_wt_1_Y_139_F_rep4.pdb
-91.451,-1.959,-1302.559,-0.221,-716.065,1.652,450.905,0.22,relaxed_wt_1_Y_267_Q_rep5.pdb
-88.194,1.298,-1299.18,3.158,-715.488,2.228,451.019,0.334,relaxed_wt_1_Y_185_E_rep1.pdb
-83.838,5.654,-1293.469,8.869,-714.824,2.893,451.173,0.488,relaxed_wt_1_Y_209_F_rep3.pdb
-87.852,1.639,-1298.599,3.739,-715.744,1.972,450.797,0.112,relaxed_wt_1_Y_296_V_rep5.pdb
-87.902,1.59,-1297.714,4.624,-714.59,3.127,450.66,-0.025,relaxed_wt_1_Y_260_N_rep1.pdb
-88.205,1.287,-1298.334,4.004,-714.531,3.186,451.584,0.899,relaxed_wt_1_Y_264_E_rep2.pdb
-86.618,2.873,-1299.074,3.264,-717.755,-0.038,450.901,0.216,relaxed_wt_1_Y_164_T_rep2.pdb
-84.324,5.167,-1293.197,9.141,-711.676,6.04,450.394,-0.292,relaxed_wt_1_Y_185_R_rep4.pdb
-88.513,0.978,-1306.858,-4.52,-723.052,-5.335,449.989,-0.696,relaxed_wt_1_Y_271_T_rep3.pdb
-86.572,2.919,-1302.37,-0.032,-720.875,-3.159,451.922,1.237,relaxed_wt_1_Y_140_S_rep2.pdb
-85.066,4.426,-1294.49,7.848,-712.394,5.322,449.747,-0.938,relaxed_wt_1_Y_205_K_rep3.pdb
-89.621,-0.129,-1298.718,3.62,-713.75,3.966,451.101,0.416,relaxed_wt_1_Y_137_A_rep5.pdb
-87.479,2.013,-1299.711,2.627,-717.231,0.485,451.182,0.497,relaxed_wt_1_Y_209_A_rep3.pdb
-89.35,0.142,-1297.047,5.291,-712.509,5.208,449.339,-1.346,relaxed_wt_1_Y_137_T_rep1.pdb
-86.256,3.235,-1296.024,6.314,-714.953,2.763,451.233,0.547,relaxed_wt_1_Y_297_Q_rep2.pdb
-85.559,3.933,-1282.115,20.223,-701.396,16.321,449.63,-1.055,relaxed_wt_1_Y_242_P_rep2.pdb
-86.235,3.257,-1293.275,9.063,-712.27,5.447,451.868,1.183,relaxed_wt_1_Y_205_Q_rep4.pdb
-89.198,0.294,-1301.792,0.546,-716.916,0.801,450.24,-0.445,relaxed_wt_1_Y_259_S_rep4.pdb
-89.291,0.201,-1301.028,1.31,-716.527,1.189,451.691,1.006,relaxed_wt_1_Y_205_F_rep4.pdb
-89.315,0.177,-1301.894,0.444,-717.416,0.3,450.417,-0.268,relaxed_wt_1_Y_266_N_rep3.pdb
-89.99,-0.499,-1302.169,0.169,-716.998,0.718,451.039,0.353,relaxed_wt_1_Y_139_W_rep4.pdb
-89.07,0.421,-1294.602,7.736,-710.295,7.422,450.633,-0.052,relaxed_wt_1_Y_137_W_rep1.pdb
-88.065,1.427,-1300.354,1.984,-717.101,0.616,450.598,-0.087,relaxed_wt_1_Y_260_V_rep5.pdb
-85.455,4.036,-1293.206,9.132,-712.35,5.367,448.923,-1.762,relaxed_wt_1_Y_207_G_rep3.pdb
-87.963,1.528,-1298.432,3.906,-716.921,0.796,452.549,1.864,relaxed_wt_1_Y_296_W_rep1.pdb
-88.272,1.219,-1301.558,0.78,-718.077,-0.36,451.097,0.412,relaxed_wt_1_Y_140_T_rep1.pdb
-87.441,2.05,-1300.151,2.187,-717.827,-0.111,449.716,-0.969,relaxed_wt_1_Y_296_P_rep2.pdb
-85.583,3.909,-1296.03,6.308,-714.71,3.007,451.418,0.733,relaxed_wt_1_Y_132_F_rep5.pdb
-90.113,-0.622,-1302.225,0.113,-716.798,0.919,451.397,0.712,relaxed_wt_1_Y_139_E_rep3.pdb
-89.217,0.275,-1301.306,1.032,-716.777,0.94,449.746,-0.939,relaxed_wt_1_Y_206_L_rep5.pdb
-83.983,5.508,-1290.159,12.179,-711.436,6.28,450.662,-0.023,relaxed_wt_1_Y_297_W_rep2.pdb
-90.388,-0.896,-1304.323,-1.985,-719.241,-1.525,450.752,0.067,relaxed_wt_1_Y_244_T_rep2.pdb
-87.358,2.133,-1291.872,10.465,-709.088,8.628,451.256,0.571,relaxed_wt_1_Y_133_P_rep2.pdb
-85.855,3.637,-1298.036,4.301,-717.345,0.372,451.55,0.865,relaxed_wt_1_Y_297_R_rep2.pdb
-88.982,0.51,-1302.867,-0.529,-718.603,-0.886,450.69,0.005,relaxed_wt_1_Y_162_L_rep5.pdb
-87.056,2.435,-1298.818,3.52,-716.242,1.475,451.191,0.506,relaxed_wt_1_Y_163_T_rep5.pdb
-89.22,0.272,-1301.692,0.646,-717.107,0.61,449.382,-1.303,relaxed_wt_1_Y_266_F_rep2.pdb
-89.549,-0.057,-1300.426,1.912,-715.563,2.154,448.936,-1.749,relaxed_wt_1_Y_259_R_rep1.pdb
-89.771,-0.28,-1297.591,4.747,-712.651,5.066,449.001,-1.684,relaxed_wt_1_Y_265_A_rep2.pdb
-88.075,1.417,-1297.543,4.795,-714.393,3.324,451.398,0.713,relaxed_wt_1_Y_187_R_rep2.pdb
-89.759,-0.267,-1300.058,2.28,-715.049,2.668,451.899,1.214,relaxed_wt_1_Y_261_N_rep2.pdb
-85.981,3.511,-1294.042,8.296,-712.679,5.037,450.231,-0.454,relaxed_wt_1_Y_205_P_rep2.pdb
-87.326,2.165,-1291.308,11.03,-708.529,9.188,450.724,0.038,relaxed_wt_1_Y_133_P_rep3.pdb
-88.293,1.199,-1308.235,-5.898,-724.199,-6.482,449.933,-0.753,relaxed_wt_1_Y_268_L_rep2.pdb
-88.241,1.251,-1304.117,-1.779,-720.656,-2.939,449.498,-1.187,relaxed_wt_1_Y_264_I_rep2.pdb
-88.692,0.8,-1298.695,3.643,-714.722,2.995,450.174,-0.511,relaxed_wt_1_Y_185_C_rep5.pdb
-88.81,0.682,-1300.069,2.269,-715.997,1.72,450.163,-0.522,relaxed_wt_1_Y_261_A_rep5.pdb
-91.613,-2.121,-1297.176,5.162,-710.356,7.36,449.803,-0.882,relaxed_wt_1_Y_187_Y_rep2.pdb
-88.411,1.08,-1302.377,-0.039,-718.948,-1.231,451.939,1.254,relaxed_wt_1_Y_298_H_rep3.pdb
-86.882,2.61,-1298.533,3.805,-715.994,1.723,449.718,-0.967,relaxed_wt_1_Y_163_N_rep2.pdb
-88.201,1.291,-1299.293,3.045,-715.608,2.108,451.032,0.347,relaxed_wt_1_Y_185_E_rep3.pdb
-89.593,-0.101,-1295.333,7.005,-710.553,7.164,449.618,-1.068,relaxed_wt_1_Y_137_E_rep1.pdb
-89.348,0.143,-1301.811,0.527,-717.243,0.473,451.395,0.71,relaxed_wt_1_Y_270_Y_rep4.pdb
-89.611,-0.119,-1301.671,0.667,-716.597,1.12,449.374,-1.311,relaxed_wt_1_Y_186_K_rep2.pdb
-89.311,0.181,-1302.213,0.125,-717.678,0.039,450.331,-0.354,relaxed_wt_1_Y_210_V_rep1.pdb
-89.401,0.09,-1302.128,0.21,-715.342,2.375,449.941,-0.744,relaxed_wt_1_Y_267_E_rep2.pdb
-89.632,-0.141,-1299.738,2.6,-714.79,2.927,449.59,-1.095,relaxed_wt_1_Y_186_H_rep2.pdb
-87.314,2.177,-1298.05,4.288,-715.717,1.999,451.95,1.265,relaxed_wt_1_Y_243_S_rep5.pdb
-88.417,1.075,-1301.381,0.957,-716.737,0.979,450.407,-0.279,relaxed_wt_1_Y_164_H_rep4.pdb
-89.924,-0.432,-1298.46,3.878,-713.373,4.343,448.954,-1.731,relaxed_wt_1_Y_265_F_rep5.pdb
-89.838,-0.346,-1301.097,1.241,-716.0,1.717,450.629,-0.056,relaxed_wt_1_Y_132_L_rep1.pdb
-89.296,0.195,-1298.476,3.862,-713.998,3.719,450.003,-0.682,relaxed_wt_1_Y_134_W_rep3.pdb
-89.617,-0.125,-1303.995,-1.657,-719.199,-1.482,450.702,0.017,relaxed_wt_1_Y_271_I_rep2.pdb
-92.209,-2.718,-1301.229,1.109,-714.298,3.418,451.802,1.117,relaxed_wt_1_Y_244_F_rep3.pdb
-88.287,1.205,-1300.675,1.663,-717.188,0.529,449.084,-1.601,relaxed_wt_1_Y_133_D_rep4.pdb
-89.038,0.454,-1299.943,2.395,-715.642,2.075,450.673,-0.013,relaxed_wt_1_Y_210_T_rep3.pdb
-88.409,1.083,-1300.641,1.697,-717.0,0.717,451.056,0.371,relaxed_wt_1_Y_272_L_rep4.pdb
-90.313,-0.821,-1302.099,0.239,-716.606,1.111,450.787,0.102,relaxed_wt_1_Y_210_F_rep3.pdb
-87.234,2.257,-1296.827,5.511,-713.581,4.135,450.848,0.163,relaxed_wt_1_Y_205_I_rep3.pdb
-85.621,3.87,-1291.953,10.385,-711.352,6.365,450.686,0.001,relaxed_wt_1_Y_209_P_rep5.pdb
-85.6,3.892,-1296.24,6.098,-715.395,2.321,449.446,-1.239,relaxed_wt_1_Y_185_L_rep2.pdb
-83.319,6.173,-1294.002,8.336,-716.24,1.476,452.862,2.177,relaxed_wt_1_Y_242_Y_rep1.pdb
-88.087,1.405,-1298.889,3.449,-715.471,2.246,450.666,-0.019,relaxed_wt_1_Y_260_S_rep4.pdb
-85.057,4.434,-1284.343,17.995,-703.824,13.893,451.308,0.623,relaxed_wt_1_Y_268_P_rep2.pdb
-87.998,1.494,-1298.107,4.23,-714.729,2.988,451.944,1.259,relaxed_wt_1_Y_187_R_rep1.pdb
-89.735,-0.244,-1304.609,-2.271,-720.02,-2.303,448.646,-2.039,relaxed_wt_1_Y_244_H_rep3.pdb
-89.261,0.231,-1304.041,-1.703,-719.312,-1.595,449.593,-1.092,relaxed_wt_1_Y_298_V_rep3.pdb
-85.477,4.014,-1292.177,10.161,-711.57,6.147,450.597,-0.088,relaxed_wt_1_Y_209_P_rep3.pdb
-88.056,1.436,-1299.888,2.45,-716.613,1.103,450.908,0.223,relaxed_wt_1_Y_263_M_rep4.pdb
-84.467,5.024,-1296.931,5.407,-716.916,0.801,449.679,-1.006,relaxed_wt_1_Y_207_E_rep4.pdb
-89.323,0.168,-1300.846,1.492,-715.828,1.888,450.011,-0.674,relaxed_wt_1_Y_267_I_rep5.pdb
-87.605,1.886,-1298.634,3.704,-715.722,1.995,448.969,-1.716,relaxed_wt_1_Y_245_V_rep5.pdb
-85.407,4.085,-1301.228,1.11,-720.609,-2.892,450.57,-0.115,relaxed_wt_1_Y_268_E_rep1.pdb
-89.362,0.13,-1301.826,0.511,-717.216,0.5,450.362,-0.323,relaxed_wt_1_Y_184_E_rep4.pdb
-90.133,-0.642,-1302.768,-0.43,-717.813,-0.096,451.402,0.717,relaxed_wt_1_Y_260_W_rep5.pdb
-88.435,1.056,-1302.586,-0.248,-719.82,-2.103,450.866,0.181,relaxed_wt_1_Y_244_V_rep2.pdb
-86.871,2.621,-1297.582,4.756,-715.156,2.561,449.748,-0.937,relaxed_wt_1_Y_136_H_rep4.pdb
-88.411,1.08,-1297.263,5.075,-713.524,4.192,449.12,-1.565,relaxed_wt_1_Y_297_M_rep1.pdb
-89.444,0.048,-1301.453,0.885,-716.329,1.387,449.217,-1.468,relaxed_wt_1_Y_134_E_rep2.pdb
-86.223,3.268,-1291.102,11.235,-709.238,8.478,449.33,-1.355,relaxed_wt_1_Y_205_G_rep1.pdb
-83.846,5.645,-1280.926,21.412,-701.619,16.097,451.874,1.189,relaxed_wt_1_Y_243_R_rep5.pdb
-89.63,-0.139,-1302.701,-0.363,-717.871,-0.154,449.814,-0.871,relaxed_wt_1_Y_243_C_rep1.pdb
-85.481,4.01,-1295.614,6.724,-714.233,3.483,451.469,0.784,relaxed_wt_1_Y_132_F_rep2.pdb
-89.446,0.045,-1297.982,4.356,-713.36,4.357,448.985,-1.7,relaxed_wt_1_Y_134_C_rep3.pdb
-89.439,0.053,-1301.772,0.566,-717.141,0.576,448.969,-1.716,relaxed_wt_1_Y_268_M_rep1.pdb
-89.166,0.326,-1302.872,-0.534,-718.312,-0.596,450.927,0.242,relaxed_wt_1_Y_208_V_rep4.pdb
-88.949,0.543,-1299.022,3.316,-714.361,3.356,450.186,-0.499,relaxed_wt_1_Y_132_C_rep1.pdb
-85.913,3.579,-1302.348,-0.01,-721.843,-4.126,450.029,-0.656,relaxed_wt_1_Y_140_S_rep1.pdb
-89.519,-0.028,-1300.402,1.936,-715.644,2.072,451.169,0.484,relaxed_wt_1_Y_187_N_rep3.pdb
-88.579,0.913,-1302.229,0.109,-718.149,-0.432,448.77,-1.915,relaxed_wt_1_Y_266_T_rep5.pdb
-83.516,5.976,-1293.395,8.943,-713.996,3.721,448.976,-1.709,relaxed_wt_1_Y_207_D_rep2.pdb
-88.163,1.328,-1293.38,8.958,-710.122,7.595,451.608,0.923,relaxed_wt_1_Y_245_D_rep4.pdb
-88.438,1.054,-1297.475,4.862,-712.11,5.606,449.586,-1.099,relaxed_wt_1_Y_187_H_rep5.pdb
-89.344,0.148,-1300.27,2.068,-715.716,2.0,451.611,0.926,relaxed_wt_1_Y_259_A_rep3.pdb
-88.843,0.648,-1301.425,0.913,-717.239,0.477,449.847,-0.838,relaxed_wt_1_Y_162_S_rep2.pdb
-89.449,0.043,-1301.857,0.481,-717.203,0.513,450.187,-0.498,relaxed_wt_1_Y_207_Y_rep3.pdb
-88.49,1.002,-1301.135,1.203,-717.904,-0.187,451.667,0.982,relaxed_wt_1_Y_140_T_rep4.pdb
-84.688,4.804,-1301.247,1.091,-721.012,-3.295,450.339,-0.346,relaxed_wt_1_Y_262_D_rep3.pdb
-83.353,6.139,-1293.995,8.343,-714.754,2.963,450.495,-0.191,relaxed_wt_1_Y_138_C_rep1.pdb
-87.774,1.717,-1296.314,6.024,-713.429,4.288,451.66,0.975,relaxed_wt_1_Y_134_G_rep5.pdb
-88.557,0.934,-1296.998,5.339,-712.483,5.233,449.409,-1.276,relaxed_wt_1_Y_184_Y_rep1.pdb
-87.928,1.564,-1299.643,2.695,-716.439,1.277,451.427,0.742,relaxed_wt_1_Y_207_V_rep2.pdb
-87.823,1.668,-1299.069,3.269,-714.185,3.532,450.986,0.301,relaxed_wt_1_Y_132_M_rep2.pdb
-92.604,-3.112,-1298.61,3.728,-709.455,8.261,450.351,-0.334,relaxed_wt_1_Y_187_W_rep3.pdb
-88.086,1.406,-1302.793,-0.456,-719.511,-1.794,449.94,-0.745,relaxed_wt_1_Y_297_A_rep3.pdb
-84.629,4.863,-1295.292,7.046,-714.548,3.168,449.762,-0.923,relaxed_wt_1_Y_136_N_rep5.pdb
-88.018,1.474,-1301.514,0.824,-718.078,-0.361,450.399,-0.286,relaxed_wt_1_Y_263_T_rep1.pdb
-86.628,2.863,-1299.345,2.992,-717.367,0.35,449.88,-0.805,relaxed_wt_1_Y_245_V_rep3.pdb
-87.447,2.045,-1299.562,2.776,-717.088,0.629,450.636,-0.049,relaxed_wt_1_Y_209_A_rep2.pdb
-89.307,0.185,-1302.189,0.149,-717.657,0.06,449.025,-1.661,relaxed_wt_1_Y_266_S_rep5.pdb
-86.668,2.823,-1300.147,2.191,-718.375,-0.658,451.146,0.461,relaxed_wt_1_Y_268_V_rep5.pdb
-84.286,5.205,-1295.759,6.579,-715.579,2.138,449.177,-1.508,relaxed_wt_1_Y_242_D_rep1.pdb
-87.095,2.397,-1295.305,7.033,-712.586,5.131,449.27,-1.415,relaxed_wt_1_Y_205_A_rep4.pdb
-89.339,0.153,-1295.876,6.462,-711.317,6.4,450.645,-0.04,relaxed_wt_1_Y_137_C_rep3.pdb
-89.438,0.053,-1301.721,0.617,-717.086,0.631,450.707,0.022,relaxed_wt_1_Y_267_D_rep1.pdb
-88.96,0.532,-1300.917,1.421,-716.858,0.859,450.47,-0.215,relaxed_wt_1_Y_245_W_rep1.pdb
-89.66,-0.169,-1304.304,-1.966,-719.27,-1.553,451.459,0.774,relaxed_wt_1_Y_208_K_rep3.pdb
-88.547,0.944,-1299.261,3.077,-715.317,2.4,449.26,-1.425,relaxed_wt_1_Y_260_D_rep3.pdb
-89.349,0.142,-1303.13,-0.792,-718.508,-0.791,449.436,-1.249,relaxed_wt_1_Y_266_D_rep2.pdb
-88.208,1.283,-1306.091,-3.753,-722.475,-4.758,450.348,-0.337,relaxed_wt_1_Y_268_L_rep1.pdb
-89.025,0.467,-1299.375,2.963,-715.132,2.585,450.018,-0.667,relaxed_wt_1_Y_245_L_rep5.pdb
-86.85,2.642,-1299.255,3.083,-716.907,0.81,448.903,-1.782,relaxed_wt_1_Y_207_M_rep5.pdb
-89.461,0.031,-1302.38,-0.042,-717.767,-0.05,449.388,-1.297,relaxed_wt_1_Y_184_E_rep1.pdb
-89.149,0.342,-1297.664,4.674,-713.36,4.356,449.418,-1.267,relaxed_wt_1_Y_135_C_rep2.pdb
-89.177,0.314,-1298.29,4.048,-713.194,4.523,450.302,-0.383,relaxed_wt_1_Y_187_F_rep1.pdb
-86.633,2.859,-1301.958,0.38,-720.41,-2.693,449.517,-1.168,relaxed_wt_1_Y_164_Q_rep5.pdb
-89.303,0.189,-1303.947,-1.609,-719.17,-1.453,449.826,-0.859,relaxed_wt_1_Y_298_V_rep5.pdb
-87.607,1.885,-1296.758,5.579,-714.017,3.7,450.723,0.038,relaxed_wt_1_Y_133_C_rep1.pdb
-90.262,-0.77,-1304.169,-1.831,-719.231,-1.514,451.311,0.626,relaxed_wt_1_Y_244_M_rep3.pdb
-84.257,5.235,-1298.273,4.065,-718.891,-1.174,450.777,0.092,relaxed_wt_1_Y_138_L_rep3.pdb
-88.004,1.488,-1293.592,8.746,-709.873,7.844,451.888,1.203,relaxed_wt_1_Y_243_Y_rep4.pdb
-83.036,6.456,-1294.336,8.002,-715.829,1.888,449.897,-0.788,relaxed_wt_1_Y_138_A_rep1.pdb
-89.284,0.208,-1299.498,2.84,-714.874,2.842,449.771,-0.914,relaxed_wt_1_Y_208_E_rep1.pdb
-83.307,6.185,-1297.737,4.601,-717.101,0.616,449.276,-1.409,relaxed_wt_1_Y_262_F_rep3.pdb
-87.619,1.873,-1300.275,2.063,-717.253,0.464,449.366,-1.319,relaxed_wt_1_Y_263_L_rep3.pdb
-86.87,2.622,-1299.81,2.527,-718.373,-0.656,451.754,1.069,relaxed_wt_1_Y_297_S_rep2.pdb
-88.981,0.51,-1296.193,6.145,-711.995,5.722,451.489,0.804,relaxed_wt_1_Y_206_Y_rep5.pdb
-87.557,1.935,-1298.028,4.31,-715.263,2.454,450.856,0.171,relaxed_wt_1_Y_140_I_rep1.pdb
-85.171,4.32,-1294.675,7.663,-712.097,5.62,450.791,0.106,relaxed_wt_1_Y_205_K_rep4.pdb
-90.487,-0.996,-1300.613,1.725,-714.784,2.933,449.808,-0.877,relaxed_wt_1_Y_136_L_rep3.pdb
-88.566,0.925,-1302.802,-0.464,-718.775,-1.058,450.202,-0.483,relaxed_wt_1_Y_209_T_rep1.pdb
-90.354,-0.863,-1305.59,-3.252,-720.508,-2.791,449.287,-1.398,relaxed_wt_1_Y_244_I_rep3.pdb
-87.848,1.644,-1302.141,0.197,-718.633,-0.916,450.318,-0.367,relaxed_wt_1_Y_263_E_rep1.pdb
-88.8,0.692,-1301.991,0.346,-717.591,0.126,450.909,0.224,relaxed_wt_1_Y_261_W_rep1.pdb
-89.762,-0.27,-1300.905,1.433,-715.631,2.086,450.758,0.073,relaxed_wt_1_Y_184_N_rep4.pdb
-87.754,1.737,-1306.477,-4.139,-723.936,-6.22,451.998,1.313,relaxed_wt_1_Y_271_T_rep2.pdb
-87.479,2.013,-1295.726,6.612,-712.789,4.928,450.642,-0.043,relaxed_wt_1_Y_205_M_rep4.pdb
-89.991,-0.499,-1293.68,8.658,-708.651,9.066,450.515,-0.17,relaxed_wt_1_Y_245_G_rep3.pdb
-90.322,-0.831,-1298.583,3.755,-712.93,4.787,449.502,-1.183,relaxed_wt_1_Y_187_L_rep2.pdb
-88.711,0.781,-1302.54,-0.202,-717.966,-0.25,451.147,0.462,relaxed_wt_1_Y_139_P_rep2.pdb
-89.946,-0.454,-1302.576,-0.239,-717.188,0.529,449.634,-1.051,relaxed_wt_1_Y_261_I_rep5.pdb
-92.764,-3.272,-1299.848,2.49,-711.149,6.568,451.905,1.219,relaxed_wt_1_Y_186_M_rep3.pdb
-88.634,0.858,-1308.563,-6.225,-724.689,-6.972,449.903,-0.782,relaxed_wt_1_Y_271_V_rep4.pdb
-89.073,0.419,-1300.252,2.086,-715.89,1.827,450.488,-0.197,relaxed_wt_1_Y_162_H_rep5.pdb
-88.968,0.524,-1302.089,0.249,-717.988,-0.271,449.656,-1.029,relaxed_wt_1_Y_260_Y_rep4.pdb
-89.206,0.285,-1302.665,-0.327,-718.207,-0.49,450.71,0.025,relaxed_wt_1_Y_266_H_rep2.pdb
-81.199,8.293,-1293.318,9.02,-717.414,0.302,450.89,0.205,relaxed_wt_1_Y_138_A_rep3.pdb
-90.54,-1.048,-1304.83,-2.492,-718.15,-0.433,450.321,-0.364,relaxed_wt_1_Y_244_L_rep5.pdb
-89.412,0.079,-1299.342,2.996,-714.784,2.933,449.386,-1.299,relaxed_wt_1_Y_210_C_rep5.pdb
-88.482,1.009,-1304.536,-2.198,-720.599,-2.883,450.049,-0.636,relaxed_wt_1_Y_243_M_rep3.pdb
-89.543,-0.051,-1302.935,-0.597,-718.021,-0.304,450.857,0.172,relaxed_wt_1_Y_208_Q_rep3.pdb
-89.4,0.091,-1302.032,0.306,-717.44,0.276,449.349,-1.336,relaxed_wt_1_Y_137_I_rep4.pdb
-88.73,0.761,-1307.607,-5.269,-723.715,-5.998,450.752,0.067,relaxed_wt_1_Y_271_N_rep5.pdb
-87.919,1.573,-1298.132,4.206,-714.942,2.775,450.387,-0.298,relaxed_wt_1_Y_263_H_rep4.pdb
-90.388,-0.896,-1304.323,-1.985,-719.241,-1.525,450.752,0.067,relaxed_wt_1_Y_244_T_rep5.pdb
-85.879,3.612,-1297.091,5.247,-714.251,3.466,449.647,-1.038,relaxed_wt_1_Y_136_W_rep4.pdb
-87.421,2.07,-1300.978,1.36,-717.968,-0.251,449.338,-1.347,relaxed_wt_1_Y_263_Q_rep4.pdb
-87.825,1.666,-1300.28,2.058,-717.294,0.422,448.704,-1.981,relaxed_wt_1_Y_263_C_rep5.pdb
-89.32,0.172,-1297.523,4.815,-712.946,4.771,450.662,-0.023,relaxed_wt_1_Y_206_T_rep2.pdb
-88.392,1.099,-1301.585,0.753,-717.568,0.149,450.366,-0.319,relaxed_wt_1_Y_164_S_rep1.pdb
-88.214,1.278,-1303.459,-1.121,-720.034,-2.318,448.755,-1.93,relaxed_wt_1_Y_263_E_rep2.pdb
-89.421,0.071,-1302.419,-0.081,-717.801,-0.084,450.96,0.275,relaxed_wt_1_Y_132_A_rep1.pdb
-81.743,7.748,-1298.987,3.351,-721.626,-3.909,450.416,-0.269,relaxed_wt_1_Y_262_F_rep1.pdb
-89.66,-0.169,-1304.304,-1.966,-719.27,-1.553,451.459,0.774,relaxed_wt_1_Y_208_K_rep1.pdb
-85.942,3.549,-1265.167,37.171,-684.24,33.476,450.889,0.204,relaxed_wt_1_Y_135_P_rep3.pdb
-88.989,0.502,-1300.53,1.808,-715.86,1.856,450.98,0.295,relaxed_wt_1_Y_164_C_rep1.pdb
-89.398,0.094,-1301.555,0.783,-716.944,0.772,450.17,-0.515,relaxed_wt_1_Y_266_L_rep2.pdb
-87.065,2.427,-1298.178,4.16,-716.021,1.695,448.992,-1.693,relaxed_wt_1_Y_163_M_rep2.pdb
-86.496,2.995,-1298.466,3.872,-716.57,1.146,451.223,0.538,relaxed_wt_1_Y_207_A_rep3.pdb
-87.898,1.594,-1294.195,8.143,-711.015,6.702,449.294,-1.391,relaxed_wt_1_Y_241_S_rep1.pdb
-89.396,0.095,-1299.475,2.863,-714.892,2.824,448.995,-1.69,relaxed_wt_1_Y_134_A_rep1.pdb
-87.633,1.859,-1298.854,3.484,-716.034,1.683,449.539,-1.146,relaxed_wt_1_Y_264_A_rep3.pdb
-86.694,2.798,-1300.277,2.06,-718.455,-0.739,450.854,0.169,relaxed_wt_1_Y_268_V_rep1.pdb
-88.912,0.579,-1300.794,1.544,-715.889,1.828,450.339,-0.346,relaxed_wt_1_Y_266_M_rep3.pdb
-90.167,-0.675,-1303.488,-1.15,-718.116,-0.399,449.605,-1.08,relaxed_wt_1_Y_132_D_rep1.pdb
-89.169,0.322,-1298.108,4.23,-713.704,4.012,450.179,-0.506,relaxed_wt_1_Y_261_D_rep1.pdb
-89.22,0.272,-1299.897,2.441,-715.104,2.612,449.629,-1.056,relaxed_wt_1_Y_184_S_rep2.pdb
-88.976,0.516,-1301.772,0.566,-716.859,0.858,449.131,-1.554,relaxed_wt_1_Y_132_S_rep2.pdb
-88.912,0.58,-1290.623,11.715,-706.654,11.063,450.219,-0.467,relaxed_wt_1_Y_241_V_rep3.pdb
-87.886,1.606,-1298.775,3.563,-715.689,2.028,449.916,-0.77,relaxed_wt_1_Y_270_S_rep3.pdb
-86.975,2.516,-1304.818,-2.48,-722.027,-4.31,450.711,0.026,relaxed_wt_1_Y_298_C_rep3.pdb
-89.065,0.427,-1302.342,-0.004,-717.886,-0.169,449.669,-1.016,relaxed_wt_1_Y_266_K_rep4.pdb
-86.138,3.353,-1294.582,7.756,-712.357,5.359,451.36,0.675,relaxed_wt_1_Y_263_W_rep3.pdb
-88.579,0.912,-1298.967,3.371,-716.302,1.414,450.521,-0.164,relaxed_wt_1_Y_296_W_rep2.pdb
-94.086,-4.595,-1298.192,4.146,-707.826,9.891,451.07,0.385,relaxed_wt_1_Y_186_W_rep5.pdb
-87.823,1.668,-1297.416,4.922,-714.248,3.468,450.732,0.047,relaxed_wt_1_Y_205_I_rep4.pdb
-85.911,3.581,-1301.026,1.312,-719.601,-1.885,450.224,-0.461,relaxed_wt_1_Y_262_D_rep4.pdb
-85.808,3.683,-1295.149,7.189,-714.084,3.632,450.814,0.129,relaxed_wt_1_Y_136_T_rep4.pdb
-89.088,0.404,-1295.76,6.578,-711.455,6.261,449.436,-1.249,relaxed_wt_1_Y_135_H_rep5.pdb
-89.497,-0.005,-1303.568,-1.23,-718.469,-0.752,451.652,0.967,relaxed_wt_1_Y_267_T_rep3.pdb
-87.562,1.929,-1298.543,3.795,-715.708,2.008,450.785,0.099,relaxed_wt_1_Y_264_A_rep2.pdb
-89.438,0.054,-1298.358,3.98,-713.724,3.993,450.683,-0.002,relaxed_wt_1_Y_134_W_rep1.pdb
-87.888,1.604,-1300.07,2.268,-717.011,0.705,449.978,-0.707,relaxed_wt_1_Y_242_C_rep4.pdb
-88.336,1.156,-1294.862,7.476,-711.25,6.467,451.569,0.883,relaxed_wt_1_Y_245_N_rep3.pdb
-89.886,-0.394,-1298.497,3.841,-713.454,4.263,450.698,0.013,relaxed_wt_1_Y_265_F_rep3.pdb
-90.003,-0.511,-1302.665,-0.327,-717.202,0.515,449.353,-1.332,relaxed_wt_1_Y_261_I_rep3.pdb
-87.696,1.795,-1300.992,1.346,-718.603,-0.886,450.138,-0.547,relaxed_wt_1_Y_268_K_rep5.pdb
-89.485,0.007,-1299.805,2.533,-714.826,2.891,449.589,-1.096,relaxed_wt_1_Y_184_L_rep2.pdb
-90.134,-0.643,-1302.896,-0.558,-717.547,0.17,450.169,-0.516,relaxed_wt_1_Y_132_D_rep2.pdb
-89.379,0.113,-1301.059,1.279,-716.46,1.257,451.622,0.937,relaxed_wt_1_Y_134_Q_rep5.pdb
-88.345,1.147,-1300.674,1.664,-717.158,0.558,449.566,-1.119,relaxed_wt_1_Y_263_A_rep3.pdb
-88.787,0.705,-1298.533,3.805,-714.481,3.235,450.663,-0.022,relaxed_wt_1_Y_210_G_rep4.pdb
-88.11,1.381,-1303.966,-1.628,-721.115,-3.398,451.646,0.961,relaxed_wt_1_Y_298_K_rep4.pdb
-87.878,1.613,-1296.67,5.668,-713.587,4.13,450.387,-0.298,relaxed_wt_1_Y_245_T_rep1.pdb
-90.431,-0.94,-1281.904,20.434,-696.025,21.692,451.571,0.886,relaxed_wt_1_Y_266_P_rep2.pdb
-87.009,2.483,-1294.265,8.073,-712.045,5.672,450.654,-0.031,relaxed_wt_1_Y_136_C_rep2.pdb
-88.708,0.784,-1304.525,-2.187,-720.44,-2.724,451.089,0.404,relaxed_wt_1_Y_243_M_rep5.pdb
-88.991,0.501,-1296.3,6.038,-711.824,5.893,451.569,0.883,relaxed_wt_1_Y_206_S_rep5.pdb
-86.761,2.731,-1266.782,35.556,-683.882,33.834,448.457,-2.228,relaxed_wt_1_Y_135_P_rep1.pdb
-87.919,1.573,-1302.2,0.138,-718.748,-1.032,450.515,-0.17,relaxed_wt_1_Y_266_G_rep5.pdb
-89.078,0.414,-1295.284,7.054,-711.002,6.714,450.396,-0.289,relaxed_wt_1_Y_260_K_rep5.pdb
-86.851,2.641,-1299.978,2.36,-718.419,-0.703,449.448,-1.237,relaxed_wt_1_Y_133_K_rep3.pdb
-87.406,2.086,-1300.615,1.723,-717.958,-0.242,449.355,-1.33,relaxed_wt_1_Y_241_Q_rep5.pdb
-89.502,-0.01,-1301.873,0.465,-717.181,0.535,450.689,0.004,relaxed_wt_1_Y_262_T_rep1.pdb
-89.412,0.079,-1298.871,3.467,-714.129,3.588,451.518,0.833,relaxed_wt_1_Y_137_Y_rep4.pdb
-85.854,3.637,-1309.032,-6.694,-728.47,-10.754,452.104,1.419,relaxed_wt_1_Y_270_I_rep2.pdb
-87.446,2.045,-1302.299,0.039,-719.673,-1.956,450.686,0.001,relaxed_wt_1_Y_268_T_rep2.pdb
-87.48,2.012,-1297.721,4.617,-714.473,3.244,449.56,-1.125,relaxed_wt_1_Y_163_H_rep4.pdb
-88.849,0.642,-1302.474,-0.136,-718.103,-0.386,450.482,-0.203,relaxed_wt_1_Y_266_T_rep3.pdb
-85.988,3.503,-1293.645,8.693,-712.281,5.435,449.986,-0.699,relaxed_wt_1_Y_205_P_rep1.pdb
-89.342,0.149,-1298.737,3.601,-714.242,3.475,451.034,0.349,relaxed_wt_1_Y_210_C_rep1.pdb
-85.824,3.668,-1298.141,4.197,-716.718,0.999,452.062,1.377,relaxed_wt_1_Y_270_R_rep3.pdb
-82.442,7.049,-1293.893,8.445,-711.803,5.913,449.799,-0.886,relaxed_wt_1_Y_262_K_rep5.pdb
-87.082,2.409,-1297.726,4.612,-715.35,2.367,449.668,-1.017,relaxed_wt_1_Y_242_A_rep1.pdb
-87.905,1.587,-1294.059,8.279,-710.876,6.841,450.433,-0.252,relaxed_wt_1_Y_241_D_rep2.pdb
-88.869,0.623,-1298.269,4.069,-714.159,3.558,450.716,0.031,relaxed_wt_1_Y_184_S_rep1.pdb
-89.087,0.405,-1303.818,-1.48,-719.642,-1.925,451.314,0.629,relaxed_wt_1_Y_268_Q_rep5.pdb
-89.335,0.157,-1298.774,3.564,-714.327,3.39,449.081,-1.604,relaxed_wt_1_Y_135_M_rep5.pdb
-89.13,0.361,-1292.164,10.174,-707.861,9.855,450.768,0.083,relaxed_wt_1_Y_135_D_rep5.pdb
-88.95,0.541,-1299.783,2.555,-715.635,2.082,450.367,-0.318,relaxed_wt_1_Y_270_M_rep1.pdb
-88.691,0.8,-1310.626,-8.288,-726.745,-9.028,449.421,-1.264,relaxed_wt_1_Y_298_G_rep3.pdb
-87.825,1.666,-1300.227,2.111,-716.567,1.15,452.235,1.55,relaxed_wt_1_Y_132_Q_rep3.pdb
-89.41,0.082,-1302.363,-0.025,-717.766,-0.049,450.573,-0.112,relaxed_wt_1_Y_187_S_rep4.pdb
-89.666,-0.174,-1303.138,-0.8,-718.275,-0.558,449.4,-1.285,relaxed_wt_1_Y_259_V_rep3.pdb
-89.253,0.239,-1300.034,2.304,-715.715,2.001,450.834,0.148,relaxed_wt_1_Y_136_I_rep5.pdb
-86.465,3.026,-1300.428,1.91,-719.321,-1.604,451.132,0.447,relaxed_wt_1_Y_140_G_rep4.pdb
-88.687,0.805,-1308.403,-6.065,-724.599,-6.882,450.13,-0.555,relaxed_wt_1_Y_271_Q_rep3.pdb
-86.973,2.519,-1302.691,-0.353,-720.84,-3.123,452.878,2.193,relaxed_wt_1_Y_270_P_rep5.pdb
-83.588,5.903,-1294.244,8.094,-715.35,2.367,451.085,0.4,relaxed_wt_1_Y_138_N_rep3.pdb
-86.61,2.881,-1298.391,3.947,-716.389,1.328,449.965,-0.72,relaxed_wt_1_Y_207_C_rep5.pdb
-90.12,-0.628,-1303.206,-0.868,-718.1,-0.383,450.563,-0.122,relaxed_wt_1_Y_209_V_rep3.pdb
-89.327,0.165,-1302.919,-0.581,-718.228,-0.511,450.682,-0.003,relaxed_wt_1_Y_244_N_rep2.pdb
-84.546,4.945,-1297.081,5.257,-716.344,1.373,449.617,-1.068,relaxed_wt_1_Y_264_R_rep4.pdb
-87.273,2.218,-1294.989,7.349,-712.673,5.044,452.188,1.503,relaxed_wt_1_Y_185_V_rep1.pdb
-87.194,2.298,-1295.22,7.118,-711.735,5.982,450.041,-0.644,relaxed_wt_1_Y_185_F_rep1.pdb
-89.346,0.146,-1297.467,4.871,-712.949,4.768,449.38,-1.305,relaxed_wt_1_Y_137_K_rep2.pdb
-89.702,-0.211,-1299.379,2.959,-714.488,3.228,450.623,-0.062,relaxed_wt_1_Y_265_Y_rep4.pdb
-89.306,0.185,-1303.164,-0.826,-718.676,-0.959,450.421,-0.264,relaxed_wt_1_Y_135_Y_rep3.pdb
-88.214,1.278,-1295.158,7.179,-711.996,5.721,453.098,2.413,relaxed_wt_1_Y_187_F_rep3.pdb
-89.238,0.254,-1302.629,-0.291,-718.239,-0.522,450.636,-0.049,relaxed_wt_1_Y_266_K_rep3.pdb
-86.443,3.049,-1294.795,7.543,-712.835,4.882,449.761,-0.924,relaxed_wt_1_Y_185_I_rep4.pdb
-88.728,0.763,-1302.368,-0.03,-717.553,0.164,449.257,-1.428,relaxed_wt_1_Y_262_L_rep3.pdb
-84.279,5.213,-1295.52,6.818,-716.727,0.99,454.556,3.871,relaxed_wt_1_Y_242_F_rep2.pdb
-86.825,2.666,-1297.944,4.394,-715.659,2.058,451.202,0.517,relaxed_wt_1_Y_163_S_rep5.pdb
-88.679,0.812,-1306.97,-4.632,-723.339,-5.622,452.058,1.373,relaxed_wt_1_Y_298_Y_rep3.pdb
-89.201,0.291,-1300.455,1.882,-715.34,2.377,450.985,0.3,relaxed_wt_1_Y_184_K_rep1.pdb
-88.71,0.782,-1296.738,5.6,-712.573,5.143,449.63,-1.055,relaxed_wt_1_Y_162_W_rep5.pdb
-88.8,0.692,-1296.941,5.397,-712.541,5.175,450.554,-0.131,relaxed_wt_1_Y_134_G_rep3.pdb
-87.508,1.983,-1297.695,4.642,-714.423,3.294,450.587,-0.098,relaxed_wt_1_Y_163_H_rep3.pdb
-88.15,1.341,-1304.591,-2.253,-721.645,-3.928,450.651,-0.034,relaxed_wt_1_Y_271_D_rep1.pdb
-90.121,-0.629,-1302.995,-0.657,-718.199,-0.482,451.17,0.485,relaxed_wt_1_Y_244_G_rep3.pdb
-87.183,2.309,-1292.598,9.74,-710.164,7.553,449.578,-1.107,relaxed_wt_1_Y_241_N_rep3.pdb
-88.77,0.721,-1298.188,4.15,-713.631,4.086,450.735,0.05,relaxed_wt_1_Y_206_P_rep5.pdb
-89.413,0.078,-1301.567,0.771,-717.032,0.685,449.702,-0.983,relaxed_wt_1_Y_210_A_rep1.pdb
-81.061,8.431,-1288.989,13.349,-712.325,5.392,454.948,4.263,relaxed_wt_1_Y_241_H_rep5.pdb
-91.174,-1.683,-1300.87,1.468,-714.675,3.041,450.546,-0.139,relaxed_wt_1_Y_140_W_rep1.pdb
-89.326,0.166,-1303.27,-0.932,-718.806,-1.089,450.799,0.114,relaxed_wt_1_Y_297_C_rep4.pdb
-89.297,0.195,-1298.696,3.642,-714.234,3.483,450.693,0.008,relaxed_wt_1_Y_134_V_rep2.pdb
-88.069,1.423,-1295.445,6.892,-712.355,5.362,450.136,-0.549,relaxed_wt_1_Y_241_L_rep1.pdb
-88.411,1.081,-1301.189,1.149,-718.045,-0.329,450.962,0.277,relaxed_wt_1_Y_270_Y_rep1.pdb
-88.912,0.579,-1302.396,-0.058,-717.989,-0.272,449.652,-1.034,relaxed_wt_1_Y_266_G_rep2.pdb
-84.34,5.152,-1295.467,6.87,-715.192,2.525,451.3,0.615,relaxed_wt_1_Y_242_D_rep4.pdb
-88.453,1.039,-1301.093,1.245,-717.925,-0.208,449.64,-1.045,relaxed_wt_1_Y_210_Q_rep5.pdb
-87.042,2.45,-1299.594,2.744,-717.315,0.402,450.454,-0.231,relaxed_wt_1_Y_264_P_rep1.pdb
-87.349,2.143,-1299.628,2.71,-717.0,0.717,450.613,-0.072,relaxed_wt_1_Y_209_A_rep1.pdb
-89.396,0.096,-1301.213,1.125,-716.657,1.06,448.955,-1.73,relaxed_wt_1_Y_267_R_rep3.pdb
-88.308,1.183,-1304.184,-1.846,-720.644,-2.927,450.082,-0.603,relaxed_wt_1_Y_264_I_rep5.pdb
-89.394,0.097,-1301.829,0.509,-717.214,0.503,450.679,-0.006,relaxed_wt_1_Y_296_S_rep4.pdb
-86.438,3.054,-1296.995,5.343,-715.244,2.472,450.437,-0.248,relaxed_wt_1_Y_297_P_rep4.pdb
-87.006,2.486,-1291.48,10.858,-709.704,8.013,450.611,-0.074,relaxed_wt_1_Y_206_M_rep4.pdb
-89.874,-0.382,-1299.149,3.189,-714.01,3.706,450.362,-0.323,relaxed_wt_1_Y_265_D_rep2.pdb
-88.356,1.136,-1302.035,0.303,-718.03,-0.313,449.268,-1.417,relaxed_wt_1_Y_164_D_rep3.pdb
-89.195,0.296,-1301.155,1.183,-716.607,1.11,451.253,0.568,relaxed_wt_1_Y_266_C_rep4.pdb
-85.945,3.547,-1303.022,-0.684,-722.513,-4.797,450.571,-0.114,relaxed_wt_1_Y_140_S_rep5.pdb
-88.181,1.31,-1300.184,2.154,-716.571,1.146,450.728,0.043,relaxed_wt_1_Y_134_I_rep2.pdb
-87.316,2.175,-1295.088,7.25,-711.957,5.76,450.235,-0.45,relaxed_wt_1_Y_205_R_rep3.pdb
-87.763,1.729,-1300.651,1.687,-717.593,0.124,450.692,0.007,relaxed_wt_1_Y_132_P_rep5.pdb
-87.561,1.93,-1296.03,6.308,-713.272,4.445,450.595,-0.091,relaxed_wt_1_Y_164_G_rep3.pdb
-85.785,3.707,-1294.567,7.771,-713.482,4.235,450.259,-0.426,relaxed_wt_1_Y_136_T_rep3.pdb
-89.246,0.245,-1293.996,8.342,-709.591,8.126,450.989,0.304,relaxed_wt_1_Y_185_Y_rep5.pdb
-85.662,3.83,-1296.926,5.412,-715.759,1.958,449.561,-1.125,relaxed_wt_1_Y_263_P_rep5.pdb
-89.253,0.238,-1298.49,3.848,-714.068,3.649,451.0,0.315,relaxed_wt_1_Y_265_M_rep3.pdb
-89.176,0.315,-1301.908,0.43,-717.507,0.21,449.312,-1.373,relaxed_wt_1_Y_210_L_rep3.pdb
-88.172,1.32,-1292.842,9.496,-709.381,8.336,449.771,-0.914,relaxed_wt_1_Y_272_E_rep1.pdb
-90.377,-0.886,-1302.147,0.191,-716.045,1.672,449.745,-0.94,relaxed_wt_1_Y_139_Q_rep1.pdb
-89.383,0.109,-1299.605,2.733,-714.993,2.724,450.651,-0.034,relaxed_wt_1_Y_137_V_rep5.pdb
-87.961,1.531,-1294.976,7.361,-711.857,5.86,450.757,0.072,relaxed_wt_1_Y_270_G_rep2.pdb
-89.086,0.406,-1303.212,-0.874,-719.068,-1.351,451.952,1.266,relaxed_wt_1_Y_140_P_rep2.pdb
-88.633,0.859,-1309.574,-7.236,-725.826,-8.109,450.891,0.206,relaxed_wt_1_Y_298_S_rep3.pdb
-81.953,7.539,-1294.613,7.725,-714.72,2.996,453.232,2.547,relaxed_wt_1_Y_132_H_rep4.pdb
-89.29,0.201,-1301.822,0.516,-717.36,0.357,449.383,-1.302,relaxed_wt_1_Y_297_C_rep3.pdb
-90.212,-0.72,-1301.683,0.655,-716.17,1.546,450.646,-0.039,relaxed_wt_1_Y_267_C_rep3.pdb
-87.669,1.822,-1299.445,2.893,-715.658,2.059,450.642,-0.043,relaxed_wt_1_Y_163_F_rep5.pdb
-87.778,1.713,-1297.832,4.506,-714.517,3.199,449.911,-0.774,relaxed_wt_1_Y_260_N_rep3.pdb
-89.415,0.077,-1303.044,-0.706,-718.376,-0.66,450.406,-0.279,relaxed_wt_1_Y_266_D_rep1.pdb
-86.635,2.857,-1294.644,7.694,-712.792,4.925,450.648,-0.037,relaxed_wt_1_Y_205_D_rep1.pdb
-85.768,3.723,-1288.825,13.513,-707.648,10.069,451.016,0.331,relaxed_wt_1_Y_241_R_rep4.pdb
-88.852,0.639,-1298.975,3.363,-714.43,3.287,450.236,-0.449,relaxed_wt_1_Y_210_G_rep5.pdb
-88.767,0.725,-1300.523,1.815,-715.885,1.831,452.343,1.658,relaxed_wt_1_Y_163_R_rep3.pdb
-90.494,-1.002,-1304.136,-1.798,-718.492,-0.775,449.904,-0.781,relaxed_wt_1_Y_139_V_rep2.pdb
-82.833,6.658,-1293.544,8.794,-715.131,2.586,451.392,0.707,relaxed_wt_1_Y_138_S_rep4.pdb
-90.376,-0.884,-1303.065,-0.727,-717.451,0.265,450.204,-0.481,relaxed_wt_1_Y_267_M_rep5.pdb
-89.105,0.387,-1299.1,3.238,-714.372,3.345,449.383,-1.302,relaxed_wt_1_Y_132_C_rep4.pdb
-88.226,1.266,-1298.638,3.7,-715.129,2.588,449.368,-1.317,relaxed_wt_1_Y_261_G_rep3.pdb
-89.668,-0.176,-1300.926,1.412,-716.027,1.69,449.406,-1.28,relaxed_wt_1_Y_132_L_rep5.pdb
-87.664,1.827,-1289.647,12.691,-706.847,10.869,449.988,-0.697,relaxed_wt_1_Y_245_G_rep5.pdb
-88.956,0.536,-1282.232,20.106,-697.761,19.956,449.396,-1.289,relaxed_wt_1_Y_186_P_rep5.pdb
-89.642,-0.151,-1301.7,0.638,-716.861,0.856,451.219,0.534,relaxed_wt_1_Y_259_K_rep1.pdb
-88.257,1.235,-1298.108,4.23,-714.646,3.07,449.488,-1.197,relaxed_wt_1_Y_185_E_rep4.pdb
-83.613,5.879,-1296.067,6.271,-717.0,0.717,450.236,-0.449,relaxed_wt_1_Y_262_R_rep4.pdb
-90.33,-0.839,-1302.376,-0.038,-716.464,1.253,449.602,-1.083,relaxed_wt_1_Y_164_R_rep2.pdb
-88.247,1.244,-1300.116,2.222,-717.267,0.449,450.403,-0.282,relaxed_wt_1_Y_242_T_rep4.pdb
-87.779,1.712,-1298.716,3.622,-715.072,2.645,448.995,-1.69,relaxed_wt_1_Y_264_N_rep1.pdb
-89.311,0.181,-1301.031,1.307,-716.219,1.497,451.074,0.389,relaxed_wt_1_Y_262_A_rep2.pdb
-86.677,2.814,-1298.376,3.962,-716.627,1.089,452.587,1.901,relaxed_wt_1_Y_140_L_rep1.pdb
-88.585,0.907,-1298.143,4.195,-714.008,3.709,451.25,0.564,relaxed_wt_1_Y_132_C_rep5.pdb
-86.517,2.975,-1300.754,1.584,-719.058,-1.341,450.736,0.051,relaxed_wt_1_Y_268_H_rep1.pdb
-87.649,1.843,-1300.746,1.592,-717.898,-0.181,451.541,0.856,relaxed_wt_1_Y_164_N_rep4.pdb
-84.417,5.074,-1296.688,5.65,-716.65,1.067,450.684,-0.001,relaxed_wt_1_Y_207_E_rep2.pdb
-89.408,0.084,-1301.375,0.962,-716.82,0.897,449.397,-1.288,relaxed_wt_1_Y_265_L_rep3.pdb
-90.658,-1.166,-1298.507,3.831,-712.048,5.669,449.654,-1.031,relaxed_wt_1_Y_186_Y_rep3.pdb
-81.655,7.836,-1293.858,8.48,-715.381,2.335,451.133,0.448,relaxed_wt_1_Y_138_K_rep5.pdb
-87.958,1.534,-1309.317,-6.98,-725.677,-7.961,449.797,-0.888,relaxed_wt_1_Y_271_A_rep3.pdb
-90.487,-0.996,-1300.613,1.725,-714.784,2.933,449.808,-0.877,relaxed_wt_1_Y_136_L_rep2.pdb
-89.198,0.294,-1302.767,-0.429,-718.269,-0.552,450.675,-0.01,relaxed_wt_1_Y_266_H_rep4.pdb
-89.382,0.11,-1296.935,5.403,-712.346,5.371,450.654,-0.031,relaxed_wt_1_Y_137_R_rep5.pdb
-88.354,1.138,-1298.961,3.377,-715.974,1.743,451.207,0.522,relaxed_wt_1_Y_140_E_rep3.pdb
-89.63,-0.138,-1301.712,0.626,-716.368,1.349,450.836,0.151,relaxed_wt_1_Y_164_L_rep1.pdb
-87.011,2.481,-1299.87,2.468,-717.578,0.139,449.926,-0.759,relaxed_wt_1_Y_163_P_rep2.pdb
-89.474,0.017,-1297.701,4.637,-712.868,4.849,451.166,0.481,relaxed_wt_1_Y_265_V_rep5.pdb
-88.693,0.798,-1302.816,-0.478,-717.884,-0.167,451.446,0.761,relaxed_wt_1_Y_261_H_rep3.pdb
-89.906,-0.414,-1304.921,-2.583,-719.788,-2.071,450.253,-0.433,relaxed_wt_1_Y_271_L_rep1.pdb
-89.879,-0.387,-1300.124,2.214,-714.775,2.942,449.771,-0.914,relaxed_wt_1_Y_186_I_rep2.pdb
-89.166,0.326,-1298.55,3.788,-714.125,3.592,449.286,-1.399,relaxed_wt_1_Y_162_G_rep2.pdb
-89.324,0.167,-1301.845,0.493,-717.296,0.421,450.372,-0.313,relaxed_wt_1_Y_139_L_rep1.pdb
-87.766,1.725,-1293.297,9.041,-710.194,7.522,450.549,-0.136,relaxed_wt_1_Y_272_R_rep1.pdb
-90.038,-0.546,-1304.854,-2.516,-719.551,-1.834,450.552,-0.133,relaxed_wt_1_Y_187_I_rep1.pdb
-89.519,-0.028,-1303.194,-0.856,-718.483,-0.767,450.638,-0.048,relaxed_wt_1_Y_271_W_rep5.pdb
-84.415,5.077,-1296.641,5.697,-716.621,1.096,451.63,0.944,relaxed_wt_1_Y_207_E_rep5.pdb
-89.006,0.485,-1303.049,-0.712,-718.919,-1.203,450.808,0.123,relaxed_wt_1_Y_266_E_rep2.pdb
-88.325,1.166,-1300.377,1.961,-716.489,1.228,450.028,-0.657,relaxed_wt_1_Y_187_D_rep3.pdb
-87.9,1.592,-1300.039,2.299,-716.966,0.751,451.869,1.184,relaxed_wt_1_Y_242_C_rep5.pdb
-89.124,0.368,-1300.939,1.398,-716.438,1.279,449.608,-1.077,relaxed_wt_1_Y_134_D_rep2.pdb
-86.653,2.839,-1297.496,4.842,-715.633,2.083,451.542,0.857,relaxed_wt_1_Y_133_G_rep3.pdb
-89.263,0.228,-1299.55,2.788,-715.025,2.692,449.32,-1.365,relaxed_wt_1_Y_260_I_rep1.pdb
-85.483,4.008,-1292.179,10.159,-711.553,6.164,449.895,-0.79,relaxed_wt_1_Y_209_P_rep4.pdb
-86.701,2.791,-1300.163,2.175,-718.348,-0.631,450.869,0.184,relaxed_wt_1_Y_268_V_rep4.pdb
-88.577,0.915,-1295.654,6.684,-711.828,5.889,449.469,-1.216,relaxed_wt_1_Y_206_Y_rep3.pdb
-89.648,-0.157,-1298.757,3.581,-713.812,3.905,448.554,-2.131,relaxed_wt_1_Y_137_A_rep3.pdb
-82.919,6.573,-1293.46,8.878,-715.054,2.663,450.41,-0.275,relaxed_wt_1_Y_138_D_rep5.pdb
-87.821,1.671,-1300.118,2.22,-717.67,0.046,451.185,0.5,relaxed_wt_1_Y_140_D_rep5.pdb
-86.711,2.781,-1266.727,35.611,-684.31,33.406,449.839,-0.846,relaxed_wt_1_Y_135_P_rep2.pdb
-86.872,2.62,-1297.645,4.693,-715.342,2.375,451.942,1.257,relaxed_wt_1_Y_136_H_rep2.pdb
-89.463,0.028,-1302.447,-0.109,-717.795,-0.078,450.365,-0.321,relaxed_wt_1_Y_209_L_rep2.pdb
-82.085,7.406,-1293.82,8.518,-715.526,2.191,449.957,-0.728,relaxed_wt_1_Y_138_E_rep3.pdb
-89.451,0.041,-1302.194,0.144,-717.749,-0.032,450.647,-0.038,relaxed_wt_1_Y_209_I_rep3.pdb
-86.928,2.563,-1298.458,3.88,-716.07,1.647,450.971,0.286,relaxed_wt_1_Y_163_I_rep2.pdb
-87.036,2.456,-1294.372,7.966,-712.155,5.562,449.48,-1.205,relaxed_wt_1_Y_136_C_rep1.pdb
-88.902,0.59,-1301.567,0.771,-717.441,0.276,448.925,-1.76,relaxed_wt_1_Y_261_W_rep4.pdb
-89.144,0.347,-1299.782,2.556,-714.383,3.334,450.0,-0.685,relaxed_wt_1_Y_296_R_rep1.pdb
-89.721,-0.229,-1300.189,2.149,-715.19,2.527,450.558,-0.128,relaxed_wt_1_Y_261_N_rep1.pdb
-88.268,1.224,-1299.55,2.788,-716.12,1.597,449.834,-0.851,relaxed_wt_1_Y_133_T_rep2.pdb
-83.83,5.661,-1291.163,11.175,-712.558,5.159,452.389,1.704,relaxed_wt_1_Y_241_P_rep5.pdb
-88.974,0.518,-1299.468,2.87,-714.925,2.791,451.038,0.353,relaxed_wt_1_Y_186_N_rep3.pdb
-89.319,0.172,-1303.797,-1.459,-718.414,-0.697,449.846,-0.839,relaxed_wt_1_Y_139_S_rep4.pdb
-87.834,1.658,-1301.004,1.333,-717.616,0.101,449.366,-1.319,relaxed_wt_1_Y_163_Q_rep4.pdb
-87.036,2.455,-1299.413,2.925,-717.052,0.665,451.917,1.232,relaxed_wt_1_Y_163_T_rep4.pdb
-86.503,2.989,-1298.339,3.999,-716.429,1.287,450.415,-0.27,relaxed_wt_1_Y_207_A_rep2.pdb
-89.695,-0.203,-1299.37,2.968,-714.514,3.203,450.654,-0.031,relaxed_wt_1_Y_265_Y_rep1.pdb
-87.756,1.736,-1297.248,5.09,-714.343,3.374,451.742,1.057,relaxed_wt_1_Y_264_E_rep4.pdb
-85.828,3.663,-1297.643,4.695,-716.861,0.856,451.594,0.909,relaxed_wt_1_Y_163_S_rep1.pdb
-87.211,2.281,-1300.268,2.07,-716.934,0.783,449.078,-1.607,relaxed_wt_1_Y_263_K_rep4.pdb
-89.373,0.119,-1301.82,0.517,-717.243,0.473,450.694,0.009,relaxed_wt_1_Y_139_L_rep5.pdb
-88.935,0.557,-1301.484,0.854,-717.292,0.425,450.687,0.002,relaxed_wt_1_Y_259_N_rep5.pdb
-83.956,5.536,-1302.946,-0.608,-721.534,-3.817,451.258,0.573,relaxed_wt_1_Y_297_F_rep4.pdb
-89.48,0.012,-1301.85,0.488,-717.17,0.546,450.681,-0.004,relaxed_wt_1_Y_245_F_rep4.pdb
-89.123,0.368,-1302.36,-0.022,-718.055,-0.339,451.32,0.635,relaxed_wt_1_Y_297_C_rep5.pdb
-89.274,0.218,-1302.663,-0.325,-717.667,0.05,449.254,-1.431,relaxed_wt_1_Y_266_S_rep1.pdb
-89.201,0.29,-1294.972,7.366,-710.439,7.278,450.873,0.188,relaxed_wt_1_Y_206_Q_rep4.pdb
-88.393,1.099,-1301.056,1.282,-717.909,-0.192,450.53,-0.155,relaxed_wt_1_Y_266_I_rep2.pdb
-76.576,12.916,-1288.782,13.556,-717.048,0.668,455.005,4.32,relaxed_wt_1_Y_242_K_rep5.pdb
-83.129,6.363,-1283.327,19.011,-703.45,14.266,452.325,1.64,relaxed_wt_1_Y_135_W_rep5.pdb
-84.98,4.512,-1301.452,0.886,-721.329,-3.612,449.32,-1.365,relaxed_wt_1_Y_262_H_rep5.pdb
-89.316,0.175,-1301.701,0.637,-717.148,0.569,450.374,-0.311,relaxed_wt_1_Y_138_F_rep4.pdb
-84.59,4.902,-1292.187,10.151,-711.176,6.54,452.991,2.306,relaxed_wt_1_Y_241_Y_rep5.pdb
-87.878,1.613,-1296.67,5.668,-713.587,4.13,450.387,-0.298,relaxed_wt_1_Y_245_T_rep5.pdb
-87.722,1.77,-1290.701,11.637,-707.466,10.251,451.564,0.879,relaxed_wt_1_Y_245_G_rep1.pdb
-89.669,-0.178,-1301.628,0.71,-716.427,1.29,451.875,1.19,relaxed_wt_1_Y_164_Y_rep4.pdb
-88.686,0.806,-1298.189,4.149,-714.3,3.417,450.505,-0.18,relaxed_wt_1_Y_164_W_rep5.pdb
-85.957,3.535,-1298.322,4.016,-716.944,0.772,452.291,1.605,relaxed_wt_1_Y_270_R_rep5.pdb
-89.213,0.279,-1301.569,0.769,-717.165,0.552,450.697,0.012,relaxed_wt_1_Y_136_F_rep3.pdb
-83.8,5.692,-1294.889,7.449,-715.294,2.422,450.614,-0.071,relaxed_wt_1_Y_138_R_rep1.pdb
-87.513,1.979,-1296.239,6.099,-713.466,4.251,450.738,0.053,relaxed_wt_1_Y_264_G_rep2.pdb
-87.607,1.884,-1307.991,-5.653,-725.528,-7.811,450.964,0.279,relaxed_wt_1_Y_271_R_rep5.pdb
-89.028,0.463,-1300.618,1.72,-716.062,1.655,451.056,0.371,relaxed_wt_1_Y_184_S_rep5.pdb
-88.392,1.1,-1307.489,-5.151,-723.872,-6.156,451.005,0.32,relaxed_wt_1_Y_271_E_rep1.pdb
-89.035,0.457,-1299.373,2.965,-714.722,2.995,451.026,0.341,relaxed_wt_1_Y_186_G_rep3.pdb
-88.669,0.823,-1281.626,20.712,-696.929,20.788,450.355,-0.33,relaxed_wt_1_Y_186_P_rep1.pdb
-85.797,3.694,-1298.175,4.163,-716.274,1.443,451.835,1.15,relaxed_wt_1_Y_207_T_rep4.pdb
-88.829,0.663,-1297.911,4.427,-713.41,4.307,450.183,-0.502,relaxed_wt_1_Y_184_P_rep4.pdb
-89.599,-0.107,-1301.478,0.859,-716.662,1.055,451.705,1.02,relaxed_wt_1_Y_261_T_rep1.pdb
-89.273,0.219,-1300.264,2.074,-715.73,1.987,450.628,-0.057,relaxed_wt_1_Y_134_H_rep5.pdb
-84.368,5.123,-1298.27,4.068,-718.661,-0.945,452.014,1.329,relaxed_wt_1_Y_264_K_rep1.pdb
-85.736,3.755,-1296.081,6.257,-714.243,3.474,450.104,-0.581,relaxed_wt_1_Y_209_H_rep2.pdb
-89.409,0.082,-1303.363,-1.026,-718.049,-0.332,450.222,-0.463,relaxed_wt_1_Y_208_Y_rep1.pdb
-81.755,7.736,-1294.538,7.8,-715.961,1.756,449.162,-1.523,relaxed_wt_1_Y_138_K_rep2.pdb
-83.917,5.575,-1290.021,12.317,-711.374,6.343,451.971,1.286,relaxed_wt_1_Y_297_W_rep3.pdb
-88.21,1.282,-1300.037,2.301,-717.77,-0.053,450.557,-0.128,relaxed_wt_1_Y_296_H_rep3.pdb
-88.764,0.727,-1296.343,5.995,-711.681,6.036,451.643,0.958,relaxed_wt_1_Y_184_Y_rep5.pdb
-83.099,6.393,-1294.175,8.163,-716.449,1.267,455.055,4.37,relaxed_wt_1_Y_242_Y_rep3.pdb
-88.382,1.11,-1299.217,3.121,-715.465,2.252,449.804,-0.881,relaxed_wt_1_Y_133_H_rep4.pdb
-86.372,3.119,-1293.04,9.298,-711.229,6.487,451.16,0.475,relaxed_wt_1_Y_205_P_rep4.pdb
-86.884,2.607,-1299.251,3.087,-716.56,1.157,448.6,-2.085,relaxed_wt_1_Y_297_D_rep1.pdb
-89.403,0.089,-1301.574,0.764,-716.929,0.787,450.364,-0.322,relaxed_wt_1_Y_210_V_rep4.pdb
-89.091,0.401,-1306.751,-4.413,-722.423,-4.706,449.355,-1.33,relaxed_wt_1_Y_271_N_rep1.pdb
-90.323,-0.832,-1299.819,2.519,-714.057,3.66,451.053,0.367,relaxed_wt_1_Y_139_D_rep2.pdb
-87.976,1.515,-1292.373,9.965,-709.056,8.661,450.538,-0.147,relaxed_wt_1_Y_245_R_rep2.pdb
-87.629,1.863,-1294.434,7.904,-711.499,6.218,449.441,-1.244,relaxed_wt_1_Y_270_D_rep5.pdb
-89.21,0.281,-1302.763,-0.425,-718.363,-0.646,450.729,0.044,relaxed_wt_1_Y_135_Y_rep2.pdb
-88.616,0.876,-1302.779,-0.441,-719.458,-1.741,450.618,-0.067,relaxed_wt_1_Y_267_H_rep5.pdb
-89.434,0.057,-1298.539,3.799,-713.189,4.528,449.389,-1.296,relaxed_wt_1_Y_185_E_rep2.pdb
-85.758,3.733,-1295.635,6.703,-714.541,3.176,450.805,0.12,relaxed_wt_1_Y_136_E_rep2.pdb
-87.592,1.9,-1296.293,6.045,-713.465,4.252,450.763,0.078,relaxed_wt_1_Y_264_G_rep3.pdb
-88.766,0.726,-1300.252,2.086,-716.31,1.407,449.44,-1.246,relaxed_wt_1_Y_135_R_rep3.pdb
-88.768,0.723,-1301.199,1.139,-716.74,0.976,451.005,0.32,relaxed_wt_1_Y_186_D_rep4.pdb
-90.916,-1.424,-1298.759,3.579,-712.189,5.527,451.697,1.012,relaxed_wt_1_Y_184_I_rep2.pdb
-88.177,1.315,-1308.077,-5.739,-724.603,-6.887,451.082,0.397,relaxed_wt_1_Y_271_S_rep1.pdb
-88.567,0.925,-1299.538,2.8,-715.849,1.868,449.186,-1.5,relaxed_wt_1_Y_133_V_rep3.pdb
-89.492,-0.0,-1303.323,-0.985,-718.428,-0.711,449.632,-1.053,relaxed_wt_1_Y_206_I_rep1.pdb
-89.231,0.26,-1299.758,2.579,-715.305,2.412,450.718,0.033,relaxed_wt_1_Y_135_V_rep3.pdb
-88.285,1.207,-1292.783,9.555,-709.192,8.525,450.835,0.15,relaxed_wt_1_Y_272_E_rep5.pdb
-84.288,5.203,-1295.547,6.791,-716.761,0.956,454.546,3.86,relaxed_wt_1_Y_242_F_rep5.pdb
-90.091,-0.6,-1301.411,0.927,-716.049,1.668,448.953,-1.732,relaxed_wt_1_Y_259_W_rep4.pdb
-86.965,2.526,-1302.366,-0.028,-719.728,-2.011,450.6,-0.085,relaxed_wt_1_Y_243_Q_rep5.pdb
-90.417,-0.926,-1283.741,18.596,-697.438,20.279,450.707,0.022,relaxed_wt_1_Y_266_P_rep1.pdb
-89.203,0.289,-1301.473,0.865,-716.923,0.794,450.669,-0.016,relaxed_wt_1_Y_134_D_rep5.pdb
-88.414,1.077,-1298.912,3.426,-715.029,2.687,449.653,-1.032,relaxed_wt_1_Y_243_S_rep3.pdb
-89.0,0.491,-1302.399,-0.061,-718.213,-0.496,451.256,0.571,relaxed_wt_1_Y_205_W_rep4.pdb
-86.862,2.629,-1298.37,3.968,-716.174,1.543,451.014,0.329,relaxed_wt_1_Y_297_D_rep5.pdb
-88.789,0.703,-1300.051,2.287,-715.987,1.73,450.672,-0.013,relaxed_wt_1_Y_261_A_rep3.pdb
-88.605,0.887,-1298.438,3.9,-714.6,3.116,450.775,0.09,relaxed_wt_1_Y_164_M_rep2.pdb
-88.821,0.671,-1298.465,3.872,-714.331,3.386,449.125,-1.56,relaxed_wt_1_Y_132_T_rep3.pdb
-89.481,0.011,-1301.794,0.544,-717.095,0.622,451.614,0.929,relaxed_wt_1_Y_264_F_rep4.pdb
-87.488,2.004,-1299.339,2.999,-715.831,1.886,452.548,1.863,relaxed_wt_1_Y_184_Y_rep2.pdb
-89.398,0.094,-1301.555,0.783,-716.944,0.772,450.17,-0.515,relaxed_wt_1_Y_265_L_rep5.pdb
-85.545,3.946,-1301.808,0.53,-721.114,-3.397,449.71,-0.975,relaxed_wt_1_Y_268_N_rep4.pdb
-89.595,-0.104,-1301.552,0.786,-716.785,0.931,450.73,0.045,relaxed_wt_1_Y_259_K_rep5.pdb
-83.545,5.947,-1296.219,6.119,-718.567,-0.851,453.202,2.517,relaxed_wt_1_Y_209_Y_rep1.pdb
-77.903,11.588,-1293.736,8.602,-719.67,-1.953,455.256,4.571,relaxed_wt_1_Y_242_E_rep5.pdb
-85.354,4.138,-1280.334,22.004,-699.642,18.075,449.875,-0.81,relaxed_wt_1_Y_242_P_rep1.pdb
-89.407,0.085,-1302.37,-0.032,-717.77,-0.053,450.667,-0.019,relaxed_wt_1_Y_241_E_rep2.pdb
-89.93,-0.438,-1301.241,1.097,-714.012,3.704,450.952,0.267,relaxed_wt_1_Y_140_R_rep2.pdb
-87.544,1.948,-1302.114,0.223,-718.773,-1.056,451.23,0.545,relaxed_wt_1_Y_297_N_rep5.pdb
-86.644,2.847,-1297.455,4.883,-715.602,2.114,450.629,-0.056,relaxed_wt_1_Y_133_G_rep5.pdb
-89.379,0.112,-1296.43,5.908,-711.835,5.882,449.577,-1.108,relaxed_wt_1_Y_137_C_rep1.pdb
-89.579,-0.088,-1303.333,-0.995,-718.515,-0.798,450.498,-0.187,relaxed_wt_1_Y_261_Y_rep3.pdb
-87.943,1.548,-1300.366,1.972,-716.841,0.875,450.206,-0.479,relaxed_wt_1_Y_132_N_rep3.pdb
-88.264,1.228,-1294.843,7.495,-711.303,6.413,450.368,-0.317,relaxed_wt_1_Y_245_N_rep5.pdb
-88.406,1.086,-1298.484,3.854,-714.694,3.023,449.653,-1.032,relaxed_wt_1_Y_162_Y_rep1.pdb
-86.475,3.017,-1298.37,3.968,-716.05,1.667,450.347,-0.338,relaxed_wt_1_Y_136_Q_rep3.pdb
-89.208,0.284,-1301.124,1.214,-716.658,1.059,448.371,-2.314,relaxed_wt_1_Y_162_D_rep3.pdb
-88.937,0.555,-1301.037,1.301,-716.953,0.764,452.298,1.613,relaxed_wt_1_Y_267_C_rep1.pdb
-89.304,0.188,-1303.218,-0.88,-718.605,-0.889,450.559,-0.126,relaxed_wt_1_Y_187_C_rep1.pdb
-88.574,0.917,-1296.553,5.785,-712.48,5.237,451.973,1.287,relaxed_wt_1_Y_185_I_rep1.pdb
-86.639,2.853,-1296.619,5.719,-714.761,2.956,449.013,-1.672,relaxed_wt_1_Y_209_G_rep5.pdb
-87.917,1.575,-1303.717,-1.379,-720.469,-2.752,451.177,0.492,relaxed_wt_1_Y_271_G_rep1.pdb
-85.242,4.25,-1289.715,12.623,-708.227,9.49,449.353,-1.332,relaxed_wt_1_Y_241_R_rep1.pdb
-88.644,0.847,-1285.865,16.473,-702.085,15.632,449.383,-1.302,relaxed_wt_1_Y_164_P_rep4.pdb
-86.631,2.86,-1298.205,4.133,-717.063,0.654,452.857,2.172,relaxed_wt_1_Y_272_P_rep4.pdb
-90.053,-0.561,-1298.592,3.746,-712.995,4.722,449.324,-1.361,relaxed_wt_1_Y_184_V_rep1.pdb
-87.72,1.772,-1298.437,3.901,-714.965,2.752,449.288,-1.397,relaxed_wt_1_Y_260_C_rep5.pdb
-89.941,-0.45,-1297.416,4.922,-712.067,5.65,451.775,1.09,relaxed_wt_1_Y_185_G_rep2.pdb
-86.84,2.652,-1301.041,1.297,-717.995,-0.278,451.527,0.842,relaxed_wt_1_Y_262_M_rep1.pdb
-89.419,0.073,-1301.809,0.529,-717.196,0.521,450.994,0.309,relaxed_wt_1_Y_208_R_rep1.pdb
-89.241,0.25,-1302.164,0.174,-717.738,-0.022,450.707,0.022,relaxed_wt_1_Y_205_Y_rep3.pdb
-89.508,-0.017,-1302.312,0.026,-717.837,-0.12,451.39,0.705,relaxed_wt_1_Y_244_W_rep1.pdb
-89.617,-0.125,-1303.532,-1.194,-717.919,-0.203,449.232,-1.453,relaxed_wt_1_Y_261_F_rep3.pdb
-88.625,0.867,-1290.568,11.77,-706.5,11.217,449.236,-1.449,relaxed_wt_1_Y_245_K_rep5.pdb
-88.69,0.801,-1303.532,-1.194,-719.706,-1.99,449.525,-1.16,relaxed_wt_1_Y_162_P_rep2.pdb
-89.44,0.051,-1302.368,-0.03,-717.725,-0.008,450.663,-0.022,relaxed_wt_1_Y_186_R_rep2.pdb
-85.525,3.967,-1299.549,2.789,-719.218,-1.502,451.398,0.713,relaxed_wt_1_Y_297_I_rep5.pdb
-87.945,1.547,-1304.784,-2.446,-721.762,-4.045,452.109,1.424,relaxed_wt_1_Y_263_Y_rep4.pdb
-85.526,3.965,-1301.84,0.498,-721.139,-3.422,450.761,0.075,relaxed_wt_1_Y_268_N_rep3.pdb
-90.528,-1.036,-1300.661,1.677,-714.566,3.151,449.809,-0.876,relaxed_wt_1_Y_133_F_rep1.pdb
-88.506,0.985,-1303.961,-1.623,-720.295,-2.578,449.391,-1.294,relaxed_wt_1_Y_261_K_rep1.pdb
-89.291,0.201,-1300.579,1.759,-715.096,2.621,450.817,0.132,relaxed_wt_1_Y_184_L_rep4.pdb
-88.14,1.352,-1302.554,-0.216,-719.215,-1.498,450.738,0.053,relaxed_wt_1_Y_264_L_rep5.pdb
-89.2,0.292,-1303.146,-0.808,-718.469,-0.752,449.916,-0.769,relaxed_wt_1_Y_186_R_rep5.pdb
-83.169,6.323,-1302.614,-0.276,-723.381,-5.664,451.626,0.941,relaxed_wt_1_Y_297_F_rep3.pdb
-87.519,1.973,-1303.398,-1.06,-720.872,-3.156,450.926,0.241,relaxed_wt_1_Y_270_V_rep1.pdb
-86.525,2.967,-1294.543,7.795,-712.85,4.866,449.845,-0.84,relaxed_wt_1_Y_205_M_rep1.pdb
-89.441,0.051,-1302.407,-0.069,-717.782,-0.065,450.678,-0.007,relaxed_wt_1_Y_185_D_rep4.pdb
-85.303,4.189,-1291.886,10.452,-711.321,6.395,450.008,-0.677,relaxed_wt_1_Y_242_G_rep4.pdb
-89.602,-0.111,-1299.036,3.302,-714.847,2.87,452.27,1.585,relaxed_wt_1_Y_139_H_rep3.pdb
-86.844,2.648,-1297.937,4.401,-715.629,2.088,450.658,-0.027,relaxed_wt_1_Y_163_S_rep2.pdb
-86.786,2.706,-1299.233,3.105,-716.897,0.82,450.325,-0.36,relaxed_wt_1_Y_207_M_rep3.pdb
-89.668,-0.176,-1297.469,4.869,-712.59,5.127,450.022,-0.663,relaxed_wt_1_Y_265_S_rep1.pdb
-89.622,-0.13,-1303.055,-0.717,-718.264,-0.547,449.445,-1.24,relaxed_wt_1_Y_186_T_rep2.pdb
-89.711,-0.219,-1295.57,6.768,-710.686,7.03,449.695,-0.99,relaxed_wt_1_Y_265_G_rep4.pdb
-85.143,4.348,-1297.344,4.994,-716.279,1.438,451.208,0.523,relaxed_wt_1_Y_242_S_rep5.pdb
-87.184,2.308,-1296.957,5.381,-715.061,2.656,450.94,0.255,relaxed_wt_1_Y_260_E_rep4.pdb
-89.234,0.258,-1302.815,-0.477,-718.181,-0.464,450.921,0.236,relaxed_wt_1_Y_208_V_rep3.pdb
-85.172,4.32,-1284.55,17.788,-704.156,13.561,451.498,0.813,relaxed_wt_1_Y_268_P_rep5.pdb
-90.108,-0.617,-1300.273,2.065,-714.985,2.732,449.597,-1.088,relaxed_wt_1_Y_139_H_rep5.pdb
-88.857,0.634,-1298.208,4.13,-714.125,3.592,450.758,0.073,relaxed_wt_1_Y_135_K_rep1.pdb
-88.059,1.433,-1299.057,3.281,-715.572,2.144,450.931,0.246,relaxed_wt_1_Y_259_G_rep1.pdb
-90.323,-0.832,-1300.503,1.834,-715.473,2.244,450.306,-0.38,relaxed_wt_1_Y_140_Q_rep1.pdb
-89.319,0.173,-1301.865,0.473,-717.346,0.371,450.692,0.007,relaxed_wt_1_Y_266_N_rep1.pdb
-89.782,-0.29,-1298.423,3.915,-713.043,4.674,449.808,-0.877,relaxed_wt_1_Y_241_T_rep5.pdb
-87.626,1.866,-1300.778,1.56,-717.842,-0.126,451.742,1.057,relaxed_wt_1_Y_245_I_rep3.pdb
-86.159,3.333,-1296.326,6.012,-713.97,3.746,451.535,0.85,relaxed_wt_1_Y_187_R_rep3.pdb
-87.764,1.728,-1298.661,3.677,-715.017,2.7,450.74,0.055,relaxed_wt_1_Y_264_N_rep5.pdb
-88.004,1.487,-1298.314,4.024,-714.603,3.114,450.203,-0.483,relaxed_wt_1_Y_243_F_rep1.pdb
-89.947,-0.455,-1304.873,-2.535,-719.717,-2.0,450.766,0.081,relaxed_wt_1_Y_244_K_rep5.pdb
-90.27,-0.779,-1300.457,1.881,-714.646,3.071,451.5,0.815,relaxed_wt_1_Y_184_D_rep2.pdb
-84.976,4.516,-1294.658,7.68,-714.545,3.171,450.769,0.084,relaxed_wt_1_Y_185_L_rep4.pdb
-89.888,-0.396,-1300.034,2.303,-714.961,2.756,449.628,-1.057,relaxed_wt_1_Y_265_E_rep3.pdb
-90.036,-0.545,-1299.132,3.206,-713.082,4.635,450.566,-0.12,relaxed_wt_1_Y_184_V_rep4.pdb
-87.802,1.69,-1298.024,4.314,-714.966,2.751,450.759,0.074,relaxed_wt_1_Y_270_H_rep4.pdb
-82.714,6.778,-1293.197,9.141,-714.919,2.798,450.205,-0.481,relaxed_wt_1_Y_138_S_rep3.pdb
-88.456,1.036,-1297.607,4.731,-713.857,3.86,451.57,0.885,relaxed_wt_1_Y_260_T_rep1.pdb
-86.249,3.242,-1299.485,2.853,-717.583,0.134,449.435,-1.25,relaxed_wt_1_Y_207_Q_rep4.pdb
-87.015,2.477,-1299.698,2.64,-717.425,0.292,450.941,0.256,relaxed_wt_1_Y_264_P_rep4.pdb
-88.344,1.148,-1294.889,7.449,-711.261,6.455,450.652,-0.033,relaxed_wt_1_Y_245_N_rep4.pdb
-88.528,0.964,-1301.636,0.702,-718.395,-0.678,450.952,0.267,relaxed_wt_1_Y_270_Y_rep3.pdb
-87.394,2.098,-1294.531,7.807,-712.436,5.281,450.298,-0.387,relaxed_wt_1_Y_270_G_rep5.pdb
-89.287,0.204,-1302.054,0.284,-717.525,0.192,450.552,-0.133,relaxed_wt_1_Y_139_L_rep3.pdb
-89.148,0.344,-1299.603,2.735,-715.203,2.514,450.933,0.248,relaxed_wt_1_Y_162_H_rep4.pdb
-88.131,1.361,-1298.959,3.379,-715.591,2.126,449.807,-0.878,relaxed_wt_1_Y_133_T_rep4.pdb
-88.947,0.545,-1301.745,0.593,-717.586,0.131,449.695,-0.99,relaxed_wt_1_Y_272_V_rep4.pdb
-89.387,0.105,-1298.639,3.699,-714.082,3.635,449.652,-1.033,relaxed_wt_1_Y_135_T_rep5.pdb
-89.438,0.053,-1304.678,-2.34,-719.532,-1.815,449.426,-1.259,relaxed_wt_1_Y_187_T_rep1.pdb
-87.778,1.714,-1300.284,2.054,-717.302,0.415,450.565,-0.12,relaxed_wt_1_Y_268_Y_rep2.pdb
-86.685,2.806,-1300.442,1.896,-719.117,-1.401,452.225,1.539,relaxed_wt_1_Y_207_I_rep3.pdb
-88.252,1.24,-1304.184,-1.846,-720.698,-2.982,449.795,-0.89,relaxed_wt_1_Y_264_I_rep3.pdb
-88.852,0.639,-1301.217,1.121,-717.13,0.586,449.579,-1.106,relaxed_wt_1_Y_136_Y_rep5.pdb
-88.911,0.58,-1302.971,-0.634,-718.791,-1.074,450.353,-0.332,relaxed_wt_1_Y_298_R_rep1.pdb
-90.235,-0.743,-1304.418,-2.08,-719.417,-1.7,451.169,0.484,relaxed_wt_1_Y_244_K_rep4.pdb
-89.439,0.053,-1302.347,-0.009,-717.745,-0.028,448.99,-1.695,relaxed_wt_1_Y_162_I_rep3.pdb
-82.56,6.931,-1295.494,6.844,-718.768,-1.051,454.289,3.603,relaxed_wt_1_Y_209_H_rep5.pdb
-89.182,0.31,-1299.809,2.529,-715.664,2.053,451.252,0.567,relaxed_wt_1_Y_296_M_rep4.pdb
-91.291,-1.799,-1301.236,1.102,-714.563,3.154,449.626,-1.059,relaxed_wt_1_Y_264_W_rep3.pdb
-89.683,-0.191,-1293.853,8.485,-708.971,8.745,449.344,-1.341,relaxed_wt_1_Y_241_C_rep4.pdb
-89.202,0.29,-1300.447,1.891,-716.003,1.714,448.85,-1.835,relaxed_wt_1_Y_162_C_rep4.pdb
-90.216,-0.724,-1298.655,3.683,-713.173,4.544,449.51,-1.175,relaxed_wt_1_Y_187_L_rep5.pdb
-89.864,-0.373,-1297.355,4.983,-712.084,5.633,450.568,-0.117,relaxed_wt_1_Y_185_G_rep5.pdb
-89.51,-0.018,-1297.687,4.651,-712.919,4.798,449.346,-1.339,relaxed_wt_1_Y_298_M_rep4.pdb
-90.001,-0.51,-1300.722,1.616,-715.325,2.391,451.006,0.32,relaxed_wt_1_Y_139_Q_rep3.pdb
-89.742,-0.25,-1297.761,4.577,-712.8,4.917,448.619,-2.066,relaxed_wt_1_Y_265_R_rep4.pdb
-85.885,3.607,-1296.887,5.451,-715.901,1.816,450.953,0.268,relaxed_wt_1_Y_136_V_rep4.pdb
-89.356,0.135,-1301.075,1.263,-716.541,1.175,450.41,-0.275,relaxed_wt_1_Y_210_A_rep3.pdb
-86.697,2.794,-1300.76,1.578,-719.076,-1.359,451.846,1.161,relaxed_wt_1_Y_242_L_rep3.pdb
-89.041,0.451,-1301.797,0.541,-716.811,0.906,451.787,1.102,relaxed_wt_1_Y_132_S_rep3.pdb
-88.491,1.0,-1298.95,3.388,-715.806,1.911,450.39,-0.295,relaxed_wt_1_Y_133_Y_rep3.pdb
-86.715,2.776,-1299.785,2.553,-716.302,1.414,449.689,-0.996,relaxed_wt_1_Y_263_R_rep3.pdb
-84.791,4.701,-1289.927,12.411,-708.099,9.618,449.554,-1.131,relaxed_wt_1_Y_241_K_rep4.pdb
-89.394,0.097,-1298.02,4.318,-713.092,4.625,450.974,0.289,relaxed_wt_1_Y_186_C_rep3.pdb
-88.469,1.022,-1297.688,4.65,-713.665,4.052,451.964,1.279,relaxed_wt_1_Y_185_I_rep3.pdb
-89.267,0.225,-1298.334,4.003,-713.886,3.831,449.714,-0.971,relaxed_wt_1_Y_134_T_rep1.pdb
-89.367,0.125,-1300.947,1.391,-716.368,1.349,451.912,1.227,relaxed_wt_1_Y_134_K_rep3.pdb
-89.61,-0.119,-1299.862,2.476,-715.085,2.632,449.73,-0.955,relaxed_wt_1_Y_187_G_rep1.pdb
-86.849,2.643,-1297.682,4.656,-714.926,2.791,450.259,-0.426,relaxed_wt_1_Y_163_N_rep1.pdb
-87.841,1.65,-1298.47,3.868,-715.235,2.481,450.579,-0.106,relaxed_wt_1_Y_270_N_rep5.pdb
-89.052,0.44,-1302.005,0.333,-717.529,0.187,449.674,-1.011,relaxed_wt_1_Y_266_Q_rep4.pdb
-89.379,0.113,-1297.477,4.861,-712.938,4.779,450.688,0.003,relaxed_wt_1_Y_137_K_rep5.pdb
-86.901,2.59,-1296.374,5.964,-714.031,3.686,450.698,0.013,relaxed_wt_1_Y_163_G_rep1.pdb
-87.19,2.302,-1292.896,9.442,-710.448,7.269,449.571,-1.114,relaxed_wt_1_Y_241_N_rep4.pdb
-88.986,0.506,-1300.234,2.104,-715.938,1.778,451.154,0.469,relaxed_wt_1_Y_245_P_rep3.pdb
-89.364,0.127,-1302.228,0.11,-717.688,0.029,448.988,-1.697,relaxed_wt_1_Y_162_I_rep5.pdb
-86.419,3.073,-1298.209,4.129,-715.588,2.129,450.906,0.221,relaxed_wt_1_Y_163_Y_rep4.pdb
-88.618,0.874,-1299.849,2.489,-715.611,2.105,450.606,-0.079,relaxed_wt_1_Y_296_C_rep3.pdb
-87.753,1.739,-1301.454,0.884,-719.492,-1.775,449.28,-1.405,relaxed_wt_1_Y_296_Y_rep4.pdb
-90.515,-1.023,-1304.364,-2.026,-719.104,-1.387,451.017,0.332,relaxed_wt_1_Y_244_T_rep1.pdb
-89.222,0.269,-1301.561,0.777,-716.962,0.755,450.678,-0.007,relaxed_wt_1_Y_266_F_rep5.pdb
-87.433,2.058,-1297.703,4.635,-715.114,2.603,449.956,-0.729,relaxed_wt_1_Y_163_D_rep1.pdb
-87.035,2.456,-1295.238,7.099,-713.039,4.678,448.436,-2.249,relaxed_wt_1_Y_205_A_rep1.pdb
-89.285,0.206,-1301.542,0.796,-716.811,0.905,451.53,0.845,relaxed_wt_1_Y_270_W_rep4.pdb
-88.076,1.415,-1298.383,3.955,-715.117,2.6,450.978,0.293,relaxed_wt_1_Y_270_S_rep2.pdb
-86.68,2.811,-1298.284,4.054,-715.61,2.107,452.068,1.383,relaxed_wt_1_Y_242_Q_rep2.pdb
-89.227,0.264,-1299.714,2.624,-715.117,2.6,450.867,0.182,relaxed_wt_1_Y_208_E_rep2.pdb
-85.357,4.134,-1297.634,4.704,-716.449,1.268,450.693,0.008,relaxed_wt_1_Y_242_S_rep3.pdb
-89.962,-0.471,-1298.626,3.712,-713.138,4.579,451.065,0.38,relaxed_wt_1_Y_184_C_rep4.pdb
-87.826,1.666,-1300.241,2.097,-717.229,0.488,449.078,-1.608,relaxed_wt_1_Y_263_C_rep3.pdb
-89.328,0.164,-1304.245,-1.907,-719.737,-2.02,449.318,-1.367,relaxed_wt_1_Y_208_H_rep2.pdb
-86.961,2.531,-1299.461,2.877,-717.468,0.249,450.657,-0.028,relaxed_wt_1_Y_209_S_rep5.pdb
-89.469,0.022,-1302.466,-0.128,-717.81,-0.093,450.381,-0.305,relaxed_wt_1_Y_184_E_rep3.pdb
-86.578,2.913,-1298.238,4.1,-713.829,3.888,450.606,-0.079,relaxed_wt_1_Y_298_F_rep3.pdb
-89.817,-0.326,-1301.465,0.873,-716.323,1.394,450.449,-0.236,relaxed_wt_1_Y_208_N_rep3.pdb
-89.943,-0.452,-1301.245,1.093,-714.033,3.684,449.915,-0.77,relaxed_wt_1_Y_140_R_rep1.pdb
-83.554,5.938,-1293.086,9.252,-712.745,4.972,448.588,-2.097,relaxed_wt_1_Y_185_K_rep5.pdb
-88.914,0.577,-1300.204,2.134,-716.059,1.658,450.628,-0.057,relaxed_wt_1_Y_210_S_rep3.pdb
-87.528,1.963,-1302.924,-0.586,-720.601,-2.884,450.917,0.232,relaxed_wt_1_Y_140_A_rep2.pdb
-89.443,0.048,-1302.505,-0.167,-717.832,-0.116,451.181,0.496,relaxed_wt_1_Y_242_V_rep5.pdb
-89.497,-0.006,-1303.306,-0.968,-718.424,-0.707,449.644,-1.041,relaxed_wt_1_Y_206_I_rep5.pdb
-89.105,0.386,-1297.729,4.609,-715.479,2.238,452.654,1.969,relaxed_wt_1_Y_270_D_rep3.pdb
-90.113,-0.621,-1301.353,0.985,-716.007,1.71,450.476,-0.209,relaxed_wt_1_Y_184_Q_rep4.pdb
-89.368,0.124,-1302.354,-0.016,-717.797,-0.081,448.94,-1.745,relaxed_wt_1_Y_162_E_rep5.pdb
-89.779,-0.287,-1304.479,-2.141,-719.528,-1.811,449.333,-1.352,relaxed_wt_1_Y_267_N_rep3.pdb
-86.784,2.707,-1297.966,4.372,-716.243,1.474,450.432,-0.253,relaxed_wt_1_Y_209_E_rep2.pdb
-87.051,2.44,-1296.358,5.98,-713.942,3.775,449.714,-0.971,relaxed_wt_1_Y_163_G_rep4.pdb
-89.413,0.079,-1292.745,9.593,-707.945,9.771,451.125,0.44,relaxed_wt_1_Y_241_I_rep1.pdb
-89.156,0.336,-1303.924,-1.586,-719.194,-1.477,450.008,-0.677,relaxed_wt_1_Y_271_F_rep1.pdb
-89.578,-0.086,-1305.298,-2.96,-720.833,-3.116,451.71,1.025,relaxed_wt_1_Y_244_S_rep4.pdb
-84.322,5.169,-1295.516,6.822,-716.686,1.031,453.214,2.529,relaxed_wt_1_Y_242_F_rep4.pdb
-84.565,4.926,-1293.388,8.949,-712.545,5.172,448.842,-1.843,relaxed_wt_1_Y_243_P_rep5.pdb
-87.454,2.038,-1299.971,2.367,-717.816,-0.099,449.578,-1.107,relaxed_wt_1_Y_186_N_rep4.pdb
-87.154,2.338,-1299.855,2.483,-717.56,0.156,450.655,-0.03,relaxed_wt_1_Y_296_G_rep3.pdb
-85.806,3.686,-1297.023,5.315,-714.905,2.812,451.821,1.136,relaxed_wt_1_Y_132_R_rep5.pdb
-80.622,8.869,-1296.008,6.33,-714.445,3.272,450.571,-0.114,relaxed_wt_1_Y_262_K_rep3.pdb
-89.042,0.45,-1297.657,4.681,-713.156,4.561,450.135,-0.55,relaxed_wt_1_Y_298_M_rep1.pdb
-89.128,0.364,-1303.341,-1.004,-718.877,-1.16,450.427,-0.258,relaxed_wt_1_Y_266_R_rep5.pdb
-85.346,4.145,-1299.409,2.929,-718.453,-0.737,450.717,0.032,relaxed_wt_1_Y_138_I_rep1.pdb
-80.295,9.197,-1290.792,11.545,-714.926,2.79,455.786,5.101,relaxed_wt_1_Y_242_R_rep3.pdb
-87.798,1.693,-1294.373,7.965,-711.281,6.435,449.562,-1.123,relaxed_wt_1_Y_241_S_rep4.pdb
-89.356,0.136,-1302.489,-0.151,-717.896,-0.179,450.633,-0.052,relaxed_wt_1_Y_263_D_rep4.pdb
-84.276,5.216,-1293.04,9.298,-711.546,6.171,450.705,0.02,relaxed_wt_1_Y_185_R_rep2.pdb
-89.314,0.177,-1296.211,6.126,-711.708,6.009,451.65,0.965,relaxed_wt_1_Y_137_T_rep3.pdb
-86.914,2.577,-1297.766,4.572,-715.933,1.784,451.298,0.613,relaxed_wt_1_Y_263_H_rep5.pdb
-85.33,4.161,-1293.815,8.523,-711.06,6.657,448.911,-1.774,relaxed_wt_1_Y_205_K_rep1.pdb
-89.845,-0.354,-1297.719,4.619,-712.699,5.018,450.205,-0.48,relaxed_wt_1_Y_265_A_rep1.pdb
-87.87,1.622,-1299.874,2.464,-716.745,0.971,449.488,-1.197,relaxed_wt_1_Y_133_N_rep3.pdb
-89.23,0.262,-1301.272,1.066,-716.665,1.052,449.081,-1.604,relaxed_wt_1_Y_208_C_rep3.pdb
-86.902,2.59,-1292.177,10.161,-710.347,7.37,450.284,-0.402,relaxed_wt_1_Y_241_G_rep5.pdb
-88.836,0.655,-1288.281,14.057,-704.082,13.635,450.634,-0.051,relaxed_wt_1_Y_164_P_rep2.pdb
-96.689,-7.197,-1297.176,5.162,-710.356,7.36,449.803,-0.882,relaxed_wt_1_Y_187_Y_rep4.pdb
-89.869,-0.378,-1304.888,-2.55,-719.841,-2.124,451.168,0.483,relaxed_wt_1_Y_187_V_rep5.pdb
-90.215,-0.723,-1294.315,8.023,-708.731,8.986,449.402,-1.283,relaxed_wt_1_Y_137_P_rep4.pdb
-89.348,0.144,-1298.526,3.812,-713.97,3.747,451.591,0.906,relaxed_wt_1_Y_134_M_rep2.pdb
-85.554,3.938,-1296.004,6.334,-714.001,3.716,450.033,-0.652,relaxed_wt_1_Y_185_H_rep4.pdb
-86.58,2.912,-1297.755,4.583,-715.06,2.657,449.413,-1.272,relaxed_wt_1_Y_242_Q_rep1.pdb
-88.748,0.744,-1296.193,6.145,-712.035,5.682,451.243,0.558,relaxed_wt_1_Y_241_T_rep4.pdb
-89.087,0.404,-1301.337,1.001,-716.996,0.721,451.629,0.944,relaxed_wt_1_Y_264_H_rep5.pdb
-91.372,-1.88,-1302.327,0.011,-715.995,1.722,449.974,-0.711,relaxed_wt_1_Y_267_Q_rep1.pdb
-89.222,0.269,-1298.557,3.781,-713.947,3.77,449.899,-0.786,relaxed_wt_1_Y_208_D_rep1.pdb
-88.383,1.108,-1307.081,-4.743,-723.682,-5.966,450.296,-0.389,relaxed_wt_1_Y_298_Y_rep1.pdb
-90.119,-0.628,-1301.486,0.852,-716.074,1.642,448.818,-1.867,relaxed_wt_1_Y_259_W_rep5.pdb
-88.306,1.185,-1291.867,10.471,-708.341,9.375,450.715,0.03,relaxed_wt_1_Y_272_D_rep1.pdb
-90.948,-1.457,-1306.51,-4.172,-720.485,-2.768,450.393,-0.292,relaxed_wt_1_Y_262_V_rep4.pdb
-85.837,3.655,-1297.204,5.134,-715.919,1.798,450.68,-0.005,relaxed_wt_1_Y_185_L_rep1.pdb
-86.939,2.552,-1300.555,1.783,-718.109,-0.392,451.627,0.942,relaxed_wt_1_Y_243_H_rep1.pdb
-88.251,1.241,-1299.228,3.11,-715.664,2.053,451.046,0.361,relaxed_wt_1_Y_264_M_rep3.pdb
-89.67,-0.179,-1304.267,-1.929,-719.23,-1.513,450.903,0.218,relaxed_wt_1_Y_208_K_rep4.pdb
-86.779,2.712,-1295.277,7.061,-712.97,4.747,450.524,-0.161,relaxed_wt_1_Y_205_T_rep5.pdb
-87.76,1.732,-1294.43,7.908,-711.491,6.226,450.717,0.032,relaxed_wt_1_Y_245_C_rep4.pdb
-89.603,-0.112,-1296.847,5.491,-712.022,5.695,449.273,-1.412,relaxed_wt_1_Y_265_H_rep4.pdb
-84.581,4.911,-1294.747,7.591,-714.748,2.969,451.762,1.077,relaxed_wt_1_Y_138_Q_rep5.pdb
-86.028,3.464,-1299.277,3.061,-718.495,-0.778,450.216,-0.469,relaxed_wt_1_Y_297_K_rep3.pdb
-88.606,0.886,-1307.802,-5.464,-723.967,-6.25,448.986,-1.699,relaxed_wt_1_Y_271_K_rep4.pdb
-89.28,0.211,-1299.372,2.965,-714.84,2.877,451.569,0.884,relaxed_wt_1_Y_137_V_rep4.pdb
-87.61,1.882,-1297.19,5.148,-714.126,3.591,450.52,-0.165,relaxed_wt_1_Y_272_S_rep3.pdb
-89.032,0.459,-1303.428,-1.09,-719.102,-1.385,449.268,-1.417,relaxed_wt_1_Y_162_P_rep1.pdb
-83.895,5.597,-1281.014,21.324,-701.7,16.017,449.639,-1.046,relaxed_wt_1_Y_243_R_rep1.pdb
-89.341,0.151,-1302.312,0.026,-717.762,-0.045,448.91,-1.775,relaxed_wt_1_Y_209_L_rep1.pdb
-87.421,2.071,-1299.572,2.766,-716.959,0.757,449.152,-1.533,relaxed_wt_1_Y_263_N_rep5.pdb
-87.976,1.515,-1297.592,4.746,-714.902,2.815,450.475,-0.21,relaxed_wt_1_Y_135_K_rep2.pdb
-82.988,6.503,-1290.429,11.909,-712.7,5.017,453.452,2.767,relaxed_wt_1_Y_242_W_rep5.pdb
-88.197,1.295,-1297.827,4.511,-714.105,3.612,449.32,-1.365,relaxed_wt_1_Y_243_D_rep3.pdb
-89.362,0.13,-1302.7,-0.362,-718.14,-0.423,450.174,-0.511,relaxed_wt_1_Y_266_K_rep5.pdb
-86.837,2.655,-1299.341,2.997,-716.989,0.727,449.33,-1.355,relaxed_wt_1_Y_207_M_rep4.pdb
-90.577,-1.085,-1306.077,-3.739,-720.101,-2.384,449.979,-0.706,relaxed_wt_1_Y_267_W_rep2.pdb
-88.203,1.289,-1295.17,7.168,-711.754,5.963,450.63,-0.055,relaxed_wt_1_Y_270_G_rep1.pdb
-86.206,3.286,-1296.844,5.494,-715.359,2.358,450.063,-0.622,relaxed_wt_1_Y_138_H_rep4.pdb
-87.696,1.796,-1308.118,-5.78,-725.628,-7.912,451.018,0.333,relaxed_wt_1_Y_271_M_rep5.pdb
-85.737,3.755,-1300.737,1.601,-719.476,-1.759,450.692,0.007,relaxed_wt_1_Y_262_D_rep5.pdb
-83.566,5.926,-1293.027,9.31,-712.705,5.012,448.948,-1.738,relaxed_wt_1_Y_185_K_rep3.pdb
-89.38,0.112,-1300.091,2.247,-715.505,2.212,450.945,0.26,relaxed_wt_1_Y_134_N_rep1.pdb
-89.633,-0.142,-1295.659,6.679,-710.853,6.864,448.991,-1.694,relaxed_wt_1_Y_265_G_rep5.pdb
-87.728,1.764,-1298.305,4.033,-715.272,2.445,451.13,0.445,relaxed_wt_1_Y_132_T_rep1.pdb
-87.255,2.236,-1299.582,2.756,-716.254,1.462,448.667,-2.018,relaxed_wt_1_Y_263_K_rep1.pdb
-88.808,0.683,-1301.45,0.888,-718.422,-0.705,451.693,1.007,relaxed_wt_1_Y_296_Q_rep4.pdb
-89.172,0.32,-1305.586,-3.248,-721.054,-3.338,451.226,0.54,relaxed_wt_1_Y_208_Y_rep5.pdb
-89.197,0.295,-1301.09,1.248,-716.612,1.105,449.022,-1.663,relaxed_wt_1_Y_266_C_rep1.pdb
-87.479,2.012,-1299.617,2.721,-716.966,0.751,451.412,0.727,relaxed_wt_1_Y_268_Y_rep3.pdb
-90.833,-1.342,-1303.62,-1.282,-717.609,0.108,449.944,-0.741,relaxed_wt_1_Y_267_V_rep4.pdb
-86.426,3.066,-1299.369,2.969,-717.075,0.641,450.299,-0.386,relaxed_wt_1_Y_185_T_rep1.pdb
-88.49,1.002,-1307.701,-5.363,-723.877,-6.161,449.968,-0.717,relaxed_wt_1_Y_271_M_rep4.pdb
-87.808,1.684,-1293.259,9.078,-710.168,7.549,450.623,-0.062,relaxed_wt_1_Y_241_G_rep4.pdb
-87.878,1.613,-1299.169,3.169,-716.114,1.603,450.932,0.246,relaxed_wt_1_Y_270_C_rep1.pdb
-84.907,4.584,-1284.786,17.552,-704.508,13.209,450.783,0.098,relaxed_wt_1_Y_272_W_rep1.pdb
-87.869,1.622,-1294.146,8.191,-711.191,6.526,450.385,-0.3,relaxed_wt_1_Y_245_S_rep5.pdb
-87.959,1.533,-1294.008,8.33,-710.94,6.777,450.698,0.013,relaxed_wt_1_Y_245_S_rep1.pdb
-90.244,-0.753,-1302.199,0.139,-716.72,0.997,451.273,0.588,relaxed_wt_1_Y_210_F_rep5.pdb
-88.187,1.305,-1296.697,5.641,-712.899,4.818,451.519,0.834,relaxed_wt_1_Y_185_V_rep2.pdb
-89.902,-0.41,-1297.395,4.943,-712.077,5.639,450.828,0.143,relaxed_wt_1_Y_185_G_rep1.pdb
-87.95,1.541,-1299.511,2.827,-716.221,1.496,449.274,-1.411,relaxed_wt_1_Y_297_T_rep1.pdb
-88.541,0.951,-1298.379,3.959,-714.604,3.113,450.341,-0.344,relaxed_wt_1_Y_272_M_rep5.pdb
-88.523,0.969,-1299.339,2.999,-715.113,2.604,449.585,-1.1,relaxed_wt_1_Y_132_C_rep3.pdb
-84.684,4.807,-1295.058,7.28,-714.682,3.035,450.332,-0.353,relaxed_wt_1_Y_268_W_rep1.pdb
-89.225,0.267,-1303.699,-1.361,-719.021,-1.305,450.484,-0.201,relaxed_wt_1_Y_187_A_rep1.pdb
-86.774,2.718,-1299.277,3.061,-717.165,0.552,448.389,-2.296,relaxed_wt_1_Y_163_A_rep1.pdb
-89.123,0.369,-1298.245,4.093,-713.932,3.785,449.683,-1.002,relaxed_wt_1_Y_135_A_rep1.pdb
-91.438,-1.947,-1302.306,0.032,-715.425,2.292,449.264,-1.421,relaxed_wt_1_Y_210_W_rep4.pdb
-83.015,6.477,-1305.336,-2.998,-727.883,-10.166,452.388,1.703,relaxed_wt_1_Y_270_K_rep3.pdb
-88.241,1.25,-1299.319,3.019,-716.188,1.529,450.258,-0.428,relaxed_wt_1_Y_296_K_rep4.pdb
-87.136,2.356,-1300.076,2.262,-716.427,1.29,450.394,-0.291,relaxed_wt_1_Y_263_I_rep4.pdb
-91.018,-1.526,-1301.01,1.328,-714.419,3.297,450.26,-0.425,relaxed_wt_1_Y_187_M_rep3.pdb
-86.958,2.533,-1297.525,4.813,-715.381,2.336,450.853,0.168,relaxed_wt_1_Y_132_G_rep1.pdb
-89.148,0.344,-1306.721,-4.383,-722.366,-4.649,449.364,-1.321,relaxed_wt_1_Y_271_N_rep3.pdb
-88.944,0.548,-1297.528,4.81,-713.049,4.668,450.661,-0.024,relaxed_wt_1_Y_134_G_rep4.pdb
-89.941,-0.449,-1304.198,-1.86,-719.007,-1.29,450.572,-0.113,relaxed_wt_1_Y_267_L_rep2.pdb
-88.119,1.372,-1300.73,1.608,-717.385,0.332,449.286,-1.399,relaxed_wt_1_Y_133_D_rep1.pdb
-89.295,0.197,-1300.787,1.551,-716.273,1.443,450.686,0.001,relaxed_wt_1_Y_134_K_rep5.pdb
-89.308,0.183,-1301.742,0.596,-717.194,0.523,450.374,-0.311,relaxed_wt_1_Y_132_A_rep2.pdb
-88.546,0.945,-1301.818,0.52,-718.524,-0.807,451.627,0.942,relaxed_wt_1_Y_209_L_rep5.pdb
-88.205,1.287,-1301.044,1.294,-717.173,0.543,450.391,-0.294,relaxed_wt_1_Y_272_L_rep5.pdb
-87.998,1.494,-1299.811,2.527,-716.526,1.19,449.664,-1.021,relaxed_wt_1_Y_264_S_rep1.pdb
-87.733,1.758,-1301.537,0.801,-719.567,-1.85,450.275,-0.41,relaxed_wt_1_Y_296_Y_rep2.pdb
-89.42,0.072,-1296.029,6.309,-711.394,6.322,450.155,-0.53,relaxed_wt_1_Y_137_C_rep4.pdb
-88.384,1.108,-1294.853,7.485,-711.201,6.515,448.916,-1.769,relaxed_wt_1_Y_245_N_rep1.pdb
-88.933,0.559,-1299.101,3.237,-714.926,2.791,448.972,-1.713,relaxed_wt_1_Y_260_Q_rep3.pdb
-91.309,-1.818,-1302.973,-0.635,-716.663,1.054,450.761,0.075,relaxed_wt_1_Y_242_I_rep5.pdb
-88.672,0.82,-1308.724,-6.386,-724.782,-7.065,450.902,0.217,relaxed_wt_1_Y_271_V_rep5.pdb
-87.832,1.66,-1294.112,8.226,-711.044,6.672,448.906,-1.779,relaxed_wt_1_Y_241_S_rep2.pdb
-83.617,5.875,-1294.019,8.319,-714.47,3.246,450.654,-0.031,relaxed_wt_1_Y_207_D_rep5.pdb
-89.361,0.131,-1301.466,0.872,-716.974,0.742,450.709,0.024,relaxed_wt_1_Y_267_P_rep4.pdb
-89.309,0.183,-1303.023,-0.685,-718.324,-0.607,449.75,-0.935,relaxed_wt_1_Y_208_S_rep4.pdb
-89.122,0.37,-1295.847,6.491,-711.522,6.195,450.678,-0.007,relaxed_wt_1_Y_135_H_rep3.pdb
-89.177,0.315,-1300.301,2.037,-715.861,1.856,451.283,0.598,relaxed_wt_1_Y_296_M_rep5.pdb
-89.059,0.432,-1297.381,4.957,-713.064,4.653,450.352,-0.333,relaxed_wt_1_Y_260_A_rep3.pdb
-88.408,1.083,-1307.955,-5.617,-724.368,-6.651,450.066,-0.619,relaxed_wt_1_Y_271_S_rep4.pdb
-89.963,-0.472,-1298.684,3.654,-713.424,4.293,451.026,0.341,relaxed_wt_1_Y_208_G_rep4.pdb
-89.057,0.435,-1300.665,1.673,-715.896,1.82,450.189,-0.496,relaxed_wt_1_Y_210_S_rep4.pdb
-83.893,5.599,-1295.402,6.936,-714.14,3.577,452.224,1.539,relaxed_wt_1_Y_140_K_rep1.pdb
-81.748,7.744,-1294.091,8.247,-715.449,2.268,450.845,0.159,relaxed_wt_1_Y_138_K_rep4.pdb
-86.038,3.454,-1293.858,8.479,-711.65,6.067,449.978,-0.707,relaxed_wt_1_Y_136_R_rep2.pdb
-88.546,0.945,-1301.785,0.553,-718.534,-0.818,450.966,0.281,relaxed_wt_1_Y_261_V_rep3.pdb
-87.738,1.754,-1299.616,2.722,-716.508,1.209,450.349,-0.336,relaxed_wt_1_Y_185_N_rep5.pdb
-87.242,2.249,-1300.485,1.853,-718.229,-0.512,449.612,-1.073,relaxed_wt_1_Y_296_E_rep4.pdb
-89.222,0.27,-1301.65,0.688,-717.087,0.63,450.706,0.021,relaxed_wt_1_Y_266_F_rep4.pdb
-85.325,4.167,-1293.937,8.401,-713.307,4.41,450.475,-0.21,relaxed_wt_1_Y_136_S_rep3.pdb
-89.502,-0.01,-1301.873,0.465,-717.181,0.535,450.689,0.004,relaxed_wt_1_Y_262_T_rep3.pdb
-89.019,0.473,-1302.962,-0.624,-718.81,-1.094,449.798,-0.888,relaxed_wt_1_Y_266_E_rep5.pdb
-87.043,2.448,-1291.774,10.564,-709.79,7.927,450.592,-0.093,relaxed_wt_1_Y_245_R_rep4.pdb
-88.969,0.523,-1297.812,4.526,-713.627,4.089,449.011,-1.674,relaxed_wt_1_Y_135_F_rep4.pdb
-88.416,1.075,-1301.231,1.107,-717.682,0.034,450.07,-0.615,relaxed_wt_1_Y_296_L_rep5.pdb
-89.343,0.149,-1300.097,2.241,-715.628,2.089,450.539,-0.146,relaxed_wt_1_Y_135_Q_rep5.pdb
-88.255,1.237,-1299.514,2.823,-716.492,1.225,450.317,-0.368,relaxed_wt_1_Y_134_F_rep2.pdb
-87.476,2.015,-1305.796,-3.458,-722.779,-5.063,450.311,-0.374,relaxed_wt_1_Y_208_F_rep2.pdb
-89.415,0.077,-1300.225,2.113,-715.586,2.131,450.666,-0.019,relaxed_wt_1_Y_259_C_rep4.pdb
-89.663,-0.171,-1298.904,3.434,-713.934,3.783,449.574,-1.111,relaxed_wt_1_Y_137_F_rep3.pdb
-89.698,-0.206,-1305.437,-3.099,-720.834,-3.117,451.834,1.149,relaxed_wt_1_Y_244_E_rep4.pdb
-85.352,4.139,-1297.304,5.034,-716.844,0.872,448.992,-1.693,relaxed_wt_1_Y_163_Y_rep1.pdb
-88.61,0.882,-1300.161,2.177,-716.51,1.207,450.537,-0.148,relaxed_wt_1_Y_209_N_rep1.pdb
-85.23,4.262,-1297.822,4.515,-715.012,2.705,450.002,-0.683,relaxed_wt_1_Y_132_K_rep3.pdb
-89.469,0.022,-1299.622,2.716,-714.953,2.764,449.952,-0.733,relaxed_wt_1_Y_187_G_rep3.pdb
-87.85,1.642,-1300.392,1.945,-717.241,0.476,450.117,-0.568,relaxed_wt_1_Y_270_A_rep4.pdb
-86.625,2.866,-1297.6,4.738,-714.627,3.089,450.855,0.17,relaxed_wt_1_Y_140_I_rep2.pdb
-89.392,0.1,-1298.082,4.256,-713.15,4.567,450.776,0.091,relaxed_wt_1_Y_186_C_rep1.pdb
-85.223,4.268,-1298.832,3.506,-718.358,-0.642,450.268,-0.417,relaxed_wt_1_Y_138_L_rep5.pdb
-88.414,1.078,-1297.501,4.837,-713.842,3.874,450.59,-0.095,relaxed_wt_1_Y_260_T_rep3.pdb
-89.356,0.135,-1301.811,0.527,-717.262,0.455,449.368,-1.317,relaxed_wt_1_Y_266_N_rep5.pdb
-88.518,0.974,-1297.987,4.351,-714.757,2.959,451.682,0.997,relaxed_wt_1_Y_134_W_rep5.pdb
-86.521,2.97,-1298.32,4.018,-716.388,1.329,451.222,0.537,relaxed_wt_1_Y_207_A_rep1.pdb
-87.38,2.111,-1299.894,2.444,-717.762,-0.045,450.59,-0.095,relaxed_wt_1_Y_260_V_rep1.pdb
-89.187,0.305,-1301.89,0.448,-717.482,0.235,450.335,-0.35,relaxed_wt_1_Y_210_L_rep2.pdb
-89.379,0.113,-1298.51,3.828,-713.939,3.778,449.989,-0.696,relaxed_wt_1_Y_134_T_rep5.pdb
-89.826,-0.335,-1298.115,4.223,-713.081,4.636,449.66,-1.025,relaxed_wt_1_Y_265_N_rep4.pdb
-89.01,0.481,-1300.599,1.738,-717.052,0.665,450.358,-0.327,relaxed_wt_1_Y_296_F_rep3.pdb
-87.171,2.321,-1296.135,6.203,-713.853,3.864,448.799,-1.886,relaxed_wt_1_Y_262_G_rep5.pdb
-89.051,0.44,-1298.389,3.949,-714.042,3.675,449.799,-0.886,relaxed_wt_1_Y_206_P_rep1.pdb
-89.459,0.033,-1299.736,2.601,-714.783,2.934,450.515,-0.17,relaxed_wt_1_Y_184_L_rep5.pdb
-85.946,3.545,-1298.239,4.099,-716.822,0.894,450.8,0.115,relaxed_wt_1_Y_270_R_rep2.pdb
-87.287,2.205,-1296.546,5.792,-713.499,4.218,449.82,-0.865,relaxed_wt_1_Y_186_E_rep4.pdb
-89.566,-0.075,-1294.032,8.306,-708.463,9.254,450.389,-0.296,relaxed_wt_1_Y_265_P_rep1.pdb
-89.038,0.453,-1302.281,0.057,-717.72,-0.003,450.979,0.294,relaxed_wt_1_Y_186_S_rep5.pdb
-90.376,-0.884,-1303.065,-0.727,-717.451,0.265,450.204,-0.481,relaxed_wt_1_Y_267_M_rep3.pdb
-88.236,1.255,-1296.759,5.579,-713.188,4.529,449.622,-1.063,relaxed_wt_1_Y_184_G_rep5.pdb
-87.688,1.803,-1294.466,7.872,-711.529,6.188,449.724,-0.961,relaxed_wt_1_Y_270_D_rep4.pdb
-86.574,2.917,-1299.313,3.025,-718.114,-0.397,450.621,-0.064,relaxed_wt_1_Y_140_G_rep1.pdb
-89.379,0.112,-1301.377,0.961,-716.784,0.932,450.33,-0.355,relaxed_wt_1_Y_134_K_rep1.pdb
-88.103,1.388,-1294.279,8.059,-710.614,7.103,449.662,-1.023,relaxed_wt_1_Y_245_A_rep3.pdb
-89.841,-0.35,-1300.209,2.129,-714.976,2.74,448.914,-1.771,relaxed_wt_1_Y_208_A_rep2.pdb
-88.595,0.897,-1302.134,0.204,-718.969,-1.252,451.026,0.341,relaxed_wt_1_Y_208_I_rep4.pdb
-89.631,-0.139,-1298.341,3.997,-712.927,4.79,449.933,-0.752,relaxed_wt_1_Y_260_M_rep5.pdb
-89.601,-0.109,-1299.46,2.878,-714.693,3.024,450.348,-0.337,relaxed_wt_1_Y_265_Y_rep2.pdb
-86.656,2.835,-1300.812,1.526,-719.559,-1.842,450.723,0.038,relaxed_wt_1_Y_140_F_rep4.pdb
-88.452,1.04,-1300.117,2.221,-716.52,1.196,449.591,-1.094,relaxed_wt_1_Y_263_A_rep5.pdb
-87.607,1.884,-1303.626,-1.288,-720.846,-3.129,449.182,-1.503,relaxed_wt_1_Y_264_V_rep3.pdb
-82.482,7.01,-1292.942,9.396,-715.678,2.038,449.862,-0.823,relaxed_wt_1_Y_138_N_rep4.pdb
-85.782,3.71,-1296.933,5.405,-716.132,1.585,451.948,1.263,relaxed_wt_1_Y_136_H_rep5.pdb
-87.437,2.054,-1297.781,4.557,-714.555,3.161,450.598,-0.087,relaxed_wt_1_Y_163_H_rep1.pdb
-89.57,-0.078,-1301.411,0.927,-716.236,1.481,451.653,0.968,relaxed_wt_1_Y_259_Q_rep4.pdb
-81.377,8.114,-1288.497,13.841,-713.158,4.559,459.104,8.419,relaxed_wt_1_Y_241_Y_rep3.pdb
-88.435,1.057,-1299.334,3.004,-715.53,2.187,450.831,0.146,relaxed_wt_1_Y_133_H_rep5.pdb
-88.328,1.164,-1299.916,2.422,-715.904,1.813,450.997,0.312,relaxed_wt_1_Y_186_Q_rep4.pdb
-87.661,1.831,-1300.795,1.543,-717.789,-0.073,450.411,-0.274,relaxed_wt_1_Y_245_I_rep2.pdb
-86.276,3.215,-1299.095,3.243,-717.183,0.534,450.428,-0.257,relaxed_wt_1_Y_207_Q_rep3.pdb
-89.66,-0.169,-1296.87,5.468,-711.982,5.735,450.619,-0.066,relaxed_wt_1_Y_265_H_rep3.pdb
-88.149,1.343,-1302.932,-0.594,-719.551,-1.834,450.685,-0.0,relaxed_wt_1_Y_264_L_rep2.pdb
-87.675,1.817,-1300.299,2.039,-717.355,0.362,451.322,0.637,relaxed_wt_1_Y_263_L_rep5.pdb
-89.456,0.035,-1302.673,-0.335,-717.895,-0.179,449.524,-1.161,relaxed_wt_1_Y_137_L_rep4.pdb
-80.66,8.831,-1290.955,11.383,-711.066,6.651,453.98,3.295,relaxed_wt_1_Y_132_W_rep2.pdb
-85.306,4.186,-1292.755,9.583,-711.973,5.744,450.631,-0.054,relaxed_wt_1_Y_241_K_rep5.pdb
-89.171,0.321,-1299.733,2.605,-715.202,2.515,450.631,-0.054,relaxed_wt_1_Y_134_S_rep5.pdb
-89.046,0.445,-1302.489,-0.151,-718.193,-0.477,450.65,-0.035,relaxed_wt_1_Y_243_I_rep1.pdb
-88.789,0.703,-1301.596,0.742,-717.604,0.113,451.174,0.489,relaxed_wt_1_Y_210_N_rep1.pdb
-89.537,-0.045,-1296.337,6.001,-711.436,6.281,449.606,-1.079,relaxed_wt_1_Y_265_C_rep5.pdb
-87.992,1.5,-1297.569,4.769,-714.101,3.615,450.656,-0.03,relaxed_wt_1_Y_210_P_rep2.pdb
-89.398,0.094,-1301.555,0.783,-716.944,0.772,450.17,-0.515,relaxed_wt_1_Y_265_L_rep4.pdb
-89.622,-0.13,-1295.938,6.4,-711.1,6.617,450.669,-0.016,relaxed_wt_1_Y_265_W_rep2.pdb
-89.013,0.478,-1301.701,0.636,-717.391,0.326,450.275,-0.41,relaxed_wt_1_Y_162_M_rep2.pdb
-86.818,2.674,-1295.309,7.029,-712.948,4.769,450.409,-0.276,relaxed_wt_1_Y_205_T_rep3.pdb
-89.126,0.365,-1295.895,6.442,-711.569,6.147,450.74,0.055,relaxed_wt_1_Y_135_S_rep3.pdb
-87.791,1.701,-1300.784,1.554,-717.688,0.029,449.867,-0.819,relaxed_wt_1_Y_270_A_rep1.pdb
-89.685,-0.193,-1306.026,-3.689,-720.696,-2.979,449.616,-1.069,relaxed_wt_1_Y_243_L_rep4.pdb
-92.807,-3.316,-1298.65,3.688,-709.355,8.362,449.488,-1.197,relaxed_wt_1_Y_187_W_rep1.pdb
-89.341,0.151,-1301.067,1.27,-716.465,1.252,451.599,0.914,relaxed_wt_1_Y_134_Q_rep2.pdb
-90.298,-0.807,-1299.836,2.502,-714.11,3.607,450.468,-0.217,relaxed_wt_1_Y_139_D_rep3.pdb
-85.443,4.049,-1282.371,19.967,-701.756,15.96,448.5,-2.185,relaxed_wt_1_Y_242_P_rep3.pdb
-89.652,-0.161,-1305.894,-3.556,-720.579,-2.862,450.873,0.188,relaxed_wt_1_Y_243_L_rep3.pdb
-87.86,1.632,-1300.26,2.078,-717.155,0.562,450.265,-0.42,relaxed_wt_1_Y_263_S_rep5.pdb
-89.758,-0.266,-1300.014,2.323,-714.997,2.719,450.708,0.023,relaxed_wt_1_Y_261_N_rep3.pdb
-83.53,5.962,-1294.428,7.91,-715.001,2.715,449.649,-1.036,relaxed_wt_1_Y_138_Q_rep4.pdb
-87.243,2.249,-1297.594,4.744,-714.858,2.859,450.923,0.238,relaxed_wt_1_Y_136_D_rep5.pdb
-89.172,0.32,-1299.588,2.75,-715.075,2.642,450.255,-0.43,relaxed_wt_1_Y_164_C_rep2.pdb
-89.57,-0.079,-1295.992,6.346,-711.19,6.526,450.926,0.241,relaxed_wt_1_Y_265_W_rep5.pdb
-84.521,4.971,-1291.277,11.061,-711.373,6.344,449.542,-1.143,relaxed_wt_1_Y_136_G_rep2.pdb
-88.944,0.548,-1301.841,0.497,-717.741,-0.024,449.268,-1.417,relaxed_wt_1_Y_136_Y_rep3.pdb
-86.996,2.495,-1301.614,0.724,-719.629,-1.913,450.102,-0.583,relaxed_wt_1_Y_263_Q_rep3.pdb
-89.128,0.364,-1300.569,1.769,-716.338,1.379,450.775,0.089,relaxed_wt_1_Y_207_L_rep4.pdb
-88.068,1.423,-1300.527,1.81,-717.222,0.495,449.51,-1.176,relaxed_wt_1_Y_133_D_rep5.pdb
-82.086,7.405,-1289.155,13.183,-712.02,5.697,456.079,5.393,relaxed_wt_1_Y_241_W_rep2.pdb
-88.338,1.154,-1301.029,1.309,-717.459,0.258,449.434,-1.251,relaxed_wt_1_Y_296_L_rep1.pdb
-87.511,1.98,-1297.89,4.448,-715.297,2.42,449.341,-1.344,relaxed_wt_1_Y_297_G_rep4.pdb
-88.917,0.575,-1297.543,4.795,-713.709,4.007,451.891,1.206,relaxed_wt_1_Y_265_N_rep1.pdb
-89.377,0.114,-1298.37,3.968,-713.692,4.025,451.092,0.407,relaxed_wt_1_Y_137_D_rep3.pdb
-79.036,10.456,-1286.641,15.697,-711.121,6.596,453.568,2.883,relaxed_wt_1_Y_132_W_rep1.pdb
-88.73,0.761,-1298.631,3.707,-714.648,3.069,450.987,0.302,relaxed_wt_1_Y_185_C_rep4.pdb
-87.276,2.215,-1295.807,6.531,-712.902,4.815,450.289,-0.396,relaxed_wt_1_Y_205_R_rep1.pdb
-89.763,-0.272,-1303.322,-0.984,-718.322,-0.605,449.624,-1.062,relaxed_wt_1_Y_208_S_rep2.pdb
-89.296,0.196,-1301.53,0.808,-717.034,0.683,450.417,-0.268,relaxed_wt_1_Y_266_W_rep2.pdb
-88.573,0.918,-1301.167,1.171,-717.864,-0.148,451.646,0.961,relaxed_wt_1_Y_262_T_rep5.pdb
-89.869,-0.378,-1304.888,-2.55,-719.841,-2.124,451.168,0.483,relaxed_wt_1_Y_187_V_rep2.pdb
-88.719,0.772,-1298.225,4.113,-714.074,3.643,448.632,-2.053,relaxed_wt_1_Y_206_C_rep5.pdb
-89.622,-0.13,-1298.495,3.843,-713.656,4.061,450.657,-0.028,relaxed_wt_1_Y_265_K_rep5.pdb
-87.767,1.725,-1299.829,2.509,-716.067,1.65,450.761,0.076,relaxed_wt_1_Y_272_T_rep3.pdb
-89.499,-0.008,-1297.583,4.755,-712.415,5.302,450.25,-0.435,relaxed_wt_1_Y_137_S_rep2.pdb
-86.495,2.997,-1296.774,5.563,-714.984,2.733,448.882,-1.803,relaxed_wt_1_Y_138_H_rep1.pdb
-84.233,5.258,-1295.747,6.591,-715.567,2.15,450.765,0.08,relaxed_wt_1_Y_242_D_rep5.pdb
-89.493,-0.002,-1302.674,-0.336,-717.876,-0.159,451.036,0.351,relaxed_wt_1_Y_137_L_rep5.pdb
-89.381,0.111,-1302.309,0.029,-715.572,2.145,450.934,0.249,relaxed_wt_1_Y_267_E_rep4.pdb
-90.123,-0.631,-1301.599,0.738,-716.096,1.621,449.431,-1.254,relaxed_wt_1_Y_139_C_rep5.pdb
-89.345,0.147,-1301.974,0.364,-717.447,0.269,449.96,-0.725,relaxed_wt_1_Y_134_L_rep5.pdb
-88.446,1.046,-1301.725,0.613,-718.537,-0.821,451.633,0.948,relaxed_wt_1_Y_138_F_rep2.pdb
-87.222,2.27,-1300.495,1.843,-718.249,-0.532,449.326,-1.359,relaxed_wt_1_Y_296_E_rep1.pdb
-84.544,4.948,-1296.99,5.348,-718.366,-0.649,453.091,2.406,relaxed_wt_1_Y_209_F_rep5.pdb
-88.669,0.822,-1302.416,-0.078,-718.896,-1.179,450.625,-0.06,relaxed_wt_1_Y_140_N_rep2.pdb
-85.611,3.881,-1296.764,5.574,-715.658,2.058,449.009,-1.676,relaxed_wt_1_Y_263_P_rep2.pdb
-88.951,0.54,-1301.285,1.053,-716.991,0.726,450.611,-0.074,relaxed_wt_1_Y_162_S_rep5.pdb
-88.719,0.773,-1297.642,4.696,-713.639,4.077,449.727,-0.958,relaxed_wt_1_Y_139_Y_rep5.pdb
-85.638,3.854,-1293.131,9.207,-711.123,6.593,450.575,-0.11,relaxed_wt_1_Y_243_K_rep1.pdb
-89.773,-0.282,-1292.851,9.487,-707.781,9.936,449.23,-1.455,relaxed_wt_1_Y_265_P_rep5.pdb
-88.049,1.443,-1299.326,3.012,-716.07,1.647,449.691,-0.994,relaxed_wt_1_Y_262_S_rep5.pdb
-89.228,0.264,-1299.585,2.752,-715.11,2.607,449.323,-1.362,relaxed_wt_1_Y_134_A_rep2.pdb
-88.235,1.256,-1300.377,1.961,-716.944,0.773,449.618,-1.067,relaxed_wt_1_Y_260_V_rep3.pdb
-89.399,0.092,-1302.786,-0.448,-717.945,-0.228,449.223,-1.462,relaxed_wt_1_Y_186_R_rep1.pdb
-89.621,-0.129,-1301.989,0.348,-716.718,0.999,451.329,0.644,relaxed_wt_1_Y_262_C_rep2.pdb
-89.157,0.335,-1296.932,5.406,-712.198,5.519,450.426,-0.259,relaxed_wt_1_Y_135_E_rep2.pdb
-89.196,0.296,-1301.173,1.165,-716.736,0.981,450.658,-0.027,relaxed_wt_1_Y_162_D_rep1.pdb
-88.834,0.657,-1302.393,-0.055,-717.788,-0.071,449.183,-1.502,relaxed_wt_1_Y_162_T_rep4.pdb
-88.582,0.91,-1300.101,2.237,-716.411,1.306,449.641,-1.044,relaxed_wt_1_Y_296_A_rep4.pdb
-87.082,2.409,-1297.726,4.612,-715.35,2.367,449.668,-1.017,relaxed_wt_1_Y_242_A_rep4.pdb
-89.066,0.425,-1301.786,0.552,-717.54,0.177,450.711,0.026,relaxed_wt_1_Y_268_M_rep3.pdb
-86.574,2.918,-1306.188,-3.85,-724.379,-6.662,449.091,-1.594,relaxed_wt_1_Y_268_G_rep1.pdb
-86.965,2.527,-1297.533,4.804,-715.383,2.334,450.828,0.142,relaxed_wt_1_Y_132_G_rep3.pdb
-87.557,1.935,-1299.388,2.95,-716.714,1.002,448.76,-1.925,relaxed_wt_1_Y_296_G_rep1.pdb
-88.663,0.828,-1298.7,3.638,-714.764,2.953,449.367,-1.318,relaxed_wt_1_Y_185_C_rep2.pdb
-92.04,-2.548,-1299.195,3.143,-712.751,4.965,451.883,1.198,relaxed_wt_1_Y_140_M_rep3.pdb
-83.956,5.536,-1295.707,6.631,-714.653,3.063,451.354,0.669,relaxed_wt_1_Y_264_K_rep5.pdb
-83.695,5.797,-1296.574,5.764,-717.187,0.53,450.595,-0.09,relaxed_wt_1_Y_264_R_rep2.pdb
-89.592,-0.1,-1302.373,-0.035,-717.53,0.187,450.621,-0.064,relaxed_wt_1_Y_259_F_rep1.pdb
-87.773,1.718,-1294.807,7.531,-711.732,5.984,449.308,-1.377,relaxed_wt_1_Y_206_M_rep3.pdb
-82.517,6.974,-1301.73,0.608,-723.86,-6.143,452.314,1.629,relaxed_wt_1_Y_297_H_rep1.pdb
-89.191,0.3,-1300.997,1.341,-716.491,1.226,449.393,-1.292,relaxed_wt_1_Y_266_W_rep5.pdb
-84.783,4.709,-1299.547,2.791,-720.211,-2.494,454.737,4.052,relaxed_wt_1_Y_242_L_rep4.pdb
-89.64,-0.148,-1295.199,7.139,-710.265,7.452,449.802,-0.883,relaxed_wt_1_Y_137_G_rep4.pdb
-88.161,1.331,-1300.533,1.805,-716.809,0.907,451.939,1.254,relaxed_wt_1_Y_262_S_rep2.pdb
-89.008,0.484,-1303.131,-0.793,-718.86,-1.144,450.635,-0.05,relaxed_wt_1_Y_298_R_rep5.pdb
-86.333,3.159,-1299.908,2.43,-718.808,-1.092,450.646,-0.039,relaxed_wt_1_Y_296_E_rep2.pdb
-85.161,4.33,-1297.285,5.053,-716.214,1.503,451.627,0.942,relaxed_wt_1_Y_242_S_rep1.pdb
-89.307,0.185,-1304.341,-2.003,-719.919,-2.202,450.405,-0.28,relaxed_wt_1_Y_266_V_rep5.pdb
-89.019,0.472,-1302.659,-0.321,-718.041,-0.324,449.26,-1.425,relaxed_wt_1_Y_260_Y_rep3.pdb
-89.632,-0.141,-1299.738,2.6,-714.79,2.927,449.59,-1.095,relaxed_wt_1_Y_186_H_rep1.pdb
-89.41,0.081,-1302.07,0.268,-717.44,0.277,451.293,0.608,relaxed_wt_1_Y_266_F_rep1.pdb
-86.618,2.873,-1299.493,2.845,-717.258,0.459,450.261,-0.424,relaxed_wt_1_Y_133_S_rep1.pdb
-87.358,2.133,-1291.872,10.465,-709.088,8.628,451.256,0.571,relaxed_wt_1_Y_133_P_rep5.pdb
-89.499,-0.008,-1303.253,-0.916,-718.547,-0.83,450.927,0.242,relaxed_wt_1_Y_271_W_rep1.pdb
-86.623,2.868,-1297.074,5.264,-714.85,2.866,450.091,-0.594,relaxed_wt_1_Y_138_H_rep5.pdb
-89.339,0.152,-1300.671,1.667,-715.57,2.147,449.857,-0.828,relaxed_wt_1_Y_187_N_rep5.pdb
-90.678,-1.186,-1298.377,3.961,-711.815,5.902,449.654,-1.031,relaxed_wt_1_Y_186_Y_rep5.pdb
-92.69,-3.199,-1303.39,-1.053,-714.916,2.801,450.493,-0.192,relaxed_wt_1_Y_133_Y_rep4.pdb
-87.71,1.782,-1297.806,4.532,-715.334,2.383,450.68,-0.005,relaxed_wt_1_Y_164_M_rep1.pdb
-89.048,0.444,-1302.306,0.032,-718.088,-0.371,450.679,-0.006,relaxed_wt_1_Y_260_Y_rep2.pdb
-88.731,0.76,-1304.07,-1.732,-719.898,-2.181,450.999,0.314,relaxed_wt_1_Y_259_P_rep2.pdb
-87.595,1.897,-1296.784,5.554,-714.036,3.681,450.69,0.004,relaxed_wt_1_Y_133_C_rep3.pdb
-88.571,0.92,-1300.209,2.129,-716.221,1.496,449.855,-0.83,relaxed_wt_1_Y_133_V_rep1.pdb
-89.27,0.222,-1301.075,1.263,-716.282,1.434,449.715,-0.971,relaxed_wt_1_Y_243_T_rep2.pdb
-87.147,2.344,-1298.496,3.842,-716.259,1.458,450.157,-0.528,relaxed_wt_1_Y_163_T_rep2.pdb
-88.208,1.283,-1296.659,5.679,-713.366,4.351,449.665,-1.02,relaxed_wt_1_Y_270_E_rep4.pdb
-88.439,1.052,-1299.257,3.08,-715.555,2.162,449.529,-1.156,relaxed_wt_1_Y_264_M_rep5.pdb
-89.059,0.433,-1301.622,0.716,-717.374,0.342,449.611,-1.074,relaxed_wt_1_Y_259_D_rep5.pdb
-85.833,3.658,-1302.181,0.157,-720.583,-2.867,451.305,0.62,relaxed_wt_1_Y_297_F_rep5.pdb
-89.668,-0.176,-1305.448,-3.11,-720.861,-3.145,450.878,0.193,relaxed_wt_1_Y_244_E_rep1.pdb
-87.833,1.659,-1300.219,2.119,-717.171,0.546,448.672,-2.013,relaxed_wt_1_Y_263_S_rep4.pdb
-88.982,0.509,-1302.485,-0.147,-718.308,-0.592,450.718,0.033,relaxed_wt_1_Y_205_W_rep3.pdb
-88.971,0.521,-1301.005,1.333,-716.816,0.901,449.38,-1.305,relaxed_wt_1_Y_261_E_rep4.pdb
-88.041,1.45,-1299.266,3.072,-715.993,1.724,449.875,-0.81,relaxed_wt_1_Y_270_C_rep5.pdb
-87.145,2.346,-1300.175,2.163,-716.561,1.156,449.71,-0.975,relaxed_wt_1_Y_263_I_rep2.pdb
-89.406,0.086,-1299.561,2.776,-714.934,2.783,449.333,-1.352,relaxed_wt_1_Y_134_N_rep2.pdb
-88.411,1.081,-1301.557,0.781,-718.218,-0.501,451.583,0.898,relaxed_wt_1_Y_206_I_rep3.pdb
-92.421,-2.93,-1297.612,4.726,-708.717,9.0,449.693,-0.992,relaxed_wt_1_Y_187_W_rep4.pdb
-89.098,0.393,-1299.862,2.475,-715.14,2.577,450.986,0.3,relaxed_wt_1_Y_186_N_rep1.pdb
-88.149,1.342,-1300.405,1.933,-716.99,0.727,451.81,1.125,relaxed_wt_1_Y_270_F_rep5.pdb
-82.976,6.515,-1290.752,11.586,-713.051,4.666,453.741,3.056,relaxed_wt_1_Y_242_W_rep3.pdb
-84.528,4.964,-1295.39,6.948,-714.723,2.994,450.97,0.285,relaxed_wt_1_Y_136_N_rep1.pdb
-88.238,1.254,-1300.186,2.152,-717.079,0.637,449.907,-0.778,relaxed_wt_1_Y_185_A_rep2.pdb
-88.202,1.29,-1300.795,1.542,-717.363,0.354,450.834,0.149,relaxed_wt_1_Y_270_F_rep3.pdb
-89.545,-0.053,-1298.593,3.745,-713.675,4.042,451.375,0.69,relaxed_wt_1_Y_208_G_rep1.pdb
-88.295,1.197,-1299.967,2.371,-716.422,1.294,450.878,0.193,relaxed_wt_1_Y_140_H_rep5.pdb
-87.649,1.843,-1300.746,1.592,-717.898,-0.181,451.541,0.856,relaxed_wt_1_Y_164_N_rep5.pdb
-88.468,1.024,-1296.484,5.854,-712.817,4.9,449.535,-1.151,relaxed_wt_1_Y_206_Y_rep1.pdb
-87.824,1.668,-1294.156,8.182,-711.045,6.672,450.494,-0.191,relaxed_wt_1_Y_241_S_rep5.pdb
-89.79,-0.299,-1297.979,4.359,-712.916,4.801,449.6,-1.085,relaxed_wt_1_Y_265_A_rep5.pdb
-88.004,1.488,-1299.704,2.634,-716.447,1.27,449.575,-1.11,relaxed_wt_1_Y_207_V_rep4.pdb
-89.749,-0.258,-1300.086,2.252,-715.179,2.537,448.994,-1.691,relaxed_wt_1_Y_265_E_rep5.pdb
-89.191,0.3,-1301.683,0.655,-717.153,0.563,451.224,0.539,relaxed_wt_1_Y_185_P_rep4.pdb
-89.758,-0.267,-1297.533,4.804,-712.599,5.118,449.69,-0.995,relaxed_wt_1_Y_265_S_rep2.pdb
-90.189,-0.698,-1301.643,0.695,-716.162,1.555,450.97,0.285,relaxed_wt_1_Y_259_W_rep1.pdb
-87.205,2.287,-1298.557,3.781,-716.064,1.653,450.6,-0.085,relaxed_wt_1_Y_270_Q_rep5.pdb
-86.219,3.273,-1293.111,9.227,-711.708,6.009,450.015,-0.67,relaxed_wt_1_Y_272_H_rep4.pdb
-74.467,15.025,-1287.413,14.925,-714.769,2.947,451.697,1.012,relaxed_wt_1_Y_187_W_rep5.pdb
-87.712,1.78,-1307.907,-5.569,-725.421,-7.704,450.208,-0.477,relaxed_wt_1_Y_271_Q_rep5.pdb
-88.309,1.182,-1296.321,6.017,-712.855,4.862,451.216,0.531,relaxed_wt_1_Y_270_E_rep5.pdb
-84.788,4.704,-1296.354,5.984,-715.712,2.005,452.193,1.508,relaxed_wt_1_Y_132_R_rep2.pdb
-89.965,-0.474,-1300.333,2.004,-715.186,2.53,450.373,-0.312,relaxed_wt_1_Y_207_F_rep1.pdb
-90.937,-1.445,-1301.46,0.878,-716.106,1.611,453.42,2.735,relaxed_wt_1_Y_244_W_rep4.pdb
-87.486,2.005,-1299.756,2.582,-716.984,0.732,448.967,-1.718,relaxed_wt_1_Y_297_S_rep4.pdb
-88.117,1.375,-1299.379,2.959,-715.589,2.128,451.693,1.008,relaxed_wt_1_Y_162_F_rep1.pdb
-89.127,0.364,-1298.585,3.753,-714.199,3.518,451.635,0.95,relaxed_wt_1_Y_162_G_rep4.pdb
-89.851,-0.359,-1301.278,1.06,-715.493,2.224,449.622,-1.063,relaxed_wt_1_Y_139_K_rep4.pdb
-86.943,2.548,-1297.128,5.21,-715.194,2.523,451.603,0.918,relaxed_wt_1_Y_260_C_rep2.pdb
-89.382,0.11,-1296.935,5.403,-712.346,5.371,450.654,-0.031,relaxed_wt_1_Y_137_R_rep1.pdb
-89.573,-0.082,-1302.886,-0.548,-715.99,1.727,449.919,-0.766,relaxed_wt_1_Y_267_E_rep5.pdb
-89.594,-0.103,-1302.007,0.331,-717.243,0.473,448.97,-1.715,relaxed_wt_1_Y_261_T_rep2.pdb
-89.295,0.197,-1300.787,1.551,-716.273,1.443,450.686,0.001,relaxed_wt_1_Y_134_K_rep4.pdb
-88.207,1.284,-1300.726,1.612,-717.787,-0.07,451.024,0.338,relaxed_wt_1_Y_296_I_rep4.pdb
-83.579,5.913,-1291.124,11.214,-712.542,5.174,455.542,4.857,relaxed_wt_1_Y_241_F_rep4.pdb
-89.329,0.162,-1300.944,1.393,-716.375,1.342,450.393,-0.292,relaxed_wt_1_Y_259_M_rep3.pdb
-91.188,-1.697,-1302.872,-0.534,-716.665,1.052,450.877,0.192,relaxed_wt_1_Y_242_I_rep4.pdb
-82.896,6.595,-1293.129,9.209,-713.551,4.165,451.212,0.527,relaxed_wt_1_Y_136_K_rep5.pdb
-88.625,0.867,-1299.936,2.402,-715.635,2.081,449.688,-0.997,relaxed_wt_1_Y_186_Q_rep3.pdb
-85.288,4.204,-1306.539,-4.201,-725.702,-7.986,451.126,0.441,relaxed_wt_1_Y_270_K_rep5.pdb
-88.025,1.467,-1294.045,8.293,-710.895,6.821,449.32,-1.365,relaxed_wt_1_Y_245_S_rep3.pdb
-86.774,2.718,-1299.02,3.318,-716.742,0.975,450.543,-0.142,relaxed_wt_1_Y_185_Q_rep1.pdb
-83.829,5.662,-1291.151,11.187,-711.778,5.939,451.431,0.745,relaxed_wt_1_Y_271_P_rep5.pdb
-88.472,1.02,-1302.159,0.179,-718.413,-0.696,449.655,-1.03,relaxed_wt_1_Y_209_T_rep4.pdb
-83.6,5.891,-1293.147,9.19,-712.443,5.274,451.632,0.947,relaxed_wt_1_Y_136_K_rep3.pdb
-88.647,0.844,-1298.059,4.279,-713.992,3.724,450.742,0.057,relaxed_wt_1_Y_185_M_rep4.pdb
-89.77,-0.278,-1301.94,0.398,-717.22,0.497,449.009,-1.676,relaxed_wt_1_Y_296_T_rep1.pdb
-85.319,4.172,-1306.784,-4.446,-725.877,-8.16,451.098,0.413,relaxed_wt_1_Y_270_K_rep1.pdb
-89.096,0.395,-1304.81,-2.472,-720.468,-2.752,449.588,-1.098,relaxed_wt_1_Y_298_K_rep2.pdb
-88.18,1.311,-1299.269,3.069,-715.64,2.077,451.03,0.345,relaxed_wt_1_Y_259_G_rep2.pdb
-89.265,0.226,-1299.451,2.887,-714.593,3.123,449.666,-1.02,relaxed_wt_1_Y_265_Q_rep2.pdb
-87.495,1.997,-1300.375,1.963,-718.068,-0.351,450.867,0.182,relaxed_wt_1_Y_244_Y_rep1.pdb
-87.574,1.918,-1300.39,1.948,-717.617,0.1,450.315,-0.37,relaxed_wt_1_Y_164_T_rep4.pdb
-89.534,-0.042,-1307.994,-5.656,-723.262,-5.545,450.676,-0.009,relaxed_wt_1_Y_262_V_rep1.pdb
-89.258,0.234,-1303.247,-0.909,-718.079,-0.363,450.041,-0.644,relaxed_wt_1_Y_243_V_rep2.pdb
-89.445,0.047,-1301.997,0.341,-717.406,0.311,449.388,-1.297,relaxed_wt_1_Y_134_L_rep2.pdb
-89.227,0.265,-1293.985,8.353,-709.447,8.27,449.586,-1.099,relaxed_wt_1_Y_206_E_rep5.pdb
-89.23,0.262,-1303.313,-0.975,-718.224,-0.507,450.423,-0.262,relaxed_wt_1_Y_208_Y_rep3.pdb
-82.77,6.722,-1295.066,7.272,-716.436,1.281,451.205,0.52,relaxed_wt_1_Y_138_T_rep2.pdb
-88.786,0.705,-1297.821,4.517,-713.735,3.981,449.854,-0.831,relaxed_wt_1_Y_206_P_rep3.pdb
-87.632,1.86,-1301.107,1.231,-718.283,-0.566,450.658,-0.027,relaxed_wt_1_Y_268_R_rep4.pdb
-89.302,0.189,-1300.933,1.405,-716.449,1.268,450.704,0.019,relaxed_wt_1_Y_267_P_rep1.pdb
-89.253,0.239,-1303.01,-0.672,-718.517,-0.8,451.145,0.46,relaxed_wt_1_Y_243_I_rep5.pdb
-86.278,3.214,-1297.875,4.463,-716.029,1.688,449.68,-1.005,relaxed_wt_1_Y_207_N_rep3.pdb
-88.242,1.25,-1299.878,2.46,-715.879,1.838,450.455,-0.23,relaxed_wt_1_Y_272_T_rep1.pdb
-88.183,1.309,-1295.221,7.117,-711.858,5.858,449.622,-1.063,relaxed_wt_1_Y_270_G_rep4.pdb
-89.101,0.39,-1297.671,4.667,-713.346,4.371,451.695,1.01,relaxed_wt_1_Y_135_F_rep3.pdb
-86.711,2.78,-1296.176,6.162,-714.11,3.607,450.546,-0.139,relaxed_wt_1_Y_163_C_rep3.pdb
-87.235,2.257,-1293.134,9.204,-710.656,7.061,449.885,-0.8,relaxed_wt_1_Y_241_N_rep2.pdb
-88.115,1.377,-1300.543,1.795,-717.172,0.545,449.424,-1.261,relaxed_wt_1_Y_210_H_rep2.pdb
-88.18,1.311,-1300.897,1.441,-717.532,0.185,448.096,-2.589,relaxed_wt_1_Y_133_Q_rep2.pdb
-88.414,1.078,-1291.944,10.394,-708.322,9.395,450.682,-0.003,relaxed_wt_1_Y_272_D_rep5.pdb
-82.597,6.895,-1290.104,12.234,-712.857,4.86,457.53,6.845,relaxed_wt_1_Y_241_H_rep1.pdb
-88.2,1.291,-1300.971,1.366,-718.058,-0.342,451.414,0.729,relaxed_wt_1_Y_205_Y_rep5.pdb
-87.76,1.732,-1294.43,7.908,-711.491,6.226,450.717,0.032,relaxed_wt_1_Y_245_C_rep1.pdb
-89.127,0.365,-1303.186,-0.849,-718.831,-1.114,450.657,-0.028,relaxed_wt_1_Y_298_R_rep4.pdb
-90.068,-0.577,-1301.533,0.805,-715.871,1.846,450.99,0.305,relaxed_wt_1_Y_186_L_rep3.pdb
-89.368,0.123,-1300.773,1.565,-716.37,1.347,450.302,-0.383,relaxed_wt_1_Y_209_C_rep4.pdb
-87.935,1.557,-1301.573,0.765,-718.172,-0.455,450.057,-0.628,relaxed_wt_1_Y_263_T_rep4.pdb
-89.11,0.381,-1301.259,1.078,-716.926,0.791,449.637,-1.049,relaxed_wt_1_Y_259_S_rep3.pdb
-87.148,2.344,-1295.055,7.283,-712.834,4.883,452.077,1.392,relaxed_wt_1_Y_208_P_rep3.pdb
-88.658,0.833,-1301.59,0.748,-717.257,0.46,450.108,-0.577,relaxed_wt_1_Y_164_V_rep1.pdb
-91.298,-1.806,-1301.199,1.139,-714.591,3.125,449.699,-0.986,relaxed_wt_1_Y_264_W_rep2.pdb
-86.007,3.485,-1293.072,9.266,-710.447,7.27,450.616,-0.069,relaxed_wt_1_Y_243_K_rep3.pdb
-89.462,0.03,-1304.159,-1.821,-719.506,-1.789,449.923,-0.762,relaxed_wt_1_Y_271_Y_rep2.pdb
-90.04,-0.548,-1298.2,4.138,-712.589,5.127,450.882,0.197,relaxed_wt_1_Y_185_G_rep4.pdb
-89.129,0.362,-1294.697,7.641,-710.311,7.405,450.651,-0.035,relaxed_wt_1_Y_206_G_rep5.pdb
-86.886,2.606,-1297.582,4.756,-715.162,2.555,451.033,0.348,relaxed_wt_1_Y_136_H_rep1.pdb
-89.43,0.061,-1302.377,-0.039,-717.745,-0.028,449.959,-0.726,relaxed_wt_1_Y_138_F_rep5.pdb
-86.605,2.887,-1298.551,3.787,-716.466,1.25,450.457,-0.229,relaxed_wt_1_Y_138_M_rep3.pdb
-90.317,-0.825,-1303.248,-0.91,-717.707,0.01,450.088,-0.597,relaxed_wt_1_Y_139_I_rep1.pdb
-89.326,0.165,-1300.296,2.042,-715.75,1.966,450.706,0.021,relaxed_wt_1_Y_134_H_rep2.pdb
-89.621,-0.129,-1298.535,3.803,-713.693,4.024,449.916,-0.769,relaxed_wt_1_Y_265_K_rep3.pdb
-89.616,-0.125,-1301.975,0.363,-716.711,1.005,449.312,-1.373,relaxed_wt_1_Y_262_C_rep1.pdb
-88.495,0.997,-1307.58,-5.242,-723.877,-6.16,449.99,-0.695,relaxed_wt_1_Y_271_E_rep2.pdb
-88.411,1.08,-1289.814,12.524,-706.193,11.523,450.358,-0.328,relaxed_wt_1_Y_245_K_rep4.pdb
-88.788,0.704,-1299.731,2.607,-715.779,1.937,449.532,-1.153,relaxed_wt_1_Y_133_V_rep2.pdb
-89.367,0.125,-1302.419,-0.081,-717.855,-0.138,449.362,-1.323,relaxed_wt_1_Y_138_F_rep1.pdb
-87.542,1.95,-1301.867,0.471,-719.201,-1.484,450.615,-0.07,relaxed_wt_1_Y_296_D_rep2.pdb
-82.236,7.255,-1291.639,10.699,-713.934,3.782,450.663,-0.023,relaxed_wt_1_Y_138_G_rep3.pdb
-86.437,3.055,-1300.286,2.052,-718.528,-0.811,449.404,-1.281,relaxed_wt_1_Y_272_A_rep5.pdb
-89.071,0.42,-1299.165,3.173,-714.266,3.451,451.152,0.467,relaxed_wt_1_Y_206_C_rep1.pdb
-88.75,0.741,-1303.122,-0.784,-719.226,-1.509,451.375,0.69,relaxed_wt_1_Y_208_W_rep1.pdb
-89.99,-0.498,-1303.46,-1.122,-717.751,-0.034,449.468,-1.217,relaxed_wt_1_Y_139_I_rep2.pdb
-93.401,-3.91,-1301.214,1.124,-711.919,5.798,450.905,0.22,relaxed_wt_1_Y_184_M_rep2.pdb
-89.587,-0.096,-1301.672,0.666,-716.338,1.379,450.814,0.128,relaxed_wt_1_Y_164_L_rep4.pdb
-88.29,1.201,-1301.398,0.94,-717.444,0.273,450.119,-0.566,relaxed_wt_1_Y_164_S_rep5.pdb
-88.05,1.441,-1298.583,3.754,-714.806,2.911,450.342,-0.344,relaxed_wt_1_Y_185_E_rep5.pdb
-90.673,-1.182,-1304.014,-1.676,-718.137,-0.42,449.367,-1.318,relaxed_wt_1_Y_267_Y_rep5.pdb
-85.504,3.988,-1291.392,10.946,-709.825,7.892,450.727,0.042,relaxed_wt_1_Y_241_R_rep2.pdb
-89.548,-0.056,-1304.373,-2.035,-719.485,-1.768,450.64,-0.045,relaxed_wt_1_Y_208_K_rep2.pdb
-87.167,2.325,-1299.326,3.012,-716.023,1.694,449.101,-1.584,relaxed_wt_1_Y_263_R_rep1.pdb
-86.97,2.522,-1297.562,4.776,-715.432,2.285,450.874,0.189,relaxed_wt_1_Y_132_G_rep2.pdb
-89.532,-0.04,-1303.21,-0.872,-718.474,-0.757,451.179,0.494,relaxed_wt_1_Y_271_W_rep2.pdb
-90.362,-0.871,-1301.299,1.039,-715.65,2.067,450.846,0.161,relaxed_wt_1_Y_139_N_rep5.pdb
-89.434,0.058,-1301.529,0.809,-716.894,0.822,450.672,-0.013,relaxed_wt_1_Y_137_I_rep1.pdb
-83.076,6.415,-1294.178,8.159,-716.533,1.184,453.49,2.805,relaxed_wt_1_Y_242_Y_rep2.pdb
-87.481,2.01,-1303.374,-1.036,-721.141,-3.425,450.575,-0.11,relaxed_wt_1_Y_261_K_rep2.pdb
-83.665,5.827,-1294.504,7.834,-715.255,2.461,449.531,-1.154,relaxed_wt_1_Y_138_N_rep2.pdb
-87.089,2.403,-1298.824,3.514,-716.449,1.268,449.069,-1.616,relaxed_wt_1_Y_263_G_rep5.pdb
-89.191,0.301,-1297.162,5.176,-712.135,5.582,450.997,0.312,relaxed_wt_1_Y_136_M_rep2.pdb
-88.562,0.93,-1304.169,-1.831,-720.088,-2.371,449.706,-0.979,relaxed_wt_1_Y_297_L_rep5.pdb
-83.101,6.391,-1288.337,14.001,-710.338,7.379,451.72,1.035,relaxed_wt_1_Y_207_W_rep3.pdb
-91.01,-1.518,-1303.412,-1.074,-717.216,0.501,451.217,0.532,relaxed_wt_1_Y_267_V_rep2.pdb
-87.584,1.907,-1298.569,3.769,-715.74,1.976,450.801,0.116,relaxed_wt_1_Y_264_A_rep1.pdb
-89.306,0.185,-1302.624,-0.286,-718.049,-0.333,449.31,-1.375,relaxed_wt_1_Y_210_V_rep5.pdb
-85.226,4.266,-1299.369,2.969,-718.528,-0.811,450.368,-0.317,relaxed_wt_1_Y_209_Q_rep1.pdb
-81.479,8.013,-1294.54,7.798,-715.423,2.294,449.688,-0.997,relaxed_wt_1_Y_209_R_rep3.pdb
-89.464,0.027,-1303.854,-1.517,-719.224,-1.507,449.403,-1.282,relaxed_wt_1_Y_271_F_rep5.pdb
-83.95,5.542,-1295.177,7.161,-715.348,2.368,449.803,-0.882,relaxed_wt_1_Y_138_R_rep4.pdb
-87.801,1.691,-1297.999,4.339,-714.937,2.779,449.421,-1.264,relaxed_wt_1_Y_270_H_rep1.pdb
-89.836,-0.344,-1302.919,-0.581,-715.817,1.899,451.022,0.337,relaxed_wt_1_Y_267_E_rep3.pdb
-89.71,-0.218,-1304.585,-2.247,-719.116,-1.399,449.911,-0.774,relaxed_wt_1_Y_261_F_rep2.pdb
-89.599,-0.107,-1298.144,4.194,-712.758,4.959,449.397,-1.288,relaxed_wt_1_Y_260_M_rep1.pdb
-89.51,-0.019,-1303.848,-1.51,-719.121,-1.405,449.332,-1.353,relaxed_wt_1_Y_267_N_rep1.pdb
-89.435,0.057,-1302.946,-0.608,-718.325,-0.609,449.445,-1.24,relaxed_wt_1_Y_259_V_rep5.pdb
-83.955,5.537,-1298.296,4.042,-717.745,-0.028,451.233,0.548,relaxed_wt_1_Y_297_Y_rep1.pdb
-85.949,3.543,-1284.913,17.425,-703.333,14.384,451.138,0.453,relaxed_wt_1_Y_268_P_rep4.pdb
-89.378,0.114,-1302.384,-0.046,-717.813,-0.097,448.935,-1.75,relaxed_wt_1_Y_208_R_rep5.pdb
-89.44,0.051,-1302.346,-0.008,-717.698,0.018,451.186,0.501,relaxed_wt_1_Y_164_K_rep3.pdb
-89.423,0.069,-1299.367,2.971,-714.779,2.937,450.678,-0.007,relaxed_wt_1_Y_210_C_rep4.pdb
-88.695,0.797,-1301.613,0.725,-718.131,-0.414,451.311,0.626,relaxed_wt_1_Y_259_Y_rep5.pdb
-90.526,-1.034,-1298.712,3.626,-712.852,4.865,450.838,0.153,relaxed_wt_1_Y_187_L_rep1.pdb
-89.635,-0.144,-1300.123,2.215,-715.282,2.434,450.576,-0.109,relaxed_wt_1_Y_265_E_rep1.pdb
-87.925,1.567,-1294.339,7.999,-711.184,6.533,449.501,-1.185,relaxed_wt_1_Y_272_G_rep1.pdb
-88.443,1.049,-1295.735,6.603,-711.622,6.095,451.764,1.079,relaxed_wt_1_Y_241_T_rep2.pdb
-89.264,0.228,-1299.595,2.743,-714.957,2.759,450.879,0.194,relaxed_wt_1_Y_208_E_rep5.pdb
-87.495,1.997,-1296.763,5.575,-714.178,3.539,450.851,0.166,relaxed_wt_1_Y_209_D_rep1.pdb
-87.187,2.305,-1297.782,4.556,-715.256,2.461,451.652,0.967,relaxed_wt_1_Y_242_A_rep3.pdb
-88.369,1.122,-1307.068,-4.73,-723.461,-5.744,449.993,-0.692,relaxed_wt_1_Y_271_C_rep4.pdb
-88.501,0.991,-1300.311,2.026,-716.446,1.271,450.626,-0.059,relaxed_wt_1_Y_162_S_rep4.pdb
-84.174,5.318,-1285.679,16.659,-705.454,12.263,454.277,3.592,relaxed_wt_1_Y_135_W_rep3.pdb
-88.617,0.874,-1302.357,-0.019,-718.714,-0.997,448.912,-1.773,relaxed_wt_1_Y_209_T_rep3.pdb
-87.541,1.951,-1295.566,6.772,-712.535,5.182,449.87,-0.815,relaxed_wt_1_Y_186_E_rep2.pdb
-88.978,0.513,-1302.204,0.134,-717.882,-0.165,450.6,-0.085,relaxed_wt_1_Y_162_T_rep2.pdb
-87.898,1.594,-1308.937,-6.599,-725.712,-7.995,451.214,0.529,relaxed_wt_1_Y_271_A_rep2.pdb
-90.056,-0.565,-1300.354,1.984,-715.104,2.613,451.2,0.515,relaxed_wt_1_Y_207_F_rep5.pdb
-87.704,1.788,-1300.635,1.703,-717.619,0.098,451.194,0.509,relaxed_wt_1_Y_132_P_rep2.pdb
-89.15,0.342,-1300.813,1.525,-716.416,1.301,450.694,0.009,relaxed_wt_1_Y_261_S_rep2.pdb
-91.52,-2.028,-1302.809,-0.471,-716.309,1.408,449.636,-1.049,relaxed_wt_1_Y_267_Q_rep4.pdb
-94.304,-4.813,-1298.218,4.12,-707.722,9.994,449.808,-0.877,relaxed_wt_1_Y_186_W_rep1.pdb
-89.674,-0.182,-1299.236,3.102,-714.392,3.324,449.637,-1.048,relaxed_wt_1_Y_265_Y_rep3.pdb
-88.069,1.423,-1298.28,4.058,-715.026,2.691,449.369,-1.316,relaxed_wt_1_Y_270_S_rep4.pdb
-89.317,0.175,-1300.126,2.212,-715.644,2.072,450.802,0.117,relaxed_wt_1_Y_135_Q_rep3.pdb
-89.074,0.418,-1302.554,-0.216,-718.021,-0.304,450.747,0.062,relaxed_wt_1_Y_266_E_rep3.pdb
-85.391,4.1,-1311.436,-9.098,-729.679,-11.963,451.156,0.471,relaxed_wt_1_Y_268_G_rep3.pdb
-87.491,2.001,-1296.967,5.371,-714.0,3.717,449.63,-1.055,relaxed_wt_1_Y_206_M_rep1.pdb
-87.545,1.947,-1298.886,3.452,-716.185,1.532,450.657,-0.028,relaxed_wt_1_Y_163_D_rep4.pdb
-89.121,0.371,-1301.063,1.275,-716.682,1.035,450.895,0.21,relaxed_wt_1_Y_162_K_rep3.pdb
-88.747,0.745,-1305.063,-2.725,-720.813,-3.096,451.021,0.336,relaxed_wt_1_Y_298_L_rep2.pdb
-89.496,-0.005,-1301.229,1.109,-716.536,1.181,449.657,-1.028,relaxed_wt_1_Y_259_H_rep2.pdb
-88.946,0.546,-1299.019,3.318,-714.885,2.832,450.5,-0.185,relaxed_wt_1_Y_272_C_rep2.pdb
-88.114,1.377,-1298.702,3.636,-714.811,2.906,450.213,-0.472,relaxed_wt_1_Y_261_G_rep2.pdb
-88.058,1.434,-1299.876,2.462,-716.608,1.109,448.662,-2.023,relaxed_wt_1_Y_263_M_rep2.pdb
-89.622,-0.131,-1303.012,-0.674,-718.223,-0.506,449.045,-1.64,relaxed_wt_1_Y_186_T_rep3.pdb
-89.907,-0.415,-1298.423,3.914,-713.365,4.351,449.364,-1.321,relaxed_wt_1_Y_265_F_rep4.pdb
-88.841,0.65,-1300.375,1.963,-716.334,1.383,450.764,0.078,relaxed_wt_1_Y_135_R_rep1.pdb
-87.774,1.718,-1300.138,2.2,-716.364,1.352,450.76,0.075,relaxed_wt_1_Y_272_T_rep4.pdb
-87.949,1.542,-1299.999,2.339,-716.836,0.88,450.71,0.025,relaxed_wt_1_Y_243_T_rep4.pdb
-86.983,2.509,-1304.87,-2.532,-722.039,-4.322,450.652,-0.033,relaxed_wt_1_Y_298_C_rep5.pdb
-89.28,0.211,-1299.228,3.11,-715.275,2.442,452.611,1.926,relaxed_wt_1_Y_261_C_rep3.pdb
-89.519,-0.028,-1298.46,3.878,-713.712,4.004,452.147,1.462,relaxed_wt_1_Y_208_D_rep5.pdb
-94.105,-4.613,-1298.166,4.172,-707.778,9.938,451.106,0.42,relaxed_wt_1_Y_186_W_rep3.pdb
-89.484,0.008,-1301.334,1.004,-716.164,1.552,450.652,-0.033,relaxed_wt_1_Y_259_Q_rep3.pdb
-89.684,-0.193,-1293.145,9.192,-708.118,9.599,449.447,-1.238,relaxed_wt_1_Y_265_P_rep2.pdb
-89.333,0.158,-1298.909,3.429,-714.186,3.531,449.925,-0.76,relaxed_wt_1_Y_137_H_rep1.pdb
-81.327,8.164,-1298.106,4.232,-720.664,-2.947,451.084,0.399,relaxed_wt_1_Y_297_Y_rep5.pdb
-88.912,0.579,-1299.825,2.513,-715.711,2.005,450.368,-0.317,relaxed_wt_1_Y_270_M_rep5.pdb
-77.4,12.092,-1289.357,12.981,-716.607,1.11,456.357,5.672,relaxed_wt_1_Y_209_K_rep5.pdb
-89.218,0.274,-1298.035,4.303,-713.61,4.107,450.601,-0.084,relaxed_wt_1_Y_261_D_rep5.pdb
-89.273,0.219,-1298.568,3.77,-713.441,4.276,448.976,-1.709,relaxed_wt_1_Y_206_N_rep3.pdb
-88.187,1.304,-1301.443,0.895,-717.465,0.252,449.647,-1.038,relaxed_wt_1_Y_164_Q_rep2.pdb
-89.636,-0.145,-1303.25,-0.912,-718.43,-0.713,450.829,0.144,relaxed_wt_1_Y_261_Y_rep4.pdb
-89.166,0.325,-1302.083,0.255,-717.57,0.147,449.696,-0.989,relaxed_wt_1_Y_266_Q_rep5.pdb
-84.82,4.671,-1297.884,4.453,-717.484,0.233,450.399,-0.286,relaxed_wt_1_Y_138_V_rep3.pdb
-89.503,-0.012,-1302.344,-0.006,-717.444,0.273,451.428,0.743,relaxed_wt_1_Y_244_N_rep1.pdb
-84.777,4.714,-1294.888,7.45,-715.223,2.494,451.357,0.672,relaxed_wt_1_Y_136_E_rep3.pdb
-84.297,5.195,-1295.506,6.832,-716.682,1.035,454.865,4.18,relaxed_wt_1_Y_242_F_rep3.pdb
-88.552,0.939,-1293.064,9.274,-709.269,8.448,450.687,0.002,relaxed_wt_1_Y_245_Q_rep5.pdb
-88.26,1.231,-1301.313,1.025,-717.43,0.287,449.114,-1.571,relaxed_wt_1_Y_133_Q_rep1.pdb
-85.463,4.029,-1301.345,0.993,-720.702,-2.985,449.338,-1.347,relaxed_wt_1_Y_268_E_rep4.pdb
-87.473,2.019,-1296.81,5.528,-713.966,3.751,449.628,-1.057,relaxed_wt_1_Y_163_V_rep4.pdb
-83.349,6.142,-1295.983,6.355,-718.577,-0.861,453.115,2.43,relaxed_wt_1_Y_209_Y_rep5.pdb
-89.289,0.202,-1301.701,0.637,-717.209,0.508,450.71,0.025,relaxed_wt_1_Y_162_I_rep1.pdb
-88.471,1.021,-1301.256,1.082,-718.072,-0.355,451.585,0.9,relaxed_wt_1_Y_140_T_rep2.pdb
-86.823,2.669,-1297.856,4.482,-715.893,1.823,450.673,-0.012,relaxed_wt_1_Y_136_V_rep1.pdb
-81.996,7.495,-1294.243,8.095,-718.444,-0.727,454.445,3.76,relaxed_wt_1_Y_242_Y_rep5.pdb
-89.505,-0.013,-1299.86,2.478,-715.059,2.657,450.136,-0.549,relaxed_wt_1_Y_260_I_rep3.pdb
-88.906,0.586,-1296.836,5.502,-712.623,5.093,448.91,-1.775,relaxed_wt_1_Y_260_C_rep4.pdb
-86.46,3.032,-1297.69,4.648,-715.026,2.69,449.452,-1.233,relaxed_wt_1_Y_132_R_rep1.pdb
-85.993,3.499,-1299.567,2.771,-717.918,-0.202,451.372,0.687,relaxed_wt_1_Y_185_Q_rep4.pdb
-90.086,-0.594,-1301.33,1.008,-716.088,1.629,450.727,0.042,relaxed_wt_1_Y_261_L_rep2.pdb
-89.599,-0.107,-1305.318,-2.98,-719.858,-2.141,450.691,0.006,relaxed_wt_1_Y_261_R_rep4.pdb
-84.492,4.999,-1298.671,3.667,-718.956,-1.239,451.571,0.886,relaxed_wt_1_Y_264_K_rep3.pdb
-87.677,1.815,-1298.574,3.764,-715.864,1.852,450.389,-0.296,relaxed_wt_1_Y_270_Q_rep2.pdb
-87.367,2.124,-1301.992,0.346,-719.239,-1.522,450.24,-0.445,relaxed_wt_1_Y_270_L_rep2.pdb
-89.491,0.0,-1304.064,-1.726,-719.418,-1.702,450.421,-0.264,relaxed_wt_1_Y_271_I_rep1.pdb
-87.658,1.833,-1302.383,-0.045,-719.313,-1.597,449.381,-1.304,relaxed_wt_1_Y_264_T_rep4.pdb
-86.008,3.484,-1299.221,3.117,-718.464,-0.747,451.618,0.933,relaxed_wt_1_Y_297_K_rep2.pdb
-87.201,2.29,-1294.886,7.452,-712.24,5.477,450.649,-0.036,relaxed_wt_1_Y_136_C_rep4.pdb
-89.308,0.183,-1303.217,-0.879,-718.782,-1.065,451.678,0.993,relaxed_wt_1_Y_266_D_rep5.pdb
-89.023,0.468,-1294.531,7.807,-710.271,7.446,448.885,-1.8,relaxed_wt_1_Y_137_W_rep3.pdb
-89.356,0.136,-1302.489,-0.151,-717.896,-0.179,450.633,-0.052,relaxed_wt_1_Y_263_D_rep3.pdb
-88.297,1.195,-1299.462,2.876,-716.235,1.482,450.773,0.088,relaxed_wt_1_Y_296_K_rep5.pdb
-83.463,6.028,-1293.415,8.923,-713.972,3.745,450.932,0.247,relaxed_wt_1_Y_207_D_rep4.pdb
-85.92,3.572,-1296.448,5.89,-715.343,2.374,449.326,-1.359,relaxed_wt_1_Y_297_E_rep3.pdb
-88.128,1.363,-1296.899,5.438,-714.033,3.683,451.666,0.981,relaxed_wt_1_Y_135_F_rep5.pdb
-89.294,0.198,-1300.359,1.979,-715.86,1.856,449.378,-1.307,relaxed_wt_1_Y_134_H_rep1.pdb
-89.136,0.356,-1300.476,1.862,-715.961,1.755,449.368,-1.317,relaxed_wt_1_Y_185_A_rep5.pdb
-87.142,2.349,-1302.426,-0.088,-718.897,-1.18,449.695,-0.99,relaxed_wt_1_Y_263_V_rep4.pdb
-89.298,0.194,-1301.096,1.242,-716.526,1.19,450.362,-0.323,relaxed_wt_1_Y_210_M_rep5.pdb
-83.536,5.955,-1287.809,14.529,-706.302,11.415,450.845,0.16,relaxed_wt_1_Y_272_K_rep1.pdb
-89.031,0.46,-1296.57,5.768,-712.319,5.397,449.324,-1.361,relaxed_wt_1_Y_245_H_rep2.pdb
-87.696,1.795,-1299.265,3.073,-715.262,2.455,450.21,-0.475,relaxed_wt_1_Y_260_C_rep3.pdb
-89.237,0.254,-1300.62,1.718,-716.121,1.596,450.433,-0.252,relaxed_wt_1_Y_266_M_rep5.pdb
-88.968,0.524,-1297.013,5.325,-712.605,5.112,450.523,-0.162,relaxed_wt_1_Y_133_W_rep5.pdb
-89.393,0.098,-1299.723,2.615,-715.478,2.239,449.707,-0.978,relaxed_wt_1_Y_140_E_rep2.pdb
-88.236,1.256,-1299.681,2.657,-716.275,1.442,449.835,-0.85,relaxed_wt_1_Y_133_T_rep5.pdb
-83.221,6.271,-1299.394,2.944,-720.3,-2.583,448.994,-1.691,relaxed_wt_1_Y_262_F_rep5.pdb
-87.84,1.652,-1301.038,1.3,-717.625,0.092,450.659,-0.026,relaxed_wt_1_Y_163_Q_rep3.pdb
-87.853,1.638,-1303.435,-1.097,-720.323,-2.607,451.632,0.947,relaxed_wt_1_Y_270_P_rep3.pdb
-89.364,0.128,-1298.112,4.226,-713.37,4.346,450.704,0.019,relaxed_wt_1_Y_206_N_rep4.pdb
-84.489,5.003,-1297.181,5.157,-717.088,0.629,451.602,0.917,relaxed_wt_1_Y_207_S_rep2.pdb
-83.913,5.578,-1280.946,21.392,-701.598,16.119,450.924,0.239,relaxed_wt_1_Y_243_R_rep3.pdb
-89.034,0.457,-1301.176,1.162,-716.72,0.997,451.703,1.018,relaxed_wt_1_Y_206_L_rep4.pdb
-86.743,2.749,-1297.677,4.661,-716.015,1.702,450.74,0.055,relaxed_wt_1_Y_209_E_rep3.pdb
-89.156,0.335,-1299.501,2.837,-714.741,2.975,451.036,0.351,relaxed_wt_1_Y_186_G_rep5.pdb
-90.041,-0.55,-1301.385,0.953,-716.048,1.669,449.363,-1.322,relaxed_wt_1_Y_184_Q_rep5.pdb
-89.2,0.291,-1301.952,0.386,-717.537,0.179,451.691,1.006,relaxed_wt_1_Y_210_L_rep5.pdb
-89.447,0.044,-1302.447,-0.109,-717.82,-0.104,450.685,0.0,relaxed_wt_1_Y_261_V_rep1.pdb
-81.531,7.961,-1291.207,11.13,-713.58,4.136,452.159,1.474,relaxed_wt_1_Y_185_F_rep4.pdb
-89.509,-0.017,-1295.914,6.423,-711.214,6.502,451.212,0.527,relaxed_wt_1_Y_265_W_rep4.pdb
-89.054,0.437,-1296.047,6.291,-711.79,5.926,450.098,-0.587,relaxed_wt_1_Y_135_E_rep3.pdb
-88.099,1.393,-1297.026,5.311,-713.787,3.93,449.36,-1.325,relaxed_wt_1_Y_241_A_rep3.pdb
-85.188,4.303,-1299.063,3.275,-718.2,-0.483,451.696,1.011,relaxed_wt_1_Y_138_I_rep4.pdb
-88.889,0.602,-1298.441,3.897,-713.972,3.745,449.739,-0.946,relaxed_wt_1_Y_243_E_rep1.pdb
-89.281,0.211,-1301.132,1.206,-716.554,1.163,449.923,-0.762,relaxed_wt_1_Y_210_M_rep1.pdb
-89.855,-0.363,-1300.805,1.533,-715.452,2.265,451.076,0.391,relaxed_wt_1_Y_139_K_rep2.pdb
-89.314,0.177,-1301.726,0.612,-717.182,0.535,451.193,0.508,relaxed_wt_1_Y_272_I_rep1.pdb
-88.832,0.659,-1301.705,0.633,-717.619,0.097,448.945,-1.74,relaxed_wt_1_Y_261_H_rep2.pdb
-89.056,0.435,-1301.611,0.726,-717.289,0.428,450.596,-0.089,relaxed_wt_1_Y_162_M_rep3.pdb
-89.837,-0.346,-1299.559,2.778,-714.184,3.533,450.738,0.053,relaxed_wt_1_Y_184_V_rep3.pdb
-90.008,-0.516,-1301.953,0.385,-716.297,1.42,449.917,-0.768,relaxed_wt_1_Y_186_L_rep2.pdb
-86.08,3.412,-1289.69,12.648,-708.556,9.161,448.599,-2.086,relaxed_wt_1_Y_272_F_rep1.pdb
-88.881,0.61,-1300.041,2.297,-715.936,1.781,450.83,0.145,relaxed_wt_1_Y_242_C_rep1.pdb
-89.195,0.297,-1304.143,-1.805,-719.438,-1.721,450.859,0.174,relaxed_wt_1_Y_298_V_rep4.pdb
-86.903,2.589,-1295.388,6.95,-713.461,4.256,449.88,-0.805,relaxed_wt_1_Y_205_E_rep4.pdb
-88.518,0.974,-1309.504,-7.166,-725.76,-8.043,449.317,-1.368,relaxed_wt_1_Y_298_S_rep1.pdb
-90.095,-0.603,-1299.713,2.625,-714.428,3.288,449.596,-1.089,relaxed_wt_1_Y_261_C_rep2.pdb
-89.022,0.469,-1297.401,4.937,-712.949,4.767,450.651,-0.034,relaxed_wt_1_Y_206_A_rep3.pdb
-88.425,1.066,-1300.487,1.851,-717.322,0.395,450.487,-0.199,relaxed_wt_1_Y_296_N_rep4.pdb
-89.462,0.029,-1298.283,4.055,-713.532,4.185,449.707,-0.978,relaxed_wt_1_Y_137_F_rep2.pdb
-88.375,1.117,-1291.913,10.425,-708.285,9.432,449.342,-1.343,relaxed_wt_1_Y_272_D_rep4.pdb
-87.317,2.174,-1300.398,1.94,-716.956,0.761,450.434,-0.251,relaxed_wt_1_Y_263_K_rep5.pdb
-87.555,1.936,-1296.167,6.171,-713.422,4.295,449.061,-1.624,relaxed_wt_1_Y_264_G_rep1.pdb
-89.328,0.164,-1301.741,0.597,-717.165,0.551,450.963,0.278,relaxed_wt_1_Y_267_D_rep3.pdb
-86.503,2.988,-1299.042,3.296,-717.343,0.374,449.927,-0.758,relaxed_wt_1_Y_133_S_rep5.pdb
-91.235,-1.743,-1303.65,-1.312,-717.412,0.305,451.775,1.089,relaxed_wt_1_Y_242_I_rep1.pdb
-89.45,0.042,-1298.696,3.642,-714.036,3.681,451.201,0.516,relaxed_wt_1_Y_184_T_rep3.pdb
-89.826,-0.335,-1297.559,4.779,-712.508,5.209,450.16,-0.525,relaxed_wt_1_Y_265_S_rep3.pdb
-89.682,-0.191,-1304.057,-1.719,-719.216,-1.499,451.197,0.512,relaxed_wt_1_Y_259_I_rep3.pdb
-89.555,-0.064,-1301.131,1.207,-716.225,1.492,451.772,1.087,relaxed_wt_1_Y_208_C_rep1.pdb
-88.962,0.529,-1301.084,1.254,-716.836,0.881,449.319,-1.366,relaxed_wt_1_Y_162_S_rep1.pdb
-82.582,6.909,-1293.789,8.549,-715.614,2.102,449.827,-0.858,relaxed_wt_1_Y_138_D_rep3.pdb
-89.126,0.366,-1301.44,0.898,-717.273,0.443,449.892,-0.793,relaxed_wt_1_Y_261_I_rep2.pdb
-90.249,-0.757,-1298.532,3.806,-713.051,4.665,450.556,-0.129,relaxed_wt_1_Y_187_L_rep4.pdb
-90.899,-1.407,-1298.85,3.488,-712.276,5.441,451.169,0.484,relaxed_wt_1_Y_184_I_rep3.pdb
-83.626,5.865,-1287.591,14.747,-706.024,11.693,451.473,0.787,relaxed_wt_1_Y_272_K_rep3.pdb
-90.296,-0.804,-1301.931,0.406,-716.603,1.114,449.925,-0.76,relaxed_wt_1_Y_140_V_rep2.pdb
-88.864,0.628,-1298.141,4.197,-714.066,3.651,450.771,0.086,relaxed_wt_1_Y_135_K_rep4.pdb
-85.938,3.554,-1297.607,4.731,-714.691,3.025,449.648,-1.037,relaxed_wt_1_Y_136_W_rep1.pdb
-87.764,1.728,-1299.685,2.653,-716.573,1.144,449.433,-1.252,relaxed_wt_1_Y_185_N_rep1.pdb
-87.595,1.896,-1300.606,1.732,-717.679,0.038,448.976,-1.709,relaxed_wt_1_Y_245_I_rep1.pdb
-89.161,0.331,-1302.049,0.289,-717.546,0.171,451.732,1.047,relaxed_wt_1_Y_266_Q_rep3.pdb
-89.253,0.238,-1297.299,5.039,-712.801,4.916,449.643,-1.042,relaxed_wt_1_Y_206_T_rep5.pdb
-88.008,1.483,-1298.958,3.38,-715.651,2.066,450.557,-0.128,relaxed_wt_1_Y_297_T_rep2.pdb
-88.515,0.977,-1299.543,2.795,-715.436,2.281,450.302,-0.383,relaxed_wt_1_Y_260_F_rep2.pdb
-89.224,0.267,-1300.86,1.478,-715.265,2.451,450.301,-0.384,relaxed_wt_1_Y_184_K_rep4.pdb
-87.981,1.511,-1298.455,3.883,-714.739,2.977,451.433,0.748,relaxed_wt_1_Y_243_F_rep3.pdb
-88.995,0.496,-1301.394,0.944,-717.125,0.591,450.417,-0.268,relaxed_wt_1_Y_264_H_rep3.pdb
-89.444,0.048,-1298.66,3.678,-714.004,3.713,450.685,-0.0,relaxed_wt_1_Y_184_T_rep1.pdb
-83.488,6.003,-1293.104,9.233,-712.78,4.937,449.336,-1.349,relaxed_wt_1_Y_185_K_rep2.pdb
-89.753,-0.262,-1301.947,0.391,-716.371,1.346,450.977,0.292,relaxed_wt_1_Y_261_M_rep3.pdb
-89.245,0.246,-1302.499,-0.161,-717.951,-0.234,450.672,-0.013,relaxed_wt_1_Y_186_K_rep5.pdb
-88.474,1.018,-1301.176,1.162,-716.835,0.882,451.697,1.012,relaxed_wt_1_Y_270_W_rep5.pdb
-89.948,-0.456,-1303.836,-1.499,-718.548,-0.831,449.976,-0.709,relaxed_wt_1_Y_139_M_rep2.pdb
-89.907,-0.415,-1298.423,3.914,-713.365,4.351,449.364,-1.321,relaxed_wt_1_Y_265_F_rep1.pdb
-89.366,0.126,-1303.043,-0.706,-718.463,-0.746,450.703,0.018,relaxed_wt_1_Y_266_D_rep3.pdb
-85.029,4.463,-1288.691,13.647,-708.132,9.585,451.448,0.763,relaxed_wt_1_Y_135_W_rep4.pdb
-90.413,-0.922,-1299.719,2.619,-713.853,3.864,451.046,0.361,relaxed_wt_1_Y_139_D_rep1.pdb
-87.821,1.671,-1309.729,-7.391,-726.663,-8.946,450.685,0.0,relaxed_wt_1_Y_268_A_rep1.pdb
-88.47,1.022,-1298.508,3.83,-714.822,2.895,450.954,0.269,relaxed_wt_1_Y_272_M_rep3.pdb
-88.553,0.938,-1300.093,2.245,-716.421,1.296,450.677,-0.008,relaxed_wt_1_Y_296_A_rep1.pdb
-89.956,-0.464,-1305.581,-3.243,-720.45,-2.733,450.624,-0.061,relaxed_wt_1_Y_298_E_rep3.pdb
-87.94,1.552,-1298.28,4.057,-714.991,2.726,450.638,-0.047,relaxed_wt_1_Y_297_T_rep4.pdb
-87.234,2.257,-1293.988,8.35,-711.464,6.253,452.871,2.186,relaxed_wt_1_Y_243_Y_rep1.pdb
-88.955,0.536,-1298.584,3.754,-714.402,3.314,449.652,-1.033,relaxed_wt_1_Y_135_A_rep4.pdb
-89.041,0.45,-1299.595,2.743,-715.264,2.453,451.152,0.467,relaxed_wt_1_Y_162_H_rep3.pdb
-87.111,2.38,-1301.575,0.763,-718.739,-1.022,449.303,-1.382,relaxed_wt_1_Y_268_T_rep3.pdb
-88.187,1.305,-1301.53,0.808,-717.59,0.127,449.642,-1.043,relaxed_wt_1_Y_267_E_rep1.pdb
-89.682,-0.191,-1304.057,-1.719,-719.216,-1.499,451.197,0.512,relaxed_wt_1_Y_259_I_rep5.pdb
-88.808,0.684,-1295.981,6.357,-712.056,5.661,451.364,0.679,relaxed_wt_1_Y_206_Y_rep4.pdb
-86.687,2.804,-1298.305,4.033,-716.562,1.155,452.325,1.64,relaxed_wt_1_Y_140_L_rep4.pdb
-88.337,1.155,-1301.718,0.62,-718.233,-0.516,451.627,0.942,relaxed_wt_1_Y_267_S_rep1.pdb
-91.254,-1.763,-1307.436,-5.098,-721.669,-3.953,450.264,-0.421,relaxed_wt_1_Y_298_D_rep2.pdb
-87.124,2.368,-1300.785,1.553,-718.911,-1.194,451.603,0.918,relaxed_wt_1_Y_264_Y_rep5.pdb
-87.823,1.669,-1299.886,2.452,-716.362,1.354,451.454,0.769,relaxed_wt_1_Y_132_N_rep5.pdb
-88.942,0.55,-1282.193,20.145,-697.721,19.995,449.412,-1.273,relaxed_wt_1_Y_186_P_rep2.pdb
-90.192,-0.701,-1300.068,2.27,-714.353,3.364,450.071,-0.614,relaxed_wt_1_Y_136_L_rep5.pdb
-88.616,0.876,-1301.298,1.04,-717.876,-0.16,450.912,0.227,relaxed_wt_1_Y_210_M_rep3.pdb
-85.888,3.604,-1289.378,12.96,-708.026,9.691,450.747,0.061,relaxed_wt_1_Y_271_P_rep1.pdb
-89.464,0.028,-1302.216,0.122,-717.763,-0.047,449.951,-0.734,relaxed_wt_1_Y_209_I_rep1.pdb
-89.453,0.038,-1299.726,2.612,-714.799,2.918,451.211,0.526,relaxed_wt_1_Y_184_L_rep1.pdb
-86.109,3.383,-1288.0,14.337,-707.35,10.367,450.822,0.137,relaxed_wt_1_Y_206_R_rep1.pdb
-89.411,0.08,-1303.552,-1.214,-718.509,-0.793,450.693,0.007,relaxed_wt_1_Y_267_T_rep1.pdb
-89.147,0.345,-1298.621,3.717,-714.196,3.521,450.605,-0.08,relaxed_wt_1_Y_162_G_rep5.pdb
-89.218,0.274,-1300.893,1.445,-716.452,1.265,450.361,-0.324,relaxed_wt_1_Y_205_F_rep3.pdb
-89.5,-0.009,-1298.507,3.831,-713.861,3.856,450.613,-0.073,relaxed_wt_1_Y_134_M_rep3.pdb
-88.476,1.015,-1302.814,-0.476,-718.848,-1.131,449.906,-0.779,relaxed_wt_1_Y_138_Y_rep5.pdb
-86.731,2.76,-1299.261,3.077,-716.996,0.721,450.341,-0.344,relaxed_wt_1_Y_207_M_rep2.pdb
-83.547,5.945,-1293.173,9.165,-712.848,4.869,450.647,-0.038,relaxed_wt_1_Y_185_K_rep4.pdb
-85.144,4.348,-1292.325,10.013,-711.762,5.955,450.352,-0.333,relaxed_wt_1_Y_241_K_rep1.pdb
-87.261,2.231,-1300.178,2.16,-716.782,0.934,450.065,-0.62,relaxed_wt_1_Y_263_K_rep2.pdb
-87.113,2.378,-1297.117,5.22,-714.617,3.1,449.282,-1.403,relaxed_wt_1_Y_272_Q_rep1.pdb
-88.944,0.548,-1302.032,0.306,-717.552,0.165,449.656,-1.029,relaxed_wt_1_Y_261_W_rep3.pdb
-82.949,6.543,-1290.444,11.894,-712.775,4.942,452.524,1.839,relaxed_wt_1_Y_242_W_rep2.pdb
-89.395,0.097,-1298.64,3.698,-714.074,3.643,450.407,-0.278,relaxed_wt_1_Y_135_T_rep4.pdb
-89.773,-0.281,-1296.769,5.569,-711.773,5.944,450.95,0.265,relaxed_wt_1_Y_265_T_rep2.pdb
-90.633,-1.142,-1301.289,1.049,-715.179,2.538,450.745,0.06,relaxed_wt_1_Y_186_V_rep4.pdb
-87.936,1.556,-1296.822,5.516,-713.745,3.972,449.383,-1.302,relaxed_wt_1_Y_241_A_rep4.pdb
-89.551,-0.06,-1301.871,0.467,-717.04,0.677,449.644,-1.041,relaxed_wt_1_Y_259_F_rep4.pdb
-89.664,-0.172,-1299.233,3.105,-714.183,3.533,450.056,-0.629,relaxed_wt_1_Y_139_G_rep2.pdb
-89.661,-0.169,-1297.036,5.302,-712.167,5.55,450.931,0.245,relaxed_wt_1_Y_137_S_rep1.pdb
-87.541,1.95,-1300.397,1.941,-717.154,0.562,450.592,-0.093,relaxed_wt_1_Y_207_V_rep1.pdb
-88.658,0.833,-1307.737,-5.399,-723.838,-6.122,448.74,-1.945,relaxed_wt_1_Y_271_K_rep5.pdb
-88.288,1.203,-1296.594,5.744,-713.224,4.492,450.596,-0.089,relaxed_wt_1_Y_270_E_rep3.pdb
-85.319,4.173,-1299.383,2.955,-718.672,-0.956,450.104,-0.581,relaxed_wt_1_Y_209_Q_rep2.pdb
-89.373,0.119,-1302.024,0.314,-717.401,0.315,450.947,0.262,relaxed_wt_1_Y_208_L_rep2.pdb
-88.749,0.742,-1301.45,0.888,-717.498,0.219,450.664,-0.021,relaxed_wt_1_Y_210_N_rep2.pdb
-89.841,-0.35,-1300.209,2.129,-714.976,2.74,448.914,-1.771,relaxed_wt_1_Y_208_A_rep5.pdb
-86.297,3.195,-1293.255,9.083,-711.78,5.937,450.002,-0.683,relaxed_wt_1_Y_272_H_rep2.pdb
-86.392,3.099,-1284.823,17.515,-702.949,14.768,449.63,-1.055,relaxed_wt_1_Y_268_P_rep3.pdb
-91.575,-2.084,-1304.913,-2.575,-717.975,-0.258,452.221,1.536,relaxed_wt_1_Y_267_K_rep1.pdb
-90.256,-0.765,-1301.672,0.666,-716.125,1.592,450.371,-0.314,relaxed_wt_1_Y_267_C_rep5.pdb
-89.182,0.31,-1299.683,2.655,-714.924,2.793,451.008,0.322,relaxed_wt_1_Y_186_N_rep5.pdb
-88.816,0.676,-1297.816,4.522,-713.755,3.961,450.906,0.221,relaxed_wt_1_Y_184_P_rep2.pdb
-88.636,0.856,-1299.48,2.858,-715.308,2.408,451.768,1.083,relaxed_wt_1_Y_132_V_rep5.pdb
-89.12,0.372,-1296.581,5.757,-712.268,5.449,451.629,0.944,relaxed_wt_1_Y_135_S_rep2.pdb
-89.348,0.143,-1302.657,-0.32,-718.112,-0.395,450.305,-0.38,relaxed_wt_1_Y_266_K_rep2.pdb
-89.034,0.458,-1300.549,1.789,-716.251,1.466,451.103,0.418,relaxed_wt_1_Y_245_P_rep5.pdb
-81.131,8.361,-1290.945,11.393,-714.677,3.04,451.42,0.735,relaxed_wt_1_Y_138_G_rep5.pdb
-89.443,0.048,-1302.505,-0.167,-717.832,-0.116,451.181,0.496,relaxed_wt_1_Y_242_V_rep4.pdb
-89.464,0.027,-1300.223,2.115,-715.552,2.164,450.69,0.005,relaxed_wt_1_Y_259_C_rep5.pdb
-90.384,-0.893,-1304.954,-2.616,-719.505,-1.788,450.729,0.044,relaxed_wt_1_Y_244_Q_rep3.pdb
-87.2,2.292,-1296.873,5.465,-713.671,4.046,450.819,0.134,relaxed_wt_1_Y_205_I_rep2.pdb
-83.387,6.105,-1302.797,-0.459,-723.632,-5.915,452.178,1.493,relaxed_wt_1_Y_297_H_rep3.pdb
-88.8,0.691,-1303.6,-1.262,-719.862,-2.145,450.319,-0.366,relaxed_wt_1_Y_298_F_rep4.pdb
-89.328,0.163,-1304.839,-2.501,-720.125,-2.408,448.171,-2.514,relaxed_wt_1_Y_208_T_rep1.pdb
-89.121,0.37,-1301.068,1.27,-716.68,1.037,450.575,-0.11,relaxed_wt_1_Y_162_K_rep5.pdb
-89.563,-0.071,-1298.94,3.398,-714.58,3.137,450.594,-0.091,relaxed_wt_1_Y_184_D_rep4.pdb
-88.584,0.908,-1298.861,3.477,-714.8,2.917,449.671,-1.014,relaxed_wt_1_Y_260_H_rep5.pdb
-85.04,4.451,-1290.393,11.945,-709.97,7.747,451.519,0.834,relaxed_wt_1_Y_136_G_rep4.pdb
-89.393,0.098,-1300.811,1.527,-715.789,1.928,450.219,-0.466,relaxed_wt_1_Y_245_Y_rep5.pdb
-86.976,2.515,-1298.714,3.624,-716.384,1.333,451.276,0.591,relaxed_wt_1_Y_263_G_rep2.pdb
-88.513,0.978,-1301.595,0.743,-716.868,0.849,449.881,-0.804,relaxed_wt_1_Y_164_H_rep1.pdb
-87.675,1.816,-1298.622,3.716,-715.749,1.968,449.526,-1.159,relaxed_wt_1_Y_264_A_rep4.pdb
-86.95,2.541,-1286.019,16.319,-703.762,13.955,449.957,-0.728,relaxed_wt_1_Y_206_W_rep3.pdb
-89.568,-0.076,-1297.499,4.839,-712.714,5.003,450.582,-0.103,relaxed_wt_1_Y_186_C_rep4.pdb
-86.567,2.925,-1301.568,0.77,-720.441,-2.725,451.177,0.492,relaxed_wt_1_Y_140_Y_rep2.pdb
-89.241,0.251,-1303.924,-1.586,-719.176,-1.46,451.029,0.344,relaxed_wt_1_Y_208_I_rep5.pdb
-88.336,1.155,-1301.112,1.226,-717.534,0.183,450.438,-0.247,relaxed_wt_1_Y_296_L_rep3.pdb
-88.19,1.302,-1298.569,3.768,-713.613,4.104,450.96,0.275,relaxed_wt_1_Y_132_M_rep4.pdb
-91.184,-1.692,-1297.738,4.6,-711.106,6.611,450.712,0.027,relaxed_wt_1_Y_260_R_rep2.pdb
-89.177,0.314,-1300.244,2.094,-715.87,1.847,449.644,-1.041,relaxed_wt_1_Y_210_S_rep2.pdb
-90.694,-1.203,-1304.536,-2.198,-718.694,-0.977,449.937,-0.748,relaxed_wt_1_Y_267_W_rep3.pdb
-86.837,2.654,-1302.376,-0.038,-719.986,-2.269,449.341,-1.344,relaxed_wt_1_Y_263_R_rep4.pdb
-89.874,-0.382,-1299.149,3.189,-714.01,3.706,450.362,-0.323,relaxed_wt_1_Y_265_D_rep5.pdb
-89.442,0.05,-1302.381,-0.043,-717.741,-0.024,449.863,-0.822,relaxed_wt_1_Y_185_D_rep3.pdb
-87.367,2.124,-1301.992,0.346,-719.239,-1.522,450.24,-0.445,relaxed_wt_1_Y_270_L_rep4.pdb
-88.925,0.566,-1300.849,1.489,-716.36,1.357,449.561,-1.124,relaxed_wt_1_Y_162_A_rep5.pdb
-90.364,-0.873,-1304.729,-2.391,-719.311,-1.594,451.059,0.374,relaxed_wt_1_Y_244_Q_rep2.pdb
-89.009,0.483,-1301.097,1.241,-716.88,0.837,450.436,-0.249,relaxed_wt_1_Y_261_E_rep2.pdb
-87.016,2.476,-1296.793,5.545,-713.772,3.944,449.886,-0.799,relaxed_wt_1_Y_263_W_rep2.pdb
-88.061,1.431,-1299.61,2.727,-716.315,1.401,450.716,0.031,relaxed_wt_1_Y_262_S_rep3.pdb
-88.476,1.015,-1297.595,4.743,-712.223,5.494,450.674,-0.011,relaxed_wt_1_Y_187_H_rep4.pdb
-88.293,1.199,-1301.482,0.856,-717.542,0.174,450.886,0.201,relaxed_wt_1_Y_243_Q_rep3.pdb
-89.484,0.007,-1302.38,-0.042,-717.746,-0.029,450.701,0.016,relaxed_wt_1_Y_138_F_rep3.pdb
-87.854,1.637,-1300.908,1.43,-717.788,-0.071,451.419,0.734,relaxed_wt_1_Y_132_E_rep5.pdb
-89.57,-0.079,-1295.992,6.346,-711.19,6.526,450.926,0.241,relaxed_wt_1_Y_265_W_rep3.pdb
-82.872,6.619,-1289.392,12.946,-710.587,7.13,450.339,-0.346,relaxed_wt_1_Y_207_P_rep2.pdb
-82.956,6.535,-1293.417,8.921,-714.723,2.994,449.165,-1.52,relaxed_wt_1_Y_138_C_rep5.pdb
-89.332,0.159,-1299.891,2.447,-715.999,1.718,451.694,1.009,relaxed_wt_1_Y_140_Q_rep5.pdb
-89.126,0.365,-1297.674,4.664,-713.382,4.335,450.737,0.052,relaxed_wt_1_Y_135_C_rep5.pdb
-88.044,1.447,-1301.492,0.846,-718.679,-0.962,451.316,0.631,relaxed_wt_1_Y_259_N_rep4.pdb
-88.326,1.166,-1296.64,5.698,-713.203,4.513,449.67,-1.015,relaxed_wt_1_Y_270_E_rep2.pdb
-88.536,0.956,-1301.189,1.149,-717.926,-0.209,451.686,1.001,relaxed_wt_1_Y_267_D_rep5.pdb
-88.793,0.698,-1306.394,-4.056,-722.218,-4.502,448.975,-1.71,relaxed_wt_1_Y_208_W_rep5.pdb
-84.833,4.658,-1298.102,4.236,-716.394,1.323,449.577,-1.108,relaxed_wt_1_Y_262_E_rep5.pdb
-87.899,1.592,-1296.871,5.467,-713.806,3.911,450.404,-0.281,relaxed_wt_1_Y_241_A_rep1.pdb
-82.727,6.765,-1293.922,8.416,-713.547,4.169,451.18,0.495,relaxed_wt_1_Y_209_K_rep4.pdb
-88.951,0.541,-1299.355,2.983,-714.939,2.778,450.345,-0.34,relaxed_wt_1_Y_164_C_rep3.pdb
-81.025,8.466,-1286.309,16.029,-710.241,7.476,454.905,4.22,relaxed_wt_1_Y_241_Y_rep2.pdb
-87.528,1.964,-1299.982,2.356,-717.045,0.672,449.786,-0.899,relaxed_wt_1_Y_207_I_rep5.pdb
-88.755,0.736,-1303.842,-1.504,-719.783,-2.066,450.9,0.215,relaxed_wt_1_Y_140_P_rep1.pdb
-89.477,0.015,-1305.276,-2.938,-719.965,-2.249,450.966,0.281,relaxed_wt_1_Y_261_R_rep3.pdb
-89.212,0.28,-1301.515,0.823,-717.093,0.624,450.716,0.031,relaxed_wt_1_Y_135_L_rep3.pdb
-89.075,0.417,-1302.138,0.2,-717.973,-0.256,449.657,-1.028,relaxed_wt_1_Y_163_K_rep3.pdb
-88.216,1.275,-1297.669,4.669,-713.868,3.849,450.571,-0.114,relaxed_wt_1_Y_241_M_rep1.pdb
-91.612,-2.121,-1297.056,5.282,-710.275,7.442,449.834,-0.851,relaxed_wt_1_Y_187_Y_rep3.pdb
-83.446,6.046,-1296.671,5.667,-719.165,-1.449,452.645,1.96,relaxed_wt_1_Y_209_Y_rep3.pdb
-89.803,-0.311,-1298.119,4.219,-713.105,4.612,450.617,-0.068,relaxed_wt_1_Y_265_N_rep2.pdb
-87.723,1.768,-1301.146,1.192,-717.967,-0.25,451.198,0.513,relaxed_wt_1_Y_264_Y_rep2.pdb
-90.136,-0.645,-1301.435,0.903,-716.044,1.673,450.772,0.087,relaxed_wt_1_Y_184_Q_rep1.pdb
-91.658,-2.167,-1302.866,-0.528,-715.495,2.222,449.852,-0.833,relaxed_wt_1_Y_210_W_rep2.pdb
-89.369,0.122,-1301.734,0.604,-717.153,0.564,449.368,-1.317,relaxed_wt_1_Y_263_D_rep5.pdb
-89.527,-0.036,-1301.533,0.805,-716.763,0.954,449.304,-1.381,relaxed_wt_1_Y_210_I_rep5.pdb
-90.176,-0.685,-1304.247,-1.909,-719.414,-1.697,451.293,0.608,relaxed_wt_1_Y_244_M_rep4.pdb
-89.459,0.032,-1296.149,6.189,-711.334,6.383,450.819,0.133,relaxed_wt_1_Y_206_D_rep5.pdb
-88.989,0.502,-1297.442,4.896,-712.946,4.771,449.12,-1.565,relaxed_wt_1_Y_243_D_rep4.pdb
-86.031,3.461,-1295.43,6.908,-714.706,3.01,451.305,0.62,relaxed_wt_1_Y_297_Q_rep4.pdb
-86.362,3.13,-1302.112,0.226,-721.075,-3.359,451.548,0.863,relaxed_wt_1_Y_270_C_rep2.pdb
-89.284,0.207,-1299.929,2.409,-714.673,3.044,450.689,0.004,relaxed_wt_1_Y_184_K_rep2.pdb
-85.222,4.27,-1297.723,4.615,-714.919,2.797,451.619,0.934,relaxed_wt_1_Y_132_K_rep2.pdb
-90.4,-0.909,-1301.684,0.654,-716.068,1.648,451.571,0.886,relaxed_wt_1_Y_267_A_rep4.pdb
-87.909,1.583,-1296.835,5.503,-713.601,4.116,449.64,-1.045,relaxed_wt_1_Y_261_P_rep2.pdb
-82.895,6.596,-1290.484,11.854,-711.771,5.945,450.836,0.151,relaxed_wt_1_Y_207_P_rep3.pdb
-90.07,-0.579,-1299.429,2.909,-713.935,3.782,451.264,0.579,relaxed_wt_1_Y_139_G_rep3.pdb
-89.413,0.079,-1304.201,-1.863,-719.574,-1.857,451.189,0.504,relaxed_wt_1_Y_271_Y_rep4.pdb
-92.004,-2.513,-1299.482,2.856,-712.669,5.048,451.218,0.533,relaxed_wt_1_Y_140_M_rep5.pdb
-86.869,2.623,-1298.05,4.288,-716.021,1.696,452.442,1.757,relaxed_wt_1_Y_296_G_rep2.pdb
-87.98,1.511,-1298.405,3.933,-715.629,2.088,450.725,0.04,relaxed_wt_1_Y_272_C_rep5.pdb
-82.816,6.676,-1292.87,9.468,-714.853,2.864,451.622,0.937,relaxed_wt_1_Y_272_R_rep2.pdb
-86.924,2.568,-1299.475,2.863,-716.429,1.288,450.343,-0.342,relaxed_wt_1_Y_263_R_rep5.pdb
-89.5,-0.009,-1307.939,-5.601,-723.224,-5.507,450.352,-0.333,relaxed_wt_1_Y_262_V_rep3.pdb
-86.687,2.804,-1297.044,5.294,-714.53,3.186,451.13,0.445,relaxed_wt_1_Y_136_Q_rep5.pdb
-89.606,-0.114,-1299.751,2.587,-713.659,4.058,448.785,-1.901,relaxed_wt_1_Y_133_M_rep2.pdb
-89.316,0.175,-1296.294,6.044,-711.565,6.151,450.67,-0.015,relaxed_wt_1_Y_206_D_rep4.pdb
-88.217,1.274,-1298.613,3.725,-714.715,3.001,451.382,0.697,relaxed_wt_1_Y_243_F_rep4.pdb
-89.453,0.039,-1300.072,2.266,-715.377,2.34,450.15,-0.535,relaxed_wt_1_Y_134_F_rep5.pdb
-89.428,0.064,-1300.804,1.534,-715.737,1.98,450.559,-0.126,relaxed_wt_1_Y_134_H_rep3.pdb
-87.512,1.98,-1298.322,4.016,-714.918,2.799,449.914,-0.771,relaxed_wt_1_Y_163_I_rep3.pdb
-87.552,1.94,-1298.898,3.44,-716.158,1.558,449.305,-1.38,relaxed_wt_1_Y_164_A_rep4.pdb
-88.22,1.272,-1304.256,-1.918,-720.814,-3.097,450.143,-0.542,relaxed_wt_1_Y_264_I_rep4.pdb
-88.81,0.682,-1297.793,4.545,-714.489,3.228,451.929,1.243,relaxed_wt_1_Y_138_W_rep4.pdb
-89.479,0.013,-1301.854,0.484,-717.164,0.553,449.366,-1.319,relaxed_wt_1_Y_243_V_rep5.pdb
-90.821,-1.329,-1303.576,-1.238,-717.579,0.137,450.703,0.018,relaxed_wt_1_Y_260_W_rep3.pdb
-89.756,-0.264,-1301.902,0.436,-717.213,0.504,449.721,-0.964,relaxed_wt_1_Y_296_T_rep2.pdb
-86.818,2.674,-1297.654,4.684,-715.686,2.031,449.89,-0.795,relaxed_wt_1_Y_136_V_rep2.pdb
-86.037,3.455,-1295.275,7.063,-713.963,3.754,450.105,-0.58,relaxed_wt_1_Y_205_S_rep3.pdb
-89.631,-0.139,-1301.779,0.559,-716.081,1.636,449.118,-1.567,relaxed_wt_1_Y_164_L_rep5.pdb
-89.112,0.379,-1296.647,5.691,-712.31,5.407,451.598,0.913,relaxed_wt_1_Y_135_S_rep1.pdb
-89.378,0.114,-1302.843,-0.506,-718.027,-0.31,449.651,-1.034,relaxed_wt_1_Y_187_S_rep2.pdb
-89.679,-0.187,-1301.763,0.575,-716.835,0.882,450.978,0.293,relaxed_wt_1_Y_259_Y_rep4.pdb
-88.642,0.849,-1302.747,-0.409,-718.815,-1.098,449.874,-0.812,relaxed_wt_1_Y_187_E_rep3.pdb
-87.138,2.354,-1299.586,2.751,-717.248,0.468,450.748,0.063,relaxed_wt_1_Y_242_N_rep4.pdb
-86.951,2.54,-1299.382,2.956,-717.433,0.284,451.61,0.925,relaxed_wt_1_Y_209_S_rep2.pdb
-86.891,2.601,-1298.324,4.014,-716.125,1.592,448.998,-1.687,relaxed_wt_1_Y_297_D_rep4.pdb
-89.297,0.195,-1303.55,-1.212,-718.944,-1.227,450.594,-0.091,relaxed_wt_1_Y_187_C_rep5.pdb
-88.984,0.507,-1304.587,-2.249,-720.331,-2.615,450.296,-0.389,relaxed_wt_1_Y_298_K_rep1.pdb
-82.816,6.675,-1292.804,9.534,-714.658,3.059,449.298,-1.387,relaxed_wt_1_Y_138_S_rep1.pdb
-89.962,-0.471,-1298.626,3.712,-713.138,4.579,451.065,0.38,relaxed_wt_1_Y_184_C_rep5.pdb
-83.67,5.821,-1294.592,7.746,-715.328,2.389,450.551,-0.134,relaxed_wt_1_Y_138_N_rep5.pdb
-87.69,1.801,-1299.919,2.419,-715.845,1.872,451.184,0.499,relaxed_wt_1_Y_164_Q_rep1.pdb
-89.421,0.071,-1302.89,-0.552,-718.312,-0.595,450.638,-0.047,relaxed_wt_1_Y_162_V_rep3.pdb
-89.156,0.336,-1296.429,5.909,-711.905,5.812,450.402,-0.283,relaxed_wt_1_Y_206_S_rep3.pdb
-89.075,0.417,-1301.734,0.604,-717.001,0.716,449.936,-0.749,relaxed_wt_1_Y_244_D_rep5.pdb
-87.118,2.373,-1299.923,2.415,-717.278,0.438,450.201,-0.484,relaxed_wt_1_Y_263_F_rep5.pdb
-86.894,2.597,-1295.441,6.897,-713.548,4.169,450.938,0.253,relaxed_wt_1_Y_205_E_rep2.pdb
-86.103,3.388,-1293.599,8.739,-712.122,5.595,449.379,-1.306,relaxed_wt_1_Y_205_S_rep5.pdb
-90.26,-0.768,-1300.202,2.136,-714.783,2.934,450.908,0.223,relaxed_wt_1_Y_139_H_rep4.pdb
-85.905,3.587,-1298.899,3.439,-718.328,-0.611,451.163,0.478,relaxed_wt_1_Y_297_K_rep5.pdb
-89.063,0.429,-1299.029,3.309,-714.4,3.317,450.229,-0.457,relaxed_wt_1_Y_296_C_rep5.pdb
-88.752,0.74,-1299.821,2.517,-715.748,1.968,450.884,0.199,relaxed_wt_1_Y_206_L_rep2.pdb
-89.579,-0.088,-1302.511,-0.173,-717.213,0.504,449.202,-1.483,relaxed_wt_1_Y_259_T_rep2.pdb
-90.54,-1.048,-1303.702,-1.364,-718.015,-0.298,451.051,0.366,relaxed_wt_1_Y_267_F_rep1.pdb
-85.589,3.902,-1300.094,2.244,-718.785,-1.068,449.386,-1.299,relaxed_wt_1_Y_268_D_rep2.pdb
-89.852,-0.361,-1304.81,-2.472,-719.714,-1.997,449.335,-1.35,relaxed_wt_1_Y_298_E_rep1.pdb
-88.096,1.396,-1301.346,0.992,-718.661,-0.944,448.631,-2.054,relaxed_wt_1_Y_184_N_rep5.pdb
-89.716,-0.225,-1297.726,4.612,-712.786,4.931,450.661,-0.025,relaxed_wt_1_Y_265_R_rep1.pdb
-88.822,0.669,-1287.607,14.731,-703.555,14.162,450.153,-0.532,relaxed_wt_1_Y_206_K_rep5.pdb
-87.451,2.041,-1302.184,0.154,-720.029,-2.312,450.312,-0.373,relaxed_wt_1_Y_186_K_rep1.pdb
-90.375,-0.883,-1302.29,0.048,-716.286,1.431,449.747,-0.938,relaxed_wt_1_Y_139_Q_rep4.pdb
-87.338,2.153,-1292.066,10.272,-710.14,7.577,451.171,0.486,relaxed_wt_1_Y_241_I_rep4.pdb
-89.837,-0.345,-1297.498,4.84,-712.44,5.277,451.192,0.506,relaxed_wt_1_Y_265_S_rep5.pdb
-87.357,2.135,-1296.766,5.572,-713.477,4.24,450.392,-0.293,relaxed_wt_1_Y_242_M_rep3.pdb
-90.203,-0.711,-1301.976,0.362,-716.598,1.119,449.058,-1.628,relaxed_wt_1_Y_210_F_rep4.pdb
-87.755,1.737,-1294.74,7.598,-711.214,6.503,449.876,-0.809,relaxed_wt_1_Y_206_M_rep2.pdb
-88.943,0.548,-1301.663,0.675,-716.805,0.912,449.534,-1.151,relaxed_wt_1_Y_132_S_rep4.pdb
-89.917,-0.425,-1301.144,1.194,-715.821,1.896,449.245,-1.44,relaxed_wt_1_Y_139_Q_rep5.pdb
-88.792,0.699,-1298.738,3.6,-714.623,3.094,450.895,0.21,relaxed_wt_1_Y_132_T_rep2.pdb
-90.108,-0.616,-1301.29,1.048,-716.044,1.672,451.682,0.997,relaxed_wt_1_Y_261_L_rep4.pdb
-87.282,2.21,-1291.334,11.004,-708.592,9.125,450.603,-0.082,relaxed_wt_1_Y_133_P_rep4.pdb
-88.053,1.438,-1297.488,4.85,-713.97,3.747,449.905,-0.78,relaxed_wt_1_Y_210_P_rep5.pdb
-85.458,4.033,-1298.69,3.648,-716.314,1.403,450.615,-0.07,relaxed_wt_1_Y_262_Q_rep2.pdb
-85.596,3.896,-1301.594,0.744,-720.887,-3.17,449.508,-1.177,relaxed_wt_1_Y_268_N_rep5.pdb
-89.055,0.436,-1304.009,-1.671,-720.11,-2.394,452.481,1.796,relaxed_wt_1_Y_187_I_rep4.pdb
-85.516,3.976,-1301.757,0.581,-721.071,-3.354,449.456,-1.229,relaxed_wt_1_Y_268_N_rep1.pdb
-82.688,6.804,-1293.954,8.383,-715.709,2.008,451.137,0.452,relaxed_wt_1_Y_138_D_rep4.pdb
-91.206,-1.715,-1302.934,-0.596,-716.703,1.014,450.855,0.17,relaxed_wt_1_Y_242_I_rep3.pdb
-90.224,-0.733,-1301.943,0.394,-716.532,1.185,449.48,-1.205,relaxed_wt_1_Y_210_F_rep2.pdb
-84.641,4.851,-1294.667,7.671,-714.729,2.988,449.439,-1.246,relaxed_wt_1_Y_268_W_rep2.pdb
-89.457,0.035,-1301.937,0.401,-717.258,0.459,450.678,-0.007,relaxed_wt_1_Y_245_F_rep1.pdb
-89.065,0.426,-1298.444,3.893,-714.007,3.71,449.318,-1.367,relaxed_wt_1_Y_206_C_rep4.pdb
-89.371,0.12,-1301.007,1.331,-716.423,1.294,450.574,-0.111,relaxed_wt_1_Y_134_Y_rep2.pdb
-88.878,0.614,-1302.766,-0.428,-718.821,-1.104,450.572,-0.113,relaxed_wt_1_Y_266_E_rep1.pdb
-88.978,0.514,-1292.311,10.027,-707.74,9.977,448.624,-2.061,relaxed_wt_1_Y_135_D_rep2.pdb
-89.153,0.339,-1303.247,-0.909,-718.779,-1.062,449.393,-1.292,relaxed_wt_1_Y_266_R_rep3.pdb
-83.368,6.124,-1302.798,-0.46,-723.64,-5.924,451.254,0.569,relaxed_wt_1_Y_297_H_rep2.pdb
-87.856,1.636,-1293.881,8.457,-710.837,6.88,450.686,0.001,relaxed_wt_1_Y_245_A_rep4.pdb
-88.006,1.485,-1301.135,1.203,-717.887,-0.171,450.351,-0.334,relaxed_wt_1_Y_260_L_rep2.pdb
-83.396,6.096,-1278.77,23.568,-700.361,17.355,449.471,-1.214,relaxed_wt_1_Y_243_W_rep5.pdb
-87.889,1.603,-1297.989,4.349,-713.303,4.413,451.432,0.747,relaxed_wt_1_Y_132_M_rep3.pdb
-88.594,0.897,-1307.377,-5.039,-723.813,-6.097,452.964,2.279,relaxed_wt_1_Y_298_Y_rep2.pdb
-87.115,2.377,-1297.691,4.647,-715.277,2.439,449.395,-1.29,relaxed_wt_1_Y_242_A_rep5.pdb
-87.279,2.213,-1302.612,-0.274,-719.33,-1.614,450.708,0.023,relaxed_wt_1_Y_297_N_rep3.pdb
-86.499,2.992,-1301.201,1.137,-719.545,-1.828,451.325,0.639,relaxed_wt_1_Y_268_H_rep2.pdb
-87.065,2.427,-1298.178,4.16,-716.021,1.695,448.992,-1.693,relaxed_wt_1_Y_163_M_rep5.pdb
-81.491,8.001,-1294.092,8.246,-715.413,2.304,450.147,-0.538,relaxed_wt_1_Y_209_R_rep4.pdb
-88.682,0.809,-1298.615,3.723,-714.658,3.059,450.989,0.304,relaxed_wt_1_Y_185_C_rep1.pdb
-89.128,0.364,-1300.569,1.769,-716.338,1.379,450.775,0.089,relaxed_wt_1_Y_207_L_rep5.pdb
-91.058,-1.566,-1298.478,3.86,-711.98,5.737,450.665,-0.02,relaxed_wt_1_Y_260_R_rep4.pdb
-90.427,-0.935,-1303.137,-0.799,-717.479,0.238,449.681,-1.004,relaxed_wt_1_Y_139_V_rep4.pdb
-88.193,1.299,-1297.157,5.181,-711.884,5.832,450.079,-0.606,relaxed_wt_1_Y_140_R_rep3.pdb
-89.611,-0.12,-1302.146,0.191,-717.282,0.434,450.371,-0.314,relaxed_wt_1_Y_259_Y_rep3.pdb
-87.592,1.9,-1299.491,2.847,-716.698,1.019,450.406,-0.28,relaxed_wt_1_Y_263_N_rep1.pdb
-89.633,-0.141,-1303.359,-1.021,-718.524,-0.808,450.843,0.158,relaxed_wt_1_Y_261_Y_rep1.pdb
-86.466,3.025,-1301.526,0.812,-719.299,-1.583,451.064,0.379,relaxed_wt_1_Y_263_V_rep3.pdb
-89.386,0.105,-1298.762,3.576,-713.768,3.948,450.244,-0.441,relaxed_wt_1_Y_134_M_rep5.pdb
-89.664,-0.172,-1305.454,-3.116,-720.887,-3.17,450.883,0.198,relaxed_wt_1_Y_244_E_rep2.pdb
-87.198,2.294,-1294.995,7.343,-712.659,5.058,449.021,-1.665,relaxed_wt_1_Y_205_A_rep2.pdb
-88.089,1.403,-1299.59,2.748,-714.826,2.891,449.187,-1.499,relaxed_wt_1_Y_210_R_rep5.pdb
-91.95,-2.458,-1302.543,-0.205,-715.706,2.011,451.662,0.977,relaxed_wt_1_Y_244_W_rep5.pdb
-89.849,-0.358,-1299.595,2.743,-714.221,3.495,451.033,0.348,relaxed_wt_1_Y_184_V_rep2.pdb
-88.362,1.129,-1300.253,2.085,-716.466,1.251,449.729,-0.956,relaxed_wt_1_Y_134_I_rep1.pdb
-89.478,0.014,-1304.658,-2.32,-719.843,-2.126,450.625,-0.06,relaxed_wt_1_Y_208_T_rep2.pdb
-88.777,0.714,-1295.739,6.599,-711.801,5.915,450.589,-0.096,relaxed_wt_1_Y_260_G_rep2.pdb
-85.946,3.545,-1289.623,12.715,-708.612,9.104,451.666,0.981,relaxed_wt_1_Y_272_F_rep5.pdb
-88.139,1.353,-1299.331,3.007,-716.258,1.459,450.735,0.05,relaxed_wt_1_Y_296_K_rep3.pdb
-87.922,1.569,-1297.427,4.911,-714.056,3.661,449.918,-0.767,relaxed_wt_1_Y_210_P_rep3.pdb
-90.496,-1.004,-1301.671,0.667,-716.041,1.676,450.201,-0.484,relaxed_wt_1_Y_139_W_rep2.pdb
-89.513,-0.021,-1301.174,1.164,-716.439,1.277,449.085,-1.6,relaxed_wt_1_Y_259_H_rep1.pdb
-87.768,1.724,-1301.182,1.156,-718.022,-0.305,448.951,-1.734,relaxed_wt_1_Y_264_Y_rep1.pdb
-82.275,7.216,-1279.001,23.337,-700.712,17.005,450.129,-0.556,relaxed_wt_1_Y_136_P_rep3.pdb
-89.458,0.034,-1299.627,2.711,-715.137,2.58,451.592,0.907,relaxed_wt_1_Y_298_M_rep2.pdb
-90.059,-0.568,-1303.056,-0.718,-717.784,-0.068,450.821,0.136,relaxed_wt_1_Y_209_V_rep4.pdb
-89.048,0.443,-1300.359,1.979,-716.103,1.614,450.796,0.111,relaxed_wt_1_Y_135_I_rep1.pdb
-89.065,0.427,-1298.201,4.137,-713.739,3.978,449.618,-1.067,relaxed_wt_1_Y_206_C_rep2.pdb
-87.445,2.046,-1302.1,0.238,-719.491,-1.774,451.489,0.804,relaxed_wt_1_Y_296_D_rep5.pdb
-88.625,0.867,-1307.658,-5.32,-723.763,-6.046,449.934,-0.751,relaxed_wt_1_Y_271_K_rep3.pdb
-88.513,0.978,-1301.238,1.1,-716.924,0.793,451.71,1.025,relaxed_wt_1_Y_270_W_rep3.pdb
-87.504,1.988,-1295.448,6.89,-712.74,4.977,449.313,-1.372,relaxed_wt_1_Y_164_G_rep2.pdb
-87.986,1.505,-1301.733,0.605,-718.7,-0.983,452.195,1.51,relaxed_wt_1_Y_298_W_rep3.pdb
-89.339,0.152,-1302.644,-0.306,-718.135,-0.419,450.711,0.026,relaxed_wt_1_Y_266_K_rep1.pdb
-89.081,0.411,-1302.311,0.027,-717.569,0.148,449.683,-1.002,relaxed_wt_1_Y_266_C_rep3.pdb
-87.176,2.316,-1296.17,6.168,-713.857,3.859,451.195,0.51,relaxed_wt_1_Y_262_G_rep2.pdb
-89.43,0.062,-1298.869,3.469,-714.123,3.594,451.008,0.323,relaxed_wt_1_Y_137_Y_rep5.pdb
-89.407,0.085,-1301.853,0.485,-717.225,0.492,449.928,-0.757,relaxed_wt_1_Y_208_R_rep2.pdb
-87.98,1.511,-1303.759,-1.421,-720.529,-2.813,452.13,1.445,relaxed_wt_1_Y_271_G_rep2.pdb
-87.404,2.087,-1301.816,0.522,-719.232,-1.516,450.766,0.08,relaxed_wt_1_Y_270_T_rep5.pdb
-83.179,6.313,-1298.954,3.384,-720.015,-2.299,449.379,-1.307,relaxed_wt_1_Y_262_Y_rep2.pdb
-90.71,-1.219,-1302.066,0.272,-715.681,2.036,449.596,-1.09,relaxed_wt_1_Y_164_R_rep4.pdb
-89.263,0.229,-1298.02,4.318,-713.206,4.511,450.952,0.267,relaxed_wt_1_Y_186_C_rep2.pdb
-88.166,1.326,-1308.119,-5.781,-724.678,-6.961,449.378,-1.307,relaxed_wt_1_Y_271_S_rep2.pdb
-89.283,0.209,-1296.747,5.591,-712.16,5.557,448.886,-1.799,relaxed_wt_1_Y_206_S_rep2.pdb
-88.217,1.275,-1302.645,-0.307,-719.419,-1.702,450.199,-0.487,relaxed_wt_1_Y_263_Y_rep3.pdb
-86.773,2.718,-1306.173,-3.835,-724.198,-6.481,449.237,-1.448,relaxed_wt_1_Y_264_V_rep2.pdb
-87.878,1.613,-1296.67,5.668,-713.587,4.13,450.387,-0.298,relaxed_wt_1_Y_245_T_rep2.pdb
-83.308,6.184,-1288.683,13.655,-709.503,8.214,449.766,-0.919,relaxed_wt_1_Y_207_P_rep4.pdb
-89.422,0.07,-1303.799,-1.461,-719.22,-1.503,449.316,-1.369,relaxed_wt_1_Y_266_V_rep4.pdb
-89.835,-0.343,-1297.445,4.893,-712.379,5.338,449.578,-1.107,relaxed_wt_1_Y_265_T_rep3.pdb
-89.524,-0.032,-1290.951,11.387,-706.458,11.259,449.757,-0.928,relaxed_wt_1_Y_245_K_rep3.pdb
-83.92,5.572,-1296.241,6.097,-717.21,0.507,449.649,-1.036,relaxed_wt_1_Y_262_R_rep5.pdb
-89.659,-0.167,-1298.888,3.45,-714.006,3.711,451.172,0.487,relaxed_wt_1_Y_265_I_rep5.pdb
-88.075,1.416,-1300.803,1.535,-717.563,0.154,448.329,-2.356,relaxed_wt_1_Y_296_I_rep2.pdb
-89.195,0.296,-1305.686,-3.349,-720.836,-3.119,450.945,0.26,relaxed_wt_1_Y_261_Q_rep3.pdb
-90.312,-0.821,-1305.624,-3.286,-720.541,-2.824,451.497,0.812,relaxed_wt_1_Y_244_I_rep2.pdb
-86.956,2.535,-1299.515,2.823,-717.526,0.191,450.653,-0.032,relaxed_wt_1_Y_209_S_rep4.pdb
-89.473,0.019,-1301.811,0.527,-717.116,0.601,450.669,-0.016,relaxed_wt_1_Y_262_T_rep2.pdb
-85.145,4.346,-1293.233,9.105,-712.892,4.825,451.04,0.355,relaxed_wt_1_Y_262_W_rep1.pdb
-88.399,1.093,-1302.155,0.183,-719.034,-1.317,452.604,1.918,relaxed_wt_1_Y_162_V_rep1.pdb
-91.017,-1.525,-1302.805,-0.467,-717.13,0.587,451.088,0.403,relaxed_wt_1_Y_244_C_rep3.pdb
-89.429,0.062,-1300.936,1.402,-716.277,1.44,450.394,-0.291,relaxed_wt_1_Y_134_E_rep1.pdb
-87.976,1.516,-1300.379,1.959,-716.821,0.896,452.074,1.389,relaxed_wt_1_Y_132_N_rep4.pdb
-89.111,0.381,-1306.765,-4.427,-722.411,-4.694,450.391,-0.294,relaxed_wt_1_Y_271_N_rep2.pdb
-89.732,-0.24,-1303.027,-0.689,-717.425,0.292,449.61,-1.075,relaxed_wt_1_Y_139_A_rep4.pdb
-82.692,6.799,-1292.876,9.462,-714.703,3.014,449.657,-1.028,relaxed_wt_1_Y_138_A_rep5.pdb
-87.205,2.287,-1265.56,36.778,-682.811,34.906,451.437,0.752,relaxed_wt_1_Y_135_P_rep5.pdb
-87.151,2.341,-1295.248,7.09,-712.52,5.197,449.802,-0.884,relaxed_wt_1_Y_205_A_rep5.pdb
-87.463,2.028,-1299.969,2.369,-718.102,-0.385,453.074,2.389,relaxed_wt_1_Y_244_Y_rep4.pdb
-88.084,1.408,-1300.129,2.209,-716.916,0.801,450.139,-0.546,relaxed_wt_1_Y_270_A_rep3.pdb
-89.545,-0.053,-1303.22,-0.882,-718.314,-0.597,451.147,0.462,relaxed_wt_1_Y_208_Q_rep5.pdb
-89.331,0.16,-1300.742,1.596,-716.385,1.332,450.614,-0.072,relaxed_wt_1_Y_209_C_rep3.pdb
-81.517,7.975,-1292.755,9.583,-716.094,1.622,451.215,0.53,relaxed_wt_1_Y_138_D_rep1.pdb
-88.707,0.785,-1297.572,4.766,-713.601,4.116,451.797,1.112,relaxed_wt_1_Y_139_Y_rep4.pdb
-88.471,1.02,-1298.225,4.113,-715.04,2.677,450.678,-0.007,relaxed_wt_1_Y_134_T_rep2.pdb
-88.863,0.628,-1308.874,-6.536,-724.829,-7.112,450.987,0.302,relaxed_wt_1_Y_271_V_rep3.pdb
-89.427,0.064,-1301.834,0.504,-717.199,0.518,449.342,-1.343,relaxed_wt_1_Y_272_I_rep2.pdb
-89.377,0.114,-1299.68,2.658,-715.104,2.613,449.349,-1.336,relaxed_wt_1_Y_134_R_rep1.pdb
-87.606,1.886,-1298.692,3.646,-715.785,1.931,451.228,0.543,relaxed_wt_1_Y_245_V_rep1.pdb
-88.47,1.021,-1308.762,-6.424,-725.002,-7.285,449.977,-0.708,relaxed_wt_1_Y_271_M_rep1.pdb
-87.79,1.702,-1299.886,2.452,-716.941,0.775,449.371,-1.314,relaxed_wt_1_Y_268_C_rep5.pdb
-84.963,4.528,-1297.83,4.508,-716.253,1.464,449.84,-0.845,relaxed_wt_1_Y_297_Y_rep3.pdb
-84.874,4.617,-1281.25,21.088,-700.974,16.743,450.736,0.051,relaxed_wt_1_Y_298_P_rep5.pdb
-89.729,-0.237,-1305.042,-2.704,-720.047,-2.33,449.873,-0.812,relaxed_wt_1_Y_208_M_rep5.pdb
-89.401,0.09,-1302.298,0.04,-717.696,0.021,450.374,-0.311,relaxed_wt_1_Y_241_E_rep3.pdb
-87.881,1.611,-1296.498,5.84,-713.515,4.202,451.935,1.25,relaxed_wt_1_Y_243_D_rep2.pdb
-88.572,0.919,-1304.648,-2.31,-720.694,-2.977,451.099,0.414,relaxed_wt_1_Y_243_M_rep1.pdb
-88.239,1.252,-1301.24,1.098,-717.892,-0.175,450.535,-0.15,relaxed_wt_1_Y_296_I_rep3.pdb
-86.928,2.563,-1298.458,3.88,-716.07,1.647,450.971,0.286,relaxed_wt_1_Y_163_I_rep4.pdb
-86.054,3.437,-1295.846,6.492,-714.254,3.463,451.084,0.399,relaxed_wt_1_Y_185_I_rep2.pdb
-88.59,0.902,-1298.311,4.027,-714.193,3.524,449.926,-0.759,relaxed_wt_1_Y_186_A_rep2.pdb
-87.426,2.065,-1301.108,1.23,-718.446,-0.73,451.456,0.771,relaxed_wt_1_Y_209_M_rep2.pdb
-88.402,1.09,-1307.588,-5.25,-723.903,-6.187,450.962,0.277,relaxed_wt_1_Y_271_K_rep1.pdb
-89.005,0.487,-1300.302,2.036,-715.997,1.72,449.885,-0.8,relaxed_wt_1_Y_245_P_rep1.pdb
-90.115,-0.623,-1299.155,3.183,-713.845,3.872,450.697,0.012,relaxed_wt_1_Y_261_C_rep1.pdb
-89.088,0.404,-1295.76,6.578,-711.455,6.261,449.436,-1.249,relaxed_wt_1_Y_135_H_rep1.pdb
-89.884,-0.392,-1304.595,-2.257,-719.525,-1.808,449.707,-0.978,relaxed_wt_1_Y_271_L_rep2.pdb
-88.888,0.603,-1282.203,20.135,-697.75,19.967,450.696,0.011,relaxed_wt_1_Y_186_P_rep4.pdb
-88.484,1.008,-1308.361,-6.023,-724.633,-6.916,451.029,0.344,relaxed_wt_1_Y_271_R_rep2.pdb
-87.965,1.527,-1298.801,3.537,-715.704,2.013,449.55,-1.135,relaxed_wt_1_Y_243_G_rep2.pdb
-87.508,1.983,-1301.734,0.604,-719.117,-1.4,449.602,-1.083,relaxed_wt_1_Y_296_D_rep1.pdb
-88.963,0.529,-1302.891,-0.553,-718.679,-0.962,449.67,-1.015,relaxed_wt_1_Y_135_Y_rep1.pdb
-87.966,1.525,-1301.518,0.82,-718.497,-0.78,451.569,0.884,relaxed_wt_1_Y_261_W_rep2.pdb
-87.625,1.867,-1299.7,2.638,-716.886,0.831,450.66,-0.025,relaxed_wt_1_Y_164_T_rep3.pdb
-88.212,1.279,-1298.492,3.846,-713.541,4.175,450.842,0.157,relaxed_wt_1_Y_132_M_rep1.pdb
-89.197,0.294,-1298.005,4.333,-712.592,5.125,449.376,-1.309,relaxed_wt_1_Y_184_Y_rep3.pdb
-89.361,0.131,-1299.919,2.418,-715.33,2.387,448.912,-1.773,relaxed_wt_1_Y_210_E_rep1.pdb
-89.477,0.015,-1302.441,-0.103,-717.748,-0.031,450.639,-0.046,relaxed_wt_1_Y_186_R_rep3.pdb
-86.423,3.069,-1299.459,2.879,-717.184,0.532,450.318,-0.367,relaxed_wt_1_Y_185_T_rep5.pdb
-88.779,0.713,-1296.679,5.659,-712.41,5.306,449.333,-1.352,relaxed_wt_1_Y_185_I_rep5.pdb
-88.298,1.194,-1300.124,2.214,-716.152,1.564,449.658,-1.027,relaxed_wt_1_Y_186_Q_rep5.pdb
-89.599,-0.107,-1302.209,0.129,-717.327,0.39,450.656,-0.03,relaxed_wt_1_Y_259_T_rep1.pdb
-86.559,2.933,-1296.119,6.219,-714.35,3.367,449.812,-0.873,relaxed_wt_1_Y_297_P_rep3.pdb
-82.071,7.42,-1289.071,13.267,-711.943,5.774,455.065,4.38,relaxed_wt_1_Y_241_W_rep1.pdb
-89.429,0.063,-1302.339,-0.001,-717.72,-0.003,450.967,0.282,relaxed_wt_1_Y_268_M_rep4.pdb
-88.413,1.078,-1299.967,2.37,-715.87,1.847,450.985,0.3,relaxed_wt_1_Y_186_Q_rep2.pdb
-87.606,1.885,-1298.665,3.673,-715.797,1.919,449.002,-1.683,relaxed_wt_1_Y_245_V_rep2.pdb
-91.162,-1.67,-1307.418,-5.08,-721.725,-4.008,451.537,0.852,relaxed_wt_1_Y_298_D_rep1.pdb
-85.018,4.473,-1290.538,11.8,-709.749,7.968,450.395,-0.29,relaxed_wt_1_Y_272_Y_rep3.pdb
-83.829,5.662,-1282.191,20.147,-702.851,14.866,448.952,-1.733,relaxed_wt_1_Y_298_P_rep3.pdb
-88.485,1.006,-1298.41,3.928,-714.661,3.055,450.628,-0.057,relaxed_wt_1_Y_260_H_rep1.pdb
-85.684,3.807,-1299.905,2.433,-719.329,-1.612,451.434,0.749,relaxed_wt_1_Y_272_A_rep1.pdb
-83.515,5.976,-1293.428,8.91,-714.035,3.682,448.982,-1.703,relaxed_wt_1_Y_207_D_rep1.pdb
-89.183,0.309,-1298.089,4.249,-713.292,4.424,449.518,-1.167,relaxed_wt_1_Y_206_A_rep4.pdb
-89.392,0.1,-1299.52,2.818,-714.895,2.822,450.794,0.108,relaxed_wt_1_Y_137_Q_rep3.pdb
-87.748,1.744,-1301.57,0.768,-719.603,-1.886,450.592,-0.093,relaxed_wt_1_Y_296_Y_rep3.pdb
-88.982,0.509,-1302.485,-0.147,-718.308,-0.592,450.718,0.033,relaxed_wt_1_Y_205_W_rep1.pdb
-89.987,-0.495,-1302.559,-0.221,-717.495,0.222,449.484,-1.202,relaxed_wt_1_Y_209_V_rep1.pdb
-87.738,1.753,-1299.821,2.517,-716.711,1.006,449.422,-1.263,relaxed_wt_1_Y_185_N_rep3.pdb
-87.862,1.63,-1297.982,4.356,-714.509,3.207,451.363,0.678,relaxed_wt_1_Y_205_I_rep1.pdb
-82.233,7.259,-1297.11,5.228,-719.584,-1.868,449.771,-0.914,relaxed_wt_1_Y_262_Y_rep5.pdb
-89.507,-0.015,-1301.905,0.433,-716.216,1.501,450.096,-0.589,relaxed_wt_1_Y_164_L_rep3.pdb
-86.847,2.645,-1298.361,3.977,-716.168,1.549,448.974,-1.711,relaxed_wt_1_Y_297_D_rep2.pdb
-89.082,0.41,-1297.48,4.858,-712.549,5.168,448.544,-2.141,relaxed_wt_1_Y_133_W_rep2.pdb
-83.193,6.298,-1294.594,7.744,-714.417,3.3,450.364,-0.321,relaxed_wt_1_Y_242_H_rep1.pdb
-89.547,-0.055,-1298.837,3.501,-713.956,3.761,451.295,0.61,relaxed_wt_1_Y_137_H_rep5.pdb
-85.845,3.647,-1300.535,1.803,-719.732,-2.015,453.384,2.698,relaxed_wt_1_Y_242_L_rep1.pdb
-88.549,0.943,-1298.42,3.918,-714.644,3.072,450.473,-0.212,relaxed_wt_1_Y_164_M_rep4.pdb
-85.186,4.306,-1291.798,10.54,-711.332,6.385,450.046,-0.639,relaxed_wt_1_Y_242_G_rep3.pdb
-90.398,-0.906,-1304.669,-2.331,-719.228,-1.512,451.075,0.389,relaxed_wt_1_Y_244_Q_rep1.pdb
-89.715,-0.224,-1301.945,0.393,-717.249,0.468,450.995,0.31,relaxed_wt_1_Y_296_T_rep3.pdb
-87.277,2.215,-1300.01,2.328,-717.86,-0.143,451.341,0.655,relaxed_wt_1_Y_272_L_rep3.pdb
-87.697,1.795,-1300.179,2.159,-717.148,0.569,450.392,-0.293,relaxed_wt_1_Y_132_P_rep1.pdb
-87.857,1.635,-1300.151,2.187,-717.185,0.531,450.746,0.061,relaxed_wt_1_Y_243_H_rep4.pdb
-89.738,-0.246,-1303.487,-1.149,-718.208,-0.491,451.428,0.743,relaxed_wt_1_Y_243_T_rep1.pdb
-87.561,1.93,-1299.706,2.632,-716.869,0.848,450.602,-0.083,relaxed_wt_1_Y_297_S_rep1.pdb
-89.277,0.214,-1299.529,2.809,-714.954,2.763,449.665,-1.02,relaxed_wt_1_Y_134_S_rep4.pdb
-84.918,4.574,-1298.203,4.135,-716.458,1.259,449.916,-0.769,relaxed_wt_1_Y_262_E_rep2.pdb
-87.555,1.936,-1291.45,10.888,-708.82,8.897,449.554,-1.131,relaxed_wt_1_Y_245_E_rep1.pdb
-89.524,-0.033,-1299.995,2.343,-715.286,2.431,450.611,-0.074,relaxed_wt_1_Y_210_E_rep2.pdb
-85.785,3.706,-1291.795,10.543,-710.943,6.774,449.261,-1.424,relaxed_wt_1_Y_209_P_rep1.pdb
-89.742,-0.25,-1297.761,4.577,-712.8,4.917,448.619,-2.066,relaxed_wt_1_Y_265_R_rep3.pdb
-87.568,1.924,-1300.576,1.762,-717.916,-0.199,450.364,-0.321,relaxed_wt_1_Y_163_L_rep2.pdb
-87.605,1.887,-1298.691,3.647,-715.798,1.918,448.984,-1.701,relaxed_wt_1_Y_245_V_rep4.pdb
-84.507,4.985,-1295.471,6.867,-715.956,1.761,451.419,0.734,relaxed_wt_1_Y_185_L_rep3.pdb
-90.201,-0.71,-1301.945,0.393,-716.486,1.23,449.666,-1.02,relaxed_wt_1_Y_259_W_rep2.pdb
-88.342,1.149,-1295.974,6.364,-712.212,5.504,451.215,0.53,relaxed_wt_1_Y_272_N_rep3.pdb
-82.099,7.392,-1289.152,13.186,-711.972,5.745,456.078,5.393,relaxed_wt_1_Y_241_W_rep3.pdb
-88.576,0.916,-1300.15,2.188,-716.53,1.187,450.257,-0.429,relaxed_wt_1_Y_209_N_rep4.pdb
-90.871,-1.379,-1305.427,-3.089,-719.845,-2.128,450.649,-0.036,relaxed_wt_1_Y_244_A_rep5.pdb
-88.226,1.266,-1298.267,4.071,-714.625,3.092,450.685,-0.0,relaxed_wt_1_Y_260_L_rep1.pdb
-89.976,-0.484,-1298.598,3.74,-713.109,4.608,450.96,0.275,relaxed_wt_1_Y_184_C_rep1.pdb
-88.668,0.824,-1310.132,-7.794,-726.524,-8.808,450.388,-0.297,relaxed_wt_1_Y_268_A_rep3.pdb
-86.631,2.86,-1298.617,3.721,-716.541,1.176,448.969,-1.716,relaxed_wt_1_Y_207_C_rep1.pdb
-88.534,0.958,-1297.886,4.452,-714.38,3.337,451.962,1.277,relaxed_wt_1_Y_241_I_rep2.pdb
-83.343,6.149,-1297.762,4.576,-717.012,0.704,452.614,1.929,relaxed_wt_1_Y_262_F_rep2.pdb
-88.714,0.778,-1300.253,2.085,-715.99,1.727,450.629,-0.056,relaxed_wt_1_Y_133_L_rep4.pdb
-88.846,0.646,-1303.871,-1.533,-719.934,-2.218,450.673,-0.012,relaxed_wt_1_Y_262_I_rep5.pdb
-89.107,0.385,-1303.91,-1.572,-719.71,-1.993,450.477,-0.209,relaxed_wt_1_Y_268_Q_rep2.pdb
-89.795,-0.304,-1301.767,0.571,-716.217,1.5,450.723,0.038,relaxed_wt_1_Y_259_L_rep2.pdb
-89.75,-0.258,-1300.076,2.262,-714.974,2.743,450.099,-0.586,relaxed_wt_1_Y_139_G_rep1.pdb
-88.307,1.185,-1296.059,6.279,-712.999,4.718,451.898,1.213,relaxed_wt_1_Y_206_H_rep5.pdb
-86.639,2.852,-1296.419,5.919,-714.992,2.725,452.661,1.976,relaxed_wt_1_Y_245_T_rep3.pdb
-83.3,6.191,-1297.679,4.659,-717.032,0.685,449.682,-1.003,relaxed_wt_1_Y_262_F_rep4.pdb
-88.775,0.717,-1298.951,3.387,-714.585,3.132,449.653,-1.032,relaxed_wt_1_Y_184_M_rep4.pdb
-90.049,-0.558,-1301.275,1.063,-715.482,2.235,451.134,0.449,relaxed_wt_1_Y_259_L_rep3.pdb
-89.589,-0.097,-1301.586,0.752,-716.595,1.122,450.052,-0.633,relaxed_wt_1_Y_139_T_rep4.pdb
-89.394,0.098,-1301.332,1.006,-716.785,0.932,449.394,-1.291,relaxed_wt_1_Y_271_H_rep2.pdb
-88.107,1.385,-1299.816,2.522,-716.517,1.2,449.071,-1.614,relaxed_wt_1_Y_263_M_rep3.pdb
-88.476,1.016,-1296.44,5.898,-713.271,4.446,452.558,1.873,relaxed_wt_1_Y_137_T_rep2.pdb
-87.839,1.652,-1299.073,3.264,-715.095,2.622,448.823,-1.863,relaxed_wt_1_Y_260_C_rep1.pdb
-89.223,0.268,-1300.643,1.695,-716.162,1.555,451.109,0.424,relaxed_wt_1_Y_209_C_rep1.pdb
-86.975,2.516,-1299.104,3.234,-716.589,1.128,450.024,-0.661,relaxed_wt_1_Y_163_L_rep4.pdb
-89.293,0.198,-1301.645,0.693,-717.133,0.583,450.685,0.0,relaxed_wt_1_Y_266_N_rep4.pdb
-89.53,-0.038,-1301.103,1.234,-716.477,1.239,449.314,-1.371,relaxed_wt_1_Y_208_N_rep5.pdb
-87.322,2.169,-1300.121,2.216,-718.22,-0.503,450.984,0.299,relaxed_wt_1_Y_140_F_rep5.pdb
-88.677,0.815,-1300.28,2.058,-716.344,1.373,450.979,0.293,relaxed_wt_1_Y_242_T_rep2.pdb
-89.57,-0.078,-1298.602,3.736,-713.753,3.964,450.326,-0.36,relaxed_wt_1_Y_265_K_rep1.pdb
-89.466,0.025,-1298.691,3.647,-713.476,4.24,449.445,-1.24,relaxed_wt_1_Y_137_D_rep5.pdb
-87.785,1.707,-1304.035,-1.697,-721.188,-3.471,449.856,-0.829,relaxed_wt_1_Y_270_V_rep5.pdb
-89.412,0.079,-1299.342,2.996,-714.784,2.933,449.386,-1.299,relaxed_wt_1_Y_210_C_rep2.pdb
-89.273,0.219,-1304.581,-2.243,-720.041,-2.324,450.367,-0.318,relaxed_wt_1_Y_261_Q_rep2.pdb
-89.365,0.126,-1300.971,1.367,-716.417,1.299,450.687,0.002,relaxed_wt_1_Y_267_R_rep1.pdb
-87.907,1.584,-1309.272,-6.934,-726.081,-8.364,450.169,-0.516,relaxed_wt_1_Y_271_A_rep5.pdb
-84.431,5.061,-1290.33,12.008,-710.638,7.078,450.656,-0.03,relaxed_wt_1_Y_207_W_rep5.pdb
-89.143,0.348,-1297.888,4.45,-713.573,4.144,450.751,0.066,relaxed_wt_1_Y_135_N_rep1.pdb
-89.289,0.203,-1302.205,0.133,-717.246,0.471,449.2,-1.485,relaxed_wt_1_Y_296_S_rep3.pdb
-89.195,0.297,-1295.975,6.363,-711.606,6.111,450.75,0.065,relaxed_wt_1_Y_135_S_rep4.pdb
-88.813,0.679,-1298.784,3.554,-713.753,3.964,449.307,-1.379,relaxed_wt_1_Y_184_Y_rep4.pdb
-88.841,0.651,-1304.05,-1.713,-720.081,-2.364,450.636,-0.05,relaxed_wt_1_Y_262_I_rep2.pdb
-88.788,0.703,-1294.392,7.946,-710.555,7.162,450.965,0.28,relaxed_wt_1_Y_241_V_rep4.pdb
-88.547,0.945,-1296.045,6.293,-712.291,5.426,450.603,-0.082,relaxed_wt_1_Y_272_N_rep1.pdb
-89.506,-0.015,-1299.403,2.935,-714.577,3.14,450.826,0.141,relaxed_wt_1_Y_139_R_rep4.pdb
-86.68,2.812,-1301.505,0.833,-720.25,-2.533,450.163,-0.522,relaxed_wt_1_Y_140_Y_rep3.pdb
-90.044,-0.552,-1299.567,2.771,-714.325,3.391,449.629,-1.056,relaxed_wt_1_Y_261_C_rep4.pdb
-89.104,0.388,-1301.358,0.98,-716.979,0.738,449.915,-0.77,relaxed_wt_1_Y_162_N_rep5.pdb
-88.069,1.422,-1313.091,-10.753,-729.46,-11.743,449.316,-1.369,relaxed_wt_1_Y_298_T_rep2.pdb
-89.158,0.333,-1303.178,-0.84,-718.779,-1.062,450.658,-0.027,relaxed_wt_1_Y_298_Q_rep2.pdb
-89.542,-0.05,-1300.185,2.153,-713.659,4.058,449.344,-1.341,relaxed_wt_1_Y_133_M_rep3.pdb
-89.465,0.026,-1302.68,-0.342,-717.888,-0.171,451.661,0.976,relaxed_wt_1_Y_137_L_rep2.pdb
-88.294,1.197,-1300.236,2.102,-717.74,-0.023,450.526,-0.159,relaxed_wt_1_Y_296_H_rep2.pdb
-88.509,0.983,-1299.294,3.044,-716.074,1.642,450.371,-0.314,relaxed_wt_1_Y_134_F_rep3.pdb
-88.782,0.71,-1297.758,4.58,-714.48,3.237,451.396,0.711,relaxed_wt_1_Y_138_W_rep5.pdb
-90.006,-0.514,-1301.52,0.817,-715.925,1.792,451.94,1.255,relaxed_wt_1_Y_186_L_rep4.pdb
-84.544,4.948,-1298.521,3.817,-717.597,0.12,449.931,-0.754,relaxed_wt_1_Y_297_Y_rep2.pdb
-84.513,4.979,-1297.147,5.191,-716.445,1.271,450.661,-0.024,relaxed_wt_1_Y_264_R_rep1.pdb
-88.119,1.372,-1297.467,4.871,-713.902,3.814,450.246,-0.439,relaxed_wt_1_Y_210_P_rep1.pdb
-86.253,3.238,-1296.13,6.208,-713.66,4.057,450.798,0.113,relaxed_wt_1_Y_185_H_rep3.pdb
-89.065,0.427,-1299.69,2.648,-715.206,2.511,449.351,-1.334,relaxed_wt_1_Y_164_C_rep4.pdb
-84.693,4.799,-1294.698,7.639,-714.542,3.174,449.115,-1.57,relaxed_wt_1_Y_243_P_rep2.pdb
-86.86,2.631,-1299.602,2.736,-717.481,0.236,449.377,-1.308,relaxed_wt_1_Y_272_S_rep5.pdb
-89.516,-0.024,-1301.17,1.168,-716.308,1.409,449.594,-1.092,relaxed_wt_1_Y_208_C_rep5.pdb
-88.414,1.078,-1298.351,3.987,-714.692,3.025,450.613,-0.072,relaxed_wt_1_Y_272_M_rep4.pdb
-87.632,1.86,-1301.913,0.425,-719.364,-1.648,450.375,-0.311,relaxed_wt_1_Y_140_N_rep4.pdb
-86.637,2.854,-1296.038,6.299,-714.172,3.545,450.222,-0.463,relaxed_wt_1_Y_297_P_rep2.pdb
-88.539,0.953,-1300.631,1.707,-716.363,1.354,450.828,0.143,relaxed_wt_1_Y_133_L_rep2.pdb
-82.186,7.305,-1293.642,8.696,-715.241,2.475,451.941,1.256,relaxed_wt_1_Y_138_E_rep4.pdb
-89.065,0.427,-1300.224,2.114,-715.427,2.29,450.27,-0.415,relaxed_wt_1_Y_135_V_rep4.pdb
-81.194,8.297,-1291.81,10.528,-713.063,4.654,452.218,1.533,relaxed_wt_1_Y_209_K_rep3.pdb
-88.936,0.555,-1292.465,9.873,-708.355,9.362,450.049,-0.636,relaxed_wt_1_Y_135_D_rep3.pdb
-85.366,4.126,-1297.752,4.586,-715.758,1.959,449.743,-0.942,relaxed_wt_1_Y_262_Q_rep4.pdb
-87.8,1.691,-1301.063,1.275,-717.679,0.037,449.96,-0.725,relaxed_wt_1_Y_163_Q_rep1.pdb
-82.937,6.554,-1293.275,9.063,-714.932,2.785,449.694,-0.991,relaxed_wt_1_Y_138_P_rep2.pdb
-89.493,-0.002,-1298.286,4.052,-712.925,4.792,450.301,-0.384,relaxed_wt_1_Y_260_M_rep3.pdb
-88.744,0.748,-1295.674,6.664,-711.751,5.966,450.667,-0.019,relaxed_wt_1_Y_260_G_rep4.pdb
-87.059,2.433,-1298.899,3.439,-716.524,1.193,448.653,-2.032,relaxed_wt_1_Y_263_G_rep4.pdb
-90.51,-1.018,-1303.801,-1.463,-718.159,-0.442,450.085,-0.6,relaxed_wt_1_Y_267_F_rep2.pdb
-87.448,2.044,-1296.982,5.356,-714.702,3.015,451.33,0.645,relaxed_wt_1_Y_260_T_rep2.pdb
-88.762,0.729,-1303.793,-1.455,-719.655,-1.938,450.679,-0.007,relaxed_wt_1_Y_138_Y_rep3.pdb
-89.025,0.467,-1301.31,1.028,-716.992,0.725,451.407,0.722,relaxed_wt_1_Y_162_A_rep2.pdb
-89.463,0.028,-1301.866,0.472,-717.167,0.55,450.677,-0.008,relaxed_wt_1_Y_262_T_rep4.pdb
-85.015,4.477,-1294.138,8.2,-713.645,4.071,449.68,-1.005,relaxed_wt_1_Y_243_P_rep4.pdb
-89.682,-0.191,-1298.836,3.502,-713.947,3.769,450.654,-0.032,relaxed_wt_1_Y_265_I_rep2.pdb
-89.441,0.05,-1302.275,0.063,-717.648,0.069,449.37,-1.315,relaxed_wt_1_Y_206_V_rep1.pdb
-89.447,0.044,-1302.447,-0.109,-717.82,-0.104,450.685,0.0,relaxed_wt_1_Y_261_V_rep2.pdb
-88.056,1.435,-1299.8,2.538,-716.563,1.154,450.415,-0.27,relaxed_wt_1_Y_263_M_rep1.pdb
-89.45,0.041,-1301.936,0.402,-717.246,0.471,450.663,-0.022,relaxed_wt_1_Y_259_E_rep4.pdb
-89.112,0.379,-1299.929,2.409,-715.421,2.296,450.665,-0.02,relaxed_wt_1_Y_185_A_rep3.pdb
-87.728,1.764,-1300.676,1.662,-717.661,0.055,450.705,0.02,relaxed_wt_1_Y_132_P_rep3.pdb
-87.182,2.309,-1299.894,2.444,-717.556,0.161,450.451,-0.234,relaxed_wt_1_Y_296_G_rep4.pdb
-85.747,3.744,-1296.252,6.086,-715.243,2.474,449.628,-1.057,relaxed_wt_1_Y_297_E_rep5.pdb
-90.064,-0.572,-1301.849,0.489,-716.047,1.669,450.271,-0.414,relaxed_wt_1_Y_184_Q_rep2.pdb
-89.279,0.213,-1302.193,0.145,-717.767,-0.051,450.484,-0.201,relaxed_wt_1_Y_297_C_rep1.pdb
-88.14,1.352,-1302.049,0.289,-718.824,-1.108,451.693,1.007,relaxed_wt_1_Y_266_Y_rep1.pdb
-83.59,5.901,-1294.53,7.808,-715.389,2.327,449.133,-1.552,relaxed_wt_1_Y_138_N_rep1.pdb
-88.898,0.594,-1303.05,-0.712,-718.647,-0.93,449.224,-1.461,relaxed_wt_1_Y_162_T_rep1.pdb
-85.45,4.041,-1297.625,4.713,-717.113,0.604,450.907,0.222,relaxed_wt_1_Y_138_M_rep4.pdb
-87.44,2.052,-1297.625,4.713,-714.739,2.978,450.952,0.267,relaxed_wt_1_Y_136_D_rep1.pdb
-89.616,-0.124,-1300.549,1.789,-715.649,2.068,449.37,-1.315,relaxed_wt_1_Y_259_R_rep2.pdb
-82.74,6.752,-1294.257,8.081,-715.976,1.741,448.807,-1.878,relaxed_wt_1_Y_138_S_rep5.pdb
-87.274,2.218,-1298.151,4.187,-715.857,1.86,451.29,0.604,relaxed_wt_1_Y_163_M_rep1.pdb
-87.779,1.712,-1298.716,3.622,-715.072,2.645,448.995,-1.69,relaxed_wt_1_Y_264_N_rep2.pdb
-84.32,5.171,-1296.35,5.988,-715.572,2.145,450.613,-0.073,relaxed_wt_1_Y_207_R_rep2.pdb
-89.12,0.372,-1301.271,1.067,-716.842,0.875,449.228,-1.457,relaxed_wt_1_Y_162_Q_rep2.pdb
-88.363,1.129,-1301.156,1.181,-718.0,-0.283,451.33,0.645,relaxed_wt_1_Y_260_P_rep4.pdb
-89.852,-0.36,-1299.111,3.227,-714.626,3.091,450.384,-0.301,relaxed_wt_1_Y_184_I_rep4.pdb
-91.613,-2.121,-1297.176,5.162,-710.356,7.36,449.803,-0.882,relaxed_wt_1_Y_187_Y_rep5.pdb
-86.528,2.964,-1298.066,4.272,-715.943,1.773,449.61,-1.075,relaxed_wt_1_Y_163_S_rep3.pdb
-85.487,4.004,-1289.493,12.845,-708.001,9.716,449.369,-1.316,relaxed_wt_1_Y_241_R_rep3.pdb
-89.162,0.33,-1295.908,6.43,-711.58,6.137,449.026,-1.659,relaxed_wt_1_Y_135_S_rep5.pdb
-82.893,6.599,-1293.433,8.905,-714.782,2.934,449.533,-1.152,relaxed_wt_1_Y_138_C_rep2.pdb
-87.591,1.901,-1300.425,1.913,-717.659,0.057,451.63,0.945,relaxed_wt_1_Y_164_T_rep1.pdb
-89.753,-0.262,-1304.044,-1.706,-719.106,-1.39,449.651,-1.034,relaxed_wt_1_Y_259_I_rep1.pdb
-85.06,4.431,-1292.933,9.405,-712.664,5.053,450.368,-0.317,relaxed_wt_1_Y_272_Y_rep5.pdb
-90.839,-1.348,-1305.633,-3.295,-720.139,-2.422,451.232,0.546,relaxed_wt_1_Y_244_A_rep2.pdb
-87.515,1.976,-1299.983,2.355,-717.041,0.676,449.477,-1.208,relaxed_wt_1_Y_207_I_rep2.pdb
-83.604,5.888,-1293.057,9.281,-712.357,5.36,449.882,-0.803,relaxed_wt_1_Y_136_K_rep4.pdb
-89.013,0.479,-1301.844,0.493,-717.625,0.092,449.396,-1.289,relaxed_wt_1_Y_272_V_rep2.pdb
-86.626,2.866,-1296.814,5.524,-714.982,2.735,450.965,0.28,relaxed_wt_1_Y_133_G_rep4.pdb
-88.826,0.666,-1294.569,7.769,-710.472,7.245,450.169,-0.516,relaxed_wt_1_Y_135_H_rep4.pdb
-89.034,0.458,-1299.375,2.963,-715.067,2.65,450.709,0.024,relaxed_wt_1_Y_245_L_rep2.pdb
-89.144,0.347,-1299.974,2.363,-715.438,2.279,450.39,-0.295,relaxed_wt_1_Y_185_A_rep1.pdb
-76.533,12.959,-1288.865,13.473,-717.03,0.687,456.587,5.902,relaxed_wt_1_Y_242_K_rep4.pdb
-89.455,0.036,-1298.47,3.868,-713.127,4.589,450.647,-0.038,relaxed_wt_1_Y_184_R_rep3.pdb
-89.711,-0.219,-1300.468,1.87,-715.559,2.158,450.511,-0.174,relaxed_wt_1_Y_139_F_rep3.pdb
-88.34,1.152,-1301.4,0.938,-717.829,-0.112,450.379,-0.306,relaxed_wt_1_Y_138_Y_rep1.pdb
-84.907,4.585,-1281.175,21.163,-700.934,16.783,449.485,-1.2,relaxed_wt_1_Y_298_P_rep2.pdb
-89.045,0.446,-1299.74,2.598,-715.382,2.335,450.617,-0.068,relaxed_wt_1_Y_162_H_rep2.pdb
-81.762,7.73,-1297.123,5.215,-719.203,-1.486,450.073,-0.612,relaxed_wt_1_Y_262_R_rep2.pdb
-88.84,0.652,-1303.299,-0.961,-719.341,-1.625,450.945,0.259,relaxed_wt_1_Y_208_W_rep2.pdb
-87.925,1.566,-1294.109,8.229,-710.919,6.798,451.138,0.453,relaxed_wt_1_Y_272_G_rep2.pdb
-86.81,2.682,-1295.681,6.657,-713.961,3.755,450.647,-0.038,relaxed_wt_1_Y_205_M_rep3.pdb
-89.4,0.091,-1301.835,0.503,-717.229,0.488,450.389,-0.296,relaxed_wt_1_Y_298_N_rep3.pdb
-87.569,1.922,-1290.213,12.125,-707.634,10.083,451.389,0.704,relaxed_wt_1_Y_185_Y_rep1.pdb
-91.117,-1.625,-1307.44,-5.102,-721.782,-4.065,451.845,1.16,relaxed_wt_1_Y_298_D_rep5.pdb
-88.848,0.644,-1296.224,6.114,-711.889,5.828,451.277,0.592,relaxed_wt_1_Y_260_G_rep5.pdb
-89.444,0.047,-1302.455,-0.117,-717.831,-0.115,450.681,-0.005,relaxed_wt_1_Y_184_E_rep2.pdb
-88.545,0.947,-1298.888,3.45,-715.728,1.989,451.782,1.097,relaxed_wt_1_Y_133_Y_rep1.pdb
-88.889,0.602,-1300.808,1.53,-716.501,1.216,451.113,0.428,relaxed_wt_1_Y_136_I_rep2.pdb
-87.905,1.587,-1294.059,8.279,-710.876,6.841,450.433,-0.252,relaxed_wt_1_Y_241_D_rep3.pdb
-89.312,0.179,-1301.748,0.59,-717.197,0.52,450.649,-0.036,relaxed_wt_1_Y_206_V_rep3.pdb
-88.513,0.978,-1302.206,0.132,-718.453,-0.737,451.567,0.882,relaxed_wt_1_Y_138_Y_rep4.pdb
-89.479,0.013,-1301.854,0.484,-717.164,0.553,449.366,-1.319,relaxed_wt_1_Y_243_V_rep3.pdb
-86.655,2.837,-1301.573,0.765,-720.405,-2.688,452.036,1.351,relaxed_wt_1_Y_140_Y_rep4.pdb
-87.568,1.924,-1298.195,4.143,-715.27,2.447,450.447,-0.238,relaxed_wt_1_Y_270_H_rep3.pdb
-83.362,6.129,-1296.603,5.735,-719.158,-1.441,453.307,2.622,relaxed_wt_1_Y_209_Y_rep2.pdb
-88.343,1.149,-1296.007,6.331,-712.257,5.46,451.715,1.03,relaxed_wt_1_Y_272_N_rep4.pdb
-88.241,1.251,-1299.115,3.223,-715.623,2.094,450.819,0.134,relaxed_wt_1_Y_264_Q_rep3.pdb
-89.446,0.045,-1297.982,4.356,-713.36,4.357,448.985,-1.7,relaxed_wt_1_Y_134_C_rep5.pdb
-88.682,0.81,-1300.645,1.693,-716.845,0.872,450.48,-0.205,relaxed_wt_1_Y_245_W_rep5.pdb
-89.469,0.022,-1299.274,3.064,-714.653,3.063,450.69,0.005,relaxed_wt_1_Y_210_C_rep3.pdb
-89.985,-0.494,-1293.698,8.64,-708.653,9.064,451.203,0.518,relaxed_wt_1_Y_245_G_rep4.pdb
-89.454,0.038,-1304.012,-1.674,-719.363,-1.646,450.968,0.283,relaxed_wt_1_Y_271_Y_rep1.pdb
-89.067,0.424,-1302.766,-0.428,-718.296,-0.579,449.208,-1.477,relaxed_wt_1_Y_208_V_rep5.pdb
-86.342,3.149,-1297.546,4.792,-715.663,2.054,450.206,-0.479,relaxed_wt_1_Y_207_N_rep2.pdb
-89.192,0.3,-1298.614,3.724,-714.037,3.68,449.951,-0.734,relaxed_wt_1_Y_208_D_rep2.pdb
-83.187,6.305,-1294.678,7.66,-714.493,3.224,450.721,0.036,relaxed_wt_1_Y_242_H_rep5.pdb
-90.236,-0.744,-1302.959,-0.621,-717.246,0.47,449.962,-0.723,relaxed_wt_1_Y_243_T_rep5.pdb
-89.472,0.019,-1293.81,8.528,-709.137,8.58,450.644,-0.041,relaxed_wt_1_Y_241_C_rep3.pdb
-89.359,0.133,-1297.968,4.37,-713.379,4.338,450.919,0.234,relaxed_wt_1_Y_134_C_rep1.pdb
-88.067,1.425,-1299.11,3.228,-714.808,2.909,449.349,-1.336,relaxed_wt_1_Y_210_R_rep3.pdb
-89.8,-0.309,-1302.125,0.212,-716.91,0.807,451.092,0.407,relaxed_wt_1_Y_139_A_rep1.pdb
-89.522,-0.03,-1301.508,0.83,-716.747,0.969,449.334,-1.351,relaxed_wt_1_Y_210_I_rep1.pdb
-89.164,0.327,-1300.916,1.422,-716.539,1.178,450.696,0.011,relaxed_wt_1_Y_205_F_rep2.pdb
-85.494,3.997,-1296.137,6.201,-714.857,2.859,453.403,2.718,relaxed_wt_1_Y_132_F_rep3.pdb
-85.808,3.683,-1295.149,7.189,-714.084,3.632,450.814,0.129,relaxed_wt_1_Y_136_T_rep1.pdb
-89.535,-0.043,-1301.719,0.619,-716.548,1.169,449.606,-1.079,relaxed_wt_1_Y_259_Q_rep2.pdb
-85.676,3.815,-1299.399,2.939,-718.008,-0.292,449.912,-0.773,relaxed_wt_1_Y_262_H_rep2.pdb
-88.301,1.191,-1299.429,2.909,-717.0,0.716,449.259,-1.427,relaxed_wt_1_Y_296_H_rep5.pdb
-83.562,5.93,-1294.052,8.286,-715.112,2.605,455.535,4.85,relaxed_wt_1_Y_132_Y_rep3.pdb
-90.212,-0.72,-1301.683,0.655,-716.17,1.546,450.646,-0.039,relaxed_wt_1_Y_267_C_rep4.pdb
-89.336,0.156,-1298.024,4.314,-713.449,4.267,450.618,-0.067,relaxed_wt_1_Y_206_T_rep4.pdb
-89.612,-0.12,-1299.717,2.621,-714.775,2.942,450.646,-0.039,relaxed_wt_1_Y_186_H_rep4.pdb
-88.284,1.207,-1300.185,2.153,-716.447,1.27,449.292,-1.393,relaxed_wt_1_Y_134_I_rep3.pdb
-88.484,1.007,-1310.57,-8.232,-726.804,-9.087,451.623,0.938,relaxed_wt_1_Y_298_G_rep2.pdb
-87.939,1.552,-1303.179,-0.841,-719.975,-2.258,451.929,1.244,relaxed_wt_1_Y_270_P_rep2.pdb
-82.618,6.873,-1289.749,12.589,-710.656,7.061,451.416,0.731,relaxed_wt_1_Y_297_W_rep5.pdb
-88.3,1.192,-1309.281,-6.943,-725.888,-8.171,450.357,-0.328,relaxed_wt_1_Y_298_S_rep2.pdb
-88.801,0.691,-1302.244,0.094,-717.943,-0.227,451.034,0.348,relaxed_wt_1_Y_261_E_rep5.pdb
-87.483,2.008,-1297.83,4.508,-715.434,2.283,451.681,0.995,relaxed_wt_1_Y_162_Y_rep4.pdb
-89.389,0.102,-1301.887,0.451,-717.31,0.407,451.684,0.999,relaxed_wt_1_Y_244_N_rep3.pdb
-87.515,1.976,-1299.983,2.355,-717.041,0.676,449.477,-1.208,relaxed_wt_1_Y_207_I_rep1.pdb
-89.115,0.377,-1303.285,-0.947,-718.92,-1.203,450.653,-0.032,relaxed_wt_1_Y_298_Q_rep3.pdb
-85.075,4.417,-1297.019,5.319,-716.086,1.631,451.006,0.321,relaxed_wt_1_Y_242_S_rep4.pdb
-88.427,1.065,-1306.788,-4.451,-723.086,-5.37,450.65,-0.035,relaxed_wt_1_Y_268_L_rep4.pdb
-89.141,0.351,-1298.211,4.127,-713.723,3.994,451.625,0.94,relaxed_wt_1_Y_186_A_rep4.pdb
-84.948,4.543,-1290.332,12.006,-709.997,7.72,451.837,1.152,relaxed_wt_1_Y_136_G_rep3.pdb
-89.305,0.187,-1299.068,3.27,-714.539,3.177,449.364,-1.321,relaxed_wt_1_Y_134_R_rep4.pdb
-88.023,1.469,-1300.632,1.706,-717.397,0.32,450.318,-0.367,relaxed_wt_1_Y_133_N_rep1.pdb
-87.915,1.577,-1303.286,-0.949,-720.08,-2.363,452.806,2.121,relaxed_wt_1_Y_270_P_rep4.pdb
-89.247,0.245,-1301.621,0.717,-717.182,0.535,450.422,-0.263,relaxed_wt_1_Y_136_F_rep5.pdb
-84.481,5.011,-1296.689,5.649,-715.336,2.381,450.289,-0.396,relaxed_wt_1_Y_262_E_rep1.pdb
-90.619,-1.128,-1304.278,-1.94,-719.007,-1.291,449.375,-1.31,relaxed_wt_1_Y_244_T_rep4.pdb
-89.436,0.055,-1298.307,4.031,-713.621,4.095,449.391,-1.294,relaxed_wt_1_Y_137_D_rep1.pdb
-89.659,-0.167,-1300.48,1.858,-715.635,2.082,450.548,-0.137,relaxed_wt_1_Y_139_F_rep5.pdb
-90.421,-0.929,-1300.645,1.693,-714.635,3.081,450.551,-0.134,relaxed_wt_1_Y_133_F_rep5.pdb
-89.557,-0.065,-1299.878,2.46,-714.983,2.733,451.442,0.757,relaxed_wt_1_Y_186_H_rep3.pdb
-88.036,1.456,-1296.74,5.598,-713.566,4.151,449.39,-1.295,relaxed_wt_1_Y_241_A_rep2.pdb
-88.378,1.113,-1291.938,10.4,-708.351,9.366,450.719,0.034,relaxed_wt_1_Y_272_D_rep3.pdb
-87.218,2.274,-1299.967,2.371,-717.495,0.222,448.97,-1.715,relaxed_wt_1_Y_241_Q_rep4.pdb
-89.124,0.367,-1297.337,5.001,-713.011,4.706,450.596,-0.089,relaxed_wt_1_Y_260_A_rep5.pdb
-88.495,0.996,-1301.256,1.082,-718.031,-0.314,451.386,0.701,relaxed_wt_1_Y_140_T_rep3.pdb
-89.513,-0.021,-1303.273,-0.935,-718.561,-0.844,449.658,-1.027,relaxed_wt_1_Y_267_H_rep2.pdb
-87.576,1.916,-1300.461,1.876,-717.819,-0.102,451.209,0.524,relaxed_wt_1_Y_163_L_rep5.pdb
-88.704,0.788,-1298.516,3.822,-714.492,3.225,450.677,-0.008,relaxed_wt_1_Y_185_C_rep3.pdb
-88.826,0.665,-1295.561,6.777,-711.404,6.313,449.631,-1.054,relaxed_wt_1_Y_260_K_rep1.pdb
-88.724,0.767,-1303.886,-1.548,-720.195,-2.478,450.705,0.02,relaxed_wt_1_Y_140_A_rep4.pdb
-88.319,1.172,-1298.998,3.34,-715.223,2.494,451.682,0.997,relaxed_wt_1_Y_162_Y_rep5.pdb
-90.382,-0.89,-1300.878,1.46,-715.132,2.584,449.75,-0.935,relaxed_wt_1_Y_139_N_rep2.pdb
-89.093,0.398,-1303.897,-1.559,-719.686,-1.969,450.444,-0.241,relaxed_wt_1_Y_268_Q_rep1.pdb
-89.225,0.266,-1302.81,-0.472,-718.106,-0.389,450.944,0.259,relaxed_wt_1_Y_163_K_rep4.pdb
-88.991,0.501,-1297.817,4.521,-713.642,4.075,451.678,0.993,relaxed_wt_1_Y_135_N_rep4.pdb
-86.604,2.887,-1297.462,4.876,-715.666,2.05,450.627,-0.058,relaxed_wt_1_Y_133_G_rep1.pdb
-89.393,0.099,-1298.038,4.3,-713.147,4.57,449.694,-0.992,relaxed_wt_1_Y_186_C_rep5.pdb
-88.504,0.987,-1299.811,2.527,-716.549,1.168,450.637,-0.048,relaxed_wt_1_Y_245_Y_rep2.pdb
-89.521,-0.03,-1290.647,11.691,-706.16,11.557,451.111,0.426,relaxed_wt_1_Y_245_K_rep1.pdb
-89.491,0.001,-1300.998,1.339,-716.31,1.407,450.425,-0.26,relaxed_wt_1_Y_259_M_rep2.pdb
-91.273,-1.781,-1298.762,3.576,-711.857,5.86,450.283,-0.402,relaxed_wt_1_Y_184_I_rep5.pdb
-84.4,5.091,-1298.297,4.04,-718.597,-0.881,452.0,1.315,relaxed_wt_1_Y_264_K_rep4.pdb
-87.453,2.039,-1300.073,2.265,-718.205,-0.488,452.239,1.554,relaxed_wt_1_Y_244_Y_rep5.pdb
-80.309,9.182,-1290.161,12.177,-714.249,3.468,456.536,5.851,relaxed_wt_1_Y_242_R_rep1.pdb
-91.707,-2.215,-1302.256,0.082,-715.283,2.434,450.068,-0.617,relaxed_wt_1_Y_210_W_rep3.pdb
-86.385,3.107,-1305.369,-3.032,-723.715,-5.998,450.186,-0.499,relaxed_wt_1_Y_268_G_rep5.pdb
-87.902,1.589,-1300.995,1.343,-717.712,0.005,449.721,-0.964,relaxed_wt_1_Y_260_V_rep4.pdb
-89.087,0.404,-1302.32,0.018,-718.072,-0.356,450.966,0.281,relaxed_wt_1_Y_260_Y_rep1.pdb
-89.14,0.352,-1297.861,4.477,-713.579,4.138,450.073,-0.612,relaxed_wt_1_Y_135_N_rep2.pdb
-87.696,1.796,-1301.985,0.352,-719.021,-1.304,450.204,-0.481,relaxed_wt_1_Y_268_S_rep1.pdb
-88.819,0.673,-1300.394,1.944,-716.372,1.345,450.766,0.081,relaxed_wt_1_Y_135_R_rep4.pdb
-85.637,3.855,-1289.522,12.815,-708.761,8.956,449.812,-0.873,relaxed_wt_1_Y_272_F_rep3.pdb
-86.936,2.555,-1297.738,4.6,-716.035,1.682,451.679,0.994,relaxed_wt_1_Y_260_D_rep1.pdb
-89.598,-0.106,-1302.67,-0.332,-717.862,-0.145,450.079,-0.606,relaxed_wt_1_Y_243_C_rep4.pdb
-88.692,0.799,-1303.469,-1.131,-719.833,-2.116,451.689,1.004,relaxed_wt_1_Y_298_F_rep1.pdb
-87.461,2.03,-1296.682,5.656,-712.82,4.896,452.72,2.035,relaxed_wt_1_Y_140_R_rep4.pdb
-87.102,2.389,-1300.511,1.827,-717.865,-0.149,450.398,-0.287,relaxed_wt_1_Y_243_H_rep2.pdb
-88.17,1.322,-1299.779,2.559,-715.998,1.719,451.474,0.789,relaxed_wt_1_Y_210_Y_rep3.pdb
-87.83,1.661,-1292.262,10.075,-708.883,8.834,451.269,0.584,relaxed_wt_1_Y_206_W_rep4.pdb
-89.174,0.318,-1301.486,0.852,-717.059,0.658,450.382,-0.304,relaxed_wt_1_Y_210_K_rep5.pdb
-79.292,10.199,-1295.46,6.878,-715.641,2.076,451.613,0.928,relaxed_wt_1_Y_262_K_rep1.pdb
-87.015,2.477,-1298.183,4.155,-715.905,1.812,450.372,-0.313,relaxed_wt_1_Y_163_V_rep1.pdb
-87.707,1.784,-1301.923,0.415,-718.927,-1.21,450.472,-0.213,relaxed_wt_1_Y_268_S_rep3.pdb
-89.269,0.223,-1299.18,3.158,-714.352,3.364,450.308,-0.377,relaxed_wt_1_Y_184_T_rep4.pdb
-88.295,1.196,-1295.99,6.348,-712.271,5.446,450.236,-0.449,relaxed_wt_1_Y_241_M_rep4.pdb
-88.038,1.453,-1300.989,1.349,-717.718,-0.001,450.653,-0.032,relaxed_wt_1_Y_260_L_rep4.pdb
-86.949,2.542,-1299.267,3.07,-717.087,0.63,449.897,-0.788,relaxed_wt_1_Y_133_A_rep3.pdb
-89.783,-0.292,-1300.71,1.628,-715.423,2.293,451.366,0.681,relaxed_wt_1_Y_184_A_rep1.pdb
-89.305,0.186,-1302.305,0.033,-717.346,0.371,450.55,-0.135,relaxed_wt_1_Y_162_I_rep2.pdb
-89.61,-0.118,-1305.335,-2.997,-720.776,-3.059,451.141,0.456,relaxed_wt_1_Y_244_S_rep1.pdb
-89.289,0.203,-1299.628,2.71,-714.937,2.779,450.007,-0.678,relaxed_wt_1_Y_260_F_rep1.pdb
-88.696,0.796,-1287.201,15.137,-703.161,14.555,451.082,0.397,relaxed_wt_1_Y_206_K_rep1.pdb
-88.652,0.84,-1302.097,0.241,-717.966,-0.249,449.811,-0.874,relaxed_wt_1_Y_266_T_rep2.pdb
-89.232,0.26,-1301.457,0.881,-716.888,0.829,450.667,-0.018,relaxed_wt_1_Y_134_D_rep1.pdb
-92.219,-2.727,-1304.004,-1.666,-716.879,0.838,451.655,0.97,relaxed_wt_1_Y_140_M_rep4.pdb
-86.964,2.528,-1304.777,-2.439,-722.079,-4.362,449.033,-1.652,relaxed_wt_1_Y_298_C_rep4.pdb
-87.946,1.546,-1301.447,0.891,-718.06,-0.343,450.302,-0.383,relaxed_wt_1_Y_263_T_rep3.pdb
-89.299,0.193,-1292.455,9.883,-707.781,9.936,452.184,1.499,relaxed_wt_1_Y_241_I_rep3.pdb
-89.183,0.308,-1298.618,3.72,-714.065,3.652,451.891,1.206,relaxed_wt_1_Y_208_D_rep4.pdb
-85.444,4.048,-1294.795,7.543,-713.799,3.918,449.744,-0.941,relaxed_wt_1_Y_136_A_rep3.pdb
-86.486,3.005,-1301.555,0.783,-719.217,-1.5,451.387,0.701,relaxed_wt_1_Y_263_V_rep2.pdb
-86.824,2.668,-1299.866,2.472,-717.398,0.319,449.743,-0.942,relaxed_wt_1_Y_264_P_rep3.pdb
-87.881,1.611,-1300.141,2.197,-717.68,0.037,450.668,-0.017,relaxed_wt_1_Y_140_D_rep2.pdb
-89.14,0.352,-1303.335,-0.997,-718.839,-1.122,449.682,-1.003,relaxed_wt_1_Y_266_R_rep1.pdb
-89.274,0.218,-1299.174,3.164,-714.622,3.094,450.67,-0.015,relaxed_wt_1_Y_134_R_rep3.pdb
-89.378,0.114,-1301.89,0.448,-717.281,0.435,449.638,-1.047,relaxed_wt_1_Y_268_M_rep5.pdb
-88.189,1.302,-1298.931,3.406,-715.568,2.149,449.369,-1.316,relaxed_wt_1_Y_133_T_rep3.pdb
-88.715,0.776,-1300.12,2.217,-715.875,1.842,451.179,0.494,relaxed_wt_1_Y_133_L_rep3.pdb
-89.411,0.08,-1297.495,4.843,-712.704,5.013,450.667,-0.018,relaxed_wt_1_Y_265_V_rep4.pdb
-89.437,0.054,-1293.808,8.53,-709.176,8.541,451.605,0.92,relaxed_wt_1_Y_241_C_rep5.pdb
-88.922,0.57,-1301.001,1.337,-716.804,0.913,450.504,-0.181,relaxed_wt_1_Y_162_R_rep4.pdb
-88.537,0.955,-1299.174,3.164,-715.227,2.49,450.689,0.004,relaxed_wt_1_Y_260_D_rep4.pdb
-89.181,0.31,-1299.798,2.54,-715.363,2.354,449.672,-1.013,relaxed_wt_1_Y_135_V_rep5.pdb
-89.321,0.17,-1300.91,1.428,-716.402,1.315,450.682,-0.003,relaxed_wt_1_Y_267_P_rep2.pdb
-86.969,2.523,-1297.131,5.207,-715.026,2.691,450.819,0.134,relaxed_wt_1_Y_163_V_rep2.pdb
-87.968,1.523,-1300.353,1.985,-717.201,0.516,450.606,-0.079,relaxed_wt_1_Y_260_V_rep2.pdb
-88.215,1.277,-1298.129,4.209,-714.551,3.166,451.822,1.137,relaxed_wt_1_Y_297_M_rep3.pdb
-88.672,0.82,-1302.379,-0.041,-717.628,0.089,451.61,0.925,relaxed_wt_1_Y_262_L_rep4.pdb
-89.314,0.177,-1298.856,3.482,-714.202,3.515,450.997,0.312,relaxed_wt_1_Y_137_Y_rep3.pdb
-89.736,-0.244,-1296.902,5.436,-711.978,5.739,449.008,-1.677,relaxed_wt_1_Y_137_S_rep3.pdb
-87.038,2.453,-1300.096,2.242,-716.332,1.385,449.789,-0.896,relaxed_wt_1_Y_263_I_rep5.pdb
-86.86,2.632,-1296.99,5.348,-715.444,2.272,451.597,0.912,relaxed_wt_1_Y_209_D_rep3.pdb
-86.643,2.848,-1297.127,5.211,-715.531,2.186,450.427,-0.258,relaxed_wt_1_Y_209_E_rep1.pdb
-86.327,3.165,-1294.724,7.614,-712.931,4.786,449.415,-1.27,relaxed_wt_1_Y_205_Q_rep2.pdb
-85.251,4.241,-1301.319,1.019,-720.501,-2.785,451.141,0.456,relaxed_wt_1_Y_138_L_rep4.pdb
-89.504,-0.013,-1299.363,2.974,-714.359,3.358,449.398,-1.287,relaxed_wt_1_Y_184_H_rep1.pdb
-87.757,1.735,-1299.841,2.497,-716.514,1.202,449.202,-1.484,relaxed_wt_1_Y_268_F_rep2.pdb
-88.377,1.115,-1301.409,0.929,-718.28,-0.563,451.64,0.955,relaxed_wt_1_Y_206_I_rep2.pdb
-91.767,-2.276,-1303.799,-1.461,-716.894,0.822,449.983,-0.702,relaxed_wt_1_Y_267_K_rep2.pdb
-90.567,-1.076,-1301.302,1.036,-715.576,2.141,449.464,-1.221,relaxed_wt_1_Y_267_A_rep2.pdb
-86.678,2.814,-1297.464,4.874,-715.14,2.577,450.225,-0.46,relaxed_wt_1_Y_133_G_rep2.pdb
-83.64,5.852,-1295.147,7.191,-715.961,1.755,450.103,-0.582,relaxed_wt_1_Y_185_F_rep5.pdb
-87.861,1.631,-1302.174,0.164,-718.632,-0.915,449.062,-1.623,relaxed_wt_1_Y_263_E_rep3.pdb
-87.467,2.024,-1301.053,1.285,-718.405,-0.689,450.556,-0.129,relaxed_wt_1_Y_268_R_rep2.pdb
-89.022,0.469,-1303.477,-1.14,-719.196,-1.479,449.599,-1.086,relaxed_wt_1_Y_162_P_rep4.pdb
-87.596,1.895,-1301.936,0.401,-718.935,-1.219,450.46,-0.225,relaxed_wt_1_Y_263_Q_rep5.pdb
-85.563,3.928,-1299.576,2.762,-716.862,0.855,450.597,-0.088,relaxed_wt_1_Y_262_N_rep1.pdb
-89.274,0.218,-1302.663,-0.325,-717.667,0.05,449.254,-1.431,relaxed_wt_1_Y_266_S_rep4.pdb
-88.956,0.536,-1297.914,4.424,-713.716,4.001,450.407,-0.278,relaxed_wt_1_Y_135_F_rep2.pdb
-88.238,1.254,-1297.646,4.692,-713.803,3.914,449.416,-1.269,relaxed_wt_1_Y_132_I_rep3.pdb
-87.613,1.878,-1291.379,10.959,-708.665,9.052,450.532,-0.153,relaxed_wt_1_Y_245_E_rep4.pdb
-83.319,6.173,-1285.255,17.083,-706.641,11.075,450.529,-0.156,relaxed_wt_1_Y_243_W_rep4.pdb
-89.279,0.213,-1295.857,6.481,-710.894,6.822,451.812,1.127,relaxed_wt_1_Y_186_F_rep1.pdb
-89.031,0.46,-1301.121,1.217,-716.761,0.955,450.287,-0.398,relaxed_wt_1_Y_162_M_rep1.pdb
-88.545,0.946,-1302.453,-0.115,-718.926,-1.209,450.638,-0.047,relaxed_wt_1_Y_298_H_rep2.pdb
-84.21,5.281,-1295.525,6.813,-715.458,2.259,449.525,-1.16,relaxed_wt_1_Y_242_D_rep2.pdb
-87.848,1.643,-1294.147,8.191,-711.112,6.604,449.82,-0.865,relaxed_wt_1_Y_272_G_rep3.pdb
-91.458,-1.967,-1297.799,4.539,-711.571,6.146,450.91,0.225,relaxed_wt_1_Y_244_P_rep3.pdb
-89.758,-0.266,-1299.45,2.888,-714.132,3.585,450.675,-0.01,relaxed_wt_1_Y_186_I_rep4.pdb
-89.608,-0.117,-1304.847,-2.509,-719.926,-2.209,449.878,-0.807,relaxed_wt_1_Y_208_M_rep4.pdb
-92.866,-3.374,-1299.817,2.521,-711.047,6.669,451.579,0.893,relaxed_wt_1_Y_186_M_rep5.pdb
-90.108,-0.616,-1301.29,1.048,-716.044,1.672,451.682,0.997,relaxed_wt_1_Y_261_L_rep1.pdb
-87.673,1.819,-1298.82,3.518,-715.053,2.664,452.421,1.735,relaxed_wt_1_Y_163_F_rep4.pdb
-89.622,-0.13,-1306.353,-4.015,-721.128,-3.412,449.935,-0.75,relaxed_wt_1_Y_261_R_rep2.pdb
-87.993,1.498,-1300.504,1.834,-717.291,0.426,449.498,-1.187,relaxed_wt_1_Y_133_N_rep5.pdb
-89.968,-0.476,-1305.007,-2.669,-719.654,-1.937,449.354,-1.331,relaxed_wt_1_Y_139_M_rep1.pdb
-87.934,1.557,-1304.702,-2.364,-721.679,-3.962,451.106,0.421,relaxed_wt_1_Y_263_Y_rep1.pdb
-80.473,9.019,-1290.977,11.361,-715.042,2.675,456.592,5.907,relaxed_wt_1_Y_242_R_rep4.pdb
-89.055,0.437,-1300.767,1.571,-716.198,1.519,449.867,-0.818,relaxed_wt_1_Y_162_C_rep5.pdb
-89.909,-0.417,-1304.478,-2.141,-719.227,-1.51,450.708,0.023,relaxed_wt_1_Y_139_M_rep4.pdb
-88.871,0.621,-1302.064,0.273,-717.984,-0.267,451.595,0.91,relaxed_wt_1_Y_259_N_rep1.pdb
-89.535,-0.044,-1304.286,-1.949,-718.924,-1.207,449.875,-0.81,relaxed_wt_1_Y_185_P_rep5.pdb
-91.041,-1.549,-1303.788,-1.45,-717.066,0.65,449.2,-1.485,relaxed_wt_1_Y_260_W_rep2.pdb
-87.568,1.924,-1300.576,1.762,-717.916,-0.199,450.364,-0.321,relaxed_wt_1_Y_163_L_rep3.pdb
-89.473,0.018,-1300.401,1.937,-715.689,2.028,450.577,-0.108,relaxed_wt_1_Y_210_E_rep4.pdb
-88.79,0.702,-1291.645,10.693,-707.652,10.065,451.005,0.32,relaxed_wt_1_Y_241_P_rep3.pdb
-89.539,-0.048,-1302.861,-0.523,-717.944,-0.227,451.15,0.465,relaxed_wt_1_Y_208_Q_rep4.pdb
-89.773,-0.282,-1292.851,9.487,-707.781,9.936,449.23,-1.455,relaxed_wt_1_Y_265_P_rep4.pdb
-87.853,1.638,-1296.796,5.542,-713.61,4.107,450.389,-0.296,relaxed_wt_1_Y_261_P_rep1.pdb
-88.71,0.782,-1303.908,-1.571,-719.582,-1.866,448.979,-1.706,relaxed_wt_1_Y_262_C_rep3.pdb
-86.167,3.324,-1298.851,3.487,-716.928,0.789,450.985,0.3,relaxed_wt_1_Y_207_Q_rep1.pdb
-86.745,2.746,-1309.664,-7.326,-727.824,-10.107,450.971,0.286,relaxed_wt_1_Y_270_I_rep4.pdb
-89.177,0.315,-1297.317,5.021,-712.655,5.062,450.987,0.302,relaxed_wt_1_Y_206_H_rep1.pdb
-86.914,2.578,-1296.028,6.31,-714.12,3.597,450.171,-0.514,relaxed_wt_1_Y_205_E_rep3.pdb
-89.589,-0.098,-1303.379,-1.042,-718.604,-0.887,450.84,0.155,relaxed_wt_1_Y_261_Y_rep5.pdb
-89.812,-0.321,-1304.892,-2.554,-719.878,-2.161,450.624,-0.061,relaxed_wt_1_Y_187_V_rep1.pdb
-85.889,3.603,-1298.241,4.097,-716.271,1.446,450.794,0.109,relaxed_wt_1_Y_207_T_rep5.pdb
-89.4,0.092,-1300.525,1.813,-715.797,1.92,451.24,0.555,relaxed_wt_1_Y_264_M_rep4.pdb
-89.422,0.069,-1305.316,-2.978,-720.512,-2.795,450.945,0.26,relaxed_wt_1_Y_208_H_rep4.pdb
-86.616,2.876,-1291.705,10.633,-709.591,8.126,451.061,0.376,relaxed_wt_1_Y_272_F_rep2.pdb
-88.434,1.057,-1298.439,3.899,-714.745,2.972,449.948,-0.737,relaxed_wt_1_Y_260_H_rep2.pdb
-88.499,0.993,-1301.621,0.717,-717.411,0.306,450.291,-0.394,relaxed_wt_1_Y_164_V_rep3.pdb
-84.47,5.022,-1297.325,5.013,-716.732,0.984,451.317,0.632,relaxed_wt_1_Y_262_Q_rep5.pdb
-86.661,2.831,-1295.654,6.684,-713.766,3.951,449.889,-0.796,relaxed_wt_1_Y_208_P_rep2.pdb
-89.586,-0.094,-1296.842,5.495,-711.991,5.726,450.809,0.124,relaxed_wt_1_Y_265_H_rep5.pdb
-88.515,0.976,-1301.507,0.831,-717.314,0.403,450.614,-0.071,relaxed_wt_1_Y_164_V_rep4.pdb
-89.057,0.434,-1302.012,0.326,-717.854,-0.137,449.356,-1.329,relaxed_wt_1_Y_163_K_rep1.pdb
-89.251,0.24,-1300.905,1.433,-716.463,1.254,450.35,-0.335,relaxed_wt_1_Y_210_S_rep1.pdb
-89.639,-0.148,-1304.294,-1.956,-719.157,-1.441,450.045,-0.64,relaxed_wt_1_Y_185_P_rep3.pdb
-88.594,0.898,-1300.883,1.455,-717.067,0.65,450.693,0.008,relaxed_wt_1_Y_243_C_rep2.pdb
-86.35,3.142,-1299.912,2.426,-718.845,-1.128,451.857,1.172,relaxed_wt_1_Y_242_N_rep2.pdb
-84.336,5.155,-1292.828,9.51,-712.257,5.46,449.267,-1.419,relaxed_wt_1_Y_243_P_rep3.pdb
-89.53,-0.038,-1299.9,2.438,-715.095,2.622,450.561,-0.124,relaxed_wt_1_Y_187_N_rep4.pdb
-89.353,0.138,-1299.522,2.816,-714.974,2.743,449.656,-1.029,relaxed_wt_1_Y_134_A_rep3.pdb
-89.917,-0.425,-1300.303,2.035,-715.178,2.539,450.672,-0.013,relaxed_wt_1_Y_207_F_rep2.pdb
-88.163,1.329,-1300.21,2.128,-715.857,1.86,449.607,-1.078,relaxed_wt_1_Y_132_I_rep5.pdb
-86.652,2.84,-1296.924,5.414,-714.445,3.272,448.841,-1.844,relaxed_wt_1_Y_163_C_rep2.pdb
-88.041,1.451,-1292.298,10.04,-708.958,8.758,449.534,-1.151,relaxed_wt_1_Y_245_R_rep1.pdb
-88.363,1.129,-1303.373,-1.035,-719.749,-2.032,449.192,-1.493,relaxed_wt_1_Y_140_A_rep3.pdb
-79.841,9.65,-1291.849,10.489,-715.493,2.224,450.851,0.166,relaxed_wt_1_Y_242_E_rep4.pdb
-87.901,1.591,-1301.442,0.896,-718.681,-0.964,449.91,-0.775,relaxed_wt_1_Y_140_G_rep5.pdb
-90.145,-0.653,-1304.427,-2.089,-719.514,-1.798,451.187,0.501,relaxed_wt_1_Y_244_K_rep2.pdb
-87.964,1.528,-1299.265,3.073,-716.015,1.702,449.379,-1.306,relaxed_wt_1_Y_264_C_rep4.pdb
-88.568,0.924,-1308.872,-6.534,-724.673,-6.956,450.567,-0.118,relaxed_wt_1_Y_271_R_rep3.pdb
-87.927,1.565,-1297.86,4.478,-714.681,3.035,450.707,0.022,relaxed_wt_1_Y_245_M_rep5.pdb
-89.277,0.215,-1297.987,4.351,-713.373,4.344,449.438,-1.248,relaxed_wt_1_Y_206_N_rep2.pdb
-89.168,0.324,-1304.439,-2.102,-720.022,-2.305,450.187,-0.498,relaxed_wt_1_Y_271_D_rep3.pdb
-89.166,0.326,-1299.655,2.683,-715.335,2.381,450.733,0.048,relaxed_wt_1_Y_267_G_rep2.pdb
-87.133,2.358,-1308.433,-6.095,-726.519,-8.802,452.188,1.503,relaxed_wt_1_Y_271_A_rep4.pdb
-87.902,1.59,-1297.714,4.624,-714.59,3.127,450.66,-0.025,relaxed_wt_1_Y_260_N_rep4.pdb
-88.433,1.058,-1298.88,3.458,-714.9,2.817,451.495,0.81,relaxed_wt_1_Y_243_S_rep2.pdb
-89.237,0.254,-1300.724,1.614,-716.271,1.446,451.465,0.779,relaxed_wt_1_Y_135_Q_rep1.pdb
-90.282,-0.79,-1302.122,0.216,-716.664,1.052,451.718,1.033,relaxed_wt_1_Y_210_F_rep1.pdb
-87.457,2.035,-1297.834,4.503,-714.579,3.137,450.583,-0.102,relaxed_wt_1_Y_163_H_rep5.pdb
-85.285,4.206,-1293.927,8.411,-713.335,4.382,450.457,-0.228,relaxed_wt_1_Y_136_S_rep2.pdb
-87.76,1.731,-1299.137,3.201,-716.216,1.501,450.368,-0.317,relaxed_wt_1_Y_133_R_rep3.pdb
-87.897,1.595,-1294.26,8.078,-711.097,6.62,449.299,-1.386,relaxed_wt_1_Y_241_S_rep3.pdb
-85.132,4.36,-1291.067,11.271,-710.604,7.113,449.401,-1.284,relaxed_wt_1_Y_136_G_rep5.pdb
-89.467,0.025,-1303.558,-1.22,-718.452,-0.735,450.693,0.008,relaxed_wt_1_Y_267_T_rep4.pdb
-91.415,-1.924,-1302.513,-0.175,-716.042,1.675,450.881,0.196,relaxed_wt_1_Y_267_Q_rep2.pdb
-90.011,-0.519,-1292.772,9.566,-707.442,10.275,451.244,0.559,relaxed_wt_1_Y_137_P_rep1.pdb
-89.436,0.056,-1303.543,-1.206,-719.307,-1.59,451.169,0.483,relaxed_wt_1_Y_244_V_rep1.pdb
-89.639,-0.148,-1304.031,-1.693,-719.246,-1.529,448.677,-2.008,relaxed_wt_1_Y_271_I_rep5.pdb
-88.817,0.675,-1301.526,0.812,-717.061,0.655,450.747,0.062,relaxed_wt_1_Y_186_D_rep3.pdb
-82.389,7.103,-1293.542,8.796,-714.984,2.733,449.993,-0.692,relaxed_wt_1_Y_138_E_rep2.pdb
-86.918,2.573,-1297.298,5.04,-715.598,2.119,449.928,-0.757,relaxed_wt_1_Y_270_H_rep2.pdb
-82.989,6.503,-1296.725,5.613,-717.626,0.091,450.126,-0.559,relaxed_wt_1_Y_138_T_rep5.pdb
-89.635,-0.143,-1301.649,0.689,-716.758,0.959,449.017,-1.668,relaxed_wt_1_Y_259_Y_rep2.pdb
-88.039,1.452,-1294.835,7.503,-711.512,6.205,448.955,-1.73,relaxed_wt_1_Y_205_C_rep1.pdb
-89.314,0.178,-1302.008,0.33,-717.5,0.217,450.936,0.251,relaxed_wt_1_Y_134_L_rep3.pdb
-89.367,0.125,-1300.947,1.391,-716.368,1.349,451.912,1.227,relaxed_wt_1_Y_134_K_rep2.pdb
-89.65,-0.159,-1304.572,-2.234,-719.151,-1.435,449.916,-0.769,relaxed_wt_1_Y_261_F_rep4.pdb
-88.098,1.393,-1300.283,2.055,-716.991,0.726,449.138,-1.547,relaxed_wt_1_Y_270_A_rep5.pdb
-87.442,2.05,-1296.805,5.533,-713.431,4.286,450.399,-0.287,relaxed_wt_1_Y_242_M_rep1.pdb
-89.349,0.142,-1300.956,1.382,-716.092,1.625,451.052,0.367,relaxed_wt_1_Y_262_A_rep4.pdb
-86.719,2.773,-1297.93,4.408,-715.801,1.916,449.408,-1.277,relaxed_wt_1_Y_207_C_rep3.pdb
-89.112,0.38,-1303.946,-1.608,-719.32,-1.603,450.965,0.28,relaxed_wt_1_Y_162_L_rep4.pdb
-84.824,4.667,-1284.682,17.656,-704.822,12.895,452.56,1.875,relaxed_wt_1_Y_272_W_rep2.pdb
-88.803,0.689,-1302.504,-0.166,-718.201,-0.484,450.873,0.187,relaxed_wt_1_Y_210_T_rep2.pdb
-89.108,0.384,-1304.379,-2.041,-719.747,-2.03,450.636,-0.049,relaxed_wt_1_Y_268_Q_rep3.pdb
-89.141,0.35,-1303.202,-0.864,-718.812,-1.095,450.354,-0.331,relaxed_wt_1_Y_298_Q_rep1.pdb
-89.805,-0.313,-1298.686,3.652,-713.203,4.514,450.231,-0.454,relaxed_wt_1_Y_265_N_rep3.pdb
-90.336,-0.844,-1301.266,1.072,-715.719,1.998,450.328,-0.357,relaxed_wt_1_Y_267_A_rep5.pdb
-89.15,0.342,-1301.361,0.977,-716.978,0.738,448.884,-1.801,relaxed_wt_1_Y_162_A_rep1.pdb
-88.243,1.248,-1298.313,4.025,-714.862,2.855,450.673,-0.012,relaxed_wt_1_Y_205_H_rep1.pdb
-88.804,0.688,-1303.241,-0.903,-719.319,-1.602,450.714,0.029,relaxed_wt_1_Y_208_W_rep4.pdb
-90.731,-1.239,-1295.417,6.921,-709.787,7.93,449.122,-1.563,relaxed_wt_1_Y_244_P_rep1.pdb
-89.436,0.056,-1302.495,-0.157,-718.287,-0.57,451.35,0.665,relaxed_wt_1_Y_267_M_rep4.pdb
-86.662,2.83,-1299.182,3.156,-717.179,0.538,450.704,0.019,relaxed_wt_1_Y_163_A_rep5.pdb
-89.503,-0.012,-1299.988,2.35,-715.273,2.444,450.736,0.051,relaxed_wt_1_Y_187_G_rep5.pdb
-89.681,-0.189,-1302.192,0.146,-717.215,0.502,450.872,0.187,relaxed_wt_1_Y_208_N_rep1.pdb
-89.094,0.397,-1301.313,1.024,-716.937,0.78,449.258,-1.427,relaxed_wt_1_Y_162_Q_rep1.pdb
-88.093,1.399,-1294.947,7.391,-711.602,6.115,449.964,-0.721,relaxed_wt_1_Y_205_C_rep3.pdb
-83.328,6.163,-1290.714,11.624,-712.306,5.41,456.842,6.157,relaxed_wt_1_Y_241_H_rep2.pdb
-87.824,1.667,-1303.934,-1.596,-721.095,-3.378,452.17,1.485,relaxed_wt_1_Y_270_V_rep3.pdb
-88.819,0.673,-1300.394,1.944,-716.372,1.345,450.766,0.081,relaxed_wt_1_Y_135_R_rep2.pdb
-89.346,0.146,-1301.439,0.899,-716.911,0.806,450.4,-0.285,relaxed_wt_1_Y_271_H_rep4.pdb
-88.354,1.138,-1298.931,3.407,-715.438,2.278,449.686,-0.999,relaxed_wt_1_Y_205_H_rep4.pdb
-90.0,-0.509,-1300.36,1.977,-715.197,2.519,450.394,-0.291,relaxed_wt_1_Y_207_F_rep4.pdb
-91.017,-1.525,-1302.805,-0.467,-717.13,0.587,451.088,0.403,relaxed_wt_1_Y_244_C_rep5.pdb
-83.764,5.728,-1296.691,5.647,-718.083,-0.366,451.119,0.434,relaxed_wt_1_Y_138_V_rep1.pdb
-89.289,0.203,-1297.485,4.853,-713.073,4.644,451.103,0.418,relaxed_wt_1_Y_133_W_rep3.pdb
-86.366,3.126,-1299.089,3.249,-716.131,1.586,451.672,0.987,relaxed_wt_1_Y_298_H_rep5.pdb
-86.874,2.618,-1294.151,8.187,-712.043,5.674,450.746,0.061,relaxed_wt_1_Y_136_C_rep5.pdb
-88.717,0.775,-1310.637,-8.299,-726.767,-9.05,450.247,-0.438,relaxed_wt_1_Y_298_G_rep1.pdb
-87.346,2.145,-1300.212,2.126,-717.705,0.012,451.438,0.753,relaxed_wt_1_Y_270_F_rep2.pdb
-89.064,0.428,-1300.398,1.94,-716.072,1.645,450.193,-0.492,relaxed_wt_1_Y_210_T_rep5.pdb
-87.942,1.55,-1301.227,1.111,-717.67,0.047,450.829,0.144,relaxed_wt_1_Y_164_D_rep2.pdb
-89.388,0.103,-1304.737,-2.399,-720.109,-2.392,450.516,-0.169,relaxed_wt_1_Y_187_T_rep4.pdb
-87.815,1.677,-1298.05,4.288,-715.385,2.332,450.171,-0.514,relaxed_wt_1_Y_140_I_rep3.pdb
-88.973,0.519,-1301.572,0.766,-718.08,-0.364,450.08,-0.605,relaxed_wt_1_Y_268_R_rep3.pdb
-89.219,0.273,-1302.94,-0.602,-718.499,-0.782,450.633,-0.052,relaxed_wt_1_Y_187_P_rep3.pdb
-87.174,2.317,-1294.917,7.421,-712.612,5.105,450.1,-0.585,relaxed_wt_1_Y_208_P_rep4.pdb
-91.048,-1.557,-1302.865,-0.527,-716.44,1.277,450.052,-0.633,relaxed_wt_1_Y_187_Q_rep3.pdb
-84.881,4.61,-1301.306,1.032,-721.252,-3.536,450.652,-0.033,relaxed_wt_1_Y_262_H_rep4.pdb
-88.94,0.552,-1302.192,0.146,-717.581,0.136,450.537,-0.148,relaxed_wt_1_Y_164_I_rep5.pdb
-89.68,-0.188,-1297.734,4.604,-712.797,4.92,450.603,-0.082,relaxed_wt_1_Y_265_R_rep5.pdb
-89.278,0.214,-1301.648,0.69,-717.2,0.517,449.425,-1.26,relaxed_wt_1_Y_136_F_rep1.pdb
-89.237,0.255,-1299.636,2.702,-715.022,2.694,450.86,0.175,relaxed_wt_1_Y_208_E_rep3.pdb
-89.362,0.13,-1299.591,2.747,-714.89,2.827,449.142,-1.543,relaxed_wt_1_Y_208_E_rep4.pdb
-79.43,10.061,-1292.219,10.119,-716.735,0.982,451.274,0.589,relaxed_wt_1_Y_242_E_rep2.pdb
-89.967,-0.476,-1300.333,2.005,-715.18,2.537,450.692,0.007,relaxed_wt_1_Y_207_F_rep3.pdb
-87.285,2.206,-1298.826,3.512,-717.182,0.535,450.571,-0.114,relaxed_wt_1_Y_243_H_rep5.pdb
-89.017,0.475,-1300.642,1.696,-716.511,1.206,450.78,0.095,relaxed_wt_1_Y_207_L_rep2.pdb
-88.341,1.15,-1300.633,1.705,-717.146,0.571,449.578,-1.107,relaxed_wt_1_Y_263_A_rep2.pdb
-88.459,1.033,-1298.347,3.991,-714.649,3.068,451.167,0.482,relaxed_wt_1_Y_272_M_rep1.pdb
-89.686,-0.194,-1293.951,8.387,-709.072,8.644,450.758,0.073,relaxed_wt_1_Y_185_Y_rep3.pdb
-89.419,0.073,-1301.809,0.529,-717.196,0.521,450.994,0.309,relaxed_wt_1_Y_208_R_rep3.pdb
-89.291,0.201,-1301.028,1.31,-716.527,1.189,451.691,1.006,relaxed_wt_1_Y_205_F_rep5.pdb
-89.033,0.458,-1300.057,2.281,-715.773,1.943,450.646,-0.039,relaxed_wt_1_Y_210_S_rep5.pdb
-87.369,2.123,-1305.037,-2.699,-722.12,-4.403,449.969,-0.716,relaxed_wt_1_Y_208_F_rep4.pdb
-87.563,1.928,-1300.406,1.932,-716.198,1.519,451.44,0.755,relaxed_wt_1_Y_164_Q_rep3.pdb
-86.974,2.517,-1301.123,1.215,-719.008,-1.291,449.488,-1.197,relaxed_wt_1_Y_268_I_rep3.pdb
-87.936,1.556,-1299.631,2.706,-717.011,0.706,451.43,0.745,relaxed_wt_1_Y_242_T_rep5.pdb
-89.277,0.214,-1299.529,2.809,-714.954,2.763,449.665,-1.02,relaxed_wt_1_Y_134_S_rep1.pdb
-89.422,0.069,-1304.128,-1.79,-719.495,-1.778,450.663,-0.022,relaxed_wt_1_Y_271_Y_rep5.pdb
-83.331,6.161,-1299.281,3.057,-720.5,-2.783,451.687,1.002,relaxed_wt_1_Y_262_Y_rep1.pdb
-89.119,0.373,-1301.38,0.958,-717.04,0.677,448.946,-1.74,relaxed_wt_1_Y_162_N_rep2.pdb
-76.439,13.053,-1288.321,14.017,-716.782,0.935,455.876,5.191,relaxed_wt_1_Y_242_K_rep1.pdb
-88.686,0.806,-1298.189,4.149,-714.3,3.417,450.505,-0.18,relaxed_wt_1_Y_164_W_rep2.pdb
-84.989,4.503,-1284.983,17.355,-704.825,12.892,451.043,0.358,relaxed_wt_1_Y_272_W_rep3.pdb
-89.63,-0.138,-1298.506,3.832,-713.648,4.069,450.662,-0.023,relaxed_wt_1_Y_265_K_rep2.pdb
-89.463,0.028,-1302.447,-0.109,-717.795,-0.078,450.365,-0.321,relaxed_wt_1_Y_162_E_rep4.pdb
-88.98,0.511,-1297.724,4.614,-713.441,4.275,449.841,-0.844,relaxed_wt_1_Y_187_K_rep5.pdb
-89.37,0.121,-1301.856,0.482,-717.25,0.467,451.18,0.495,relaxed_wt_1_Y_260_P_rep1.pdb
-88.791,0.7,-1298.536,3.802,-714.508,3.208,451.229,0.544,relaxed_wt_1_Y_210_G_rep3.pdb
-87.549,1.943,-1299.529,2.809,-716.721,0.996,449.391,-1.294,relaxed_wt_1_Y_263_N_rep3.pdb
-89.406,0.085,-1304.719,-2.381,-719.947,-2.23,450.924,0.239,relaxed_wt_1_Y_208_T_rep3.pdb
-89.751,-0.259,-1300.13,2.208,-715.207,2.51,450.604,-0.081,relaxed_wt_1_Y_265_E_rep4.pdb
-87.452,2.039,-1300.59,1.748,-717.698,0.019,450.564,-0.121,relaxed_wt_1_Y_207_V_rep5.pdb
-87.106,2.386,-1300.069,2.269,-717.637,0.079,451.202,0.517,relaxed_wt_1_Y_164_E_rep5.pdb
-89.884,-0.392,-1304.595,-2.257,-719.525,-1.808,449.707,-0.978,relaxed_wt_1_Y_271_L_rep4.pdb
-88.669,0.822,-1300.011,2.327,-716.71,1.007,449.995,-0.69,relaxed_wt_1_Y_296_N_rep2.pdb
-89.042,0.45,-1297.334,5.003,-712.577,5.14,449.648,-1.037,relaxed_wt_1_Y_184_F_rep1.pdb
-88.163,1.328,-1298.251,4.087,-714.784,2.932,449.658,-1.027,relaxed_wt_1_Y_261_G_rep1.pdb
-89.004,0.487,-1304.488,-2.15,-720.432,-2.715,450.354,-0.331,relaxed_wt_1_Y_262_I_rep4.pdb
-89.686,-0.194,-1293.951,8.387,-709.072,8.644,450.758,0.073,relaxed_wt_1_Y_185_Y_rep4.pdb
-87.554,1.938,-1291.571,10.767,-708.921,8.796,450.851,0.166,relaxed_wt_1_Y_245_E_rep5.pdb
-89.22,0.271,-1302.773,-0.435,-718.168,-0.451,450.706,0.021,relaxed_wt_1_Y_266_Y_rep3.pdb
-89.199,0.293,-1303.042,-0.704,-718.614,-0.898,450.626,-0.059,relaxed_wt_1_Y_187_P_rep2.pdb
-88.941,0.551,-1301.06,1.278,-716.848,0.869,450.66,-0.025,relaxed_wt_1_Y_261_E_rep3.pdb
-87.945,1.546,-1303.564,-1.226,-720.286,-2.569,450.794,0.109,relaxed_wt_1_Y_271_G_rep3.pdb
-91.368,-1.877,-1302.983,-0.645,-716.641,1.076,450.804,0.119,relaxed_wt_1_Y_242_I_rep2.pdb
-88.046,1.445,-1297.692,4.646,-714.446,3.271,450.589,-0.096,relaxed_wt_1_Y_260_N_rep2.pdb
-84.725,4.766,-1297.352,4.986,-717.401,0.315,452.093,1.408,relaxed_wt_1_Y_270_R_rep1.pdb
-89.098,0.394,-1297.459,4.879,-713.066,4.651,450.346,-0.339,relaxed_wt_1_Y_205_L_rep1.pdb
-81.993,7.498,-1294.43,7.908,-714.551,3.165,452.786,2.101,relaxed_wt_1_Y_132_H_rep3.pdb
-89.638,-0.146,-1302.95,-0.613,-718.144,-0.427,449.028,-1.657,relaxed_wt_1_Y_186_T_rep4.pdb
-89.78,-0.289,-1305.994,-3.656,-720.606,-2.89,450.917,0.232,relaxed_wt_1_Y_243_L_rep1.pdb
-84.381,5.111,-1293.711,8.627,-712.154,5.563,450.376,-0.309,relaxed_wt_1_Y_185_R_rep3.pdb
-89.475,0.016,-1301.671,0.667,-716.978,0.738,451.671,0.985,relaxed_wt_1_Y_134_Q_rep3.pdb
-89.28,0.211,-1297.428,4.91,-712.845,4.872,451.098,0.413,relaxed_wt_1_Y_137_M_rep1.pdb
-88.262,1.23,-1304.209,-1.871,-720.757,-3.04,450.374,-0.311,relaxed_wt_1_Y_264_I_rep1.pdb
-89.592,-0.1,-1299.734,2.603,-714.922,2.795,449.839,-0.846,relaxed_wt_1_Y_137_N_rep3.pdb
-89.312,0.179,-1302.148,0.19,-717.623,0.094,450.949,0.264,relaxed_wt_1_Y_210_Q_rep2.pdb
-90.292,-0.8,-1304.294,-1.956,-719.35,-1.633,449.709,-0.976,relaxed_wt_1_Y_244_M_rep2.pdb
-86.736,2.755,-1299.659,2.679,-717.815,-0.098,451.241,0.556,relaxed_wt_1_Y_133_S_rep4.pdb
-88.815,0.677,-1300.039,2.299,-715.897,1.82,450.63,-0.055,relaxed_wt_1_Y_261_A_rep4.pdb
-87.737,1.755,-1302.648,-0.31,-719.659,-1.942,451.377,0.692,relaxed_wt_1_Y_163_E_rep1.pdb
-89.016,0.476,-1303.295,-0.957,-718.876,-1.159,449.7,-0.986,relaxed_wt_1_Y_266_A_rep2.pdb
-89.608,-0.116,-1299.251,3.087,-714.5,3.217,449.651,-1.034,relaxed_wt_1_Y_265_Y_rep5.pdb
-84.892,4.6,-1290.744,11.594,-710.34,7.376,449.586,-1.099,relaxed_wt_1_Y_271_P_rep4.pdb
-88.954,0.537,-1299.024,3.314,-714.049,3.667,449.749,-0.936,relaxed_wt_1_Y_163_W_rep5.pdb
-88.175,1.317,-1296.02,6.318,-712.077,5.64,449.882,-0.803,relaxed_wt_1_Y_164_G_rep4.pdb
-86.825,2.667,-1299.3,3.038,-717.15,0.567,450.396,-0.289,relaxed_wt_1_Y_163_A_rep2.pdb
-85.124,4.368,-1298.056,4.282,-716.587,1.129,450.034,-0.651,relaxed_wt_1_Y_207_H_rep2.pdb
-87.999,1.493,-1298.288,4.05,-714.967,2.75,449.583,-1.102,relaxed_wt_1_Y_245_M_rep4.pdb
-91.731,-2.239,-1303.891,-1.553,-717.031,0.686,451.54,0.855,relaxed_wt_1_Y_267_K_rep3.pdb
-89.644,-0.153,-1295.63,6.708,-712.782,4.935,453.905,3.22,relaxed_wt_1_Y_270_E_rep1.pdb
-89.225,0.267,-1305.468,-3.13,-720.915,-3.198,449.845,-0.84,relaxed_wt_1_Y_208_Y_rep2.pdb
-88.17,1.322,-1300.497,1.841,-717.175,0.542,449.925,-0.761,relaxed_wt_1_Y_263_A_rep1.pdb
-88.868,0.624,-1297.795,4.543,-713.599,4.117,451.181,0.496,relaxed_wt_1_Y_206_P_rep2.pdb
-88.65,0.841,-1299.34,2.998,-715.795,1.922,451.324,0.639,relaxed_wt_1_Y_140_H_rep2.pdb
-89.558,-0.066,-1300.863,1.475,-715.756,1.961,449.578,-1.107,relaxed_wt_1_Y_267_I_rep2.pdb
-88.197,1.294,-1301.145,1.193,-717.731,-0.015,448.746,-1.94,relaxed_wt_1_Y_133_D_rep3.pdb
-89.318,0.173,-1301.756,0.582,-717.184,0.532,450.662,-0.023,relaxed_wt_1_Y_297_V_rep1.pdb
-83.594,5.898,-1291.176,11.162,-712.576,5.14,455.003,4.318,relaxed_wt_1_Y_241_F_rep2.pdb
-87.853,1.638,-1298.558,3.78,-715.323,2.393,450.568,-0.118,relaxed_wt_1_Y_270_N_rep3.pdb
-89.441,0.05,-1302.393,-0.055,-717.754,-0.037,450.665,-0.02,relaxed_wt_1_Y_132_A_rep5.pdb
-90.854,-1.363,-1300.412,1.926,-714.034,3.682,449.873,-0.812,relaxed_wt_1_Y_184_D_rep3.pdb
-89.385,0.106,-1299.667,2.671,-715.438,2.279,449.417,-1.268,relaxed_wt_1_Y_140_E_rep4.pdb
-86.642,2.85,-1301.143,1.195,-720.856,-3.139,451.549,0.864,relaxed_wt_1_Y_296_Y_rep1.pdb
-83.698,5.794,-1296.644,5.694,-716.548,1.169,449.262,-1.423,relaxed_wt_1_Y_262_E_rep4.pdb
-88.115,1.376,-1299.891,2.446,-715.97,1.747,451.405,0.72,relaxed_wt_1_Y_132_Q_rep2.pdb
-90.735,-1.243,-1298.06,4.278,-711.5,6.216,449.664,-1.021,relaxed_wt_1_Y_186_Y_rep2.pdb
-89.711,-0.22,-1295.755,6.583,-710.85,6.866,451.732,1.047,relaxed_wt_1_Y_265_G_rep2.pdb
-85.699,3.793,-1298.353,3.985,-717.082,0.635,449.857,-0.828,relaxed_wt_1_Y_207_K_rep3.pdb
-88.515,0.977,-1308.345,-6.007,-724.699,-6.982,450.212,-0.473,relaxed_wt_1_Y_271_Q_rep2.pdb
-90.013,-0.521,-1300.872,1.466,-715.401,2.315,450.023,-0.662,relaxed_wt_1_Y_139_C_rep3.pdb
-90.398,-0.906,-1304.669,-2.331,-719.228,-1.512,451.075,0.389,relaxed_wt_1_Y_244_Q_rep4.pdb
-87.298,2.193,-1295.29,7.048,-712.611,5.106,448.945,-1.74,relaxed_wt_1_Y_205_R_rep4.pdb
-87.955,1.537,-1310.277,-7.939,-727.176,-9.459,448.579,-2.106,relaxed_wt_1_Y_268_A_rep4.pdb
-88.389,1.102,-1299.054,3.284,-715.247,2.469,451.681,0.996,relaxed_wt_1_Y_162_Y_rep2.pdb
-88.588,0.903,-1300.102,2.236,-716.328,1.389,449.884,-0.801,relaxed_wt_1_Y_245_W_rep3.pdb
-87.75,1.741,-1300.401,1.937,-717.417,0.3,450.393,-0.292,relaxed_wt_1_Y_263_L_rep1.pdb
-89.491,0.0,-1301.641,0.697,-716.991,0.726,449.614,-1.071,relaxed_wt_1_Y_266_I_rep5.pdb
-88.338,1.154,-1299.148,3.19,-715.545,2.172,450.594,-0.091,relaxed_wt_1_Y_264_M_rep1.pdb
-92.156,-2.664,-1301.392,0.946,-714.481,3.236,451.448,0.763,relaxed_wt_1_Y_244_F_rep4.pdb
-88.089,1.402,-1299.385,2.953,-716.711,1.006,449.683,-1.002,relaxed_wt_1_Y_139_G_rep5.pdb
-89.323,0.168,-1300.336,2.002,-715.081,2.635,449.711,-0.974,relaxed_wt_1_Y_184_K_rep3.pdb
-89.973,-0.482,-1302.085,0.253,-716.32,1.396,451.9,1.215,relaxed_wt_1_Y_259_L_rep4.pdb
-91.309,-1.818,-1302.51,-0.173,-716.127,1.59,450.868,0.183,relaxed_wt_1_Y_267_Q_rep3.pdb
-88.782,0.71,-1299.477,2.861,-715.681,2.036,449.417,-1.268,relaxed_wt_1_Y_296_R_rep3.pdb
-89.444,0.047,-1298.689,3.649,-714.12,3.597,450.428,-0.257,relaxed_wt_1_Y_137_F_rep1.pdb
-90.207,-0.715,-1300.922,1.416,-715.331,2.386,450.029,-0.656,relaxed_wt_1_Y_139_N_rep4.pdb
-89.704,-0.213,-1305.394,-3.056,-720.774,-3.058,451.82,1.135,relaxed_wt_1_Y_244_E_rep5.pdb
-88.411,1.08,-1296.043,6.295,-712.318,5.399,451.214,0.529,relaxed_wt_1_Y_272_N_rep2.pdb
-90.973,-1.481,-1303.373,-1.035,-717.232,0.484,450.423,-0.262,relaxed_wt_1_Y_267_V_rep1.pdb
-89.272,0.22,-1302.843,-0.505,-718.091,-0.374,450.678,-0.007,relaxed_wt_1_Y_260_P_rep2.pdb
-87.461,2.031,-1297.738,4.6,-714.504,3.213,450.317,-0.368,relaxed_wt_1_Y_163_H_rep2.pdb
-89.344,0.148,-1298.778,3.56,-714.279,3.437,450.694,0.009,relaxed_wt_1_Y_134_V_rep5.pdb
-88.841,0.651,-1298.751,3.587,-714.485,3.232,451.444,0.759,relaxed_wt_1_Y_205_V_rep4.pdb
-89.129,0.362,-1301.158,1.18,-716.81,0.906,450.611,-0.075,relaxed_wt_1_Y_259_D_rep1.pdb
-85.889,3.602,-1305.906,-3.568,-725.02,-7.303,448.946,-1.739,relaxed_wt_1_Y_208_F_rep3.pdb
-87.515,1.976,-1302.393,-0.055,-719.363,-1.646,451.131,0.446,relaxed_wt_1_Y_243_A_rep4.pdb
-86.983,2.509,-1297.51,4.828,-715.333,2.384,451.38,0.694,relaxed_wt_1_Y_132_G_rep4.pdb
-89.399,0.093,-1301.052,1.286,-716.453,1.264,449.368,-1.317,relaxed_wt_1_Y_134_Y_rep3.pdb
-89.313,0.179,-1304.518,-2.18,-719.945,-2.228,450.343,-0.342,relaxed_wt_1_Y_261_Q_rep1.pdb
-86.8,2.692,-1295.339,6.999,-712.999,4.718,450.51,-0.175,relaxed_wt_1_Y_205_T_rep4.pdb
-85.7,3.791,-1293.081,9.257,-710.977,6.74,450.535,-0.15,relaxed_wt_1_Y_243_K_rep2.pdb
-89.42,0.072,-1301.205,1.133,-716.427,1.29,450.837,0.152,relaxed_wt_1_Y_208_C_rep2.pdb
-89.304,0.187,-1300.242,2.096,-714.658,3.059,450.266,-0.419,relaxed_wt_1_Y_184_H_rep4.pdb
-87.789,1.703,-1312.916,-10.578,-729.46,-11.744,450.0,-0.685,relaxed_wt_1_Y_298_T_rep3.pdb
-89.854,-0.362,-1302.935,-0.597,-717.416,0.301,449.516,-1.17,relaxed_wt_1_Y_139_I_rep4.pdb
-86.899,2.593,-1295.518,6.82,-712.961,4.755,449.364,-1.321,relaxed_wt_1_Y_260_F_rep5.pdb
-89.412,0.08,-1299.942,2.396,-714.921,2.796,449.685,-1.0,relaxed_wt_1_Y_184_K_rep5.pdb
-90.265,-0.773,-1298.527,3.811,-713.008,4.709,450.6,-0.085,relaxed_wt_1_Y_187_L_rep3.pdb
-88.28,1.211,-1298.938,3.399,-715.118,2.599,449.608,-1.077,relaxed_wt_1_Y_243_S_rep1.pdb
-88.103,1.388,-1294.279,8.059,-710.614,7.103,449.662,-1.023,relaxed_wt_1_Y_245_A_rep1.pdb
-89.473,0.019,-1301.852,0.486,-717.171,0.545,449.335,-1.35,relaxed_wt_1_Y_206_V_rep2.pdb
-89.335,0.156,-1303.69,-1.352,-719.088,-1.371,450.643,-0.042,relaxed_wt_1_Y_267_N_rep2.pdb
-84.625,4.866,-1294.592,7.746,-714.739,2.977,450.314,-0.371,relaxed_wt_1_Y_268_W_rep3.pdb
-90.15,-0.658,-1301.154,1.184,-715.122,2.595,449.777,-0.908,relaxed_wt_1_Y_139_K_rep1.pdb
-89.905,-0.413,-1297.371,4.967,-712.084,5.633,450.581,-0.104,relaxed_wt_1_Y_185_G_rep3.pdb
-89.646,-0.154,-1301.536,0.802,-716.717,1.0,449.372,-1.313,relaxed_wt_1_Y_259_K_rep2.pdb
-89.068,0.424,-1295.755,6.583,-711.216,6.501,451.243,0.558,relaxed_wt_1_Y_206_G_rep2.pdb
-88.827,0.665,-1294.596,7.742,-710.494,7.223,449.884,-0.801,relaxed_wt_1_Y_135_H_rep2.pdb
-89.861,-0.369,-1300.734,1.604,-715.427,2.29,449.742,-0.943,relaxed_wt_1_Y_186_I_rep1.pdb
-87.554,1.938,-1296.841,5.497,-714.112,3.605,449.638,-1.047,relaxed_wt_1_Y_133_C_rep5.pdb
-88.058,1.434,-1299.876,2.462,-716.608,1.109,448.662,-2.023,relaxed_wt_1_Y_263_M_rep5.pdb
-88.566,0.926,-1296.062,6.276,-712.306,5.411,450.584,-0.102,relaxed_wt_1_Y_206_Y_rep2.pdb
-88.566,0.925,-1307.042,-4.704,-723.282,-5.565,450.766,0.081,relaxed_wt_1_Y_271_C_rep3.pdb
-88.236,1.255,-1298.959,3.379,-714.97,2.747,450.637,-0.048,relaxed_wt_1_Y_164_A_rep3.pdb
-87.088,2.404,-1301.588,0.75,-718.775,-1.058,449.614,-1.071,relaxed_wt_1_Y_268_T_rep4.pdb
-85.321,4.17,-1292.031,10.307,-711.434,6.283,448.998,-1.687,relaxed_wt_1_Y_242_G_rep5.pdb
-89.407,0.084,-1299.732,2.606,-715.12,2.597,450.39,-0.295,relaxed_wt_1_Y_134_R_rep5.pdb
-90.734,-1.243,-1304.036,-1.698,-718.127,-0.411,449.684,-1.001,relaxed_wt_1_Y_267_Y_rep4.pdb
-83.989,5.503,-1293.771,8.567,-714.175,3.542,450.87,0.185,relaxed_wt_1_Y_272_R_rep5.pdb
-89.077,0.415,-1300.682,1.656,-716.302,1.415,450.535,-0.151,relaxed_wt_1_Y_162_K_rep4.pdb
-89.462,0.03,-1300.534,1.804,-715.889,1.828,449.996,-0.689,relaxed_wt_1_Y_134_F_rep1.pdb
-89.203,0.289,-1303.359,-1.022,-718.864,-1.147,451.01,0.325,relaxed_wt_1_Y_266_R_rep4.pdb
-90.735,-1.243,-1300.504,1.834,-714.533,3.184,450.2,-0.485,relaxed_wt_1_Y_186_V_rep1.pdb
-89.533,-0.041,-1295.132,7.206,-710.313,7.404,449.801,-0.884,relaxed_wt_1_Y_137_G_rep3.pdb
-89.662,-0.17,-1302.257,0.081,-717.393,0.324,450.645,-0.04,relaxed_wt_1_Y_261_T_rep5.pdb
-87.151,2.341,-1301.371,0.967,-719.055,-1.338,450.732,0.047,relaxed_wt_1_Y_268_I_rep4.pdb
-88.829,0.663,-1294.485,7.853,-709.866,7.851,451.635,0.95,relaxed_wt_1_Y_206_F_rep3.pdb
-86.779,2.712,-1297.67,4.668,-715.941,1.776,450.719,0.034,relaxed_wt_1_Y_209_E_rep4.pdb
-88.067,1.425,-1298.491,3.847,-715.026,2.691,449.793,-0.892,relaxed_wt_1_Y_270_N_rep4.pdb
-88.519,0.972,-1298.042,4.296,-711.984,5.733,448.474,-2.211,relaxed_wt_1_Y_187_H_rep3.pdb
-88.611,0.88,-1299.825,2.513,-715.268,2.449,450.714,0.029,relaxed_wt_1_Y_132_V_rep1.pdb
-87.361,2.131,-1299.266,3.072,-716.744,0.973,449.709,-0.976,relaxed_wt_1_Y_296_G_rep5.pdb
-88.707,0.785,-1297.572,4.766,-713.601,4.116,451.797,1.112,relaxed_wt_1_Y_139_Y_rep2.pdb
-87.014,2.477,-1296.766,5.572,-714.376,3.341,450.909,0.224,relaxed_wt_1_Y_261_P_rep3.pdb
-90.003,-0.511,-1298.653,3.685,-713.132,4.585,452.001,1.315,relaxed_wt_1_Y_184_C_rep2.pdb
-89.421,0.07,-1302.419,-0.081,-717.787,-0.071,449.953,-0.732,relaxed_wt_1_Y_270_Y_rep5.pdb
-88.527,0.965,-1308.146,-5.808,-724.402,-6.685,450.038,-0.647,relaxed_wt_1_Y_271_S_rep3.pdb
-89.588,-0.097,-1305.848,-3.51,-720.644,-2.927,448.638,-2.047,relaxed_wt_1_Y_243_L_rep5.pdb
-83.016,6.476,-1290.222,12.116,-712.456,5.261,451.677,0.992,relaxed_wt_1_Y_242_W_rep1.pdb
-89.62,-0.129,-1300.55,1.788,-715.616,2.101,450.695,0.01,relaxed_wt_1_Y_259_R_rep4.pdb
-86.869,2.622,-1300.337,2.001,-718.88,-1.163,451.092,0.407,relaxed_wt_1_Y_140_F_rep2.pdb
-89.496,-0.004,-1303.166,-0.828,-718.473,-0.756,450.931,0.246,relaxed_wt_1_Y_271_W_rep4.pdb
-89.06,0.432,-1299.995,2.343,-715.675,2.042,450.825,0.14,relaxed_wt_1_Y_137_Q_rep5.pdb
-85.749,3.742,-1293.099,9.239,-710.941,6.776,451.504,0.819,relaxed_wt_1_Y_243_K_rep4.pdb
-87.051,2.441,-1300.015,2.323,-717.693,0.024,450.357,-0.328,relaxed_wt_1_Y_163_P_rep4.pdb
-85.978,3.514,-1296.34,5.998,-715.788,1.929,450.46,-0.226,relaxed_wt_1_Y_209_G_rep4.pdb
-89.344,0.148,-1300.27,2.068,-715.716,2.0,451.611,0.926,relaxed_wt_1_Y_259_A_rep2.pdb
-89.411,0.08,-1299.63,2.708,-714.995,2.721,450.612,-0.074,relaxed_wt_1_Y_137_V_rep2.pdb
-90.578,-1.086,-1304.683,-2.345,-718.028,-0.312,448.521,-2.164,relaxed_wt_1_Y_244_L_rep2.pdb
-86.33,3.162,-1297.512,4.826,-715.635,2.082,450.697,0.012,relaxed_wt_1_Y_207_N_rep1.pdb
-89.822,-0.33,-1301.025,1.313,-715.694,2.023,450.398,-0.287,relaxed_wt_1_Y_139_E_rep5.pdb
-89.225,0.267,-1302.74,-0.402,-717.593,0.124,448.842,-1.843,relaxed_wt_1_Y_186_S_rep3.pdb
-89.307,0.185,-1295.948,6.39,-711.311,6.406,449.326,-1.359,relaxed_wt_1_Y_265_C_rep2.pdb
-90.614,-1.123,-1300.966,1.371,-714.816,2.901,451.028,0.343,relaxed_wt_1_Y_186_V_rep3.pdb
-87.606,1.885,-1301.753,0.585,-718.974,-1.257,452.505,1.82,relaxed_wt_1_Y_270_L_rep5.pdb
-83.155,6.336,-1287.946,14.392,-709.823,7.893,450.811,0.126,relaxed_wt_1_Y_207_W_rep2.pdb
-88.891,0.601,-1302.16,0.178,-717.577,0.14,451.319,0.634,relaxed_wt_1_Y_164_I_rep3.pdb
-89.081,0.41,-1300.721,1.617,-716.013,1.704,450.078,-0.607,relaxed_wt_1_Y_135_I_rep4.pdb
-87.459,2.033,-1302.593,-0.255,-719.597,-1.881,450.567,-0.118,relaxed_wt_1_Y_270_T_rep3.pdb
-89.762,-0.27,-1300.217,2.121,-714.961,2.755,451.336,0.651,relaxed_wt_1_Y_186_I_rep5.pdb
-88.89,0.602,-1300.819,1.519,-716.617,1.1,450.582,-0.103,relaxed_wt_1_Y_162_R_rep1.pdb
-87.162,2.33,-1296.357,5.981,-713.984,3.732,450.991,0.306,relaxed_wt_1_Y_205_N_rep4.pdb
-88.722,0.77,-1300.188,2.15,-715.964,1.753,448.926,-1.759,relaxed_wt_1_Y_133_L_rep5.pdb
-89.804,-0.312,-1300.665,1.673,-715.319,2.398,451.383,0.698,relaxed_wt_1_Y_184_A_rep2.pdb
-87.077,2.415,-1298.794,3.544,-716.301,1.416,451.588,0.903,relaxed_wt_1_Y_268_F_rep5.pdb
-90.745,-1.253,-1303.253,-0.915,-715.136,2.581,452.195,1.51,relaxed_wt_1_Y_244_W_rep3.pdb
-87.952,1.54,-1298.144,4.194,-714.98,2.737,449.666,-1.019,relaxed_wt_1_Y_263_H_rep3.pdb
-89.313,0.179,-1302.758,-0.42,-717.984,-0.267,449.654,-1.031,relaxed_wt_1_Y_267_D_rep4.pdb
-89.464,0.027,-1302.37,-0.032,-717.732,-0.015,450.391,-0.294,relaxed_wt_1_Y_162_E_rep3.pdb
-89.476,0.015,-1299.902,2.436,-715.249,2.467,449.665,-1.02,relaxed_wt_1_Y_134_F_rep4.pdb
-87.768,1.724,-1299.382,2.956,-717.338,0.378,452.636,1.951,relaxed_wt_1_Y_296_N_rep1.pdb
-89.048,0.443,-1295.64,6.698,-711.112,6.605,450.446,-0.239,relaxed_wt_1_Y_206_G_rep3.pdb
-89.493,-0.001,-1301.464,0.874,-716.939,0.778,450.081,-0.605,relaxed_wt_1_Y_210_D_rep3.pdb
-89.229,0.262,-1300.959,1.379,-716.522,1.195,449.325,-1.36,relaxed_wt_1_Y_267_P_rep3.pdb
-89.991,-0.499,-1302.001,0.337,-716.495,1.222,450.657,-0.028,relaxed_wt_1_Y_261_I_rep4.pdb
-88.059,1.433,-1299.406,2.932,-715.667,2.05,450.633,-0.052,relaxed_wt_1_Y_162_F_rep4.pdb
-90.378,-0.887,-1303.142,-0.804,-717.536,0.181,448.666,-2.019,relaxed_wt_1_Y_267_M_rep2.pdb
-89.693,-0.202,-1305.463,-3.125,-720.865,-3.149,450.881,0.196,relaxed_wt_1_Y_244_E_rep3.pdb
-88.444,1.047,-1301.199,1.139,-718.019,-0.302,451.299,0.614,relaxed_wt_1_Y_186_S_rep4.pdb
-89.596,-0.104,-1299.711,2.627,-714.94,2.776,449.712,-0.973,relaxed_wt_1_Y_187_G_rep4.pdb
-84.88,4.612,-1294.001,8.337,-712.871,4.845,451.282,0.597,relaxed_wt_1_Y_136_R_rep3.pdb
-87.04,2.451,-1298.882,3.456,-716.492,1.224,449.316,-1.369,relaxed_wt_1_Y_263_G_rep1.pdb
-89.17,0.322,-1300.135,2.203,-715.671,2.046,450.765,0.08,relaxed_wt_1_Y_296_M_rep2.pdb
-87.77,1.721,-1301.383,0.955,-718.799,-1.082,450.221,-0.464,relaxed_wt_1_Y_140_G_rep3.pdb
-90.057,-0.565,-1297.549,4.789,-712.152,5.565,450.711,0.026,relaxed_wt_1_Y_206_H_rep2.pdb
-88.522,0.969,-1302.447,-0.11,-718.931,-1.214,451.946,1.261,relaxed_wt_1_Y_298_H_rep4.pdb
-87.967,1.525,-1298.355,3.983,-715.074,2.642,450.661,-0.024,relaxed_wt_1_Y_297_T_rep3.pdb
-87.612,1.879,-1301.273,1.065,-718.484,-0.768,450.606,-0.079,relaxed_wt_1_Y_164_D_rep1.pdb
-87.987,1.504,-1297.963,4.374,-714.712,3.005,449.631,-1.054,relaxed_wt_1_Y_245_M_rep3.pdb
-89.191,0.301,-1299.768,2.57,-715.354,2.362,450.731,0.046,relaxed_wt_1_Y_135_V_rep1.pdb
-89.444,0.048,-1302.354,-0.016,-717.721,-0.004,449.972,-0.713,relaxed_wt_1_Y_162_E_rep2.pdb
-89.706,-0.214,-1295.345,6.993,-710.454,7.263,451.543,0.858,relaxed_wt_1_Y_137_E_rep3.pdb
-89.502,-0.011,-1301.128,1.21,-716.422,1.295,450.68,-0.005,relaxed_wt_1_Y_134_Q_rep1.pdb
-89.37,0.122,-1299.925,2.413,-716.061,1.655,451.997,1.312,relaxed_wt_1_Y_140_Q_rep4.pdb
-88.387,1.105,-1301.488,0.85,-717.47,0.247,449.315,-1.37,relaxed_wt_1_Y_164_S_rep4.pdb
-89.509,-0.018,-1308.012,-5.674,-723.293,-5.576,450.094,-0.592,relaxed_wt_1_Y_262_V_rep2.pdb
-83.903,5.589,-1290.156,12.182,-711.51,6.206,451.68,0.995,relaxed_wt_1_Y_297_W_rep4.pdb
-87.036,2.456,-1301.082,1.255,-718.882,-1.166,450.485,-0.201,relaxed_wt_1_Y_268_I_rep1.pdb
-86.762,2.729,-1300.167,2.171,-719.039,-1.322,451.461,0.776,relaxed_wt_1_Y_296_I_rep1.pdb
-84.439,5.052,-1294.796,7.542,-714.467,3.25,453.991,3.306,relaxed_wt_1_Y_132_Y_rep5.pdb
-89.119,0.373,-1301.38,0.958,-717.04,0.677,448.946,-1.74,relaxed_wt_1_Y_162_N_rep4.pdb
-92.448,-2.957,-1305.901,-3.563,-718.205,-0.488,451.803,1.118,relaxed_wt_1_Y_140_M_rep1.pdb
-88.634,0.858,-1298.441,3.897,-714.563,3.153,450.432,-0.253,relaxed_wt_1_Y_164_M_rep5.pdb
-89.392,0.1,-1305.046,-2.708,-720.3,-2.584,449.836,-0.849,relaxed_wt_1_Y_208_T_rep5.pdb
-81.509,7.983,-1296.157,6.181,-719.38,-1.663,449.211,-1.474,relaxed_wt_1_Y_262_P_rep3.pdb
-89.252,0.239,-1302.432,-0.095,-717.563,0.154,450.654,-0.031,relaxed_wt_1_Y_267_S_rep3.pdb
-88.556,0.935,-1306.77,-4.432,-722.962,-5.245,449.342,-1.343,relaxed_wt_1_Y_271_T_rep5.pdb
-88.949,0.543,-1297.504,4.834,-713.023,4.693,450.965,0.28,relaxed_wt_1_Y_134_G_rep2.pdb
-87.119,2.372,-1297.701,4.637,-715.936,1.781,450.278,-0.407,relaxed_wt_1_Y_163_W_rep4.pdb
-88.215,1.276,-1301.772,0.566,-718.994,-1.277,450.224,-0.461,relaxed_wt_1_Y_140_W_rep5.pdb
-82.933,6.558,-1293.304,9.034,-714.946,2.771,451.91,1.225,relaxed_wt_1_Y_138_P_rep5.pdb
-89.263,0.229,-1302.755,-0.417,-718.206,-0.489,449.356,-1.329,relaxed_wt_1_Y_266_H_rep1.pdb
-91.591,-2.099,-1302.518,-0.181,-715.621,2.096,450.337,-0.348,relaxed_wt_1_Y_210_W_rep5.pdb
-88.693,0.798,-1301.262,1.076,-716.931,0.786,449.661,-1.024,relaxed_wt_1_Y_186_D_rep2.pdb
-89.644,-0.153,-1298.609,3.729,-713.735,3.982,450.979,0.294,relaxed_wt_1_Y_208_G_rep5.pdb
-87.918,1.573,-1293.247,9.091,-710.068,7.649,448.748,-1.937,relaxed_wt_1_Y_241_G_rep3.pdb
-88.101,1.39,-1303.719,-1.381,-720.501,-2.784,451.789,1.104,relaxed_wt_1_Y_271_G_rep5.pdb
-89.094,0.397,-1301.313,1.024,-716.937,0.78,449.258,-1.427,relaxed_wt_1_Y_162_Q_rep4.pdb
-87.931,1.561,-1293.986,8.352,-710.971,6.745,448.982,-1.704,relaxed_wt_1_Y_245_S_rep4.pdb
-85.073,4.418,-1292.798,9.54,-712.531,5.185,451.409,0.723,relaxed_wt_1_Y_272_Y_rep1.pdb
-87.878,1.614,-1298.534,3.804,-715.631,2.086,450.774,0.089,relaxed_wt_1_Y_296_V_rep4.pdb
-89.29,0.202,-1302.786,-0.448,-718.048,-0.331,450.961,0.276,relaxed_wt_1_Y_163_K_rep2.pdb
-86.906,2.586,-1297.343,4.995,-714.99,2.726,451.623,0.938,relaxed_wt_1_Y_163_N_rep5.pdb
-88.291,1.2,-1301.731,0.607,-718.872,-1.155,449.953,-0.732,relaxed_wt_1_Y_140_W_rep4.pdb
-90.078,-0.587,-1299.178,3.16,-713.903,3.813,449.812,-0.873,relaxed_wt_1_Y_133_I_rep2.pdb
-89.408,0.084,-1303.27,-0.932,-718.505,-0.788,450.302,-0.383,relaxed_wt_1_Y_208_S_rep5.pdb
-87.624,1.867,-1300.011,2.327,-717.124,0.593,451.626,0.941,relaxed_wt_1_Y_297_S_rep3.pdb
-89.173,0.318,-1300.44,1.898,-716.0,1.717,451.665,0.98,relaxed_wt_1_Y_266_M_rep1.pdb
-85.872,3.62,-1296.914,5.424,-714.044,3.673,450.137,-0.548,relaxed_wt_1_Y_136_W_rep5.pdb
-84.897,4.595,-1294.418,7.92,-713.668,4.049,450.445,-0.24,relaxed_wt_1_Y_136_N_rep4.pdb
-88.227,1.265,-1297.665,4.673,-714.249,3.468,450.99,0.305,relaxed_wt_1_Y_260_E_rep5.pdb
-89.001,0.491,-1301.843,0.495,-717.628,0.088,450.693,0.008,relaxed_wt_1_Y_136_F_rep2.pdb
-85.479,4.013,-1300.173,2.164,-718.923,-1.207,451.17,0.485,relaxed_wt_1_Y_268_D_rep3.pdb
-85.278,4.214,-1298.197,4.141,-714.889,2.828,449.142,-1.543,relaxed_wt_1_Y_132_K_rep5.pdb
-87.81,1.681,-1297.455,4.882,-714.295,3.421,450.739,0.054,relaxed_wt_1_Y_205_I_rep5.pdb
-87.674,1.817,-1304.191,-1.853,-722.532,-4.815,449.389,-1.296,relaxed_wt_1_Y_244_H_rep4.pdb
-89.255,0.237,-1302.339,-0.001,-717.48,0.237,450.649,-0.036,relaxed_wt_1_Y_267_S_rep4.pdb
-88.912,0.579,-1297.749,4.588,-713.296,4.421,449.629,-1.057,relaxed_wt_1_Y_243_D_rep5.pdb
-89.081,0.411,-1301.237,1.101,-716.779,0.937,449.65,-1.035,relaxed_wt_1_Y_266_N_rep2.pdb
-83.087,6.405,-1295.101,7.237,-716.002,1.715,450.178,-0.507,relaxed_wt_1_Y_138_T_rep3.pdb
-89.418,0.073,-1302.365,-0.028,-717.757,-0.04,449.359,-1.326,relaxed_wt_1_Y_164_K_rep4.pdb
-88.93,0.562,-1282.201,20.137,-697.74,19.977,449.714,-0.971,relaxed_wt_1_Y_186_P_rep3.pdb
-85.393,4.098,-1293.191,9.147,-712.367,5.35,450.433,-0.252,relaxed_wt_1_Y_207_G_rep5.pdb
-89.471,0.02,-1293.832,8.506,-709.145,8.572,449.623,-1.062,relaxed_wt_1_Y_241_C_rep2.pdb
-88.85,0.642,-1302.412,-0.074,-718.11,-0.393,450.707,0.022,relaxed_wt_1_Y_266_G_rep1.pdb
-87.905,1.587,-1294.642,7.696,-711.579,6.137,451.011,0.326,relaxed_wt_1_Y_245_C_rep2.pdb
-89.031,0.46,-1296.577,5.761,-712.338,5.379,450.681,-0.004,relaxed_wt_1_Y_245_H_rep3.pdb
-90.111,-0.619,-1293.667,8.671,-708.025,9.692,450.214,-0.471,relaxed_wt_1_Y_137_P_rep2.pdb
-89.631,-0.14,-1298.103,4.235,-712.716,5.0,449.315,-1.37,relaxed_wt_1_Y_260_M_rep4.pdb
-86.655,2.837,-1298.041,4.297,-715.962,1.755,450.456,-0.23,relaxed_wt_1_Y_207_C_rep4.pdb
-88.293,1.199,-1300.339,1.999,-716.987,0.73,449.838,-0.847,relaxed_wt_1_Y_164_F_rep1.pdb
-89.141,0.35,-1301.567,0.771,-717.183,0.534,449.344,-1.341,relaxed_wt_1_Y_210_K_rep4.pdb
-89.245,0.247,-1302.483,-0.145,-717.838,-0.121,450.262,-0.423,relaxed_wt_1_Y_208_N_rep2.pdb
-86.848,2.644,-1293.627,8.711,-711.994,5.722,450.956,0.271,relaxed_wt_1_Y_245_S_rep2.pdb
-86.701,2.79,-1301.463,0.875,-720.21,-2.493,449.243,-1.442,relaxed_wt_1_Y_140_Y_rep1.pdb
-89.236,0.256,-1302.1,0.237,-717.696,0.021,450.695,0.01,relaxed_wt_1_Y_205_Y_rep2.pdb
-88.357,1.134,-1299.889,2.449,-715.894,1.822,451.486,0.801,relaxed_wt_1_Y_210_Y_rep1.pdb
-88.344,1.148,-1303.437,-1.099,-719.44,-1.723,452.147,1.462,relaxed_wt_1_Y_139_A_rep5.pdb
-85.895,3.597,-1291.034,11.304,-709.657,8.06,451.591,0.906,relaxed_wt_1_Y_185_W_rep1.pdb
-85.89,3.601,-1297.087,5.251,-716.094,1.623,452.46,1.775,relaxed_wt_1_Y_136_H_rep3.pdb
-89.169,0.323,-1302.813,-0.475,-718.253,-0.536,450.702,0.017,relaxed_wt_1_Y_266_Y_rep5.pdb
-88.022,1.47,-1298.601,3.736,-714.84,2.877,450.913,0.228,relaxed_wt_1_Y_243_F_rep5.pdb
-87.603,1.889,-1298.66,3.678,-716.046,1.671,451.1,0.415,relaxed_wt_1_Y_132_V_rep2.pdb
-87.596,1.895,-1302.304,0.034,-718.89,-1.173,449.427,-1.258,relaxed_wt_1_Y_163_E_rep3.pdb
-89.122,0.37,-1301.161,1.177,-716.792,0.925,448.895,-1.79,relaxed_wt_1_Y_162_A_rep4.pdb
-89.219,0.273,-1302.94,-0.602,-718.499,-0.782,450.633,-0.052,relaxed_wt_1_Y_187_P_rep1.pdb
-85.318,4.174,-1293.359,8.979,-712.728,4.989,451.025,0.34,relaxed_wt_1_Y_136_S_rep5.pdb
-88.787,0.705,-1302.327,0.011,-717.863,-0.147,449.282,-1.403,relaxed_wt_1_Y_261_H_rep4.pdb
-88.849,0.643,-1294.122,8.216,-710.157,7.56,449.936,-0.749,relaxed_wt_1_Y_206_F_rep2.pdb
-86.178,3.313,-1294.679,7.659,-712.756,4.961,449.968,-0.717,relaxed_wt_1_Y_185_W_rep4.pdb
-85.464,4.027,-1297.659,4.679,-714.413,3.304,450.618,-0.067,relaxed_wt_1_Y_207_H_rep3.pdb
-89.188,0.303,-1300.018,2.32,-715.577,2.14,449.795,-0.89,relaxed_wt_1_Y_137_Q_rep1.pdb
-84.547,4.944,-1294.764,7.574,-714.777,2.94,451.659,0.974,relaxed_wt_1_Y_138_Q_rep3.pdb
-85.204,4.287,-1288.541,13.797,-707.505,10.212,452.307,1.621,relaxed_wt_1_Y_135_W_rep1.pdb
-89.548,-0.057,-1299.682,2.656,-714.253,3.464,451.745,1.06,relaxed_wt_1_Y_184_P_rep3.pdb
-87.983,1.509,-1299.369,2.969,-716.03,1.686,452.37,1.685,relaxed_wt_1_Y_163_R_rep5.pdb
-86.219,3.272,-1301.183,1.155,-719.789,-2.072,454.719,4.034,relaxed_wt_1_Y_242_L_rep2.pdb
-89.38,0.111,-1302.977,-0.639,-718.402,-0.685,450.89,0.205,relaxed_wt_1_Y_162_V_rep5.pdb
-78.152,11.34,-1293.951,8.387,-719.699,-1.982,453.689,3.003,relaxed_wt_1_Y_242_E_rep1.pdb
-90.874,-1.382,-1300.645,1.693,-714.567,3.15,449.319,-1.366,relaxed_wt_1_Y_187_M_rep4.pdb
-87.895,1.596,-1298.456,3.882,-715.538,2.179,450.764,0.079,relaxed_wt_1_Y_296_V_rep1.pdb
-89.425,0.066,-1305.334,-2.996,-720.569,-2.852,449.647,-1.038,relaxed_wt_1_Y_208_H_rep5.pdb
-89.394,0.098,-1301.332,1.006,-716.785,0.932,449.394,-1.291,relaxed_wt_1_Y_271_H_rep5.pdb
-89.044,0.447,-1297.904,4.434,-713.547,4.17,450.56,-0.125,relaxed_wt_1_Y_162_G_rep3.pdb
-89.791,-0.3,-1300.132,2.206,-715.072,2.645,450.687,0.001,relaxed_wt_1_Y_261_N_rep4.pdb
-88.931,0.561,-1302.373,-0.035,-718.286,-0.569,449.41,-1.275,relaxed_wt_1_Y_205_W_rep2.pdb
-87.759,1.733,-1298.932,3.406,-715.245,2.472,450.692,0.007,relaxed_wt_1_Y_264_N_rep3.pdb
-89.944,-0.452,-1302.509,-0.171,-716.707,1.01,450.669,-0.017,relaxed_wt_1_Y_139_A_rep3.pdb
-87.887,1.605,-1299.16,3.178,-715.952,1.765,449.653,-1.032,relaxed_wt_1_Y_264_C_rep5.pdb
-89.132,0.359,-1301.722,0.616,-717.399,0.318,448.993,-1.692,relaxed_wt_1_Y_135_L_rep4.pdb
-89.512,-0.021,-1302.345,-0.007,-717.687,0.03,448.687,-1.998,relaxed_wt_1_Y_185_D_rep5.pdb
-89.398,0.094,-1302.921,-0.583,-718.331,-0.615,449.304,-1.381,relaxed_wt_1_Y_162_V_rep4.pdb
-88.983,0.509,-1298.974,3.364,-714.44,3.277,450.755,0.07,relaxed_wt_1_Y_186_G_rep1.pdb
-82.188,7.303,-1291.646,10.692,-713.967,3.75,450.62,-0.065,relaxed_wt_1_Y_138_G_rep2.pdb
-89.318,0.173,-1297.026,5.312,-712.444,5.273,451.147,0.462,relaxed_wt_1_Y_137_M_rep2.pdb
-89.186,0.305,-1301.18,1.158,-716.749,0.967,449.342,-1.343,relaxed_wt_1_Y_162_N_rep1.pdb
-90.12,-0.628,-1300.314,2.024,-715.028,2.688,449.218,-1.467,relaxed_wt_1_Y_139_H_rep2.pdb
-86.627,2.864,-1296.25,6.088,-714.666,3.051,451.368,0.683,relaxed_wt_1_Y_261_P_rep5.pdb
-87.35,2.142,-1299.43,2.908,-716.868,0.848,451.18,0.495,relaxed_wt_1_Y_260_S_rep5.pdb
-89.045,0.446,-1305.086,-2.748,-720.839,-3.123,449.647,-1.038,relaxed_wt_1_Y_271_D_rep5.pdb
-87.422,2.07,-1301.547,0.791,-718.01,-0.293,449.361,-1.324,relaxed_wt_1_Y_263_K_rep3.pdb
-88.241,1.25,-1299.555,2.783,-715.61,2.107,450.317,-0.368,relaxed_wt_1_Y_164_A_rep1.pdb
-89.127,0.364,-1298.585,3.753,-714.199,3.518,451.635,0.95,relaxed_wt_1_Y_162_G_rep1.pdb
-86.366,3.126,-1295.042,7.296,-713.697,4.02,451.912,1.227,relaxed_wt_1_Y_297_Q_rep1.pdb
-87.516,1.975,-1296.259,6.079,-713.499,4.218,451.679,0.994,relaxed_wt_1_Y_264_G_rep4.pdb
-89.761,-0.27,-1306.153,-3.815,-720.758,-3.041,449.642,-1.043,relaxed_wt_1_Y_243_L_rep2.pdb
-90.382,-0.891,-1305.602,-3.264,-720.471,-2.754,449.674,-1.011,relaxed_wt_1_Y_244_I_rep5.pdb
-86.526,2.966,-1298.928,3.41,-716.974,0.743,449.698,-0.987,relaxed_wt_1_Y_185_T_rep4.pdb
-87.363,2.128,-1300.253,2.085,-717.078,0.639,450.467,-0.218,relaxed_wt_1_Y_263_F_rep3.pdb
-83.82,5.672,-1281.056,21.281,-701.889,15.828,450.488,-0.197,relaxed_wt_1_Y_243_R_rep4.pdb
-89.405,0.087,-1303.367,-1.029,-719.193,-1.476,449.856,-0.83,relaxed_wt_1_Y_244_V_rep3.pdb
-89.243,0.248,-1302.833,-0.495,-718.143,-0.426,450.236,-0.449,relaxed_wt_1_Y_264_F_rep2.pdb
-85.669,3.823,-1294.326,8.012,-713.376,4.341,451.026,0.341,relaxed_wt_1_Y_136_A_rep4.pdb
-84.534,4.957,-1297.045,5.293,-715.069,2.647,450.644,-0.041,relaxed_wt_1_Y_207_H_rep5.pdb
-87.836,1.655,-1297.499,4.839,-714.978,2.739,452.324,1.639,relaxed_wt_1_Y_164_W_rep3.pdb
-86.448,3.044,-1286.312,16.026,-704.095,13.622,451.151,0.466,relaxed_wt_1_Y_206_W_rep2.pdb
-84.854,4.637,-1298.066,4.272,-717.631,0.086,449.975,-0.71,relaxed_wt_1_Y_138_V_rep4.pdb
-88.592,0.9,-1310.617,-8.279,-726.797,-9.08,449.661,-1.024,relaxed_wt_1_Y_298_G_rep5.pdb
-87.811,1.681,-1303.427,-1.089,-720.597,-2.88,450.137,-0.548,relaxed_wt_1_Y_270_I_rep5.pdb
-89.642,-0.151,-1301.474,0.864,-716.222,1.495,449.616,-1.069,relaxed_wt_1_Y_164_L_rep2.pdb
-89.195,0.297,-1301.074,1.264,-716.626,1.09,451.578,0.893,relaxed_wt_1_Y_162_D_rep5.pdb
-89.333,0.158,-1301.329,1.009,-716.813,0.904,450.689,0.004,relaxed_wt_1_Y_271_H_rep1.pdb
-87.533,1.959,-1299.765,2.573,-717.177,0.54,448.998,-1.687,relaxed_wt_1_Y_163_L_rep1.pdb
-86.725,2.767,-1298.871,3.467,-716.368,1.349,449.634,-1.052,relaxed_wt_1_Y_163_I_rep5.pdb
-89.249,0.243,-1299.607,2.731,-715.047,2.67,450.645,-0.04,relaxed_wt_1_Y_134_S_rep3.pdb
-88.626,0.865,-1302.736,-0.399,-718.804,-1.087,450.282,-0.403,relaxed_wt_1_Y_187_E_rep2.pdb
-89.749,-0.258,-1300.086,2.252,-715.179,2.537,448.994,-1.691,relaxed_wt_1_Y_265_E_rep2.pdb
-87.16,2.332,-1299.321,3.017,-716.698,1.018,451.276,0.591,relaxed_wt_1_Y_207_R_rep3.pdb
-89.017,0.475,-1301.754,0.584,-717.057,0.659,450.36,-0.325,relaxed_wt_1_Y_244_D_rep1.pdb
-87.928,1.564,-1299.921,2.417,-717.981,-0.264,451.659,0.974,relaxed_wt_1_Y_296_F_rep4.pdb
-89.255,0.237,-1293.594,8.744,-708.998,8.719,449.797,-0.888,relaxed_wt_1_Y_206_E_rep1.pdb
-85.404,4.088,-1301.354,0.984,-720.723,-3.007,450.615,-0.07,relaxed_wt_1_Y_268_E_rep5.pdb
-87.532,1.96,-1293.066,9.272,-710.387,7.33,449.497,-1.188,relaxed_wt_1_Y_245_Q_rep3.pdb
-89.273,0.218,-1301.468,0.87,-716.743,0.973,451.822,1.137,relaxed_wt_1_Y_270_W_rep1.pdb
-87.923,1.569,-1298.819,3.519,-715.743,1.974,449.946,-0.739,relaxed_wt_1_Y_243_G_rep5.pdb
-89.355,0.137,-1301.9,0.438,-717.299,0.418,450.367,-0.318,relaxed_wt_1_Y_272_I_rep5.pdb
-89.369,0.123,-1299.485,2.853,-714.869,2.847,450.347,-0.338,relaxed_wt_1_Y_137_V_rep3.pdb
-87.829,1.663,-1298.236,4.102,-715.191,2.526,451.006,0.321,relaxed_wt_1_Y_184_C_rep3.pdb
-88.417,1.074,-1300.019,2.318,-716.58,1.137,449.904,-0.781,relaxed_wt_1_Y_164_F_rep2.pdb
-88.818,0.674,-1301.491,0.847,-717.491,0.225,448.923,-1.762,relaxed_wt_1_Y_210_N_rep5.pdb
-89.125,0.366,-1299.647,2.691,-715.365,2.352,450.757,0.072,relaxed_wt_1_Y_267_G_rep5.pdb
-89.41,0.082,-1296.612,5.726,-711.832,5.885,449.575,-1.11,relaxed_wt_1_Y_265_C_rep4.pdb
-89.341,0.151,-1300.775,1.563,-716.257,1.46,449.446,-1.239,relaxed_wt_1_Y_266_M_rep2.pdb
-89.319,0.172,-1301.049,1.289,-716.477,1.24,450.682,-0.003,relaxed_wt_1_Y_134_E_rep4.pdb
-90.732,-1.241,-1300.921,1.417,-714.618,3.099,449.374,-1.311,relaxed_wt_1_Y_186_V_rep2.pdb
-87.496,1.996,-1304.526,-2.188,-721.821,-4.104,449.761,-0.924,relaxed_wt_1_Y_270_T_rep4.pdb
-86.663,2.829,-1299.617,2.721,-717.621,0.096,450.352,-0.333,relaxed_wt_1_Y_272_S_rep1.pdb
-87.667,1.825,-1300.332,2.006,-716.802,0.915,450.658,-0.027,relaxed_wt_1_Y_268_Y_rep4.pdb
-89.278,0.213,-1298.896,3.442,-712.096,5.621,452.125,1.44,relaxed_wt_1_Y_298_W_rep2.pdb
-86.253,3.239,-1299.415,2.923,-718.56,-0.843,451.433,0.748,relaxed_wt_1_Y_209_S_rep1.pdb
-89.203,0.289,-1296.509,5.829,-711.774,5.943,451.211,0.526,relaxed_wt_1_Y_187_F_rep4.pdb
-89.112,0.38,-1297.447,4.891,-713.103,4.614,449.333,-1.352,relaxed_wt_1_Y_205_L_rep5.pdb
-88.655,0.836,-1301.634,0.704,-717.614,0.103,449.712,-0.973,relaxed_wt_1_Y_272_V_rep3.pdb
-89.237,0.255,-1296.297,6.041,-711.595,6.122,450.693,0.008,relaxed_wt_1_Y_137_M_rep3.pdb
-88.132,1.359,-1297.094,5.244,-713.853,3.864,451.009,0.324,relaxed_wt_1_Y_187_R_rep4.pdb
-89.215,0.277,-1301.073,1.265,-716.702,1.015,450.217,-0.468,relaxed_wt_1_Y_266_L_rep4.pdb
-87.881,1.611,-1299.478,2.86,-716.277,1.44,449.658,-1.028,relaxed_wt_1_Y_264_C_rep3.pdb
-87.351,2.14,-1299.097,3.241,-716.211,1.506,449.223,-1.462,relaxed_wt_1_Y_207_M_rep1.pdb
-88.823,0.668,-1297.812,4.526,-714.512,3.205,451.121,0.436,relaxed_wt_1_Y_138_W_rep3.pdb
-89.431,0.061,-1302.42,-0.082,-717.805,-0.088,450.367,-0.318,relaxed_wt_1_Y_268_M_rep2.pdb
-89.22,0.272,-1301.541,0.797,-717.119,0.597,450.72,0.035,relaxed_wt_1_Y_205_Y_rep1.pdb
-87.017,2.474,-1299.326,3.012,-717.13,0.587,450.168,-0.518,relaxed_wt_1_Y_133_A_rep2.pdb
-84.582,4.909,-1296.683,5.655,-716.544,1.173,449.674,-1.011,relaxed_wt_1_Y_207_E_rep3.pdb
-88.631,0.861,-1300.547,1.791,-716.858,0.859,451.442,0.757,relaxed_wt_1_Y_132_L_rep3.pdb
-88.489,1.003,-1301.764,0.574,-718.499,-0.782,451.358,0.673,relaxed_wt_1_Y_162_I_rep4.pdb
-87.532,1.96,-1301.843,0.495,-718.932,-1.216,451.223,0.538,relaxed_wt_1_Y_163_E_rep5.pdb
-90.896,-1.405,-1298.218,4.12,-711.888,5.829,450.82,0.135,relaxed_wt_1_Y_184_I_rep1.pdb
-89.119,0.373,-1301.101,1.237,-716.705,1.012,450.284,-0.401,relaxed_wt_1_Y_162_K_rep2.pdb
-88.03,1.461,-1301.124,1.214,-717.046,0.67,450.374,-0.311,relaxed_wt_1_Y_132_Q_rep4.pdb
-87.997,1.494,-1292.753,9.585,-709.589,8.127,450.98,0.295,relaxed_wt_1_Y_245_D_rep5.pdb
-89.609,-0.117,-1300.409,1.929,-715.622,2.094,450.44,-0.245,relaxed_wt_1_Y_187_G_rep2.pdb
-89.407,0.084,-1298.501,3.837,-713.901,3.816,450.674,-0.011,relaxed_wt_1_Y_134_M_rep4.pdb
-85.754,3.737,-1297.596,4.742,-717.173,0.544,452.853,2.168,relaxed_wt_1_Y_207_C_rep2.pdb
-89.162,0.33,-1299.324,3.014,-714.756,2.961,450.583,-0.102,relaxed_wt_1_Y_264_D_rep1.pdb
-85.709,3.783,-1298.358,3.98,-717.092,0.624,449.642,-1.043,relaxed_wt_1_Y_207_K_rep1.pdb
-88.099,1.393,-1300.489,1.849,-717.163,0.553,449.471,-1.214,relaxed_wt_1_Y_210_H_rep4.pdb
-88.669,0.822,-1300.011,2.327,-716.71,1.007,449.995,-0.69,relaxed_wt_1_Y_296_N_rep5.pdb
-85.074,4.418,-1290.414,11.924,-709.893,7.824,452.28,1.595,relaxed_wt_1_Y_241_Y_rep4.pdb
-88.735,0.756,-1302.759,-0.421,-718.541,-0.824,450.352,-0.333,relaxed_wt_1_Y_139_W_rep5.pdb
-89.57,-0.079,-1302.773,-0.435,-717.852,-0.135,449.149,-1.536,relaxed_wt_1_Y_208_Q_rep1.pdb
-89.115,0.376,-1301.607,0.731,-717.23,0.486,449.283,-1.402,relaxed_wt_1_Y_162_M_rep4.pdb
-85.853,3.638,-1294.558,7.78,-713.401,4.315,449.164,-1.521,relaxed_wt_1_Y_136_T_rep5.pdb
-87.751,1.74,-1299.531,2.807,-717.531,0.185,450.377,-0.308,relaxed_wt_1_Y_296_N_rep3.pdb
-84.477,5.014,-1296.972,5.366,-718.433,-0.716,453.379,2.694,relaxed_wt_1_Y_209_F_rep2.pdb
-88.274,1.217,-1299.566,2.772,-715.542,2.175,449.721,-0.964,relaxed_wt_1_Y_260_Q_rep1.pdb
-88.276,1.216,-1295.958,6.38,-712.959,4.758,451.77,1.085,relaxed_wt_1_Y_135_E_rep4.pdb
-86.844,2.648,-1298.969,3.369,-717.41,0.307,449.767,-0.918,relaxed_wt_1_Y_133_R_rep5.pdb
-87.797,1.695,-1292.977,9.361,-709.865,7.851,449.508,-1.177,relaxed_wt_1_Y_272_R_rep4.pdb
-89.086,0.405,-1302.688,-0.35,-718.154,-0.437,449.718,-0.967,relaxed_wt_1_Y_266_E_rep4.pdb
-79.883,9.608,-1287.393,14.945,-711.745,5.972,455.277,4.592,relaxed_wt_1_Y_132_W_rep3.pdb
-80.703,8.788,-1293.191,9.147,-713.255,4.461,450.468,-0.217,relaxed_wt_1_Y_209_K_rep1.pdb
-88.564,0.928,-1303.71,-1.372,-719.825,-2.108,449.218,-1.467,relaxed_wt_1_Y_187_E_rep5.pdb
-87.993,1.498,-1302.929,-0.591,-719.7,-1.983,450.916,0.231,relaxed_wt_1_Y_297_A_rep1.pdb
-86.843,2.648,-1297.821,4.517,-715.517,2.2,451.608,0.923,relaxed_wt_1_Y_163_N_rep3.pdb
-82.355,7.136,-1295.246,7.092,-718.883,-1.166,453.411,2.726,relaxed_wt_1_Y_209_H_rep3.pdb
-89.979,-0.488,-1301.734,0.604,-716.082,1.635,449.28,-1.405,relaxed_wt_1_Y_259_W_rep3.pdb
-89.397,0.095,-1302.293,0.045,-717.73,-0.013,448.647,-2.038,relaxed_wt_1_Y_184_E_rep5.pdb
-89.443,0.049,-1297.707,4.631,-713.006,4.711,451.992,1.307,relaxed_wt_1_Y_298_M_rep5.pdb
-83.861,5.631,-1297.293,5.045,-716.946,0.771,451.825,1.14,relaxed_wt_1_Y_297_Y_rep4.pdb
-84.727,4.764,-1295.404,6.934,-714.574,3.143,450.701,0.016,relaxed_wt_1_Y_136_N_rep2.pdb
-89.491,0.001,-1298.737,3.601,-713.923,3.794,451.387,0.702,relaxed_wt_1_Y_137_A_rep1.pdb
-87.97,1.522,-1308.922,-6.584,-725.65,-7.933,450.462,-0.223,relaxed_wt_1_Y_271_A_rep1.pdb
-88.386,1.105,-1300.785,1.553,-717.65,0.067,451.563,0.877,relaxed_wt_1_Y_298_A_rep2.pdb
-88.85,0.641,-1300.045,2.293,-715.346,2.371,450.589,-0.096,relaxed_wt_1_Y_163_R_rep1.pdb
-87.212,2.28,-1298.867,3.471,-716.044,1.673,449.388,-1.297,relaxed_wt_1_Y_270_Q_rep3.pdb
-83.451,6.041,-1293.774,8.564,-714.457,3.259,449.517,-1.168,relaxed_wt_1_Y_138_C_rep3.pdb
-88.384,1.107,-1283.655,18.683,-699.897,17.82,449.63,-1.055,relaxed_wt_1_Y_206_K_rep3.pdb
-87.709,1.783,-1300.332,2.006,-717.415,0.302,450.86,0.175,relaxed_wt_1_Y_268_Y_rep5.pdb
-88.504,0.988,-1298.57,3.768,-714.938,2.778,452.426,1.741,relaxed_wt_1_Y_139_R_rep1.pdb
-89.475,0.017,-1299.932,2.405,-714.654,3.063,449.674,-1.011,relaxed_wt_1_Y_184_H_rep3.pdb
-88.578,0.914,-1299.003,3.335,-714.969,2.748,449.778,-0.907,relaxed_wt_1_Y_184_G_rep4.pdb
-90.587,-1.095,-1289.413,12.925,-704.206,13.511,449.509,-1.176,relaxed_wt_1_Y_244_P_rep4.pdb
-72.233,17.259,-1284.558,17.78,-717.132,0.585,463.161,12.476,relaxed_wt_1_Y_208_P_rep5.pdb
-87.59,1.902,-1300.537,1.801,-717.727,-0.01,448.827,-1.858,relaxed_wt_1_Y_164_N_rep1.pdb
-90.913,-1.422,-1300.557,1.781,-714.469,3.248,450.4,-0.285,relaxed_wt_1_Y_187_M_rep1.pdb
-86.579,2.912,-1301.482,0.856,-720.362,-2.645,450.783,0.098,relaxed_wt_1_Y_140_Y_rep5.pdb
-88.717,0.774,-1305.016,-2.678,-720.787,-3.071,451.031,0.346,relaxed_wt_1_Y_298_L_rep5.pdb
-89.196,0.296,-1302.426,-0.088,-717.872,-0.155,451.16,0.475,relaxed_wt_1_Y_186_K_rep3.pdb
-90.086,-0.594,-1301.33,1.008,-716.088,1.629,450.727,0.042,relaxed_wt_1_Y_261_L_rep3.pdb
-88.714,0.778,-1304.743,-2.405,-720.758,-3.041,451.137,0.452,relaxed_wt_1_Y_139_S_rep5.pdb
-83.702,5.789,-1295.87,6.467,-716.695,1.022,450.003,-0.682,relaxed_wt_1_Y_138_Q_rep1.pdb
-89.97,-0.478,-1304.72,-2.382,-719.542,-1.825,451.161,0.476,relaxed_wt_1_Y_208_M_rep3.pdb
-84.625,4.866,-1294.592,7.746,-714.739,2.977,450.314,-0.371,relaxed_wt_1_Y_268_W_rep4.pdb
-88.28,1.212,-1304.352,-2.014,-721.474,-3.757,449.947,-0.738,relaxed_wt_1_Y_139_S_rep3.pdb
-87.56,1.932,-1298.929,3.408,-716.367,1.349,449.255,-1.431,relaxed_wt_1_Y_272_P_rep1.pdb
-89.588,-0.097,-1304.365,-2.027,-719.457,-1.74,450.294,-0.391,relaxed_wt_1_Y_208_I_rep2.pdb
-89.055,0.437,-1300.599,1.739,-716.431,1.286,449.735,-0.95,relaxed_wt_1_Y_207_L_rep3.pdb
-89.124,0.368,-1298.947,3.391,-714.066,3.65,450.64,-0.045,relaxed_wt_1_Y_265_Q_rep5.pdb
-89.064,0.428,-1301.596,0.742,-717.34,0.377,449.617,-1.068,relaxed_wt_1_Y_259_D_rep4.pdb
-89.229,0.263,-1301.66,0.678,-716.804,0.913,449.977,-0.708,relaxed_wt_1_Y_259_S_rep1.pdb
-89.29,0.202,-1303.224,-0.886,-718.743,-1.026,450.692,0.007,relaxed_wt_1_Y_266_H_rep5.pdb
-89.605,-0.114,-1299.047,3.291,-714.124,3.593,450.048,-0.637,relaxed_wt_1_Y_137_A_rep4.pdb
-88.438,1.054,-1299.213,3.125,-715.403,2.314,450.811,0.126,relaxed_wt_1_Y_133_H_rep2.pdb
-85.057,4.434,-1293.423,8.915,-713.144,4.573,452.13,1.445,relaxed_wt_1_Y_262_W_rep4.pdb
-88.554,0.938,-1301.542,0.796,-717.306,0.411,449.597,-1.089,relaxed_wt_1_Y_164_V_rep5.pdb
-87.777,1.714,-1300.209,2.129,-717.699,0.018,450.33,-0.356,relaxed_wt_1_Y_140_D_rep4.pdb
-85.658,3.834,-1298.526,3.812,-714.614,3.102,449.649,-1.036,relaxed_wt_1_Y_262_N_rep4.pdb
-85.675,3.816,-1288.231,14.107,-707.65,10.067,451.422,0.737,relaxed_wt_1_Y_206_R_rep4.pdb
-89.141,0.351,-1297.744,4.594,-713.4,4.317,449.889,-0.796,relaxed_wt_1_Y_187_K_rep4.pdb
-89.356,0.135,-1304.602,-2.264,-719.989,-2.272,450.656,-0.029,relaxed_wt_1_Y_261_Q_rep4.pdb
-89.474,0.018,-1301.776,0.562,-716.645,1.072,449.546,-1.139,relaxed_wt_1_Y_259_H_rep4.pdb
-89.431,0.061,-1301.838,0.5,-717.219,0.497,450.712,0.027,relaxed_wt_1_Y_259_E_rep2.pdb
-88.587,0.904,-1298.606,3.731,-714.474,3.243,450.859,0.174,relaxed_wt_1_Y_186_A_rep1.pdb
-77.153,12.338,-1287.47,14.868,-715.072,2.644,457.431,6.746,relaxed_wt_1_Y_209_K_rep2.pdb
-88.562,0.929,-1300.246,2.092,-716.277,1.44,449.932,-0.753,relaxed_wt_1_Y_140_H_rep1.pdb
-88.786,0.706,-1302.835,-0.497,-718.891,-1.174,450.779,0.094,relaxed_wt_1_Y_259_P_rep1.pdb
-88.263,1.228,-1297.672,4.666,-713.84,3.876,449.839,-0.846,relaxed_wt_1_Y_241_M_rep3.pdb
-89.286,0.206,-1301.486,0.852,-716.984,0.733,450.453,-0.232,relaxed_wt_1_Y_259_F_rep3.pdb
-89.32,0.172,-1301.253,1.085,-716.672,1.045,451.187,0.502,relaxed_wt_1_Y_210_M_rep4.pdb
-88.766,0.726,-1303.991,-1.653,-720.111,-2.394,451.726,1.041,relaxed_wt_1_Y_298_I_rep3.pdb
-88.048,1.443,-1300.618,1.72,-717.304,0.412,451.264,0.579,relaxed_wt_1_Y_210_H_rep3.pdb
-86.881,2.61,-1300.497,1.84,-718.51,-0.793,451.399,0.714,relaxed_wt_1_Y_268_V_rep2.pdb
-87.985,1.506,-1300.276,2.062,-717.46,0.257,452.587,1.902,relaxed_wt_1_Y_162_R_rep3.pdb
-90.073,-0.581,-1296.853,5.484,-710.716,7.001,450.133,-0.552,relaxed_wt_1_Y_186_F_rep5.pdb
-88.859,0.633,-1303.616,-1.278,-719.641,-1.925,448.731,-1.954,relaxed_wt_1_Y_208_W_rep3.pdb
-87.798,1.693,-1295.222,7.116,-712.232,5.485,449.674,-1.011,relaxed_wt_1_Y_241_L_rep2.pdb
-89.405,0.086,-1301.247,1.091,-716.178,1.539,450.657,-0.028,relaxed_wt_1_Y_259_Q_rep5.pdb
-89.093,0.399,-1305.724,-3.386,-721.251,-3.534,451.378,0.693,relaxed_wt_1_Y_208_I_rep3.pdb
-93.965,-4.474,-1300.843,1.495,-711.024,6.693,450.363,-0.322,relaxed_wt_1_Y_184_M_rep1.pdb
-89.858,-0.366,-1304.64,-2.302,-719.562,-1.845,449.689,-0.996,relaxed_wt_1_Y_271_L_rep5.pdb
-87.982,1.51,-1298.437,3.901,-715.109,2.608,450.65,-0.035,relaxed_wt_1_Y_297_T_rep5.pdb
-83.012,6.479,-1295.887,6.451,-716.663,1.054,449.13,-1.555,relaxed_wt_1_Y_138_T_rep4.pdb
-89.126,0.366,-1303.856,-1.518,-719.655,-1.938,449.442,-1.243,relaxed_wt_1_Y_268_Q_rep4.pdb
-89.831,-0.34,-1302.71,-0.372,-717.568,0.149,450.782,0.097,relaxed_wt_1_Y_272_I_rep3.pdb
-88.763,0.728,-1298.135,4.203,-713.799,3.918,449.805,-0.88,relaxed_wt_1_Y_264_E_rep3.pdb
-88.74,0.752,-1298.057,4.281,-713.904,3.812,451.274,0.588,relaxed_wt_1_Y_185_M_rep5.pdb
-89.149,0.343,-1297.933,4.405,-713.606,4.111,451.271,0.586,relaxed_wt_1_Y_135_N_rep5.pdb
-89.449,0.042,-1302.411,-0.073,-717.766,-0.049,450.661,-0.024,relaxed_wt_1_Y_187_S_rep1.pdb
-90.219,-0.727,-1299.792,2.546,-714.101,3.616,449.689,-0.996,relaxed_wt_1_Y_139_D_rep4.pdb
-88.346,1.145,-1301.96,0.378,-717.971,-0.254,448.89,-1.795,relaxed_wt_1_Y_164_S_rep3.pdb
-86.315,3.177,-1299.23,3.108,-717.474,0.243,450.719,0.034,relaxed_wt_1_Y_185_T_rep2.pdb
-89.311,0.181,-1301.374,0.964,-716.863,0.854,451.194,0.509,relaxed_wt_1_Y_271_H_rep3.pdb
-89.698,-0.206,-1301.051,1.287,-715.805,1.912,451.026,0.341,relaxed_wt_1_Y_184_N_rep2.pdb
-86.753,2.738,-1296.177,6.161,-714.06,3.657,450.655,-0.03,relaxed_wt_1_Y_163_C_rep5.pdb
-84.449,5.043,-1295.321,7.017,-715.02,2.697,454.013,3.327,relaxed_wt_1_Y_132_Y_rep4.pdb
-88.328,1.163,-1301.057,1.281,-717.48,0.237,450.693,0.008,relaxed_wt_1_Y_296_L_rep4.pdb
-87.445,2.046,-1296.829,5.509,-713.43,4.287,451.07,0.385,relaxed_wt_1_Y_242_M_rep4.pdb
-89.374,0.117,-1301.616,0.722,-717.084,0.633,449.634,-1.051,relaxed_wt_1_Y_210_A_rep2.pdb
-89.461,0.03,-1301.917,0.421,-717.298,0.419,449.401,-1.284,relaxed_wt_1_Y_260_P_rep5.pdb
-89.408,0.083,-1302.757,-0.42,-718.179,-0.462,449.391,-1.294,relaxed_wt_1_Y_187_A_rep4.pdb
-84.894,4.597,-1298.294,4.044,-716.541,1.176,449.921,-0.764,relaxed_wt_1_Y_262_E_rep3.pdb
-88.829,0.663,-1300.912,1.426,-717.24,0.476,451.319,0.634,relaxed_wt_1_Y_140_D_rep1.pdb
-84.396,5.096,-1303.188,-0.85,-721.981,-4.264,451.273,0.588,relaxed_wt_1_Y_297_F_rep1.pdb
-90.443,-0.951,-1304.189,-1.851,-718.227,-0.511,450.712,0.027,relaxed_wt_1_Y_139_I_rep5.pdb
-86.845,2.647,-1299.186,3.152,-716.857,0.86,450.958,0.273,relaxed_wt_1_Y_138_M_rep2.pdb
-81.592,7.899,-1293.393,8.945,-715.413,2.304,449.249,-1.436,relaxed_wt_1_Y_242_H_rep2.pdb
-89.783,-0.291,-1297.663,4.675,-712.722,4.995,449.409,-1.276,relaxed_wt_1_Y_265_A_rep4.pdb
-88.506,0.985,-1306.953,-4.615,-723.425,-5.709,450.994,0.309,relaxed_wt_1_Y_298_Y_rep5.pdb
-88.245,1.246,-1300.322,2.016,-716.873,0.844,450.382,-0.303,relaxed_wt_1_Y_270_F_rep4.pdb
-89.019,0.472,-1300.915,1.423,-716.607,1.109,450.649,-0.036,relaxed_wt_1_Y_298_A_rep5.pdb
-88.685,0.806,-1299.512,2.826,-715.782,1.935,451.262,0.577,relaxed_wt_1_Y_296_R_rep4.pdb
-90.562,-1.07,-1304.538,-2.2,-718.4,-0.683,449.78,-0.905,relaxed_wt_1_Y_139_V_rep1.pdb
-80.743,8.749,-1288.439,13.898,-711.69,6.026,453.873,3.188,relaxed_wt_1_Y_132_W_rep4.pdb
-88.39,1.102,-1297.389,4.949,-713.407,4.309,451.505,0.82,relaxed_wt_1_Y_185_M_rep3.pdb
-86.542,2.95,-1296.625,5.713,-714.9,2.817,450.282,-0.403,relaxed_wt_1_Y_209_G_rep2.pdb
-89.353,0.139,-1299.706,2.632,-715.122,2.594,449.69,-0.995,relaxed_wt_1_Y_260_I_rep5.pdb
-81.625,7.866,-1296.344,5.993,-719.459,-1.742,451.438,0.753,relaxed_wt_1_Y_262_P_rep5.pdb
-89.055,0.436,-1298.833,3.505,-714.318,3.399,450.059,-0.626,relaxed_wt_1_Y_135_F_rep1.pdb
-89.818,-0.327,-1299.01,3.327,-713.929,3.788,448.945,-1.74,relaxed_wt_1_Y_265_D_rep3.pdb
-84.423,5.068,-1294.751,7.587,-714.429,3.288,452.938,2.253,relaxed_wt_1_Y_132_Y_rep1.pdb
-88.888,0.604,-1298.325,4.013,-713.495,4.222,450.683,-0.002,relaxed_wt_1_Y_184_F_rep5.pdb
-87.704,1.787,-1301.324,1.014,-717.927,-0.21,449.911,-0.774,relaxed_wt_1_Y_263_S_rep3.pdb
-82.636,6.856,-1294.621,7.717,-712.436,5.281,451.158,0.473,relaxed_wt_1_Y_262_K_rep2.pdb
-89.589,-0.097,-1299.596,2.741,-714.661,3.056,450.115,-0.57,relaxed_wt_1_Y_139_R_rep2.pdb
-87.347,2.144,-1291.811,10.527,-708.976,8.741,451.046,0.361,relaxed_wt_1_Y_243_K_rep5.pdb
-87.638,1.854,-1302.061,0.277,-719.017,-1.3,450.737,0.052,relaxed_wt_1_Y_264_T_rep5.pdb
-89.226,0.266,-1295.409,6.929,-710.993,6.723,449.417,-1.268,relaxed_wt_1_Y_260_K_rep4.pdb
-88.545,0.947,-1301.17,1.167,-717.907,-0.19,451.667,0.982,relaxed_wt_1_Y_140_T_rep5.pdb
-83.093,6.399,-1294.399,7.939,-715.859,1.858,449.885,-0.8,relaxed_wt_1_Y_138_A_rep2.pdb
-89.036,0.456,-1303.774,-1.436,-719.173,-1.456,451.211,0.525,relaxed_wt_1_Y_259_P_rep4.pdb
-86.676,2.815,-1298.13,4.208,-716.22,1.497,450.719,0.034,relaxed_wt_1_Y_209_M_rep3.pdb
-88.973,0.519,-1300.969,1.369,-716.471,1.245,452.083,1.398,relaxed_wt_1_Y_184_S_rep4.pdb
-88.14,1.352,-1302.866,-0.529,-719.478,-1.761,451.528,0.843,relaxed_wt_1_Y_297_A_rep5.pdb
-89.468,0.023,-1298.462,3.876,-713.88,3.837,450.438,-0.247,relaxed_wt_1_Y_137_F_rep5.pdb
-89.324,0.167,-1302.746,-0.408,-718.215,-0.498,450.705,0.02,relaxed_wt_1_Y_187_A_rep5.pdb
-89.462,0.03,-1301.128,1.21,-716.438,1.279,450.673,-0.012,relaxed_wt_1_Y_134_Q_rep4.pdb
-89.908,-0.417,-1300.694,1.644,-715.289,2.428,449.773,-0.912,relaxed_wt_1_Y_184_A_rep5.pdb
-87.523,1.969,-1301.802,0.536,-719.343,-1.626,450.391,-0.294,relaxed_wt_1_Y_140_N_rep1.pdb
-88.61,0.881,-1296.735,5.603,-712.605,5.112,449.657,-1.028,relaxed_wt_1_Y_162_W_rep2.pdb
-87.861,1.631,-1297.684,4.654,-714.421,3.296,450.855,0.17,relaxed_wt_1_Y_272_A_rep3.pdb
-86.982,2.51,-1296.347,5.991,-713.971,3.746,451.675,0.99,relaxed_wt_1_Y_163_G_rep2.pdb
-89.553,-0.061,-1300.234,2.104,-715.465,2.252,450.149,-0.537,relaxed_wt_1_Y_259_C_rep2.pdb
-88.257,1.234,-1304.939,-2.602,-721.564,-3.847,452.084,1.399,relaxed_wt_1_Y_298_L_rep1.pdb
-89.354,0.138,-1301.354,0.984,-716.816,0.9,450.695,0.01,relaxed_wt_1_Y_266_L_rep3.pdb
-87.995,1.496,-1299.612,2.726,-716.323,1.394,450.677,-0.008,relaxed_wt_1_Y_264_S_rep5.pdb
-87.615,1.877,-1303.622,-1.284,-720.993,-3.277,451.256,0.571,relaxed_wt_1_Y_270_V_rep2.pdb
-85.756,3.736,-1297.318,5.02,-717.391,0.326,455.236,4.551,relaxed_wt_1_Y_209_F_rep1.pdb
-88.189,1.303,-1301.327,1.011,-718.519,-0.802,449.641,-1.044,relaxed_wt_1_Y_184_N_rep3.pdb
-88.096,1.395,-1296.717,5.621,-713.036,4.681,450.995,0.31,relaxed_wt_1_Y_185_V_rep3.pdb
-87.342,2.15,-1299.918,2.42,-717.203,0.514,450.672,-0.013,relaxed_wt_1_Y_164_E_rep4.pdb
-89.226,0.266,-1300.228,2.11,-715.798,1.918,449.385,-1.3,relaxed_wt_1_Y_296_M_rep1.pdb
-87.86,1.632,-1302.078,0.26,-718.96,-1.243,449.596,-1.089,relaxed_wt_1_Y_297_A_rep4.pdb
-89.048,0.444,-1300.126,2.212,-715.331,2.385,448.977,-1.708,relaxed_wt_1_Y_162_H_rep1.pdb
-85.934,3.557,-1297.594,4.744,-714.707,3.01,450.972,0.287,relaxed_wt_1_Y_136_W_rep2.pdb
-88.945,0.547,-1300.12,2.217,-715.989,1.728,451.591,0.906,relaxed_wt_1_Y_132_L_rep4.pdb
-91.102,-1.61,-1302.837,-0.499,-716.331,1.386,449.682,-1.003,relaxed_wt_1_Y_187_Q_rep4.pdb
-91.0,-1.508,-1300.58,1.758,-714.415,3.302,451.194,0.509,relaxed_wt_1_Y_187_M_rep2.pdb
-88.391,1.101,-1307.497,-5.159,-723.876,-6.159,450.74,0.054,relaxed_wt_1_Y_271_E_rep3.pdb
-84.66,4.832,-1299.564,2.774,-719.629,-1.912,450.919,0.234,relaxed_wt_1_Y_268_D_rep1.pdb
-89.319,0.172,-1304.957,-2.62,-720.273,-2.556,450.346,-0.339,relaxed_wt_1_Y_208_T_rep4.pdb
-89.166,0.326,-1300.163,2.175,-715.749,1.968,449.255,-1.43,relaxed_wt_1_Y_296_M_rep3.pdb
-89.661,-0.17,-1296.903,5.435,-711.999,5.718,451.554,0.869,relaxed_wt_1_Y_265_H_rep1.pdb
-89.721,-0.23,-1304.142,-1.804,-719.161,-1.445,451.015,0.33,relaxed_wt_1_Y_208_S_rep3.pdb
-88.441,1.051,-1298.001,4.337,-714.066,3.651,451.313,0.628,relaxed_wt_1_Y_297_M_rep4.pdb
-89.314,0.178,-1302.341,-0.003,-717.811,-0.094,450.646,-0.039,relaxed_wt_1_Y_132_A_rep4.pdb
-87.41,2.082,-1300.087,2.251,-717.529,0.188,450.791,0.106,relaxed_wt_1_Y_242_N_rep5.pdb
-82.837,6.654,-1293.255,9.083,-714.979,2.738,450.692,0.007,relaxed_wt_1_Y_138_P_rep3.pdb
-89.304,0.187,-1300.138,2.2,-715.653,2.064,450.797,0.112,relaxed_wt_1_Y_135_Q_rep4.pdb
-89.092,0.4,-1301.597,0.741,-717.342,0.375,449.335,-1.35,relaxed_wt_1_Y_259_D_rep3.pdb
-89.269,0.223,-1302.266,0.072,-717.317,0.399,450.21,-0.475,relaxed_wt_1_Y_243_V_rep4.pdb
-89.312,0.18,-1302.335,0.003,-717.793,-0.077,450.632,-0.053,relaxed_wt_1_Y_296_S_rep1.pdb
-88.432,1.06,-1298.421,3.917,-714.709,3.008,450.112,-0.573,relaxed_wt_1_Y_260_H_rep4.pdb
-89.074,0.418,-1298.379,3.959,-714.152,3.565,449.709,-0.976,relaxed_wt_1_Y_265_M_rep1.pdb
-86.092,3.4,-1299.054,3.284,-718.23,-0.513,450.862,0.177,relaxed_wt_1_Y_297_K_rep1.pdb
-88.946,0.546,-1302.749,-0.412,-718.749,-1.033,450.355,-0.33,relaxed_wt_1_Y_266_T_rep1.pdb
-88.35,1.141,-1295.927,6.411,-712.201,5.516,450.974,0.288,relaxed_wt_1_Y_272_N_rep5.pdb
-87.315,2.177,-1296.716,5.622,-713.975,3.741,450.917,0.232,relaxed_wt_1_Y_262_G_rep1.pdb
-89.45,0.042,-1302.6,-0.262,-717.909,-0.192,450.548,-0.137,relaxed_wt_1_Y_208_L_rep1.pdb
-89.133,0.358,-1302.202,0.136,-717.765,-0.049,450.04,-0.645,relaxed_wt_1_Y_266_S_rep2.pdb
-87.7,1.791,-1300.343,1.995,-716.803,0.913,450.678,-0.007,relaxed_wt_1_Y_268_Y_rep1.pdb
-85.842,3.65,-1296.995,5.343,-714.823,2.894,450.998,0.312,relaxed_wt_1_Y_132_R_rep4.pdb
-94.095,-4.603,-1298.315,4.023,-707.96,9.757,452.025,1.34,relaxed_wt_1_Y_186_W_rep4.pdb
-88.485,1.006,-1308.285,-5.947,-724.569,-6.852,450.714,0.029,relaxed_wt_1_Y_271_R_rep1.pdb
-89.314,0.178,-1297.803,4.535,-713.238,4.479,451.654,0.969,relaxed_wt_1_Y_206_T_rep1.pdb
-89.23,0.261,-1301.703,0.635,-716.848,0.869,450.269,-0.416,relaxed_wt_1_Y_259_S_rep5.pdb
-88.805,0.686,-1302.338,-0.0,-718.18,-0.463,450.585,-0.1,relaxed_wt_1_Y_162_T_rep3.pdb
-88.374,1.118,-1298.857,3.481,-715.747,1.97,451.651,0.966,relaxed_wt_1_Y_134_N_rep4.pdb
-89.679,-0.187,-1296.046,6.292,-710.482,7.234,451.009,0.324,relaxed_wt_1_Y_206_G_rep1.pdb
-87.805,1.686,-1296.761,5.577,-713.582,4.134,450.366,-0.319,relaxed_wt_1_Y_261_P_rep4.pdb
-89.379,0.113,-1304.231,-1.893,-719.572,-1.855,449.248,-1.437,relaxed_wt_1_Y_187_T_rep3.pdb
-81.382,8.11,-1297.064,5.274,-716.548,1.168,450.382,-0.303,relaxed_wt_1_Y_262_Q_rep1.pdb
-87.423,2.068,-1300.161,2.177,-717.131,0.586,452.328,1.643,relaxed_wt_1_Y_243_N_rep4.pdb
-89.227,0.265,-1297.255,5.083,-712.211,5.506,449.306,-1.379,relaxed_wt_1_Y_136_M_rep4.pdb
-86.825,2.667,-1299.3,3.038,-717.15,0.567,450.396,-0.289,relaxed_wt_1_Y_163_A_rep4.pdb
-88.439,1.053,-1300.111,2.227,-716.404,1.313,451.829,1.144,relaxed_wt_1_Y_267_I_rep4.pdb
-88.042,1.449,-1295.116,7.222,-711.883,5.833,450.386,-0.299,relaxed_wt_1_Y_270_G_rep3.pdb
-84.226,5.265,-1296.04,6.298,-715.348,2.368,450.945,0.26,relaxed_wt_1_Y_207_R_rep4.pdb
-85.86,3.632,-1297.096,5.242,-714.262,3.455,450.667,-0.018,relaxed_wt_1_Y_136_W_rep3.pdb
